type,airport,runway,timestamp,timestamp_iso,lat,lon,track_deg,icao,registration,aircraft_type,description,db_flags
takeoff,LGA,13,1790899234.3,2026-10-02T00:00:34Z,40.779831,-73.873352,123.8,ad2ea4,N949AN,B738,BOEING 737-800,0
takeoff,JFK,31L,1790899275.63,2026-10-02T00:01:15Z,40.649483,-73.815582,272.8,a4c98f,N4074J,A21N,AIRBUS A-321neo,0
landing,LGA,22,1790899315.32,2026-10-02T00:01:55Z,40.776123,-73.878387,210.9,abd41a,N861RW,E170,EMBRAER ERJ-170-100,0
landing,LGA,22,1790899377.31,2026-10-02T00:02:57Z,40.775838,-73.87864,208.1,a93d7c,N695CA,CRJ9,BOMBARDIER Regional Jet CRJ-900,0
takeoff,LGA,13,1790899386.67,2026-10-02T00:03:06Z,40.779739,-73.873169,123.8,acf492,N934AN,B738,BOEING 737-800,0
landing,JFK,22L,1790899410.28,2026-10-02T00:03:30Z,40.635658,-73.762379,210.9,a4ce71,N409DX,A339,AIRBUS A-330-900,0
landing,JFK,13L,1790899464.84,2026-10-02T00:04:24Z,40.651567,-73.776564,120.9,a3871e,N3261J,BCS3,,0
takeoff,LGA,13,1790899497.02,2026-10-02T00:04:57Z,40.781657,-73.877173,123.8,a23844,N242JQ,E75L,EMBRAER ERJ-170-200 (long wing),0
landing,LGA,22,1790899506.92,2026-10-02T00:05:06Z,40.772633,-73.881287,210.9,abdc91,N86311,E75L,EMBRAER ERJ-170-200 (long wing),0
landing,JFK,22L,1790899543.87,2026-10-02T00:05:43Z,40.635379,-73.762582,210.9,89901b,B-18001,B77W,BOEING 777-300ER,0
landing,LGA,22,1790899559.44,2026-10-02T00:05:59Z,40.77467,-73.879608,210.9,ab774b,N838NN,B738,BOEING 737-800,0
takeoff,LGA,13,1790899585.97,2026-10-02T00:06:25Z,40.781559,-73.876968,123.8,a0144e,N104HQ,E75L,EMBRAER ERJ-170-200 (long wing),0
takeoff,JFK,31L,1790899590.49,2026-10-02T00:06:30Z,40.647308,-73.810522,300.9,a4d483,N410DZ,A339,AIRBUS A-330-900,0
takeoff,JFK,31L,1790899630.72,2026-10-02T00:07:10Z,40.649506,-73.81546,286.9,a788d3,N585DN,A21N,,0
landing,JFK,13L,1790899663.33,2026-10-02T00:07:43Z,40.650939,-73.775175,120.9,a198ed,N2016J,A21N,AIRBUS A-321neo,0
landing,LGA,22,1790899703.81,2026-10-02T00:08:23Z,40.775978,-73.8785,210.9,abdeec,N864NN,B738,BOEING 737-800,0
takeoff,LGA,13,1790899709.77,2026-10-02T00:08:29Z,40.781401,-73.876643,120.9,a1acdb,N207JQ,E75L,EMBRAER ERJ-170-200 (long wing),0
landing,JFK,22L,1790899716.94,2026-10-02T00:08:36Z,40.640907,-73.758212,210.9,a5f8e4,N484QS,E55P,,0
takeoff,LGA,13,1790899783.07,2026-10-02T00:09:43Z,40.781716,-73.877298,123.8,a24369,N245JQ,E75L,EMBRAER ERJ-170-200 (long wing),0
takeoff,JFK,31L,1790899787.37,2026-10-02T00:09:47Z,40.648876,-73.816132,285.6,e8040e,CC-BBA,B788,BOEING 787-8 Dreamliner,0
landing,JFK,13L,1790899809.56,2026-10-02T00:10:09Z,40.649321,-73.771633,120.9,71ba04,HL7204,B77W,BOEING 777-300ER,0
landing,LGA,22,1790899851.64,2026-10-02T00:10:51Z,40.772003,-73.88179,210.9,a52911,N431YX,E75L,EMBRAER ERJ-170-200 (long wing),0
takeoff,LGA,13,1790899876.07,2026-10-02T00:11:16Z,40.779493,-73.872679,123.8,a3b02e,N337DU,BCS3,AIRBUS A220-300,0
landing,JFK,22L,1790899910.41,2026-10-02T00:11:50Z,40.635472,-73.762519,210.9,3965b0,F-GZNQ,B77W,BOEING 777-300ER,0
takeoff,JFK,31L,1790899948.47,2026-10-02T00:12:28Z,40.649472,-73.815282,300.9,acd4d7,N926DZ,B739,BOEING 737-900,0
takeoff,JFK,31L,1790899959.89,2026-10-02T00:12:39Z,40.646702,-73.809174,300.9,710110,HZ-AK38,B77W,BOEING 777-300ER,0
landing,JFK,13L,1790900009.59,2026-10-02T00:13:29Z,40.649826,-73.772705,118.1,a0d6a8,N153PQ,CRJ9,BOMBARDIER Regional Jet CRJ-900,0
takeoff,LGA,13,1790900018.41,2026-10-02T00:13:38Z,40.781673,-73.877197,123.8,abdf3f,N864RW,E170,EMBRAER ERJ-170-100,0
takeoff,JFK,31L,1790900030.33,2026-10-02T00:13:50Z,40.649519,-73.815531,284.1,ace063,N929JB,A321,AIRBUS A-321,0
takeoff,LGA,13,1790900107.16,2026-10-02T00:15:07Z,40.779632,-73.872929,120.9,a2000d,N228PQ,CRJ9,BOMBARDIER Regional Jet CRJ-900,0
landing,JFK,22L,1790900123.07,2026-10-02T00:15:23Z,40.635956,-73.762131,210.9,495278,CS-TSX,B772,BOEING 777-200,0
landing,JFK,13L,1790900123.4,2026-10-02T00:15:23Z,40.650205,-73.773568,120.9,a32803,N302NY,A21N,AIRBUS A-321neo,0
takeoff,JFK,31L,1790900174.38,2026-10-02T00:16:14Z,40.64953,-73.815406,300.9,a4491f,N3753,B738,BOEING 737-800,0
takeoff,LGA,13,1790900185.21,2026-10-02T00:16:25Z,40.780144,-73.874021,120.9,a06a54,N126DN,A321,AIRBUS A-321,0
takeoff,LGA,04,1790900187.39,2026-10-02T00:16:27Z,40.781822,-73.878647,2.8,a24720,N246JQ,E75L,EMBRAER ERJ-170-200 (long wing),0
landing,JFK,13L,1790900244.94,2026-10-02T00:17:24Z,40.649647,-73.772288,120.9,a75da2,N574DT,A21N,AIRBUS A-321neo,0
landing,LGA,22,1790900260.16,2026-10-02T00:17:40Z,40.777348,-73.877396,210.9,a320a6,N300PQ,CRJ9,BOMBARDIER Regional Jet CRJ-900,0
takeoff,JFK,31L,1790900317.62,2026-10-02T00:18:37Z,40.649496,-73.815594,264.4,ab6020,N832DN,B739,BOEING 737-900,0
landing,JFK,13L,1790900379.29,2026-10-02T00:19:39Z,40.651718,-73.776876,120.9,adcd6d,N989JT,A321,AIRBUS A-321,0
landing,LGA,22,1790900384.38,2026-10-02T00:19:44Z,40.775997,-73.878494,205.3,a92ea0,N691CA,CRJ9,BOMBARDIER Regional Jet CRJ-900,0
takeoff,LGA,13,1790900402.19,2026-10-02T00:20:02Z,40.779705,-73.873108,123.8,c080db,C-GWUS,BCS3,AIRBUS A220-300,0
takeoff,LGA,13,1790900491.83,2026-10-02T00:21:31Z,40.781692,-73.877236,123.8,a01805,N105HQ,E75L,EMBRAER ERJ-170-200 (long wing),0
landing,LGA,22,1790900492.65,2026-10-02T00:21:32Z,40.77507,-73.879272,208.1,a23bfb,N243JQ,E75L,EMBRAER ERJ-170-200 (long wing),0
landing,JFK,13L,1790900516.45,2026-10-02T00:21:56Z,40.649734,-73.772522,120.9,a51d6f,N429DX,A339,,0
takeoff,JFK,31L,1790900557.17,2026-10-02T00:22:37Z,40.649507,-73.815344,300.9,a2270f,N238JQ,E75L,EMBRAER ERJ-170-200 (long wing),0
takeoff,JFK,13R,1790900560.53,2026-10-02T00:22:40Z,40.64569,-73.810787,120.9,a988f0,N713TW,B752,BOEING 757-200,0
takeoff,LGA,13,1790900563.87,2026-10-02T00:22:43Z,40.781685,-73.877228,123.8,a52cc8,N432YX,E75L,EMBRAER ERJ-170-200 (long wing),0
landing,LGA,22,1790900627.57,2026-10-02T00:23:47Z,40.774899,-73.879395,210.9,a1c57e,N213JQ,E75L,EMBRAER ERJ-170-200 (long wing),0
takeoff,JFK,13R,1790900637.43,2026-10-02T00:23:57Z,40.645237,-73.809814,120.9,a03235,N111ZM,A321,AIRBUS A-321,0
takeoff,LGA,13,1790900638.47,2026-10-02T00:23:58Z,40.779795,-73.873288,119.7,acad53,N916DU,B739,BOEING 737-900,0
landing,LGA,22,1790900700.44,2026-10-02T00:25:00Z,40.77634,-73.878189,213.8,abb271,N8529Z,B738,BOEING 737-800,0
landing,JFK,13L,1790900701.81,2026-10-02T00:25:01Z,40.648785,-73.770432,123.8,a38633,N326SJ,B38M,BOEING 737 MAX 8,0
takeoff,LGA,13,1790900722.22,2026-10-02T00:25:22Z,40.779481,-73.872617,120.9,a7de93,N606LR,CRJ9,BOMBARDIER Regional Jet CRJ-900,0
takeoff,JFK,13R,1790900773.61,2026-10-02T00:26:13Z,40.647063,-73.813846,120.9,a7650b,N576DN,A21N,AIRBUS A-321neo,0
landing,JFK,13L,1790900785.86,2026-10-02T00:26:25Z,40.650948,-73.775253,120.9,ad6f93,N965JT,A321,AIRBUS A-321,0
landing,LGA,22,1790900815.06,2026-10-02T00:26:55Z,40.774896,-73.879405,210.9,a4b294,N401YX,E75L,EMBRAER ERJ-170-200 (long wing),0
takeoff,LGA,13,1790900829.19,2026-10-02T00:27:09Z,40.779751,-73.873184,120.9,a1094c,N166PQ,CRJ9,BOMBARDIER Regional Jet CRJ-900,0
landing,JFK,13L,1790900875.41,2026-10-02T00:27:55Z,40.651497,-73.776393,120.9,a7f2d2,N611DT,A21N,AIRBUS A-321neo,0
takeoff,JFK,31L,1790900882.29,2026-10-02T00:28:02Z,40.648624,-73.81633,298.1,40641d,G-VLUV,A333,AIRBUS A-330-300,0
landing,LGA,22,1790900892.89,2026-10-02T00:28:12Z,40.775311,-73.879074,210.9,abadf9,N8514F,B738,BOEING 737-800,0
takeoff,LGA,13,1790900897.2,2026-10-02T00:28:17Z,40.781639,-73.877136,123.8,ada699,N979RP,E170,EMBRAER ERJ-170-100,0
takeoff,JFK,31L,1790900989.11,2026-10-02T00:29:49Z,40.648338,-73.816467,289.7,abbee3,N856NW,A332,AIRBUS A-330-200,0
landing,LGA,22,1790900991.57,2026-10-02T00:29:51Z,40.775036,-73.879257,210.9,a517dc,N427YX,E75L,EMBRAER ERJ-170-200 (long wing),0
landing,JFK,13L,1790900998.64,2026-10-02T00:29:58Z,40.649612,-73.772241,123.8,a5e02d,N478PX,CRJ9,BOMBARDIER Regional Jet CRJ-900,0
takeoff,LGA,13,1790901004.47,2026-10-02T00:30:04Z,40.779465,-73.872589,118.1,a3534a,N313PQ,CRJ9,BOMBARDIER Regional Jet CRJ-900,0
takeoff,JFK,31L,1790901038.81,2026-10-02T00:30:38Z,40.648796,-73.816193,271.5,740821,JY-BAA,B788,BOEING 787-8 Dreamliner,0
takeoff,JFK,31L,1790901058.03,2026-10-02T00:30:58Z,40.649554,-73.8155,292.5,a5e2a1,N479AZ,B763,BOEING 767-300,0
takeoff,LGA,13,1790901087.75,2026-10-02T00:31:27Z,40.781708,-73.877274,123.8,a01f73,N107HQ,E75L,EMBRAER ERJ-170-200 (long wing),0
landing,LGA,22,1790901098.1,2026-10-02T00:31:38Z,40.775245,-73.87914,210.9,c02e9b,C-FRQW,E75S,EMBRAER ERJ-170-200 (short wing),0
landing,JFK,22L,1790901132.12,2026-10-02T00:32:12Z,40.633412,-73.764158,210.9,a999d2,N718AN,B77W,BOEING 777-300ER,0
landing,LGA,22,1790901160.68,2026-10-02T00:32:40Z,40.776695,-73.87793,210.9,a422f7,N366DX,A321,AIRBUS A-321,0
takeoff,LGA,13,1790901161.78,2026-10-02T00:32:41Z,40.78196,-73.877782,123.8,a8996b,N653RW,E170,EMBRAER ERJ-170-100,0
landing,JFK,13L,1790901226.76,2026-10-02T00:33:46Z,40.650613,-73.774457,120.9,a66ce0,N513DA,A21N,AIRBUS A-321neo,0
takeoff,JFK,31L,1790901242.49,2026-10-02T00:34:02Z,40.646587,-73.808945,300.9,ab44a7,N825NN,B738,BOEING 737-800,0
landing,LGA,22,1790901268.81,2026-10-02T00:34:28Z,40.776606,-73.878,210.9,a14c70,N183GJ,CRJ9,BOMBARDIER Regional Jet CRJ-900,0
takeoff,LGA,13,1790901276.3,2026-10-02T00:34:36Z,40.781634,-73.877142,123.8,a05827,N121HQ,E75L,EMBRAER ERJ-170-200 (long wing),0
takeoff,JFK,31L,1790901335.49,2026-10-02T00:35:35Z,40.648579,-73.81636,300.9,406591,G-STBE,B77W,BOEING 777-300ER,0
landing,JFK,13L,1790901336.37,2026-10-02T00:35:36Z,40.649654,-73.772354,120.9,a369ee,N319TE,B38M,BOEING 737 MAX 8,0
landing,LGA,22,1790901356.78,2026-10-02T00:35:56Z,40.778011,-73.876846,210.9,acd68a,N926XJ,CRJ9,BOMBARDIER Regional Jet CRJ-900,0
takeoff,LGA,13,1790901388.67,2026-10-02T00:36:28Z,40.779705,-73.873123,118.1,a08317,N132EV,CRJ9,BOMBARDIER Regional Jet CRJ-900,0
landing,JFK,22L,1790901455.7,2026-10-02T00:37:35Z,40.635498,-73.762482,210.9,4079cc,G-VLIB,A35K,AIRBUS A-350-1000,0
landing,LGA,22,1790901457.11,2026-10-02T00:37:37Z,40.778561,-73.876358,210.9,a2685b,N254WN,B737,BOEING 737-700,0
takeoff,JFK,31L,1790901488.3,2026-10-02T00:38:08Z,40.646563,-73.808868,300.9,4ba954,TC-JJT,B77W,BOEING 777-300ER,0
takeoff,JFK,31L,1790901493.14,2026-10-02T00:38:13Z,40.649506,-73.815643,261.6,acb679,N918XJ,CRJ9,BOMBARDIER Regional Jet CRJ-900,0
landing,JFK,13L,1790901497.07,2026-10-02T00:38:17Z,40.649643,-73.772308,123.8,a4ee2e,N417AN,A21N,AIRBUS A-321neo,0
landing,LGA,22,1790901520.42,2026-10-02T00:38:40Z,40.774837,-73.879452,210.9,abd063,N860RW,E170,EMBRAER ERJ-170-100,0
takeoff,LGA,13,1790901525.22,2026-10-02T00:38:45Z,40.781479,-73.876785,123.8,a095f0,N137HQ,E75L,EMBRAER ERJ-170-200 (long wing),0
takeoff,JFK,31L,1790901595.48,2026-10-02T00:39:55Z,40.649484,-73.815438,288.4,ab4e94,N828AA,B789,BOEING 787-9 Dreamliner,0
landing,LGA,22,1790901614.55,2026-10-02T00:40:14Z,40.774034,-73.880123,213.8,abc2e5,N857RW,E170,EMBRAER ERJ-170-100,0
landing,JFK,13L,1790901614.73,2026-10-02T00:40:14Z,40.651683,-73.776783,120.9,a70f11,N554JB,A320,AIRBUS A-320,0
takeoff,LGA,13,1790901615.19,2026-10-02T00:40:15Z,40.780575,-73.874926,123.8,a41bb5,N364FR,A20N,AIRBUS A-320neo,0
takeoff,JFK,31L,1790901700.92,2026-10-02T00:41:40Z,40.649519,-73.8155,284.1,a6ee8e,N546DN,A21N,AIRBUS A-321neo,0
landing,LGA,22,1790901721.17,2026-10-02T00:42:01Z,40.776572,-73.878032,210.9,a35701,N314PQ,CRJ9,BOMBARDIER Regional Jet CRJ-900,0
landing,JFK,13L,1790901732.12,2026-10-02T00:42:12Z,40.649094,-73.771088,120.9,abb3b6,N853NN,B738,BOEING 737-800,0
landing,JFK,22L,1790901820.13,2026-10-02T00:43:40Z,40.637276,-73.761099,210.9,a437c0,N371CM,B763,BOEING 767-300,0
landing,LGA,22,1790901839.31,2026-10-02T00:43:59Z,40.775268,-73.879108,210.9,a8847f,N648RW,E170,EMBRAER ERJ-170-100,0
takeoff,JFK,31L,1790901841.14,2026-10-02T00:44:01Z,40.649507,-73.815406,295.3,a02c40,N110AN,A321,AIRBUS A-321,0
landing,JFK,13L,1790901857.05,2026-10-02T00:44:17Z,40.650869,-73.775004,120.9,a39243,N3291J,BCS3,AIRBUS A220-300,0
landing,LGA,22,1790901897.74,2026-10-02T00:44:57Z,40.774864,-73.879379,210.9,a00929,N101HQ,E75L,EMBRAER ERJ-170-200 (long wing),0
landing,LGA,22,1790901981.85,2026-10-02T00:46:21Z,40.776718,-73.877899,210.9,ac92b1,N909XJ,CRJ9,BOMBARDIER Regional Jet CRJ-900,0
takeoff,JFK,31L,1790902047.53,2026-10-02T00:47:27Z,40.649529,-73.815582,272.8,a24a0a,N247AK,B739,BOEING 737-900,0
landing,LGA,22,1790902081.9,2026-10-02T00:48:01Z,40.77578,-73.878677,210.9,a1a924,N206JQ,E75L,EMBRAER ERJ-170-200 (long wing),0
takeoff,JFK,31L,1790902082.94,2026-10-02T00:48:02Z,40.649483,-73.815277,300.9,a35854,N3142J,BCS3,AIRBUS A220-300,0
takeoff,LGA,13,1790902093.18,2026-10-02T00:48:13Z,40.779993,-73.873693,123.8,a495bf,N395DZ,A321,AIRBUS A-321,0
landing,JFK,13L,1790902116.36,2026-10-02T00:48:36Z,40.651846,-73.777173,120.9,a8ae7f,N659DL,B752,BOEING 757-200,0
landing,LGA,22,1790902132.17,2026-10-02T00:48:52Z,40.777584,-73.877173,210.9,aa7e7b,N77537,B738,BOEING 737-800,0
takeoff,LGA,13,1790902143.42,2026-10-02T00:49:03Z,40.781971,-73.877823,123.8,a4f414,N418YX,E75L,EMBRAER ERJ-170-200 (long wing),0
landing,LGA,22,1790902239.68,2026-10-02T00:50:39Z,40.778038,-73.876799,210.9,ac878c,N906XJ,CRJ9,BOMBARDIER Regional Jet CRJ-900,0
takeoff,LGA,13,1790902257.16,2026-10-02T00:50:57Z,40.780128,-73.874023,123.8,a9e6df,N737US,A319,AIRBUS A-319,0
takeoff,JFK,31L,1790902318.58,2026-10-02T00:51:58Z,40.649449,-73.815422,286.9,a4dfa6,N413DX,A339,AIRBUS A-330-900,0
landing,LGA,22,1790902343.16,2026-10-02T00:52:23Z,40.776723,-73.877922,210.9,a00034,N1C,GA5C,GULFSTREAM G500,8
takeoff,LGA,13,1790902344.86,2026-10-02T00:52:24Z,40.781611,-73.87708,123.8,ab1d06,N815MD,E170,EMBRAER ERJ-170-100,0
takeoff,JFK,31L,1790902392.59,2026-10-02T00:53:12Z,40.648624,-73.81633,288.4,e80493,CC-BMD,B789,BOEING 787-9 Dreamliner,0
takeoff,JFK,31L,1790902416.49,2026-10-02T00:53:36Z,40.649507,-73.815563,278.4,a69f88,N526DE,A21N,AIRBUS A-321neo,0
landing,JFK,13L,1790902436.61,2026-10-02T00:53:56Z,40.651543,-73.77652,120.9,ab0416,N809JB,A320,AIRBUS A-320,0
landing,LGA,22,1790902458.73,2026-10-02T00:54:18Z,40.775139,-73.879181,210.9,ab282b,N818MD,E170,EMBRAER ERJ-170-100,0
takeoff,LGA,13,1790902463.19,2026-10-02T00:54:23Z,40.780071,-73.87384,123.8,a3b124,N337PQ,CRJ9,BOMBARDIER Regional Jet CRJ-900,0
takeoff,JFK,31L,1790902475.49,2026-10-02T00:54:35Z,40.649494,-73.815308,300.9,a797b4,N589DT,A21N,AIRBUS A-321neo,0
takeoff,LGA,13,1790902536.17,2026-10-02T00:55:36Z,40.781479,-73.876831,120.9,c0617d,C-GKXW,E295,EMBRAER ERJ-190-400,0
landing,JFK,13L,1790902563.18,2026-10-02T00:56:03Z,40.651794,-73.776978,118.1,a8f235,N676CA,CRJ9,BOMBARDIER Regional Jet CRJ-900,0
landing,LGA,22,1790902591.82,2026-10-02T00:56:31Z,40.77521,-73.87914,210.9,a09239,N136HQ,E75L,EMBRAER ERJ-170-200 (long wing),0
takeoff,JFK,31L,1790902601.53,2026-10-02T00:56:41Z,40.649517,-73.815521,284.1,a33328,N305NY,A21N,AIRBUS A-321neo,0
takeoff,LGA,13,1790902617.79,2026-10-02T00:56:57Z,40.780342,-73.874427,123.8,a12732,N17336,B38M,BOEING 737 MAX 8,0
takeoff,JFK,31L,1790902666.6,2026-10-02T00:57:46Z,40.64953,-73.815516,286.9,ad9ac9,N976JT,A321,AIRBUS A-321,0
landing,JFK,13L,1790902717.74,2026-10-02T00:58:37Z,40.64953,-73.772054,120.9,aca79d,N914XJ,CRJ9,BOMBARDIER Regional Jet CRJ-900,0
takeoff,LGA,13,1790902749.55,2026-10-02T00:59:09Z,40.779888,-73.873475,120.9,a2c93f,N279PQ,CRJ9,BOMBARDIER Regional Jet CRJ-900,0
takeoff,LGA,13,1790902831.23,2026-10-02T01:00:31Z,40.78196,-73.877792,123.8,a2147c,N233JQ,E75L,EMBRAER ERJ-170-200 (long wing),0
landing,JFK,22L,1790902890.97,2026-10-02T01:01:30Z,40.63591,-73.762177,210.9,a36b2d,N3194J,BCS3,,0
takeoff,LGA,13,1790902942.39,2026-10-02T01:02:22Z,40.779808,-73.873291,115.3,a36994,N319PQ,CRJ9,BOMBARDIER Regional Jet CRJ-900,0
takeoff,JFK,13R,1790902960.52,2026-10-02T01:02:40Z,40.645786,-73.811005,120.9,4cc548,TF-ICD,B39M,BOEING 737 MAX 9,0
takeoff,JFK,31L,1790902968.79,2026-10-02T01:02:48Z,40.649472,-73.815266,299.6,02013e,CN-RGZ,B789,BOEING 787-9 Dreamliner,0
takeoff,LGA,13,1790903006.11,2026-10-02T01:03:26Z,40.781502,-73.876862,123.8,ac159a,N878RW,E170,EMBRAER ERJ-170-100,0
takeoff,JFK,13R,1790903023.51,2026-10-02T01:03:43Z,40.645752,-73.810944,120.9,ab5365,N829MH,B764,BOEING 767-400,0
landing,JFK,13L,1790903045.72,2026-10-02T01:04:05Z,40.650799,-73.774857,120.9,a01880,N105NN,A321,AIRBUS A-321,0
takeoff,JFK,31L,1790903074.5,2026-10-02T01:04:34Z,40.649554,-73.815656,284.1,408121,G-VPIE,A339,AIRBUS A-330-900,0
takeoff,LGA,13,1790903094.73,2026-10-02T01:04:54Z,40.779877,-73.873459,123.8,a46a7e,N384DN,A321,AIRBUS A-321,0
landing,LGA,22,1790903157.56,2026-10-02T01:05:57Z,40.777657,-73.877136,213.8,a086ce,N133EV,CRJ9,BOMBARDIER Regional Jet CRJ-900,0
takeoff,JFK,31L,1790903169.0,2026-10-02T01:06:09Z,40.649507,-73.8155,289.7,4b187f,HB-JHF,A333,AIRBUS A-330-300,0
takeoff,LGA,13,1790903176.74,2026-10-02T01:06:16Z,40.779785,-73.873245,123.8,ac74f9,N901XJ,CRJ9,BOMBARDIER Regional Jet CRJ-900,0
landing,JFK,13L,1790903212.76,2026-10-02T01:06:52Z,40.650558,-73.774338,120.9,ab678e,N834DN,B739,BOEING 737-900,0
takeoff,JFK,31L,1790903265.67,2026-10-02T01:07:45Z,40.649484,-73.815328,300.9,76cdc1,9V-SNA,B77W,BOEING 777-300ER,0
landing,LGA,22,1790903270.59,2026-10-02T01:07:50Z,40.77634,-73.878204,210.9,a44291,N3739P,B738,BOEING 737-800,0
takeoff,LGA,13,1790903280.89,2026-10-02T01:08:00Z,40.781471,-73.876783,123.8,abdc91,N86311,E75L,EMBRAER ERJ-170-200 (long wing),0
takeoff,JFK,31L,1790903334.59,2026-10-02T01:08:54Z,40.649517,-73.815399,295.3,4005be,G-VIIF,B772,BOEING 777-200,0
landing,JFK,13L,1790903398.25,2026-10-02T01:09:58Z,40.650915,-73.775113,120.9,ad8836,N971JT,A321,AIRBUS A-321,0
takeoff,JFK,31L,1790903420.2,2026-10-02T01:10:20Z,40.649437,-73.815216,300.9,a38e69,N3280J,BCS3,AIRBUS A220-300,0
landing,LGA,22,1790903425.58,2026-10-02T01:10:25Z,40.775675,-73.87875,210.9,a4e8ef,N415YX,E75L,EMBRAER ERJ-170-200 (long wing),0
takeoff,LGA,13,1790903444.42,2026-10-02T01:10:44Z,40.779795,-73.873256,118.1,a38237,N325PQ,CRJ9,BOMBARDIER Regional Jet CRJ-900,0
takeoff,JFK,31L,1790903483.03,2026-10-02T01:11:23Z,40.646473,-73.80864,300.9,a1ecfd,N223JQ,E75L,EMBRAER ERJ-170-200 (long wing),0
takeoff,JFK,13R,1790903504.58,2026-10-02T01:11:44Z,40.645713,-73.81085,120.9,a1863b,N198DN,B763,BOEING 767-300,0
takeoff,LGA,13,1790903538.71,2026-10-02T01:12:18Z,40.779545,-73.872726,123.8,a385ee,N326PQ,CRJ9,BOMBARDIER Regional Jet CRJ-900,0
landing,LGA,22,1790903616.35,2026-10-02T01:13:36Z,40.775675,-73.878765,210.9,a1d811,N218JQ,E75S,EMBRAER ERJ-170-200 (short wing),0
takeoff,LGA,13,1790903619.64,2026-10-02T01:13:39Z,40.781433,-73.876694,123.8,a1e1d8,N220JQ,E75L,EMBRAER ERJ-170-200 (long wing),0
landing,JFK,13L,1790903631.23,2026-10-02T01:13:51Z,40.651119,-73.775558,120.9,a1a0a1,N2038J,A21N,AIRBUS A-321neo,0
landing,JFK,22L,1790903661.65,2026-10-02T01:14:21Z,40.636798,-73.761474,210.9,781ec3,B-32D3,A359,AIRBUS A-350-900,0
landing,JFK,13L,1790903702.42,2026-10-02T01:15:02Z,40.649914,-73.772912,120.9,a0f4a2,N1604R,B763,BOEING 767-300,0
landing,LGA,22,1790903718.87,2026-10-02T01:15:18Z,40.777875,-73.876955,210.9,a3a8c0,N335DU,BCS3,AIRBUS A220-300,0
takeoff,JFK,31L,1790903738.29,2026-10-02T01:15:38Z,40.64764,-73.811218,300.9,a53f5b,N437YX,E75L,EMBRAER ERJ-170-200 (long wing),0
takeoff,LGA,13,1790903739.39,2026-10-02T01:15:39Z,40.780266,-73.874252,123.8,a3962d,N330DU,BCS3,,0
takeoff,JFK,13R,1790903760.19,2026-10-02T01:16:00Z,40.645073,-73.80943,120.9,4ca782,EI-EDY,A333,AIRBUS A-330-300,0
takeoff,JFK,31L,1790903798.45,2026-10-02T01:16:38Z,40.649507,-73.815641,267.2,a6b470,N531DA,A21N,AIRBUS A-321neo,0
landing,JFK,13L,1790903815.55,2026-10-02T01:16:55Z,40.64988,-73.772803,120.9,ad4804,N955JB,A321,AIRBUS A-321,0
landing,LGA,22,1790903821.89,2026-10-02T01:17:01Z,40.775221,-73.879124,210.9,acc7ae,N922XJ,CRJ9,BOMBARDIER Regional Jet CRJ-900,0
takeoff,LGA,13,1790903838.03,2026-10-02T01:17:18Z,40.780226,-73.874177,120.9,a8a785,N657JB,A320,AIRBUS A-320,0
takeoff,JFK,13R,1790903848.1,2026-10-02T01:17:28Z,40.645597,-73.8106,120.9,a15b05,N187DN,B763,BOEING 767-300,0
takeoff,JFK,31L,1790903864.74,2026-10-02T01:17:44Z,40.649494,-73.81543,292.5,34520f,EC-MNL,A332,AIRBUS A-330-200,0
landing,LGA,22,1790903904.65,2026-10-02T01:18:24Z,40.77523,-73.879105,210.9,abbb77,N855RW,E170,EMBRAER ERJ-170-100,0
takeoff,LGA,13,1790903921.8,2026-10-02T01:18:41Z,40.780415,-73.874588,120.9,ad8895,N971NN,B738,BOEING 737-800,0
landing,JFK,13L,1790903971.99,2026-10-02T01:19:31Z,40.649996,-73.773037,120.9,71be40,HL7640,A388,AIRBUS A-380-800,0
landing,LGA,22,1790904011.74,2026-10-02T01:20:11Z,40.775966,-73.878515,208.1,a1584a,N186PQ,CRJ9,BOMBARDIER Regional Jet CRJ-900,0
takeoff,LGA,13,1790904031.24,2026-10-02T01:20:31Z,40.779702,-73.873085,123.8,a7bbe9,N598JB,A320,AIRBUS A-320,0
landing,LGA,22,1790904114.08,2026-10-02T01:21:54Z,40.778217,-73.876663,210.9,a34ae6,N311DU,BCS3,AIRBUS A220-300,0
takeoff,LGA,13,1790904134.6,2026-10-02T01:22:14Z,40.780071,-73.873856,120.9,acda41,N927XJ,CRJ9,BOMBARDIER Regional Jet CRJ-900,0
takeoff,JFK,31L,1790904195.86,2026-10-02T01:23:15Z,40.649471,-73.815689,261.6,a4c9d5,N4076J,A21N,AIRBUS A-321neo,0
takeoff,JFK,31L,1790904196.56,2026-10-02T01:23:16Z,40.64764,-73.811218,300.9,a08714,N133HQ,E75L,EMBRAER ERJ-170-200 (long wing),0
landing,JFK,13L,1790904210.58,2026-10-02T01:23:30Z,40.650593,-73.774368,120.9,a0634c,N124HQ,E75L,EMBRAER ERJ-170-200 (long wing),0
takeoff,JFK,13R,1790904225.31,2026-10-02T01:23:45Z,40.646795,-73.813222,120.9,ab4fae,N828MH,B764,BOEING 767-400,0
takeoff,JFK,31L,1790904228.17,2026-10-02T01:23:48Z,40.649391,-73.815079,300.9,a38ad5,N3271J,BCS3,,0
landing,LGA,22,1790904240.33,2026-10-02T01:24:00Z,40.77737,-73.87738,210.9,a9d626,N73291,B738,BOEING 737-800,0
takeoff,LGA,13,1790904249.97,2026-10-02T01:24:09Z,40.781739,-73.877345,123.8,a4e181,N413YX,E75L,EMBRAER ERJ-170-200 (long wing),0
landing,JFK,13L,1790904315.02,2026-10-02T01:25:15Z,40.650009,-73.773117,120.9,a046f2,N117HQ,E75L,EMBRAER ERJ-170-200 (long wing),0
landing,LGA,22,1790904355.08,2026-10-02T01:25:55Z,40.777677,-73.877111,210.9,a06e0b,N127DN,A321,AIRBUS A-321,0
takeoff,LGA,13,1790904358.25,2026-10-02T01:25:58Z,40.781719,-73.877319,123.8,abd41a,N861RW,E170,EMBRAER ERJ-170-100,0
landing,JFK,13L,1790904398.01,2026-10-02T01:26:38Z,40.649298,-73.771524,120.9,899031,B-16728,B77W,BOEING 777-300ER,0
takeoff,JFK,13R,1790904446.25,2026-10-02T01:27:26Z,40.645643,-73.810647,120.9,adc238,N986JB,A321,AIRBUS A-321,0
landing,LGA,22,1790904506.84,2026-10-02T01:28:26Z,40.773697,-73.880402,210.9,a1c935,N214JQ,E75L,EMBRAER ERJ-170-200 (long wing),0
takeoff,LGA,13,1790904516.33,2026-10-02T01:28:36Z,40.781727,-73.877329,123.8,a50900,N423YX,E75L,EMBRAER ERJ-170-200 (long wing),0
landing,JFK,13L,1790904528.78,2026-10-02T01:28:48Z,40.651531,-73.776443,120.9,a3845c,N3258J,BCS3,,0
takeoff,JFK,13R,1790904564.27,2026-10-02T01:29:24Z,40.645713,-73.81085,120.9,a5fc87,N485PX,CRJ9,BOMBARDIER Regional Jet CRJ-900,0
landing,LGA,22,1790904599.22,2026-10-02T01:29:59Z,40.776878,-73.877762,210.9,abbd47,N8557Q,B738,BOEING 737-800,0
takeoff,LGA,13,1790904615.88,2026-10-02T01:30:15Z,40.78004,-73.873787,120.9,ab774b,N838NN,B738,BOEING 737-800,0
landing,JFK,13L,1790904626.13,2026-10-02T01:30:26Z,40.651474,-73.776352,120.9,a153de,N185GJ,CRJ9,BOMBARDIER Regional Jet CRJ-900,0
takeoff,JFK,13R,1790904629.22,2026-10-02T01:30:29Z,40.645527,-73.810428,120.9,ade252,N994JL,A321,AIRBUS A-321,0
landing,LGA,22,1790904686.45,2026-10-02T01:31:26Z,40.776665,-73.877954,210.9,ab5faa,N8319F,B738,BOEING 737-800,0
takeoff,JFK,13R,1790904689.39,2026-10-02T01:31:29Z,40.645667,-73.81074,120.9,a9b06f,N723TW,B752,BOEING 757-200,0
takeoff,LGA,13,1790904692.45,2026-10-02T01:31:32Z,40.781673,-73.877197,123.8,abd7d1,N862RW,E170,EMBRAER ERJ-170-100,0
landing,JFK,13L,1790904711.81,2026-10-02T01:31:51Z,40.650461,-73.774145,120.9,a009a4,N101NN,A321,AIRBUS A-321,0
takeoff,JFK,13R,1790904745.56,2026-10-02T01:32:25Z,40.645853,-73.811131,120.9,a3e011,N349PQ,CRJ9,BOMBARDIER Regional Jet CRJ-900,0
takeoff,LGA,13,1790904766.77,2026-10-02T01:32:46Z,40.781467,-73.876785,123.8,a52911,N431YX,E75L,EMBRAER ERJ-170-200 (long wing),0
landing,LGA,22,1790904813.27,2026-10-02T01:33:33Z,40.777305,-73.877407,210.9,a441ab,N37324,B38M,BOEING 737 MAX 8,0
landing,JFK,13L,1790904826.23,2026-10-02T01:33:46Z,40.649117,-73.771133,120.9,a35af8,N315SD,B38M,BOEING 737 MAX 8,0
landing,LGA,22,1790904915.64,2026-10-02T01:35:15Z,40.777508,-73.877243,210.9,a3a9eb,N335RT,B38M,BOEING 737 MAX 8,0
landing,JFK,13L,1790904918.12,2026-10-02T01:35:18Z,40.64986,-73.772766,120.9,a13386,N177DN,B763,BOEING 767-300,0
takeoff,LGA,13,1790904955.69,2026-10-02T01:35:55Z,40.779819,-73.873337,123.8,a3ac7a,N336DX,A321,AIRBUS A-321,0
landing,JFK,13L,1790905028.58,2026-10-02T01:37:08Z,40.649242,-73.771423,123.8,ade9c0,N996JL,A321,AIRBUS A-321,0
takeoff,LGA,13,1790905029.47,2026-10-02T01:37:09Z,40.780156,-73.874052,123.8,a04dfa,N119DN,A321,AIRBUS A-321,0
landing,JFK,22L,1790905107.29,2026-10-02T01:38:27Z,40.634878,-73.762972,210.9,3480cc,EC-OHY,A332,AIRBUS A-330-200,0
takeoff,LGA,13,1790905111.25,2026-10-02T01:38:31Z,40.780214,-73.874146,120.9,a93d7c,N695CA,CRJ9,BOMBARDIER Regional Jet CRJ-900,0
takeoff,JFK,13R,1790905117.22,2026-10-02T01:38:37Z,40.645752,-73.810913,120.9,4cadca,EI-HJS,A339,AIRBUS A-330-900,0
landing,JFK,13L,1790905123.91,2026-10-02T01:38:43Z,40.649963,-73.773026,118.1,a2fe3c,N292PQ,CRJ9,BOMBARDIER Regional Jet CRJ-900,0
landing,LGA,22,1790905196.34,2026-10-02T01:39:56Z,40.777599,-73.877182,210.9,a145b7,N181PQ,CRJ9,BOMBARDIER Regional Jet CRJ-900,0
takeoff,LGA,13,1790905199.94,2026-10-02T01:39:59Z,40.781983,-73.877829,123.8,a00929,N101HQ,E75L,EMBRAER ERJ-170-200 (long wing),0
landing,JFK,13L,1790905203.83,2026-10-02T01:40:03Z,40.650543,-73.77427,120.9,a779eb,N581DA,A21N,,0
takeoff,JFK,13R,1790905235.36,2026-10-02T01:40:35Z,40.647823,-73.815506,118.1,a1e411,N2205J,A21N,AIRBUS A-321neo,0
takeoff,JFK,31L,1790905268.77,2026-10-02T01:41:08Z,40.649494,-73.815323,298.1,a00d5b,N102NN,A321,AIRBUS A-321,0
takeoff,LGA,13,1790905289.33,2026-10-02T01:41:29Z,40.780424,-73.874598,123.8,abb271,N8529Z,B738,BOEING 737-800,0
landing,JFK,13L,1790905290.18,2026-10-02T01:41:30Z,40.649174,-73.771271,120.9,781738,B-20CK,B77W,BOEING 777-300ER,0
landing,LGA,22,1790905324.48,2026-10-02T01:42:04Z,40.776665,-73.877938,210.9,ace96d,N931AN,B738,BOEING 737-800,0
takeoff,JFK,13R,1790905326.94,2026-10-02T01:42:06Z,40.645901,-73.811264,120.9,a0f4f6,N16065,B763,BOEING 767-300,0
takeoff,LGA,13,1790905371.97,2026-10-02T01:42:51Z,40.779609,-73.872913,118.1,a320a6,N300PQ,CRJ9,BOMBARDIER Regional Jet CRJ-900,0
landing,JFK,13L,1790905420.81,2026-10-02T01:43:40Z,40.651497,-73.776382,120.9,a071c8,N128DU,BCS1,AIRBUS A220-100,0
takeoff,LGA,13,1790905439.99,2026-10-02T01:43:59Z,40.781657,-73.877158,123.8,a8847f,N648RW,E170,EMBRAER ERJ-170-100,0
takeoff,JFK,31L,1790905455.68,2026-10-02T01:44:15Z,40.649496,-73.815656,267.2,a1cf48,N2156J,A21N,AIRBUS A-321neo,0
takeoff,JFK,13R,1790905515.41,2026-10-02T01:45:15Z,40.645729,-73.810867,122.5,485b44,PH-BKD,B78X,BOEING 787-10 Dreamliner,0
takeoff,JFK,31L,1790905529.02,2026-10-02T01:45:29Z,40.649309,-73.814907,300.9,a22358,N237JQ,E75L,EMBRAER ERJ-170-200 (long wing),0
takeoff,LGA,13,1790905532.62,2026-10-02T01:45:32Z,40.780071,-73.87384,123.8,a23a28,N24224,B738,BOEING 737-800,0
landing,JFK,13L,1790905534.34,2026-10-02T01:45:34Z,40.650215,-73.77356,120.9,a0428a,N116AN,A321,AIRBUS A-321,0
takeoff,LGA,13,1790905605.36,2026-10-02T01:46:45Z,40.780261,-73.874255,123.8,a2685b,N254WN,B737,BOEING 737-700,0
landing,JFK,13L,1790905610.76,2026-10-02T01:46:50Z,40.650982,-73.775223,123.8,a387f0,N3267J,BCS3,,0
takeoff,LGA,13,1790905681.24,2026-10-02T01:48:01Z,40.780272,-73.874286,123.8,abadf9,N8514F,B738,BOEING 737-800,0
takeoff,JFK,31L,1790905687.85,2026-10-02T01:48:07Z,40.649529,-73.815384,299.6,c8281c,ZK-NZR,B789,BOEING 787-9 Dreamliner,0
takeoff,JFK,31L,1790905697.21,2026-10-02T01:48:17Z,40.641093,-73.797819,298.1,a0d6a8,N153PQ,CRJ9,BOMBARDIER Regional Jet CRJ-900,0
landing,JFK,22L,1790905749.38,2026-10-02T01:49:09Z,40.636682,-73.761567,210.9,400684,G-VIIL,B772,BOEING 777-200,0
landing,JFK,13L,1790905764.74,2026-10-02T01:49:24Z,40.650272,-73.773682,120.9,4cc574,TF-ICG,B38M,BOEING 737 MAX 8,0
takeoff,JFK,31L,1790905785.4,2026-10-02T01:49:45Z,40.649379,-73.815063,300.9,a06e71,N127HQ,E75L,EMBRAER ERJ-170-200 (long wing),0
landing,LGA,22,1790905882.88,2026-10-02T01:51:22Z,40.777977,-73.876831,210.9,a26c12,N255WN,B737,BOEING 737-700,0
landing,JFK,13L,1790905905.35,2026-10-02T01:51:45Z,40.649042,-73.771227,129.4,ad185a,N943AN,B738,BOEING 737-800,0
landing,LGA,22,1790905985.53,2026-10-02T01:53:05Z,40.775391,-73.878983,210.9,a32bf5,N303RG,B38M,BOEING 737 MAX 8,0
takeoff,JFK,13R,1790906024.38,2026-10-02T01:53:44Z,40.646819,-73.813284,126.6,a5e02d,N478PX,CRJ9,BOMBARDIER Regional Jet CRJ-900,0
landing,JFK,13L,1790906063.81,2026-10-02T01:54:23Z,40.650601,-73.774426,120.9,a187ba,N198UW,A321,AIRBUS A-321,0
landing,LGA,22,1790906097.43,2026-10-02T01:54:57Z,40.776112,-73.878387,210.9,ab3d17,N823MD,E170,EMBRAER ERJ-170-100,0
takeoff,LGA,13,1790906118.98,2026-10-02T01:55:18Z,40.779365,-73.872398,123.8,ac878c,N906XJ,CRJ9,BOMBARDIER Regional Jet CRJ-900,0
takeoff,JFK,31L,1790906166.44,2026-10-02T01:56:06Z,40.648235,-73.81636,272.8,a1c1c7,N212JQ,E75L,EMBRAER ERJ-170-200 (long wing),0
landing,LGA,22,1790906192.84,2026-10-02T01:56:32Z,40.777187,-73.877487,210.9,a10bbc,N167AN,A321,AIRBUS A-321,0
landing,JFK,22L,1790906225.0,2026-10-02T01:57:05Z,40.642001,-73.757416,210.9,a5f176,N482QS,E55P,,0
landing,JFK,13L,1790906225.16,2026-10-02T01:57:05Z,40.650264,-73.773646,120.9,a38836,N3269J,BCS3,AIRBUS A220-300,0
takeoff,JFK,13R,1790906288.98,2026-10-02T01:58:08Z,40.645798,-73.81102,120.9,a1087a,N166FE,B763,BOEING 767-300,0
takeoff,JFK,31L,1790906294.13,2026-10-02T01:58:14Z,40.649542,-73.815656,270.0,a8a017,N655JB,A320,AIRBUS A-320,0
landing,LGA,22,1790906302.56,2026-10-02T01:58:22Z,40.775175,-73.879171,213.8,acd964,N927NN,B738,BOEING 737-800,0
landing,JFK,13L,1790906318.44,2026-10-02T01:58:38Z,40.650936,-73.775116,120.9,4ca9bb,EI-LRB,A21N,AIRBUS A-321neo,0
landing,LGA,22,1790906407.14,2026-10-02T02:00:07Z,40.776548,-73.878063,210.9,a3a084,N33264,B738,BOEING 737-800,0
landing,JFK,13L,1790906414.59,2026-10-02T02:00:14Z,40.651096,-73.775467,120.9,a35109,N3123J,BCS3,AIRBUS A220-300,0
landing,JFK,22L,1790906418.6,2026-10-02T02:00:18Z,40.636814,-73.761459,209.6,47ae38,LN-FNL,B789,BOEING 787-9 Dreamliner,0
takeoff,LGA,13,1790906435.16,2026-10-02T02:00:35Z,40.779784,-73.873241,120.9,a92ea0,N691CA,CRJ9,BOMBARDIER Regional Jet CRJ-900,0
takeoff,JFK,13R,1790906452.39,2026-10-02T02:00:52Z,40.645718,-73.810867,120.9,a7456c,N568JB,A320,AIRBUS A-320,0
takeoff,JFK,31L,1790906486.48,2026-10-02T02:01:26Z,40.649494,-73.81543,289.7,adbe91,N985JT,A321,AIRBUS A-321,0
landing,JFK,13L,1790906566.44,2026-10-02T02:02:46Z,40.6497,-73.772446,120.9,a4ca6a,N408AS,B739,BOEING 737-900,0
landing,LGA,22,1790906580.33,2026-10-02T02:03:00Z,40.778294,-73.876596,210.9,a7fe27,N614FR,A21N,AIRBUS A-321neo,0
takeoff,LGA,13,1790906601.96,2026-10-02T02:03:21Z,40.780209,-73.874146,123.8,a4421d,N3736C,B738,BOEING 737-800,0
landing,JFK,13L,1790906675.2,2026-10-02T02:04:35Z,40.650927,-73.775113,120.9,a64578,N503DZ,A21N,AIRBUS A-321neo,0
landing,LGA,22,1790906712.55,2026-10-02T02:05:12Z,40.777025,-73.877657,213.8,ac2859,N8825Q,B38M,BOEING 737 MAX 8,0
landing,JFK,22L,1790906721.38,2026-10-02T02:05:21Z,40.635123,-73.762769,210.9,39d2a4,F-HUVE,A359,AIRBUS A-350-900,0
takeoff,LGA,13,1790906730.79,2026-10-02T02:05:30Z,40.779784,-73.873225,120.9,a08e3c,N135EV,CRJ9,BOMBARDIER Regional Jet CRJ-900,0
takeoff,LGA,04,1790906743.87,2026-10-02T02:05:43Z,40.782181,-73.878391,64.7,abd063,N860RW,E170,EMBRAER ERJ-170-100,0
landing,LGA,22,1790906794.44,2026-10-02T02:06:34Z,40.775105,-73.879227,210.9,a4995f,N396DA,B738,BOEING 737-800,0
takeoff,JFK,13R,1790906827.42,2026-10-02T02:07:07Z,40.644711,-73.808655,120.9,780a28,B-LJF,B748,BOEING 747-8,0
takeoff,JFK,31L,1790906850.39,2026-10-02T02:07:30Z,40.648533,-73.81636,295.3,3c64f5,D-AIGU,A343,AIRBUS A-340-300,0
landing,JFK,13L,1790906851.66,2026-10-02T02:07:31Z,40.650287,-73.773724,120.9,a56866,N448AS,B739,BOEING 737-900,0
landing,LGA,22,1790906909.04,2026-10-02T02:08:29Z,40.774861,-73.879436,210.9,a5307f,N433YX,E75L,EMBRAER ERJ-170-200 (long wing),0
takeoff,LGA,13,1790906917.73,2026-10-02T02:08:37Z,40.779749,-73.873178,120.9,a086ce,N133EV,CRJ9,BOMBARDIER Regional Jet CRJ-900,0
landing,JFK,22L,1790906966.76,2026-10-02T02:09:26Z,40.636013,-73.7621,209.6,4bb187,TC-LLG,B789,BOEING 787-9 Dreamliner,0
landing,JFK,13L,1790906987.95,2026-10-02T02:09:47Z,40.650524,-73.774216,120.9,ab6519,N833SK,CRJ9,BOMBARDIER Regional Jet CRJ-900,0
takeoff,LGA,13,1790907002.27,2026-10-02T02:10:02Z,40.779636,-73.872925,123.8,acd68a,N926XJ,CRJ9,BOMBARDIER Regional Jet CRJ-900,0
landing,LGA,22,1790907101.22,2026-10-02T02:11:41Z,40.779202,-73.875839,210.9,c05ed0,C-GJXN,BCS3,AIRBUS A220-300,0
takeoff,JFK,31L,1790907117.51,2026-10-02T02:11:57Z,40.649484,-73.815469,284.1,394a0a,F-GSQK,B77W,BOEING 777-300ER,0
takeoff,JFK,13R,1790907119.66,2026-10-02T02:11:59Z,40.645736,-73.810896,120.9,40621d,G-STBC,B77W,BOEING 777-300ER,0
takeoff,LGA,13,1790907121.51,2026-10-02T02:12:01Z,40.780075,-73.873865,118.1,a35701,N314PQ,CRJ9,BOMBARDIER Regional Jet CRJ-900,0
takeoff,JFK,31L,1790907207.0,2026-10-02T02:13:27Z,40.64953,-73.815438,289.7,a924fc,N689DL,B752,BOEING 757-200,0
takeoff,LGA,13,1790907234.03,2026-10-02T02:13:54Z,40.781548,-73.876938,123.8,a23bfb,N243JQ,E75L,EMBRAER ERJ-170-200 (long wing),0
takeoff,JFK,31L,1790907237.33,2026-10-02T02:13:57Z,40.649449,-73.815204,300.9,a3871e,N3261J,BCS3,,0
landing,LGA,22,1790907237.33,2026-10-02T02:13:57Z,40.775466,-73.878921,210.9,a1f822,N226JQ,E75L,EMBRAER ERJ-170-200 (long wing),0
takeoff,LGA,04,1790907263.02,2026-10-02T02:14:23Z,40.78196,-73.878578,19.7,a00034,N1C,GA5C,GULFSTREAM G500,8
landing,LGA,22,1790907337.92,2026-10-02T02:15:37Z,40.777405,-73.877335,210.9,aaf8f1,N806JB,A320,AIRBUS A-320,0
landing,JFK,13L,1790907409.51,2026-10-02T02:16:49Z,40.649197,-73.771301,120.9,ad7701,N967JT,A321,AIRBUS A-321,0
takeoff,JFK,31L,1790907449.65,2026-10-02T02:17:29Z,40.649449,-73.815313,289.7,a36b2d,N3194J,BCS3,,0
takeoff,LGA,13,1790907508.99,2026-10-02T02:18:28Z,40.781651,-73.877167,123.8,a1c935,N214JQ,E75L,EMBRAER ERJ-170-200 (long wing),0
landing,JFK,13L,1790907542.74,2026-10-02T02:19:02Z,40.650124,-73.773331,120.9,a80560,N616DN,,,0
landing,JFK,22L,1790907659.94,2026-10-02T02:20:59Z,40.635406,-73.762527,209.6,406c3a,G-VYUM,B789,BOEING 787-9 Dreamliner,0
takeoff,JFK,13R,1790907693.29,2026-10-02T02:21:33Z,40.645706,-73.810837,120.9,ab6851,N834MH,B764,BOEING 767-400,0
landing,LGA,22,1790907769.2,2026-10-02T02:22:49Z,40.776769,-73.877844,213.8,aa56b5,N76516,B738,BOEING 737-800,0
landing,JFK,13L,1790907772.04,2026-10-02T02:22:52Z,40.650252,-73.773646,120.9,a19d0d,N2029J,A21N,AIRBUS A-321neo,0
takeoff,JFK,31L,1790907779.74,2026-10-02T02:22:59Z,40.64122,-73.798111,300.9,ace1af,N929XJ,CRJ9,BOMBARDIER Regional Jet CRJ-900,0
takeoff,JFK,13R,1790907783.56,2026-10-02T02:23:03Z,40.645108,-73.809508,120.9,4952a5,CS-TUE,A339,AIRBUS A-330-900,0
takeoff,JFK,31L,1790907800.2,2026-10-02T02:23:20Z,40.644974,-73.805313,302.5,346181,EC-NBX,B789,BOEING 787-9 Dreamliner,0
takeoff,JFK,31L,1790907817.21,2026-10-02T02:23:37Z,40.649563,-73.815536,292.5,adcd6d,N989JT,A321,AIRBUS A-321,0
takeoff,JFK,13R,1790907856.69,2026-10-02T02:24:16Z,40.645667,-73.810756,120.9,06a19f,A7-BED,B77W,BOEING 777-300ER,0
landing,LGA,22,1790907877.34,2026-10-02T02:24:37Z,40.775551,-73.878876,210.9,a38b84,N3276J,BCS3,AIRBUS A220-300,0
landing,LGA,22,1790908043.01,2026-10-02T02:27:23Z,40.777931,-73.876892,210.9,a033f9,N112DN,A321,AIRBUS A-321,0
takeoff,JFK,13L,1790908044.12,2026-10-02T02:27:24Z,40.654954,-73.784024,120.9,a0f230,N160FE,B763,BOEING 767-300,0
takeoff,LGA,13,1790908063.7,2026-10-02T02:27:43Z,40.779877,-73.873428,123.8,ab48bf,N826SK,CRJ9,BOMBARDIER Regional Jet CRJ-900,0
landing,LGA,22,1790908147.52,2026-10-02T02:29:07Z,40.777599,-73.877182,213.8,a445f8,N3747D,B738,BOEING 737-800,0
takeoff,JFK,13R,1790908153.59,2026-10-02T02:29:13Z,40.64505,-73.809367,122.5,44012f,OE-LPL,B789,BOEING 787-9 Dreamliner,0
takeoff,JFK,31L,1790908155.01,2026-10-02T02:29:15Z,40.649471,-73.815338,286.9,a0634c,N124HQ,E75L,EMBRAER ERJ-170-200 (long wing),0
landing,JFK,13L,1790908167.74,2026-10-02T02:29:27Z,40.64946,-73.771912,120.9,8695a4,JA797A,B77W,BOEING 777-300ER,0
landing,LGA,22,1790908275.58,2026-10-02T02:31:15Z,40.775608,-73.878799,213.8,ace7bf,N930XJ,CRJ9,BOMBARDIER Regional Jet CRJ-900,0
takeoff,LGA,13,1790908295.29,2026-10-02T02:31:35Z,40.781651,-73.877136,123.8,a1c57e,N213JQ,E75L,EMBRAER ERJ-170-200 (long wing),0
landing,JFK,13L,1790908311.21,2026-10-02T02:31:51Z,40.650718,-73.77466,120.9,a34d98,N3115J,BCS3,AIRBUS A220-300,0
landing,LGA,22,1790908350.94,2026-10-02T02:32:30Z,40.777519,-73.877243,210.9,a022c4,N108DN,A321,AIRBUS A-321,0
landing,JFK,13L,1790908404.47,2026-10-02T02:33:24Z,40.648914,-73.770696,120.9,ad8bed,N972JT,A321,AIRBUS A-321,0
takeoff,JFK,13R,1790908410.01,2026-10-02T02:33:30Z,40.645294,-73.809913,120.9,a53d80,N437DX,A339,AIRBUS A-330-900,0
landing,LGA,22,1790908437.84,2026-10-02T02:33:57Z,40.776909,-73.877735,210.9,aac7ab,N794JB,A320,AIRBUS A-320,0
takeoff,LGA,13,1790908452.52,2026-10-02T02:34:12Z,40.78004,-73.873787,123.8,acc7ae,N922XJ,CRJ9,BOMBARDIER Regional Jet CRJ-900,0
takeoff,JFK,31L,1790908498.51,2026-10-02T02:34:58Z,40.649471,-73.815384,284.1,a721a4,N559JB,A320,AIRBUS A-320,0
landing,JFK,13L,1790908514.32,2026-10-02T02:35:14Z,40.651234,-73.775818,120.9,a3d10f,N345NB,A319,AIRBUS A-319,0
landing,LGA,22,1790908574.47,2026-10-02T02:36:14Z,40.777325,-73.877411,210.9,aae5f7,N801DZ,B739,BOEING 737-900,0
takeoff,JFK,31L,1790908585.81,2026-10-02T02:36:25Z,40.64122,-73.798111,295.3,a8f235,N676CA,CRJ9,BOMBARDIER Regional Jet CRJ-900,0
takeoff,LGA,13,1790908595.36,2026-10-02T02:36:35Z,40.779865,-73.873412,123.8,abbd47,N8557Q,B738,BOEING 737-800,0
landing,JFK,22L,1790908671.34,2026-10-02T02:37:51Z,40.637415,-73.761005,210.9,a3fffc,N357NB,A319,AIRBUS A-319,0
landing,LGA,22,1790908683.4,2026-10-02T02:38:03Z,40.776385,-73.878172,210.9,a45586,N379DA,B738,BOEING 737-800,0
takeoff,LGA,13,1790908781.14,2026-10-02T02:39:41Z,40.779877,-73.873444,120.9,ab5d4a,N831NN,B738,BOEING 737-800,0
takeoff,JFK,13L,1790908927.77,2026-10-02T02:42:07Z,40.655175,-73.784476,120.9,a690de,N522FE,MD11,MCDONNELL-DOUGLAS MD-11,0
takeoff,LGA,13,1790908983.72,2026-10-02T02:43:03Z,40.779728,-73.873138,123.8,a486cc,N391DA,B738,BOEING 737-800,0
takeoff,JFK,13R,1790909037.32,2026-10-02T02:43:57Z,40.645546,-73.810486,120.9,a173a8,N193DN,B763,BOEING 767-300,0
landing,JFK,13L,1790909058.73,2026-10-02T02:44:18Z,40.648876,-73.770599,120.9,a6aaba,N529DT,A21N,AIRBUS A-321neo,0
takeoff,JFK,31L,1790909072.43,2026-10-02T02:44:32Z,40.649484,-73.815313,298.1,a3845c,N3258J,BCS3,,0
takeoff,JFK,13R,1790909117.01,2026-10-02T02:45:17Z,40.64518,-73.809677,120.9,76cce7,9V-SGG,A359,AIRBUS A-350-900,0
landing,LGA,22,1790909298.62,2026-10-02T02:48:18Z,40.775917,-73.878555,210.9,ad049a,N938NN,B738,BOEING 737-800,0
takeoff,JFK,13R,1790909421.2,2026-10-02T02:50:21Z,40.646842,-73.813347,120.9,aca79d,N914XJ,CRJ9,BOMBARDIER Regional Jet CRJ-900,0
landing,LGA,22,1790909467.43,2026-10-02T02:51:07Z,40.777027,-73.87764,210.9,a0d19e,N152AA,A321,AIRBUS A-321,0
landing,JFK,13L,1790909468.99,2026-10-02T02:51:08Z,40.649321,-73.77157,120.9,ac1466,N878DN,B739,BOEING 737-900,0
takeoff,JFK,13R,1790909524.28,2026-10-02T02:52:04Z,40.643153,-73.805216,120.9,a08826,N133UP,A306,AIRBUS A-300-600,0
takeoff,JFK,31L,1790909568.59,2026-10-02T02:52:48Z,40.649563,-73.815613,289.7,896597,A6-XWB,A35K,AIRBUS A-350-1000,0
takeoff,LGA,13,1790909583.75,2026-10-02T02:53:03Z,40.779911,-73.873535,123.8,ab5faa,N8319F,B738,BOEING 737-800,0
takeoff,JFK,13R,1790909600.34,2026-10-02T02:53:20Z,40.644745,-73.808609,120.9,8963f4,A6-EOW,A388,AIRBUS A-380-800,0
takeoff,JFK,31L,1790909633.88,2026-10-02T02:53:53Z,40.649461,-73.815484,280.0,7380c8,4X-EDJ,B789,BOEING 787-9 Dreamliner,0
landing,LGA,22,1790909651.47,2026-10-02T02:54:11Z,40.774907,-73.879389,210.9,adacfd,N980UY,A321,AIRBUS A-321,0
takeoff,LGA,13,1790909671.25,2026-10-02T02:54:31Z,40.779682,-73.873032,123.8,a34ae6,N311DU,BCS3,AIRBUS A220-300,0
takeoff,JFK,31L,1790909772.1,2026-10-02T02:56:12Z,40.649506,-73.81546,286.9,aafca8,N807JB,A320,AIRBUS A-320,0
landing,JFK,22L,1790909860.08,2026-10-02T02:57:40Z,40.635853,-73.762207,210.9,758841,,,,
takeoff,JFK,22L,1790909860.08,2026-10-02T02:57:40Z,40.635853,-73.762207,210.9,758841,,,,
landing,JFK,22L,1790909860.76,2026-10-02T02:57:40Z,40.6356,-73.762394,210.9,758841,,,,
takeoff,JFK,31L,1790909927.66,2026-10-02T02:58:47Z,40.649496,-73.815578,261.6,a3dcc2,N348TU,B38M,,0
takeoff,JFK,31L,1790910011.75,2026-10-02T03:00:11Z,40.64953,-73.815484,292.5,a70f11,N554JB,A320,AIRBUS A-320,0
landing,JFK,13L,1790910174.22,2026-10-02T03:02:54Z,40.650558,-73.774292,120.9,a69463,N523DE,A21N,,0
takeoff,JFK,13R,1790910238.11,2026-10-02T03:03:58Z,40.645168,-73.809616,120.9,a3514f,N3125J,BCS3,,0
takeoff,LGA,13,1790910280.28,2026-10-02T03:04:40Z,40.780209,-73.874161,123.8,ac2859,N8825Q,B38M,BOEING 737 MAX 8,0
takeoff,JFK,31L,1790910329.05,2026-10-02T03:05:29Z,40.64122,-73.798096,298.1,a2fe3c,N292PQ,CRJ9,BOMBARDIER Regional Jet CRJ-900,0
takeoff,JFK,13R,1790910339.8,2026-10-02T03:05:39Z,40.645683,-73.81076,120.9,a33b23,N307UP,B763,BOEING 767-300,0
landing,LGA,22,1790910403.68,2026-10-02T03:06:43Z,40.775303,-73.879077,210.9,a0ba4e,N146PQ,CRJ9,BOMBARDIER Regional Jet CRJ-900,0
takeoff,JFK,13R,1790910436.28,2026-10-02T03:07:16Z,40.645539,-73.810428,120.9,406947,G-STBG,B77W,BOEING 777-300ER,0
landing,JFK,13L,1790910465.09,2026-10-02T03:07:45Z,40.649205,-73.771321,120.9,ac5920,N895NN,B738,BOEING 737-800,0
takeoff,JFK,13R,1790910545.56,2026-10-02T03:09:05Z,40.645226,-73.809738,120.9,a4ce71,N409DX,A339,AIRBUS A-330-900,0
takeoff,JFK,31L,1790910593.49,2026-10-02T03:09:53Z,40.649507,-73.815578,264.4,a4462e,N3748Y,B738,BOEING 737-800,0
landing,LGA,22,1790910621.69,2026-10-02T03:10:21Z,40.777735,-73.877064,210.9,a3b79c,N339DU,,,0
landing,JFK,13L,1790910626.06,2026-10-02T03:10:26Z,40.649837,-73.772736,120.9,a32c3e,N303UE,B38M,,0
takeoff,JFK,13R,1790910649.67,2026-10-02T03:10:49Z,40.644957,-73.809195,120.9,aae6d5,N801NW,A333,AIRBUS A-330-300,0
takeoff,JFK,31L,1790910668.49,2026-10-02T03:11:08Z,40.649496,-73.815609,264.4,a16273,N189DN,B763,BOEING 767-300,0
landing,JFK,13L,1790910766.59,2026-10-02T03:12:46Z,40.65049,-73.774185,120.9,ab766a,N838DN,B739,BOEING 737-900,0
takeoff,JFK,31L,1790910806.65,2026-10-02T03:13:26Z,40.64953,-73.815687,278.4,461f08,OH-LTO,A333,AIRBUS A-330-300,0
landing,JFK,13L,1790910885.04,2026-10-02T03:14:45Z,40.649666,-73.772339,120.9,a32095,N300NY,A21N,AIRBUS A-321neo,0
takeoff,JFK,31L,1790910902.62,2026-10-02T03:15:02Z,40.644665,-73.804672,300.9,ab6519,N833SK,CRJ9,BOMBARDIER Regional Jet CRJ-900,0
landing,JFK,13L,1790911018.35,2026-10-02T03:16:58Z,40.649868,-73.772772,120.9,0c6060,9Y-BAR,B38M,BOEING 737 MAX 8,0
landing,LGA,22,1790911055.54,2026-10-02T03:17:35Z,40.776993,-73.877686,213.8,a0103b,N103DY,A321,AIRBUS A-321,0
takeoff,JFK,13R,1790911092.13,2026-10-02T03:18:12Z,40.645592,-73.810577,120.9,495278,CS-TSX,B772,BOEING 777-200,0
landing,JFK,13L,1790911153.91,2026-10-02T03:19:13Z,40.648933,-73.770691,122.4,aac6f5,N794AV,B788,BOEING 787-8 Dreamliner,0
landing,LGA,22,1790911181.11,2026-10-02T03:19:41Z,40.775117,-73.879218,213.8,ac5bf6,N896DN,B739,BOEING 737-900,0
takeoff,JFK,13R,1790911265.55,2026-10-02T03:21:05Z,40.646782,-73.813202,120.9,a4bbde,N404DX,A339,AIRBUS A-330-900,0
landing,LGA,22,1790911287.43,2026-10-02T03:21:27Z,40.778595,-73.876358,210.9,a037b9,N113DX,A321,AIRBUS A-321,0
landing,JFK,13L,1790911311.41,2026-10-02T03:21:51Z,40.649682,-73.772397,120.9,a3ca1a,N343SY,B38M,BOEING 737 MAX 8,0
takeoff,LGA,13,1790911329.17,2026-10-02T03:22:09Z,40.779694,-73.873062,123.8,a4995f,N396DA,B738,BOEING 737-800,0
takeoff,JFK,13R,1790911383.16,2026-10-02T03:23:03Z,40.645809,-73.811081,120.9,a437c0,N371CM,B763,BOEING 767-300,0
landing,LGA,22,1790911425.18,2026-10-02T03:23:45Z,40.775173,-73.879166,210.9,a1a1b6,N204JQ,E75L,EMBRAER ERJ-170-200 (long wing),0
landing,JFK,13L,1790911439.73,2026-10-02T03:23:59Z,40.648332,-73.769401,120.9,aa7f65,N776AV,A20N,AIRBUS A-320neo,0
takeoff,JFK,13R,1790911467.18,2026-10-02T03:24:27Z,40.645454,-73.810333,120.9,a01880,N105NN,A321,AIRBUS A-321,0
landing,LGA,22,1790911523.03,2026-10-02T03:25:23Z,40.776118,-73.878406,210.9,a446b6,N375DN,A321,AIRBUS A-321,0
landing,JFK,13L,1790911564.33,2026-10-02T03:26:04Z,40.650318,-73.773788,120.9,a93d9f,N695DL,B752,BOEING 757-200,0
takeoff,JFK,13R,1790911595.04,2026-10-02T03:26:35Z,40.646748,-73.813156,120.9,ab0416,N809JB,A320,AIRBUS A-320,0
landing,LGA,22,1790911650.71,2026-10-02T03:27:30Z,40.777828,-73.87697,213.8,a0b81d,N14530,A21N,,0
landing,JFK,13L,1790911665.57,2026-10-02T03:27:45Z,40.650936,-73.775116,120.9,a1775f,N194DN,B763,BOEING 767-300,0
landing,JFK,13L,1790911797.04,2026-10-02T03:29:57Z,40.648865,-73.770584,120.9,a793fd,N588DT,A21N,AIRBUS A-321neo,0
landing,LGA,22,1790911801.91,2026-10-02T03:30:01Z,40.77895,-73.876053,210.9,a8e6f2,N673AW,A320,AIRBUS A-320,0
landing,JFK,13L,1790911889.39,2026-10-02T03:31:29Z,40.652184,-73.777891,120.9,0c605d,9Y-BAH,B38M,BOEING 737 MAX 8,0
landing,LGA,22,1790911964.35,2026-10-02T03:32:44Z,40.776123,-73.878403,210.9,ac5efa,N8967Q,B38M,BOEING 737 MAX 8,0
takeoff,JFK,13R,1790911981.86,2026-10-02T03:33:01Z,40.644514,-73.808259,120.9,896195,A6-EEV,A388,AIRBUS A-380-800,0
landing,JFK,13L,1790911991.75,2026-10-02T03:33:11Z,40.648693,-73.770248,120.9,a4a0cd,N398DA,B738,BOEING 737-800,0
landing,JFK,13L,1790912106.05,2026-10-02T03:35:06Z,40.65038,-73.773896,120.9,e8045e,CC-BHC,A20N,AIRBUS A-320neo,0
takeoff,JFK,13R,1790912153.27,2026-10-02T03:35:53Z,40.645317,-73.809982,120.9,ab8fd0,N844MH,B764,BOEING 767-400,0
landing,JFK,13L,1790912218.87,2026-10-02T03:36:58Z,40.650345,-73.773849,120.9,adafb5,N981JT,A321,AIRBUS A-321,0
landing,LGA,22,1790912226.67,2026-10-02T03:37:06Z,40.775326,-73.87903,210.9,a0144e,N104HQ,E75L,EMBRAER ERJ-170-200 (long wing),0
takeoff,JFK,13R,1790912296.24,2026-10-02T03:38:16Z,40.645924,-73.81134,120.9,a4c02d,N405KZ,B744,BOEING 747-400,0
landing,JFK,13L,1790912331.35,2026-10-02T03:38:51Z,40.650627,-73.774475,120.9,ada5ee,N979JT,A321,AIRBUS A-321,0
takeoff,JFK,13R,1790912431.74,2026-10-02T03:40:31Z,40.645306,-73.80996,120.9,aa5428,N765AN,B772,BOEING 777-200,0
landing,JFK,13L,1790912445.3,2026-10-02T03:40:45Z,40.650295,-73.773743,120.9,a32f71,N304NY,,,0
landing,LGA,22,1790912456.23,2026-10-02T03:40:56Z,40.778091,-73.876785,210.9,a5aa78,N464WN,B737,BOEING 737-700,0
landing,JFK,13L,1790912569.11,2026-10-02T03:42:49Z,40.65109,-73.775472,120.9,a349be,N3104J,BCS3,AIRBUS A220-300,0
takeoff,JFK,13R,1790912573.74,2026-10-02T03:42:53Z,40.645775,-73.810974,120.9,3965b0,F-GZNQ,B77W,BOEING 777-300ER,0
landing,LGA,22,1790912612.5,2026-10-02T03:43:32Z,40.776707,-73.877899,213.8,abd17b,N8602F,B738,BOEING 737-800,0
landing,JFK,13L,1790912679.6,2026-10-02T03:44:39Z,40.650467,-73.774109,120.9,a2c43e,N278AK,B739,BOEING 737-900,0
takeoff,JFK,13R,1790912682.04,2026-10-02T03:44:42Z,40.645821,-73.81105,120.9,4cc574,TF-ICG,B38M,BOEING 737 MAX 8,0
landing,JFK,13L,1790912929.97,2026-10-02T03:48:49Z,40.649146,-73.771227,123.8,a1b449,N209JQ,E75L,EMBRAER ERJ-170-200 (long wing),0
landing,LGA,22,1790912969.28,2026-10-02T03:49:29Z,40.777725,-73.877075,210.9,ab52a2,N829DN,B739,BOEING 737-900,0
landing,JFK,13L,1790913067.13,2026-10-02T03:51:07Z,40.65065,-73.774521,120.9,a5ac14,N4649K,A333,,0
takeoff,LGA,13,1790913082.66,2026-10-02T03:51:22Z,40.779888,-73.873474,123.8,a44291,N3739P,B738,BOEING 737-800,0
takeoff,JFK,31L,1790913086.43,2026-10-02T03:51:26Z,40.648144,-73.816299,292.5,4ca9bb,EI-LRB,A21N,AIRBUS A-321neo,0
takeoff,LGA,13,1790913371.47,2026-10-02T03:56:11Z,40.779702,-73.873038,123.8,aa5690,N76504,B738,BOEING 737-800,0
takeoff,JFK,13R,1790913550.43,2026-10-02T03:59:10Z,40.644665,-73.808548,120.9,a39243,N3291J,BCS3,AIRBUS A220-300,0
landing,JFK,13L,1790913558.93,2026-10-02T03:59:18Z,40.651543,-73.776535,120.9,a414e8,N362NB,A319,AIRBUS A-319,0
landing,LGA,22,1790913569.77,2026-10-02T03:59:29Z,40.779306,-73.875738,213.8,a37d8a,N324DU,BCS3,AIRBUS A220-300,0
takeoff,JFK,31L,1790913684.18,2026-10-02T04:01:24Z,40.648819,-73.811722,300.9,a5ac14,N4649K,A333,,0
landing,LGA,22,1790913712.38,2026-10-02T04:01:52Z,40.777073,-73.877609,210.9,abbd8d,N8559Q,B738,BOEING 737-800,0
landing,JFK,13L,1790913739.64,2026-10-02T04:02:19Z,40.652802,-73.779266,122.4,a4209e,N365TX,F2TH,DASSAULT Falcon 2000,0
takeoff,JFK,13R,1790913864.96,2026-10-02T04:04:24Z,40.642891,-73.804596,120.9,346195,EC-NBN,A332,AIRBUS A-330-200,0
landing,JFK,13L,1790913881.31,2026-10-02T04:04:41Z,40.649728,-73.772507,120.9,a35ae4,N315RJ,B38M,BOEING 737 MAX 8,0
landing,LGA,22,1790913917.05,2026-10-02T04:05:17Z,40.775093,-73.879242,213.8,ac5312,N89315,E75L,EMBRAER ERJ-170-200 (long wing),0
takeoff,JFK,13R,1790913979.84,2026-10-02T04:06:19Z,40.64342,-73.805778,120.9,3480cc,EC-OHY,A332,AIRBUS A-330-200,0
landing,LGA,22,1790914004.61,2026-10-02T04:06:44Z,40.776525,-73.878047,210.9,a6c120,N534UW,A321,AIRBUS A-321,0
landing,LGA,22,1790914133.35,2026-10-02T04:08:53Z,40.779499,-73.87561,210.9,a38141,N325DU,BCS3,AIRBUS A220-300,0
takeoff,JFK,13R,1790914211.7,2026-10-02T04:10:11Z,40.645131,-73.809601,120.9,4079cc,G-VLIB,A35K,AIRBUS A-350-1000,0
landing,LGA,22,1790914244.08,2026-10-02T04:10:44Z,40.777922,-73.876908,210.9,a9d5df,N73270,B738,BOEING 737-800,0
takeoff,LGA,13,1790914318.76,2026-10-02T04:11:58Z,40.780249,-73.874224,123.8,aae5f7,N801DZ,B739,BOEING 737-900,0
landing,LGA,22,1790914372.53,2026-10-02T04:12:52Z,40.778445,-73.876487,213.8,aca788,N914WN,B737,BOEING 737-700,0
takeoff,JFK,13R,1790914386.49,2026-10-02T04:13:06Z,40.645131,-73.80957,120.9,a34d98,N3115J,BCS3,AIRBUS A220-300,0
takeoff,LGA,13,1790914439.0,2026-10-02T04:13:59Z,40.779808,-73.873306,123.8,a3a8c0,N335DU,BCS3,AIRBUS A220-300,0
landing,JFK,13L,1790914517.72,2026-10-02T04:15:17Z,40.64967,-73.772382,120.9,0d1139,XA-AMD,B38M,BOEING 737 MAX 8,0
takeoff,JFK,13R,1790914743.39,2026-10-02T04:19:03Z,40.6455,-73.810394,120.9,a0f4a2,N1604R,B763,BOEING 767-300,0
landing,JFK,13L,1790914767.8,2026-10-02T04:19:27Z,40.651543,-73.776535,120.9,a85887,N637JB,A320,AIRBUS A-320,0
landing,JFK,13L,1790914886.48,2026-10-02T04:21:26Z,40.648968,-73.770798,120.9,06a3d5,A6-MSD,B77L,BOEING 777-200LR,0
landing,LGA,22,1790914948.63,2026-10-02T04:22:28Z,40.777118,-73.877563,213.8,a9d5e4,N73275,B738,BOEING 737-800,0
landing,JFK,13L,1790915045.81,2026-10-02T04:24:05Z,40.651893,-73.777251,120.9,a99b83,N718TW,B752,BOEING 757-200,0
landing,JFK,13L,1790915283.6,2026-10-02T04:28:03Z,40.649723,-73.772491,123.8,ac4d1a,N892DN,B739,BOEING 737-900,0
takeoff,JFK,13R,1790915339.16,2026-10-02T04:28:59Z,40.645201,-73.809695,120.9,e8040b,CC-CXI,B763,BOEING 767-300,0
landing,LGA,22,1790915569.26,2026-10-02T04:32:49Z,40.776828,-73.877813,210.9,ad3cdf,N952JB,A321,AIRBUS A-321,0
landing,JFK,13L,1790915717.23,2026-10-02T04:35:17Z,40.651314,-73.776016,120.9,aa7bae,N775AV,A20N,AIRBUS A-320neo,0
landing,JFK,13L,1790915847.87,2026-10-02T04:37:27Z,40.650318,-73.773788,120.9,a1b2a8,N2084J,A21N,AIRBUS A-321neo,0
landing,LGA,22,1790915982.72,2026-10-02T04:39:42Z,40.777328,-73.877407,213.8,a445d9,N3746H,B738,BOEING 737-800,0
landing,JFK,13L,1790915986.5,2026-10-02T04:39:46Z,40.650558,-73.774292,120.9,0d12dd,XA-VDU,A320,AIRBUS A-320,0
takeoff,JFK,13R,1790916031.53,2026-10-02T04:40:31Z,40.645065,-73.809418,119.7,47ae38,LN-FNL,B789,BOEING 787-9 Dreamliner,0
landing,JFK,13L,1790916103.59,2026-10-02T04:41:43Z,40.649717,-73.77246,120.9,ac50d1,N893DN,B739,BOEING 737-900,0
takeoff,LGA,13,1790916118.39,2026-10-02T04:41:58Z,40.779749,-73.873178,123.8,a2b10f,N27255,B38M,BOEING 737 MAX 8,0
landing,JFK,13L,1790916515.11,2026-10-02T04:48:35Z,40.649734,-73.772507,120.9,a39b39,N331TK,B38M,BOEING 737 MAX 8,0
landing,JFK,13L,1790916605.38,2026-10-02T04:50:05Z,40.649938,-73.772944,120.9,a8b8ba,N661JB,A320,AIRBUS A-320,0
landing,JFK,13L,1790916729.85,2026-10-02T04:52:09Z,40.651102,-73.775487,120.9,0c21a8,HP-9806CMP,B38M,BOEING 737 MAX 8,0
landing,JFK,13L,1790917057.26,2026-10-02T04:57:37Z,40.649998,-73.773087,120.9,acffbe,N937AV,A20N,AIRBUS A-320neo,0
landing,LGA,22,1790917099.45,2026-10-02T04:58:19Z,40.776535,-73.878052,210.9,ac892e,N907AA,A321,AIRBUS A-321,0
takeoff,JFK,13R,1790917112.9,2026-10-02T04:58:32Z,40.645678,-73.810787,120.9,71ba04,HL7204,B77W,BOEING 777-300ER,0
landing,LGA,22,1790917287.47,2026-10-02T05:01:27Z,40.77586,-73.878632,210.9,a44cca,N3762Y,B738,BOEING 737-800,0
takeoff,JFK,22R,1790917766.93,2026-10-02T05:09:26Z,40.645224,-73.767466,212.4,4bb187,TC-LLG,B789,BOEING 787-9 Dreamliner,0
landing,LGA,22,1790917809.87,2026-10-02T05:10:09Z,40.778034,-73.876831,210.9,a3a0eb,N33292,B738,BOEING 737-800,0
takeoff,JFK,13R,1790918221.15,2026-10-02T05:17:01Z,40.64498,-73.809227,120.9,39d2a4,F-HUVE,A359,AIRBUS A-350-900,0
landing,JFK,22R,1790918543.55,2026-10-02T05:22:23Z,40.632145,-73.777695,210.9,a38af8,N3272J,BCS3,AIRBUS A220-300,0
landing,LGA,22,1790918600.21,2026-10-02T05:23:20Z,40.775675,-73.878765,213.8,a76df8,N578UW,A321,AIRBUS A-321,0
takeoff,JFK,22R,1790918671.29,2026-10-02T05:24:31Z,40.646336,-73.766602,210.9,aa7f65,N776AV,A20N,AIRBUS A-320neo,0
landing,LGA,22,1790918799.07,2026-10-02T05:26:39Z,40.778297,-73.876602,210.9,abc058,N8562Z,B738,BOEING 737-800,0
landing,JFK,22R,1790918965.78,2026-10-02T05:29:25Z,40.629822,-73.779526,210.9,adcca0,N989AN,B738,BOEING 737-800,0
takeoff,LGA,22,1790919076.94,2026-10-02T05:31:16Z,40.781857,-73.873672,213.8,aa7e7b,N77537,B738,BOEING 737-800,0
landing,LGA,22,1790919721.64,2026-10-02T05:42:01Z,40.776443,-73.878141,210.9,a34209,N309PC,B738,BOEING 737-800,0
takeoff,JFK,22R,1790919752.69,2026-10-02T05:42:32Z,40.646439,-73.766525,210.9,e8045e,CC-BHC,A20N,AIRBUS A-320neo,0
takeoff,JFK,22R,1790920093.64,2026-10-02T05:48:13Z,40.646388,-73.766561,210.9,89901b,B-18001,B77W,BOEING 777-300ER,0
takeoff,JFK,22R,1790920739.58,2026-10-02T05:58:59Z,40.645108,-73.767575,212.4,aac6f5,N794AV,B788,BOEING 787-8 Dreamliner,0
takeoff,JFK,22R,1790921112.59,2026-10-02T06:05:12Z,40.645783,-73.767045,210.9,0c605d,9Y-BAH,B38M,BOEING 737 MAX 8,0
takeoff,JFK,22R,1790921192.28,2026-10-02T06:06:32Z,40.64612,-73.766779,210.9,899031,B-16728,B77W,BOEING 777-300ER,0
landing,LGA,22,1790921247.57,2026-10-02T06:07:27Z,40.778643,-73.876331,210.9,a359c2,N315DU,BCS3,AIRBUS A220-300,0
takeoff,JFK,22R,1790921273.59,2026-10-02T06:07:53Z,40.645992,-73.766876,210.9,789231,B-LXK,A35K,AIRBUS A-350-1000,0
takeoff,JFK,22R,1790921344.4,2026-10-02T06:09:04Z,40.646458,-73.766514,210.9,8695a4,JA797A,B77W,BOEING 777-300ER,0
landing,JFK,22R,1790921562.23,2026-10-02T06:12:42Z,40.634506,-73.775862,210.9,a42665,N367AZ,B763,BOEING 767-300,0
takeoff,JFK,22R,1790921676.75,2026-10-02T06:14:36Z,40.645329,-73.767395,210.9,71be40,HL7640,A388,AIRBUS A-380-800,0
landing,JFK,22R,1790921984.36,2026-10-02T06:19:44Z,40.634738,-73.77569,210.9,a4d7dc,N411AE,A320,AIRBUS A-320,0
landing,JFK,22R,1790922304.12,2026-10-02T06:25:04Z,40.633106,-73.776932,210.9,a707a3,N552JB,A320,AIRBUS A-320,0
takeoff,JFK,22R,1790922396.83,2026-10-02T06:26:36Z,40.645504,-73.767248,210.9,781ec3,B-32D3,A359,AIRBUS A-350-900,0
takeoff,JFK,22R,1790922617.09,2026-10-02T06:30:17Z,40.646301,-73.766632,210.9,aa7bae,N775AV,A20N,AIRBUS A-320neo,0
takeoff,JFK,22R,1790922835.7,2026-10-02T06:33:55Z,40.646318,-73.766623,210.9,0d12dd,XA-VDU,A320,AIRBUS A-320,0
takeoff,JFK,22R,1790923351.78,2026-10-02T06:42:31Z,40.645981,-73.766889,210.9,0c20b4,HP-1844CMP,B738,BOEING 737-800,0
takeoff,JFK,22R,1790923803.15,2026-10-02T06:50:03Z,40.645466,-73.767303,210.9,758841,,,,
landing,JFK,22R,1790924247.19,2026-10-02T06:57:27Z,40.632545,-73.777405,210.9,7802fd,B-2422,B744,BOEING 747-400,0
takeoff,JFK,22R,1790925033.68,2026-10-02T07:10:33Z,40.64612,-73.766795,210.9,acffbe,N937AV,A20N,AIRBUS A-320neo,0
landing,JFK,22R,1790925914.51,2026-10-02T07:25:14Z,40.630875,-73.778687,210.9,0c6064,9Y-SUR,B38M,BOEING 737 MAX 8,0
landing,LGA,22,1790926174.65,2026-10-02T07:29:34Z,40.776627,-73.877975,210.9,a101c3,N164NN,A321,AIRBUS A-321,0
takeoff,JFK,22R,1790926492.99,2026-10-02T07:34:52Z,40.643337,-73.768951,210.9,841fdc,JA08WJ,A35K,AIRBUS A-350-1000,0
landing,JFK,22R,1790927506.73,2026-10-02T07:51:46Z,40.633109,-73.776954,210.9,0c2077,HP-1824CMP,B738,BOEING 737-800,0
landing,JFK,22R,1790928961.61,2026-10-02T08:16:01Z,40.635475,-73.775085,210.9,ad4bcb,N956JT,A321,AIRBUS A-321,0
takeoff,JFK,22R,1790929048.58,2026-10-02T08:17:28Z,40.646004,-73.766857,210.9,0c21a8,HP-9806CMP,B38M,BOEING 737 MAX 8,0
landing,JFK,22R,1790929885.5,2026-10-02T08:31:25Z,40.631398,-73.778281,209.6,7380c5,4X-EDF,B789,BOEING 787-9 Dreamliner,0
landing,JFK,22R,1790930067.33,2026-10-02T08:34:27Z,40.630898,-73.778671,210.9,ad1927,N943JT,A321,AIRBUS A-321,0
landing,JFK,22R,1790930386.66,2026-10-02T08:39:46Z,40.630829,-73.778732,210.9,ad0074,N937JB,A321,AIRBUS A-321,0
landing,JFK,22R,1790930680.57,2026-10-02T08:44:40Z,40.632155,-73.777688,210.9,407f94,G-DHLR,B763,BOEING 767-300,0
takeoff,JFK,13L,1790930802.06,2026-10-02T08:46:42Z,40.64677,-73.773392,165.9,ad0074,N937JB,A321,AIRBUS A-321,0
takeoff,JFK,22R,1790930878.87,2026-10-02T08:47:58Z,40.646221,-73.766708,210.9,a4d7dc,N411AE,A320,AIRBUS A-320,0
landing,JFK,22R,1790931063.95,2026-10-02T08:51:03Z,40.631247,-73.77839,210.9,a4281d,N367UP,B763,BOEING 767-300,0
landing,JFK,22R,1790931299.25,2026-10-02T08:54:59Z,40.632376,-73.777516,210.9,ad474e,N955AV,A320,AIRBUS A-320,0
landing,JFK,22R,1790931604.52,2026-10-02T09:00:04Z,40.633141,-73.776901,210.9,a17b16,N195DN,B763,BOEING 767-300,0
landing,JFK,22R,1790931833.62,2026-10-02T09:03:53Z,40.63198,-73.777813,210.9,0c605e,9Y-CAL,B38M,BOEING 737 MAX 8,0
takeoff,JFK,31R,1790932023.54,2026-10-02T09:07:03Z,40.653957,-73.788681,329.1,a38af8,N3272J,BCS3,AIRBUS A220-300,0
landing,JFK,22R,1790932050.16,2026-10-02T09:07:30Z,40.633553,-73.776581,210.9,ac72f7,N901AV,A20N,AIRBUS A-320neo,0
landing,JFK,22R,1790932186.12,2026-10-02T09:09:46Z,40.632969,-73.777048,210.9,a5237f,N430DX,A339,,0
takeoff,JFK,22R,1790932266.76,2026-10-02T09:11:06Z,40.646599,-73.766388,210.9,7802fd,B-2422,B744,BOEING 747-400,0
landing,JFK,22R,1790932389.08,2026-10-02T09:13:09Z,40.633713,-73.776474,210.9,a98219,N711ZX,B752,BOEING 757-200,0
takeoff,JFK,22R,1790932542.91,2026-10-02T09:15:42Z,40.646016,-73.766842,210.9,0c6060,9Y-BAR,B38M,BOEING 737 MAX 8,0
landing,JFK,22R,1790932626.09,2026-10-02T09:17:06Z,40.632469,-73.777454,210.9,a682ef,N519AS,B738,BOEING 737-800,0
landing,JFK,31R,1790932734.35,2026-10-02T09:18:54Z,40.653957,-73.788696,329.1,a38af8,N3272J,BCS3,AIRBUS A220-300,0
landing,JFK,22R,1790932969.38,2026-10-02T09:22:49Z,40.631387,-73.778296,210.9,ada227,N978JB,A321,AIRBUS A-321,0
landing,JFK,22L,1790933209.46,2026-10-02T09:26:49Z,40.633726,-73.763892,210.9,a01112,N103NN,A321,AIRBUS A-321,0
landing,JFK,22L,1790933439.44,2026-10-02T09:30:39Z,40.637136,-73.761224,210.9,a511f6,N426AN,A21N,AIRBUS A-321neo,0
landing,JFK,22L,1790933578.51,2026-10-02T09:32:58Z,40.637672,-73.760803,210.9,a79046,N587DT,A21N,AIRBUS A-321neo,0
landing,JFK,22L,1790933744.78,2026-10-02T09:35:44Z,40.63631,-73.761864,210.9,a03765,N113AN,A321,AIRBUS A-321,0
landing,JFK,22L,1790933846.61,2026-10-02T09:37:26Z,40.635891,-73.762176,212.4,ab79ca,N839AA,B789,BOEING 787-9 Dreamliner,0
takeoff,JFK,22R,1790933853.36,2026-10-02T09:37:33Z,40.646062,-73.766811,210.9,0c6064,9Y-SUR,B38M,BOEING 737 MAX 8,0
landing,JFK,22L,1790934039.86,2026-10-02T09:40:39Z,40.636996,-73.761318,210.9,a40e1c,N360UP,B763,BOEING 767-300,0
landing,JFK,22L,1790934165.42,2026-10-02T09:42:45Z,40.637148,-73.761224,210.9,789244,B-LQF,A359,AIRBUS A-350-900,0
takeoff,JFK,22L,1790934165.42,2026-10-02T09:42:45Z,40.637148,-73.761224,210.9,789244,B-LQF,A359,AIRBUS A-350-900,0
landing,JFK,22L,1790934165.74,2026-10-02T09:42:45Z,40.63702,-73.761322,210.9,789244,B-LQF,A359,AIRBUS A-350-900,0
landing,JFK,22L,1790934376.31,2026-10-02T09:46:16Z,40.635914,-73.76216,210.9,a26e4a,N256FE,B763,,0
landing,JFK,22L,1790934492.44,2026-10-02T09:48:12Z,40.635395,-73.762589,210.9,a3401a,N3085J,BCS3,AIRBUS A220-300,0
landing,JFK,22L,1790934616.55,2026-10-02T09:50:16Z,40.637947,-73.760574,210.9,738076,4X-ECF,B772,BOEING 777-200,0
landing,JFK,22L,1790934749.51,2026-10-02T09:52:29Z,40.635774,-73.762301,210.9,71c252,HL8252,B77L,BOEING 777-200LR,0
landing,JFK,22L,1790934830.25,2026-10-02T09:53:50Z,40.63624,-73.761895,210.9,3c4ec7,D-ACVG,A333,AIRBUS A-330-300,0
landing,JFK,22L,1790934998.67,2026-10-02T09:56:38Z,40.636917,-73.761383,210.9,a38367,N3251J,BCS3,,0
landing,JFK,22L,1790935095.43,2026-10-02T09:58:15Z,40.636139,-73.761993,210.9,0aca5f,HK-5389,A20N,AIRBUS A-320neo,0
landing,JFK,22L,1790935184.26,2026-10-02T09:59:44Z,40.637009,-73.761307,210.9,a770a2,N579JB,A320,AIRBUS A-320,0
landing,JFK,22L,1790935300.5,2026-10-02T10:01:40Z,40.637203,-73.761169,210.9,a81085,N619DN,,,0
takeoff,LGA,13,1790935401.86,2026-10-02T10:03:21Z,40.781994,-73.877869,123.8,abc2e5,N857RW,E170,EMBRAER ERJ-170-100,0
landing,JFK,22L,1790935418.06,2026-10-02T10:03:38Z,40.637981,-73.760559,210.9,a808ed,N617BW,CL60,BOMBARDIER CL-600 Challenger,8
takeoff,JFK,22R,1790935472.94,2026-10-02T10:04:32Z,40.649251,-73.764298,210.9,a1b449,N209JQ,E75L,EMBRAER ERJ-170-200 (long wing),0
takeoff,LGA,13,1790935493.63,2026-10-02T10:04:53Z,40.779751,-73.873184,123.8,acd964,N927NN,B738,BOEING 737-800,0
landing,JFK,22L,1790935515.03,2026-10-02T10:05:15Z,40.633862,-73.763763,210.9,a45316,N378SC,B38M,BOEING 737 MAX 8,0
landing,JFK,22L,1790935623.51,2026-10-02T10:07:03Z,40.639778,-73.75918,210.9,a08826,N133UP,A306,AIRBUS A-300-600,0
takeoff,LGA,13,1790935682.87,2026-10-02T10:08:02Z,40.779714,-73.8731,123.8,a9d5e4,N73275,B738,BOEING 737-800,0
takeoff,JFK,22R,1790935699.7,2026-10-02T10:08:19Z,40.646381,-73.766556,210.9,adafb5,N981JT,A321,AIRBUS A-321,0
takeoff,LGA,13,1790935751.51,2026-10-02T10:09:11Z,40.779854,-73.873413,123.8,a6c120,N534UW,A321,AIRBUS A-321,0
landing,JFK,22L,1790935771.36,2026-10-02T10:09:31Z,40.636892,-73.761396,210.9,a7cb53,N601DT,A21N,AIRBUS A-321neo,0
takeoff,JFK,22R,1790935778.84,2026-10-02T10:09:38Z,40.646393,-73.766556,210.9,a793fd,N588DT,A21N,AIRBUS A-321neo,0
takeoff,LGA,13,1790935796.46,2026-10-02T10:09:56Z,40.780028,-73.873771,123.8,a037b9,N113DX,A321,AIRBUS A-321,0
takeoff,LGA,13,1790935848.81,2026-10-02T10:10:48Z,40.780071,-73.873871,123.8,ad3cdf,N952JB,A321,AIRBUS A-321,0
takeoff,JFK,22R,1790935863.05,2026-10-02T10:11:03Z,40.646446,-73.76653,210.9,abb3b6,N853NN,B738,BOEING 737-800,0
landing,JFK,22L,1790935886.12,2026-10-02T10:11:26Z,40.635995,-73.762113,216.6,ab48bf,N826SK,CRJ9,BOMBARDIER Regional Jet CRJ-900,0
landing,LGA,22,1790935906.8,2026-10-02T10:11:46Z,40.778829,-73.876159,210.9,a35701,N314PQ,CRJ9,BOMBARDIER Regional Jet CRJ-900,0
takeoff,LGA,13,1790935937.85,2026-10-02T10:12:17Z,40.779556,-73.872772,123.8,a38141,N325DU,BCS3,AIRBUS A220-300,0
landing,JFK,22L,1790935961.46,2026-10-02T10:12:41Z,40.635544,-73.762466,210.9,a6492f,N504DZ,A21N,AIRBUS A-321neo,0
takeoff,JFK,22R,1790936047.78,2026-10-02T10:14:07Z,40.646377,-73.766561,210.9,a42665,N367AZ,B763,BOEING 767-300,0
takeoff,LGA,13,1790936057.3,2026-10-02T10:14:17Z,40.779702,-73.873069,123.8,a0103b,N103DY,A321,AIRBUS A-321,0
landing,JFK,22L,1790936101.22,2026-10-02T10:15:01Z,40.635853,-73.762207,210.9,a6b0bd,N530DE,A21N,,0
takeoff,LGA,13,1790936128.94,2026-10-02T10:15:28Z,40.780186,-73.8741,123.8,ace96d,N931AN,B738,BOEING 737-800,0
takeoff,JFK,22R,1790936157.17,2026-10-02T10:15:57Z,40.647331,-73.765823,210.9,a85887,N637JB,A320,AIRBUS A-320,0
takeoff,LGA,13,1790936207.14,2026-10-02T10:16:47Z,40.780289,-73.874313,123.8,abbd8d,N8559Q,B738,BOEING 737-800,0
takeoff,JFK,22R,1790936274.51,2026-10-02T10:17:54Z,40.646072,-73.766815,210.9,ad7701,N967JT,A321,AIRBUS A-321,0
takeoff,LGA,13,1790936278.43,2026-10-02T10:17:58Z,40.780261,-73.874255,123.8,abd17b,N8602F,B738,BOEING 737-800,0
takeoff,JFK,22R,1790936339.2,2026-10-02T10:18:59Z,40.646381,-73.766571,210.9,a93d9f,N695DL,B752,BOEING 757-200,0
takeoff,LGA,13,1790936350.69,2026-10-02T10:19:10Z,40.779854,-73.873383,123.8,a9d5df,N73270,B738,BOEING 737-800,0
takeoff,JFK,22R,1790936440.61,2026-10-02T10:20:40Z,40.646152,-73.766754,210.9,a337b9,N306XR,,,0
takeoff,LGA,13,1790936570.0,2026-10-02T10:22:50Z,40.779625,-73.872925,123.8,a0d19e,N152AA,A321,AIRBUS A-321,0
takeoff,JFK,22R,1790936591.29,2026-10-02T10:23:11Z,40.646109,-73.766764,210.9,ad1927,N943JT,A321,AIRBUS A-321,0
takeoff,LGA,13,1790936629.05,2026-10-02T10:23:49Z,40.781634,-73.877142,123.8,ab282b,N818MD,E170,EMBRAER ERJ-170-100,0
landing,JFK,22L,1790936682.12,2026-10-02T10:24:42Z,40.635796,-73.762253,210.9,a12861,N174DN,B763,BOEING 767-300,0
takeoff,LGA,13,1790936702.08,2026-10-02T10:25:02Z,40.781471,-73.876783,123.8,a1a1b6,N204JQ,E75L,EMBRAER ERJ-170-200 (long wing),0
takeoff,LGA,13,1790936785.75,2026-10-02T10:26:25Z,40.779272,-73.872164,123.8,a37d8a,N324DU,BCS3,AIRBUS A220-300,0
takeoff,JFK,22R,1790936794.29,2026-10-02T10:26:34Z,40.646365,-73.766577,210.9,a19d0d,N2029J,A21N,AIRBUS A-321neo,0
landing,JFK,22L,1790936863.76,2026-10-02T10:27:43Z,40.6356,-73.762426,210.9,a2c4b6,N278FE,B763,BOEING 767-300,0
takeoff,JFK,22R,1790936907.86,2026-10-02T10:28:27Z,40.646074,-73.766811,210.9,ad4804,N955JB,A321,AIRBUS A-321,0
landing,JFK,22L,1790937053.46,2026-10-02T10:30:53Z,40.637363,-73.761032,208.1,aca79d,N914XJ,CRJ9,BOMBARDIER Regional Jet CRJ-900,0
takeoff,LGA,13,1790937138.93,2026-10-02T10:32:18Z,40.781445,-73.876724,123.8,ac5312,N89315,E75L,EMBRAER ERJ-170-200 (long wing),0
landing,JFK,22L,1790937197.82,2026-10-02T10:33:17Z,40.633827,-73.763809,210.9,a37eb0,N324RN,B38M,BOEING 737 MAX 8,0
takeoff,JFK,22R,1790937219.46,2026-10-02T10:33:39Z,40.646377,-73.766577,210.9,a36b50,N3195J,BCS3,,0
landing,LGA,22,1790937330.9,2026-10-02T10:35:30Z,40.776924,-73.877747,210.9,acd68a,N926XJ,CRJ9,BOMBARDIER Regional Jet CRJ-900,0
landing,JFK,22L,1790937397.72,2026-10-02T10:36:37Z,40.634708,-73.763092,210.9,a68d27,N521FE,MD11,MCDONNELL-DOUGLAS MD-11,0
takeoff,JFK,22R,1790937433.41,2026-10-02T10:37:13Z,40.645695,-73.767105,210.9,a387f0,N3267J,BCS3,,0
takeoff,LGA,13,1790937511.5,2026-10-02T10:38:31Z,40.780528,-73.874801,123.8,a7fe27,N614FR,A21N,AIRBUS A-321neo,0
takeoff,JFK,22R,1790937542.39,2026-10-02T10:39:02Z,40.646027,-73.766846,210.9,a38633,N326SJ,B38M,BOEING 737 MAX 8,0
landing,JFK,22L,1790937565.19,2026-10-02T10:39:25Z,40.635018,-73.762862,210.9,a35592,N3139J,BCS3,AIRBUS A220-300,0
takeoff,LGA,13,1790937580.02,2026-10-02T10:39:40Z,40.779591,-73.872833,123.8,ac92b1,N909XJ,CRJ9,BOMBARDIER Regional Jet CRJ-900,0
takeoff,LGA,13,1790937640.08,2026-10-02T10:40:40Z,40.781708,-73.877274,123.8,a09239,N136HQ,E75L,EMBRAER ERJ-170-200 (long wing),0
takeoff,JFK,22R,1790937669.69,2026-10-02T10:41:09Z,40.645832,-73.766983,210.9,a7bfa0,N599JB,A320,AIRBUS A-320,0
takeoff,LGA,13,1790937786.98,2026-10-02T10:43:06Z,40.779247,-73.872116,123.8,c05ed0,C-GJXN,BCS3,AIRBUS A220-300,0
landing,JFK,22L,1790937806.81,2026-10-02T10:43:26Z,40.635006,-73.762862,210.9,a47244,N386HA,A332,AIRBUS A-330-200,0
takeoff,LGA,13,1790937846.15,2026-10-02T10:44:06Z,40.779562,-73.872788,140.6,a1584a,N186PQ,CRJ9,BOMBARDIER Regional Jet CRJ-900,0
landing,JFK,22L,1790937907.95,2026-10-02T10:45:07Z,40.635143,-73.762802,210.9,aa4903,N762AN,B772,BOEING 777-200,0
landing,JFK,22L,1790938063.91,2026-10-02T10:47:43Z,40.634564,-73.763237,213.8,a01c37,N106NN,A321,AIRBUS A-321,0
takeoff,JFK,22R,1790938131.28,2026-10-02T10:48:51Z,40.645798,-73.767014,210.9,a1b2a8,N2084J,A21N,AIRBUS A-321neo,0
landing,LGA,22,1790938136.79,2026-10-02T10:48:56Z,40.775745,-73.878718,210.9,a2fe3c,N292PQ,CRJ9,BOMBARDIER Regional Jet CRJ-900,0
landing,JFK,22L,1790938160.57,2026-10-02T10:49:20Z,40.635258,-73.76268,210.9,a6ca7f,N537AS,B738,BOEING 737-800,0
takeoff,LGA,04,1790938216.6,2026-10-02T10:50:16Z,40.781948,-73.878571,19.7,abbb77,N855RW,E170,EMBRAER ERJ-170-100,0
landing,JFK,22L,1790938258.92,2026-10-02T10:50:58Z,40.636705,-73.761552,210.9,a38019,N3244J,BCS3,,0
landing,LGA,22,1790938284.07,2026-10-02T10:51:24Z,40.777748,-73.87706,210.9,a39723,N330PQ,CRJ9,BOMBARDIER Regional Jet CRJ-900,0
takeoff,JFK,22R,1790938323.14,2026-10-02T10:52:03Z,40.646039,-73.766826,210.9,ad474e,N955AV,A320,AIRBUS A-320,0
landing,JFK,22L,1790938375.58,2026-10-02T10:52:55Z,40.635887,-73.762192,210.9,a1a0c4,N2039J,A21N,AIRBUS A-321neo,0
landing,LGA,22,1790938403.88,2026-10-02T10:53:23Z,40.776502,-73.878078,210.9,a0835d,N132HQ,E75L,EMBRAER ERJ-170-200 (long wing),0
takeoff,LGA,13,1790938406.7,2026-10-02T10:53:26Z,40.781657,-73.877158,123.8,a4b294,N401YX,E75L,EMBRAER ERJ-170-200 (long wing),0
takeoff,JFK,22R,1790938417.74,2026-10-02T10:53:37Z,40.646381,-73.766556,210.9,ac72f7,N901AV,A20N,AIRBUS A-320neo,0
landing,LGA,22,1790938495.15,2026-10-02T10:54:55Z,40.775608,-73.878784,210.9,abd41a,N861RW,E170,EMBRAER ERJ-170-100,0
landing,JFK,22L,1790938508.07,2026-10-02T10:55:08Z,40.634157,-73.763596,210.9,a50549,N422YX,E75L,EMBRAER ERJ-170-200 (long wing),0
landing,LGA,22,1790938587.2,2026-10-02T10:56:27Z,40.776083,-73.878437,210.9,a086ce,N133EV,CRJ9,BOMBARDIER Regional Jet CRJ-900,0
takeoff,LGA,13,1790938607.83,2026-10-02T10:56:47Z,40.781662,-73.877197,123.8,a4e8ef,N415YX,E75L,EMBRAER ERJ-170-200 (long wing),0
landing,JFK,22L,1790938656.74,2026-10-02T10:57:36Z,40.634343,-73.763393,210.9,ad5c30,N960AK,B39M,BOEING 737 MAX 9,0
landing,LGA,22,1790938681.87,2026-10-02T10:58:01Z,40.7772,-73.877501,210.9,ab1d06,N815MD,E170,EMBRAER ERJ-170-100,0
takeoff,LGA,13,1790938696.84,2026-10-02T10:58:16Z,40.779373,-73.872437,120.9,a145b7,N181PQ,CRJ9,BOMBARDIER Regional Jet CRJ-900,0
takeoff,JFK,22R,1790938729.0,2026-10-02T10:58:49Z,40.645969,-73.766891,210.9,a1d2dc,N2165J,A21N,AIRBUS A-321neo,0
landing,JFK,22L,1790938759.73,2026-10-02T10:59:19Z,40.636205,-73.761926,210.9,a44943,N3754A,B738,BOEING 737-800,0
landing,LGA,22,1790938781.22,2026-10-02T10:59:41Z,40.775629,-73.878812,210.9,a23bfb,N243JQ,E75L,EMBRAER ERJ-170-200 (long wing),0
landing,JFK,22L,1790938848.19,2026-10-02T11:00:48Z,40.633924,-73.763705,210.9,ad7ab8,N968JT,A321,AIRBUS A-321,0
takeoff,JFK,22R,1790938851.22,2026-10-02T11:00:51Z,40.646935,-73.76614,210.9,a198ed,N2016J,A21N,AIRBUS A-321neo,0
landing,LGA,22,1790938905.76,2026-10-02T11:01:45Z,40.774989,-73.879327,210.9,a07228,N128HQ,E75L,EMBRAER ERJ-170-200 (long wing),0
takeoff,LGA,13,1790938911.19,2026-10-02T11:01:51Z,40.781376,-73.876587,123.8,a517dc,N427YX,E75L,EMBRAER ERJ-170-200 (long wing),0
landing,JFK,22L,1790938947.85,2026-10-02T11:02:27Z,40.638393,-73.760239,210.9,aafca8,N807JB,A320,AIRBUS A-320,0
landing,LGA,22,1790939021.54,2026-10-02T11:03:41Z,40.775333,-73.879028,210.9,abdf3f,N864RW,E170,EMBRAER ERJ-170-100,0
landing,JFK,22L,1790939030.67,2026-10-02T11:03:50Z,40.637226,-73.761139,210.9,a3845c,N3258J,BCS3,,0
takeoff,JFK,22R,1790939037.58,2026-10-02T11:03:57Z,40.646039,-73.766842,210.9,407f94,G-DHLR,B763,BOEING 767-300,0
takeoff,LGA,13,1790939054.31,2026-10-02T11:04:14Z,40.779562,-73.872804,123.8,a38b84,N3276J,BCS3,AIRBUS A220-300,0
landing,JFK,22L,1790939120.1,2026-10-02T11:05:20Z,40.637398,-73.761017,210.9,ace1af,N929XJ,CRJ9,BOMBARDIER Regional Jet CRJ-900,0
landing,LGA,22,1790939132.25,2026-10-02T11:05:32Z,40.775219,-73.879105,210.9,a1c57e,N213JQ,E75L,EMBRAER ERJ-170-200 (long wing),0
takeoff,JFK,22R,1790939164.47,2026-10-02T11:06:04Z,40.649344,-73.764236,210.9,a046f2,N117HQ,E75L,EMBRAER ERJ-170-200 (long wing),0
takeoff,JFK,22R,1790939231.03,2026-10-02T11:07:11Z,40.647091,-73.766022,210.9,aaf53a,N805JB,A320,AIRBUS A-320,0
landing,JFK,22L,1790939234.62,2026-10-02T11:07:14Z,40.632717,-73.765549,239.1,a0634c,N124HQ,E75L,EMBRAER ERJ-170-200 (long wing),0
takeoff,LGA,13,1790939246.37,2026-10-02T11:07:26Z,40.780307,-73.874349,123.8,abc058,N8562Z,B738,BOEING 737-800,0
landing,JFK,22L,1790939273.4,2026-10-02T11:07:53Z,40.634971,-73.762909,209.6,ab30e6,N820AL,B789,BOEING 787-9 Dreamliner,0
takeoff,LGA,13,1790939386.92,2026-10-02T11:09:46Z,40.780342,-73.874427,123.8,a34209,N309PC,B738,BOEING 737-800,0
landing,JFK,22L,1790939449.06,2026-10-02T11:10:49Z,40.633919,-73.763809,216.6,a1c935,N214JQ,E75L,EMBRAER ERJ-170-200 (long wing),0
takeoff,JFK,22L,1790939451.36,2026-10-02T11:10:51Z,40.633495,-73.764252,222.2,a1c935,N214JQ,E75L,EMBRAER ERJ-170-200 (long wing),0
landing,JFK,22L,1790939452.79,2026-10-02T11:10:52Z,40.633272,-73.764532,227.8,a1c935,N214JQ,E75L,EMBRAER ERJ-170-200 (long wing),0
takeoff,JFK,22L,1790939452.79,2026-10-02T11:10:52Z,40.633272,-73.764532,227.8,a1c935,N214JQ,E75L,EMBRAER ERJ-170-200 (long wing),0
landing,JFK,22L,1790939454.03,2026-10-02T11:10:54Z,40.633129,-73.764755,230.6,a1c935,N214JQ,E75L,EMBRAER ERJ-170-200 (long wing),0
takeoff,JFK,22R,1790939459.39,2026-10-02T11:10:59Z,40.645866,-73.766983,210.9,a35ae4,N315RJ,B38M,BOEING 737 MAX 8,0
landing,LGA,22,1790939478.22,2026-10-02T11:11:18Z,40.77499,-73.879303,208.1,ac1951,N879RW,E170,EMBRAER ERJ-170-100,0
takeoff,LGA,13,1790939486.19,2026-10-02T11:11:26Z,40.779785,-73.873291,120.9,a76df8,N578UW,A321,AIRBUS A-321,0
takeoff,LGA,13,1790939520.22,2026-10-02T11:12:00Z,40.781378,-73.87658,123.8,a1a924,N206JQ,E75L,EMBRAER ERJ-170-200 (long wing),0
landing,JFK,22L,1790939523.33,2026-10-02T11:12:03Z,40.635332,-73.762613,210.9,a16883,N190DN,B763,BOEING 767-300,0
takeoff,JFK,22R,1790939523.81,2026-10-02T11:12:03Z,40.646353,-73.766592,210.9,a39b39,N331TK,B38M,BOEING 737 MAX 8,0
takeoff,JFK,22R,1790939581.84,2026-10-02T11:13:01Z,40.646458,-73.766514,210.9,a1dab3,N2188J,A21N,AIRBUS A-321neo,0
landing,LGA,22,1790939586.68,2026-10-02T11:13:06Z,40.777119,-73.877579,210.9,aca3e6,N913XJ,CRJ9,BOMBARDIER Regional Jet CRJ-900,0
landing,JFK,22L,1790939646.46,2026-10-02T11:14:06Z,40.633901,-73.763736,210.9,ad2445,N946JL,A321,AIRBUS A-321,0
takeoff,LGA,13,1790939661.99,2026-10-02T11:14:21Z,40.781742,-73.877365,123.8,a1d811,N218JQ,E75S,EMBRAER ERJ-170-200 (short wing),0
takeoff,JFK,22R,1790939699.67,2026-10-02T11:14:59Z,40.646187,-73.766708,210.9,ac1466,N878DN,B739,BOEING 737-900,0
takeoff,LGA,13,1790939750.0,2026-10-02T11:15:50Z,40.779739,-73.873199,123.8,a033f9,N112DN,A321,AIRBUS A-321,0
landing,JFK,22L,1790939750.64,2026-10-02T11:15:50Z,40.637123,-73.761215,210.9,a36b2d,N3194J,BCS3,,0
takeoff,JFK,22R,1790939751.25,2026-10-02T11:15:51Z,40.646365,-73.766577,210.9,a1775f,N194DN,B763,BOEING 767-300,0
landing,LGA,22,1790939819.35,2026-10-02T11:16:59Z,40.77869,-73.876268,210.9,c080d9,C-GWUQ,BCS3,AIRBUS A220-300,0
takeoff,LGA,13,1790939838.94,2026-10-02T11:17:18Z,40.77983,-73.87335,118.1,a14c70,N183GJ,CRJ9,BOMBARDIER Regional Jet CRJ-900,0
takeoff,JFK,22R,1790939843.24,2026-10-02T11:17:23Z,40.647156,-73.765952,210.9,a75da2,N574DT,A21N,AIRBUS A-321neo,0
landing,JFK,22L,1790939847.34,2026-10-02T11:17:27Z,40.636414,-73.76178,212.4,04c11b,5Y-KZE,B788,BOEING 787-8 Dreamliner,0
takeoff,JFK,22R,1790939907.11,2026-10-02T11:18:27Z,40.646313,-73.766617,210.9,a779eb,N581DA,A21N,,0
landing,LGA,22,1790939933.07,2026-10-02T11:18:53Z,40.77521,-73.87914,210.9,a8847f,N648RW,E170,EMBRAER ERJ-170-100,0
landing,JFK,22L,1790939969.48,2026-10-02T11:19:29Z,40.636528,-73.761688,210.9,a0f44c,N1602,B763,BOEING 767-300,0
takeoff,JFK,22R,1790940022.22,2026-10-02T11:20:22Z,40.646656,-73.766342,210.9,a0428a,N116AN,A321,AIRBUS A-321,0
takeoff,JFK,22R,1790940085.64,2026-10-02T11:21:25Z,40.648157,-73.765172,210.9,a808ed,N617BW,CL60,BOMBARDIER CL-600 Challenger,8
landing,JFK,22L,1790940088.89,2026-10-02T11:21:28Z,40.638805,-73.759888,210.9,a70f11,N554JB,A320,AIRBUS A-320,0
landing,LGA,22,1790940107.81,2026-10-02T11:21:47Z,40.778149,-73.876709,213.8,a33243,N305DU,BCS3,AIRBUS A220-300,0
takeoff,LGA,13,1790940116.31,2026-10-02T11:21:56Z,40.781662,-73.877197,123.8,a0144e,N104HQ,E75L,EMBRAER ERJ-170-200 (long wing),0
landing,JFK,22L,1790940163.6,2026-10-02T11:22:43Z,40.635944,-73.762131,210.9,adb723,N983JT,A321,AIRBUS A-321,0
landing,LGA,22,1790940210.23,2026-10-02T11:23:30Z,40.774864,-73.879395,210.9,a1dd2d,N219YX,E75L,EMBRAER ERJ-170-200 (long wing),0
landing,JFK,22L,1790940258.52,2026-10-02T11:24:18Z,40.637892,-73.760631,210.9,ab0416,N809JB,A320,AIRBUS A-320,0
takeoff,JFK,22R,1790940320.79,2026-10-02T11:25:20Z,40.645795,-73.767029,210.9,a4a0cd,N398DA,B738,BOEING 737-800,0
takeoff,LGA,13,1790940322.94,2026-10-02T11:25:22Z,40.779714,-73.873116,123.8,a422f7,N366DX,A321,AIRBUS A-321,0
landing,JFK,22L,1790940346.86,2026-10-02T11:25:46Z,40.637241,-73.76113,210.9,a939e8,N694DL,B752,BOEING 757-200,0
takeoff,JFK,22R,1790940376.43,2026-10-02T11:26:16Z,40.646839,-73.76622,210.9,a01112,N103NN,A321,AIRBUS A-321,0
landing,LGA,22,1790940391.19,2026-10-02T11:26:31Z,40.777336,-73.87738,210.9,a385ee,N326PQ,CRJ9,BOMBARDIER Regional Jet CRJ-900,0
takeoff,LGA,13,1790940424.1,2026-10-02T11:27:04Z,40.779488,-73.872681,123.8,a445d9,N3746H,B738,BOEING 737-800,0
takeoff,JFK,22R,1790940430.88,2026-10-02T11:27:10Z,40.646388,-73.766545,210.9,a124b5,N173DZ,B763,BOEING 767-300,0
landing,JFK,22L,1790940438.01,2026-10-02T11:27:18Z,40.635006,-73.762878,210.9,a35949,N3149J,BCS3,AIRBUS A220-300,0
takeoff,LGA,13,1790940463.59,2026-10-02T11:27:43Z,40.779493,-73.872663,123.8,ac3beb,N888DU,B739,BOEING 737-900,0
landing,JFK,22L,1790940532.16,2026-10-02T11:28:52Z,40.634459,-73.763299,210.9,a38ad5,N3271J,BCS3,,0
landing,LGA,22,1790940537.5,2026-10-02T11:28:57Z,40.777966,-73.876862,210.9,a33339,N305PQ,CRJ9,BOMBARDIER Regional Jet CRJ-900,0
takeoff,LGA,13,1790940561.8,2026-10-02T11:29:21Z,40.780156,-73.874052,123.8,ac5bf6,N896DN,B739,BOEING 737-900,0
takeoff,JFK,22R,1790940596.1,2026-10-02T11:29:56Z,40.646416,-73.766541,210.9,a8b8ba,N661JB,A320,AIRBUS A-320,0
takeoff,LGA,13,1790940613.32,2026-10-02T11:30:13Z,40.779865,-73.873444,123.8,a022c4,N108DN,A321,AIRBUS A-321,0
landing,JFK,22L,1790940633.55,2026-10-02T11:30:33Z,40.635979,-73.762131,210.9,a41b66,N364CM,B763,BOEING 767-300,0
takeoff,LGA,13,1790940650.77,2026-10-02T11:30:50Z,40.780261,-73.874271,123.8,a26c12,N255WN,B737,BOEING 737-700,0
takeoff,LGA,13,1790940708.85,2026-10-02T11:31:48Z,40.781774,-73.877407,123.8,a04e60,N119HQ,E75L,EMBRAER ERJ-170-200 (long wing),0
landing,JFK,22L,1790940761.24,2026-10-02T11:32:41Z,40.633738,-73.763955,219.4,a08714,N133HQ,E75L,EMBRAER ERJ-170-200 (long wing),0
takeoff,JFK,22L,1790940761.24,2026-10-02T11:32:41Z,40.633738,-73.763955,219.4,a08714,N133HQ,E75L,EMBRAER ERJ-170-200 (long wing),0
landing,JFK,22L,1790940762.06,2026-10-02T11:32:42Z,40.63361,-73.764095,222.2,a08714,N133HQ,E75L,EMBRAER ERJ-170-200 (long wing),0
landing,LGA,22,1790940785.99,2026-10-02T11:33:05Z,40.775105,-73.879218,210.9,abd063,N860RW,E170,EMBRAER ERJ-170-100,0
takeoff,JFK,22R,1790940796.71,2026-10-02T11:33:16Z,40.647091,-73.766006,210.9,a80560,N616DN,,,0
takeoff,LGA,13,1790940797.14,2026-10-02T11:33:17Z,40.779831,-73.873352,123.8,a45586,N379DA,B738,BOEING 737-800,0
landing,LGA,22,1790940867.89,2026-10-02T11:34:27Z,40.776921,-73.877735,210.9,a21142,N232PQ,CRJ9,BOMBARDIER Regional Jet CRJ-900,0
landing,JFK,22L,1790940871.83,2026-10-02T11:34:31Z,40.636265,-73.761887,213.8,ab6519,N833SK,CRJ9,BOMBARDIER Regional Jet CRJ-900,0
takeoff,JFK,22L,1790940871.83,2026-10-02T11:34:31Z,40.636265,-73.761887,213.8,ab6519,N833SK,CRJ9,BOMBARDIER Regional Jet CRJ-900,0
landing,JFK,22L,1790940874.94,2026-10-02T11:34:34Z,40.635251,-73.762691,210.9,ab6519,N833SK,CRJ9,BOMBARDIER Regional Jet CRJ-900,0
takeoff,LGA,13,1790940896.58,2026-10-02T11:34:56Z,40.779385,-73.872437,123.8,a359c2,N315DU,BCS3,AIRBUS A220-300,0
takeoff,JFK,22R,1790940897.43,2026-10-02T11:34:57Z,40.646164,-73.766724,210.9,ac50d1,N893DN,B739,BOEING 737-900,0
takeoff,JFK,22R,1790940977.22,2026-10-02T11:36:17Z,40.646051,-73.766826,210.9,a071c8,N128DU,BCS1,AIRBUS A220-100,0
landing,LGA,22,1790941002.23,2026-10-02T11:36:42Z,40.774796,-73.879471,208.1,abd7d1,N862RW,E170,EMBRAER ERJ-170-100,0
landing,JFK,22L,1790941006.78,2026-10-02T11:36:46Z,40.634866,-73.762987,212.4,e8046e,CC-BGS,B789,BOEING 787-9 Dreamliner,0
takeoff,LGA,13,1790941013.69,2026-10-02T11:36:53Z,40.780666,-73.875092,120.9,a10bbc,N167AN,A321,AIRBUS A-321,0
takeoff,JFK,22R,1790941040.6,2026-10-02T11:37:20Z,40.646725,-73.766296,210.9,a511f6,N426AN,A21N,AIRBUS A-321neo,0
takeoff,JFK,22R,1790941103.19,2026-10-02T11:38:23Z,40.646144,-73.766748,210.9,0c605e,9Y-CAL,B38M,BOEING 737 MAX 8,0
landing,LGA,22,1790941122.87,2026-10-02T11:38:42Z,40.774837,-73.879436,208.1,a01f73,N107HQ,E75L,EMBRAER ERJ-170-200 (long wing),0
takeoff,LGA,13,1790941132.03,2026-10-02T11:38:52Z,40.780226,-73.874177,123.8,a3a0eb,N33292,B738,BOEING 737-800,0
landing,JFK,22L,1790941149.35,2026-10-02T11:39:09Z,40.635155,-73.762756,210.9,ad56e0,N959JB,A321,AIRBUS A-321,0
landing,LGA,22,1790941234.32,2026-10-02T11:40:34Z,40.775196,-73.879166,210.9,a5106e,N425YX,E75L,EMBRAER ERJ-170-200 (long wing),0
takeoff,LGA,13,1790941244.63,2026-10-02T11:40:44Z,40.779808,-73.873306,123.8,a3b79c,N339DU,,,0
takeoff,JFK,22R,1790941281.33,2026-10-02T11:41:21Z,40.647011,-73.766083,210.9,a187ba,N198UW,A321,AIRBUS A-321,0
landing,JFK,22L,1790941288.62,2026-10-02T11:41:28Z,40.633816,-73.76387,219.4,a026e1,N109HQ,E75L,EMBRAER ERJ-170-200 (long wing),0
landing,LGA,22,1790941336.36,2026-10-02T11:42:16Z,40.774349,-73.879745,199.7,a8996b,N653RW,E170,EMBRAER ERJ-170-100,0
takeoff,JFK,22R,1790941339.27,2026-10-02T11:42:19Z,40.646645,-73.766357,210.9,acaf0b,N916XJ,CRJ9,BOMBARDIER Regional Jet CRJ-900,0
takeoff,LGA,13,1790941340.21,2026-10-02T11:42:20Z,40.780094,-73.873901,123.8,a5aa78,N464WN,B737,BOEING 737-700,0
landing,JFK,22L,1790941402.57,2026-10-02T11:43:22Z,40.636745,-73.761505,208.1,a305aa,N294PQ,CRJ9,BOMBARDIER Regional Jet CRJ-900,0
takeoff,JFK,22R,1790941411.09,2026-10-02T11:43:31Z,40.647079,-73.766022,210.9,a4281d,N367UP,B763,BOEING 767-300,0
landing,LGA,22,1790941429.94,2026-10-02T11:43:49Z,40.7767,-73.877907,210.9,ac1f61,N880RW,E170,EMBRAER ERJ-170-100,0
takeoff,LGA,13,1790941438.06,2026-10-02T11:43:58Z,40.779716,-73.873123,123.8,ac892e,N907AA,A321,AIRBUS A-321,0
landing,LGA,22,1790941511.91,2026-10-02T11:45:11Z,40.774884,-73.879374,210.9,c02e91,C-FRQM,E75S,EMBRAER ERJ-170-200 (short wing),0
takeoff,LGA,13,1790941516.39,2026-10-02T11:45:16Z,40.779579,-73.872818,120.9,a35701,N314PQ,CRJ9,BOMBARDIER Regional Jet CRJ-900,0
landing,JFK,22L,1790941528.88,2026-10-02T11:45:28Z,40.631721,-73.765472,213.8,a08acb,N134HQ,E75L,EMBRAER ERJ-170-200 (long wing),0
takeoff,JFK,22R,1790941546.39,2026-10-02T11:45:46Z,40.646015,-73.766846,210.9,a682ef,N519AS,B738,BOEING 737-800,0
takeoff,LGA,13,1790941584.93,2026-10-02T11:46:24Z,40.779632,-73.872944,123.8,a3b3e5,N338DU,BCS3,AIRBUS A220-300,0
takeoff,JFK,22R,1790941614.09,2026-10-02T11:46:54Z,40.646061,-73.766815,210.9,ac5920,N895NN,B738,BOEING 737-800,0
landing,LGA,22,1790941624.44,2026-10-02T11:47:04Z,40.777072,-73.87761,210.9,a2c93f,N279PQ,CRJ9,BOMBARDIER Regional Jet CRJ-900,0
landing,JFK,22L,1790941641.26,2026-10-02T11:47:21Z,40.637043,-73.761276,210.9,4d22a0,9H-HFA,A333,AIRBUS A-330-300,0
takeoff,LGA,13,1790941645.0,2026-10-02T11:47:25Z,40.78014,-73.874008,123.8,a0b81d,N14530,A21N,,0
takeoff,JFK,22R,1790941687.44,2026-10-02T11:48:07Z,40.646278,-73.766647,210.9,a3d10f,N345NB,A319,AIRBUS A-319,0
landing,LGA,22,1790941741.45,2026-10-02T11:49:01Z,40.777421,-73.877314,210.9,a15795,N186GJ,CRJ9,BOMBARDIER Regional Jet CRJ-900,0
takeoff,JFK,22R,1790941756.47,2026-10-02T11:49:16Z,40.646214,-73.766701,210.9,ad185a,N943AN,B738,BOEING 737-800,0
takeoff,LGA,13,1790941759.5,2026-10-02T11:49:19Z,40.780016,-73.873771,120.9,a06e0b,N127DN,A321,AIRBUS A-321,0
landing,JFK,22L,1790941811.21,2026-10-02T11:50:11Z,40.63607,-73.762039,210.9,acb679,N918XJ,CRJ9,BOMBARDIER Regional Jet CRJ-900,0
takeoff,JFK,22R,1790941826.45,2026-10-02T11:50:26Z,40.646004,-73.766873,210.9,a3401a,N3085J,BCS3,AIRBUS A220-300,0
landing,LGA,22,1790941858.45,2026-10-02T11:50:58Z,40.778023,-73.876846,213.8,a3534a,N313PQ,CRJ9,BOMBARDIER Regional Jet CRJ-900,0
takeoff,LGA,13,1790941875.85,2026-10-02T11:51:15Z,40.780529,-73.874817,123.8,ab52a2,N829DN,B739,BOEING 737-900,0
landing,JFK,22L,1790941900.1,2026-10-02T11:51:40Z,40.636276,-73.761887,210.9,a7456c,N568JB,A320,AIRBUS A-320,0
takeoff,JFK,22R,1790941950.07,2026-10-02T11:52:30Z,40.646519,-73.766464,210.9,a8ae7f,N659DL,B752,BOEING 757-200,0
takeoff,LGA,13,1790941958.73,2026-10-02T11:52:38Z,40.781995,-73.87786,123.8,ab3d17,N823MD,E170,EMBRAER ERJ-170-100,0
landing,LGA,22,1790941967.14,2026-10-02T11:52:47Z,40.774872,-73.879405,210.9,a85d00,N638RW,E170,EMBRAER ERJ-170-100,0
landing,JFK,22L,1790941995.43,2026-10-02T11:53:15Z,40.635464,-73.762512,210.9,a5fc87,N485PX,CRJ9,BOMBARDIER Regional Jet CRJ-900,0
takeoff,JFK,22R,1790942023.17,2026-10-02T11:53:43Z,40.645876,-73.766951,210.9,a8712a,N643JB,A320,AIRBUS A-320,0
takeoff,LGA,13,1790942068.92,2026-10-02T11:54:28Z,40.779679,-73.873053,123.8,a44cca,N3762Y,B738,BOEING 737-800,0
takeoff,JFK,22R,1790942073.14,2026-10-02T11:54:33Z,40.649414,-73.764191,210.9,a51425,N426YX,E75L,EMBRAER ERJ-170-200 (long wing),0
landing,LGA,22,1790942125.52,2026-10-02T11:55:25Z,40.777348,-73.87738,213.8,ac4c21,N8915Q,B38M,BOEING 737 MAX 8,0
takeoff,LGA,13,1790942145.84,2026-10-02T11:55:45Z,40.779772,-73.873225,123.8,aaf8f1,N806JB,A320,AIRBUS A-320,0
takeoff,JFK,22R,1790942155.29,2026-10-02T11:55:55Z,40.646015,-73.766846,210.9,ad8bed,N972JT,A321,AIRBUS A-321,0
takeoff,JFK,22R,1790942227.45,2026-10-02T11:57:07Z,40.646725,-73.766296,210.9,a40e1c,N360UP,B763,BOEING 767-300,0
landing,LGA,22,1790942230.76,2026-10-02T11:57:10Z,40.778778,-73.87619,213.8,a057cc,N121DZ,A321,AIRBUS A-321,0
takeoff,LGA,13,1790942253.4,2026-10-02T11:57:33Z,40.779385,-73.872421,123.8,ace7bf,N930XJ,CRJ9,BOMBARDIER Regional Jet CRJ-900,0
landing,LGA,22,1790942362.6,2026-10-02T11:59:22Z,40.774166,-73.879883,194.1,a50900,N423YX,E75L,EMBRAER ERJ-170-200 (long wing),0
takeoff,LGA,13,1790942367.81,2026-10-02T11:59:27Z,40.780163,-73.874054,123.8,a9d626,N73291,B738,BOEING 737-800,0
takeoff,LGA,13,1790942426.2,2026-10-02T12:00:26Z,40.78139,-73.876596,120.9,a5307f,N433YX,E75L,EMBRAER ERJ-170-200 (long wing),0
takeoff,JFK,22R,1790942431.08,2026-10-02T12:00:31Z,40.646458,-73.76653,210.9,ad6f93,N965JT,A321,AIRBUS A-321,0
landing,LGA,22,1790942481.52,2026-10-02T12:01:21Z,40.773848,-73.879904,185.6,a4f414,N418YX,E75L,EMBRAER ERJ-170-200 (long wing),0
takeoff,LGA,13,1790942483.98,2026-10-02T12:01:23Z,40.779784,-73.873256,123.8,acd68a,N926XJ,CRJ9,BOMBARDIER Regional Jet CRJ-900,0
takeoff,JFK,22R,1790942495.78,2026-10-02T12:01:35Z,40.646381,-73.766571,213.8,ab48bf,N826SK,CRJ9,BOMBARDIER Regional Jet CRJ-900,0
takeoff,LGA,13,1790942544.81,2026-10-02T12:02:24Z,40.779682,-73.873047,123.8,a445f8,N3747D,B738,BOEING 737-800,0
takeoff,JFK,22R,1790942560.87,2026-10-02T12:02:40Z,40.645888,-73.766951,208.1,a153de,N185GJ,CRJ9,BOMBARDIER Regional Jet CRJ-900,0
landing,JFK,22L,1790942577.61,2026-10-02T12:02:57Z,40.635844,-73.762207,210.9,a386fb,N3260J,BCS3,,0
landing,LGA,22,1790942592.67,2026-10-02T12:03:12Z,40.777677,-73.877095,213.8,a486cc,N391DA,B738,BOEING 737-800,0
takeoff,LGA,13,1790942618.19,2026-10-02T12:03:38Z,40.780214,-73.874161,126.6,c07d20,C-GVJZ,DH8D,DE HAVILLAND DHC-8-400 Dash 8,0
takeoff,JFK,22R,1790942628.64,2026-10-02T12:03:48Z,40.645523,-73.767242,210.9,a38836,N3269J,BCS3,AIRBUS A220-300,0
takeoff,LGA,13,1790942666.47,2026-10-02T12:04:26Z,40.779591,-73.872849,123.8,aac7ab,N794JB,A320,AIRBUS A-320,0
takeoff,JFK,22R,1790942692.76,2026-10-02T12:04:52Z,40.646484,-73.766479,210.9,a69463,N523DE,A21N,,0
takeoff,JFK,22R,1790942753.57,2026-10-02T12:05:53Z,40.646851,-73.766205,210.9,aca79d,N914XJ,CRJ9,BOMBARDIER Regional Jet CRJ-900,0
landing,LGA,22,1790942801.5,2026-10-02T12:06:41Z,40.7767,-73.877922,213.8,acc7ae,N922XJ,CRJ9,BOMBARDIER Regional Jet CRJ-900,0
takeoff,JFK,22R,1790942817.64,2026-10-02T12:06:57Z,40.646416,-73.766541,210.9,0aca5f,HK-5389,A20N,AIRBUS A-320neo,0
takeoff,LGA,13,1790942822.89,2026-10-02T12:07:02Z,40.779865,-73.873444,120.9,a446b6,N375DN,A321,AIRBUS A-321,0
takeoff,JFK,22R,1790942883.71,2026-10-02T12:08:03Z,40.646336,-73.766617,210.9,400684,G-VIIL,B772,BOEING 777-200,0
landing,LGA,22,1790942903.08,2026-10-02T12:08:23Z,40.775175,-73.879171,210.9,a89d22,N654RW,E170,EMBRAER ERJ-170-100,0
takeoff,JFK,22R,1790942998.3,2026-10-02T12:09:58Z,40.646481,-73.766499,210.9,a3fffc,N357NB,A319,AIRBUS A-319,0
landing,LGA,22,1790943002.09,2026-10-02T12:10:02Z,40.775299,-73.879089,213.8,a0232a,N108HQ,E75L,EMBRAER ERJ-170-200 (long wing),0
landing,JFK,22L,1790943064.81,2026-10-02T12:11:04Z,40.635761,-73.762299,208.1,a8f235,N676CA,CRJ9,BOMBARDIER Regional Jet CRJ-900,0
takeoff,JFK,22R,1790943070.06,2026-10-02T12:11:10Z,40.645237,-73.767456,210.9,a38367,N3251J,BCS3,,0
landing,LGA,22,1790943110.07,2026-10-02T12:11:50Z,40.775163,-73.879186,210.9,a93d7c,N695CA,CRJ9,BOMBARDIER Regional Jet CRJ-900,0
takeoff,JFK,22R,1790943116.59,2026-10-02T12:11:56Z,40.649139,-73.76442,210.9,a50549,N422YX,E75L,EMBRAER ERJ-170-200 (long wing),0
landing,JFK,22L,1790943160.72,2026-10-02T12:12:40Z,40.635064,-73.762831,210.9,a0d6a8,N153PQ,CRJ9,BOMBARDIER Regional Jet CRJ-900,0
takeoff,LGA,13,1790943175.54,2026-10-02T12:12:55Z,40.780494,-73.874739,123.8,a8e6f2,N673AW,A320,AIRBUS A-320,0
takeoff,JFK,22R,1790943193.76,2026-10-02T12:13:13Z,40.646365,-73.766577,210.9,a009a4,N101NN,A321,AIRBUS A-321,0
takeoff,LGA,13,1790943235.02,2026-10-02T12:13:55Z,40.781422,-73.876678,123.8,ab1d06,N815MD,E170,EMBRAER ERJ-170-100,0
landing,JFK,22L,1790943257.9,2026-10-02T12:14:17Z,40.634857,-73.762985,210.9,a4a0d9,N398DN,A321,AIRBUS A-321,0
takeoff,LGA,13,1790943304.88,2026-10-02T12:15:04Z,40.781564,-73.876986,123.8,a1f822,N226JQ,E75L,EMBRAER ERJ-170-200 (long wing),0
takeoff,JFK,22R,1790943354.54,2026-10-02T12:15:54Z,40.646267,-73.766663,210.9,addf01,N993NN,B738,BOEING 737-800,0
takeoff,LGA,13,1790943385.86,2026-10-02T12:16:25Z,40.779293,-73.872208,115.3,a39723,N330PQ,CRJ9,BOMBARDIER Regional Jet CRJ-900,0
landing,JFK,22L,1790943389.08,2026-10-02T12:16:29Z,40.63617,-73.761957,213.8,a5e02d,N478PX,CRJ9,BOMBARDIER Regional Jet CRJ-900,0
takeoff,JFK,22R,1790943418.78,2026-10-02T12:16:58Z,40.646295,-73.766639,210.9,a64578,N503DZ,A21N,AIRBUS A-321neo,0
takeoff,LGA,13,1790943452.66,2026-10-02T12:17:32Z,40.77905,-73.871711,120.9,a086ce,N133EV,CRJ9,BOMBARDIER Regional Jet CRJ-900,0
landing,JFK,22L,1790943477.67,2026-10-02T12:17:57Z,40.636116,-73.762009,210.9,a8a017,N655JB,A320,AIRBUS A-320,0
takeoff,JFK,22R,1790943484.25,2026-10-02T12:18:04Z,40.646736,-73.766296,210.9,a349be,N3104J,BCS3,AIRBUS A220-300,0
takeoff,LGA,13,1790943515.46,2026-10-02T12:18:35Z,40.779504,-73.872663,126.6,a2fe3c,N292PQ,CRJ9,BOMBARDIER Regional Jet CRJ-900,0
takeoff,JFK,22R,1790943551.61,2026-10-02T12:19:11Z,40.646458,-73.766514,210.9,a45316,N378SC,B38M,BOEING 737 MAX 8,0
landing,LGA,22,1790943557.03,2026-10-02T12:19:17Z,40.77713,-73.877563,213.8,ac878c,N906XJ,CRJ9,BOMBARDIER Regional Jet CRJ-900,0
takeoff,LGA,13,1790943571.3,2026-10-02T12:19:31Z,40.781413,-73.876658,123.8,a0835d,N132HQ,E75L,EMBRAER ERJ-170-200 (long wing),0
landing,JFK,22L,1790943584.31,2026-10-02T12:19:44Z,40.636915,-73.76138,210.9,a721a4,N559JB,A320,AIRBUS A-320,0
takeoff,JFK,22R,1790943624.52,2026-10-02T12:20:24Z,40.645981,-73.766873,210.9,a5237f,N430DX,A339,,0
takeoff,LGA,13,1790943634.87,2026-10-02T12:20:34Z,40.781651,-73.877151,123.8,abd41a,N861RW,E170,EMBRAER ERJ-170-100,0
takeoff,LGA,13,1790943722.12,2026-10-02T12:22:02Z,40.779739,-73.873169,123.8,a441ab,N37324,B38M,BOEING 737 MAX 8,0
takeoff,JFK,22R,1790943765.07,2026-10-02T12:22:45Z,40.645702,-73.767092,210.9,a38019,N3244J,BCS3,,0
landing,LGA,22,1790943778.39,2026-10-02T12:22:58Z,40.774116,-73.880029,213.8,ad63a1,N962AN,B738,BOEING 737-800,0
takeoff,LGA,13,1790943788.43,2026-10-02T12:23:08Z,40.780552,-73.874847,123.8,a101c3,N164NN,A321,AIRBUS A-321,0
landing,JFK,22L,1790943790.85,2026-10-02T12:23:10Z,40.634657,-73.763143,210.9,adbaca,N984JB,A321,AIRBUS A-321,0
takeoff,JFK,22R,1790943832.43,2026-10-02T12:23:52Z,40.646435,-73.76653,210.9,a03765,N113AN,A321,AIRBUS A-321,0
takeoff,LGA,13,1790943847.25,2026-10-02T12:24:07Z,40.781433,-73.876724,120.9,a23bfb,N243JQ,E75L,EMBRAER ERJ-170-200 (long wing),0
landing,LGA,22,1790943903.32,2026-10-02T12:25:03Z,40.771974,-73.881777,213.8,a4c170,N405YX,E75L,EMBRAER ERJ-170-200 (long wing),0
landing,JFK,22L,1790943925.8,2026-10-02T12:25:25Z,40.635716,-73.762332,210.9,a8299a,N625JB,A320,AIRBUS A-320,0
takeoff,LGA,13,1790943931.09,2026-10-02T12:25:31Z,40.781541,-73.876955,123.8,a8847f,N648RW,E170,EMBRAER ERJ-170-100,0
takeoff,JFK,22R,1790943936.45,2026-10-02T12:25:36Z,40.645946,-73.76692,212.4,406c3a,G-VYUM,B789,BOEING 787-9 Dreamliner,0
takeoff,LGA,13,1790943996.14,2026-10-02T12:26:36Z,40.780307,-73.874349,123.8,abdeec,N864NN,B738,BOEING 737-800,0
landing,LGA,22,1790944043.27,2026-10-02T12:27:23Z,40.776569,-73.878021,210.9,a320a6,N300PQ,CRJ9,BOMBARDIER Regional Jet CRJ-900,0
takeoff,LGA,13,1790944047.26,2026-10-02T12:27:27Z,40.78149,-73.876831,123.8,a1c57e,N213JQ,E75L,EMBRAER ERJ-170-200 (long wing),0
takeoff,JFK,22R,1790944070.06,2026-10-02T12:27:50Z,40.646793,-73.766235,210.9,ada227,N978JB,A321,AIRBUS A-321,0
landing,JFK,22L,1790944076.64,2026-10-02T12:27:56Z,40.636574,-73.761658,210.9,71c381,HL8381,A359,AIRBUS A-350-900,0
takeoff,LGA,13,1790944093.78,2026-10-02T12:28:13Z,40.779694,-73.873062,123.8,aca3e6,N913XJ,CRJ9,BOMBARDIER Regional Jet CRJ-900,0
takeoff,JFK,22R,1790944139.1,2026-10-02T12:28:59Z,40.646423,-73.76653,210.9,aafca8,N807JB,A320,AIRBUS A-320,0
takeoff,LGA,13,1790944139.22,2026-10-02T12:28:59Z,40.779922,-73.87352,123.8,ad0725,N939AN,B738,BOEING 737-800,0
landing,LGA,22,1790944200.33,2026-10-02T12:30:00Z,40.776187,-73.878328,210.9,acda41,N927XJ,CRJ9,BOMBARDIER Regional Jet CRJ-900,0
takeoff,JFK,22R,1790944202.64,2026-10-02T12:30:02Z,40.647434,-73.765747,210.9,a99b83,N718TW,B752,BOEING 757-200,0
takeoff,LGA,13,1790944216.39,2026-10-02T12:30:16Z,40.779888,-73.873489,123.8,ab15ba,N813NN,B738,BOEING 737-800,0
landing,JFK,22L,1790944223.42,2026-10-02T12:30:23Z,40.636345,-73.761786,210.9,a752ea,N571JB,A320,AIRBUS A-320,0
takeoff,JFK,22R,1790944271.94,2026-10-02T12:31:11Z,40.646301,-73.766632,210.9,ace1af,N929XJ,CRJ9,BOMBARDIER Regional Jet CRJ-900,0
landing,LGA,22,1790944295.33,2026-10-02T12:31:35Z,40.778143,-73.876736,210.9,a46a7e,N384DN,A321,AIRBUS A-321,0
takeoff,JFK,22R,1790944332.34,2026-10-02T12:32:12Z,40.646301,-73.766617,210.9,0d1139,XA-AMD,B38M,BOEING 737 MAX 8,0
landing,JFK,22L,1790944351.3,2026-10-02T12:32:31Z,40.635132,-73.762772,210.9,448465,OO-ACE,B744,BOEING 747-400,0
landing,LGA,22,1790944437.58,2026-10-02T12:33:57Z,40.775299,-73.879059,210.9,c060c2,C-GKQR,E295,EMBRAER ERJ-190-400,0
takeoff,LGA,13,1790944443.35,2026-10-02T12:34:03Z,40.779774,-73.87323,123.8,a33243,N305DU,BCS3,AIRBUS A220-300,0
takeoff,JFK,22R,1790944471.25,2026-10-02T12:34:31Z,40.647168,-73.765952,210.9,a414e8,N362NB,A319,AIRBUS A-319,0
landing,LGA,22,1790944495.12,2026-10-02T12:34:55Z,40.778023,-73.876816,213.8,a562e8,N446WN,B737,BOEING 737-700,0
takeoff,LGA,13,1790944504.58,2026-10-02T12:35:04Z,40.781513,-73.876877,123.8,a07228,N128HQ,E75L,EMBRAER ERJ-170-200 (long wing),0
landing,JFK,22L,1790944536.46,2026-10-02T12:35:36Z,40.634832,-73.763003,210.9,89659b,A6-XWE,A35K,AIRBUS A-350-1000,0
takeoff,JFK,22R,1790944537.57,2026-10-02T12:35:37Z,40.646784,-73.766249,210.9,a98219,N711ZX,B752,BOEING 757-200,0
landing,LGA,22,1790944579.03,2026-10-02T12:36:19Z,40.775871,-73.878586,208.1,a17c12,N195PQ,CRJ9,BOMBARDIER Regional Jet CRJ-900,0
takeoff,JFK,22R,1790944629.92,2026-10-02T12:37:09Z,40.646439,-73.766525,210.9,ac4d1a,N892DN,B739,BOEING 737-900,0
takeoff,LGA,04,1790944648.79,2026-10-02T12:37:28Z,40.781797,-73.878656,2.8,c02e9b,C-FRQW,E75S,EMBRAER ERJ-170-200 (short wing),0
landing,LGA,22,1790944686.51,2026-10-02T12:38:06Z,40.775265,-73.879074,213.8,a08e82,N135HQ,E75L,EMBRAER ERJ-170-200 (long wing),0
landing,JFK,22L,1790944707.86,2026-10-02T12:38:27Z,40.63353,-73.764206,222.2,a21833,N234JQ,E75L,EMBRAER ERJ-170-200 (long wing),0
landing,LGA,22,1790944749.12,2026-10-02T12:39:09Z,40.778259,-73.876612,210.9,a095aa,N137EV,CRJ9,BOMBARDIER Regional Jet CRJ-900,0
takeoff,LGA,13,1790944771.59,2026-10-02T12:39:31Z,40.780209,-73.874146,123.8,aca788,N914WN,B737,BOEING 737-700,0
landing,JFK,22L,1790944793.16,2026-10-02T12:39:53Z,40.63418,-73.763487,210.9,a2270f,N238JQ,E75L,EMBRAER ERJ-170-200 (long wing),0
takeoff,JFK,22R,1790944800.36,2026-10-02T12:40:00Z,40.646793,-73.766235,210.9,a26e4a,N256FE,B763,,0
takeoff,LGA,13,1790944834.94,2026-10-02T12:40:34Z,40.781662,-73.877197,123.8,a01f73,N107HQ,E75L,EMBRAER ERJ-170-200 (long wing),0
landing,JFK,22L,1790944855.73,2026-10-02T12:40:55Z,40.635425,-73.76255,210.9,adf128,N998JE,A321,AIRBUS A-321,0
takeoff,JFK,22R,1790944890.52,2026-10-02T12:41:30Z,40.646381,-73.766556,210.9,ab678e,N834DN,B739,BOEING 737-900,0
landing,LGA,22,1790944911.49,2026-10-02T12:41:51Z,40.775978,-73.878515,210.9,a7de93,N606LR,CRJ9,BOMBARDIER Regional Jet CRJ-900,0
takeoff,JFK,22R,1790944948.27,2026-10-02T12:42:28Z,40.646725,-73.766296,210.9,a3f120,N353NB,A319,AIRBUS A-319,0
landing,JFK,22L,1790944972.66,2026-10-02T12:42:52Z,40.6361,-73.76202,202.5,a7e24a,N607LR,CRJ9,BOMBARDIER Regional Jet CRJ-900,0
takeoff,JFK,22R,1790945008.98,2026-10-02T12:43:28Z,40.646935,-73.766124,210.9,a6492f,N504DZ,A21N,AIRBUS A-321neo,0
landing,LGA,22,1790945025.21,2026-10-02T12:43:45Z,40.7719,-73.881866,210.9,a19a48,N202JQ,E75L,EMBRAER ERJ-170-200 (long wing),0
takeoff,LGA,13,1790945029.7,2026-10-02T12:43:49Z,40.779968,-73.873642,118.1,a0ba4e,N146PQ,CRJ9,BOMBARDIER Regional Jet CRJ-900,0
landing,JFK,22L,1790945052.5,2026-10-02T12:44:12Z,40.636507,-73.761708,210.9,06a1bd,A7-BEG,B77W,BOEING 777-300ER,0
landing,LGA,22,1790945129.47,2026-10-02T12:45:29Z,40.775242,-73.87912,210.9,ac159a,N878RW,E170,EMBRAER ERJ-170-100,0
takeoff,JFK,22R,1790945133.4,2026-10-02T12:45:33Z,40.646336,-73.766602,210.9,a78cfc,N586JB,A320,AIRBUS A-320,0
landing,JFK,22L,1790945223.39,2026-10-02T12:47:03Z,40.638242,-73.760397,210.9,a988f0,N713TW,B752,BOEING 757-200,0
landing,LGA,22,1790945243.84,2026-10-02T12:47:23Z,40.777072,-73.877595,210.9,a7bbe9,N598JB,A320,AIRBUS A-320,0
takeoff,JFK,22R,1790945254.28,2026-10-02T12:47:34Z,40.646051,-73.766826,210.9,a01c37,N106NN,A321,AIRBUS A-321,0
takeoff,LGA,13,1790945261.26,2026-10-02T12:47:41Z,40.779656,-73.872991,120.9,a33339,N305PQ,CRJ9,BOMBARDIER Regional Jet CRJ-900,0
landing,JFK,22L,1790945317.41,2026-10-02T12:48:37Z,40.636961,-73.761349,210.9,ac8efa,N908XJ,CRJ9,BOMBARDIER Regional Jet CRJ-900,0
takeoff,LGA,13,1790945320.35,2026-10-02T12:48:40Z,40.781502,-73.876892,123.8,abdf3f,N864RW,E170,EMBRAER ERJ-170-100,0
takeoff,JFK,22R,1790945373.86,2026-10-02T12:49:33Z,40.647529,-73.765703,210.9,a7cb53,N601DT,A21N,AIRBUS A-321neo,0
landing,JFK,22L,1790945421.29,2026-10-02T12:50:21Z,40.636105,-73.761993,210.9,8963e9,A6-EOL,A388,AIRBUS A-380-800,0
takeoff,JFK,22L,1790945421.29,2026-10-02T12:50:21Z,40.636105,-73.761993,210.9,8963e9,A6-EOL,A388,AIRBUS A-380-800,0
landing,JFK,22L,1790945423.58,2026-10-02T12:50:23Z,40.635189,-73.762726,210.9,8963e9,A6-EOL,A388,AIRBUS A-380-800,0
takeoff,JFK,22R,1790945425.55,2026-10-02T12:50:25Z,40.649449,-73.764158,210.9,a08714,N133HQ,E75L,EMBRAER ERJ-170-200 (long wing),0
landing,LGA,22,1790945439.94,2026-10-02T12:50:39Z,40.777439,-73.877304,210.9,aa568e,N76502,B738,BOEING 737-800,0
takeoff,JFK,22R,1790945491.62,2026-10-02T12:51:31Z,40.646516,-73.766483,210.9,a6aaba,N529DT,A21N,AIRBUS A-321neo,0
landing,LGA,22,1790945547.4,2026-10-02T12:52:27Z,40.776129,-73.878391,210.9,a44533,N3741S,B738,BOEING 737-800,0
takeoff,LGA,13,1790945569.66,2026-10-02T12:52:49Z,40.779465,-73.872589,126.6,a21142,N232PQ,CRJ9,BOMBARDIER Regional Jet CRJ-900,0
takeoff,JFK,22R,1790945606.83,2026-10-02T12:53:26Z,40.646644,-73.766358,210.9,a4ee2e,N417AN,A21N,AIRBUS A-321neo,0
takeoff,LGA,13,1790945626.62,2026-10-02T12:53:46Z,40.781459,-73.876783,123.8,abd063,N860RW,E170,EMBRAER ERJ-170-100,0
takeoff,JFK,22R,1790945672.12,2026-10-02T12:54:32Z,40.647075,-73.766046,210.9,a79046,N587DT,A21N,AIRBUS A-321neo,0
takeoff,LGA,13,1790945672.21,2026-10-02T12:54:32Z,40.781456,-73.87677,123.8,a5106e,N425YX,E75L,EMBRAER ERJ-170-200 (long wing),0
takeoff,LGA,13,1790945713.12,2026-10-02T12:55:13Z,40.781788,-73.877457,120.9,abd7d1,N862RW,E170,EMBRAER ERJ-170-100,0
takeoff,JFK,22R,1790945722.5,2026-10-02T12:55:22Z,40.649624,-73.764017,213.8,a026e1,N109HQ,E75L,EMBRAER ERJ-170-200 (long wing),0
landing,JFK,22L,1790945742.69,2026-10-02T12:55:42Z,40.633633,-73.763962,210.9,e80244,CC-CXH,B763,BOEING 767-300,0
landing,LGA,22,1790945785.74,2026-10-02T12:56:25Z,40.778778,-73.876205,210.9,a3962d,N330DU,BCS3,,0
takeoff,JFK,22R,1790945813.85,2026-10-02T12:56:53Z,40.646307,-73.766623,210.9,71c252,HL8252,B77L,BOEING 777-200LR,0
takeoff,LGA,13,1790945817.95,2026-10-02T12:56:57Z,40.779597,-73.872866,123.8,c080d9,C-GWUQ,BCS3,AIRBUS A220-300,0
takeoff,LGA,13,1790945854.96,2026-10-02T12:57:34Z,40.780075,-73.873881,120.9,a15795,N186GJ,CRJ9,BOMBARDIER Regional Jet CRJ-900,0
landing,LGA,22,1790945885.22,2026-10-02T12:58:05Z,40.778297,-73.876602,210.9,abbd47,N8557Q,B738,BOEING 737-800,0
takeoff,LGA,13,1790945904.6,2026-10-02T12:58:24Z,40.781657,-73.877158,123.8,a20347,N229JQ,E75L,EMBRAER ERJ-170-200 (long wing),0
takeoff,JFK,22R,1790945932.79,2026-10-02T12:58:52Z,40.646167,-73.766748,210.9,ab766a,N838DN,B739,BOEING 737-900,0
takeoff,LGA,13,1790945952.2,2026-10-02T12:59:12Z,40.780197,-73.874115,120.9,a2c93f,N279PQ,CRJ9,BOMBARDIER Regional Jet CRJ-900,0
landing,LGA,22,1790945995.21,2026-10-02T12:59:55Z,40.775559,-73.878843,213.8,abc2e5,N857RW,E170,EMBRAER ERJ-170-100,0
takeoff,LGA,13,1790946004.39,2026-10-02T13:00:04Z,40.78157,-73.876999,123.8,a85d00,N638RW,E170,EMBRAER ERJ-170-100,0
takeoff,JFK,22R,1790946020.93,2026-10-02T13:00:20Z,40.646599,-73.766388,210.9,a4b6b6,N4022J,A21N,AIRBUS A-321neo,0
takeoff,JFK,22R,1790946082.45,2026-10-02T13:01:22Z,40.646737,-73.766311,210.9,a81085,N619DN,,,0
landing,LGA,22,1790946085.15,2026-10-02T13:01:25Z,40.77523,-73.87912,210.9,a38d8f,N328RR,B38M,BOEING 737 MAX 8,0
landing,JFK,22L,1790946092.1,2026-10-02T13:01:32Z,40.633249,-73.764563,230.6,a4cc95,N408YX,E75L,EMBRAER ERJ-170-200 (long wing),0
takeoff,JFK,22L,1790946092.1,2026-10-02T13:01:32Z,40.633249,-73.764563,230.6,a4cc95,N408YX,E75L,EMBRAER ERJ-170-200 (long wing),0
landing,JFK,22L,1790946093.41,2026-10-02T13:01:33Z,40.633083,-73.764832,233.4,a4cc95,N408YX,E75L,EMBRAER ERJ-170-200 (long wing),0
takeoff,JFK,22R,1790946154.49,2026-10-02T13:02:34Z,40.646038,-73.76683,210.9,3c4ec7,D-ACVG,A333,AIRBUS A-330-300,0
landing,LGA,22,1790946176.31,2026-10-02T13:02:56Z,40.776688,-73.877938,210.9,c0064c,C-FCJZ,CRJ9,BOMBARDIER Regional Jet CRJ-900,0
landing,JFK,22L,1790946184.65,2026-10-02T13:03:04Z,40.636768,-73.76149,213.8,a61173,N490PX,CRJ9,BOMBARDIER Regional Jet CRJ-900,0
takeoff,JFK,22R,1790946289.61,2026-10-02T13:04:49Z,40.646404,-73.766541,210.9,ab6519,N833SK,CRJ9,BOMBARDIER Regional Jet CRJ-900,0
landing,LGA,22,1790946290.34,2026-10-02T13:04:50Z,40.775152,-73.879171,210.9,a1d0a3,N216JQ,E75L,EMBRAER ERJ-170-200 (long wing),0
landing,JFK,22L,1790946300.59,2026-10-02T13:05:00Z,40.637031,-73.761286,208.1,ab6162,N832SK,CRJ9,BOMBARDIER Regional Jet CRJ-900,0
landing,JFK,22L,1790946387.56,2026-10-02T13:06:27Z,40.636356,-73.761832,210.9,ad9ac9,N976JT,A321,AIRBUS A-321,0
landing,LGA,22,1790946407.18,2026-10-02T13:06:47Z,40.775345,-73.879044,210.9,a1a1b6,N204JQ,E75L,EMBRAER ERJ-170-200 (long wing),0
takeoff,LGA,13,1790946409.98,2026-10-02T13:06:49Z,40.781662,-73.877197,123.8,a1dd2d,N219YX,E75L,EMBRAER ERJ-170-200 (long wing),0
takeoff,JFK,22R,1790946419.16,2026-10-02T13:06:59Z,40.646988,-73.766113,210.9,acb679,N918XJ,CRJ9,BOMBARDIER Regional Jet CRJ-900,0
takeoff,LGA,04,1790946437.82,2026-10-02T13:07:17Z,40.782154,-73.878204,0.0,a50900,N423YX,E75L,EMBRAER ERJ-170-200 (long wing),0
landing,JFK,22L,1790946502.99,2026-10-02T13:08:22Z,40.636414,-73.76177,210.9,acab54,N915XJ,CRJ9,BOMBARDIER Regional Jet CRJ-900,0
landing,LGA,22,1790946511.58,2026-10-02T13:08:31Z,40.776048,-73.878453,213.8,a08e3c,N135EV,CRJ9,BOMBARDIER Regional Jet CRJ-900,0
takeoff,JFK,22R,1790946528.36,2026-10-02T13:08:48Z,40.646737,-73.766296,210.9,a70f11,N554JB,A320,AIRBUS A-320,0
landing,LGA,22,1790946600.78,2026-10-02T13:10:00Z,40.774535,-73.879639,205.3,a05470,N120HQ,E75L,EMBRAER ERJ-170-200 (long wing),0
landing,JFK,22L,1790946605.74,2026-10-02T13:10:05Z,40.636414,-73.761765,210.9,acc040,N920XJ,CRJ9,BOMBARDIER Regional Jet CRJ-900,0
takeoff,LGA,13,1790946606.15,2026-10-02T13:10:06Z,40.781502,-73.876846,123.8,a0232a,N108HQ,E75L,EMBRAER ERJ-170-200 (long wing),0
takeoff,JFK,22R,1790946650.99,2026-10-02T13:10:50Z,40.649311,-73.764297,210.9,a0634c,N124HQ,E75L,EMBRAER ERJ-170-200 (long wing),0
landing,LGA,22,1790946666.67,2026-10-02T13:11:06Z,40.778389,-73.876541,210.9,aa8164,N776XF,A319,AIRBUS A-319,0
takeoff,LGA,13,1790946677.41,2026-10-02T13:11:17Z,40.781765,-73.87738,123.8,a8996b,N653RW,E170,EMBRAER ERJ-170-100,0
landing,JFK,22L,1790946719.29,2026-10-02T13:11:59Z,40.638789,-73.759913,210.9,aae582,N8009T,A319,AIRBUS A-319,0
landing,LGA,22,1790946751.93,2026-10-02T13:12:31Z,40.776363,-73.878235,210.9,add793,N991NN,B738,BOEING 737-800,0
takeoff,JFK,22R,1790946755.89,2026-10-02T13:12:35Z,40.646519,-73.766464,210.9,aa4252,N760JB,A320,AIRBUS A-320,0
takeoff,LGA,13,1790946766.18,2026-10-02T13:12:46Z,40.780323,-73.874405,123.8,ac5efa,N8967Q,B38M,BOEING 737 MAX 8,0
landing,JFK,22L,1790946833.98,2026-10-02T13:13:53Z,40.634113,-73.763672,216.6,a1c1c7,N212JQ,E75L,EMBRAER ERJ-170-200 (long wing),0
takeoff,JFK,22R,1790946866.8,2026-10-02T13:14:26Z,40.645809,-73.767014,210.9,a36b2d,N3194J,BCS3,,0
landing,LGA,22,1790946871.91,2026-10-02T13:14:31Z,40.77729,-73.877441,213.8,a34ae6,N311DU,BCS3,AIRBUS A220-300,0
takeoff,LGA,13,1790946890.79,2026-10-02T13:14:50Z,40.780518,-73.874771,123.8,a48321,N390DN,A321,AIRBUS A-321,0
landing,JFK,22L,1790946923.26,2026-10-02T13:15:23Z,40.634892,-73.76297,212.4,e8043a,CC-BBC,B788,BOEING 787-8 Dreamliner,0
landing,LGA,22,1790946965.65,2026-10-02T13:16:05Z,40.775512,-73.87889,213.8,a38237,N325PQ,CRJ9,BOMBARDIER Regional Jet CRJ-900,0
takeoff,JFK,22R,1790946966.54,2026-10-02T13:16:06Z,40.649426,-73.764173,210.9,a1c935,N214JQ,E75L,EMBRAER ERJ-170-200 (long wing),0
takeoff,LGA,13,1790947000.41,2026-10-02T13:16:40Z,40.78038,-73.874512,123.8,a3c51a,N342DU,,,0
takeoff,JFK,22R,1790947028.67,2026-10-02T13:17:08Z,40.646324,-73.766617,210.9,a305aa,N294PQ,CRJ9,BOMBARDIER Regional Jet CRJ-900,0
landing,JFK,22L,1790947049.81,2026-10-02T13:17:29Z,40.635821,-73.762238,212.4,894098,A9C-FG,B789,BOEING 787-9 Dreamliner,0
takeoff,JFK,22R,1790947080.17,2026-10-02T13:18:00Z,40.646377,-73.766577,210.9,a12861,N174DN,B763,BOEING 767-300,0
landing,LGA,22,1790947086.28,2026-10-02T13:18:06Z,40.776764,-73.877853,208.1,a39113,N329PQ,CRJ9,BOMBARDIER Regional Jet CRJ-900,0
takeoff,LGA,13,1790947092.08,2026-10-02T13:18:12Z,40.781727,-73.877314,123.8,a4f414,N418YX,E75L,EMBRAER ERJ-170-200 (long wing),0
landing,LGA,22,1790947181.03,2026-10-02T13:19:41Z,40.775245,-73.879093,210.9,a030a8,N111HQ,E75L,EMBRAER ERJ-170-200 (long wing),0
takeoff,LGA,13,1790947193.13,2026-10-02T13:19:53Z,40.780494,-73.874708,123.8,aa56b5,N76516,B738,BOEING 737-800,0
takeoff,JFK,22R,1790947198.7,2026-10-02T13:19:58Z,40.6464,-73.766561,210.9,a5fc87,N485PX,CRJ9,BOMBARDIER Regional Jet CRJ-900,0
landing,LGA,22,1790947238.74,2026-10-02T13:20:38Z,40.777444,-73.877298,210.9,a44c70,N3760C,B738,BOEING 737-800,0
takeoff,JFK,22R,1790947258.69,2026-10-02T13:20:58Z,40.646519,-73.766449,210.9,a9607d,N703JB,A320,AIRBUS A-320,0
takeoff,JFK,22R,1790947320.99,2026-10-02T13:22:00Z,40.645073,-73.767591,210.9,a47244,N386HA,A332,AIRBUS A-330-200,0
landing,LGA,22,1790947333.62,2026-10-02T13:22:13Z,40.777247,-73.87747,210.9,a08317,N132EV,CRJ9,BOMBARDIER Regional Jet CRJ-900,0
takeoff,LGA,13,1790947337.47,2026-10-02T13:22:17Z,40.781995,-73.877891,123.8,c02e91,C-FRQM,E75S,EMBRAER ERJ-170-200 (short wing),0
landing,LGA,22,1790947424.46,2026-10-02T13:23:44Z,40.775242,-73.879105,210.9,abb5a1,N85354,E75L,EMBRAER ERJ-170-200 (long wing),0
takeoff,LGA,13,1790947435.7,2026-10-02T13:23:55Z,40.780094,-73.873901,123.8,adacfd,N980UY,A321,AIRBUS A-321,0
takeoff,JFK,22R,1790947466.44,2026-10-02T13:24:26Z,40.646318,-73.766623,210.9,a1a0a1,N2038J,A21N,AIRBUS A-321neo,0
landing,LGA,22,1790947502.48,2026-10-02T13:25:02Z,40.774965,-73.879343,210.9,ab40ce,N824MD,E170,EMBRAER ERJ-170-100,0
takeoff,LGA,13,1790947507.95,2026-10-02T13:25:07Z,40.780517,-73.874801,123.8,ac4c21,N8915Q,B38M,BOEING 737 MAX 8,0
takeoff,JFK,22R,1790947530.48,2026-10-02T13:25:30Z,40.647137,-73.765961,210.9,a1a3a9,N2043J,A21N,AIRBUS A-321neo,0
landing,LGA,22,1790947561.71,2026-10-02T13:26:01Z,40.779353,-73.875738,210.9,c07534,C-GSJZ,DH8D,DE HAVILLAND DHC-8-400 Dash 8,0
takeoff,JFK,22R,1790947600.22,2026-10-02T13:26:40Z,40.646225,-73.766686,208.1,a0d6a8,N153PQ,CRJ9,BOMBARDIER Regional Jet CRJ-900,0
takeoff,LGA,13,1790947660.18,2026-10-02T13:27:40Z,40.781662,-73.877182,123.8,ac1951,N879RW,E170,EMBRAER ERJ-170-100,0
landing,LGA,22,1790947667.22,2026-10-02T13:27:47Z,40.774791,-73.879436,208.1,ada699,N979RP,E170,EMBRAER ERJ-170-100,0
landing,LGA,22,1790947761.65,2026-10-02T13:29:21Z,40.775408,-73.878984,213.8,a1a56d,N205JQ,E75L,EMBRAER ERJ-170-200 (long wing),0
takeoff,LGA,13,1790947761.71,2026-10-02T13:29:21Z,40.781536,-73.876923,123.8,ac1f61,N880RW,E170,EMBRAER ERJ-170-100,0
landing,LGA,22,1790947855.93,2026-10-02T13:30:55Z,40.775265,-73.879105,210.9,ab282b,N818MD,E170,EMBRAER ERJ-170-100,0
takeoff,LGA,13,1790947863.2,2026-10-02T13:31:03Z,40.779807,-73.873288,123.8,ac878c,N906XJ,CRJ9,BOMBARDIER Regional Jet CRJ-900,0
takeoff,JFK,22R,1790947901.7,2026-10-02T13:31:41Z,40.646249,-73.76667,210.9,a0f44c,N1602,B763,BOEING 767-300,0
takeoff,LGA,13,1790947953.13,2026-10-02T13:32:33Z,40.780472,-73.87468,123.8,ad049a,N938NN,B738,BOEING 737-800,0
takeoff,JFK,22R,1790947992.88,2026-10-02T13:33:12Z,40.646461,-73.766525,213.8,a5e02d,N478PX,CRJ9,BOMBARDIER Regional Jet CRJ-900,0
landing,LGA,04,1790947996.3,2026-10-02T13:33:16Z,40.773615,-73.878968,30.9,a34bdc,N311PQ,CRJ9,BOMBARDIER Regional Jet CRJ-900,0
takeoff,LGA,13,1790948000.86,2026-10-02T13:33:20Z,40.780163,-73.874039,123.8,acc7ae,N922XJ,CRJ9,BOMBARDIER Regional Jet CRJ-900,0
landing,JFK,22L,1790948013.36,2026-10-02T13:33:33Z,40.636635,-73.761583,210.9,a33843,N3062J,BCS3,AIRBUS A220-300,0
landing,LGA,22,1790948037.93,2026-10-02T13:33:57Z,40.777491,-73.877251,213.8,a43f51,N373DX,A321,AIRBUS A-321,0
takeoff,LGA,13,1790948056.69,2026-10-02T13:34:16Z,40.781506,-73.876892,123.8,a89d22,N654RW,E170,EMBRAER ERJ-170-100,0
takeoff,JFK,22R,1790948082.64,2026-10-02T13:34:42Z,40.646656,-73.766357,210.9,adb723,N983JT,A321,AIRBUS A-321,0
landing,LGA,22,1790948142.49,2026-10-02T13:35:42Z,40.777956,-73.876892,210.9,a46e40,N385DZ,A321,AIRBUS A-321,0
takeoff,LGA,13,1790948160.57,2026-10-02T13:36:00Z,40.780296,-73.874302,123.8,a32bf5,N303RG,B38M,BOEING 737 MAX 8,0
landing,JFK,22L,1790948183.37,2026-10-02T13:36:23Z,40.636414,-73.76177,210.9,8015f7,VT-JRA,A359,AIRBUS A-350-900,0
takeoff,JFK,22R,1790948184.31,2026-10-02T13:36:24Z,40.645969,-73.766876,210.9,a386fb,N3260J,BCS3,,0
takeoff,JFK,22R,1790948243.86,2026-10-02T13:37:23Z,40.646388,-73.766577,210.9,ad2445,N946JL,A321,AIRBUS A-321,0
landing,LGA,22,1790948256.17,2026-10-02T13:37:36Z,40.775196,-73.879166,210.9,a03816,N113HQ,E75L,EMBRAER ERJ-170-200 (long wing),0
takeoff,LGA,13,1790948256.52,2026-10-02T13:37:36Z,40.781502,-73.876846,123.8,a4c170,N405YX,E75L,EMBRAER ERJ-170-200 (long wing),0
landing,JFK,22L,1790948345.6,2026-10-02T13:39:05Z,40.635132,-73.762787,210.9,a85c3e,N638JB,A320,AIRBUS A-320,0
landing,LGA,22,1790948347.84,2026-10-02T13:39:07Z,40.776398,-73.878159,210.9,aafc36,N807DN,B739,BOEING 737-900,0
takeoff,JFK,22R,1790948369.97,2026-10-02T13:39:29Z,40.646999,-73.766083,205.3,a8f235,N676CA,CRJ9,BOMBARDIER Regional Jet CRJ-900,0
takeoff,LGA,13,1790948399.07,2026-10-02T13:39:59Z,40.779636,-73.872955,120.9,a3534a,N313PQ,CRJ9,BOMBARDIER Regional Jet CRJ-900,0
takeoff,JFK,22R,1790948433.5,2026-10-02T13:40:33Z,40.646313,-73.766632,210.9,a35af8,N315SD,B38M,BOEING 737 MAX 8,0
landing,JFK,22L,1790948443.88,2026-10-02T13:40:43Z,40.634708,-73.763123,210.9,acd4d7,N926DZ,B739,BOEING 737-900,0
landing,LGA,22,1790948454.56,2026-10-02T13:40:54Z,40.77832,-73.876587,210.9,c0671b,C-GNBE,BCS3,AIRBUS A220-300,0
takeoff,LGA,13,1790948477.05,2026-10-02T13:41:17Z,40.780214,-73.874161,126.6,a17c12,N195PQ,CRJ9,BOMBARDIER Regional Jet CRJ-900,0
landing,JFK,22L,1790948525.22,2026-10-02T13:42:05Z,40.636985,-73.761349,210.9,ab6020,N832DN,B739,BOEING 737-900,0
takeoff,LGA,13,1790948552.29,2026-10-02T13:42:32Z,40.779888,-73.873489,123.8,a562e8,N446WN,B737,BOEING 737-700,0
takeoff,JFK,22R,1790948635.72,2026-10-02T13:43:55Z,40.646587,-73.766403,210.9,a37eb0,N324RN,B38M,BOEING 737 MAX 8,0
landing,LGA,22,1790948636.69,2026-10-02T13:43:56Z,40.775291,-73.879077,213.8,ad83b2,N970AN,B738,BOEING 737-800,0
takeoff,LGA,13,1790948645.86,2026-10-02T13:44:05Z,40.780121,-73.873959,120.9,a93d7c,N695CA,CRJ9,BOMBARDIER Regional Jet CRJ-900,0
takeoff,JFK,22R,1790948701.44,2026-10-02T13:45:01Z,40.646283,-73.766639,210.9,ac259b,N882DN,B739,BOEING 737-900,0
landing,LGA,22,1790948746.38,2026-10-02T13:45:46Z,40.77523,-73.879135,213.8,a1acdb,N207JQ,E75L,EMBRAER ERJ-170-200 (long wing),0
takeoff,LGA,13,1790948765.63,2026-10-02T13:46:05Z,40.779819,-73.873319,126.6,a320a6,N300PQ,CRJ9,BOMBARDIER Regional Jet CRJ-900,0
landing,JFK,22L,1790948771.67,2026-10-02T13:46:11Z,40.633633,-73.763955,210.9,ad9712,N975JT,A321,AIRBUS A-321,0
takeoff,JFK,22R,1790948846.87,2026-10-02T13:47:26Z,40.646435,-73.766514,210.9,ad5c30,N960AK,B39M,BOEING 737 MAX 9,0
landing,LGA,22,1790948848.48,2026-10-02T13:47:28Z,40.777444,-73.877298,210.9,ab1890,N814DN,B739,BOEING 737-900,0
takeoff,LGA,13,1790948864.24,2026-10-02T13:47:44Z,40.780025,-73.873749,123.8,a057cc,N121DZ,A321,AIRBUS A-321,0
takeoff,JFK,22R,1790948937.01,2026-10-02T13:48:57Z,40.645224,-73.767451,210.9,a5f176,N482QS,E55P,,0
takeoff,JFK,22R,1790949000.58,2026-10-02T13:50:00Z,40.646667,-73.766343,210.9,a44943,N3754A,B738,BOEING 737-800,0
landing,JFK,22L,1790949010.08,2026-10-02T13:50:10Z,40.633807,-73.76383,210.9,a4491f,N3753,B738,BOEING 737-800,0
takeoff,JFK,22R,1790949062.38,2026-10-02T13:51:02Z,40.646272,-73.766655,210.9,a7456c,N568JB,A320,AIRBUS A-320,0
takeoff,LGA,13,1790949072.98,2026-10-02T13:51:12Z,40.780272,-73.874302,123.8,a486cc,N391DA,B738,BOEING 737-800,0
landing,LGA,04,1790949092.9,2026-10-02T13:51:32Z,40.773348,-73.879186,30.9,ac0a75,N875RW,E170,EMBRAER ERJ-170-100,0
takeoff,JFK,22R,1790949120.65,2026-10-02T13:52:00Z,40.645853,-73.766982,210.9,a5f8e4,N484QS,E55P,,0
landing,LGA,22,1790949203.66,2026-10-02T13:53:23Z,40.774899,-73.87941,210.9,a01bbc,N106HQ,E75L,EMBRAER ERJ-170-200 (long wing),0
takeoff,JFK,22R,1790949229.38,2026-10-02T13:53:49Z,40.647297,-73.765839,210.9,a999d2,N718AN,B77W,BOEING 777-300ER,0
takeoff,LGA,13,1790949233.37,2026-10-02T13:53:53Z,40.779586,-73.872835,123.8,acda41,N927XJ,CRJ9,BOMBARDIER Regional Jet CRJ-900,0
landing,LGA,22,1790949299.52,2026-10-02T13:54:59Z,40.780838,-73.874481,210.9,a3729a,N321FX,E545,EMBRAER EMB545 Praetor 500,0
takeoff,LGA,22,1790949299.52,2026-10-02T13:54:59Z,40.780838,-73.874481,210.9,a3729a,N321FX,E545,EMBRAER EMB545 Praetor 500,0
landing,LGA,22,1790949300.0,2026-10-02T13:55:00Z,40.780656,-73.87463,210.9,a3729a,N321FX,E545,EMBRAER EMB545 Praetor 500,0
landing,JFK,22L,1790949335.77,2026-10-02T13:55:35Z,40.636926,-73.76138,210.9,a8e247,N6713Y,B752,BOEING 757-200,0
takeoff,JFK,22R,1790949360.02,2026-10-02T13:56:00Z,40.64953,-73.764095,210.9,a21833,N234JQ,E75L,EMBRAER ERJ-170-200 (long wing),0
landing,LGA,22,1790949400.32,2026-10-02T13:56:40Z,40.775198,-73.87914,210.9,a54cd9,N440YX,E75L,EMBRAER ERJ-170-200 (long wing),0
takeoff,LGA,13,1790949425.66,2026-10-02T13:57:05Z,40.779667,-73.873022,123.8,ad63a1,N962AN,B738,BOEING 737-800,0
takeoff,JFK,22R,1790949426.57,2026-10-02T13:57:06Z,40.647913,-73.765375,210.9,a4a0d9,N398DN,A321,AIRBUS A-321,0
landing,JFK,22L,1790949490.93,2026-10-02T13:58:10Z,40.637054,-73.761276,210.9,a3c2a9,N341SV,B38M,BOEING 737 MAX 8,0
landing,LGA,22,1790949506.01,2026-10-02T13:58:26Z,40.774244,-73.879779,196.9,a1ecfd,N223JQ,E75L,EMBRAER ERJ-170-200 (long wing),0
takeoff,LGA,13,1790949547.67,2026-10-02T13:59:07Z,40.780133,-73.874005,118.1,a7de93,N606LR,CRJ9,BOMBARDIER Regional Jet CRJ-900,0
landing,LGA,22,1790949578.31,2026-10-02T13:59:38Z,40.776839,-73.877813,210.9,ac65bb,N8982S,B38M,BOEING 737 MAX 8,0
takeoff,JFK,22R,1790949578.96,2026-10-02T13:59:38Z,40.649174,-73.764374,213.8,a2270f,N238JQ,E75L,EMBRAER ERJ-170-200 (long wing),0
landing,JFK,22L,1790949606.0,2026-10-02T14:00:06Z,40.635143,-73.762787,210.9,842370,JA09WJ,A35K,AIRBUS A-350-1000,0
takeoff,LGA,13,1790949612.93,2026-10-02T14:00:12Z,40.781401,-73.876627,123.8,a08e82,N135HQ,E75L,EMBRAER ERJ-170-200 (long wing),0
takeoff,JFK,22R,1790949652.83,2026-10-02T14:00:52Z,40.646358,-73.766586,210.9,ad4f72,N957JB,A321,AIRBUS A-321,0
landing,LGA,22,1790949684.77,2026-10-02T14:01:24Z,40.77571,-73.878718,210.9,a4008e,N357TY,B38M,,0
landing,JFK,22L,1790949765.39,2026-10-02T14:02:45Z,40.63567,-73.762379,210.9,010289,SU-GGI,A359,AIRBUS A-350-900,0
takeoff,JFK,22L,1790949765.39,2026-10-02T14:02:45Z,40.63567,-73.762379,210.9,010289,SU-GGI,A359,AIRBUS A-350-900,0
landing,JFK,22L,1790949765.88,2026-10-02T14:02:45Z,40.635437,-73.762566,210.9,010289,SU-GGI,A359,AIRBUS A-350-900,0
takeoff,JFK,22R,1790949781.61,2026-10-02T14:03:01Z,40.647057,-73.766037,205.3,a7e24a,N607LR,CRJ9,BOMBARDIER Regional Jet CRJ-900,0
landing,LGA,22,1790949797.2,2026-10-02T14:03:17Z,40.7772,-73.877517,210.9,a1094c,N166PQ,CRJ9,BOMBARDIER Regional Jet CRJ-900,0
takeoff,LGA,13,1790949802.44,2026-10-02T14:03:22Z,40.781995,-73.87786,123.8,a1d0a3,N216JQ,E75L,EMBRAER ERJ-170-200 (long wing),0
takeoff,JFK,22R,1790949862.77,2026-10-02T14:04:22Z,40.64562,-73.767154,210.9,a38ad5,N3271J,BCS3,,0
takeoff,LGA,13,1790949891.5,2026-10-02T14:04:51Z,40.779749,-73.87321,123.8,ad3616,N950QS,C68A,CESSNA 680 Citation Latitude,0
takeoff,LGA,04,1790949900.28,2026-10-02T14:05:00Z,40.776083,-73.876596,73.1,a1094c,N166PQ,CRJ9,BOMBARDIER Regional Jet CRJ-900,0
takeoff,JFK,22R,1790949916.9,2026-10-02T14:05:16Z,40.646167,-73.766717,210.9,789244,B-LQF,A359,AIRBUS A-350-900,0
takeoff,LGA,13,1790949974.97,2026-10-02T14:06:14Z,40.780319,-73.87438,123.8,a2454f,N24526,A21N,,0
takeoff,JFK,22R,1790950016.88,2026-10-02T14:06:56Z,40.64612,-73.766779,210.9,ab0416,N809JB,A320,AIRBUS A-320,0
landing,LGA,22,1790950055.85,2026-10-02T14:07:35Z,40.777954,-73.876892,210.9,ac0c24,N8756S,B38M,,0
takeoff,LGA,13,1790950071.91,2026-10-02T14:07:51Z,40.781401,-73.876627,123.8,a19a48,N202JQ,E75L,EMBRAER ERJ-170-200 (long wing),0
takeoff,JFK,22R,1790950079.04,2026-10-02T14:07:59Z,40.64683,-73.766218,210.9,0c2077,HP-1824CMP,B738,BOEING 737-800,0
landing,JFK,22L,1790950082.83,2026-10-02T14:08:02Z,40.63603,-73.762051,210.9,71be27,HL7627,A388,AIRBUS A-380-800,0
takeoff,JFK,22R,1790950136.14,2026-10-02T14:08:56Z,40.646542,-73.766434,210.9,ac763e,N9017P,A319,AIRBUS A-319,0
landing,LGA,22,1790950144.54,2026-10-02T14:09:04Z,40.776409,-73.878156,210.9,a01f0d,N107DN,A321,AIRBUS A-321,0
takeoff,LGA,13,1790950160.25,2026-10-02T14:09:20Z,40.780472,-73.874695,123.8,a46a7e,N384DN,A321,AIRBUS A-321,0
takeoff,JFK,22R,1790950189.5,2026-10-02T14:09:49Z,40.646667,-73.766342,213.8,a61173,N490PX,CRJ9,BOMBARDIER Regional Jet CRJ-900,0
takeoff,LGA,13,1790950205.6,2026-10-02T14:10:05Z,40.779714,-73.873116,123.8,a7bbe9,N598JB,A320,AIRBUS A-320,0
takeoff,LGA,13,1790950243.29,2026-10-02T14:10:43Z,40.782188,-73.87822,120.9,c060c2,C-GKQR,E295,EMBRAER ERJ-190-400,0
takeoff,JFK,22R,1790950264.67,2026-10-02T14:11:04Z,40.645422,-73.76731,210.9,a35592,N3139J,BCS3,AIRBUS A220-300,0
landing,JFK,22L,1790950287.44,2026-10-02T14:11:27Z,40.636082,-73.762024,210.9,3949e0,F-GSPA,B772,BOEING 777-200,0
takeoff,JFK,22R,1790950335.04,2026-10-02T14:12:15Z,40.645888,-73.766951,210.9,a3845c,N3258J,BCS3,,0
takeoff,LGA,13,1790950354.25,2026-10-02T14:12:34Z,40.779316,-73.872284,129.4,a08e3c,N135EV,CRJ9,BOMBARDIER Regional Jet CRJ-900,0
takeoff,JFK,22R,1790950400.14,2026-10-02T14:13:20Z,40.646365,-73.766577,210.9,a6ca7f,N537AS,B738,BOEING 737-800,0
landing,LGA,22,1790950468.59,2026-10-02T14:14:28Z,40.777336,-73.87738,216.6,a14502,N181GJ,CRJ9,BOMBARDIER Regional Jet CRJ-900,0
takeoff,LGA,13,1790950487.21,2026-10-02T14:14:47Z,40.779877,-73.873459,120.9,a095aa,N137EV,CRJ9,BOMBARDIER Regional Jet CRJ-900,0
takeoff,JFK,22R,1790950502.57,2026-10-02T14:15:02Z,40.647583,-73.765625,210.9,ac8efa,N908XJ,CRJ9,BOMBARDIER Regional Jet CRJ-900,0
landing,JFK,22L,1790950544.78,2026-10-02T14:15:44Z,40.636752,-73.761536,210.9,a3514f,N3125J,BCS3,,0
takeoff,JFK,22R,1790950549.53,2026-10-02T14:15:49Z,40.649345,-73.764236,210.9,a08acb,N134HQ,E75L,EMBRAER ERJ-170-200 (long wing),0
landing,LGA,22,1790950556.56,2026-10-02T14:15:56Z,40.777375,-73.877376,210.9,a37d8a,N324DU,BCS3,AIRBUS A220-300,0
takeoff,LGA,13,1790950588.97,2026-10-02T14:16:28Z,40.7799,-73.87352,123.8,aa568e,N76502,B738,BOEING 737-800,0
takeoff,JFK,22R,1790950624.68,2026-10-02T14:17:04Z,40.646202,-73.766717,210.9,a16883,N190DN,B763,BOEING 767-300,0
landing,LGA,22,1790950673.77,2026-10-02T14:17:53Z,40.776546,-73.878021,210.9,a33716,N306RC,B38M,BOEING 737 MAX 8,0
takeoff,LGA,13,1790950685.57,2026-10-02T14:18:05Z,40.780109,-73.873943,123.8,c07534,C-GSJZ,DH8D,DE HAVILLAND DHC-8-400 Dash 8,0
takeoff,JFK,22R,1790950804.39,2026-10-02T14:20:04Z,40.64647,-73.766514,208.1,ab6162,N832SK,CRJ9,BOMBARDIER Regional Jet CRJ-900,0
takeoff,LGA,13,1790950836.32,2026-10-02T14:20:36Z,40.781467,-73.876785,123.8,ac159a,N878RW,E170,EMBRAER ERJ-170-100,0
landing,LGA,22,1790950840.36,2026-10-02T14:20:40Z,40.774337,-73.879811,202.5,a24720,N246JQ,E75L,EMBRAER ERJ-170-200 (long wing),0
takeoff,JFK,22R,1790950964.35,2026-10-02T14:22:44Z,40.646214,-73.766701,210.9,ad4bcb,N956JT,A321,AIRBUS A-321,0
landing,LGA,22,1790950978.61,2026-10-02T14:22:58Z,40.777922,-73.876908,210.9,a0669d,N125DN,A321,AIRBUS A-321,0
takeoff,LGA,13,1790951007.7,2026-10-02T14:23:27Z,40.781448,-73.876736,123.8,a05470,N120HQ,E75L,EMBRAER ERJ-170-200 (long wing),0
landing,JFK,22L,1790951019.4,2026-10-02T14:23:39Z,40.637432,-73.761017,210.9,a6152a,N491PX,CRJ9,BOMBARDIER Regional Jet CRJ-900,0
takeoff,JFK,22L,1790951019.4,2026-10-02T14:23:39Z,40.637432,-73.761017,210.9,a6152a,N491PX,CRJ9,BOMBARDIER Regional Jet CRJ-900,0
landing,JFK,22L,1790951020.55,2026-10-02T14:23:40Z,40.637066,-73.761286,210.9,a6152a,N491PX,CRJ9,BOMBARDIER Regional Jet CRJ-900,0
landing,LGA,22,1790951072.66,2026-10-02T14:24:32Z,40.776489,-73.878098,210.9,a03b67,N114DN,A321,AIRBUS A-321,0
landing,JFK,22L,1790951121.52,2026-10-02T14:25:21Z,40.637334,-73.761068,210.9,a00c80,N102DU,BCS1,AIRBUS A220-100,0
takeoff,LGA,13,1790951122.43,2026-10-02T14:25:22Z,40.780389,-73.87452,123.8,a38d8f,N328RR,B38M,BOEING 737 MAX 8,0
landing,LGA,22,1790951164.31,2026-10-02T14:26:04Z,40.778023,-73.876816,213.8,a44d62,N3767,B738,BOEING 737-800,0
takeoff,LGA,13,1790951197.69,2026-10-02T14:26:37Z,40.780459,-73.874676,123.8,a3729a,N321FX,E545,EMBRAER EMB545 Praetor 500,0
landing,JFK,22L,1790951250.74,2026-10-02T14:27:30Z,40.634514,-73.763275,210.9,a1ba59,N210JQ,E75L,EMBRAER ERJ-170-200 (long wing),0
landing,LGA,22,1790951279.75,2026-10-02T14:27:59Z,40.774907,-73.879374,208.1,a4e8ef,N415YX,E75L,EMBRAER ERJ-170-200 (long wing),0
takeoff,JFK,22R,1790951286.3,2026-10-02T14:28:06Z,40.649391,-73.76422,210.9,a1c1c7,N212JQ,E75L,EMBRAER ERJ-170-200 (long wing),0
takeoff,LGA,13,1790951288.36,2026-10-02T14:28:08Z,40.780494,-73.874739,123.8,a44533,N3741S,B738,BOEING 737-800,0
landing,JFK,22L,1790951309.13,2026-10-02T14:28:29Z,40.634457,-73.76329,210.9,acb0b9,N917AN,B738,BOEING 737-800,0
landing,LGA,22,1790951330.44,2026-10-02T14:28:50Z,40.777462,-73.877304,213.8,ac3315,N8852Q,B38M,BOEING 737 MAX 8,0
takeoff,LGA,22,1790951330.44,2026-10-02T14:28:50Z,40.777462,-73.877304,213.8,ac3315,N8852Q,B38M,BOEING 737 MAX 8,0
landing,LGA,22,1790951330.94,2026-10-02T14:28:50Z,40.777325,-73.877411,210.9,ac3315,N8852Q,B38M,BOEING 737 MAX 8,0
landing,LGA,22,1790951445.8,2026-10-02T14:30:45Z,40.777875,-73.876939,213.8,a37e80,N324PQ,CRJ9,BOMBARDIER Regional Jet CRJ-900,0
takeoff,LGA,13,1790951458.59,2026-10-02T14:30:58Z,40.779568,-73.872818,120.9,a34bdc,N311PQ,CRJ9,BOMBARDIER Regional Jet CRJ-900,0
takeoff,JFK,22R,1790951463.44,2026-10-02T14:31:03Z,40.64647,-73.766499,210.9,a32095,N300NY,A21N,AIRBUS A-321neo,0
landing,JFK,22L,1790951470.18,2026-10-02T14:31:10Z,40.638634,-73.760056,210.9,a8947e,N652DL,B752,BOEING 757-200,0
takeoff,LGA,13,1790951501.22,2026-10-02T14:31:41Z,40.780109,-73.873943,126.6,a38237,N325PQ,CRJ9,BOMBARDIER Regional Jet CRJ-900,0
landing,LGA,22,1790951573.52,2026-10-02T14:32:53Z,40.776676,-73.877938,210.9,a14c70,N183GJ,CRJ9,BOMBARDIER Regional Jet CRJ-900,0
takeoff,JFK,22R,1790951590.58,2026-10-02T14:33:10Z,40.649135,-73.764423,210.9,a4cc95,N408YX,E75L,EMBRAER ERJ-170-200 (long wing),0
landing,JFK,22L,1790951592.71,2026-10-02T14:33:12Z,40.636368,-73.76181,210.9,a7fdf2,N614DN,,,0
takeoff,LGA,13,1790951630.13,2026-10-02T14:33:50Z,40.779621,-73.872929,123.8,aa8164,N776XF,A319,AIRBUS A-319,0
takeoff,LGA,04,1790951690.82,2026-10-02T14:34:50Z,40.776094,-73.87658,75.9,a14c70,N183GJ,CRJ9,BOMBARDIER Regional Jet CRJ-900,0
takeoff,JFK,22R,1790951722.91,2026-10-02T14:35:22Z,40.64669,-73.766327,210.9,ad56e0,N959JB,A321,AIRBUS A-321,0
landing,LGA,22,1790951762.49,2026-10-02T14:36:02Z,40.775012,-73.879311,210.9,a51b93,N428YX,E75L,EMBRAER ERJ-170-200 (long wing),0
landing,JFK,22L,1790951764.93,2026-10-02T14:36:04Z,40.635646,-73.762363,210.9,ade609,N995JL,A321,AIRBUS A-321,0
takeoff,LGA,13,1790951773.55,2026-10-02T14:36:13Z,40.779888,-73.873474,123.8,a3a084,N33264,B738,BOEING 737-800,0
takeoff,LGA,13,1790951848.67,2026-10-02T14:37:28Z,40.779528,-73.872726,123.8,a3962d,N330DU,BCS3,,0
takeoff,JFK,22R,1790951860.81,2026-10-02T14:37:40Z,40.646307,-73.766623,210.9,a8299a,N625JB,A320,AIRBUS A-320,0
landing,JFK,22L,1790951918.19,2026-10-02T14:38:38Z,40.630978,-73.766144,219.4,a4b64b,N402YX,E75L,EMBRAER ERJ-170-200 (long wing),0
takeoff,JFK,22L,1790951918.19,2026-10-02T14:38:38Z,40.630978,-73.766144,219.4,a4b64b,N402YX,E75L,EMBRAER ERJ-170-200 (long wing),0
landing,JFK,22L,1790951918.52,2026-10-02T14:38:38Z,40.630909,-73.766205,219.4,a4b64b,N402YX,E75L,EMBRAER ERJ-170-200 (long wing),0
takeoff,JFK,22R,1790951923.27,2026-10-02T14:38:43Z,40.647251,-73.765884,210.9,a939e8,N694DL,B752,BOEING 757-200,0
landing,LGA,22,1790951927.29,2026-10-02T14:38:47Z,40.775974,-73.878494,210.9,aa56d5,N76523,B738,BOEING 737-800,0
takeoff,LGA,13,1790951929.19,2026-10-02T14:38:49Z,40.781762,-73.877392,123.8,abc2e5,N857RW,E170,EMBRAER ERJ-170-100,0
takeoff,LGA,13,1790952005.27,2026-10-02T14:40:05Z,40.781483,-73.87683,123.8,abb5a1,N85354,E75L,EMBRAER ERJ-170-200 (long wing),0
landing,LGA,22,1790952069.76,2026-10-02T14:41:09Z,40.777771,-73.877029,213.8,a34e01,N3118J,BCS3,AIRBUS A220-300,0
takeoff,LGA,13,1790952088.88,2026-10-02T14:41:28Z,40.780284,-73.874333,123.8,add793,N991NN,B738,BOEING 737-800,0
takeoff,JFK,22R,1790952095.18,2026-10-02T14:41:35Z,40.645678,-73.767123,210.9,a35949,N3149J,BCS3,AIRBUS A220-300,0
takeoff,LGA,13,1790952139.35,2026-10-02T14:42:19Z,40.781982,-73.877853,123.8,ab282b,N818MD,E170,EMBRAER ERJ-170-100,0
takeoff,JFK,22R,1790952152.38,2026-10-02T14:42:32Z,40.646621,-73.766374,210.9,ad00e3,N937NN,B738,BOEING 737-800,0
takeoff,LGA,13,1790952215.23,2026-10-02T14:43:35Z,40.779644,-73.872975,123.8,c0064c,C-FCJZ,CRJ9,BOMBARDIER Regional Jet CRJ-900,0
takeoff,JFK,22R,1790952218.66,2026-10-02T14:43:38Z,40.646377,-73.766577,210.9,a1a0c4,N2039J,A21N,AIRBUS A-321neo,0
takeoff,LGA,13,1790952267.72,2026-10-02T14:44:27Z,40.781994,-73.877884,120.9,a1a56d,N205JQ,E75L,EMBRAER ERJ-170-200 (long wing),0
takeoff,JFK,22R,1790952275.3,2026-10-02T14:44:35Z,40.646947,-73.766124,210.9,aae582,N8009T,A319,AIRBUS A-319,0
takeoff,JFK,22R,1790952335.34,2026-10-02T14:45:35Z,40.646237,-73.766655,209.6,ab30e6,N820AL,B789,BOEING 787-9 Dreamliner,0
landing,LGA,22,1790952355.32,2026-10-02T14:45:55Z,40.77499,-73.879303,213.8,abbb77,N855RW,E170,EMBRAER ERJ-170-100,0
takeoff,LGA,13,1790952362.28,2026-10-02T14:46:02Z,40.780156,-73.874037,123.8,a39113,N329PQ,CRJ9,BOMBARDIER Regional Jet CRJ-900,0
takeoff,JFK,22R,1790952435.4,2026-10-02T14:47:15Z,40.646423,-73.76653,210.9,a752ea,N571JB,A320,AIRBUS A-320,0
landing,LGA,22,1790952445.15,2026-10-02T14:47:25Z,40.777977,-73.876846,213.8,a2b176,N27283,B38M,BOEING 737 MAX 8,0
landing,JFK,22L,1790952448.07,2026-10-02T14:47:28Z,40.636345,-73.761841,210.9,4005bd,G-VIIE,B772,BOEING 777-200,0
takeoff,LGA,13,1790952465.64,2026-10-02T14:47:45Z,40.780249,-73.874255,123.8,abbd47,N8557Q,B738,BOEING 737-800,0
takeoff,JFK,22R,1790952504.09,2026-10-02T14:48:24Z,40.64669,-73.766327,210.9,a8a017,N655JB,A320,AIRBUS A-320,0
takeoff,LGA,13,1790952536.33,2026-10-02T14:48:56Z,40.779648,-73.872986,123.8,a3a9eb,N335RT,B38M,BOEING 737 MAX 8,0
takeoff,LGA,13,1790952590.62,2026-10-02T14:49:50Z,40.781413,-73.876674,123.8,a1acdb,N207JQ,E75L,EMBRAER ERJ-170-200 (long wing),0
landing,JFK,22L,1790952635.31,2026-10-02T14:50:35Z,40.633987,-73.763687,213.8,a51f4a,N429YX,E75L,EMBRAER ERJ-170-200 (long wing),0
takeoff,LGA,13,1790952661.97,2026-10-02T14:51:01Z,40.78139,-73.876627,123.8,a030a8,N111HQ,E75L,EMBRAER ERJ-170-200 (long wing),0
takeoff,JFK,22R,1790952677.85,2026-10-02T14:51:17Z,40.647028,-73.766062,210.9,a6a6f6,N528DE,A21N,AIRBUS A-321neo,0
takeoff,JFK,22R,1790952731.69,2026-10-02T14:52:11Z,40.647575,-73.765625,210.9,ad8fa4,N973JT,A321,AIRBUS A-321,0
landing,LGA,22,1790952757.84,2026-10-02T14:52:37Z,40.776118,-73.878391,210.9,c003a8,C-FBJZ,CRJ9,BOMBARDIER Regional Jet CRJ-900,0
takeoff,LGA,13,1790952774.39,2026-10-02T14:52:54Z,40.779476,-73.872604,118.1,a08317,N132EV,CRJ9,BOMBARDIER Regional Jet CRJ-900,0
takeoff,JFK,22R,1790952786.89,2026-10-02T14:53:06Z,40.646982,-73.766077,210.9,acc040,N920XJ,CRJ9,BOMBARDIER Regional Jet CRJ-900,0
landing,JFK,22L,1790952790.49,2026-10-02T14:53:10Z,40.636459,-73.761734,210.9,a37517,N3215J,BCS3,AIRBUS A220-300,0
landing,LGA,22,1790952836.46,2026-10-02T14:53:56Z,40.777433,-73.877314,210.9,ac769b,N902AA,A321,AIRBUS A-321,0
takeoff,LGA,13,1790952862.13,2026-10-02T14:54:22Z,40.781739,-73.877361,123.8,a1a1b6,N204JQ,E75L,EMBRAER ERJ-170-200 (long wing),0
landing,JFK,22L,1790952951.93,2026-10-02T14:55:51Z,40.635949,-73.762129,212.4,781112,B-7838,B789,BOEING 787-9 Dreamliner,0
takeoff,JFK,22L,1790952951.93,2026-10-02T14:55:51Z,40.635949,-73.762129,212.4,781112,B-7838,B789,BOEING 787-9 Dreamliner,0
landing,JFK,22L,1790952952.42,2026-10-02T14:55:52Z,40.635739,-73.762285,212.4,781112,B-7838,B789,BOEING 787-9 Dreamliner,0
landing,LGA,22,1790952958.23,2026-10-02T14:55:58Z,40.776649,-73.877945,213.8,ac98c1,N910XJ,CRJ9,BOMBARDIER Regional Jet CRJ-900,0
takeoff,LGA,13,1790952984.61,2026-10-02T14:56:24Z,40.780319,-73.874411,123.8,a44c70,N3760C,B738,BOEING 737-800,0
takeoff,LGA,13,1790952986.4,2026-10-02T14:56:26Z,40.775117,-73.86742,129.4,c003a8,C-FBJZ,CRJ9,BOMBARDIER Regional Jet CRJ-900,0
landing,LGA,22,1790953055.27,2026-10-02T14:57:35Z,40.777933,-73.876892,210.9,ac92b1,N909XJ,CRJ9,BOMBARDIER Regional Jet CRJ-900,0
takeoff,JFK,22R,1790953074.99,2026-10-02T14:57:54Z,40.646318,-73.766623,210.9,a38af8,N3272J,BCS3,AIRBUS A220-300,0
landing,JFK,22L,1790953108.78,2026-10-02T14:58:28Z,40.636659,-73.761567,212.4,507c4c,UK-78701,B788,BOEING 787-8 Dreamliner,0
takeoff,JFK,22L,1790953108.78,2026-10-02T14:58:28Z,40.636659,-73.761567,212.4,507c4c,UK-78701,B788,BOEING 787-8 Dreamliner,0
landing,JFK,22L,1790953109.28,2026-10-02T14:58:29Z,40.636449,-73.761739,212.4,507c4c,UK-78701,B788,BOEING 787-8 Dreamliner,0
landing,LGA,22,1790953156.21,2026-10-02T14:59:16Z,40.777654,-73.877127,213.8,ace7bf,N930XJ,CRJ9,BOMBARDIER Regional Jet CRJ-900,0
landing,LGA,22,1790953268.29,2026-10-02T15:01:08Z,40.775242,-73.879105,210.9,ab3d17,N823MD,E170,EMBRAER ERJ-170-100,0
landing,JFK,22L,1790953288.92,2026-10-02T15:01:28Z,40.637077,-73.761261,210.9,acfe09,N936XJ,CRJ9,BOMBARDIER Regional Jet CRJ-900,0
landing,LGA,22,1790953324.96,2026-10-02T15:02:04Z,40.777119,-73.877579,210.9,abaaa8,N8507C,B738,BOEING 737-800,0
takeoff,JFK,22R,1790953334.05,2026-10-02T15:02:14Z,40.646645,-73.766357,210.9,adbaca,N984JB,A321,AIRBUS A-321,0
takeoff,LGA,13,1790953340.84,2026-10-02T15:02:20Z,40.775128,-73.867435,129.4,ace7bf,N930XJ,CRJ9,BOMBARDIER Regional Jet CRJ-900,0
takeoff,JFK,22R,1790953410.44,2026-10-02T15:03:30Z,40.646038,-73.76683,210.9,a33843,N3062J,BCS3,AIRBUS A220-300,0
landing,JFK,22L,1790953414.43,2026-10-02T15:03:34Z,40.637135,-73.76123,210.9,a4c2ad,N4058J,A21N,AIRBUS A-321neo,0
takeoff,LGA,31,1790953429.97,2026-10-02T15:03:49Z,40.772266,-73.857529,303.8,a34ae6,N311DU,BCS3,AIRBUS A220-300,0
takeoff,LGA,31,1790953533.3,2026-10-02T15:05:33Z,40.776627,-73.866577,303.8,c0671b,C-GNBE,BCS3,AIRBUS A220-300,0
landing,JFK,22L,1790953545.39,2026-10-02T15:05:45Z,40.634193,-73.763504,210.9,ab9eca,N848NN,B738,BOEING 737-800,0
takeoff,JFK,22R,1790953572.72,2026-10-02T15:06:12Z,40.646446,-73.766499,210.9,a7167f,N556JB,A320,AIRBUS A-320,0
landing,LGA,22,1790953575.76,2026-10-02T15:06:15Z,40.775675,-73.87875,210.9,acae2e,N916NN,B738,BOEING 737-800,0
landing,JFK,22L,1790953681.28,2026-10-02T15:08:01Z,40.63603,-73.762082,210.9,a67bc8,N517DN,A21N,AIRBUS A-321neo,0
landing,LGA,22,1790953747.28,2026-10-02T15:09:07Z,40.774814,-73.879452,210.9,abd41a,N861RW,E170,EMBRAER ERJ-170-100,0
takeoff,LGA,31,1790953754.59,2026-10-02T15:09:14Z,40.776031,-73.865417,300.9,a46e40,N385DZ,A321,AIRBUS A-321,0
landing,JFK,22L,1790953769.76,2026-10-02T15:09:29Z,40.636024,-73.762054,210.9,407dc5,G-VTOM,A339,AIRBUS A-330-900,0
takeoff,JFK,22R,1790953776.77,2026-10-02T15:09:36Z,40.646679,-73.766327,210.9,adcca0,N989AN,B738,BOEING 737-800,0
landing,LGA,22,1790953841.86,2026-10-02T15:10:41Z,40.776535,-73.878036,210.9,acd68a,N926XJ,CRJ9,BOMBARDIER Regional Jet CRJ-900,0
takeoff,LGA,31,1790953856.23,2026-10-02T15:10:56Z,40.7723,-73.857432,340.3,a43f51,N373DX,A321,AIRBUS A-321,0
takeoff,JFK,22R,1790953881.2,2026-10-02T15:11:21Z,40.64669,-73.766327,210.9,a32803,N302NY,A21N,AIRBUS A-321neo,0
landing,JFK,22L,1790953884.27,2026-10-02T15:11:24Z,40.634697,-73.763123,210.9,a1286c,N174DZ,B763,BOEING 767-300,0
takeoff,JFK,22R,1790954022.86,2026-10-02T15:13:42Z,40.64633,-73.766608,210.9,acab54,N915XJ,CRJ9,BOMBARDIER Regional Jet CRJ-900,0
takeoff,LGA,13,1790954026.08,2026-10-02T15:13:46Z,40.776409,-73.868546,120.9,acd68a,N926XJ,CRJ9,BOMBARDIER Regional Jet CRJ-900,0
takeoff,LGA,31,1790954027.66,2026-10-02T15:13:47Z,40.772243,-73.857483,300.9,ac0a75,N875RW,E170,EMBRAER ERJ-170-100,0
landing,LGA,22,1790954050.95,2026-10-02T15:14:10Z,40.77507,-73.879257,210.9,a09239,N136HQ,E75L,EMBRAER ERJ-170-200 (long wing),0
landing,JFK,22L,1790954060.86,2026-10-02T15:14:20Z,40.635418,-73.762558,210.9,a35b39,N315UU,B38M,BOEING 737 MAX 8,0
landing,LGA,22,1790954109.6,2026-10-02T15:15:09Z,40.774989,-73.879327,213.8,a4995f,N396DA,B738,BOEING 737-800,0
takeoff,JFK,22R,1790954117.53,2026-10-02T15:15:17Z,40.646516,-73.766452,210.9,ab92c4,N845DN,B739,BOEING 737-900,0
takeoff,LGA,31,1790954117.69,2026-10-02T15:15:17Z,40.772335,-73.857635,303.8,a4008e,N357TY,B38M,,0
landing,JFK,22L,1790954223.94,2026-10-02T15:17:03Z,40.640325,-73.758711,210.9,a4076a,N359NB,A319,AIRBUS A-319,0
landing,LGA,22,1790954226.01,2026-10-02T15:17:06Z,40.777771,-73.877029,210.9,a2b136,N27269,B38M,BOEING 737 MAX 8,0
takeoff,JFK,22R,1790954242.45,2026-10-02T15:17:22Z,40.646318,-73.766623,210.9,acd4d7,N926DZ,B739,BOEING 737-900,0
landing,LGA,22,1790954339.77,2026-10-02T15:18:59Z,40.778927,-73.876083,210.9,a3b02e,N337DU,BCS3,AIRBUS A220-300,0
landing,JFK,22L,1790954353.26,2026-10-02T15:19:13Z,40.635041,-73.762816,212.4,47c968,LN-LNO,B789,BOEING 787-9 Dreamliner,0
takeoff,LGA,31,1790954361.07,2026-10-02T15:19:21Z,40.776352,-73.86615,300.9,ad83b2,N970AN,B738,BOEING 737-800,0
takeoff,LGA,31,1790954465.66,2026-10-02T15:21:05Z,40.772449,-73.857864,300.9,ac0c24,N8756S,B38M,,0
landing,LGA,22,1790954492.09,2026-10-02T15:21:32Z,40.773663,-73.879913,185.6,a05827,N121HQ,E75L,EMBRAER ERJ-170-200 (long wing),0
takeoff,LGA,31,1790954530.81,2026-10-02T15:22:10Z,40.772243,-73.857483,303.8,a1ecfd,N223JQ,E75L,EMBRAER ERJ-170-200 (long wing),0
landing,JFK,22L,1790954544.52,2026-10-02T15:22:24Z,40.63496,-73.762909,210.9,76cef6,9V-SWV,B77W,BOEING 777-300ER,0
landing,LGA,22,1790954567.4,2026-10-02T15:22:47Z,40.77483,-73.87944,208.1,a07bef,N130HQ,E75L,EMBRAER ERJ-170-200 (long wing),0
takeoff,JFK,22R,1790954590.2,2026-10-02T15:23:10Z,40.646496,-73.766479,210.9,ab6020,N832DN,B739,BOEING 737-900,0
landing,LGA,22,1790954627.56,2026-10-02T15:23:47Z,40.778236,-73.876643,210.9,a0103b,N103DY,A321,AIRBUS A-321,0
takeoff,LGA,31,1790954638.53,2026-10-02T15:23:58Z,40.772277,-73.857542,300.9,ac65bb,N8982S,B38M,BOEING 737 MAX 8,0
takeoff,JFK,22R,1790954656.24,2026-10-02T15:24:16Z,40.646233,-73.766678,210.9,a4491f,N3753,B738,BOEING 737-800,0
landing,LGA,22,1790954707.29,2026-10-02T15:25:07Z,40.778011,-73.876831,210.9,abadf9,N8514F,B738,BOEING 737-800,0
takeoff,LGA,31,1790954726.41,2026-10-02T15:25:26Z,40.772475,-73.857947,300.9,a54cd9,N440YX,E75L,EMBRAER ERJ-170-200 (long wing),0
takeoff,LGA,31,1790954799.26,2026-10-02T15:26:39Z,40.772242,-73.857448,298.1,a24720,N246JQ,E75L,EMBRAER ERJ-170-200 (long wing),0
landing,JFK,22L,1790954799.62,2026-10-02T15:26:39Z,40.633831,-73.763783,210.9,ac8289,N905JB,A321,AIRBUS A-321,0
takeoff,JFK,22R,1790954848.13,2026-10-02T15:27:28Z,40.646141,-73.766754,210.9,a6b0bd,N530DE,A21N,,0
landing,LGA,22,1790954901.73,2026-10-02T15:28:21Z,40.776489,-73.878098,213.8,a36994,N319PQ,CRJ9,BOMBARDIER Regional Jet CRJ-900,0
landing,JFK,22L,1790954957.84,2026-10-02T15:29:17Z,40.634622,-73.763143,210.9,a11380,N169DZ,B763,BOEING 767-300,0
landing,LGA,22,1790954983.88,2026-10-02T15:29:43Z,40.777316,-73.877407,210.9,a0267b,N109DN,A321,AIRBUS A-321,0
takeoff,LGA,31,1790954993.69,2026-10-02T15:29:53Z,40.77258,-73.858181,300.9,a03816,N113HQ,E75L,EMBRAER ERJ-170-200 (long wing),0
takeoff,JFK,22R,1790955019.66,2026-10-02T15:30:19Z,40.646004,-73.766861,210.9,adf4e9,N999JQ,A321,AIRBUS A-321,0
takeoff,LGA,31,1790955067.7,2026-10-02T15:31:07Z,40.772452,-73.8579,300.9,ab1890,N814DN,B739,BOEING 737-900,0
landing,JFK,22L,1790955110.81,2026-10-02T15:31:50Z,40.634914,-73.762939,210.9,ab3c58,N823DN,B739,BOEING 737-900,0
takeoff,JFK,22R,1790955132.33,2026-10-02T15:32:12Z,40.646507,-73.766464,210.9,06a1bd,A7-BEG,B77W,BOEING 777-300ER,0
takeoff,LGA,31,1790955162.41,2026-10-02T15:32:42Z,40.772243,-73.857468,300.9,ada699,N979RP,E170,EMBRAER ERJ-170-100,0
landing,LGA,22,1790955174.59,2026-10-02T15:32:54Z,40.776112,-73.878342,202.5,ab1d06,N815MD,E170,EMBRAER ERJ-170-100,0
landing,JFK,22L,1790955246.31,2026-10-02T15:34:06Z,40.638416,-73.760208,210.9,a3dc34,N348NB,A319,AIRBUS A-319,0
takeoff,JFK,22R,1790955270.11,2026-10-02T15:34:30Z,40.646141,-73.766769,210.9,a85c3e,N638JB,A320,AIRBUS A-320,0
landing,LGA,22,1790955294.82,2026-10-02T15:34:54Z,40.778236,-73.876658,210.9,a448db,N3751B,B738,BOEING 737-800,0
takeoff,LGA,31,1790955311.62,2026-10-02T15:35:11Z,40.772827,-73.858688,300.9,aafc36,N807DN,B739,BOEING 737-900,0
landing,JFK,22L,1790955375.77,2026-10-02T15:36:15Z,40.633415,-73.764343,225.0,a0835d,N132HQ,E75L,EMBRAER ERJ-170-200 (long wing),0
takeoff,LGA,31,1790955381.39,2026-10-02T15:36:21Z,40.77251,-73.85801,303.8,a01f0d,N107DN,A321,AIRBUS A-321,0
takeoff,JFK,22R,1790955404.0,2026-10-02T15:36:44Z,40.646493,-73.766483,210.9,a3c2a9,N341SV,B38M,BOEING 737 MAX 8,0
takeoff,LGA,04,1790955408.39,2026-10-02T15:36:48Z,40.775436,-73.877274,70.3,a448db,N3751B,B738,BOEING 737-800,0
takeoff,LGA,31,1790955460.87,2026-10-02T15:37:40Z,40.772265,-73.857417,298.1,ab40ce,N824MD,E170,EMBRAER ERJ-170-100,0
takeoff,JFK,22R,1790955473.59,2026-10-02T15:37:53Z,40.646621,-73.766374,210.9,ad9712,N975JT,A321,AIRBUS A-321,0
takeoff,LGA,31,1790955544.93,2026-10-02T15:39:04Z,40.772243,-73.857437,303.8,a01bbc,N106HQ,E75L,EMBRAER ERJ-170-200 (long wing),0
landing,LGA,22,1790955560.11,2026-10-02T15:39:20Z,40.7757,-73.878723,210.9,a8847f,N648RW,E170,EMBRAER ERJ-170-100,0
takeoff,JFK,22R,1790955593.35,2026-10-02T15:39:53Z,40.6451,-73.767593,210.9,8963e9,A6-EOL,A388,AIRBUS A-380-800,0
takeoff,LGA,31,1790955610.97,2026-10-02T15:40:10Z,40.772346,-73.857681,312.2,a14502,N181GJ,CRJ9,BOMBARDIER Regional Jet CRJ-900,0
takeoff,LGA,31,1790955719.69,2026-10-02T15:41:59Z,40.772346,-73.857681,300.9,ac3315,N8852Q,B38M,BOEING 737 MAX 8,0
takeoff,JFK,22R,1790955778.84,2026-10-02T15:42:58Z,40.649494,-73.76413,210.9,a1ba59,N210JQ,E75L,EMBRAER ERJ-170-200 (long wing),0
landing,JFK,22L,1790955787.85,2026-10-02T15:43:07Z,40.63397,-73.763674,210.9,aa305f,N756AM,B772,BOEING 777-200,0
landing,LGA,22,1790955824.44,2026-10-02T15:43:44Z,40.77705,-73.877625,210.9,a08a85,N134EV,CRJ9,BOMBARDIER Regional Jet CRJ-900,0
takeoff,LGA,31,1790955830.01,2026-10-02T15:43:50Z,40.772484,-73.857986,303.8,a44d62,N3767,B738,BOEING 737-800,0
landing,LGA,22,1790955940.64,2026-10-02T15:45:40Z,40.774681,-73.879532,208.1,abd7d1,N862RW,E170,EMBRAER ERJ-170-100,0
takeoff,JFK,22R,1790955965.55,2026-10-02T15:46:05Z,40.646679,-73.766327,210.9,a8e247,N6713Y,B752,BOEING 757-200,0
landing,JFK,22L,1790955978.73,2026-10-02T15:46:18Z,40.640762,-73.758347,210.9,ad48a9,N955QS,C68A,CESSNA 680 Citation Latitude,0
takeoff,JFK,22R,1790956022.21,2026-10-02T15:47:02Z,40.64683,-73.766218,210.9,ad8836,N971JT,A321,AIRBUS A-321,0
takeoff,JFK,22R,1790956079.03,2026-10-02T15:47:59Z,40.646249,-73.76667,210.9,acb0b9,N917AN,B738,BOEING 737-800,0
landing,JFK,22L,1790956106.14,2026-10-02T15:48:26Z,40.63667,-73.761583,210.9,a4380f,N371FR,A20N,AIRBUS A-320neo,0
landing,LGA,22,1790956107.42,2026-10-02T15:48:27Z,40.777991,-73.876861,210.9,a5449a,N439AN,A21N,AIRBUS A-321neo,0
takeoff,LGA,31,1790956111.27,2026-10-02T15:48:31Z,40.772207,-73.857448,300.9,a4e8ef,N415YX,E75L,EMBRAER ERJ-170-200 (long wing),0
landing,JFK,22L,1790956227.82,2026-10-02T15:50:27Z,40.637869,-73.760646,210.9,a392f2,N3296J,BCS3,AIRBUS A220-300,0
landing,LGA,22,1790956285.38,2026-10-02T15:51:25Z,40.774849,-73.879452,210.9,a85d00,N638RW,E170,EMBRAER ERJ-170-100,0
takeoff,JFK,22R,1790956372.17,2026-10-02T15:52:52Z,40.646062,-73.766811,210.9,a56866,N448AS,B739,BOEING 737-900,0
landing,JFK,22L,1790956395.27,2026-10-02T15:53:15Z,40.635693,-73.762344,210.9,4bb143,TC-LJC,B77W,BOEING 777-300ER,0
takeoff,JFK,22R,1790956470.01,2026-10-02T15:54:30Z,40.646598,-73.766405,210.9,a6152a,N491PX,CRJ9,BOMBARDIER Regional Jet CRJ-900,0
landing,LGA,22,1790956507.41,2026-10-02T15:55:07Z,40.77784,-73.876953,213.8,a37af8,N323RM,B38M,BOEING 737 MAX 8,0
landing,JFK,22L,1790956543.87,2026-10-02T15:55:43Z,40.636642,-73.761597,210.9,ab63d7,N833DN,B739,BOEING 737-900,0
takeoff,JFK,22R,1790956581.81,2026-10-02T15:56:21Z,40.64718,-73.765952,210.9,ad2f71,N949JT,A321,AIRBUS A-321,0
takeoff,LGA,31,1790956584.82,2026-10-02T15:56:24Z,40.772312,-73.857604,300.9,a37d8a,N324DU,BCS3,AIRBUS A220-300,0
takeoff,LGA,31,1790956664.94,2026-10-02T15:57:44Z,40.772472,-73.857956,300.9,a33716,N306RC,B38M,BOEING 737 MAX 8,0
takeoff,LGA,31,1790956735.5,2026-10-02T15:58:55Z,40.772475,-73.857978,303.8,aa56d5,N76523,B738,BOEING 737-800,0
takeoff,LGA,31,1790956767.75,2026-10-02T15:59:27Z,40.772278,-73.857529,309.4,a51b93,N428YX,E75L,EMBRAER ERJ-170-200 (long wing),0
takeoff,JFK,22R,1790956780.44,2026-10-02T15:59:40Z,40.646563,-73.766421,210.9,a7fdf2,N614DN,,,0
landing,JFK,22L,1790956798.53,2026-10-02T15:59:58Z,40.630619,-73.766499,225.0,a4f05d,N417YX,E75L,EMBRAER ERJ-170-200 (long wing),0
landing,LGA,22,1790956824.44,2026-10-02T16:00:24Z,40.775116,-73.879211,210.9,a23844,N242JQ,E75L,EMBRAER ERJ-170-200 (long wing),0
takeoff,LGA,31,1790956888.45,2026-10-02T16:01:28Z,40.772266,-73.857513,300.9,ab3d17,N823MD,E170,EMBRAER ERJ-170-100,0
landing,LGA,22,1790956907.88,2026-10-02T16:01:47Z,40.774864,-73.879395,213.8,a1d811,N218JQ,E75S,EMBRAER ERJ-170-200 (short wing),0
landing,JFK,22L,1790956934.0,2026-10-02T16:02:14Z,40.634674,-73.763123,210.9,3c70c9,D-ALFI,B77L,BOEING 777-200LR,0
landing,LGA,22,1790956986.79,2026-10-02T16:03:06Z,40.777887,-73.876939,210.9,a35701,N314PQ,CRJ9,BOMBARDIER Regional Jet CRJ-900,0
takeoff,JFK,22R,1790957003.58,2026-10-02T16:03:23Z,40.648879,-73.76461,210.9,a4b64b,N402YX,E75L,EMBRAER ERJ-170-200 (long wing),0
takeoff,LGA,31,1790957076.09,2026-10-02T16:04:36Z,40.772369,-73.857758,303.8,a0669d,N125DN,A321,AIRBUS A-321,0
landing,LGA,22,1790957083.3,2026-10-02T16:04:43Z,40.775105,-73.879171,213.8,a0232a,N108HQ,E75L,EMBRAER ERJ-170-200 (long wing),0
landing,JFK,22L,1790957125.7,2026-10-02T16:05:25Z,40.634773,-73.763065,210.9,ab5d52,N831NW,A333,AIRBUS A-330-300,0
takeoff,LGA,31,1790957207.6,2026-10-02T16:06:47Z,40.772265,-73.857526,300.9,abd41a,N861RW,E170,EMBRAER ERJ-170-100,0
landing,LGA,22,1790957221.42,2026-10-02T16:07:01Z,40.775219,-73.879089,213.8,a01f73,N107HQ,E75L,EMBRAER ERJ-170-200 (long wing),0
takeoff,JFK,22R,1790957245.16,2026-10-02T16:07:25Z,40.645795,-73.767014,210.9,a00c80,N102DU,BCS1,AIRBUS A220-100,0
landing,LGA,22,1790957309.26,2026-10-02T16:08:29Z,40.779283,-73.875769,210.9,c05f01,C-GJZK,DH8D,DE HAVILLAND DHC-8-400 Dash 8,0
landing,JFK,22L,1790957314.74,2026-10-02T16:08:34Z,40.633656,-73.764033,219.4,a1c935,N214JQ,E75L,EMBRAER ERJ-170-200 (long wing),0
takeoff,LGA,31,1790957318.25,2026-10-02T16:08:38Z,40.772358,-73.857712,303.8,a34e01,N3118J,BCS3,AIRBUS A220-300,0
landing,JFK,22L,1790957436.34,2026-10-02T16:10:36Z,40.636024,-73.762085,210.9,aafd1f,N807NW,A333,AIRBUS A-330-300,0
takeoff,LGA,31,1790957453.15,2026-10-02T16:10:53Z,40.772265,-73.857526,306.6,ac92b1,N909XJ,CRJ9,BOMBARDIER Regional Jet CRJ-900,0
landing,LGA,22,1790957468.98,2026-10-02T16:11:08Z,40.774933,-73.879364,213.8,a5307f,N433YX,E75L,EMBRAER ERJ-170-200 (long wing),0
takeoff,LGA,22,1790957469.99,2026-10-02T16:11:09Z,40.774791,-73.879483,210.9,a5307f,N433YX,E75L,EMBRAER ERJ-170-200 (long wing),0
landing,LGA,22,1790957472.18,2026-10-02T16:11:12Z,40.774544,-73.879654,205.3,a5307f,N433YX,E75L,EMBRAER ERJ-170-200 (long wing),0
takeoff,LGA,31,1790957530.62,2026-10-02T16:12:10Z,40.772242,-73.857463,303.8,abbb77,N855RW,E170,EMBRAER ERJ-170-100,0
landing,LGA,22,1790957532.56,2026-10-02T16:12:12Z,40.777712,-73.87708,213.8,abc035,N8561Z,B738,BOEING 737-800,0
takeoff,LGA,31,1790957582.69,2026-10-02T16:13:02Z,40.772186,-73.857346,345.9,a385ee,N326PQ,CRJ9,BOMBARDIER Regional Jet CRJ-900,0
landing,JFK,22L,1790957586.8,2026-10-02T16:13:06Z,40.636996,-73.761302,210.9,a6b470,N531DA,A21N,AIRBUS A-321neo,0
takeoff,JFK,22R,1790957613.34,2026-10-02T16:13:33Z,40.645178,-73.767497,210.9,a3514f,N3125J,BCS3,,0
takeoff,JFK,22R,1790957670.08,2026-10-02T16:14:30Z,40.647182,-73.76593,210.9,a66ce0,N513DA,A21N,AIRBUS A-321neo,0
takeoff,LGA,31,1790957708.11,2026-10-02T16:15:08Z,40.772301,-73.857559,303.8,a03b67,N114DN,A321,AIRBUS A-321,0
takeoff,JFK,22R,1790957714.9,2026-10-02T16:15:14Z,40.649277,-73.764297,210.9,a51f4a,N429YX,E75L,EMBRAER ERJ-170-200 (long wing),0
landing,LGA,22,1790957727.85,2026-10-02T16:15:27Z,40.77528,-73.879077,210.9,a1dd2d,N219YX,E75L,EMBRAER ERJ-170-200 (long wing),0
landing,JFK,22L,1790957759.08,2026-10-02T16:15:59Z,40.636173,-73.761948,210.9,a383f3,N3255J,BCS3,,0
takeoff,JFK,22R,1790957776.64,2026-10-02T16:16:16Z,40.646062,-73.766826,210.9,a770a2,N579JB,A320,AIRBUS A-320,0
takeoff,LGA,31,1790957785.8,2026-10-02T16:16:25Z,40.772312,-73.857635,300.9,ac98c1,N910XJ,CRJ9,BOMBARDIER Regional Jet CRJ-900,0
landing,LGA,22,1790957795.6,2026-10-02T16:16:35Z,40.775917,-73.878555,210.9,aca3e6,N913XJ,CRJ9,BOMBARDIER Regional Jet CRJ-900,0
takeoff,LGA,31,1790957860.86,2026-10-02T16:17:40Z,40.7723,-73.857588,298.1,a37e80,N324PQ,CRJ9,BOMBARDIER Regional Jet CRJ-900,0
landing,LGA,22,1790957870.89,2026-10-02T16:17:50Z,40.776455,-73.878125,210.9,a39948,N3308J,BCS3,AIRBUS A220-300,0
takeoff,JFK,22R,1790957917.99,2026-10-02T16:18:37Z,40.645434,-73.767294,210.9,a37517,N3215J,BCS3,AIRBUS A220-300,0
landing,JFK,22L,1790957941.68,2026-10-02T16:19:01Z,40.63702,-73.761318,210.9,a39b39,N331TK,B38M,BOEING 737 MAX 8,0
takeoff,LGA,31,1790957949.88,2026-10-02T16:19:09Z,40.772324,-73.857681,303.8,ac769b,N902AA,A321,AIRBUS A-321,0
takeoff,JFK,22R,1790957972.13,2026-10-02T16:19:32Z,40.64697,-73.766108,210.9,ad7ab8,N968JT,A321,AIRBUS A-321,0
landing,LGA,22,1790957978.5,2026-10-02T16:19:38Z,40.775242,-73.87912,210.9,abdf3f,N864RW,E170,EMBRAER ERJ-170-100,0
landing,JFK,22L,1790958033.32,2026-10-02T16:20:33Z,40.636123,-73.761989,210.9,a3401a,N3085J,BCS3,AIRBUS A220-300,0
takeoff,JFK,22R,1790958046.13,2026-10-02T16:20:46Z,40.647028,-73.766062,210.9,a4ca6a,N408AS,B739,BOEING 737-900,0
landing,LGA,22,1790958052.4,2026-10-02T16:20:52Z,40.777771,-73.877029,210.9,a4794e,N388DA,B738,BOEING 737-800,0
landing,JFK,22L,1790958125.89,2026-10-02T16:22:05Z,40.635132,-73.762772,210.9,a12fda,N176DZ,B763,BOEING 767-300,0
landing,LGA,22,1790958151.92,2026-10-02T16:22:31Z,40.774861,-73.879405,208.1,a099a7,N138HQ,E75L,EMBRAER ERJ-170-200 (long wing),0
landing,LGA,22,1790958233.75,2026-10-02T16:23:53Z,40.777657,-73.877136,210.9,a033f9,N112DN,A321,AIRBUS A-321,0
takeoff,LGA,31,1790958244.47,2026-10-02T16:24:04Z,40.772824,-73.858681,300.9,abaaa8,N8507C,B738,BOEING 737-800,0
landing,JFK,22L,1790958250.3,2026-10-02T16:24:10Z,40.636077,-73.762035,210.9,acb679,N918XJ,CRJ9,BOMBARDIER Regional Jet CRJ-900,0
takeoff,JFK,22R,1790958324.59,2026-10-02T16:25:24Z,40.646307,-73.766623,210.9,71c381,HL8381,A359,AIRBUS A-350-900,0
landing,LGA,22,1790958341.71,2026-10-02T16:25:41Z,40.774887,-73.879379,210.9,a1c57e,N213JQ,E75L,EMBRAER ERJ-170-200 (long wing),0
landing,JFK,22L,1790958371.82,2026-10-02T16:26:11Z,40.636585,-73.761642,210.9,a057c7,N121DU,BCS1,AIRBUS A220-100,0
takeoff,LGA,31,1790958394.4,2026-10-02T16:26:34Z,40.772266,-73.857513,300.9,a09239,N136HQ,E75L,EMBRAER ERJ-170-200 (long wing),0
landing,LGA,22,1790958395.37,2026-10-02T16:26:35Z,40.77841,-73.876502,213.8,a126e6,N17310,B38M,BOEING 737 MAX 8,0
takeoff,JFK,22R,1790958474.08,2026-10-02T16:27:54Z,40.645855,-73.766968,210.9,8015f7,VT-JRA,A359,AIRBUS A-350-900,0
landing,JFK,22L,1790958485.42,2026-10-02T16:28:05Z,40.633831,-73.76383,216.6,a4d65c,N410YX,E75L,EMBRAER ERJ-170-200 (long wing),0
landing,LGA,22,1790958496.42,2026-10-02T16:28:16Z,40.777759,-73.877033,213.8,a2c93f,N279PQ,CRJ9,BOMBARDIER Regional Jet CRJ-900,0
takeoff,LGA,31,1790958573.05,2026-10-02T16:29:33Z,40.772221,-73.857422,303.8,a8847f,N648RW,E170,EMBRAER ERJ-170-100,0
landing,LGA,22,1790958579.96,2026-10-02T16:29:39Z,40.778069,-73.876785,213.8,a3a152,N333DU,BCS3,,0
landing,JFK,22L,1790958586.46,2026-10-02T16:29:46Z,40.636147,-73.761942,208.1,a0d6a8,N153PQ,CRJ9,BOMBARDIER Regional Jet CRJ-900,0
takeoff,JFK,22R,1790958638.39,2026-10-02T16:30:38Z,40.646388,-73.766561,210.9,acfe09,N936XJ,CRJ9,BOMBARDIER Regional Jet CRJ-900,0
takeoff,LGA,31,1790958651.01,2026-10-02T16:30:51Z,40.772243,-73.857468,303.8,a07bef,N130HQ,E75L,EMBRAER ERJ-170-200 (long wing),0
landing,LGA,22,1790958665.57,2026-10-02T16:31:05Z,40.774967,-73.879349,210.9,a9d5a2,N73259,B738,BOEING 737-800,0
landing,JFK,22L,1790958746.21,2026-10-02T16:32:26Z,40.635658,-73.762344,213.8,a5e02d,N478PX,CRJ9,BOMBARDIER Regional Jet CRJ-900,0
takeoff,LGA,31,1790958778.04,2026-10-02T16:32:58Z,40.772359,-73.857713,300.9,a4995f,N396DA,B738,BOEING 737-800,0
landing,LGA,22,1790958782.02,2026-10-02T16:33:02Z,40.774325,-73.879733,202.5,a8a490,N656RW,E170,EMBRAER ERJ-170-100,0
landing,JFK,22L,1790958831.36,2026-10-02T16:33:51Z,40.634471,-73.763299,210.9,a4d483,N410DZ,A339,AIRBUS A-330-900,0
takeoff,JFK,22R,1790958854.24,2026-10-02T16:34:14Z,40.646084,-73.7668,210.9,ade609,N995JL,A321,AIRBUS A-321,0
takeoff,LGA,31,1790958862.72,2026-10-02T16:34:22Z,40.772816,-73.858658,300.9,a2b176,N27283,B38M,BOEING 737 MAX 8,0
takeoff,JFK,22R,1790958908.31,2026-10-02T16:35:08Z,40.647068,-73.766037,210.9,a988f0,N713TW,B752,BOEING 757-200,0
landing,JFK,22R,1790958909.46,2026-10-02T16:35:09Z,40.646725,-73.766296,210.9,a988f0,N713TW,B752,BOEING 757-200,0
takeoff,JFK,22R,1790958909.46,2026-10-02T16:35:09Z,40.646725,-73.766296,210.9,a988f0,N713TW,B752,BOEING 757-200,0
takeoff,LGA,31,1790958921.32,2026-10-02T16:35:21Z,40.772335,-73.857635,306.6,a36994,N319PQ,CRJ9,BOMBARDIER Regional Jet CRJ-900,0
takeoff,LGA,31,1790958960.97,2026-10-02T16:36:00Z,40.772265,-73.857495,323.4,ab1d06,N815MD,E170,EMBRAER ERJ-170-100,0
takeoff,JFK,22R,1790959042.54,2026-10-02T16:37:22Z,40.646507,-73.766464,210.9,ade9c0,N996JL,A321,AIRBUS A-321,0
landing,LGA,22,1790959046.24,2026-10-02T16:37:26Z,40.77594,-73.87851,210.9,a3e011,N349PQ,CRJ9,BOMBARDIER Regional Jet CRJ-900,0
takeoff,LGA,31,1790959078.77,2026-10-02T16:37:58Z,40.772231,-73.857479,331.9,a05827,N121HQ,E75L,EMBRAER ERJ-170-200 (long wing),0
takeoff,JFK,22R,1790959108.74,2026-10-02T16:38:28Z,40.645853,-73.766967,210.9,a38082,N3247J,BCS3,,0
landing,LGA,22,1790959157.36,2026-10-02T16:39:17Z,40.775024,-73.879272,210.9,a5106e,N425YX,E75L,EMBRAER ERJ-170-200 (long wing),0
landing,JFK,22L,1790959172.78,2026-10-02T16:39:32Z,40.63333,-73.764173,210.9,394a08,F-GSQI,B77W,BOEING 777-300ER,0
takeoff,JFK,22R,1790959232.68,2026-10-02T16:40:32Z,40.646074,-73.766811,210.9,a35b39,N315UU,B38M,BOEING 737 MAX 8,0
landing,LGA,22,1790959250.7,2026-10-02T16:40:50Z,40.777279,-73.877426,210.9,a15795,N186GJ,CRJ9,BOMBARDIER Regional Jet CRJ-900,0
takeoff,LGA,13,1790959254.18,2026-10-02T16:40:54Z,40.775127,-73.867416,129.4,a3e011,N349PQ,CRJ9,BOMBARDIER Regional Jet CRJ-900,0
takeoff,LGA,31,1790959256.18,2026-10-02T16:40:56Z,40.772359,-73.857698,300.9,abadf9,N8514F,B738,BOEING 737-800,0
landing,LGA,22,1790959378.43,2026-10-02T16:42:58Z,40.775608,-73.878799,213.8,a93d7c,N695CA,CRJ9,BOMBARDIER Regional Jet CRJ-900,0
landing,JFK,22L,1790959449.39,2026-10-02T16:44:09Z,40.63546,-73.762519,210.9,4b187a,HB-JHA,A333,AIRBUS A-330-300,0
landing,LGA,22,1790959457.59,2026-10-02T16:44:17Z,40.775629,-73.878812,210.9,a403df,N358PW,B738,BOEING 737-800,0
takeoff,LGA,31,1790959554.91,2026-10-02T16:45:54Z,40.772265,-73.857542,306.6,abd7d1,N862RW,E170,EMBRAER ERJ-170-100,0
landing,LGA,22,1790959562.14,2026-10-02T16:46:02Z,40.776001,-73.8785,210.9,ac7c67,N903XJ,CRJ9,BOMBARDIER Regional Jet CRJ-900,0
landing,JFK,22L,1790959615.06,2026-10-02T16:46:55Z,40.637077,-73.76123,210.9,aca79d,N914XJ,CRJ9,BOMBARDIER Regional Jet CRJ-900,0
takeoff,JFK,22R,1790959628.88,2026-10-02T16:47:08Z,40.646342,-73.766608,210.9,ab9eca,N848NN,B738,BOEING 737-800,0
takeoff,LGA,13,1790959640.22,2026-10-02T16:47:20Z,40.772049,-73.861053,126.6,a93d7c,N695CA,CRJ9,BOMBARDIER Regional Jet CRJ-900,0
landing,LGA,22,1790959669.41,2026-10-02T16:47:49Z,40.774876,-73.87941,213.8,ac1951,N879RW,E170,EMBRAER ERJ-170-100,0
takeoff,LGA,22,1790959669.41,2026-10-02T16:47:49Z,40.774876,-73.87941,213.8,ac1951,N879RW,E170,EMBRAER ERJ-170-100,0
landing,LGA,22,1790959670.28,2026-10-02T16:47:50Z,40.774773,-73.879501,210.9,ac1951,N879RW,E170,EMBRAER ERJ-170-100,0
landing,JFK,22L,1790959698.57,2026-10-02T16:48:18Z,40.634388,-73.763351,212.4,ab4732,N826AN,B789,BOEING 787-9 Dreamliner,0
landing,LGA,22,1790959747.28,2026-10-02T16:49:07Z,40.775512,-73.878906,213.8,a89d22,N654RW,E170,EMBRAER ERJ-170-100,0
takeoff,JFK,22R,1790959781.78,2026-10-02T16:49:41Z,40.645224,-73.767466,210.9,448465,OO-ACE,B744,BOEING 747-400,0
landing,JFK,22L,1790959849.2,2026-10-02T16:50:49Z,40.635146,-73.762769,210.9,a33328,N305NY,A21N,AIRBUS A-321neo,0
landing,LGA,22,1790959876.24,2026-10-02T16:51:16Z,40.778271,-73.876596,210.9,ad3d84,N952QS,C68A,CESSNA 680 Citation Latitude,0
takeoff,LGA,31,1790959894.25,2026-10-02T16:51:34Z,40.772827,-73.858658,300.9,a2b136,N27269,B38M,BOEING 737 MAX 8,0
landing,JFK,22L,1790959975.27,2026-10-02T16:52:55Z,40.636938,-73.761364,210.9,4a2d24,YR-KID,A332,AIRBUS A-330-200,0
landing,JFK,22L,1790960088.71,2026-10-02T16:54:48Z,40.635098,-73.762787,210.9,44ccc2,OO-SFB,A333,AIRBUS A-330-300,0
takeoff,LGA,31,1790960108.56,2026-10-02T16:55:08Z,40.772265,-73.857495,303.8,a23844,N242JQ,E75L,EMBRAER ERJ-170-200 (long wing),0
landing,LGA,22,1790960118.0,2026-10-02T16:55:18Z,40.7757,-73.878754,213.8,a37fd3,N3242J,BCS3,,0
landing,JFK,22L,1790960181.79,2026-10-02T16:56:21Z,40.636682,-73.761567,210.9,400685,G-VIIM,B772,BOEING 777-200,0
takeoff,LGA,31,1790960208.33,2026-10-02T16:56:48Z,40.772254,-73.857479,323.4,a08a85,N134EV,CRJ9,BOMBARDIER Regional Jet CRJ-900,0
landing,LGA,22,1790960230.59,2026-10-02T16:57:10Z,40.774128,-73.879857,194.1,a4b294,N401YX,E75L,EMBRAER ERJ-170-200 (long wing),0
landing,LGA,22,1790960288.59,2026-10-02T16:58:08Z,40.774139,-73.880014,210.9,a34209,N309PC,B738,BOEING 737-800,0
landing,JFK,22L,1790960290.89,2026-10-02T16:58:10Z,40.634308,-73.763424,210.9,a9b62c,N725AN,B77W,BOEING 777-300ER,0
landing,JFK,22L,1790960386.76,2026-10-02T16:59:46Z,40.634855,-73.762987,210.9,78023d,B-KPQ,B77W,BOEING 777-300ER,0
landing,JFK,22R,1790960432.63,2026-10-02T17:00:32Z,40.63139,-73.77829,210.9,ab8b56,N843DN,B739,BOEING 737-900,0
landing,LGA,22,1790960487.77,2026-10-02T17:01:27Z,40.774872,-73.879389,210.9,a2270f,N238JQ,E75L,EMBRAER ERJ-170-200 (long wing),0
landing,JFK,22L,1790960489.08,2026-10-02T17:01:29Z,40.63567,-73.762344,210.9,4ca614,EI-FNG,A333,AIRBUS A-330-300,0
takeoff,JFK,22L,1790960489.08,2026-10-02T17:01:29Z,40.63567,-73.762344,210.9,4ca614,EI-FNG,A333,AIRBUS A-330-300,0
landing,JFK,22L,1790960489.9,2026-10-02T17:01:29Z,40.635372,-73.762589,210.9,4ca614,EI-FNG,A333,AIRBUS A-330-300,0
takeoff,LGA,31,1790960510.18,2026-10-02T17:01:50Z,40.772312,-73.857513,323.4,a0267b,N109DN,A321,AIRBUS A-321,0
landing,LGA,22,1790960537.5,2026-10-02T17:02:17Z,40.777375,-73.877376,210.9,a422f7,N366DX,A321,AIRBUS A-321,0
takeoff,JFK,22R,1790960590.49,2026-10-02T17:03:10Z,40.646318,-73.766623,210.9,a3dc34,N348NB,A319,AIRBUS A-319,0
landing,LGA,22,1790960611.8,2026-10-02T17:03:31Z,40.777187,-73.877502,213.8,ac69fc,N8996Q,B38M,BOEING 737 MAX 8,0
landing,JFK,22L,1790960649.07,2026-10-02T17:04:09Z,40.635448,-73.762519,210.9,a5fc87,N485PX,CRJ9,BOMBARDIER Regional Jet CRJ-900,0
landing,JFK,22L,1790960716.38,2026-10-02T17:05:16Z,40.637427,-73.760974,213.8,ab48bf,N826SK,CRJ9,BOMBARDIER Regional Jet CRJ-900,0
takeoff,LGA,31,1790960723.7,2026-10-02T17:05:23Z,40.772289,-73.857588,303.8,c05f01,C-GJZK,DH8D,DE HAVILLAND DHC-8-400 Dash 8,0
landing,LGA,22,1790960748.0,2026-10-02T17:05:48Z,40.77523,-73.879105,210.9,ac159a,N878RW,E170,EMBRAER ERJ-170-100,0
landing,JFK,22L,1790960809.83,2026-10-02T17:06:49Z,40.635166,-73.762741,210.9,4cae80,EI-TYA,A339,AIRBUS A-330-900,0
landing,LGA,22,1790960828.75,2026-10-02T17:07:08Z,40.777954,-73.876877,210.9,c0130c,C-FHFN,GLID,Schleicher K 7 Rhonadler,0
takeoff,LGA,31,1790960837.84,2026-10-02T17:07:17Z,40.772472,-73.857956,300.9,a1d811,N218JQ,E75S,EMBRAER ERJ-170-200 (short wing),0
takeoff,LGA,31,1790960917.44,2026-10-02T17:08:37Z,40.774887,-73.862976,300.9,a1dd2d,N219YX,E75L,EMBRAER ERJ-170-200 (long wing),0
takeoff,LGA,31,1790960969.29,2026-10-02T17:09:29Z,40.772392,-73.857788,303.8,a0103b,N103DY,A321,AIRBUS A-321,0
landing,LGA,22,1790960974.96,2026-10-02T17:09:34Z,40.777691,-73.877106,213.8,a33243,N305DU,BCS3,AIRBUS A220-300,0
landing,JFK,22L,1790961021.47,2026-10-02T17:10:21Z,40.63488,-73.762955,210.9,a198ed,N2016J,A21N,AIRBUS A-321neo,0
landing,JFK,22L,1790961103.0,2026-10-02T17:11:43Z,40.635693,-73.762332,210.9,aaa6dd,N786AN,B772,BOEING 777-200,0
takeoff,JFK,22R,1790961116.78,2026-10-02T17:11:56Z,40.646393,-73.766541,209.6,507c4c,UK-78701,B788,BOEING 787-8 Dreamliner,0
landing,LGA,22,1790961125.19,2026-10-02T17:12:05Z,40.775986,-73.878479,210.9,a08317,N132EV,CRJ9,BOMBARDIER Regional Jet CRJ-900,0
takeoff,LGA,31,1790961163.69,2026-10-02T17:12:43Z,40.772346,-73.857697,317.8,a5449a,N439AN,A21N,AIRBUS A-321neo,0
landing,LGA,22,1790961200.54,2026-10-02T17:13:20Z,40.777565,-73.877197,210.9,a3a0eb,N33292,B738,BOEING 737-800,0
takeoff,LGA,04,1790961215.44,2026-10-02T17:13:35Z,40.775454,-73.877236,67.5,a08317,N132EV,CRJ9,BOMBARDIER Regional Jet CRJ-900,0
landing,JFK,22L,1790961235.45,2026-10-02T17:13:55Z,40.637386,-73.761017,210.9,a12c23,N175DZ,B763,BOEING 767-300,0
takeoff,LGA,31,1790961264.31,2026-10-02T17:14:24Z,40.772301,-73.857635,329.1,abdf3f,N864RW,E170,EMBRAER ERJ-170-100,0
landing,LGA,22,1790961290.81,2026-10-02T17:14:50Z,40.776443,-73.878143,210.9,a8e6f2,N673AW,A320,AIRBUS A-320,0
landing,JFK,22L,1790961349.98,2026-10-02T17:15:49Z,40.635567,-73.762451,210.9,ab5dab,N831SK,CRJ9,BOMBARDIER Regional Jet CRJ-900,0
takeoff,LGA,31,1790961368.74,2026-10-02T17:16:08Z,40.772255,-73.857498,303.8,a37af8,N323RM,B38M,BOEING 737 MAX 8,0
landing,LGA,22,1790961391.07,2026-10-02T17:16:31Z,40.774715,-73.879532,210.9,a1a56d,N205JQ,E75L,EMBRAER ERJ-170-200 (long wing),0
landing,JFK,31L,1790961440.25,2026-10-02T17:17:20Z,40.632866,-73.782486,302.5,a65fc6,N51HA,BE58,BEECH 58 Baron,0
landing,JFK,22L,1790961445.83,2026-10-02T17:17:25Z,40.636562,-73.761642,213.8,a61173,N490PX,CRJ9,BOMBARDIER Regional Jet CRJ-900,0
landing,LGA,22,1790961454.56,2026-10-02T17:17:34Z,40.777176,-73.877518,208.1,a0ba4e,N146PQ,CRJ9,BOMBARDIER Regional Jet CRJ-900,0
takeoff,JFK,22R,1790961521.31,2026-10-02T17:18:41Z,40.646924,-73.766124,210.9,a4380f,N371FR,A20N,AIRBUS A-320neo,0
landing,JFK,22R,1790961522.78,2026-10-02T17:18:42Z,40.646404,-73.766541,210.9,a4380f,N371FR,A20N,AIRBUS A-320neo,0
takeoff,JFK,22R,1790961522.78,2026-10-02T17:18:42Z,40.646404,-73.766541,210.9,a4380f,N371FR,A20N,AIRBUS A-320neo,0
landing,LGA,22,1790961558.27,2026-10-02T17:19:18Z,40.776123,-73.878265,199.7,a20347,N229JQ,E75L,EMBRAER ERJ-170-200 (long wing),0
landing,JFK,22L,1790961562.59,2026-10-02T17:19:22Z,40.637322,-73.761068,210.9,ab0a9d,N810NW,A333,AIRBUS A-330-300,0
takeoff,JFK,31L,1790961568.36,2026-10-02T17:19:28Z,40.639685,-73.797522,302.5,a65fc6,N51HA,BE58,BEECH 58 Baron,0
landing,LGA,22,1790961612.23,2026-10-02T17:20:12Z,40.778026,-73.876799,210.9,a87b36,N64572,,,0
takeoff,LGA,31,1790961619.82,2026-10-02T17:20:19Z,40.772461,-73.857925,300.9,a8a490,N656RW,E170,EMBRAER ERJ-170-100,0
takeoff,JFK,22R,1790961654.59,2026-10-02T17:20:54Z,40.64938,-73.764221,210.9,a4f05d,N417YX,E75L,EMBRAER ERJ-170-200 (long wing),0
takeoff,LGA,31,1790961701.23,2026-10-02T17:21:41Z,40.772231,-73.857417,300.9,a01f73,N107HQ,E75L,EMBRAER ERJ-170-200 (long wing),0
landing,JFK,22L,1790961705.92,2026-10-02T17:21:45Z,40.633907,-73.763733,210.9,a3c60d,N342PM,B738,BOEING 737-800,0
takeoff,JFK,22R,1790961739.16,2026-10-02T17:22:19Z,40.645818,-73.766998,210.9,a392f2,N3296J,BCS3,AIRBUS A220-300,0
landing,LGA,22,1790961747.43,2026-10-02T17:22:27Z,40.774338,-73.879761,202.5,a517dc,N427YX,E75L,EMBRAER ERJ-170-200 (long wing),0
takeoff,JFK,22R,1790961804.42,2026-10-02T17:23:24Z,40.646072,-73.7668,210.9,010289,SU-GGI,A359,AIRBUS A-350-900,0
takeoff,LGA,31,1790961811.64,2026-10-02T17:23:31Z,40.772209,-73.857376,303.8,a0232a,N108HQ,E75L,EMBRAER ERJ-170-200 (long wing),0
landing,LGA,22,1790961813.1,2026-10-02T17:23:33Z,40.778847,-73.876114,213.8,ad63a1,N962AN,B738,BOEING 737-800,0
landing,JFK,22L,1790961813.41,2026-10-02T17:23:33Z,40.633516,-73.764033,210.9,a36799,N3185J,BCS3,AIRBUS A220-300,0
takeoff,LGA,31,1790961864.05,2026-10-02T17:24:24Z,40.772289,-73.857542,300.9,a5307f,N433YX,E75L,EMBRAER ERJ-170-200 (long wing),0
landing,JFK,22L,1790961902.43,2026-10-02T17:25:02Z,40.631433,-73.765671,213.8,a210c5,N232JQ,E75L,EMBRAER ERJ-170-200 (long wing),0
landing,LGA,22,1790961907.66,2026-10-02T17:25:07Z,40.775233,-73.879108,210.9,a23bfb,N243JQ,E75L,EMBRAER ERJ-170-200 (long wing),0
takeoff,JFK,22R,1790961928.64,2026-10-02T17:25:28Z,40.649379,-73.76422,210.9,a1c935,N214JQ,E75L,EMBRAER ERJ-170-200 (long wing),0
landing,JFK,13L,1790961964.68,2026-10-02T17:26:04Z,40.650764,-73.783966,120.9,8691aa,JA784A,B77W,BOEING 777-300ER,0
landing,LGA,22,1790961976.2,2026-10-02T17:26:16Z,40.777479,-73.877267,208.1,a7dadc,N605LR,CRJ9,BOMBARDIER Regional Jet CRJ-900,0
landing,JFK,22L,1790961983.24,2026-10-02T17:26:23Z,40.636448,-73.761765,213.8,ace1af,N929XJ,CRJ9,BOMBARDIER Regional Jet CRJ-900,0
takeoff,JFK,22R,1790962006.55,2026-10-02T17:26:46Z,40.646347,-73.766586,210.9,ab3c58,N823DN,B739,BOEING 737-900,0
takeoff,LGA,31,1790962033.24,2026-10-02T17:27:13Z,40.772289,-73.857574,303.8,aca3e6,N913XJ,CRJ9,BOMBARDIER Regional Jet CRJ-900,0
landing,JFK,22L,1790962058.49,2026-10-02T17:27:38Z,40.633827,-73.763794,210.9,adcd6d,N989JT,A321,AIRBUS A-321,0
landing,LGA,22,1790962070.52,2026-10-02T17:27:50Z,40.774803,-73.879452,210.9,a8996b,N653RW,E170,EMBRAER ERJ-170-100,0
takeoff,LGA,13,1790962078.68,2026-10-02T17:27:58Z,40.776707,-73.870544,118.1,a7dadc,N605LR,CRJ9,BOMBARDIER Regional Jet CRJ-900,0
landing,LGA,22,1790962119.4,2026-10-02T17:28:39Z,40.777428,-73.877304,210.9,a0cfbd,N151UW,A321,AIRBUS A-321,0
landing,JFK,22L,1790962142.07,2026-10-02T17:29:02Z,40.635681,-73.762347,210.9,a349be,N3104J,BCS3,AIRBUS A220-300,0
takeoff,LGA,31,1790962166.91,2026-10-02T17:29:26Z,40.772312,-73.857604,298.1,a35701,N314PQ,CRJ9,BOMBARDIER Regional Jet CRJ-900,0
takeoff,JFK,22R,1790962187.07,2026-10-02T17:29:47Z,40.646347,-73.766586,210.9,a3401a,N3085J,BCS3,AIRBUS A220-300,0
landing,LGA,22,1790962209.26,2026-10-02T17:30:09Z,40.775677,-73.878769,210.9,a475a3,N387DN,A321,AIRBUS A-321,0
landing,JFK,22L,1790962241.55,2026-10-02T17:30:41Z,40.630397,-73.766764,227.8,a026e1,N109HQ,E75L,EMBRAER ERJ-170-200 (long wing),0
landing,JFK,22L,1790962284.17,2026-10-02T17:31:24Z,40.633191,-73.764283,210.9,ab772d,N838MH,B764,BOEING 767-400,0
landing,LGA,22,1790962295.19,2026-10-02T17:31:35Z,40.776089,-73.878403,213.8,ac5bf6,N896DN,B739,BOEING 737-900,0
landing,LGA,22,1790962367.05,2026-10-02T17:32:47Z,40.778149,-73.876694,210.9,a33339,N305PQ,CRJ9,BOMBARDIER Regional Jet CRJ-900,0
landing,JFK,22L,1790962415.28,2026-10-02T17:33:35Z,40.633301,-73.764206,210.9,ac8efa,N908XJ,CRJ9,BOMBARDIER Regional Jet CRJ-900,0
landing,LGA,22,1790962438.38,2026-10-02T17:33:58Z,40.779004,-73.876034,210.9,a359c2,N315DU,BCS3,AIRBUS A220-300,0
landing,JFK,22R,1790962451.13,2026-10-02T17:34:11Z,40.631945,-73.777859,210.9,a1c1c7,N212JQ,E75L,EMBRAER ERJ-170-200 (long wing),0
takeoff,LGA,31,1790962469.55,2026-10-02T17:34:29Z,40.775315,-73.863909,300.9,a3b02e,N337DU,BCS3,AIRBUS A220-300,0
landing,JFK,22L,1790962479.2,2026-10-02T17:34:39Z,40.634168,-73.763518,210.9,a16c3a,N191DN,B763,BOEING 767-300,0
takeoff,LGA,13,1790962513.05,2026-10-02T17:35:13Z,40.776501,-73.868713,120.9,a33339,N305PQ,CRJ9,BOMBARDIER Regional Jet CRJ-900,0
takeoff,LGA,31,1790962517.83,2026-10-02T17:35:17Z,40.772265,-73.857495,298.1,a39948,N3308J,BCS3,AIRBUS A220-300,0
landing,LGA,22,1790962532.54,2026-10-02T17:35:32Z,40.776048,-73.878437,213.8,a38237,N325PQ,CRJ9,BOMBARDIER Regional Jet CRJ-900,0
takeoff,JFK,22R,1790962551.75,2026-10-02T17:35:51Z,40.645271,-73.767451,210.9,71be27,HL7627,A388,AIRBUS A-380-800,0
landing,JFK,22R,1790962552.08,2026-10-02T17:35:52Z,40.645157,-73.767532,210.9,71be27,HL7627,A388,AIRBUS A-380-800,0
takeoff,JFK,22R,1790962552.08,2026-10-02T17:35:52Z,40.645157,-73.767532,210.9,71be27,HL7627,A388,AIRBUS A-380-800,0
landing,JFK,22L,1790962560.25,2026-10-02T17:36:00Z,40.633896,-73.763763,210.9,ab9387,N845MH,B764,BOEING 767-400,0
landing,LGA,22,1790962619.65,2026-10-02T17:36:59Z,40.774244,-73.879779,196.9,abd063,N860RW,E170,EMBRAER ERJ-170-100,0
landing,LGA,22,1790962671.76,2026-10-02T17:37:51Z,40.777142,-73.877563,213.8,a45586,N379DA,B738,BOEING 737-800,0
landing,JFK,22L,1790962672.61,2026-10-02T17:37:52Z,40.634697,-73.763107,213.8,a153de,N185GJ,CRJ9,BOMBARDIER Regional Jet CRJ-900,0
takeoff,JFK,22R,1790962683.95,2026-10-02T17:38:03Z,40.64626,-73.76667,210.9,842370,JA09WJ,A35K,AIRBUS A-350-1000,0
landing,JFK,22L,1790962747.9,2026-10-02T17:39:07Z,40.634033,-73.763641,210.9,3c651a,D-AIHZ,A346,AIRBUS A-340-600,0
takeoff,LGA,13,1790962767.57,2026-10-02T17:39:27Z,40.772106,-73.859543,120.9,a2c93f,N279PQ,CRJ9,BOMBARDIER Regional Jet CRJ-900,0
landing,LGA,22,1790962785.68,2026-10-02T17:39:45Z,40.775187,-73.87914,210.9,a08acb,N134HQ,E75L,EMBRAER ERJ-170-200 (long wing),0
landing,JFK,22R,1790962808.25,2026-10-02T17:40:08Z,40.632807,-73.777188,210.9,a1cb05,N2142J,A21N,AIRBUS A-321neo,0
landing,LGA,22,1790962838.8,2026-10-02T17:40:38Z,40.777702,-73.87709,210.9,a5d965,N476WN,B737,BOEING 737-700,0
takeoff,LGA,31,1790962866.64,2026-10-02T17:41:06Z,40.776535,-73.866516,303.8,acae2e,N916NN,B738,BOEING 737-800,0
landing,JFK,22L,1790962900.65,2026-10-02T17:41:40Z,40.63512,-73.762787,210.9,a779eb,N581DA,A21N,,0
takeoff,JFK,22R,1790962919.89,2026-10-02T17:41:59Z,40.64704,-73.766046,210.9,a7ad0d,N594JB,A320,AIRBUS A-320,0
landing,LGA,22,1790962955.2,2026-10-02T17:42:35Z,40.774907,-73.879358,210.9,a08714,N133HQ,E75L,EMBRAER ERJ-170-200 (long wing),0
takeoff,JFK,22R,1790962978.72,2026-10-02T17:42:58Z,40.646198,-73.766724,210.9,a2c43e,N278AK,B739,BOEING 737-900,0
landing,JFK,22L,1790962982.16,2026-10-02T17:43:02Z,40.637601,-73.760849,210.9,a69f88,N526DE,A21N,AIRBUS A-321neo,0
takeoff,LGA,31,1790963009.74,2026-10-02T17:43:29Z,40.772301,-73.857635,315.0,ac1951,N879RW,E170,EMBRAER ERJ-170-100,0
landing,LGA,22,1790963019.63,2026-10-02T17:43:39Z,40.777223,-73.877485,213.8,a3534a,N313PQ,CRJ9,BOMBARDIER Regional Jet CRJ-900,0
takeoff,JFK,22R,1790963031.7,2026-10-02T17:43:51Z,40.64669,-73.766312,210.9,ad48a9,N955QS,C68A,CESSNA 680 Citation Latitude,0
landing,JFK,22L,1790963048.63,2026-10-02T17:44:08Z,40.636729,-73.76152,210.9,ab048d,N809NW,A333,AIRBUS A-330-300,0
landing,LGA,22,1790963100.06,2026-10-02T17:45:00Z,40.776281,-73.878266,210.9,abf78f,N870NN,B738,BOEING 737-800,0
landing,JFK,22R,1790963100.54,2026-10-02T17:45:00Z,40.633086,-73.776954,210.9,a76df8,N578UW,A321,AIRBUS A-321,0
takeoff,LGA,31,1790963108.89,2026-10-02T17:45:08Z,40.772816,-73.858688,300.9,a9d5a2,N73259,B738,BOEING 737-800,0
takeoff,LGA,31,1790963163.06,2026-10-02T17:46:03Z,40.772184,-73.857385,303.8,a5106e,N425YX,E75L,EMBRAER ERJ-170-200 (long wing),0
takeoff,JFK,22R,1790963167.85,2026-10-02T17:46:07Z,40.646237,-73.76667,210.9,a32c3e,N303UE,B38M,,0
landing,LGA,22,1790963177.9,2026-10-02T17:46:17Z,40.777805,-73.877002,213.8,a45f64,N381DZ,A321,AIRBUS A-321,0
landing,JFK,22L,1790963200.48,2026-10-02T17:46:40Z,40.637217,-73.761146,210.9,0d1218,XA-VMG,A20N,AIRBUS A-320neo,0
takeoff,LGA,31,1790963240.83,2026-10-02T17:47:20Z,40.772324,-73.857635,300.9,a85d00,N638RW,E170,EMBRAER ERJ-170-100,0
landing,LGA,22,1790963269.94,2026-10-02T17:47:49Z,40.777828,-73.876984,210.9,a7de93,N606LR,CRJ9,BOMBARDIER Regional Jet CRJ-900,0
landing,JFK,22L,1790963288.49,2026-10-02T17:48:08Z,40.636425,-73.761765,205.3,a8f235,N676CA,CRJ9,BOMBARDIER Regional Jet CRJ-900,0
takeoff,JFK,22R,1790963326.61,2026-10-02T17:48:46Z,40.647263,-73.765884,210.9,acb679,N918XJ,CRJ9,BOMBARDIER Regional Jet CRJ-900,0
landing,LGA,22,1790963339.95,2026-10-02T17:48:59Z,40.776583,-73.878,213.8,a06e0b,N127DN,A321,AIRBUS A-321,0
takeoff,LGA,22,1790963339.95,2026-10-02T17:48:59Z,40.776583,-73.878,213.8,a06e0b,N127DN,A321,AIRBUS A-321,0
landing,LGA,22,1790963340.69,2026-10-02T17:49:00Z,40.776306,-73.87822,213.8,a06e0b,N127DN,A321,AIRBUS A-321,0
landing,JFK,22L,1790963362.3,2026-10-02T17:49:22Z,40.635509,-73.762482,210.9,a120fe,N172DZ,B763,BOEING 767-300,0
takeoff,JFK,22R,1790963393.92,2026-10-02T17:49:53Z,40.646353,-73.766577,210.9,ab63d7,N833DN,B739,BOEING 737-900,0
landing,LGA,22,1790963421.41,2026-10-02T17:50:21Z,40.777119,-73.877579,213.8,ac892e,N907AA,A321,AIRBUS A-321,0
takeoff,JFK,22R,1790963451.79,2026-10-02T17:50:51Z,40.646609,-73.766374,210.9,8691aa,JA784A,B77W,BOEING 777-300ER,0
landing,JFK,22L,1790963467.27,2026-10-02T17:51:07Z,40.633736,-73.76387,210.9,0c218d,HP-9932CMP,B39M,BOEING 737 MAX 9,0
takeoff,LGA,13,1790963491.53,2026-10-02T17:51:31Z,40.775128,-73.867435,129.4,a7de93,N606LR,CRJ9,BOMBARDIER Regional Jet CRJ-900,0
landing,LGA,22,1790963533.26,2026-10-02T17:52:13Z,40.774279,-73.879733,199.7,ac049e,N87353,E75L,EMBRAER ERJ-170-200 (long wing),0
landing,JFK,22L,1790963563.61,2026-10-02T17:52:43Z,40.635818,-73.762238,213.8,a301f3,N293PQ,CRJ9,BOMBARDIER Regional Jet CRJ-900,0
takeoff,LGA,31,1790963572.65,2026-10-02T17:52:52Z,40.772219,-73.857401,303.8,a2270f,N238JQ,E75L,EMBRAER ERJ-170-200 (long wing),0
landing,LGA,22,1790963580.57,2026-10-02T17:53:00Z,40.777793,-73.877017,213.8,ab5bb1,N8307K,B738,BOEING 737-800,0
takeoff,JFK,22R,1790963589.08,2026-10-02T17:53:09Z,40.646644,-73.766358,210.9,a369ee,N319TE,B38M,BOEING 737 MAX 8,0
takeoff,JFK,22R,1790963647.0,2026-10-02T17:54:07Z,40.64974,-73.763939,210.9,a0835d,N132HQ,E75L,EMBRAER ERJ-170-200 (long wing),0
landing,JFK,22L,1790963653.56,2026-10-02T17:54:13Z,40.63789,-73.760605,210.9,a414e8,N362NB,A319,AIRBUS A-319,0
landing,LGA,22,1790963686.14,2026-10-02T17:54:46Z,40.775256,-73.879093,210.9,a1fbd9,N227JQ,E75L,EMBRAER ERJ-170-200 (long wing),0
landing,JFK,22L,1790963724.31,2026-10-02T17:55:24Z,40.634605,-73.763184,210.9,a4a0cd,N398DA,B738,BOEING 737-800,0
takeoff,JFK,22R,1790963727.53,2026-10-02T17:55:27Z,40.646644,-73.766374,210.9,a5e02d,N478PX,CRJ9,BOMBARDIER Regional Jet CRJ-900,0
landing,LGA,22,1790963786.53,2026-10-02T17:56:26Z,40.775093,-73.879227,213.8,a4f414,N418YX,E75L,EMBRAER ERJ-170-200 (long wing),0
landing,JFK,22L,1790963811.52,2026-10-02T17:56:51Z,40.635611,-73.762394,210.9,a1373d,N178DN,B763,BOEING 767-300,0
landing,JFK,22R,1790963864.14,2026-10-02T17:57:44Z,40.632168,-73.777664,210.9,a39925,N3307J,BCS3,AIRBUS A220-300,0
landing,LGA,22,1790963876.04,2026-10-02T17:57:56Z,40.774523,-73.879701,208.1,abc2e5,N857RW,E170,EMBRAER ERJ-170-100,0
takeoff,LGA,31,1790963882.81,2026-10-02T17:58:02Z,40.772591,-73.858197,300.9,a3a152,N333DU,BCS3,,0
landing,JFK,22L,1790963921.27,2026-10-02T17:58:41Z,40.634548,-73.763229,210.9,aa542f,N765AV,A20N,AIRBUS A-320neo,0
landing,LGA,22,1790963976.32,2026-10-02T17:59:36Z,40.776804,-73.877829,213.8,a1d0a3,N216JQ,E75L,EMBRAER ERJ-170-200 (long wing),0
takeoff,LGA,22,1790963976.32,2026-10-02T17:59:36Z,40.776804,-73.877829,213.8,a1d0a3,N216JQ,E75L,EMBRAER ERJ-170-200 (long wing),0
landing,LGA,22,1790963979.56,2026-10-02T17:59:39Z,40.776339,-73.878203,210.9,a1d0a3,N216JQ,E75L,EMBRAER ERJ-170-200 (long wing),0
landing,JFK,22L,1790964013.13,2026-10-02T18:00:13Z,40.636938,-73.761364,210.9,acab54,N915XJ,CRJ9,BOMBARDIER Regional Jet CRJ-900,0
takeoff,JFK,22R,1790964020.01,2026-10-02T18:00:20Z,40.647156,-73.765952,210.9,aca79d,N914XJ,CRJ9,BOMBARDIER Regional Jet CRJ-900,0
landing,LGA,22,1790964042.14,2026-10-02T18:00:42Z,40.776352,-73.878204,210.9,ac50d1,N893DN,B739,BOEING 737-900,0
takeoff,JFK,22R,1790964080.17,2026-10-02T18:01:20Z,40.64645,-73.766495,210.9,a11380,N169DZ,B763,BOEING 767-300,0
landing,JFK,22L,1790964109.14,2026-10-02T18:01:49Z,40.630943,-73.766083,216.6,a08e82,N135HQ,E75L,EMBRAER ERJ-170-200 (long wing),0
landing,LGA,22,1790964142.92,2026-10-02T18:02:22Z,40.777479,-73.877283,213.8,a1239d,N17245,B738,BOEING 737-800,0
takeoff,JFK,22R,1790964154.53,2026-10-02T18:02:34Z,40.646295,-73.766623,212.4,781112,B-7838,B789,BOEING 787-9 Dreamliner,0
landing,JFK,22R,1790964155.02,2026-10-02T18:02:35Z,40.646086,-73.766795,212.4,781112,B-7838,B789,BOEING 787-9 Dreamliner,0
takeoff,JFK,22R,1790964155.02,2026-10-02T18:02:35Z,40.646086,-73.766795,212.4,781112,B-7838,B789,BOEING 787-9 Dreamliner,0
landing,JFK,22L,1790964169.76,2026-10-02T18:02:49Z,40.63456,-73.763245,210.9,4075b3,G-VLUX,A35K,AIRBUS A-350-1000,0
landing,LGA,22,1790964258.85,2026-10-02T18:04:18Z,40.778073,-73.876783,210.9,a34bdc,N311PQ,CRJ9,BOMBARDIER Regional Jet CRJ-900,0
takeoff,JFK,22R,1790964264.82,2026-10-02T18:04:24Z,40.647191,-73.765937,210.9,a67bc8,N517DN,A21N,AIRBUS A-321neo,0
landing,JFK,22L,1790964295.65,2026-10-02T18:04:55Z,40.633505,-73.764064,210.9,ac1466,N878DN,B739,BOEING 737-900,0
takeoff,JFK,22R,1790964315.85,2026-10-02T18:05:15Z,40.646365,-73.766577,210.9,a5fc87,N485PX,CRJ9,BOMBARDIER Regional Jet CRJ-900,0
landing,LGA,22,1790964341.65,2026-10-02T18:05:41Z,40.775036,-73.879288,213.8,a4c170,N405YX,E75L,EMBRAER ERJ-170-200 (long wing),0
takeoff,LGA,31,1790964345.63,2026-10-02T18:05:45Z,40.772827,-73.858704,300.9,a126e6,N17310,B38M,BOEING 737 MAX 8,0
landing,JFK,22L,1790964377.49,2026-10-02T18:06:17Z,40.634157,-73.763549,210.9,a03235,N111ZM,A321,AIRBUS A-321,0
landing,JFK,22L,1790964443.43,2026-10-02T18:07:23Z,40.634789,-73.763031,209.6,0d0ed6,XA-DHN,B789,BOEING 787-9 Dreamliner,0
landing,LGA,22,1790964454.81,2026-10-02T18:07:34Z,40.777968,-73.876877,213.8,aa8164,N776XF,A319,AIRBUS A-319,0
takeoff,LGA,31,1790964460.65,2026-10-02T18:07:40Z,40.772449,-73.85791,300.9,a4794e,N388DA,B738,BOEING 737-800,0
landing,JFK,22R,1790964532.37,2026-10-02T18:08:52Z,40.630397,-73.779045,213.8,ab6519,N833SK,CRJ9,BOMBARDIER Regional Jet CRJ-900,0
landing,JFK,22L,1790964535.15,2026-10-02T18:08:55Z,40.633656,-73.763901,210.9,aad213,N797AN,B772,BOEING 777-200,0
landing,LGA,22,1790964547.2,2026-10-02T18:09:07Z,40.777456,-73.877283,213.8,a9d5df,N73270,B738,BOEING 737-800,0
takeoff,LGA,31,1790964559.06,2026-10-02T18:09:19Z,40.772392,-73.857803,300.9,a033f9,N112DN,A321,AIRBUS A-321,0
landing,JFK,22R,1790964628.08,2026-10-02T18:10:28Z,40.631172,-73.778458,210.9,a50900,N423YX,E75L,EMBRAER ERJ-170-200 (long wing),0
takeoff,LGA,31,1790964647.53,2026-10-02T18:10:47Z,40.772289,-73.857574,303.8,abc035,N8561Z,B738,BOEING 737-800,0
landing,LGA,22,1790964664.13,2026-10-02T18:11:04Z,40.774349,-73.879779,196.9,ac0a75,N875RW,E170,EMBRAER ERJ-170-100,0
landing,JFK,22L,1790964684.31,2026-10-02T18:11:24Z,40.636116,-73.762009,210.9,a3d10f,N345NB,A319,AIRBUS A-319,0
takeoff,LGA,31,1790964726.32,2026-10-02T18:12:06Z,40.772221,-73.857422,300.9,a89d22,N654RW,E170,EMBRAER ERJ-170-100,0
takeoff,JFK,22R,1790964728.65,2026-10-02T18:12:08Z,40.646307,-73.766623,210.9,ac8289,N905JB,A321,AIRBUS A-321,0
landing,LGA,22,1790964735.21,2026-10-02T18:12:15Z,40.776901,-73.877762,210.9,a0be05,N147PQ,CRJ9,BOMBARDIER Regional Jet CRJ-900,0
landing,JFK,22L,1790964753.06,2026-10-02T18:12:33Z,40.635099,-73.7628,210.9,ab4fae,N828MH,B764,BOEING 767-400,0
takeoff,JFK,22R,1790964779.28,2026-10-02T18:12:59Z,40.646819,-73.766233,208.1,a0d6a8,N153PQ,CRJ9,BOMBARDIER Regional Jet CRJ-900,0
takeoff,LGA,31,1790964804.71,2026-10-02T18:13:24Z,40.772312,-73.85762,303.8,ac7c67,N903XJ,CRJ9,BOMBARDIER Regional Jet CRJ-900,0
landing,LGA,22,1790964829.85,2026-10-02T18:13:49Z,40.775221,-73.87914,210.9,a54cd9,N440YX,E75L,EMBRAER ERJ-170-200 (long wing),0
landing,JFK,22L,1790964831.08,2026-10-02T18:13:51Z,40.635448,-73.762519,210.9,4caeb8,EI-TYB,A339,AIRBUS A-330-900,0
takeoff,JFK,22R,1790964844.81,2026-10-02T18:14:04Z,40.646749,-73.766296,210.9,a6b470,N531DA,A21N,AIRBUS A-321neo,0
takeoff,LGA,31,1790964890.56,2026-10-02T18:14:50Z,40.772266,-73.857544,303.8,a15795,N186GJ,CRJ9,BOMBARDIER Regional Jet CRJ-900,0
takeoff,JFK,22R,1790964900.08,2026-10-02T18:15:00Z,40.645981,-73.766891,210.9,a383f3,N3255J,BCS3,,0
landing,LGA,22,1790964900.97,2026-10-02T18:15:00Z,40.77578,-73.878677,208.1,a17c12,N195PQ,CRJ9,BOMBARDIER Regional Jet CRJ-900,0
landing,JFK,22L,1790964932.47,2026-10-02T18:15:32Z,40.637054,-73.761255,210.9,4b1884,HB-JHK,A333,AIRBUS A-330-300,0
takeoff,LGA,31,1790964973.0,2026-10-02T18:16:13Z,40.772277,-73.857542,300.9,a517dc,N427YX,E75L,EMBRAER ERJ-170-200 (long wing),0
landing,LGA,22,1790964990.56,2026-10-02T18:16:30Z,40.775245,-73.879108,210.9,ab282b,N818MD,E170,EMBRAER ERJ-170-100,0
takeoff,LGA,22,1790964991.57,2026-10-02T18:16:31Z,40.775093,-73.879227,210.9,ab282b,N818MD,E170,EMBRAER ERJ-170-100,0
landing,LGA,22,1790964993.62,2026-10-02T18:16:33Z,40.774818,-73.879456,210.9,ab282b,N818MD,E170,EMBRAER ERJ-170-100,0
landing,JFK,22R,1790965039.98,2026-10-02T18:17:19Z,40.631126,-73.778488,210.9,a21833,N234JQ,E75L,EMBRAER ERJ-170-200 (long wing),0
landing,JFK,22L,1790965065.21,2026-10-02T18:17:45Z,40.634901,-73.762972,210.9,abedc8,N868NN,B738,BOEING 737-800,0
landing,LGA,22,1790965079.39,2026-10-02T18:17:59Z,40.777908,-73.876907,210.9,a3b3e5,N338DU,BCS3,AIRBUS A220-300,0
takeoff,JFK,22R,1790965109.64,2026-10-02T18:18:29Z,40.646816,-73.766235,210.9,e80244,CC-CXH,B763,BOEING 767-300,0
landing,LGA,22,1790965138.15,2026-10-02T18:18:58Z,40.778126,-73.87674,213.8,ad4584,N954WN,B737,BOEING 737-700,0
landing,JFK,22L,1790965141.81,2026-10-02T18:19:01Z,40.634727,-73.763081,210.9,adde95,N993JE,A321,AIRBUS A-321,0
landing,JFK,22R,1790965189.95,2026-10-02T18:19:49Z,40.634251,-73.776047,210.9,a38836,N3269J,BCS3,AIRBUS A220-300,0
landing,JFK,22L,1790965220.2,2026-10-02T18:20:20Z,40.636263,-73.761911,210.9,3c7a4a,D-ANRJ,A339,AIRBUS A-330-900,0
landing,LGA,22,1790965229.61,2026-10-02T18:20:29Z,40.776013,-73.8785,210.9,a353c8,N313UR,B38M,BOEING 737 MAX 8,0
takeoff,JFK,22R,1790965282.93,2026-10-02T18:21:22Z,40.646051,-73.766842,209.6,47c968,LN-LNO,B789,BOEING 787-9 Dreamliner,0
landing,LGA,22,1790965301.57,2026-10-02T18:21:41Z,40.777828,-73.877002,210.9,a022c4,N108DN,A321,AIRBUS A-321,0
landing,JFK,22L,1790965353.19,2026-10-02T18:22:33Z,40.63361,-73.76397,210.9,ac3beb,N888DU,B739,BOEING 737-900,0
landing,JFK,22R,1790965384.01,2026-10-02T18:23:04Z,40.629641,-73.779654,210.9,a1a458,N2048J,A21N,AIRBUS A-321neo,0
landing,JFK,22L,1790965435.54,2026-10-02T18:23:55Z,40.634525,-73.763245,210.9,406591,G-STBE,B77W,BOEING 777-300ER,0
landing,LGA,22,1790965481.09,2026-10-02T18:24:41Z,40.777805,-73.876999,210.9,a2fe3c,N292PQ,CRJ9,BOMBARDIER Regional Jet CRJ-900,0
landing,JFK,22R,1790965501.62,2026-10-02T18:25:01Z,40.63266,-73.777298,210.9,a38019,N3244J,BCS3,,0
landing,JFK,22L,1790965533.79,2026-10-02T18:25:33Z,40.634892,-73.76297,209.6,485788,PH-BHP,B789,BOEING 787-9 Dreamliner,0
landing,LGA,22,1790965556.14,2026-10-02T18:25:56Z,40.776723,-73.877907,213.8,a03038,N111DC,A321,AIRBUS A-321,0
takeoff,JFK,22R,1790965572.98,2026-10-02T18:26:12Z,40.64633,-73.766592,210.9,a057c7,N121DU,BCS1,AIRBUS A220-100,0
landing,LGA,22,1790965646.41,2026-10-02T18:27:26Z,40.776711,-73.877907,210.9,acf2e4,N933XJ,CRJ9,BOMBARDIER Regional Jet CRJ-900,0
takeoff,LGA,31,1790965652.63,2026-10-02T18:27:32Z,40.772615,-73.858244,300.9,a403df,N358PW,B738,BOEING 737-800,0
landing,JFK,22L,1790965654.33,2026-10-02T18:27:34Z,40.633493,-73.764048,210.9,ab5365,N829MH,B764,BOEING 767-400,0
takeoff,LGA,13,1790965696.22,2026-10-02T18:28:16Z,40.775127,-73.867447,129.4,a2fe3c,N292PQ,CRJ9,BOMBARDIER Regional Jet CRJ-900,0
landing,JFK,22R,1790965726.41,2026-10-02T18:28:46Z,40.63141,-73.778281,210.9,a4e181,N413YX,E75L,EMBRAER ERJ-170-200 (long wing),0
landing,LGA,22,1790965740.51,2026-10-02T18:29:00Z,40.774189,-73.879898,196.9,a1acdb,N207JQ,E75L,EMBRAER ERJ-170-200 (long wing),0
landing,JFK,22L,1790965758.64,2026-10-02T18:29:18Z,40.636112,-73.76202,210.9,abac50,N851NW,A332,AIRBUS A-330-200,0
takeoff,JFK,22R,1790965811.15,2026-10-02T18:30:11Z,40.646435,-73.766514,210.9,4bb143,TC-LJC,B77W,BOEING 777-300ER,0
landing,LGA,22,1790965823.76,2026-10-02T18:30:23Z,40.776512,-73.878098,213.8,ac878c,N906XJ,CRJ9,BOMBARDIER Regional Jet CRJ-900,0
landing,JFK,22L,1790965858.88,2026-10-02T18:30:58Z,40.637252,-73.761068,210.9,abbee3,N856NW,A332,AIRBUS A-330-200,0
landing,JFK,22R,1790965884.44,2026-10-02T18:31:24Z,40.632168,-73.777664,210.9,ad6f93,N965JT,A321,AIRBUS A-321,0
landing,LGA,22,1790965891.58,2026-10-02T18:31:31Z,40.776375,-73.878204,213.8,a44cca,N3762Y,B738,BOEING 737-800,0
takeoff,LGA,31,1790965957.43,2026-10-02T18:32:37Z,40.772278,-73.857559,303.8,a1c57e,N213JQ,E75L,EMBRAER ERJ-170-200 (long wing),0
landing,JFK,22L,1790965989.22,2026-10-02T18:33:09Z,40.633423,-73.764111,210.9,abe2a3,N865NN,B738,BOEING 737-800,0
takeoff,JFK,22R,1790966001.12,2026-10-02T18:33:21Z,40.646725,-73.766296,212.4,04c11b,5Y-KZE,B788,BOEING 787-8 Dreamliner,0
landing,LGA,22,1790966011.22,2026-10-02T18:33:31Z,40.774151,-73.879857,194.1,a05470,N120HQ,E75L,EMBRAER ERJ-170-200 (long wing),0
takeoff,LGA,31,1790966034.91,2026-10-02T18:33:54Z,40.772347,-73.857682,303.8,a23bfb,N243JQ,E75L,EMBRAER ERJ-170-200 (long wing),0
landing,JFK,22L,1790966068.46,2026-10-02T18:34:28Z,40.635588,-73.762441,210.9,a16273,N189DN,B763,BOEING 767-300,0
landing,LGA,22,1790966071.79,2026-10-02T18:34:31Z,40.776478,-73.878113,210.9,a21142,N232PQ,CRJ9,BOMBARDIER Regional Jet CRJ-900,0
landing,JFK,22R,1790966105.32,2026-10-02T18:35:05Z,40.632832,-73.777161,210.9,ad438d,N954AK,B39M,BOEING 737 MAX 9,0
takeoff,LGA,13,1790966127.91,2026-10-02T18:35:27Z,40.776362,-73.86845,123.8,ac878c,N906XJ,CRJ9,BOMBARDIER Regional Jet CRJ-900,0
landing,LGA,22,1790966142.13,2026-10-02T18:35:42Z,40.777305,-73.877423,213.8,a34d2f,N3112J,BCS3,AIRBUS A220-300,0
takeoff,JFK,22R,1790966176.73,2026-10-02T18:36:16Z,40.646842,-73.766202,216.6,ab48bf,N826SK,CRJ9,BOMBARDIER Regional Jet CRJ-900,0
landing,JFK,22L,1790966201.28,2026-10-02T18:36:41Z,40.63283,-73.765406,239.1,a4ba02,N403YX,E75L,EMBRAER ERJ-170-200 (long wing),0
takeoff,LGA,31,1790966215.67,2026-10-02T18:36:55Z,40.772209,-73.857422,303.8,a099a7,N138HQ,E75L,EMBRAER ERJ-170-200 (long wing),0
takeoff,JFK,22R,1790966260.4,2026-10-02T18:37:40Z,40.646004,-73.766857,210.9,a707a3,N552JB,A320,AIRBUS A-320,0
landing,JFK,22L,1790966275.66,2026-10-02T18:37:55Z,40.636391,-73.761795,210.9,a6820b,N5184,GL7T,BOMBARDIER BD-700 Global 7000/7500,0
landing,LGA,22,1790966302.27,2026-10-02T18:38:22Z,40.778015,-73.87683,213.8,a3c51a,N342DU,,,0
takeoff,LGA,13,1790966313.0,2026-10-02T18:38:33Z,40.77642,-73.869932,123.8,a21142,N232PQ,CRJ9,BOMBARDIER Regional Jet CRJ-900,0
landing,JFK,22L,1790966352.78,2026-10-02T18:39:12Z,40.636631,-73.761612,210.9,a6ee8e,N546DN,A21N,AIRBUS A-321neo,0
takeoff,LGA,31,1790966359.69,2026-10-02T18:39:19Z,40.772324,-73.857682,303.8,ac69fc,N8996Q,B38M,BOEING 737 MAX 8,0
landing,LGA,22,1790966368.76,2026-10-02T18:39:28Z,40.777851,-73.876968,213.8,a854d0,N636JB,A320,AIRBUS A-320,0
landing,JFK,22L,1790966431.64,2026-10-02T18:40:31Z,40.633796,-73.763814,210.9,a4c5d8,N4064J,A21N,AIRBUS A-321neo,0
takeoff,LGA,31,1790966440.4,2026-10-02T18:40:40Z,40.772255,-73.857498,300.9,a4b294,N401YX,E75L,EMBRAER ERJ-170-200 (long wing),0
landing,LGA,22,1790966443.03,2026-10-02T18:40:43Z,40.777966,-73.876877,213.8,aaa224,N7843A,B737,BOEING 737-700,0
landing,JFK,22L,1790966512.47,2026-10-02T18:41:52Z,40.636926,-73.76138,213.8,ab4c76,N827SK,CRJ9,BOMBARDIER Regional Jet CRJ-900,0
takeoff,LGA,31,1790966542.12,2026-10-02T18:42:22Z,40.772231,-73.857463,298.1,a0ba4e,N146PQ,CRJ9,BOMBARDIER Regional Jet CRJ-900,0
landing,LGA,22,1790966567.3,2026-10-02T18:42:47Z,40.774876,-73.879379,210.9,ab3d17,N823MD,E170,EMBRAER ERJ-170-100,0
landing,JFK,22L,1790966600.21,2026-10-02T18:43:20Z,40.636345,-73.761795,210.9,ab6162,N832SK,CRJ9,BOMBARDIER Regional Jet CRJ-900,0
takeoff,JFK,22R,1790966617.79,2026-10-02T18:43:37Z,40.646854,-73.766202,210.9,ab5dab,N831SK,CRJ9,BOMBARDIER Regional Jet CRJ-900,0
takeoff,LGA,31,1790966634.64,2026-10-02T18:43:54Z,40.772346,-73.857712,303.8,a3a0eb,N33292,B738,BOEING 737-800,0
landing,JFK,22L,1790966677.32,2026-10-02T18:44:37Z,40.63393,-73.763718,210.9,adbe91,N985JT,A321,AIRBUS A-321,0
takeoff,LGA,31,1790966698.81,2026-10-02T18:44:58Z,40.772324,-73.857635,300.9,c0130c,C-FHFN,GLID,Schleicher K 7 Rhonadler,0
takeoff,JFK,22R,1790966708.04,2026-10-02T18:45:08Z,40.645866,-73.766968,210.9,a349be,N3104J,BCS3,AIRBUS A220-300,0
landing,LGA,22,1790966710.36,2026-10-02T18:45:10Z,40.776295,-73.87825,213.8,a38d8f,N328RR,B38M,BOEING 737 MAX 8,0
landing,JFK,22L,1790966740.84,2026-10-02T18:45:40Z,40.635509,-73.762482,210.9,a4c9d5,N4076J,A21N,AIRBUS A-321neo,0
landing,JFK,22R,1790966797.51,2026-10-02T18:46:37Z,40.632202,-73.777634,210.9,8963eb,A6-EON,A388,AIRBUS A-380-800,0
takeoff,LGA,31,1790966797.74,2026-10-02T18:46:37Z,40.772358,-73.857712,303.8,a37fd3,N3242J,BCS3,,0
landing,JFK,22L,1790966825.08,2026-10-02T18:47:05Z,40.635216,-73.762706,210.9,a16ff1,N192DN,B763,BOEING 767-300,0
takeoff,LGA,31,1790966913.58,2026-10-02T18:48:33Z,40.772255,-73.857529,306.6,ad63a1,N962AN,B738,BOEING 737-800,0
landing,JFK,22L,1790966916.64,2026-10-02T18:48:36Z,40.635418,-73.762558,210.9,a78ffa,N587AS,B738,BOEING 737-800,0
takeoff,JFK,22R,1790966922.86,2026-10-02T18:48:42Z,40.646167,-73.766733,210.9,adf128,N998JE,A321,AIRBUS A-321,0
landing,LGA,22,1790966942.85,2026-10-02T18:49:02Z,40.771404,-73.882261,208.1,a517dc,N427YX,E75L,EMBRAER ERJ-170-200 (long wing),0
takeoff,JFK,22R,1790966978.21,2026-10-02T18:49:38Z,40.646365,-73.766577,213.8,a61173,N490PX,CRJ9,BOMBARDIER Regional Jet CRJ-900,0
landing,JFK,22L,1790967007.93,2026-10-02T18:50:07Z,40.638183,-73.760412,210.9,a2be35,N276QS,,,0
takeoff,LGA,31,1790967009.61,2026-10-02T18:50:09Z,40.772242,-73.857463,300.9,a1a56d,N205JQ,E75L,EMBRAER ERJ-170-200 (long wing),0
takeoff,JFK,22R,1790967036.56,2026-10-02T18:50:36Z,40.646027,-73.766846,210.9,ab8b56,N843DN,B739,BOEING 737-900,0
landing,JFK,22L,1790967084.82,2026-10-02T18:51:24Z,40.635853,-73.762238,210.9,a35949,N3149J,BCS3,AIRBUS A220-300,0
landing,LGA,22,1790967108.69,2026-10-02T18:51:48Z,40.777328,-73.877407,213.8,a29329,N265SJ,CL30,BOMBARDIER BD-100 Challenger 300,8
takeoff,JFK,22R,1790967163.14,2026-10-02T18:52:43Z,40.64633,-73.766623,210.9,ace1af,N929XJ,CRJ9,BOMBARDIER Regional Jet CRJ-900,0
landing,JFK,22L,1790967173.13,2026-10-02T18:52:53Z,40.635235,-73.762726,210.9,a7ef5d,N610GJ,,,0
landing,LGA,22,1790967196.4,2026-10-02T18:53:16Z,40.77713,-73.877579,213.8,ac0b7f,N87512,B738,BOEING 737-800,0
takeoff,LGA,31,1790967205.37,2026-10-02T18:53:25Z,40.772484,-73.857986,303.8,a0cfbd,N151UW,A321,AIRBUS A-321,0
takeoff,JFK,22R,1790967213.51,2026-10-02T18:53:33Z,40.646267,-73.766663,210.9,a3c60d,N342PM,B738,BOEING 737-800,0
landing,JFK,22L,1790967251.12,2026-10-02T18:54:11Z,40.634789,-73.763031,210.9,3c6718,D-AIXX,A359,AIRBUS A-350-900,0
takeoff,LGA,31,1790967335.52,2026-10-02T18:55:35Z,40.772232,-73.857437,303.8,a5d965,N476WN,B737,BOEING 737-700,0
landing,JFK,22L,1790967354.0,2026-10-02T18:55:54Z,40.634599,-73.76319,210.9,710112,HZ-AK40,B77W,BOEING 777-300ER,0
takeoff,JFK,22R,1790967381.86,2026-10-02T18:56:21Z,40.644992,-73.767653,210.9,4a2d24,YR-KID,A332,AIRBUS A-330-200,0
landing,LGA,22,1790967419.57,2026-10-02T18:56:59Z,40.775117,-73.879218,213.8,ad0725,N939AN,B738,BOEING 737-800,0
takeoff,LGA,31,1790967421.1,2026-10-02T18:57:01Z,40.772277,-73.857557,300.9,a3549d,N3132J,BCS3,AIRBUS A220-300,0
landing,JFK,22L,1790967458.87,2026-10-02T18:57:38Z,40.634832,-73.763019,210.9,3451cd,EC-MNK,A332,AIRBUS A-330-200,0
takeoff,LGA,31,1790967459.85,2026-10-02T18:57:39Z,40.772369,-73.857742,300.9,a38237,N325PQ,CRJ9,BOMBARDIER Regional Jet CRJ-900,0
takeoff,JFK,22R,1790967484.8,2026-10-02T18:58:04Z,40.646342,-73.766592,210.9,a1286c,N174DZ,B763,BOEING 767-300,0
takeoff,JFK,22R,1790967556.52,2026-10-02T18:59:16Z,40.647226,-73.765921,210.9,ac8efa,N908XJ,CRJ9,BOMBARDIER Regional Jet CRJ-900,0
takeoff,LGA,31,1790967595.4,2026-10-02T18:59:55Z,40.772894,-73.858837,300.9,a08714,N133HQ,E75L,EMBRAER ERJ-170-200 (long wing),0
landing,JFK,22L,1790967605.32,2026-10-02T19:00:05Z,40.636654,-73.761597,210.9,a1de8d,N2199J,A21N,AIRBUS A-321neo,0
takeoff,JFK,22R,1790967616.32,2026-10-02T19:00:16Z,40.649231,-73.764328,210.9,a4d65c,N410YX,E75L,EMBRAER ERJ-170-200 (long wing),0
takeoff,LGA,31,1790967650.34,2026-10-02T19:00:50Z,40.772289,-73.857557,300.9,abd063,N860RW,E170,EMBRAER ERJ-170-100,0
landing,JFK,22L,1790967681.94,2026-10-02T19:01:21Z,40.634583,-73.763184,210.9,a6cacb,N537DT,A21N,AIRBUS A-321neo,0
takeoff,JFK,22R,1790967701.52,2026-10-02T19:01:41Z,40.646574,-73.766421,210.9,a198ed,N2016J,A21N,AIRBUS A-321neo,0
landing,JFK,22L,1790967749.88,2026-10-02T19:02:29Z,40.633854,-73.763768,210.9,a05614,N1200K,B763,BOEING 767-300,0
takeoff,JFK,22R,1790967778.83,2026-10-02T19:02:58Z,40.646519,-73.766464,210.9,a4076a,N359NB,A319,AIRBUS A-319,0
takeoff,LGA,31,1790967793.45,2026-10-02T19:03:13Z,40.772507,-73.858017,300.9,a8e6f2,N673AW,A320,AIRBUS A-320,0
landing,LGA,22,1790967794.13,2026-10-02T19:03:14Z,40.775012,-73.879311,213.8,abbb77,N855RW,E170,EMBRAER ERJ-170-100,0
landing,JFK,22L,1790967844.63,2026-10-02T19:04:04Z,40.635891,-73.762191,210.9,400683,G-VIIK,B772,BOEING 777-200,0
takeoff,LGA,31,1790967852.43,2026-10-02T19:04:12Z,40.772255,-73.857498,306.6,a08acb,N134HQ,E75L,EMBRAER ERJ-170-200 (long wing),0
takeoff,LGA,31,1790967932.96,2026-10-02T19:05:32Z,40.772255,-73.857498,300.9,a8996b,N653RW,E170,EMBRAER ERJ-170-100,0
landing,JFK,22L,1790967964.13,2026-10-02T19:06:04Z,40.635809,-73.762223,210.9,a7bfa0,N599JB,A320,AIRBUS A-320,0
takeoff,LGA,31,1790967985.47,2026-10-02T19:06:25Z,40.772266,-73.857544,309.4,a1d0a3,N216JQ,E75L,EMBRAER ERJ-170-200 (long wing),0
landing,JFK,22R,1790968002.92,2026-10-02T19:06:42Z,40.631561,-73.778156,210.9,aaee43,N803NW,A333,AIRBUS A-330-300,0
landing,LGA,22,1790968060.64,2026-10-02T19:07:40Z,40.774899,-73.879395,210.9,a23fb2,N244JQ,E75L,EMBRAER ERJ-170-200 (long wing),0
takeoff,JFK,22R,1790968128.42,2026-10-02T19:08:48Z,40.647052,-73.766046,210.9,a33328,N305NY,A21N,AIRBUS A-321neo,0
landing,LGA,22,1790968129.35,2026-10-02T19:08:49Z,40.775013,-73.879303,210.9,ada699,N979RP,E170,EMBRAER ERJ-170-100,0
landing,JFK,22L,1790968132.64,2026-10-02T19:08:52Z,40.634564,-73.763206,210.9,a01880,N105NN,A321,AIRBUS A-321,0
takeoff,JFK,22R,1790968197.85,2026-10-02T19:09:57Z,40.646587,-73.766418,208.1,a153de,N185GJ,CRJ9,BOMBARDIER Regional Jet CRJ-900,0
landing,JFK,22L,1790968203.42,2026-10-02T19:10:03Z,40.635867,-73.762191,210.9,ad4804,N955JB,A321,AIRBUS A-321,0
landing,LGA,22,1790968212.2,2026-10-02T19:10:12Z,40.777279,-73.877426,210.9,a33716,N306RC,B38M,BOEING 737 MAX 8,0
takeoff,JFK,22R,1790968266.0,2026-10-02T19:11:06Z,40.646175,-73.766724,210.9,a301f3,N293PQ,CRJ9,BOMBARDIER Regional Jet CRJ-900,0
landing,LGA,22,1790968285.69,2026-10-02T19:11:25Z,40.777945,-73.876892,210.9,c07971,C-GTZS,BCS3,AIRBUS A220-300,0
takeoff,LGA,31,1790968304.36,2026-10-02T19:11:44Z,40.774155,-73.861496,298.1,a3534a,N313PQ,CRJ9,BOMBARDIER Regional Jet CRJ-900,0
landing,JFK,22L,1790968308.25,2026-10-02T19:11:48Z,40.635201,-73.762726,210.9,a78c8f,N586DT,A21N,,0
takeoff,JFK,22R,1790968338.38,2026-10-02T19:12:18Z,40.646621,-73.766389,210.9,a39b39,N331TK,B38M,BOEING 737 MAX 8,0
landing,LGA,22,1790968392.6,2026-10-02T19:13:12Z,40.775873,-73.878609,210.9,ac92b1,N909XJ,CRJ9,BOMBARDIER Regional Jet CRJ-900,0
takeoff,JFK,22R,1790968405.99,2026-10-02T19:13:25Z,40.646586,-73.766405,210.9,a76df8,N578UW,A321,AIRBUS A-321,0
landing,JFK,22L,1790968458.98,2026-10-02T19:14:18Z,40.633633,-73.763947,210.9,a00d5b,N102NN,A321,AIRBUS A-321,0
landing,LGA,22,1790968552.26,2026-10-02T19:15:52Z,40.77634,-73.87822,210.9,a39113,N329PQ,CRJ9,BOMBARDIER Regional Jet CRJ-900,0
landing,JFK,22L,1790968570.26,2026-10-02T19:16:10Z,40.632946,-73.764485,210.9,8990ef,B-18777,B77L,BOEING 777-200LR,0
takeoff,JFK,22R,1790968586.71,2026-10-02T19:16:26Z,40.646336,-73.766602,210.9,a13386,N177DN,B763,BOEING 767-300,0
takeoff,LGA,31,1790968587.15,2026-10-02T19:16:27Z,40.772278,-73.85762,303.8,a422f7,N366DX,A321,AIRBUS A-321,0
landing,LGA,22,1790968610.72,2026-10-02T19:16:50Z,40.775547,-73.878874,213.8,a445d9,N3746H,B738,BOEING 737-800,0
takeoff,LGA,04,1790968648.83,2026-10-02T19:17:28Z,40.776077,-73.876617,73.1,a39113,N329PQ,CRJ9,BOMBARDIER Regional Jet CRJ-900,0
takeoff,LGA,31,1790968694.8,2026-10-02T19:18:14Z,40.775093,-73.863464,303.8,a359c2,N315DU,BCS3,AIRBUS A220-300,0
landing,JFK,22L,1790968727.46,2026-10-02T19:18:47Z,40.634005,-73.763658,213.8,a1be10,N211JQ,E75L,EMBRAER ERJ-170-200 (long wing),0
landing,LGA,22,1790968734.94,2026-10-02T19:18:54Z,40.777526,-73.877251,213.8,a46a7e,N384DN,A321,AIRBUS A-321,0
takeoff,LGA,31,1790968747.03,2026-10-02T19:19:07Z,40.772335,-73.857666,303.8,ac5bf6,N896DN,B739,BOEING 737-900,0
takeoff,JFK,22R,1790968782.18,2026-10-02T19:19:42Z,40.646109,-73.766779,209.6,894098,A9C-FG,B789,BOEING 787-9 Dreamliner,0
landing,JFK,22L,1790968822.79,2026-10-02T19:20:22Z,40.633003,-73.764984,233.4,a5255a,N430YX,E75L,EMBRAER ERJ-170-200 (long wing),0
landing,LGA,22,1790968832.28,2026-10-02T19:20:32Z,40.778297,-73.876617,210.9,a0b7fd,N14523,A21N,AIRBUS A-321neo,0
takeoff,LGA,31,1790968835.97,2026-10-02T19:20:35Z,40.772358,-73.857697,300.9,a45586,N379DA,B738,BOEING 737-800,0
takeoff,JFK,22R,1790968879.93,2026-10-02T19:21:19Z,40.646255,-73.766663,210.9,78023d,B-KPQ,B77W,BOEING 777-300ER,0
takeoff,LGA,31,1790968905.24,2026-10-02T19:21:45Z,40.772254,-73.857557,309.4,ab5bb1,N8307K,B738,BOEING 737-800,0
landing,JFK,22L,1790968905.26,2026-10-02T19:21:45Z,40.638828,-73.759888,210.9,a1c8ed,N214FT,FA50,DASSAULT Falcon 50,8
takeoff,LGA,31,1790968973.54,2026-10-02T19:22:53Z,40.772312,-73.857588,300.9,a34209,N309PC,B738,BOEING 737-800,0
landing,JFK,22L,1790968994.43,2026-10-02T19:23:14Z,40.634145,-73.763549,210.9,06a2c6,A7-BEW,B77W,BOEING 777-300ER,0
landing,LGA,22,1790969036.74,2026-10-02T19:23:56Z,40.777988,-73.876846,213.8,a163f2,N189UW,A321,AIRBUS A-321,0
takeoff,JFK,22R,1790969038.08,2026-10-02T19:23:58Z,40.646027,-73.766842,205.3,a8f235,N676CA,CRJ9,BOMBARDIER Regional Jet CRJ-900,0
takeoff,LGA,31,1790969068.54,2026-10-02T19:24:28Z,40.774567,-73.862244,300.9,ac0a75,N875RW,E170,EMBRAER ERJ-170-100,0
takeoff,LGA,31,1790969086.31,2026-10-02T19:24:46Z,40.772243,-73.857529,326.2,ac049e,N87353,E75L,EMBRAER ERJ-170-200 (long wing),0
takeoff,JFK,22R,1790969104.95,2026-10-02T19:25:04Z,40.647823,-73.765442,210.9,a779eb,N581DA,A21N,,0
landing,LGA,22,1790969150.82,2026-10-02T19:25:50Z,40.775105,-73.879227,210.9,a53f5b,N437YX,E75L,EMBRAER ERJ-170-200 (long wing),0
takeoff,JFK,22R,1790969172.86,2026-10-02T19:26:12Z,40.646388,-73.766561,210.9,acab54,N915XJ,CRJ9,BOMBARDIER Regional Jet CRJ-900,0
takeoff,LGA,31,1790969181.78,2026-10-02T19:26:21Z,40.772289,-73.857495,331.9,a45f64,N381DZ,A321,AIRBUS A-321,0
landing,LGA,22,1790969225.47,2026-10-02T19:27:05Z,40.775551,-73.87886,213.8,abd9b6,N8628A,B738,BOEING 737-800,0
landing,JFK,22L,1790969226.55,2026-10-02T19:27:06Z,40.634203,-73.763487,210.9,781d8d,B-221W,B77L,BOEING 777-200LR,0
landing,LGA,22,1790969316.06,2026-10-02T19:28:36Z,40.777863,-73.876968,213.8,ac13b3,N8777Q,B38M,,0
takeoff,LGA,31,1790969316.68,2026-10-02T19:28:36Z,40.772335,-73.857666,303.8,ac892e,N907AA,A321,AIRBUS A-321,0
takeoff,JFK,22R,1790969364.73,2026-10-02T19:29:24Z,40.646225,-73.76667,210.9,0d1218,XA-VMG,A20N,AIRBUS A-320neo,0
landing,JFK,22L,1790969370.95,2026-10-02T19:29:30Z,40.634168,-73.763534,210.9,a173a8,N193DN,B763,BOEING 767-300,0
takeoff,LGA,31,1790969425.82,2026-10-02T19:30:25Z,40.772243,-73.857559,306.6,abf78f,N870NN,B738,BOEING 737-800,0
landing,LGA,22,1790969440.79,2026-10-02T19:30:40Z,40.774733,-73.879499,210.9,a54312,N438YX,E75L,EMBRAER ERJ-170-200 (long wing),0
landing,JFK,22L,1790969488.31,2026-10-02T19:31:28Z,40.636036,-73.76207,210.9,a1094c,N166PQ,CRJ9,BOMBARDIER Regional Jet CRJ-900,0
takeoff,LGA,31,1790969527.21,2026-10-02T19:32:07Z,40.772209,-73.857422,306.6,a1fbd9,N227JQ,E75L,EMBRAER ERJ-170-200 (long wing),0
landing,LGA,22,1790969547.0,2026-10-02T19:32:27Z,40.775012,-73.879296,213.8,a03816,N113HQ,E75L,EMBRAER ERJ-170-200 (long wing),0
takeoff,JFK,22R,1790969559.34,2026-10-02T19:32:39Z,40.645844,-73.766998,210.9,a4a0cd,N398DA,B738,BOEING 737-800,0
landing,JFK,22L,1790969565.1,2026-10-02T19:32:45Z,40.634901,-73.762956,210.9,407da5,G-VJAZ,A339,AIRBUS A-330-900,0
takeoff,LGA,31,1790969612.32,2026-10-02T19:33:32Z,40.772265,-73.85751,298.1,a17c12,N195PQ,CRJ9,BOMBARDIER Regional Jet CRJ-900,0
landing,LGA,22,1790969622.75,2026-10-02T19:33:42Z,40.778527,-73.876409,213.8,a336e3,N306PB,B738,BOEING 737-800,0
landing,JFK,22L,1790969701.5,2026-10-02T19:35:01Z,40.63617,-73.761973,210.9,4a91b2,SE-DMR,A21N,AIRBUS A-321neo,0
takeoff,LGA,31,1790969711.69,2026-10-02T19:35:11Z,40.772219,-73.857417,300.9,a4c170,N405YX,E75L,EMBRAER ERJ-170-200 (long wing),0
landing,JFK,22L,1790969793.52,2026-10-02T19:36:33Z,40.63385,-73.763779,210.9,a3cde4,N344TS,B38M,BOEING 737 MAX 8,0
takeoff,LGA,31,1790969807.79,2026-10-02T19:36:47Z,40.772324,-73.857635,306.6,ad4584,N954WN,B737,BOEING 737-700,0
landing,LGA,22,1790969815.14,2026-10-02T19:36:55Z,40.774441,-73.87973,202.5,a1a1b6,N204JQ,E75L,EMBRAER ERJ-170-200 (long wing),0
takeoff,JFK,22R,1790969837.38,2026-10-02T19:37:17Z,40.649174,-73.764389,210.9,a026e1,N109HQ,E75L,EMBRAER ERJ-170-200 (long wing),0
takeoff,LGA,31,1790969863.36,2026-10-02T19:37:43Z,40.772265,-73.85751,303.8,abc2e5,N857RW,E170,EMBRAER ERJ-170-100,0
landing,LGA,22,1790969878.53,2026-10-02T19:37:58Z,40.779586,-73.875535,210.9,c07d20,C-GVJZ,DH8D,DE HAVILLAND DHC-8-400 Dash 8,0
landing,JFK,22L,1790969906.82,2026-10-02T19:38:26Z,40.634171,-73.763519,210.9,acfe09,N936XJ,CRJ9,BOMBARDIER Regional Jet CRJ-900,0
takeoff,JFK,22R,1790969916.65,2026-10-02T19:38:36Z,40.648624,-73.764801,210.9,a08e82,N135HQ,E75L,EMBRAER ERJ-170-200 (long wing),0
takeoff,LGA,31,1790969957.97,2026-10-02T19:39:17Z,40.772232,-73.857422,303.8,ab282b,N818MD,E170,EMBRAER ERJ-170-100,0
landing,JFK,22L,1790969984.2,2026-10-02T19:39:44Z,40.634525,-73.76326,210.9,3965b1,F-GZNR,B77W,BOEING 777-300ER,0
landing,LGA,22,1790969986.58,2026-10-02T19:39:46Z,40.777537,-73.87722,213.8,a14c70,N183GJ,CRJ9,BOMBARDIER Regional Jet CRJ-900,0
takeoff,LGA,31,1790970053.01,2026-10-02T19:40:53Z,40.772359,-73.857713,300.9,a06e0b,N127DN,A321,AIRBUS A-321,0
landing,LGA,22,1790970064.61,2026-10-02T19:41:04Z,40.777565,-73.877182,213.8,ace7bf,N930XJ,CRJ9,BOMBARDIER Regional Jet CRJ-900,0
takeoff,JFK,22R,1790970072.57,2026-10-02T19:41:12Z,40.645969,-73.766873,210.9,abedc8,N868NN,B738,BOEING 737-800,0
landing,JFK,22L,1790970116.89,2026-10-02T19:41:56Z,40.635006,-73.762878,210.9,ab80f4,N840MH,B764,BOEING 767-400,0
landing,LGA,22,1790970138.85,2026-10-02T19:42:18Z,40.779178,-73.875847,213.8,c0797b,C-GUAC,BCS3,AIRBUS A220-300,8
takeoff,LGA,31,1790970145.9,2026-10-02T19:42:25Z,40.772335,-73.857682,303.8,a475a3,N387DN,A321,AIRBUS A-321,0
takeoff,JFK,22R,1790970156.1,2026-10-02T19:42:36Z,40.646313,-73.766617,210.9,a3d10f,N345NB,A319,AIRBUS A-319,0
takeoff,LGA,31,1790970186.87,2026-10-02T19:43:06Z,40.7723,-73.857557,309.4,a3b3e5,N338DU,BCS3,AIRBUS A220-300,0
landing,LGA,22,1790970218.26,2026-10-02T19:43:38Z,40.776226,-73.878311,213.8,a3b11e,N337PJ,B738,BOEING 737-800,0
landing,JFK,22L,1790970232.45,2026-10-02T19:43:52Z,40.636158,-73.761957,210.9,a797b4,N589DT,A21N,AIRBUS A-321neo,0
takeoff,JFK,22R,1790970239.9,2026-10-02T19:43:59Z,40.645958,-73.766891,210.9,a38836,N3269J,BCS3,AIRBUS A220-300,0
takeoff,LGA,22,1790970281.88,2026-10-02T19:44:41Z,40.776215,-73.876587,168.8,ace7bf,N930XJ,CRJ9,BOMBARDIER Regional Jet CRJ-900,0
takeoff,LGA,13,1790970287.62,2026-10-02T19:44:47Z,40.776513,-73.868762,118.1,a14c70,N183GJ,CRJ9,BOMBARDIER Regional Jet CRJ-900,0
takeoff,JFK,22R,1790970293.48,2026-10-02T19:44:53Z,40.649344,-73.764251,210.9,a50900,N423YX,E75L,EMBRAER ERJ-170-200 (long wing),0
landing,JFK,22L,1790970305.77,2026-10-02T19:45:05Z,40.636077,-73.762051,210.9,a1b2a8,N2084J,A21N,AIRBUS A-321neo,0
takeoff,LGA,31,1790970310.91,2026-10-02T19:45:10Z,40.772254,-73.85751,303.8,a1239d,N17245,B738,BOEING 737-800,0
landing,LGA,22,1790970313.79,2026-10-02T19:45:13Z,40.777898,-73.876939,213.8,a37e80,N324PQ,CRJ9,BOMBARDIER Regional Jet CRJ-900,0
takeoff,LGA,31,1790970352.12,2026-10-02T19:45:52Z,40.772207,-73.857385,323.4,ac159a,N878RW,E170,EMBRAER ERJ-170-100,0
landing,LGA,22,1790970383.74,2026-10-02T19:46:23Z,40.777316,-73.877407,210.9,a49206,N394DX,A321,AIRBUS A-321,0
landing,JFK,22L,1790970396.45,2026-10-02T19:46:36Z,40.637787,-73.760696,210.9,a3f120,N353NB,A319,AIRBUS A-319,0
takeoff,LGA,31,1790970456.86,2026-10-02T19:47:36Z,40.772312,-73.85762,300.9,a34bdc,N311PQ,CRJ9,BOMBARDIER Regional Jet CRJ-900,0
landing,JFK,22R,1790970463.4,2026-10-02T19:47:43Z,40.636182,-73.774535,210.9,a043ec,N116QS,GL5T,BOMBARDIER BD-700 Global 5000/5500,0
landing,LGA,22,1790970464.18,2026-10-02T19:47:44Z,40.775848,-73.878601,210.9,ac98c1,N910XJ,CRJ9,BOMBARDIER Regional Jet CRJ-900,0
landing,JFK,22L,1790970480.67,2026-10-02T19:48:00Z,40.635902,-73.762176,208.1,a1584a,N186PQ,CRJ9,BOMBARDIER Regional Jet CRJ-900,0
takeoff,LGA,31,1790970549.87,2026-10-02T19:49:09Z,40.772472,-73.857941,300.9,aaa224,N7843A,B737,BOEING 737-700,0
landing,LGA,22,1790970551.02,2026-10-02T19:49:11Z,40.777725,-73.87709,210.9,acda41,N927XJ,CRJ9,BOMBARDIER Regional Jet CRJ-900,0
landing,JFK,22L,1790970559.58,2026-10-02T19:49:19Z,40.636219,-73.761932,210.9,a544ee,N439DX,A339,AIRBUS A-330-900,0
landing,JFK,22R,1790970608.57,2026-10-02T19:50:08Z,40.632609,-73.777329,210.9,aa5b92,N767AJ,B772,BOEING 777-200,0
takeoff,LGA,31,1790970637.6,2026-10-02T19:50:37Z,40.772255,-73.857498,303.8,a05470,N120HQ,E75L,EMBRAER ERJ-170-200 (long wing),0
landing,LGA,22,1790970644.87,2026-10-02T19:50:44Z,40.77656,-73.878032,210.9,a3ad6d,N336PQ,CRJ9,BOMBARDIER Regional Jet CRJ-900,0
landing,JFK,22L,1790970688.24,2026-10-02T19:51:28Z,40.63496,-73.762909,210.9,a8b8ba,N661JB,A320,AIRBUS A-320,0
takeoff,JFK,22L,1790970688.24,2026-10-02T19:51:28Z,40.63496,-73.762909,210.9,a8b8ba,N661JB,A320,AIRBUS A-320,0
landing,JFK,22L,1790970688.62,2026-10-02T19:51:28Z,40.63496,-73.762909,210.9,a8b8ba,N661JB,A320,AIRBUS A-320,0
takeoff,LGA,31,1790970698.94,2026-10-02T19:51:38Z,40.772324,-73.857681,300.9,a87b36,N64572,,,0
takeoff,JFK,22R,1790970713.62,2026-10-02T19:51:53Z,40.646313,-73.766602,210.9,adcd6d,N989JT,A321,AIRBUS A-321,0
takeoff,LGA,13,1790970756.32,2026-10-02T19:52:36Z,40.77649,-73.868715,123.8,ac98c1,N910XJ,CRJ9,BOMBARDIER Regional Jet CRJ-900,0
takeoff,LGA,31,1790970781.95,2026-10-02T19:53:01Z,40.772266,-73.857559,303.8,a4f414,N418YX,E75L,EMBRAER ERJ-170-200 (long wing),0
landing,JFK,22L,1790970791.37,2026-10-02T19:53:11Z,40.636139,-73.762039,210.9,a4afbe,N4005X,A319,AIRBUS A-319,0
landing,LGA,22,1790970804.15,2026-10-02T19:53:24Z,40.774956,-73.879333,210.9,abd41a,N861RW,E170,EMBRAER ERJ-170-100,0
takeoff,JFK,22R,1790970836.04,2026-10-02T19:53:56Z,40.646411,-73.766545,210.9,ab6519,N833SK,CRJ9,BOMBARDIER Regional Jet CRJ-900,0
landing,JFK,22L,1790970844.19,2026-10-02T19:54:04Z,40.631653,-73.765503,210.9,0d0acd,XA-MAK,B38M,BOEING 737 MAX 8,0
takeoff,LGA,31,1790970846.21,2026-10-02T19:54:06Z,40.772198,-73.857376,334.7,ab3d17,N823MD,E170,EMBRAER ERJ-170-100,0
takeoff,LGA,13,1790970893.44,2026-10-02T19:54:53Z,40.776513,-73.868762,120.9,a3ad6d,N336PQ,CRJ9,BOMBARDIER Regional Jet CRJ-900,0
takeoff,JFK,22R,1790970894.83,2026-10-02T19:54:54Z,40.647228,-73.7659,210.9,a69f88,N526DE,A21N,AIRBUS A-321neo,0
landing,JFK,22L,1790970944.38,2026-10-02T19:55:44Z,40.635841,-73.762222,210.9,a98445,N712JB,A320,AIRBUS A-320,0
landing,LGA,22,1790970970.64,2026-10-02T19:56:10Z,40.777805,-73.877017,210.9,a320a6,N300PQ,CRJ9,BOMBARDIER Regional Jet CRJ-900,0
takeoff,LGA,31,1790971008.08,2026-10-02T19:56:48Z,40.772254,-73.857495,312.2,a0be05,N147PQ,CRJ9,BOMBARDIER Regional Jet CRJ-900,0
takeoff,JFK,22R,1790971021.43,2026-10-02T19:57:01Z,40.646358,-73.766586,210.9,ac1466,N878DN,B739,BOEING 737-900,0
landing,JFK,22L,1790971022.25,2026-10-02T19:57:02Z,40.636333,-73.761841,210.9,a5d007,N474AS,B739,BOEING 737-900,0
landing,LGA,31,1790971092.05,2026-10-02T19:58:12Z,40.777016,-73.871201,300.9,c06081,C-GKOE,A320,AIRBUS A-320,0
takeoff,JFK,22R,1790971096.49,2026-10-02T19:58:16Z,40.646301,-73.766632,210.9,0c218d,HP-9932CMP,B39M,BOEING 737 MAX 9,0
landing,LGA,22,1790971104.07,2026-10-02T19:58:24Z,40.777328,-73.877407,210.9,a26b80,N255QS,CL60,BOMBARDIER CL-600 Challenger,0
landing,JFK,22L,1790971107.17,2026-10-02T19:58:27Z,40.63361,-73.763947,208.1,ac058a,N874DN,B739,BOEING 737-900,0
takeoff,JFK,22R,1790971168.12,2026-10-02T19:59:28Z,40.647238,-73.765906,210.9,a36799,N3185J,BCS3,AIRBUS A220-300,0
landing,LGA,22,1790971186.91,2026-10-02T19:59:46Z,40.776581,-73.878036,210.9,a8c759,N665FR,A21N,AIRBUS A-321neo,0
landing,JFK,22L,1790971197.34,2026-10-02T19:59:57Z,40.633935,-73.763721,210.9,ac259b,N882DN,B739,BOEING 737-900,0
takeoff,LGA,31,1790971265.94,2026-10-02T20:01:05Z,40.772359,-73.857744,303.8,a9d5df,N73270,B738,BOEING 737-800,0
landing,JFK,22R,1790971268.45,2026-10-02T20:01:08Z,40.631119,-73.778484,210.9,406947,G-STBG,B77W,BOEING 777-300ER,0
landing,LGA,22,1790971270.6,2026-10-02T20:01:10Z,40.775574,-73.87883,213.8,a08e3c,N135EV,CRJ9,BOMBARDIER Regional Jet CRJ-900,0
landing,JFK,22L,1790971296.43,2026-10-02T20:01:36Z,40.632981,-73.76447,210.9,a01fee,N107NN,A321,AIRBUS A-321,0
landing,LGA,22,1790971351.05,2026-10-02T20:02:31Z,40.774818,-73.87944,210.9,a21bea,N235JQ,E75L,EMBRAER ERJ-170-200 (long wing),0
takeoff,LGA,31,1790971352.01,2026-10-02T20:02:32Z,40.774487,-73.862183,300.9,a353c8,N313UR,B38M,BOEING 737 MAX 8,0
takeoff,JFK,22R,1790971363.2,2026-10-02T20:02:43Z,40.647182,-73.76593,210.9,aa542f,N765AV,A20N,AIRBUS A-320neo,0
landing,JFK,22L,1790971384.08,2026-10-02T20:03:04Z,40.634274,-73.763458,210.9,a8712a,N643JB,A320,AIRBUS A-320,0
landing,LGA,22,1790971409.71,2026-10-02T20:03:29Z,40.778061,-73.876783,210.9,adc531,N987AM,A321,AIRBUS A-321,0
takeoff,LGA,31,1790971409.87,2026-10-02T20:03:29Z,40.772277,-73.857542,300.9,aa8164,N776XF,A319,AIRBUS A-319,0
landing,JFK,22R,1790971445.91,2026-10-02T20:04:05Z,40.632488,-73.77742,210.9,a15b05,N187DN,B763,BOEING 767-300,0
landing,JFK,22L,1790971454.21,2026-10-02T20:04:14Z,40.636147,-73.761957,210.9,a262ad,N253AK,B739,BOEING 737-900,0
takeoff,LGA,31,1790971487.68,2026-10-02T20:04:47Z,40.772324,-73.857651,300.9,a44cca,N3762Y,B738,BOEING 737-800,0
landing,LGA,22,1790971500.88,2026-10-02T20:05:00Z,40.774155,-73.879776,196.9,a05827,N121HQ,E75L,EMBRAER ERJ-170-200 (long wing),0
takeoff,LGA,13,1790971512.13,2026-10-02T20:05:12Z,40.775082,-73.867371,129.4,a08e3c,N135EV,CRJ9,BOMBARDIER Regional Jet CRJ-900,0
takeoff,JFK,22R,1790971529.5,2026-10-02T20:05:29Z,40.646086,-73.766795,210.9,89659b,A6-XWE,A35K,AIRBUS A-350-1000,0
takeoff,LGA,31,1790971544.74,2026-10-02T20:05:44Z,40.772232,-73.857437,300.9,a1acdb,N207JQ,E75L,EMBRAER ERJ-170-200 (long wing),0
landing,JFK,22L,1790971586.95,2026-10-02T20:06:26Z,40.630508,-73.766632,225.0,a1ba59,N210JQ,E75L,EMBRAER ERJ-170-200 (long wing),0
takeoff,JFK,22R,1790971640.49,2026-10-02T20:07:20Z,40.645911,-73.76692,210.9,a3355e,N3058J,BCS3,AIRBUS A220-300,0
takeoff,LGA,31,1790971653.88,2026-10-02T20:07:33Z,40.772255,-73.857498,300.9,a517dc,N427YX,E75L,EMBRAER ERJ-170-200 (long wing),0
landing,JFK,22L,1790971654.46,2026-10-02T20:07:34Z,40.637648,-73.760818,210.9,a27197,N257AZ,B763,BOEING 767-300,0
landing,LGA,22,1790971687.47,2026-10-02T20:08:07Z,40.774956,-73.879349,210.9,ab40ce,N824MD,E170,EMBRAER ERJ-170-100,0
landing,JFK,22R,1790971733.75,2026-10-02T20:08:53Z,40.630235,-73.779186,209.6,40742e,G-CKOF,B789,BOEING 787-9 Dreamliner,0
landing,LGA,22,1790971748.31,2026-10-02T20:09:08Z,40.776967,-73.877688,210.9,acd68a,N926XJ,CRJ9,BOMBARDIER Regional Jet CRJ-900,0
landing,JFK,22L,1790971762.37,2026-10-02T20:09:22Z,40.634622,-73.763175,210.9,ad9e73,N977JE,A321,AIRBUS A-321,0
landing,LGA,22,1790971805.14,2026-10-02T20:10:05Z,40.776339,-73.878219,213.8,aa4c1a,N76254,B738,BOEING 737-800,0
takeoff,JFK,22R,1790971805.73,2026-10-02T20:10:05Z,40.646084,-73.7668,210.9,a1a458,N2048J,A21N,AIRBUS A-321neo,0
takeoff,LGA,31,1790971814.94,2026-10-02T20:10:14Z,40.772335,-73.857681,300.9,ac50d1,N893DN,B739,BOEING 737-900,0
takeoff,JFK,22R,1790971854.16,2026-10-02T20:10:54Z,40.64626,-73.76667,210.9,adde95,N993JE,A321,AIRBUS A-321,0
landing,JFK,22L,1790971861.85,2026-10-02T20:11:01Z,40.635565,-73.76241,213.8,a33843,N3062J,BCS3,AIRBUS A220-300,0
landing,LGA,22,1790971881.43,2026-10-02T20:11:21Z,40.777313,-73.877411,210.9,a2b060,N27205,B738,BOEING 737-800,0
takeoff,LGA,22,1790971881.43,2026-10-02T20:11:21Z,40.777313,-73.877411,210.9,a2b060,N27205,B738,BOEING 737-800,0
landing,LGA,22,1790971887.08,2026-10-02T20:11:27Z,40.775585,-73.878815,210.9,a2b060,N27205,B738,BOEING 737-800,0
takeoff,LGA,31,1790971891.37,2026-10-02T20:11:31Z,40.772521,-73.858041,303.8,a022c4,N108DN,A321,AIRBUS A-321,0
landing,JFK,22R,1790971940.11,2026-10-02T20:12:20Z,40.633759,-73.776428,210.9,4ca9bc,EI-LRC,A21N,AIRBUS A-321neo,0
landing,JFK,22L,1790971969.41,2026-10-02T20:12:49Z,40.636585,-73.761642,210.9,a38367,N3251J,BCS3,,0
takeoff,LGA,31,1790971982.81,2026-10-02T20:13:02Z,40.772533,-73.858088,303.8,a03038,N111DC,A321,AIRBUS A-321,0
landing,LGA,22,1790971993.33,2026-10-02T20:13:13Z,40.774733,-73.879545,210.9,a53436,N434YX,E75L,EMBRAER ERJ-170-200 (long wing),0
takeoff,LGA,13,1790971997.62,2026-10-02T20:13:17Z,40.775105,-73.867404,129.4,acd68a,N926XJ,CRJ9,BOMBARDIER Regional Jet CRJ-900,0
landing,LGA,22,1790972046.9,2026-10-02T20:14:06Z,40.777714,-73.87709,210.9,a43b91,N372DN,A321,AIRBUS A-321,0
takeoff,LGA,31,1790972048.0,2026-10-02T20:14:08Z,40.772301,-73.857605,309.4,a38d8f,N328RR,B38M,BOEING 737 MAX 8,0
landing,JFK,22L,1790972053.02,2026-10-02T20:14:13Z,40.635063,-73.762848,210.9,a6ce7d,N538DN,A21N,AIRBUS A-321neo,0
landing,JFK,22R,1790972101.14,2026-10-02T20:15:01Z,40.630223,-73.779202,210.9,ab6c08,N835MH,B764,BOEING 767-400,0
takeoff,LGA,31,1790972126.56,2026-10-02T20:15:26Z,40.772382,-73.857776,300.9,a854d0,N636JB,A320,AIRBUS A-320,0
landing,JFK,22L,1790972151.55,2026-10-02T20:15:51Z,40.633163,-73.764709,230.6,a51425,N426YX,E75L,EMBRAER ERJ-170-200 (long wing),0
takeoff,JFK,22R,1790972157.45,2026-10-02T20:15:57Z,40.647686,-73.765549,210.9,ab9387,N845MH,B764,BOEING 767-400,0
landing,JFK,22L,1790972197.09,2026-10-02T20:16:37Z,40.635429,-73.762543,210.9,a38af8,N3272J,BCS3,AIRBUS A220-300,0
landing,LGA,22,1790972232.29,2026-10-02T20:17:12Z,40.777631,-73.877127,216.6,a14502,N181GJ,CRJ9,BOMBARDIER Regional Jet CRJ-900,0
takeoff,LGA,31,1790972238.41,2026-10-02T20:17:18Z,40.772335,-73.857635,300.9,c06081,C-GKOE,A320,AIRBUS A-320,0
landing,JFK,22R,1790972267.89,2026-10-02T20:17:47Z,40.632725,-73.777235,210.9,3c7a4f,D-ANRO,A339,AIRBUS A-330-900,0
landing,JFK,22L,1790972319.07,2026-10-02T20:18:39Z,40.630978,-73.766052,213.8,a4b64b,N402YX,E75L,EMBRAER ERJ-170-200 (long wing),0
takeoff,LGA,31,1790972374.75,2026-10-02T20:19:34Z,40.772265,-73.857526,303.8,a20347,N229JQ,E75L,EMBRAER ERJ-170-200 (long wing),0
landing,JFK,22L,1790972383.27,2026-10-02T20:19:43Z,40.633312,-73.764221,210.9,c063eb,C-GLVU,B38M,BOEING 737 MAX 8,0
takeoff,LGA,13,1790972445.23,2026-10-02T20:20:45Z,40.775139,-73.867462,129.4,a53436,N434YX,E75L,EMBRAER ERJ-170-200 (long wing),0
takeoff,LGA,31,1790972453.06,2026-10-02T20:20:53Z,40.772346,-73.857681,303.8,ad0725,N939AN,B738,BOEING 737-800,0
landing,LGA,22,1790972460.63,2026-10-02T20:21:00Z,40.774189,-73.879913,199.7,a24720,N246JQ,E75L,EMBRAER ERJ-170-200 (long wing),0
landing,JFK,22R,1790972463.74,2026-10-02T20:21:03Z,40.632317,-73.777557,210.9,a15397,N185DN,B763,BOEING 767-300,0
landing,JFK,22L,1790972496.27,2026-10-02T20:21:36Z,40.6371,-73.761246,210.9,a01037,N103DU,BCS1,AIRBUS A220-100,0
takeoff,LGA,13,1790972516.12,2026-10-02T20:21:56Z,40.775127,-73.867447,132.2,a14502,N181GJ,CRJ9,BOMBARDIER Regional Jet CRJ-900,0
takeoff,LGA,31,1790972519.53,2026-10-02T20:21:59Z,40.772289,-73.857588,303.8,acf2e4,N933XJ,CRJ9,BOMBARDIER Regional Jet CRJ-900,0
takeoff,JFK,22R,1790972530.21,2026-10-02T20:22:10Z,40.649323,-73.764252,210.9,a1c1c7,N212JQ,E75L,EMBRAER ERJ-170-200 (long wing),0
landing,JFK,22L,1790972563.22,2026-10-02T20:22:43Z,40.634797,-73.763034,209.6,ab5257,N829AN,B789,BOEING 787-9 Dreamliner,0
takeoff,LGA,31,1790972590.83,2026-10-02T20:23:10Z,40.772231,-73.857479,300.9,a53f5b,N437YX,E75L,EMBRAER ERJ-170-200 (long wing),0
landing,LGA,22,1790972595.82,2026-10-02T20:23:15Z,40.774209,-73.879951,213.8,ac65bb,N8982S,B38M,BOEING 737 MAX 8,0
landing,JFK,22R,1790972617.02,2026-10-02T20:23:37Z,40.631061,-73.77853,209.6,ab9630,N846AN,B789,BOEING 787-9 Dreamliner,0
landing,JFK,22L,1790972699.1,2026-10-02T20:24:59Z,40.633877,-73.763768,210.9,a36a19,N319UY,B38M,BOEING 737 MAX 8,0
landing,LGA,22,1790972712.37,2026-10-02T20:25:12Z,40.778003,-73.87683,213.8,a8a490,N656RW,E170,EMBRAER ERJ-170-100,0
takeoff,JFK,22R,1790972720.89,2026-10-02T20:25:20Z,40.646828,-73.76622,210.9,abe2a3,N865NN,B738,BOEING 737-800,0
takeoff,LGA,31,1790972752.43,2026-10-02T20:25:52Z,40.772484,-73.857986,300.9,c07971,C-GTZS,BCS3,AIRBUS A220-300,0
landing,JFK,22L,1790972778.4,2026-10-02T20:26:18Z,40.635169,-73.762769,210.9,adc238,N986JB,A321,AIRBUS A-321,0
takeoff,LGA,31,1790972786.97,2026-10-02T20:26:26Z,40.772347,-73.857698,306.6,a34d2f,N3112J,BCS3,AIRBUS A220-300,0
landing,JFK,22R,1790972834.7,2026-10-02T20:27:14Z,40.631172,-73.778458,210.9,4b187d,HB-JHD,A333,AIRBUS A-330-300,0
landing,JFK,22L,1790972868.87,2026-10-02T20:27:48Z,40.635006,-73.762878,210.9,acc040,N920XJ,CRJ9,BOMBARDIER Regional Jet CRJ-900,0
takeoff,LGA,31,1790972895.3,2026-10-02T20:28:15Z,40.772243,-73.857483,300.9,ada699,N979RP,E170,EMBRAER ERJ-170-100,0
takeoff,JFK,22R,1790972900.05,2026-10-02T20:28:20Z,40.647594,-73.76561,210.9,a2be35,N276QS,,,0
takeoff,JFK,22R,1790972947.18,2026-10-02T20:29:07Z,40.646737,-73.766296,210.9,ad438d,N954AK,B39M,BOEING 737 MAX 9,0
landing,JFK,22L,1790972966.71,2026-10-02T20:29:26Z,40.635704,-73.762332,210.9,a4eacb,N416DX,A339,AIRBUS A-330-900,0
takeoff,LGA,31,1790972970.41,2026-10-02T20:29:30Z,40.772255,-73.857513,303.8,a3c51a,N342DU,,,0
landing,LGA,22,1790972972.64,2026-10-02T20:29:32Z,40.776569,-73.878052,210.9,ad3d4e,N952NN,B738,BOEING 737-800,0
takeoff,JFK,22R,1790973000.76,2026-10-02T20:30:00Z,40.645992,-73.766876,213.8,ab4c76,N827SK,CRJ9,BOMBARDIER Regional Jet CRJ-900,0
takeoff,JFK,22R,1790973055.5,2026-10-02T20:30:55Z,40.646493,-73.766467,210.9,a35949,N3149J,BCS3,AIRBUS A220-300,0
landing,LGA,22,1790973088.99,2026-10-02T20:31:28Z,40.776466,-73.878113,210.9,c00a0d,C-FDUY,BCS3,,0
takeoff,JFK,22R,1790973105.09,2026-10-02T20:31:45Z,40.646062,-73.766811,210.9,a014c9,N104NN,A321,AIRBUS A-321,0
landing,JFK,22L,1790973133.27,2026-10-02T20:32:13Z,40.633678,-73.763916,210.9,acdf9a,N929AA,A321,AIRBUS A-321,0
takeoff,JFK,22R,1790973166.71,2026-10-02T20:32:46Z,40.645155,-73.767513,210.9,3c651a,D-AIHZ,A346,AIRBUS A-340-600,0
landing,LGA,22,1790973202.55,2026-10-02T20:33:22Z,40.771385,-73.882294,213.8,a09239,N136HQ,E75L,EMBRAER ERJ-170-200 (long wing),0
takeoff,LGA,31,1790973242.8,2026-10-02T20:34:02Z,40.772278,-73.857559,300.9,a1a1b6,N204JQ,E75L,EMBRAER ERJ-170-200 (long wing),0
landing,LGA,22,1790973280.3,2026-10-02T20:34:40Z,40.771957,-73.881821,210.9,ac1951,N879RW,E170,EMBRAER ERJ-170-100,0
landing,JFK,22L,1790973285.02,2026-10-02T20:34:45Z,40.636798,-73.761458,210.9,a80560,N616DN,,,0
takeoff,JFK,22R,1790973289.97,2026-10-02T20:34:49Z,40.64502,-73.767624,210.9,a38019,N3244J,BCS3,,0
takeoff,JFK,22R,1790973346.48,2026-10-02T20:35:46Z,40.646164,-73.766739,210.9,a73690,N564JB,A320,AIRBUS A-320,0
takeoff,LGA,31,1790973359.7,2026-10-02T20:35:59Z,40.772475,-73.857978,303.8,abd9b6,N8628A,B738,BOEING 737-800,0
landing,LGA,22,1790973359.73,2026-10-02T20:35:59Z,40.77507,-73.879249,210.9,abdf3f,N864RW,E170,EMBRAER ERJ-170-100,0
takeoff,JFK,22R,1790973384.7,2026-10-02T20:36:24Z,40.649323,-73.764267,210.9,a21833,N234JQ,E75L,EMBRAER ERJ-170-200 (long wing),0
landing,JFK,22L,1790973390.6,2026-10-02T20:36:30Z,40.635132,-73.762787,210.9,ab35d3,N821NW,A333,AIRBUS A-330-300,0
takeoff,JFK,22R,1790973431.69,2026-10-02T20:37:11Z,40.649162,-73.764389,210.9,a5255a,N430YX,E75L,EMBRAER ERJ-170-200 (long wing),0
landing,LGA,22,1790973454.77,2026-10-02T20:37:34Z,40.777398,-73.877345,213.8,aab18c,N7887A,B737,BOEING 737-700,0
takeoff,LGA,31,1790973463.83,2026-10-02T20:37:43Z,40.772347,-73.857698,300.9,ac0b7f,N87512,B738,BOEING 737-800,0
takeoff,JFK,22R,1790973493.89,2026-10-02T20:38:13Z,40.64938,-73.764221,210.9,a4ba02,N403YX,E75L,EMBRAER ERJ-170-200 (long wing),0
takeoff,LGA,31,1790973520.51,2026-10-02T20:38:40Z,40.772289,-73.857573,303.8,ac92b1,N909XJ,CRJ9,BOMBARDIER Regional Jet CRJ-900,0
landing,JFK,22L,1790973533.73,2026-10-02T20:38:53Z,40.635384,-73.762589,210.9,a392f2,N3296J,BCS3,AIRBUS A220-300,0
takeoff,JFK,22R,1790973568.47,2026-10-02T20:39:28Z,40.645946,-73.766904,210.9,3c70c9,D-ALFI,B77L,BOEING 777-200LR,0
takeoff,LGA,31,1790973602.05,2026-10-02T20:40:02Z,40.772472,-73.857941,300.9,a54312,N438YX,E75L,EMBRAER ERJ-170-200 (long wing),0
landing,LGA,22,1790973610.7,2026-10-02T20:40:10Z,40.774709,-73.879577,210.9,c061a2,,,,
landing,JFK,22L,1790973632.4,2026-10-02T20:40:32Z,40.633586,-73.763986,210.9,8966d5,A6-XWN,A35K,AIRBUS A-350-1000,0
landing,LGA,22,1790973685.88,2026-10-02T20:41:25Z,40.776432,-73.878128,210.9,ac2082,N8802Q,B38M,BOEING 737 MAX 8,0
takeoff,JFK,22R,1790973711.47,2026-10-02T20:41:51Z,40.646404,-73.766556,208.1,ab6162,N832SK,CRJ9,BOMBARDIER Regional Jet CRJ-900,0
landing,JFK,22L,1790973769.18,2026-10-02T20:42:49Z,40.634537,-73.763245,210.9,ab8fd0,N844MH,B764,BOEING 767-400,0
takeoff,JFK,22R,1790973777.2,2026-10-02T20:42:57Z,40.645096,-73.76756,210.9,4caeb8,EI-TYB,A339,AIRBUS A-330-900,0
landing,LGA,22,1790973795.35,2026-10-02T20:43:15Z,40.777305,-73.877423,210.9,a46e40,N385DZ,A321,AIRBUS A-321,0
takeoff,LGA,31,1790973823.97,2026-10-02T20:43:43Z,40.772221,-73.857544,331.9,a54cd9,N440YX,E75L,EMBRAER ERJ-170-200 (long wing),0
takeoff,JFK,22R,1790973861.89,2026-10-02T20:44:21Z,40.64621,-73.766708,209.6,0d0ed6,XA-DHN,B789,BOEING 787-9 Dreamliner,0
landing,JFK,22L,1790973902.76,2026-10-02T20:45:02Z,40.633563,-73.764017,210.9,4ac8a8,SE-REH,A333,AIRBUS A-330-300,0
landing,LGA,22,1790973905.97,2026-10-02T20:45:05Z,40.771602,-73.882089,210.9,a1dd2d,N219YX,E75L,EMBRAER ERJ-170-200 (long wing),0
takeoff,JFK,22R,1790973946.1,2026-10-02T20:45:46Z,40.646255,-73.766663,210.9,aa4903,N762AN,B772,BOEING 777-200,0
landing,LGA,22,1790973996.3,2026-10-02T20:46:36Z,40.774104,-73.879936,196.9,a4e8ef,N415YX,E75L,EMBRAER ERJ-170-200 (long wing),0
takeoff,JFK,22R,1790974051.38,2026-10-02T20:47:31Z,40.645946,-73.766904,210.9,3c7a4a,D-ANRJ,A339,AIRBUS A-330-900,0
landing,LGA,22,1790974067.24,2026-10-02T20:47:47Z,40.774658,-73.879593,213.8,ac0048,N8721J,B38M,BOEING 737 MAX 8,0
takeoff,LGA,31,1790974095.43,2026-10-02T20:48:15Z,40.774979,-73.86322,298.1,abbb77,N855RW,E170,EMBRAER ERJ-170-100,0
landing,JFK,22L,1790974103.65,2026-10-02T20:48:23Z,40.632671,-73.764709,209.6,740828,JY-BAH,B788,BOEING 787-8 Dreamliner,0
takeoff,JFK,22R,1790974159.39,2026-10-02T20:49:19Z,40.646272,-73.766639,210.9,a51d6f,N429DX,A339,,0
landing,LGA,22,1790974194.42,2026-10-02T20:49:54Z,40.775303,-73.879062,213.8,ab1d06,N815MD,E170,EMBRAER ERJ-170-100,0
landing,JFK,22L,1790974257.42,2026-10-02T20:50:57Z,40.639767,-73.759171,210.9,a627d1,N496QS,E55P,EMBRAER EMB-505 Phenom 300,0
takeoff,JFK,22R,1790974343.49,2026-10-02T20:52:23Z,40.649323,-73.764282,210.9,a1be10,N211JQ,E75L,EMBRAER ERJ-170-200 (long wing),0
landing,JFK,22L,1790974353.35,2026-10-02T20:52:33Z,40.636425,-73.761749,210.9,a383f3,N3255J,BCS3,,0
takeoff,LGA,31,1790974379.22,2026-10-02T20:52:59Z,40.772359,-73.857744,303.8,ac13b3,N8777Q,B38M,,0
landing,LGA,22,1790974380.95,2026-10-02T20:53:00Z,40.774104,-73.88006,213.8,a12798,N17363,B38M,BOEING 737 MAX 8,0
takeoff,JFK,22R,1790974388.41,2026-10-02T20:53:08Z,40.649274,-73.764298,210.9,a4e181,N413YX,E75L,EMBRAER ERJ-170-200 (long wing),0
landing,JFK,22L,1790974433.93,2026-10-02T20:53:53Z,40.635567,-73.762421,210.9,a37aa3,N323NB,A319,AIRBUS A-319,0
takeoff,JFK,22R,1790974446.06,2026-10-02T20:54:06Z,40.647182,-73.765945,210.9,a6ee8e,N546DN,A21N,AIRBUS A-321neo,0
landing,LGA,22,1790974501.81,2026-10-02T20:55:01Z,40.776695,-73.877945,210.9,aa7e7b,N77537,B738,BOEING 737-800,0
takeoff,LGA,31,1790974502.35,2026-10-02T20:55:02Z,40.772568,-73.85815,300.9,a3b11e,N337PJ,B738,BOEING 737-800,0
takeoff,JFK,22R,1790974533.37,2026-10-02T20:55:33Z,40.645946,-73.766889,210.9,c0468e,C-GASR,C25A,CESSNA 525A Citation CJ2,0
landing,JFK,22L,1790974543.55,2026-10-02T20:55:43Z,40.633198,-73.764297,210.9,a1863b,N198DN,B763,BOEING 767-300,0
takeoff,JFK,22R,1790974583.24,2026-10-02T20:56:23Z,40.646225,-73.766686,210.9,a1de8d,N2199J,A21N,AIRBUS A-321neo,0
landing,LGA,22,1790974619.07,2026-10-02T20:56:59Z,40.777302,-73.877426,213.8,a44533,N3741S,B738,BOEING 737-800,0
takeoff,JFK,22R,1790974686.33,2026-10-02T20:58:06Z,40.64633,-73.766623,210.9,a414e8,N362NB,A319,AIRBUS A-319,0
takeoff,JFK,22R,1790974739.86,2026-10-02T20:58:59Z,40.645818,-73.767014,209.6,485788,PH-BHP,B789,BOEING 787-9 Dreamliner,0
landing,LGA,22,1790974751.36,2026-10-02T20:59:11Z,40.771362,-73.882294,210.9,abe2f6,N865RW,E170,EMBRAER ERJ-170-100,0
landing,JFK,22L,1790974752.93,2026-10-02T20:59:12Z,40.633132,-73.764314,210.9,ad6ec6,N965AN,B738,BOEING 737-800,0
takeoff,LGA,31,1790974759.6,2026-10-02T20:59:19Z,40.772324,-73.857666,306.6,a163f2,N189UW,A321,AIRBUS A-321,0
landing,LGA,22,1790974803.08,2026-10-02T21:00:03Z,40.774807,-73.87944,210.9,a1f0b4,N224JQ,E75L,EMBRAER ERJ-170-200 (long wing),0
takeoff,JFK,22R,1790974819.29,2026-10-02T21:00:19Z,40.646377,-73.766577,210.9,a1373d,N178DN,B763,BOEING 767-300,0
landing,JFK,22L,1790974885.97,2026-10-02T21:01:25Z,40.639275,-73.759537,210.9,a07690,N129QS,GL5T,BOMBARDIER BD-700 Global 5000/5500,0
landing,LGA,22,1790974894.34,2026-10-02T21:01:34Z,40.775966,-73.878531,210.9,a385ee,N326PQ,CRJ9,BOMBARDIER Regional Jet CRJ-900,0
takeoff,JFK,22R,1790974975.04,2026-10-02T21:02:55Z,40.647145,-73.765968,208.1,aa6474,N769RF,CL30,BOMBARDIER BD-100 Challenger 300,8
landing,LGA,22,1790974975.44,2026-10-02T21:02:55Z,40.774212,-73.879837,202.5,a01f73,N107HQ,E75L,EMBRAER ERJ-170-200 (long wing),0
landing,JFK,22L,1790974975.71,2026-10-02T21:02:55Z,40.63489,-73.762956,210.9,a64578,N503DZ,A21N,AIRBUS A-321neo,0
landing,LGA,22,1790975039.91,2026-10-02T21:03:59Z,40.771963,-73.881777,213.8,abb222,N8527Q,B738,BOEING 737-800,0
takeoff,JFK,22R,1790975043.07,2026-10-02T21:04:03Z,40.647182,-73.76593,210.9,a36e56,N320AF,PC12,PILATUS PC-12,0
landing,JFK,22L,1790975075.72,2026-10-02T21:04:35Z,40.63631,-73.761848,216.6,a6152a,N491PX,CRJ9,BOMBARDIER Regional Jet CRJ-900,0
takeoff,LGA,13,1790975081.77,2026-10-02T21:04:41Z,40.776512,-73.868759,120.9,a385ee,N326PQ,CRJ9,BOMBARDIER Regional Jet CRJ-900,0
landing,LGA,22,1790975131.14,2026-10-02T21:05:31Z,40.776031,-73.878464,213.8,a11b00,N170US,A321,AIRBUS A-321,0
landing,JFK,22L,1790975166.98,2026-10-02T21:06:06Z,40.634878,-73.762987,209.6,7c8064,VH-ZNA,B789,BOEING 787-9 Dreamliner,0
takeoff,JFK,22R,1790975194.49,2026-10-02T21:06:34Z,40.646095,-73.766785,210.9,a78ffa,N587AS,B738,BOEING 737-800,0
landing,LGA,22,1790975218.41,2026-10-02T21:06:58Z,40.774279,-73.879889,213.8,a09961,N138EV,CRJ9,BOMBARDIER Regional Jet CRJ-900,0
landing,LGA,22,1790975297.16,2026-10-02T21:08:17Z,40.776222,-73.878313,210.9,a4a0d9,N398DN,A321,AIRBUS A-321,0
takeoff,LGA,31,1790975297.96,2026-10-02T21:08:17Z,40.772369,-73.857758,317.8,a0b7fd,N14523,A21N,AIRBUS A-321neo,0
takeoff,JFK,22R,1790975300.54,2026-10-02T21:08:20Z,40.647471,-73.765734,210.9,aafd1f,N807NW,A333,AIRBUS A-330-300,0
landing,JFK,22L,1790975315.78,2026-10-02T21:08:35Z,40.636219,-73.761932,210.9,a37842,N3221J,BCS3,,0
takeoff,JFK,22R,1790975361.3,2026-10-02T21:09:21Z,40.645889,-73.766953,210.9,4b1884,HB-JHK,A333,AIRBUS A-330-300,0
landing,LGA,22,1790975387.41,2026-10-02T21:09:47Z,40.775276,-73.879105,213.8,a445f8,N3747D,B738,BOEING 737-800,0
landing,JFK,22L,1790975401.88,2026-10-02T21:10:01Z,40.635498,-73.762497,210.9,a1b2ee,N2086J,A21N,AIRBUS A-321neo,0
takeoff,LGA,31,1790975438.61,2026-10-02T21:10:38Z,40.772254,-73.85751,298.1,acda41,N927XJ,CRJ9,BOMBARDIER Regional Jet CRJ-900,0
takeoff,JFK,22R,1790975465.39,2026-10-02T21:11:05Z,40.645981,-73.766889,210.9,a120fe,N172DZ,B763,BOEING 767-300,0
landing,JFK,22L,1790975495.27,2026-10-02T21:11:35Z,40.635727,-73.762329,208.1,ac71e7,N90024,A319,AIRBUS A-319,0
takeoff,JFK,22R,1790975533.14,2026-10-02T21:12:13Z,40.645969,-73.766891,208.1,a1094c,N166PQ,CRJ9,BOMBARDIER Regional Jet CRJ-900,0
landing,JFK,22L,1790975572.13,2026-10-02T21:12:52Z,40.63546,-73.762519,210.9,a2919a,N265AK,B739,BOEING 737-900,0
takeoff,JFK,22R,1790975596.63,2026-10-02T21:13:16Z,40.647273,-73.765874,210.9,a043ec,N116QS,GL5T,BOMBARDIER BD-700 Global 5000/5500,0
takeoff,LGA,31,1790975607.26,2026-10-02T21:13:27Z,40.772392,-73.857788,303.8,a46a7e,N384DN,A321,AIRBUS A-321,0
landing,LGA,22,1790975609.54,2026-10-02T21:13:29Z,40.776821,-73.877838,213.8,ab473a,N826AW,A319,AIRBUS A-319,0
takeoff,LGA,13,1790975609.67,2026-10-02T21:13:29Z,40.775082,-73.867357,123.8,a09961,N138EV,CRJ9,BOMBARDIER Regional Jet CRJ-900,0
takeoff,JFK,22R,1790975659.69,2026-10-02T21:14:19Z,40.646528,-73.766452,210.9,a00d5b,N102NN,A321,AIRBUS A-321,0
landing,JFK,22L,1790975675.54,2026-10-02T21:14:35Z,40.635832,-73.762223,210.9,acb679,N918XJ,CRJ9,BOMBARDIER Regional Jet CRJ-900,0
takeoff,LGA,31,1790975676.26,2026-10-02T21:14:36Z,40.772243,-73.857498,303.8,a336e3,N306PB,B738,BOEING 737-800,0
takeoff,LGA,31,1790975725.15,2026-10-02T21:15:25Z,40.772312,-73.85762,300.9,a49206,N394DX,A321,AIRBUS A-321,0
takeoff,JFK,22R,1790975733.57,2026-10-02T21:15:33Z,40.645469,-73.767279,210.9,a4d483,N410DZ,A339,AIRBUS A-330-900,0
landing,JFK,22L,1790975773.55,2026-10-02T21:16:13Z,40.634878,-73.762987,210.9,a63df3,N501DA,A21N,,0
landing,LGA,22,1790975785.52,2026-10-02T21:16:25Z,40.775276,-73.879074,213.8,abdb88,N863RW,E170,EMBRAER ERJ-170-100,0
landing,JFK,22L,1790975867.81,2026-10-02T21:17:47Z,40.637146,-73.7612,210.9,a9b06f,N723TW,B752,BOEING 757-200,0
takeoff,LGA,31,1790975872.82,2026-10-02T21:17:52Z,40.775436,-73.864258,303.8,c0797b,C-GUAC,BCS3,AIRBUS A220-300,8
takeoff,JFK,22R,1790975875.52,2026-10-02T21:17:55Z,40.646842,-73.766202,210.9,a78c8f,N586DT,A21N,,0
takeoff,JFK,22R,1790975932.86,2026-10-02T21:18:52Z,40.647017,-73.766077,210.9,a6cacb,N537DT,A21N,AIRBUS A-321neo,0
landing,JFK,22L,1790975956.64,2026-10-02T21:19:16Z,40.636333,-73.761841,210.9,40641d,G-VLUV,A333,AIRBUS A-330-300,0
takeoff,JFK,22R,1790975994.24,2026-10-02T21:19:54Z,40.646318,-73.766623,210.9,a7bfa0,N599JB,A320,AIRBUS A-320,0
landing,LGA,22,1790976002.96,2026-10-02T21:20:02Z,40.775163,-73.879171,210.9,a7de93,N606LR,CRJ9,BOMBARDIER Regional Jet CRJ-900,0
takeoff,LGA,31,1790976049.49,2026-10-02T21:20:49Z,40.772335,-73.857712,309.4,adc531,N987AM,A321,AIRBUS A-321,0
landing,LGA,22,1790976059.57,2026-10-02T21:20:59Z,40.776249,-73.878296,210.9,a0540a,N120DN,A321,AIRBUS A-321,0
takeoff,JFK,22R,1790976061.48,2026-10-02T21:21:01Z,40.646283,-73.766655,210.9,aa305f,N756AM,B772,BOEING 777-200,0
landing,JFK,22L,1790976110.84,2026-10-02T21:21:50Z,40.634482,-73.763284,210.9,a6f2b7,N547JB,A320,AIRBUS A-320,0
takeoff,JFK,22R,1790976117.1,2026-10-02T21:21:57Z,40.646004,-73.766857,210.9,ab5d52,N831NW,A333,AIRBUS A-330-300,0
landing,LGA,22,1790976143.32,2026-10-02T21:22:23Z,40.776211,-73.878313,213.8,ad41ed,N953XV,A21N,,0
takeoff,LGA,04,1790976150.15,2026-10-02T21:22:30Z,40.776083,-73.876643,67.5,a7de93,N606LR,CRJ9,BOMBARDIER Regional Jet CRJ-900,0
landing,JFK,22L,1790976183.53,2026-10-02T21:23:03Z,40.635944,-73.762146,210.9,ab678e,N834DN,B739,BOEING 737-900,0
takeoff,JFK,22R,1790976184.22,2026-10-02T21:23:04Z,40.646109,-73.766779,210.9,3451cd,EC-MNK,A332,AIRBUS A-330-200,0
landing,LGA,22,1790976216.69,2026-10-02T21:23:36Z,40.777405,-73.87735,213.8,a8913b,N651JB,A320,AIRBUS A-320,0
takeoff,LGA,31,1790976227.03,2026-10-02T21:23:47Z,40.772713,-73.858459,303.8,a24720,N246JQ,E75L,EMBRAER ERJ-170-200 (long wing),0
takeoff,LGA,31,1790976248.8,2026-10-02T21:24:08Z,40.772221,-73.857468,334.7,a21bea,N235JQ,E75L,EMBRAER ERJ-170-200 (long wing),0
landing,JFK,22L,1790976283.34,2026-10-02T21:24:43Z,40.636158,-73.761973,208.1,a2000d,N228PQ,CRJ9,BOMBARDIER Regional Jet CRJ-900,0
landing,LGA,22,1790976288.91,2026-10-02T21:24:48Z,40.775951,-73.87854,210.9,ac048d,N8735L,B38M,BOEING 737 MAX 8,0
takeoff,JFK,22R,1790976297.16,2026-10-02T21:24:57Z,40.64619,-73.766733,210.9,a17b16,N195DN,B763,BOEING 767-300,0
takeoff,LGA,13,1790976325.91,2026-10-02T21:25:25Z,40.775894,-73.867493,109.7,a37e80,N324PQ,CRJ9,BOMBARDIER Regional Jet CRJ-900,0
takeoff,JFK,22R,1790976352.78,2026-10-02T21:25:52Z,40.64756,-73.765656,210.9,3949e0,F-GSPA,B772,BOEING 777-200,0
takeoff,LGA,31,1790976357.46,2026-10-02T21:25:57Z,40.772196,-73.857401,306.6,a03816,N113HQ,E75L,EMBRAER ERJ-170-200 (long wing),0
landing,JFK,22L,1790976374.14,2026-10-02T21:26:14Z,40.633807,-73.76383,210.9,4c0221,YU-ARB,A332,AIRBUS A-330-200,0
landing,LGA,22,1790976385.8,2026-10-02T21:26:25Z,40.775768,-73.878693,213.8,a44c70,N3760C,B738,BOEING 737-800,0
takeoff,JFK,22R,1790976468.65,2026-10-02T21:27:48Z,40.646516,-73.766452,210.9,a4afbe,N4005X,A319,AIRBUS A-319,0
takeoff,LGA,31,1790976474.72,2026-10-02T21:27:54Z,40.772277,-73.857542,300.9,a320a6,N300PQ,CRJ9,BOMBARDIER Regional Jet CRJ-900,0
landing,LGA,22,1790976504.8,2026-10-02T21:28:24Z,40.776141,-73.878375,213.8,abd7d1,N862RW,E170,EMBRAER ERJ-170-100,0
landing,JFK,22L,1790976509.63,2026-10-02T21:28:29Z,40.636688,-73.761566,210.9,a5fc87,N485PX,CRJ9,BOMBARDIER Regional Jet CRJ-900,0
takeoff,JFK,22R,1790976518.29,2026-10-02T21:28:38Z,40.646633,-73.766374,210.9,acfe09,N936XJ,CRJ9,BOMBARDIER Regional Jet CRJ-900,0
landing,LGA,22,1790976577.17,2026-10-02T21:29:37Z,40.775012,-73.879311,213.8,a491f1,N394DA,B738,BOEING 737-800,0
landing,JFK,22L,1790976589.1,2026-10-02T21:29:49Z,40.633307,-73.764205,210.9,a3f91e,N355TW,B38M,,0
takeoff,LGA,31,1790976682.05,2026-10-02T21:31:22Z,40.772221,-73.857422,300.9,a09239,N136HQ,E75L,EMBRAER ERJ-170-200 (long wing),0
landing,JFK,22L,1790976698.7,2026-10-02T21:31:38Z,40.63631,-73.761848,213.8,a5e02d,N478PX,CRJ9,BOMBARDIER Regional Jet CRJ-900,0
landing,LGA,22,1790976704.5,2026-10-02T21:31:44Z,40.77491,-73.879395,210.9,a0232a,N108HQ,E75L,EMBRAER ERJ-170-200 (long wing),0
landing,JFK,22R,1790976748.6,2026-10-02T21:32:28Z,40.636519,-73.774286,213.8,a5748f,N45002,PA31,PIPER PA-31-300/310/325/350/425,0
takeoff,LGA,31,1790976755.81,2026-10-02T21:32:35Z,40.772242,-73.857463,303.8,abd41a,N861RW,E170,EMBRAER ERJ-170-100,0
landing,JFK,22L,1790976772.21,2026-10-02T21:32:52Z,40.636356,-73.76181,210.9,a8aef3,N659JB,A320,AIRBUS A-320,0
landing,LGA,22,1790976808.65,2026-10-02T21:33:28Z,40.774523,-73.879717,210.9,a23844,N242JQ,E75L,EMBRAER ERJ-170-200 (long wing),0
takeoff,JFK,22R,1790976841.16,2026-10-02T21:34:01Z,40.646244,-73.766678,210.9,a3cde4,N344TS,B38M,BOEING 737 MAX 8,0
landing,JFK,22L,1790976858.86,2026-10-02T21:34:18Z,40.634239,-73.763474,210.9,ac801e,N904XJ,CRJ9,BOMBARDIER Regional Jet CRJ-900,0
takeoff,LGA,31,1790976866.59,2026-10-02T21:34:26Z,40.772591,-73.858259,303.8,aab18c,N7887A,B737,BOEING 737-700,0
takeoff,JFK,22R,1790976902.71,2026-10-02T21:35:02Z,40.645992,-73.766861,210.9,a39925,N3307J,BCS3,AIRBUS A220-300,0
landing,JFK,22L,1790976928.96,2026-10-02T21:35:28Z,40.635933,-73.762131,210.9,ab6851,N834MH,B764,BOEING 767-400,0
takeoff,JFK,22R,1790976944.49,2026-10-02T21:35:44Z,40.649242,-73.764328,210.9,a4b64b,N402YX,E75L,EMBRAER ERJ-170-200 (long wing),0
landing,LGA,22,1790976994.45,2026-10-02T21:36:34Z,40.778812,-73.87619,213.8,a32ad5,N303DU,BCS3,AIRBUS A220-300,0
takeoff,JFK,22R,1790977022.04,2026-10-02T21:37:02Z,40.646358,-73.766586,210.9,a12c23,N175DZ,B763,BOEING 767-300,0
landing,JFK,22L,1790977045.64,2026-10-02T21:37:25Z,40.63694,-73.761383,210.9,a7ef16,N610DN,,,0
takeoff,LGA,31,1790977059.29,2026-10-02T21:37:39Z,40.772289,-73.85759,303.8,ac1951,N879RW,E170,EMBRAER ERJ-170-100,0
takeoff,JFK,22R,1790977121.17,2026-10-02T21:38:41Z,40.64903,-73.764485,210.9,a7ef5d,N610GJ,,,0
takeoff,LGA,31,1790977135.07,2026-10-02T21:38:55Z,40.772242,-73.857448,300.9,ab40ce,N824MD,E170,EMBRAER ERJ-170-100,0
landing,JFK,22L,1790977143.56,2026-10-02T21:39:03Z,40.637217,-73.76113,210.9,76cce2,9V-SGB,A359,AIRBUS A-350-900,0
landing,LGA,22,1790977153.5,2026-10-02T21:39:13Z,40.77592,-73.878593,210.9,ab8fee,N844NN,B738,BOEING 737-800,0
takeoff,JFK,22R,1790977185.2,2026-10-02T21:39:45Z,40.647156,-73.765984,210.9,4a91b2,SE-DMR,A21N,AIRBUS A-321neo,0
takeoff,JFK,22R,1790977244.05,2026-10-02T21:40:44Z,40.645924,-73.766891,210.9,ab048d,N809NW,A333,AIRBUS A-330-300,0
landing,JFK,22L,1790977293.91,2026-10-02T21:41:33Z,40.638765,-73.759929,210.9,adb04a,N981QS,C68A,,0
takeoff,JFK,22R,1790977322.92,2026-10-02T21:42:02Z,40.647068,-73.766037,210.9,8990ef,B-18777,B77L,BOEING 777-200LR,0
takeoff,LGA,31,1790977328.68,2026-10-02T21:42:08Z,40.772242,-73.857448,300.9,a26b80,N255QS,CL60,BOMBARDIER CL-600 Challenger,0
landing,JFK,22L,1790977366.27,2026-10-02T21:42:46Z,40.634913,-73.762972,210.9,a6492f,N504DZ,A21N,AIRBUS A-321neo,0
landing,JFK,22L,1790977456.55,2026-10-02T21:44:16Z,40.63695,-73.761364,210.9,a79046,N587DT,A21N,AIRBUS A-321neo,0
takeoff,JFK,22R,1790977480.99,2026-10-02T21:44:40Z,40.646318,-73.766608,210.9,a5d007,N474AS,B739,BOEING 737-900,0
takeoff,LGA,31,1790977489.4,2026-10-02T21:44:49Z,40.772289,-73.857557,303.8,a2b060,N27205,B738,BOEING 737-800,0
landing,LGA,22,1790977495.65,2026-10-02T21:44:55Z,40.776281,-73.87825,213.8,a43f51,N373DX,A321,AIRBUS A-321,0
landing,JFK,22L,1790977525.74,2026-10-02T21:45:25Z,40.634468,-73.76329,210.9,ac4d1a,N892DN,B739,BOEING 737-900,0
takeoff,JFK,22R,1790977545.05,2026-10-02T21:45:45Z,40.646411,-73.766545,205.3,a1584a,N186PQ,CRJ9,BOMBARDIER Regional Jet CRJ-900,0
takeoff,LGA,31,1790977591.36,2026-10-02T21:46:31Z,40.772498,-73.858025,300.9,c00a0d,C-FDUY,BCS3,,0
takeoff,JFK,22R,1790977608.43,2026-10-02T21:46:48Z,40.646004,-73.766861,210.9,a01fee,N107NN,A321,AIRBUS A-321,0
landing,JFK,22L,1790977620.28,2026-10-02T21:47:00Z,40.636745,-73.76149,210.9,a6aaba,N529DT,A21N,AIRBUS A-321neo,0
takeoff,LGA,31,1790977627.43,2026-10-02T21:47:07Z,40.772196,-73.857385,303.8,a4e8ef,N415YX,E75L,EMBRAER ERJ-170-200 (long wing),0
takeoff,JFK,22R,1790977668.81,2026-10-02T21:47:48Z,40.645844,-73.766998,210.9,a38af8,N3272J,BCS3,AIRBUS A220-300,0
landing,JFK,22L,1790977694.88,2026-10-02T21:48:14Z,40.636763,-73.761505,210.9,ab649a,N833MH,B764,BOEING 767-400,0
takeoff,JFK,22R,1790977721.62,2026-10-02T21:48:41Z,40.64661,-73.766388,210.9,a8712a,N643JB,A320,AIRBUS A-320,0
takeoff,LGA,31,1790977763.56,2026-10-02T21:49:23Z,40.772207,-73.857401,309.4,abdf3f,N864RW,E170,EMBRAER ERJ-170-100,0
takeoff,JFK,22R,1790977774.73,2026-10-02T21:49:34Z,40.647057,-73.766052,210.9,a797b4,N589DT,A21N,AIRBUS A-321neo,0
landing,JFK,22L,1790977814.35,2026-10-02T21:50:14Z,40.632434,-73.764907,210.9,ac5833,N895DA,GLF5,,0
takeoff,LGA,13,1790977823.74,2026-10-02T21:50:23Z,40.772118,-73.859573,120.9,a8a490,N656RW,E170,EMBRAER ERJ-170-100,0
landing,LGA,22,1790977863.53,2026-10-02T21:51:03Z,40.776467,-73.878125,210.9,aafc36,N807DN,B739,BOEING 737-900,0
landing,JFK,22L,1790977873.77,2026-10-02T21:51:13Z,40.636528,-73.761673,212.4,34558f,EC-MTI,B789,BOEING 787-9 Dreamliner,0
takeoff,JFK,22R,1790977880.19,2026-10-02T21:51:20Z,40.646507,-73.766479,210.9,ac058a,N874DN,B739,BOEING 737-900,0
takeoff,JFK,22R,1790977956.1,2026-10-02T21:52:36Z,40.647228,-73.765915,210.9,c063eb,C-GLVU,B38M,BOEING 737 MAX 8,0
landing,LGA,22,1790977964.46,2026-10-02T21:52:44Z,40.77443,-73.879748,205.3,a23bfb,N243JQ,E75L,EMBRAER ERJ-170-200 (long wing),0
takeoff,JFK,22R,1790978011.16,2026-10-02T21:53:31Z,40.646377,-73.766577,210.9,ad9ac9,N976JT,A321,AIRBUS A-321,0
landing,JFK,22L,1790978013.61,2026-10-02T21:53:33Z,40.632876,-73.764548,210.9,a37eb0,N324RN,B38M,BOEING 737 MAX 8,0
landing,LGA,22,1790978052.16,2026-10-02T21:54:12Z,40.776548,-73.878047,213.8,a08a85,N134EV,CRJ9,BOMBARDIER Regional Jet CRJ-900,0
takeoff,LGA,31,1790978055.42,2026-10-02T21:54:15Z,40.772335,-73.857651,300.9,ac65bb,N8982S,B38M,BOEING 737 MAX 8,0
takeoff,JFK,22R,1790978072.87,2026-10-02T21:54:32Z,40.64633,-73.766623,210.9,a8b8ba,N661JB,A320,AIRBUS A-320,0
landing,JFK,22L,1790978101.18,2026-10-02T21:55:01Z,40.636217,-73.761926,210.9,a7456c,N568JB,A320,AIRBUS A-320,0
takeoff,JFK,22R,1790978129.83,2026-10-02T21:55:29Z,40.645844,-73.766998,210.9,3c6718,D-AIXX,A359,AIRBUS A-350-900,0
landing,LGA,22,1790978179.3,2026-10-02T21:56:19Z,40.777887,-73.876924,213.8,c012ed,C-FHEI,AS50,AEROSPATIALE AS-350 Ecureuil,0
landing,JFK,22L,1790978180.81,2026-10-02T21:56:20Z,40.635483,-73.762488,210.9,a44943,N3754A,B738,BOEING 737-800,0
takeoff,LGA,31,1790978182.75,2026-10-02T21:56:22Z,40.772484,-73.858002,300.9,a35d79,N316DU,BCS3,AIRBUS A220-300,0
takeoff,LGA,13,1790978230.72,2026-10-02T21:57:10Z,40.775128,-73.86742,129.4,a08a85,N134EV,CRJ9,BOMBARDIER Regional Jet CRJ-900,0
takeoff,LGA,31,1790978258.77,2026-10-02T21:57:38Z,40.772219,-73.857401,303.8,ab1d06,N815MD,E170,EMBRAER ERJ-170-100,0
landing,JFK,22L,1790978266.47,2026-10-02T21:57:46Z,40.633807,-73.763799,210.9,acd4d7,N926DZ,B739,BOEING 737-900,0
landing,LGA,22,1790978285.88,2026-10-02T21:58:05Z,40.775322,-73.879028,213.8,ac1f61,N880RW,E170,EMBRAER ERJ-170-100,0
takeoff,LGA,22,1790978285.88,2026-10-02T21:58:05Z,40.775322,-73.879028,213.8,ac1f61,N880RW,E170,EMBRAER ERJ-170-100,0
landing,LGA,22,1790978297.25,2026-10-02T21:58:17Z,40.773502,-73.879944,182.8,ac1f61,N880RW,E170,EMBRAER ERJ-170-100,0
takeoff,JFK,22R,1790978304.78,2026-10-02T21:58:24Z,40.646324,-73.766617,210.9,a38367,N3251J,BCS3,,0
landing,LGA,22,1790978326.65,2026-10-02T21:58:46Z,40.775617,-73.878812,213.8,a486cc,N391DA,B738,BOEING 737-800,0
landing,JFK,22L,1790978337.85,2026-10-02T21:58:57Z,40.635192,-73.762769,210.9,ad8bed,N972JT,A321,AIRBUS A-321,0
takeoff,JFK,22R,1790978360.65,2026-10-02T21:59:20Z,40.649323,-73.764252,210.9,a210c5,N232JQ,E75L,EMBRAER ERJ-170-200 (long wing),0
landing,JFK,22L,1790978428.62,2026-10-02T22:00:28Z,40.635292,-73.762665,210.9,a4491f,N3753,B738,BOEING 737-800,0
landing,LGA,22,1790978429.9,2026-10-02T22:00:29Z,40.774849,-73.879421,213.8,a51b93,N428YX,E75L,EMBRAER ERJ-170-200 (long wing),0
takeoff,JFK,22R,1790978431.87,2026-10-02T22:00:31Z,40.648098,-73.765228,210.9,ac259b,N882DN,B739,BOEING 737-900,0
takeoff,LGA,31,1790978458.57,2026-10-02T22:00:58Z,40.772346,-73.857651,306.6,aa4c1a,N76254,B738,BOEING 737-800,0
takeoff,JFK,22R,1790978498.79,2026-10-02T22:01:38Z,40.645992,-73.766857,210.9,a05614,N1200K,B763,BOEING 767-300,0
landing,LGA,22,1790978507.4,2026-10-02T22:01:47Z,40.775245,-73.879108,213.8,ace96d,N931AN,B738,BOEING 737-800,0
landing,JFK,22L,1790978532.27,2026-10-02T22:02:12Z,40.636414,-73.761786,210.9,347659,EC-OFM,A359,AIRBUS A-350-900,0
takeoff,LGA,31,1790978554.75,2026-10-02T22:02:34Z,40.772278,-73.857529,303.8,ac0048,N8721J,B38M,BOEING 737 MAX 8,0
landing,LGA,22,1790978573.43,2026-10-02T22:02:53Z,40.776048,-73.878437,213.8,a2b0cd,N27239,B738,BOEING 737-800,0
takeoff,JFK,22R,1790978635.79,2026-10-02T22:03:55Z,40.646027,-73.766842,210.9,a262ad,N253AK,B739,BOEING 737-900,0
landing,LGA,22,1790978669.46,2026-10-02T22:04:29Z,40.774853,-73.879425,210.9,a19691,N201JQ,E75L,EMBRAER ERJ-170-200 (long wing),0
landing,JFK,22L,1790978675.63,2026-10-02T22:04:35Z,40.635979,-73.762146,210.9,a7fdf2,N614DN,,,0
takeoff,JFK,22R,1790978689.97,2026-10-02T22:04:49Z,40.646598,-73.766405,210.9,a6ce7d,N538DN,A21N,AIRBUS A-321neo,0
takeoff,LGA,31,1790978737.38,2026-10-02T22:05:37Z,40.772346,-73.857697,303.8,a43b91,N372DN,A321,AIRBUS A-321,0
landing,LGA,22,1790978749.41,2026-10-02T22:05:49Z,40.777908,-73.876938,213.8,a3bdac,N340DU,BCS3,AIRBUS A220-300,0
landing,JFK,22L,1790978756.52,2026-10-02T22:05:56Z,40.636705,-73.761552,210.9,4005bc,G-VIID,B772,BOEING 777-200,0
takeoff,JFK,22R,1790978758.98,2026-10-02T22:05:58Z,40.645042,-73.767624,210.9,4cae80,EI-TYA,A339,AIRBUS A-330-900,0
takeoff,JFK,22R,1790978830.97,2026-10-02T22:07:10Z,40.646563,-73.766421,210.9,aad213,N797AN,B772,BOEING 777-200,0
landing,LGA,22,1790978834.91,2026-10-02T22:07:14Z,40.77514,-73.879202,213.8,a8847f,N648RW,E170,EMBRAER ERJ-170-100,0
landing,JFK,22L,1790978893.16,2026-10-02T22:08:13Z,40.635155,-73.762756,210.9,ad3581,N950JT,A321,AIRBUS A-321,0
landing,LGA,22,1790978895.48,2026-10-02T22:08:15Z,40.775908,-73.878562,213.8,ab1890,N814DN,B739,BOEING 737-900,0
takeoff,LGA,31,1790978932.82,2026-10-02T22:08:52Z,40.772266,-73.857498,300.9,a33716,N306RC,B38M,BOEING 737 MAX 8,0
takeoff,JFK,22R,1790978963.59,2026-10-02T22:09:23Z,40.647491,-73.765686,210.9,394a08,F-GSQI,B77W,BOEING 777-300ER,0
landing,JFK,22L,1790978964.64,2026-10-02T22:09:24Z,40.636391,-73.761795,210.9,a337b9,N306XR,,,0
landing,LGA,22,1790978975.71,2026-10-02T22:09:35Z,40.773766,-73.880325,213.8,a37ec4,N324SH,B38M,BOEING 737 MAX 8,0
takeoff,JFK,22R,1790979043.46,2026-10-02T22:10:43Z,40.64647,-73.766514,210.9,ab5365,N829MH,B764,BOEING 767-400,0
landing,JFK,22L,1790979055.91,2026-10-02T22:10:55Z,40.634983,-73.762909,210.9,a37efc,N324UP,B763,BOEING 767-300,0
landing,LGA,22,1790979057.74,2026-10-02T22:10:57Z,40.778259,-73.876627,213.8,aca3e6,N913XJ,CRJ9,BOMBARDIER Regional Jet CRJ-900,0
takeoff,JFK,22R,1790979109.27,2026-10-02T22:11:49Z,40.646621,-73.766389,210.9,a3f120,N353NB,A319,AIRBUS A-319,0
landing,LGA,22,1790979149.26,2026-10-02T22:12:29Z,40.775253,-73.879105,213.8,a01bbc,N106HQ,E75L,EMBRAER ERJ-170-200 (long wing),0
takeoff,JFK,22R,1790979170.38,2026-10-02T22:12:50Z,40.646336,-73.766602,210.9,ad9e73,N977JE,A321,AIRBUS A-321,0
landing,JFK,22L,1790979171.69,2026-10-02T22:12:51Z,40.639661,-73.759226,210.9,a3fffc,N357NB,A319,AIRBUS A-319,0
takeoff,LGA,31,1790979211.36,2026-10-02T22:13:31Z,40.772242,-73.857542,306.6,ac2082,N8802Q,B38M,BOEING 737 MAX 8,0
landing,LGA,22,1790979212.18,2026-10-02T22:13:32Z,40.774303,-73.879898,213.8,ab64b8,N833NN,B738,BOEING 737-800,0
takeoff,JFK,22R,1790979244.25,2026-10-02T22:14:04Z,40.648441,-73.764954,213.8,a5748f,N45002,PA31,PIPER PA-31-300/310/325/350/425,0
landing,JFK,22L,1790979249.82,2026-10-02T22:14:09Z,40.635509,-73.762466,213.8,ac8efa,N908XJ,CRJ9,BOMBARDIER Regional Jet CRJ-900,0
takeoff,LGA,31,1790979279.58,2026-10-02T22:14:39Z,40.77237,-73.85776,303.8,a46e40,N385DZ,A321,AIRBUS A-321,0
landing,LGA,22,1790979283.37,2026-10-02T22:14:43Z,40.776211,-73.878328,210.9,a0ba4e,N146PQ,CRJ9,BOMBARDIER Regional Jet CRJ-900,0
landing,JFK,22L,1790979328.79,2026-10-02T22:15:28Z,40.638233,-73.760361,210.9,a1c616,N213QS,,,0
takeoff,LGA,13,1790979335.48,2026-10-02T22:15:35Z,40.772003,-73.859314,123.8,a05827,N121HQ,E75L,EMBRAER ERJ-170-200 (long wing),0
takeoff,LGA,31,1790979337.93,2026-10-02T22:15:37Z,40.772254,-73.857495,303.8,c061a2,,,,
landing,LGA,22,1790979369.42,2026-10-02T22:16:09Z,40.778778,-73.876221,213.8,a44334,N374FR,A20N,AIRBUS A-320neo,0
landing,JFK,22L,1790979401.89,2026-10-02T22:16:41Z,40.636185,-73.761963,210.9,a37517,N3215J,BCS3,AIRBUS A220-300,0
takeoff,JFK,22R,1790979456.42,2026-10-02T22:17:36Z,40.645911,-73.766936,210.9,a392f2,N3296J,BCS3,AIRBUS A220-300,0
landing,LGA,22,1790979468.26,2026-10-02T22:17:48Z,40.776781,-73.877844,213.8,abf78f,N870NN,B738,BOEING 737-800,0
landing,JFK,22L,1790979481.96,2026-10-02T22:18:01Z,40.634216,-73.763474,210.9,4bb14b,TC-LJK,B77W,BOEING 777-300ER,0
takeoff,JFK,22R,1790979503.44,2026-10-02T22:18:23Z,40.649277,-73.764282,210.9,a1ba59,N210JQ,E75L,EMBRAER ERJ-170-200 (long wing),0
landing,LGA,22,1790979542.62,2026-10-02T22:19:02Z,40.777107,-73.877579,213.8,a3962d,N330DU,BCS3,,0
landing,JFK,22L,1790979561.2,2026-10-02T22:19:21Z,40.635437,-73.76255,210.9,781fc4,B-223S,B77L,BOEING 777-200LR,0
landing,JFK,22R,1790979625.07,2026-10-02T22:20:25Z,40.634594,-73.775803,210.9,a3845c,N3258J,BCS3,,0
takeoff,LGA,31,1790979626.29,2026-10-02T22:20:26Z,40.772347,-73.857698,303.8,a445d9,N3746H,B738,BOEING 737-800,0
landing,LGA,22,1790979631.8,2026-10-02T22:20:31Z,40.774872,-73.879452,213.8,a0634c,N124HQ,E75L,EMBRAER ERJ-170-200 (long wing),0
takeoff,LGA,31,1790979707.2,2026-10-02T22:21:47Z,40.772335,-73.857666,306.6,a8c759,N665FR,A21N,AIRBUS A-321neo,0
takeoff,JFK,22R,1790979722.52,2026-10-02T22:22:02Z,40.646551,-73.766421,210.9,a36a19,N319UY,B38M,BOEING 737 MAX 8,0
landing,JFK,22L,1790979730.01,2026-10-02T22:22:10Z,40.633749,-73.763955,219.4,a08e82,N135HQ,E75L,EMBRAER ERJ-170-200 (long wing),0
landing,JFK,22L,1790979733.09,2026-10-02T22:22:13Z,40.633377,-73.764392,227.8,a08e82,N135HQ,E75L,EMBRAER ERJ-170-200 (long wing),0
landing,JFK,22L,1790979735.36,2026-10-02T22:22:15Z,40.633167,-73.764704,230.6,a08e82,N135HQ,E75L,EMBRAER ERJ-170-200 (long wing),0
landing,LGA,22,1790979788.65,2026-10-02T22:23:08Z,40.777519,-73.877258,213.8,a3534a,N313PQ,CRJ9,BOMBARDIER Regional Jet CRJ-900,0
takeoff,JFK,22R,1790979790.64,2026-10-02T22:23:10Z,40.645798,-73.767029,210.9,4ca614,EI-FNG,A333,AIRBUS A-330-300,0
landing,JFK,22L,1790979797.84,2026-10-02T22:23:17Z,40.635053,-73.762847,212.4,02013e,CN-RGZ,B789,BOEING 787-9 Dreamliner,0
landing,JFK,22L,1790979798.49,2026-10-02T22:23:18Z,40.634823,-73.763031,212.4,02013e,CN-RGZ,B789,BOEING 787-9 Dreamliner,0
landing,JFK,22L,1790979897.77,2026-10-02T22:24:57Z,40.635111,-73.7628,210.9,8418b4,JA06WJ,A35K,AIRBUS A-350-1000,0
landing,JFK,22L,1790979898.05,2026-10-02T22:24:58Z,40.635041,-73.762862,210.9,8418b4,JA06WJ,A35K,AIRBUS A-350-1000,0
takeoff,JFK,22R,1790979901.99,2026-10-02T22:25:01Z,40.647226,-73.765937,210.9,a80560,N616DN,,,0
landing,LGA,22,1790979909.96,2026-10-02T22:25:09Z,40.777491,-73.877283,210.9,a0669d,N125DN,A321,AIRBUS A-321,0
takeoff,JFK,22R,1790979967.62,2026-10-02T22:26:07Z,40.646237,-73.766655,213.8,ac71e7,N90024,A319,AIRBUS A-319,0
landing,JFK,22L,1790980029.97,2026-10-02T22:27:09Z,40.634541,-73.763206,213.8,a69463,N523DE,A21N,,0
takeoff,JFK,22R,1790980047.23,2026-10-02T22:27:27Z,40.644917,-73.7677,213.8,a01037,N103DU,BCS1,AIRBUS A220-100,0
takeoff,LGA,13,1790980065.59,2026-10-02T22:27:45Z,40.775288,-73.866196,120.9,aa7e7b,N77537,B738,BOEING 737-800,0
takeoff,LGA,31,1790980094.6,2026-10-02T22:28:14Z,40.772359,-73.857729,300.9,ad3d4e,N952NN,B738,BOEING 737-800,0
landing,JFK,22L,1790980110.77,2026-10-02T22:28:30Z,40.633163,-73.764343,210.9,ad7701,N967JT,A321,AIRBUS A-321,0
landing,LGA,04,1790980146.56,2026-10-02T22:29:06Z,40.773709,-73.87889,28.1,a34bdc,N311PQ,CRJ9,BOMBARDIER Regional Jet CRJ-900,0
landing,JFK,22L,1790980199.3,2026-10-02T22:29:59Z,40.634645,-73.763175,210.9,ad1927,N943JT,A321,AIRBUS A-321,0
landing,JFK,22L,1790980273.11,2026-10-02T22:31:13Z,40.633866,-73.763768,210.9,3965a3,F-GZND,B77W,BOEING 777-300ER,0
takeoff,JFK,22R,1790980274.42,2026-10-02T22:31:14Z,40.645876,-73.766967,213.8,ada5ee,N979JT,A321,AIRBUS A-321,0
landing,LGA,22,1790980336.8,2026-10-02T22:32:16Z,40.771404,-73.882292,210.9,ab282b,N818MD,E170,EMBRAER ERJ-170-100,0
takeoff,LGA,31,1790980337.89,2026-10-02T22:32:17Z,40.772475,-73.857947,300.9,a12798,N17363,B38M,BOEING 737 MAX 8,0
landing,JFK,22L,1790980346.99,2026-10-02T22:32:26Z,40.630176,-73.766639,210.9,71be16,HL7616,B744,BOEING 747-400,0
takeoff,JFK,22R,1790980401.73,2026-10-02T22:33:21Z,40.645626,-73.767166,210.9,a9b62c,N725AN,B77W,BOEING 777-300ER,0
takeoff,LGA,31,1790980410.12,2026-10-02T22:33:30Z,40.772198,-73.857391,323.4,abe2f6,N865RW,E170,EMBRAER ERJ-170-100,0
takeoff,LGA,13,1790980431.12,2026-10-02T22:33:51Z,40.772118,-73.859558,123.8,a01f73,N107HQ,E75L,EMBRAER ERJ-170-200 (long wing),0
landing,JFK,22L,1790980439.82,2026-10-02T22:33:59Z,40.631585,-73.765562,210.9,781ebc,B-222W,B77L,BOEING 777-200LR,0
landing,LGA,22,1790980441.14,2026-10-02T22:34:01Z,40.774826,-73.879452,210.9,a1f46b,N225JQ,E75L,EMBRAER ERJ-170-200 (long wing),0
takeoff,JFK,22R,1790980530.16,2026-10-02T22:35:30Z,40.645454,-73.767288,210.9,ab80f4,N840MH,B764,BOEING 767-400,0
landing,LGA,22,1790980560.5,2026-10-02T22:36:00Z,40.771408,-73.882309,210.9,a1ecfd,N223JQ,E75L,EMBRAER ERJ-170-200 (long wing),0
landing,JFK,22L,1790980582.5,2026-10-02T22:36:22Z,40.635727,-73.762329,210.9,acab54,N915XJ,CRJ9,BOMBARDIER Regional Jet CRJ-900,0
takeoff,LGA,31,1790980587.89,2026-10-02T22:36:27Z,40.772324,-73.857635,303.8,c07d20,C-GVJZ,DH8D,DE HAVILLAND DHC-8-400 Dash 8,0
takeoff,JFK,22R,1790980590.48,2026-10-02T22:36:30Z,40.646976,-73.766098,213.8,a6f2b7,N547JB,A320,AIRBUS A-320,0
takeoff,JFK,22R,1790980647.69,2026-10-02T22:37:27Z,40.645736,-73.767076,210.9,adbe91,N985JT,A321,AIRBUS A-321,0
landing,JFK,22L,1790980672.66,2026-10-02T22:37:52Z,40.635612,-73.762421,216.6,a61173,N490PX,CRJ9,BOMBARDIER Regional Jet CRJ-900,0
takeoff,JFK,22R,1790980703.74,2026-10-02T22:38:23Z,40.646621,-73.766389,210.9,acc040,N920XJ,CRJ9,BOMBARDIER Regional Jet CRJ-900,0
takeoff,JFK,22R,1790980755.08,2026-10-02T22:39:15Z,40.645809,-73.767014,213.8,a6152a,N491PX,CRJ9,BOMBARDIER Regional Jet CRJ-900,0
landing,JFK,22L,1790980755.54,2026-10-02T22:39:15Z,40.63674,-73.76152,210.9,a1a0a1,N2038J,A21N,AIRBUS A-321neo,0
takeoff,JFK,22R,1790980811.93,2026-10-02T22:40:11Z,40.645283,-73.767419,210.9,acb679,N918XJ,CRJ9,BOMBARDIER Regional Jet CRJ-900,0
takeoff,LGA,31,1790980814.62,2026-10-02T22:40:14Z,40.772312,-73.857635,303.8,a44533,N3741S,B738,BOEING 737-800,0
landing,JFK,22L,1790980849.48,2026-10-02T22:40:49Z,40.634674,-73.763153,210.9,ac83d5,N905XJ,CRJ9,BOMBARDIER Regional Jet CRJ-900,0
takeoff,LGA,31,1790980866.58,2026-10-02T22:41:06Z,40.772277,-73.857542,303.8,a23844,N242JQ,E75L,EMBRAER ERJ-170-200 (long wing),0
takeoff,JFK,22R,1790980882.64,2026-10-02T22:41:22Z,40.646086,-73.766795,210.9,a1b2a8,N2084J,A21N,AIRBUS A-321neo,0
landing,JFK,22L,1790980928.86,2026-10-02T22:42:08Z,40.633866,-73.763752,210.9,ad5329,N958JB,A321,AIRBUS A-321,0
takeoff,JFK,22R,1790980943.44,2026-10-02T22:42:23Z,40.644642,-73.767899,212.4,40742e,G-CKOF,B789,BOEING 787-9 Dreamliner,0
takeoff,LGA,31,1790980987.47,2026-10-02T22:43:07Z,40.772255,-73.857498,303.8,abd7d1,N862RW,E170,EMBRAER ERJ-170-100,0
landing,LGA,22,1790981004.35,2026-10-02T22:43:24Z,40.775524,-73.87889,213.8,a1fbd9,N227JQ,E75L,EMBRAER ERJ-170-200 (long wing),0
landing,JFK,22L,1790981046.28,2026-10-02T22:44:06Z,40.632388,-73.764938,210.9,4cadca,EI-HJS,A339,AIRBUS A-330-900,0
takeoff,LGA,31,1790981067.04,2026-10-02T22:44:27Z,40.772254,-73.857495,303.8,ab473a,N826AW,A319,AIRBUS A-319,0
takeoff,JFK,22R,1790981106.4,2026-10-02T22:45:06Z,40.645632,-73.767154,210.9,a01880,N105NN,A321,AIRBUS A-321,0
takeoff,LGA,31,1790981122.85,2026-10-02T22:45:22Z,40.772289,-73.857529,317.8,a11b00,N170US,A321,AIRBUS A-321,0
takeoff,JFK,22R,1790981177.98,2026-10-02T22:46:17Z,40.644759,-73.767841,210.9,aaee43,N803NW,A333,AIRBUS A-330-300,0
landing,JFK,22L,1790981183.55,2026-10-02T22:46:23Z,40.634789,-73.763062,210.9,a35854,N3142J,BCS3,AIRBUS A220-300,0
landing,LGA,22,1790981236.89,2026-10-02T22:47:16Z,40.771397,-73.882309,210.9,a8996b,N653RW,E170,EMBRAER ERJ-170-100,0
landing,JFK,22L,1790981276.53,2026-10-02T22:47:56Z,40.634411,-73.763336,210.9,a349be,N3104J,BCS3,AIRBUS A220-300,0
takeoff,LGA,31,1790981305.44,2026-10-02T22:48:25Z,40.772312,-73.857635,303.8,abb222,N8527Q,B738,BOEING 737-800,0
landing,LGA,22,1790981306.36,2026-10-02T22:48:26Z,40.777223,-73.877501,213.8,a037b9,N113DX,A321,AIRBUS A-321,0
takeoff,JFK,22R,1790981314.22,2026-10-02T22:48:34Z,40.645283,-73.767426,210.9,ad4804,N955JB,A321,AIRBUS A-321,0
landing,JFK,22L,1790981365.31,2026-10-02T22:49:25Z,40.635029,-73.762848,210.9,896457,A6-EUB,A388,AIRBUS A-380-800,0
takeoff,LGA,31,1790981371.7,2026-10-02T22:49:31Z,40.772243,-73.857483,303.8,a23fb2,N244JQ,E75L,EMBRAER ERJ-170-200 (long wing),0
takeoff,JFK,22R,1790981377.81,2026-10-02T22:49:37Z,40.645341,-73.767372,210.9,3965b1,F-GZNR,B77W,BOEING 777-300ER,0
takeoff,LGA,31,1790981427.04,2026-10-02T22:50:27Z,40.772312,-73.857542,317.8,a4a0d9,N398DN,A321,AIRBUS A-321,0
landing,LGA,22,1790981462.19,2026-10-02T22:51:02Z,40.777293,-73.877423,210.9,a33339,N305PQ,CRJ9,BOMBARDIER Regional Jet CRJ-900,0
takeoff,JFK,22R,1790981497.37,2026-10-02T22:51:37Z,40.645958,-73.766891,210.9,ad6ec6,N965AN,B738,BOEING 737-800,0
landing,JFK,22L,1790981540.16,2026-10-02T22:52:20Z,40.633819,-73.763814,210.9,ab0416,N809JB,A320,AIRBUS A-320,0
landing,LGA,22,1790981561.59,2026-10-02T22:52:41Z,40.771928,-73.881855,213.8,a4b294,N401YX,E75L,EMBRAER ERJ-170-200 (long wing),0
takeoff,JFK,22R,1790981610.65,2026-10-02T22:53:30Z,40.645386,-73.767349,210.9,0d0acd,XA-MAK,B38M,BOEING 737 MAX 8,0
takeoff,LGA,31,1790981641.54,2026-10-02T22:54:01Z,40.772278,-73.857574,303.8,a445f8,N3747D,B738,BOEING 737-800,0
landing,JFK,22L,1790981641.87,2026-10-02T22:54:01Z,40.632062,-73.765188,213.8,a1c1c7,N212JQ,E75L,EMBRAER ERJ-170-200 (long wing),0
takeoff,JFK,22R,1790981688.68,2026-10-02T22:54:48Z,40.645911,-73.766951,210.9,a64578,N503DZ,A21N,AIRBUS A-321neo,0
landing,LGA,22,1790981688.89,2026-10-02T22:54:48Z,40.775245,-73.879093,213.8,a89d22,N654RW,E170,EMBRAER ERJ-170-100,0
takeoff,LGA,31,1790981713.49,2026-10-02T22:55:13Z,40.772265,-73.857495,320.6,ac048d,N8735L,B38M,BOEING 737 MAX 8,0
landing,JFK,22L,1790981716.11,2026-10-02T22:55:16Z,40.635921,-73.762161,210.9,a28a2c,N263AK,B739,BOEING 737-900,0
takeoff,JFK,22R,1790981777.66,2026-10-02T22:56:17Z,40.644951,-73.767685,210.9,a12fda,N176DZ,B763,BOEING 767-300,0
landing,LGA,22,1790981804.32,2026-10-02T22:56:44Z,40.775162,-73.879166,213.8,abd063,N860RW,E170,EMBRAER ERJ-170-100,0
landing,JFK,22L,1790981811.33,2026-10-02T22:56:51Z,40.634832,-73.763019,210.9,a70f11,N554JB,A320,AIRBUS A-320,0
takeoff,LGA,31,1790981837.91,2026-10-02T22:57:17Z,40.772289,-73.857544,312.2,a8913b,N651JB,A320,AIRBUS A-320,0
landing,LGA,22,1790981882.91,2026-10-02T22:58:02Z,40.776071,-73.878422,213.8,ac3b51,N8878L,B38M,BOEING 737 MAX 8,0
landing,JFK,22L,1790981894.33,2026-10-02T22:58:14Z,40.63489,-73.762987,210.9,407698,G-VJAM,A35K,AIRBUS A-350-1000,0
takeoff,JFK,22R,1790981919.18,2026-10-02T22:58:39Z,40.646267,-73.766647,210.9,781d8d,B-221W,B77L,BOEING 777-200LR,0
takeoff,LGA,31,1790981947.73,2026-10-02T22:59:07Z,40.772289,-73.857559,303.8,a44c70,N3760C,B738,BOEING 737-800,0
landing,JFK,22L,1790982028.29,2026-10-02T23:00:28Z,40.635844,-73.762223,210.9,a1ddbb,N2193J,A21N,AIRBUS A-321neo,0
takeoff,JFK,22R,1790982035.99,2026-10-02T23:00:35Z,40.644887,-73.767731,208.1,a2000d,N228PQ,CRJ9,BOMBARDIER Regional Jet CRJ-900,0
landing,LGA,22,1790982041.72,2026-10-02T23:00:41Z,40.77194,-73.881839,213.8,a4c170,N405YX,E75L,EMBRAER ERJ-170-200 (long wing),0
takeoff,JFK,22R,1790982080.03,2026-10-02T23:01:20Z,40.648378,-73.765,210.9,ac5833,N895DA,GLF5,,0
takeoff,LGA,31,1790982081.61,2026-10-02T23:01:21Z,40.772254,-73.857479,300.9,a51b93,N428YX,E75L,EMBRAER ERJ-170-200 (long wing),0
landing,LGA,22,1790982107.72,2026-10-02T23:01:47Z,40.775871,-73.878586,210.9,c060c4,C-GKQT,E295,EMBRAER ERJ-190-400,0
landing,JFK,22L,1790982119.52,2026-10-02T23:01:59Z,40.63401,-73.763641,210.9,a0428a,N116AN,A321,AIRBUS A-321,0
takeoff,JFK,22R,1790982154.8,2026-10-02T23:02:34Z,40.644367,-73.768143,213.8,a37842,N3221J,BCS3,,0
takeoff,LGA,31,1790982179.4,2026-10-02T23:02:59Z,40.772266,-73.857513,306.6,a23bfb,N243JQ,E75L,EMBRAER ERJ-170-200 (long wing),0
landing,LGA,22,1790982191.92,2026-10-02T23:03:11Z,40.778364,-73.876549,210.9,aa73b9,N77261,B738,BOEING 737-800,0
landing,JFK,22L,1790982203.51,2026-10-02T23:03:23Z,40.635553,-73.762472,210.9,a124b5,N173DZ,B763,BOEING 767-300,0
takeoff,JFK,22R,1790982212.85,2026-10-02T23:03:32Z,40.645201,-73.767482,210.9,adc238,N986JB,A321,AIRBUS A-321,0
takeoff,JFK,22R,1790982288.27,2026-10-02T23:04:48Z,40.64505,-73.767607,210.9,400683,G-VIIK,B772,BOEING 777-200,0
takeoff,LGA,31,1790982293.19,2026-10-02T23:04:53Z,40.772324,-73.857666,303.8,a491f1,N394DA,B738,BOEING 737-800,0
landing,LGA,22,1790982294.25,2026-10-02T23:04:54Z,40.774872,-73.879405,213.8,a43423,N370DN,A321,AIRBUS A-321,0
landing,JFK,22L,1790982295.65,2026-10-02T23:04:55Z,40.632504,-73.764844,210.9,ad35e0,N950NN,B738,BOEING 737-800,0
landing,JFK,22L,1790982383.35,2026-10-02T23:06:23Z,40.635738,-73.762314,210.9,a7167f,N556JB,A320,AIRBUS A-320,0
landing,LGA,22,1790982404.15,2026-10-02T23:06:44Z,40.771877,-73.881882,213.8,a4d65c,N410YX,E75L,EMBRAER ERJ-170-200 (long wing),0
takeoff,LGA,31,1790982449.9,2026-10-02T23:07:29Z,40.772196,-73.85737,303.8,a0232a,N108HQ,E75L,EMBRAER ERJ-170-200 (long wing),0
takeoff,JFK,22R,1790982455.29,2026-10-02T23:07:35Z,40.645924,-73.766922,210.9,a3f91e,N355TW,B38M,,0
landing,JFK,22L,1790982462.63,2026-10-02T23:07:42Z,40.634834,-73.763016,210.9,461f09,OH-LTP,A333,AIRBUS A-330-300,0
landing,LGA,22,1790982500.66,2026-10-02T23:08:20Z,40.77523,-73.879105,213.8,a3e011,N349PQ,CRJ9,BOMBARDIER Regional Jet CRJ-900,0
takeoff,JFK,22R,1790982508.45,2026-10-02T23:08:28Z,40.645992,-73.766876,210.9,acdf9a,N929AA,A321,AIRBUS A-321,0
takeoff,LGA,31,1790982526.09,2026-10-02T23:08:46Z,40.772198,-73.857361,334.7,abdb88,N863RW,E170,EMBRAER ERJ-170-100,0
landing,LGA,22,1790982590.0,2026-10-02T23:09:50Z,40.776036,-73.878453,210.9,a301f3,N293PQ,CRJ9,BOMBARDIER Regional Jet CRJ-900,0
landing,JFK,22L,1790982619.94,2026-10-02T23:10:19Z,40.632133,-73.765152,213.8,a4ba02,N403YX,E75L,EMBRAER ERJ-170-200 (long wing),0
landing,JFK,22L,1790982681.27,2026-10-02T23:11:21Z,40.63361,-73.763947,213.8,a99b83,N718TW,B752,BOEING 757-200,0
landing,LGA,22,1790982698.48,2026-10-02T23:11:38Z,40.77784,-73.876986,213.8,a37b0c,N323SG,B38M,BOEING 737 MAX 8,0
takeoff,LGA,31,1790982715.65,2026-10-02T23:11:55Z,40.774442,-73.862067,303.8,a0540a,N120DN,A321,AIRBUS A-321,0
takeoff,JFK,22R,1790982760.0,2026-10-02T23:12:40Z,40.64498,-73.767653,210.9,ac801e,N904XJ,CRJ9,BOMBARDIER Regional Jet CRJ-900,0
landing,JFK,22L,1790982768.82,2026-10-02T23:12:48Z,40.635251,-73.762706,210.9,a373b7,N321TG,B38M,BOEING 737 MAX 8,0
takeoff,LGA,31,1790982797.16,2026-10-02T23:13:17Z,40.772277,-73.85751,303.8,c012ed,C-FHEI,AS50,AEROSPATIALE AS-350 Ecureuil,0
landing,LGA,22,1790982810.05,2026-10-02T23:13:30Z,40.775978,-73.878515,210.9,a2c93f,N279PQ,CRJ9,BOMBARDIER Regional Jet CRJ-900,0
takeoff,JFK,22R,1790982844.04,2026-10-02T23:14:04Z,40.64612,-73.766779,210.9,a98445,N712JB,A320,AIRBUS A-320,0
landing,JFK,22L,1790982856.25,2026-10-02T23:14:16Z,40.634125,-73.763596,210.9,a50adc,N424DX,A339,AIRBUS A-330-900,0
landing,JFK,22L,1790982979.46,2026-10-02T23:16:19Z,40.635786,-73.762269,213.8,a72b6b,N561JB,A320,AIRBUS A-320,0
takeoff,JFK,22R,1790983034.68,2026-10-02T23:17:14Z,40.645178,-73.767513,210.9,a173a8,N193DN,B763,BOEING 767-300,0
landing,LGA,31,1790983103.35,2026-10-02T23:18:23Z,40.778445,-73.870463,303.8,a4da13,N411YX,E75L,EMBRAER ERJ-170-200 (long wing),0
takeoff,JFK,22R,1790983104.94,2026-10-02T23:18:24Z,40.645702,-73.767092,208.1,a5fc87,N485PX,CRJ9,BOMBARDIER Regional Jet CRJ-900,0
landing,JFK,22L,1790983137.13,2026-10-02T23:18:57Z,40.635143,-73.762772,210.9,4ca74e,EI-EAV,A333,AIRBUS A-330-300,0
landing,JFK,22L,1790983137.57,2026-10-02T23:18:57Z,40.634995,-73.762878,210.9,4ca74e,EI-EAV,A333,AIRBUS A-330-300,0
takeoff,JFK,22R,1790983195.71,2026-10-02T23:19:55Z,40.644722,-73.767838,210.9,407dc5,G-VTOM,A339,AIRBUS A-330-900,0
takeoff,JFK,22R,1790983264.19,2026-10-02T23:21:04Z,40.646107,-73.766785,210.9,aa5f41,N768AA,B772,BOEING 777-200,0
landing,JFK,22L,1790983266.32,2026-10-02T23:21:06Z,40.635738,-73.762314,213.8,aca79d,N914XJ,CRJ9,BOMBARDIER Regional Jet CRJ-900,0
landing,JFK,22L,1790983346.2,2026-10-02T23:22:26Z,40.63475,-73.763065,210.9,407994,G-STBO,B77W,BOEING 777-300ER,0
landing,LGA,31,1790983393.05,2026-10-02T23:23:13Z,40.777107,-73.867661,303.8,a21142,N232PQ,CRJ9,BOMBARDIER Regional Jet CRJ-900,0
takeoff,JFK,22R,1790983403.18,2026-10-02T23:23:23Z,40.644514,-73.768044,210.9,44ccc2,OO-SFB,A333,AIRBUS A-330-300,0
landing,JFK,22L,1790983496.71,2026-10-02T23:24:56Z,40.631585,-73.765578,210.9,a546c9,N439YX,E75L,EMBRAER ERJ-170-200 (long wing),0
landing,LGA,31,1790983498.89,2026-10-02T23:24:58Z,40.777233,-73.867905,300.9,a05470,N120HQ,E75L,EMBRAER ERJ-170-200 (long wing),0
takeoff,JFK,22R,1790983527.84,2026-10-02T23:25:27Z,40.645713,-73.767092,210.9,a2919a,N265AK,B739,BOEING 737-900,0
takeoff,LGA,22,1790983534.66,2026-10-02T23:25:34Z,40.770996,-73.881119,213.8,a01bbc,N106HQ,E75L,EMBRAER ERJ-170-200 (long wing),0
landing,LGA,31,1790983544.98,2026-10-02T23:25:44Z,40.777363,-73.868185,303.8,a2454f,N24526,A21N,,0
landing,JFK,22L,1790983557.3,2026-10-02T23:25:57Z,40.636542,-73.761661,210.9,495267,CS-TSG,A21N,AIRBUS A-321neo,0
takeoff,JFK,22R,1790983600.8,2026-10-02T23:26:40Z,40.645899,-73.766936,210.9,406591,G-STBE,B77W,BOEING 777-300ER,0
landing,JFK,22L,1790983627.51,2026-10-02T23:27:07Z,40.63448,-73.76329,210.9,a4dfa6,N413DX,A339,AIRBUS A-330-900,0
landing,LGA,31,1790983671.03,2026-10-02T23:27:51Z,40.778143,-73.870962,272.8,abc2e5,N857RW,E170,EMBRAER ERJ-170-100,0
landing,LGA,31,1790983717.09,2026-10-02T23:28:37Z,40.777313,-73.868073,303.8,c03cf4,C-FXCD,A320,AIRBUS A-320,0
takeoff,JFK,22R,1790983733.24,2026-10-02T23:28:53Z,40.645283,-73.767426,210.9,a37eb0,N324RN,B38M,BOEING 737 MAX 8,0
landing,JFK,22L,1790983765.54,2026-10-02T23:29:25Z,40.634273,-73.763455,213.8,4cc52b,TF-ICA,B39M,BOEING 737 MAX 9,0
takeoff,JFK,22R,1790983789.79,2026-10-02T23:29:49Z,40.64548,-73.767263,210.9,4ca9bc,EI-LRC,A21N,AIRBUS A-321neo,0
landing,JFK,22L,1790983851.37,2026-10-02T23:30:51Z,40.632271,-73.765015,210.9,a1e1d8,N220JQ,E75L,EMBRAER ERJ-170-200 (long wing),0
takeoff,JFK,22R,1790983857.43,2026-10-02T23:30:57Z,40.645236,-73.767466,210.9,a16273,N189DN,B763,BOEING 767-300,0
landing,LGA,31,1790983857.83,2026-10-02T23:30:57Z,40.778154,-73.871306,261.6,a08714,N133HQ,E75L,EMBRAER ERJ-170-200 (long wing),0
takeoff,LGA,04,1790983876.08,2026-10-02T23:31:16Z,40.773708,-73.880386,30.9,a3962d,N330DU,BCS3,,0
landing,JFK,22L,1790983921.85,2026-10-02T23:32:01Z,40.636551,-73.761688,208.1,a0d6a8,N153PQ,CRJ9,BOMBARDIER Regional Jet CRJ-900,0
takeoff,JFK,22R,1790983934.14,2026-10-02T23:32:14Z,40.644619,-73.767934,210.9,407da5,G-VJAZ,A339,AIRBUS A-330-900,0
landing,LGA,31,1790983942.37,2026-10-02T23:32:22Z,40.778137,-73.871002,267.2,a1acdb,N207JQ,E75L,EMBRAER ERJ-170-200 (long wing),0
landing,LGA,31,1790983985.71,2026-10-02T23:33:05Z,40.777677,-73.868887,298.1,a770a2,N579JB,A320,AIRBUS A-320,0
landing,JFK,22L,1790983999.2,2026-10-02T23:33:19Z,40.634273,-73.763455,210.9,a38082,N3247J,BCS3,,0
takeoff,LGA,04,1790984010.05,2026-10-02T23:33:30Z,40.770996,-73.882629,30.9,ab64b8,N833NN,B738,BOEING 737-800,0
landing,JFK,22L,1790984069.55,2026-10-02T23:34:29Z,40.635309,-73.76266,210.9,4850f6,PH-BVN,B77W,BOEING 777-300ER,0
takeoff,JFK,22R,1790984072.28,2026-10-02T23:34:32Z,40.645912,-73.766907,210.9,a15b05,N187DN,B763,BOEING 767-300,0
landing,LGA,31,1790984075.52,2026-10-02T23:34:35Z,40.776718,-73.866852,295.3,a17c12,N195PQ,CRJ9,BOMBARDIER Regional Jet CRJ-900,0
takeoff,LGA,22,1790984076.05,2026-10-02T23:34:36Z,40.770892,-73.884227,210.9,ac1f61,N880RW,E170,EMBRAER ERJ-170-100,0
takeoff,LGA,22,1790984091.09,2026-10-02T23:34:51Z,40.771055,-73.881075,210.9,a1f46b,N225JQ,E75L,EMBRAER ERJ-170-200 (long wing),0
landing,LGA,31,1790984143.76,2026-10-02T23:35:43Z,40.77737,-73.868225,303.8,ab6fdd,N836NN,B738,BOEING 737-800,0
takeoff,JFK,22R,1790984149.91,2026-10-02T23:35:49Z,40.645363,-73.76738,210.9,a9b06f,N723TW,B752,BOEING 757-200,0
takeoff,LGA,04,1790984179.81,2026-10-02T23:36:19Z,40.772587,-73.881317,30.9,a43f51,N373DX,A321,AIRBUS A-321,0
landing,JFK,22L,1790984212.39,2026-10-02T23:36:52Z,40.635053,-73.762847,210.9,a365b7,N318NB,A319,AIRBUS A-319,0
takeoff,JFK,22R,1790984218.84,2026-10-02T23:36:58Z,40.644736,-73.767841,210.9,4075b3,G-VLUX,A35K,AIRBUS A-350-1000,0
landing,LGA,31,1790984251.08,2026-10-02T23:37:31Z,40.77879,-73.87117,300.9,a22ac6,N239JQ,E75L,EMBRAER ERJ-170-200 (long wing),0
takeoff,JFK,22R,1790984300.98,2026-10-02T23:38:20Z,40.644049,-73.768387,210.9,4ac8a8,SE-REH,A333,AIRBUS A-330-300,0
landing,LGA,31,1790984306.54,2026-10-02T23:38:26Z,40.777503,-73.868434,303.8,acae2e,N916NN,B738,BOEING 737-800,0
landing,JFK,22L,1790984308.84,2026-10-02T23:38:28Z,40.634785,-73.76305,210.9,aaec9c,N8027D,A319,AIRBUS A-319,0
takeoff,LGA,04,1790984340.12,2026-10-02T23:39:00Z,40.771951,-73.881855,30.9,a44334,N374FR,A20N,AIRBUS A-320neo,0
landing,JFK,22L,1790984375.39,2026-10-02T23:39:35Z,40.633724,-73.763885,210.9,a1775f,N194DN,B763,BOEING 767-300,0
landing,LGA,31,1790984385.48,2026-10-02T23:39:45Z,40.777107,-73.867661,303.8,a3b02e,N337DU,BCS3,AIRBUS A220-300,0
takeoff,JFK,22R,1790984388.49,2026-10-02T23:39:48Z,40.645775,-73.767044,210.9,ab4fae,N828MH,B764,BOEING 767-400,0
takeoff,JFK,22R,1790984457.91,2026-10-02T23:40:57Z,40.644095,-73.76834,210.9,3c7a4f,D-ANRO,A339,AIRBUS A-330-900,0
landing,LGA,31,1790984470.87,2026-10-02T23:41:10Z,40.777142,-73.867737,303.8,c05edf,C-GJYC,BCS3,AIRBUS A220-300,0
landing,JFK,22L,1790984471.38,2026-10-02T23:41:11Z,40.633703,-73.763892,213.8,a01112,N103NN,A321,AIRBUS A-321,0
takeoff,LGA,04,1790984485.43,2026-10-02T23:41:25Z,40.771282,-73.882385,30.9,a2b0cd,N27239,B738,BOEING 737-800,0
landing,JFK,22L,1790984555.37,2026-10-02T23:42:35Z,40.63298,-73.76445,210.9,710101,HZ-AK72,B77L,BOEING 777-200LR,0
landing,LGA,31,1790984563.63,2026-10-02T23:42:43Z,40.778172,-73.871109,270.0,ac0a75,N875RW,E170,EMBRAER ERJ-170-100,0
takeoff,JFK,22R,1790984574.29,2026-10-02T23:42:54Z,40.64875,-73.764709,210.9,a51425,N426YX,E75L,EMBRAER ERJ-170-200 (long wing),0
takeoff,JFK,22R,1790984640.89,2026-10-02T23:44:00Z,40.645317,-73.767404,210.9,a37aa3,N323NB,A319,AIRBUS A-319,0
landing,LGA,31,1790984642.57,2026-10-02T23:44:02Z,40.77737,-73.868225,303.8,abbb77,N855RW,E170,EMBRAER ERJ-170-100,0
landing,JFK,22L,1790984697.77,2026-10-02T23:44:57Z,40.634261,-73.763471,210.9,a1a0c4,N2039J,A21N,AIRBUS A-321neo,0
landing,LGA,31,1790984707.96,2026-10-02T23:45:07Z,40.775326,-73.863924,300.9,c0850c,C-GYJZ,DH8D,DE HAVILLAND DHC-8-400 Dash 8,0
takeoff,JFK,22R,1790984711.24,2026-10-02T23:45:11Z,40.644561,-73.767997,210.9,a33843,N3062J,BCS3,AIRBUS A220-300,0
takeoff,LGA,22,1790984758.98,2026-10-02T23:45:58Z,40.770997,-73.881122,213.8,a8996b,N653RW,E170,EMBRAER ERJ-170-100,0
takeoff,JFK,22R,1790984765.85,2026-10-02T23:46:05Z,40.646416,-73.766556,210.9,406947,G-STBG,B77W,BOEING 777-300ER,0
landing,JFK,22L,1790984785.76,2026-10-02T23:46:25Z,40.636356,-73.761817,210.9,acba30,N919XJ,CRJ9,BOMBARDIER Regional Jet CRJ-900,0
landing,LGA,31,1790984789.32,2026-10-02T23:46:29Z,40.77713,-73.867701,300.9,a495bf,N395DZ,A321,AIRBUS A-321,0
takeoff,LGA,04,1790984837.02,2026-10-02T23:47:17Z,40.773296,-73.880722,30.9,ace96d,N931AN,B738,BOEING 737-800,0
landing,JFK,22L,1790984876.69,2026-10-02T23:47:56Z,40.632993,-73.764454,210.9,4951f0,CS-TOP,A332,AIRBUS A-330-200,0
takeoff,JFK,22R,1790984897.19,2026-10-02T23:48:17Z,40.64583,-73.766998,210.9,a16c3a,N191DN,B763,BOEING 767-300,0
landing,LGA,31,1790984903.38,2026-10-02T23:48:23Z,40.77699,-73.867404,300.9,a33e5e,N308PQ,CRJ9,BOMBARDIER Regional Jet CRJ-900,0
takeoff,LGA,04,1790984934.9,2026-10-02T23:48:54Z,40.772463,-73.881434,33.8,a3534a,N313PQ,CRJ9,BOMBARDIER Regional Jet CRJ-900,0
takeoff,JFK,22R,1790984972.75,2026-10-02T23:49:32Z,40.645574,-73.767201,210.9,ab8fd0,N844MH,B764,BOEING 767-400,0
landing,LGA,31,1790984988.56,2026-10-02T23:49:48Z,40.777305,-73.868013,300.9,a2fe3c,N292PQ,CRJ9,BOMBARDIER Regional Jet CRJ-900,0
landing,JFK,22L,1790984997.38,2026-10-02T23:49:57Z,40.634914,-73.762955,210.9,a009a4,N101NN,A321,AIRBUS A-321,0
takeoff,JFK,22R,1790985045.56,2026-10-02T23:50:45Z,40.645224,-73.767451,209.6,7c8064,VH-ZNA,B789,BOEING 787-9 Dreamliner,0
landing,LGA,31,1790985059.93,2026-10-02T23:50:59Z,40.77673,-73.866852,300.9,a34c57,N311UN,B38M,,0
landing,JFK,22L,1790985090.01,2026-10-02T23:51:30Z,40.634731,-73.763077,213.8,ab6519,N833SK,CRJ9,BOMBARDIER Regional Jet CRJ-900,0
takeoff,JFK,22R,1790985113.87,2026-10-02T23:51:53Z,40.645341,-73.767388,210.9,710112,HZ-AK40,B77W,BOEING 777-300ER,0
landing,LGA,31,1790985155.23,2026-10-02T23:52:35Z,40.777677,-73.868871,300.9,a148b9,N182GJ,CRJ9,BOMBARDIER Regional Jet CRJ-900,0
landing,JFK,22L,1790985180.32,2026-10-02T23:53:00Z,40.634251,-73.763443,212.4,44012f,OE-LPL,B789,BOEING 787-9 Dreamliner,0
takeoff,LGA,04,1790985191.74,2026-10-02T23:53:11Z,40.771946,-73.881851,30.9,a3bdac,N340DU,BCS3,AIRBUS A220-300,0
takeoff,JFK,22R,1790985243.8,2026-10-02T23:54:03Z,40.645213,-73.767482,210.9,ad3581,N950JT,A321,AIRBUS A-321,0
landing,LGA,31,1790985252.3,2026-10-02T23:54:12Z,40.777393,-73.868271,298.1,a0be05,N147PQ,CRJ9,BOMBARDIER Regional Jet CRJ-900,0
takeoff,LGA,04,1790985284.26,2026-10-02T23:54:44Z,40.772417,-73.881465,30.9,aca3e6,N913XJ,CRJ9,BOMBARDIER Regional Jet CRJ-900,0
takeoff,JFK,22R,1790985307.04,2026-10-02T23:55:07Z,40.645798,-73.767029,210.9,a44943,N3754A,B738,BOEING 737-800,0
landing,JFK,22L,1790985317.28,2026-10-02T23:55:17Z,40.636356,-73.761826,210.9,a1d99b,N2180J,A21N,AIRBUS A-321neo,0
takeoff,JFK,22R,1790985370.98,2026-10-02T23:56:10Z,40.645888,-73.766967,210.9,ac4d1a,N892DN,B739,BOEING 737-900,0
landing,LGA,31,1790985376.85,2026-10-02T23:56:16Z,40.778423,-73.870422,300.9,ada699,N979RP,E170,EMBRAER ERJ-170-100,0
landing,JFK,22L,1790985426.21,2026-10-02T23:57:06Z,40.635646,-73.762394,210.9,3c64f5,D-AIGU,A343,AIRBUS A-340-300,0
landing,LGA,31,1790985430.05,2026-10-02T23:57:10Z,40.776956,-73.867342,303.8,abf025,N8689C,B738,BOEING 737-800,0
takeoff,JFK,22R,1790985499.36,2026-10-02T23:58:19Z,40.645213,-73.767482,209.6,ab9630,N846AN,B789,BOEING 787-9 Dreamliner,0
landing,JFK,22L,1790985535.7,2026-10-02T23:58:55Z,40.634576,-73.763221,210.9,789213,B-LXA,A35K,AIRBUS A-350-1000,0
landing,LGA,31,1790985539.16,2026-10-02T23:58:59Z,40.776993,-73.867416,298.1,a93d7c,N695CA,CRJ9,BOMBARDIER Regional Jet CRJ-900,0
