type,airport,runway,timestamp,timestamp_iso,lat,lon,track_deg,icao,registration,aircraft_type,description,db_flags
takeoff,JFK,31L,1789171206.26,2026-09-12T00:00:06Z,40.636036,-73.78949,302.5,aa9bb7,N783AM,B788,BOEING 787-8 Dreamliner,0
landing,JFK,04R,1789171288.33,2026-09-12T00:01:28Z,40.63596,-73.762113,30.9,ac754b,N9010R,A319,AIRBUS A-319,0
takeoff,LGA,22,1789171317.55,2026-09-12T00:01:57Z,40.772219,-73.880107,213.8,a06703,N125HQ,E75L,EMBRAER ERJ-170-200 (long wing),0
takeoff,LGA,22,1789171320.03,2026-09-12T00:02:00Z,40.775368,-73.877518,208.1,a15b4c,N187GJ,CRJ9,BOMBARDIER Regional Jet CRJ-900,0
takeoff,JFK,04L,1789171348.43,2026-09-12T00:02:28Z,40.627293,-73.781494,30.9,ac756c,N9011P,A319,AIRBUS A-319,0
landing,JFK,04R,1789171367.3,2026-09-12T00:02:47Z,40.635349,-73.762589,30.9,a924fc,N689DL,B752,BOEING 757-200,0
takeoff,LGA,22,1789171367.38,2026-09-12T00:02:47Z,40.772207,-73.880123,210.9,a19a48,N202JQ,E75L,EMBRAER ERJ-170-200 (long wing),0
takeoff,JFK,31L,1789171400.75,2026-09-12T00:03:20Z,40.636368,-73.790207,300.9,a3871e,N3261J,BCS3,,0
landing,LGA,31,1789171416.91,2026-09-12T00:03:36Z,40.777223,-73.867919,300.9,a4d65c,N410YX,E75L,EMBRAER ERJ-170-200 (long wing),0
takeoff,JFK,04L,1789171434.31,2026-09-12T00:03:54Z,40.627081,-73.781652,30.9,407995,G-STBP,B77W,BOEING 777-300ER,0
takeoff,LGA,22,1789171455.89,2026-09-12T00:04:15Z,40.769216,-73.883431,247.5,a35e6f,N316PQ,CRJ9,BOMBARDIER Regional Jet CRJ-900,0
landing,JFK,04R,1789171457.71,2026-09-12T00:04:17Z,40.637101,-73.761239,30.9,a3298a,N3023J,BCS3,AIRBUS A220-300,0
takeoff,JFK,04L,1789171514.81,2026-09-12T00:05:14Z,40.627348,-73.781433,30.9,400774,G-VIIW,B772,BOEING 777-200,0
takeoff,LGA,04,1789171528.27,2026-09-12T00:05:28Z,40.772736,-73.881195,30.9,a49232,N394FR,A20N,AIRBUS A-320neo,0
landing,JFK,04R,1789171545.01,2026-09-12T00:05:45Z,40.637959,-73.760559,29.6,44012f,OE-LPL,B789,BOEING 787-9 Dreamliner,0
takeoff,JFK,31L,1789171546.51,2026-09-12T00:05:46Z,40.634762,-73.786661,295.3,a43f3d,,,,
landing,LGA,31,1789171581.64,2026-09-12T00:06:21Z,40.777405,-73.868286,300.9,a8b8ba,N661JB,A320,AIRBUS A-320,0
takeoff,LGA,22,1789171611.82,2026-09-12T00:06:51Z,40.772198,-73.880127,210.9,a43ec3,N37281,B738,BOEING 737-800,0
takeoff,JFK,04L,1789171664.1,2026-09-12T00:07:44Z,40.626953,-73.781761,30.9,ab8862,N842MH,B764,BOEING 767-400,0
takeoff,LGA,22,1789171668.81,2026-09-12T00:07:48Z,40.772149,-73.88017,210.9,a3b3e5,N338DU,BCS3,AIRBUS A220-300,0
landing,JFK,04R,1789171691.21,2026-09-12T00:08:11Z,40.635464,-73.762497,30.9,a54137,N438DX,A339,AIRBUS A-330-900,0
takeoff,JFK,31L,1789171744.82,2026-09-12T00:09:04Z,40.636082,-73.789566,300.9,a6d234,N539DN,A21N,,0
takeoff,LGA,22,1789171748.83,2026-09-12T00:09:08Z,40.772552,-73.879837,213.8,a4e538,N414YX,E75L,EMBRAER ERJ-170-200 (long wing),0
takeoff,JFK,04L,1789171758.58,2026-09-12T00:09:18Z,40.627018,-73.781693,30.9,a4c96c,N4073J,A21N,AIRBUS A-321neo,0
takeoff,LGA,22,1789171791.05,2026-09-12T00:09:51Z,40.777584,-73.875628,225.0,a1d45a,N217JQ,E75L,EMBRAER ERJ-170-200 (long wing),0
landing,JFK,04R,1789171817.31,2026-09-12T00:10:17Z,40.636929,-73.761383,30.9,a349be,N3104J,BCS3,AIRBUS A220-300,0
landing,LGA,13,1789171818.18,2026-09-12T00:10:18Z,40.777584,-73.871025,123.8,a8996b,N653RW,E170,EMBRAER ERJ-170-100,0
landing,LGA,22,1789171852.56,2026-09-12T00:10:52Z,40.778915,-73.873322,230.6,a22ac6,N239JQ,E75L,EMBRAER ERJ-170-200 (long wing),0
takeoff,JFK,31L,1789171898.52,2026-09-12T00:11:38Z,40.635832,-73.789017,300.9,ad4bcb,N956JT,A321,AIRBUS A-321,0
landing,JFK,04R,1789171907.04,2026-09-12T00:11:47Z,40.637421,-73.761002,30.9,a788d3,N585DN,A21N,,0
takeoff,JFK,04L,1789171922.01,2026-09-12T00:12:02Z,40.628093,-73.780856,30.9,4b1882,HB-JHI,A333,AIRBUS A-330-300,0
takeoff,JFK,04L,1789171987.08,2026-09-12T00:13:07Z,40.62722,-73.781511,30.9,781f00,B-223F,B77L,BOEING 777-200LR,0
landing,JFK,04R,1789172019.66,2026-09-12T00:13:39Z,40.635303,-73.762634,30.9,39cf12,F-HTYS,A359,AIRBUS A-350-900,0
takeoff,LGA,22,1789172024.57,2026-09-12T00:13:44Z,40.772198,-73.880127,213.8,abd063,N860RW,E170,EMBRAER ERJ-170-100,0
takeoff,JFK,31L,1789172034.08,2026-09-12T00:13:54Z,40.635956,-73.789307,300.9,a15397,N185DN,B763,BOEING 767-300,0
landing,LGA,13,1789172066.71,2026-09-12T00:14:26Z,40.778422,-73.872757,123.8,a50cb7,N424YX,E75L,EMBRAER ERJ-170-200 (long wing),0
landing,LGA,31,1789172076.86,2026-09-12T00:14:36Z,40.777531,-73.868546,300.9,ab3d39,N823NN,B738,BOEING 737-800,0
takeoff,LGA,22,1789172154.66,2026-09-12T00:15:54Z,40.770473,-73.881559,213.8,abeeea,N8680C,B738,BOEING 737-800,0
landing,JFK,04R,1789172165.56,2026-09-12T00:16:05Z,40.636391,-73.76177,30.9,a53d2c,N437AN,A21N,AIRBUS A-321neo,0
takeoff,JFK,04L,1789172169.49,2026-09-12T00:16:09Z,40.628197,-73.780746,30.9,408120,G-VEYR,A339,AIRBUS A-330-900,0
takeoff,LGA,22,1789172174.7,2026-09-12T00:16:14Z,40.772301,-73.880051,213.8,ac045c,N87337,E75L,EMBRAER ERJ-170-200 (long wing),0
takeoff,JFK,31L,1789172207.7,2026-09-12T00:16:47Z,40.636135,-73.789704,300.9,a441c9,N3733Z,B738,BOEING 737-800,0
takeoff,LGA,04,1789172214.88,2026-09-12T00:16:54Z,40.772405,-73.881465,30.9,a384f8,N326DU,BCS3,AIRBUS A220-300,0
landing,JFK,04R,1789172243.44,2026-09-12T00:17:23Z,40.636539,-73.761673,30.9,4952a1,CS-TUA,A339,AIRBUS A-330-900,0
takeoff,LGA,04,1789172260.23,2026-09-12T00:17:40Z,40.773359,-73.880685,30.9,ab43c6,N825DN,B739,BOEING 737-900,0
takeoff,LGA,22,1789172280.22,2026-09-12T00:18:00Z,40.772312,-73.880029,213.8,a3cc88,N344DU,,,0
takeoff,LGA,22,1789172284.08,2026-09-12T00:18:04Z,40.775425,-73.877457,210.9,a3183d,N299PQ,CRJ9,BOMBARDIER Regional Jet CRJ-900,0
takeoff,JFK,04L,1789172299.8,2026-09-12T00:18:19Z,40.627327,-73.781448,30.9,aca5e5,N914DU,B739,BOEING 737-900,0
takeoff,LGA,22,1789172300.83,2026-09-12T00:18:20Z,40.770836,-73.881256,210.9,a45ba2,N380DN,A321,AIRBUS A-321,0
takeoff,LGA,22,1789172315.72,2026-09-12T00:18:35Z,40.772255,-73.880096,210.9,ace1af,N929XJ,CRJ9,BOMBARDIER Regional Jet CRJ-900,0
landing,LGA,31,1789172316.32,2026-09-12T00:18:36Z,40.777256,-73.86795,303.8,ac74f9,N901XJ,CRJ9,BOMBARDIER Regional Jet CRJ-900,0
takeoff,JFK,04L,1789172369.43,2026-09-12T00:19:29Z,40.627663,-73.781183,30.9,a38fa4,N3289J,,,0
landing,JFK,04R,1789172371.23,2026-09-12T00:19:31Z,40.634743,-73.763092,30.9,a1a0a1,N2038J,A21N,AIRBUS A-321neo,0
landing,JFK,04R,1789172458.29,2026-09-12T00:20:58Z,40.636837,-73.761459,30.9,a00d5b,N102NN,A321,AIRBUS A-321,0
landing,LGA,31,1789172485.06,2026-09-12T00:21:25Z,40.777491,-73.868465,300.9,a37d8a,N324DU,BCS3,AIRBUS A220-300,0
takeoff,JFK,04L,1789172529.88,2026-09-12T00:22:09Z,40.626686,-73.781952,28.1,a39113,N329PQ,CRJ9,BOMBARDIER Regional Jet CRJ-900,0
landing,JFK,04R,1789172570.03,2026-09-12T00:22:50Z,40.63908,-73.759705,30.9,a04e60,N119HQ,E75L,EMBRAER ERJ-170-200 (long wing),0
takeoff,JFK,04L,1789172612.17,2026-09-12T00:23:32Z,40.627636,-73.781219,32.5,e8020d,CC-BBI,B788,BOEING 787-8 Dreamliner,0
takeoff,LGA,22,1789172632.82,2026-09-12T00:23:52Z,40.77038,-73.881652,213.8,a4996b,N396DN,A321,AIRBUS A-321,0
landing,JFK,04R,1789172636.95,2026-09-12T00:23:56Z,40.63575,-73.762299,30.9,ac91d4,N909NN,B738,BOEING 737-800,0
takeoff,JFK,04L,1789172734.36,2026-09-12T00:25:34Z,40.627258,-73.781509,33.8,a61173,N490PX,CRJ9,BOMBARDIER Regional Jet CRJ-900,0
takeoff,LGA,22,1789172737.22,2026-09-12T00:25:37Z,40.771998,-73.88031,210.9,ac30c0,N885DN,B739,BOEING 737-900,0
landing,JFK,04R,1789172741.54,2026-09-12T00:25:41Z,40.636787,-73.761458,30.9,ac7b1b,N903JB,A321,AIRBUS A-321,0
takeoff,LGA,22,1789172787.27,2026-09-12T00:26:27Z,40.770368,-73.881668,216.6,a34209,N309PC,B738,BOEING 737-800,0
takeoff,JFK,04L,1789172804.18,2026-09-12T00:26:44Z,40.628014,-73.780914,30.9,4c0224,YU-ARE,A332,AIRBUS A-330-200,0
landing,JFK,04R,1789172835.23,2026-09-12T00:27:15Z,40.635029,-73.762847,30.9,a32bba,N303NY,A21N,AIRBUS A-321neo,0
takeoff,LGA,22,1789172840.19,2026-09-12T00:27:20Z,40.772219,-73.880107,210.9,a4ddca,N412YX,E75L,EMBRAER ERJ-170-200 (long wing),0
takeoff,LGA,22,1789172927.9,2026-09-12T00:28:47Z,40.775501,-73.877407,213.8,ac7c67,N903XJ,CRJ9,BOMBARDIER Regional Jet CRJ-900,0
takeoff,JFK,04L,1789172933.78,2026-09-12T00:28:53Z,40.623894,-73.784119,30.9,a4d04c,N409YX,E75L,EMBRAER ERJ-170-200 (long wing),0
landing,JFK,04R,1789172935.75,2026-09-12T00:28:55Z,40.63702,-73.761307,30.9,3481d5,EC-OJL,B772,BOEING 777-200,0
landing,LGA,31,1789172953.29,2026-09-12T00:29:13Z,40.77734,-73.868153,303.8,acf69b,N934XJ,CRJ9,BOMBARDIER Regional Jet CRJ-900,0
takeoff,JFK,04L,1789173005.05,2026-09-12T00:30:05Z,40.627639,-73.781199,30.9,a3401a,N3085J,BCS3,AIRBUS A220-300,0
landing,JFK,04R,1789173059.26,2026-09-12T00:30:59Z,40.636986,-73.761337,30.9,aba7b0,N850DN,B739,BOEING 737-900,0
takeoff,JFK,04L,1789173065.2,2026-09-12T00:31:05Z,40.626698,-73.781937,28.1,a7cc00,N601LR,CRJ9,BOMBARDIER Regional Jet CRJ-900,0
takeoff,JFK,04L,1789173133.67,2026-09-12T00:32:13Z,40.627127,-73.781605,30.9,a5325b,N434DX,A339,AIRBUS A-330-900,0
landing,LGA,31,1789173145.13,2026-09-12T00:32:25Z,40.77734,-73.868153,300.9,ac0a75,N875RW,E170,EMBRAER ERJ-170-100,0
landing,JFK,04R,1789173165.21,2026-09-12T00:32:45Z,40.636482,-73.761703,30.9,ad9ac9,N976JT,A321,AIRBUS A-321,0
takeoff,LGA,22,1789173198.73,2026-09-12T00:33:18Z,40.772242,-73.880092,210.9,abc2e5,N857RW,E170,EMBRAER ERJ-170-100,0
takeoff,LGA,22,1789173237.67,2026-09-12T00:33:57Z,40.772254,-73.880092,213.8,a1a924,N206JQ,E75L,EMBRAER ERJ-170-200 (long wing),0
landing,JFK,04R,1789173253.95,2026-09-12T00:34:13Z,40.635933,-73.762146,30.9,710024,HZ-SKY4,A319,AIRBUS A-319,8
takeoff,LGA,22,1789173293.38,2026-09-12T00:34:53Z,40.771786,-73.880478,210.9,a385ee,N326PQ,CRJ9,BOMBARDIER Regional Jet CRJ-900,0
takeoff,JFK,04L,1789173328.05,2026-09-12T00:35:28Z,40.626708,-73.781948,30.9,a6a33f,N527DE,A21N,AIRBUS A-321neo,0
takeoff,LGA,22,1789173341.74,2026-09-12T00:35:41Z,40.772207,-73.880123,210.9,ab3fcc,N824AW,A319,AIRBUS A-319,0
landing,JFK,04R,1789173372.22,2026-09-12T00:36:12Z,40.638567,-73.760085,30.9,e80212,CC-CXC,B763,BOEING 767-300,0
takeoff,JFK,04L,1789173384.27,2026-09-12T00:36:24Z,40.623848,-73.784164,30.9,a19dff,N203JQ,E75L,EMBRAER ERJ-170-200 (long wing),0
landing,LGA,31,1789173411.41,2026-09-12T00:36:51Z,40.778434,-73.870432,303.8,ac6266,N8975K,B38M,BOEING 737 MAX 8,0
takeoff,JFK,04L,1789173453.28,2026-09-12T00:37:33Z,40.623837,-73.784164,30.9,a22358,N237JQ,E75L,EMBRAER ERJ-170-200 (long wing),0
landing,JFK,04R,1789173457.28,2026-09-12T00:37:37Z,40.637438,-73.760974,30.9,a9cecf,N731AN,B77W,BOEING 777-300ER,0
landing,JFK,04R,1789173595.81,2026-09-12T00:39:55Z,40.634766,-73.763062,30.9,a36799,N3185J,BCS3,AIRBUS A220-300,0
landing,LGA,31,1789173604.16,2026-09-12T00:40:04Z,40.778434,-73.870416,300.9,ab0485,N809NN,B738,BOEING 737-800,0
takeoff,LGA,22,1789173652.65,2026-09-12T00:40:52Z,40.772198,-73.880142,210.9,a08317,N132EV,CRJ9,BOMBARDIER Regional Jet CRJ-900,0
landing,JFK,04R,1789173682.64,2026-09-12T00:41:22Z,40.640316,-73.758728,30.9,a37f8d,N3240J,BCS3,,0
takeoff,JFK,04L,1789173697.63,2026-09-12T00:41:37Z,40.628609,-73.780441,30.9,406832,G-VWAG,A333,AIRBUS A-330-300,0
takeoff,JFK,31L,1789173736.11,2026-09-12T00:42:16Z,40.635716,-73.788799,300.9,adb723,N983JT,A321,AIRBUS A-321,0
landing,JFK,04R,1789173769.43,2026-09-12T00:42:49Z,40.63607,-73.762039,30.9,a6d83c,N540DE,A21N,AIRBUS A-321neo,0
takeoff,JFK,04L,1789173784.82,2026-09-12T00:43:04Z,40.627338,-73.781433,30.9,abb3be,N853NW,A332,AIRBUS A-330-200,0
landing,LGA,31,1789173800.5,2026-09-12T00:43:20Z,40.777279,-73.867996,300.9,ad857e,N970UY,A321,AIRBUS A-321,0
takeoff,LGA,22,1789173810.94,2026-09-12T00:43:30Z,40.772278,-73.880066,210.9,a5307f,N433YX,E75L,EMBRAER ERJ-170-200 (long wing),0
takeoff,JFK,04L,1789173858.44,2026-09-12T00:44:18Z,40.627139,-73.781589,30.9,406591,G-STBE,B77W,BOEING 777-300ER,0
landing,JFK,04R,1789173859.92,2026-09-12T00:44:19Z,40.635728,-73.762301,30.9,a38e69,N3280J,BCS3,AIRBUS A220-300,0
landing,LGA,31,1789173889.45,2026-09-12T00:44:49Z,40.777233,-73.86792,303.8,ac12d6,N8771D,B38M,BOEING 737 MAX 8,0
takeoff,JFK,31L,1789173901.28,2026-09-12T00:45:01Z,40.635475,-73.788239,300.9,a6b470,N531DA,A21N,AIRBUS A-321neo,0
takeoff,LGA,22,1789173993.57,2026-09-12T00:46:33Z,40.772015,-73.88028,213.8,a022c4,N108DN,A321,AIRBUS A-321,0
takeoff,JFK,04L,1789173995.41,2026-09-12T00:46:35Z,40.627779,-73.781074,30.9,a33ca9,N3077J,BCS3,AIRBUS A220-300,0
landing,LGA,31,1789174005.82,2026-09-12T00:46:45Z,40.777503,-73.868465,300.9,a305aa,N294PQ,CRJ9,BOMBARDIER Regional Jet CRJ-900,0
takeoff,JFK,31L,1789174043.53,2026-09-12T00:47:23Z,40.636036,-73.789459,299.6,7c806f,VH-ZNL,B789,BOEING 787-9 Dreamliner,0
landing,JFK,04R,1789174073.26,2026-09-12T00:47:53Z,40.635111,-73.762784,33.8,a0f0f1,N16SM,H25B,HAWKER BEECHCRAFT Hawker 750/850,8
takeoff,LGA,22,1789174073.55,2026-09-12T00:47:53Z,40.772232,-73.880096,210.9,ab0a73,N810MD,E170,EMBRAER ERJ-170-100,0
takeoff,JFK,04L,1789174112.62,2026-09-12T00:48:32Z,40.627302,-73.781464,32.5,740821,JY-BAA,B788,BOEING 787-8 Dreamliner,0
takeoff,LGA,22,1789174163.42,2026-09-12T00:49:23Z,40.772129,-73.880188,210.9,a3373a,N306SP,B38M,BOEING 737 MAX 8,0
landing,JFK,04R,1789174167.12,2026-09-12T00:49:27Z,40.634136,-73.76355,33.8,a6152a,N491PX,CRJ9,BOMBARDIER Regional Jet CRJ-900,0
landing,LGA,31,1789174199.09,2026-09-12T00:49:59Z,40.777375,-73.8682,300.9,a44e1c,N377DE,B738,BOEING 737-800,0
takeoff,LGA,04,1789174215.87,2026-09-12T00:50:15Z,40.77599,-73.880997,30.9,a2c4c7,N278FX,S76,SIKORSKY S-76 Spirit,0
takeoff,JFK,31L,1789174235.44,2026-09-12T00:50:35Z,40.635143,-73.787521,300.9,a03765,N113AN,A321,AIRBUS A-321,0
takeoff,JFK,04L,1789174306.44,2026-09-12T00:51:46Z,40.626434,-73.78215,30.9,a20288,N229AZ,B763,BOEING 767-300,0
landing,JFK,04R,1789174362.04,2026-09-12T00:52:42Z,40.63512,-73.762787,25.3,a39ada,N331PQ,CRJ9,BOMBARDIER Regional Jet CRJ-900,0
takeoff,JFK,04L,1789174391.83,2026-09-12T00:53:11Z,40.62656,-73.782028,30.9,ab4489,N825MH,B764,BOEING 767-400,0
landing,LGA,13,1789174429.38,2026-09-12T00:53:49Z,40.777588,-73.871017,123.8,a20957,N230JQ,E75L,EMBRAER ERJ-170-200 (long wing),0
takeoff,JFK,31L,1789174449.81,2026-09-12T00:54:09Z,40.636036,-73.78949,300.9,a4463e,N3749D,B738,BOEING 737-800,0
takeoff,LGA,22,1789174464.16,2026-09-12T00:54:24Z,40.775734,-73.87722,213.8,a51f4a,N429YX,E75L,EMBRAER ERJ-170-200 (long wing),0
landing,LGA,31,1789174471.53,2026-09-12T00:54:31Z,40.777267,-73.867981,303.8,ac1f61,N880RW,E170,EMBRAER ERJ-170-100,0
landing,JFK,04R,1789174492.07,2026-09-12T00:54:52Z,40.637466,-73.760941,30.9,a50549,N422YX,E75L,EMBRAER ERJ-170-200 (long wing),0
takeoff,JFK,04L,1789174571.04,2026-09-12T00:56:11Z,40.626274,-73.782288,30.9,a7f684,N612DN,A21N,AIRBUS A-321neo,0
landing,JFK,04R,1789174580.74,2026-09-12T00:56:20Z,40.638125,-73.760459,30.9,ad846f,N970JB,A321,AIRBUS A-321,0
landing,LGA,13,1789174595.72,2026-09-12T00:56:35Z,40.777714,-73.871277,151.9,ad5480,N958XV,A21N,,0
takeoff,JFK,31L,1789174605.22,2026-09-12T00:56:45Z,40.635384,-73.788086,300.9,a6aaba,N529DT,A21N,AIRBUS A-321neo,0
takeoff,JFK,04L,1789174647.8,2026-09-12T00:57:27Z,40.626846,-73.781815,30.9,a33328,N305NY,A21N,AIRBUS A-321neo,0
takeoff,LGA,22,1789174669.53,2026-09-12T00:57:49Z,40.772847,-73.88262,213.8,a98f79,N715JS,C25B,CESSNA 525B Citation CJ3,0
landing,LGA,31,1789174680.01,2026-09-12T00:58:00Z,40.779716,-73.873184,295.3,a9d5e5,N73276,B738,BOEING 737-800,0
takeoff,JFK,04L,1789174724.72,2026-09-12T00:58:44Z,40.625009,-73.783259,30.9,a7397f,N565AB,G280,,0
landing,JFK,04R,1789174735.46,2026-09-12T00:58:55Z,40.635658,-73.762299,30.9,aa7c64,N775JB,A320,AIRBUS A-320,0
landing,LGA,31,1789174779.46,2026-09-12T00:59:39Z,40.777084,-73.867599,300.9,adcca6,N989AU,A321,AIRBUS A-321,0
takeoff,JFK,04L,1789174816.72,2026-09-12T01:00:16Z,40.626789,-73.78186,30.9,4cc57c,TF-IAC,A21N,AIRBUS A-321neo,0
landing,JFK,04R,1789174838.92,2026-09-12T01:00:38Z,40.637329,-73.761078,30.9,ade9c0,N996JL,A321,AIRBUS A-321,0
takeoff,LGA,22,1789174845.27,2026-09-12T01:00:45Z,40.772289,-73.880066,213.8,ab1d06,N815MD,E170,EMBRAER ERJ-170-100,0
takeoff,JFK,31L,1789174881.91,2026-09-12T01:01:21Z,40.63591,-73.784042,345.9,e80212,CC-CXC,B763,BOEING 767-300,0
takeoff,JFK,31L,1789174884.83,2026-09-12T01:01:24Z,40.635402,-73.788097,300.9,a7a8ed,N593DX,A21N,,0
takeoff,JFK,04L,1789174911.97,2026-09-12T01:01:51Z,40.627201,-73.781555,30.9,ad1560,N942JB,A321,AIRBUS A-321,0
landing,LGA,31,1789174924.95,2026-09-12T01:02:04Z,40.778736,-73.871072,300.9,a1a56d,N205JQ,E75L,EMBRAER ERJ-170-200 (long wing),0
landing,JFK,04R,1789174925.07,2026-09-12T01:02:05Z,40.63607,-73.762024,30.9,407ed8,G-VEII,A339,AIRBUS A-330-900,0
takeoff,LGA,22,1789174982.12,2026-09-12T01:03:02Z,40.775368,-73.877502,210.9,a2af3e,N272PQ,CRJ9,BOMBARDIER Regional Jet CRJ-900,0
takeoff,JFK,04L,1789174987.8,2026-09-12T01:03:07Z,40.626406,-73.782182,30.9,ac9709,N910DU,B739,BOEING 737-900,0
landing,LGA,31,1789175000.82,2026-09-12T01:03:20Z,40.777348,-73.868164,303.8,a32c3e,N303UE,B38M,,0
takeoff,JFK,31L,1789175023.02,2026-09-12T01:03:43Z,40.635464,-73.788208,300.9,a7a17b,N591DT,A21N,AIRBUS A-321neo,0
takeoff,LGA,22,1789175056.79,2026-09-12T01:04:16Z,40.777576,-73.875656,222.2,ac26cf,N882RW,E170,EMBRAER ERJ-170-100,0
takeoff,JFK,04L,1789175064.06,2026-09-12T01:04:24Z,40.627121,-73.781616,30.9,aaf5b1,N805NW,A333,AIRBUS A-330-300,0
landing,JFK,04R,1789175066.66,2026-09-12T01:04:26Z,40.635856,-73.762207,30.9,a91616,N685DA,B752,BOEING 757-200,0
takeoff,LGA,22,1789175076.74,2026-09-12T01:04:36Z,40.771477,-73.880737,210.9,abdb88,N863RW,E170,EMBRAER ERJ-170-100,0
landing,LGA,13,1789175130.43,2026-09-12T01:05:30Z,40.777622,-73.871094,132.2,a770a2,N579JB,A320,AIRBUS A-320,0
landing,JFK,04R,1789175142.16,2026-09-12T01:05:42Z,40.636906,-73.761414,30.9,a752ea,N571JB,A320,AIRBUS A-320,0
takeoff,JFK,31L,1789175203.31,2026-09-12T01:06:43Z,40.636196,-73.789856,300.9,a3556f,N3138J,BCS3,AIRBUS A220-300,0
takeoff,JFK,04L,1789175212.11,2026-09-12T01:06:52Z,40.627029,-73.781677,30.9,4ba956,TC-JJV,B77W,BOEING 777-300ER,0
landing,JFK,04R,1789175233.15,2026-09-12T01:07:13Z,40.63596,-73.762145,30.9,a0f4f6,N16065,B763,BOEING 767-300,0
takeoff,JFK,31L,1789175291.25,2026-09-12T01:08:11Z,40.634571,-73.78627,300.9,ab4bf7,N827MH,B764,BOEING 767-400,0
landing,LGA,31,1789175298.75,2026-09-12T01:08:18Z,40.777503,-73.86845,300.9,a12709,N17320,B38M,BOEING 737 MAX 8,0
takeoff,JFK,04L,1789175345.9,2026-09-12T01:09:05Z,40.627007,-73.781693,30.9,a17ecd,N196DN,B763,BOEING 767-300,0
landing,LGA,31,1789175393.25,2026-09-12T01:09:53Z,40.777235,-73.867935,303.8,c06724,C-GNBN,BCS3,AIRBUS A220-300,0
takeoff,LGA,22,1789175416.76,2026-09-12T01:10:16Z,40.772242,-73.880092,213.8,a1ecfd,N223JQ,E75L,EMBRAER ERJ-170-200 (long wing),0
takeoff,JFK,04L,1789175440.76,2026-09-12T01:10:40Z,40.627069,-73.781652,30.9,ad935b,N974JT,A321,AIRBUS A-321,0
landing,JFK,04R,1789175443.23,2026-09-12T01:10:43Z,40.637352,-73.761032,30.9,a97251,N708AL,B39M,BOEING 737 MAX 9,0
landing,LGA,31,1789175459.0,2026-09-12T01:10:59Z,40.778389,-73.870361,303.8,a35e66,N316PF,B738,BOEING 737-800,0
takeoff,LGA,22,1789175466.19,2026-09-12T01:11:06Z,40.777576,-73.875656,222.2,a05f95,N123HQ,E75L,EMBRAER ERJ-170-200 (long wing),0
takeoff,JFK,31L,1789175515.81,2026-09-12T01:11:55Z,40.635949,-73.789314,300.9,a44cca,N3762Y,B738,BOEING 737-800,0
landing,JFK,04R,1789175554.44,2026-09-12T01:12:34Z,40.637881,-73.760615,30.9,a04692,N117DU,BCS1,AIRBUS A220-100,0
landing,LGA,31,1789175566.08,2026-09-12T01:12:46Z,40.778675,-73.870941,300.9,a44257,N37371,B38M,,0
takeoff,LGA,22,1789175631.1,2026-09-12T01:13:51Z,40.777508,-73.875732,219.4,a8a0d9,N655RW,E170,EMBRAER ERJ-170-100,0
landing,JFK,04R,1789175640.81,2026-09-12T01:14:00Z,40.63464,-73.763153,30.9,a768c2,N577DN,A21N,AIRBUS A-321neo,0
landing,LGA,31,1789175659.65,2026-09-12T01:14:19Z,40.778259,-73.870057,300.9,aaed5a,N803DN,B739,BOEING 737-900,0
takeoff,JFK,04L,1789175669.31,2026-09-12T01:14:29Z,40.6285,-73.780544,30.9,4b187f,HB-JHF,A333,AIRBUS A-330-300,0
takeoff,LGA,22,1789175674.97,2026-09-12T01:14:34Z,40.772545,-73.879842,213.8,a32814,N302PQ,CRJ9,BOMBARDIER Regional Jet CRJ-900,0
takeoff,LGA,04,1789175698.68,2026-09-12T01:14:58Z,40.774372,-73.879857,30.9,c05ee5,C-GJYI,BCS3,AIRBUS A220-300,0
landing,JFK,04R,1789175732.07,2026-09-12T01:15:32Z,40.640911,-73.758255,30.9,3c70c2,D-ALFB,B77L,BOEING 777-200LR,0
takeoff,JFK,04L,1789175763.42,2026-09-12T01:16:03Z,40.627953,-73.780965,32.5,e80468,CC-BGP,B789,BOEING 787-9 Dreamliner,0
landing,LGA,31,1789175775.51,2026-09-12T01:16:15Z,40.777542,-73.868607,300.9,a3a0eb,N33292,B738,BOEING 737-800,0
takeoff,LGA,31,1789175806.36,2026-09-12T01:16:46Z,40.777176,-73.871506,300.9,a4f7cb,N419YX,E75L,EMBRAER ERJ-170-200 (long wing),0
takeoff,JFK,31L,1789175826.36,2026-09-12T01:17:06Z,40.633773,-73.784507,300.9,a04e60,N119HQ,E75L,EMBRAER ERJ-170-200 (long wing),0
takeoff,JFK,04L,1789175851.73,2026-09-12T01:17:31Z,40.627373,-73.781433,29.6,ab6afa,N835AN,B789,BOEING 787-9 Dreamliner,0
takeoff,LGA,22,1789175920.77,2026-09-12T01:18:40Z,40.76917,-73.88354,250.3,a41bb5,N364FR,A20N,AIRBUS A-320neo,0
landing,LGA,13,1789175922.57,2026-09-12T01:18:42Z,40.778412,-73.872757,120.9,a1dd2d,N219YX,E75L,EMBRAER ERJ-170-200 (long wing),0
landing,JFK,04R,1789175963.66,2026-09-12T01:19:23Z,40.637206,-73.761177,30.9,a01880,N105NN,A321,AIRBUS A-321,0
takeoff,JFK,31L,1789175982.83,2026-09-12T01:19:42Z,40.633935,-73.784851,300.9,a1c57e,N213JQ,E75L,EMBRAER ERJ-170-200 (long wing),0
takeoff,JFK,04L,1789176001.57,2026-09-12T01:20:01Z,40.62672,-73.781921,30.9,a38a3a,N327VP,B38M,BOEING 737 MAX 8,0
landing,LGA,13,1789176045.84,2026-09-12T01:20:45Z,40.778435,-73.872787,120.9,a4c527,N406YX,E75L,EMBRAER ERJ-170-200 (long wing),0
takeoff,JFK,04L,1789176087.75,2026-09-12T01:21:27Z,40.627139,-73.78162,30.9,a6b07e,N530AS,B738,BOEING 737-800,0
landing,JFK,04R,1789176104.38,2026-09-12T01:21:44Z,40.636635,-73.76163,30.9,a13386,N177DN,B763,BOEING 767-300,0
landing,LGA,31,1789176129.55,2026-09-12T01:22:09Z,40.777363,-73.868216,303.8,a01097,N103HQ,E75L,EMBRAER ERJ-170-200 (long wing),0
takeoff,JFK,04L,1789176176.38,2026-09-12T01:22:56Z,40.626825,-73.781823,32.5,ab6380,N833AA,B789,BOEING 787-9 Dreamliner,0
landing,LGA,31,1789176196.48,2026-09-12T01:23:16Z,40.777235,-73.867919,303.8,a34825,N310PQ,CRJ9,BOMBARDIER Regional Jet CRJ-900,0
takeoff,LGA,22,1789176199.98,2026-09-12T01:23:19Z,40.770159,-73.881917,222.2,a12ac5,N17425,B39M,BOEING 737 MAX 9,0
landing,JFK,04R,1789176203.42,2026-09-12T01:23:23Z,40.638313,-73.760315,30.9,71be34,HL7634,A388,AIRBUS A-380-800,0
takeoff,LGA,22,1789176227.37,2026-09-12T01:23:47Z,40.772184,-73.880154,213.8,ad01c0,N937XJ,CRJ9,BOMBARDIER Regional Jet CRJ-900,0
landing,LGA,31,1789176270.65,2026-09-12T01:24:30Z,40.777444,-73.868372,300.9,a31486,N298PQ,CRJ9,BOMBARDIER Regional Jet CRJ-900,0
takeoff,JFK,04L,1789176325.6,2026-09-12T01:25:25Z,40.62544,-73.782916,30.9,ac7a52,N903AA,A321,AIRBUS A-321,0
takeoff,JFK,04L,1789176396.97,2026-09-12T01:26:36Z,40.628023,-73.780903,30.9,a523c6,N430GT,B744,BOEING 747-400,0
landing,JFK,04R,1789176420.7,2026-09-12T01:27:00Z,40.636013,-73.7621,30.9,a35a37,N315JL,H25B,HAWKER BEECHCRAFT Hawker 750/850,0
takeoff,LGA,04,1789176450.96,2026-09-12T01:27:30Z,40.771206,-73.882448,30.9,a6c4d7,N535UW,A321,AIRBUS A-321,0
landing,LGA,22,1789176459.04,2026-09-12T01:27:39Z,40.77784,-73.871414,180.0,a6c3ca,N535JB,A320,AIRBUS A-320,0
takeoff,LGA,22,1789176474.33,2026-09-12T01:27:54Z,40.772141,-73.880173,210.9,a451db,N378DN,A321,AIRBUS A-321,0
takeoff,JFK,04L,1789176480.88,2026-09-12T01:28:00Z,40.627651,-73.781215,30.9,76cee8,9V-SWH,B77W,BOEING 777-300ER,0
landing,LGA,31,1789176539.83,2026-09-12T01:28:59Z,40.777256,-73.867981,303.8,abbb77,N855RW,E170,EMBRAER ERJ-170-100,0
takeoff,JFK,04L,1789176560.12,2026-09-12T01:29:20Z,40.627558,-73.781293,29.6,0200ca,CN-RGC,B788,BOEING 787-8 Dreamliner,0
landing,JFK,04R,1789176571.65,2026-09-12T01:29:31Z,40.63553,-73.762457,30.9,4cae32,EI-XLU,A21N,AIRBUS A-321neo,0
takeoff,LGA,22,1789176599.22,2026-09-12T01:29:59Z,40.770147,-73.881933,222.2,a0be05,N147PQ,CRJ9,BOMBARDIER Regional Jet CRJ-900,0
landing,LGA,31,1789176631.4,2026-09-12T01:30:31Z,40.777468,-73.868434,303.8,ac0b50,N8750Q,B38M,BOEING 737 MAX 8,0
takeoff,LGA,22,1789176650.86,2026-09-12T01:30:50Z,40.772231,-73.880107,210.9,a4f414,N418YX,E75L,EMBRAER ERJ-170-200 (long wing),0
landing,JFK,04R,1789176718.81,2026-09-12T01:31:58Z,40.633412,-73.764111,30.9,a4ffe9,N421FX,E545,EMBRAER EMB545 Praetor 500,0
takeoff,LGA,22,1789176721.23,2026-09-12T01:32:01Z,40.775443,-73.877454,213.8,a0232a,N108HQ,E75L,EMBRAER ERJ-170-200 (long wing),0
landing,LGA,31,1789176740.3,2026-09-12T01:32:20Z,40.777526,-73.868606,300.9,a2a26d,N269WN,B737,BOEING 737-700,0
takeoff,JFK,04L,1789176755.48,2026-09-12T01:32:35Z,40.627441,-73.781357,28.1,a77d89,N582CA,CRJ9,BOMBARDIER Regional Jet CRJ-900,0
takeoff,LGA,04,1789176766.76,2026-09-12T01:32:46Z,40.772335,-73.881527,30.9,a7e5c1,N608JB,A320,AIRBUS A-320,0
takeoff,JFK,31L,1789176802.6,2026-09-12T01:33:22Z,40.63624,-73.789954,300.9,a3298a,N3023J,BCS3,AIRBUS A220-300,0
landing,JFK,04R,1789176817.06,2026-09-12T01:33:37Z,40.635578,-73.762451,30.9,a704f9,N551UW,A321,AIRBUS A-321,0
takeoff,JFK,04L,1789176825.27,2026-09-12T01:33:45Z,40.627739,-73.781128,30.9,aae6d5,N801NW,A333,AIRBUS A-330-300,0
takeoff,LGA,22,1789176832.52,2026-09-12T01:33:52Z,40.772255,-73.880096,213.8,a866c7,N640RW,E170,EMBRAER ERJ-170-100,0
landing,JFK,04R,1789176903.35,2026-09-12T01:35:03Z,40.635483,-73.762504,30.9,ad2f71,N949JT,A321,AIRBUS A-321,0
takeoff,LGA,22,1789176929.75,2026-09-12T01:35:29Z,40.772186,-73.880142,210.9,a320a6,N300PQ,CRJ9,BOMBARDIER Regional Jet CRJ-900,0
takeoff,JFK,31L,1789176930.64,2026-09-12T01:35:30Z,40.634005,-73.785007,300.9,a1e1d8,N220JQ,E75L,EMBRAER ERJ-170-200 (long wing),0
landing,LGA,31,1789176936.84,2026-09-12T01:35:36Z,40.777325,-73.868103,300.9,a335fa,N306DU,BCS3,AIRBUS A220-300,0
takeoff,JFK,31R,1789176952.66,2026-09-12T01:35:52Z,40.649845,-73.767279,312.2,a4ffe9,N421FX,E545,EMBRAER EMB545 Praetor 500,0
landing,JFK,31R,1789176954.3,2026-09-12T01:35:54Z,40.649883,-73.767395,289.7,a4ffe9,N421FX,E545,EMBRAER EMB545 Praetor 500,0
takeoff,JFK,04L,1789176961.68,2026-09-12T01:36:01Z,40.626417,-73.782167,28.1,a7d725,N604LR,CRJ9,BOMBARDIER Regional Jet CRJ-900,0
takeoff,LGA,22,1789176971.58,2026-09-12T01:36:11Z,40.775448,-73.877457,213.8,a22ac6,N239JQ,E75L,EMBRAER ERJ-170-200 (long wing),0
landing,JFK,04R,1789176993.92,2026-09-12T01:36:33Z,40.636002,-73.7621,30.9,a37fb0,N3241J,BCS3,AIRBUS A220-300,0
takeoff,LGA,22,1789177010.39,2026-09-12T01:36:50Z,40.775303,-73.877563,213.8,abe2f6,N865RW,E170,EMBRAER ERJ-170-100,0
landing,LGA,31,1789177012.56,2026-09-12T01:36:52Z,40.777409,-73.868263,295.3,a93d7c,N695CA,CRJ9,BOMBARDIER Regional Jet CRJ-900,0
takeoff,JFK,04L,1789177020.68,2026-09-12T01:37:00Z,40.627046,-73.781667,30.9,ac801e,N904XJ,CRJ9,BOMBARDIER Regional Jet CRJ-900,0
takeoff,LGA,22,1789177024.6,2026-09-12T01:37:04Z,40.770659,-73.881402,213.8,a123e3,N17265,B38M,BOEING 737 MAX 8,0
landing,JFK,04R,1789177079.83,2026-09-12T01:37:59Z,40.634228,-73.763458,30.9,a3549d,N3132J,BCS3,AIRBUS A220-300,0
takeoff,JFK,04L,1789177088.68,2026-09-12T01:38:08Z,40.627052,-73.781677,30.9,34754d,EC-OAY,A359,AIRBUS A-350-900,0
landing,LGA,31,1789177100.17,2026-09-12T01:38:20Z,40.778412,-73.870422,303.8,a4503d,N37700,B738,BOEING 737-800,0
landing,JFK,04R,1789177150.08,2026-09-12T01:39:10Z,40.637799,-73.760709,28.1,4cc577,TF-ICH,B38M,BOEING 737 MAX 8,0
takeoff,JFK,04L,1789177162.08,2026-09-12T01:39:22Z,40.627098,-73.781631,30.9,4006c4,G-VIIS,B772,BOEING 777-200,0
takeoff,LGA,22,1789177192.44,2026-09-12T01:39:52Z,40.772265,-73.880076,213.8,a8996b,N653RW,E170,EMBRAER ERJ-170-100,0
landing,JFK,04R,1789177229.88,2026-09-12T01:40:29Z,40.6367,-73.761536,30.9,acddf8,N928XJ,CRJ9,BOMBARDIER Regional Jet CRJ-900,0
takeoff,LGA,22,1789177282.69,2026-09-12T01:41:22Z,40.772186,-73.880142,213.8,a50cb7,N424YX,E75L,EMBRAER ERJ-170-200 (long wing),0
landing,LGA,31,1789177286.62,2026-09-12T01:41:26Z,40.778434,-73.870432,300.9,a37b5a,N323VK,B38M,BOEING 737 MAX 8,0
landing,JFK,04R,1789177321.14,2026-09-12T01:42:01Z,40.636665,-73.761566,28.1,acba30,N919XJ,CRJ9,BOMBARDIER Regional Jet CRJ-900,0
takeoff,JFK,04L,1789177370.93,2026-09-12T01:42:50Z,40.626114,-73.78241,30.9,a1e411,N2205J,A21N,AIRBUS A-321neo,0
landing,LGA,31,1789177373.69,2026-09-12T01:42:53Z,40.777462,-73.868408,303.8,a39243,N3291J,BCS3,AIRBUS A220-300,0
landing,JFK,04R,1789177393.99,2026-09-12T01:43:13Z,40.63726,-73.761108,30.9,ab6519,N833SK,CRJ9,BOMBARDIER Regional Jet CRJ-900,0
takeoff,JFK,31L,1789177486.72,2026-09-12T01:44:46Z,40.634102,-73.785233,300.9,a4fddb,N420YX,E75L,EMBRAER ERJ-170-200 (long wing),0
landing,JFK,04L,1789177491.56,2026-09-12T01:44:51Z,40.639778,-73.771711,30.9,780a1d,B-LJE,B748,BOEING 747-8,0
landing,LGA,31,1789177566.46,2026-09-12T01:46:06Z,40.777386,-73.868231,303.8,ac4c8a,N8918Q,B38M,BOEING 737 MAX 8,0
takeoff,LGA,22,1789177569.35,2026-09-12T01:46:09Z,40.772232,-73.880112,210.9,a4d65c,N410YX,E75L,EMBRAER ERJ-170-200 (long wing),0
takeoff,LGA,04,1789177604.55,2026-09-12T01:46:44Z,40.772106,-73.881714,30.9,a8b8ba,N661JB,A320,AIRBUS A-320,0
landing,JFK,04R,1789177651.36,2026-09-12T01:47:31Z,40.637287,-73.76113,30.9,a70f11,N554JB,A320,AIRBUS A-320,0
takeoff,JFK,04L,1789177666.06,2026-09-12T01:47:46Z,40.627139,-73.781605,30.9,a0f44c,N1602,B763,BOEING 767-300,0
landing,LGA,22,1789177718.05,2026-09-12T01:48:38Z,40.778946,-73.873241,239.1,a52cc8,N432YX,E75L,EMBRAER ERJ-170-200 (long wing),0
takeoff,JFK,04L,1789177733.06,2026-09-12T01:48:53Z,40.627767,-73.781121,30.9,4ca5c7,EI-DUZ,A333,AIRBUS A-330-300,0
takeoff,JFK,31L,1789177768.23,2026-09-12T01:49:28Z,40.635818,-73.789017,300.9,a854d0,N636JB,A320,AIRBUS A-320,0
landing,JFK,04R,1789177789.72,2026-09-12T01:49:49Z,40.637427,-73.760974,30.9,adde95,N993JE,A321,AIRBUS A-321,0
landing,LGA,31,1789177797.03,2026-09-12T01:49:57Z,40.778366,-73.870285,303.8,aa7e7c,N77538,B738,BOEING 737-800,0
takeoff,JFK,04L,1789177843.03,2026-09-12T01:50:43Z,40.623539,-73.784424,30.9,a0345f,N112HQ,E75L,EMBRAER ERJ-170-200 (long wing),0
landing,JFK,04R,1789177870.44,2026-09-12T01:51:10Z,40.636624,-73.76163,30.9,a38af8,N3272J,BCS3,AIRBUS A220-300,0
takeoff,JFK,13L,1789177904.8,2026-09-12T01:51:44Z,40.65239,-73.784012,160.3,4cc577,TF-ICH,B38M,BOEING 737 MAX 8,0
takeoff,JFK,13R,1789177921.1,2026-09-12T01:52:01Z,40.64938,-73.810333,84.4,a4ffe9,N421FX,E545,EMBRAER EMB545 Praetor 500,0
takeoff,LGA,22,1789177930.32,2026-09-12T01:52:10Z,40.772118,-73.880203,213.8,ab40f0,N824NN,B738,BOEING 737-800,0
takeoff,JFK,04L,1789177933.69,2026-09-12T01:52:13Z,40.626929,-73.781761,30.9,408121,G-VPIE,A339,AIRBUS A-330-900,0
landing,LGA,31,1789177977.11,2026-09-12T01:52:57Z,40.777336,-73.868118,300.9,a2c87e,N279FX,,,0
landing,JFK,04R,1789177984.69,2026-09-12T01:53:04Z,40.636682,-73.761567,30.9,89902f,B-16726,B77W,BOEING 777-300ER,0
takeoff,LGA,22,1789178062.25,2026-09-12T01:54:22Z,40.770355,-73.881699,216.6,ac12d6,N8771D,B38M,BOEING 737 MAX 8,0
takeoff,JFK,04L,1789178064.3,2026-09-12T01:54:24Z,40.626825,-73.781854,30.9,a03235,N111ZM,A321,AIRBUS A-321,0
landing,LGA,31,1789178066.39,2026-09-12T01:54:26Z,40.7772,-73.867841,300.9,abdf3f,N864RW,E170,EMBRAER ERJ-170-100,0
takeoff,LGA,22,1789178105.24,2026-09-12T01:55:05Z,40.772186,-73.880157,213.8,ac74f9,N901XJ,CRJ9,BOMBARDIER Regional Jet CRJ-900,0
landing,JFK,04R,1789178123.9,2026-09-12T01:55:23Z,40.636217,-73.761926,28.1,a2fe3c,N292PQ,CRJ9,BOMBARDIER Regional Jet CRJ-900,0
takeoff,JFK,04L,1789178130.6,2026-09-12T01:55:30Z,40.626812,-73.781876,30.9,a4c5d8,N4064J,A21N,AIRBUS A-321neo,0
landing,LGA,31,1789178147.0,2026-09-12T01:55:47Z,40.77734,-73.868138,298.1,a8f235,N676CA,CRJ9,BOMBARDIER Regional Jet CRJ-900,0
takeoff,JFK,31R,1789178156.51,2026-09-12T01:55:56Z,40.647005,-73.774832,258.8,adde95,N993JE,A321,AIRBUS A-321,0
takeoff,JFK,04L,1789178192.41,2026-09-12T01:56:32Z,40.626871,-73.781808,28.1,a7c849,N600LR,CRJ9,BOMBARDIER Regional Jet CRJ-900,0
landing,JFK,04R,1789178197.63,2026-09-12T01:56:37Z,40.64003,-73.758926,30.9,a35e9c,N316RK,B38M,BOEING 737 MAX 8,0
takeoff,JFK,04L,1789178285.32,2026-09-12T01:58:05Z,40.626972,-73.781738,30.9,a98445,N712JB,A320,AIRBUS A-320,0
landing,JFK,04R,1789178285.48,2026-09-12T01:58:05Z,40.636612,-73.761614,30.9,ac5cd7,N896NN,B738,BOEING 737-800,0
takeoff,LGA,22,1789178302.08,2026-09-12T01:58:22Z,40.772184,-73.880154,210.9,acf69b,N934XJ,CRJ9,BOMBARDIER Regional Jet CRJ-900,0
takeoff,LGA,22,1789178359.7,2026-09-12T01:59:19Z,40.770694,-73.881371,210.9,ac6266,N8975K,B38M,BOEING 737 MAX 8,0
landing,JFK,04R,1789178366.17,2026-09-12T01:59:26Z,40.636883,-73.761383,30.9,39d2b1,F-HUVR,A359,AIRBUS A-350-900,0
takeoff,JFK,04L,1789178452.52,2026-09-12T02:00:52Z,40.627011,-73.781698,30.9,3965b1,F-GZNR,B77W,BOEING 777-300ER,0
takeoff,LGA,31,1789178467.03,2026-09-12T02:01:07Z,40.777096,-73.871353,303.8,a1a56d,N205JQ,E75L,EMBRAER ERJ-170-200 (long wing),0
landing,JFK,04R,1789178494.65,2026-09-12T02:01:34Z,40.636682,-73.761567,30.9,a262ad,N253AK,B739,BOEING 737-900,0
takeoff,JFK,04L,1789178555.98,2026-09-12T02:02:35Z,40.62664,-73.781998,30.9,a9acb8,N722TW,B752,BOEING 757-200,0
landing,LGA,31,1789178574.58,2026-09-12T02:02:54Z,40.777279,-73.868027,300.9,a20d0e,N231JQ,E75L,EMBRAER ERJ-170-200 (long wing),0
landing,JFK,04R,1789178583.85,2026-09-12T02:03:03Z,40.634517,-73.763253,30.9,4005ba,G-VIIB,B772,BOEING 777-200,0
takeoff,JFK,31L,1789178656.38,2026-09-12T02:04:16Z,40.636059,-73.789566,300.9,ad1927,N943JT,A321,AIRBUS A-321,0
takeoff,LGA,22,1789178714.22,2026-09-12T02:05:14Z,40.772475,-73.879904,210.9,a305aa,N294PQ,CRJ9,BOMBARDIER Regional Jet CRJ-900,0
landing,LGA,31,1789178734.2,2026-09-12T02:05:34Z,40.777375,-73.868231,300.9,ab40ce,N824MD,E170,EMBRAER ERJ-170-100,0
takeoff,JFK,04L,1789178742.76,2026-09-12T02:05:42Z,40.627441,-73.781355,30.9,a99d89,N719AN,B77W,BOEING 777-300ER,0
landing,JFK,04R,1789178823.94,2026-09-12T02:07:03Z,40.635763,-73.762285,30.9,06a10d,A7-ALY,A359,AIRBUS A-350-900,0
landing,LGA,13,1789178846.62,2026-09-12T02:07:26Z,40.778595,-73.873123,137.8,a08e3c,N135EV,CRJ9,BOMBARDIER Regional Jet CRJ-900,0
takeoff,JFK,04L,1789178857.31,2026-09-12T02:07:37Z,40.627167,-73.78157,32.5,485b42,PH-BKA,B78X,BOEING 787-10 Dreamliner,0
landing,JFK,04R,1789178913.06,2026-09-12T02:08:33Z,40.636745,-73.761505,32.4,47ae38,LN-FNL,B789,BOEING 787-9 Dreamliner,0
takeoff,JFK,04L,1789179001.79,2026-09-12T02:10:01Z,40.627209,-73.781527,30.9,300a63,I-ITYE,A339,AIRBUS A-330-900,0
landing,JFK,04R,1789179053.68,2026-09-12T02:10:53Z,40.631305,-73.765749,29.6,a8db58,N67WE,H25C,RAYTHEON Hawker 1000,0
takeoff,LGA,22,1789179061.97,2026-09-12T02:11:01Z,40.772129,-73.880188,210.9,a3a0eb,N33292,B738,BOEING 737-800,0
takeoff,LGA,22,1789179074.57,2026-09-12T02:11:14Z,40.769193,-73.883478,244.7,a15c01,N187PQ,CRJ9,BOMBARDIER Regional Jet CRJ-900,0
takeoff,LGA,22,1789179080.74,2026-09-12T02:11:20Z,40.772242,-73.880092,210.9,a20957,N230JQ,E75L,EMBRAER ERJ-170-200 (long wing),0
landing,LGA,22,1789179130.31,2026-09-12T02:12:10Z,40.779018,-73.873108,250.3,c061a2,,,,
takeoff,JFK,04L,1789179149.9,2026-09-12T02:12:29Z,40.62786,-73.781043,30.9,a51601,N427DX,A339,AIRBUS A-330-900,0
landing,JFK,04R,1789179166.97,2026-09-12T02:12:46Z,40.635053,-73.762831,29.6,406d4c,G-VCRU,B789,BOEING 787-9 Dreamliner,0
takeoff,LGA,22,1789179190.23,2026-09-12T02:13:10Z,40.772301,-73.880051,210.9,ac0a75,N875RW,E170,EMBRAER ERJ-170-100,0
takeoff,JFK,31L,1789179197.39,2026-09-12T02:13:17Z,40.635899,-73.7892,300.9,a01fee,N107NN,A321,AIRBUS A-321,0
takeoff,JFK,04L,1789179262.79,2026-09-12T02:14:22Z,40.62679,-73.78187,30.9,495266,CS-TSF,A21N,AIRBUS A-321neo,0
takeoff,JFK,31L,1789179307.76,2026-09-12T02:15:07Z,40.635006,-73.787223,300.9,a35a37,N315JL,H25B,HAWKER BEECHCRAFT Hawker 750/850,0
landing,JFK,04R,1789179317.54,2026-09-12T02:15:17Z,40.639638,-73.759258,30.9,acb1e5,N917NN,B738,BOEING 737-800,0
landing,LGA,13,1789179406.05,2026-09-12T02:16:46Z,40.777748,-73.87146,165.9,abd41a,N861RW,E170,EMBRAER ERJ-170-100,0
takeoff,LGA,04,1789179413.46,2026-09-12T02:16:53Z,40.773491,-73.880569,30.9,a44e1c,N377DE,B738,BOEING 737-800,0
landing,JFK,04R,1789179432.31,2026-09-12T02:17:12Z,40.633598,-73.76397,30.9,a3cd58,N344NB,A319,AIRBUS A-319,0
takeoff,JFK,04L,1789179448.69,2026-09-12T02:17:28Z,40.626778,-73.781876,30.9,06a1bc,A7-BEF,B77W,BOEING 777-300ER,0
takeoff,JFK,04L,1789179528.59,2026-09-12T02:18:48Z,40.626883,-73.781792,30.9,4065de,G-STBF,B77W,BOEING 777-300ER,0
takeoff,LGA,04,1789179538.11,2026-09-12T02:18:58Z,40.772015,-73.88179,33.8,adcca6,N989AU,A321,AIRBUS A-321,0
takeoff,LGA,04,1789179603.8,2026-09-12T02:20:03Z,40.778736,-73.876237,30.9,a0f005,N16HA,FA7X,DASSAULT Falcon 7X,8
takeoff,LGA,04,1789179667.41,2026-09-12T02:21:07Z,40.773359,-73.880685,30.9,a32c3e,N303UE,B38M,,0
landing,JFK,04R,1789179685.12,2026-09-12T02:21:25Z,40.632876,-73.764532,30.9,ab0416,N809JB,A320,AIRBUS A-320,0
takeoff,JFK,04L,1789179699.1,2026-09-12T02:21:39Z,40.627244,-73.781511,33.8,a6152a,N491PX,CRJ9,BOMBARDIER Regional Jet CRJ-900,0
landing,LGA,31,1789179767.67,2026-09-12T02:22:47Z,40.777485,-73.868423,303.8,a44291,N3739P,B738,BOEING 737-800,0
takeoff,JFK,04L,1789179792.98,2026-09-12T02:23:12Z,40.627581,-73.781246,30.9,71be46,HL7646,B744,BOEING 747-400,0
takeoff,LGA,04,1789179821.42,2026-09-12T02:23:41Z,40.773394,-73.880653,30.9,c06724,C-GNBN,BCS3,AIRBUS A220-300,0
takeoff,JFK,04L,1789179870.05,2026-09-12T02:24:30Z,40.627029,-73.781677,30.9,780c5b,B-2091,B77L,BOEING 777-200LR,0
landing,JFK,04R,1789179916.0,2026-09-12T02:25:16Z,40.636601,-73.76163,30.9,a21833,N234JQ,E75L,EMBRAER ERJ-170-200 (long wing),0
landing,LGA,31,1789179939.55,2026-09-12T02:25:39Z,40.777256,-73.867966,300.9,a449e5,N3758Y,B738,BOEING 737-800,0
takeoff,JFK,31L,1789179940.26,2026-09-12T02:25:40Z,40.636205,-73.789891,300.9,a39fe4,N3322J,,,0
takeoff,JFK,04L,1789179980.91,2026-09-12T02:26:20Z,40.627281,-73.781494,30.9,ab5d2c,N831MH,B764,BOEING 767-400,0
takeoff,LGA,22,1789179996.26,2026-09-12T02:26:36Z,40.772556,-73.879826,210.9,a34825,N310PQ,CRJ9,BOMBARDIER Regional Jet CRJ-900,0
landing,JFK,04R,1789180000.18,2026-09-12T02:26:40Z,40.637043,-73.761307,30.9,86953e,JA794A,B77W,BOEING 777-300ER,0
takeoff,JFK,31L,1789180034.18,2026-09-12T02:27:14Z,40.635487,-73.788315,300.9,a32bba,N303NY,A21N,AIRBUS A-321neo,0
landing,LGA,31,1789180093.53,2026-09-12T02:28:13Z,40.777393,-73.868256,300.9,a466d2,N383DZ,A321,AIRBUS A-321,0
takeoff,JFK,04L,1789180112.83,2026-09-12T02:28:32Z,40.626915,-73.781784,30.9,a336f0,N306PQ,CRJ9,BOMBARDIER Regional Jet CRJ-900,0
landing,JFK,04R,1789180142.12,2026-09-12T02:29:02Z,40.63512,-73.762772,30.9,ad79e8,N968AK,B39M,BOEING 737 MAX 9,0
takeoff,JFK,04L,1789180169.58,2026-09-12T02:29:29Z,40.623717,-73.784273,30.9,a50549,N422YX,E75L,EMBRAER ERJ-170-200 (long wing),0
landing,JFK,04R,1789180281.88,2026-09-12T02:31:21Z,40.63504,-73.762833,30.9,ad727d,N966AN,B738,BOEING 737-800,0
takeoff,JFK,04R,1789180281.88,2026-09-12T02:31:21Z,40.63504,-73.762833,30.9,ad727d,N966AN,B738,BOEING 737-800,0
landing,JFK,04R,1789180282.37,2026-09-12T02:31:22Z,40.635227,-73.762691,30.9,ad727d,N966AN,B738,BOEING 737-800,0
takeoff,LGA,04,1789180289.2,2026-09-12T02:31:29Z,40.770741,-73.882838,28.1,a31486,N298PQ,CRJ9,BOMBARDIER Regional Jet CRJ-900,0
takeoff,LGA,22,1789180358.16,2026-09-12T02:32:38Z,40.769211,-73.883408,244.7,a2a26d,N269WN,B737,BOEING 737-700,0
landing,JFK,04R,1789180400.86,2026-09-12T02:33:20Z,40.634525,-73.76326,30.9,a091f3,N136EV,CRJ9,BOMBARDIER Regional Jet CRJ-900,0
takeoff,JFK,04L,1789180425.08,2026-09-12T02:33:45Z,40.628414,-73.780579,32.5,3462c9,EC-NEI,B789,BOEING 787-9 Dreamliner,0
takeoff,JFK,04L,1789180477.92,2026-09-12T02:34:37Z,40.627991,-73.780975,30.9,8963f2,A6-EOU,A388,AIRBUS A-380-800,0
landing,LGA,31,1789180551.6,2026-09-12T02:35:51Z,40.777235,-73.867935,300.9,c080d9,C-GWUQ,BCS3,AIRBUS A220-300,0
landing,LGA,31,1789180677.66,2026-09-12T02:37:57Z,40.777351,-73.868169,303.8,a339b1,N307DU,BCS3,AIRBUS A220-300,0
takeoff,JFK,04L,1789180704.48,2026-09-12T02:38:24Z,40.626964,-73.781745,30.9,a37f8d,N3240J,BCS3,,0
takeoff,LGA,04,1789180736.61,2026-09-12T02:38:56Z,40.773406,-73.880653,33.8,a93d7c,N695CA,CRJ9,BOMBARDIER Regional Jet CRJ-900,0
landing,JFK,04R,1789180742.14,2026-09-12T02:39:02Z,40.637532,-73.760896,30.9,a67bc8,N517DN,A21N,AIRBUS A-321neo,0
takeoff,JFK,04L,1789180773.52,2026-09-12T02:39:33Z,40.626778,-73.781901,30.9,a7da9c,N605JB,A320,AIRBUS A-320,0
takeoff,JFK,04L,1789180821.83,2026-09-12T02:40:21Z,40.62759,-73.78125,30.9,a15b05,N187DN,B763,BOEING 767-300,0
takeoff,JFK,04L,1789180891.08,2026-09-12T02:41:31Z,40.62751,-73.781296,30.9,8966d3,A6-XWJ,A35K,AIRBUS A-350-1000,0
landing,JFK,04R,1789180912.34,2026-09-12T02:41:52Z,40.636654,-73.761581,30.9,add734,N991JT,A321,AIRBUS A-321,0
landing,LGA,31,1789180937.77,2026-09-12T02:42:17Z,40.778366,-73.870285,300.9,abe101,N8647A,B738,BOEING 737-800,0
takeoff,JFK,04L,1789180970.45,2026-09-12T02:42:50Z,40.627052,-73.781662,30.9,76cce4,9V-SGD,A359,AIRBUS A-350-900,0
takeoff,LGA,04,1789180989.55,2026-09-12T02:43:09Z,40.773296,-73.880753,30.9,a37b5a,N323VK,B38M,BOEING 737 MAX 8,0
takeoff,JFK,04L,1789181037.76,2026-09-12T02:43:57Z,40.627255,-73.781464,29.6,44012f,OE-LPL,B789,BOEING 787-9 Dreamliner,0
landing,LGA,31,1789181097.16,2026-09-12T02:44:57Z,40.777305,-73.868091,298.1,a7dadc,N605LR,CRJ9,BOMBARDIER Regional Jet CRJ-900,0
landing,JFK,04R,1789181162.75,2026-09-12T02:46:02Z,40.636837,-73.761459,30.9,4ba949,TC-JJI,B77W,BOEING 777-300ER,0
landing,LGA,31,1789181164.86,2026-09-12T02:46:04Z,40.778343,-73.870224,300.9,ac250b,N8818Q,B38M,BOEING 737 MAX 8,0
takeoff,JFK,04L,1789181174.38,2026-09-12T02:46:14Z,40.626503,-73.782104,30.9,a85ff5,N639JB,A320,AIRBUS A-320,0
takeoff,JFK,04L,1789181237.92,2026-09-12T02:47:17Z,40.626406,-73.782182,28.1,a39ada,N331PQ,CRJ9,BOMBARDIER Regional Jet CRJ-900,0
takeoff,JFK,04L,1789181300.07,2026-09-12T02:48:20Z,40.627302,-73.78148,30.9,a38e69,N3280J,BCS3,AIRBUS A220-300,0
landing,LGA,31,1789181346.46,2026-09-12T02:49:06Z,40.778458,-73.870468,300.9,a210c5,N232JQ,E75L,EMBRAER ERJ-170-200 (long wing),0
landing,LGA,31,1789181396.55,2026-09-12T02:49:56Z,40.777519,-73.8685,300.9,a8c028,N663JB,A320,AIRBUS A-320,0
takeoff,JFK,04L,1789181420.0,2026-09-12T02:50:20Z,40.626617,-73.781952,30.9,a8259b,N624FE,MD11,MCDONNELL-DOUGLAS MD-11,0
landing,JFK,13R,1789181468.62,2026-09-12T02:51:08Z,40.649123,-73.812129,163.1,a4ffe9,N421FX,E545,EMBRAER EMB545 Praetor 500,0
takeoff,JFK,04L,1789181516.83,2026-09-12T02:51:56Z,40.627464,-73.781342,30.9,a173a8,N193DN,B763,BOEING 767-300,0
landing,LGA,31,1789181607.4,2026-09-12T02:53:27Z,40.777503,-73.868481,303.8,aca3a3,N913US,A321,AIRBUS A-321,0
takeoff,JFK,04L,1789181617.89,2026-09-12T02:53:37Z,40.626848,-73.781854,30.9,ab80f4,N840MH,B764,BOEING 767-400,0
takeoff,JFK,04L,1789181801.1,2026-09-12T02:56:41Z,40.626825,-73.781839,30.9,aa7c64,N775JB,A320,AIRBUS A-320,0
takeoff,JFK,04L,1789181857.13,2026-09-12T02:57:37Z,40.627569,-73.781277,30.9,a349be,N3104J,BCS3,AIRBUS A220-300,0
landing,LGA,31,1789181915.27,2026-09-12T02:58:35Z,40.77734,-73.868122,303.8,a46304,N382DA,B738,BOEING 737-800,0
takeoff,JFK,04L,1789181930.69,2026-09-12T02:58:50Z,40.627139,-73.781589,30.9,a51d6f,N429DX,A339,,0
takeoff,JFK,22R,1789181957.48,2026-09-12T02:59:17Z,40.630669,-73.780716,210.9,a4ffe9,N421FX,E545,EMBRAER EMB545 Praetor 500,0
landing,JFK,22R,1789181960.1,2026-09-12T02:59:20Z,40.630479,-73.780871,210.9,a4ffe9,N421FX,E545,EMBRAER EMB545 Praetor 500,0
landing,LGA,31,1789182025.56,2026-09-12T03:00:25Z,40.779533,-73.872711,300.9,a1f46b,N225JQ,E75L,EMBRAER ERJ-170-200 (long wing),0
landing,JFK,04R,1789182027.52,2026-09-12T03:00:27Z,40.635379,-73.762597,30.9,acf89f,N935DZ,B739,,0
takeoff,JFK,04L,1789182055.43,2026-09-12T03:00:55Z,40.626663,-73.781982,30.9,a6a3c2,N527JL,A320,AIRBUS A-320,0
landing,LGA,31,1789182110.05,2026-09-12T03:01:50Z,40.777313,-73.868118,303.8,ac538f,N8935Q,B38M,,0
takeoff,JFK,04L,1789182125.55,2026-09-12T03:02:05Z,40.628185,-73.780777,30.9,3c64ef,D-AIGO,A343,AIRBUS A-340-300,0
landing,LGA,31,1789182233.6,2026-09-12T03:03:53Z,40.77848,-73.870494,300.9,a4c170,N405YX,E75L,EMBRAER ERJ-170-200 (long wing),0
landing,JFK,04R,1789182236.88,2026-09-12T03:03:56Z,40.638725,-73.759979,30.9,06a081,A7-BFC,B77L,BOEING 777-200LR,0
takeoff,JFK,04L,1789182256.16,2026-09-12T03:04:16Z,40.626045,-73.782471,30.9,a4ffe9,N421FX,E545,EMBRAER EMB545 Praetor 500,0
takeoff,LGA,22,1789182261.43,2026-09-12T03:04:21Z,40.776604,-73.882202,177.2,a2c87e,N279FX,,,0
takeoff,JFK,04L,1789182349.74,2026-09-12T03:05:49Z,40.637788,-73.773271,30.9,a0c238,N148UP,A306,AIRBUS A-300-600,0
landing,LGA,31,1789182351.26,2026-09-12T03:05:51Z,40.777433,-73.868309,303.8,a2454f,N24526,A21N,,0
landing,JFK,04R,1789182352.53,2026-09-12T03:05:52Z,40.637444,-73.760986,30.9,a120fe,N172DZ,B763,BOEING 767-300,0
takeoff,JFK,04L,1789182438.74,2026-09-12T03:07:18Z,40.62672,-73.781917,30.9,a752ea,N571JB,A320,AIRBUS A-320,0
landing,JFK,04R,1789182486.76,2026-09-12T03:08:06Z,40.639231,-73.759601,30.9,a03bcd,N114HQ,E75L,EMBRAER ERJ-170-200 (long wing),0
landing,LGA,31,1789182497.13,2026-09-12T03:08:17Z,40.7777,-73.868871,300.9,ac2bd4,N88330,E75L,EMBRAER ERJ-170-200 (long wing),0
takeoff,JFK,04L,1789182561.62,2026-09-12T03:09:21Z,40.627988,-73.780934,30.9,4952a1,CS-TUA,A339,AIRBUS A-330-900,0
landing,JFK,04R,1789182566.73,2026-09-12T03:09:26Z,40.636425,-73.761749,30.9,a64ce6,N505DZ,A21N,AIRBUS A-321neo,0
landing,LGA,31,1789182587.76,2026-09-12T03:09:47Z,40.778446,-73.870468,300.9,ac4ffb,N8926Q,B38M,BOEING 737 MAX 8,0
takeoff,JFK,04L,1789182708.25,2026-09-12T03:11:48Z,40.629089,-73.780136,30.9,89639c,A6-EOC,A388,AIRBUS A-380-800,0
landing,JFK,04R,1789182712.49,2026-09-12T03:11:52Z,40.63496,-73.762924,30.9,a337b9,N306XR,,,0
landing,LGA,31,1789182749.48,2026-09-12T03:12:29Z,40.777393,-73.868256,300.9,a239e0,N24202,B738,BOEING 737-800,0
takeoff,JFK,04L,1789182848.99,2026-09-12T03:14:08Z,40.627613,-73.781189,30.9,461f08,OH-LTO,A333,AIRBUS A-330-300,0
landing,LGA,31,1789182875.1,2026-09-12T03:14:35Z,40.778329,-73.870229,303.8,a01bbc,N106HQ,E75L,EMBRAER ERJ-170-200 (long wing),0
landing,JFK,04R,1789182876.46,2026-09-12T03:14:36Z,40.637869,-73.760646,30.9,add376,N990JL,A321,AIRBUS A-321,0
landing,JFK,13L,1789182902.43,2026-09-12T03:15:02Z,40.652504,-73.783493,87.2,4cc577,TF-ICH,B38M,BOEING 737 MAX 8,0
landing,LGA,31,1789182947.77,2026-09-12T03:15:47Z,40.778881,-73.871368,300.9,add66d,N991AU,A321,AIRBUS A-321,0
takeoff,JFK,04L,1789182977.23,2026-09-12T03:16:17Z,40.627041,-73.781693,30.9,acba30,N919XJ,CRJ9,BOMBARDIER Regional Jet CRJ-900,0
landing,JFK,04R,1789183009.2,2026-09-12T03:16:49Z,40.636019,-73.762082,30.9,a7b7c5,N597DT,A21N,AIRBUS A-321neo,0
landing,LGA,31,1789183048.11,2026-09-12T03:17:28Z,40.777281,-73.868028,303.8,acd64b,N926UW,A321,AIRBUS A-321,0
takeoff,JFK,04L,1789183049.45,2026-09-12T03:17:29Z,40.626457,-73.78215,30.9,ab6519,N833SK,CRJ9,BOMBARDIER Regional Jet CRJ-900,0
landing,JFK,04R,1789183108.49,2026-09-12T03:18:28Z,40.63607,-73.762054,30.9,a3ca01,N343RY,B38M,BOEING 737 MAX 8,0
takeoff,JFK,04L,1789183163.07,2026-09-12T03:19:23Z,40.627373,-73.781433,30.9,3481d5,EC-OJL,B772,BOEING 777-200,0
landing,LGA,31,1789183167.54,2026-09-12T03:19:27Z,40.77734,-73.868169,303.8,a0103b,N103DY,A321,AIRBUS A-321,0
landing,JFK,04R,1789183239.95,2026-09-12T03:20:39Z,40.634459,-73.763315,32.4,aa9451,N781AV,B788,BOEING 787-8 Dreamliner,0
takeoff,JFK,04L,1789183281.47,2026-09-12T03:21:21Z,40.627808,-73.781082,30.9,a54137,N438DX,A339,AIRBUS A-330-900,0
landing,LGA,31,1789183330.33,2026-09-12T03:22:10Z,40.777222,-73.867889,303.8,ab83e8,N841DN,B739,BOEING 737-900,0
landing,LGA,31,1789183446.59,2026-09-12T03:24:06Z,40.778364,-73.87026,300.9,a3c51a,N342DU,,,0
takeoff,JFK,04L,1789183474.43,2026-09-12T03:24:34Z,40.627197,-73.781542,30.9,4cc577,TF-ICH,B38M,BOEING 737 MAX 8,0
landing,LGA,31,1789183525.15,2026-09-12T03:25:25Z,40.777348,-73.868179,303.8,abde0b,N864DN,B739,BOEING 737-900,0
landing,JFK,04R,1789183545.24,2026-09-12T03:25:45Z,40.637148,-73.761208,30.9,abece7,N868DN,B739,BOEING 737-900,0
takeoff,JFK,04L,1789183594.8,2026-09-12T03:26:34Z,40.626572,-73.782059,28.1,a091f3,N136EV,CRJ9,BOMBARDIER Regional Jet CRJ-900,0
landing,LGA,31,1789183608.71,2026-09-12T03:26:48Z,40.778259,-73.870073,303.8,abb8ea,N8542Z,B738,BOEING 737-800,0
landing,JFK,04R,1789183628.58,2026-09-12T03:27:08Z,40.634731,-73.763107,30.9,ad2095,N945JT,A321,AIRBUS A-321,0
landing,LGA,31,1789183717.61,2026-09-12T03:28:37Z,40.777382,-73.86821,300.9,a12403,N17272,B38M,BOEING 737 MAX 8,0
landing,JFK,04R,1789183741.68,2026-09-12T03:29:01Z,40.635509,-73.762497,30.9,aae9a3,N802DN,B739,BOEING 737-900,0
takeoff,LGA,04,1789183779.7,2026-09-12T03:29:39Z,40.773331,-73.880707,33.8,a4503d,N37700,B738,BOEING 737-800,0
landing,LGA,31,1789183848.7,2026-09-12T03:30:48Z,40.778515,-73.870619,303.8,a44a6d,N376DN,A321,AIRBUS A-321,0
takeoff,JFK,04L,1789183913.19,2026-09-12T03:31:53Z,40.626778,-73.781876,30.9,4cae32,EI-XLU,A21N,AIRBUS A-321neo,0
landing,JFK,04R,1789184125.1,2026-09-12T03:35:25Z,40.635786,-73.762269,30.9,0c6061,9Y-TTO,B38M,BOEING 737 MAX 8,0
takeoff,JFK,04L,1789184195.79,2026-09-12T03:36:35Z,40.627087,-73.781631,30.9,ad9ac9,N976JT,A321,AIRBUS A-321,0
takeoff,JFK,04L,1789184278.12,2026-09-12T03:37:58Z,40.627523,-73.781293,30.9,39cf12,F-HTYS,A359,AIRBUS A-350-900,0
landing,JFK,04L,1789184278.45,2026-09-12T03:37:58Z,40.627651,-73.781199,30.9,39cf12,F-HTYS,A359,AIRBUS A-350-900,0
takeoff,JFK,04L,1789184278.45,2026-09-12T03:37:58Z,40.627651,-73.781199,30.9,39cf12,F-HTYS,A359,AIRBUS A-350-900,0
landing,JFK,04R,1789184427.27,2026-09-12T03:40:27Z,40.636196,-73.761948,30.9,a389eb,N327SK,B38M,BOEING 737 MAX 8,0
takeoff,JFK,04L,1789184527.44,2026-09-12T03:42:07Z,40.627022,-73.781698,30.9,aaae4b,N788AN,B772,BOEING 777-200,0
landing,LGA,31,1789184612.42,2026-09-12T03:43:32Z,40.77848,-73.870479,300.9,c0440e,C-FZUB,A320,AIRBUS A-320,0
landing,JFK,04R,1789184775.24,2026-09-12T03:46:15Z,40.63461,-73.763175,30.9,aa7bae,N775AV,A20N,AIRBUS A-320neo,0
landing,JFK,04R,1789184913.77,2026-09-12T03:48:33Z,40.636135,-73.761989,30.9,a5a38e,N4621K,A333,,0
takeoff,LGA,04,1789185008.95,2026-09-12T03:50:08Z,40.770811,-73.882791,30.9,c061a2,,,,
landing,JFK,13R,1789185107.41,2026-09-12T03:51:47Z,40.634514,-73.783249,163.1,e80212,CC-CXC,B763,BOEING 767-300,0
landing,JFK,04R,1789185159.56,2026-09-12T03:52:39Z,40.634743,-73.763077,30.9,a38211,N325NB,A319,AIRBUS A-319,0
landing,JFK,04L,1789185272.56,2026-09-12T03:54:32Z,40.636217,-73.77452,30.9,a39338,N3298J,,,0
landing,JFK,04R,1789185354.56,2026-09-12T03:55:54Z,40.636368,-73.76181,30.9,a3c60d,N342PM,B738,BOEING 737-800,0
takeoff,JFK,04L,1789185395.9,2026-09-12T03:56:35Z,40.627162,-73.781574,29.6,407af2,G-ZBLG,B78X,BOEING 787-10 Dreamliner,0
landing,LGA,31,1789185396.2,2026-09-12T03:56:36Z,40.777316,-73.868091,300.9,a8bf73,N663AW,A320,AIRBUS A-320,0
takeoff,JFK,04L,1789185396.42,2026-09-12T03:56:36Z,40.627361,-73.781418,29.6,407af2,G-ZBLG,B78X,BOEING 787-10 Dreamliner,0
takeoff,LGA,04,1789185465.89,2026-09-12T03:57:45Z,40.773487,-73.880575,30.9,a46304,N382DA,B738,BOEING 737-800,0
landing,JFK,04R,1789185483.28,2026-09-12T03:58:03Z,40.635292,-73.762634,30.9,e80464,CC-BHG,A20N,AIRBUS A-320neo,0
takeoff,JFK,04L,1789185558.49,2026-09-12T03:59:18Z,40.627144,-73.781586,30.9,e80212,CC-CXC,B763,BOEING 767-300,0
takeoff,JFK,04L,1789185629.59,2026-09-12T04:00:29Z,40.626918,-73.781808,30.9,a13386,N177DN,B763,BOEING 767-300,0
landing,JFK,04R,1789185638.31,2026-09-12T04:00:38Z,40.634754,-73.763077,30.9,a35b81,N315XR,,,0
landing,JFK,04R,1789185889.24,2026-09-12T04:04:49Z,40.633773,-73.76383,30.9,a6709b,N514DE,A21N,AIRBUS A-321neo,0
landing,JFK,04R,1789186033.47,2026-09-12T04:07:13Z,40.637203,-73.761154,30.9,a44502,N3740C,B738,BOEING 737-800,0
landing,LGA,31,1789186052.45,2026-09-12T04:07:32Z,40.778399,-73.870401,303.8,a03f1e,N115DN,A321,AIRBUS A-321,0
takeoff,JFK,04L,1789186086.14,2026-09-12T04:08:06Z,40.626534,-73.782089,30.9,a0f0f1,N16SM,H25B,HAWKER BEECHCRAFT Hawker 750/850,8
takeoff,JFK,04L,1789186222.26,2026-09-12T04:10:22Z,40.627201,-73.781555,30.9,3c70c2,D-ALFB,B77L,BOEING 777-200LR,0
takeoff,JFK,04L,1789186443.48,2026-09-12T04:14:03Z,40.627255,-73.781511,30.9,a5cd55,N473MC,B744,BOEING 747-400,0
takeoff,JFK,04L,1789186615.78,2026-09-12T04:16:55Z,40.626595,-73.782013,30.9,a0f4f6,N16065,B763,BOEING 767-300,0
landing,JFK,04R,1789186791.36,2026-09-12T04:19:51Z,40.635413,-73.762566,30.9,a3d4c6,N346NB,A319,AIRBUS A-319,0
landing,LGA,31,1789187778.3,2026-09-12T04:36:18Z,40.778435,-73.870407,303.8,a32861,N302SS,B38M,BOEING 737 MAX 8,0
takeoff,JFK,04L,1789187928.88,2026-09-12T04:38:48Z,40.627213,-73.781555,30.9,a44ca0,N3761R,B738,BOEING 737-800,0
takeoff,JFK,04L,1789188078.03,2026-09-12T04:41:18Z,40.627373,-73.781387,29.6,47ae38,LN-FNL,B789,BOEING 787-9 Dreamliner,0
landing,JFK,04R,1789188091.3,2026-09-12T04:41:31Z,40.635452,-73.762527,30.9,a6b833,N532DN,A21N,AIRBUS A-321neo,0
landing,JFK,04R,1789188506.31,2026-09-12T04:48:26Z,40.633118,-73.764328,30.9,a78cfc,N586JB,A320,AIRBUS A-320,0
landing,JFK,04R,1789188614.34,2026-09-12T04:50:14Z,40.637008,-73.761318,30.9,aa7f65,N776AV,A20N,AIRBUS A-320neo,0
landing,LGA,31,1789188717.72,2026-09-12T04:51:57Z,40.778503,-73.870575,303.8,acb0b9,N917AN,B738,BOEING 737-800,0
landing,JFK,04R,1789188718.08,2026-09-12T04:51:58Z,40.636974,-73.761383,30.9,a683a8,N519JB,A320,AIRBUS A-320,0
takeoff,JFK,04L,1789188879.76,2026-09-12T04:54:39Z,40.627686,-73.781183,30.9,780a1d,B-LJE,B748,BOEING 747-8,0
landing,JFK,04R,1789189019.95,2026-09-12T04:56:59Z,40.635413,-73.762566,30.9,a350c3,N3121J,BCS3,AIRBUS A220-300,0
landing,LGA,31,1789189076.53,2026-09-12T04:57:56Z,40.778492,-73.87056,300.9,a114f4,N169UW,A321,AIRBUS A-321,0
takeoff,JFK,04L,1789189144.75,2026-09-12T04:59:04Z,40.627057,-73.781667,29.6,a8db58,N67WE,H25C,RAYTHEON Hawker 1000,0
landing,LGA,31,1789189227.29,2026-09-12T05:00:27Z,40.778423,-73.870422,303.8,a4e538,N414YX,E75L,EMBRAER ERJ-170-200 (long wing),0
landing,JFK,04R,1789189404.54,2026-09-12T05:03:24Z,40.637962,-73.760553,30.9,acf48c,N934AG,A20N,AIRBUS A-320neo,0
takeoff,JFK,04L,1789189884.98,2026-09-12T05:11:24Z,40.626929,-73.781792,30.9,780cb1,B-2008,B77W,BOEING 777-300ER,0
landing,JFK,04R,1789189937.38,2026-09-12T05:12:17Z,40.636871,-73.761429,30.9,a3d90a,N347TT,B38M,BOEING 737 MAX 8,0
takeoff,JFK,04L,1789190051.22,2026-09-12T05:14:11Z,40.626823,-73.78186,30.9,71c011,HL8011,B77W,BOEING 777-300ER,0
takeoff,JFK,04L,1789190197.09,2026-09-12T05:16:37Z,40.626964,-73.78173,30.9,06a10d,A7-ALY,A359,AIRBUS A-350-900,0
landing,LGA,31,1789190283.82,2026-09-12T05:18:03Z,40.777473,-73.868408,303.8,a44d62,N3767,B738,BOEING 737-800,0
landing,JFK,04R,1789190310.52,2026-09-12T05:18:30Z,40.638222,-73.760376,30.9,0c20ac,HP-1842CMP,B738,BOEING 737-800,0
takeoff,JFK,04L,1789190323.53,2026-09-12T05:18:43Z,40.626881,-73.781799,30.9,a39338,N3298J,,,0
takeoff,JFK,04L,1789190560.76,2026-09-12T05:22:40Z,40.627756,-73.781121,30.9,39d2b1,F-HUVR,A359,AIRBUS A-350-900,0
landing,JFK,04R,1789190877.44,2026-09-12T05:27:57Z,40.633484,-73.764069,30.9,a7fa3b,N613DN,A21N,AIRBUS A-321neo,0
landing,JFK,04R,1789191088.28,2026-09-12T05:31:28Z,40.636333,-73.761841,30.9,a988f0,N713TW,B752,BOEING 757-200,0
takeoff,JFK,04L,1789191198.6,2026-09-12T05:33:18Z,40.626662,-73.781995,30.9,4ba949,TC-JJI,B77W,BOEING 777-300ER,0
landing,JFK,04R,1789191325.38,2026-09-12T05:35:25Z,40.636484,-73.761708,30.9,acffbe,N937AV,A20N,AIRBUS A-320neo,0
takeoff,JFK,04L,1789191982.03,2026-09-12T05:46:22Z,40.626606,-73.782013,30.9,89902f,B-16726,B77W,BOEING 777-300ER,0
landing,JFK,04R,1789192045.3,2026-09-12T05:47:25Z,40.63765,-73.760818,30.9,a740ff,N567AV,A320,AIRBUS A-320,0
takeoff,JFK,04L,1789192123.7,2026-09-12T05:48:43Z,40.627127,-73.781589,32.5,aa9451,N781AV,B788,BOEING 787-8 Dreamliner,0
takeoff,JFK,04L,1789192360.42,2026-09-12T05:52:40Z,40.625793,-73.782669,30.9,e80464,CC-BHG,A20N,AIRBUS A-320neo,0
landing,JFK,04L,1789192360.94,2026-09-12T05:52:40Z,40.626022,-73.782471,30.9,e80464,CC-BHG,A20N,AIRBUS A-320neo,0
takeoff,JFK,04L,1789192360.94,2026-09-12T05:52:40Z,40.626022,-73.782471,30.9,e80464,CC-BHG,A20N,AIRBUS A-320neo,0
landing,JFK,04L,1789192901.07,2026-09-12T06:01:41Z,40.63603,-73.77466,30.9,a96ecb,N707CK,B744,BOEING 747-400,0
takeoff,JFK,04L,1789193055.19,2026-09-12T06:04:15Z,40.627522,-73.781281,30.9,71be34,HL7634,A388,AIRBUS A-380-800,0
takeoff,JFK,04L,1789193214.09,2026-09-12T06:06:54Z,40.626057,-73.78244,30.9,86953e,JA794A,B77W,BOEING 777-300ER,0
takeoff,JFK,04L,1789193364.58,2026-09-12T06:09:24Z,40.626549,-73.782059,30.9,8406d0,JA01WJ,A35K,AIRBUS A-350-1000,0
takeoff,JFK,04L,1789193459.56,2026-09-12T06:10:59Z,40.626336,-73.782229,30.9,06a081,A7-BFC,B77L,BOEING 777-200LR,0
takeoff,JFK,04L,1789193609.27,2026-09-12T06:13:29Z,40.626549,-73.782074,30.9,789216,B-LXD,A35K,AIRBUS A-350-1000,0
landing,JFK,04R,1789194130.4,2026-09-12T06:22:10Z,40.632038,-73.765219,30.9,ad4d12,N956XV,A21N,,0
takeoff,JFK,04L,1789194688.96,2026-09-12T06:31:28Z,40.627281,-73.781479,30.9,a5a38e,N4621K,A333,,0
landing,JFK,04R,1789194731.44,2026-09-12T06:32:11Z,40.632774,-73.764603,30.9,acab54,N915XJ,CRJ9,BOMBARDIER Regional Jet CRJ-900,0
takeoff,JFK,04L,1789195028.91,2026-09-12T06:37:08Z,40.625731,-73.782697,30.9,aa7f65,N776AV,A20N,AIRBUS A-320neo,0
landing,JFK,04L,1789195029.45,2026-09-12T06:37:09Z,40.625896,-73.782578,30.9,aa7f65,N776AV,A20N,AIRBUS A-320neo,0
takeoff,JFK,04L,1789195029.45,2026-09-12T06:37:09Z,40.625896,-73.782578,30.9,aa7f65,N776AV,A20N,AIRBUS A-320neo,0
landing,JFK,04R,1789195185.31,2026-09-12T06:39:45Z,40.63361,-73.763986,30.9,a042d5,N116DN,A321,AIRBUS A-321,0
landing,JFK,04R,1789196625.48,2026-09-12T07:03:45Z,40.63702,-73.761307,30.9,ad1c67,N944DZ,B739,,0
takeoff,JFK,04L,1789196735.71,2026-09-12T07:05:35Z,40.626976,-73.781745,30.9,0c20ac,HP-1842CMP,B738,BOEING 737-800,0
landing,JFK,04R,1789197296.18,2026-09-12T07:14:56Z,40.634182,-73.763519,30.9,acb82e,N919AV,A20N,,0
takeoff,JFK,04L,1789197619.44,2026-09-12T07:20:19Z,40.625999,-73.782501,30.9,acf48c,N934AG,A20N,AIRBUS A-320neo,0
landing,JFK,04L,1789197734.26,2026-09-12T07:22:14Z,40.633458,-73.776673,30.9,0c2084,HP-1828CMP,B738,BOEING 737-800,0
takeoff,JFK,04L,1789198053.54,2026-09-12T07:27:33Z,40.625942,-73.782532,30.9,acffbe,N937AV,A20N,AIRBUS A-320neo,0
takeoff,JFK,04L,1789199363.67,2026-09-12T07:49:23Z,40.62672,-73.781932,30.9,89659c,A6-XWF,A35K,AIRBUS A-350-1000,0
takeoff,JFK,04L,1789199502.6,2026-09-12T07:51:42Z,40.626629,-73.782028,30.9,a740ff,N567AV,A320,AIRBUS A-320,0
landing,JFK,04L,1789200185.24,2026-09-12T08:03:05Z,40.634342,-73.77597,30.9,a95ca4,N702GT,B77L,BOEING 777-200LR,0
landing,JFK,04L,1789200185.84,2026-09-12T08:03:05Z,40.634552,-73.775799,30.9,a95ca4,N702GT,B77L,BOEING 777-200LR,0
landing,JFK,04R,1789201328.66,2026-09-12T08:22:08Z,40.635338,-73.762619,29.6,4bb1a4,TC-LMD,B789,BOEING 787-9 Dreamliner,0
landing,JFK,04R,1789201499.26,2026-09-12T08:24:59Z,40.635326,-73.762604,30.9,ada227,N978JB,A321,AIRBUS A-321,0
landing,JFK,04R,1789201631.2,2026-09-12T08:27:11Z,40.63353,-73.764023,30.9,a6b4f7,N531JL,A320,AIRBUS A-320,0
landing,JFK,04R,1789201877.42,2026-09-12T08:31:17Z,40.632362,-73.764954,30.9,a1dab3,N2188J,A21N,AIRBUS A-321neo,0
landing,JFK,04L,1789202671.01,2026-09-12T08:44:31Z,40.634159,-73.776123,30.9,0c605e,9Y-CAL,B38M,BOEING 737 MAX 8,0
landing,JFK,04R,1789202775.51,2026-09-12T08:46:15Z,40.635143,-73.762787,30.9,ad562a,N959AV,A320,,0
landing,JFK,04R,1789203334.73,2026-09-12T08:55:34Z,40.635867,-73.762207,30.9,a16273,N189DN,B763,BOEING 767-300,0
landing,JFK,04R,1789203966.17,2026-09-12T09:06:06Z,40.633551,-73.764189,30.9,a20883,N230AC,A320,AIRBUS A-320,0
takeoff,JFK,04L,1789204264.17,2026-09-12T09:11:04Z,40.626499,-73.782089,30.9,0c6061,9Y-TTO,B38M,BOEING 737 MAX 8,0
landing,JFK,04R,1789204379.7,2026-09-12T09:12:59Z,40.633738,-73.763861,30.9,a9bf4b,N727TW,B752,BOEING 757-200,0
takeoff,JFK,04L,1789204466.6,2026-09-12T09:14:26Z,40.625963,-73.782525,30.9,aa7bae,N775AV,A20N,AIRBUS A-320neo,0
landing,JFK,04R,1789204847.52,2026-09-12T09:20:47Z,40.634445,-73.763275,28.1,a7888c,N585AS,B738,BOEING 737-800,0
landing,JFK,04R,1789204988.35,2026-09-12T09:23:08Z,40.634901,-73.762956,30.9,adc5ff,N987JT,A321,AIRBUS A-321,0
landing,JFK,04R,1789205101.83,2026-09-12T09:25:01Z,40.635384,-73.762589,29.6,ab7613,N838AA,B789,BOEING 787-9 Dreamliner,0
landing,JFK,04R,1789205288.42,2026-09-12T09:28:08Z,40.63599,-73.762131,30.9,a009a4,N101NN,A321,AIRBUS A-321,0
landing,JFK,04R,1789205468.72,2026-09-12T09:31:08Z,40.633713,-73.763901,30.9,a16db9,N191UW,A321,AIRBUS A-321,0
landing,JFK,04R,1789205589.19,2026-09-12T09:33:09Z,40.633319,-73.764189,30.9,a759eb,N573DT,A21N,AIRBUS A-321neo,0
landing,JFK,04R,1789205686.56,2026-09-12T09:34:46Z,40.635157,-73.762769,30.9,aaae52,N788AV,A20N,AIRBUS A-320neo,0
landing,JFK,04R,1789205959.59,2026-09-12T09:39:19Z,40.634855,-73.762987,30.9,789241,B-LQD,A359,AIRBUS A-350-900,0
takeoff,JFK,04L,1789206342.14,2026-09-12T09:45:42Z,40.626313,-73.782229,30.9,a1a3cc,N2044J,A21N,AIRBUS A-321neo,0
landing,JFK,04R,1789206743.4,2026-09-12T09:52:23Z,40.634674,-73.763123,30.9,a0428a,N116AN,A321,AIRBUS A-321,0
landing,JFK,04R,1789206867.49,2026-09-12T09:54:27Z,40.636723,-73.761505,30.9,a544ee,N439DX,A339,AIRBUS A-330-900,0
landing,JFK,04R,1789207011.87,2026-09-12T09:56:51Z,40.636228,-73.761926,30.9,899014,B-18778,B77L,BOEING 777-200LR,0
takeoff,JFK,04L,1789207192.53,2026-09-12T09:59:52Z,40.626835,-73.781845,30.9,acb1e5,N917NN,B738,BOEING 737-800,0
landing,JFK,04R,1789207206.15,2026-09-12T10:00:06Z,40.634157,-73.763534,30.9,a3871e,N3261J,BCS3,,0
landing,JFK,04R,1789207327.39,2026-09-12T10:02:07Z,40.632523,-73.764816,30.9,a37c1c,N3232J,BCS3,,0
landing,JFK,04R,1789207673.29,2026-09-12T10:07:53Z,40.634843,-73.762987,30.9,ab6519,N833SK,CRJ9,BOMBARDIER Regional Jet CRJ-900,0
takeoff,LGA,13,1789207762.34,2026-09-12T10:09:22Z,40.780323,-73.874374,120.9,a12403,N17272,B38M,BOEING 737 MAX 8,0
landing,JFK,04R,1789207818.29,2026-09-12T10:10:18Z,40.633736,-73.763824,30.9,a6c358,N535DN,A21N,AIRBUS A-321neo,0
takeoff,LGA,13,1789207839.33,2026-09-12T10:10:39Z,40.77998,-73.873657,120.9,a44a6d,N376DN,A321,AIRBUS A-321,0
takeoff,JFK,04L,1789207889.03,2026-09-12T10:11:29Z,40.626583,-73.782043,30.9,a70f88,N554NW,B752,BOEING 757-200,0
takeoff,LGA,13,1789207912.98,2026-09-12T10:11:52Z,40.779993,-73.873693,120.9,a03f1e,N115DN,A321,AIRBUS A-321,0
landing,JFK,04R,1789207957.94,2026-09-12T10:12:37Z,40.633965,-73.763687,30.9,a36fff,N320TF,B38M,BOEING 737 MAX 8,0
takeoff,JFK,04L,1789207985.46,2026-09-12T10:13:05Z,40.627693,-73.781174,30.9,a96ecb,N707CK,B744,BOEING 747-400,0
takeoff,LGA,13,1789207991.95,2026-09-12T10:13:11Z,40.779762,-73.873215,120.9,a32861,N302SS,B38M,BOEING 737 MAX 8,0
takeoff,LGA,13,1789208063.5,2026-09-12T10:14:23Z,40.780389,-73.87452,120.9,ac250b,N8818Q,B38M,BOEING 737 MAX 8,0
landing,JFK,04R,1789208080.87,2026-09-12T10:14:40Z,40.635406,-73.762558,30.9,ad646e,N962JT,A321,AIRBUS A-321,0
takeoff,LGA,13,1789208132.82,2026-09-12T10:15:32Z,40.781448,-73.876736,120.9,ac2bd4,N88330,E75L,EMBRAER ERJ-170-200 (long wing),0
takeoff,JFK,04L,1789208169.73,2026-09-12T10:16:09Z,40.625885,-73.782593,30.9,a35b81,N315XR,,,0
takeoff,LGA,13,1789208217.88,2026-09-12T10:16:57Z,40.780261,-73.874255,120.9,aa7e7c,N77538,B738,BOEING 737-800,0
takeoff,LGA,13,1789208295.06,2026-09-12T10:18:15Z,40.780517,-73.874801,120.9,ac538f,N8935Q,B38M,,0
landing,JFK,04R,1789208335.21,2026-09-12T10:18:55Z,40.634191,-73.763534,30.9,a65bbc,N509DT,A21N,AIRBUS A-321neo,0
takeoff,LGA,13,1789208361.92,2026-09-12T10:19:21Z,40.780518,-73.874771,120.9,ab3d39,N823NN,B738,BOEING 737-800,0
takeoff,JFK,04L,1789208375.3,2026-09-12T10:19:35Z,40.626286,-73.782272,30.9,a7bbe9,N598JB,A320,AIRBUS A-320,0
takeoff,JFK,04L,1789208443.17,2026-09-12T10:20:43Z,40.626278,-73.782276,30.9,add376,N990JL,A321,AIRBUS A-321,0
takeoff,LGA,13,1789208445.57,2026-09-12T10:20:45Z,40.779945,-73.87355,120.9,ad857e,N970UY,A321,AIRBUS A-321,0
takeoff,JFK,04L,1789208508.8,2026-09-12T10:21:48Z,40.626949,-73.781754,30.9,407ed8,G-VEII,A339,AIRBUS A-330-900,0
takeoff,LGA,13,1789208522.81,2026-09-12T10:22:02Z,40.779958,-73.873615,120.9,a8c028,N663JB,A320,AIRBUS A-320,0
landing,JFK,04R,1789208610.95,2026-09-12T10:23:30Z,40.634494,-73.763284,30.9,a3711a,N3203J,BCS3,AIRBUS A220-300,0
landing,JFK,04R,1789208737.71,2026-09-12T10:25:37Z,40.632843,-73.764572,30.9,ac74f9,N901XJ,CRJ9,BOMBARDIER Regional Jet CRJ-900,0
takeoff,LGA,13,1789208787.79,2026-09-12T10:26:27Z,40.781902,-73.877657,120.9,a1dd2d,N219YX,E75L,EMBRAER ERJ-170-200 (long wing),0
landing,JFK,04R,1789208947.48,2026-09-12T10:29:07Z,40.635681,-73.762347,30.9,ab355c,N821JB,A320,AIRBUS A-320,0
takeoff,JFK,04L,1789209035.55,2026-09-12T10:30:35Z,40.625313,-73.78302,30.9,ad4d12,N956XV,A21N,,0
takeoff,LGA,13,1789209166.55,2026-09-12T10:32:46Z,40.779968,-73.873657,120.9,a114f4,N169UW,A321,AIRBUS A-321,0
landing,JFK,04R,1789209200.43,2026-09-12T10:33:20Z,40.635821,-73.762238,30.9,ad6755,N963AK,B39M,BOEING 737 MAX 9,0
landing,JFK,04R,1789209321.58,2026-09-12T10:35:21Z,40.63615,-73.761993,30.9,4cc4f1,TF-ISP,B763,BOEING 767-300,0
landing,JFK,04R,1789209419.24,2026-09-12T10:36:59Z,40.635109,-73.762787,30.9,a13af4,N179DN,B763,BOEING 767-300,0
landing,JFK,04R,1789209532.78,2026-09-12T10:38:52Z,40.634514,-73.76326,30.9,a76c79,N578DN,A21N,AIRBUS A-321neo,0
landing,JFK,04R,1789209618.66,2026-09-12T10:40:18Z,40.63567,-73.762363,30.9,a1ce99,N2151J,A21N,AIRBUS A-321neo,0
takeoff,JFK,04L,1789209685.1,2026-09-12T10:41:25Z,40.626583,-73.782028,30.9,a683a8,N519JB,A320,AIRBUS A-320,0
landing,JFK,04R,1789209743.88,2026-09-12T10:42:23Z,40.639252,-73.759598,28.1,a54cd9,N440YX,E75L,EMBRAER ERJ-170-200 (long wing),0
landing,LGA,13,1789209746.28,2026-09-12T10:42:26Z,40.777398,-73.868294,120.9,ad4d12,N956XV,A21N,,0
landing,JFK,04L,1789209846.44,2026-09-12T10:44:06Z,40.6325,-73.777435,30.9,aaa326,N785AN,B772,BOEING 777-200,0
landing,JFK,04R,1789209879.57,2026-09-12T10:44:39Z,40.635413,-73.762566,30.9,a12fda,N176DZ,B763,BOEING 767-300,0
landing,LGA,13,1789209931.97,2026-09-12T10:45:31Z,40.777542,-73.868561,118.1,a39ada,N331PQ,CRJ9,BOMBARDIER Regional Jet CRJ-900,0
landing,JFK,04R,1789209955.51,2026-09-12T10:45:55Z,40.634491,-73.763275,30.9,a2f5fc,N290FE,B763,BOEING 767-300,0
takeoff,JFK,04L,1789210033.75,2026-09-12T10:47:13Z,40.627174,-73.781589,30.9,a37fb0,N3241J,BCS3,AIRBUS A220-300,0
landing,JFK,04R,1789210055.21,2026-09-12T10:47:35Z,40.633679,-73.763892,30.9,a7da9c,N605JB,A320,AIRBUS A-320,0
takeoff,JFK,04L,1789210084.05,2026-09-12T10:48:04Z,40.623024,-73.784821,30.9,a03bcd,N114HQ,E75L,EMBRAER ERJ-170-200 (long wing),0
landing,LGA,13,1789210102.3,2026-09-12T10:48:22Z,40.777305,-73.86806,118.1,a305aa,N294PQ,CRJ9,BOMBARDIER Regional Jet CRJ-900,0
landing,JFK,04R,1789210133.14,2026-09-12T10:48:53Z,40.633095,-73.764359,30.9,a349be,N3104J,BCS3,AIRBUS A220-300,0
landing,JFK,04L,1789210191.57,2026-09-12T10:49:51Z,40.631433,-73.77825,30.9,a38e69,N3280J,BCS3,AIRBUS A220-300,0
landing,JFK,04R,1789210261.0,2026-09-12T10:51:01Z,40.635728,-73.762301,30.9,a45bfa,N380HA,A332,AIRBUS A-330-200,0
takeoff,JFK,04L,1789210380.41,2026-09-12T10:53:00Z,40.62715,-73.781605,30.9,a36799,N3185J,BCS3,AIRBUS A220-300,0
takeoff,JFK,04L,1789210439.39,2026-09-12T10:53:59Z,40.626278,-73.782291,30.9,ade9c0,N996JL,A321,AIRBUS A-321,0
takeoff,JFK,04L,1789210516.97,2026-09-12T10:55:16Z,40.626499,-73.782104,30.9,a1a458,N2048J,A21N,AIRBUS A-321neo,0
landing,JFK,04R,1789210517.79,2026-09-12T10:55:17Z,40.638835,-73.759897,30.9,a50cb7,N424YX,E75L,EMBRAER ERJ-170-200 (long wing),0
landing,JFK,04R,1789210615.22,2026-09-12T10:56:55Z,40.633587,-73.763992,30.9,a83876,N629JB,A320,AIRBUS A-320,0
takeoff,JFK,04L,1789210653.23,2026-09-12T10:57:33Z,40.626217,-73.782333,30.9,aac7ab,N794JB,A320,AIRBUS A-320,0
takeoff,JFK,04L,1789210722.67,2026-09-12T10:58:42Z,40.62664,-73.781998,30.9,a3c60d,N342PM,B738,BOEING 737-800,0
landing,JFK,04R,1789210733.68,2026-09-12T10:58:53Z,40.640523,-73.758852,16.9,a1b449,N209JQ,E75L,EMBRAER ERJ-170-200 (long wing),0
takeoff,LGA,13,1789210736.06,2026-09-12T10:58:56Z,40.7799,-73.87349,120.9,c0440e,C-FZUB,A320,AIRBUS A-320,0
landing,JFK,04R,1789210771.93,2026-09-12T10:59:31Z,40.635693,-73.762344,30.9,ac987b,N910UP,B763,,0
takeoff,JFK,04L,1789210782.12,2026-09-12T10:59:42Z,40.625917,-73.782728,30.9,a20883,N230AC,A320,AIRBUS A-320,0
takeoff,LGA,13,1789210813.23,2026-09-12T11:00:13Z,40.779853,-73.873412,120.9,acb0b9,N917AN,B738,BOEING 737-800,0
landing,JFK,04R,1789210888.78,2026-09-12T11:01:28Z,40.634857,-73.763016,30.9,346195,EC-NBN,A332,AIRBUS A-330-200,0
takeoff,JFK,04L,1789210896.26,2026-09-12T11:01:36Z,40.642489,-73.774395,59.1,ac7b1b,N903JB,A321,AIRBUS A-321,0
takeoff,JFK,04L,1789210987.82,2026-09-12T11:03:07Z,40.626371,-73.782213,30.9,a1dab3,N2188J,A21N,AIRBUS A-321neo,0
landing,JFK,04L,1789211016.99,2026-09-12T11:03:36Z,40.64249,-73.774384,59.1,ac7b1b,N903JB,A321,AIRBUS A-321,0
landing,JFK,04R,1789211036.53,2026-09-12T11:03:56Z,40.63298,-73.76445,30.9,a939e8,N694DL,B752,BOEING 757-200,0
takeoff,JFK,04L,1789211051.96,2026-09-12T11:04:11Z,40.642489,-73.774395,59.1,ac7b1b,N903JB,A321,AIRBUS A-321,0
takeoff,JFK,04L,1789211055.23,2026-09-12T11:04:15Z,40.625963,-73.782525,30.9,a1a0a1,N2038J,A21N,AIRBUS A-321neo,0
landing,JFK,04L,1789211075.09,2026-09-12T11:04:35Z,40.64249,-73.774384,59.1,ac7b1b,N903JB,A321,AIRBUS A-321,0
takeoff,JFK,04L,1789211114.06,2026-09-12T11:05:14Z,40.627018,-73.781723,30.9,a3549d,N3132J,BCS3,AIRBUS A220-300,0
takeoff,JFK,04L,1789211168.51,2026-09-12T11:06:08Z,40.626331,-73.782242,30.9,a45316,N378SC,B38M,BOEING 737 MAX 8,0
landing,JFK,04R,1789211192.04,2026-09-12T11:06:32Z,40.634708,-73.763107,30.9,a189f2,N199DN,B763,BOEING 767-300,0
takeoff,JFK,04L,1789211234.73,2026-09-12T11:07:14Z,40.626114,-73.78241,30.9,ad562a,N959AV,A320,,0
takeoff,LGA,13,1789211269.85,2026-09-12T11:07:49Z,40.781518,-73.876877,120.9,a20d0e,N231JQ,E75L,EMBRAER ERJ-170-200 (long wing),0
landing,JFK,04R,1789211307.01,2026-09-12T11:08:27Z,40.634811,-73.763046,30.9,a336f0,N306PQ,CRJ9,BOMBARDIER Regional Jet CRJ-900,0
landing,LGA,13,1789211337.07,2026-09-12T11:08:57Z,40.777549,-73.868559,118.1,a15c01,N187PQ,CRJ9,BOMBARDIER Regional Jet CRJ-900,0
takeoff,JFK,04L,1789211432.92,2026-09-12T11:10:32Z,40.626417,-73.782167,30.9,a38211,N325NB,A319,AIRBUS A-319,0
takeoff,LGA,13,1789211494.03,2026-09-12T11:11:34Z,40.779968,-73.873642,120.9,aca3a3,N913US,A321,AIRBUS A-321,0
takeoff,JFK,04L,1789211495.45,2026-09-12T11:11:35Z,40.626813,-73.781854,30.9,acf89f,N935DZ,B739,,0
landing,JFK,04R,1789211499.71,2026-09-12T11:11:39Z,40.63347,-73.76408,30.9,a398bc,N3304J,BCS3,AIRBUS A220-300,0
takeoff,JFK,04L,1789211558.8,2026-09-12T11:12:38Z,40.626823,-73.78186,30.9,ada227,N978JB,A321,AIRBUS A-321,0
landing,JFK,04R,1789211591.57,2026-09-12T11:13:11Z,40.635006,-73.762894,30.9,ad5329,N958JB,A321,AIRBUS A-321,0
takeoff,LGA,13,1789211595.65,2026-09-12T11:13:15Z,40.779682,-73.873047,120.9,a39243,N3291J,BCS3,AIRBUS A220-300,0
takeoff,JFK,04L,1789211615.33,2026-09-12T11:13:35Z,40.625359,-73.783005,30.9,a7fa3b,N613DN,A21N,AIRBUS A-321neo,0
takeoff,JFK,04L,1789211681.06,2026-09-12T11:14:41Z,40.627104,-73.781636,30.9,aae9a3,N802DN,B739,BOEING 737-900,0
landing,JFK,04R,1789211686.63,2026-09-12T11:14:46Z,40.635521,-73.762482,30.9,a44ca0,N3761R,B738,BOEING 737-800,0
takeoff,LGA,13,1789211730.18,2026-09-12T11:15:30Z,40.780342,-73.874427,118.1,a8f235,N676CA,CRJ9,BOMBARDIER Regional Jet CRJ-900,0
takeoff,JFK,04L,1789211746.21,2026-09-12T11:15:46Z,40.626572,-73.782043,30.9,a16273,N189DN,B763,BOEING 767-300,0
landing,JFK,04R,1789211771.41,2026-09-12T11:16:11Z,40.63361,-73.763977,30.9,ab4ba6,N827JB,A320,AIRBUS A-320,0
takeoff,LGA,13,1789211851.83,2026-09-12T11:17:31Z,40.779923,-73.873568,120.9,a466d2,N383DZ,A321,AIRBUS A-321,0
landing,JFK,04R,1789211869.48,2026-09-12T11:17:49Z,40.635098,-73.762802,32.4,e80493,CC-BMD,B789,BOEING 787-9 Dreamliner,0
takeoff,LGA,13,1789211950.34,2026-09-12T11:19:10Z,40.780243,-73.874237,120.9,abb8ea,N8542Z,B738,BOEING 737-800,0
landing,JFK,04R,1789212015.92,2026-09-12T11:20:15Z,40.635518,-73.762488,30.9,a51968,N428AS,B739,BOEING 737-900,0
takeoff,JFK,04L,1789212017.89,2026-09-12T11:20:17Z,40.626652,-73.781998,30.9,a35e9c,N316RK,B38M,BOEING 737 MAX 8,0
takeoff,JFK,04L,1789212087.41,2026-09-12T11:21:27Z,40.626406,-73.782182,30.9,a009a4,N101NN,A321,AIRBUS A-321,0
landing,JFK,04R,1789212098.9,2026-09-12T11:21:38Z,40.634617,-73.763184,32.4,04c11c,5Y-KZF,B788,BOEING 787-8 Dreamliner,0
takeoff,JFK,04L,1789212158.78,2026-09-12T11:22:38Z,40.626243,-73.782338,30.9,a6b4f7,N531JL,A320,AIRBUS A-320,0
takeoff,JFK,04L,1789212224.08,2026-09-12T11:23:44Z,40.627139,-73.781605,29.6,4bb1a4,TC-LMD,B789,BOEING 787-9 Dreamliner,0
landing,JFK,04R,1789212268.1,2026-09-12T11:24:28Z,40.642152,-73.758477,11.2,a0232a,N108HQ,E75L,EMBRAER ERJ-170-200 (long wing),0
landing,JFK,04R,1789212312.42,2026-09-12T11:25:12Z,40.635646,-73.762379,30.9,a01112,N103NN,A321,AIRBUS A-321,0
landing,JFK,04R,1789212391.33,2026-09-12T11:26:31Z,40.632492,-73.764844,30.9,a86605,N640JB,A320,AIRBUS A-320,0
takeoff,LGA,13,1789212404.89,2026-09-12T11:26:44Z,40.779737,-73.873163,120.9,a239e0,N24202,B738,BOEING 737-800,0
takeoff,JFK,04L,1789212405.23,2026-09-12T11:26:45Z,40.626278,-73.782276,30.9,a120fe,N172DZ,B763,BOEING 767-300,0
landing,JFK,04R,1789212466.73,2026-09-12T11:27:46Z,40.634789,-73.763062,30.9,a34d2f,N3112J,BCS3,AIRBUS A220-300,0
takeoff,JFK,04L,1789212496.96,2026-09-12T11:28:16Z,40.626522,-73.782089,30.9,a44502,N3740C,B738,BOEING 737-800,0
takeoff,LGA,13,1789212524.43,2026-09-12T11:28:44Z,40.779659,-73.872986,120.9,a0103b,N103DY,A321,AIRBUS A-321,0
landing,JFK,04R,1789212542.83,2026-09-12T11:29:02Z,40.635338,-73.762619,30.9,ac801e,N904XJ,CRJ9,BOMBARDIER Regional Jet CRJ-900,0
landing,JFK,04L,1789212568.16,2026-09-12T11:29:28Z,40.631516,-73.778183,30.9,a1b2a8,N2084J,A21N,AIRBUS A-321neo,0
landing,JFK,04R,1789212658.34,2026-09-12T11:30:58Z,40.639835,-73.759201,22.5,a4e181,N413YX,E75L,EMBRAER ERJ-170-200 (long wing),0
landing,JFK,04R,1789212730.7,2026-09-12T11:32:10Z,40.634537,-73.763229,30.9,a091f3,N136EV,CRJ9,BOMBARDIER Regional Jet CRJ-900,0
takeoff,LGA,13,1789212763.99,2026-09-12T11:32:43Z,40.7803,-73.874329,120.9,ac4ffb,N8926Q,B38M,BOEING 737 MAX 8,0
takeoff,JFK,04L,1789212814.81,2026-09-12T11:33:34Z,40.625731,-73.782713,30.9,a7b7c5,N597DT,A21N,AIRBUS A-321neo,0
takeoff,LGA,13,1789212847.69,2026-09-12T11:34:07Z,40.779516,-73.87271,120.9,c080d9,C-GWUQ,BCS3,AIRBUS A220-300,0
takeoff,JFK,04L,1789212883.32,2026-09-12T11:34:43Z,40.626976,-73.78173,30.9,a04692,N117DU,BCS1,AIRBUS A220-100,0
takeoff,JFK,31R,1789212922.7,2026-09-12T11:35:22Z,40.647889,-73.762925,300.9,a4e181,N413YX,E75L,EMBRAER ERJ-170-200 (long wing),0
landing,JFK,31R,1789212929.25,2026-09-12T11:35:29Z,40.647889,-73.76294,300.9,a4e181,N413YX,E75L,EMBRAER ERJ-170-200 (long wing),0
takeoff,JFK,31R,1789212929.25,2026-09-12T11:35:29Z,40.647889,-73.76294,300.9,a4e181,N413YX,E75L,EMBRAER ERJ-170-200 (long wing),0
landing,JFK,31R,1789212934.68,2026-09-12T11:35:34Z,40.647948,-73.76305,300.9,a4e181,N413YX,E75L,EMBRAER ERJ-170-200 (long wing),0
takeoff,LGA,13,1789212963.18,2026-09-12T11:36:03Z,40.781433,-73.876709,120.9,a4e538,N414YX,E75L,EMBRAER ERJ-170-200 (long wing),0
takeoff,JFK,04L,1789213021.6,2026-09-12T11:37:01Z,40.626938,-73.781769,30.9,ab09b4,N810DN,B739,BOEING 737-900,0
landing,JFK,04R,1789213035.37,2026-09-12T11:37:15Z,40.636196,-73.761932,30.9,adb35c,N982JB,A321,AIRBUS A-321,0
takeoff,LGA,13,1789213051.44,2026-09-12T11:37:31Z,40.780109,-73.873943,120.9,abe101,N8647A,B738,BOEING 737-800,0
takeoff,JFK,04L,1789213082.33,2026-09-12T11:38:02Z,40.626638,-73.781995,30.9,0c605e,9Y-CAL,B38M,BOEING 737 MAX 8,0
takeoff,LGA,13,1789213132.35,2026-09-12T11:38:52Z,40.78141,-73.876663,120.9,a4c527,N406YX,E75L,EMBRAER ERJ-170-200 (long wing),0
takeoff,JFK,04L,1789213153.93,2026-09-12T11:39:13Z,40.626938,-73.781738,30.9,acddf8,N928XJ,CRJ9,BOMBARDIER Regional Jet CRJ-900,0
landing,JFK,04R,1789213207.92,2026-09-12T11:40:07Z,40.633907,-73.763718,30.9,acf2e4,N933XJ,CRJ9,BOMBARDIER Regional Jet CRJ-900,0
takeoff,JFK,04L,1789213217.69,2026-09-12T11:40:17Z,40.62594,-73.782557,30.9,a16db9,N191UW,A321,AIRBUS A-321,0
takeoff,LGA,13,1789213226.74,2026-09-12T11:40:26Z,40.780377,-73.874458,120.9,a6c3ca,N535JB,A320,AIRBUS A-320,0
takeoff,JFK,04L,1789213272.92,2026-09-12T11:41:12Z,40.62537,-73.78299,30.9,a6d83c,N540DE,A21N,AIRBUS A-321neo,0
takeoff,LGA,13,1789213292.52,2026-09-12T11:41:32Z,40.7799,-73.87349,120.9,add66d,N991AU,A321,AIRBUS A-321,0
landing,JFK,04R,1789213391.42,2026-09-12T11:43:11Z,40.639469,-73.759415,28.1,a546c9,N439YX,E75L,EMBRAER ERJ-170-200 (long wing),0
takeoff,JFK,04R,1789213391.42,2026-09-12T11:43:11Z,40.639469,-73.759415,28.1,a546c9,N439YX,E75L,EMBRAER ERJ-170-200 (long wing),0
landing,JFK,04R,1789213392.57,2026-09-12T11:43:12Z,40.639698,-73.759262,25.3,a546c9,N439YX,E75L,EMBRAER ERJ-170-200 (long wing),0
takeoff,JFK,04L,1789213405.29,2026-09-12T11:43:25Z,40.626184,-73.782338,30.9,ad2095,N945JT,A321,AIRBUS A-321,0
takeoff,LGA,13,1789213453.12,2026-09-12T11:44:13Z,40.779739,-73.873154,120.9,acd64b,N926UW,A321,AIRBUS A-321,0
takeoff,JFK,04L,1789213461.46,2026-09-12T11:44:21Z,40.625975,-73.782525,30.9,aaae52,N788AV,A20N,AIRBUS A-320neo,0
landing,JFK,04R,1789213464.6,2026-09-12T11:44:24Z,40.633324,-73.764191,30.9,a37f8d,N3240J,BCS3,,0
takeoff,JFK,04L,1789213525.58,2026-09-12T11:45:25Z,40.626755,-73.781906,30.9,a7888c,N585AS,B738,BOEING 737-800,0
takeoff,JFK,04L,1789213591.72,2026-09-12T11:46:31Z,40.626417,-73.782167,30.9,ad4f72,N957JB,A321,AIRBUS A-321,0
landing,JFK,04R,1789213629.67,2026-09-12T11:47:09Z,40.634634,-73.763143,30.9,8015a7,VT-AER,B77W,BOEING 777-300ER,0
takeoff,JFK,04L,1789213701.24,2026-09-12T11:48:21Z,40.626673,-73.781979,30.9,ac91d4,N909NN,B738,BOEING 737-800,0
takeoff,JFK,04L,1789213769.45,2026-09-12T11:49:29Z,40.62651,-73.78212,30.9,a704f9,N551UW,A321,AIRBUS A-321,0
takeoff,LGA,13,1789213801.38,2026-09-12T11:50:01Z,40.7803,-73.874344,120.9,ac4c8a,N8918Q,B38M,BOEING 737 MAX 8,0
landing,LGA,13,1789213803.28,2026-09-12T11:50:03Z,40.779888,-73.873474,120.9,ac4c8a,N8918Q,B38M,BOEING 737 MAX 8,0
takeoff,LGA,13,1789213803.28,2026-09-12T11:50:03Z,40.779888,-73.873474,120.9,ac4c8a,N8918Q,B38M,BOEING 737 MAX 8,0
takeoff,JFK,04L,1789213828.36,2026-09-12T11:50:28Z,40.62608,-73.782425,30.9,a924fc,N689DL,B752,BOEING 757-200,0
landing,JFK,04R,1789213894.14,2026-09-12T11:51:34Z,40.636711,-73.761536,30.9,ad60b7,N961JT,A321,AIRBUS A-321,0
takeoff,JFK,04L,1789213969.32,2026-09-12T11:52:49Z,40.626929,-73.781761,28.1,a2fe3c,N292PQ,CRJ9,BOMBARDIER Regional Jet CRJ-900,0
takeoff,JFK,04L,1789214027.55,2026-09-12T11:53:47Z,40.626858,-73.781815,30.9,ab6519,N833SK,CRJ9,BOMBARDIER Regional Jet CRJ-900,0
takeoff,JFK,04L,1789214103.04,2026-09-12T11:55:03Z,40.626732,-73.781921,30.9,ab0416,N809JB,A320,AIRBUS A-320,0
landing,JFK,04R,1789214106.6,2026-09-12T11:55:06Z,40.633866,-73.763736,30.9,a99b83,N718TW,B752,BOEING 757-200,0
landing,JFK,04R,1789214173.87,2026-09-12T11:56:13Z,40.63695,-73.76138,30.9,ad7701,N967JT,A321,AIRBUS A-321,0
takeoff,JFK,04L,1789214226.93,2026-09-12T11:57:06Z,40.62672,-73.781967,30.9,ac74f9,N901XJ,CRJ9,BOMBARDIER Regional Jet CRJ-900,0
landing,JFK,04R,1789214289.35,2026-09-12T11:58:09Z,40.635448,-73.762535,30.9,a15397,N185DN,B763,BOEING 767-300,0
takeoff,LGA,13,1789214318.03,2026-09-12T11:58:38Z,40.780307,-73.874364,123.8,c0850c,C-GYJZ,DH8D,DE HAVILLAND DHC-8-400 Dash 8,0
landing,JFK,04R,1789214445.11,2026-09-12T12:00:45Z,40.633738,-73.763861,33.8,a6152a,N491PX,CRJ9,BOMBARDIER Regional Jet CRJ-900,0
landing,JFK,04R,1789214519.57,2026-09-12T12:01:59Z,40.635379,-73.762566,30.9,a85ff5,N639JB,A320,AIRBUS A-320,0
landing,JFK,04R,1789214592.37,2026-09-12T12:03:12Z,40.635372,-73.762589,30.9,a790b3,N587JB,A320,AIRBUS A-320,0
takeoff,LGA,13,1789214702.82,2026-09-12T12:05:02Z,40.779877,-73.873444,120.9,a770a2,N579JB,A320,AIRBUS A-320,0
landing,JFK,04R,1789214720.06,2026-09-12T12:05:20Z,40.634576,-73.76319,30.9,acba30,N919XJ,CRJ9,BOMBARDIER Regional Jet CRJ-900,0
landing,LGA,13,1789214754.87,2026-09-12T12:05:54Z,40.776956,-73.874052,87.2,a4f7cb,N419YX,E75L,EMBRAER ERJ-170-200 (long wing),0
takeoff,JFK,13R,1789214755.77,2026-09-12T12:05:55Z,40.646084,-73.811646,120.9,a324d9,N301UP,B763,BOEING 767-300,0
takeoff,LGA,13,1789214779.66,2026-09-12T12:06:19Z,40.779853,-73.873428,120.9,ab0485,N809NN,B738,BOEING 737-800,0
takeoff,LGA,13,1789214842.26,2026-09-12T12:07:22Z,40.781593,-73.877045,120.9,a52cc8,N432YX,E75L,EMBRAER ERJ-170-200 (long wing),0
takeoff,JFK,13R,1789214862.32,2026-09-12T12:07:42Z,40.64619,-73.811895,120.9,a73690,N564JB,A320,AIRBUS A-320,0
takeoff,JFK,13R,1789214923.99,2026-09-12T12:08:43Z,40.64629,-73.812088,120.9,ad1c11,N944AN,B738,BOEING 737-800,0
takeoff,LGA,13,1789214934.75,2026-09-12T12:08:54Z,40.780426,-73.874588,120.9,a8bf73,N663AW,A320,AIRBUS A-320,0
landing,JFK,13L,1789214941.36,2026-09-12T12:09:01Z,40.651119,-73.775543,118.1,a7c849,N600LR,CRJ9,BOMBARDIER Regional Jet CRJ-900,0
takeoff,JFK,13R,1789214994.85,2026-09-12T12:09:54Z,40.644817,-73.808899,120.9,a37c1c,N3232J,BCS3,,0
takeoff,LGA,13,1789215005.31,2026-09-12T12:10:05Z,40.780151,-73.874039,120.9,ad5480,N958XV,A21N,,0
landing,LGA,13,1789215005.58,2026-09-12T12:10:05Z,40.780063,-73.873849,120.9,ad5480,N958XV,A21N,,0
takeoff,LGA,13,1789215005.58,2026-09-12T12:10:05Z,40.780063,-73.873849,120.9,ad5480,N958XV,A21N,,0
takeoff,JFK,13R,1789215053.1,2026-09-12T12:10:53Z,40.645878,-73.811234,118.1,acca19,N923JB,A321,AIRBUS A-321,0
takeoff,LGA,13,1789215081.4,2026-09-12T12:11:21Z,40.780209,-73.874146,120.9,a12709,N17320,B38M,BOEING 737 MAX 8,0
takeoff,JFK,13R,1789215112.47,2026-09-12T12:11:52Z,40.645706,-73.810837,120.9,a3cd58,N344NB,A319,AIRBUS A-319,0
takeoff,JFK,13R,1789215166.9,2026-09-12T12:12:46Z,40.64569,-73.810772,120.9,4cc4f1,TF-ISP,B763,BOEING 767-300,0
landing,JFK,13L,1789215245.5,2026-09-12T12:14:05Z,40.650915,-73.775082,120.9,a198ed,N2016J,A21N,AIRBUS A-321neo,0
takeoff,JFK,13R,1789215262.19,2026-09-12T12:14:22Z,40.645649,-73.810654,120.9,a0428a,N116AN,A321,AIRBUS A-321,0
takeoff,JFK,13R,1789215281.08,2026-09-12T12:14:41Z,40.648224,-73.816391,160.3,ac5cd7,N896NN,B738,BOEING 737-800,0
takeoff,JFK,13R,1789215397.44,2026-09-12T12:16:37Z,40.646015,-73.811539,120.9,a9bf4b,N727TW,B752,BOEING 757-200,0
takeoff,JFK,13R,1789215467.03,2026-09-12T12:17:47Z,40.645131,-73.80957,120.9,a3871e,N3261J,BCS3,,0
takeoff,JFK,13R,1789215521.32,2026-09-12T12:18:41Z,40.645713,-73.81085,120.9,a6b833,N532DN,A21N,AIRBUS A-321neo,0
takeoff,JFK,13R,1789215580.95,2026-09-12T12:19:40Z,40.646004,-73.811474,120.9,ad727d,N966AN,B738,BOEING 737-800,0
takeoff,LGA,13,1789215601.07,2026-09-12T12:20:01Z,40.781471,-73.876783,120.9,abdf3f,N864RW,E170,EMBRAER ERJ-170-100,0
takeoff,JFK,13R,1789215641.94,2026-09-12T12:20:41Z,40.645748,-73.810943,120.9,a6709b,N514DE,A21N,AIRBUS A-321neo,0
takeoff,JFK,13R,1789215695.29,2026-09-12T12:21:35Z,40.646481,-73.812519,120.9,a042d5,N116DN,A321,AIRBUS A-321,0
takeoff,JFK,13R,1789215769.46,2026-09-12T12:22:49Z,40.645454,-73.810287,120.9,4005ba,G-VIIB,B772,BOEING 777-200,0
landing,JFK,13L,1789215813.29,2026-09-12T12:23:33Z,40.650913,-73.775101,120.9,a854d0,N636JB,A320,AIRBUS A-320,0
takeoff,JFK,13R,1789215900.02,2026-09-12T12:25:00Z,40.645088,-73.809494,120.9,a349be,N3104J,BCS3,AIRBUS A220-300,0
takeoff,JFK,13R,1789215933.99,2026-09-12T12:25:33Z,40.648064,-73.816015,123.8,a988f0,N713TW,B752,BOEING 757-200,0
landing,JFK,13L,1789215954.38,2026-09-12T12:25:54Z,40.649563,-73.772141,120.9,ac8efa,N908XJ,CRJ9,BOMBARDIER Regional Jet CRJ-900,0
takeoff,JFK,13R,1789216009.24,2026-09-12T12:26:49Z,40.646516,-73.812644,120.9,abece7,N868DN,B739,BOEING 737-900,0
takeoff,JFK,13R,1789216074.62,2026-09-12T12:27:54Z,40.645329,-73.810013,120.9,a38af8,N3272J,BCS3,AIRBUS A220-300,0
landing,JFK,13L,1789216088.72,2026-09-12T12:28:08Z,40.652069,-73.777649,120.9,a874e1,N644JB,A320,AIRBUS A-320,0
takeoff,JFK,13R,1789216152.85,2026-09-12T12:29:12Z,40.645969,-73.811417,120.9,a41c56,N364NB,A319,AIRBUS A-319,0
landing,JFK,13L,1789216183.16,2026-09-12T12:29:43Z,40.651846,-73.777157,120.9,a3556f,N3138J,BCS3,AIRBUS A220-300,0
takeoff,JFK,13R,1789216221.16,2026-09-12T12:30:21Z,40.645003,-73.809242,119.7,406d4c,G-VCRU,B789,BOEING 787-9 Dreamliner,0
landing,JFK,13L,1789216280.41,2026-09-12T12:31:20Z,40.650101,-73.773303,119.6,020121,CN-RGS,B788,BOEING 787-8 Dreamliner,0
takeoff,JFK,13R,1789216489.95,2026-09-12T12:34:49Z,40.646244,-73.812012,120.9,ad1c67,N944DZ,B739,,0
takeoff,JFK,13R,1789216502.01,2026-09-12T12:35:02Z,40.648144,-73.816208,123.8,a0232a,N108HQ,E75L,EMBRAER ERJ-170-200 (long wing),0
landing,JFK,13L,1789216518.95,2026-09-12T12:35:18Z,40.649563,-73.772141,120.9,a19dff,N203JQ,E75L,EMBRAER ERJ-170-200 (long wing),0
landing,JFK,13L,1789216607.1,2026-09-12T12:36:47Z,40.65097,-73.775223,120.9,a0be05,N147PQ,CRJ9,BOMBARDIER Regional Jet CRJ-900,0
takeoff,LGA,13,1789216623.25,2026-09-12T12:37:03Z,40.781467,-73.876801,123.8,a01bbc,N106HQ,E75L,EMBRAER ERJ-170-200 (long wing),0
takeoff,JFK,13R,1789216673.72,2026-09-12T12:37:53Z,40.645678,-73.810756,120.9,a1ce99,N2151J,A21N,AIRBUS A-321neo,0
landing,JFK,13L,1789216709.64,2026-09-12T12:38:29Z,40.649723,-73.772446,120.9,06a2c7,A7-BEX,B77W,BOEING 777-300ER,0
takeoff,JFK,13R,1789216749.04,2026-09-12T12:39:09Z,40.645603,-73.810608,120.9,a01880,N105NN,A321,AIRBUS A-321,0
takeoff,JFK,13R,1789216765.62,2026-09-12T12:39:25Z,40.648121,-73.816162,123.8,a54cd9,N440YX,E75L,EMBRAER ERJ-170-200 (long wing),0
landing,JFK,13L,1789216865.01,2026-09-12T12:41:05Z,40.651749,-73.776932,120.9,aca02f,N912XJ,CRJ9,BOMBARDIER Regional Jet CRJ-900,0
takeoff,JFK,13R,1789216883.78,2026-09-12T12:41:23Z,40.645443,-73.810257,120.9,aba7b0,N850DN,B739,BOEING 737-900,0
takeoff,LGA,13,1789216911.21,2026-09-12T12:41:51Z,40.781494,-73.876861,123.8,a01097,N103HQ,E75L,EMBRAER ERJ-170-200 (long wing),0
takeoff,JFK,13R,1789216916.93,2026-09-12T12:41:56Z,40.648075,-73.816055,120.9,a50cb7,N424YX,E75L,EMBRAER ERJ-170-200 (long wing),0
takeoff,JFK,13R,1789217005.12,2026-09-12T12:43:25Z,40.645775,-73.810974,120.9,a64ce6,N505DZ,A21N,AIRBUS A-321neo,0
landing,LGA,31,1789217060.75,2026-09-12T12:44:20Z,40.776967,-73.871072,300.9,c03cf4,C-FXCD,A320,AIRBUS A-320,0
takeoff,JFK,13R,1789217067.34,2026-09-12T12:44:27Z,40.645832,-73.811111,120.9,a65bbc,N509DT,A21N,AIRBUS A-321neo,0
landing,JFK,13L,1789217073.63,2026-09-12T12:44:33Z,40.649826,-73.77272,120.9,ac92b1,N909XJ,CRJ9,BOMBARDIER Regional Jet CRJ-900,0
takeoff,JFK,22R,1789217100.1,2026-09-12T12:45:00Z,40.639545,-73.777313,241.9,aca02f,N912XJ,CRJ9,BOMBARDIER Regional Jet CRJ-900,0
takeoff,JFK,13R,1789217160.94,2026-09-12T12:46:00Z,40.645317,-73.809976,120.9,ac801e,N904XJ,CRJ9,BOMBARDIER Regional Jet CRJ-900,0
landing,JFK,13L,1789217164.87,2026-09-12T12:46:04Z,40.650616,-73.774536,120.9,a099a7,N138HQ,E75L,EMBRAER ERJ-170-200 (long wing),0
takeoff,JFK,13R,1789217200.21,2026-09-12T12:46:40Z,40.64819,-73.816315,120.9,a21833,N234JQ,E75L,EMBRAER ERJ-170-200 (long wing),0
landing,JFK,13L,1789217245.53,2026-09-12T12:47:25Z,40.649597,-73.772141,120.9,a1c57e,N213JQ,E75L,EMBRAER ERJ-170-200 (long wing),0
landing,LGA,13,1789217355.73,2026-09-12T12:49:15Z,40.777233,-73.86792,120.9,aafca8,N807JB,A320,AIRBUS A-320,0
takeoff,JFK,13R,1789217396.56,2026-09-12T12:49:56Z,40.645864,-73.811146,120.9,a76c79,N578DN,A21N,AIRBUS A-321neo,0
landing,JFK,13L,1789217400.61,2026-09-12T12:50:00Z,40.650124,-73.773376,120.9,89647d,A6-EUS,A388,AIRBUS A-380-800,0
takeoff,LGA,13,1789217410.8,2026-09-12T12:50:10Z,40.78006,-73.87384,120.9,c03cf4,C-FXCD,A320,AIRBUS A-320,0
landing,LGA,13,1789217504.82,2026-09-12T12:51:44Z,40.777328,-73.868138,120.9,a32c3e,N303UE,B38M,,0
landing,LGA,31,1789217532.06,2026-09-12T12:52:12Z,40.777027,-73.871216,300.9,ac0a75,N875RW,E170,EMBRAER ERJ-170-100,0
takeoff,LGA,13,1789217544.15,2026-09-12T12:52:24Z,40.78189,-73.877657,120.9,abd41a,N861RW,E170,EMBRAER ERJ-170-100,0
landing,JFK,13L,1789217590.01,2026-09-12T12:53:10Z,40.649025,-73.77092,120.9,e80211,CC-CWY,B763,BOEING 767-300,0
takeoff,JFK,31L,1789217649.32,2026-09-12T12:54:09Z,40.649506,-73.815659,267.2,899014,B-18778,B77L,BOEING 777-200LR,0
takeoff,LGA,13,1789217710.19,2026-09-12T12:55:10Z,40.780144,-73.874005,120.9,ac0b50,N8750Q,B38M,BOEING 737 MAX 8,0
landing,LGA,31,1789217712.83,2026-09-12T12:55:12Z,40.776979,-73.871118,303.8,a22ac6,N239JQ,E75L,EMBRAER ERJ-170-200 (long wing),0
landing,LGA,31,1789217733.44,2026-09-12T12:55:33Z,40.777004,-73.871155,303.8,a8847f,N648RW,E170,EMBRAER ERJ-170-100,0
landing,JFK,13L,1789217767.2,2026-09-12T12:56:07Z,40.649494,-73.771942,120.9,780aec,B-2042,B77L,BOEING 777-200LR,0
landing,JFK,13L,1789217817.12,2026-09-12T12:56:57Z,40.647217,-73.774216,165.9,adde95,N993JE,A321,AIRBUS A-321,0
takeoff,JFK,13R,1789217853.72,2026-09-12T12:57:33Z,40.645899,-73.811255,120.9,a00d5b,N102NN,A321,AIRBUS A-321,0
takeoff,LGA,13,1789217859.6,2026-09-12T12:57:39Z,40.780128,-73.873962,120.9,ad4d12,N956XV,A21N,,0
takeoff,JFK,13R,1789217924.45,2026-09-12T12:58:44Z,40.646435,-73.81241,120.9,abaf1e,N852DN,B739,BOEING 737-900,0
landing,LGA,31,1789217928.84,2026-09-12T12:58:48Z,40.77697,-73.871109,303.8,adb014,N981NN,B738,BOEING 737-800,0
takeoff,LGA,13,1789217931.96,2026-09-12T12:58:51Z,40.779991,-73.873672,120.9,a35e66,N316PF,B738,BOEING 737-800,0
landing,JFK,13L,1789217953.62,2026-09-12T12:59:13Z,40.649693,-73.772444,120.9,06a1ca,A7-CGE,GLF6,GULFSTREAM G650,0
landing,LGA,31,1789217964.29,2026-09-12T12:59:24Z,40.777004,-73.87117,303.8,a1a56d,N205JQ,E75L,EMBRAER ERJ-170-200 (long wing),0
takeoff,LGA,13,1789218004.23,2026-09-12T13:00:04Z,40.779636,-73.872955,123.8,a3c51a,N342DU,,,0
takeoff,JFK,13R,1789218020.76,2026-09-12T13:00:20Z,40.645649,-73.81073,120.9,a6cb48,N537JT,A320,AIRBUS A-320,0
landing,JFK,13L,1789218059.6,2026-09-12T13:00:59Z,40.648914,-73.770634,119.6,ab7268,N837AN,B789,BOEING 787-9 Dreamliner,0
takeoff,JFK,13R,1789218060.83,2026-09-12T13:01:00Z,40.648247,-73.816483,123.8,a4e181,N413YX,E75L,EMBRAER ERJ-170-200 (long wing),0
takeoff,LGA,13,1789218079.38,2026-09-12T13:01:19Z,40.77998,-73.873672,120.9,a449e5,N3758Y,B738,BOEING 737-800,0
takeoff,JFK,13R,1789218151.64,2026-09-12T13:02:31Z,40.645992,-73.811478,120.9,a67bc8,N517DN,A21N,AIRBUS A-321neo,0
takeoff,LGA,13,1789218218.01,2026-09-12T13:03:38Z,40.780128,-73.873993,120.9,a44d62,N3767,B738,BOEING 737-800,0
landing,LGA,31,1789218269.12,2026-09-12T13:04:29Z,40.777016,-73.87117,303.8,a44cca,N3762Y,B738,BOEING 737-800,0
landing,JFK,13L,1789218277.95,2026-09-12T13:04:37Z,40.651404,-73.776158,123.8,a61173,N490PX,CRJ9,BOMBARDIER Regional Jet CRJ-900,0
takeoff,LGA,13,1789218281.14,2026-09-12T13:04:41Z,40.781541,-73.876939,120.9,ac0a75,N875RW,E170,EMBRAER ERJ-170-100,0
landing,LGA,31,1789218300.44,2026-09-12T13:05:00Z,40.77699,-73.871118,303.8,a517dc,N427YX,E75L,EMBRAER ERJ-170-200 (long wing),0
takeoff,JFK,13R,1789218301.47,2026-09-12T13:05:01Z,40.645923,-73.811318,120.9,a768c2,N577DN,A21N,AIRBUS A-321neo,0
takeoff,LGA,13,1789218351.2,2026-09-12T13:05:51Z,40.781673,-73.877228,120.9,a22ac6,N239JQ,E75L,EMBRAER ERJ-170-200 (long wing),0
takeoff,JFK,13R,1789218375.44,2026-09-12T13:06:15Z,40.645841,-73.811115,120.9,a759eb,N573DT,A21N,AIRBUS A-321neo,0
landing,JFK,13L,1789218387.72,2026-09-12T13:06:27Z,40.649484,-73.771914,123.8,a22358,N237JQ,E75L,EMBRAER ERJ-170-200 (long wing),0
landing,JFK,13L,1789218446.32,2026-09-12T13:07:26Z,40.651439,-73.776252,119.6,e8040f,CC-BBB,B788,BOEING 787-8 Dreamliner,0
takeoff,JFK,13R,1789218458.28,2026-09-12T13:07:38Z,40.646702,-73.813034,118.1,a091f3,N136EV,CRJ9,BOMBARDIER Regional Jet CRJ-900,0
takeoff,LGA,13,1789218461.37,2026-09-12T13:07:41Z,40.781651,-73.877167,120.9,a8847f,N648RW,E170,EMBRAER ERJ-170-100,0
landing,JFK,13L,1789218561.96,2026-09-12T13:09:21Z,40.65116,-73.775628,120.9,71c361,HL8361,A359,AIRBUS A-350-900,0
takeoff,JFK,13R,1789218566.85,2026-09-12T13:09:26Z,40.646097,-73.811692,120.9,a4cd23,N4083J,A21N,AIRBUS A-321neo,0
takeoff,LGA,13,1789218593.56,2026-09-12T13:09:53Z,40.779714,-73.8731,118.1,a15c01,N187PQ,CRJ9,BOMBARDIER Regional Jet CRJ-900,0
landing,JFK,13L,1789218656.45,2026-09-12T13:10:56Z,40.651311,-73.775971,120.9,801600,VT-JRE,A359,AIRBUS A-350-900,0
takeoff,JFK,13R,1789218678.01,2026-09-12T13:11:18Z,40.646061,-73.811615,120.9,a53d2c,N437AN,A21N,AIRBUS A-321neo,0
takeoff,LGA,13,1789218703.23,2026-09-12T13:11:43Z,40.781673,-73.877213,120.9,a1a56d,N205JQ,E75L,EMBRAER ERJ-170-200 (long wing),0
takeoff,JFK,13R,1789218729.94,2026-09-12T13:12:09Z,40.646656,-73.812943,120.9,acf2e4,N933XJ,CRJ9,BOMBARDIER Regional Jet CRJ-900,0
landing,JFK,13L,1789218795.84,2026-09-12T13:13:15Z,40.650707,-73.774658,120.9,ace1af,N929XJ,CRJ9,BOMBARDIER Regional Jet CRJ-900,0
takeoff,JFK,13R,1789218803.6,2026-09-12T13:13:23Z,40.646202,-73.811926,120.9,a44ca0,N3761R,B738,BOEING 737-800,0
takeoff,LGA,13,1789218826.73,2026-09-12T13:13:46Z,40.779659,-73.872986,120.9,aaed5a,N803DN,B739,BOEING 737-900,0
takeoff,JFK,13R,1789218868.64,2026-09-12T13:14:28Z,40.645901,-73.811264,120.9,acb82e,N919AV,A20N,,0
takeoff,LGA,04,1789218898.69,2026-09-12T13:14:58Z,40.779725,-73.878906,30.9,ac1f61,N880RW,E170,EMBRAER ERJ-170-100,0
landing,LGA,04,1789218904.09,2026-09-12T13:15:04Z,40.779739,-73.878891,30.9,ac1f61,N880RW,E170,EMBRAER ERJ-170-100,0
takeoff,LGA,13,1789218927.81,2026-09-12T13:15:27Z,40.780449,-73.874664,120.9,ab83e8,N841DN,B739,BOEING 737-900,0
landing,JFK,13L,1789218933.75,2026-09-12T13:15:33Z,40.649414,-73.771758,120.9,8966d4,A6-XWL,A35K,AIRBUS A-350-1000,0
takeoff,JFK,13R,1789218964.56,2026-09-12T13:16:04Z,40.646097,-73.811708,120.9,a36fff,N320TF,B38M,BOEING 737 MAX 8,0
landing,LGA,13,1789219024.27,2026-09-12T13:17:04Z,40.777235,-73.867919,120.9,ab3fcc,N824AW,A319,AIRBUS A-319,0
takeoff,JFK,13R,1789219041.66,2026-09-12T13:17:21Z,40.645678,-73.810772,120.9,adde95,N993JE,A321,AIRBUS A-321,0
landing,JFK,13L,1789219051.9,2026-09-12T13:17:31Z,40.64903,-73.770946,120.9,710112,HZ-AK40,B77W,BOEING 777-300ER,0
landing,LGA,31,1789219057.38,2026-09-12T13:17:37Z,40.776901,-73.870926,303.8,a00929,N101HQ,E75L,EMBRAER ERJ-170-200 (long wing),0
takeoff,JFK,13R,1789219118.59,2026-09-12T13:18:38Z,40.645237,-73.80983,120.9,a45bfa,N380HA,A332,AIRBUS A-330-200,0
landing,LGA,13,1789219125.26,2026-09-12T13:18:45Z,40.777313,-73.868073,120.9,a0d6a8,N153PQ,CRJ9,BOMBARDIER Regional Jet CRJ-900,0
takeoff,LGA,13,1789219171.14,2026-09-12T13:19:31Z,40.780334,-73.87442,120.9,a44291,N3739P,B738,BOEING 737-800,0
takeoff,JFK,13R,1789219217.02,2026-09-12T13:20:17Z,40.646551,-73.812691,120.9,ad646e,N962JT,A321,AIRBUS A-321,0
landing,JFK,13L,1789219235.92,2026-09-12T13:20:35Z,40.651142,-73.775574,120.9,ac756c,N9011P,A319,AIRBUS A-319,0
takeoff,JFK,13R,1789219291.41,2026-09-12T13:21:31Z,40.645317,-73.809952,120.9,a34d2f,N3112J,BCS3,AIRBUS A220-300,0
takeoff,LGA,13,1789219326.33,2026-09-12T13:22:06Z,40.779574,-73.872804,120.9,a305aa,N294PQ,CRJ9,BOMBARDIER Regional Jet CRJ-900,0
takeoff,JFK,13R,1789219356.18,2026-09-12T13:22:36Z,40.646313,-73.812149,120.9,acab54,N915XJ,CRJ9,BOMBARDIER Regional Jet CRJ-900,0
landing,JFK,13L,1789219376.34,2026-09-12T13:22:56Z,40.649265,-73.7715,120.9,a38fa4,N3289J,,,0
landing,LGA,13,1789219483.01,2026-09-12T13:24:43Z,40.777375,-73.8682,120.9,a3901d,N329DU,BCS3,,0
takeoff,LGA,13,1789219519.38,2026-09-12T13:25:19Z,40.781506,-73.876861,120.9,ac1f61,N880RW,E170,EMBRAER ERJ-170-100,0
takeoff,JFK,13R,1789219548.3,2026-09-12T13:25:48Z,40.64558,-73.810547,120.9,a3ca01,N343RY,B38M,BOEING 737 MAX 8,0
landing,LGA,13,1789219607.31,2026-09-12T13:26:47Z,40.777382,-73.868225,120.9,c0130c,C-FHFN,GLID,Schleicher K 7 Rhonadler,0
takeoff,LGA,13,1789219654.55,2026-09-12T13:27:34Z,40.780483,-73.87471,126.6,a39ada,N331PQ,CRJ9,BOMBARDIER Regional Jet CRJ-900,0
takeoff,JFK,13R,1789219672.26,2026-09-12T13:27:52Z,40.646539,-73.812675,118.1,a7c849,N600LR,CRJ9,BOMBARDIER Regional Jet CRJ-900,0
takeoff,JFK,13R,1789219739.61,2026-09-12T13:28:59Z,40.646461,-73.8125,123.8,a6152a,N491PX,CRJ9,BOMBARDIER Regional Jet CRJ-900,0
takeoff,LGA,13,1789219757.22,2026-09-12T13:29:17Z,40.779739,-73.873184,120.9,a44cca,N3762Y,B738,BOEING 737-800,0
takeoff,JFK,13R,1789219797.04,2026-09-12T13:29:57Z,40.645329,-73.810028,120.9,a189f2,N199DN,B763,BOEING 767-300,0
landing,LGA,13,1789219818.15,2026-09-12T13:30:18Z,40.777428,-73.868332,120.9,ac5723,N8944Q,B38M,,0
takeoff,LGA,13,1789219855.87,2026-09-12T13:30:55Z,40.781536,-73.876923,120.9,a517dc,N427YX,E75L,EMBRAER ERJ-170-200 (long wing),0
takeoff,JFK,13R,1789219913.19,2026-09-12T13:31:53Z,40.645667,-73.810756,120.9,a389eb,N327SK,B38M,BOEING 737 MAX 8,0
landing,LGA,31,1789219928.68,2026-09-12T13:32:08Z,40.776855,-73.870865,303.8,a55f6c,N445YX,E75L,EMBRAER ERJ-170-200 (long wing),0
takeoff,LGA,13,1789219976.75,2026-09-12T13:32:56Z,40.781576,-73.877017,120.9,a4c170,N405YX,E75L,EMBRAER ERJ-170-200 (long wing),0
landing,JFK,13L,1789220000.71,2026-09-12T13:33:20Z,40.649918,-73.772858,120.9,ac89f7,N907JB,A321,AIRBUS A-321,0
takeoff,JFK,13R,1789220045.66,2026-09-12T13:34:05Z,40.646164,-73.811813,120.9,ab4ba6,N827JB,A320,AIRBUS A-320,0
landing,LGA,31,1789220064.8,2026-09-12T13:34:24Z,40.776993,-73.87114,303.8,a1d45a,N217JQ,E75L,EMBRAER ERJ-170-200 (long wing),0
landing,LGA,13,1789220073.81,2026-09-12T13:34:33Z,40.777348,-73.868164,120.9,a032bb,N1113R,GLF6,GULFSTREAM G650,8
takeoff,LGA,13,1789220118.09,2026-09-12T13:35:18Z,40.780016,-73.87374,120.9,a339b1,N307DU,BCS3,AIRBUS A220-300,0
landing,JFK,13L,1789220132.39,2026-09-12T13:35:32Z,40.651206,-73.775737,120.9,aaf87f,N806DN,B739,BOEING 737-900,0
takeoff,JFK,13R,1789220216.99,2026-09-12T13:36:56Z,40.645889,-73.811249,120.9,adb35c,N982JB,A321,AIRBUS A-321,0
takeoff,LGA,13,1789220261.8,2026-09-12T13:37:41Z,40.78038,-73.874496,120.9,a2454f,N24526,A21N,,0
takeoff,JFK,13R,1789220298.15,2026-09-12T13:38:18Z,40.646061,-73.811569,120.9,0c2084,HP-1828CMP,B738,BOEING 737-800,0
takeoff,LGA,13,1789220394.83,2026-09-12T13:39:54Z,40.781479,-73.876831,120.9,a4f7cb,N419YX,E75L,EMBRAER ERJ-170-200 (long wing),0
landing,JFK,13L,1789220486.91,2026-09-12T13:41:26Z,40.651649,-73.776736,120.9,a33ca9,N3077J,BCS3,AIRBUS A220-300,0
takeoff,JFK,13R,1789220552.01,2026-09-12T13:42:32Z,40.645615,-73.810623,120.9,a1b2a8,N2084J,A21N,AIRBUS A-321neo,0
landing,JFK,13L,1789220598.86,2026-09-12T13:43:18Z,40.650341,-73.773834,120.9,ac9709,N910DU,B739,BOEING 737-900,0
takeoff,LGA,13,1789220613.81,2026-09-12T13:43:33Z,40.779579,-73.872833,120.9,a37d8a,N324DU,BCS3,AIRBUS A220-300,0
takeoff,JFK,13R,1789220693.29,2026-09-12T13:44:53Z,40.645535,-73.810455,120.9,a86605,N640JB,A320,AIRBUS A-320,0
takeoff,LGA,13,1789220727.33,2026-09-12T13:45:27Z,40.779528,-73.872726,120.9,a335fa,N306DU,BCS3,AIRBUS A220-300,0
takeoff,JFK,13R,1789220788.85,2026-09-12T13:46:28Z,40.645329,-73.810023,120.9,ad3cdf,N952JB,A321,AIRBUS A-321,0
landing,JFK,13L,1789220813.03,2026-09-12T13:46:53Z,40.65223,-73.778015,120.9,a8021b,N615JB,A320,AIRBUS A-320,0
takeoff,LGA,13,1789220850.41,2026-09-12T13:47:30Z,40.780552,-73.874864,120.9,a377a2,N322VJ,B38M,BOEING 737 MAX 8,0
takeoff,JFK,13R,1789220877.39,2026-09-12T13:47:57Z,40.645306,-73.809944,120.9,a37f8d,N3240J,BCS3,,0
takeoff,LGA,13,1789220976.0,2026-09-12T13:49:36Z,40.780025,-73.873779,120.9,a3dcc2,N348TU,B38M,,0
landing,LGA,13,1789221035.57,2026-09-12T13:50:35Z,40.777691,-73.868896,118.1,a39113,N329PQ,CRJ9,BOMBARDIER Regional Jet CRJ-900,0
landing,LGA,31,1789221055.01,2026-09-12T13:50:55Z,40.776828,-73.870791,303.8,ada699,N979RP,E170,EMBRAER ERJ-170-100,0
takeoff,LGA,13,1789221081.88,2026-09-12T13:51:21Z,40.781611,-73.87708,120.9,a00929,N101HQ,E75L,EMBRAER ERJ-170-200 (long wing),0
takeoff,JFK,13R,1789221092.73,2026-09-12T13:51:32Z,40.645237,-73.809799,120.9,a38019,N3244J,BCS3,,0
landing,LGA,04,1789221177.47,2026-09-12T13:52:57Z,40.77586,-73.881058,351.6,a866c7,N640RW,E170,EMBRAER ERJ-170-100,0
landing,LGA,31,1789221183.77,2026-09-12T13:53:03Z,40.776833,-73.870789,300.9,ac26cf,N882RW,E170,EMBRAER ERJ-170-100,0
takeoff,JFK,13R,1789221198.6,2026-09-12T13:53:18Z,40.646255,-73.812012,120.9,ac8efa,N908XJ,CRJ9,BOMBARDIER Regional Jet CRJ-900,0
takeoff,LGA,13,1789221219.06,2026-09-12T13:53:39Z,40.781529,-73.876939,120.9,a210c5,N232JQ,E75L,EMBRAER ERJ-170-200 (long wing),0
takeoff,JFK,13R,1789221321.68,2026-09-12T13:55:21Z,40.646313,-73.81218,120.9,a939e8,N694DL,B752,BOEING 757-200,0
takeoff,LGA,13,1789221372.31,2026-09-12T13:56:12Z,40.780575,-73.874908,118.1,a08e3c,N135EV,CRJ9,BOMBARDIER Regional Jet CRJ-900,0
takeoff,LGA,13,1789221495.13,2026-09-12T13:58:15Z,40.781518,-73.876877,120.9,a55f6c,N445YX,E75L,EMBRAER ERJ-170-200 (long wing),0
landing,JFK,13L,1789221539.86,2026-09-12T13:58:59Z,40.652533,-73.778687,118.1,ab4510,N825ST,BE20,BEECH 200 Super King Air,8
takeoff,LGA,13,1789221603.5,2026-09-12T14:00:03Z,40.781459,-73.876783,120.9,a1d45a,N217JQ,E75L,EMBRAER ERJ-170-200 (long wing),0
takeoff,JFK,13R,1789221671.69,2026-09-12T14:01:11Z,40.645387,-73.810116,120.9,a51968,N428AS,B739,BOEING 737-900,0
landing,LGA,31,1789221683.61,2026-09-12T14:01:23Z,40.776734,-73.870572,306.6,c07a7c,C-GUJZ,DH8D,DE HAVILLAND DHC-8-400 Dash 8,0
landing,JFK,13L,1789221732.76,2026-09-12T14:02:12Z,40.651371,-73.776123,120.9,a7e54f,N608DN,A21N,AIRBUS A-321neo,0
takeoff,JFK,13R,1789221741.96,2026-09-12T14:02:21Z,40.646214,-73.811958,120.9,a1b2ee,N2086J,A21N,AIRBUS A-321neo,0
landing,LGA,31,1789221808.31,2026-09-12T14:03:28Z,40.776862,-73.870853,300.9,a93d7c,N695CA,CRJ9,BOMBARDIER Regional Jet CRJ-900,0
takeoff,JFK,13R,1789221813.75,2026-09-12T14:03:33Z,40.648204,-73.816343,120.9,a1c57e,N213JQ,E75L,EMBRAER ERJ-170-200 (long wing),0
landing,LGA,04,1789221848.78,2026-09-12T14:04:08Z,40.77592,-73.880997,357.2,c08866,C-GZQZ,E295,EMBRAER ERJ-190-400,0
landing,JFK,13L,1789221901.7,2026-09-12T14:05:01Z,40.65176,-73.777008,120.9,71be27,HL7627,A388,AIRBUS A-380-800,0
landing,LGA,04,1789221971.01,2026-09-12T14:06:11Z,40.776758,-73.880357,30.9,ac2038,N8800L,B38M,BOEING 737 MAX 8,0
landing,LGA,31,1789221976.72,2026-09-12T14:06:16Z,40.776769,-73.87065,303.8,ae109a,02,GLF5,GULFSTREAM 5,1
takeoff,JFK,13R,1789221990.86,2026-09-12T14:06:30Z,40.645649,-73.810684,120.9,789241,B-LQD,A359,AIRBUS A-350-900,0
landing,JFK,13L,1789222066.5,2026-09-12T14:07:46Z,40.64922,-73.771408,120.9,869560,JA795A,B77W,BOEING 777-300ER,0
takeoff,LGA,13,1789222069.15,2026-09-12T14:07:49Z,40.78149,-73.876831,120.9,ac26cf,N882RW,E170,EMBRAER ERJ-170-100,0
takeoff,JFK,13R,1789222107.2,2026-09-12T14:08:27Z,40.646237,-73.811989,120.9,a0be05,N147PQ,CRJ9,BOMBARDIER Regional Jet CRJ-900,0
takeoff,JFK,13R,1789222172.04,2026-09-12T14:09:32Z,40.645876,-73.811177,120.9,ac754b,N9010R,A319,AIRBUS A-319,0
takeoff,LGA,13,1789222217.03,2026-09-12T14:10:17Z,40.779694,-73.873047,118.1,a7dadc,N605LR,CRJ9,BOMBARDIER Regional Jet CRJ-900,0
takeoff,JFK,13R,1789222238.86,2026-09-12T14:10:38Z,40.64612,-73.811755,120.9,ade252,N994JL,A321,AIRBUS A-321,0
takeoff,JFK,13R,1789222279.43,2026-09-12T14:11:19Z,40.648169,-73.816265,120.9,a099a7,N138HQ,E75L,EMBRAER ERJ-170-200 (long wing),0
takeoff,LGA,13,1789222350.95,2026-09-12T14:12:30Z,40.78149,-73.876862,120.9,a866c7,N640RW,E170,EMBRAER ERJ-170-100,0
takeoff,JFK,13R,1789222372.65,2026-09-12T14:12:52Z,40.647703,-73.81525,120.9,a1b449,N209JQ,E75L,EMBRAER ERJ-170-200 (long wing),0
takeoff,LGA,13,1789222426.4,2026-09-12T14:13:46Z,40.780214,-73.874161,120.9,c07a7c,C-GUJZ,DH8D,DE HAVILLAND DHC-8-400 Dash 8,0
takeoff,JFK,31L,1789222430.19,2026-09-12T14:13:50Z,40.650204,-73.814835,275.6,06a1ca,A7-CGE,GLF6,GULFSTREAM G650,0
landing,LGA,13,1789222492.54,2026-09-12T14:14:52Z,40.77734,-73.868169,120.9,c014e0,C-FHXN,BCS3,AIRBUS A220-300,0
landing,LGA,31,1789222514.28,2026-09-12T14:15:14Z,40.77689,-73.870911,300.9,a042d5,N116DN,A321,AIRBUS A-321,0
landing,LGA,22,1789222517.87,2026-09-12T14:15:17Z,40.775454,-73.877439,222.2,a095f0,N137HQ,E75L,EMBRAER ERJ-170-200 (long wing),0
landing,JFK,13L,1789222538.07,2026-09-12T14:15:38Z,40.650673,-73.774597,120.9,8418b4,JA06WJ,A35K,AIRBUS A-350-1000,0
takeoff,JFK,13R,1789222546.5,2026-09-12T14:15:46Z,40.64583,-73.811099,120.9,a6ee8e,N546DN,A21N,AIRBUS A-321neo,0
takeoff,LGA,13,1789222548.69,2026-09-12T14:15:48Z,40.779716,-73.873123,120.9,a93d7c,N695CA,CRJ9,BOMBARDIER Regional Jet CRJ-900,0
landing,LGA,22,1789222562.79,2026-09-12T14:16:02Z,40.775885,-73.87708,219.4,a8a0d9,N655RW,E170,EMBRAER ERJ-170-100,0
landing,LGA,31,1789222572.88,2026-09-12T14:16:12Z,40.776734,-73.870603,326.2,a35e6f,N316PQ,CRJ9,BOMBARDIER Regional Jet CRJ-900,0
takeoff,LGA,31,1789222584.89,2026-09-12T14:16:24Z,40.781262,-73.878531,345.9,c08866,C-GZQZ,E295,EMBRAER ERJ-190-400,0
takeoff,JFK,13R,1789222661.06,2026-09-12T14:17:41Z,40.646507,-73.812607,120.9,acba30,N919XJ,CRJ9,BOMBARDIER Regional Jet CRJ-900,0
landing,JFK,13L,1789222694.44,2026-09-12T14:18:14Z,40.650719,-73.774704,120.9,a0b1ea,N144DU,BCS1,AIRBUS A220-100,0
landing,JFK,13L,1789222796.76,2026-09-12T14:19:56Z,40.651718,-73.776876,115.3,a7cc00,N601LR,CRJ9,BOMBARDIER Regional Jet CRJ-900,0
landing,LGA,31,1789222806.23,2026-09-12T14:20:06Z,40.776746,-73.870619,303.8,ab1d06,N815MD,E170,EMBRAER ERJ-170-100,0
landing,JFK,13L,1789222882.62,2026-09-12T14:21:22Z,40.649856,-73.772756,120.9,3965a1,F-GZNB,B77W,BOEING 777-300ER,0
takeoff,JFK,13R,1789222923.1,2026-09-12T14:22:03Z,40.645546,-73.810486,120.9,a85ff5,N639JB,A320,AIRBUS A-320,0
landing,JFK,13L,1789223089.65,2026-09-12T14:24:49Z,40.649483,-73.771973,123.8,a537ed,N435YX,E75L,EMBRAER ERJ-170-200 (long wing),0
landing,LGA,31,1789223108.98,2026-09-12T14:25:08Z,40.776901,-73.870941,303.8,ac1951,N879RW,E170,EMBRAER ERJ-170-100,0
takeoff,JFK,13R,1789223129.83,2026-09-12T14:25:29Z,40.648075,-73.81604,120.9,a19dff,N203JQ,E75L,EMBRAER ERJ-170-200 (long wing),0
landing,JFK,22L,1789223189.95,2026-09-12T14:26:29Z,40.635832,-73.762223,210.9,01028a,,,,
takeoff,LGA,13,1789223196.52,2026-09-12T14:26:36Z,40.780266,-73.874283,120.9,ac2038,N8800L,B38M,BOEING 737 MAX 8,0
takeoff,JFK,13R,1789223235.44,2026-09-12T14:27:15Z,40.645615,-73.810638,120.9,adc5ff,N987JT,A321,AIRBUS A-321,0
landing,JFK,13L,1789223270.91,2026-09-12T14:27:50Z,40.649728,-73.772522,120.9,a437c0,N371CM,B763,BOEING 767-300,0
landing,LGA,13,1789223285.89,2026-09-12T14:28:05Z,40.77776,-73.869034,120.9,c086bf,C-GZAS,C25A,CESSNA 525A Citation CJ2,0
landing,JFK,22L,1789223347.49,2026-09-12T14:29:07Z,40.635761,-73.762283,210.9,76cdc3,9V-SNC,B77W,BOEING 777-300ER,0
takeoff,JFK,13R,1789223356.93,2026-09-12T14:29:16Z,40.645866,-73.811188,120.9,ad2f71,N949JT,A321,AIRBUS A-321,0
landing,JFK,13L,1789223419.54,2026-09-12T14:30:19Z,40.650261,-73.773666,118.1,add793,N991NN,B738,BOEING 737-800,0
landing,LGA,22,1789223454.61,2026-09-12T14:30:54Z,40.777153,-73.878906,255.9,a06aba,N126HQ,E75L,EMBRAER ERJ-170-200 (long wing),0
landing,JFK,22L,1789223506.0,2026-09-12T14:31:46Z,40.636147,-73.761973,209.6,507c4c,UK-78701,B788,BOEING 787-8 Dreamliner,0
takeoff,JFK,13R,1789223531.71,2026-09-12T14:32:11Z,40.645947,-73.811356,120.9,adbe91,N985JT,A321,AIRBUS A-321,0
landing,LGA,31,1789223565.21,2026-09-12T14:32:45Z,40.776886,-73.870869,298.1,a15b4c,N187GJ,CRJ9,BOMBARDIER Regional Jet CRJ-900,0
landing,LGA,13,1789223570.31,2026-09-12T14:32:50Z,40.777828,-73.869186,120.9,a1e194,N220FX,CL30,BOMBARDIER BD-100 Challenger 300,0
landing,JFK,13L,1789223573.14,2026-09-12T14:32:53Z,40.649658,-73.772319,123.8,ad4804,N955JB,A321,AIRBUS A-321,0
takeoff,JFK,13R,1789223594.7,2026-09-12T14:33:14Z,40.645592,-73.810593,120.9,a854d0,N636JB,A320,AIRBUS A-320,0
takeoff,JFK,13R,1789223652.68,2026-09-12T14:34:12Z,40.646505,-73.812613,120.9,a12fda,N176DZ,B763,BOEING 767-300,0
landing,LGA,13,1789223673.23,2026-09-12T14:34:33Z,40.777631,-73.868731,120.9,a3bdac,N340DU,BCS3,AIRBUS A220-300,0
landing,LGA,31,1789223744.09,2026-09-12T14:35:44Z,40.776752,-73.87059,303.8,a37ea4,N324RA,B38M,BOEING 737 MAX 8,0
takeoff,JFK,13R,1789223764.49,2026-09-12T14:36:04Z,40.648064,-73.816025,120.9,a546c9,N439YX,E75L,EMBRAER ERJ-170-200 (long wing),0
takeoff,LGA,13,1789223794.29,2026-09-12T14:36:34Z,40.779934,-73.87355,120.9,adb014,N981NN,B738,BOEING 737-800,0
takeoff,JFK,13R,1789223867.18,2026-09-12T14:37:47Z,40.645878,-73.811218,120.9,a337b9,N306XR,,,0
takeoff,LGA,13,1789223905.67,2026-09-12T14:38:25Z,40.780163,-73.874039,120.9,aafca8,N807JB,A320,AIRBUS A-320,0
landing,LGA,31,1789223982.1,2026-09-12T14:39:42Z,40.776781,-73.870697,309.4,a77d89,N582CA,CRJ9,BOMBARDIER Regional Jet CRJ-900,0
takeoff,JFK,13R,1789223988.36,2026-09-12T14:39:48Z,40.645771,-73.810959,120.9,a83876,N629JB,A320,AIRBUS A-320,0
landing,LGA,22,1789224006.02,2026-09-12T14:40:06Z,40.777142,-73.878937,255.9,abc2e5,N857RW,E170,EMBRAER ERJ-170-100,0
takeoff,LGA,13,1789224112.94,2026-09-12T14:41:52Z,40.781692,-73.877267,120.9,a1f46b,N225JQ,E75L,EMBRAER ERJ-170-200 (long wing),0
landing,JFK,13L,1789224115.31,2026-09-12T14:41:55Z,40.650616,-73.77446,120.9,a44943,N3754A,B738,BOEING 737-800,0
landing,JFK,22L,1789224158.09,2026-09-12T14:42:38Z,40.637169,-73.761185,210.9,4006c0,G-VIIN,B772,BOEING 777-200,0
landing,LGA,31,1789224239.93,2026-09-12T14:43:59Z,40.776804,-73.870728,303.8,a03bcd,N114HQ,E75L,EMBRAER ERJ-170-200 (long wing),0
landing,JFK,13L,1789224242.55,2026-09-12T14:44:02Z,40.650892,-73.775066,120.9,407699,G-VPRD,A35K,AIRBUS A-350-1000,0
landing,LGA,31,1789224274.68,2026-09-12T14:44:34Z,40.776839,-73.870791,300.9,a51f4a,N429YX,E75L,EMBRAER ERJ-170-200 (long wing),0
landing,LGA,13,1789224307.44,2026-09-12T14:45:07Z,40.777725,-73.868942,120.9,a46e40,N385DZ,A321,AIRBUS A-321,0
takeoff,LGA,13,1789224351.33,2026-09-12T14:45:51Z,40.78038,-73.874512,120.9,a44257,N37371,B38M,,0
landing,JFK,13L,1789224384.13,2026-09-12T14:46:24Z,40.650593,-73.774399,120.9,ac9f52,N912NN,B738,BOEING 737-800,0
landing,JFK,22L,1789224424.66,2026-09-12T14:47:04Z,40.636105,-73.762024,210.9,a34978,N3102J,BCS3,AIRBUS A220-300,0
landing,JFK,13L,1789224479.55,2026-09-12T14:47:59Z,40.648658,-73.770228,129.4,a08e82,N135HQ,E75L,EMBRAER ERJ-170-200 (long wing),0
landing,LGA,31,1789224501.35,2026-09-12T14:48:21Z,40.776913,-73.870956,303.8,a046f2,N117HQ,E75L,EMBRAER ERJ-170-200 (long wing),0
takeoff,LGA,13,1789224564.36,2026-09-12T14:49:24Z,40.780272,-73.874302,120.9,a32c3e,N303UE,B38M,,0
landing,LGA,31,1789224571.89,2026-09-12T14:49:31Z,40.777039,-73.871201,303.8,a1dd2d,N219YX,E75L,EMBRAER ERJ-170-200 (long wing),0
landing,JFK,22L,1789224597.67,2026-09-12T14:49:57Z,40.633458,-73.764064,210.9,4bb146,TC-LJF,B77W,BOEING 777-300ER,0
takeoff,JFK,13R,1789224632.76,2026-09-12T14:50:32Z,40.645271,-73.80986,119.7,020121,CN-RGS,B788,BOEING 787-8 Dreamliner,0
landing,LGA,13,1789224646.2,2026-09-12T14:50:46Z,40.777747,-73.86898,115.3,a8f235,N676CA,CRJ9,BOMBARDIER Regional Jet CRJ-900,0
landing,JFK,13L,1789224649.56,2026-09-12T14:50:49Z,40.651028,-73.77533,120.9,a9327a,N692DL,B752,BOEING 757-200,0
takeoff,LGA,13,1789224693.48,2026-09-12T14:51:33Z,40.780528,-73.874833,120.9,a042d5,N116DN,A321,AIRBUS A-321,0
takeoff,JFK,13R,1789224762.47,2026-09-12T14:52:42Z,40.645457,-73.810272,120.9,a790b3,N587JB,A320,AIRBUS A-320,0
takeoff,LGA,13,1789224805.49,2026-09-12T14:53:25Z,40.779993,-73.873631,120.9,a9d5e5,N73276,B738,BOEING 737-800,0
landing,LGA,31,1789224820.54,2026-09-12T14:53:40Z,40.777119,-73.871368,303.8,a06e0b,N127DN,A321,AIRBUS A-321,0
takeoff,JFK,13R,1789224826.58,2026-09-12T14:53:46Z,40.646301,-73.812164,120.9,ac92b1,N909XJ,CRJ9,BOMBARDIER Regional Jet CRJ-900,0
landing,LGA,31,1789224857.69,2026-09-12T14:54:17Z,40.777027,-73.871201,300.9,abc649,N858NN,B738,BOEING 737-800,0
landing,LGA,31,1789224894.66,2026-09-12T14:54:54Z,40.776956,-73.871056,320.6,a39723,N330PQ,CRJ9,BOMBARDIER Regional Jet CRJ-900,0
takeoff,LGA,13,1789224919.01,2026-09-12T14:55:19Z,40.779446,-73.872538,120.9,a35e6f,N316PQ,CRJ9,BOMBARDIER Regional Jet CRJ-900,0
landing,JFK,22L,1789224970.63,2026-09-12T14:56:10Z,40.634686,-73.763107,210.9,a1cf48,N2156J,A21N,AIRBUS A-321neo,0
takeoff,JFK,13R,1789224983.55,2026-09-12T14:56:23Z,40.645523,-73.810455,120.9,a198ed,N2016J,A21N,AIRBUS A-321neo,0
landing,LGA,22,1789225015.79,2026-09-12T14:56:55Z,40.777061,-73.879105,227.8,a32814,N302PQ,CRJ9,BOMBARDIER Regional Jet CRJ-900,0
takeoff,JFK,13R,1789225036.69,2026-09-12T14:57:16Z,40.646435,-73.81241,120.9,ac756c,N9011P,A319,AIRBUS A-319,0
takeoff,LGA,13,1789225049.43,2026-09-12T14:57:29Z,40.781513,-73.876862,120.9,a095f0,N137HQ,E75L,EMBRAER ERJ-170-200 (long wing),0
landing,LGA,22,1789225082.87,2026-09-12T14:58:02Z,40.777473,-73.874588,244.7,a06e71,N127HQ,E75L,EMBRAER ERJ-170-200 (long wing),0
takeoff,JFK,13R,1789225122.49,2026-09-12T14:58:42Z,40.6455,-73.810379,120.9,ab355c,N821JB,A320,AIRBUS A-320,0
landing,JFK,13L,1789225178.04,2026-09-12T14:59:38Z,40.651165,-73.77562,120.9,a3c60d,N342PM,B738,BOEING 737-800,0
takeoff,LGA,13,1789225204.54,2026-09-12T15:00:04Z,40.780226,-73.874193,120.9,a44591,N3744F,B738,BOEING 737-800,0
landing,LGA,13,1789225272.73,2026-09-12T15:01:12Z,40.777325,-73.868134,123.8,a3b79c,N339DU,,,0
landing,LGA,31,1789225282.19,2026-09-12T15:01:22Z,40.777316,-73.871789,300.9,adc531,N987AM,A321,AIRBUS A-321,0
takeoff,LGA,13,1789225326.25,2026-09-12T15:02:06Z,40.779714,-73.873116,120.9,abde0b,N864DN,B739,BOEING 737-900,0
landing,JFK,13L,1789225350.8,2026-09-12T15:02:30Z,40.651394,-73.776169,120.9,acb2c2,N917XJ,CRJ9,BOMBARDIER Regional Jet CRJ-900,0
takeoff,LGA,13,1789225383.91,2026-09-12T15:03:03Z,40.781502,-73.876877,120.9,a8a0d9,N655RW,E170,EMBRAER ERJ-170-100,0
landing,LGA,31,1789225402.49,2026-09-12T15:03:22Z,40.777702,-73.873718,258.8,ab0a73,N810MD,E170,EMBRAER ERJ-170-100,0
takeoff,JFK,13R,1789225407.28,2026-09-12T15:03:27Z,40.644962,-73.809189,120.9,a38e69,N3280J,BCS3,AIRBUS A220-300,0
takeoff,LGA,04,1789225429.55,2026-09-12T15:03:49Z,40.778584,-73.879852,30.9,abc2e5,N857RW,E170,EMBRAER ERJ-170-100,0
landing,LGA,04,1789225435.26,2026-09-12T15:03:55Z,40.778584,-73.879852,30.9,abc2e5,N857RW,E170,EMBRAER ERJ-170-100,0
landing,LGA,22,1789225452.87,2026-09-12T15:04:12Z,40.77713,-73.878983,244.7,abe2f6,N865RW,E170,EMBRAER ERJ-170-100,0
takeoff,JFK,13R,1789225470.95,2026-09-12T15:04:30Z,40.647214,-73.814174,120.9,a336f0,N306PQ,CRJ9,BOMBARDIER Regional Jet CRJ-900,0
landing,LGA,13,1789225484.5,2026-09-12T15:04:44Z,40.777281,-73.868013,120.9,a0267b,N109DN,A321,AIRBUS A-321,0
takeoff,JFK,13R,1789225530.07,2026-09-12T15:05:30Z,40.645557,-73.810501,120.9,aa57df,N766AN,B772,BOEING 777-200,0
takeoff,LGA,13,1789225534.21,2026-09-12T15:05:34Z,40.781445,-73.876755,120.9,ab1d06,N815MD,E170,EMBRAER ERJ-170-100,0
takeoff,LGA,13,1789225601.65,2026-09-12T15:06:41Z,40.781685,-73.877243,120.9,ac1951,N879RW,E170,EMBRAER ERJ-170-100,0
takeoff,LGA,04,1789225614.52,2026-09-12T15:06:54Z,40.781616,-73.878632,348.8,a06aba,N126HQ,E75L,EMBRAER ERJ-170-200 (long wing),0
landing,JFK,22L,1789225632.49,2026-09-12T15:07:12Z,40.634168,-73.763534,210.9,a16c3a,N191DN,B763,BOEING 767-300,0
landing,LGA,31,1789225716.96,2026-09-12T15:08:36Z,40.776913,-73.870972,298.1,a385ee,N326PQ,CRJ9,BOMBARDIER Regional Jet CRJ-900,0
takeoff,LGA,13,1789225745.1,2026-09-12T15:09:05Z,40.779795,-73.873256,120.9,ab3fcc,N824AW,A319,AIRBUS A-319,0
takeoff,JFK,13R,1789225746.73,2026-09-12T15:09:06Z,40.645718,-73.810852,120.9,06a2c7,A7-BEX,B77W,BOEING 777-300ER,0
landing,LGA,31,1789225769.76,2026-09-12T15:09:29Z,40.777049,-73.871243,303.8,abdd00,N86347,E75L,EMBRAER ERJ-170-200 (long wing),0
landing,LGA,31,1789225784.35,2026-09-12T15:09:44Z,40.776897,-73.870931,300.9,a8996b,N653RW,E170,EMBRAER ERJ-170-100,0
landing,JFK,13L,1789225858.22,2026-09-12T15:10:58Z,40.650215,-73.77359,123.8,a50192,N421YX,E75L,EMBRAER ERJ-170-200 (long wing),0
takeoff,LGA,13,1789225858.43,2026-09-12T15:10:58Z,40.779694,-73.873062,118.1,a15b4c,N187GJ,CRJ9,BOMBARDIER Regional Jet CRJ-900,0
takeoff,JFK,13R,1789225878.84,2026-09-12T15:11:18Z,40.645364,-73.810101,120.9,a38fa4,N3289J,,,0
takeoff,LGA,13,1789225923.93,2026-09-12T15:12:03Z,40.781541,-73.876939,120.9,abc2e5,N857RW,E170,EMBRAER ERJ-170-100,0
takeoff,JFK,13R,1789225966.96,2026-09-12T15:12:46Z,40.645853,-73.811146,120.9,a732d9,N563JB,A320,AIRBUS A-320,0
takeoff,LGA,13,1789226059.12,2026-09-12T15:14:19Z,40.78054,-73.874848,120.9,a388af,N327DU,BCS3,,0
landing,LGA,13,1789226144.45,2026-09-12T15:15:44Z,40.777531,-73.868515,120.9,a34825,N310PQ,CRJ9,BOMBARDIER Regional Jet CRJ-900,0
landing,LGA,31,1789226175.61,2026-09-12T15:16:15Z,40.777107,-73.871368,303.8,ab43c6,N825DN,B739,BOEING 737-900,0
takeoff,LGA,13,1789226197.76,2026-09-12T15:16:37Z,40.781685,-73.877258,120.9,ada699,N979RP,E170,EMBRAER ERJ-170-100,0
takeoff,JFK,13R,1789226261.89,2026-09-12T15:17:41Z,40.645667,-73.810694,120.9,a9961b,N717AN,B77W,BOEING 777-300ER,0
landing,JFK,13L,1789226306.1,2026-09-12T15:18:26Z,40.649798,-73.772632,120.9,a35b42,N315VC,B38M,BOEING 737 MAX 8,0
takeoff,LGA,13,1789226380.9,2026-09-12T15:19:40Z,40.780226,-73.874177,120.9,ac5723,N8944Q,B38M,,0
landing,JFK,13L,1789226400.66,2026-09-12T15:20:00Z,40.650684,-73.774612,120.9,a6a33f,N527DE,A21N,AIRBUS A-321neo,0
landing,LGA,04,1789226400.72,2026-09-12T15:20:00Z,40.778652,-73.881454,354.4,ab282b,N818MD,E170,EMBRAER ERJ-170-100,0
landing,JFK,22L,1789226410.52,2026-09-12T15:20:10Z,40.634901,-73.762956,210.9,a50725,N423DX,A339,AIRBUS A-330-900,0
takeoff,JFK,13R,1789226446.75,2026-09-12T15:20:46Z,40.645821,-73.811081,119.7,ab7268,N837AN,B789,BOEING 787-9 Dreamliner,0
takeoff,LGA,13,1789226450.49,2026-09-12T15:20:50Z,40.779316,-73.872284,118.1,a77d89,N582CA,CRJ9,BOMBARDIER Regional Jet CRJ-900,0
landing,LGA,31,1789226450.75,2026-09-12T15:20:50Z,40.776924,-73.870972,300.9,aca5e5,N914DU,B739,BOEING 737-900,0
takeoff,LGA,13,1789226520.54,2026-09-12T15:22:00Z,40.779568,-73.872803,120.9,c0130c,C-FHFN,GLID,Schleicher K 7 Rhonadler,0
takeoff,JFK,13R,1789226527.76,2026-09-12T15:22:07Z,40.646505,-73.812582,120.9,8015a7,VT-AER,B77W,BOEING 777-300ER,0
takeoff,LGA,13,1789226583.23,2026-09-12T15:23:03Z,40.78141,-73.876663,120.9,a1dd2d,N219YX,E75L,EMBRAER ERJ-170-200 (long wing),0
takeoff,JFK,13R,1789226639.96,2026-09-12T15:23:59Z,40.645786,-73.811005,120.9,adac5d,N980NN,B738,BOEING 737-800,0
landing,LGA,22,1789226667.37,2026-09-12T15:24:27Z,40.777514,-73.874458,244.7,a449af,N3757D,B738,BOEING 737-800,0
takeoff,JFK,13R,1789226708.62,2026-09-12T15:25:08Z,40.645809,-73.811081,120.9,a788d3,N585DN,A21N,,0
takeoff,LGA,13,1789226724.27,2026-09-12T15:25:24Z,40.779679,-73.873053,120.9,a0d6a8,N153PQ,CRJ9,BOMBARDIER Regional Jet CRJ-900,0
landing,LGA,31,1789226733.93,2026-09-12T15:25:33Z,40.777393,-73.871964,298.1,a31486,N298PQ,CRJ9,BOMBARDIER Regional Jet CRJ-900,0
landing,JFK,13L,1789226772.09,2026-09-12T15:26:12Z,40.650927,-73.775128,120.9,acd2d3,N925XJ,CRJ9,BOMBARDIER Regional Jet CRJ-900,0
takeoff,JFK,13R,1789226774.1,2026-09-12T15:26:14Z,40.646255,-73.812057,120.9,ad60b7,N961JT,A321,AIRBUS A-321,0
takeoff,LGA,13,1789226792.11,2026-09-12T15:26:32Z,40.780483,-73.874741,120.9,a32814,N302PQ,CRJ9,BOMBARDIER Regional Jet CRJ-900,0
landing,LGA,13,1789226882.96,2026-09-12T15:28:02Z,40.775311,-73.863892,120.9,ad2aed,N948AN,B738,BOEING 737-800,0
takeoff,LGA,13,1789226934.51,2026-09-12T15:28:54Z,40.779935,-73.873568,120.9,a06e0b,N127DN,A321,AIRBUS A-321,0
takeoff,LGA,13,1789226987.7,2026-09-12T15:29:47Z,40.781611,-73.87708,120.9,abe2f6,N865RW,E170,EMBRAER ERJ-170-100,0
takeoff,LGA,13,1789227069.67,2026-09-12T15:31:09Z,40.780203,-73.874146,120.9,abc649,N858NN,B738,BOEING 737-800,0
landing,JFK,13L,1789227290.37,2026-09-12T15:34:50Z,40.6491,-73.771133,120.9,a4e7c9,N415MC,B744,BOEING 747-400,0
landing,LGA,31,1789227297.01,2026-09-12T15:34:57Z,40.776897,-73.870947,303.8,a49206,N394DX,A321,AIRBUS A-321,0
takeoff,LGA,13,1789227326.13,2026-09-12T15:35:26Z,40.78038,-73.874512,123.8,a39723,N330PQ,CRJ9,BOMBARDIER Regional Jet CRJ-900,0
landing,LGA,04,1789227327.12,2026-09-12T15:35:27Z,40.775951,-73.880981,11.2,a0345f,N112HQ,E75L,EMBRAER ERJ-170-200 (long wing),0
takeoff,LGA,04,1789227396.68,2026-09-12T15:36:36Z,40.781616,-73.878632,348.8,a06e71,N127HQ,E75L,EMBRAER ERJ-170-200 (long wing),0
takeoff,LGA,04,1789227479.41,2026-09-12T15:37:59Z,40.780701,-73.878372,351.6,a032bb,N1113R,GLF6,GULFSTREAM G650,8
takeoff,LGA,13,1789227522.04,2026-09-12T15:38:42Z,40.779659,-73.873001,115.3,a39113,N329PQ,CRJ9,BOMBARDIER Regional Jet CRJ-900,0
landing,JFK,13L,1789227541.54,2026-09-12T15:39:01Z,40.649803,-73.772659,120.9,ad2baa,N948JB,A321,AIRBUS A-321,0
takeoff,JFK,13R,1789227611.65,2026-09-12T15:40:11Z,40.64505,-73.80932,120.9,89647d,A6-EUS,A388,AIRBUS A-380-800,0
landing,LGA,13,1789227628.04,2026-09-12T15:40:28Z,40.77734,-73.868138,120.9,a57d42,N453AA,A21N,AIRBUS A-321neo,0
takeoff,LGA,04,1789227648.58,2026-09-12T15:40:48Z,40.780666,-73.878372,351.6,ab0a73,N810MD,E170,EMBRAER ERJ-170-100,0
takeoff,LGA,13,1789227668.81,2026-09-12T15:41:08Z,40.781593,-73.877045,120.9,ab282b,N818MD,E170,EMBRAER ERJ-170-100,0
landing,JFK,22L,1789227859.36,2026-09-12T15:44:19Z,40.635006,-73.762847,210.9,aa6ccb,N771AN,B772,BOEING 777-200,0
takeoff,JFK,13R,1789227885.34,2026-09-12T15:44:45Z,40.646187,-73.81189,120.9,a91616,N685DA,B752,BOEING 757-200,0
landing,JFK,13L,1789227907.92,2026-09-12T15:45:07Z,40.650217,-73.773552,120.9,ac5bf6,N896DN,B739,BOEING 737-900,0
takeoff,LGA,13,1789227918.28,2026-09-12T15:45:18Z,40.779912,-73.873506,120.9,a385ee,N326PQ,CRJ9,BOMBARDIER Regional Jet CRJ-900,0
takeoff,LGA,13,1789227979.79,2026-09-12T15:46:19Z,40.781479,-73.876831,120.9,abdd00,N86347,E75L,EMBRAER ERJ-170-200 (long wing),0
takeoff,JFK,13R,1789228000.2,2026-09-12T15:46:40Z,40.646062,-73.81163,120.9,aaf87f,N806DN,B739,BOEING 737-900,0
landing,JFK,13L,1789228010.47,2026-09-12T15:46:50Z,40.651381,-73.776143,120.9,a327ee,N302NB,A319,AIRBUS A-319,0
takeoff,JFK,13R,1789228073.06,2026-09-12T15:47:53Z,40.645864,-73.811177,120.9,ad846f,N970JB,A321,AIRBUS A-321,0
landing,LGA,04,1789228074.77,2026-09-12T15:47:54Z,40.775871,-73.880997,348.8,a05470,N120HQ,E75L,EMBRAER ERJ-170-200 (long wing),0
takeoff,LGA,13,1789228122.03,2026-09-12T15:48:42Z,40.781696,-73.877258,120.9,a8996b,N653RW,E170,EMBRAER ERJ-170-100,0
landing,JFK,13L,1789228129.67,2026-09-12T15:48:49Z,40.650444,-73.774078,120.9,0c6060,9Y-BAR,B38M,BOEING 737 MAX 8,0
takeoff,JFK,13R,1789228131.93,2026-09-12T15:48:51Z,40.645539,-73.810475,120.9,ac7b1b,N903JB,A321,AIRBUS A-321,0
takeoff,JFK,13R,1789228234.26,2026-09-12T15:50:34Z,40.645853,-73.811162,120.9,a874e1,N644JB,A320,AIRBUS A-320,0
takeoff,JFK,13R,1789228260.56,2026-09-12T15:51:00Z,40.648201,-73.81636,126.6,a22358,N237JQ,E75L,EMBRAER ERJ-170-200 (long wing),0
landing,JFK,13L,1789228296.6,2026-09-12T15:51:36Z,40.649728,-73.772522,120.9,ad935b,N974JT,A321,AIRBUS A-321,0
takeoff,LGA,13,1789228318.26,2026-09-12T15:51:58Z,40.779602,-73.872879,120.9,ab43c6,N825DN,B739,BOEING 737-900,0
takeoff,JFK,13R,1789228391.5,2026-09-12T15:53:11Z,40.646152,-73.811813,120.9,ad6755,N963AK,B39M,BOEING 737 MAX 9,0
takeoff,JFK,13R,1789228467.92,2026-09-12T15:54:27Z,40.645899,-73.811271,120.9,a8021b,N615JB,A320,AIRBUS A-320,0
takeoff,LGA,13,1789228493.24,2026-09-12T15:54:53Z,40.780517,-73.874801,120.9,a449af,N3757D,B738,BOEING 737-800,0
landing,JFK,13L,1789228514.07,2026-09-12T15:55:14Z,40.650982,-73.775253,120.9,a6b470,N531DA,A21N,AIRBUS A-321neo,0
takeoff,JFK,13R,1789228521.75,2026-09-12T15:55:21Z,40.646381,-73.812332,118.1,a7cc00,N601LR,CRJ9,BOMBARDIER Regional Jet CRJ-900,0
landing,LGA,31,1789228560.73,2026-09-12T15:56:00Z,40.77681,-73.870758,300.9,abd063,N860RW,E170,EMBRAER ERJ-170-100,0
takeoff,LGA,13,1789228566.41,2026-09-12T15:56:06Z,40.779947,-73.873584,120.9,aca5e5,N914DU,B739,BOEING 737-900,0
takeoff,JFK,31L,1789228604.25,2026-09-12T15:56:44Z,40.649426,-73.815734,264.4,71c361,HL8361,A359,AIRBUS A-350-900,0
landing,JFK,13L,1789228605.0,2026-09-12T15:56:45Z,40.649414,-73.771804,120.9,a523ab,N430FR,,,0
takeoff,LGA,13,1789228646.9,2026-09-12T15:57:26Z,40.779568,-73.872803,120.9,a3901d,N329DU,BCS3,,0
landing,LGA,31,1789228674.45,2026-09-12T15:57:54Z,40.776851,-73.870806,300.9,a4463e,N3749D,B738,BOEING 737-800,0
takeoff,LGA,13,1789228713.63,2026-09-12T15:58:33Z,40.780403,-73.874573,120.9,a1e194,N220FX,CL30,BOMBARDIER BD-100 Challenger 300,0
landing,JFK,13L,1789228714.03,2026-09-12T15:58:34Z,40.650627,-73.77449,123.8,a39fe4,N3322J,,,0
landing,LGA,31,1789228783.82,2026-09-12T15:59:43Z,40.776833,-73.870789,300.9,ac006d,N8722L,B38M,BOEING 737 MAX 8,0
landing,JFK,13L,1789228859.5,2026-09-12T16:00:59Z,40.649577,-73.772163,123.8,a21833,N234JQ,E75L,EMBRAER ERJ-170-200 (long wing),0
takeoff,LGA,13,1789228860.21,2026-09-12T16:01:00Z,40.780609,-73.874985,118.1,c086bf,C-GZAS,C25A,CESSNA 525A Citation CJ2,0
takeoff,LGA,13,1789228936.41,2026-09-12T16:02:16Z,40.781681,-73.877251,120.9,a51f4a,N429YX,E75L,EMBRAER ERJ-170-200 (long wing),0
takeoff,LGA,04,1789228954.12,2026-09-12T16:02:34Z,40.781868,-73.878632,8.4,a0345f,N112HQ,E75L,EMBRAER ERJ-170-200 (long wing),0
landing,JFK,13L,1789228968.28,2026-09-12T16:02:48Z,40.6496,-73.77221,123.8,a4c527,N406YX,E75L,EMBRAER ERJ-170-200 (long wing),0
landing,LGA,31,1789228996.94,2026-09-12T16:03:16Z,40.776878,-73.870865,303.8,ad7ece,N969NN,B738,BOEING 737-800,0
takeoff,JFK,13R,1789229091.78,2026-09-12T16:04:51Z,40.645294,-73.809929,120.9,801600,VT-JRE,A359,AIRBUS A-350-900,0
takeoff,JFK,13R,1789229115.08,2026-09-12T16:05:15Z,40.648178,-73.816284,126.6,a537ed,N435YX,E75L,EMBRAER ERJ-170-200 (long wing),0
takeoff,LGA,13,1789229123.46,2026-09-12T16:05:23Z,40.780005,-73.87374,120.9,a49206,N394DX,A321,AIRBUS A-321,0
landing,LGA,31,1789229200.93,2026-09-12T16:06:40Z,40.776833,-73.870804,309.4,a1584a,N186PQ,CRJ9,BOMBARDIER Regional Jet CRJ-900,0
takeoff,LGA,31,1789229238.63,2026-09-12T16:07:18Z,40.780866,-73.878406,345.9,a046f2,N117HQ,E75L,EMBRAER ERJ-170-200 (long wing),0
landing,LGA,31,1789229254.89,2026-09-12T16:07:34Z,40.776932,-73.871009,300.9,ac7c67,N903XJ,CRJ9,BOMBARDIER Regional Jet CRJ-900,0
takeoff,LGA,13,1789229258.99,2026-09-12T16:07:38Z,40.779934,-73.873596,120.9,c014e0,C-FHXN,BCS3,AIRBUS A220-300,0
landing,JFK,22L,1789229276.48,2026-09-12T16:07:56Z,40.636275,-73.761895,208.1,a35109,N3123J,BCS3,AIRBUS A220-300,0
takeoff,JFK,13R,1789229300.1,2026-09-12T16:08:20Z,40.645489,-73.810364,120.9,a262ad,N253AK,B739,BOEING 737-900,0
takeoff,LGA,13,1789229381.95,2026-09-12T16:09:41Z,40.781564,-73.87697,120.9,abbb77,N855RW,E170,EMBRAER ERJ-170-100,0
takeoff,JFK,13R,1789229415.21,2026-09-12T16:10:15Z,40.647079,-73.813858,120.9,ac9f52,N912NN,B738,BOEING 737-800,0
landing,LGA,04,1789229484.16,2026-09-12T16:11:24Z,40.775466,-73.875472,8.4,abd41a,N861RW,E170,EMBRAER ERJ-170-100,0
landing,LGA,31,1789229494.64,2026-09-12T16:11:34Z,40.772896,-73.86438,281.2,a48e3a,N393DA,B738,BOEING 737-800,0
takeoff,JFK,13R,1789229529.04,2026-09-12T16:12:09Z,40.646342,-73.812207,120.9,add793,N991NN,B738,BOEING 737-800,0
landing,LGA,31,1789229545.13,2026-09-12T16:12:25Z,40.776874,-73.870869,300.9,a320a6,N300PQ,CRJ9,BOMBARDIER Regional Jet CRJ-900,0
takeoff,JFK,13R,1789229601.25,2026-09-12T16:13:21Z,40.645841,-73.811162,120.9,710112,HZ-AK40,B77W,BOEING 777-300ER,0
takeoff,LGA,13,1789229644.59,2026-09-12T16:14:04Z,40.781868,-73.877625,120.9,a05470,N120HQ,E75L,EMBRAER ERJ-170-200 (long wing),0
takeoff,LGA,04,1789229647.36,2026-09-12T16:14:07Z,40.78068,-73.878359,348.8,abd063,N860RW,E170,EMBRAER ERJ-170-100,0
takeoff,JFK,13R,1789229711.17,2026-09-12T16:15:11Z,40.646999,-73.813705,120.9,a0b1ea,N144DU,BCS1,AIRBUS A220-100,0
landing,LGA,13,1789229751.81,2026-09-12T16:15:51Z,40.777514,-73.868512,123.8,a00c80,N102DU,BCS1,AIRBUS A220-100,0
takeoff,JFK,13R,1789229787.12,2026-09-12T16:16:27Z,40.645409,-73.810196,120.9,a33ca9,N3077J,BCS3,AIRBUS A220-300,0
takeoff,LGA,13,1789229792.25,2026-09-12T16:16:32Z,40.781525,-73.876907,120.9,a03bcd,N114HQ,E75L,EMBRAER ERJ-170-200 (long wing),0
takeoff,JFK,13R,1789229828.95,2026-09-12T16:17:08Z,40.64772,-73.815247,123.8,a08e82,N135HQ,E75L,EMBRAER ERJ-170-200 (long wing),0
landing,LGA,31,1789229846.43,2026-09-12T16:17:26Z,40.776851,-73.870837,300.9,a1fbd9,N227JQ,E75L,EMBRAER ERJ-170-200 (long wing),0
landing,LGA,31,1789229877.93,2026-09-12T16:17:57Z,40.77681,-73.870743,300.9,a4f414,N418YX,E75L,EMBRAER ERJ-170-200 (long wing),0
takeoff,JFK,13R,1789229904.68,2026-09-12T16:18:24Z,40.645958,-73.811443,120.9,a6c358,N535DN,A21N,AIRBUS A-321neo,0
takeoff,JFK,13R,1789229959.92,2026-09-12T16:19:19Z,40.645411,-73.810179,120.9,a34978,N3102J,BCS3,AIRBUS A220-300,0
landing,JFK,13L,1789230013.98,2026-09-12T16:20:13Z,40.651051,-73.775406,120.9,a35e9c,N316RK,B38M,BOEING 737 MAX 8,0
takeoff,LGA,13,1789230026.43,2026-09-12T16:20:26Z,40.7799,-73.87352,120.9,a4463e,N3749D,B738,BOEING 737-800,0
landing,JFK,22L,1789230041.64,2026-09-12T16:20:41Z,40.635738,-73.762299,210.9,a16883,N190DN,B763,BOEING 767-300,0
takeoff,JFK,13R,1789230068.11,2026-09-12T16:21:08Z,40.646004,-73.811493,120.9,a44943,N3754A,B738,BOEING 737-800,0
landing,LGA,04,1789230084.94,2026-09-12T16:21:24Z,40.776071,-73.880934,14.1,a987bf,N713FR,A321,AIRBUS A-321,0
landing,JFK,13L,1789230112.23,2026-09-12T16:21:52Z,40.651602,-73.776627,123.8,a6152a,N491PX,CRJ9,BOMBARDIER Regional Jet CRJ-900,0
takeoff,JFK,13R,1789230123.92,2026-09-12T16:22:03Z,40.646015,-73.811508,120.9,a9327a,N692DL,B752,BOEING 757-200,0
takeoff,LGA,13,1789230139.34,2026-09-12T16:22:19Z,40.779762,-73.873215,118.1,a8f235,N676CA,CRJ9,BOMBARDIER Regional Jet CRJ-900,0
landing,JFK,13L,1789230184.07,2026-09-12T16:23:04Z,40.651567,-73.776533,123.8,ac74f9,N901XJ,CRJ9,BOMBARDIER Regional Jet CRJ-900,0
takeoff,LGA,13,1789230210.97,2026-09-12T16:23:30Z,40.780014,-73.873749,120.9,ac006d,N8722L,B38M,BOEING 737 MAX 8,0
landing,JFK,22L,1789230219.33,2026-09-12T16:23:39Z,40.635192,-73.762722,210.9,a33843,N3062J,BCS3,AIRBUS A220-300,0
takeoff,JFK,13R,1789230233.32,2026-09-12T16:23:53Z,40.646388,-73.812332,120.9,acb2c2,N917XJ,CRJ9,BOMBARDIER Regional Jet CRJ-900,0
takeoff,LGA,13,1789230359.13,2026-09-12T16:25:59Z,40.779609,-73.872897,123.8,a3bdac,N340DU,BCS3,AIRBUS A220-300,0
takeoff,LGA,13,1789230436.79,2026-09-12T16:27:16Z,40.78022,-73.874176,120.9,ad7ece,N969NN,B738,BOEING 737-800,0
takeoff,JFK,13R,1789230523.37,2026-09-12T16:28:43Z,40.646244,-73.811996,120.9,780aec,B-2042,B77L,BOEING 777-200LR,0
landing,JFK,22L,1789230533.44,2026-09-12T16:28:53Z,40.633827,-73.763885,216.6,a0232a,N108HQ,E75L,EMBRAER ERJ-170-200 (long wing),0
landing,LGA,31,1789230627.16,2026-09-12T16:30:27Z,40.776851,-73.870822,300.9,ab3d17,N823MD,E170,EMBRAER ERJ-170-100,0
takeoff,JFK,13R,1789230640.19,2026-09-12T16:30:40Z,40.64576,-73.810959,120.9,ad7701,N967JT,A321,AIRBUS A-321,0
takeoff,LGA,13,1789230679.3,2026-09-12T16:31:19Z,40.780284,-73.874302,120.9,a46e40,N385DZ,A321,AIRBUS A-321,0
landing,JFK,13L,1789230696.98,2026-09-12T16:31:36Z,40.650974,-73.775238,118.1,a7c849,N600LR,CRJ9,BOMBARDIER Regional Jet CRJ-900,0
landing,JFK,22L,1789230777.45,2026-09-12T16:32:57Z,40.634171,-73.763519,210.9,3965b3,F-GZNT,B77W,BOEING 777-300ER,0
landing,JFK,13L,1789230794.62,2026-09-12T16:33:14Z,40.650008,-73.773115,120.9,aaf111,N804DN,B739,BOEING 737-900,0
takeoff,JFK,13R,1789230795.01,2026-09-12T16:33:15Z,40.645832,-73.811111,120.9,a32803,N302NY,A21N,AIRBUS A-321neo,0
takeoff,LGA,04,1789230808.15,2026-09-12T16:33:28Z,40.780701,-73.878357,351.6,ac7c67,N903XJ,CRJ9,BOMBARDIER Regional Jet CRJ-900,0
takeoff,JFK,13R,1789230827.35,2026-09-12T16:33:47Z,40.64818,-73.816296,123.8,a50192,N421YX,E75L,EMBRAER ERJ-170-200 (long wing),0
takeoff,LGA,13,1789230838.07,2026-09-12T16:33:58Z,40.779842,-73.873397,118.1,a1584a,N186PQ,CRJ9,BOMBARDIER Regional Jet CRJ-900,0
landing,JFK,13L,1789230907.51,2026-09-12T16:35:07Z,40.651858,-73.777188,120.9,a01b5c,N106DU,BCS1,AIRBUS A220-100,0
landing,LGA,13,1789230933.52,2026-09-12T16:35:33Z,40.780133,-73.87399,123.8,ab5024,N828SA,PC12,PILATUS PC-12,0
landing,JFK,22L,1789230934.52,2026-09-12T16:35:34Z,40.63603,-73.762067,210.9,a33328,N305NY,A21N,AIRBUS A-321neo,0
takeoff,JFK,13R,1789230973.0,2026-09-12T16:36:13Z,40.646336,-73.812241,120.9,ad8bed,N972JT,A321,AIRBUS A-321,0
takeoff,LGA,13,1789230998.55,2026-09-12T16:36:38Z,40.779396,-73.872452,120.9,a66a4c,N512QS,C68A,CESSNA 680 Citation Latitude,0
landing,JFK,13L,1789231044.4,2026-09-12T16:37:24Z,40.650555,-73.774333,120.9,a37c1c,N3232J,BCS3,,0
landing,JFK,22L,1789231109.34,2026-09-12T16:38:29Z,40.635681,-73.762347,210.9,a5325b,N434DX,A339,AIRBUS A-330-900,0
takeoff,JFK,13R,1789231136.23,2026-09-12T16:38:56Z,40.646237,-73.812004,120.9,a3c60d,N342PM,B738,BOEING 737-800,0
landing,JFK,13L,1789231148.52,2026-09-12T16:39:08Z,40.65081,-73.774857,123.8,acab54,N915XJ,CRJ9,BOMBARDIER Regional Jet CRJ-900,0
takeoff,JFK,13R,1789231202.58,2026-09-12T16:40:02Z,40.645992,-73.811462,120.9,a1a0c4,N2039J,A21N,AIRBUS A-321neo,0
takeoff,LGA,13,1789231232.42,2026-09-12T16:40:32Z,40.780109,-73.873959,120.9,a320a6,N300PQ,CRJ9,BOMBARDIER Regional Jet CRJ-900,0
takeoff,LGA,04,1789231238.39,2026-09-12T16:40:38Z,40.780689,-73.878357,348.8,a1fbd9,N227JQ,E75L,EMBRAER ERJ-170-200 (long wing),0
takeoff,JFK,13R,1789231291.6,2026-09-12T16:41:31Z,40.646097,-73.811692,120.9,acd2d3,N925XJ,CRJ9,BOMBARDIER Regional Jet CRJ-900,0
takeoff,LGA,13,1789231308.82,2026-09-12T16:41:48Z,40.780179,-73.874099,123.8,adc531,N987AM,A321,AIRBUS A-321,0
landing,LGA,31,1789231316.82,2026-09-12T16:41:56Z,40.777153,-73.87143,300.9,a757ae,N572UW,A321,AIRBUS A-321,0
landing,JFK,13L,1789231370.18,2026-09-12T16:42:50Z,40.651299,-73.775924,120.9,a3795a,N3229J,BCS3,AIRBUS A220-300,0
landing,JFK,22L,1789231411.79,2026-09-12T16:43:31Z,40.635926,-73.76216,210.9,4a2d24,YR-KID,A332,AIRBUS A-330-200,0
takeoff,JFK,13L,1789231429.92,2026-09-12T16:43:49Z,40.655205,-73.784607,120.9,a437c0,N371CM,B763,BOEING 767-300,0
takeoff,LGA,13,1789231448.03,2026-09-12T16:44:08Z,40.781669,-73.877205,120.9,a4f414,N418YX,E75L,EMBRAER ERJ-170-200 (long wing),0
takeoff,LGA,13,1789231534.97,2026-09-12T16:45:34Z,40.781937,-73.877777,120.9,a5657b,N447JW,GA5C,GULFSTREAM G500,8
landing,LGA,31,1789231588.77,2026-09-12T16:46:28Z,40.77706,-73.871274,300.9,acf69b,N934XJ,CRJ9,BOMBARDIER Regional Jet CRJ-900,0
landing,JFK,22L,1789231625.3,2026-09-12T16:47:05Z,40.636459,-73.761734,210.9,4005c0,G-VIIH,B772,BOEING 777-200,0
takeoff,LGA,13,1789231692.01,2026-09-12T16:48:12Z,40.780366,-73.874458,120.9,a987bf,N713FR,A321,AIRBUS A-321,0
takeoff,LGA,04,1789231711.48,2026-09-12T16:48:31Z,40.781622,-73.87864,348.8,ab3d17,N823MD,E170,EMBRAER ERJ-170-100,0
landing,JFK,22L,1789231771.34,2026-09-12T16:49:31Z,40.633736,-73.763855,210.9,a0f4f6,N16065,B763,BOEING 767-300,0
takeoff,JFK,13R,1789231853.83,2026-09-12T16:50:53Z,40.646004,-73.811458,120.9,a35b42,N315VC,B38M,BOEING 737 MAX 8,0
takeoff,LGA,13,1789231882.99,2026-09-12T16:51:22Z,40.780517,-73.87477,123.8,a3b79c,N339DU,,,0
landing,JFK,13L,1789231953.52,2026-09-12T16:52:33Z,40.650089,-73.77324,120.9,780a3b,B-KQI,B77W,BOEING 777-300ER,0
takeoff,LGA,13,1789232011.02,2026-09-12T16:53:31Z,40.780319,-73.874427,120.9,a0267b,N109DN,A321,AIRBUS A-321,0
takeoff,JFK,13R,1789232029.11,2026-09-12T16:53:49Z,40.645935,-73.811325,120.9,ad5329,N958JB,A321,AIRBUS A-321,0
takeoff,LGA,13,1789232087.3,2026-09-12T16:54:47Z,40.780254,-73.874237,120.9,a0b7fb,N14521,A21N,,0
takeoff,JFK,13R,1789232208.12,2026-09-12T16:56:48Z,40.645725,-73.810865,119.7,507c4c,UK-78701,B788,BOEING 787-8 Dreamliner,0
takeoff,LGA,13,1789232242.43,2026-09-12T16:57:22Z,40.780168,-73.874068,120.9,acf69b,N934XJ,CRJ9,BOMBARDIER Regional Jet CRJ-900,0
landing,LGA,31,1789232387.11,2026-09-12T16:59:47Z,40.777061,-73.871262,303.8,a3245d,N301PQ,CRJ9,BOMBARDIER Regional Jet CRJ-900,0
landing,JFK,22L,1789232397.79,2026-09-12T16:59:57Z,40.633703,-73.763892,210.9,a9ddb0,N735AT,B77W,BOEING 777-300ER,0
takeoff,LGA,13,1789232401.57,2026-09-12T17:00:01Z,40.779957,-73.873611,123.8,ad2aed,N948AN,B738,BOEING 737-800,0
takeoff,JFK,13R,1789232419.35,2026-09-12T17:00:19Z,40.645678,-73.810772,120.9,a13af4,N179DN,B763,BOEING 767-300,0
landing,LGA,31,1789232484.34,2026-09-12T17:01:24Z,40.777002,-73.87115,300.9,a062ef,N124DX,A321,AIRBUS A-321,0
takeoff,LGA,13,1789232538.8,2026-09-12T17:02:18Z,40.780179,-73.874068,123.8,a34825,N310PQ,CRJ9,BOMBARDIER Regional Jet CRJ-900,0
landing,LGA,04,1789232561.54,2026-09-12T17:02:41Z,40.775677,-73.877167,357.2,a8847f,N648RW,E170,EMBRAER ERJ-170-100,0
landing,LGA,04,1789232591.21,2026-09-12T17:03:11Z,40.775675,-73.877173,357.2,abdf3f,N864RW,E170,EMBRAER ERJ-170-100,0
takeoff,LGA,13,1789232611.86,2026-09-12T17:03:31Z,40.779609,-73.872913,123.8,ab5024,N828SA,PC12,PILATUS PC-12,0
landing,JFK,22L,1789232655.45,2026-09-12T17:04:15Z,40.637194,-73.761161,210.9,4cacb9,EI-TYG,A339,AIRBUS A-330-900,0
landing,JFK,13L,1789232696.87,2026-09-12T17:04:56Z,40.650787,-73.77478,120.9,a10d82,N167US,A321,AIRBUS A-321,0
takeoff,LGA,13,1789232744.01,2026-09-12T17:05:44Z,40.780048,-73.87381,126.6,a3245d,N301PQ,CRJ9,BOMBARDIER Regional Jet CRJ-900,0
landing,JFK,22L,1789232786.63,2026-09-12T17:06:26Z,40.633965,-73.763687,210.9,4b187e,HB-JHE,A333,AIRBUS A-330-300,0
landing,LGA,31,1789232786.79,2026-09-12T17:06:26Z,40.777025,-73.871181,306.6,c05f01,C-GJZK,DH8D,DE HAVILLAND DHC-8-400 Dash 8,0
landing,LGA,22,1789232791.17,2026-09-12T17:06:31Z,40.777084,-73.875244,216.6,ac159a,N878RW,E170,EMBRAER ERJ-170-100,0
takeoff,LGA,13,1789232852.59,2026-09-12T17:07:32Z,40.779888,-73.873474,123.8,a062ef,N124DX,A321,AIRBUS A-321,0
landing,JFK,22L,1789232899.57,2026-09-12T17:08:19Z,40.638335,-73.760272,210.9,ab35d3,N821NW,A333,AIRBUS A-330-300,0
takeoff,LGA,13,1789232907.35,2026-09-12T17:08:27Z,40.781662,-73.877182,123.8,a8847f,N648RW,E170,EMBRAER ERJ-170-100,0
landing,LGA,04,1789232924.5,2026-09-12T17:08:44Z,40.775908,-73.880997,0.0,a4ddca,N412YX,E75L,EMBRAER ERJ-170-200 (long wing),0
landing,JFK,13L,1789232934.61,2026-09-12T17:08:54Z,40.649792,-73.772629,123.8,ab6519,N833SK,CRJ9,BOMBARDIER Regional Jet CRJ-900,0
landing,LGA,31,1789232985.72,2026-09-12T17:09:45Z,40.777735,-73.873241,270.0,ac0a75,N875RW,E170,EMBRAER ERJ-170-100,0
landing,JFK,22L,1789233041.32,2026-09-12T17:10:41Z,40.63411,-73.763565,209.6,ab79ca,N839AA,B789,BOEING 787-9 Dreamliner,0
takeoff,LGA,13,1789233050.25,2026-09-12T17:10:50Z,40.781657,-73.877173,123.8,abdf3f,N864RW,E170,EMBRAER ERJ-170-100,0
landing,JFK,13L,1789233056.62,2026-09-12T17:10:56Z,40.65123,-73.775799,120.9,ac8efa,N908XJ,CRJ9,BOMBARDIER Regional Jet CRJ-900,0
takeoff,JFK,13R,1789233061.11,2026-09-12T17:11:01Z,40.645226,-73.809784,120.9,a3711a,N3203J,BCS3,AIRBUS A220-300,0
takeoff,JFK,31L,1789233107.79,2026-09-12T17:11:47Z,40.649426,-73.815625,261.6,4bb146,TC-LJF,B77W,BOEING 777-300ER,0
takeoff,JFK,13R,1789233111.95,2026-09-12T17:11:51Z,40.646645,-73.812897,120.9,a327ee,N302NB,A319,AIRBUS A-319,0
takeoff,LGA,13,1789233120.44,2026-09-12T17:12:00Z,40.781456,-73.87677,123.8,ac159a,N878RW,E170,EMBRAER ERJ-170-100,0
landing,JFK,13L,1789233176.82,2026-09-12T17:12:56Z,40.65031,-73.773771,120.9,acbf63,N920NN,B738,BOEING 737-800,0
landing,JFK,31L,1789233204.28,2026-09-12T17:13:24Z,40.64164,-73.796805,261.6,71c285,HL8285,B77L,BOEING 777-200LR,0
takeoff,LGA,31,1789233211.58,2026-09-12T17:13:31Z,40.780701,-73.878357,345.9,ac0a75,N875RW,E170,EMBRAER ERJ-170-100,0
landing,JFK,22L,1789233249.46,2026-09-12T17:14:09Z,40.633438,-73.764084,210.9,44ccc7,OO-SFG,A333,AIRBUS A-330-300,0
takeoff,LGA,13,1789233263.54,2026-09-12T17:14:23Z,40.779888,-73.873475,115.3,c05f01,C-GJZK,DH8D,DE HAVILLAND DHC-8-400 Dash 8,0
landing,JFK,13L,1789233268.63,2026-09-12T17:14:28Z,40.650624,-73.774457,120.9,a1a0a1,N2038J,A21N,AIRBUS A-321neo,0
takeoff,JFK,13R,1789233342.14,2026-09-12T17:15:42Z,40.645958,-73.81138,120.9,a7e54f,N608DN,A21N,AIRBUS A-321neo,0
landing,JFK,13L,1789233396.8,2026-09-12T17:16:36Z,40.649577,-73.772148,120.9,a1d0a3,N216JQ,E75L,EMBRAER ERJ-170-200 (long wing),0
takeoff,JFK,13R,1789233399.57,2026-09-12T17:16:39Z,40.645678,-73.810772,120.9,01028a,,,,
landing,LGA,31,1789233457.29,2026-09-12T17:17:37Z,40.777027,-73.871185,300.9,acd5ad,N926NN,B738,BOEING 737-800,0
landing,JFK,13L,1789233506.96,2026-09-12T17:18:26Z,40.651554,-73.776505,123.8,ab53e4,N829SK,CRJ9,BOMBARDIER Regional Jet CRJ-900,0
takeoff,LGA,13,1789233563.58,2026-09-12T17:19:23Z,40.781582,-73.877014,123.8,a4ddca,N412YX,E75L,EMBRAER ERJ-170-200 (long wing),0
takeoff,JFK,13R,1789233582.15,2026-09-12T17:19:42Z,40.646202,-73.811926,120.9,71c285,HL8285,B77L,BOEING 777-200LR,0
landing,JFK,13L,1789233593.11,2026-09-12T17:19:53Z,40.650707,-73.774643,120.9,acba30,N919XJ,CRJ9,BOMBARDIER Regional Jet CRJ-900,0
takeoff,LGA,13,1789233674.23,2026-09-12T17:21:14Z,40.781879,-73.877625,123.8,abd41a,N861RW,E170,EMBRAER ERJ-170-100,0
landing,JFK,13L,1789233739.75,2026-09-12T17:22:19Z,40.653825,-73.781511,122.4,a467de,N383QS,E55P,EMBRAER EMB-505 Phenom 300,0
landing,LGA,13,1789233755.17,2026-09-12T17:22:35Z,40.777508,-73.8685,123.8,ac36cc,N8862Q,B38M,BOEING 737 MAX 8,0
landing,JFK,22L,1789233771.32,2026-09-12T17:22:51Z,40.636391,-73.761801,210.9,ab7376,N837MH,B764,BOEING 767-400,0
takeoff,JFK,13R,1789233798.72,2026-09-12T17:23:18Z,40.646039,-73.811567,120.9,ad79e8,N968AK,B39M,BOEING 737 MAX 9,0
takeoff,LGA,13,1789233805.97,2026-09-12T17:23:25Z,40.780106,-73.873932,123.8,a57d42,N453AA,A21N,AIRBUS A-321neo,0
landing,JFK,13L,1789233832.87,2026-09-12T17:23:52Z,40.651485,-73.776352,120.9,a2fe3c,N292PQ,CRJ9,BOMBARDIER Regional Jet CRJ-900,0
takeoff,JFK,13R,1789233856.15,2026-09-12T17:24:16Z,40.646507,-73.812607,120.9,ac9709,N910DU,B739,BOEING 737-900,0
landing,LGA,31,1789233875.09,2026-09-12T17:24:35Z,40.777187,-73.871521,300.9,a2b0cd,N27239,B738,BOEING 737-800,0
landing,LGA,13,1789233940.25,2026-09-12T17:25:40Z,40.777316,-73.868106,123.8,a8bf73,N663AW,A320,AIRBUS A-320,0
landing,LGA,31,1789233942.53,2026-09-12T17:25:42Z,40.777049,-73.871243,300.9,a37389,N321RL,B38M,BOEING 737 MAX 8,0
landing,JFK,13L,1789234045.51,2026-09-12T17:27:25Z,40.649798,-73.772647,120.9,a19dff,N203JQ,E75L,EMBRAER ERJ-170-200 (long wing),0
landing,JFK,22L,1789234136.0,2026-09-12T17:28:56Z,40.633668,-73.763877,210.9,aacaa5,N795AN,B772,BOEING 777-200,0
takeoff,JFK,13R,1789234154.14,2026-09-12T17:29:14Z,40.645821,-73.811096,120.9,a523ab,N430FR,,,0
takeoff,LGA,13,1789234167.21,2026-09-12T17:29:27Z,40.780403,-73.874557,123.8,a37ea4,N324RA,B38M,BOEING 737 MAX 8,0
landing,JFK,13L,1789234184.72,2026-09-12T17:29:44Z,40.64903,-73.770977,120.9,0c20f6,HP-9910CMP,B39M,BOEING 737 MAX 9,0
takeoff,LGA,13,1789234235.61,2026-09-12T17:30:35Z,40.780437,-73.874619,123.8,a2b0cd,N27239,B738,BOEING 737-800,0
landing,JFK,22L,1789234268.03,2026-09-12T17:31:08Z,40.636162,-73.761963,210.9,4ca782,EI-EDY,A333,AIRBUS A-330-300,0
landing,JFK,13L,1789234271.66,2026-09-12T17:31:11Z,40.650959,-73.775177,120.9,aca02f,N912XJ,CRJ9,BOMBARDIER Regional Jet CRJ-900,0
landing,JFK,13L,1789234343.67,2026-09-12T17:32:23Z,40.651005,-73.775299,120.9,abab67,N851DN,B739,BOEING 737-900,0
takeoff,LGA,13,1789234374.95,2026-09-12T17:32:54Z,40.779981,-73.873693,123.8,a37389,N321RL,B38M,BOEING 737 MAX 8,0
landing,JFK,22L,1789234404.23,2026-09-12T17:33:24Z,40.634663,-73.763123,210.9,aaf1fa,N804NW,A333,AIRBUS A-330-300,0
landing,JFK,13L,1789234421.66,2026-09-12T17:33:41Z,40.650375,-73.773926,120.9,a44502,N3740C,B738,BOEING 737-800,0
landing,LGA,04,1789234458.54,2026-09-12T17:34:18Z,40.778137,-73.880219,357.2,a7e20a,N607JB,A320,AIRBUS A-320,0
landing,LGA,04,1789234499.48,2026-09-12T17:34:59Z,40.778149,-73.880188,357.2,a360b7,N3169J,BCS3,AIRBUS A220-300,0
landing,JFK,13L,1789234507.49,2026-09-12T17:35:07Z,40.652137,-73.777828,120.9,a7bb77,N598DN,A21N,AIRBUS A-321neo,0
landing,JFK,22L,1789234542.32,2026-09-12T17:35:42Z,40.634869,-73.76297,210.9,ab00d6,N808NW,A333,AIRBUS A-330-300,0
landing,JFK,13L,1789234592.66,2026-09-12T17:36:32Z,40.649705,-73.772444,120.9,3c6518,D-AIHX,A346,AIRBUS A-340-600,0
takeoff,LGA,13,1789234605.81,2026-09-12T17:36:45Z,40.78004,-73.873818,120.9,a7e20a,N607JB,A320,AIRBUS A-320,0
takeoff,JFK,13R,1789234654.28,2026-09-12T17:37:34Z,40.645992,-73.811458,120.9,869560,JA795A,B77W,BOEING 777-300ER,0
landing,JFK,22L,1789234656.19,2026-09-12T17:37:36Z,40.636123,-73.762004,210.9,a12861,N174DN,B763,BOEING 767-300,0
landing,JFK,13L,1789234741.8,2026-09-12T17:39:01Z,40.649274,-73.77157,126.6,a4e181,N413YX,E75L,EMBRAER ERJ-170-200 (long wing),0
takeoff,LGA,13,1789234779.94,2026-09-12T17:39:39Z,40.779591,-73.872864,123.8,a360b7,N3169J,BCS3,AIRBUS A220-300,0
takeoff,JFK,13R,1789234780.33,2026-09-12T17:39:40Z,40.64558,-73.810562,120.9,8418b4,JA06WJ,A35K,AIRBUS A-350-1000,0
landing,LGA,31,1789234780.39,2026-09-12T17:39:40Z,40.77705,-73.871246,303.8,a305aa,N294PQ,CRJ9,BOMBARDIER Regional Jet CRJ-900,0
landing,JFK,13L,1789234805.51,2026-09-12T17:40:05Z,40.650927,-73.77516,120.9,a6d83c,N540DE,A21N,AIRBUS A-321neo,0
takeoff,JFK,13R,1789234892.23,2026-09-12T17:41:32Z,40.64619,-73.811895,123.8,a61173,N490PX,CRJ9,BOMBARDIER Regional Jet CRJ-900,0
landing,LGA,31,1789234907.66,2026-09-12T17:41:47Z,40.777014,-73.871165,300.9,a54cd9,N440YX,E75L,EMBRAER ERJ-170-200 (long wing),0
takeoff,JFK,13R,1789234945.03,2026-09-12T17:42:25Z,40.646267,-73.812103,120.9,ac5bf6,N896DN,B739,BOEING 737-900,0
landing,LGA,31,1789234959.54,2026-09-12T17:42:39Z,40.777222,-73.871597,300.9,a43b91,N372DN,A321,AIRBUS A-321,0
takeoff,JFK,13R,1789235001.5,2026-09-12T17:43:21Z,40.645795,-73.811006,120.9,ac74f9,N901XJ,CRJ9,BOMBARDIER Regional Jet CRJ-900,0
landing,JFK,13L,1789235003.46,2026-09-12T17:43:23Z,40.649815,-73.77272,120.9,a336f0,N306PQ,CRJ9,BOMBARDIER Regional Jet CRJ-900,0
takeoff,JFK,13R,1789235064.02,2026-09-12T17:44:24Z,40.645306,-73.80996,120.9,a35109,N3123J,BCS3,AIRBUS A220-300,0
landing,JFK,13L,1789235077.35,2026-09-12T17:44:37Z,40.651485,-73.776352,120.9,0d0b92,XA-VIQ,A20N,AIRBUS A-320neo,0
landing,LGA,13,1789235127.88,2026-09-12T17:45:27Z,40.777508,-73.868484,123.8,c06724,C-GNBN,BCS3,AIRBUS A220-300,0
takeoff,JFK,13R,1789235151.42,2026-09-12T17:45:51Z,40.644917,-73.809021,120.9,71be27,HL7627,A388,AIRBUS A-380-800,0
landing,JFK,13L,1789235159.47,2026-09-12T17:45:59Z,40.649554,-73.772117,120.9,846a5b,JA14KZ,B748,BOEING 747-8,0
landing,LGA,13,1789235248.45,2026-09-12T17:47:28Z,40.7777,-73.868902,123.8,a3c259,N341PQ,CRJ9,BOMBARDIER Regional Jet CRJ-900,0
landing,JFK,13L,1789235293.63,2026-09-12T17:48:13Z,40.651078,-73.775472,120.9,ad7284,N966AV,A20N,AIRBUS A-320neo,0
landing,JFK,22L,1789235313.22,2026-09-12T17:48:33Z,40.638265,-73.760303,210.9,aa80c0,N776QS,CL35,BOMBARDIER BD-100 Challenger 350,0
landing,LGA,04,1789235326.42,2026-09-12T17:48:46Z,40.778091,-73.880173,354.4,ab627c,N8322X,B738,BOEING 737-800,0
takeoff,JFK,13R,1789235390.8,2026-09-12T17:49:50Z,40.647755,-73.815338,120.9,a0232a,N108HQ,E75L,EMBRAER ERJ-170-200 (long wing),0
takeoff,LGA,13,1789235405.36,2026-09-12T17:50:05Z,40.780354,-73.874442,123.8,a305aa,N294PQ,CRJ9,BOMBARDIER Regional Jet CRJ-900,0
landing,JFK,13L,1789235495.05,2026-09-12T17:51:35Z,40.651998,-73.7775,120.9,a1a458,N2048J,A21N,AIRBUS A-321neo,0
takeoff,LGA,13,1789235544.83,2026-09-12T17:52:24Z,40.779935,-73.8736,123.8,a43b91,N372DN,A321,AIRBUS A-321,0
landing,JFK,13L,1789235603.3,2026-09-12T17:53:23Z,40.652219,-73.777984,120.9,a349be,N3104J,BCS3,AIRBUS A220-300,0
takeoff,LGA,13,1789235713.24,2026-09-12T17:55:13Z,40.78038,-73.874512,120.9,ab627c,N8322X,B738,BOEING 737-800,0
landing,JFK,22L,1789235782.71,2026-09-12T17:56:22Z,40.635475,-73.762512,210.9,a0f4b5,N1605,B763,BOEING 767-300,0
takeoff,LGA,13,1789235789.49,2026-09-12T17:56:29Z,40.779842,-73.873381,120.9,a2000d,N228PQ,CRJ9,BOMBARDIER Regional Jet CRJ-900,0
landing,JFK,13L,1789235791.81,2026-09-12T17:56:31Z,40.650683,-73.774613,120.9,a01fee,N107NN,A321,AIRBUS A-321,0
takeoff,JFK,13R,1789235812.78,2026-09-12T17:56:52Z,40.645632,-73.810662,120.9,aaf111,N804DN,B739,BOEING 737-900,0
landing,JFK,22L,1789235908.4,2026-09-12T17:58:28Z,40.636566,-73.761661,210.9,a1e411,N2205J,A21N,AIRBUS A-321neo,0
landing,JFK,13L,1789235974.49,2026-09-12T17:59:34Z,40.651405,-73.776199,123.8,a1a435,N2047J,A21N,AIRBUS A-321neo,0
landing,JFK,22L,1789236066.02,2026-09-12T18:01:06Z,40.634063,-73.763596,210.9,aad213,N797AN,B772,BOEING 777-200,0
takeoff,JFK,13R,1789236082.97,2026-09-12T18:01:22Z,40.646267,-73.812103,120.9,a16c3a,N191DN,B763,BOEING 767-300,0
landing,LGA,04,1789236104.91,2026-09-12T18:01:44Z,40.775896,-73.881059,0.0,a866c7,N640RW,E170,EMBRAER ERJ-170-100,0
landing,JFK,13L,1789236105.36,2026-09-12T18:01:45Z,40.651257,-73.775864,120.9,ac801e,N904XJ,CRJ9,BOMBARDIER Regional Jet CRJ-900,0
takeoff,JFK,13R,1789236161.49,2026-09-12T18:02:41Z,40.645445,-73.810257,122.5,04c11c,5Y-KZF,B788,BOEING 787-8 Dreamliner,0
landing,JFK,13L,1789236195.61,2026-09-12T18:03:15Z,40.650217,-73.773599,120.9,ad2ea4,N949AN,B738,BOEING 737-800,0
landing,LGA,31,1789236224.68,2026-09-12T18:03:44Z,40.776816,-73.870759,300.9,a3a0cc,N33286,B738,BOEING 737-800,0
landing,LGA,31,1789236244.38,2026-09-12T18:04:04Z,40.776851,-73.870837,300.9,a89d22,N654RW,E170,EMBRAER ERJ-170-100,0
landing,JFK,13L,1789236297.69,2026-09-12T18:04:57Z,40.651783,-73.777084,120.9,a3cd58,N344NB,A319,AIRBUS A-319,0
landing,JFK,22L,1789236298.81,2026-09-12T18:04:58Z,40.63496,-73.762909,210.9,a11380,N169DZ,B763,BOEING 767-300,0
takeoff,JFK,13R,1789236326.5,2026-09-12T18:05:26Z,40.646633,-73.812863,118.1,a7c849,N600LR,CRJ9,BOMBARDIER Regional Jet CRJ-900,0
takeoff,LGA,13,1789236340.11,2026-09-12T18:05:40Z,40.781696,-73.877258,123.8,a866c7,N640RW,E170,EMBRAER ERJ-170-100,0
landing,JFK,13L,1789236376.96,2026-09-12T18:06:16Z,40.65065,-73.774521,120.9,ab7ae4,N839MH,B764,BOEING 767-400,0
landing,LGA,04,1789236423.16,2026-09-12T18:07:03Z,40.775837,-73.881042,354.4,a01bbc,N106HQ,E75L,EMBRAER ERJ-170-200 (long wing),0
takeoff,LGA,13,1789236453.41,2026-09-12T18:07:33Z,40.781494,-73.876846,123.8,a89d22,N654RW,E170,EMBRAER ERJ-170-100,0
landing,JFK,13L,1789236482.61,2026-09-12T18:08:02Z,40.650192,-73.773514,120.9,780bb8,B-2097,B77L,BOEING 777-200LR,0
takeoff,LGA,13,1789236543.25,2026-09-12T18:09:03Z,40.78054,-73.874879,123.8,a3a0cc,N33286,B738,BOEING 737-800,0
landing,JFK,22L,1789236558.74,2026-09-12T18:09:18Z,40.633773,-73.763861,210.9,407995,G-STBP,B77W,BOEING 777-300ER,0
takeoff,JFK,13R,1789236576.29,2026-09-12T18:09:36Z,40.645409,-73.81015,120.9,a39fe4,N3322J,,,0
takeoff,JFK,13R,1789236624.56,2026-09-12T18:10:24Z,40.646167,-73.811848,120.9,a01b5c,N106DU,BCS1,AIRBUS A220-100,0
landing,JFK,13L,1789236644.43,2026-09-12T18:10:44Z,40.650985,-73.775253,120.9,a07bef,N130HQ,E75L,EMBRAER ERJ-170-200 (long wing),0
takeoff,JFK,13R,1789236678.12,2026-09-12T18:11:18Z,40.648224,-73.816406,120.9,a21833,N234JQ,E75L,EMBRAER ERJ-170-200 (long wing),0
landing,JFK,13L,1789236709.5,2026-09-12T18:11:49Z,40.651325,-73.77597,120.9,adb723,N983JT,A321,AIRBUS A-321,0
landing,JFK,22L,1789236732.33,2026-09-12T18:12:12Z,40.636208,-73.761887,210.9,348249,EC-OLE,A21N,AIRBUS A-321neo,0
takeoff,LGA,13,1789236748.75,2026-09-12T18:12:28Z,40.780366,-73.874474,120.9,a757ae,N572UW,A321,AIRBUS A-321,0
takeoff,JFK,13R,1789236783.49,2026-09-12T18:13:03Z,40.646353,-73.812254,120.9,a6152a,N491PX,CRJ9,BOMBARDIER Regional Jet CRJ-900,0
landing,JFK,13L,1789236815.79,2026-09-12T18:13:35Z,40.6496,-73.772226,123.8,a517dc,N427YX,E75L,EMBRAER ERJ-170-200 (long wing),0
landing,JFK,22L,1789236881.02,2026-09-12T18:14:41Z,40.636906,-73.761398,210.9,a12c23,N175DZ,B763,BOEING 767-300,0
landing,JFK,13L,1789236902.41,2026-09-12T18:15:02Z,40.652149,-73.777844,120.9,a3549d,N3132J,BCS3,AIRBUS A220-300,0
takeoff,JFK,13R,1789236905.78,2026-09-12T18:15:05Z,40.64613,-73.811752,120.9,a6a33f,N527DE,A21N,AIRBUS A-321neo,0
landing,JFK,13L,1789236958.31,2026-09-12T18:15:58Z,40.650753,-73.774734,118.1,a091f3,N136EV,CRJ9,BOMBARDIER Regional Jet CRJ-900,0
takeoff,JFK,13R,1789236965.07,2026-09-12T18:16:05Z,40.645783,-73.81099,120.9,a37c1c,N3232J,BCS3,,0
landing,JFK,13L,1789237051.11,2026-09-12T18:17:31Z,40.649723,-73.772507,120.9,a53f5b,N437YX,E75L,EMBRAER ERJ-170-200 (long wing),0
takeoff,JFK,13R,1789237105.94,2026-09-12T18:18:25Z,40.646954,-73.813599,120.9,acab54,N915XJ,CRJ9,BOMBARDIER Regional Jet CRJ-900,0
landing,JFK,22L,1789237111.0,2026-09-12T18:18:31Z,40.635879,-73.762191,210.9,a4b6b6,N4022J,A21N,AIRBUS A-321neo,0
landing,JFK,13L,1789237170.89,2026-09-12T18:19:30Z,40.65024,-73.773615,123.8,a50cb7,N424YX,E75L,EMBRAER ERJ-170-200 (long wing),0
takeoff,JFK,13L,1789237172.24,2026-09-12T18:19:32Z,40.650169,-73.773483,123.8,a50cb7,N424YX,E75L,EMBRAER ERJ-170-200 (long wing),0
landing,JFK,13L,1789237176.34,2026-09-12T18:19:36Z,40.649635,-73.772335,120.9,a50cb7,N424YX,E75L,EMBRAER ERJ-170-200 (long wing),0
landing,LGA,22,1789237250.25,2026-09-12T18:20:50Z,40.776867,-73.875427,210.9,a07579,N129DN,A321,AIRBUS A-321,0
landing,JFK,22L,1789237290.84,2026-09-12T18:21:30Z,40.636333,-73.761795,210.9,abac50,N851NW,A332,AIRBUS A-330-200,0
landing,JFK,22L,1789237396.24,2026-09-12T18:23:16Z,40.633541,-73.764023,209.6,485e2f,PH-BKI,B78X,BOEING 787-10 Dreamliner,0
takeoff,JFK,22L,1789237396.24,2026-09-12T18:23:16Z,40.633541,-73.764023,209.6,485e2f,PH-BKI,B78X,BOEING 787-10 Dreamliner,0
landing,JFK,22L,1789237396.9,2026-09-12T18:23:16Z,40.633365,-73.764158,209.6,485e2f,PH-BKI,B78X,BOEING 787-10 Dreamliner,0
landing,JFK,13L,1789237419.9,2026-09-12T18:23:39Z,40.649689,-73.77243,120.9,a55f6c,N445YX,E75L,EMBRAER ERJ-170-200 (long wing),0
takeoff,JFK,13R,1789237420.29,2026-09-12T18:23:40Z,40.645992,-73.811474,120.9,a6b470,N531DA,A21N,AIRBUS A-321neo,0
takeoff,LGA,31,1789237448.74,2026-09-12T18:24:08Z,40.78075,-73.878375,345.9,a07579,N129DN,A321,AIRBUS A-321,0
takeoff,JFK,13R,1789237481.72,2026-09-12T18:24:41Z,40.645947,-73.811356,120.9,0c6060,9Y-BAR,B38M,BOEING 737 MAX 8,0
takeoff,LGA,13,1789237509.53,2026-09-12T18:25:09Z,40.781518,-73.876892,123.8,a01bbc,N106HQ,E75L,EMBRAER ERJ-170-200 (long wing),0
landing,JFK,22L,1789237569.69,2026-09-12T18:26:09Z,40.635487,-73.762497,210.9,a0f46f,N1603,B763,BOEING 767-300,0
landing,JFK,13L,1789237592.06,2026-09-12T18:26:32Z,40.650764,-73.774765,120.9,a3adce,N336TM,B38M,BOEING 737 MAX 8,0
landing,LGA,31,1789237608.13,2026-09-12T18:26:48Z,40.776855,-73.870819,300.9,a239e0,N24202,B738,BOEING 737-800,0
landing,JFK,13L,1789237700.89,2026-09-12T18:28:20Z,40.651718,-73.776861,120.9,a3871e,N3261J,BCS3,,0
landing,LGA,31,1789237731.66,2026-09-12T18:28:51Z,40.777165,-73.871509,303.8,a39ada,N331PQ,CRJ9,BOMBARDIER Regional Jet CRJ-900,0
landing,LGA,13,1789237736.67,2026-09-12T18:28:56Z,40.776886,-73.86717,123.8,a0103b,N103DY,A321,AIRBUS A-321,0
takeoff,LGA,13,1789237804.76,2026-09-12T18:30:04Z,40.779877,-73.873459,123.8,add2b0,N990AN,B738,BOEING 737-800,0
landing,JFK,13L,1789237805.58,2026-09-12T18:30:05Z,40.649402,-73.771836,123.8,a1c57e,N213JQ,E75L,EMBRAER ERJ-170-200 (long wing),0
landing,JFK,22L,1789237831.1,2026-09-12T18:30:31Z,40.635914,-73.762176,210.9,ab4840,N826MH,B764,BOEING 767-400,0
takeoff,JFK,13R,1789237846.58,2026-09-12T18:30:46Z,40.646377,-73.812332,120.9,a3d4c6,N346NB,A319,AIRBUS A-319,0
landing,JFK,13L,1789237910.97,2026-09-12T18:31:50Z,40.651974,-73.777438,120.9,a6e361,N543DE,A21N,AIRBUS A-321neo,0
takeoff,LGA,13,1789237951.4,2026-09-12T18:32:31Z,40.7799,-73.873506,123.8,a239e0,N24202,B738,BOEING 737-800,0
landing,JFK,22L,1789237960.37,2026-09-12T18:32:40Z,40.637101,-73.761224,210.9,3c7a43,D-ANRC,A339,AIRBUS A-330-900,0
landing,JFK,22L,1789238066.24,2026-09-12T18:34:26Z,40.635553,-73.762441,210.9,ab4489,N825MH,B764,BOEING 767-400,0
takeoff,LGA,13,1789238078.59,2026-09-12T18:34:38Z,40.780426,-73.874588,129.4,a39ada,N331PQ,CRJ9,BOMBARDIER Regional Jet CRJ-900,0
landing,LGA,31,1789238092.55,2026-09-12T18:34:52Z,40.776828,-73.870775,300.9,ad6758,N963AN,B738,BOEING 737-800,0
landing,LGA,31,1789238134.47,2026-09-12T18:35:34Z,40.776897,-73.870915,300.9,ac1789,N8788L,B38M,,0
landing,LGA,13,1789238240.55,2026-09-12T18:37:20Z,40.776993,-73.867386,123.8,a776b2,N580JB,A320,AIRBUS A-320,0
takeoff,LGA,13,1789238291.57,2026-09-12T18:38:11Z,40.780163,-73.8741,120.9,acd5ad,N926NN,B738,BOEING 737-800,0
landing,JFK,22L,1789238334.48,2026-09-12T18:38:54Z,40.635075,-73.762802,210.9,a13386,N177DN,B763,BOEING 767-300,0
landing,LGA,13,1789238360.48,2026-09-12T18:39:20Z,40.777247,-73.867982,123.8,c03cf4,C-FXCD,A320,AIRBUS A-320,0
takeoff,JFK,13R,1789238412.96,2026-09-12T18:40:12Z,40.646587,-73.812805,118.1,ab6519,N833SK,CRJ9,BOMBARDIER Regional Jet CRJ-900,0
takeoff,LGA,13,1789238413.06,2026-09-12T18:40:13Z,40.780156,-73.874037,123.8,ac36cc,N8862Q,B38M,BOEING 737 MAX 8,0
landing,JFK,22L,1789238432.35,2026-09-12T18:40:32Z,40.636002,-73.762085,210.9,a4c5d8,N4064J,A21N,AIRBUS A-321neo,0
landing,LGA,31,1789238448.32,2026-09-12T18:40:48Z,40.776901,-73.870941,300.9,a19a48,N202JQ,E75L,EMBRAER ERJ-170-200 (long wing),0
takeoff,JFK,13R,1789238476.09,2026-09-12T18:41:16Z,40.646049,-73.811569,120.9,ac89f7,N907JB,A321,AIRBUS A-321,0
landing,JFK,13L,1789238478.33,2026-09-12T18:41:18Z,40.653969,-73.78183,120.9,ad8872,N971MC,CL30,BOMBARDIER BD-100 Challenger 300,0
landing,LGA,04,1789238534.68,2026-09-12T18:42:14Z,40.778046,-73.880203,351.6,abdb88,N863RW,E170,EMBRAER ERJ-170-100,0
takeoff,LGA,13,1789238539.75,2026-09-12T18:42:19Z,40.780191,-73.87413,123.8,ac1789,N8788L,B38M,,0
landing,JFK,13L,1789238586.83,2026-09-12T18:43:06Z,40.649963,-73.773026,122.4,aa9bb7,N783AM,B788,BOEING 787-8 Dreamliner,0
landing,JFK,22L,1789238609.48,2026-09-12T18:43:29Z,40.635693,-73.762329,210.9,3c6712,D-AIXR,A359,AIRBUS A-350-900,0
takeoff,JFK,13R,1789238630.74,2026-09-12T18:43:50Z,40.645912,-73.811295,120.9,a33328,N305NY,A21N,AIRBUS A-321neo,0
takeoff,LGA,13,1789238718.17,2026-09-12T18:45:18Z,40.781611,-73.87708,123.8,abdb88,N863RW,E170,EMBRAER ERJ-170-100,0
landing,JFK,22L,1789238778.65,2026-09-12T18:46:18Z,40.633633,-73.764064,222.2,a1c935,N214JQ,E75L,EMBRAER ERJ-170-200 (long wing),0
landing,LGA,31,1789238804.76,2026-09-12T18:46:44Z,40.777037,-73.869979,334.7,a01097,N103HQ,E75L,EMBRAER ERJ-170-200 (long wing),0
landing,JFK,13L,1789238811.67,2026-09-12T18:46:51Z,40.650112,-73.7733,123.8,acf89f,N935DZ,B739,,0
takeoff,LGA,13,1789238816.44,2026-09-12T18:46:56Z,40.779877,-73.873475,123.8,a8bf73,N663AW,A320,AIRBUS A-320,0
landing,JFK,22L,1789238839.16,2026-09-12T18:47:19Z,40.63468,-73.763128,210.9,abbee3,N856NW,A332,AIRBUS A-330-200,0
landing,LGA,31,1789238857.01,2026-09-12T18:47:37Z,40.777025,-73.871196,303.8,abd57e,N8614M,B738,BOEING 737-800,0
landing,JFK,13L,1789238969.71,2026-09-12T18:49:29Z,40.651703,-73.776871,120.9,a7bbe9,N598JB,A320,AIRBUS A-320,0
landing,JFK,22L,1789238978.48,2026-09-12T18:49:38Z,40.636768,-73.761475,210.9,4b1882,HB-JHI,A333,AIRBUS A-330-300,0
takeoff,LGA,13,1789239029.93,2026-09-12T18:50:29Z,40.779957,-73.873627,123.8,abd57e,N8614M,B738,BOEING 737-800,0
landing,LGA,22,1789239030.5,2026-09-12T18:50:30Z,40.776176,-73.88095,182.8,ab0846,,,,
takeoff,LGA,22,1789239035.51,2026-09-12T18:50:35Z,40.776106,-73.880919,196.9,ab0846,,,,
landing,JFK,13L,1789239054.28,2026-09-12T18:50:54Z,40.651439,-73.776268,120.9,a535c2,N435AS,B739,BOEING 737-900,0
takeoff,LGA,13,1789239082.87,2026-09-12T18:51:22Z,40.781669,-73.87722,123.8,a54cd9,N440YX,E75L,EMBRAER ERJ-170-200 (long wing),0
takeoff,JFK,13R,1789239120.7,2026-09-12T18:52:00Z,40.647984,-73.815842,120.9,a19dff,N203JQ,E75L,EMBRAER ERJ-170-200 (long wing),0
landing,JFK,22L,1789239125.58,2026-09-12T18:52:05Z,40.633953,-73.763687,210.9,8963e4,A6-EOG,A388,AIRBUS A-380-800,0
landing,JFK,13L,1789239166.44,2026-09-12T18:52:46Z,40.651085,-73.775513,120.9,a3578a,N314VB,B38M,BOEING 737 MAX 8,0
landing,LGA,13,1789239166.93,2026-09-12T18:52:46Z,40.77729,-73.868042,123.8,a339b1,N307DU,BCS3,AIRBUS A220-300,0
landing,JFK,22L,1789239251.99,2026-09-12T18:54:11Z,40.636391,-73.76178,209.6,4ca8fc,EI-NEW,B789,BOEING 787-9 Dreamliner,0
takeoff,JFK,13R,1789239269.66,2026-09-12T18:54:29Z,40.646411,-73.812379,120.9,acba30,N919XJ,CRJ9,BOMBARDIER Regional Jet CRJ-900,0
landing,JFK,13L,1789239302.2,2026-09-12T18:55:02Z,40.652401,-73.778397,120.9,a38211,N325NB,A319,AIRBUS A-319,0
landing,LGA,31,1789239322.77,2026-09-12T18:55:22Z,40.776764,-73.870667,300.9,a4462e,N3748Y,B738,BOEING 737-800,0
landing,JFK,13L,1789239359.62,2026-09-12T18:55:59Z,40.650879,-73.775009,120.9,a6dbf3,N541DE,A21N,AIRBUS A-321neo,0
landing,JFK,22L,1789239361.79,2026-09-12T18:56:01Z,40.635956,-73.762131,210.9,408121,G-VPIE,A339,AIRBUS A-330-900,0
takeoff,JFK,13R,1789239387.68,2026-09-12T18:56:27Z,40.645876,-73.811209,123.8,a70f11,N554JB,A320,AIRBUS A-320,0
landing,JFK,13L,1789239410.83,2026-09-12T18:56:50Z,40.650915,-73.775128,120.9,ade9c0,N996JL,A321,AIRBUS A-321,0
takeoff,JFK,13R,1789239455.56,2026-09-12T18:57:35Z,40.646214,-73.811942,120.9,ab53e4,N829SK,CRJ9,BOMBARDIER Regional Jet CRJ-900,0
takeoff,LGA,31,1789239514.82,2026-09-12T18:58:34Z,40.780827,-73.877792,303.8,a01097,N103HQ,E75L,EMBRAER ERJ-170-200 (long wing),0
takeoff,LGA,13,1789239549.86,2026-09-12T18:59:09Z,40.779545,-73.872757,120.9,c06724,C-GNBN,BCS3,AIRBUS A220-300,0
landing,LGA,31,1789239564.0,2026-09-12T18:59:24Z,40.77673,-73.870575,303.8,ab9b13,N847NN,B738,BOEING 737-800,0
landing,JFK,13L,1789239564.52,2026-09-12T18:59:24Z,40.651852,-73.777222,120.9,a1cc1f,N215AK,B739,BOEING 737-900,0
takeoff,JFK,13R,1789239564.73,2026-09-12T18:59:24Z,40.646072,-73.811661,120.9,a10d82,N167US,A321,AIRBUS A-321,0
takeoff,LGA,13,1789239610.05,2026-09-12T19:00:10Z,40.780174,-73.874069,123.8,a4462e,N3748Y,B738,BOEING 737-800,0
landing,JFK,13L,1789239640.4,2026-09-12T19:00:40Z,40.649868,-73.772803,120.9,ab09b4,N810DN,B739,BOEING 737-900,0
landing,LGA,31,1789239646.68,2026-09-12T19:00:46Z,40.776897,-73.870931,300.9,a466d2,N383DZ,A321,AIRBUS A-321,0
takeoff,JFK,13R,1789239727.91,2026-09-12T19:02:07Z,40.646155,-73.811848,120.9,aaa326,N785AN,B772,BOEING 777-200,0
landing,JFK,13L,1789239763.23,2026-09-12T19:02:43Z,40.651302,-73.776016,120.9,a15ebc,N188DN,B763,BOEING 767-300,0
landing,LGA,31,1789239872.63,2026-09-12T19:04:32Z,40.777037,-73.871228,300.9,a1dd2d,N219YX,E75L,EMBRAER ERJ-170-200 (long wing),0
landing,JFK,22R,1789239896.76,2026-09-12T19:04:56Z,40.636054,-73.776299,213.8,a3568e,N314K,PA31,PIPER PA-31-300/310/325/350/425,0
landing,JFK,22L,1789239901.37,2026-09-12T19:05:01Z,40.634159,-73.763504,210.9,71010f,HZ-AK37,B77W,BOEING 777-300ER,0
takeoff,JFK,13R,1789239908.25,2026-09-12T19:05:08Z,40.646249,-73.81202,120.9,abab67,N851DN,B739,BOEING 737-900,0
landing,LGA,31,1789239925.36,2026-09-12T19:05:25Z,40.776793,-73.870713,300.9,a095f0,N137HQ,E75L,EMBRAER ERJ-170-200 (long wing),0
takeoff,JFK,13R,1789239960.08,2026-09-12T19:06:00Z,40.645763,-73.810959,120.9,a1a0a1,N2038J,A21N,AIRBUS A-321neo,0
takeoff,LGA,13,1789239973.72,2026-09-12T19:06:13Z,40.780133,-73.87399,123.8,a466d2,N383DZ,A321,AIRBUS A-321,0
takeoff,LGA,04,1789240079.24,2026-09-12T19:07:59Z,40.780668,-73.878359,348.8,a1dd2d,N219YX,E75L,EMBRAER ERJ-170-200 (long wing),0
landing,LGA,31,1789240097.37,2026-09-12T19:08:17Z,40.776947,-73.871033,300.9,a50549,N422YX,E75L,EMBRAER ERJ-170-200 (long wing),0
landing,JFK,22L,1789240112.26,2026-09-12T19:08:32Z,40.637916,-73.7606,210.9,400683,G-VIIK,B772,BOEING 777-200,0
takeoff,JFK,13R,1789240147.2,2026-09-12T19:09:07Z,40.645912,-73.811279,120.9,780a3b,B-KQI,B77W,BOEING 777-300ER,0
landing,JFK,13L,1789240188.06,2026-09-12T19:09:48Z,40.651672,-73.776783,123.8,a683a8,N519JB,A320,AIRBUS A-320,0
takeoff,JFK,13R,1789240224.94,2026-09-12T19:10:24Z,40.648239,-73.816421,123.8,a4e181,N413YX,E75L,EMBRAER ERJ-170-200 (long wing),0
landing,JFK,13L,1789240287.1,2026-09-12T19:11:27Z,40.650215,-73.77359,120.9,a38fa4,N3289J,,,0
takeoff,JFK,13R,1789240308.12,2026-09-12T19:11:48Z,40.6464,-73.812379,120.9,a35e9c,N316RK,B38M,BOEING 737 MAX 8,0
takeoff,LGA,13,1789240363.45,2026-09-12T19:12:43Z,40.781506,-73.876861,123.8,a19a48,N202JQ,E75L,EMBRAER ERJ-170-200 (long wing),0
takeoff,JFK,13R,1789240379.45,2026-09-12T19:12:59Z,40.645236,-73.809788,120.9,4a2d24,YR-KID,A332,AIRBUS A-330-200,0
landing,LGA,31,1789240400.17,2026-09-12T19:13:20Z,40.776909,-73.870962,303.8,a45316,N378SC,B38M,BOEING 737 MAX 8,0
landing,JFK,13L,1789240421.89,2026-09-12T19:13:41Z,40.650684,-73.774597,120.9,a02c40,N110AN,A321,AIRBUS A-321,0
landing,LGA,13,1789240433.17,2026-09-12T19:13:53Z,40.777689,-73.868887,123.8,a0b88c,N14566,A21N,AIRBUS A-321neo,0
landing,LGA,31,1789240438.55,2026-09-12T19:13:58Z,40.776958,-73.871094,303.8,a36994,N319PQ,CRJ9,BOMBARDIER Regional Jet CRJ-900,0
landing,LGA,04,1789240454.99,2026-09-12T19:14:14Z,40.778046,-73.880234,354.4,ab282b,N818MD,E170,EMBRAER ERJ-170-100,0
landing,JFK,22L,1789240463.67,2026-09-12T19:14:23Z,40.634811,-73.763031,210.9,06a071,A7-BAG,B77W,BOEING 777-300ER,0
takeoff,JFK,13R,1789240480.68,2026-09-12T19:14:40Z,40.648215,-73.816374,120.9,a1d0a3,N216JQ,E75L,EMBRAER ERJ-170-200 (long wing),0
takeoff,JFK,13R,1789240569.22,2026-09-12T19:16:09Z,40.646819,-73.813315,120.9,aa80c0,N776QS,CL35,BOMBARDIER BD-100 Challenger 350,0
landing,JFK,13L,1789240575.0,2026-09-12T19:16:15Z,40.650948,-73.775208,120.9,a173a8,N193DN,B763,BOEING 767-300,0
landing,JFK,13L,1789240575.82,2026-09-12T19:16:15Z,40.650776,-73.774826,120.9,a173a8,N193DN,B763,BOEING 767-300,0
takeoff,JFK,13R,1789240609.93,2026-09-12T19:16:49Z,40.648052,-73.815999,123.8,a07bef,N130HQ,E75L,EMBRAER ERJ-170-200 (long wing),0
landing,JFK,13L,1789240735.4,2026-09-12T19:18:55Z,40.651381,-73.776158,120.9,a7cb53,N601DT,A21N,AIRBUS A-321neo,0
landing,LGA,31,1789240737.95,2026-09-12T19:18:57Z,40.777002,-73.87115,300.9,abe2f6,N865RW,E170,EMBRAER ERJ-170-100,0
landing,JFK,22L,1789240755.58,2026-09-12T19:19:15Z,40.634634,-73.763159,209.6,48ae23,SP-LSD,B789,BOEING 787-9 Dreamliner,0
takeoff,JFK,13R,1789240773.25,2026-09-12T19:19:33Z,40.646404,-73.812378,120.9,ace1af,N929XJ,CRJ9,BOMBARDIER Regional Jet CRJ-900,0
takeoff,LGA,31,1789240816.36,2026-09-12T19:20:16Z,40.780678,-73.878357,345.9,ab282b,N818MD,E170,EMBRAER ERJ-170-100,0
landing,LGA,31,1789240841.67,2026-09-12T19:20:41Z,40.776913,-73.870972,300.9,a8996b,N653RW,E170,EMBRAER ERJ-170-100,0
takeoff,LGA,13,1789240856.29,2026-09-12T19:20:56Z,40.780563,-73.874908,126.6,a36994,N319PQ,CRJ9,BOMBARDIER Regional Jet CRJ-900,0
landing,LGA,13,1789240948.09,2026-09-12T19:22:28Z,40.777072,-73.867607,123.8,a03f1e,N115DN,A321,AIRBUS A-321,0
takeoff,LGA,04,1789240979.32,2026-09-12T19:22:59Z,40.780792,-73.878387,348.8,ae109a,02,GLF5,GULFSTREAM 5,1
takeoff,LGA,13,1789241093.59,2026-09-12T19:24:53Z,40.781937,-73.877747,123.8,abe2f6,N865RW,E170,EMBRAER ERJ-170-100,0
takeoff,JFK,13R,1789241099.63,2026-09-12T19:24:59Z,40.646097,-73.811724,120.9,a6d83c,N540DE,A21N,AIRBUS A-321neo,0
landing,JFK,13L,1789241140.82,2026-09-12T19:25:40Z,40.650879,-73.77504,120.9,ab4bf7,N827MH,B764,BOEING 767-400,0
landing,LGA,13,1789241180.45,2026-09-12T19:26:20Z,40.777382,-73.86824,123.8,a335fa,N306DU,BCS3,AIRBUS A220-300,0
landing,LGA,31,1789241226.78,2026-09-12T19:27:06Z,40.776874,-73.870884,300.9,a4e538,N414YX,E75L,EMBRAER ERJ-170-200 (long wing),0
takeoff,LGA,31,1789241276.38,2026-09-12T19:27:56Z,40.780678,-73.878357,345.9,ab40ce,N824MD,E170,EMBRAER ERJ-170-100,0
landing,JFK,22L,1789241297.43,2026-09-12T19:28:17Z,40.634657,-73.763143,209.6,40742e,G-CKOF,B789,BOEING 787-9 Dreamliner,0
takeoff,JFK,13R,1789241308.91,2026-09-12T19:28:28Z,40.646423,-73.812426,120.9,a7bb77,N598DN,A21N,AIRBUS A-321neo,0
landing,LGA,31,1789241333.26,2026-09-12T19:28:53Z,40.777714,-73.873276,272.8,ab3ee2,N82338,E75L,EMBRAER ERJ-170-200 (long wing),0
takeoff,JFK,13R,1789241359.61,2026-09-12T19:29:19Z,40.646267,-73.812088,120.9,0d0b92,XA-VIQ,A20N,AIRBUS A-320neo,0
landing,JFK,13L,1789241397.43,2026-09-12T19:29:57Z,40.650673,-73.774582,123.8,abece7,N868DN,B739,BOEING 737-900,0
landing,LGA,31,1789241444.12,2026-09-12T19:30:44Z,40.776967,-73.871072,300.9,c0853f,C-GYLY,BCS3,,0
landing,JFK,22L,1789241457.8,2026-09-12T19:30:57Z,40.635098,-73.762802,210.9,4a91b2,SE-DMR,A21N,AIRBUS A-321neo,0
landing,JFK,13L,1789241503.0,2026-09-12T19:31:43Z,40.653709,-73.781246,120.9,ab1239,N812QS,C700,CESSNA 700 Citation Longitude,0
landing,LGA,31,1789241507.75,2026-09-12T19:31:47Z,40.776913,-73.870987,303.8,add66d,N991AU,A321,AIRBUS A-321,0
landing,LGA,13,1789241542.64,2026-09-12T19:32:22Z,40.776956,-73.86742,126.6,a1e946,N222JQ,E75L,EMBRAER ERJ-170-200 (long wing),0
landing,JFK,22L,1789241545.46,2026-09-12T19:32:25Z,40.638556,-73.7601,208.1,a96eb4,N707BM,H25B,HAWKER BEECHCRAFT Hawker 750/850,0
takeoff,JFK,13R,1789241551.18,2026-09-12T19:32:31Z,40.645844,-73.811157,118.1,a2fe3c,N292PQ,CRJ9,BOMBARDIER Regional Jet CRJ-900,0
landing,JFK,13L,1789241609.76,2026-09-12T19:33:29Z,40.651276,-73.775909,120.9,acf2e4,N933XJ,CRJ9,BOMBARDIER Regional Jet CRJ-900,0
landing,JFK,22L,1789241657.5,2026-09-12T19:34:17Z,40.635349,-73.762589,210.9,4077d3,G-VTEA,A35K,AIRBUS A-350-1000,0
takeoff,JFK,13R,1789241673.85,2026-09-12T19:34:33Z,40.645981,-73.811447,120.9,acbf63,N920NN,B738,BOEING 737-800,0
landing,LGA,31,1789241708.16,2026-09-12T19:35:08Z,40.777014,-73.871165,303.8,a1a1b6,N204JQ,E75L,EMBRAER ERJ-170-200 (long wing),0
landing,JFK,13L,1789241717.65,2026-09-12T19:35:17Z,40.651291,-73.77594,120.9,a7a8ed,N593DX,A21N,,0
takeoff,JFK,31L,1789241721.69,2026-09-12T19:35:21Z,40.647881,-73.811768,300.9,a3568e,N314K,PA31,PIPER PA-31-300/310/325/350/425,0
takeoff,JFK,13R,1789241727.48,2026-09-12T19:35:27Z,40.645841,-73.811131,120.9,a3cd58,N344NB,A319,AIRBUS A-319,0
landing,LGA,04,1789241754.04,2026-09-12T19:35:54Z,40.779751,-73.88063,30.9,ab1971,N814NN,B738,BOEING 737-800,0
takeoff,LGA,13,1789241796.21,2026-09-12T19:36:36Z,40.7803,-73.874344,123.8,a48e3a,N393DA,B738,BOEING 737-800,0
takeoff,JFK,13R,1789241797.97,2026-09-12T19:36:37Z,40.645947,-73.811386,120.9,ab35d3,N821NW,A333,AIRBUS A-330-300,0
landing,JFK,22L,1789241810.22,2026-09-12T19:36:50Z,40.635821,-73.762223,210.9,acb2c2,N917XJ,CRJ9,BOMBARDIER Regional Jet CRJ-900,0
landing,LGA,13,1789241851.69,2026-09-12T19:37:31Z,40.777485,-73.868454,115.3,a8f235,N676CA,CRJ9,BOMBARDIER Regional Jet CRJ-900,0
takeoff,LGA,13,1789241902.56,2026-09-12T19:38:22Z,40.781651,-73.877151,123.8,ab3ee2,N82338,E75L,EMBRAER ERJ-170-200 (long wing),0
landing,JFK,13L,1789241912.47,2026-09-12T19:38:32Z,40.650913,-73.775131,120.9,aac7ab,N794JB,A320,AIRBUS A-320,0
landing,JFK,22L,1789241937.77,2026-09-12T19:38:57Z,40.63496,-73.762909,210.9,a124b5,N173DZ,B763,BOEING 767-300,0
landing,JFK,22L,1789241938.59,2026-09-12T19:38:58Z,40.63468,-73.763128,210.9,a124b5,N173DZ,B763,BOEING 767-300,0
landing,LGA,31,1789241938.83,2026-09-12T19:38:58Z,40.77706,-73.87129,300.9,a35ab8,N315PQ,CRJ9,BOMBARDIER Regional Jet CRJ-900,0
takeoff,JFK,13R,1789241948.43,2026-09-12T19:39:08Z,40.645795,-73.811052,120.9,a349be,N3104J,BCS3,AIRBUS A220-300,0
landing,LGA,31,1789242055.83,2026-09-12T19:40:55Z,40.776979,-73.871056,300.9,a5cfa5,N47370,B38M,,0
landing,JFK,22L,1789242075.49,2026-09-12T19:41:15Z,40.633827,-73.763794,210.9,8966d5,A6-XWN,A35K,AIRBUS A-350-1000,0
takeoff,LGA,13,1789242124.82,2026-09-12T19:42:04Z,40.779739,-73.873138,123.8,a3962d,N330DU,BCS3,,0
landing,JFK,13L,1789242218.13,2026-09-12T19:43:38Z,40.649973,-73.773053,123.8,a83876,N629JB,A320,AIRBUS A-320,0
takeoff,LGA,13,1789242220.3,2026-09-12T19:43:40Z,40.781513,-73.876862,123.8,a1a1b6,N204JQ,E75L,EMBRAER ERJ-170-200 (long wing),0
landing,JFK,22L,1789242292.0,2026-09-12T19:44:52Z,40.632626,-73.76474,210.9,3965a3,F-GZND,B77W,BOEING 777-300ER,0
landing,JFK,13L,1789242306.28,2026-09-12T19:45:06Z,40.652367,-73.77832,120.9,aaec9c,N8027D,A319,AIRBUS A-319,0
takeoff,JFK,13R,1789242309.6,2026-09-12T19:45:09Z,40.646481,-73.812551,119.7,a467de,N383QS,E55P,EMBRAER EMB-505 Phenom 300,0
landing,JFK,13L,1789242375.42,2026-09-12T19:46:15Z,40.650799,-73.774879,120.9,ab4fd4,N828NW,A333,AIRBUS A-330-300,0
takeoff,JFK,13R,1789242381.99,2026-09-12T19:46:21Z,40.645934,-73.811349,120.9,ad2ea4,N949AN,B738,BOEING 737-800,0
takeoff,JFK,13R,1789242437.88,2026-09-12T19:47:17Z,40.64619,-73.811911,120.9,0c20f6,HP-9910CMP,B39M,BOEING 737 MAX 9,0
takeoff,JFK,13R,1789242473.98,2026-09-12T19:47:53Z,40.648029,-73.815948,120.9,a53f5b,N437YX,E75L,EMBRAER ERJ-170-200 (long wing),0
landing,JFK,13L,1789242516.04,2026-09-12T19:48:36Z,40.650513,-73.774246,120.9,a30f85,N297AK,B739,BOEING 737-900,0
takeoff,JFK,13R,1789242554.25,2026-09-12T19:49:14Z,40.645683,-73.81076,120.9,a3871e,N3261J,BCS3,,0
takeoff,JFK,13R,1789242614.22,2026-09-12T19:50:14Z,40.646118,-73.811737,120.9,a3795a,N3229J,BCS3,AIRBUS A220-300,0
landing,JFK,13L,1789242614.45,2026-09-12T19:50:14Z,40.651381,-73.77619,120.9,a98445,N712JB,A320,AIRBUS A-320,0
landing,JFK,13L,1789242668.86,2026-09-12T19:51:08Z,40.651005,-73.775284,120.9,aae9a3,N802DN,B739,BOEING 737-900,0
takeoff,JFK,13R,1789242675.78,2026-09-12T19:51:15Z,40.645889,-73.811264,120.9,ad2baa,N948JB,A321,AIRBUS A-321,0
takeoff,JFK,13R,1789242721.71,2026-09-12T19:52:01Z,40.646965,-73.813568,118.1,ab4510,N825ST,BE20,BEECH 200 Super King Air,8
landing,JFK,13L,1789242770.88,2026-09-12T19:52:50Z,40.650593,-73.774368,118.1,a7de93,N606LR,CRJ9,BOMBARDIER Regional Jet CRJ-900,0
takeoff,LGA,13,1789242777.9,2026-09-12T19:52:57Z,40.78006,-73.87384,123.8,ab1971,N814NN,B738,BOEING 737-800,0
landing,LGA,13,1789242833.09,2026-09-12T19:53:53Z,40.777491,-73.86845,123.8,a32814,N302PQ,CRJ9,BOMBARDIER Regional Jet CRJ-900,0
takeoff,LGA,13,1789242878.76,2026-09-12T19:54:38Z,40.779853,-73.873428,120.9,a31486,N298PQ,CRJ9,BOMBARDIER Regional Jet CRJ-900,0
takeoff,JFK,13R,1789242879.26,2026-09-12T19:54:39Z,40.646358,-73.812286,120.9,a44502,N3740C,B738,BOEING 737-800,0
landing,LGA,31,1789242896.71,2026-09-12T19:54:56Z,40.777025,-73.871196,300.9,ac3f2f,N8889Q,B38M,BOEING 737 MAX 8,0
takeoff,JFK,13R,1789242917.06,2026-09-12T19:55:17Z,40.648064,-73.816046,120.9,a55f6c,N445YX,E75L,EMBRAER ERJ-170-200 (long wing),0
landing,LGA,31,1789242930.92,2026-09-12T19:55:30Z,40.776947,-73.871048,303.8,ada699,N979RP,E170,EMBRAER ERJ-170-100,0
landing,LGA,13,1789242950.91,2026-09-12T19:55:50Z,40.777519,-73.868515,123.8,a44cca,N3762Y,B738,BOEING 737-800,0
landing,JFK,13L,1789242979.94,2026-09-12T19:56:19Z,40.649574,-73.77211,120.9,a537ed,N435YX,E75L,EMBRAER ERJ-170-200 (long wing),0
takeoff,LGA,13,1789243007.48,2026-09-12T19:56:47Z,40.780226,-73.874177,123.8,a5cfa5,N47370,B38M,,0
landing,JFK,13L,1789243058.66,2026-09-12T19:57:38Z,40.651245,-73.775848,119.6,7c8071,VH-ZNN,B789,BOEING 787-9 Dreamliner,0
landing,LGA,31,1789243061.79,2026-09-12T19:57:41Z,40.776844,-73.870804,300.9,ad12e0,N941WN,B737,BOEING 737-700,0
landing,JFK,22L,1789243072.78,2026-09-12T19:57:52Z,40.635565,-73.762426,210.9,a17ecd,N196DN,B763,BOEING 767-300,0
takeoff,JFK,13R,1789243077.25,2026-09-12T19:57:57Z,40.646404,-73.812378,120.9,ac801e,N904XJ,CRJ9,BOMBARDIER Regional Jet CRJ-900,0
takeoff,JFK,13R,1789243110.71,2026-09-12T19:58:30Z,40.648204,-73.816358,123.8,a517dc,N427YX,E75L,EMBRAER ERJ-170-200 (long wing),0
takeoff,LGA,13,1789243138.69,2026-09-12T19:58:58Z,40.779568,-73.872803,123.8,c0853f,C-GYLY,BCS3,,0
landing,JFK,22L,1789243218.25,2026-09-12T20:00:18Z,40.636042,-73.762067,210.9,a13391,N177DZ,B763,BOEING 767-300,0
landing,JFK,13L,1789243219.79,2026-09-12T20:00:19Z,40.649309,-73.771586,123.8,a22358,N237JQ,E75L,EMBRAER ERJ-170-200 (long wing),0
takeoff,LGA,13,1789243240.97,2026-09-12T20:00:40Z,40.779774,-73.87326,120.9,a35ab8,N315PQ,CRJ9,BOMBARDIER Regional Jet CRJ-900,0
landing,JFK,13L,1789243288.97,2026-09-12T20:01:28Z,40.651102,-73.775472,123.8,adabfe,N980JT,A321,AIRBUS A-321,0
landing,LGA,13,1789243304.78,2026-09-12T20:01:44Z,40.777398,-73.868309,118.1,a15b4c,N187GJ,CRJ9,BOMBARDIER Regional Jet CRJ-900,0
landing,JFK,22L,1789243337.44,2026-09-12T20:02:17Z,40.635681,-73.762347,210.9,406590,G-STBD,B77W,BOEING 777-300ER,0
takeoff,LGA,13,1789243352.13,2026-09-12T20:02:32Z,40.779922,-73.873566,126.6,a3c259,N341PQ,CRJ9,BOMBARDIER Regional Jet CRJ-900,0
takeoff,JFK,13R,1789243376.94,2026-09-12T20:02:56Z,40.645866,-73.811203,120.9,a1a458,N2048J,A21N,AIRBUS A-321neo,0
takeoff,LGA,13,1789243459.73,2026-09-12T20:04:19Z,40.780529,-73.874817,123.8,add66d,N991AU,A321,AIRBUS A-321,0
landing,JFK,22L,1789243472.2,2026-09-12T20:04:32Z,40.633807,-73.763799,210.9,aa8315,N777AN,B772,BOEING 777-200,0
takeoff,JFK,13R,1789243502.07,2026-09-12T20:05:02Z,40.646358,-73.812256,115.3,a091f3,N136EV,CRJ9,BOMBARDIER Regional Jet CRJ-900,0
landing,JFK,13L,1789243502.76,2026-09-12T20:05:02Z,40.650985,-73.775269,120.9,ad9e73,N977JE,A321,AIRBUS A-321,0
landing,LGA,13,1789243526.27,2026-09-12T20:05:26Z,40.77713,-73.867716,115.3,a7dadc,N605LR,CRJ9,BOMBARDIER Regional Jet CRJ-900,0
takeoff,LGA,13,1789243563.32,2026-09-12T20:06:03Z,40.7804,-73.874536,123.8,ac3f2f,N8889Q,B38M,BOEING 737 MAX 8,0
landing,JFK,22L,1789243619.41,2026-09-12T20:06:59Z,40.633987,-73.763687,210.9,a0f44c,N1602,B763,BOEING 767-300,0
landing,JFK,22L,1789243621.54,2026-09-12T20:07:01Z,40.633175,-73.764328,210.9,a0f44c,N1602,B763,BOEING 767-300,0
takeoff,LGA,13,1789243622.74,2026-09-12T20:07:02Z,40.780331,-73.874396,120.9,a0103b,N103DY,A321,AIRBUS A-321,0
landing,JFK,13L,1789243624.62,2026-09-12T20:07:04Z,40.651008,-73.775285,120.9,a38af8,N3272J,BCS3,AIRBUS A220-300,0
takeoff,JFK,13R,1789243644.9,2026-09-12T20:07:24Z,40.646144,-73.811786,120.9,ad7284,N966AV,A20N,AIRBUS A-320neo,0
landing,LGA,04,1789243678.71,2026-09-12T20:07:58Z,40.775873,-73.881028,357.2,a099a7,N138HQ,E75L,EMBRAER ERJ-170-200 (long wing),0
landing,LGA,13,1789243697.93,2026-09-12T20:08:17Z,40.777531,-73.868561,123.8,ac7c67,N903XJ,CRJ9,BOMBARDIER Regional Jet CRJ-900,0
takeoff,JFK,13R,1789243711.31,2026-09-12T20:08:31Z,40.645783,-73.811006,120.9,adb723,N983JT,A321,AIRBUS A-321,0
landing,JFK,13L,1789243733.82,2026-09-12T20:08:53Z,40.650936,-73.775177,120.9,a1fb1a,N227AZ,B763,BOEING 767-300,0
takeoff,LGA,13,1789243746.71,2026-09-12T20:09:06Z,40.779968,-73.873642,123.8,ad12e0,N941WN,B737,BOEING 737-700,0
takeoff,JFK,13R,1789243807.86,2026-09-12T20:10:07Z,40.6455,-73.810379,120.9,846a5b,JA14KZ,B748,BOEING 747-8,0
landing,LGA,04,1789243839.19,2026-09-12T20:10:39Z,40.775431,-73.875488,11.2,a51f4a,N429YX,E75L,EMBRAER ERJ-170-200 (long wing),0
landing,JFK,13L,1789243851.43,2026-09-12T20:10:51Z,40.650513,-73.774231,123.8,a4008e,N357TY,B38M,,0
takeoff,LGA,13,1789243887.14,2026-09-12T20:11:27Z,40.781605,-73.877075,123.8,ada699,N979RP,E170,EMBRAER ERJ-170-100,0
takeoff,JFK,13R,1789243918.08,2026-09-12T20:11:58Z,40.645853,-73.811162,120.9,ab7376,N837MH,B764,BOEING 767-400,0
landing,LGA,31,1789243949.36,2026-09-12T20:12:29Z,40.776764,-73.870667,303.8,abe79d,N8661A,B738,BOEING 737-800,0
landing,JFK,13L,1789243975.05,2026-09-12T20:12:55Z,40.650776,-73.774811,120.9,ada227,N978JB,A321,AIRBUS A-321,0
takeoff,LGA,13,1789243989.16,2026-09-12T20:13:09Z,40.780598,-73.874973,123.8,ab9b13,N847NN,B738,BOEING 737-800,0
takeoff,JFK,13R,1789243997.93,2026-09-12T20:13:17Z,40.645901,-73.811249,120.9,a33843,N3062J,BCS3,AIRBUS A220-300,0
takeoff,LGA,13,1789244049.9,2026-09-12T20:14:09Z,40.780483,-73.874725,123.8,c03cf4,C-FXCD,A320,AIRBUS A-320,0
takeoff,JFK,13R,1789244055.85,2026-09-12T20:14:15Z,40.645923,-73.811302,120.9,a01fee,N107NN,A321,AIRBUS A-321,0
landing,JFK,13L,1789244064.83,2026-09-12T20:14:24Z,40.651125,-73.775581,120.9,a641bf,N502DX,A21N,AIRBUS A-321neo,0
takeoff,LGA,04,1789244128.74,2026-09-12T20:15:28Z,40.781628,-73.878647,348.8,a099a7,N138HQ,E75L,EMBRAER ERJ-170-200 (long wing),0
landing,LGA,04,1789244148.89,2026-09-12T20:15:48Z,40.775675,-73.875347,33.8,a03bcd,N114HQ,E75L,EMBRAER ERJ-170-200 (long wing),0
landing,JFK,13L,1789244164.59,2026-09-12T20:16:04Z,40.648762,-73.770353,120.9,0d0e2c,XA-MFN,B38M,BOEING 737 MAX 8,0
landing,JFK,22L,1789244194.08,2026-09-12T20:16:34Z,40.633121,-73.764345,210.9,4d0131,LX-NCL,B744,BOEING 747-400,0
takeoff,JFK,13R,1789244207.37,2026-09-12T20:16:47Z,40.646086,-73.811677,120.9,8966d4,A6-XWL,A35K,AIRBUS A-350-1000,0
landing,LGA,31,1789244225.26,2026-09-12T20:17:05Z,40.776878,-73.870895,300.9,a2615e,N25201,B738,BOEING 737-800,0
landing,LGA,13,1789244230.49,2026-09-12T20:17:10Z,40.777393,-73.868256,123.8,a4c170,N405YX,E75L,EMBRAER ERJ-170-200 (long wing),0
takeoff,LGA,13,1789244257.55,2026-09-12T20:17:37Z,40.781879,-73.877686,123.8,a8996b,N653RW,E170,EMBRAER ERJ-170-100,0
landing,JFK,13L,1789244292.06,2026-09-12T20:18:12Z,40.651657,-73.776749,123.8,a8bc71,N662JB,A320,AIRBUS A-320,0
takeoff,JFK,13R,1789244300.18,2026-09-12T20:18:20Z,40.64512,-73.809539,120.9,3c6518,D-AIHX,A346,AIRBUS A-340-600,0
takeoff,LGA,04,1789244345.52,2026-09-12T20:19:05Z,40.781628,-73.878647,351.6,a095f0,N137HQ,E75L,EMBRAER ERJ-170-200 (long wing),0
takeoff,JFK,13R,1789244382.16,2026-09-12T20:19:42Z,40.648201,-73.816345,120.9,a1c57e,N213JQ,E75L,EMBRAER ERJ-170-200 (long wing),0
landing,JFK,13L,1789244392.09,2026-09-12T20:19:52Z,40.651932,-73.777374,120.9,a38e69,N3280J,BCS3,AIRBUS A220-300,0
landing,LGA,31,1789244395.78,2026-09-12T20:19:55Z,40.776839,-73.870806,300.9,a52cc8,N432YX,E75L,EMBRAER ERJ-170-200 (long wing),0
landing,JFK,13L,1789244473.32,2026-09-12T20:21:13Z,40.649231,-73.771439,126.6,a53436,N434YX,E75L,EMBRAER ERJ-170-200 (long wing),0
landing,JFK,22L,1789244473.32,2026-09-12T20:21:13Z,40.635169,-73.762738,210.9,4b187b,HB-JHB,A333,AIRBUS A-330-300,0
landing,LGA,31,1789244473.95,2026-09-12T20:21:13Z,40.776828,-73.870791,315.0,a39723,N330PQ,CRJ9,BOMBARDIER Regional Jet CRJ-900,0
takeoff,LGA,13,1789244507.64,2026-09-12T20:21:47Z,40.781716,-73.877283,123.8,a4e538,N414YX,E75L,EMBRAER ERJ-170-200 (long wing),0
landing,JFK,13L,1789244547.12,2026-09-12T20:22:27Z,40.651176,-73.775711,120.9,ab0416,N809JB,A320,AIRBUS A-320,0
takeoff,JFK,13R,1789244568.17,2026-09-12T20:22:48Z,40.646267,-73.812073,120.9,aca02f,N912XJ,CRJ9,BOMBARDIER Regional Jet CRJ-900,0
takeoff,LGA,13,1789244573.99,2026-09-12T20:22:53Z,40.780632,-73.875031,123.8,a2615e,N25201,B738,BOEING 737-800,0
takeoff,JFK,13R,1789244586.65,2026-09-12T20:23:06Z,40.648169,-73.816265,123.8,a4c527,N406YX,E75L,EMBRAER ERJ-170-200 (long wing),0
landing,JFK,13L,1789244632.42,2026-09-12T20:23:52Z,40.651268,-73.775864,120.9,c02cfc,C-FRAX,B38M,BOEING 737 MAX 8,0
landing,JFK,22L,1789244666.0,2026-09-12T20:24:26Z,40.634159,-73.76355,210.9,ab5365,N829MH,B764,BOEING 767-400,0
landing,LGA,04,1789244687.34,2026-09-12T20:24:47Z,40.77808,-73.880219,357.2,a05470,N120HQ,E75L,EMBRAER ERJ-170-200 (long wing),0
takeoff,LGA,13,1789244719.05,2026-09-12T20:25:19Z,40.779737,-73.873178,123.8,a339b1,N307DU,BCS3,AIRBUS A220-300,0
takeoff,JFK,13R,1789244732.02,2026-09-12T20:25:32Z,40.648064,-73.816031,123.8,a1c935,N214JQ,E75L,EMBRAER ERJ-170-200 (long wing),0
landing,JFK,13L,1789244751.5,2026-09-12T20:25:51Z,40.649868,-73.772788,120.9,ac92b1,N909XJ,CRJ9,BOMBARDIER Regional Jet CRJ-900,0
takeoff,JFK,13R,1789244803.01,2026-09-12T20:26:43Z,40.646865,-73.813393,120.9,a1286c,N174DZ,B763,BOEING 767-300,0
landing,LGA,13,1789244809.65,2026-09-12T20:26:49Z,40.777107,-73.867685,123.8,a4f414,N418YX,E75L,EMBRAER ERJ-170-200 (long wing),0
takeoff,LGA,13,1789244849.4,2026-09-12T20:27:29Z,40.780203,-73.874146,123.8,abe79d,N8661A,B738,BOEING 737-800,0
landing,JFK,13L,1789244874.89,2026-09-12T20:27:54Z,40.65049,-73.77417,120.9,a6ee8e,N546DN,A21N,AIRBUS A-321neo,0
landing,JFK,22L,1789244924.84,2026-09-12T20:28:44Z,40.633118,-73.764359,210.9,a4bbde,N404DX,A339,AIRBUS A-330-900,0
takeoff,JFK,13R,1789244954.76,2026-09-12T20:29:14Z,40.645695,-73.810822,123.8,a3549d,N3132J,BCS3,AIRBUS A220-300,0
landing,JFK,13L,1789244981.79,2026-09-12T20:29:41Z,40.651966,-73.77742,120.9,a3711a,N3203J,BCS3,AIRBUS A220-300,0
takeoff,LGA,13,1789244993.85,2026-09-12T20:29:53Z,40.780377,-73.874505,123.8,a39723,N330PQ,CRJ9,BOMBARDIER Regional Jet CRJ-900,0
landing,JFK,13L,1789245053.97,2026-09-12T20:30:53Z,40.651348,-73.776077,120.9,a32095,N300NY,A21N,AIRBUS A-321neo,0
landing,LGA,13,1789245074.7,2026-09-12T20:31:14Z,40.778606,-73.870819,123.8,a37d8a,N324DU,BCS3,AIRBUS A220-300,0
takeoff,JFK,31L,1789245130.65,2026-09-12T20:32:10Z,40.640127,-73.795463,315.0,ac8efa,N908XJ,CRJ9,BOMBARDIER Regional Jet CRJ-900,0
takeoff,LGA,13,1789245132.4,2026-09-12T20:32:12Z,40.780449,-73.874664,120.9,a3dc5a,N348PQ,CRJ9,BOMBARDIER Regional Jet CRJ-900,0
landing,JFK,13L,1789245137.51,2026-09-12T20:32:17Z,40.650467,-73.774124,120.9,ad3581,N950JT,A321,AIRBUS A-321,0
landing,JFK,22L,1789245142.45,2026-09-12T20:32:22Z,40.633415,-73.76413,209.6,abafe4,N852ML,B789,BOEING 787-9 Dreamliner,0
takeoff,JFK,13R,1789245160.22,2026-09-12T20:32:40Z,40.646179,-73.811864,118.1,ad8872,N971MC,CL30,BOMBARDIER BD-100 Challenger 300,0
takeoff,JFK,13R,1789245220.11,2026-09-12T20:33:40Z,40.645748,-73.810928,120.9,a5325b,N434DX,A339,AIRBUS A-330-900,0
landing,JFK,13L,1789245275.35,2026-09-12T20:34:35Z,40.651531,-73.776474,120.9,a0b59d,N145DQ,BCS1,AIRBUS A220-100,0
landing,LGA,31,1789245285.9,2026-09-12T20:34:45Z,40.776867,-73.870865,300.9,abdf3f,N864RW,E170,EMBRAER ERJ-170-100,0
landing,JFK,22L,1789245311.94,2026-09-12T20:35:11Z,40.636763,-73.76152,208.1,4ca9bb,EI-LRB,A21N,AIRBUS A-321neo,0
takeoff,LGA,13,1789245330.53,2026-09-12T20:35:30Z,40.780586,-73.874939,123.8,ad6758,N963AN,B738,BOEING 737-800,0
takeoff,JFK,13R,1789245355.56,2026-09-12T20:35:55Z,40.645855,-73.811172,120.9,a97251,N708AL,B39M,BOEING 737 MAX 9,0
landing,JFK,13L,1789245394.48,2026-09-12T20:36:34Z,40.652068,-73.777672,120.9,ac756c,N9011P,A319,AIRBUS A-319,0
landing,JFK,22L,1789245491.32,2026-09-12T20:38:11Z,40.635647,-73.76236,210.9,47880d,LN-RKT,A333,AIRBUS A-330-300,0
takeoff,JFK,13R,1789245500.22,2026-09-12T20:38:20Z,40.645155,-73.809601,123.8,ab1239,N812QS,C700,CESSNA 700 Citation Longitude,0
landing,LGA,04,1789245549.21,2026-09-12T20:39:09Z,40.775665,-73.875351,19.7,a6cffc,N538UW,A321,AIRBUS A-321,0
landing,LGA,13,1789245575.2,2026-09-12T20:39:35Z,40.777607,-73.868668,123.8,aceb76,N931XJ,CRJ9,BOMBARDIER Regional Jet CRJ-900,0
takeoff,LGA,13,1789245604.78,2026-09-12T20:40:04Z,40.781914,-73.877716,123.8,a05470,N120HQ,E75L,EMBRAER ERJ-170-200 (long wing),0
landing,JFK,22L,1789245654.53,2026-09-12T20:40:54Z,40.636047,-73.762054,210.9,aae6d5,N801NW,A333,AIRBUS A-330-300,0
takeoff,JFK,13R,1789245666.04,2026-09-12T20:41:06Z,40.646049,-73.811615,120.9,a6e361,N543DE,A21N,AIRBUS A-321neo,0
takeoff,JFK,13R,1789245735.89,2026-09-12T20:42:15Z,40.646107,-73.811722,120.9,a3adce,N336TM,B38M,BOEING 737 MAX 8,0
takeoff,LGA,31,1789245737.36,2026-09-12T20:42:17Z,40.781364,-73.878555,345.9,a50549,N422YX,E75L,EMBRAER ERJ-170-200 (long wing),0
landing,LGA,31,1789245751.69,2026-09-12T20:42:31Z,40.77706,-73.871259,300.9,acc95c,N923AN,B738,BOEING 737-800,0
landing,JFK,13L,1789245777.9,2026-09-12T20:42:57Z,40.650593,-73.774399,122.4,ab4e94,N828AA,B789,BOEING 787-9 Dreamliner,0
landing,JFK,22L,1789245860.26,2026-09-12T20:44:20Z,40.636635,-73.761614,210.9,ab80f4,N840MH,B764,BOEING 767-400,0
landing,LGA,31,1789245886.59,2026-09-12T20:44:46Z,40.777014,-73.871181,303.8,a449e5,N3758Y,B738,BOEING 737-800,0
takeoff,JFK,13R,1789245931.04,2026-09-12T20:45:31Z,40.648064,-73.816031,120.9,a50cb7,N424YX,E75L,EMBRAER ERJ-170-200 (long wing),0
landing,LGA,31,1789245982.59,2026-09-12T20:46:22Z,40.77699,-73.871118,300.9,c014e0,C-FHXN,BCS3,AIRBUS A220-300,0
landing,LGA,13,1789246002.98,2026-09-12T20:46:42Z,40.777336,-73.868149,123.8,a3bdac,N340DU,BCS3,AIRBUS A220-300,0
landing,LGA,31,1789246006.75,2026-09-12T20:46:46Z,40.777049,-73.871228,300.9,a1fbd9,N227JQ,E75L,EMBRAER ERJ-170-200 (long wing),0
landing,LGA,31,1789246016.41,2026-09-12T20:46:56Z,40.772894,-73.864361,275.6,ab83e8,N841DN,B739,BOEING 737-900,0
landing,JFK,13L,1789246032.43,2026-09-12T20:47:12Z,40.650671,-73.774567,120.9,a6b833,N532DN,A21N,AIRBUS A-321neo,0
landing,LGA,13,1789246126.97,2026-09-12T20:48:46Z,40.779968,-73.873627,122.5,a2b1d3,N273C,HDJT,HONDA HondaJet,8
takeoff,JFK,13R,1789246143.12,2026-09-12T20:49:03Z,40.645718,-73.810852,120.9,a1e411,N2205J,A21N,AIRBUS A-321neo,0
takeoff,LGA,13,1789246187.11,2026-09-12T20:49:47Z,40.780424,-73.874598,123.8,a03f1e,N115DN,A321,AIRBUS A-321,0
takeoff,JFK,13R,1789246212.15,2026-09-12T20:50:12Z,40.645492,-73.810366,120.9,a78cfc,N586JB,A320,AIRBUS A-320,0
landing,LGA,04,1789246222.12,2026-09-12T20:50:22Z,40.777735,-73.879483,357.2,abc2e5,N857RW,E170,EMBRAER ERJ-170-100,0
landing,JFK,22L,1789246324.4,2026-09-12T20:52:04Z,40.637157,-73.7612,210.9,a37c1c,N3232J,BCS3,,0
takeoff,LGA,13,1789246334.51,2026-09-12T20:52:14Z,40.779551,-73.872773,120.9,c014e0,C-FHXN,BCS3,AIRBUS A220-300,0
takeoff,LGA,31,1789246364.89,2026-09-12T20:52:44Z,40.780689,-73.878357,345.9,abc2e5,N857RW,E170,EMBRAER ERJ-170-100,0
takeoff,JFK,13R,1789246377.96,2026-09-12T20:52:57Z,40.646027,-73.811584,120.9,a0f4f6,N16065,B763,BOEING 767-300,0
takeoff,LGA,13,1789246392.75,2026-09-12T20:53:12Z,40.78149,-73.876831,123.8,a1fbd9,N227JQ,E75L,EMBRAER ERJ-170-200 (long wing),0
landing,LGA,31,1789246429.05,2026-09-12T20:53:49Z,40.777119,-73.871384,300.9,aaed5a,N803DN,B739,BOEING 737-900,0
takeoff,JFK,13R,1789246462.04,2026-09-12T20:54:22Z,40.646691,-73.813019,120.9,acf2e4,N933XJ,CRJ9,BOMBARDIER Regional Jet CRJ-900,0
landing,JFK,13L,1789246501.97,2026-09-12T20:55:01Z,40.651125,-73.775581,123.8,a61173,N490PX,CRJ9,BOMBARDIER Regional Jet CRJ-900,0
takeoff,LGA,13,1789246519.6,2026-09-12T20:55:19Z,40.780575,-73.874924,123.8,a449e5,N3758Y,B738,BOEING 737-800,0
takeoff,JFK,13R,1789246541.68,2026-09-12T20:55:41Z,40.646027,-73.811523,120.9,3965a1,F-GZNB,B77W,BOEING 777-300ER,0
landing,JFK,13L,1789246576.68,2026-09-12T20:56:16Z,40.649856,-73.772772,120.9,a178de,N194UW,A321,AIRBUS A-321,0
takeoff,JFK,13R,1789246623.92,2026-09-12T20:57:03Z,40.645878,-73.811234,120.9,4ca782,EI-EDY,A333,AIRBUS A-330-300,0
landing,JFK,13L,1789246676.46,2026-09-12T20:57:56Z,40.651291,-73.77594,120.9,a6b4f7,N531JL,A320,AIRBUS A-320,0
landing,LGA,13,1789246718.74,2026-09-12T20:58:38Z,40.778069,-73.86969,123.8,aafca8,N807JB,A320,AIRBUS A-320,0
landing,JFK,22L,1789246741.54,2026-09-12T20:59:01Z,40.633319,-73.76422,210.9,ab5d2c,N831MH,B764,BOEING 767-400,0
landing,JFK,13L,1789246759.61,2026-09-12T20:59:19Z,40.652149,-73.777875,120.9,a41c56,N364NB,A319,AIRBUS A-319,0
takeoff,JFK,13R,1789246789.15,2026-09-12T20:59:49Z,40.645795,-73.811006,122.5,485e2f,PH-BKI,B78X,BOEING 787-10 Dreamliner,0
landing,JFK,13L,1789246816.8,2026-09-12T21:00:16Z,40.651707,-73.776861,120.9,a3b0fe,N337NB,A319,AIRBUS A-319,0
landing,JFK,13L,1789246903.65,2026-09-12T21:01:43Z,40.650272,-73.773682,120.9,ac91d4,N909NN,B738,BOEING 737-800,0
takeoff,LGA,13,1789246931.4,2026-09-12T21:02:11Z,40.779947,-73.873584,118.1,a8f235,N676CA,CRJ9,BOMBARDIER Regional Jet CRJ-900,0
landing,JFK,22L,1789246943.63,2026-09-12T21:02:23Z,40.635452,-73.762527,210.9,a36b2d,N3194J,BCS3,,0
takeoff,JFK,13R,1789246961.38,2026-09-12T21:02:41Z,40.646015,-73.811523,120.9,a16883,N190DN,B763,BOEING 767-300,0
landing,JFK,13L,1789247010.84,2026-09-12T21:03:30Z,40.65088,-73.775035,120.9,acf846,N935AK,B39M,BOEING 737 MAX 9,0
takeoff,JFK,13R,1789247040.19,2026-09-12T21:04:00Z,40.646155,-73.811802,120.9,a38211,N325NB,A319,AIRBUS A-319,0
landing,LGA,04,1789247083.35,2026-09-12T21:04:43Z,40.775745,-73.875275,33.8,ab3fcc,N824AW,A319,AIRBUS A-319,0
landing,LGA,04,1789247127.34,2026-09-12T21:05:27Z,40.776001,-73.875067,30.9,a8847f,N648RW,E170,EMBRAER ERJ-170-100,0
landing,LGA,31,1789247133.8,2026-09-12T21:05:33Z,40.776921,-73.870962,300.9,a3621e,N317PG,B738,BOEING 737-800,0
landing,JFK,22L,1789247147.31,2026-09-12T21:05:47Z,40.635464,-73.762512,210.9,a539c9,N436DX,A339,AIRBUS A-330-900,0
landing,LGA,31,1789247166.18,2026-09-12T21:06:06Z,40.777037,-73.871228,303.8,a046f2,N117HQ,E75L,EMBRAER ERJ-170-200 (long wing),0
takeoff,JFK,13R,1789247176.8,2026-09-12T21:06:16Z,40.646051,-73.811599,120.9,a9cecf,N731AN,B77W,BOEING 777-300ER,0
landing,JFK,13L,1789247221.18,2026-09-12T21:07:01Z,40.651337,-73.776047,118.1,a7cc00,N601LR,CRJ9,BOMBARDIER Regional Jet CRJ-900,0
landing,JFK,22L,1789247314.16,2026-09-12T21:08:34Z,40.634594,-73.763199,209.6,744843,JY-RBC,B789,BOEING 787-9 Dreamliner,0
takeoff,LGA,13,1789247332.87,2026-09-12T21:08:52Z,40.779991,-73.873718,123.8,a43f51,N373DX,A321,AIRBUS A-321,0
takeoff,JFK,13R,1789247346.26,2026-09-12T21:09:06Z,40.645969,-73.811443,120.9,348249,EC-OLE,A21N,AIRBUS A-321neo,0
takeoff,LGA,13,1789247386.14,2026-09-12T21:09:46Z,40.781673,-73.877258,123.8,a51f4a,N429YX,E75L,EMBRAER ERJ-170-200 (long wing),0
takeoff,JFK,13R,1789247433.43,2026-09-12T21:10:33Z,40.646295,-73.812098,120.9,780bb8,B-2097,B77L,BOEING 777-200LR,0
landing,LGA,13,1789247442.26,2026-09-12T21:10:42Z,40.77816,-73.869934,123.8,a44591,N3744F,B738,BOEING 737-800,0
landing,LGA,31,1789247486.99,2026-09-12T21:11:26Z,40.777095,-73.871352,295.3,a1584a,N186PQ,CRJ9,BOMBARDIER Regional Jet CRJ-900,0
takeoff,LGA,13,1789247496.25,2026-09-12T21:11:36Z,40.779923,-73.873553,123.8,a32814,N302PQ,CRJ9,BOMBARDIER Regional Jet CRJ-900,0
landing,JFK,22L,1789247542.61,2026-09-12T21:12:22Z,40.636612,-73.761614,210.9,ab5d52,N831NW,A333,AIRBUS A-330-300,0
takeoff,JFK,13R,1789247579.7,2026-09-12T21:12:59Z,40.645876,-73.811209,120.9,a683a8,N519JB,A320,AIRBUS A-320,0
takeoff,LGA,13,1789247623.84,2026-09-12T21:13:43Z,40.779958,-73.873615,123.8,a335fa,N306DU,BCS3,AIRBUS A220-300,0
landing,LGA,22,1789247644.47,2026-09-12T21:14:04Z,40.777351,-73.874879,244.7,a04a4d,N118DY,A321,AIRBUS A-321,0
takeoff,JFK,13R,1789247670.13,2026-09-12T21:14:30Z,40.64613,-73.811768,120.9,ad935b,N974JT,A321,AIRBUS A-321,0
landing,LGA,13,1789247713.34,2026-09-12T21:15:13Z,40.777526,-73.868543,120.9,a77d89,N582CA,CRJ9,BOMBARDIER Regional Jet CRJ-900,0
landing,JFK,13L,1789247756.68,2026-09-12T21:15:56Z,40.652126,-73.777756,120.9,a86605,N640JB,A320,AIRBUS A-320,0
takeoff,LGA,13,1789247763.32,2026-09-12T21:16:03Z,40.780552,-73.874878,123.8,aaed5a,N803DN,B739,BOEING 737-900,0
landing,LGA,22,1789247778.81,2026-09-12T21:16:18Z,40.777572,-73.874302,247.5,a35e66,N316PF,B738,BOEING 737-800,0
takeoff,JFK,13R,1789247800.64,2026-09-12T21:16:40Z,40.646049,-73.811584,120.9,a535c2,N435AS,B739,BOEING 737-900,0
landing,JFK,13L,1789247841.07,2026-09-12T21:17:21Z,40.651863,-73.777206,120.9,a9acb8,N722TW,B752,BOEING 757-200,0
landing,LGA,13,1789247863.46,2026-09-12T21:17:43Z,40.777165,-73.867748,123.8,a23fb2,N244JQ,E75L,EMBRAER ERJ-170-200 (long wing),0
landing,LGA,04,1789247891.64,2026-09-12T21:18:11Z,40.777735,-73.879467,0.0,a4f7cb,N419YX,E75L,EMBRAER ERJ-170-200 (long wing),0
takeoff,JFK,13R,1789247894.76,2026-09-12T21:18:14Z,40.64526,-73.80983,120.9,4b1882,HB-JHI,A333,AIRBUS A-330-300,0
takeoff,LGA,13,1789247898.92,2026-09-12T21:18:18Z,40.780209,-73.874161,123.8,ab3fcc,N824AW,A319,AIRBUS A-319,0
landing,JFK,13L,1789247946.89,2026-09-12T21:19:06Z,40.65088,-73.775019,120.9,a0be05,N147PQ,CRJ9,BOMBARDIER Regional Jet CRJ-900,0
landing,LGA,13,1789247971.32,2026-09-12T21:19:31Z,40.777611,-73.868713,123.8,ac57af,N8948Q,B38M,,0
takeoff,JFK,13R,1789247986.77,2026-09-12T21:19:46Z,40.646038,-73.811584,120.9,a0f46f,N1603,B763,BOEING 767-300,0
landing,LGA,31,1789248023.83,2026-09-12T21:20:23Z,40.777014,-73.87115,300.9,ac3ea3,N8885Q,B38M,BOEING 737 MAX 8,0
landing,JFK,13L,1789248039.02,2026-09-12T21:20:39Z,40.651299,-73.775971,120.9,a65bbc,N509DT,A21N,AIRBUS A-321neo,0
takeoff,LGA,04,1789248039.61,2026-09-12T21:20:39Z,40.781867,-73.878656,5.6,a046f2,N117HQ,E75L,EMBRAER ERJ-170-200 (long wing),0
takeoff,LGA,13,1789248046.05,2026-09-12T21:20:46Z,40.779714,-73.873116,120.9,a7dadc,N605LR,CRJ9,BOMBARDIER Regional Jet CRJ-900,0
takeoff,JFK,13R,1789248075.82,2026-09-12T21:21:15Z,40.645992,-73.811462,120.9,ab09b4,N810DN,B739,BOEING 737-900,0
takeoff,JFK,13R,1789248137.89,2026-09-12T21:22:17Z,40.646313,-73.812164,120.9,a1cc1f,N215AK,B739,BOEING 737-900,0
landing,LGA,13,1789248158.33,2026-09-12T21:22:38Z,40.777293,-73.868044,123.8,a3c51a,N342DU,,,0
landing,LGA,31,1789248161.53,2026-09-12T21:22:41Z,40.777153,-73.87149,300.9,a1a56d,N205JQ,E75L,EMBRAER ERJ-170-200 (long wing),0
landing,JFK,13L,1789248164.99,2026-09-12T21:22:44Z,40.651726,-73.776917,120.9,acddf8,N928XJ,CRJ9,BOMBARDIER Regional Jet CRJ-900,0
takeoff,JFK,13R,1789248206.31,2026-09-12T21:23:26Z,40.646097,-73.811739,120.9,a11380,N169DZ,B763,BOEING 767-300,0
takeoff,LGA,13,1789248213.29,2026-09-12T21:23:33Z,40.780447,-73.874676,123.8,a3621e,N317PG,B738,BOEING 737-800,0
takeoff,JFK,13R,1789248306.14,2026-09-12T21:25:06Z,40.645924,-73.811325,120.9,a6dbf3,N541DE,A21N,AIRBUS A-321neo,0
landing,LGA,31,1789248308.46,2026-09-12T21:25:08Z,40.777325,-73.871826,303.8,accf1c,N924XJ,CRJ9,BOMBARDIER Regional Jet CRJ-900,0
landing,JFK,13L,1789248313.98,2026-09-12T21:25:13Z,40.650787,-73.774811,120.9,ad4f72,N957JB,A321,AIRBUS A-321,0
landing,JFK,13L,1789248398.4,2026-09-12T21:26:38Z,40.650671,-73.77452,122.4,347692,EC-OFP,B789,BOEING 787-9 Dreamliner,0
landing,JFK,22L,1789248433.82,2026-09-12T21:27:13Z,40.637043,-73.761286,210.9,a6152a,N491PX,CRJ9,BOMBARDIER Regional Jet CRJ-900,0
takeoff,LGA,13,1789248442.1,2026-09-12T21:27:22Z,40.781673,-73.877213,123.8,a8847f,N648RW,E170,EMBRAER ERJ-170-100,0
takeoff,JFK,13R,1789248460.16,2026-09-12T21:27:40Z,40.645923,-73.811318,120.9,a01112,N103NN,A321,AIRBUS A-321,0
takeoff,JFK,13R,1789248529.62,2026-09-12T21:28:49Z,40.645958,-73.811401,120.9,aacaa5,N795AN,B772,BOEING 777-200,0
landing,JFK,13L,1789248536.08,2026-09-12T21:28:56Z,40.653662,-73.781183,123.8,abea47,N867QS,C700,CESSNA 700 Citation Longitude,0
takeoff,JFK,13R,1789248613.62,2026-09-12T21:30:13Z,40.645527,-73.810444,120.9,a544ee,N439DX,A339,AIRBUS A-330-900,0
landing,LGA,31,1789248621.92,2026-09-12T21:30:21Z,40.777037,-73.871228,300.9,a39d9b,N332DU,BCS3,,0
landing,JFK,13L,1789248622.35,2026-09-12T21:30:22Z,40.65166,-73.776767,120.9,acab54,N915XJ,CRJ9,BOMBARDIER Regional Jet CRJ-900,0
takeoff,LGA,13,1789248651.81,2026-09-12T21:30:51Z,40.779739,-73.873154,118.1,a1584a,N186PQ,CRJ9,BOMBARDIER Regional Jet CRJ-900,0
landing,JFK,13L,1789248699.3,2026-09-12T21:31:39Z,40.651136,-73.775581,120.9,a33ca9,N3077J,BCS3,AIRBUS A220-300,0
takeoff,LGA,13,1789248718.62,2026-09-12T21:31:58Z,40.780128,-73.873978,123.8,a04a4d,N118DY,A321,AIRBUS A-321,0
takeoff,JFK,13R,1789248738.71,2026-09-12T21:32:18Z,40.646484,-73.812561,120.9,acb2c2,N917XJ,CRJ9,BOMBARDIER Regional Jet CRJ-900,0
landing,JFK,13L,1789248761.42,2026-09-12T21:32:41Z,40.651108,-73.775513,120.9,aba7b0,N850DN,B739,BOEING 737-900,0
takeoff,JFK,13R,1789248804.14,2026-09-12T21:33:24Z,40.645821,-73.811081,120.9,a3578a,N314VB,B38M,BOEING 737 MAX 8,0
landing,LGA,13,1789248812.52,2026-09-12T21:33:32Z,40.779679,-73.873053,120.9,a71335,N555NL,K100,DAHER Kodiak 100,0
takeoff,LGA,04,1789248818.29,2026-09-12T21:33:38Z,40.780563,-73.878326,354.4,a4c170,N405YX,E75L,EMBRAER ERJ-170-200 (long wing),0
takeoff,LGA,31,1789248849.09,2026-09-12T21:34:09Z,40.780678,-73.878357,345.9,a4f7cb,N419YX,E75L,EMBRAER ERJ-170-200 (long wing),0
takeoff,LGA,13,1789248860.18,2026-09-12T21:34:20Z,40.780144,-73.874021,120.9,a35e66,N316PF,B738,BOEING 737-800,0
landing,JFK,13L,1789248866.58,2026-09-12T21:34:26Z,40.651646,-73.776733,120.9,a6b47c,N531DN,A359,AIRBUS A-350-900,0
takeoff,JFK,13R,1789248878.05,2026-09-12T21:34:38Z,40.645809,-73.811066,120.9,3c7a43,D-ANRC,A339,AIRBUS A-330-900,0
takeoff,JFK,13R,1789248985.13,2026-09-12T21:36:25Z,40.646283,-73.812129,120.9,a7cb53,N601DT,A21N,AIRBUS A-321neo,0
landing,JFK,13L,1789248986.53,2026-09-12T21:36:26Z,40.650124,-73.773376,120.9,a67bc8,N517DN,A21N,AIRBUS A-321neo,0
landing,LGA,31,1789249003.2,2026-09-12T21:36:43Z,40.777107,-73.871353,300.9,c066f4,C-GMZR,BCS3,AIRBUS A220-300,0
landing,JFK,13L,1789249061.99,2026-09-12T21:37:41Z,40.651657,-73.776764,120.9,a64ce6,N505DZ,A21N,AIRBUS A-321neo,0
takeoff,LGA,04,1789249072.83,2026-09-12T21:37:52Z,40.781261,-73.878525,348.8,a1a56d,N205JQ,E75L,EMBRAER ERJ-170-200 (long wing),0
takeoff,LGA,04,1789249073.11,2026-09-12T21:37:53Z,40.780689,-73.878357,348.8,a4f414,N418YX,E75L,EMBRAER ERJ-170-200 (long wing),0
landing,LGA,31,1789249084.58,2026-09-12T21:38:04Z,40.777061,-73.871277,303.8,a06e71,N127HQ,E75L,EMBRAER ERJ-170-200 (long wing),0
landing,JFK,22L,1789249109.66,2026-09-12T21:38:29Z,40.635303,-73.76265,210.9,406832,G-VWAG,A333,AIRBUS A-330-300,0
takeoff,LGA,13,1789249113.17,2026-09-12T21:38:33Z,40.78022,-73.874191,120.9,ac3ea3,N8885Q,B38M,BOEING 737 MAX 8,0
takeoff,JFK,13R,1789249129.27,2026-09-12T21:38:49Z,40.6469,-73.813456,120.9,a537ed,N435YX,E75L,EMBRAER ERJ-170-200 (long wing),0
takeoff,LGA,04,1789249130.48,2026-09-12T21:38:50Z,40.78068,-73.878344,348.8,a03bcd,N114HQ,E75L,EMBRAER ERJ-170-200 (long wing),0
takeoff,JFK,13R,1789249190.6,2026-09-12T21:39:50Z,40.645683,-73.810776,120.9,a38af8,N3272J,BCS3,AIRBUS A220-300,0
landing,JFK,13L,1789249197.94,2026-09-12T21:39:57Z,40.650473,-73.774161,120.9,a3c2be,N341TR,B38M,BOEING 737 MAX 8,0
landing,LGA,31,1789249255.28,2026-09-12T21:40:55Z,40.776981,-73.871109,300.9,a448fc,N3752,B738,BOEING 737-800,0
takeoff,JFK,13R,1789249265.75,2026-09-12T21:41:05Z,40.645672,-73.81073,122.5,aa9bb7,N783AM,B788,BOEING 787-8 Dreamliner,0
landing,JFK,13L,1789249352.53,2026-09-12T21:42:32Z,40.651108,-73.775543,120.9,a759eb,N573DT,A21N,AIRBUS A-321neo,0
landing,LGA,13,1789249352.78,2026-09-12T21:42:32Z,40.777468,-73.868434,120.9,a008c5,N101DQ,A321,AIRBUS A-321,0
landing,JFK,22L,1789249375.91,2026-09-12T21:42:55Z,40.634079,-73.763596,210.9,4c0223,YU-ARD,A332,AIRBUS A-330-200,0
takeoff,JFK,13R,1789249399.73,2026-09-12T21:43:19Z,40.646358,-73.812271,120.9,a96eb4,N707BM,H25B,HAWKER BEECHCRAFT Hawker 750/850,0
landing,LGA,04,1789249414.51,2026-09-12T21:43:34Z,40.778061,-73.88017,348.8,a20d0e,N231JQ,E75L,EMBRAER ERJ-170-200 (long wing),0
takeoff,JFK,13R,1789249458.51,2026-09-12T21:44:18Z,40.645981,-73.811489,120.9,a0f4b5,N1605,B763,BOEING 767-300,0
landing,JFK,13L,1789249478.25,2026-09-12T21:44:38Z,40.651119,-73.775574,120.9,a77dae,N582DN,A21N,,0
landing,LGA,13,1789249509.54,2026-09-12T21:45:09Z,40.777611,-73.868698,118.1,a39113,N329PQ,CRJ9,BOMBARDIER Regional Jet CRJ-900,0
takeoff,JFK,13R,1789249541.72,2026-09-12T21:45:41Z,40.645695,-73.810791,119.7,4ca8fc,EI-NEW,B789,BOEING 787-9 Dreamliner,0
landing,JFK,13L,1789249559.85,2026-09-12T21:45:59Z,40.650021,-73.773163,120.9,ad1c67,N944DZ,B739,,0
landing,JFK,22L,1789249701.29,2026-09-12T21:48:21Z,40.634823,-73.763,210.9,4bb149,TC-LJI,B77W,BOEING 777-300ER,0
takeoff,LGA,13,1789249719.87,2026-09-12T21:48:39Z,40.779749,-73.873194,123.8,c066f4,C-GMZR,BCS3,AIRBUS A220-300,0
takeoff,JFK,13R,1789249739.16,2026-09-12T21:48:59Z,40.64534,-73.810028,120.9,3c6712,D-AIXR,A359,AIRBUS A-350-900,0
landing,LGA,22,1789249782.84,2026-09-12T21:49:42Z,40.777351,-73.874879,239.1,abd063,N860RW,E170,EMBRAER ERJ-170-100,0
landing,JFK,13L,1789249793.37,2026-09-12T21:49:53Z,40.650181,-73.773514,120.9,a44ca0,N3761R,B738,BOEING 737-800,0
landing,LGA,13,1789249819.55,2026-09-12T21:50:19Z,40.778858,-73.871323,125.3,a8024a,N615KZ,BE40,BEECH 400 Beechjet,8
takeoff,JFK,13R,1789249867.74,2026-09-12T21:51:07Z,40.645771,-73.81099,120.9,aaec9c,N8027D,A319,AIRBUS A-319,0
takeoff,JFK,13R,1789249918.34,2026-09-12T21:51:58Z,40.646233,-73.812012,120.9,aae9a3,N802DN,B739,BOEING 737-900,0
landing,LGA,13,1789249946.99,2026-09-12T21:52:26Z,40.777233,-73.867905,123.8,abdb88,N863RW,E170,EMBRAER ERJ-170-100,0
landing,LGA,31,1789249955.32,2026-09-12T21:52:35Z,40.776924,-73.870972,300.9,ac8217,N905DN,B739,BOEING 737-900,0
takeoff,JFK,13R,1789249982.63,2026-09-12T21:53:02Z,40.645608,-73.810584,120.9,ab00d6,N808NW,A333,AIRBUS A-330-300,0
landing,JFK,13L,1789250066.28,2026-09-12T21:54:26Z,40.650959,-73.775238,120.9,a3373a,N306SP,B38M,BOEING 737 MAX 8,0
landing,LGA,31,1789250099.84,2026-09-12T21:54:59Z,40.776901,-73.870926,300.9,a4503d,N37700,B738,BOEING 737-800,0
takeoff,JFK,13R,1789250108.58,2026-09-12T21:55:08Z,40.646214,-73.811942,120.9,abece7,N868DN,B739,BOEING 737-900,0
takeoff,JFK,13R,1789250165.34,2026-09-12T21:56:05Z,40.646015,-73.811539,120.9,a7bbe9,N598JB,A320,AIRBUS A-320,0
landing,LGA,31,1789250170.89,2026-09-12T21:56:10Z,40.776833,-73.870804,300.9,ac71ef,N9003B,NAVI,NORTH AMERICAN Navion,0
takeoff,JFK,13R,1789250235.15,2026-09-12T21:57:15Z,40.646221,-73.811966,118.1,a7de93,N606LR,CRJ9,BOMBARDIER Regional Jet CRJ-900,0
landing,JFK,13L,1789250291.6,2026-09-12T21:58:11Z,40.65031,-73.773864,118.1,abdb35,N863NN,B738,BOEING 737-800,0
takeoff,JFK,13R,1789250366.53,2026-09-12T21:59:26Z,40.646202,-73.811958,120.9,4a91b2,SE-DMR,A21N,AIRBUS A-321neo,0
takeoff,LGA,13,1789250409.15,2026-09-12T22:00:09Z,40.780505,-73.87477,123.8,a37d8a,N324DU,BCS3,AIRBUS A220-300,0
landing,JFK,13L,1789250437.87,2026-09-12T22:00:37Z,40.651875,-73.777298,120.9,76cce3,9V-SGC,A359,AIRBUS A-350-900,0
landing,LGA,31,1789250454.94,2026-09-12T22:00:54Z,40.777037,-73.871228,303.8,c06179,C-GKXS,E295,EMBRAER ERJ-190-400,8
takeoff,JFK,13R,1789250462.07,2026-09-12T22:01:02Z,40.645603,-73.810608,122.5,48ae23,SP-LSD,B789,BOEING 787-9 Dreamliner,0
takeoff,JFK,13R,1789250576.59,2026-09-12T22:02:56Z,40.646084,-73.811691,120.9,c02cfc,C-FRAX,B38M,BOEING 737 MAX 8,0
takeoff,LGA,13,1789250632.12,2026-09-12T22:03:52Z,40.781413,-73.876674,123.8,aca9c2,N915FG,F2TH,DASSAULT Falcon 2000,8
takeoff,LGA,13,1789250694.67,2026-09-12T22:04:54Z,40.781708,-73.877289,123.8,abd063,N860RW,E170,EMBRAER ERJ-170-100,0
landing,JFK,22L,1789250714.18,2026-09-12T22:05:14Z,40.633819,-73.76383,213.8,a1e58f,N221JQ,E75L,EMBRAER ERJ-170-200 (long wing),0
takeoff,JFK,13R,1789250753.59,2026-09-12T22:05:53Z,40.645445,-73.810272,120.9,a38fa4,N3289J,,,0
landing,JFK,13L,1789250812.87,2026-09-12T22:06:52Z,40.650982,-73.775284,120.9,ab282b,N818MD,E170,EMBRAER ERJ-170-100,0
landing,JFK,13L,1789250814.81,2026-09-12T22:06:54Z,40.650799,-73.774918,123.8,ab282b,N818MD,E170,EMBRAER ERJ-170-100,0
landing,JFK,13L,1789250897.83,2026-09-12T22:08:17Z,40.651062,-73.775406,120.9,a35b81,N315XR,,,0
landing,LGA,13,1789250936.31,2026-09-12T22:08:56Z,40.777549,-73.868559,120.9,a34825,N310PQ,CRJ9,BOMBARDIER Regional Jet CRJ-900,0
landing,JFK,13L,1789250978.13,2026-09-12T22:09:38Z,40.651154,-73.77562,123.8,ab53e4,N829SK,CRJ9,BOMBARDIER Regional Jet CRJ-900,0
takeoff,LGA,13,1789250979.58,2026-09-12T22:09:39Z,40.779957,-73.873627,123.8,a448fc,N3752,B738,BOEING 737-800,0
landing,JFK,22L,1789251069.64,2026-09-12T22:11:09Z,40.639568,-73.759304,210.9,a3362f,N306FX,E55P,,0
landing,JFK,13L,1789251074.55,2026-09-12T22:11:14Z,40.650913,-73.775131,120.9,a6709b,N514DE,A21N,AIRBUS A-321neo,0
takeoff,LGA,13,1789251163.08,2026-09-12T22:12:43Z,40.781611,-73.87708,123.8,a1e946,N222JQ,E75L,EMBRAER ERJ-170-200 (long wing),0
takeoff,JFK,13R,1789251166.98,2026-09-12T22:12:46Z,40.645864,-73.811193,120.9,4cacb9,EI-TYG,A339,AIRBUS A-330-900,0
landing,LGA,31,1789251172.63,2026-09-12T22:12:52Z,40.776787,-73.870712,300.9,a7ef4b,N610FR,A21N,AIRBUS A-321neo,0
takeoff,LGA,04,1789251175.93,2026-09-12T22:12:55Z,40.781634,-73.87864,351.6,abdf3f,N864RW,E170,EMBRAER ERJ-170-100,0
landing,JFK,22L,1789251255.71,2026-09-12T22:14:15Z,40.635751,-73.762285,210.9,40621d,G-STBC,B77W,BOEING 777-300ER,0
landing,JFK,13L,1789251300.72,2026-09-12T22:15:00Z,40.65271,-73.779099,120.9,a1775f,N194DN,B763,BOEING 767-300,0
takeoff,LGA,13,1789251307.54,2026-09-12T22:15:07Z,40.781479,-73.876801,123.8,c06179,C-GKXS,E295,EMBRAER ERJ-190-400,8
landing,JFK,22L,1789251381.15,2026-09-12T22:16:21Z,40.635921,-73.762146,210.9,346419,EC-NIS,A359,AIRBUS A-350-900,0
takeoff,JFK,13R,1789251386.88,2026-09-12T22:16:26Z,40.646237,-73.811989,120.9,ad4804,N955JB,A321,AIRBUS A-321,0
landing,LGA,31,1789251416.71,2026-09-12T22:16:56Z,40.777049,-73.871259,300.9,ab1d06,N815MD,E170,EMBRAER ERJ-170-100,0
landing,JFK,13L,1789251421.29,2026-09-12T22:17:01Z,40.650368,-73.773896,120.9,ad4bcb,N956JT,A321,AIRBUS A-321,0
landing,LGA,13,1789251445.68,2026-09-12T22:17:25Z,40.777118,-73.867685,123.8,a1ecfd,N223JQ,E75L,EMBRAER ERJ-170-200 (long wing),0
landing,JFK,13L,1789251506.3,2026-09-12T22:18:26Z,40.65052,-73.774239,120.9,ac6f8a,N900DU,B739,BOEING 737-900,0
landing,LGA,31,1789251585.88,2026-09-12T22:19:45Z,40.777049,-73.871243,300.9,a866c7,N640RW,E170,EMBRAER ERJ-170-100,0
landing,JFK,22L,1789251621.48,2026-09-12T22:20:21Z,40.634122,-73.763549,209.6,02013f,CN-RGY,B789,BOEING 787-9 Dreamliner,0
landing,JFK,13L,1789251631.72,2026-09-12T22:20:31Z,40.651404,-73.776205,120.9,a1cf6b,N2157J,A21N,AIRBUS A-321neo,0
takeoff,LGA,13,1789251650.41,2026-09-12T22:20:50Z,40.780529,-73.874802,123.8,ac71ef,N9003B,NAVI,NORTH AMERICAN Navion,0
landing,JFK,13L,1789251737.56,2026-09-12T22:22:17Z,40.65089,-73.775055,120.9,add376,N990JL,A321,AIRBUS A-321,0
takeoff,JFK,13R,1789251737.99,2026-09-12T22:22:17Z,40.646164,-73.811859,120.9,a32095,N300NY,A21N,AIRBUS A-321neo,0
takeoff,LGA,13,1789251763.05,2026-09-12T22:22:43Z,40.781673,-73.877228,123.8,a20d0e,N231JQ,E75L,EMBRAER ERJ-170-200 (long wing),0
takeoff,JFK,13R,1789251807.78,2026-09-12T22:23:27Z,40.646051,-73.811599,120.9,3965b3,F-GZNT,B77W,BOEING 777-300ER,0
takeoff,JFK,13R,1789251885.89,2026-09-12T22:24:45Z,40.648075,-73.816055,120.9,a22358,N237JQ,E75L,EMBRAER ERJ-170-200 (long wing),0
takeoff,LGA,13,1789251897.34,2026-09-12T22:24:57Z,40.780109,-73.873959,123.8,accf1c,N924XJ,CRJ9,BOMBARDIER Regional Jet CRJ-900,0
landing,JFK,13L,1789251916.01,2026-09-12T22:25:16Z,40.649938,-73.772959,120.9,4408fd,OE-IFB,B744,BOEING 747-400,0
landing,JFK,13L,1789251916.5,2026-09-12T22:25:16Z,40.64986,-73.772781,120.9,4408fd,OE-IFB,B744,BOEING 747-400,0
landing,LGA,13,1789251921.41,2026-09-12T22:25:21Z,40.771614,-73.858612,137.8,a44291,N3739P,B738,BOEING 737-800,0
takeoff,JFK,13R,1789251977.77,2026-09-12T22:26:17Z,40.646225,-73.812004,120.9,a5fc87,N485PX,CRJ9,BOMBARDIER Regional Jet CRJ-900,0
takeoff,LGA,13,1789251996.81,2026-09-12T22:26:36Z,40.7799,-73.873505,123.8,a39d9b,N332DU,BCS3,,0
landing,JFK,13L,1789252071.61,2026-09-12T22:27:51Z,40.651532,-73.776486,120.9,aacf19,N796JB,A320,AIRBUS A-320,0
takeoff,LGA,13,1789252122.75,2026-09-12T22:28:42Z,40.78006,-73.873871,120.9,a44591,N3744F,B738,BOEING 737-800,0
landing,JFK,22L,1789252163.52,2026-09-12T22:29:23Z,40.634193,-73.763519,210.9,3965b0,F-GZNQ,B77W,BOEING 777-300ER,0
landing,LGA,31,1789252173.68,2026-09-12T22:29:33Z,40.777061,-73.871292,306.6,c0850c,C-GYJZ,DH8D,DE HAVILLAND DHC-8-400 Dash 8,0
takeoff,JFK,13R,1789252179.54,2026-09-12T22:29:39Z,40.646027,-73.811539,120.9,add734,N991JT,A321,AIRBUS A-321,0
landing,JFK,13L,1789252185.18,2026-09-12T22:29:45Z,40.651508,-73.776413,120.9,add3f4,N990PM,F900,DASSAULT Falcon 900,8
landing,LGA,13,1789252188.8,2026-09-12T22:29:48Z,40.777279,-73.868027,123.8,acf486,N934AA,A321,AIRBUS A-321,0
takeoff,LGA,13,1789252242.12,2026-09-12T22:30:42Z,40.780563,-73.874908,123.8,a7ef4b,N610FR,A21N,AIRBUS A-321neo,0
landing,JFK,13L,1789252261.39,2026-09-12T22:31:01Z,40.650159,-73.773427,123.8,ade252,N994JL,A321,AIRBUS A-321,0
landing,JFK,13L,1789252262.06,2026-09-12T22:31:02Z,40.650009,-73.773102,123.8,ade252,N994JL,A321,AIRBUS A-321,0
takeoff,JFK,13R,1789252337.86,2026-09-12T22:32:17Z,40.645935,-73.81134,120.9,a4008e,N357TY,B38M,,0
takeoff,LGA,13,1789252353.98,2026-09-12T22:32:33Z,40.780168,-73.874083,120.9,ac8217,N905DN,B739,BOEING 737-900,0
landing,JFK,13L,1789252387.18,2026-09-12T22:33:07Z,40.652149,-73.777906,120.9,a854d0,N636JB,A320,AIRBUS A-320,0
takeoff,LGA,13,1789252457.0,2026-09-12T22:34:17Z,40.781651,-73.877167,123.8,a06e71,N127HQ,E75L,EMBRAER ERJ-170-200 (long wing),0
landing,JFK,22L,1789252462.2,2026-09-12T22:34:22Z,40.636757,-73.76149,210.9,407e21,G-VLDY,A339,AIRBUS A-330-900,0
takeoff,JFK,13R,1789252476.66,2026-09-12T22:34:36Z,40.645876,-73.811209,120.9,4077d3,G-VTEA,A35K,AIRBUS A-350-1000,0
landing,JFK,13L,1789252549.15,2026-09-12T22:35:49Z,40.651382,-73.776123,120.9,a55f6c,N445YX,E75L,EMBRAER ERJ-170-200 (long wing),0
takeoff,JFK,13R,1789252577.98,2026-09-12T22:36:17Z,40.645841,-73.811131,120.9,a15ebc,N188DN,B763,BOEING 767-300,0
takeoff,LGA,13,1789252719.18,2026-09-12T22:38:39Z,40.780003,-73.873749,123.8,a4503d,N37700,B738,BOEING 737-800,0
landing,LGA,31,1789252763.18,2026-09-12T22:39:23Z,40.777016,-73.871216,303.8,a89d22,N654RW,E170,EMBRAER ERJ-170-100,0
landing,LGA,13,1789252764.16,2026-09-12T22:39:24Z,40.777176,-73.867783,123.8,a49206,N394DX,A321,AIRBUS A-321,0
landing,JFK,13L,1789252770.28,2026-09-12T22:39:30Z,40.650032,-73.773163,120.9,781e2b,B-222J,B77L,BOEING 777-200LR,0
landing,JFK,22L,1789252812.09,2026-09-12T22:40:12Z,40.63504,-73.762863,210.9,840df8,JA03WJ,A35K,AIRBUS A-350-1000,0
landing,JFK,13L,1789252838.65,2026-09-12T22:40:38Z,40.646958,-73.773849,165.9,ad2445,N946JL,A321,AIRBUS A-321,0
landing,JFK,22L,1789252967.82,2026-09-12T22:42:47Z,40.638626,-73.760053,210.9,a1b2ee,N2086J,A21N,AIRBUS A-321neo,0
landing,JFK,22L,1789252968.63,2026-09-12T22:42:48Z,40.638288,-73.760319,210.9,a1b2ee,N2086J,A21N,AIRBUS A-321neo,0
landing,LGA,13,1789252984.34,2026-09-12T22:43:04Z,40.7777,-73.868902,123.8,a400b2,N357VJ,CL35,BOMBARDIER BD-100 Challenger 350,8
landing,LGA,04,1789253075.41,2026-09-12T22:44:35Z,40.777748,-73.879547,348.8,ab2ae0,N819AW,A319,AIRBUS A-319,0
landing,JFK,22L,1789253087.61,2026-09-12T22:44:47Z,40.635856,-73.762207,210.9,4cadca,EI-HJS,A339,AIRBUS A-330-900,0
landing,LGA,13,1789253118.01,2026-09-12T22:45:18Z,40.777165,-73.867794,123.8,a3b02e,N337DU,BCS3,AIRBUS A220-300,0
landing,LGA,13,1789253215.61,2026-09-12T22:46:55Z,40.777479,-73.868419,120.9,c05ec7,C-GJXE,BCS3,AIRBUS A220-300,0
landing,LGA,31,1789253217.41,2026-09-12T22:46:57Z,40.776649,-73.870407,303.8,ad7ece,N969NN,B738,BOEING 737-800,0
takeoff,LGA,31,1789253223.96,2026-09-12T22:47:03Z,40.780724,-73.878372,345.9,a866c7,N640RW,E170,EMBRAER ERJ-170-100,0
landing,JFK,22L,1789253254.29,2026-09-12T22:47:34Z,40.634913,-73.762972,208.1,a2fe3c,N292PQ,CRJ9,BOMBARDIER Regional Jet CRJ-900,0
takeoff,LGA,13,1789253273.55,2026-09-12T22:47:53Z,40.779751,-73.873199,123.8,ab2ae0,N819AW,A319,AIRBUS A-319,0
landing,LGA,31,1789253292.52,2026-09-12T22:48:12Z,40.777014,-73.871196,300.9,abd41a,N861RW,E170,EMBRAER ERJ-170-100,0
landing,JFK,22L,1789253364.64,2026-09-12T22:49:24Z,40.635157,-73.762784,210.9,ac98c1,N910XJ,CRJ9,BOMBARDIER Regional Jet CRJ-900,0
landing,JFK,22L,1789253458.33,2026-09-12T22:50:58Z,40.63475,-73.763081,210.9,ad9642,N975AK,B39M,BOEING 737 MAX 9,0
landing,LGA,22,1789253471.31,2026-09-12T22:51:11Z,40.776816,-73.875457,210.9,a2b10b,N27251,B38M,BOEING 737 MAX 8,0
takeoff,JFK,22R,1789253499.89,2026-09-12T22:51:39Z,40.646679,-73.766342,210.9,ab4bf7,N827MH,B764,BOEING 767-400,0
landing,LGA,13,1789253561.89,2026-09-12T22:52:41Z,40.777665,-73.868809,118.1,a305aa,N294PQ,CRJ9,BOMBARDIER Regional Jet CRJ-900,0
landing,JFK,22L,1789253595.57,2026-09-12T22:53:15Z,40.639664,-73.759216,210.9,0d0fb1,XA-MLE,C68A,CESSNA 680 Citation Latitude,0
takeoff,LGA,13,1789253628.05,2026-09-12T22:53:48Z,40.780186,-73.8741,123.8,aafca8,N807JB,A320,AIRBUS A-320,0
takeoff,JFK,22R,1789253634.29,2026-09-12T22:53:54Z,40.6455,-73.767258,210.9,ac756c,N9011P,A319,AIRBUS A-319,0
landing,JFK,22L,1789253705.54,2026-09-12T22:55:05Z,40.63385,-73.763779,198.4,8963f7,A6-EOZ,A388,AIRBUS A-380-800,0
takeoff,JFK,22R,1789253710.62,2026-09-12T22:55:10Z,40.645189,-73.767497,210.9,a37c1c,N3232J,BCS3,,0
takeoff,JFK,22R,1789253765.2,2026-09-12T22:56:05Z,40.645924,-73.766922,210.9,a0b59d,N145DQ,BCS1,AIRBUS A220-100,0
takeoff,LGA,13,1789253798.23,2026-09-12T22:56:38Z,40.780424,-73.874645,123.8,acc95c,N923AN,B738,BOEING 737-800,0
landing,JFK,22L,1789253853.29,2026-09-12T22:57:33Z,40.635487,-73.762497,210.9,a5237f,N430DX,A339,,0
landing,LGA,31,1789253886.25,2026-09-12T22:58:06Z,40.776967,-73.871087,300.9,a071c2,N128DN,A321,AIRBUS A-321,0
landing,LGA,13,1789253900.71,2026-09-12T22:58:20Z,40.777485,-73.868439,120.9,a48ac4,N392FR,A20N,AIRBUS A-320neo,0
landing,JFK,22L,1789253997.42,2026-09-12T22:59:57Z,40.635155,-73.762756,210.9,a70f11,N554JB,A320,AIRBUS A-320,0
landing,JFK,22L,1789254089.91,2026-09-12T23:01:29Z,40.640301,-73.758774,210.9,a8592c,N637QS,C68A,CESSNA 680 Citation Latitude,0
takeoff,JFK,22R,1789254103.83,2026-09-12T23:01:43Z,40.646301,-73.766632,210.9,aa8315,N777AN,B772,BOEING 777-200,0
landing,JFK,22L,1789254163.52,2026-09-12T23:02:43Z,40.635181,-73.762738,210.9,4cc586,TF-IAE,A21N,AIRBUS A-321neo,0
landing,LGA,13,1789254238.4,2026-09-12T23:03:58Z,40.777596,-73.868668,123.8,abaa1a,N8503A,B738,BOEING 737-800,0
landing,JFK,22L,1789254241.71,2026-09-12T23:04:01Z,40.634692,-73.763097,210.9,a6cb48,N537JT,A320,AIRBUS A-320,0
landing,LGA,31,1789254254.17,2026-09-12T23:04:14Z,40.777061,-73.871277,300.9,a1ba59,N210JQ,E75L,EMBRAER ERJ-170-200 (long wing),0
landing,JFK,22R,1789254276.04,2026-09-12T23:04:36Z,40.630514,-73.778967,210.9,ab6fdd,N836NN,B738,BOEING 737-800,0
landing,LGA,31,1789254289.69,2026-09-12T23:04:49Z,40.77721,-73.870239,309.4,a42a5c,N368DN,A321,AIRBUS A-321,0
takeoff,LGA,13,1789254299.04,2026-09-12T23:04:59Z,40.78038,-73.874512,123.8,ac57af,N8948Q,B38M,,0
landing,JFK,22L,1789254322.51,2026-09-12T23:05:22Z,40.634029,-73.763674,213.8,a07bef,N130HQ,E75L,EMBRAER ERJ-170-200 (long wing),0
takeoff,JFK,22R,1789254375.28,2026-09-12T23:06:15Z,40.646225,-73.76667,210.9,44ccc7,OO-SFG,A333,AIRBUS A-330-300,0
landing,JFK,22L,1789254410.63,2026-09-12T23:06:50Z,40.638276,-73.760319,210.9,a9bf4b,N727TW,B752,BOEING 757-200,0
takeoff,LGA,13,1789254468.74,2026-09-12T23:07:48Z,40.77997,-73.873678,123.8,a42a5c,N368DN,A321,AIRBUS A-321,0
takeoff,JFK,22R,1789254479.68,2026-09-12T23:07:59Z,40.645969,-73.766889,210.9,4ca9bb,EI-LRB,A21N,AIRBUS A-321neo,0
landing,LGA,13,1789254489.95,2026-09-12T23:08:09Z,40.771843,-73.859207,143.4,a46e40,N385DZ,A321,AIRBUS A-321,0
landing,LGA,31,1789254547.47,2026-09-12T23:09:07Z,40.777714,-73.87291,281.2,a2348d,N241JQ,E75L,EMBRAER ERJ-170-200 (long wing),0
landing,JFK,22L,1789254551.65,2026-09-12T23:09:11Z,40.637043,-73.761255,210.9,a63863,N50JD,B350,BEECHCRAFT Super King Air 350,0
takeoff,JFK,22R,1789254561.44,2026-09-12T23:09:21Z,40.64498,-73.767653,210.9,a38e69,N3280J,BCS3,AIRBUS A220-300,0
takeoff,LGA,04,1789254575.96,2026-09-12T23:09:35Z,40.781616,-73.878647,348.8,ab1d06,N815MD,E170,EMBRAER ERJ-170-100,0
takeoff,LGA,31,1789254612.57,2026-09-12T23:10:12Z,40.780495,-73.878311,343.1,a71335,N555NL,K100,DAHER Kodiak 100,0
landing,JFK,22L,1789254618.43,2026-09-12T23:10:18Z,40.634424,-73.763346,208.1,a009a4,N101NN,A321,AIRBUS A-321,0
landing,JFK,22L,1789254701.69,2026-09-12T23:11:41Z,40.634471,-73.763284,209.6,485e2e,PH-BKH,B78X,BOEING 787-10 Dreamliner,0
landing,JFK,22R,1789254715.29,2026-09-12T23:11:55Z,40.631172,-73.778488,208.1,a4c527,N406YX,E75L,EMBRAER ERJ-170-200 (long wing),0
takeoff,JFK,22R,1789254836.48,2026-09-12T23:13:56Z,40.646377,-73.766577,210.9,a1a435,N2047J,A21N,AIRBUS A-321neo,0
landing,LGA,31,1789254846.63,2026-09-12T23:14:06Z,40.773457,-73.863968,303.8,ac1951,N879RW,E170,EMBRAER ERJ-170-100,0
landing,JFK,22L,1789254850.76,2026-09-12T23:14:10Z,40.634834,-73.763,210.9,a874e1,N644JB,A320,AIRBUS A-320,0
takeoff,JFK,22R,1789254900.78,2026-09-12T23:15:00Z,40.646095,-73.7668,210.9,ad56e0,N959JB,A321,AIRBUS A-321,0
landing,JFK,22L,1789254933.03,2026-09-12T23:15:33Z,40.633912,-73.763736,210.9,4ca615,EI-FNH,A333,AIRBUS A-330-300,0
takeoff,LGA,13,1789254960.83,2026-09-12T23:16:00Z,40.781878,-73.877626,123.8,abd41a,N861RW,E170,EMBRAER ERJ-170-100,0
landing,JFK,22R,1789255026.31,2026-09-12T23:17:06Z,40.632213,-73.777641,208.1,a369ee,N319TE,B38M,BOEING 737 MAX 8,0
landing,LGA,13,1789255096.06,2026-09-12T23:18:16Z,40.779785,-73.873306,120.9,c07a7c,C-GUJZ,DH8D,DE HAVILLAND DHC-8-400 Dash 8,0
takeoff,JFK,22R,1789255102.85,2026-09-12T23:18:22Z,40.645201,-73.767482,210.9,a387f0,N3267J,BCS3,,0
landing,JFK,22L,1789255115.14,2026-09-12T23:18:35Z,40.633942,-73.763748,216.6,a50192,N421YX,E75L,EMBRAER ERJ-170-200 (long wing),0
landing,JFK,22L,1789255117.59,2026-09-12T23:18:37Z,40.63353,-73.764175,222.2,a50192,N421YX,E75L,EMBRAER ERJ-170-200 (long wing),0
takeoff,JFK,22R,1789255159.76,2026-09-12T23:19:19Z,40.646982,-73.766108,210.9,acf89f,N935DZ,B739,,0
landing,JFK,22L,1789255220.25,2026-09-12T23:20:20Z,40.634832,-73.763019,210.9,407993,G-STBN,B77W,BOEING 777-300ER,0
takeoff,JFK,22R,1789255228.38,2026-09-12T23:20:28Z,40.646152,-73.766739,210.9,a41c56,N364NB,A319,AIRBUS A-319,0
takeoff,LGA,13,1789255258.45,2026-09-12T23:20:58Z,40.780518,-73.874786,123.8,a2b10b,N27251,B38M,BOEING 737 MAX 8,0
takeoff,JFK,22R,1789255286.82,2026-09-12T23:21:26Z,40.6464,-73.766561,210.9,407995,G-STBP,B77W,BOEING 777-300ER,0
landing,LGA,13,1789255332.67,2026-09-12T23:22:12Z,40.777328,-73.868138,120.9,c080dc,C-GWUT,BCS3,AIRBUS A220-300,0
landing,JFK,22L,1789255339.25,2026-09-12T23:22:19Z,40.635887,-73.762177,209.6,c8243a,ZK-NZM,B789,BOEING 787-9 Dreamliner,0
landing,LGA,31,1789255343.6,2026-09-12T23:22:23Z,40.776979,-73.871087,300.9,a837a5,N62894,B739,BOEING 737-900,0
takeoff,JFK,22R,1789255355.64,2026-09-12T23:22:35Z,40.646278,-73.766663,210.9,400683,G-VIIK,B772,BOEING 777-200,0
takeoff,LGA,13,1789255476.32,2026-09-12T23:24:36Z,40.780261,-73.874271,114.0,a8024a,N615KZ,BE40,BEECH 400 Beechjet,8
landing,JFK,22L,1789255505.93,2026-09-12T23:25:05Z,40.634541,-73.763253,210.9,a1c935,N214JQ,E75L,EMBRAER ERJ-170-200 (long wing),0
takeoff,JFK,22R,1789255520.35,2026-09-12T23:25:20Z,40.646484,-73.766495,210.9,a7a8ed,N593DX,A21N,,0
takeoff,JFK,22R,1789255597.3,2026-09-12T23:26:37Z,40.645364,-73.767357,210.9,a9ddb0,N735AT,B77W,BOEING 777-300ER,0
takeoff,LGA,13,1789255618.71,2026-09-12T23:26:58Z,40.781673,-73.877213,123.8,a1ba59,N210JQ,E75L,EMBRAER ERJ-170-200 (long wing),0
takeoff,JFK,22R,1789255729.91,2026-09-12T23:28:49Z,40.646255,-73.766663,210.9,a6ee8e,N546DN,A21N,AIRBUS A-321neo,0
takeoff,JFK,22R,1789255802.76,2026-09-12T23:30:02Z,40.645123,-73.767548,210.9,47880d,LN-RKT,A333,AIRBUS A-330-300,0
landing,LGA,31,1789255828.42,2026-09-12T23:30:28Z,40.77706,-73.871274,300.9,ac0418,N87319,E75L,EMBRAER ERJ-170-200 (long wing),0
landing,JFK,22L,1789255842.35,2026-09-12T23:30:42Z,40.634052,-73.763612,209.6,040049,ET-AOS,B788,BOEING 787-8 Dreamliner,0
takeoff,LGA,13,1789255861.49,2026-09-12T23:31:01Z,40.781459,-73.876783,123.8,a1ecfd,N223JQ,E75L,EMBRAER ERJ-170-200 (long wing),0
takeoff,JFK,22R,1789255864.47,2026-09-12T23:31:04Z,40.64526,-73.767441,210.9,407699,G-VPRD,A35K,AIRBUS A-350-1000,0
takeoff,JFK,22R,1789255979.84,2026-09-12T23:32:59Z,40.645818,-73.766998,210.9,ac91d4,N909NN,B738,BOEING 737-800,0
takeoff,LGA,13,1789256008.62,2026-09-12T23:33:28Z,40.780051,-73.873834,123.8,a071c2,N128DN,A321,AIRBUS A-321,0
takeoff,JFK,22R,1789256048.11,2026-09-12T23:34:08Z,40.646109,-73.766779,210.9,3965a3,F-GZND,B77W,BOEING 777-300ER,0
landing,JFK,22L,1789256056.95,2026-09-12T23:34:16Z,40.635841,-73.762207,210.9,ac74f9,N901XJ,CRJ9,BOMBARDIER Regional Jet CRJ-900,0
takeoff,LGA,13,1789256080.1,2026-09-12T23:34:40Z,40.780144,-73.874021,123.8,a837a5,N62894,B739,BOEING 737-900,0
takeoff,JFK,22R,1789256107.36,2026-09-12T23:35:07Z,40.645189,-73.767482,210.9,abac50,N851NW,A332,AIRBUS A-330-200,0
takeoff,LGA,31,1789256159.9,2026-09-12T23:35:59Z,40.781216,-73.878525,345.9,ac0418,N87319,E75L,EMBRAER ERJ-170-200 (long wing),0
landing,JFK,22L,1789256164.3,2026-09-12T23:36:04Z,40.635774,-73.762269,210.9,a3514f,N3125J,BCS3,,0
takeoff,JFK,22R,1789256176.75,2026-09-12T23:36:16Z,40.645015,-73.767607,210.9,4d0131,LX-NCL,B744,BOEING 747-400,0
landing,JFK,22L,1789256292.31,2026-09-12T23:38:12Z,40.634445,-73.763306,208.1,a0428a,N116AN,A321,AIRBUS A-321,0
takeoff,JFK,22R,1789256298.56,2026-09-12T23:38:18Z,40.646954,-73.766113,210.9,a641bf,N502DX,A21N,AIRBUS A-321neo,0
takeoff,JFK,22R,1789256365.63,2026-09-12T23:39:25Z,40.644997,-73.767639,209.6,40742e,G-CKOF,B789,BOEING 787-9 Dreamliner,0
landing,JFK,22R,1789256366.28,2026-09-12T23:39:26Z,40.644756,-73.767822,209.6,40742e,G-CKOF,B789,BOEING 787-9 Dreamliner,0
takeoff,JFK,22R,1789256366.28,2026-09-12T23:39:26Z,40.644756,-73.767822,209.6,40742e,G-CKOF,B789,BOEING 787-9 Dreamliner,0
takeoff,LGA,04,1789256405.9,2026-09-12T23:40:05Z,40.780587,-73.878344,351.6,a2348d,N241JQ,E75L,EMBRAER ERJ-170-200 (long wing),0
takeoff,LGA,13,1789256447.43,2026-09-12T23:40:47Z,40.780552,-73.874879,123.8,a45316,N378SC,B38M,BOEING 737 MAX 8,0
takeoff,JFK,22R,1789256459.13,2026-09-12T23:40:59Z,40.646004,-73.766846,210.9,a13386,N177DN,B763,BOEING 767-300,0
landing,JFK,22L,1789256483.38,2026-09-12T23:41:23Z,40.635727,-73.762314,210.9,461f09,OH-LTP,A333,AIRBUS A-330-300,0
takeoff,JFK,22R,1789256543.81,2026-09-12T23:42:23Z,40.646645,-73.766357,213.8,a61173,N490PX,CRJ9,BOMBARDIER Regional Jet CRJ-900,0
landing,LGA,31,1789256585.61,2026-09-12T23:43:05Z,40.777107,-73.871368,300.9,a08e3c,N135EV,CRJ9,BOMBARDIER Regional Jet CRJ-900,0
takeoff,JFK,22R,1789256602.66,2026-09-12T23:43:22Z,40.646427,-73.76651,208.1,0d0e2c,XA-MFN,B38M,BOEING 737 MAX 8,0
landing,LGA,31,1789256626.04,2026-09-12T23:43:46Z,40.776897,-73.870947,303.8,ad3fd9,N953AN,B738,BOEING 737-800,0
landing,JFK,22L,1789256641.46,2026-09-12T23:44:01Z,40.634948,-73.762909,210.9,a19d0d,N2029J,A21N,AIRBUS A-321neo,0
takeoff,JFK,22R,1789256677.86,2026-09-12T23:44:37Z,40.64761,-73.765578,210.9,a02c40,N110AN,A321,AIRBUS A-321,0
takeoff,JFK,22R,1789256739.0,2026-09-12T23:45:39Z,40.645271,-73.767441,208.1,a7cc00,N601LR,CRJ9,BOMBARDIER Regional Jet CRJ-900,0
landing,JFK,22L,1789256768.65,2026-09-12T23:46:08Z,40.63583,-73.762222,210.9,4951ef,CS-TOO,A332,AIRBUS A-330-200,0
takeoff,JFK,22R,1789256794.97,2026-09-12T23:46:34Z,40.645958,-73.766907,208.1,a178de,N194UW,A321,AIRBUS A-321,0
takeoff,LGA,13,1789256828.68,2026-09-12T23:47:08Z,40.780128,-73.873978,123.8,ab83e8,N841DN,B739,BOEING 737-900,0
takeoff,JFK,22R,1789256851.47,2026-09-12T23:47:31Z,40.646644,-73.766343,210.9,acab54,N915XJ,CRJ9,BOMBARDIER Regional Jet CRJ-900,0
landing,LGA,31,1789256872.58,2026-09-12T23:47:52Z,40.777072,-73.871306,303.8,a1dd2d,N219YX,E75L,EMBRAER ERJ-170-200 (long wing),0
takeoff,JFK,22R,1789256909.55,2026-09-12T23:48:29Z,40.646283,-73.766623,210.9,ac92b1,N909XJ,CRJ9,BOMBARDIER Regional Jet CRJ-900,0
landing,JFK,22L,1789256913.46,2026-09-12T23:48:33Z,40.63603,-73.762067,210.9,ab6519,N833SK,CRJ9,BOMBARDIER Regional Jet CRJ-900,0
takeoff,LGA,13,1789256945.44,2026-09-12T23:49:05Z,40.780598,-73.874985,137.8,c0850c,C-GYJZ,DH8D,DE HAVILLAND DHC-8-400 Dash 8,0
takeoff,JFK,22R,1789256970.29,2026-09-12T23:49:30Z,40.645341,-73.767372,208.1,a0be05,N147PQ,CRJ9,BOMBARDIER Regional Jet CRJ-900,0
landing,JFK,22L,1789256986.34,2026-09-12T23:49:46Z,40.63596,-73.762098,210.9,a7c849,N600LR,CRJ9,BOMBARDIER Regional Jet CRJ-900,0
landing,LGA,31,1789257029.72,2026-09-12T23:50:29Z,40.77706,-73.871259,303.8,a35e6f,N316PQ,CRJ9,BOMBARDIER Regional Jet CRJ-900,0
takeoff,JFK,22R,1789257032.08,2026-09-12T23:50:32Z,40.646027,-73.766846,210.9,ad2445,N946JL,A321,AIRBUS A-321,0
landing,JFK,22L,1789257072.22,2026-09-12T23:51:12Z,40.637283,-73.761093,210.9,a198ed,N2016J,A21N,AIRBUS A-321neo,0
takeoff,JFK,22R,1789257095.51,2026-09-12T23:51:35Z,40.646416,-73.766556,210.9,406590,G-STBD,B77W,BOEING 777-300ER,0
landing,LGA,04,1789257095.66,2026-09-12T23:51:35Z,40.777759,-73.879499,354.4,a93d7c,N695CA,CRJ9,BOMBARDIER Regional Jet CRJ-900,0
landing,LGA,13,1789257123.44,2026-09-12T23:52:03Z,40.772758,-73.860992,146.2,a4ddca,N412YX,E75L,EMBRAER ERJ-170-200 (long wing),0
takeoff,JFK,22R,1789257165.47,2026-09-12T23:52:45Z,40.645157,-73.767502,210.9,ab4fd4,N828NW,A333,AIRBUS A-330-300,0
landing,JFK,22R,1789257166.29,2026-09-12T23:52:46Z,40.64484,-73.767747,210.9,ab4fd4,N828NW,A333,AIRBUS A-330-300,0
takeoff,JFK,22R,1789257166.29,2026-09-12T23:52:46Z,40.64484,-73.767747,210.9,ab4fd4,N828NW,A333,AIRBUS A-330-300,0
takeoff,LGA,04,1789257170.87,2026-09-12T23:52:50Z,40.781628,-73.878647,348.8,a89d22,N654RW,E170,EMBRAER ERJ-170-100,0
landing,JFK,22L,1789257185.32,2026-09-12T23:53:05Z,40.635681,-73.762347,210.9,789231,B-LXK,A35K,AIRBUS A-350-1000,0
landing,JFK,22L,1789257277.87,2026-09-12T23:54:37Z,40.63731,-73.761068,210.9,3c64ef,D-AIGO,A343,AIRBUS A-340-300,0
takeoff,LGA,13,1789257297.04,2026-09-12T23:54:57Z,40.781582,-73.877029,123.8,a23fb2,N244JQ,E75L,EMBRAER ERJ-170-200 (long wing),0
takeoff,JFK,22R,1789257321.91,2026-09-12T23:55:21Z,40.644093,-73.768326,208.1,a3362f,N306FX,E55P,,0
takeoff,LGA,13,1789257372.23,2026-09-12T23:56:12Z,40.780437,-73.874603,126.6,a39113,N329PQ,CRJ9,BOMBARDIER Regional Jet CRJ-900,0
takeoff,JFK,22R,1789257397.94,2026-09-12T23:56:37Z,40.645191,-73.767487,210.9,408121,G-VPIE,A339,AIRBUS A-330-900,0
landing,JFK,22L,1789257420.57,2026-09-12T23:57:00Z,40.635879,-73.762207,208.1,a091f3,N136EV,CRJ9,BOMBARDIER Regional Jet CRJ-900,0
landing,LGA,31,1789257423.93,2026-09-12T23:57:03Z,40.776979,-73.871103,303.8,a362b2,N317VE,B38M,BOEING 737 MAX 8,0
takeoff,JFK,22R,1789257460.19,2026-09-12T23:57:40Z,40.64619,-73.766701,210.9,aa6ccb,N771AN,B772,BOEING 777-200,0
takeoff,LGA,13,1789257497.76,2026-09-12T23:58:17Z,40.780389,-73.874536,126.6,a08e3c,N135EV,CRJ9,BOMBARDIER Regional Jet CRJ-900,0
landing,JFK,22L,1789257520.85,2026-09-12T23:58:40Z,40.637404,-73.76099,210.9,a33843,N3062J,BCS3,AIRBUS A220-300,0
landing,JFK,22R,1789257558.92,2026-09-12T23:59:18Z,40.633773,-73.776424,210.9,adde95,N993JE,A321,AIRBUS A-321,0
landing,JFK,22L,1789257578.52,2026-09-12T23:59:38Z,40.63583,-73.762222,209.6,44012f,OE-LPL,B789,BOEING 787-9 Dreamliner,0
