type,airport,runway,timestamp,timestamp_iso,lat,lon,track_deg,icao,registration,aircraft_type,description,db_flags
takeoff,JFK,04L,1788825607.96,2026-09-08T00:00:07Z,40.626347,-73.782229,30.9,a6d234,N539DN,A21N,,0
takeoff,LGA,31,1788825609.89,2026-09-08T00:00:09Z,40.777737,-73.873322,300.9,c06081,C-GKOE,A320,AIRBUS A-320,0
takeoff,LGA,22,1788825677.07,2026-09-08T00:01:17Z,40.774593,-73.878156,213.8,a3c51a,N342DU,,,0
landing,LGA,31,1788825690.05,2026-09-08T00:01:30Z,40.777991,-73.869511,300.9,a062ef,N124DX,A321,AIRBUS A-321,0
landing,JFK,04R,1788825701.27,2026-09-08T00:01:41Z,40.635967,-73.762131,30.9,8418b4,JA06WJ,A35K,AIRBUS A-350-1000,0
landing,JFK,04L,1788825742.39,2026-09-08T00:02:22Z,40.633307,-73.776814,30.9,aded77,N997JL,A321,AIRBUS A-321,0
landing,LGA,31,1788825774.2,2026-09-08T00:02:54Z,40.777439,-73.868362,300.9,a1239d,N17245,B738,BOEING 737-800,0
landing,JFK,04R,1788825778.57,2026-09-08T00:02:58Z,40.63695,-73.761349,30.9,3965aa,F-GZNK,B77W,BOEING 777-300ER,0
takeoff,JFK,04L,1788825854.47,2026-09-08T00:04:14Z,40.627991,-73.780945,30.9,a39fe4,N3322J,,,0
takeoff,LGA,04,1788825860.89,2026-09-08T00:04:20Z,40.769484,-73.883931,8.4,a42e13,N369DN,A321,AIRBUS A-321,0
landing,LGA,31,1788825871.39,2026-09-08T00:04:31Z,40.777375,-73.868216,303.8,ade66f,N995NN,B738,BOEING 737-800,0
landing,JFK,04R,1788825917.49,2026-09-08T00:05:17Z,40.637811,-73.760678,30.9,a01880,N105NN,A321,AIRBUS A-321,0
takeoff,JFK,04L,1788825924.6,2026-09-08T00:05:24Z,40.626569,-73.782057,30.9,ac7b1b,N903JB,A321,AIRBUS A-321,0
takeoff,LGA,13,1788825961.36,2026-09-08T00:06:01Z,40.776901,-73.869858,165.9,ade66f,N995NN,B738,BOEING 737-800,0
takeoff,JFK,04L,1788825973.25,2026-09-08T00:06:13Z,40.623482,-73.784454,30.9,a1e1d8,N220JQ,E75L,EMBRAER ERJ-170-200 (long wing),0
landing,LGA,31,1788825978.64,2026-09-08T00:06:18Z,40.779041,-73.871735,300.9,a51425,N426YX,E75L,EMBRAER ERJ-170-200 (long wing),0
landing,JFK,04R,1788825986.72,2026-09-08T00:06:26Z,40.636065,-73.762051,30.9,a39925,N3307J,BCS3,AIRBUS A220-300,0
takeoff,LGA,13,1788825991.89,2026-09-08T00:06:31Z,40.775425,-73.86647,120.9,a062ef,N124DX,A321,AIRBUS A-321,0
takeoff,LGA,22,1788826041.84,2026-09-08T00:07:21Z,40.770787,-73.881293,210.9,a37389,N321RL,B38M,BOEING 737 MAX 8,0
takeoff,JFK,04L,1788826052.75,2026-09-08T00:07:32Z,40.626871,-73.781823,30.9,ac801e,N904XJ,CRJ9,BOMBARDIER Regional Jet CRJ-900,0
landing,JFK,04R,1788826067.66,2026-09-08T00:07:47Z,40.63731,-73.76113,30.9,ab8862,N842MH,B764,BOEING 767-400,0
landing,LGA,31,1788826079.2,2026-09-08T00:07:59Z,40.778515,-73.870667,303.8,ac76a7,N902AN,B738,BOEING 737-800,0
takeoff,JFK,04L,1788826120.0,2026-09-08T00:08:40Z,40.627338,-73.781433,30.9,400773,G-VIIV,B772,BOEING 777-200,0
takeoff,LGA,22,1788826139.22,2026-09-08T00:08:59Z,40.772196,-73.880138,213.8,ab282b,N818MD,E170,EMBRAER ERJ-170-100,0
landing,JFK,04R,1788826157.4,2026-09-08T00:09:17Z,40.635544,-73.762436,30.9,a3578a,N314VB,B38M,BOEING 737 MAX 8,0
takeoff,JFK,31L,1788826196.61,2026-09-08T00:09:56Z,40.635309,-73.787925,300.9,a7b832,N597JB,A320,AIRBUS A-320,0
landing,LGA,31,1788826224.59,2026-09-08T00:10:24Z,40.778073,-73.869792,292.5,c08861,C-GZQU,E295,EMBRAER ERJ-190-400,0
landing,JFK,04R,1788826257.79,2026-09-08T00:10:57Z,40.636438,-73.761739,28.1,a2000d,N228PQ,CRJ9,BOMBARDIER Regional Jet CRJ-900,0
takeoff,JFK,04L,1788826281.82,2026-09-08T00:11:21Z,40.626976,-73.781714,30.9,aa9f6f,N784AN,B772,BOEING 777-200,0
landing,JFK,04R,1788826340.86,2026-09-08T00:12:20Z,40.638084,-73.760437,25.3,a091f3,N136EV,CRJ9,BOMBARDIER Regional Jet CRJ-900,0
takeoff,LGA,22,1788826351.89,2026-09-08T00:12:31Z,40.772242,-73.880092,210.9,c06197,C-GKYW,E295,EMBRAER ERJ-190-400,0
takeoff,JFK,31L,1788826354.08,2026-09-08T00:12:34Z,40.635361,-73.78801,300.9,aca5e5,N914DU,B739,BOEING 737-900,0
takeoff,JFK,04L,1788826361.64,2026-09-08T00:12:41Z,40.626697,-73.781932,30.9,a4bbde,N404DX,A339,AIRBUS A-330-900,0
takeoff,LGA,04,1788826370.09,2026-09-08T00:12:50Z,40.769588,-73.883789,33.8,a0345f,N112HQ,E75L,EMBRAER ERJ-170-200 (long wing),0
takeoff,LGA,22,1788826388.96,2026-09-08T00:13:08Z,40.772207,-73.880123,210.9,a35e6f,N316PQ,CRJ9,BOMBARDIER Regional Jet CRJ-900,0
landing,JFK,04R,1788826464.73,2026-09-08T00:14:24Z,40.635635,-73.76239,30.9,a19910,N2017J,A21N,AIRBUS A-321neo,0
takeoff,LGA,04,1788826475.15,2026-09-08T00:14:35Z,40.773342,-73.880692,30.9,ac4d1a,N892DN,B739,BOEING 737-900,0
takeoff,JFK,04L,1788826511.09,2026-09-08T00:15:11Z,40.626457,-73.782135,30.9,a4c9d5,N4076J,A21N,AIRBUS A-321neo,0
landing,LGA,31,1788826524.01,2026-09-08T00:15:24Z,40.777375,-73.8682,300.9,acd2d3,N925XJ,CRJ9,BOMBARDIER Regional Jet CRJ-900,0
takeoff,JFK,31L,1788826550.63,2026-09-08T00:15:50Z,40.635338,-73.787933,300.9,a69463,N523DE,A21N,,0
takeoff,LGA,22,1788826563.07,2026-09-08T00:16:03Z,40.772278,-73.880066,213.8,a1d45a,N217JQ,E75L,EMBRAER ERJ-170-200 (long wing),0
takeoff,JFK,04L,1788826575.79,2026-09-08T00:16:15Z,40.626336,-73.782229,30.9,a7a17b,N591DT,A21N,AIRBUS A-321neo,0
landing,JFK,04R,1788826590.0,2026-09-08T00:16:30Z,40.6361,-73.76202,30.9,347386,EC-NXC,A359,AIRBUS A-350-900,0
takeoff,JFK,04L,1788826636.89,2026-09-08T00:17:16Z,40.626869,-73.781799,30.9,acc9b2,N923DZ,B739,BOEING 737-900,0
takeoff,JFK,04L,1788826707.62,2026-09-08T00:18:27Z,40.627569,-73.781246,30.9,a360b7,N3169J,BCS3,AIRBUS A220-300,0
landing,JFK,04R,1788826725.18,2026-09-08T00:18:45Z,40.636961,-73.761364,30.9,a39289,N3293J,BCS3,AIRBUS A220-300,0
takeoff,JFK,31L,1788826737.29,2026-09-08T00:18:57Z,40.635715,-73.788803,298.1,ab6519,N833SK,CRJ9,BOMBARDIER Regional Jet CRJ-900,0
landing,LGA,31,1788826750.54,2026-09-08T00:19:10Z,40.777737,-73.86908,295.3,abdb88,N863RW,E170,EMBRAER ERJ-170-100,0
takeoff,JFK,04L,1788826774.81,2026-09-08T00:19:34Z,40.627075,-73.781647,32.5,e8026c,CC-BBE,B788,BOEING 787-8 Dreamliner,0
landing,JFK,04R,1788826804.37,2026-09-08T00:20:04Z,40.631852,-73.765344,30.9,a39dd0,N332FX,E545,EMBRAER EMB545 Praetor 500,0
landing,LGA,31,1788826843.1,2026-09-08T00:20:43Z,40.777037,-73.867513,300.9,ac75dc,N9014W,,,0
takeoff,JFK,04L,1788826843.47,2026-09-08T00:20:43Z,40.626871,-73.781792,30.9,abac50,N851NW,A332,AIRBUS A-330-200,0
takeoff,LGA,13,1788826853.22,2026-09-08T00:20:53Z,40.775597,-73.866837,120.9,abdb88,N863RW,E170,EMBRAER ERJ-170-100,0
takeoff,JFK,31L,1788826908.11,2026-09-08T00:21:48Z,40.63546,-73.78819,300.9,a01112,N103NN,A321,AIRBUS A-321,0
takeoff,JFK,04L,1788826924.03,2026-09-08T00:22:04Z,40.627022,-73.781683,30.9,4bb145,TC-LJE,B77W,BOEING 777-300ER,0
landing,LGA,31,1788826930.79,2026-09-08T00:22:10Z,40.777828,-73.869171,295.3,a17c12,N195PQ,CRJ9,BOMBARDIER Regional Jet CRJ-900,0
takeoff,LGA,22,1788826964.25,2026-09-08T00:22:44Z,40.772324,-73.880029,210.9,a8a0d9,N655RW,E170,EMBRAER ERJ-170-100,0
landing,JFK,04R,1788826980.71,2026-09-08T00:23:00Z,40.637707,-73.760803,30.9,ada5ee,N979JT,A321,AIRBUS A-321,0
takeoff,LGA,13,1788827025.95,2026-09-08T00:23:45Z,40.776833,-73.869461,115.3,a17c12,N195PQ,CRJ9,BOMBARDIER Regional Jet CRJ-900,0
takeoff,LGA,22,1788827081.09,2026-09-08T00:24:41Z,40.770159,-73.881917,225.0,a517dc,N427YX,E75L,EMBRAER ERJ-170-200 (long wing),0
landing,LGA,31,1788827081.47,2026-09-08T00:24:41Z,40.777439,-73.868378,303.8,aafd17,N807NN,B738,BOEING 737-800,0
takeoff,LGA,22,1788827089.09,2026-09-08T00:24:49Z,40.772221,-73.880112,210.9,a52cc8,N432YX,E75L,EMBRAER ERJ-170-200 (long wing),0
takeoff,JFK,31L,1788827096.64,2026-09-08T00:24:56Z,40.636217,-73.789938,300.9,a386fb,N3260J,BCS3,,0
takeoff,JFK,04L,1788827114.71,2026-09-08T00:25:14Z,40.626545,-73.782073,30.9,a7b0c4,N595JB,A320,AIRBUS A-320,0
takeoff,LGA,22,1788827146.61,2026-09-08T00:25:46Z,40.772184,-73.880154,210.9,a0acbb,N14219,B738,BOEING 737-800,0
landing,JFK,04R,1788827188.79,2026-09-08T00:26:28Z,40.635498,-73.762512,30.9,a014c9,N104NN,A321,AIRBUS A-321,0
takeoff,LGA,22,1788827198.41,2026-09-08T00:26:38Z,40.777223,-73.875987,213.8,a1c57e,N213JQ,E75L,EMBRAER ERJ-170-200 (long wing),0
landing,LGA,31,1788827204.31,2026-09-08T00:26:44Z,40.777247,-73.867966,303.8,c052e0,C-GFJZ,CRJ9,BOMBARDIER Regional Jet CRJ-900,0
takeoff,LGA,22,1788827211.96,2026-09-08T00:26:51Z,40.77365,-73.882464,174.4,a15743,,,,
takeoff,LGA,22,1788827227.99,2026-09-08T00:27:07Z,40.772207,-73.880138,210.9,ab8c37,N843NN,B738,BOEING 737-800,0
takeoff,JFK,04L,1788827240.52,2026-09-08T00:27:20Z,40.626526,-73.782089,30.9,a64996,N504JB,A320,AIRBUS A-320,0
landing,LGA,31,1788827271.78,2026-09-08T00:27:51Z,40.777336,-73.868149,295.3,a1584a,N186PQ,CRJ9,BOMBARDIER Regional Jet CRJ-900,0
takeoff,JFK,04L,1788827319.99,2026-09-08T00:28:39Z,40.626034,-73.782471,30.9,a75634,N572DT,A21N,AIRBUS A-321neo,0
landing,JFK,04R,1788827336.53,2026-09-08T00:28:56Z,40.636024,-73.762085,28.1,ac8289,N905JB,A321,AIRBUS A-321,0
landing,LGA,31,1788827369.01,2026-09-08T00:29:29Z,40.777576,-73.868622,303.8,a1d0a3,N216JQ,E75L,EMBRAER ERJ-170-200 (long wing),0
takeoff,LGA,22,1788827410.45,2026-09-08T00:30:10Z,40.772172,-73.880154,210.9,accb65,N923XJ,CRJ9,BOMBARDIER Regional Jet CRJ-900,0
takeoff,JFK,04L,1788827410.77,2026-09-08T00:30:10Z,40.62727,-73.781509,30.9,aae6d5,N801NW,A333,AIRBUS A-330-300,0
landing,JFK,04R,1788827434.88,2026-09-08T00:30:34Z,40.637283,-73.761093,30.9,71c346,HL8346,B77W,BOEING 777-300ER,0
landing,LGA,31,1788827448.26,2026-09-08T00:30:48Z,40.777386,-73.868247,300.9,a32ad5,N303DU,BCS3,AIRBUS A220-300,0
takeoff,JFK,31L,1788827483.74,2026-09-08T00:31:23Z,40.635452,-73.788177,300.9,ad734a,N966JT,A321,AIRBUS A-321,0
takeoff,JFK,04L,1788827495.01,2026-09-08T00:31:35Z,40.62679,-73.78187,30.9,40808c,G-VNVR,A35K,AIRBUS A-350-1000,0
takeoff,JFK,04L,1788827495.5,2026-09-08T00:31:35Z,40.626964,-73.78173,30.9,40808c,G-VNVR,A35K,AIRBUS A-350-1000,0
takeoff,JFK,04L,1788827496.59,2026-09-08T00:31:36Z,40.62727,-73.781494,30.9,40808c,G-VNVR,A35K,AIRBUS A-350-1000,0
takeoff,LGA,13,1788827546.73,2026-09-08T00:32:26Z,40.776979,-73.869745,123.8,a32ad5,N303DU,BCS3,AIRBUS A220-300,0
landing,JFK,04R,1788827580.3,2026-09-08T00:33:00Z,40.634319,-73.763412,30.9,a1a435,N2047J,A21N,AIRBUS A-321neo,0
landing,LGA,31,1788827596.85,2026-09-08T00:33:16Z,40.779062,-73.871805,298.1,a866c7,N640RW,E170,EMBRAER ERJ-170-100,0
takeoff,LGA,22,1788827597.11,2026-09-08T00:33:17Z,40.772198,-73.880142,210.9,ac8b43,N907XJ,CRJ9,BOMBARDIER Regional Jet CRJ-900,0
takeoff,JFK,04L,1788827604.29,2026-09-08T00:33:24Z,40.626429,-73.782151,30.9,aa4d77,N763JB,A320,AIRBUS A-320,0
takeoff,LGA,04,1788827609.68,2026-09-08T00:33:29Z,40.772198,-73.881638,30.9,a0540a,N120DN,A321,AIRBUS A-321,0
landing,JFK,04R,1788827658.69,2026-09-08T00:34:18Z,40.635201,-73.762726,28.1,a7a956,N593JB,A320,AIRBUS A-320,0
takeoff,JFK,04L,1788827665.73,2026-09-08T00:34:25Z,40.627092,-73.781636,30.9,ab0356,N809AK,B38M,,0
landing,LGA,31,1788827686.88,2026-09-08T00:34:46Z,40.778748,-73.871087,300.9,a046f2,N117HQ,E75L,EMBRAER ERJ-170-200 (long wing),0
takeoff,JFK,04L,1788827719.55,2026-09-08T00:35:19Z,40.626686,-73.781952,30.9,ad2baa,N948JB,A321,AIRBUS A-321,0
landing,JFK,04R,1788827740.69,2026-09-08T00:35:40Z,40.637485,-73.760943,30.9,a3e07a,N349TV,B38M,BOEING 737 MAX 8,0
landing,LGA,31,1788827760.86,2026-09-08T00:36:00Z,40.778709,-73.871033,300.9,a05bde,N122HQ,E75L,EMBRAER ERJ-170-200 (long wing),0
takeoff,JFK,04L,1788827796.94,2026-09-08T00:36:36Z,40.628,-73.780918,30.9,ab4c1d,N827NW,A333,AIRBUS A-330-300,0
landing,JFK,04R,1788827820.12,2026-09-08T00:37:00Z,40.634663,-73.763153,30.9,a6d83c,N540DE,A21N,AIRBUS A-321neo,0
landing,LGA,31,1788827826.83,2026-09-08T00:37:06Z,40.777828,-73.869214,303.8,a3dc5a,N348PQ,CRJ9,BOMBARDIER Regional Jet CRJ-900,0
landing,LGA,31,1788827918.61,2026-09-08T00:38:38Z,40.778114,-73.869751,300.9,aa739e,N77259,B38M,BOEING 737 MAX 8,0
landing,JFK,04R,1788827921.52,2026-09-08T00:38:41Z,40.634296,-73.763443,30.9,a98f6a,N715JB,A320,AIRBUS A-320,0
takeoff,JFK,04L,1788827943.8,2026-09-08T00:39:03Z,40.627197,-73.781558,30.9,a3534a,N313PQ,CRJ9,BOMBARDIER Regional Jet CRJ-900,0
landing,JFK,04R,1788828000.49,2026-09-08T00:40:00Z,40.63456,-73.763214,30.9,aab2bf,N789JB,A320,AIRBUS A-320,0
takeoff,JFK,04L,1788828031.01,2026-09-08T00:40:31Z,40.626526,-73.782074,30.9,a6bbef,N533DT,A21N,AIRBUS A-321neo,0
takeoff,LGA,22,1788828036.68,2026-09-08T00:40:36Z,40.772175,-73.880157,210.9,accf1c,N924XJ,CRJ9,BOMBARDIER Regional Jet CRJ-900,0
landing,LGA,31,1788828042.57,2026-09-08T00:40:42Z,40.777325,-73.868103,303.8,a143a3,N1804U,B38M,BOEING 737 MAX 8,0
landing,JFK,04R,1788828072.49,2026-09-08T00:41:12Z,40.636368,-73.76181,30.9,a6ee8e,N546DN,A21N,AIRBUS A-321neo,0
takeoff,LGA,13,1788828127.49,2026-09-08T00:42:07Z,40.775384,-73.866421,123.8,aa739e,N77259,B38M,BOEING 737 MAX 8,0
landing,LGA,31,1788828134.23,2026-09-08T00:42:14Z,40.77699,-73.867389,298.1,a0d6a8,N153PQ,CRJ9,BOMBARDIER Regional Jet CRJ-900,0
takeoff,LGA,22,1788828176.09,2026-09-08T00:42:56Z,40.772243,-73.880096,213.8,a23844,N242JQ,E75L,EMBRAER ERJ-170-200 (long wing),0
landing,JFK,04R,1788828195.02,2026-09-08T00:43:15Z,40.633163,-73.764328,33.8,a1d13b,N216QS,CL60,BOMBARDIER CL-600 Challenger,0
landing,LGA,31,1788828225.38,2026-09-08T00:43:45Z,40.7777,-73.868871,298.1,a15b4c,N187GJ,CRJ9,BOMBARDIER Regional Jet CRJ-900,0
takeoff,JFK,04L,1788828258.95,2026-09-08T00:44:18Z,40.625312,-73.78304,30.9,a3f00a,N353AZ,B763,BOEING 767-300,0
takeoff,LGA,22,1788828300.08,2026-09-08T00:45:00Z,40.769875,-73.882278,222.2,a446b6,N375DN,A321,AIRBUS A-321,0
landing,JFK,04R,1788828310.04,2026-09-08T00:45:10Z,40.637272,-73.761108,30.9,0c20cf,HP-1855CMP,B738,BOEING 737-800,0
takeoff,LGA,22,1788828314.24,2026-09-08T00:45:14Z,40.772209,-73.880127,213.8,a1c57e,N213JQ,E75L,EMBRAER ERJ-170-200 (long wing),0
takeoff,LGA,22,1788828340.0,2026-09-08T00:45:40Z,40.770811,-73.881262,202.5,a92ea0,N691CA,CRJ9,BOMBARDIER Regional Jet CRJ-900,0
takeoff,JFK,04L,1788828359.57,2026-09-08T00:45:59Z,40.626662,-73.781979,30.9,4cc581,TF-IAD,A21N,AIRBUS A-321neo,0
landing,LGA,31,1788828363.54,2026-09-08T00:46:03Z,40.777405,-73.868317,300.9,ac83d5,N905XJ,CRJ9,BOMBARDIER Regional Jet CRJ-900,0
takeoff,LGA,04,1788828396.31,2026-09-08T00:46:36Z,40.773581,-73.880482,30.9,a45586,N379DA,B738,BOEING 737-800,0
takeoff,LGA,22,1788828468.53,2026-09-08T00:47:48Z,40.772254,-73.880092,210.9,c00b78,C-FEIX,E75S,EMBRAER ERJ-170-200 (short wing),0
landing,JFK,04R,1788828487.97,2026-09-08T00:48:07Z,40.636024,-73.7621,29.6,c8281c,ZK-NZR,B789,BOEING 787-9 Dreamliner,0
landing,LGA,31,1788828498.93,2026-09-08T00:48:18Z,40.777588,-73.868652,300.9,a37e80,N324PQ,CRJ9,BOMBARDIER Regional Jet CRJ-900,0
takeoff,LGA,22,1788828582.62,2026-09-08T00:49:42Z,40.772277,-73.880045,210.9,a09239,N136HQ,E75L,EMBRAER ERJ-170-200 (long wing),0
takeoff,LGA,22,1788828603.47,2026-09-08T00:50:03Z,40.770427,-73.88159,213.8,abc573,N858DZ,B739,BOEING 737-900,0
takeoff,LGA,22,1788828614.18,2026-09-08T00:50:14Z,40.772186,-73.880127,210.9,a32f82,N304PQ,CRJ9,BOMBARDIER Regional Jet CRJ-900,0
landing,LGA,31,1788828629.58,2026-09-08T00:50:29Z,40.77689,-73.867218,300.9,a5d965,N476WN,B737,BOEING 737-700,0
takeoff,JFK,31L,1788828667.33,2026-09-08T00:51:07Z,40.634599,-73.786333,299.6,a4405f,N373QS,E55P,EMBRAER EMB-505 Phenom 300,0
takeoff,JFK,04L,1788828711.39,2026-09-08T00:51:51Z,40.626999,-73.781714,30.9,a189f2,N199DN,B763,BOEING 767-300,0
landing,LGA,31,1788828743.24,2026-09-08T00:52:23Z,40.778503,-73.870588,300.9,ab3d17,N823MD,E170,EMBRAER ERJ-170-100,0
takeoff,JFK,04L,1788828776.25,2026-09-08T00:52:56Z,40.626673,-73.781948,30.9,40621d,G-STBC,B77W,BOEING 777-300ER,0
takeoff,JFK,04L,1788828858.47,2026-09-08T00:54:18Z,40.627739,-73.781128,30.9,4b187e,HB-JHE,A333,AIRBUS A-330-300,0
landing,LGA,31,1788828865.26,2026-09-08T00:54:25Z,40.778503,-73.870572,300.9,a0634c,N124HQ,E75L,EMBRAER ERJ-170-200 (long wing),0
takeoff,LGA,13,1788828869.67,2026-09-08T00:54:29Z,40.775408,-73.866437,123.8,ab3d17,N823MD,E170,EMBRAER ERJ-170-100,0
takeoff,LGA,04,1788828896.74,2026-09-08T00:54:56Z,40.773422,-73.88063,30.9,aaffed,N808DN,B739,BOEING 737-900,0
landing,LGA,31,1788828927.42,2026-09-08T00:55:27Z,40.777351,-73.868185,300.9,aceb76,N931XJ,CRJ9,BOMBARDIER Regional Jet CRJ-900,0
takeoff,JFK,31L,1788828957.76,2026-09-08T00:55:57Z,40.635181,-73.787597,300.9,a76c79,N578DN,A21N,AIRBUS A-321neo,0
landing,JFK,04R,1788828990.55,2026-09-08T00:56:30Z,40.637182,-73.761177,30.9,ac8985,N907DN,B739,BOEING 737-900,0
takeoff,LGA,22,1788828998.01,2026-09-08T00:56:38Z,40.772521,-73.879873,210.9,a4b294,N401YX,E75L,EMBRAER ERJ-170-200 (long wing),0
takeoff,JFK,04L,1788829005.95,2026-09-08T00:56:45Z,40.627625,-73.781219,30.9,a38b61,N3275J,BCS3,AIRBUS A220-300,0
takeoff,LGA,22,1788829015.27,2026-09-08T00:56:55Z,40.771788,-73.880482,213.8,ad01c0,N937XJ,CRJ9,BOMBARDIER Regional Jet CRJ-900,0
takeoff,LGA,22,1788829040.44,2026-09-08T00:57:20Z,40.772196,-73.880138,213.8,a4b294,N401YX,E75L,EMBRAER ERJ-170-200 (long wing),0
takeoff,LGA,22,1788829094.97,2026-09-08T00:58:14Z,40.772219,-73.880107,210.9,a03816,N113HQ,E75L,EMBRAER ERJ-170-200 (long wing),0
takeoff,JFK,31L,1788829109.8,2026-09-08T00:58:29Z,40.634411,-73.785934,300.9,ab6c08,N835MH,B764,BOEING 767-400,0
takeoff,LGA,04,1788829144.62,2026-09-08T00:59:04Z,40.774727,-73.873932,59.1,a0634c,N124HQ,E75L,EMBRAER ERJ-170-200 (long wing),0
takeoff,LGA,22,1788829145.49,2026-09-08T00:59:05Z,40.772232,-73.880096,210.9,a8a490,N656RW,E170,EMBRAER ERJ-170-100,0
takeoff,JFK,04L,1788829154.36,2026-09-08T00:59:14Z,40.627849,-73.781043,30.9,ab20e7,N816NW,A333,AIRBUS A-330-300,0
landing,JFK,04R,1788829165.5,2026-09-08T00:59:25Z,40.636042,-73.762082,30.9,a04e60,N119HQ,E75L,EMBRAER ERJ-170-200 (long wing),0
landing,LGA,31,1788829178.07,2026-09-08T00:59:38Z,40.778412,-73.870377,303.8,abeb31,N8670A,B738,BOEING 737-800,0
takeoff,JFK,04L,1788829245.66,2026-09-08T01:00:45Z,40.627281,-73.781494,29.6,ab5867,N830AN,B789,BOEING 787-9 Dreamliner,0
landing,JFK,04R,1788829279.7,2026-09-08T01:01:19Z,40.635367,-73.762597,30.9,a8e1f6,N6711M,B752,BOEING 757-200,0
takeoff,JFK,31L,1788829282.16,2026-09-08T01:01:22Z,40.635727,-73.788803,300.9,acb679,N918XJ,CRJ9,BOMBARDIER Regional Jet CRJ-900,0
landing,LGA,31,1788829316.13,2026-09-08T01:01:56Z,40.778423,-73.870407,300.9,a44943,N3754A,B738,BOEING 737-800,0
takeoff,LGA,22,1788829334.2,2026-09-08T01:02:14Z,40.772242,-73.880092,210.9,a7cc00,N601LR,CRJ9,BOMBARDIER Regional Jet CRJ-900,0
takeoff,JFK,04L,1788829387.12,2026-09-08T01:03:07Z,40.626883,-73.781792,30.9,ad935b,N974JT,A321,AIRBUS A-321,0
landing,JFK,04R,1788829408.89,2026-09-08T01:03:28Z,40.635704,-73.762332,30.9,407ed8,G-VEII,A339,AIRBUS A-330-900,0
landing,LGA,31,1788829424.21,2026-09-08T01:03:44Z,40.777724,-73.86909,298.1,a8996b,N653RW,E170,EMBRAER ERJ-170-100,0
takeoff,LGA,13,1788829445.5,2026-09-08T01:04:05Z,40.775585,-73.866821,120.9,a44943,N3754A,B738,BOEING 737-800,0
takeoff,JFK,31L,1788829451.63,2026-09-08T01:04:11Z,40.635223,-73.78772,300.9,a74f33,N570JB,A320,AIRBUS A-320,0
landing,LGA,31,1788829533.55,2026-09-08T01:05:33Z,40.77912,-73.872023,289.7,a1a56d,N205JQ,E75L,EMBRAER ERJ-170-200 (long wing),0
takeoff,LGA,22,1788829546.31,2026-09-08T01:05:46Z,40.770779,-73.881302,210.9,abadc0,N8512U,B738,BOEING 737-800,0
takeoff,LGA,22,1788829547.14,2026-09-08T01:05:47Z,40.772219,-73.880107,210.9,a03f84,N115HQ,E75L,EMBRAER ERJ-170-200 (long wing),0
landing,JFK,04R,1788829567.79,2026-09-08T01:06:07Z,40.63583,-73.762238,30.9,a38836,N3269J,BCS3,AIRBUS A220-300,0
takeoff,LGA,22,1788829604.2,2026-09-08T01:06:44Z,40.774162,-73.8785,213.8,ac7c67,N903XJ,CRJ9,BOMBARDIER Regional Jet CRJ-900,0
takeoff,JFK,04L,1788829605.24,2026-09-08T01:06:45Z,40.626823,-73.78186,30.9,a4c9f8,N4077J,A21N,AIRBUS A-321neo,0
landing,LGA,22,1788829637.64,2026-09-08T01:07:17Z,40.779015,-73.873069,244.7,a4cc95,N408YX,E75L,EMBRAER ERJ-170-200 (long wing),0
takeoff,LGA,22,1788829643.06,2026-09-08T01:07:23Z,40.776581,-73.876511,210.9,a08317,N132EV,CRJ9,BOMBARDIER Regional Jet CRJ-900,0
takeoff,JFK,31L,1788829649.94,2026-09-08T01:07:29Z,40.635315,-73.787903,300.9,ad60b7,N961JT,A321,AIRBUS A-321,0
landing,JFK,04R,1788829667.89,2026-09-08T01:07:47Z,40.636251,-73.761879,30.9,ad1cde,N944JT,A321,AIRBUS A-321,0
landing,LGA,31,1788829702.54,2026-09-08T01:08:22Z,40.778893,-73.871384,300.9,a3a086,N33266,B738,BOEING 737-800,0
takeoff,JFK,04L,1788829706.61,2026-09-08T01:08:26Z,40.626627,-73.781979,30.9,4005c0,G-VIIH,B772,BOEING 777-200,0
landing,JFK,04R,1788829749.43,2026-09-08T01:09:09Z,40.635475,-73.762512,28.1,ab6162,N832SK,CRJ9,BOMBARDIER Regional Jet CRJ-900,0
takeoff,LGA,13,1788829783.93,2026-09-08T01:09:43Z,40.778103,-73.872101,123.8,a3a086,N33266,B738,BOEING 737-800,0
landing,LGA,31,1788829785.56,2026-09-08T01:09:45Z,40.777409,-73.868294,300.9,a46a7e,N384DN,A321,AIRBUS A-321,0
takeoff,JFK,31L,1788829806.43,2026-09-08T01:10:06Z,40.633667,-73.784286,300.9,a50900,N423YX,E75L,EMBRAER ERJ-170-200 (long wing),0
landing,JFK,04R,1788829834.17,2026-09-08T01:10:34Z,40.635956,-73.762131,30.9,ad8836,N971JT,A321,AIRBUS A-321,0
takeoff,LGA,22,1788829895.49,2026-09-08T01:11:35Z,40.770401,-73.881638,216.6,a3a0ed,N33294,B738,BOEING 737-800,0
landing,LGA,31,1788829902.98,2026-09-08T01:11:42Z,40.77841,-73.870354,300.9,ad1218,N941NN,B738,BOEING 737-800,0
takeoff,JFK,04L,1788829916.77,2026-09-08T01:11:56Z,40.626823,-73.78186,30.9,a1a0a1,N2038J,A21N,AIRBUS A-321neo,0
takeoff,LGA,13,1788830041.74,2026-09-08T01:14:01Z,40.772587,-73.860962,165.9,a46a7e,N384DN,A321,AIRBUS A-321,0
landing,LGA,31,1788830044.09,2026-09-08T01:14:04Z,40.778446,-73.870499,303.8,ab40ce,N824MD,E170,EMBRAER ERJ-170-100,0
landing,JFK,04L,1788830057.35,2026-09-08T01:14:17Z,40.628025,-73.780899,29.6,a4e46b,N414QS,E55P,EMBRAER EMB-505 Phenom 300,0
takeoff,LGA,22,1788830088.53,2026-09-08T01:14:48Z,40.770298,-73.881744,219.4,a40cd9,N360FR,A20N,AIRBUS A-320neo,0
takeoff,JFK,31L,1788830098.84,2026-09-08T01:14:58Z,40.635555,-73.788422,300.9,a8a3ce,N656JB,A320,AIRBUS A-320,0
takeoff,LGA,13,1788830129.98,2026-09-08T01:15:29Z,40.777073,-73.869949,123.8,ab40ce,N824MD,E170,EMBRAER ERJ-170-100,0
landing,LGA,31,1788830134.15,2026-09-08T01:15:34Z,40.777485,-73.868408,300.9,ac4f29,N8920Q,B38M,BOEING 737 MAX 8,0
landing,JFK,04L,1788830143.16,2026-09-08T01:15:43Z,40.635532,-73.775055,30.9,acad53,N916DU,B739,BOEING 737-900,0
landing,JFK,04R,1788830193.69,2026-09-08T01:16:33Z,40.637352,-73.761047,30.9,a73a47,N565JB,A320,AIRBUS A-320,0
takeoff,JFK,04L,1788830222.74,2026-09-08T01:17:02Z,40.627155,-73.781586,30.9,76cdc3,9V-SNC,B77W,BOEING 777-300ER,0
takeoff,LGA,22,1788830229.32,2026-09-08T01:17:09Z,40.7696,-73.88262,225.0,a01b56,N106DN,A321,AIRBUS A-321,0
takeoff,LGA,22,1788830229.76,2026-09-08T01:17:09Z,40.772277,-73.88006,210.9,a15027,N184GJ,CRJ9,BOMBARDIER Regional Jet CRJ-900,0
takeoff,JFK,31L,1788830245.05,2026-09-08T01:17:25Z,40.633691,-73.78432,300.9,a1ccec,N215JQ,E75L,EMBRAER ERJ-170-200 (long wing),0
takeoff,LGA,13,1788830255.72,2026-09-08T01:17:35Z,40.775494,-73.866638,120.9,ac4f29,N8920Q,B38M,BOEING 737 MAX 8,0
takeoff,LGA,22,1788830271.09,2026-09-08T01:17:51Z,40.772219,-73.880123,210.9,a4d65c,N410YX,E75L,EMBRAER ERJ-170-200 (long wing),0
landing,JFK,04R,1788830277.11,2026-09-08T01:17:57Z,40.63738,-73.761037,30.9,ac30c0,N885DN,B739,BOEING 737-900,0
landing,LGA,31,1788830294.09,2026-09-08T01:18:14Z,40.77848,-73.870588,300.9,abd063,N860RW,E170,EMBRAER ERJ-170-100,0
landing,JFK,04L,1788830340.37,2026-09-08T01:19:00Z,40.632294,-73.777603,30.9,a1e411,N2205J,A21N,AIRBUS A-321neo,0
landing,LGA,31,1788830377.23,2026-09-08T01:19:37Z,40.777491,-73.868434,300.9,a2fcee,N292AF,PC24,PILATUS PC-24,0
landing,JFK,04R,1788830444.94,2026-09-08T01:20:44Z,40.637375,-73.761047,30.9,a34978,N3102J,BCS3,AIRBUS A220-300,0
takeoff,JFK,31L,1788830449.26,2026-09-08T01:20:49Z,40.635355,-73.788003,300.9,a988f0,N713TW,B752,BOEING 757-200,0
takeoff,JFK,04L,1788830473.85,2026-09-08T01:21:13Z,40.627373,-73.781433,30.9,4caffb,EI-TYC,A339,AIRBUS A-330-900,0
landing,LGA,31,1788830495.81,2026-09-08T01:21:35Z,40.777933,-73.869667,289.7,a2270f,N238JQ,E75L,EMBRAER ERJ-170-200 (long wing),0
landing,JFK,04R,1788830520.96,2026-09-08T01:22:00Z,40.633191,-73.764314,30.9,a73690,N564JB,A320,AIRBUS A-320,0
takeoff,JFK,04L,1788830551.46,2026-09-08T01:22:31Z,40.626949,-73.781738,29.6,ab3856,N822AN,B789,BOEING 787-9 Dreamliner,0
takeoff,JFK,04L,1788830551.78,2026-09-08T01:22:31Z,40.627121,-73.781616,29.6,ab3856,N822AN,B789,BOEING 787-9 Dreamliner,0
takeoff,JFK,04R,1788830555.29,2026-09-08T01:22:35Z,40.639801,-73.760681,348.8,a73690,N564JB,A320,AIRBUS A-320,0
landing,LGA,31,1788830592.17,2026-09-08T01:23:12Z,40.77834,-73.870229,298.1,a0be05,N147PQ,CRJ9,BOMBARDIER Regional Jet CRJ-900,0
landing,JFK,04R,1788830632.53,2026-09-08T01:23:52Z,40.637192,-73.761154,28.1,a6152a,N491PX,CRJ9,BOMBARDIER Regional Jet CRJ-900,0
takeoff,JFK,31L,1788830685.44,2026-09-08T01:24:45Z,40.636077,-73.789579,300.9,ad1560,N942JB,A321,AIRBUS A-321,0
landing,LGA,31,1788830696.65,2026-09-08T01:24:56Z,40.777359,-73.868195,300.9,a36fa4,N320PQ,CRJ9,BOMBARDIER Regional Jet CRJ-900,0
takeoff,LGA,13,1788830719.27,2026-09-08T01:25:19Z,40.77699,-73.869761,115.3,a0be05,N147PQ,CRJ9,BOMBARDIER Regional Jet CRJ-900,0
landing,JFK,04R,1788830721.17,2026-09-08T01:25:21Z,40.636368,-73.76181,30.9,a8222c,N623JB,A320,AIRBUS A-320,0
takeoff,JFK,04L,1788830728.55,2026-09-08T01:25:28Z,40.626557,-73.782073,30.9,a1cf48,N2156J,A21N,AIRBUS A-321neo,0
takeoff,JFK,31L,1788830760.66,2026-09-08T01:26:00Z,40.633726,-73.784429,300.9,a1ba59,N210JQ,E75L,EMBRAER ERJ-170-200 (long wing),0
takeoff,JFK,04L,1788830781.0,2026-09-08T01:26:21Z,40.626915,-73.781769,33.8,a14502,N181GJ,CRJ9,BOMBARDIER Regional Jet CRJ-900,0
takeoff,LGA,22,1788830801.36,2026-09-08T01:26:41Z,40.772209,-73.880127,210.9,a4c170,N405YX,E75L,EMBRAER ERJ-170-200 (long wing),0
landing,LGA,31,1788830813.06,2026-09-08T01:26:53Z,40.778641,-73.870895,303.8,a8bc71,N662JB,A320,AIRBUS A-320,0
landing,JFK,04R,1788830819.34,2026-09-08T01:26:59Z,40.635864,-73.762222,30.9,a02c40,N110AN,A321,AIRBUS A-321,0
takeoff,LGA,13,1788830822.56,2026-09-08T01:27:02Z,40.775512,-73.866671,120.9,a36fa4,N320PQ,CRJ9,BOMBARDIER Regional Jet CRJ-900,0
takeoff,JFK,04L,1788830838.95,2026-09-08T01:27:18Z,40.626615,-73.782026,30.9,a4995f,N396DA,B738,BOEING 737-800,0
landing,LGA,31,1788830907.54,2026-09-08T01:28:27Z,40.777885,-73.869278,300.9,a2b17a,N27287,B38M,,0
takeoff,LGA,22,1788830907.92,2026-09-08T01:28:27Z,40.770767,-73.881302,210.9,a4794e,N388DA,B738,BOEING 737-800,0
takeoff,JFK,04L,1788830911.66,2026-09-08T01:28:31Z,40.627022,-73.781698,30.9,ab7376,N837MH,B764,BOEING 767-400,0
landing,JFK,04R,1788830913.47,2026-09-08T01:28:33Z,40.635902,-73.762176,30.9,acaf0b,N916XJ,CRJ9,BOMBARDIER Regional Jet CRJ-900,0
takeoff,JFK,04L,1788830974.04,2026-09-08T01:29:34Z,40.627041,-73.781708,30.9,a51d6f,N429DX,A339,,0
landing,JFK,04R,1788830988.45,2026-09-08T01:29:48Z,40.637322,-73.761068,30.9,acc1eb,N921AK,B39M,BOEING 737 MAX 9,0
takeoff,LGA,22,1788830997.34,2026-09-08T01:29:57Z,40.772137,-73.880185,210.9,ab3982,N822NN,B738,BOEING 737-800,0
landing,LGA,31,1788831043.7,2026-09-08T01:30:43Z,40.779396,-73.872513,300.9,a4fddb,N420YX,E75L,EMBRAER ERJ-170-200 (long wing),0
takeoff,JFK,04L,1788831044.21,2026-09-08T01:30:44Z,40.626941,-73.781761,30.9,aaea8c,N802NW,A333,AIRBUS A-330-300,0
landing,JFK,04R,1788831088.37,2026-09-08T01:31:28Z,40.636182,-73.761957,30.9,a788d3,N585DN,A21N,,0
takeoff,LGA,13,1788831095.09,2026-09-08T01:31:35Z,40.775396,-73.866437,120.9,a2b17a,N27287,B38M,,0
takeoff,LGA,22,1788831104.22,2026-09-08T01:31:44Z,40.772265,-73.880076,208.1,a095aa,N137EV,CRJ9,BOMBARDIER Regional Jet CRJ-900,0
takeoff,LGA,22,1788831134.95,2026-09-08T01:32:14Z,40.770756,-73.881332,205.3,a8f235,N676CA,CRJ9,BOMBARDIER Regional Jet CRJ-900,0
landing,LGA,31,1788831150.15,2026-09-08T01:32:30Z,40.778355,-73.87027,303.8,a8697f,N641FR,A21N,AIRBUS A-321neo,0
landing,JFK,04R,1788831161.53,2026-09-08T01:32:41Z,40.638218,-73.76035,30.9,780a3e,B-LJI,B748,BOEING 747-8,0
takeoff,JFK,04L,1788831198.38,2026-09-08T01:33:18Z,40.626766,-73.781886,30.9,a33ef5,N308VR,B38M,BOEING 737 MAX 8,0
takeoff,LGA,22,1788831242.4,2026-09-08T01:34:02Z,40.772219,-73.880123,213.8,a51425,N426YX,E75L,EMBRAER ERJ-170-200 (long wing),0
landing,LGA,22,1788831253.97,2026-09-08T01:34:13Z,40.772219,-73.880107,213.8,a51425,N426YX,E75L,EMBRAER ERJ-170-200 (long wing),0
takeoff,LGA,22,1788831253.97,2026-09-08T01:34:13Z,40.772219,-73.880107,213.8,a51425,N426YX,E75L,EMBRAER ERJ-170-200 (long wing),0
takeoff,JFK,04L,1788831254.48,2026-09-08T01:34:14Z,40.626918,-73.781776,30.9,ab53e4,N829SK,CRJ9,BOMBARDIER Regional Jet CRJ-900,0
landing,LGA,31,1788831270.66,2026-09-08T01:34:30Z,40.777096,-73.867569,303.8,ac0b61,N87507,B738,BOEING 737-800,0
takeoff,JFK,04L,1788831306.13,2026-09-08T01:35:06Z,40.62624,-73.782318,30.9,a32f71,N304NY,,,0
landing,JFK,04R,1788831309.69,2026-09-08T01:35:09Z,40.636528,-73.761673,30.9,acc040,N920XJ,CRJ9,BOMBARDIER Regional Jet CRJ-900,0
takeoff,LGA,22,1788831362.0,2026-09-08T01:36:02Z,40.772196,-73.880138,210.9,ac0a75,N875RW,E170,EMBRAER ERJ-170-100,0
takeoff,JFK,04L,1788831369.38,2026-09-08T01:36:09Z,40.627116,-73.78162,29.6,02013f,CN-RGY,B789,BOEING 787-9 Dreamliner,0
landing,JFK,04R,1788831384.95,2026-09-08T01:36:24Z,40.637555,-73.760896,32.4,7380c6,4X-EDH,B789,BOEING 787-9 Dreamliner,0
landing,LGA,31,1788831394.35,2026-09-08T01:36:34Z,40.777712,-73.868918,303.8,aacf19,N796JB,A320,AIRBUS A-320,0
landing,JFK,04L,1788831434.14,2026-09-08T01:37:14Z,40.633438,-73.776688,30.9,ad4fe1,N957NN,B738,BOEING 737-800,0
takeoff,JFK,31L,1788831459.49,2026-09-08T01:37:39Z,40.6356,-73.788518,300.9,a776b2,N580JB,A320,AIRBUS A-320,0
takeoff,LGA,22,1788831512.74,2026-09-08T01:38:32Z,40.772184,-73.880138,213.8,ac159a,N878RW,E170,EMBRAER ERJ-170-100,0
landing,JFK,04R,1788831533.39,2026-09-08T01:38:53Z,40.636228,-73.761911,30.9,a03235,N111ZM,A321,AIRBUS A-321,0
landing,LGA,31,1788831546.26,2026-09-08T01:39:06Z,40.778263,-73.870071,303.8,accd69,N924DZ,B739,BOEING 737-900,0
landing,JFK,04L,1788831585.48,2026-09-08T01:39:45Z,40.634785,-73.775612,30.9,a6cb48,N537JT,A320,AIRBUS A-320,0
takeoff,LGA,22,1788831598.76,2026-09-08T01:39:58Z,40.772219,-73.880107,208.1,a8f9a3,N678CA,CRJ9,BOMBARDIER Regional Jet CRJ-900,0
landing,JFK,04R,1788831628.31,2026-09-08T01:40:28Z,40.636826,-73.761444,30.9,4cc574,TF-ICG,B38M,BOEING 737 MAX 8,0
takeoff,LGA,13,1788831638.03,2026-09-08T01:40:38Z,40.777072,-73.869948,120.9,accd69,N924DZ,B739,BOEING 737-900,0
takeoff,LGA,22,1788831650.25,2026-09-08T01:40:50Z,40.772347,-73.879998,210.9,a1b449,N209JQ,E75L,EMBRAER ERJ-170-200 (long wing),0
takeoff,LGA,04,1788831657.83,2026-09-08T01:40:57Z,40.773743,-73.880356,30.9,a4996b,N396DN,A321,AIRBUS A-321,0
takeoff,LGA,13,1788831671.41,2026-09-08T01:41:11Z,40.775002,-73.869003,165.9,ac0b61,N87507,B738,BOEING 737-800,0
landing,JFK,04L,1788831696.54,2026-09-08T01:41:36Z,40.633289,-73.776764,30.9,acab54,N915XJ,CRJ9,BOMBARDIER Regional Jet CRJ-900,0
takeoff,LGA,22,1788831706.01,2026-09-08T01:41:46Z,40.772207,-73.880123,213.8,a89d22,N654RW,E170,EMBRAER ERJ-170-100,0
landing,JFK,04R,1788831724.57,2026-09-08T01:42:04Z,40.634708,-73.763123,30.9,a21142,N232PQ,CRJ9,BOMBARDIER Regional Jet CRJ-900,0
takeoff,JFK,31L,1788831761.71,2026-09-08T01:42:41Z,40.635361,-73.787994,300.9,a01880,N105NN,A321,AIRBUS A-321,0
takeoff,JFK,04L,1788831771.75,2026-09-08T01:42:51Z,40.627197,-73.781558,30.9,ab84ab,N841MH,B764,BOEING 767-400,0
landing,JFK,04R,1788831805.36,2026-09-08T01:43:25Z,40.635064,-73.762831,30.9,4ca9ba,EI-LRA,A21N,AIRBUS A-321neo,0
landing,LGA,31,1788831807.03,2026-09-08T01:43:27Z,40.778458,-73.870453,300.9,a0d374,N152UW,A321,AIRBUS A-321,0
takeoff,LGA,22,1788831809.32,2026-09-08T01:43:29Z,40.772207,-73.880123,210.9,a1d0a3,N216JQ,E75L,EMBRAER ERJ-170-200 (long wing),0
takeoff,LGA,04,1788831841.85,2026-09-08T01:44:01Z,40.773255,-73.880763,28.1,a336f0,N306PQ,CRJ9,BOMBARDIER Regional Jet CRJ-900,0
takeoff,JFK,04L,1788831853.15,2026-09-08T01:44:13Z,40.626961,-73.781754,29.6,485f84,PH-BKQ,B78X,BOEING 787-10 Dreamliner,0
landing,JFK,04R,1788831899.32,2026-09-08T01:44:59Z,40.635134,-73.762753,30.9,a1aaae,N2060J,A21N,AIRBUS A-321neo,0
takeoff,LGA,22,1788831937.69,2026-09-08T01:45:37Z,40.772186,-73.880142,213.8,a4da13,N411YX,E75L,EMBRAER ERJ-170-200 (long wing),0
landing,JFK,04L,1788831946.62,2026-09-08T01:45:46Z,40.629559,-73.779709,28.1,a4c6e9,N407CW,BE40,BEECH 400 Beechjet,0
landing,LGA,31,1788831956.29,2026-09-08T01:45:56Z,40.779007,-73.871704,300.9,a1f822,N226JQ,E75L,EMBRAER ERJ-170-200 (long wing),0
landing,JFK,04R,1788831982.37,2026-09-08T01:46:22Z,40.636507,-73.761739,30.9,a569c4,N448QS,GLF4,GULFSTREAM 4,0
takeoff,JFK,04L,1788832026.6,2026-09-08T01:47:06Z,40.626894,-73.781792,30.9,a12c23,N175DZ,B763,BOEING 767-300,0
landing,JFK,04R,1788832063.11,2026-09-08T01:47:43Z,40.637226,-73.761154,30.9,ac89f7,N907JB,A321,AIRBUS A-321,0
takeoff,LGA,13,1788832072.75,2026-09-08T01:47:52Z,40.775482,-73.866592,123.8,a1f822,N226JQ,E75L,EMBRAER ERJ-170-200 (long wing),0
takeoff,LGA,22,1788832095.79,2026-09-08T01:48:15Z,40.769222,-73.883408,247.5,ac76a7,N902AN,B738,BOEING 737-800,0
takeoff,LGA,22,1788832120.42,2026-09-08T01:48:40Z,40.772184,-73.880138,210.9,c052e0,C-GFJZ,CRJ9,BOMBARDIER Regional Jet CRJ-900,0
landing,JFK,04R,1788832161.9,2026-09-08T01:49:21Z,40.635715,-73.762314,30.9,4005bc,G-VIID,B772,BOEING 777-200,0
takeoff,LGA,22,1788832166.35,2026-09-08T01:49:26Z,40.772254,-73.880092,213.8,abd7d1,N862RW,E170,EMBRAER ERJ-170-100,0
landing,JFK,04R,1788832230.83,2026-09-08T01:50:30Z,40.636438,-73.761754,30.9,89902f,B-16726,B77W,BOEING 777-300ER,0
takeoff,LGA,04,1788832293.97,2026-09-08T01:51:33Z,40.773441,-73.880607,30.9,acd2d3,N925XJ,CRJ9,BOMBARDIER Regional Jet CRJ-900,0
takeoff,LGA,22,1788832356.74,2026-09-08T01:52:36Z,40.772186,-73.880142,210.9,c08861,C-GZQU,E295,EMBRAER ERJ-190-400,0
landing,JFK,04R,1788832360.78,2026-09-08T01:52:40Z,40.637089,-73.761246,30.9,ad646e,N962JT,A321,AIRBUS A-321,0
takeoff,JFK,31L,1788832378.07,2026-09-08T01:52:58Z,40.630795,-73.777878,300.9,3965b2,F-GZNS,B77W,BOEING 777-300ER,0
takeoff,LGA,22,1788832402.07,2026-09-08T01:53:22Z,40.774581,-73.878156,210.9,a1a56d,N205JQ,E75L,EMBRAER ERJ-170-200 (long wing),0
landing,JFK,04R,1788832456.14,2026-09-08T01:54:16Z,40.631817,-73.765375,30.9,a388e4,N327FX,E545,EMBRAER EMB545 Praetor 500,0
takeoff,LGA,22,1788832463.66,2026-09-08T01:54:23Z,40.769176,-73.883469,250.3,ac75dc,N9014W,,,0
takeoff,LGA,04,1788832466.83,2026-09-08T01:54:26Z,40.773418,-73.880638,30.9,a1239d,N17245,B738,BOEING 737-800,0
takeoff,JFK,31L,1788832479.77,2026-09-08T01:54:39Z,40.630432,-73.77711,300.9,06a070,A7-BAF,B77W,BOEING 777-300ER,0
takeoff,JFK,31L,1788832480.28,2026-09-08T01:54:40Z,40.630514,-73.777282,300.9,06a070,A7-BAF,B77W,BOEING 777-300ER,0
takeoff,LGA,22,1788832513.14,2026-09-08T01:55:13Z,40.772221,-73.880112,213.8,a046f2,N117HQ,E75L,EMBRAER ERJ-170-200 (long wing),0
takeoff,LGA,22,1788832535.04,2026-09-08T01:55:35Z,40.772277,-73.880076,216.6,a0d6a8,N153PQ,CRJ9,BOMBARDIER Regional Jet CRJ-900,0
landing,JFK,04R,1788832537.11,2026-09-08T01:55:37Z,40.637466,-73.760956,30.9,adea26,N996NN,B738,BOEING 737-800,0
takeoff,JFK,04R,1788832537.11,2026-09-08T01:55:37Z,40.637466,-73.760956,30.9,adea26,N996NN,B738,BOEING 737-800,0
landing,JFK,04R,1788832537.6,2026-09-08T01:55:37Z,40.637547,-73.760895,30.9,adea26,N996NN,B738,BOEING 737-800,0
takeoff,JFK,31L,1788832571.76,2026-09-08T01:56:11Z,40.630723,-73.777781,300.9,a16c3a,N191DN,B763,BOEING 767-300,0
takeoff,LGA,22,1788832580.81,2026-09-08T01:56:20Z,40.770069,-73.882034,225.0,a3dc5a,N348PQ,CRJ9,BOMBARDIER Regional Jet CRJ-900,0
takeoff,LGA,22,1788832589.93,2026-09-08T01:56:29Z,40.772207,-73.880123,213.8,a37e80,N324PQ,CRJ9,BOMBARDIER Regional Jet CRJ-900,0
landing,LGA,31,1788832610.84,2026-09-08T01:56:50Z,40.777375,-73.8682,303.8,c08537,C-GYLQ,BCS3,AIRBUS A220-300,0
takeoff,JFK,31L,1788832636.91,2026-09-08T01:57:16Z,40.628849,-73.773651,300.9,a4bdb9,N404YX,E75L,EMBRAER ERJ-170-200 (long wing),0
landing,JFK,31R,1788832685.14,2026-09-08T01:58:05Z,40.65166,-73.776814,300.9,71be34,HL7634,A388,AIRBUS A-380-800,0
landing,LGA,31,1788832700.77,2026-09-08T01:58:20Z,40.778469,-73.870514,303.8,a39d9b,N332DU,BCS3,,0
takeoff,JFK,31L,1788832705.72,2026-09-08T01:58:25Z,40.630611,-73.777512,300.9,a6eacf,N545DE,A21N,AIRBUS A-321neo,0
takeoff,LGA,13,1788832721.97,2026-09-08T01:58:41Z,40.776981,-73.869843,137.8,c08537,C-GYLQ,BCS3,AIRBUS A220-300,0
takeoff,LGA,04,1788832729.0,2026-09-08T01:58:49Z,40.772781,-73.881149,30.9,a15b4c,N187GJ,CRJ9,BOMBARDIER Regional Jet CRJ-900,0
takeoff,LGA,22,1788832734.15,2026-09-08T01:58:54Z,40.772175,-73.880142,210.9,a19a48,N202JQ,E75L,EMBRAER ERJ-170-200 (long wing),0
takeoff,JFK,31L,1788832759.05,2026-09-08T01:59:19Z,40.630428,-73.777115,300.9,aa099e,N746JB,A320,AIRBUS A-320,0
takeoff,LGA,13,1788832810.53,2026-09-08T02:00:10Z,40.775524,-73.866671,123.8,a39d9b,N332DU,BCS3,,0
takeoff,LGA,22,1788832813.19,2026-09-08T02:00:13Z,40.772172,-73.880138,208.1,a1584a,N186PQ,CRJ9,BOMBARDIER Regional Jet CRJ-900,0
landing,JFK,31R,1788832816.23,2026-09-08T02:00:16Z,40.653103,-73.779919,302.4,4bb184,TC-LLD,B789,BOEING 787-9 Dreamliner,0
takeoff,JFK,31L,1788832818.45,2026-09-08T02:00:18Z,40.630875,-73.778094,300.9,a3871e,N3261J,BCS3,,0
takeoff,JFK,31L,1788832877.52,2026-09-08T02:01:17Z,40.631081,-73.778595,300.9,a39925,N3307J,BCS3,AIRBUS A220-300,0
landing,LGA,31,1788832887.53,2026-09-08T02:01:27Z,40.777256,-73.86795,303.8,c05e8e,C-GJUZ,CRJ9,BOMBARDIER Regional Jet CRJ-900,0
landing,JFK,31R,1788832923.53,2026-09-08T02:02:03Z,40.650357,-73.773833,299.6,47ae38,LN-FNL,B789,BOEING 787-9 Dreamliner,0
takeoff,JFK,31L,1788832930.36,2026-09-08T02:02:10Z,40.630783,-73.777924,300.9,acb2c2,N917XJ,CRJ9,BOMBARDIER Regional Jet CRJ-900,0
takeoff,LGA,22,1788832968.77,2026-09-08T02:02:48Z,40.775268,-73.877595,210.9,a5d965,N476WN,B737,BOEING 737-700,0
takeoff,LGA,13,1788832983.97,2026-09-08T02:03:03Z,40.777096,-73.87001,126.6,c05e8e,C-GJUZ,CRJ9,BOMBARDIER Regional Jet CRJ-900,0
takeoff,JFK,31L,1788833000.95,2026-09-08T02:03:20Z,40.63091,-73.778187,300.9,ada5ee,N979JT,A321,AIRBUS A-321,0
landing,LGA,31,1788833020.11,2026-09-08T02:03:40Z,40.777409,-73.868325,303.8,a21bea,N235JQ,E75L,EMBRAER ERJ-170-200 (long wing),0
takeoff,LGA,22,1788833057.08,2026-09-08T02:04:17Z,40.772198,-73.880127,210.9,aceb76,N931XJ,CRJ9,BOMBARDIER Regional Jet CRJ-900,0
takeoff,JFK,31L,1788833061.16,2026-09-08T02:04:21Z,40.631344,-73.779144,300.9,a3549d,N3132J,BCS3,AIRBUS A220-300,0
landing,JFK,31R,1788833061.92,2026-09-08T02:04:21Z,40.65173,-73.776876,300.9,ad4afe,N956AN,B738,BOEING 737-800,0
landing,LGA,31,1788833098.44,2026-09-08T02:04:58Z,40.77713,-73.867716,303.8,a0103b,N103DY,A321,AIRBUS A-321,0
takeoff,LGA,13,1788833121.22,2026-09-08T02:05:21Z,40.775402,-73.86644,123.8,a21bea,N235JQ,E75L,EMBRAER ERJ-170-200 (long wing),0
landing,JFK,31R,1788833145.18,2026-09-08T02:05:45Z,40.650913,-73.775131,300.9,a38af8,N3272J,BCS3,AIRBUS A220-300,0
landing,JFK,31L,1788833148.15,2026-09-08T02:05:48Z,40.638359,-73.794617,300.9,a94156,N696DL,B752,BOEING 757-200,0
takeoff,JFK,31L,1788833209.71,2026-09-08T02:06:49Z,40.630549,-73.777344,300.9,a014c9,N104NN,A321,AIRBUS A-321,0
landing,LGA,31,1788833223.69,2026-09-08T02:07:03Z,40.777479,-73.868434,302.5,a8902a,,,,
takeoff,LGA,13,1788833241.37,2026-09-08T02:07:21Z,40.775471,-73.866592,120.9,a0103b,N103DY,A321,AIRBUS A-321,0
landing,JFK,31R,1788833255.27,2026-09-08T02:07:35Z,40.651039,-73.775452,300.9,a398bc,N3304J,BCS3,AIRBUS A220-300,0
takeoff,LGA,22,1788833256.81,2026-09-08T02:07:36Z,40.772242,-73.880107,213.8,a4cc95,N408YX,E75L,EMBRAER ERJ-170-200 (long wing),0
landing,JFK,31L,1788833346.4,2026-09-08T02:09:06Z,40.638588,-73.795135,300.9,ad8ed4,N973AK,B39M,BOEING 737 MAX 9,0
landing,JFK,31R,1788833351.2,2026-09-08T02:09:11Z,40.651108,-73.775574,300.9,39d2b3,F-HUVT,A359,AIRBUS A-350-900,0
landing,LGA,31,1788833378.87,2026-09-08T02:09:38Z,40.777061,-73.867569,298.1,a521f8,N43NG,PC12,PILATUS PC-12,8
takeoff,JFK,31L,1788833422.03,2026-09-08T02:10:22Z,40.630595,-73.7775,300.9,406948,G-STBH,B77W,BOEING 777-300ER,0
landing,LGA,31,1788833492.48,2026-09-08T02:11:32Z,40.777267,-73.868042,300.9,a4b64b,N402YX,E75L,EMBRAER ERJ-170-200 (long wing),0
takeoff,JFK,31L,1788833499.48,2026-09-08T02:11:39Z,40.630269,-73.776783,300.9,a92b0c,N690DL,B752,BOEING 757-200,0
landing,JFK,31R,1788833505.38,2026-09-08T02:11:45Z,40.65237,-73.778281,300.9,780cb6,B-2485,B748,BOEING 747-8,0
takeoff,LGA,22,1788833519.34,2026-09-08T02:11:59Z,40.772186,-73.880142,213.8,abd063,N860RW,E170,EMBRAER ERJ-170-100,0
takeoff,JFK,31L,1788833555.07,2026-09-08T02:12:35Z,40.630584,-73.777485,300.9,495269,CS-TSI,A21N,AIRBUS A-321neo,0
takeoff,LGA,13,1788833564.55,2026-09-08T02:12:44Z,40.776758,-73.869293,123.8,a4b64b,N402YX,E75L,EMBRAER ERJ-170-200 (long wing),0
takeoff,JFK,31L,1788833613.35,2026-09-08T02:13:33Z,40.6306,-73.777496,300.9,a6587b,N508JL,A320,AIRBUS A-320,0
takeoff,JFK,31L,1788833671.57,2026-09-08T02:14:31Z,40.630875,-73.778122,298.1,a2000d,N228PQ,CRJ9,BOMBARDIER Regional Jet CRJ-900,0
landing,LGA,31,1788833714.11,2026-09-08T02:15:14Z,40.778137,-73.869751,300.9,aa568e,N76502,B738,BOEING 737-800,0
landing,JFK,31R,1788833758.92,2026-09-08T02:15:58Z,40.651113,-73.775565,300.9,a845f4,N632JB,A320,AIRBUS A-320,0
takeoff,JFK,31L,1788833761.31,2026-09-08T02:16:01Z,40.631287,-73.779007,299.6,040048,ET-AOR,B788,BOEING 787-8 Dreamliner,0
takeoff,LGA,13,1788833830.23,2026-09-08T02:17:10Z,40.776897,-73.869854,165.9,aa568e,N76502,B738,BOEING 737-800,0
takeoff,LGA,22,1788833830.42,2026-09-08T02:17:10Z,40.770756,-73.881317,210.9,ac83d5,N905XJ,CRJ9,BOMBARDIER Regional Jet CRJ-900,0
landing,LGA,31,1788833848.65,2026-09-08T02:17:28Z,40.778446,-73.870453,300.9,a1f46b,N225JQ,E75L,EMBRAER ERJ-170-200 (long wing),0
landing,JFK,31R,1788833861.73,2026-09-08T02:17:41Z,40.65176,-73.776947,302.4,406c3b,G-VZIG,B789,BOEING 787-9 Dreamliner,0
takeoff,JFK,31L,1788833893.95,2026-09-08T02:18:13Z,40.629993,-73.776154,299.6,a4e46b,N414QS,E55P,EMBRAER EMB-505 Phenom 300,0
takeoff,LGA,04,1788833907.46,2026-09-08T02:18:27Z,40.769417,-73.883926,348.8,a143a3,N1804U,B38M,BOEING 737 MAX 8,0
takeoff,LGA,13,1788833922.46,2026-09-08T02:18:42Z,40.777004,-73.869797,120.9,a1f46b,N225JQ,E75L,EMBRAER ERJ-170-200 (long wing),0
takeoff,JFK,31L,1788833991.61,2026-09-08T02:19:51Z,40.631166,-73.778733,300.9,a4dbef,N412DX,A339,AIRBUS A-330-900,0
takeoff,JFK,31L,1788833992.35,2026-09-08T02:19:52Z,40.631282,-73.778983,300.9,a4dbef,N412DX,A339,AIRBUS A-330-900,0
landing,LGA,13,1788834073.79,2026-09-08T02:21:13Z,40.777468,-73.870775,123.8,a85fb8,N639FR,A21N,AIRBUS A-321neo,0
takeoff,JFK,31L,1788834074.24,2026-09-08T02:21:14Z,40.630723,-73.777703,300.9,780aec,B-2042,B77L,BOEING 777-200LR,0
takeoff,JFK,31L,1788834167.63,2026-09-08T02:22:47Z,40.630806,-73.777969,300.9,a437c0,N371CM,B763,BOEING 767-300,0
landing,JFK,31R,1788834209.76,2026-09-08T02:23:29Z,40.651337,-73.776031,300.9,a13386,N177DN,B763,BOEING 767-300,0
takeoff,LGA,22,1788834243.66,2026-09-08T02:24:03Z,40.769531,-73.882736,227.8,abeb31,N8670A,B738,BOEING 737-800,0
takeoff,JFK,31L,1788834266.69,2026-09-08T02:24:26Z,40.628712,-73.773346,300.9,a4ba02,N403YX,E75L,EMBRAER ERJ-170-200 (long wing),0
landing,LGA,31,1788834348.76,2026-09-08T02:25:48Z,40.777084,-73.867592,300.9,a3b3e5,N338DU,BCS3,AIRBUS A220-300,0
landing,JFK,31R,1788834372.45,2026-09-08T02:26:12Z,40.651863,-73.777222,300.9,aae9a3,N802DN,B739,BOEING 737-900,0
takeoff,JFK,31L,1788834407.58,2026-09-08T02:26:47Z,40.631573,-73.779587,300.9,3c64f4,D-AIGT,A343,AIRBUS A-340-300,0
landing,JFK,31R,1788834468.08,2026-09-08T02:27:48Z,40.651532,-73.776471,300.9,a3ca01,N343RY,B38M,BOEING 737 MAX 8,0
takeoff,LGA,13,1788834483.99,2026-09-08T02:28:03Z,40.775528,-73.866699,123.8,a3b3e5,N338DU,BCS3,AIRBUS A220-300,0
takeoff,JFK,31L,1788834528.97,2026-09-08T02:28:48Z,40.630921,-73.778156,300.9,76cce4,9V-SGD,A359,AIRBUS A-350-900,0
landing,JFK,31R,1788834602.27,2026-09-08T02:30:02Z,40.652126,-73.777797,300.9,a19691,N201JQ,E75L,EMBRAER ERJ-170-200 (long wing),0
landing,LGA,31,1788834618.47,2026-09-08T02:30:18Z,40.778282,-73.87012,303.8,a45b96,N380DA,B738,BOEING 737-800,0
takeoff,JFK,31L,1788834632.75,2026-09-08T02:30:32Z,40.630607,-73.7775,300.9,ad1cde,N944JT,A321,AIRBUS A-321,0
takeoff,LGA,04,1788834641.73,2026-09-08T02:30:41Z,40.769437,-73.883977,64.7,a521f8,N43NG,PC12,PILATUS PC-12,8
takeoff,JFK,31L,1788834696.79,2026-09-08T02:31:36Z,40.630793,-73.777875,300.9,4951ef,CS-TOO,A332,AIRBUS A-330-200,0
takeoff,LGA,13,1788834715.61,2026-09-08T02:31:55Z,40.776913,-73.869583,120.9,a45b96,N380DA,B738,BOEING 737-800,0
landing,JFK,31R,1788834716.49,2026-09-08T02:31:56Z,40.651544,-73.776533,300.9,a3915a,N329SL,B38M,BOEING 737 MAX 8,0
takeoff,JFK,31L,1788834829.68,2026-09-08T02:33:49Z,40.630302,-73.776871,300.9,a6ee8e,N546DN,A21N,AIRBUS A-321neo,0
landing,JFK,31R,1788834833.75,2026-09-08T02:33:53Z,40.651257,-73.775864,300.9,a7e54f,N608DN,A21N,AIRBUS A-321neo,0
takeoff,LGA,22,1788834887.81,2026-09-08T02:34:47Z,40.772266,-73.880081,213.8,a2270f,N238JQ,E75L,EMBRAER ERJ-170-200 (long wing),0
takeoff,JFK,31L,1788834905.76,2026-09-08T02:35:05Z,40.630968,-73.778281,299.6,ab436f,N825AA,B789,BOEING 787-9 Dreamliner,0
landing,LGA,31,1788834929.95,2026-09-08T02:35:29Z,40.777336,-73.868088,303.8,a771af,N579UW,A321,AIRBUS A-321,0
takeoff,JFK,31L,1788835019.01,2026-09-08T02:36:59Z,40.631038,-73.778468,300.9,a38836,N3269J,BCS3,AIRBUS A220-300,0
takeoff,JFK,31L,1788835081.44,2026-09-08T02:38:01Z,40.631115,-73.778641,300.9,a50370,N422DZ,A339,AIRBUS A-330-900,0
landing,LGA,31,1788835106.15,2026-09-08T02:38:26Z,40.777724,-73.868871,300.9,a39fb7,N33209,B738,BOEING 737-800,0
landing,JFK,31R,1788835144.74,2026-09-08T02:39:04Z,40.650272,-73.773636,302.4,3451cf,EC-MIH,B788,BOEING 787-8 Dreamliner,0
takeoff,JFK,31L,1788835196.85,2026-09-08T02:39:56Z,40.6307,-73.777688,300.9,a4ccba,N4080J,A21N,,0
landing,LGA,31,1788835258.74,2026-09-08T02:40:58Z,40.777212,-73.867872,300.9,aa91f5,N780QS,CL35,BOMBARDIER BD-100 Challenger 350,0
takeoff,JFK,31L,1788835282.55,2026-09-08T02:41:22Z,40.630432,-73.777126,300.9,a73a47,N565JB,A320,AIRBUS A-320,0
landing,JFK,31R,1788835328.86,2026-09-08T02:42:08Z,40.652699,-73.779007,300.9,4d0116,LX-VCL,B748,BOEING 747-8,0
landing,LGA,31,1788835356.93,2026-09-08T02:42:36Z,40.77729,-73.868011,300.9,a43bc6,N372FR,A20N,AIRBUS A-320neo,0
takeoff,JFK,31L,1788835359.22,2026-09-08T02:42:39Z,40.628885,-73.773708,300.9,a569c4,N448QS,GLF4,GULFSTREAM 4,0
landing,LGA,04,1788835366.55,2026-09-08T02:42:46Z,40.776478,-73.882464,357.2,400294,VP-CZS,H160,AIRBUS HELICOPTERS H-160,8
takeoff,JFK,31L,1788835406.42,2026-09-08T02:43:26Z,40.628757,-73.773459,300.9,a04e60,N119HQ,E75L,EMBRAER ERJ-170-200 (long wing),0
landing,LGA,31,1788835465.29,2026-09-08T02:44:25Z,40.778457,-73.870479,303.8,a384f8,N326DU,BCS3,AIRBUS A220-300,0
takeoff,LGA,13,1788835491.73,2026-09-08T02:44:51Z,40.775035,-73.869012,165.9,a39fb7,N33209,B738,BOEING 737-800,0
takeoff,JFK,31L,1788835507.05,2026-09-08T02:45:07Z,40.631468,-73.779264,300.9,8963f3,A6-EOV,A388,AIRBUS A-380-800,0
landing,JFK,31R,1788835529.17,2026-09-08T02:45:29Z,40.650639,-73.774506,300.9,a85c3e,N638JB,A320,AIRBUS A-320,0
takeoff,LGA,22,1788835541.99,2026-09-08T02:45:41Z,40.775391,-73.880493,212.5,a8902a,,,,
landing,LGA,31,1788835550.34,2026-09-08T02:45:50Z,40.777468,-73.868419,300.9,ac33c4,N8857Q,B38M,BOEING 737 MAX 8,0
takeoff,LGA,13,1788835565.72,2026-09-08T02:46:05Z,40.776886,-73.869542,123.8,a384f8,N326DU,BCS3,AIRBUS A220-300,0
takeoff,JFK,31L,1788835651.94,2026-09-08T02:47:31Z,40.630737,-73.777802,299.6,44019a,OE-EAU,PC12,PILATUS PC-12,0
takeoff,JFK,31L,1788835652.64,2026-09-08T02:47:32Z,40.630851,-73.778031,299.6,44019a,OE-EAU,PC12,PILATUS PC-12,0
landing,LGA,31,1788835665.17,2026-09-08T02:47:45Z,40.778446,-73.870438,300.9,a057cc,N121DZ,A321,AIRBUS A-321,0
takeoff,LGA,13,1788835687.42,2026-09-08T02:48:07Z,40.777014,-73.869948,143.4,ac33c4,N8857Q,B38M,BOEING 737 MAX 8,0
takeoff,JFK,31L,1788835728.23,2026-09-08T02:48:48Z,40.63084,-73.778015,300.9,8966d3,A6-XWJ,A35K,AIRBUS A-350-1000,0
takeoff,JFK,31L,1788835728.56,2026-09-08T02:48:48Z,40.630956,-73.778265,300.9,8966d3,A6-XWJ,A35K,AIRBUS A-350-1000,0
landing,LGA,31,1788835772.9,2026-09-08T02:49:32Z,40.777416,-73.868347,303.8,ac245c,N8813Q,B38M,BOEING 737 MAX 8,0
landing,JFK,31R,1788835804.26,2026-09-08T02:50:04Z,40.651393,-73.776174,300.9,a7398e,N565AS,B738,BOEING 737-800,0
takeoff,LGA,13,1788835862.93,2026-09-08T02:51:02Z,40.775379,-73.866394,123.8,a057cc,N121DZ,A321,AIRBUS A-321,0
landing,LGA,31,1788835866.53,2026-09-08T02:51:06Z,40.777852,-73.869199,300.9,c00dea,C-FFGZ,A321,AIRBUS A-321,0
takeoff,LGA,13,1788835876.88,2026-09-08T02:51:16Z,40.777107,-73.870026,129.4,ac245c,N8813Q,B38M,BOEING 737 MAX 8,0
takeoff,JFK,31L,1788835908.66,2026-09-08T02:51:48Z,40.630634,-73.777573,300.9,ab8862,N842MH,B764,BOEING 767-400,0
landing,LGA,31,1788836004.28,2026-09-08T02:53:24Z,40.777416,-73.868286,300.9,a39723,N330PQ,CRJ9,BOMBARDIER Regional Jet CRJ-900,0
takeoff,JFK,31L,1788836022.03,2026-09-08T02:53:42Z,40.631207,-73.778824,300.9,a39289,N3293J,BCS3,AIRBUS A220-300,0
takeoff,LGA,13,1788836063.11,2026-09-08T02:54:23Z,40.774818,-73.866776,120.9,c00dea,C-FFGZ,A321,AIRBUS A-321,0
landing,LGA,31,1788836073.03,2026-09-08T02:54:33Z,40.777473,-73.868439,303.8,abe8b6,N8669B,B738,BOEING 737-800,0
takeoff,JFK,31L,1788836083.19,2026-09-08T02:54:43Z,40.631161,-73.778717,300.9,347386,EC-NXC,A359,AIRBUS A-350-900,0
takeoff,LGA,13,1788836096.57,2026-09-08T02:54:56Z,40.77706,-73.869948,126.6,a39723,N330PQ,CRJ9,BOMBARDIER Regional Jet CRJ-900,0
landing,JFK,31R,1788836138.41,2026-09-08T02:55:38Z,40.65041,-73.773987,300.9,a39ab4,N331NB,A319,AIRBUS A-319,0
takeoff,LGA,13,1788836163.64,2026-09-08T02:56:03Z,40.777095,-73.870042,135.0,abe8b6,N8669B,B738,BOEING 737-800,0
takeoff,JFK,31L,1788836197.14,2026-09-08T02:56:37Z,40.630956,-73.778281,300.9,a6152a,N491PX,CRJ9,BOMBARDIER Regional Jet CRJ-900,0
landing,LGA,31,1788836211.84,2026-09-08T02:56:51Z,40.777462,-73.868378,303.8,aa6ed1,N771XF,A319,AIRBUS A-319,0
takeoff,JFK,31L,1788836270.22,2026-09-08T02:57:50Z,40.630394,-73.777054,300.9,acc040,N920XJ,CRJ9,BOMBARDIER Regional Jet CRJ-900,0
landing,LGA,31,1788836291.42,2026-09-08T02:58:11Z,40.777279,-73.867981,303.8,a3c259,N341PQ,CRJ9,BOMBARDIER Regional Jet CRJ-900,0
takeoff,JFK,31L,1788836346.41,2026-09-08T02:59:06Z,40.631149,-73.778687,299.6,407af1,G-ZBLF,B78X,BOEING 787-10 Dreamliner,0
landing,LGA,31,1788836387.72,2026-09-08T02:59:47Z,40.776304,-73.865953,303.8,a6ed3b,N54525,A21N,AIRBUS A-321neo,0
takeoff,LGA,13,1788836415.13,2026-09-08T03:00:15Z,40.776913,-73.869598,120.9,a3c259,N341PQ,CRJ9,BOMBARDIER Regional Jet CRJ-900,0
takeoff,JFK,31L,1788836443.81,2026-09-08T03:00:43Z,40.631012,-73.778427,299.6,48ae23,SP-LSD,B789,BOEING 787-9 Dreamliner,0
landing,JFK,31R,1788836471.69,2026-09-08T03:01:11Z,40.650959,-73.775208,300.9,86951c,JA793A,B77W,BOEING 777-300ER,0
landing,LGA,31,1788836490.28,2026-09-08T03:01:30Z,40.777828,-73.869156,300.9,ab686f,N834NN,B738,BOEING 737-800,0
takeoff,JFK,31L,1788836521.31,2026-09-08T03:02:01Z,40.63084,-73.778046,300.9,461f09,OH-LTP,A333,AIRBUS A-330-300,0
landing,LGA,31,1788836577.53,2026-09-08T03:02:57Z,40.778329,-73.870182,300.9,a05f37,N123DW,A321,AIRBUS A-321,0
takeoff,LGA,04,1788836620.46,2026-09-08T03:03:40Z,40.773464,-73.880591,33.8,aacf19,N796JB,A320,AIRBUS A-320,0
landing,JFK,31R,1788836641.51,2026-09-08T03:04:01Z,40.65088,-73.775019,300.9,a6a33f,N527DE,A21N,AIRBUS A-321neo,0
takeoff,LGA,13,1788836657.88,2026-09-08T03:04:17Z,40.777235,-73.870276,123.8,a05f37,N123DW,A321,AIRBUS A-321,0
takeoff,LGA,13,1788836660.56,2026-09-08T03:04:20Z,40.774826,-73.869371,146.2,a6ed3b,N54525,A21N,AIRBUS A-321neo,0
landing,LGA,31,1788836670.67,2026-09-08T03:04:30Z,40.778038,-73.86962,303.8,a44258,N37372,B38M,BOEING 737 MAX 8,0
landing,JFK,31L,1788836684.32,2026-09-08T03:04:44Z,40.642105,-73.802906,300.9,846def,JA15KZ,B748,BOEING 747-8,0
landing,JFK,31R,1788836745.61,2026-09-08T03:05:45Z,40.650627,-73.77446,300.9,abaf1e,N852DN,B739,BOEING 737-900,0
landing,LGA,31,1788836755.28,2026-09-08T03:05:55Z,40.7784,-73.870346,300.9,a0d19e,N152AA,A321,AIRBUS A-321,0
takeoff,JFK,31L,1788836789.09,2026-09-08T03:06:29Z,40.630623,-73.777542,300.9,a6d83c,N540DE,A21N,AIRBUS A-321neo,0
landing,JFK,31R,1788836877.44,2026-09-08T03:07:57Z,40.650936,-73.775146,300.9,a3795a,N3229J,BCS3,AIRBUS A220-300,0
landing,LGA,31,1788836888.32,2026-09-08T03:08:08Z,40.777095,-73.867623,300.9,a364e7,N318DU,BCS3,,0
takeoff,LGA,13,1788836922.72,2026-09-08T03:08:42Z,40.77459,-73.869659,123.8,a44258,N37372,B38M,BOEING 737 MAX 8,0
landing,JFK,31L,1788836948.61,2026-09-08T03:09:08Z,40.638544,-73.79501,300.9,a8e1cc,N6710E,B752,BOEING 757-200,0
landing,LGA,31,1788837005.47,2026-09-08T03:10:05Z,40.778748,-73.871103,300.9,abdcb5,N86322,E75L,EMBRAER ERJ-170-200 (long wing),0
takeoff,JFK,31L,1788837031.42,2026-09-08T03:10:31Z,40.63084,-73.778015,300.9,ac8985,N907DN,B739,BOEING 737-900,0
landing,LGA,31,1788837076.04,2026-09-08T03:11:16Z,40.778306,-73.870166,303.8,ab14d9,N813DN,B739,BOEING 737-900,0
takeoff,LGA,13,1788837101.93,2026-09-08T03:11:41Z,40.776775,-73.869308,123.8,abdcb5,N86322,E75L,EMBRAER ERJ-170-200 (long wing),0
takeoff,JFK,31L,1788837109.12,2026-09-08T03:11:49Z,40.630607,-73.777516,300.9,a7a956,N593JB,A320,AIRBUS A-320,0
takeoff,LGA,04,1788837126.03,2026-09-08T03:12:06Z,40.772106,-73.881714,30.9,a8697f,N641FR,A21N,AIRBUS A-321neo,0
takeoff,JFK,31L,1788837173.82,2026-09-08T03:12:53Z,40.630665,-73.777657,298.1,a21142,N232PQ,CRJ9,BOMBARDIER Regional Jet CRJ-900,0
landing,LGA,31,1788837234.26,2026-09-08T03:13:54Z,40.7784,-73.870361,300.9,a24720,N246JQ,E75L,EMBRAER ERJ-170-200 (long wing),0
takeoff,JFK,31L,1788837247.94,2026-09-08T03:14:07Z,40.631142,-73.778687,300.9,a38af8,N3272J,BCS3,AIRBUS A220-300,0
takeoff,JFK,31L,1788837312.24,2026-09-08T03:15:12Z,40.630351,-73.776939,300.9,acaf0b,N916XJ,CRJ9,BOMBARDIER Regional Jet CRJ-900,0
landing,JFK,31R,1788837314.7,2026-09-08T03:15:14Z,40.650869,-73.775004,300.9,a67452,N515DE,A21N,AIRBUS A-321neo,0
takeoff,LGA,13,1788837329.6,2026-09-08T03:15:29Z,40.775501,-73.866655,120.9,ab14d9,N813DN,B739,BOEING 737-900,0
takeoff,LGA,13,1788837352.38,2026-09-08T03:15:52Z,40.775524,-73.866671,120.9,a24720,N246JQ,E75L,EMBRAER ERJ-170-200 (long wing),0
landing,LGA,31,1788837371.7,2026-09-08T03:16:11Z,40.7784,-73.870331,303.8,abe7e3,N8663A,B738,BOEING 737-800,0
takeoff,JFK,31L,1788837391.27,2026-09-08T03:16:31Z,40.63148,-73.779404,300.9,89639d,A6-EOD,A388,AIRBUS A-380-800,0
landing,JFK,31R,1788837425.79,2026-09-08T03:17:05Z,40.650357,-73.773849,300.9,a9607d,N703JB,A320,AIRBUS A-320,0
landing,LGA,31,1788837498.06,2026-09-08T03:18:18Z,40.778527,-73.870619,300.9,ab84c9,N841NN,B738,BOEING 737-800,0
takeoff,LGA,13,1788837515.46,2026-09-08T03:18:35Z,40.777107,-73.87001,123.8,abe7e3,N8663A,B738,BOEING 737-800,0
landing,JFK,31R,1788837547.77,2026-09-08T03:19:07Z,40.650997,-73.775253,300.9,a1bc29,N2102J,A21N,AIRBUS A-321neo,0
takeoff,JFK,31L,1788837565.24,2026-09-08T03:19:25Z,40.630351,-73.776923,300.9,acab54,N915XJ,CRJ9,BOMBARDIER Regional Jet CRJ-900,0
landing,LGA,31,1788837590.9,2026-09-08T03:19:50Z,40.777473,-73.868393,300.9,ac761e,N9016S,BE35,BEECH 35 Bonanza,0
takeoff,LGA,13,1788837669.23,2026-09-08T03:21:09Z,40.777771,-73.871384,123.8,ac761e,N9016S,BE35,BEECH 35 Bonanza,0
landing,JFK,31R,1788837674.96,2026-09-08T03:21:14Z,40.651218,-73.775753,300.9,a0275c,N109NN,A321,AIRBUS A-321,0
landing,LGA,31,1788837724.94,2026-09-08T03:22:04Z,40.777572,-73.868621,300.9,a01f0d,N107DN,A321,AIRBUS A-321,0
landing,JFK,31R,1788837773.77,2026-09-08T03:22:53Z,40.65081,-73.774857,300.9,a7bf22,N599DA,A21N,AIRBUS A-321neo,0
takeoff,LGA,13,1788837826.04,2026-09-08T03:23:46Z,40.776878,-73.869522,123.8,a01f0d,N107DN,A321,AIRBUS A-321,0
landing,JFK,31R,1788837854.26,2026-09-08T03:24:14Z,40.651346,-73.776018,300.9,ab52a2,N829DN,B739,BOEING 737-900,0
landing,JFK,31R,1788837950.6,2026-09-08T03:25:50Z,40.651016,-73.775345,300.9,ad1927,N943JT,A321,AIRBUS A-321,0
landing,LGA,31,1788837958.78,2026-09-08T03:25:58Z,40.778364,-73.87026,303.8,a44a6d,N376DN,A321,AIRBUS A-321,0
landing,JFK,31R,1788838059.88,2026-09-08T03:27:39Z,40.651199,-73.775696,300.9,ace063,N929JB,A321,AIRBUS A-321,0
takeoff,LGA,13,1788838105.36,2026-09-08T03:28:25Z,40.775505,-73.866638,123.8,a44a6d,N376DN,A321,AIRBUS A-321,0
landing,LGA,31,1788838133.73,2026-09-08T03:28:53Z,40.778469,-73.870483,303.8,a52911,N431YX,E75L,EMBRAER ERJ-170-200 (long wing),0
landing,JFK,31R,1788838148.14,2026-09-08T03:29:08Z,40.651279,-73.775909,300.9,a33afd,N307TA,B38M,BOEING 737 MAX 8,0
landing,JFK,31R,1788838258.84,2026-09-08T03:30:58Z,40.651234,-73.775818,300.9,adb35c,N982JB,A321,AIRBUS A-321,0
landing,JFK,31R,1788838381.28,2026-09-08T03:33:01Z,40.64981,-73.772678,300.9,aa7f65,N776AV,A20N,AIRBUS A-320neo,0
takeoff,JFK,31L,1788838408.91,2026-09-08T03:33:28Z,40.630978,-73.778305,300.9,4cc574,TF-ICG,B38M,BOEING 737 MAX 8,0
landing,JFK,31R,1788838485.62,2026-09-08T03:34:45Z,40.650741,-73.774707,302.4,aaa32d,N785AV,B788,BOEING 787-8 Dreamliner,0
takeoff,JFK,31L,1788838501.56,2026-09-08T03:35:01Z,40.631235,-73.778889,300.9,a398bc,N3304J,BCS3,AIRBUS A220-300,0
takeoff,JFK,31L,1788838613.86,2026-09-08T03:36:53Z,40.630875,-73.778091,300.9,a1a435,N2047J,A21N,AIRBUS A-321neo,0
landing,LGA,31,1788838657.76,2026-09-08T03:37:37Z,40.778503,-73.87056,303.8,a44570,N3743H,B738,BOEING 737-800,0
landing,JFK,31R,1788838680.24,2026-09-08T03:38:00Z,40.650939,-73.77516,300.9,0d0c7c,XA-CCM,B38M,BOEING 737 MAX 8,0
takeoff,LGA,13,1788838761.65,2026-09-08T03:39:21Z,40.777142,-73.870087,120.9,a44570,N3743H,B738,BOEING 737-800,0
landing,JFK,31L,1788838805.5,2026-09-08T03:40:05Z,40.638988,-73.796005,300.9,a79386,N5879K,A333,AIRBUS A-330-300,0
takeoff,JFK,31L,1788838925.35,2026-09-08T03:42:05Z,40.631126,-73.778717,300.9,a845f4,N632JB,A320,AIRBUS A-320,0
landing,JFK,31R,1788838987.81,2026-09-08T03:43:07Z,40.653259,-73.780258,300.9,a009a4,N101NN,A321,AIRBUS A-321,0
takeoff,JFK,31L,1788839004.92,2026-09-08T03:43:24Z,40.630607,-73.7775,300.9,3965aa,F-GZNK,B77W,BOEING 777-300ER,0
landing,LGA,31,1788839131.54,2026-09-08T03:45:31Z,40.777689,-73.868856,303.8,abe3c8,N8650F,B738,BOEING 737-800,0
takeoff,JFK,31L,1788839191.44,2026-09-08T03:46:31Z,40.630595,-73.777485,300.9,ada227,N978JB,A321,AIRBUS A-321,0
takeoff,LGA,04,1788839215.98,2026-09-08T03:46:55Z,40.772312,-73.881559,30.9,a8bc71,N662JB,A320,AIRBUS A-320,0
takeoff,LGA,13,1788839232.5,2026-09-08T03:47:12Z,40.777279,-73.870377,120.9,abe3c8,N8650F,B738,BOEING 737-800,0
takeoff,LGA,04,1788839311.95,2026-09-08T03:48:31Z,40.772044,-73.881777,30.9,a85fb8,N639FR,A21N,AIRBUS A-321neo,0
landing,JFK,31L,1788839380.52,2026-09-08T03:49:40Z,40.636276,-73.790039,300.9,a80d47,N618JJ,CL60,BOMBARDIER CL-600 Challenger,0
takeoff,JFK,31L,1788839500.66,2026-09-08T03:51:40Z,40.635099,-73.787441,299.6,c8281c,ZK-NZR,B789,BOEING 787-9 Dreamliner,0
landing,LGA,31,1788839529.09,2026-09-08T03:52:09Z,40.778423,-73.870438,303.8,a04b24,N118NN,A321,AIRBUS A-321,0
landing,JFK,31R,1788839538.41,2026-09-08T03:52:18Z,40.651806,-73.777054,300.9,71c075,HL8075,B77L,BOEING 777-200LR,0
takeoff,LGA,22,1788839666.46,2026-09-08T03:54:26Z,40.776199,-73.876612,177.2,a04b24,N118NN,A321,AIRBUS A-321,0
takeoff,JFK,31L,1788839909.04,2026-09-08T03:58:29Z,40.631084,-73.778562,300.9,e8040c,CC-CXJ,B763,BOEING 767-300,0
takeoff,LGA,04,1788840007.82,2026-09-08T04:00:07Z,40.77528,-73.874021,56.2,a08a1a,N134AN,A321,AIRBUS A-321,0
landing,LGA,04,1788840254.51,2026-09-08T04:04:14Z,40.777817,-73.876999,30.9,acb9ed,N919US,A321,AIRBUS A-321,0
landing,LGA,04,1788840376.37,2026-09-08T04:06:16Z,40.776269,-73.878281,30.9,aaf183,N804JB,A320,AIRBUS A-320,0
takeoff,JFK,31L,1788840395.62,2026-09-08T04:06:35Z,40.631058,-73.778503,300.9,348310,EC-OLG,A333,AIRBUS A-330-300,0
landing,JFK,31L,1788840545.98,2026-09-08T04:09:05Z,40.63809,-73.794042,300.9,a6aaba,N529DT,A21N,AIRBUS A-321neo,0
landing,LGA,04,1788840636.95,2026-09-08T04:10:36Z,40.777439,-73.877304,33.8,a50549,N422YX,E75L,EMBRAER ERJ-170-200 (long wing),0
landing,JFK,31L,1788840704.44,2026-09-08T04:11:44Z,40.638165,-73.794189,300.9,a6ce7d,N538DN,A21N,AIRBUS A-321neo,0
takeoff,LGA,13,1788840726.5,2026-09-08T04:12:06Z,40.776901,-73.869965,165.9,a50549,N422YX,E75L,EMBRAER ERJ-170-200 (long wing),0
takeoff,JFK,31L,1788840789.53,2026-09-08T04:13:09Z,40.630409,-73.777079,300.9,a9b275,N724AN,B77W,BOEING 777-300ER,0
takeoff,JFK,31L,1788840883.4,2026-09-08T04:14:43Z,40.631058,-73.778503,300.9,407ed8,G-VEII,A339,AIRBUS A-330-900,0
landing,JFK,31R,1788840921.47,2026-09-08T04:15:21Z,40.650869,-73.775004,300.9,0c605c,9Y-GUY,B38M,BOEING 737 MAX 8,0
landing,JFK,31L,1788841069.15,2026-09-08T04:17:49Z,40.639263,-73.796631,300.9,a44d3f,N3766,B738,BOEING 737-800,0
takeoff,JFK,31L,1788841137.49,2026-09-08T04:18:57Z,40.629913,-73.776001,300.9,a4c6e9,N407CW,BE40,BEECH 400 Beechjet,0
takeoff,JFK,31L,1788841242.98,2026-09-08T04:20:42Z,40.630595,-73.777469,300.9,4ca9ba,EI-LRA,A21N,AIRBUS A-321neo,0
landing,JFK,31R,1788841295.55,2026-09-08T04:21:35Z,40.650776,-73.774826,300.9,a1a832,N2059J,A21N,AIRBUS A-321neo,0
takeoff,JFK,31L,1788841321.9,2026-09-08T04:22:01Z,40.630989,-73.778336,299.6,7380c6,4X-EDH,B789,BOEING 787-9 Dreamliner,0
landing,JFK,31R,1788841419.33,2026-09-08T04:23:39Z,40.650959,-73.775177,300.9,a7bfa0,N599JB,A320,AIRBUS A-320,0
takeoff,JFK,31L,1788841430.34,2026-09-08T04:23:50Z,40.630665,-73.777641,300.9,a13386,N177DN,B763,BOEING 767-300,0
takeoff,LGA,22,1788841525.73,2026-09-08T04:25:25Z,40.776146,-73.880875,210.9,400294,VP-CZS,H160,AIRBUS HELICOPTERS H-160,8
landing,JFK,31R,1788841538.23,2026-09-08T04:25:38Z,40.650181,-73.773468,300.9,ad675f,N963AV,A20N,,0
landing,JFK,31L,1788841621.82,2026-09-08T04:27:01Z,40.636857,-73.791343,300.9,a3cd58,N344NB,A319,AIRBUS A-319,0
landing,JFK,31R,1788841642.88,2026-09-08T04:27:22Z,40.651577,-73.77655,300.9,ad2f71,N949JT,A321,AIRBUS A-321,0
landing,JFK,31R,1788841758.53,2026-09-08T04:29:18Z,40.650718,-73.774676,300.9,0d0939,XA-VAN,A320,AIRBUS A-320,0
landing,JFK,31L,1788841827.56,2026-09-08T04:30:27Z,40.637101,-73.791858,300.9,a3c51a,N342DU,,,0
landing,LGA,04,1788841917.66,2026-09-08T04:31:57Z,40.775,-73.879358,33.8,a06a5a,N126DU,BCS1,AIRBUS A220-100,0
landing,JFK,31L,1788842008.56,2026-09-08T04:33:28Z,40.637844,-73.793503,300.9,accb65,N923XJ,CRJ9,BOMBARDIER Regional Jet CRJ-900,0
takeoff,LGA,13,1788842032.08,2026-09-08T04:33:52Z,40.776839,-73.870806,120.9,a06a5a,N126DU,BCS1,AIRBUS A220-100,0
landing,LGA,04,1788842276.88,2026-09-08T04:37:56Z,40.777247,-73.877501,33.8,a4e307,N414AL,A21N,AIRBUS A-321neo,0
landing,JFK,31R,1788842410.74,2026-09-08T04:40:10Z,40.651703,-73.776779,300.9,0c20be,HP-1852CMP,B738,BOEING 737-800,0
takeoff,JFK,31L,1788842442.95,2026-09-08T04:40:42Z,40.631023,-73.778427,299.6,47ae38,LN-FNL,B789,BOEING 787-9 Dreamliner,0
takeoff,LGA,13,1788842483.73,2026-09-08T04:41:23Z,40.77706,-73.869886,123.8,a4e307,N414AL,A21N,AIRBUS A-321neo,0
landing,JFK,31R,1788842677.92,2026-09-08T04:44:37Z,40.651463,-73.776306,300.9,a91b2b,N686TA,A320,AIRBUS A-320,0
takeoff,JFK,31L,1788842752.79,2026-09-08T04:45:52Z,40.635646,-73.788627,302.5,4bb184,TC-LLD,B789,BOEING 787-9 Dreamliner,0
landing,JFK,31R,1788842796.33,2026-09-08T04:46:36Z,40.651131,-73.775589,300.9,acfc56,N936DZ,B739,,0
takeoff,JFK,31L,1788842916.48,2026-09-08T04:48:36Z,40.631424,-73.779312,302.5,3451cf,EC-MIH,B788,BOEING 787-8 Dreamliner,0
landing,JFK,31R,1788842947.66,2026-09-08T04:49:07Z,40.650833,-73.774918,300.9,a39fe4,N3322J,,,0
landing,LGA,04,1788843313.92,2026-09-08T04:55:13Z,40.777235,-73.87747,33.8,a96ba2,N706JB,A320,AIRBUS A-320,0
takeoff,LGA,04,1788843530.28,2026-09-08T04:58:50Z,40.773663,-73.880432,30.9,aa6ed1,N771XF,A319,AIRBUS A-319,0
takeoff,LGA,13,1788843546.67,2026-09-08T04:59:06Z,40.775093,-73.865828,129.4,a96ba2,N706JB,A320,AIRBUS A-320,0
takeoff,JFK,31L,1788844120.96,2026-09-08T05:08:40Z,40.631195,-73.778809,300.9,780a3e,B-LJI,B748,BOEING 747-8,0
takeoff,JFK,31L,1788844287.0,2026-09-08T05:11:27Z,40.630665,-73.777641,300.9,71c346,HL8346,B77W,BOEING 777-300ER,0
landing,JFK,31L,1788844686.04,2026-09-08T05:18:06Z,40.638531,-73.794998,300.9,a12fda,N176DZ,B763,BOEING 767-300,0
takeoff,JFK,31L,1788844808.24,2026-09-08T05:20:08Z,40.630955,-73.77829,300.9,39d2b3,F-HUVT,A359,AIRBUS A-350-900,0
landing,JFK,31R,1788844809.77,2026-09-08T05:20:09Z,40.650776,-73.77478,300.9,adc238,N986JB,A321,AIRBUS A-321,0
landing,JFK,31R,1788844940.87,2026-09-08T05:22:20Z,40.649998,-73.773071,300.9,06a0e8,A7-AMI,A359,AIRBUS A-350-900,0
takeoff,JFK,31L,1788844945.63,2026-09-08T05:22:25Z,40.630397,-73.777032,300.9,aa7f65,N776AV,A20N,AIRBUS A-320neo,0
landing,JFK,31R,1788845081.15,2026-09-08T05:24:41Z,40.650444,-73.774033,300.9,a894f2,N652JB,A320,AIRBUS A-320,0
landing,JFK,31R,1788845183.98,2026-09-08T05:26:23Z,40.651016,-73.775299,300.9,adf4e9,N999JQ,A321,AIRBUS A-321,0
landing,JFK,31L,1788845334.69,2026-09-08T05:28:54Z,40.63731,-73.792373,300.9,a939e8,N694DL,B752,BOEING 757-200,0
landing,LGA,04,1788845361.48,2026-09-08T05:29:21Z,40.778618,-73.876328,30.9,a8ab3c,N658JB,A320,AIRBUS A-320,0
takeoff,LGA,13,1788845567.33,2026-09-08T05:32:47Z,40.776947,-73.869843,143.4,a8ab3c,N658JB,A320,AIRBUS A-320,0
takeoff,JFK,31L,1788845750.86,2026-09-08T05:35:50Z,40.630795,-73.777939,300.9,89902f,B-16726,B77W,BOEING 777-300ER,0
takeoff,JFK,31L,1788846078.57,2026-09-08T05:41:18Z,40.631012,-73.778412,300.9,8418b4,JA06WJ,A35K,AIRBUS A-350-1000,0
landing,JFK,31R,1788846112.14,2026-09-08T05:41:52Z,40.650997,-73.775285,300.9,ac72f7,N901AV,A20N,AIRBUS A-320neo,0
takeoff,JFK,31L,1788846308.51,2026-09-08T05:45:08Z,40.631561,-73.779592,302.5,aaa32d,N785AV,B788,BOEING 787-8 Dreamliner,0
landing,JFK,31R,1788846750.14,2026-09-08T05:52:30Z,40.649984,-73.773022,300.9,a721a4,N559JB,A320,AIRBUS A-320,0
takeoff,JFK,31L,1788847006.17,2026-09-08T05:56:46Z,40.631435,-73.779266,300.9,71be34,HL7634,A388,AIRBUS A-380-800,0
landing,JFK,31R,1788847028.68,2026-09-08T05:57:08Z,40.650182,-73.77349,300.9,a967eb,N705JB,A320,AIRBUS A-320,0
takeoff,JFK,31L,1788847207.81,2026-09-08T06:00:07Z,40.630735,-73.777797,300.9,86951c,JA793A,B77W,BOEING 777-300ER,0
takeoff,JFK,31L,1788847442.18,2026-09-08T06:04:02Z,40.631046,-73.778458,300.9,71c075,HL8075,B77L,BOEING 777-200LR,0
takeoff,JFK,31L,1788847564.59,2026-09-08T06:06:04Z,40.631367,-73.779221,300.9,846def,JA15KZ,B748,BOEING 747-8,0
takeoff,JFK,31L,1788847662.08,2026-09-08T06:07:42Z,40.630737,-73.777786,300.9,789246,B-LXN,A35K,AIRBUS A-350-1000,0
landing,JFK,31L,1788847894.09,2026-09-08T06:11:34Z,40.638032,-73.793871,300.9,a360ea,N317AZ,B763,BOEING 767-300,0
takeoff,JFK,31L,1788848040.97,2026-09-08T06:14:00Z,40.630235,-73.776705,300.9,ad675f,N963AV,A20N,,0
takeoff,JFK,31L,1788848168.23,2026-09-08T06:16:08Z,40.636162,-73.789764,300.9,a79386,N5879K,A333,AIRBUS A-330-300,0
takeoff,JFK,31L,1788848492.75,2026-09-08T06:21:32Z,40.631329,-73.779061,300.9,780cb6,B-2485,B748,BOEING 747-8,0
landing,JFK,31R,1788848748.84,2026-09-08T06:25:48Z,40.649542,-73.772101,300.9,a1a3cc,N2044J,A21N,AIRBUS A-321neo,0
takeoff,JFK,31L,1788848795.25,2026-09-08T06:26:35Z,40.630712,-73.777719,300.9,0c20cf,HP-1855CMP,B738,BOEING 737-800,0
landing,JFK,31L,1788848795.8,2026-09-08T06:26:35Z,40.630852,-73.778015,300.9,0c20cf,HP-1855CMP,B738,BOEING 737-800,0
takeoff,JFK,31L,1788848795.8,2026-09-08T06:26:35Z,40.630852,-73.778015,300.9,0c20cf,HP-1855CMP,B738,BOEING 737-800,0
takeoff,JFK,31L,1788849169.13,2026-09-08T06:32:49Z,40.63496,-73.787145,300.9,4d0116,LX-VCL,B748,BOEING 747-8,0
landing,JFK,31R,1788849572.41,2026-09-08T06:39:32Z,40.651358,-73.776096,300.9,a19d0d,N2029J,A21N,AIRBUS A-321neo,0
landing,JFK,31L,1788850359.23,2026-09-08T06:52:39Z,40.639219,-73.796524,300.9,a449e5,N3758Y,B738,BOEING 737-800,0
takeoff,JFK,31L,1788850808.69,2026-09-08T07:00:08Z,40.630537,-73.777329,300.9,a91b2b,N686TA,A320,AIRBUS A-320,0
landing,JFK,31R,1788850983.73,2026-09-08T07:03:03Z,40.650284,-73.773697,299.6,ab7268,N837AN,B789,BOEING 787-9 Dreamliner,0
landing,JFK,31R,1788851418.77,2026-09-08T07:10:18Z,40.650857,-73.774941,300.9,aa490a,N762AV,A20N,AIRBUS A-320neo,0
takeoff,JFK,31L,1788852589.61,2026-09-08T07:29:49Z,40.630566,-73.77742,300.9,ac72f7,N901AV,A20N,AIRBUS A-320neo,0
landing,JFK,31L,1788852745.94,2026-09-08T07:32:25Z,40.640133,-73.798523,300.9,aca5e5,N914DU,B739,BOEING 737-900,0
landing,JFK,31R,1788853057.9,2026-09-08T07:37:37Z,40.651817,-73.777084,300.9,0c208d,HP-1830CMP,B738,BOEING 737-800,0
takeoff,JFK,31L,1788853138.69,2026-09-08T07:38:58Z,40.630978,-73.77832,300.9,06a0e8,A7-AMI,A359,AIRBUS A-350-900,0
takeoff,JFK,31L,1788854373.0,2026-09-08T07:59:33Z,40.630525,-73.777329,300.9,0d0939,XA-VAN,A320,AIRBUS A-320,0
landing,JFK,31R,1788855253.29,2026-09-08T08:14:13Z,40.650927,-73.775128,300.9,405f32,G-DHLE,B763,BOEING 767-300,0
takeoff,JFK,13L,1788855388.37,2026-09-08T08:16:28Z,40.65414,-73.778992,78.8,405f32,G-DHLE,B763,BOEING 767-300,0
landing,JFK,31R,1788855452.6,2026-09-08T08:17:32Z,40.653008,-73.779694,300.9,a95ca4,N702GT,B77L,BOEING 777-200LR,0
landing,JFK,31R,1788855726.58,2026-09-08T08:22:06Z,40.657391,-73.780121,289.7,405f32,G-DHLE,B763,BOEING 767-300,0
landing,JFK,31R,1788855964.21,2026-09-08T08:26:04Z,40.651188,-73.775726,300.9,adc5ff,N987JT,A321,AIRBUS A-321,0
landing,JFK,31L,1788856384.68,2026-09-08T08:33:04Z,40.639848,-73.797881,300.9,ac4d1a,N892DN,B739,BOEING 737-900,0
landing,JFK,31R,1788856530.59,2026-09-08T08:35:30Z,40.650822,-73.774872,300.9,0c6063,9Y-GRN,B38M,BOEING 737 MAX 8,0
landing,JFK,31L,1788857200.45,2026-09-08T08:46:40Z,40.637404,-73.792529,300.9,a9b06f,N723TW,B752,BOEING 757-200,0
landing,JFK,31R,1788857365.26,2026-09-08T08:49:25Z,40.650659,-73.774535,300.9,a1ddbb,N2193J,A21N,AIRBUS A-321neo,0
landing,JFK,31L,1788857525.83,2026-09-08T08:52:05Z,40.637171,-73.792014,300.9,a9acb8,N722TW,B752,BOEING 757-200,0
landing,JFK,31R,1788857652.69,2026-09-08T08:54:12Z,40.651062,-73.775436,300.9,a35109,N3123J,BCS3,AIRBUS A220-300,0
landing,JFK,31L,1788857868.35,2026-09-08T08:57:48Z,40.639389,-73.79689,300.9,a539c9,N436DX,A339,AIRBUS A-330-900,0
landing,JFK,31R,1788858072.06,2026-09-08T09:01:12Z,40.651382,-73.776154,300.9,ac7e1c,N904AV,A20N,,0
landing,JFK,31L,1788858227.5,2026-09-08T09:03:47Z,40.639,-73.796036,300.9,ab772d,N838MH,B764,BOEING 767-400,0
takeoff,JFK,31L,1788858418.09,2026-09-08T09:06:58Z,40.630989,-73.778366,300.9,ad8836,N971JT,A321,AIRBUS A-321,0
landing,JFK,31R,1788858492.48,2026-09-08T09:08:12Z,40.651016,-73.775345,300.9,a386fb,N3260J,BCS3,,0
takeoff,JFK,31L,1788858504.49,2026-09-08T09:08:24Z,40.630394,-73.777054,300.9,aa490a,N762AV,A20N,AIRBUS A-320neo,0
takeoff,JFK,31L,1788858597.74,2026-09-08T09:09:57Z,40.630409,-73.777064,300.9,aab2bf,N789JB,A320,AIRBUS A-320,0
landing,JFK,31R,1788858698.04,2026-09-08T09:11:38Z,40.650485,-73.774161,300.9,495065,CS-TCE,A332,AIRBUS A-330-200,0
landing,JFK,31R,1788858869.75,2026-09-08T09:14:29Z,40.650624,-73.774457,300.9,0acac0,HK-5422,A320,AIRBUS A-320,0
takeoff,JFK,31L,1788859019.01,2026-09-08T09:16:59Z,40.631457,-73.779404,300.9,a3514f,N3125J,BCS3,,0
landing,JFK,31R,1788859313.84,2026-09-08T09:21:53Z,40.649952,-73.772964,300.9,789203,B-LRV,A359,AIRBUS A-350-900,0
takeoff,JFK,31L,1788859435.26,2026-09-08T09:23:55Z,40.630886,-73.778137,300.9,0c605c,9Y-GUY,B38M,BOEING 737 MAX 8,0
landing,JFK,31R,1788859575.62,2026-09-08T09:26:15Z,40.650752,-73.774754,299.6,ab4e94,N828AA,B789,BOEING 787-9 Dreamliner,0
landing,JFK,31R,1788859749.11,2026-09-08T09:29:09Z,40.650581,-73.774368,300.9,a33ca9,N3077J,BCS3,AIRBUS A220-300,0
landing,JFK,31R,1788859869.04,2026-09-08T09:31:09Z,40.652382,-73.778328,300.9,ac9e23,N912AK,B39M,BOEING 737 MAX 9,0
landing,JFK,31R,1788860048.37,2026-09-08T09:34:08Z,40.651039,-73.77536,300.9,a36799,N3185J,BCS3,AIRBUS A220-300,0
landing,JFK,31L,1788860390.3,2026-09-08T09:39:50Z,40.638542,-73.795013,300.9,a7f2d2,N611DT,A21N,AIRBUS A-321neo,0
landing,JFK,31R,1788860402.97,2026-09-08T09:40:02Z,40.650707,-73.774612,300.9,a5c895,N472AN,A21N,AIRBUS A-321neo,0
takeoff,JFK,31L,1788860461.63,2026-09-08T09:41:01Z,40.630394,-73.777054,300.9,a98f6a,N715JB,A320,AIRBUS A-320,0
landing,JFK,31R,1788860538.44,2026-09-08T09:42:18Z,40.64988,-73.772834,300.9,0aca5e,HK-5390,A20N,AIRBUS A-320neo,0
landing,JFK,31R,1788860691.5,2026-09-08T09:44:51Z,40.651218,-73.775768,300.9,a01c37,N106NN,A321,AIRBUS A-321,0
landing,JFK,31R,1788860898.58,2026-09-08T09:48:18Z,40.650867,-73.775024,300.9,a976c7,N709JB,A320,AIRBUS A-320,0
landing,JFK,31R,1788861015.9,2026-09-08T09:50:15Z,40.650485,-73.774177,300.9,738076,4X-ECF,B772,BOEING 777-200,0
landing,JFK,31R,1788861193.31,2026-09-08T09:53:13Z,40.651108,-73.775513,300.9,3c68cb,D-AJFK,A333,AIRBUS A-330-300,0
takeoff,LGA,04,1788861310.29,2026-09-08T09:55:10Z,40.775242,-73.873901,11.2,ab686f,N834NN,B738,BOEING 737-800,0
landing,JFK,31R,1788861360.46,2026-09-08T09:56:00Z,40.649577,-73.772163,300.9,a3e08d,N349UP,B763,BOEING 767-300,0
landing,JFK,31R,1788861573.29,2026-09-08T09:59:33Z,40.652393,-73.778328,300.9,a01fee,N107NN,A321,AIRBUS A-321,0
takeoff,JFK,31L,1788861688.06,2026-09-08T10:01:28Z,40.630348,-73.776947,300.9,ac4d1a,N892DN,B739,BOEING 737-900,0
takeoff,JFK,31L,1788861901.28,2026-09-08T10:05:01Z,40.634308,-73.78569,300.9,73805e,,,,
takeoff,JFK,31L,1788861901.84,2026-09-08T10:05:01Z,40.634399,-73.785904,300.9,73805e,,,,
landing,JFK,31R,1788861927.51,2026-09-08T10:05:27Z,40.650398,-73.773956,300.9,ade252,N994JL,A321,AIRBUS A-321,0
takeoff,JFK,31L,1788861962.17,2026-09-08T10:06:02Z,40.630348,-73.776932,300.9,a7bf22,N599DA,A21N,AIRBUS A-321neo,0
takeoff,JFK,31L,1788862015.25,2026-09-08T10:06:55Z,40.628722,-73.773365,300.9,a19691,N201JQ,E75L,EMBRAER ERJ-170-200 (long wing),0
landing,JFK,31R,1788862029.23,2026-09-08T10:07:09Z,40.651102,-73.775503,300.9,ad3581,N950JT,A321,AIRBUS A-321,0
takeoff,JFK,31L,1788862093.74,2026-09-08T10:08:13Z,40.630688,-73.777688,300.9,a19d0d,N2029J,A21N,AIRBUS A-321neo,0
takeoff,LGA,13,1788862139.11,2026-09-08T10:08:59Z,40.775471,-73.866577,123.8,a52911,N431YX,E75L,EMBRAER ERJ-170-200 (long wing),0
landing,JFK,31R,1788862160.57,2026-09-08T10:09:20Z,40.650707,-73.774689,300.9,acab54,N915XJ,CRJ9,BOMBARDIER Regional Jet CRJ-900,0
landing,JFK,31L,1788862186.75,2026-09-08T10:09:46Z,40.638544,-73.795026,300.9,a7a8ed,N593DX,A21N,,0
takeoff,JFK,31L,1788862248.07,2026-09-08T10:10:48Z,40.630619,-73.777532,300.9,a6cb48,N537JT,A320,AIRBUS A-320,0
takeoff,LGA,13,1788862285.95,2026-09-08T10:11:25Z,40.775459,-73.866562,123.8,ab774b,N838NN,B738,BOEING 737-800,0
landing,JFK,31L,1788862372.42,2026-09-08T10:12:52Z,40.638119,-73.794083,300.9,a6b470,N531DA,A21N,AIRBUS A-321neo,0
takeoff,JFK,31L,1788862446.84,2026-09-08T10:14:06Z,40.630619,-73.777532,300.9,a337b9,N306XR,,,0
takeoff,JFK,31L,1788862549.71,2026-09-08T10:15:49Z,40.630607,-73.7775,300.9,a02c40,N110AN,A321,AIRBUS A-321,0
landing,LGA,22,1788862577.83,2026-09-08T10:16:17Z,40.777428,-73.877319,213.8,ac4d1a,N892DN,B739,BOEING 737-900,0
takeoff,JFK,31L,1788862614.04,2026-09-08T10:16:54Z,40.630531,-73.777359,300.9,ac72af,N9008U,A319,AIRBUS A-319,0
takeoff,LGA,13,1788862638.59,2026-09-08T10:17:18Z,40.772347,-73.860054,123.8,adc17b,N986AN,A321,AIRBUS A-321,0
takeoff,JFK,31L,1788862677.28,2026-09-08T10:17:57Z,40.630607,-73.777516,300.9,adc238,N986JB,A321,AIRBUS A-321,0
takeoff,JFK,31L,1788862795.08,2026-09-08T10:19:55Z,40.630549,-73.777407,300.9,adb35c,N982JB,A321,AIRBUS A-321,0
takeoff,LGA,13,1788862805.12,2026-09-08T10:20:05Z,40.775391,-73.867828,132.2,ac4d1a,N892DN,B739,BOEING 737-900,0
landing,JFK,31R,1788862816.73,2026-09-08T10:20:16Z,40.65247,-73.778564,300.9,a999d2,N718AN,B77W,BOEING 777-300ER,0
takeoff,JFK,31L,1788862906.6,2026-09-08T10:21:46Z,40.630486,-73.777267,300.9,a939e8,N694DL,B752,BOEING 757-200,0
landing,JFK,31R,1788862998.16,2026-09-08T10:23:18Z,40.649984,-73.773053,298.1,a21142,N232PQ,CRJ9,BOMBARDIER Regional Jet CRJ-900,0
takeoff,LGA,13,1788863005.36,2026-09-08T10:23:25Z,40.775494,-73.866623,120.9,a43bc6,N372FR,A20N,AIRBUS A-320neo,0
takeoff,JFK,31L,1788863039.5,2026-09-08T10:23:59Z,40.630584,-73.777485,300.9,0c20be,HP-1852CMP,B738,BOEING 737-800,0
takeoff,JFK,31L,1788863104.44,2026-09-08T10:25:04Z,40.631014,-73.778421,300.9,a360ea,N317AZ,B763,BOEING 767-300,0
landing,JFK,31L,1788863166.45,2026-09-08T10:26:06Z,40.638893,-73.79579,303.8,a77dae,N582DN,A21N,,0
takeoff,JFK,31L,1788863232.05,2026-09-08T10:27:12Z,40.63063,-73.777547,300.9,aded77,N997JL,A321,AIRBUS A-321,0
landing,LGA,22,1788863292.79,2026-09-08T10:28:12Z,40.776421,-73.878159,210.9,ac83d5,N905XJ,CRJ9,BOMBARDIER Regional Jet CRJ-900,0
takeoff,JFK,31L,1788863316.69,2026-09-08T10:28:36Z,40.630944,-73.778265,300.9,a34978,N3102J,BCS3,AIRBUS A220-300,0
landing,JFK,31R,1788863340.42,2026-09-08T10:29:00Z,40.650387,-73.773941,300.9,acc040,N920XJ,CRJ9,BOMBARDIER Regional Jet CRJ-900,0
landing,LGA,22,1788863410.68,2026-09-08T10:30:10Z,40.774512,-73.87967,208.1,a046f2,N117HQ,E75L,EMBRAER ERJ-170-200 (long wing),0
landing,JFK,31R,1788863445.17,2026-09-08T10:30:45Z,40.650892,-73.775082,300.9,a479b2,N388HA,A332,AIRBUS A-330-200,0
takeoff,LGA,13,1788863486.08,2026-09-08T10:31:26Z,40.775391,-73.867844,126.6,ac83d5,N905XJ,CRJ9,BOMBARDIER Regional Jet CRJ-900,0
takeoff,JFK,31R,1788863517.59,2026-09-08T10:31:57Z,40.647812,-73.76825,300.9,405f32,G-DHLE,B763,BOEING 767-300,0
landing,JFK,31R,1788863591.02,2026-09-08T10:33:11Z,40.651073,-73.775467,300.9,a37fb0,N3241J,BCS3,AIRBUS A220-300,0
takeoff,JFK,31L,1788863672.56,2026-09-08T10:34:32Z,40.630619,-73.777532,299.6,ab7268,N837AN,B789,BOEING 787-9 Dreamliner,0
landing,JFK,31R,1788863685.99,2026-09-08T10:34:45Z,40.651486,-73.776377,300.9,a4008e,N357TY,B38M,,0
landing,JFK,31L,1788863767.31,2026-09-08T10:36:07Z,40.637904,-73.793637,300.9,a13af4,N179DN,B763,BOEING 767-300,0
landing,JFK,31R,1788863789.29,2026-09-08T10:36:29Z,40.64938,-73.771744,300.9,aa099e,N746JB,A320,AIRBUS A-320,0
takeoff,LGA,13,1788863814.9,2026-09-08T10:36:54Z,40.77673,-73.870605,123.8,a4fddb,N420YX,E75L,EMBRAER ERJ-170-200 (long wing),0
takeoff,LGA,31,1788863840.92,2026-09-08T10:37:20Z,40.772392,-73.857788,300.9,aa91f5,N780QS,CL35,BOMBARDIER BD-100 Challenger 350,0
takeoff,JFK,31L,1788863848.31,2026-09-08T10:37:28Z,40.630566,-73.777435,300.9,a9607d,N703JB,A320,AIRBUS A-320,0
takeoff,JFK,31L,1788863908.7,2026-09-08T10:38:28Z,40.631387,-73.779233,300.9,a3795a,N3229J,BCS3,AIRBUS A220-300,0
takeoff,JFK,31L,1788863965.75,2026-09-08T10:39:25Z,40.628895,-73.773758,303.8,a01f73,N107HQ,E75L,EMBRAER ERJ-170-200 (long wing),0
takeoff,LGA,13,1788864002.77,2026-09-08T10:40:02Z,40.775326,-73.866296,123.8,a771af,N579UW,A321,AIRBUS A-321,0
landing,JFK,31R,1788864019.47,2026-09-08T10:40:19Z,40.651835,-73.777142,300.9,ad6bdc,N964JT,A321,AIRBUS A-321,0
takeoff,JFK,31L,1788864065.51,2026-09-08T10:41:05Z,40.634063,-73.785147,300.9,ac7e1c,N904AV,A20N,,0
landing,LGA,22,1788864194.58,2026-09-08T10:43:14Z,40.777561,-73.87722,210.9,aceb76,N931XJ,CRJ9,BOMBARDIER Regional Jet CRJ-900,0
takeoff,JFK,31L,1788864328.73,2026-09-08T10:45:28Z,40.630595,-73.777469,300.9,a3ca01,N343RY,B38M,BOEING 737 MAX 8,0
takeoff,LGA,13,1788864385.05,2026-09-08T10:46:25Z,40.776979,-73.869729,123.8,aceb76,N931XJ,CRJ9,BOMBARDIER Regional Jet CRJ-900,0
takeoff,JFK,31L,1788864392.12,2026-09-08T10:46:32Z,40.630692,-73.777725,300.9,a1e411,N2205J,A21N,AIRBUS A-321neo,0
takeoff,JFK,31L,1788864473.41,2026-09-08T10:47:53Z,40.63052,-73.777313,300.9,a1a3cc,N2044J,A21N,AIRBUS A-321neo,0
takeoff,JFK,31L,1788864549.32,2026-09-08T10:49:09Z,40.630623,-73.777542,300.9,ac8289,N905JB,A321,AIRBUS A-321,0
landing,LGA,22,1788864612.25,2026-09-08T10:50:12Z,40.776897,-73.877766,208.1,a1584a,N186PQ,CRJ9,BOMBARDIER Regional Jet CRJ-900,0
landing,JFK,31R,1788864768.87,2026-09-08T10:52:48Z,40.652091,-73.777766,300.9,ac7b1b,N903JB,A321,AIRBUS A-321,0
takeoff,LGA,13,1788864782.47,2026-09-08T10:53:02Z,40.776901,-73.869583,115.3,a1584a,N186PQ,CRJ9,BOMBARDIER Regional Jet CRJ-900,0
takeoff,JFK,31L,1788864829.34,2026-09-08T10:53:49Z,40.630829,-73.778,300.9,a894f2,N652JB,A320,AIRBUS A-320,0
takeoff,JFK,31L,1788864890.16,2026-09-08T10:54:50Z,40.631282,-73.779014,300.9,a35109,N3123J,BCS3,AIRBUS A220-300,0
landing,LGA,22,1788864932.22,2026-09-08T10:55:32Z,40.775768,-73.878671,213.8,a37e80,N324PQ,CRJ9,BOMBARDIER Regional Jet CRJ-900,0
landing,JFK,31R,1788864973.75,2026-09-08T10:56:13Z,40.652347,-73.77825,300.9,a4d04c,N409YX,E75L,EMBRAER ERJ-170-200 (long wing),0
landing,LGA,22,1788865052.19,2026-09-08T10:57:32Z,40.775361,-73.87903,213.8,a8a0d9,N655RW,E170,EMBRAER ERJ-170-100,0
takeoff,LGA,04,1788865080.08,2026-09-08T10:58:00Z,40.776077,-73.876907,36.6,a37e80,N324PQ,CRJ9,BOMBARDIER Regional Jet CRJ-900,0
landing,JFK,31R,1788865106.41,2026-09-08T10:58:26Z,40.652347,-73.778296,300.9,a4c8de,N407YX,E75L,EMBRAER ERJ-170-200 (long wing),0
takeoff,LGA,04,1788865154.45,2026-09-08T10:59:14Z,40.776083,-73.87669,73.1,a8a0d9,N655RW,E170,EMBRAER ERJ-170-100,0
landing,LGA,22,1788865185.82,2026-09-08T10:59:45Z,40.779132,-73.875925,213.8,c05ed9,C-GJXW,BCS3,AIRBUS A220-300,0
landing,JFK,31R,1788865187.51,2026-09-08T10:59:47Z,40.65173,-73.776923,300.9,acf54f,N934JB,A321,AIRBUS A-321,0
takeoff,JFK,31L,1788865215.47,2026-09-08T11:00:15Z,40.631038,-73.778468,300.9,ad4afe,N956AN,B738,BOEING 737-800,0
takeoff,JFK,31L,1788865266.44,2026-09-08T11:01:06Z,40.630474,-73.777222,300.9,0acac0,HK-5422,A320,AIRBUS A-320,0
landing,JFK,31R,1788865282.97,2026-09-08T11:01:22Z,40.650959,-73.775208,302.4,04c11c,5Y-KZF,B788,BOEING 787-8 Dreamliner,0
landing,LGA,22,1788865300.21,2026-09-08T11:01:40Z,40.775291,-73.879077,210.9,a1b449,N209JQ,E75L,EMBRAER ERJ-170-200 (long wing),0
takeoff,JFK,31L,1788865325.23,2026-09-08T11:02:05Z,40.63044,-73.777161,300.9,a85c3e,N638JB,A320,AIRBUS A-320,0
takeoff,LGA,13,1788865364.2,2026-09-08T11:02:44Z,40.776833,-73.870789,123.8,c05ed9,C-GJXW,BCS3,AIRBUS A220-300,0
landing,JFK,31R,1788865417.27,2026-09-08T11:03:37Z,40.651649,-73.77672,300.9,adbdc1,N985AK,B39M,BOEING 737 MAX 9,0
takeoff,LGA,13,1788865457.76,2026-09-08T11:04:17Z,40.777014,-73.869823,123.8,a1b449,N209JQ,E75L,EMBRAER ERJ-170-200 (long wing),0
landing,LGA,22,1788865482.95,2026-09-08T11:04:42Z,40.776723,-73.877907,213.8,a3dc5a,N348PQ,CRJ9,BOMBARDIER Regional Jet CRJ-900,0
landing,JFK,31R,1788865516.17,2026-09-08T11:05:16Z,40.650904,-73.775113,300.9,a358bd,N3145J,BCS3,AIRBUS A220-300,0
landing,JFK,31R,1788865611.22,2026-09-08T11:06:51Z,40.650531,-73.774301,300.9,a37517,N3215J,BCS3,AIRBUS A220-300,0
landing,LGA,22,1788865636.56,2026-09-08T11:07:16Z,40.774509,-73.879639,202.5,ac0a75,N875RW,E170,EMBRAER ERJ-170-100,0
takeoff,LGA,13,1788865686.81,2026-09-08T11:08:06Z,40.777118,-73.870042,123.8,a3dc5a,N348PQ,CRJ9,BOMBARDIER Regional Jet CRJ-900,0
takeoff,JFK,31L,1788865698.35,2026-09-08T11:08:18Z,40.630955,-73.778275,300.9,adea26,N996NN,B738,BOEING 737-800,0
landing,JFK,31R,1788865707.31,2026-09-08T11:08:27Z,40.650636,-73.77452,300.9,acaf0b,N916XJ,CRJ9,BOMBARDIER Regional Jet CRJ-900,0
landing,LGA,22,1788865736.17,2026-09-08T11:08:56Z,40.774896,-73.879405,210.9,a19dff,N203JQ,E75L,EMBRAER ERJ-170-200 (long wing),0
takeoff,JFK,31L,1788865775.7,2026-09-08T11:09:35Z,40.630966,-73.778336,300.9,ac760d,N9016,A319,AIRBUS A-319,0
takeoff,LGA,13,1788865778.02,2026-09-08T11:09:38Z,40.777016,-73.869827,118.1,ac0a75,N875RW,E170,EMBRAER ERJ-170-100,0
landing,JFK,31R,1788865802.28,2026-09-08T11:10:02Z,40.651625,-73.776673,300.9,a1a1b6,N204JQ,E75L,EMBRAER ERJ-170-200 (long wing),0
landing,LGA,22,1788865841.06,2026-09-08T11:10:41Z,40.77429,-73.879764,196.9,a19a48,N202JQ,E75L,EMBRAER ERJ-170-200 (long wing),0
takeoff,JFK,31L,1788865850.82,2026-09-08T11:10:50Z,40.631172,-73.778748,300.9,a4b827,N403DX,A339,AIRBUS A-330-900,0
takeoff,LGA,13,1788865889.77,2026-09-08T11:11:29Z,40.777037,-73.86987,123.8,a19dff,N203JQ,E75L,EMBRAER ERJ-170-200 (long wing),0
landing,JFK,31R,1788865897.13,2026-09-08T11:11:37Z,40.65033,-73.773819,300.9,a39925,N3307J,BCS3,AIRBUS A220-300,0
takeoff,LGA,13,1788865914.27,2026-09-08T11:11:54Z,40.775466,-73.867935,123.8,a08a1a,N134AN,A321,AIRBUS A-321,0
landing,LGA,22,1788865921.94,2026-09-08T11:12:01Z,40.774876,-73.879364,208.1,a51425,N426YX,E75L,EMBRAER ERJ-170-200 (long wing),0
takeoff,JFK,31L,1788865981.51,2026-09-08T11:13:01Z,40.630409,-73.777095,300.9,a7bfa0,N599JB,A320,AIRBUS A-320,0
landing,JFK,31R,1788865988.99,2026-09-08T11:13:08Z,40.651078,-73.775472,300.9,a3549d,N3132J,BCS3,AIRBUS A220-300,0
takeoff,LGA,13,1788865990.04,2026-09-08T11:13:10Z,40.777014,-73.869823,120.9,a19a48,N202JQ,E75L,EMBRAER ERJ-170-200 (long wing),0
landing,LGA,22,1788866006.35,2026-09-08T11:13:26Z,40.775093,-73.879218,210.9,a05827,N121HQ,E75L,EMBRAER ERJ-170-200 (long wing),0
landing,LGA,22,1788866079.16,2026-09-08T11:14:39Z,40.777325,-73.877396,205.3,a18380,N197PQ,CRJ9,BOMBARDIER Regional Jet CRJ-900,0
landing,JFK,31R,1788866083.09,2026-09-08T11:14:43Z,40.652344,-73.778229,302.4,e80471,CC-BGV,B789,BOEING 787-9 Dreamliner,0
takeoff,JFK,31L,1788866106.51,2026-09-08T11:15:06Z,40.630607,-73.7775,300.9,a33afd,N307TA,B38M,BOEING 737 MAX 8,0
takeoff,JFK,31L,1788866163.64,2026-09-08T11:16:03Z,40.630921,-73.778218,300.9,aca5e5,N914DU,B739,BOEING 737-900,0
landing,JFK,31R,1788866227.82,2026-09-08T11:17:07Z,40.651039,-73.775375,300.9,a7a956,N593JB,A320,AIRBUS A-320,0
takeoff,JFK,31L,1788866233.5,2026-09-08T11:17:13Z,40.631177,-73.778796,300.9,a35c97,N3156J,BCS3,AIRBUS A220-300,0
takeoff,LGA,13,1788866240.29,2026-09-08T11:17:20Z,40.777153,-73.870104,115.3,a18380,N197PQ,CRJ9,BOMBARDIER Regional Jet CRJ-900,0
takeoff,JFK,31L,1788866289.74,2026-09-08T11:18:09Z,40.630428,-73.777115,300.9,a788d3,N585DN,A21N,,0
landing,LGA,04,1788866330.17,2026-09-08T11:18:50Z,40.776467,-73.876596,30.9,a23fb2,N244JQ,E75L,EMBRAER ERJ-170-200 (long wing),0
landing,JFK,31R,1788866336.71,2026-09-08T11:18:56Z,40.650856,-73.774948,300.9,a11d47,N171DZ,B763,BOEING 767-300,0
takeoff,JFK,31L,1788866346.1,2026-09-08T11:19:06Z,40.630665,-73.777641,300.9,ad9712,N975JT,A321,AIRBUS A-321,0
landing,LGA,22,1788866347.24,2026-09-08T11:19:07Z,40.776306,-73.878235,210.9,abd41a,N861RW,E170,EMBRAER ERJ-170-100,0
takeoff,JFK,31L,1788866405.53,2026-09-08T11:20:05Z,40.630394,-73.777054,300.9,0c6063,9Y-GRN,B38M,BOEING 737 MAX 8,0
takeoff,LGA,13,1788866431.97,2026-09-08T11:20:31Z,40.775489,-73.866624,123.8,a23fb2,N244JQ,E75L,EMBRAER ERJ-170-200 (long wing),0
landing,JFK,31R,1788866453.12,2026-09-08T11:20:53Z,40.650985,-73.775253,300.9,a7ef16,N610DN,,,0
takeoff,JFK,31L,1788866461.57,2026-09-08T11:21:01Z,40.630584,-73.777485,300.9,a39ab4,N331NB,A319,AIRBUS A-319,0
landing,LGA,04,1788866492.08,2026-09-08T11:21:32Z,40.7715,-73.880707,30.9,a4c170,N405YX,E75L,EMBRAER ERJ-170-200 (long wing),0
landing,LGA,22,1788866521.25,2026-09-08T11:22:01Z,40.776281,-73.87825,210.9,acd2d3,N925XJ,CRJ9,BOMBARDIER Regional Jet CRJ-900,0
landing,JFK,31R,1788866541.18,2026-09-08T11:22:21Z,40.651131,-73.775589,300.9,ac801e,N904XJ,CRJ9,BOMBARDIER Regional Jet CRJ-900,0
takeoff,JFK,31L,1788866543.42,2026-09-08T11:22:23Z,40.630943,-73.778259,300.9,a3c51a,N342DU,,,0
takeoff,LGA,13,1788866599.36,2026-09-08T11:23:19Z,40.775517,-73.866684,120.9,ad1218,N941NN,B738,BOEING 737-800,0
takeoff,JFK,31L,1788866606.35,2026-09-08T11:23:26Z,40.630451,-73.777176,300.9,a67452,N515DE,A21N,AIRBUS A-321neo,0
landing,LGA,22,1788866615.32,2026-09-08T11:23:35Z,40.776513,-73.878078,210.9,a2000d,N228PQ,CRJ9,BOMBARDIER Regional Jet CRJ-900,0
takeoff,JFK,31L,1788866673.03,2026-09-08T11:24:33Z,40.630726,-73.777771,300.9,ac30c0,N885DN,B739,BOEING 737-900,0
landing,JFK,31R,1788866710.65,2026-09-08T11:25:10Z,40.650318,-73.773712,298.1,acf906,N935JB,A321,AIRBUS A-321,0
takeoff,LGA,13,1788866723.16,2026-09-08T11:25:23Z,40.775494,-73.866623,120.9,acd2d3,N925XJ,CRJ9,BOMBARDIER Regional Jet CRJ-900,0
takeoff,LGA,04,1788866732.06,2026-09-08T11:25:32Z,40.776089,-73.876572,75.9,a2000d,N228PQ,CRJ9,BOMBARDIER Regional Jet CRJ-900,0
takeoff,JFK,31L,1788866733.07,2026-09-08T11:25:33Z,40.630491,-73.777282,300.9,a11380,N169DZ,B763,BOEING 767-300,0
landing,JFK,31R,1788866816.69,2026-09-08T11:26:56Z,40.649609,-73.772263,300.9,a73a47,N565JB,A320,AIRBUS A-320,0
landing,LGA,22,1788866887.7,2026-09-08T11:28:07Z,40.777348,-73.877396,210.9,a3ad6d,N336PQ,CRJ9,BOMBARDIER Regional Jet CRJ-900,0
landing,JFK,31R,1788866928.02,2026-09-08T11:28:48Z,40.652533,-73.778687,298.1,a4bdb9,N404YX,E75L,EMBRAER ERJ-170-200 (long wing),0
takeoff,JFK,31L,1788866952.66,2026-09-08T11:29:12Z,40.63091,-73.778203,298.1,a091f3,N136EV,CRJ9,BOMBARDIER Regional Jet CRJ-900,0
landing,LGA,22,1788866980.0,2026-09-08T11:29:40Z,40.774715,-73.879517,208.1,abd063,N860RW,E170,EMBRAER ERJ-170-100,0
takeoff,JFK,31L,1788867028.06,2026-09-08T11:30:28Z,40.630525,-73.777344,300.9,a7f2d2,N611DT,A21N,AIRBUS A-321neo,0
landing,JFK,31R,1788867067.64,2026-09-08T11:31:07Z,40.650101,-73.773334,300.9,acb633,N918UP,B763,BOEING 767-300,0
landing,LGA,22,1788867113.43,2026-09-08T11:31:53Z,40.777584,-73.877205,210.9,a08e3c,N135EV,CRJ9,BOMBARDIER Regional Jet CRJ-900,0
landing,JFK,31R,1788867162.91,2026-09-08T11:32:42Z,40.650496,-73.774192,300.9,a03765,N113AN,A321,AIRBUS A-321,0
takeoff,JFK,31L,1788867172.35,2026-09-08T11:32:52Z,40.631184,-73.778793,300.9,a386fb,N3260J,BCS3,,0
takeoff,LGA,13,1788867215.7,2026-09-08T11:33:35Z,40.772335,-73.860031,123.8,a0d19e,N152AA,A321,AIRBUS A-321,0
takeoff,JFK,31L,1788867253.29,2026-09-08T11:34:13Z,40.630607,-73.777516,300.9,a721a4,N559JB,A320,AIRBUS A-320,0
landing,JFK,31R,1788867259.0,2026-09-08T11:34:19Z,40.650627,-73.774475,298.1,a0d6a8,N153PQ,CRJ9,BOMBARDIER Regional Jet CRJ-900,0
takeoff,LGA,13,1788867269.86,2026-09-08T11:34:29Z,40.775594,-73.866842,120.9,a3ad6d,N336PQ,CRJ9,BOMBARDIER Regional Jet CRJ-900,0
landing,LGA,22,1788867271.25,2026-09-08T11:34:31Z,40.774069,-73.87992,185.6,a09239,N136HQ,E75L,EMBRAER ERJ-170-200 (long wing),0
takeoff,LGA,13,1788867283.24,2026-09-08T11:34:43Z,40.77706,-73.869917,120.9,a08e3c,N135EV,CRJ9,BOMBARDIER Regional Jet CRJ-900,0
takeoff,LGA,13,1788867294.77,2026-09-08T11:34:54Z,40.775466,-73.866577,120.9,abd063,N860RW,E170,EMBRAER ERJ-170-100,0
landing,JFK,31R,1788867337.4,2026-09-08T11:35:37Z,40.651405,-73.776215,300.9,a96e9a,N707AL,B39M,BOEING 737 MAX 9,0
takeoff,JFK,31L,1788867369.22,2026-09-08T11:36:09Z,40.63084,-73.77803,300.9,ade9c0,N996JL,A321,AIRBUS A-321,0
landing,LGA,22,1788867382.18,2026-09-08T11:36:22Z,40.776502,-73.878063,213.8,c052e0,C-GFJZ,CRJ9,BOMBARDIER Regional Jet CRJ-900,0
takeoff,JFK,31L,1788867434.49,2026-09-08T11:37:14Z,40.630302,-73.776871,300.9,a5c895,N472AN,A21N,AIRBUS A-321neo,0
landing,JFK,31R,1788867442.29,2026-09-08T11:37:22Z,40.65159,-73.776595,300.9,a1a0c4,N2039J,A21N,AIRBUS A-321neo,0
landing,LGA,22,1788867496.48,2026-09-08T11:38:16Z,40.776048,-73.878453,213.8,a14c70,N183GJ,CRJ9,BOMBARDIER Regional Jet CRJ-900,0
takeoff,JFK,31L,1788867505.57,2026-09-08T11:38:25Z,40.630852,-73.778061,300.9,a3915a,N329SL,B38M,BOEING 737 MAX 8,0
takeoff,LGA,04,1788867505.57,2026-09-08T11:38:25Z,40.776089,-73.876587,75.9,c052e0,C-GFJZ,CRJ9,BOMBARDIER Regional Jet CRJ-900,0
takeoff,LGA,13,1788867519.16,2026-09-08T11:38:39Z,40.775454,-73.866562,123.8,acb9ed,N919US,A321,AIRBUS A-321,0
landing,JFK,31R,1788867542.47,2026-09-08T11:39:02Z,40.650508,-73.774239,300.9,a39289,N3293J,BCS3,AIRBUS A220-300,0
takeoff,JFK,31L,1788867581.35,2026-09-08T11:39:41Z,40.630817,-73.777969,300.9,ac9e23,N912AK,B39M,BOEING 737 MAX 9,0
landing,LGA,22,1788867594.51,2026-09-08T11:39:54Z,40.774081,-73.879904,194.1,ac159a,N878RW,E170,EMBRAER ERJ-170-100,0
landing,JFK,31R,1788867648.34,2026-09-08T11:40:48Z,40.651043,-73.775394,300.9,a37032,N320VG,B38M,BOEING 737 MAX 8,0
takeoff,LGA,13,1788867668.4,2026-09-08T11:41:08Z,40.77706,-73.869917,120.9,a14c70,N183GJ,CRJ9,BOMBARDIER Regional Jet CRJ-900,0
takeoff,JFK,31L,1788867674.79,2026-09-08T11:41:14Z,40.630817,-73.778,300.9,ad2f71,N949JT,A321,AIRBUS A-321,0
landing,LGA,22,1788867682.07,2026-09-08T11:41:22Z,40.775827,-73.878625,210.9,abd7d1,N862RW,E170,EMBRAER ERJ-170-100,0
takeoff,LGA,13,1788867745.48,2026-09-08T11:42:25Z,40.775536,-73.866733,120.9,ac159a,N878RW,E170,EMBRAER ERJ-170-100,0
landing,JFK,31R,1788867747.15,2026-09-08T11:42:27Z,40.651165,-73.775681,300.9,a38af8,N3272J,BCS3,AIRBUS A220-300,0
takeoff,LGA,04,1788867785.45,2026-09-08T11:43:05Z,40.776077,-73.876678,75.9,abd7d1,N862RW,E170,EMBRAER ERJ-170-100,0
landing,LGA,04,1788867830.09,2026-09-08T11:43:50Z,40.772254,-73.880092,30.9,a03816,N113HQ,E75L,EMBRAER ERJ-170-200 (long wing),0
takeoff,JFK,31L,1788867848.14,2026-09-08T11:44:08Z,40.630816,-73.778,300.9,a976c7,N709JB,A320,AIRBUS A-320,0
landing,JFK,31R,1788867881.71,2026-09-08T11:44:41Z,40.647005,-73.766483,298.1,a92e73,N691AF,PC12,PILATUS PC-12,0
takeoff,JFK,31L,1788867923.45,2026-09-08T11:45:23Z,40.630782,-73.777922,300.9,a15c01,N187PQ,CRJ9,BOMBARDIER Regional Jet CRJ-900,0
landing,JFK,31R,1788867990.35,2026-09-08T11:46:30Z,40.651078,-73.775456,300.9,ad8bed,N972JT,A321,AIRBUS A-321,0
takeoff,JFK,31L,1788867996.62,2026-09-08T11:46:36Z,40.630589,-73.777481,300.9,a94156,N696DL,B752,BOEING 757-200,0
takeoff,JFK,31L,1788868080.08,2026-09-08T11:48:00Z,40.630508,-73.777298,300.9,a3cd58,N344NB,A319,AIRBUS A-319,0
landing,JFK,31R,1788868120.38,2026-09-08T11:48:40Z,40.650307,-73.773758,300.9,a0563b,N1201P,B763,BOEING 767-300,0
landing,LGA,22,1788868169.0,2026-09-08T11:49:29Z,40.77507,-73.879249,210.9,a8a490,N656RW,E170,EMBRAER ERJ-170-100,0
takeoff,JFK,31L,1788868183.73,2026-09-08T11:49:43Z,40.630397,-73.777064,300.9,a1701b,N192FE,B763,BOEING 767-300,0
landing,JFK,31R,1788868233.35,2026-09-08T11:50:33Z,40.651142,-73.775635,298.1,a34215,N309PQ,CRJ9,BOMBARDIER Regional Jet CRJ-900,0
takeoff,LGA,04,1788868247.61,2026-09-08T11:50:47Z,40.776031,-73.876831,61.9,a8a490,N656RW,E170,EMBRAER ERJ-170-100,0
landing,LGA,22,1788868279.77,2026-09-08T11:51:19Z,40.775425,-73.878967,213.8,a3b186,N337TN,B38M,BOEING 737 MAX 8,0
takeoff,JFK,31L,1788868289.59,2026-09-08T11:51:29Z,40.630531,-73.777374,300.9,ad45a4,N954XV,A21N,,0
landing,JFK,31R,1788868341.88,2026-09-08T11:52:21Z,40.650925,-73.775131,300.9,a43f3c,N373DA,B738,BOEING 737-800,0
takeoff,JFK,31L,1788868375.4,2026-09-08T11:52:55Z,40.630783,-73.777924,300.9,adc5ff,N987JT,A321,AIRBUS A-321,0
landing,LGA,22,1788868431.04,2026-09-08T11:53:51Z,40.775128,-73.879218,213.8,a4da13,N411YX,E75L,EMBRAER ERJ-170-200 (long wing),0
takeoff,JFK,31L,1788868452.43,2026-09-08T11:54:12Z,40.630245,-73.776749,300.9,a7e54f,N608DN,A21N,AIRBUS A-321neo,0
landing,JFK,31R,1788868466.26,2026-09-08T11:54:26Z,40.650524,-73.774246,300.9,acb679,N918XJ,CRJ9,BOMBARDIER Regional Jet CRJ-900,0
takeoff,LGA,13,1788868500.91,2026-09-08T11:55:00Z,40.777025,-73.869854,123.8,a8996b,N653RW,E170,EMBRAER ERJ-170-100,0
takeoff,LGA,04,1788868520.06,2026-09-08T11:55:20Z,40.774744,-73.873927,73.1,a3b186,N337TN,B38M,BOEING 737 MAX 8,0
landing,LGA,22,1788868551.35,2026-09-08T11:55:51Z,40.776581,-73.878006,213.8,a35e6f,N316PQ,CRJ9,BOMBARDIER Regional Jet CRJ-900,0
takeoff,JFK,31L,1788868552.85,2026-09-08T11:55:52Z,40.630131,-73.776459,300.9,a449e5,N3758Y,B738,BOEING 737-800,0
takeoff,LGA,13,1788868564.6,2026-09-08T11:56:04Z,40.776878,-73.869644,87.2,a866c7,N640RW,E170,EMBRAER ERJ-170-100,0
landing,JFK,31R,1788868636.59,2026-09-08T11:57:16Z,40.649231,-73.771408,300.9,a9bf4b,N727TW,B752,BOEING 757-200,0
landing,LGA,22,1788868638.15,2026-09-08T11:57:18Z,40.777222,-73.877487,213.8,a45586,N379DA,B738,BOEING 737-800,0
takeoff,JFK,31L,1788868648.22,2026-09-08T11:57:28Z,40.630211,-73.776642,300.9,acab54,N915XJ,CRJ9,BOMBARDIER Regional Jet CRJ-900,0
landing,LGA,22,1788868735.87,2026-09-08T11:58:55Z,40.776249,-73.878296,210.9,a32f82,N304PQ,CRJ9,BOMBARDIER Regional Jet CRJ-900,0
landing,JFK,31R,1788868756.78,2026-09-08T11:59:16Z,40.650753,-73.77475,300.9,8015a7,VT-AER,B77W,BOEING 777-300ER,0
takeoff,LGA,13,1788868776.37,2026-09-08T11:59:36Z,40.776804,-73.870728,123.8,a51425,N426YX,E75L,EMBRAER ERJ-170-200 (long wing),0
takeoff,LGA,13,1788868785.68,2026-09-08T11:59:45Z,40.775466,-73.866577,120.9,a35e6f,N316PQ,CRJ9,BOMBARDIER Regional Jet CRJ-900,0
landing,LGA,22,1788868828.99,2026-09-08T12:00:28Z,40.776909,-73.877751,210.9,a01b56,N106DN,A321,AIRBUS A-321,0
takeoff,JFK,31L,1788868868.2,2026-09-08T12:01:08Z,40.630806,-73.777985,300.9,a3dcd6,N348UP,B763,BOEING 767-300,0
landing,JFK,31R,1788868895.91,2026-09-08T12:01:35Z,40.650227,-73.77359,300.9,a8712a,N643JB,A320,AIRBUS A-320,0
landing,LGA,22,1788868924.4,2026-09-08T12:02:04Z,40.777336,-73.877396,213.8,abe101,N8647A,B738,BOEING 737-800,0
takeoff,LGA,13,1788868980.86,2026-09-08T12:03:00Z,40.776901,-73.869583,118.1,a32f82,N304PQ,CRJ9,BOMBARDIER Regional Jet CRJ-900,0
landing,JFK,31R,1788868992.49,2026-09-08T12:03:12Z,40.649723,-73.772522,300.9,ad734a,N966JT,A321,AIRBUS A-321,0
takeoff,LGA,13,1788869030.83,2026-09-08T12:03:50Z,40.776606,-73.870322,123.8,ab84c9,N841NN,B738,BOEING 737-800,0
takeoff,LGA,04,1788869052.66,2026-09-08T12:04:12Z,40.776164,-73.876674,75.9,abe101,N8647A,B738,BOEING 737-800,0
takeoff,JFK,31L,1788869061.64,2026-09-08T12:04:21Z,40.635227,-73.787722,300.9,a01fee,N107NN,A321,AIRBUS A-321,0
landing,LGA,22,1788869083.67,2026-09-08T12:04:43Z,40.775757,-73.878718,210.9,abdf3f,N864RW,E170,EMBRAER ERJ-170-100,0
landing,JFK,31R,1788869094.81,2026-09-08T12:04:54Z,40.651108,-73.775528,300.9,a15ebc,N188DN,B763,BOEING 767-300,0
takeoff,LGA,13,1788869149.77,2026-09-08T12:05:49Z,40.772335,-73.860023,123.8,aaf183,N804JB,A320,AIRBUS A-320,0
takeoff,LGA,13,1788869169.54,2026-09-08T12:06:09Z,40.775425,-73.866501,123.8,a45586,N379DA,B738,BOEING 737-800,0
landing,LGA,22,1788869191.41,2026-09-08T12:06:31Z,40.774837,-73.879452,210.9,ab1d06,N815MD,E170,EMBRAER ERJ-170-100,0
takeoff,JFK,31L,1788869194.08,2026-09-08T12:06:34Z,40.63063,-73.777579,300.9,ad646e,N962JT,A321,AIRBUS A-321,0
landing,JFK,31R,1788869232.19,2026-09-08T12:07:12Z,40.651325,-73.776016,300.9,a01bbc,N106HQ,E75L,EMBRAER ERJ-170-200 (long wing),0
takeoff,LGA,13,1788869258.06,2026-09-08T12:07:38Z,40.775368,-73.866394,123.8,a01b56,N106DN,A321,AIRBUS A-321,0
landing,LGA,22,1788869284.47,2026-09-08T12:08:04Z,40.774931,-73.879374,210.9,a517dc,N427YX,E75L,EMBRAER ERJ-170-200 (long wing),0
landing,JFK,31R,1788869286.78,2026-09-08T12:08:06Z,40.650558,-73.774307,300.9,a845f4,N632JB,A320,AIRBUS A-320,0
takeoff,JFK,31L,1788869355.23,2026-09-08T12:09:15Z,40.630497,-73.777267,300.9,ab772d,N838MH,B764,BOEING 767-400,0
takeoff,LGA,04,1788869357.05,2026-09-08T12:09:17Z,40.775425,-73.87735,61.9,a517dc,N427YX,E75L,EMBRAER ERJ-170-200 (long wing),0
landing,JFK,31R,1788869387.92,2026-09-08T12:09:47Z,40.650879,-73.775009,300.9,ab53e4,N829SK,CRJ9,BOMBARDIER Regional Jet CRJ-900,0
landing,LGA,22,1788869394.08,2026-09-08T12:09:54Z,40.775256,-73.879108,213.8,abe2f6,N865RW,E170,EMBRAER ERJ-170-100,0
takeoff,LGA,13,1788869414.71,2026-09-08T12:10:14Z,40.776944,-73.869651,120.9,ab1d06,N815MD,E170,EMBRAER ERJ-170-100,0
takeoff,LGA,13,1788869423.08,2026-09-08T12:10:23Z,40.775408,-73.866468,123.8,a4c170,N405YX,E75L,EMBRAER ERJ-170-200 (long wing),0
takeoff,JFK,31L,1788869439.84,2026-09-08T12:10:39Z,40.630758,-73.777859,300.9,4005bc,G-VIID,B772,BOEING 777-200,0
takeoff,LGA,04,1788869472.18,2026-09-08T12:11:12Z,40.775443,-73.877298,73.1,abe2f6,N865RW,E170,EMBRAER ERJ-170-100,0
landing,JFK,31R,1788869479.79,2026-09-08T12:11:19Z,40.65109,-73.775519,300.9,adbe91,N985JT,A321,AIRBUS A-321,0
landing,LGA,22,1788869506.53,2026-09-08T12:11:46Z,40.77697,-73.877701,208.1,a36994,N319PQ,CRJ9,BOMBARDIER Regional Jet CRJ-900,0
takeoff,JFK,31L,1788869536.9,2026-09-08T12:12:16Z,40.630623,-73.777557,300.9,a3e08d,N349UP,B763,BOEING 767-300,0
landing,JFK,31R,1788869560.67,2026-09-08T12:12:40Z,40.649949,-73.772975,300.9,acb2c2,N917XJ,CRJ9,BOMBARDIER Regional Jet CRJ-900,0
landing,LGA,22,1788869612.53,2026-09-08T12:13:32Z,40.777712,-73.877095,210.9,a449e5,N3758Y,B738,BOEING 737-800,0
landing,JFK,31R,1788869644.25,2026-09-08T12:14:04Z,40.650264,-73.773662,303.8,a6152a,N491PX,CRJ9,BOMBARDIER Regional Jet CRJ-900,0
takeoff,JFK,31L,1788869671.04,2026-09-08T12:14:31Z,40.630348,-73.776947,300.9,0aca5e,HK-5390,A20N,AIRBUS A-320neo,0
takeoff,LGA,13,1788869683.47,2026-09-08T12:14:43Z,40.776886,-73.869558,120.9,a36994,N319PQ,CRJ9,BOMBARDIER Regional Jet CRJ-900,0
landing,LGA,22,1788869732.84,2026-09-08T12:15:32Z,40.774807,-73.87944,208.1,a03f84,N115HQ,E75L,EMBRAER ERJ-170-200 (long wing),0
takeoff,JFK,31L,1788869751.76,2026-09-08T12:15:51Z,40.630654,-73.777625,300.9,ad6bdc,N964JT,A321,AIRBUS A-321,0
takeoff,LGA,13,1788869795.2,2026-09-08T12:16:35Z,40.775478,-73.866608,123.8,a05827,N121HQ,E75L,EMBRAER ERJ-170-200 (long wing),0
landing,LGA,22,1788869811.88,2026-09-08T12:16:51Z,40.777409,-73.877345,208.1,a15b4c,N187GJ,CRJ9,BOMBARDIER Regional Jet CRJ-900,0
landing,JFK,31R,1788869812.64,2026-09-08T12:16:52Z,40.650392,-73.773958,300.9,a34e01,N3118J,BCS3,AIRBUS A220-300,0
takeoff,JFK,31L,1788869816.54,2026-09-08T12:16:56Z,40.630269,-73.776767,300.9,a6ce7d,N538DN,A21N,AIRBUS A-321neo,0
takeoff,LGA,13,1788869908.06,2026-09-08T12:18:28Z,40.776798,-73.870728,123.8,a03f84,N115HQ,E75L,EMBRAER ERJ-170-200 (long wing),0
takeoff,JFK,31L,1788869924.53,2026-09-08T12:18:44Z,40.630806,-73.777939,300.9,ad4fe1,N957NN,B738,BOEING 737-800,0
landing,JFK,31R,1788869928.16,2026-09-08T12:18:48Z,40.650136,-73.773381,300.9,a67883,N516JB,A320,AIRBUS A-320,0
takeoff,LGA,13,1788869962.37,2026-09-08T12:19:22Z,40.776684,-73.870468,123.8,aafd17,N807NN,B738,BOEING 737-800,0
takeoff,LGA,13,1788869998.26,2026-09-08T12:19:58Z,40.776867,-73.869904,165.9,a15b4c,N187GJ,CRJ9,BOMBARDIER Regional Jet CRJ-900,0
takeoff,JFK,31L,1788870035.23,2026-09-08T12:20:35Z,40.631264,-73.778976,300.9,a36799,N3185J,BCS3,AIRBUS A220-300,0
landing,JFK,31R,1788870041.35,2026-09-08T12:20:41Z,40.650962,-73.775206,300.9,a042d5,N116DN,A321,AIRBUS A-321,0
takeoff,JFK,31L,1788870098.27,2026-09-08T12:21:38Z,40.630851,-73.778047,300.9,ad7da2,N969AN,B738,BOEING 737-800,0
takeoff,LGA,13,1788870115.71,2026-09-08T12:21:55Z,40.775471,-73.866577,123.8,a449e5,N3758Y,B738,BOEING 737-800,0
takeoff,JFK,31L,1788870165.39,2026-09-08T12:22:45Z,40.630669,-73.777649,300.9,a6f2b7,N547JB,A320,AIRBUS A-320,0
landing,JFK,31R,1788870233.73,2026-09-08T12:23:53Z,40.652289,-73.77814,300.9,a50900,N423YX,E75L,EMBRAER ERJ-170-200 (long wing),0
takeoff,JFK,31L,1788870238.38,2026-09-08T12:23:58Z,40.630394,-73.777039,300.9,a009a4,N101NN,A321,AIRBUS A-321,0
takeoff,JFK,31L,1788870303.1,2026-09-08T12:25:03Z,40.630852,-73.778061,300.9,adf4e9,N999JQ,A321,AIRBUS A-321,0
landing,LGA,22,1788870328.89,2026-09-08T12:25:28Z,40.775185,-73.87915,210.9,a4b294,N401YX,E75L,EMBRAER ERJ-170-200 (long wing),0
takeoff,JFK,31L,1788870371.43,2026-09-08T12:26:11Z,40.630211,-73.776642,300.9,a3578a,N314VB,B38M,BOEING 737 MAX 8,0
takeoff,LGA,04,1788870409.58,2026-09-08T12:26:49Z,40.775436,-73.877319,67.5,a4b294,N401YX,E75L,EMBRAER ERJ-170-200 (long wing),0
takeoff,JFK,31L,1788870433.18,2026-09-08T12:27:13Z,40.630584,-73.777454,300.9,a36fff,N320TF,B38M,BOEING 737 MAX 8,0
landing,JFK,31R,1788870440.03,2026-09-08T12:27:20Z,40.649883,-73.772827,300.9,a37e5a,N324NB,A319,AIRBUS A-319,0
landing,LGA,22,1788870501.57,2026-09-08T12:28:21Z,40.777451,-73.877289,210.9,a336f0,N306PQ,CRJ9,BOMBARDIER Regional Jet CRJ-900,0
takeoff,JFK,31L,1788870516.25,2026-09-08T12:28:36Z,40.630474,-73.777222,300.9,a9acb8,N722TW,B752,BOEING 757-200,0
landing,JFK,31R,1788870538.55,2026-09-08T12:28:58Z,40.650192,-73.773514,300.9,a15027,N184GJ,CRJ9,BOMBARDIER Regional Jet CRJ-900,0
takeoff,LGA,13,1788870545.48,2026-09-08T12:29:05Z,40.775471,-73.866577,123.8,a046f2,N117HQ,E75L,EMBRAER ERJ-170-200 (long wing),0
takeoff,JFK,31L,1788870586.29,2026-09-08T12:29:46Z,40.630543,-73.777374,298.1,ab6162,N832SK,CRJ9,BOMBARDIER Regional Jet CRJ-900,0
landing,LGA,22,1788870618.5,2026-09-08T12:30:18Z,40.775559,-73.878859,213.8,a4cc95,N408YX,E75L,EMBRAER ERJ-170-200 (long wing),0
takeoff,JFK,31L,1788870644.99,2026-09-08T12:30:44Z,40.630595,-73.7775,303.8,a21142,N232PQ,CRJ9,BOMBARDIER Regional Jet CRJ-900,0
landing,JFK,31R,1788870659.18,2026-09-08T12:30:59Z,40.650171,-73.773443,300.9,a7de53,N606JB,A320,AIRBUS A-320,0
landing,LGA,22,1788870689.27,2026-09-08T12:31:29Z,40.775974,-73.87851,210.9,a04695,N117DX,A321,AIRBUS A-321,0
takeoff,LGA,13,1788870712.1,2026-09-08T12:31:52Z,40.776886,-73.869573,120.9,a336f0,N306PQ,CRJ9,BOMBARDIER Regional Jet CRJ-900,0
takeoff,JFK,31L,1788870722.57,2026-09-08T12:32:02Z,40.630566,-73.77742,300.9,ac89f7,N907JB,A321,AIRBUS A-321,0
landing,JFK,31R,1788870783.45,2026-09-08T12:33:03Z,40.651932,-73.777405,300.9,a1e946,N222JQ,E75L,EMBRAER ERJ-170-200 (long wing),0
landing,LGA,22,1788870792.38,2026-09-08T12:33:12Z,40.778538,-73.876373,213.8,c05f01,C-GJZK,DH8D,DE HAVILLAND DHC-8-400 Dash 8,0
takeoff,JFK,31L,1788870807.75,2026-09-08T12:33:27Z,40.630374,-73.777017,300.9,a00d5b,N102NN,A321,AIRBUS A-321,0
takeoff,JFK,31L,1788870866.21,2026-09-08T12:34:26Z,40.628768,-73.773459,300.9,a4d04c,N409YX,E75L,EMBRAER ERJ-170-200 (long wing),0
landing,LGA,22,1788870898.44,2026-09-08T12:34:58Z,40.77689,-73.877762,210.9,ad01c0,N937XJ,CRJ9,BOMBARDIER Regional Jet CRJ-900,0
takeoff,LGA,04,1788870928.36,2026-09-08T12:35:28Z,40.775425,-73.87735,56.2,c05f01,C-GJZK,DH8D,DE HAVILLAND DHC-8-400 Dash 8,0
takeoff,JFK,31L,1788870971.43,2026-09-08T12:36:11Z,40.631259,-73.778983,300.9,a358bd,N3145J,BCS3,AIRBUS A220-300,0
takeoff,JFK,31L,1788871042.5,2026-09-08T12:37:22Z,40.629874,-73.775909,300.9,a39dd0,N332FX,E545,EMBRAER EMB545 Praetor 500,0
takeoff,LGA,13,1788871044.06,2026-09-08T12:37:24Z,40.775402,-73.86644,120.9,a04695,N117DX,A321,AIRBUS A-321,0
takeoff,LGA,13,1788871045.97,2026-09-08T12:37:25Z,40.776947,-73.869675,120.9,a1745b,N193LS,GLF6,GULFSTREAM G650,8
takeoff,LGA,13,1788871076.43,2026-09-08T12:37:56Z,40.777002,-73.869808,120.9,ad01c0,N937XJ,CRJ9,BOMBARDIER Regional Jet CRJ-900,0
takeoff,LGA,13,1788871103.76,2026-09-08T12:38:23Z,40.772277,-73.859898,123.8,a0d374,N152UW,A321,AIRBUS A-321,0
takeoff,JFK,31L,1788871131.47,2026-09-08T12:38:51Z,40.630921,-73.778218,300.9,a44d3f,N3766,B738,BOEING 737-800,0
takeoff,LGA,13,1788871186.67,2026-09-08T12:39:46Z,40.77699,-73.869776,123.8,a09239,N136HQ,E75L,EMBRAER ERJ-170-200 (long wing),0
takeoff,LGA,13,1788871187.54,2026-09-08T12:39:47Z,40.775489,-73.866624,120.9,abd41a,N861RW,E170,EMBRAER ERJ-170-100,0
takeoff,JFK,31L,1788871212.27,2026-09-08T12:40:12Z,40.630304,-73.776861,300.9,a9b06f,N723TW,B752,BOEING 757-200,0
landing,JFK,31R,1788871227.64,2026-09-08T12:40:27Z,40.650112,-73.773361,298.1,a5fc87,N485PX,CRJ9,BOMBARDIER Regional Jet CRJ-900,0
takeoff,JFK,31L,1788871286.12,2026-09-08T12:41:26Z,40.630444,-73.777188,300.9,a37f12,N324VL,B38M,BOEING 737 MAX 8,0
landing,JFK,31R,1788871308.5,2026-09-08T12:41:48Z,40.650205,-73.773552,300.9,a7b832,N597JB,A320,AIRBUS A-320,0
takeoff,JFK,31L,1788871349.2,2026-09-08T12:42:29Z,40.630508,-73.777313,300.9,acad53,N916DU,B739,BOEING 737-900,0
landing,LGA,22,1788871361.1,2026-09-08T12:42:41Z,40.774128,-73.879857,191.2,ac1951,N879RW,E170,EMBRAER ERJ-170-100,0
takeoff,JFK,31L,1788871403.31,2026-09-08T12:43:23Z,40.630409,-73.777095,300.9,abaf1e,N852DN,B739,BOEING 737-900,0
landing,JFK,31R,1788871408.52,2026-09-08T12:43:28Z,40.649763,-73.772569,300.9,a8a3ce,N656JB,A320,AIRBUS A-320,0
takeoff,LGA,13,1788871429.75,2026-09-08T12:43:49Z,40.776855,-73.87088,123.8,a8847f,N648RW,E170,EMBRAER ERJ-170-100,0
landing,LGA,22,1788871430.82,2026-09-08T12:43:50Z,40.778143,-73.876721,213.8,a3b124,N337PQ,CRJ9,BOMBARDIER Regional Jet CRJ-900,0
takeoff,JFK,31L,1788871468.52,2026-09-08T12:44:28Z,40.630955,-73.778305,302.4,406c3b,G-VZIG,B789,BOEING 787-9 Dreamliner,0
landing,LGA,22,1788871527.57,2026-09-08T12:45:27Z,40.777025,-73.877642,210.9,ac8b43,N907XJ,CRJ9,BOMBARDIER Regional Jet CRJ-900,0
landing,JFK,31R,1788871539.35,2026-09-08T12:45:39Z,40.651657,-73.776733,300.9,a1c1c7,N212JQ,E75L,EMBRAER ERJ-170-200 (long wing),0
takeoff,LGA,13,1788871553.15,2026-09-08T12:45:53Z,40.775466,-73.866593,120.9,ac1951,N879RW,E170,EMBRAER ERJ-170-100,0
takeoff,LGA,13,1788871562.68,2026-09-08T12:46:02Z,40.777049,-73.869886,123.8,a3b124,N337PQ,CRJ9,BOMBARDIER Regional Jet CRJ-900,0
landing,JFK,31L,1788871596.25,2026-09-08T12:46:36Z,40.638125,-73.794105,300.9,ac8efa,N908XJ,CRJ9,BOMBARDIER Regional Jet CRJ-900,0
landing,JFK,31R,1788871659.17,2026-09-08T12:47:39Z,40.651428,-73.77623,300.9,06a2b6,A7-BER,B77W,BOEING 777-300ER,0
landing,LGA,22,1788871667.97,2026-09-08T12:47:47Z,40.777359,-73.87735,208.1,a8f9a3,N678CA,CRJ9,BOMBARDIER Regional Jet CRJ-900,0
takeoff,JFK,31L,1788871672.3,2026-09-08T12:47:52Z,40.631149,-73.778732,300.9,a33ca9,N3077J,BCS3,AIRBUS A220-300,0
takeoff,LGA,13,1788871725.07,2026-09-08T12:48:45Z,40.777016,-73.869827,120.9,ac8b43,N907XJ,CRJ9,BOMBARDIER Regional Jet CRJ-900,0
takeoff,JFK,31L,1788871725.14,2026-09-08T12:48:45Z,40.628815,-73.773599,300.9,a4c8de,N407YX,E75L,EMBRAER ERJ-170-200 (long wing),0
landing,LGA,22,1788871817.9,2026-09-08T12:50:17Z,40.777503,-73.877251,208.1,a8f235,N676CA,CRJ9,BOMBARDIER Regional Jet CRJ-900,0
landing,JFK,31R,1788871819.82,2026-09-08T12:50:19Z,40.649998,-73.773087,300.9,ace1af,N929XJ,CRJ9,BOMBARDIER Regional Jet CRJ-900,0
takeoff,JFK,31L,1788871821.95,2026-09-08T12:50:21Z,40.63148,-73.779467,300.9,a37517,N3215J,BCS3,AIRBUS A220-300,0
takeoff,LGA,13,1788871831.22,2026-09-08T12:50:31Z,40.777235,-73.870276,120.9,a03816,N113HQ,E75L,EMBRAER ERJ-170-200 (long wing),0
takeoff,JFK,31L,1788871883.99,2026-09-08T12:51:23Z,40.630619,-73.777532,300.9,3c68cb,D-AJFK,A333,AIRBUS A-330-300,0
landing,JFK,31L,1788871884.32,2026-09-08T12:51:24Z,40.630726,-73.777786,300.9,3c68cb,D-AJFK,A333,AIRBUS A-330-300,0
takeoff,JFK,31L,1788871884.32,2026-09-08T12:51:24Z,40.630726,-73.777786,300.9,3c68cb,D-AJFK,A333,AIRBUS A-330-300,0
landing,JFK,31R,1788871894.32,2026-09-08T12:51:34Z,40.650284,-73.773758,300.9,a360b7,N3169J,BCS3,AIRBUS A220-300,0
landing,LGA,22,1788871908.37,2026-09-08T12:51:48Z,40.776409,-73.878141,210.9,abca00,N859NN,B738,BOEING 737-800,0
takeoff,LGA,13,1788871965.46,2026-09-08T12:52:45Z,40.775368,-73.866379,120.9,a8f9a3,N678CA,CRJ9,BOMBARDIER Regional Jet CRJ-900,0
takeoff,JFK,31L,1788871975.0,2026-09-08T12:52:55Z,40.630955,-73.778336,300.9,a37fb0,N3241J,BCS3,AIRBUS A220-300,0
landing,JFK,31R,1788871995.29,2026-09-08T12:53:15Z,40.651852,-73.777191,300.9,a63d42,N5007E,A319,AIRBUS A-319,0
landing,LGA,22,1788871995.32,2026-09-08T12:53:15Z,40.778143,-73.876736,213.8,a14502,N181GJ,CRJ9,BOMBARDIER Regional Jet CRJ-900,0
takeoff,LGA,13,1788872019.4,2026-09-08T12:53:39Z,40.777153,-73.870117,118.1,a8f235,N676CA,CRJ9,BOMBARDIER Regional Jet CRJ-900,0
takeoff,LGA,04,1788872033.3,2026-09-08T12:53:53Z,40.776054,-73.876816,56.2,abca00,N859NN,B738,BOEING 737-800,0
landing,JFK,31L,1788872080.27,2026-09-08T12:54:40Z,40.640842,-73.800049,303.8,a537ed,N435YX,E75L,EMBRAER ERJ-170-200 (long wing),0
landing,LGA,22,1788872086.26,2026-09-08T12:54:46Z,40.772449,-73.881409,210.9,ad385f,N951AA,B738,BOEING 737-800,0
landing,JFK,31R,1788872099.07,2026-09-08T12:54:59Z,40.651875,-73.777206,300.9,8964e1,A6-EVJ,A388,AIRBUS A-380-800,0
takeoff,JFK,31L,1788872126.2,2026-09-08T12:55:26Z,40.630595,-73.777485,300.9,ade252,N994JL,A321,AIRBUS A-321,0
landing,LGA,22,1788872149.95,2026-09-08T12:55:49Z,40.776222,-73.878313,213.8,a46304,N382DA,B738,BOEING 737-800,0
takeoff,LGA,13,1788872164.81,2026-09-08T12:56:04Z,40.776924,-73.869629,120.9,a14502,N181GJ,CRJ9,BOMBARDIER Regional Jet CRJ-900,0
takeoff,JFK,31L,1788872199.17,2026-09-08T12:56:39Z,40.630642,-73.777594,300.9,a1ddbb,N2193J,A21N,AIRBUS A-321neo,0
takeoff,JFK,31L,1788872267.03,2026-09-08T12:57:47Z,40.630222,-73.776657,300.9,a6b470,N531DA,A21N,AIRBUS A-321neo,0
landing,JFK,31L,1788872267.69,2026-09-08T12:57:47Z,40.630325,-73.776917,300.9,a6b470,N531DA,A21N,AIRBUS A-321neo,0
takeoff,JFK,31L,1788872267.69,2026-09-08T12:57:47Z,40.630325,-73.776917,300.9,a6b470,N531DA,A21N,AIRBUS A-321neo,0
landing,JFK,31R,1788872271.47,2026-09-08T12:57:51Z,40.651951,-73.777407,300.9,e80211,CC-CWY,B763,BOEING 767-300,0
landing,LGA,04,1788872293.43,2026-09-08T12:58:13Z,40.771729,-73.880524,30.9,abdb88,N863RW,E170,EMBRAER ERJ-170-100,0
landing,LGA,22,1788872325.21,2026-09-08T12:58:45Z,40.775245,-73.879108,213.8,a21833,N234JQ,E75L,EMBRAER ERJ-170-200 (long wing),0
takeoff,JFK,31L,1788872333.54,2026-09-08T12:58:53Z,40.62871,-73.773334,300.9,a4bdb9,N404YX,E75L,EMBRAER ERJ-170-200 (long wing),0
takeoff,LGA,04,1788872361.72,2026-09-08T12:59:21Z,40.775436,-73.87735,61.9,abdb88,N863RW,E170,EMBRAER ERJ-170-100,0
landing,LGA,22,1788872391.22,2026-09-08T12:59:51Z,40.77713,-73.877563,213.8,ac6a1f,N8997Q,B38M,BOEING 737 MAX 8,0
takeoff,JFK,31L,1788872418.88,2026-09-08T13:00:18Z,40.630543,-73.777405,300.9,a6a33f,N527DE,A21N,AIRBUS A-321neo,0
takeoff,LGA,13,1788872429.9,2026-09-08T13:00:29Z,40.775454,-73.866562,123.8,a46304,N382DA,B738,BOEING 737-800,0
landing,JFK,13R,1788872435.87,2026-09-08T13:00:35Z,40.648224,-73.810394,120.9,a4d849,N411EP,SR22,,0
landing,LGA,22,1788872488.87,2026-09-08T13:01:28Z,40.775494,-73.878891,213.8,aa56b5,N76516,B738,BOEING 737-800,0
takeoff,LGA,04,1788872491.7,2026-09-08T13:01:31Z,40.775454,-73.877267,70.3,ac6a1f,N8997Q,B38M,BOEING 737 MAX 8,0
takeoff,LGA,13,1788872505.75,2026-09-08T13:01:45Z,40.775454,-73.866562,120.9,a4da13,N411YX,E75L,EMBRAER ERJ-170-200 (long wing),0
takeoff,JFK,31L,1788872507.53,2026-09-08T13:01:47Z,40.630531,-73.777328,300.9,a3dfeb,N349NB,A319,AIRBUS A-319,0
landing,JFK,31R,1788872527.94,2026-09-08T13:02:07Z,40.651531,-73.776459,300.9,ad8fa4,N973JT,A321,AIRBUS A-321,0
takeoff,LGA,13,1788872545.79,2026-09-08T13:02:25Z,40.775536,-73.866733,120.9,a21833,N234JQ,E75L,EMBRAER ERJ-170-200 (long wing),0
takeoff,JFK,31L,1788872590.78,2026-09-08T13:03:10Z,40.630543,-73.77739,300.9,a7a8ed,N593DX,A21N,,0
landing,LGA,22,1788872601.64,2026-09-08T13:03:21Z,40.775419,-73.878984,210.9,a230d6,N240JQ,E75L,EMBRAER ERJ-170-200 (long wing),0
landing,JFK,31R,1788872626.46,2026-09-08T13:03:46Z,40.650741,-73.774707,299.6,ab6afa,N835AN,B789,BOEING 787-9 Dreamliner,0
takeoff,LGA,13,1788872640.22,2026-09-08T13:04:00Z,40.77727,-73.870307,123.8,aa56b5,N76516,B738,BOEING 737-800,0
landing,LGA,22,1788872681.73,2026-09-08T13:04:41Z,40.777561,-73.87722,210.9,c013c3,C-FHMO,B06,BELL 206 JetRanger,0
takeoff,JFK,31L,1788872689.51,2026-09-08T13:04:49Z,40.630363,-73.77697,300.9,ad3581,N950JT,A321,AIRBUS A-321,0
takeoff,JFK,31L,1788872768.87,2026-09-08T13:06:08Z,40.630363,-73.776986,300.9,a6aaba,N529DT,A21N,AIRBUS A-321neo,0
landing,JFK,31R,1788872805.92,2026-09-08T13:06:45Z,40.652172,-73.777937,295.3,a1e1d8,N220JQ,E75L,EMBRAER ERJ-170-200 (long wing),0
landing,LGA,22,1788872811.36,2026-09-08T13:06:51Z,40.773205,-73.879959,182.8,a4f7cb,N419YX,E75L,EMBRAER ERJ-170-200 (long wing),0
takeoff,JFK,31L,1788872852.2,2026-09-08T13:07:32Z,40.630514,-73.777329,300.9,0d0c7c,XA-CCM,B38M,BOEING 737 MAX 8,0
takeoff,LGA,13,1788872856.85,2026-09-08T13:07:36Z,40.775478,-73.866608,123.8,a230d6,N240JQ,E75L,EMBRAER ERJ-170-200 (long wing),0
landing,LGA,22,1788872873.44,2026-09-08T13:07:53Z,40.778527,-73.876424,213.8,a3d03f,N345DU,,,0
landing,JFK,31R,1788872892.18,2026-09-08T13:08:12Z,40.650433,-73.774063,300.9,aca02f,N912XJ,CRJ9,BOMBARDIER Regional Jet CRJ-900,0
takeoff,LGA,13,1788872906.22,2026-09-08T13:08:26Z,40.776979,-73.871118,123.8,c013c3,C-FHMO,B06,BELL 206 JetRanger,0
takeoff,JFK,31L,1788872963.1,2026-09-08T13:09:23Z,40.63068,-73.777679,300.9,a1aaae,N2060J,A21N,AIRBUS A-321neo,0
takeoff,LGA,13,1788872968.89,2026-09-08T13:09:28Z,40.775517,-73.866684,123.8,abdf3f,N864RW,E170,EMBRAER ERJ-170-100,0
landing,JFK,31R,1788872980.57,2026-09-08T13:09:40Z,40.650993,-73.775299,300.9,ad2baa,N948JB,A321,AIRBUS A-321,0
landing,JFK,04L,1788872995.48,2026-09-08T13:09:55Z,40.63667,-73.778967,351.6,e80211,CC-CWY,B763,BOEING 767-300,0
landing,LGA,22,1788873009.44,2026-09-08T13:10:09Z,40.776897,-73.877766,210.9,a874e1,N644JB,A320,AIRBUS A-320,0
takeoff,JFK,31L,1788873023.59,2026-09-08T13:10:23Z,40.630177,-73.776566,300.9,a77dae,N582DN,A21N,,0
takeoff,LGA,13,1788873066.06,2026-09-08T13:11:06Z,40.776769,-73.870681,123.8,a3d03f,N345DU,,,0
takeoff,LGA,13,1788873072.48,2026-09-08T13:11:12Z,40.775436,-73.866501,123.8,a248cc,N2461H,GLF4,GULFSTREAM 4,0
landing,JFK,31R,1788873106.46,2026-09-08T13:11:46Z,40.651463,-73.776306,300.9,a06e71,N127HQ,E75L,EMBRAER ERJ-170-200 (long wing),0
takeoff,JFK,31L,1788873106.85,2026-09-08T13:11:46Z,40.630829,-73.777985,300.9,a39925,N3307J,BCS3,AIRBUS A220-300,0
takeoff,JFK,31R,1788873160.5,2026-09-08T13:12:40Z,40.650272,-73.773682,300.9,a92e73,N691AF,PC12,PILATUS PC-12,0
landing,LGA,22,1788873162.81,2026-09-08T13:12:42Z,40.774116,-73.879889,185.6,a2348d,N241JQ,E75L,EMBRAER ERJ-170-200 (long wing),0
takeoff,JFK,31L,1788873171.96,2026-09-08T13:12:51Z,40.629135,-73.774277,300.9,a1a1b6,N204JQ,E75L,EMBRAER ERJ-170-200 (long wing),0
landing,JFK,31R,1788873233.44,2026-09-08T13:13:53Z,40.65031,-73.773755,300.9,ad56e0,N959JB,A321,AIRBUS A-321,0
takeoff,JFK,31L,1788873259.13,2026-09-08T13:14:19Z,40.630793,-73.777922,300.9,a95ca4,N702GT,B77L,BOEING 777-200LR,0
landing,LGA,22,1788873269.82,2026-09-08T13:14:29Z,40.774944,-73.879349,213.8,ac1f61,N880RW,E170,EMBRAER ERJ-170-100,0
takeoff,JFK,22R,1788873305.23,2026-09-08T13:15:05Z,40.640751,-73.774139,253.1,aca02f,N912XJ,CRJ9,BOMBARDIER Regional Jet CRJ-900,0
takeoff,LGA,13,1788873337.38,2026-09-08T13:15:37Z,40.776569,-73.870255,123.8,a2348d,N241JQ,E75L,EMBRAER ERJ-170-200 (long wing),0
takeoff,JFK,31L,1788873374.41,2026-09-08T13:16:14Z,40.630374,-73.777001,300.9,a4c96c,N4073J,A21N,AIRBUS A-321neo,0
landing,JFK,31R,1788873398.12,2026-09-08T13:16:38Z,40.650194,-73.773552,300.9,a6eacf,N545DE,A21N,AIRBUS A-321neo,0
takeoff,LGA,13,1788873423.59,2026-09-08T13:17:03Z,40.776958,-73.871063,120.9,ac1f61,N880RW,E170,EMBRAER ERJ-170-100,0
takeoff,JFK,31L,1788873463.03,2026-09-08T13:17:43Z,40.630383,-73.777008,300.9,a7a956,N593JB,A320,AIRBUS A-320,0
landing,LGA,22,1788873535.01,2026-09-08T13:18:55Z,40.776157,-73.878372,213.8,a37b5a,N323VK,B38M,BOEING 737 MAX 8,0
takeoff,JFK,31L,1788873545.86,2026-09-08T13:19:05Z,40.630852,-73.778046,300.9,ac801e,N904XJ,CRJ9,BOMBARDIER Regional Jet CRJ-900,0
takeoff,JFK,31L,1788873620.12,2026-09-08T13:20:20Z,40.631317,-73.779077,300.9,a479b2,N388HA,A332,AIRBUS A-330-200,0
landing,LGA,22,1788873683.34,2026-09-08T13:21:23Z,40.775198,-73.87914,213.8,a4d65c,N410YX,E75L,EMBRAER ERJ-170-200 (long wing),0
takeoff,JFK,31L,1788873718.04,2026-09-08T13:21:58Z,40.628815,-73.773552,300.9,a01bbc,N106HQ,E75L,EMBRAER ERJ-170-200 (long wing),0
landing,JFK,31R,1788873739.57,2026-09-08T13:22:19Z,40.650444,-73.774078,295.3,a3534a,N313PQ,CRJ9,BOMBARDIER Regional Jet CRJ-900,0
landing,LGA,22,1788873746.13,2026-09-08T13:22:26Z,40.776627,-73.877975,208.1,a095aa,N137EV,CRJ9,BOMBARDIER Regional Jet CRJ-900,0
takeoff,LGA,04,1788873754.67,2026-09-08T13:22:34Z,40.775198,-73.874271,56.2,a37b5a,N323VK,B38M,BOEING 737 MAX 8,0
takeoff,LGA,04,1788873759.58,2026-09-08T13:22:39Z,40.775471,-73.877289,70.3,a4d65c,N410YX,E75L,EMBRAER ERJ-170-200 (long wing),0
takeoff,JFK,31L,1788873790.71,2026-09-08T13:23:10Z,40.630491,-73.777251,300.9,acaf0b,N916XJ,CRJ9,BOMBARDIER Regional Jet CRJ-900,0
landing,LGA,22,1788873845.51,2026-09-08T13:24:05Z,40.777665,-73.877127,213.8,a97de4,N710UW,A319,AIRBUS A-319,0
takeoff,JFK,31L,1788873853.93,2026-09-08T13:24:13Z,40.63077,-73.777875,300.9,acb679,N918XJ,CRJ9,BOMBARDIER Regional Jet CRJ-900,0
takeoff,LGA,13,1788873887.53,2026-09-08T13:24:47Z,40.776979,-73.871087,118.1,a095aa,N137EV,CRJ9,BOMBARDIER Regional Jet CRJ-900,0
takeoff,JFK,31L,1788873919.43,2026-09-08T13:25:19Z,40.630595,-73.777516,300.9,a34215,N309PQ,CRJ9,BOMBARDIER Regional Jet CRJ-900,0
takeoff,LGA,04,1788873937.96,2026-09-08T13:25:37Z,40.775459,-73.877213,73.1,a97de4,N710UW,A319,AIRBUS A-319,0
landing,LGA,22,1788873942.08,2026-09-08T13:25:42Z,40.775885,-73.878593,213.8,a43423,N370DN,A321,AIRBUS A-321,0
takeoff,JFK,31L,1788873961.79,2026-09-08T13:26:01Z,40.628483,-73.772842,300.9,a4d849,N411EP,SR22,,0
landing,LGA,22,1788874034.8,2026-09-08T13:27:14Z,40.775013,-73.879318,213.8,a437da,N371DN,A321,AIRBUS A-321,0
landing,JFK,31R,1788874038.64,2026-09-08T13:27:18Z,40.651497,-73.776367,300.9,896596,A6-XWA,A35K,AIRBUS A-350-1000,0
takeoff,JFK,31L,1788874127.67,2026-09-08T13:28:47Z,40.630692,-73.77771,300.9,a13af4,N179DN,B763,BOEING 767-300,0
landing,LGA,22,1788874131.28,2026-09-08T13:28:51Z,40.776746,-73.877876,213.8,a388af,N327DU,BCS3,,0
takeoff,LGA,13,1788874145.5,2026-09-08T13:29:05Z,40.776695,-73.870499,123.8,a43423,N370DN,A321,AIRBUS A-321,0
landing,JFK,31R,1788874169.81,2026-09-08T13:29:29Z,40.650513,-73.7742,302.4,e8020d,CC-BBI,B788,BOEING 787-8 Dreamliner,0
landing,LGA,22,1788874211.37,2026-09-08T13:30:11Z,40.778538,-73.876393,213.8,c06724,C-GNBN,BCS3,AIRBUS A220-300,0
takeoff,JFK,31L,1788874237.32,2026-09-08T13:30:37Z,40.630793,-73.777922,300.9,aae9a3,N802DN,B739,BOEING 737-900,0
takeoff,LGA,13,1788874290.78,2026-09-08T13:31:30Z,40.777496,-73.872192,123.8,a388af,N327DU,BCS3,,0
landing,JFK,31R,1788874314.76,2026-09-08T13:31:54Z,40.650718,-73.774691,300.9,a7bbe9,N598JB,A320,AIRBUS A-320,0
takeoff,JFK,31L,1788874323.09,2026-09-08T13:32:03Z,40.6307,-73.777735,300.9,aa099e,N746JB,A320,AIRBUS A-320,0
takeoff,LGA,04,1788874336.14,2026-09-08T13:32:16Z,40.775443,-73.877173,75.9,c06724,C-GNBN,BCS3,AIRBUS A220-300,0
landing,LGA,22,1788874356.65,2026-09-08T13:32:36Z,40.771179,-73.882401,205.3,adc959,N988F,GLF6,GULFSTREAM G650,8
landing,JFK,31R,1788874394.42,2026-09-08T13:33:14Z,40.650879,-73.775009,300.9,710110,HZ-AK38,B77W,BOEING 777-300ER,0
landing,LGA,22,1788874395.92,2026-09-08T13:33:15Z,40.77372,-73.880372,213.8,a44533,N3741S,B738,BOEING 737-800,0
takeoff,JFK,31L,1788874420.13,2026-09-08T13:33:40Z,40.631195,-73.778824,300.9,a38af8,N3272J,BCS3,AIRBUS A220-300,0
landing,LGA,22,1788874498.36,2026-09-08T13:34:58Z,40.777245,-73.877457,210.9,a08317,N132EV,CRJ9,BOMBARDIER Regional Jet CRJ-900,0
takeoff,JFK,31L,1788874504.26,2026-09-08T13:35:04Z,40.631096,-73.778608,300.9,a39289,N3293J,BCS3,AIRBUS A220-300,0
takeoff,LGA,04,1788874520.21,2026-09-08T13:35:20Z,40.775436,-73.877228,75.9,a44533,N3741S,B738,BOEING 737-800,0
landing,JFK,31R,1788874537.17,2026-09-08T13:35:37Z,40.650706,-73.774645,300.9,a33ef5,N308VR,B38M,BOEING 737 MAX 8,0
takeoff,JFK,31L,1788874575.87,2026-09-08T13:36:15Z,40.62973,-73.775604,300.9,aa8477,N777QS,CL35,BOMBARDIER BD-100 Challenger 350,0
landing,LGA,22,1788874610.49,2026-09-08T13:36:50Z,40.777188,-73.877517,213.8,a5f162,N482PX,CRJ9,BOMBARDIER Regional Jet CRJ-900,0
takeoff,JFK,31L,1788874631.05,2026-09-08T13:37:11Z,40.630405,-73.777084,300.9,ac7b1b,N903JB,A321,AIRBUS A-321,0
landing,JFK,31R,1788874642.57,2026-09-08T13:37:22Z,40.650959,-73.775238,300.9,a198ed,N2016J,A21N,AIRBUS A-321neo,0
takeoff,LGA,13,1788874690.25,2026-09-08T13:38:10Z,40.776653,-73.869058,120.9,a08317,N132EV,CRJ9,BOMBARDIER Regional Jet CRJ-900,0
landing,LGA,22,1788874692.62,2026-09-08T13:38:12Z,40.775361,-73.879015,213.8,ac04be,N87360,E75L,EMBRAER ERJ-170-200 (long wing),0
takeoff,JFK,31L,1788874704.7,2026-09-08T13:38:24Z,40.630281,-73.776798,300.9,acc040,N920XJ,CRJ9,BOMBARDIER Regional Jet CRJ-900,0
landing,JFK,31R,1788874738.45,2026-09-08T13:38:58Z,40.650543,-73.774255,300.9,71c382,HL8382,A359,AIRBUS A-350-900,0
takeoff,JFK,31L,1788874758.92,2026-09-08T13:39:18Z,40.630816,-73.777984,300.9,ab52a2,N829DN,B739,BOEING 737-900,0
landing,LGA,22,1788874786.66,2026-09-08T13:39:46Z,40.775664,-73.878828,210.9,aa7ac8,N7744A,B737,BOEING 737-700,0
takeoff,JFK,31L,1788874836.24,2026-09-08T13:40:36Z,40.630712,-73.77775,300.9,a73a47,N565JB,A320,AIRBUS A-320,0
landing,LGA,22,1788874890.17,2026-09-08T13:41:30Z,40.774628,-73.879577,208.1,ac26cf,N882RW,E170,EMBRAER ERJ-170-100,0
landing,JFK,31R,1788874910.26,2026-09-08T13:41:50Z,40.65081,-73.774902,300.9,a6bbef,N533DT,A21N,AIRBUS A-321neo,0
takeoff,LGA,04,1788874923.25,2026-09-08T13:42:03Z,40.775471,-73.877289,67.5,aa7ac8,N7744A,B737,BOEING 737-700,0
takeoff,JFK,31L,1788874935.78,2026-09-08T13:42:15Z,40.63056,-73.777407,300.9,a1a458,N2048J,A21N,AIRBUS A-321neo,0
takeoff,LGA,13,1788874961.39,2026-09-08T13:42:41Z,40.777107,-73.870041,126.6,ac04be,N87360,E75L,EMBRAER ERJ-170-200 (long wing),0
takeoff,JFK,31L,1788875008.92,2026-09-08T13:43:28Z,40.630107,-73.776424,300.9,a7ef16,N610DN,,,0
landing,LGA,22,1788875072.5,2026-09-08T13:44:32Z,40.773429,-73.880622,213.8,adc65e,N987NN,B738,BOEING 737-800,0
takeoff,JFK,31L,1788875078.04,2026-09-08T13:44:38Z,40.630537,-73.77736,303.8,ab53e4,N829SK,CRJ9,BOMBARDIER Regional Jet CRJ-900,0
takeoff,JFK,31L,1788875150.0,2026-09-08T13:45:50Z,40.630467,-73.777188,300.9,a19910,N2017J,A21N,AIRBUS A-321neo,0
landing,JFK,31R,1788875152.97,2026-09-08T13:45:52Z,40.649565,-73.772132,300.9,a894f2,N652JB,A320,AIRBUS A-320,0
landing,LGA,22,1788875205.74,2026-09-08T13:46:45Z,40.773522,-73.879936,185.6,a4f05d,N417YX,E75L,EMBRAER ERJ-170-200 (long wing),0
takeoff,JFK,31L,1788875209.16,2026-09-08T13:46:49Z,40.630456,-73.777173,300.9,a43f3c,N373DA,B738,BOEING 737-800,0
landing,LGA,22,1788875277.27,2026-09-08T13:47:57Z,40.777828,-73.876986,213.8,ac763b,N9017L,,,0
takeoff,JFK,31L,1788875279.81,2026-09-08T13:47:59Z,40.630554,-73.777435,300.9,a1b2ee,N2086J,A21N,AIRBUS A-321neo,0
takeoff,LGA,04,1788875295.08,2026-09-08T13:48:15Z,40.775454,-73.877298,73.1,a4f05d,N417YX,E75L,EMBRAER ERJ-170-200 (long wing),0
landing,JFK,31R,1788875341.74,2026-09-08T13:49:01Z,40.651268,-73.775909,300.9,a495b4,N395DN,B738,BOEING 737-800,0
takeoff,JFK,31L,1788875346.03,2026-09-08T13:49:06Z,40.63028,-73.77681,300.9,a0275c,N109NN,A321,AIRBUS A-321,0
landing,LGA,22,1788875371.76,2026-09-08T13:49:31Z,40.775768,-73.878656,213.8,a1d0a3,N216JQ,E75L,EMBRAER ERJ-170-200 (long wing),0
takeoff,JFK,31L,1788875404.48,2026-09-08T13:50:04Z,40.630514,-73.777344,300.9,a8712a,N643JB,A320,AIRBUS A-320,0
landing,LGA,22,1788875454.64,2026-09-08T13:50:54Z,40.775582,-73.878843,213.8,aaffed,N808DN,B739,BOEING 737-900,0
takeoff,JFK,31L,1788875513.23,2026-09-08T13:51:53Z,40.630549,-73.777407,300.9,a3e07a,N349TV,B38M,BOEING 737 MAX 8,0
landing,LGA,22,1788875527.29,2026-09-08T13:52:07Z,40.77457,-73.87967,213.8,abc573,N858DZ,B739,BOEING 737-900,0
landing,JFK,31R,1788875542.91,2026-09-08T13:52:22Z,40.652618,-73.77887,300.9,ac8985,N907DN,B739,BOEING 737-900,0
takeoff,JFK,31L,1788875583.85,2026-09-08T13:53:03Z,40.630456,-73.77722,300.9,a4008e,N357TY,B38M,,0
takeoff,JFK,31L,1788875656.66,2026-09-08T13:54:16Z,40.630642,-73.77761,300.9,a1a0c4,N2039J,A21N,AIRBUS A-321neo,0
landing,LGA,04,1788875666.65,2026-09-08T13:54:26Z,40.770596,-73.881638,75.9,a23bfb,N243JQ,E75L,EMBRAER ERJ-170-200 (long wing),0
landing,LGA,22,1788875714.29,2026-09-08T13:55:14Z,40.776537,-73.878016,210.9,a1057a,N165NN,A321,AIRBUS A-321,0
landing,JFK,31R,1788875721.07,2026-09-08T13:55:21Z,40.651989,-73.777481,300.9,acc9b2,N923DZ,B739,BOEING 737-900,0
landing,JFK,22R,1788875731.74,2026-09-08T13:55:31Z,40.646004,-73.771988,182.8,a73690,N564JB,A320,AIRBUS A-320,0
takeoff,JFK,31L,1788875732.36,2026-09-08T13:55:32Z,40.63036,-73.776962,298.1,acb2c2,N917XJ,CRJ9,BOMBARDIER Regional Jet CRJ-900,0
takeoff,JFK,31L,1788875800.69,2026-09-08T13:56:40Z,40.630479,-73.77722,300.9,0c208d,HP-1830CMP,B738,BOEING 737-800,0
takeoff,LGA,13,1788875802.4,2026-09-08T13:56:42Z,40.776839,-73.869449,123.8,a23bfb,N243JQ,E75L,EMBRAER ERJ-170-200 (long wing),0
takeoff,JFK,31L,1788875866.12,2026-09-08T13:57:46Z,40.630537,-73.777376,300.9,a6152a,N491PX,CRJ9,BOMBARDIER Regional Jet CRJ-900,0
landing,LGA,04,1788875910.64,2026-09-08T13:58:30Z,40.774023,-73.878625,30.9,a0345f,N112HQ,E75L,EMBRAER ERJ-170-200 (long wing),0
landing,JFK,31R,1788875913.21,2026-09-08T13:58:33Z,40.650904,-73.775097,300.9,a8deb4,N6704Z,B752,BOEING 757-200,0
takeoff,JFK,31L,1788875919.84,2026-09-08T13:58:39Z,40.630234,-73.776718,300.9,a8e1f6,N6711M,B752,BOEING 757-200,0
landing,LGA,22,1788875947.67,2026-09-08T13:59:07Z,40.773537,-73.879929,182.8,ab0a73,N810MD,E170,EMBRAER ERJ-170-100,0
takeoff,JFK,31L,1788875995.35,2026-09-08T13:59:55Z,40.630537,-73.777422,300.9,a999d2,N718AN,B77W,BOEING 777-300ER,0
landing,LGA,22,1788876025.78,2026-09-08T14:00:25Z,40.774441,-73.879791,210.9,a4794e,N388DA,B738,BOEING 737-800,0
takeoff,JFK,31L,1788876122.58,2026-09-08T14:02:02Z,40.630405,-73.7771,300.9,a67883,N516JB,A320,AIRBUS A-320,0
takeoff,LGA,13,1788876151.84,2026-09-08T14:02:31Z,40.775482,-73.866608,123.8,ad385f,N951AA,B738,BOEING 737-800,0
landing,JFK,31R,1788876173.09,2026-09-08T14:02:53Z,40.650159,-73.773459,300.9,a7fdf2,N614DN,,,0
takeoff,JFK,31L,1788876210.86,2026-09-08T14:03:30Z,40.630595,-73.7775,300.9,acf54f,N934JB,A321,AIRBUS A-321,0
takeoff,LGA,13,1788876211.03,2026-09-08T14:03:31Z,40.775494,-73.866638,120.9,a4cc95,N408YX,E75L,EMBRAER ERJ-170-200 (long wing),0
landing,LGA,22,1788876245.09,2026-09-08T14:04:05Z,40.777188,-73.877517,210.9,a33e5e,N308PQ,CRJ9,BOMBARDIER Regional Jet CRJ-900,0
takeoff,JFK,31L,1788876280.73,2026-09-08T14:04:40Z,40.630793,-73.777922,300.9,ad8bed,N972JT,A321,AIRBUS A-321,0
takeoff,JFK,31L,1788876337.25,2026-09-08T14:05:37Z,40.630085,-73.776382,300.9,a7de53,N606JB,A320,AIRBUS A-320,0
landing,JFK,31L,1788876337.85,2026-09-08T14:05:37Z,40.630257,-73.776764,300.9,a7de53,N606JB,A320,AIRBUS A-320,0
takeoff,JFK,31L,1788876337.85,2026-09-08T14:05:37Z,40.630257,-73.776764,300.9,a7de53,N606JB,A320,AIRBUS A-320,0
landing,LGA,22,1788876339.05,2026-09-08T14:05:39Z,40.775594,-73.878828,210.9,a4b64b,N402YX,E75L,EMBRAER ERJ-170-200 (long wing),0
takeoff,JFK,31L,1788876407.86,2026-09-08T14:06:47Z,40.63044,-73.777145,300.9,a11d47,N171DZ,B763,BOEING 767-300,0
landing,LGA,22,1788876469.45,2026-09-08T14:07:49Z,40.774212,-73.879822,194.1,a50192,N421YX,E75L,EMBRAER ERJ-170-200 (long wing),0
landing,JFK,31R,1788876473.86,2026-09-08T14:07:53Z,40.651288,-73.775956,300.9,ad3cdf,N952JB,A321,AIRBUS A-321,0
takeoff,JFK,31L,1788876514.35,2026-09-08T14:08:34Z,40.63076,-73.777863,300.9,a34e01,N3118J,BCS3,AIRBUS A220-300,0
landing,LGA,22,1788876565.74,2026-09-08T14:09:25Z,40.777817,-73.877029,210.9,aaa96f,N7862A,B737,BOEING 737-700,0
takeoff,JFK,31L,1788876584.56,2026-09-08T14:09:44Z,40.630611,-73.777527,300.9,a1bc29,N2102J,A21N,AIRBUS A-321neo,0
takeoff,JFK,31L,1788876643.48,2026-09-08T14:10:43Z,40.630543,-73.777405,300.9,a0d6a8,N153PQ,CRJ9,BOMBARDIER Regional Jet CRJ-900,0
takeoff,JFK,31L,1788876701.19,2026-09-08T14:11:41Z,40.62864,-73.773209,300.9,a1c1c7,N212JQ,E75L,EMBRAER ERJ-170-200 (long wing),0
landing,JFK,31R,1788876706.97,2026-09-08T14:11:46Z,40.651131,-73.775558,302.4,507c55,UK-78705,B788,BOEING 787-8 Dreamliner,0
landing,LGA,22,1788876760.93,2026-09-08T14:12:40Z,40.774931,-73.879374,210.9,ab282b,N818MD,E170,EMBRAER ERJ-170-100,0
takeoff,JFK,31L,1788876767.81,2026-09-08T14:12:47Z,40.628826,-73.77359,300.9,a1e946,N222JQ,E75L,EMBRAER ERJ-170-200 (long wing),0
takeoff,JFK,31L,1788876845.18,2026-09-08T14:14:05Z,40.630176,-73.776564,300.9,ad734a,N966JT,A321,AIRBUS A-321,0
takeoff,LGA,13,1788876857.59,2026-09-08T14:14:17Z,40.775402,-73.86644,120.9,a05bde,N122HQ,E75L,EMBRAER ERJ-170-200 (long wing),0
landing,LGA,22,1788876900.05,2026-09-08T14:15:00Z,40.775162,-73.879181,210.9,a54312,N438YX,E75L,EMBRAER ERJ-170-200 (long wing),0
takeoff,JFK,31L,1788876910.25,2026-09-08T14:15:10Z,40.630537,-73.777391,300.9,a15027,N184GJ,CRJ9,BOMBARDIER Regional Jet CRJ-900,0
takeoff,LGA,13,1788876925.65,2026-09-08T14:15:25Z,40.776787,-73.870728,123.8,ab282b,N818MD,E170,EMBRAER ERJ-170-100,0
takeoff,JFK,31L,1788876975.53,2026-09-08T14:16:15Z,40.630421,-73.777142,300.9,a042d5,N116DN,A321,AIRBUS A-321,0
landing,LGA,22,1788877011.92,2026-09-08T14:16:51Z,40.7742,-73.879837,199.7,c060ca,C-GKQZ,E295,EMBRAER ERJ-190-400,0
landing,LGA,22,1788877079.95,2026-09-08T14:17:59Z,40.776932,-73.877735,213.8,a38237,N325PQ,CRJ9,BOMBARDIER Regional Jet CRJ-900,0
landing,JFK,31R,1788877115.13,2026-09-08T14:18:35Z,40.652172,-73.778172,284.1,a1a924,N206JQ,E75L,EMBRAER ERJ-170-200 (long wing),0
takeoff,JFK,31L,1788877144.77,2026-09-08T14:19:04Z,40.630491,-73.777282,303.8,a5fc87,N485PX,CRJ9,BOMBARDIER Regional Jet CRJ-900,0
landing,LGA,22,1788877190.09,2026-09-08T14:19:50Z,40.771881,-73.881886,213.8,aa7e56,N77525,B738,BOEING 737-800,0
takeoff,JFK,31L,1788877250.65,2026-09-08T14:20:50Z,40.630634,-73.777573,300.9,789203,B-LRV,A359,AIRBUS A-350-900,0
landing,LGA,22,1788877266.16,2026-09-08T14:21:06Z,40.776249,-73.878296,210.9,acba30,N919XJ,CRJ9,BOMBARDIER Regional Jet CRJ-900,0
landing,JFK,31R,1788877338.77,2026-09-08T14:22:18Z,40.651521,-73.776439,300.9,010283,SU-GGE,A359,AIRBUS A-350-900,0
landing,JFK,31L,1788877376.57,2026-09-08T14:22:56Z,40.63802,-73.793871,300.9,ab6519,N833SK,CRJ9,BOMBARDIER Regional Jet CRJ-900,0
takeoff,JFK,31L,1788877442.42,2026-09-08T14:24:02Z,40.630531,-73.777359,300.9,adbdc1,N985AK,B39M,BOEING 737 MAX 9,0
landing,LGA,22,1788877463.23,2026-09-08T14:24:23Z,40.774418,-73.879795,210.9,ac0a22,N875NN,B738,BOEING 737-800,0
landing,JFK,31R,1788877473.69,2026-09-08T14:24:33Z,40.651314,-73.775986,300.9,71be19,HL7619,A388,AIRBUS A-380-800,0
takeoff,JFK,31L,1788877518.12,2026-09-08T14:25:18Z,40.629653,-73.775425,300.9,ac8efa,N908XJ,CRJ9,BOMBARDIER Regional Jet CRJ-900,0
landing,LGA,22,1788877571.31,2026-09-08T14:26:11Z,40.780307,-73.874926,213.8,a74535,N568FX,CL35,BOMBARDIER BD-100 Challenger 350,0
takeoff,JFK,31L,1788877585.17,2026-09-08T14:26:25Z,40.630328,-73.776892,300.9,a8a3ce,N656JB,A320,AIRBUS A-320,0
takeoff,JFK,31L,1788877666.14,2026-09-08T14:27:46Z,40.630828,-73.778047,300.9,a3549d,N3132J,BCS3,AIRBUS A220-300,0
landing,LGA,22,1788877673.45,2026-09-08T14:27:53Z,40.776627,-73.877975,210.9,a466d2,N383DZ,A321,AIRBUS A-321,0
landing,JFK,31R,1788877718.61,2026-09-08T14:28:38Z,40.649565,-73.772117,300.9,aac7ab,N794JB,A320,AIRBUS A-320,0
takeoff,JFK,31L,1788877737.15,2026-09-08T14:28:57Z,40.635555,-73.788452,300.9,ad2baa,N948JB,A321,AIRBUS A-321,0
landing,LGA,22,1788877786.26,2026-09-08T14:29:46Z,40.775419,-73.878984,213.8,a39723,N330PQ,CRJ9,BOMBARDIER Regional Jet CRJ-900,0
landing,JFK,31R,1788877791.05,2026-09-08T14:29:51Z,40.649837,-73.772675,302.4,47c968,LN-LNO,B789,BOEING 787-9 Dreamliner,0
takeoff,JFK,31L,1788877827.52,2026-09-08T14:30:27Z,40.630456,-73.777204,300.9,a63d42,N5007E,A319,AIRBUS A-319,0
landing,LGA,22,1788877879.99,2026-09-08T14:31:19Z,40.781145,-73.874271,213.8,ab3d6f,N823QS,C700,CESSNA 700 Citation Longitude,0
takeoff,JFK,31L,1788877889.22,2026-09-08T14:31:29Z,40.628745,-73.773396,300.9,a537ed,N435YX,E75L,EMBRAER ERJ-170-200 (long wing),0
takeoff,JFK,31L,1788877970.02,2026-09-08T14:32:50Z,40.630508,-73.777313,300.9,a37032,N320VG,B38M,BOEING 737 MAX 8,0
landing,JFK,31R,1788878004.89,2026-09-08T14:33:24Z,40.650833,-73.774918,300.9,840a64,JA02WJ,A35K,AIRBUS A-350-1000,0
landing,LGA,22,1788878006.53,2026-09-08T14:33:26Z,40.774593,-73.879545,208.1,a1c57e,N213JQ,E75L,EMBRAER ERJ-170-200 (long wing),0
takeoff,JFK,31L,1788878031.04,2026-09-08T14:33:51Z,40.630463,-73.777206,300.9,a7b832,N597JB,A320,AIRBUS A-320,0
landing,LGA,22,1788878067.96,2026-09-08T14:34:27Z,40.775093,-73.879233,213.8,a384f8,N326DU,BCS3,AIRBUS A220-300,0
takeoff,JFK,31L,1788878092.71,2026-09-08T14:34:52Z,40.630502,-73.777298,300.9,ace1af,N929XJ,CRJ9,BOMBARDIER Regional Jet CRJ-900,0
landing,JFK,31R,1788878102.54,2026-09-08T14:35:02Z,40.651096,-73.775513,300.9,8695c6,JA798A,B77W,BOEING 777-300ER,0
takeoff,JFK,31L,1788878160.62,2026-09-08T14:36:00Z,40.62942,-73.774926,300.9,a1d13b,N216QS,CL60,BOMBARDIER CL-600 Challenger,0
landing,LGA,04,1788878202.02,2026-09-08T14:36:42Z,40.772175,-73.880157,30.9,a50549,N422YX,E75L,EMBRAER ERJ-170-200 (long wing),0
takeoff,JFK,31L,1788878234.08,2026-09-08T14:37:14Z,40.630589,-73.777481,300.9,a0563b,N1201P,B763,BOEING 767-300,0
landing,LGA,22,1788878248.87,2026-09-08T14:37:28Z,40.778096,-73.876752,210.9,a1094c,N166PQ,CRJ9,BOMBARDIER Regional Jet CRJ-900,0
landing,JFK,31R,1788878261.17,2026-09-08T14:37:41Z,40.649914,-73.772881,300.9,a03f24,N115DU,BCS1,AIRBUS A220-100,0
landing,JFK,31R,1788878342.6,2026-09-08T14:39:02Z,40.650915,-73.775097,299.6,7380c4,4X-EDE,B789,BOEING 787-9 Dreamliner,0
takeoff,JFK,31L,1788878352.47,2026-09-08T14:39:12Z,40.630525,-73.777344,300.9,a845f4,N632JB,A320,AIRBUS A-320,0
landing,LGA,22,1788878358.08,2026-09-08T14:39:18Z,40.775322,-73.879074,210.9,a426a5,N367DN,A321,AIRBUS A-321,0
takeoff,LGA,13,1788878380.44,2026-09-08T14:39:40Z,40.775482,-73.866608,120.9,a5f162,N482PX,CRJ9,BOMBARDIER Regional Jet CRJ-900,0
takeoff,JFK,31L,1788878412.7,2026-09-08T14:40:12Z,40.628722,-73.773365,300.9,a1e1d8,N220JQ,E75L,EMBRAER ERJ-170-200 (long wing),0
landing,LGA,22,1788878453.0,2026-09-08T14:40:53Z,40.775093,-73.879186,210.9,a095f0,N137HQ,E75L,EMBRAER ERJ-170-200 (long wing),0
landing,JFK,31R,1788878478.75,2026-09-08T14:41:18Z,40.651323,-73.775956,300.9,76cef0,9V-SWP,B77W,BOEING 777-300ER,0
landing,LGA,22,1788878513.12,2026-09-08T14:41:53Z,40.778206,-73.876678,213.8,abb12d,N8520Q,B738,BOEING 737-800,0
takeoff,LGA,13,1788878557.35,2026-09-08T14:42:37Z,40.772369,-73.860077,120.9,a874e1,N644JB,A320,AIRBUS A-320,0
landing,LGA,22,1788878610.59,2026-09-08T14:43:30Z,40.77626,-73.878281,210.9,a83108,N627JB,A320,AIRBUS A-320,0
landing,JFK,31R,1788878616.62,2026-09-08T14:43:36Z,40.650043,-73.773193,300.9,a4b6b6,N4022J,A21N,AIRBUS A-321neo,0
takeoff,JFK,31L,1788878628.71,2026-09-08T14:43:48Z,40.630669,-73.777664,300.9,adbe91,N985JT,A321,AIRBUS A-321,0
landing,LGA,22,1788878707.91,2026-09-08T14:45:07Z,40.777588,-73.877197,213.8,acfe09,N936XJ,CRJ9,BOMBARDIER Regional Jet CRJ-900,0
landing,JFK,31R,1788878726.58,2026-09-08T14:45:26Z,40.649786,-73.772616,300.9,408121,G-VPIE,A339,AIRBUS A-330-900,0
takeoff,JFK,31L,1788878735.62,2026-09-08T14:45:35Z,40.631072,-73.778562,300.9,a3534a,N313PQ,CRJ9,BOMBARDIER Regional Jet CRJ-900,0
landing,LGA,22,1788878793.37,2026-09-08T14:46:33Z,40.777002,-73.877657,213.8,a5cc12,N47281,B38M,BOEING 737 MAX 8,0
takeoff,JFK,31L,1788878833.35,2026-09-08T14:47:13Z,40.630657,-73.777649,300.9,ad8fa4,N973JT,A321,AIRBUS A-321,0
landing,JFK,31R,1788878888.25,2026-09-08T14:48:08Z,40.651858,-73.777173,300.9,ac8e1d,N908NN,B738,BOEING 737-800,0
landing,LGA,22,1788878912.84,2026-09-08T14:48:32Z,40.7761,-73.878403,216.6,a153de,N185GJ,CRJ9,BOMBARDIER Regional Jet CRJ-900,0
landing,JFK,31R,1788878982.26,2026-09-08T14:49:42Z,40.650648,-73.774504,300.9,710103,HZ-AK74,B77L,BOEING 777-200LR,0
landing,LGA,22,1788879015.55,2026-09-08T14:50:15Z,40.773205,-73.880814,213.8,ad6884,N963NN,B738,BOEING 737-800,0
takeoff,JFK,31L,1788879103.84,2026-09-08T14:51:43Z,40.630805,-73.777922,300.9,a73690,N564JB,A320,AIRBUS A-320,0
landing,JFK,31R,1788879109.61,2026-09-08T14:51:49Z,40.649895,-73.772812,300.9,400774,G-VIIW,B772,BOEING 777-200,0
landing,LGA,22,1788879127.15,2026-09-08T14:52:07Z,40.774919,-73.879374,210.9,abc2e5,N857RW,E170,EMBRAER ERJ-170-100,0
landing,JFK,31R,1788879279.11,2026-09-08T14:54:39Z,40.649973,-73.773006,300.9,ad2095,N945JT,A321,AIRBUS A-321,0
landing,LGA,04,1788879354.86,2026-09-08T14:55:54Z,40.772196,-73.880123,33.8,a89d22,N654RW,E170,EMBRAER ERJ-170-100,0
takeoff,JFK,31L,1788879357.9,2026-09-08T14:55:57Z,40.630634,-73.777573,300.9,738076,4X-ECF,B772,BOEING 777-200,0
landing,JFK,31L,1788879358.42,2026-09-08T14:55:58Z,40.630723,-73.777781,300.9,738076,4X-ECF,B772,BOEING 777-200,0
takeoff,JFK,31L,1788879358.86,2026-09-08T14:55:58Z,40.630806,-73.777954,300.9,738076,4X-ECF,B772,BOEING 777-200,0
landing,LGA,22,1788879397.43,2026-09-08T14:56:37Z,40.774464,-73.87973,210.9,a866c7,N640RW,E170,EMBRAER ERJ-170-100,0
landing,JFK,31R,1788879479.05,2026-09-08T14:57:59Z,40.650613,-73.774426,300.9,4ba959,TC-JJY,B77W,BOEING 777-300ER,0
landing,LGA,22,1788879484.47,2026-09-08T14:58:04Z,40.77475,-73.879517,210.9,ada699,N979RP,E170,EMBRAER ERJ-170-100,0
landing,LGA,22,1788879547.34,2026-09-08T14:59:07Z,40.775536,-73.878859,213.8,a0835d,N132HQ,E75L,EMBRAER ERJ-170-200 (long wing),0
landing,LGA,22,1788879614.93,2026-09-08T15:00:14Z,40.775322,-73.879059,213.8,ab40ce,N824MD,E170,EMBRAER ERJ-170-100,0
landing,JFK,31R,1788879674.18,2026-09-08T15:01:14Z,40.650295,-73.773773,300.9,a61173,N490PX,CRJ9,BOMBARDIER Regional Jet CRJ-900,0
landing,LGA,22,1788879741.32,2026-09-08T15:02:21Z,40.776775,-73.877869,205.3,a07f60,N131EV,CRJ9,BOMBARDIER Regional Jet CRJ-900,0
landing,LGA,04,1788879798.08,2026-09-08T15:03:18Z,40.775454,-73.877454,33.8,a1f822,N226JQ,E75L,EMBRAER ERJ-170-200 (long wing),0
landing,LGA,22,1788879814.31,2026-09-08T15:03:34Z,40.7761,-73.878418,210.9,ac83d5,N905XJ,CRJ9,BOMBARDIER Regional Jet CRJ-900,0
takeoff,JFK,31L,1788879936.24,2026-09-08T15:05:36Z,40.630816,-73.777969,300.9,acf906,N935JB,A321,AIRBUS A-321,0
takeoff,LGA,22,1788879943.04,2026-09-08T15:05:43Z,40.776134,-73.876114,236.2,a1d0a3,N216JQ,E75L,EMBRAER ERJ-170-200 (long wing),0
takeoff,LGA,22,1788879967.62,2026-09-08T15:06:07Z,40.776036,-73.876783,253.1,ac26cf,N882RW,E170,EMBRAER ERJ-170-100,0
landing,JFK,31R,1788880071.75,2026-09-08T15:07:51Z,40.650845,-73.774933,300.9,a38019,N3244J,BCS3,,0
landing,JFK,31R,1788880170.9,2026-09-08T15:09:30Z,40.649356,-73.771648,300.9,a854d0,N636JB,A320,AIRBUS A-320,0
landing,LGA,31,1788880179.16,2026-09-08T15:09:39Z,40.777514,-73.868512,303.8,ac90a7,N909AM,A321,AIRBUS A-321,0
landing,JFK,31L,1788880274.36,2026-09-08T15:11:14Z,40.638771,-73.795502,300.9,a6d234,N539DN,A21N,,0
landing,LGA,31,1788880281.18,2026-09-08T15:11:21Z,40.778446,-73.870438,303.8,a422f7,N366DX,A321,AIRBUS A-321,0
landing,JFK,31R,1788880290.28,2026-09-08T15:11:30Z,40.65059,-73.774395,300.9,ad727d,N966AN,B738,BOEING 737-800,0
takeoff,LGA,04,1788880306.35,2026-09-08T15:11:46Z,40.771706,-73.88205,30.9,a437da,N371DN,A321,AIRBUS A-321,0
takeoff,JFK,31L,1788880359.03,2026-09-08T15:12:39Z,40.628712,-73.773346,300.9,a06e71,N127HQ,E75L,EMBRAER ERJ-170-200 (long wing),0
takeoff,LGA,22,1788880378.52,2026-09-08T15:12:58Z,40.772347,-73.880014,213.8,ac763b,N9017L,,,0
landing,LGA,31,1788880395.18,2026-09-08T15:13:15Z,40.779156,-73.872589,258.8,a310cf,N297PQ,CRJ9,BOMBARDIER Regional Jet CRJ-900,0
takeoff,LGA,22,1788880431.39,2026-09-08T15:13:51Z,40.772289,-73.880051,210.9,adc65e,N987NN,B738,BOEING 737-800,0
takeoff,JFK,31L,1788880431.51,2026-09-08T15:13:51Z,40.630611,-73.777542,300.9,a03235,N111ZM,A321,AIRBUS A-321,0
takeoff,LGA,22,1788880447.61,2026-09-08T15:14:07Z,40.772289,-73.88006,213.8,ab0a73,N810MD,E170,EMBRAER ERJ-170-100,0
landing,JFK,31R,1788880453.6,2026-09-08T15:14:13Z,40.651108,-73.775543,300.9,a8bc71,N662JB,A320,AIRBUS A-320,0
landing,LGA,31,1788880469.53,2026-09-08T15:14:29Z,40.777267,-73.867996,303.8,a44ca0,N3761R,B738,BOEING 737-800,0
takeoff,JFK,31L,1788880510.98,2026-09-08T15:15:10Z,40.630572,-73.777438,300.9,a8222c,N623JB,A320,AIRBUS A-320,0
landing,JFK,31R,1788880541.18,2026-09-08T15:15:41Z,40.65176,-73.776947,300.9,a05614,N1200K,B763,BOEING 767-300,0
takeoff,LGA,04,1788880559.36,2026-09-08T15:15:59Z,40.777526,-73.879608,70.3,a2fcee,N292AF,PC24,PILATUS PC-24,0
landing,LGA,31,1788880571.33,2026-09-08T15:16:11Z,40.777496,-73.868484,300.9,aceb76,N931XJ,CRJ9,BOMBARDIER Regional Jet CRJ-900,0
takeoff,JFK,31L,1788880584.1,2026-09-08T15:16:24Z,40.630486,-73.777237,300.9,a03765,N113AN,A321,AIRBUS A-321,0
takeoff,LGA,22,1788880640.42,2026-09-08T15:17:20Z,40.7738,-73.878815,213.8,a4f7cb,N419YX,E75L,EMBRAER ERJ-170-200 (long wing),0
takeoff,LGA,22,1788880645.82,2026-09-08T15:17:25Z,40.771282,-73.88089,213.8,a0345f,N112HQ,E75L,EMBRAER ERJ-170-200 (long wing),0
landing,LGA,31,1788880655.37,2026-09-08T15:17:35Z,40.777305,-73.868075,303.8,acad02,N916AN,B738,BOEING 737-800,0
landing,JFK,31R,1788880681.41,2026-09-08T15:18:01Z,40.651125,-73.775612,300.9,a32814,N302PQ,CRJ9,BOMBARDIER Regional Jet CRJ-900,0
takeoff,JFK,31L,1788880687.45,2026-09-08T15:18:07Z,40.631084,-73.778577,300.9,8015a7,VT-AER,B77W,BOEING 777-300ER,0
landing,JFK,31R,1788880785.52,2026-09-08T15:19:45Z,40.650962,-73.775238,300.9,ab686f,N834NN,B738,BOEING 737-800,0
takeoff,JFK,31L,1788880791.07,2026-09-08T15:19:51Z,40.630657,-73.777634,300.9,a15ebc,N188DN,B763,BOEING 767-300,0
takeoff,LGA,04,1788880792.51,2026-09-08T15:19:52Z,40.773406,-73.880638,30.9,aaa96f,N7862A,B737,BOEING 737-700,0
landing,LGA,13,1788880795.75,2026-09-08T15:19:55Z,40.777782,-73.871321,146.2,a4fddb,N420YX,E75L,EMBRAER ERJ-170-200 (long wing),0
landing,LGA,31,1788880833.62,2026-09-08T15:20:33Z,40.777933,-73.869386,300.9,a12758,N17349,B38M,BOEING 737 MAX 8,0
landing,JFK,31R,1788880890.49,2026-09-08T15:21:30Z,40.651371,-73.776123,300.9,ad444d,N954JB,A321,AIRBUS A-321,0
takeoff,JFK,31L,1788880894.91,2026-09-08T15:21:34Z,40.630577,-73.777451,300.9,a7bbe9,N598JB,A320,AIRBUS A-320,0
landing,LGA,31,1788880923.58,2026-09-08T15:22:03Z,40.777336,-73.868149,303.8,a36fa4,N320PQ,CRJ9,BOMBARDIER Regional Jet CRJ-900,0
takeoff,LGA,22,1788880935.39,2026-09-08T15:22:15Z,40.77562,-73.877304,213.8,aaffed,N808DN,B739,BOEING 737-900,0
takeoff,JFK,31L,1788880943.24,2026-09-08T15:22:23Z,40.630479,-73.777251,300.9,acfc56,N936DZ,B739,,0
takeoff,JFK,31L,1788881003.78,2026-09-08T15:23:23Z,40.62981,-73.775787,300.9,a388e4,N327FX,E545,EMBRAER EMB545 Praetor 500,0
landing,LGA,31,1788881010.62,2026-09-08T15:23:30Z,40.777451,-73.868362,303.8,a359c2,N315DU,BCS3,AIRBUS A220-300,0
landing,JFK,31R,1788881014.4,2026-09-08T15:23:34Z,40.651602,-73.776673,300.9,a51425,N426YX,E75L,EMBRAER ERJ-170-200 (long wing),0
takeoff,LGA,22,1788881050.28,2026-09-08T15:24:10Z,40.772324,-73.880029,210.9,a4b64b,N402YX,E75L,EMBRAER ERJ-170-200 (long wing),0
takeoff,JFK,31L,1788881082.59,2026-09-08T15:24:42Z,40.630677,-73.777672,300.9,adb014,N981NN,B738,BOEING 737-800,0
takeoff,LGA,22,1788881093.54,2026-09-08T15:24:53Z,40.769519,-73.882745,225.0,a74535,N568FX,CL35,BOMBARDIER BD-100 Challenger 350,0
landing,LGA,31,1788881124.17,2026-09-08T15:25:24Z,40.777954,-73.869858,286.9,ac0a75,N875RW,E170,EMBRAER ERJ-170-100,0
landing,LGA,31,1788881172.07,2026-09-08T15:26:12Z,40.777165,-73.86781,303.8,c05f0a,C-GJZT,CRJ9,BOMBARDIER Regional Jet CRJ-900,0
takeoff,JFK,31L,1788881172.92,2026-09-08T15:26:12Z,40.630589,-73.777481,300.9,a1b2a8,N2084J,A21N,AIRBUS A-321neo,0
takeoff,JFK,31L,1788881224.57,2026-09-08T15:27:04Z,40.628838,-73.77363,300.9,a50900,N423YX,E75L,EMBRAER ERJ-170-200 (long wing),0
landing,JFK,31R,1788881249.43,2026-09-08T15:27:29Z,40.650284,-73.773712,300.9,a4bfc1,N405FR,A20N,AIRBUS A-320neo,0
landing,LGA,31,1788881251.68,2026-09-08T15:27:31Z,40.778503,-73.870605,303.8,a48e46,N393DN,A321,AIRBUS A-321,0
takeoff,JFK,31L,1788881294.78,2026-09-08T15:28:14Z,40.630654,-73.777641,300.9,ac8985,N907DN,B739,BOEING 737-900,0
landing,LGA,31,1788881341.71,2026-09-08T15:29:01Z,40.777514,-73.868512,303.8,a3f91e,N355TW,B38M,,0
landing,JFK,31R,1788881344.24,2026-09-08T15:29:04Z,40.649849,-73.772736,300.9,a1a0a1,N2038J,A21N,AIRBUS A-321neo,0
takeoff,JFK,31L,1788881363.54,2026-09-08T15:29:23Z,40.630584,-73.777485,300.9,acc9b2,N923DZ,B739,BOEING 737-900,0
takeoff,LGA,22,1788881372.67,2026-09-08T15:29:32Z,40.772301,-73.880051,210.9,a1c57e,N213JQ,E75L,EMBRAER ERJ-170-200 (long wing),0
landing,JFK,31R,1788881422.83,2026-09-08T15:30:22Z,40.650939,-73.77516,300.9,ac7e60,N904DN,B739,BOEING 737-900,0
landing,LGA,31,1788881433.02,2026-09-08T15:30:33Z,40.777444,-73.868356,303.8,ac7c67,N903XJ,CRJ9,BOMBARDIER Regional Jet CRJ-900,0
takeoff,JFK,31L,1788881493.85,2026-09-08T15:31:33Z,40.630619,-73.777516,299.6,ab4e94,N828AA,B789,BOEING 787-9 Dreamliner,0
landing,LGA,31,1788881505.18,2026-09-08T15:31:45Z,40.777503,-73.868497,303.8,a49d22,N397DN,A321,AIRBUS A-321,0
landing,JFK,31R,1788881534.93,2026-09-08T15:32:14Z,40.649734,-73.772507,300.9,4c0223,YU-ARD,A332,AIRBUS A-330-200,0
takeoff,LGA,22,1788881590.54,2026-09-08T15:33:10Z,40.770415,-73.881621,216.6,a4794e,N388DA,B738,BOEING 737-800,0
takeoff,JFK,31L,1788881636.33,2026-09-08T15:33:56Z,40.630654,-73.777594,300.9,06a2b6,A7-BER,B77W,BOEING 777-300ER,0
takeoff,LGA,22,1788881639.23,2026-09-08T15:33:59Z,40.772207,-73.880123,213.8,a38237,N325PQ,CRJ9,BOMBARDIER Regional Jet CRJ-900,0
landing,LGA,31,1788881648.67,2026-09-08T15:34:08Z,40.779087,-73.871902,298.1,a1ccec,N215JQ,E75L,EMBRAER ERJ-170-200 (long wing),0
landing,LGA,31,1788881677.43,2026-09-08T15:34:37Z,40.778435,-73.870468,303.8,ac3315,N8852Q,B38M,BOEING 737 MAX 8,0
takeoff,LGA,04,1788881707.46,2026-09-08T15:35:07Z,40.772781,-73.881149,30.9,acba30,N919XJ,CRJ9,BOMBARDIER Regional Jet CRJ-900,0
takeoff,JFK,31L,1788881749.11,2026-09-08T15:35:49Z,40.62999,-73.776158,300.9,a7fdf2,N614DN,,,0
takeoff,LGA,22,1788881792.42,2026-09-08T15:36:32Z,40.770859,-73.88121,210.9,aa7e56,N77525,B738,BOEING 737-800,0
takeoff,LGA,22,1788881792.43,2026-09-08T15:36:32Z,40.772196,-73.880138,213.8,c060ca,C-GKQZ,E295,EMBRAER ERJ-190-400,0
landing,LGA,13,1788881815.53,2026-09-08T15:36:55Z,40.777584,-73.871025,120.9,abd41a,N861RW,E170,EMBRAER ERJ-170-100,0
takeoff,JFK,31L,1788881825.64,2026-09-08T15:37:05Z,40.630245,-73.776718,300.9,a85ff5,N639JB,A320,AIRBUS A-320,0
takeoff,LGA,13,1788881834.52,2026-09-08T15:37:14Z,40.776956,-73.869714,120.9,abd41a,N861RW,E170,EMBRAER ERJ-170-100,0
landing,LGA,31,1788881842.86,2026-09-08T15:37:22Z,40.777748,-73.869003,300.9,abef79,N8684F,B738,BOEING 737-800,0
takeoff,LGA,22,1788881846.92,2026-09-08T15:37:26Z,40.772221,-73.880112,213.8,a50549,N422YX,E75L,EMBRAER ERJ-170-200 (long wing),0
takeoff,LGA,04,1788881876.72,2026-09-08T15:37:56Z,40.772161,-73.881652,30.9,a1057a,N165NN,A321,AIRBUS A-321,0
takeoff,JFK,31L,1788881888.23,2026-09-08T15:38:08Z,40.631038,-73.778484,300.9,a360b7,N3169J,BCS3,AIRBUS A220-300,0
takeoff,JFK,31L,1788881949.01,2026-09-08T15:39:09Z,40.630337,-73.776917,300.9,a6dfaa,N542DE,A21N,AIRBUS A-321neo,0
takeoff,LGA,22,1788881969.04,2026-09-08T15:39:29Z,40.772172,-73.880138,208.1,a33e5e,N308PQ,CRJ9,BOMBARDIER Regional Jet CRJ-900,0
landing,LGA,31,1788882017.45,2026-09-08T15:40:17Z,40.777759,-73.869105,295.3,a8a0d9,N655RW,E170,EMBRAER ERJ-170-100,0
takeoff,JFK,31L,1788882021.58,2026-09-08T15:40:21Z,40.630688,-73.777719,300.9,a894f2,N652JB,A320,AIRBUS A-320,0
landing,LGA,31,1788882098.34,2026-09-08T15:41:38Z,40.778527,-73.870603,303.8,ac7b8a,N903NN,B738,BOEING 737-800,0
takeoff,LGA,22,1788882141.74,2026-09-08T15:42:21Z,40.772277,-73.880076,213.8,a095f0,N137HQ,E75L,EMBRAER ERJ-170-200 (long wing),0
takeoff,JFK,31L,1788882161.5,2026-09-08T15:42:41Z,40.631035,-73.778473,300.9,8964e1,A6-EVJ,A388,AIRBUS A-380-800,0
landing,JFK,31R,1788882165.18,2026-09-08T15:42:45Z,40.648774,-73.770369,300.9,a3be7c,N340NB,A319,AIRBUS A-319,0
takeoff,JFK,31L,1788882290.92,2026-09-08T15:44:50Z,40.62862,-73.773148,300.9,a1a924,N206JQ,E75L,EMBRAER ERJ-170-200 (long wing),0
takeoff,JFK,31L,1788882383.2,2026-09-08T15:46:23Z,40.630314,-73.776871,300.9,a9bf4b,N727TW,B752,BOEING 757-200,0
landing,JFK,31R,1788882401.46,2026-09-08T15:46:41Z,40.651439,-73.776252,300.9,a13748,N178DZ,B763,BOEING 767-300,0
landing,LGA,13,1788882440.14,2026-09-08T15:47:20Z,40.777677,-73.871181,129.4,abd7d1,N862RW,E170,EMBRAER ERJ-170-100,0
takeoff,JFK,31L,1788882463.89,2026-09-08T15:47:43Z,40.630165,-73.776549,300.9,a8deb4,N6704Z,B752,BOEING 757-200,0
landing,JFK,31L,1788882465.13,2026-09-08T15:47:45Z,40.630421,-73.77711,300.9,a8deb4,N6704Z,B752,BOEING 757-200,0
takeoff,JFK,31L,1788882465.13,2026-09-08T15:47:45Z,40.630421,-73.77711,300.9,a8deb4,N6704Z,B752,BOEING 757-200,0
takeoff,JFK,31L,1788882558.07,2026-09-08T15:49:18Z,40.630654,-73.777641,300.9,a198ed,N2016J,A21N,AIRBUS A-321neo,0
takeoff,LGA,22,1788882567.74,2026-09-08T15:49:27Z,40.774965,-73.87786,210.9,a384f8,N326DU,BCS3,AIRBUS A220-300,0
landing,JFK,31R,1788882602.9,2026-09-08T15:50:02Z,40.652568,-73.77878,300.9,a01805,N105HQ,E75L,EMBRAER ERJ-170-200 (long wing),0
landing,LGA,31,1788882614.22,2026-09-08T15:50:14Z,40.777968,-73.869761,286.9,ab1d06,N815MD,E170,EMBRAER ERJ-170-100,0
takeoff,JFK,31L,1788882633.5,2026-09-08T15:50:33Z,40.630497,-73.777298,300.9,a96e9a,N707AL,B39M,BOEING 737 MAX 9,0
takeoff,JFK,31L,1788882720.75,2026-09-08T15:52:00Z,40.630502,-73.777298,300.9,ad3cdf,N952JB,A321,AIRBUS A-321,0
takeoff,LGA,22,1788882781.63,2026-09-08T15:53:01Z,40.772231,-73.880107,210.9,a54312,N438YX,E75L,EMBRAER ERJ-170-200 (long wing),0
takeoff,JFK,31L,1788882793.22,2026-09-08T15:53:13Z,40.630642,-73.777594,303.8,ab6519,N833SK,CRJ9,BOMBARDIER Regional Jet CRJ-900,0
landing,JFK,13L,1788882806.99,2026-09-08T15:53:26Z,40.648945,-73.775314,160.3,a3d014,N345CA,P212,TECNAM P-2012 Traveller,0
takeoff,LGA,22,1788882840.16,2026-09-08T15:54:00Z,40.774337,-73.878344,213.8,abc2e5,N857RW,E170,EMBRAER ERJ-170-100,0
takeoff,LGA,04,1788882852.03,2026-09-08T15:54:12Z,40.769543,-73.88382,30.9,a153de,N185GJ,CRJ9,BOMBARDIER Regional Jet CRJ-900,0
landing,JFK,31R,1788882877.71,2026-09-08T15:54:37Z,40.651358,-73.776096,300.9,3c7a51,D-ANRQ,A339,AIRBUS A-330-900,0
takeoff,LGA,22,1788882887.83,2026-09-08T15:54:47Z,40.772266,-73.880081,210.9,abb12d,N8520Q,B738,BOEING 737-800,0
takeoff,LGA,22,1788882961.86,2026-09-08T15:56:01Z,40.776048,-73.876783,253.1,a866c7,N640RW,E170,EMBRAER ERJ-170-100,0
takeoff,JFK,31L,1788883012.75,2026-09-08T15:56:52Z,40.631126,-73.778656,300.9,a495b4,N395DN,B738,BOEING 737-800,0
takeoff,LGA,22,1788883062.95,2026-09-08T15:57:42Z,40.772552,-73.879837,210.9,acfe09,N936XJ,CRJ9,BOMBARDIER Regional Jet CRJ-900,0
landing,LGA,31,1788883133.62,2026-09-08T15:58:53Z,40.778687,-73.870941,300.9,a19dff,N203JQ,E75L,EMBRAER ERJ-170-200 (long wing),0
landing,JFK,31R,1788883167.57,2026-09-08T15:59:27Z,40.652493,-73.77858,300.9,acd88e,N927DZ,B739,BOEING 737-900,0
takeoff,JFK,31R,1788883168.15,2026-09-08T15:59:28Z,40.652561,-73.778748,300.9,acd88e,N927DZ,B739,BOEING 737-900,0
landing,JFK,31R,1788883168.79,2026-09-08T15:59:28Z,40.652649,-73.778952,300.9,acd88e,N927DZ,B739,BOEING 737-900,0
takeoff,LGA,22,1788883170.94,2026-09-08T15:59:30Z,40.770683,-73.881371,213.8,ab3d6f,N823QS,C700,CESSNA 700 Citation Longitude,0
takeoff,LGA,22,1788883190.64,2026-09-08T15:59:50Z,40.772324,-73.880035,213.8,a89d22,N654RW,E170,EMBRAER ERJ-170-100,0
landing,LGA,31,1788883212.68,2026-09-08T16:00:12Z,40.77729,-73.868027,300.9,a43eec,N37297,B38M,,0
landing,LGA,22,1788883340.04,2026-09-08T16:02:20Z,40.77912,-73.872741,255.9,a21bea,N235JQ,E75L,EMBRAER ERJ-170-200 (long wing),0
landing,JFK,31L,1788883352.93,2026-09-08T16:02:32Z,40.640533,-73.799438,300.9,ab8fd0,N844MH,B764,BOEING 767-400,0
landing,LGA,31,1788883395.16,2026-09-08T16:03:15Z,40.777433,-73.868341,300.9,a0be05,N147PQ,CRJ9,BOMBARDIER Regional Jet CRJ-900,0
takeoff,JFK,31L,1788883409.9,2026-09-08T16:03:29Z,40.630165,-73.77655,300.9,ad2095,N945JT,A321,AIRBUS A-321,0
takeoff,LGA,22,1788883520.91,2026-09-08T16:05:20Z,40.773662,-73.878937,210.9,a1094c,N166PQ,CRJ9,BOMBARDIER Regional Jet CRJ-900,0
landing,LGA,31,1788883533.12,2026-09-08T16:05:33Z,40.778,-73.869949,286.9,a4c170,N405YX,E75L,EMBRAER ERJ-170-200 (long wing),0
landing,JFK,31R,1788883579.41,2026-09-08T16:06:19Z,40.651183,-73.775706,300.9,aaa326,N785AN,B772,BOEING 777-200,0
takeoff,LGA,22,1788883585.64,2026-09-08T16:06:25Z,40.770664,-73.881378,210.9,ac0a22,N875NN,B738,BOEING 737-800,0
takeoff,LGA,04,1788883601.37,2026-09-08T16:06:41Z,40.769484,-73.883931,2.8,a426a5,N367DN,A321,AIRBUS A-321,0
landing,LGA,31,1788883625.75,2026-09-08T16:07:05Z,40.778492,-73.870557,303.8,a23fb2,N244JQ,E75L,EMBRAER ERJ-170-200 (long wing),0
landing,JFK,31R,1788883694.76,2026-09-08T16:08:14Z,40.650696,-73.774612,300.9,aaf53a,N805JB,A320,AIRBUS A-320,0
landing,LGA,31,1788883711.18,2026-09-08T16:08:31Z,40.777107,-73.867661,300.9,a19357,N200PQ,CRJ9,BOMBARDIER Regional Jet CRJ-900,0
takeoff,JFK,31L,1788883758.05,2026-09-08T16:09:18Z,40.630444,-73.777188,300.9,acc1eb,N921AK,B39M,BOEING 737 MAX 9,0
landing,JFK,31R,1788883801.04,2026-09-08T16:10:01Z,40.649815,-73.77272,300.9,a69463,N523DE,A21N,,0
takeoff,JFK,31L,1788883835.95,2026-09-08T16:10:35Z,40.630875,-73.778109,300.9,a03f24,N115DU,BCS1,AIRBUS A220-100,0
landing,LGA,31,1788883906.19,2026-09-08T16:11:46Z,40.776979,-73.867373,303.8,a34d52,N3113J,BCS3,AIRBUS A220-300,0
takeoff,JFK,31L,1788883937.27,2026-09-08T16:12:17Z,40.630956,-73.778281,300.9,710110,HZ-AK38,B77W,BOEING 777-300ER,0
landing,JFK,31R,1788883949.89,2026-09-08T16:12:29Z,40.650322,-73.773802,300.9,0c6064,9Y-SUR,B38M,BOEING 737 MAX 8,0
takeoff,LGA,22,1788883955.53,2026-09-08T16:12:35Z,40.769188,-73.883469,244.7,a07f60,N131EV,CRJ9,BOMBARDIER Regional Jet CRJ-900,0
takeoff,LGA,22,1788884032.72,2026-09-08T16:13:52Z,40.769507,-73.882745,225.0,abc573,N858DZ,B739,BOEING 737-900,0
landing,JFK,31R,1788884046.33,2026-09-08T16:14:06Z,40.650706,-73.77466,300.9,a35c97,N3156J,BCS3,AIRBUS A220-300,0
takeoff,JFK,31L,1788884048.46,2026-09-08T16:14:08Z,40.630316,-73.776876,300.9,a6bbef,N533DT,A21N,AIRBUS A-321neo,0
takeoff,LGA,22,1788884100.66,2026-09-08T16:15:00Z,40.774361,-73.878357,213.8,a1f822,N226JQ,E75L,EMBRAER ERJ-170-200 (long wing),0
landing,LGA,31,1788884152.28,2026-09-08T16:15:52Z,40.777805,-73.869293,295.3,a4da13,N411YX,E75L,EMBRAER ERJ-170-200 (long wing),0
landing,JFK,31R,1788884175.76,2026-09-08T16:16:15Z,40.651806,-73.77713,300.9,a1a1b6,N204JQ,E75L,EMBRAER ERJ-170-200 (long wing),0
takeoff,LGA,22,1788884209.89,2026-09-08T16:16:49Z,40.772184,-73.880154,213.8,a310cf,N297PQ,CRJ9,BOMBARDIER Regional Jet CRJ-900,0
takeoff,JFK,31L,1788884220.25,2026-09-08T16:17:00Z,40.630657,-73.777664,300.9,aac7ab,N794JB,A320,AIRBUS A-320,0
landing,LGA,31,1788884220.59,2026-09-08T16:17:00Z,40.777933,-73.869714,289.7,a8847f,N648RW,E170,EMBRAER ERJ-170-100,0
landing,JFK,31R,1788884253.79,2026-09-08T16:17:33Z,40.650531,-73.774317,300.9,a7ad0d,N594JB,A320,AIRBUS A-320,0
landing,LGA,31,1788884276.28,2026-09-08T16:17:56Z,40.777313,-73.868073,300.9,acd2d3,N925XJ,CRJ9,BOMBARDIER Regional Jet CRJ-900,0
landing,JFK,31R,1788884361.61,2026-09-08T16:19:21Z,40.65194,-73.77736,300.9,acaf0b,N916XJ,CRJ9,BOMBARDIER Regional Jet CRJ-900,0
takeoff,LGA,04,1788884380.59,2026-09-08T16:19:40Z,40.769507,-73.883837,28.1,a39723,N330PQ,CRJ9,BOMBARDIER Regional Jet CRJ-900,0
takeoff,JFK,31L,1788884396.28,2026-09-08T16:19:56Z,40.630979,-73.778359,300.9,a38019,N3244J,BCS3,,0
takeoff,LGA,22,1788884427.4,2026-09-08T16:20:27Z,40.772232,-73.880096,213.8,a0835d,N132HQ,E75L,EMBRAER ERJ-170-200 (long wing),0
landing,JFK,31R,1788884445.1,2026-09-08T16:20:45Z,40.651749,-73.777054,300.9,acb2c2,N917XJ,CRJ9,BOMBARDIER Regional Jet CRJ-900,0
landing,LGA,13,1788884448.37,2026-09-08T16:20:48Z,40.775478,-73.866593,123.8,c07534,C-GSJZ,DH8D,DE HAVILLAND DHC-8-400 Dash 8,0
takeoff,LGA,22,1788884475.41,2026-09-08T16:21:15Z,40.772196,-73.880138,213.8,ac83d5,N905XJ,CRJ9,BOMBARDIER Regional Jet CRJ-900,0
landing,LGA,31,1788884487.79,2026-09-08T16:21:27Z,40.779132,-73.87193,300.9,a01bbc,N106HQ,E75L,EMBRAER ERJ-170-200 (long wing),0
takeoff,LGA,04,1788884508.82,2026-09-08T16:21:48Z,40.772106,-73.881729,30.9,a466d2,N383DZ,A321,AIRBUS A-321,0
landing,JFK,31R,1788884521.58,2026-09-08T16:22:01Z,40.650959,-73.775208,300.9,a35109,N3123J,BCS3,AIRBUS A220-300,0
takeoff,LGA,13,1788884543.26,2026-09-08T16:22:23Z,40.776924,-73.869904,165.9,a01bbc,N106HQ,E75L,EMBRAER ERJ-170-200 (long wing),0
landing,JFK,31R,1788884625.15,2026-09-08T16:23:45Z,40.651119,-73.775574,300.9,aaf5b1,N805NW,A333,AIRBUS A-330-300,0
takeoff,LGA,22,1788884629.51,2026-09-08T16:23:49Z,40.769474,-73.882797,225.0,a83108,N627JB,A320,AIRBUS A-320,0
takeoff,LGA,04,1788884639.2,2026-09-08T16:23:59Z,40.773331,-73.880707,30.9,c05f0a,C-GJZT,CRJ9,BOMBARDIER Regional Jet CRJ-900,0
landing,JFK,31L,1788884681.04,2026-09-08T16:24:41Z,40.636193,-73.789891,300.9,a989c1,N7131V,C68A,,0
takeoff,JFK,31L,1788884776.76,2026-09-08T16:26:16Z,40.630795,-73.777969,300.9,71c382,HL8382,A359,AIRBUS A-350-900,0
landing,JFK,31R,1788884777.26,2026-09-08T16:26:17Z,40.651276,-73.77594,300.9,ab53e4,N829SK,CRJ9,BOMBARDIER Regional Jet CRJ-900,0
landing,JFK,31R,1788884850.79,2026-09-08T16:27:30Z,40.651737,-73.776947,300.9,ad4afe,N956AN,B738,BOEING 737-800,0
takeoff,LGA,22,1788884855.57,2026-09-08T16:27:35Z,40.772266,-73.880081,210.9,a1ccec,N215JQ,E75L,EMBRAER ERJ-170-200 (long wing),0
landing,LGA,31,1788884861.03,2026-09-08T16:27:41Z,40.77713,-73.867706,300.9,a062ef,N124DX,A321,AIRBUS A-321,0
takeoff,JFK,31L,1788884880.85,2026-09-08T16:28:00Z,40.630405,-73.777084,300.9,a61173,N490PX,CRJ9,BOMBARDIER Regional Jet CRJ-900,0
takeoff,LGA,04,1788884898.85,2026-09-08T16:28:18Z,40.771923,-73.881866,30.9,a422f7,N366DX,A321,AIRBUS A-321,0
takeoff,LGA,22,1788884928.29,2026-09-08T16:28:48Z,40.772219,-73.880107,210.9,acad02,N916AN,B738,BOEING 737-800,0
takeoff,LGA,22,1788884946.41,2026-09-08T16:29:06Z,40.772393,-73.879967,210.9,ab40ce,N824MD,E170,EMBRAER ERJ-170-100,0
landing,JFK,31R,1788884948.54,2026-09-08T16:29:08Z,40.650455,-73.774109,300.9,a85c3e,N638JB,A320,AIRBUS A-320,0
takeoff,JFK,31L,1788884954.85,2026-09-08T16:29:14Z,40.630531,-73.777359,300.9,ad727d,N966AN,B738,BOEING 737-800,0
takeoff,LGA,22,1788884977.79,2026-09-08T16:29:37Z,40.772312,-73.880029,213.8,aceb76,N931XJ,CRJ9,BOMBARDIER Regional Jet CRJ-900,0
takeoff,LGA,22,1788885016.43,2026-09-08T16:30:16Z,40.772393,-73.879967,210.9,a4fddb,N420YX,E75L,EMBRAER ERJ-170-200 (long wing),0
landing,JFK,31R,1788885036.1,2026-09-08T16:30:36Z,40.649357,-73.771667,300.9,a3401a,N3085J,BCS3,AIRBUS A220-300,0
landing,LGA,31,1788885037.06,2026-09-08T16:30:37Z,40.77699,-73.867404,300.9,ace5bc,N930AU,A321,AIRBUS A-321,0
landing,LGA,31,1788885121.33,2026-09-08T16:32:01Z,40.777302,-73.868073,300.9,a32f82,N304PQ,CRJ9,BOMBARDIER Regional Jet CRJ-900,0
landing,JFK,31R,1788885130.91,2026-09-08T16:32:10Z,40.650438,-73.774083,300.9,a04e00,N119DU,BCS1,AIRBUS A220-100,0
takeoff,LGA,22,1788885131.86,2026-09-08T16:32:11Z,40.772324,-73.880029,210.9,ac0a75,N875RW,E170,EMBRAER ERJ-170-100,0
landing,LGA,31,1788885218.25,2026-09-08T16:33:38Z,40.776604,-73.866592,303.8,a33243,N305DU,BCS3,AIRBUS A220-300,0
landing,JFK,31R,1788885246.0,2026-09-08T16:34:06Z,40.650043,-73.773178,300.9,780a61,B-KQM,B77W,BOEING 777-300ER,0
landing,JFK,31L,1788885271.37,2026-09-08T16:34:31Z,40.639894,-73.797991,300.9,a15b05,N187DN,B763,BOEING 767-300,0
takeoff,LGA,22,1788885305.62,2026-09-08T16:35:05Z,40.772346,-73.88002,202.5,a36fa4,N320PQ,CRJ9,BOMBARDIER Regional Jet CRJ-900,0
landing,LGA,31,1788885313.08,2026-09-08T16:35:13Z,40.775665,-73.864639,303.8,a5f8e4,N484QS,E55P,,0
takeoff,JFK,31L,1788885334.26,2026-09-08T16:35:34Z,40.630451,-73.777206,300.9,a8bc71,N662JB,A320,AIRBUS A-320,0
landing,JFK,31L,1788885334.85,2026-09-08T16:35:34Z,40.630611,-73.777542,300.9,a8bc71,N662JB,A320,AIRBUS A-320,0
takeoff,JFK,31L,1788885334.85,2026-09-08T16:35:34Z,40.630611,-73.777542,300.9,a8bc71,N662JB,A320,AIRBUS A-320,0
takeoff,JFK,31L,1788885398.05,2026-09-08T16:36:38Z,40.628535,-73.772975,300.9,a51425,N426YX,E75L,EMBRAER ERJ-170-200 (long wing),0
landing,LGA,31,1788885418.52,2026-09-08T16:36:58Z,40.777375,-73.868231,300.9,a8a490,N656RW,E170,EMBRAER ERJ-170-100,0
takeoff,LGA,22,1788885421.36,2026-09-08T16:37:01Z,40.772242,-73.880107,210.9,a5cc12,N47281,B38M,BOEING 737 MAX 8,0
landing,JFK,31R,1788885422.74,2026-09-08T16:37:02Z,40.650742,-73.77475,298.1,a21142,N232PQ,CRJ9,BOMBARDIER Regional Jet CRJ-900,0
takeoff,JFK,31L,1788885513.06,2026-09-08T16:38:33Z,40.630611,-73.777527,300.9,ab686f,N834NN,B738,BOEING 737-800,0
landing,JFK,31R,1788885516.26,2026-09-08T16:38:36Z,40.651577,-73.776596,300.9,3965b0,F-GZNQ,B77W,BOEING 777-300ER,0
landing,LGA,31,1788885524.4,2026-09-08T16:38:44Z,40.777657,-73.868805,300.9,a577d4,N451WN,B737,BOEING 737-700,0
takeoff,JFK,31L,1788885572.14,2026-09-08T16:39:32Z,40.630371,-73.777008,303.8,a32814,N302PQ,CRJ9,BOMBARDIER Regional Jet CRJ-900,0
landing,LGA,31,1788885619.4,2026-09-08T16:40:19Z,40.777724,-73.868949,300.9,adbb39,N984NN,B738,BOEING 737-800,0
takeoff,LGA,13,1788885666.52,2026-09-08T16:41:06Z,40.775454,-73.866562,120.9,a577d4,N451WN,B737,BOEING 737-700,0
landing,JFK,31L,1788885669.48,2026-09-08T16:41:09Z,40.638828,-73.79567,300.9,a4bbde,N404DX,A339,AIRBUS A-330-900,0
takeoff,JFK,31L,1788885737.39,2026-09-08T16:42:17Z,40.630234,-73.776688,300.9,ac8e1d,N908NN,B738,BOEING 737-800,0
landing,LGA,31,1788885743.06,2026-09-08T16:42:23Z,40.777363,-73.868185,300.9,a14c70,N183GJ,CRJ9,BOMBARDIER Regional Jet CRJ-900,0
takeoff,LGA,22,1788885746.75,2026-09-08T16:42:26Z,40.772346,-73.88002,210.9,a12758,N17349,B38M,BOEING 737 MAX 8,0
landing,LGA,31,1788885860.66,2026-09-08T16:44:20Z,40.777256,-73.86795,300.9,a8996b,N653RW,E170,EMBRAER ERJ-170-100,0
landing,JFK,31R,1788885868.82,2026-09-08T16:44:28Z,40.654129,-73.783096,258.8,a53436,N434YX,E75L,EMBRAER ERJ-170-200 (long wing),0
takeoff,LGA,04,1788885886.03,2026-09-08T16:44:46Z,40.772789,-73.881153,30.9,ac90a7,N909AM,A321,AIRBUS A-321,0
landing,LGA,31,1788885932.8,2026-09-08T16:45:32Z,40.777348,-73.868179,300.9,a3a9b6,N335PQ,CRJ9,BOMBARDIER Regional Jet CRJ-900,0
landing,JFK,31R,1788885946.65,2026-09-08T16:45:46Z,40.650341,-73.773865,300.9,a34d2f,N3112J,BCS3,AIRBUS A220-300,0
takeoff,LGA,22,1788885986.81,2026-09-08T16:46:26Z,40.770613,-73.881449,213.8,abef79,N8684F,B738,BOEING 737-800,0
landing,LGA,31,1788886022.16,2026-09-08T16:47:02Z,40.77689,-73.867218,303.8,ad5e27,N960WN,B737,BOEING 737-700,0
landing,JFK,31R,1788886051.01,2026-09-08T16:47:31Z,40.651055,-73.775409,300.9,400773,G-VIIV,B772,BOEING 777-200,0
landing,LGA,22,1788886114.64,2026-09-08T16:48:34Z,40.778992,-73.873131,244.7,a05827,N121HQ,E75L,EMBRAER ERJ-170-200 (long wing),0
landing,JFK,31R,1788886182.03,2026-09-08T16:49:42Z,40.651337,-73.776031,300.9,a34e01,N3118J,BCS3,AIRBUS A220-300,0
landing,LGA,31,1788886229.3,2026-09-08T16:50:29Z,40.779004,-73.871696,298.1,a03816,N113HQ,E75L,EMBRAER ERJ-170-200 (long wing),0
takeoff,LGA,22,1788886258.1,2026-09-08T16:50:58Z,40.772381,-73.87999,210.9,ada699,N979RP,E170,EMBRAER ERJ-170-100,0
takeoff,LGA,04,1788886262.78,2026-09-08T16:51:02Z,40.76952,-73.883835,28.1,a359c2,N315DU,BCS3,AIRBUS A220-300,0
landing,LGA,31,1788886269.62,2026-09-08T16:51:09Z,40.777281,-73.867997,300.9,abb94f,N8545V,B738,BOEING 737-800,0
landing,JFK,31R,1788886282.85,2026-09-08T16:51:22Z,40.651916,-73.777329,300.9,a39925,N3307J,BCS3,AIRBUS A220-300,0
takeoff,LGA,22,1788886303.33,2026-09-08T16:51:43Z,40.769566,-73.882675,225.0,ac3315,N8852Q,B38M,BOEING 737 MAX 8,0
takeoff,JFK,31L,1788886310.9,2026-09-08T16:51:50Z,40.63091,-73.778187,300.9,a854d0,N636JB,A320,AIRBUS A-320,0
landing,JFK,31R,1788886370.31,2026-09-08T16:52:50Z,40.650299,-73.773771,300.9,a32f71,N304NY,,,0
landing,LGA,31,1788886387.98,2026-09-08T16:53:07Z,40.777348,-73.868179,300.9,abe2f6,N865RW,E170,EMBRAER ERJ-170-100,0
takeoff,LGA,22,1788886423.85,2026-09-08T16:53:43Z,40.769193,-73.883447,247.5,a8a0d9,N655RW,E170,EMBRAER ERJ-170-100,0
takeoff,JFK,31R,1788886438.0,2026-09-08T16:53:58Z,40.648018,-73.768723,300.9,a3d014,N345CA,P212,TECNAM P-2012 Traveller,0
landing,JFK,31L,1788886445.9,2026-09-08T16:54:05Z,40.638943,-73.795944,300.9,4b1887,HB-JHN,A333,AIRBUS A-330-300,0
landing,LGA,31,1788886482.29,2026-09-08T16:54:42Z,40.777073,-73.867584,300.9,a15b4c,N187GJ,CRJ9,BOMBARDIER Regional Jet CRJ-900,0
takeoff,JFK,31L,1788886524.11,2026-09-08T16:55:24Z,40.630566,-73.777451,300.9,ad444d,N954JB,A321,AIRBUS A-321,0
landing,LGA,31,1788886570.72,2026-09-08T16:56:10Z,40.777444,-73.868387,298.1,a2000d,N228PQ,CRJ9,BOMBARDIER Regional Jet CRJ-900,0
landing,JFK,31R,1788886637.06,2026-09-08T16:57:17Z,40.65038,-73.773942,300.9,a3311b,N3044J,BCS3,AIRBUS A220-300,0
landing,LGA,31,1788886660.52,2026-09-08T16:57:40Z,40.777267,-73.867996,300.9,a9d5e7,N73278,B738,BOEING 737-800,0
landing,JFK,31R,1788886762.11,2026-09-08T16:59:22Z,40.650427,-73.774005,300.9,4ca5c7,EI-DUZ,A333,AIRBUS A-330-300,0
takeoff,LGA,22,1788886808.02,2026-09-08T17:00:08Z,40.772545,-73.879842,210.9,ac7c67,N903XJ,CRJ9,BOMBARDIER Regional Jet CRJ-900,0
landing,LGA,31,1788886889.82,2026-09-08T17:01:29Z,40.779109,-73.871867,300.9,a3c259,N341PQ,CRJ9,BOMBARDIER Regional Jet CRJ-900,0
landing,JFK,31R,1788886900.63,2026-09-08T17:01:40Z,40.65041,-73.774017,300.9,acc040,N920XJ,CRJ9,BOMBARDIER Regional Jet CRJ-900,0
takeoff,JFK,31L,1788886901.79,2026-09-08T17:01:41Z,40.6307,-73.77775,300.9,a3be7c,N340NB,A319,AIRBUS A-319,0
takeoff,LGA,22,1788886906.17,2026-09-08T17:01:46Z,40.769485,-73.882797,225.0,a49d22,N397DN,A321,AIRBUS A-321,0
takeoff,JFK,31L,1788886956.07,2026-09-08T17:02:36Z,40.630316,-73.776892,300.9,a33ef5,N308VR,B38M,BOEING 737 MAX 8,0
landing,JFK,31L,1788886956.7,2026-09-08T17:02:36Z,40.63044,-73.777176,300.9,a33ef5,N308VR,B38M,BOEING 737 MAX 8,0
takeoff,JFK,31L,1788886956.7,2026-09-08T17:02:36Z,40.63044,-73.777176,300.9,a33ef5,N308VR,B38M,BOEING 737 MAX 8,0
landing,JFK,31R,1788887004.24,2026-09-08T17:03:24Z,40.65095,-73.775191,303.8,acab54,N915XJ,CRJ9,BOMBARDIER Regional Jet CRJ-900,0
takeoff,LGA,22,1788887025.32,2026-09-08T17:03:45Z,40.775501,-73.877392,213.8,a19dff,N203JQ,E75L,EMBRAER ERJ-170-200 (long wing),0
landing,JFK,31R,1788887079.49,2026-09-08T17:04:39Z,40.651566,-73.77655,300.9,780c5b,B-2091,B77L,BOEING 777-200LR,0
landing,LGA,31,1788887087.07,2026-09-08T17:04:47Z,40.778744,-73.871063,300.9,a20957,N230JQ,E75L,EMBRAER ERJ-170-200 (long wing),0
takeoff,JFK,31L,1788887103.33,2026-09-08T17:05:03Z,40.630669,-73.777679,300.9,ac7e60,N904DN,B739,BOEING 737-900,0
takeoff,LGA,22,1788887127.16,2026-09-08T17:05:27Z,40.770915,-73.881184,210.9,c07534,C-GSJZ,DH8D,DE HAVILLAND DHC-8-400 Dash 8,0
takeoff,LGA,22,1788887169.03,2026-09-08T17:06:09Z,40.774186,-73.8785,213.8,a48e46,N393DN,A321,AIRBUS A-321,0
landing,JFK,31R,1788887210.5,2026-09-08T17:06:50Z,40.650811,-73.774879,300.9,a33ca9,N3077J,BCS3,AIRBUS A220-300,0
takeoff,JFK,31L,1788887221.91,2026-09-08T17:07:01Z,40.630584,-73.777469,300.9,a4bfc1,N405FR,A20N,AIRBUS A-320neo,0
takeoff,JFK,31L,1788887275.53,2026-09-08T17:07:55Z,40.630383,-73.777039,300.9,ad56e0,N959JB,A321,AIRBUS A-321,0
landing,LGA,31,1788887282.78,2026-09-08T17:08:02Z,40.777668,-73.868835,303.8,ac1951,N879RW,E170,EMBRAER ERJ-170-100,0
landing,JFK,31R,1788887305.59,2026-09-08T17:08:25Z,40.650205,-73.773552,300.9,a7de53,N606JB,A320,AIRBUS A-320,0
landing,JFK,31R,1788887379.93,2026-09-08T17:09:39Z,40.65097,-73.775223,300.9,a3795a,N3229J,BCS3,AIRBUS A220-300,0
landing,LGA,31,1788887397.79,2026-09-08T17:09:57Z,40.777061,-73.867554,300.9,a305c5,N294QS,,,0
landing,JFK,31L,1788887437.98,2026-09-08T17:10:37Z,40.638485,-73.794907,300.9,a5aff2,N466AN,A21N,AIRBUS A-321neo,0
landing,JFK,31R,1788887486.88,2026-09-08T17:11:26Z,40.65065,-73.77449,300.9,ab120b,N812NW,A333,AIRBUS A-330-300,0
takeoff,JFK,31L,1788887512.19,2026-09-08T17:11:52Z,40.631294,-73.779077,299.6,507c55,UK-78705,B788,BOEING 787-8 Dreamliner,0
landing,JFK,31L,1788887513.11,2026-09-08T17:11:53Z,40.631504,-73.779526,299.6,507c55,UK-78705,B788,BOEING 787-8 Dreamliner,0
takeoff,JFK,31L,1788887513.11,2026-09-08T17:11:53Z,40.631504,-73.779526,299.6,507c55,UK-78705,B788,BOEING 787-8 Dreamliner,0
takeoff,LGA,22,1788887539.99,2026-09-08T17:12:19Z,40.772232,-73.880112,213.8,ab1d06,N815MD,E170,EMBRAER ERJ-170-100,0
landing,JFK,31R,1788887592.53,2026-09-08T17:13:12Z,40.651439,-73.776252,299.6,ab9383,N845MD,B789,BOEING 787-9 Dreamliner,0
landing,LGA,31,1788887632.91,2026-09-08T17:13:52Z,40.777153,-73.867748,305.3,a3cbe3,N3438,BE40,BEECH 400 Beechjet,0
landing,JFK,31L,1788887636.11,2026-09-08T17:13:56Z,40.639629,-73.797424,300.9,a4bdb9,N404YX,E75L,EMBRAER ERJ-170-200 (long wing),0
takeoff,LGA,22,1788887654.36,2026-09-08T17:14:14Z,40.772324,-73.88002,210.9,a50192,N421YX,E75L,EMBRAER ERJ-170-200 (long wing),0
takeoff,JFK,31L,1788887686.69,2026-09-08T17:14:46Z,40.630634,-73.777588,300.9,ad1927,N943JT,A321,AIRBUS A-321,0
landing,JFK,31R,1788887701.43,2026-09-08T17:15:01Z,40.65168,-73.77681,300.9,3c6519,D-AIHY,A346,AIRBUS A-340-600,0
takeoff,JFK,31R,1788887701.43,2026-09-08T17:15:01Z,40.65168,-73.77681,300.9,3c6519,D-AIHY,A346,AIRBUS A-340-600,0
landing,JFK,31R,1788887701.92,2026-09-08T17:15:01Z,40.651812,-73.77711,300.9,3c6519,D-AIHY,A346,AIRBUS A-340-600,0
landing,LGA,31,1788887718.3,2026-09-08T17:15:18Z,40.777293,-73.868044,300.9,aa4c3e,N76265,B738,BOEING 737-800,0
landing,JFK,31L,1788887766.07,2026-09-08T17:16:06Z,40.637706,-73.793215,300.9,a5fc87,N485PX,CRJ9,BOMBARDIER Regional Jet CRJ-900,0
landing,LGA,31,1788887807.45,2026-09-08T17:16:47Z,40.777828,-73.869308,292.5,a0634c,N124HQ,E75L,EMBRAER ERJ-170-200 (long wing),0
landing,JFK,31R,1788887811.85,2026-09-08T17:16:51Z,40.652046,-73.777618,300.9,781100,B-7868,B77W,BOEING 777-300ER,0
takeoff,LGA,22,1788887846.85,2026-09-08T17:17:26Z,40.772172,-73.880154,213.8,ac7b8a,N903NN,B738,BOEING 737-800,0
landing,LGA,31,1788887881.35,2026-09-08T17:18:01Z,40.777233,-73.867935,303.8,a3b3e5,N338DU,BCS3,AIRBUS A220-300,0
landing,JFK,31L,1788887892.35,2026-09-08T17:18:12Z,40.635796,-73.788956,300.9,a904a6,N680QS,C68A,CESSNA 680 Citation Latitude,0
landing,JFK,31R,1788887941.62,2026-09-08T17:19:01Z,40.6497,-73.772446,300.9,4caeb3,EI-TYD,A339,AIRBUS A-330-900,0
landing,LGA,31,1788887991.63,2026-09-08T17:19:51Z,40.777316,-73.868091,300.9,a057cc,N121DZ,A321,AIRBUS A-321,0
takeoff,JFK,31L,1788888017.75,2026-09-08T17:20:17Z,40.635223,-73.787674,300.9,a7398e,N565AS,B738,BOEING 737-800,0
landing,LGA,31,1788888072.92,2026-09-08T17:21:12Z,40.778573,-73.870744,300.9,ad1218,N941NN,B738,BOEING 737-800,0
landing,JFK,31R,1788888099.08,2026-09-08T17:21:39Z,40.649903,-73.772897,300.9,a15c01,N187PQ,CRJ9,BOMBARDIER Regional Jet CRJ-900,0
landing,LGA,31,1788888138.53,2026-09-08T17:22:18Z,40.778435,-73.870453,303.8,a7e5c1,N608JB,A320,AIRBUS A-320,0
takeoff,LGA,22,1788888191.4,2026-09-08T17:23:11Z,40.772242,-73.880092,210.9,a23fb2,N244JQ,E75L,EMBRAER ERJ-170-200 (long wing),0
takeoff,LGA,22,1788888198.59,2026-09-08T17:23:18Z,40.769165,-73.883514,247.5,ad6884,N963NN,B738,BOEING 737-800,0
landing,JFK,31R,1788888210.87,2026-09-08T17:23:30Z,40.651358,-73.776112,300.9,ac8efa,N908XJ,CRJ9,BOMBARDIER Regional Jet CRJ-900,0
landing,LGA,31,1788888245.06,2026-09-08T17:24:05Z,40.77791,-73.869371,303.8,a0b7fa,N14520,A21N,AIRBUS A-321neo,0
takeoff,LGA,22,1788888254.31,2026-09-08T17:24:14Z,40.772219,-73.880123,210.9,a34d52,N3113J,BCS3,AIRBUS A220-300,0
landing,JFK,31L,1788888289.08,2026-09-08T17:24:49Z,40.638748,-73.795456,300.9,ab4489,N825MH,B764,BOEING 767-400,0
takeoff,LGA,22,1788888291.72,2026-09-08T17:24:51Z,40.772289,-73.88006,213.8,abd7d1,N862RW,E170,EMBRAER ERJ-170-100,0
landing,JFK,31R,1788888308.72,2026-09-08T17:25:08Z,40.650272,-73.773697,303.8,ab4c76,N827SK,CRJ9,BOMBARDIER Regional Jet CRJ-900,0
landing,LGA,31,1788888323.91,2026-09-08T17:25:23Z,40.777351,-73.868185,300.9,c007d0,C-FCYX,A320,AIRBUS A-320,0
landing,LGA,31,1788888394.67,2026-09-08T17:26:34Z,40.77784,-73.869202,300.9,a89bab,N654AW,A320,AIRBUS A-320,0
landing,JFK,31L,1788888434.96,2026-09-08T17:27:14Z,40.639045,-73.796134,300.9,aa781f,N774CK,B77L,BOEING 777-200LR,0
landing,JFK,31R,1788888456.44,2026-09-08T17:27:36Z,40.652435,-73.778442,298.1,a05bde,N122HQ,E75L,EMBRAER ERJ-170-200 (long wing),0
landing,LGA,31,1788888472.43,2026-09-08T17:27:52Z,40.776979,-73.86742,300.9,a39d9b,N332DU,BCS3,,0
takeoff,LGA,04,1788888485.14,2026-09-08T17:28:05Z,40.76944,-73.883881,19.7,a0be05,N147PQ,CRJ9,BOMBARDIER Regional Jet CRJ-900,0
takeoff,JFK,31L,1788888486.45,2026-09-08T17:28:06Z,40.628745,-73.773427,300.9,a1a1b6,N204JQ,E75L,EMBRAER ERJ-170-200 (long wing),0
landing,LGA,31,1788888533.83,2026-09-08T17:28:53Z,40.77848,-73.870541,303.8,a03f1e,N115DN,A321,AIRBUS A-321,0
landing,JFK,31R,1788888554.85,2026-09-08T17:29:14Z,40.650948,-73.775208,300.9,ab6162,N832SK,CRJ9,BOMBARDIER Regional Jet CRJ-900,0
landing,JFK,31L,1788888589.78,2026-09-08T17:29:49Z,40.639904,-73.798004,300.9,a22ac6,N239JQ,E75L,EMBRAER ERJ-170-200 (long wing),0
landing,LGA,31,1788888636.7,2026-09-08T17:30:36Z,40.779167,-73.872117,289.7,a3b124,N337PQ,CRJ9,BOMBARDIER Regional Jet CRJ-900,0
landing,JFK,31R,1788888673.86,2026-09-08T17:31:13Z,40.651451,-73.776314,300.9,4cad47,EI-IFD,A359,AIRBUS A-350-900,0
landing,JFK,31L,1788888698.51,2026-09-08T17:31:38Z,40.637217,-73.792107,300.9,a6152a,N491PX,CRJ9,BOMBARDIER Regional Jet CRJ-900,0
landing,LGA,31,1788888708.25,2026-09-08T17:31:48Z,40.779004,-73.871665,300.9,a1e58f,N221JQ,E75L,EMBRAER ERJ-170-200 (long wing),0
landing,LGA,31,1788888777.22,2026-09-08T17:32:57Z,40.778911,-73.871446,303.8,abd063,N860RW,E170,EMBRAER ERJ-170-100,0
landing,JFK,31L,1788888802.88,2026-09-08T17:33:22Z,40.639458,-73.797073,300.9,ad6040,N961DZ,B739,,0
landing,JFK,31R,1788888804.68,2026-09-08T17:33:24Z,40.65144,-73.776276,300.9,ad5329,N958JB,A321,AIRBUS A-321,0
landing,LGA,31,1788888837.91,2026-09-08T17:33:57Z,40.777588,-73.868668,300.9,a3ad6d,N336PQ,CRJ9,BOMBARDIER Regional Jet CRJ-900,0
takeoff,JFK,31L,1788888865.58,2026-09-08T17:34:25Z,40.631126,-73.778656,300.9,010283,SU-GGE,A359,AIRBUS A-350-900,0
takeoff,LGA,22,1788888903.08,2026-09-08T17:35:03Z,40.772243,-73.880096,213.8,a8847f,N648RW,E170,EMBRAER ERJ-170-100,0
landing,JFK,31R,1788888916.57,2026-09-08T17:35:16Z,40.651718,-73.776876,300.9,a07bef,N130HQ,E75L,EMBRAER ERJ-170-200 (long wing),0
landing,LGA,31,1788888925.94,2026-09-08T17:35:25Z,40.777611,-73.868698,303.8,a1b449,N209JQ,E75L,EMBRAER ERJ-170-200 (long wing),0
takeoff,LGA,22,1788888929.45,2026-09-08T17:35:29Z,40.772196,-73.880123,213.8,a4da13,N411YX,E75L,EMBRAER ERJ-170-200 (long wing),0
takeoff,LGA,22,1788888963.58,2026-09-08T17:36:03Z,40.772242,-73.880092,213.8,a8a490,N656RW,E170,EMBRAER ERJ-170-100,0
landing,JFK,31R,1788888987.78,2026-09-08T17:36:27Z,40.650555,-73.774301,300.9,aa9f6f,N784AN,B772,BOEING 777-200,0
takeoff,LGA,22,1788888990.54,2026-09-08T17:36:30Z,40.770138,-73.881943,225.0,a43eec,N37297,B38M,,0
landing,LGA,31,1788889001.07,2026-09-08T17:36:41Z,40.777305,-73.868091,300.9,a08317,N132EV,CRJ9,BOMBARDIER Regional Jet CRJ-900,0
landing,JFK,31L,1788889027.58,2026-09-08T17:37:07Z,40.63702,-73.791641,298.1,ab3623,N821SA,PC12,PILATUS PC-12,0
takeoff,LGA,22,1788889062.65,2026-09-08T17:37:42Z,40.772243,-73.880096,210.9,a4c170,N405YX,E75L,EMBRAER ERJ-170-200 (long wing),0
landing,LGA,31,1788889067.92,2026-09-08T17:37:47Z,40.778366,-73.870316,303.8,a0f91d,N162AA,A321,AIRBUS A-321,0
takeoff,JFK,31L,1788889086.75,2026-09-08T17:38:06Z,40.630463,-73.777222,300.9,acaf0b,N916XJ,CRJ9,BOMBARDIER Regional Jet CRJ-900,0
takeoff,LGA,22,1788889111.94,2026-09-08T17:38:31Z,40.772196,-73.880123,213.8,a32f82,N304PQ,CRJ9,BOMBARDIER Regional Jet CRJ-900,0
landing,JFK,31R,1788889122.04,2026-09-08T17:38:42Z,40.652999,-73.779701,300.9,ad8836,N971JT,A321,AIRBUS A-321,0
landing,LGA,31,1788889143.47,2026-09-08T17:39:03Z,40.778458,-73.870514,303.8,a0d19e,N152AA,A321,AIRBUS A-321,0
landing,JFK,31L,1788889166.16,2026-09-08T17:39:26Z,40.637032,-73.791718,300.9,ace974,N931AV,A20N,AIRBUS A-320neo,0
landing,LGA,31,1788889208.77,2026-09-08T17:40:08Z,40.777759,-73.869012,303.8,a45592,N379DN,A321,AIRBUS A-321,0
landing,JFK,31R,1788889211.75,2026-09-08T17:40:11Z,40.650856,-73.774979,300.9,a13391,N177DZ,B763,BOEING 767-300,0
landing,LGA,31,1788889288.57,2026-09-08T17:41:28Z,40.778572,-73.870743,303.8,acd120,N925DZ,B739,BOEING 737-900,0
takeoff,LGA,22,1788889321.73,2026-09-08T17:42:01Z,40.772242,-73.880092,210.9,a21bea,N235JQ,E75L,EMBRAER ERJ-170-200 (long wing),0
takeoff,LGA,04,1788889327.91,2026-09-08T17:42:07Z,40.773383,-73.880669,30.9,acd2d3,N925XJ,CRJ9,BOMBARDIER Regional Jet CRJ-900,0
landing,JFK,31R,1788889336.4,2026-09-08T17:42:16Z,40.652138,-73.777802,298.1,a788d3,N585DN,A21N,,0
takeoff,JFK,31L,1788889342.76,2026-09-08T17:42:22Z,40.631526,-73.779529,300.9,71be19,HL7619,A388,AIRBUS A-380-800,0
landing,LGA,31,1788889375.52,2026-09-08T17:42:55Z,40.777805,-73.869247,292.5,a05f95,N123HQ,E75L,EMBRAER ERJ-170-200 (long wing),0
landing,JFK,31R,1788889431.46,2026-09-08T17:43:51Z,40.650948,-73.775192,300.9,a6ee8e,N546DN,A21N,AIRBUS A-321neo,0
landing,LGA,31,1788889455.3,2026-09-08T17:44:15Z,40.778759,-73.871087,303.8,a09239,N136HQ,E75L,EMBRAER ERJ-170-200 (long wing),0
takeoff,JFK,31L,1788889487.94,2026-09-08T17:44:47Z,40.630747,-73.777828,300.9,4ba959,TC-JJY,B77W,BOEING 777-300ER,0
landing,JFK,31R,1788889514.27,2026-09-08T17:45:14Z,40.651462,-73.776314,300.9,ac893a,N907AN,B738,BOEING 737-800,0
takeoff,LGA,22,1788889520.42,2026-09-08T17:45:20Z,40.772231,-73.880107,213.8,a05827,N121HQ,E75L,EMBRAER ERJ-170-200 (long wing),0
landing,LGA,22,1788889550.3,2026-09-08T17:45:50Z,40.778698,-73.873245,182.8,ad01c0,N937XJ,CRJ9,BOMBARDIER Regional Jet CRJ-900,0
takeoff,JFK,31L,1788889595.0,2026-09-08T17:46:35Z,40.628815,-73.773583,298.1,a01805,N105HQ,E75L,EMBRAER ERJ-170-200 (long wing),0
landing,LGA,31,1788889596.81,2026-09-08T17:46:36Z,40.778119,-73.869776,300.9,a01f0d,N107DN,A321,AIRBUS A-321,0
landing,JFK,31R,1788889603.57,2026-09-08T17:46:43Z,40.650948,-73.775208,300.9,a1cf48,N2156J,A21N,AIRBUS A-321neo,0
takeoff,JFK,31L,1788889681.57,2026-09-08T17:48:01Z,40.630363,-73.777001,300.9,8695c6,JA798A,B77W,BOEING 777-300ER,0
landing,JFK,31R,1788889684.12,2026-09-08T17:48:04Z,40.651963,-73.777469,300.9,0c20df,HP-9904CMP,B39M,BOEING 737 MAX 9,0
landing,LGA,31,1788889716.53,2026-09-08T17:48:36Z,40.777968,-73.869698,286.9,abdf3f,N864RW,E170,EMBRAER ERJ-170-100,0
landing,LGA,31,1788889763.72,2026-09-08T17:49:23Z,40.776993,-73.867401,298.1,a8f235,N676CA,CRJ9,BOMBARDIER Regional Jet CRJ-900,0
landing,JFK,31R,1788889774.0,2026-09-08T17:49:34Z,40.650333,-73.773802,300.9,a16883,N190DN,B763,BOEING 767-300,0
takeoff,JFK,31L,1788889779.82,2026-09-08T17:49:39Z,40.630657,-73.777634,302.4,04c11c,5Y-KZF,B788,BOEING 787-8 Dreamliner,0
takeoff,LGA,22,1788889824.8,2026-09-08T17:50:24Z,40.772172,-73.880154,210.9,a5f8e4,N484QS,E55P,,0
landing,LGA,31,1788889873.28,2026-09-08T17:51:13Z,40.777456,-73.868434,303.8,ac647b,N898QS,,,0
landing,JFK,31R,1788889895.76,2026-09-08T17:51:35Z,40.652081,-73.777679,300.9,a1e1d8,N220JQ,E75L,EMBRAER ERJ-170-200 (long wing),0
landing,JFK,31L,1788889931.4,2026-09-08T17:52:11Z,40.637764,-73.793335,303.8,aca02f,N912XJ,CRJ9,BOMBARDIER Regional Jet CRJ-900,0
landing,LGA,31,1788889946.47,2026-09-08T17:52:26Z,40.778389,-73.870331,300.9,a45b96,N380DA,B738,BOEING 737-800,0
landing,JFK,31R,1788889963.39,2026-09-08T17:52:43Z,40.650054,-73.773209,300.9,a350c3,N3121J,BCS3,AIRBUS A220-300,0
takeoff,JFK,31L,1788889979.15,2026-09-08T17:52:59Z,40.631049,-73.778499,300.9,a35c97,N3156J,BCS3,AIRBUS A220-300,0
landing,LGA,31,1788890039.45,2026-09-08T17:53:59Z,40.777496,-73.868469,303.8,a32ad5,N303DU,BCS3,AIRBUS A220-300,0
takeoff,JFK,31L,1788890060.82,2026-09-08T17:54:20Z,40.630258,-73.776751,300.9,a989c1,N7131V,C68A,,0
landing,JFK,31R,1788890082.42,2026-09-08T17:54:42Z,40.651405,-73.776154,300.9,a37fb0,N3241J,BCS3,AIRBUS A220-300,0
takeoff,JFK,31L,1788890114.66,2026-09-08T17:55:14Z,40.630491,-73.777282,300.9,acd88e,N927DZ,B739,BOEING 737-900,0
landing,LGA,31,1788890117.61,2026-09-08T17:55:17Z,40.777503,-73.868497,300.9,a97de4,N710UW,A319,AIRBUS A-319,0
landing,JFK,31R,1788890166.25,2026-09-08T17:56:06Z,40.65271,-73.779099,300.9,a3514f,N3125J,BCS3,,0
takeoff,JFK,31L,1788890182.13,2026-09-08T17:56:22Z,40.630991,-73.77839,299.6,7380c4,4X-EDE,B789,BOEING 787-9 Dreamliner,0
landing,LGA,31,1788890200.01,2026-09-08T17:56:40Z,40.779007,-73.871643,300.9,ac2bd6,N88332,E75L,EMBRAER ERJ-170-200 (long wing),0
takeoff,JFK,04L,1788890234.5,2026-09-08T17:57:14Z,40.637535,-73.776672,351.6,aca02f,N912XJ,CRJ9,BOMBARDIER Regional Jet CRJ-900,0
landing,JFK,31R,1788890265.3,2026-09-08T17:57:45Z,40.651416,-73.776252,300.9,aace5c,N796AN,B772,BOEING 777-200,0
landing,LGA,31,1788890287.61,2026-09-08T17:58:07Z,40.778069,-73.870026,286.9,a21833,N234JQ,E75L,EMBRAER ERJ-170-200 (long wing),0
landing,JFK,31L,1788890319.64,2026-09-08T17:58:39Z,40.639382,-73.796867,302.5,aa104e,N748AM,B789,,0
takeoff,JFK,31L,1788890319.64,2026-09-08T17:58:39Z,40.639382,-73.796867,302.5,aa104e,N748AM,B789,,0
landing,JFK,31L,1788890319.97,2026-09-08T17:58:39Z,40.639464,-73.797054,302.5,aa104e,N748AM,B789,,0
takeoff,JFK,31L,1788890319.97,2026-09-08T17:58:39Z,40.639464,-73.797054,302.5,aa104e,N748AM,B789,,0
landing,JFK,31L,1788890321.0,2026-09-08T17:58:41Z,40.639603,-73.797366,302.5,aa104e,N748AM,B789,,0
landing,LGA,31,1788890346.77,2026-09-08T17:59:06Z,40.7784,-73.870346,300.9,abb54f,N8533S,B738,BOEING 737-800,0
takeoff,JFK,31L,1788890395.37,2026-09-08T17:59:55Z,40.630363,-73.776986,300.9,a1a0a1,N2038J,A21N,AIRBUS A-321neo,0
landing,JFK,31R,1788890396.4,2026-09-08T17:59:56Z,40.651265,-73.775893,300.9,ad7ab8,N968JT,A321,AIRBUS A-321,0
takeoff,LGA,22,1788890424.93,2026-09-08T18:00:24Z,40.770138,-73.881943,222.2,a19357,N200PQ,CRJ9,BOMBARDIER Regional Jet CRJ-900,0
takeoff,JFK,31L,1788890450.96,2026-09-08T18:00:50Z,40.63028,-73.776794,300.9,a21142,N232PQ,CRJ9,BOMBARDIER Regional Jet CRJ-900,0
landing,JFK,31R,1788890481.57,2026-09-08T18:01:21Z,40.651393,-73.77619,299.6,485f83,PH-BKP,B78X,BOEING 787-10 Dreamliner,0
landing,LGA,13,1788890511.59,2026-09-08T18:01:51Z,40.778343,-73.872604,120.9,a03f84,N115HQ,E75L,EMBRAER ERJ-170-200 (long wing),0
takeoff,JFK,31L,1788890514.78,2026-09-08T18:01:54Z,40.630714,-73.777756,300.9,a35109,N3123J,BCS3,AIRBUS A220-300,0
landing,LGA,31,1788890538.17,2026-09-08T18:02:18Z,40.778721,-73.871078,303.8,a0acf8,N14230,B738,BOEING 737-800,0
takeoff,LGA,22,1788890597.25,2026-09-08T18:03:17Z,40.776672,-73.87558,225.0,a14c70,N183GJ,CRJ9,BOMBARDIER Regional Jet CRJ-900,0
landing,JFK,31L,1788890603.38,2026-09-08T18:03:23Z,40.64241,-73.803528,300.9,a97639,N709CK,B744,BOEING 747-400,0
landing,LGA,31,1788890634.32,2026-09-08T18:03:54Z,40.777433,-73.868356,303.8,ac92b1,N909XJ,CRJ9,BOMBARDIER Regional Jet CRJ-900,0
landing,JFK,31R,1788890635.44,2026-09-08T18:03:55Z,40.649036,-73.770996,300.9,0d0b92,XA-VIQ,A20N,AIRBUS A-320neo,0
takeoff,JFK,31L,1788890693.98,2026-09-08T18:04:53Z,40.630072,-73.776361,303.8,a904a6,N680QS,C68A,CESSNA 680 Citation Latitude,0
landing,JFK,31R,1788890715.64,2026-09-08T18:05:15Z,40.650555,-73.774317,300.9,a12861,N174DN,B763,BOEING 767-300,0
takeoff,JFK,31L,1788890759.4,2026-09-08T18:05:59Z,40.630234,-73.776718,300.9,a6d234,N539DN,A21N,,0
landing,LGA,22,1788890760.38,2026-09-08T18:06:00Z,40.779121,-73.872726,255.9,a19691,N201JQ,E75L,EMBRAER ERJ-170-200 (long wing),0
takeoff,LGA,22,1788890803.59,2026-09-08T18:06:43Z,40.772347,-73.880014,210.9,a8996b,N653RW,E170,EMBRAER ERJ-170-100,0
takeoff,LGA,22,1788890818.16,2026-09-08T18:06:58Z,40.772231,-73.880107,213.8,a33243,N305DU,BCS3,AIRBUS A220-300,0
landing,JFK,31R,1788890821.87,2026-09-08T18:07:01Z,40.650264,-73.773693,300.9,a34d98,N3115J,BCS3,AIRBUS A220-300,0
takeoff,JFK,31L,1788890826.87,2026-09-08T18:07:06Z,40.631355,-73.779175,300.9,a39925,N3307J,BCS3,AIRBUS A220-300,0
landing,LGA,31,1788890835.57,2026-09-08T18:07:15Z,40.778709,-73.871017,300.9,a36994,N319PQ,CRJ9,BOMBARDIER Regional Jet CRJ-900,0
landing,LGA,31,1788890894.3,2026-09-08T18:08:14Z,40.77841,-73.870401,300.9,a36661,N318UX,B38M,BOEING 737 MAX 8,0
landing,JFK,31R,1788890903.4,2026-09-08T18:08:23Z,40.650753,-73.774734,300.9,3c7a4d,D-ANRM,A339,AIRBUS A-330-900,0
takeoff,LGA,04,1788890927.63,2026-09-08T18:08:47Z,40.770741,-73.882838,30.9,ace5bc,N930AU,A321,AIRBUS A-321,0
landing,JFK,31L,1788890941.09,2026-09-08T18:09:01Z,40.639034,-73.796112,300.9,aca5e5,N914DU,B739,BOEING 737-900,0
takeoff,LGA,22,1788890975.28,2026-09-08T18:09:35Z,40.772243,-73.880096,210.9,a3a9b6,N335PQ,CRJ9,BOMBARDIER Regional Jet CRJ-900,0
landing,LGA,31,1788891006.39,2026-09-08T18:10:06Z,40.777622,-73.868774,300.9,abdb88,N863RW,E170,EMBRAER ERJ-170-100,0
takeoff,JFK,31L,1788891012.96,2026-09-08T18:10:12Z,40.630549,-73.777407,300.9,a85c3e,N638JB,A320,AIRBUS A-320,0
landing,JFK,31R,1788891041.63,2026-09-08T18:10:41Z,40.649609,-73.772232,300.9,a387f0,N3267J,BCS3,,0
landing,LGA,31,1788891051.3,2026-09-08T18:10:51Z,40.777817,-73.869168,300.9,ab5ed8,N8313F,B738,BOEING 737-800,0
landing,JFK,31L,1788891113.57,2026-09-08T18:11:53Z,40.638009,-73.79384,300.9,a3cd58,N344NB,A319,AIRBUS A-319,0
landing,JFK,31R,1788891126.36,2026-09-08T18:12:06Z,40.650341,-73.773865,300.9,407dc5,G-VTOM,A339,AIRBUS A-330-900,0
landing,LGA,31,1788891170.93,2026-09-08T18:12:50Z,40.778526,-73.870682,303.8,a44a6d,N376DN,A321,AIRBUS A-321,0
takeoff,JFK,31L,1788891191.69,2026-09-08T18:13:11Z,40.630714,-73.777771,300.9,a34e01,N3118J,BCS3,AIRBUS A220-300,0
landing,JFK,31R,1788891208.35,2026-09-08T18:13:28Z,40.650318,-73.773758,300.9,406b0a,G-STBK,B77W,BOEING 777-300ER,0
landing,LGA,31,1788891247.91,2026-09-08T18:14:07Z,40.777293,-73.868091,303.8,ad0887,N939QS,C68A,CESSNA 680 Citation Latitude,0
takeoff,LGA,22,1788891252.1,2026-09-08T18:14:12Z,40.772266,-73.880081,213.8,a03816,N113HQ,E75L,EMBRAER ERJ-170-200 (long wing),0
landing,JFK,31L,1788891305.36,2026-09-08T18:15:05Z,40.640099,-73.798447,300.9,acfc00,N936AN,B738,BOEING 737-800,0
landing,JFK,31R,1788891351.78,2026-09-08T18:15:51Z,40.651393,-73.776174,300.9,acca19,N923JB,A321,AIRBUS A-321,0
landing,LGA,31,1788891359.84,2026-09-08T18:15:59Z,40.779644,-73.872944,303.8,a230d6,N240JQ,E75L,EMBRAER ERJ-170-200 (long wing),0
takeoff,JFK,31L,1788891360.93,2026-09-08T18:16:00Z,40.630875,-73.778122,300.9,4c0223,YU-ARD,A332,AIRBUS A-330-200,0
landing,LGA,31,1788891415.87,2026-09-08T18:16:55Z,40.777256,-73.867981,300.9,a1239c,N17244,B738,BOEING 737-800,0
takeoff,LGA,22,1788891428.57,2026-09-08T18:17:08Z,40.772575,-73.879822,213.8,a20957,N230JQ,E75L,EMBRAER ERJ-170-200 (long wing),0
landing,JFK,31R,1788891436.27,2026-09-08T18:17:16Z,40.650357,-73.773864,300.9,abc651,N858NW,A332,AIRBUS A-330-200,0
landing,JFK,31L,1788891456.96,2026-09-08T18:17:36Z,40.637892,-73.793574,300.9,a1a435,N2047J,A21N,AIRBUS A-321neo,0
takeoff,JFK,31L,1788891499.84,2026-09-08T18:18:19Z,40.62871,-73.773303,300.9,a53436,N434YX,E75L,EMBRAER ERJ-170-200 (long wing),0
landing,JFK,31R,1788891516.88,2026-09-08T18:18:36Z,40.651382,-73.776169,302.4,ab5257,N829AN,B789,BOEING 787-9 Dreamliner,0
landing,LGA,31,1788891545.19,2026-09-08T18:19:05Z,40.779015,-73.871711,298.1,a4b294,N401YX,E75L,EMBRAER ERJ-170-200 (long wing),0
landing,JFK,31L,1788891609.35,2026-09-08T18:20:09Z,40.641083,-73.800568,309.4,a07228,N128HQ,E75L,EMBRAER ERJ-170-200 (long wing),0
landing,JFK,31R,1788891622.48,2026-09-08T18:20:22Z,40.651427,-73.776268,300.9,4b187f,HB-JHF,A333,AIRBUS A-330-300,0
landing,LGA,22,1788891642.86,2026-09-08T18:20:42Z,40.778946,-73.873225,230.6,a4f7cb,N419YX,E75L,EMBRAER ERJ-170-200 (long wing),0
takeoff,JFK,31L,1788891643.94,2026-09-08T18:20:43Z,40.630502,-73.777298,300.9,acc040,N920XJ,CRJ9,BOMBARDIER Regional Jet CRJ-900,0
landing,JFK,31L,1788891722.23,2026-09-08T18:22:02Z,40.639138,-73.796352,300.9,a44d3f,N3766,B738,BOEING 737-800,0
landing,JFK,31R,1788891727.47,2026-09-08T18:22:07Z,40.651268,-73.775894,300.9,ab6c08,N835MH,B764,BOEING 767-400,0
landing,LGA,13,1788891736.72,2026-09-08T18:22:16Z,40.777759,-73.871321,146.2,ad7bdf,N968WN,B737,BOEING 737-700,0
landing,LGA,31,1788891776.02,2026-09-08T18:22:56Z,40.777503,-73.868497,303.8,ac30c0,N885DN,B739,BOEING 737-900,0
takeoff,JFK,31L,1788891779.98,2026-09-08T18:22:59Z,40.630337,-73.776917,303.8,ab53e4,N829SK,CRJ9,BOMBARDIER Regional Jet CRJ-900,0
landing,JFK,31R,1788891826.46,2026-09-08T18:23:46Z,40.649519,-73.772023,300.9,a13386,N177DN,B763,BOEING 767-300,0
landing,JFK,31L,1788891866.13,2026-09-08T18:24:26Z,40.638905,-73.795853,300.9,ac801e,N904XJ,CRJ9,BOMBARDIER Regional Jet CRJ-900,0
landing,LGA,31,1788891874.02,2026-09-08T18:24:34Z,40.77784,-73.869293,295.3,ac26cf,N882RW,E170,EMBRAER ERJ-170-100,0
takeoff,JFK,31L,1788891918.42,2026-09-08T18:25:18Z,40.630783,-73.777924,300.9,acb2c2,N917XJ,CRJ9,BOMBARDIER Regional Jet CRJ-900,0
takeoff,LGA,22,1788891928.87,2026-09-08T18:25:28Z,40.772266,-73.880066,210.9,ad5e27,N960WN,B737,BOEING 737-700,0
landing,JFK,31R,1788891945.6,2026-09-08T18:25:45Z,40.64988,-73.772803,300.9,a014c9,N104NN,A321,AIRBUS A-321,0
landing,LGA,31,1788891958.19,2026-09-08T18:25:58Z,40.77729,-73.868073,303.8,a35e6f,N316PQ,CRJ9,BOMBARDIER Regional Jet CRJ-900,0
takeoff,LGA,22,1788891975.87,2026-09-08T18:26:15Z,40.772161,-73.88017,210.9,a15b4c,N187GJ,CRJ9,BOMBARDIER Regional Jet CRJ-900,0
landing,JFK,31L,1788891997.1,2026-09-08T18:26:37Z,40.638336,-73.79454,300.9,a01112,N103NN,A321,AIRBUS A-321,0
landing,JFK,31R,1788892041.33,2026-09-08T18:27:21Z,40.650008,-73.773115,300.9,3c6715,D-AIXU,A359,AIRBUS A-350-900,0
takeoff,JFK,31L,1788892052.75,2026-09-08T18:27:32Z,40.63044,-73.777145,300.9,a69463,N523DE,A21N,,0
landing,LGA,31,1788892081.97,2026-09-08T18:28:01Z,40.778996,-73.871674,300.9,ac1f61,N880RW,E170,EMBRAER ERJ-170-100,0
landing,LGA,31,1788892131.07,2026-09-08T18:28:51Z,40.777908,-73.869354,303.8,a4491f,N3753,B738,BOEING 737-800,0
landing,JFK,31L,1788892150.97,2026-09-08T18:29:10Z,40.63823,-73.79437,300.9,a1e946,N222JQ,E75L,EMBRAER ERJ-170-200 (long wing),0
landing,JFK,31R,1788892167.88,2026-09-08T18:29:27Z,40.651829,-73.777145,300.9,a7bfa0,N599JB,A320,AIRBUS A-320,0
takeoff,LGA,04,1788892170.4,2026-09-08T18:29:30Z,40.772312,-73.881543,30.9,a062ef,N124DX,A321,AIRBUS A-321,0
takeoff,LGA,22,1788892185.47,2026-09-08T18:29:45Z,40.77182,-73.880447,210.9,abb94f,N8545V,B738,BOEING 737-800,0
takeoff,JFK,31L,1788892195.46,2026-09-08T18:29:55Z,40.630258,-73.776751,300.9,a7ad0d,N594JB,A320,AIRBUS A-320,0
landing,LGA,31,1788892240.69,2026-09-08T18:30:40Z,40.77905,-73.871945,292.5,a095f0,N137HQ,E75L,EMBRAER ERJ-170-200 (long wing),0
landing,JFK,31R,1788892249.35,2026-09-08T18:30:49Z,40.651794,-73.777054,300.9,a0f44c,N1602,B763,BOEING 767-300,0
takeoff,LGA,22,1788892264.21,2026-09-08T18:31:04Z,40.772232,-73.880112,210.9,a3c259,N341PQ,CRJ9,BOMBARDIER Regional Jet CRJ-900,0
takeoff,LGA,22,1788892281.44,2026-09-08T18:31:21Z,40.769176,-73.883453,247.5,adbb39,N984NN,B738,BOEING 737-800,0
landing,JFK,31L,1788892309.57,2026-09-08T18:31:49Z,40.640144,-73.798569,300.9,a36a21,N319VF,B38M,BOEING 737 MAX 8,0
landing,LGA,31,1788892325.02,2026-09-08T18:32:05Z,40.778023,-73.869568,300.9,a47d11,N389DN,A321,AIRBUS A-321,0
takeoff,LGA,22,1788892339.05,2026-09-08T18:32:19Z,40.77372,-73.878876,210.9,a8bf92,N663CB,,,0
landing,JFK,31R,1788892340.74,2026-09-08T18:32:20Z,40.651474,-73.776352,300.9,abb775,N854NW,A332,AIRBUS A-330-200,0
takeoff,JFK,31L,1788892358.61,2026-09-08T18:32:38Z,40.628723,-73.773438,303.8,a4bdb9,N404YX,E75L,EMBRAER ERJ-170-200 (long wing),0
takeoff,LGA,22,1788892381.2,2026-09-08T18:33:01Z,40.772243,-73.880081,213.8,a9d5e7,N73278,B738,BOEING 737-800,0
landing,LGA,31,1788892433.52,2026-09-08T18:33:53Z,40.778934,-73.871493,303.8,a305aa,N294PQ,CRJ9,BOMBARDIER Regional Jet CRJ-900,0
landing,JFK,31L,1788892436.63,2026-09-08T18:33:56Z,40.639138,-73.796352,300.9,ad1cde,N944JT,A321,AIRBUS A-321,0
landing,JFK,31R,1788892470.3,2026-09-08T18:34:30Z,40.651463,-73.776337,300.9,a4bef6,N4048J,A21N,AIRBUS A-321neo,0
takeoff,LGA,22,1788892477.17,2026-09-08T18:34:37Z,40.772198,-73.880127,213.8,a3b124,N337PQ,CRJ9,BOMBARDIER Regional Jet CRJ-900,0
takeoff,JFK,31L,1788892502.75,2026-09-08T18:35:02Z,40.631084,-73.778577,299.6,47c968,LN-LNO,B789,BOEING 787-9 Dreamliner,0
landing,LGA,31,1788892523.53,2026-09-08T18:35:23Z,40.777531,-73.868576,298.1,a1584a,N186PQ,CRJ9,BOMBARDIER Regional Jet CRJ-900,0
landing,JFK,31R,1788892563.49,2026-09-08T18:36:03Z,40.650055,-73.773209,300.9,34810b,EC-OIL,A21N,AIRBUS A-321neo,0
landing,JFK,31L,1788892594.18,2026-09-08T18:36:34Z,40.638288,-73.794464,295.3,a0d6a8,N153PQ,CRJ9,BOMBARDIER Regional Jet CRJ-900,0
landing,LGA,31,1788892622.45,2026-09-08T18:37:02Z,40.778526,-73.870636,303.8,a9607d,N703JB,A320,AIRBUS A-320,0
takeoff,JFK,31L,1788892654.81,2026-09-08T18:37:34Z,40.630657,-73.777634,300.9,0c6064,9Y-SUR,B38M,BOEING 737 MAX 8,0
landing,JFK,31R,1788892657.65,2026-09-08T18:37:37Z,40.650501,-73.774185,300.9,44ccc8,OO-SFH,A333,AIRBUS A-330-300,0
takeoff,LGA,22,1788892664.58,2026-09-08T18:37:44Z,40.772255,-73.880081,210.9,a1e58f,N221JQ,E75L,EMBRAER ERJ-170-200 (long wing),0
landing,JFK,31L,1788892738.86,2026-09-08T18:38:58Z,40.638637,-73.795275,300.9,a66ce0,N513DA,A21N,AIRBUS A-321neo,0
landing,LGA,31,1788892743.23,2026-09-08T18:39:03Z,40.777212,-73.867872,303.8,a08e3c,N135EV,CRJ9,BOMBARDIER Regional Jet CRJ-900,0
takeoff,LGA,22,1788892746.82,2026-09-08T18:39:06Z,40.772335,-73.88002,213.8,a0634c,N124HQ,E75L,EMBRAER ERJ-170-200 (long wing),0
landing,JFK,31R,1788892782.6,2026-09-08T18:39:42Z,40.650604,-73.774445,300.9,a124b5,N173DZ,B763,BOEING 767-300,0
takeoff,JFK,31L,1788892800.2,2026-09-08T18:40:00Z,40.630669,-73.777664,300.9,a04e00,N119DU,BCS1,AIRBUS A220-100,0
landing,JFK,31L,1788892860.29,2026-09-08T18:41:00Z,40.638382,-73.794662,300.9,ab84ab,N841MH,B764,BOEING 767-400,0
landing,JFK,31R,1788892911.93,2026-09-08T18:41:51Z,40.651579,-73.77658,300.9,ace1af,N929XJ,CRJ9,BOMBARDIER Regional Jet CRJ-900,0
takeoff,LGA,22,1788892923.6,2026-09-08T18:42:03Z,40.772335,-73.88002,210.9,a89bab,N654AW,A320,AIRBUS A-320,0
takeoff,JFK,31L,1788892937.79,2026-09-08T18:42:17Z,40.631096,-73.778608,300.9,a33ca9,N3077J,BCS3,AIRBUS A220-300,0
landing,LGA,31,1788892985.26,2026-09-08T18:43:05Z,40.778114,-73.869797,303.8,aafd17,N807NN,B738,BOEING 737-800,0
takeoff,JFK,31L,1788893006.0,2026-09-08T18:43:26Z,40.631115,-73.778641,300.9,a34d2f,N3112J,BCS3,AIRBUS A220-300,0
landing,JFK,31R,1788893009.44,2026-09-08T18:43:29Z,40.651439,-73.776268,303.8,a06e71,N127HQ,E75L,EMBRAER ERJ-170-200 (long wing),0
landing,JFK,31R,1788893075.11,2026-09-08T18:44:35Z,40.650322,-73.773802,302.4,4ca9e7,EI-NUA,B789,BOEING 787-9 Dreamliner,0
takeoff,JFK,31L,1788893111.32,2026-09-08T18:45:11Z,40.630211,-73.776673,303.8,ab3623,N821SA,PC12,PILATUS PC-12,0
takeoff,LGA,22,1788893150.9,2026-09-08T18:45:50Z,40.771043,-73.881075,210.9,c007d0,C-FCYX,A320,AIRBUS A-320,0
landing,LGA,31,1788893152.4,2026-09-08T18:45:52Z,40.77791,-73.869355,303.8,a44943,N3754A,B738,BOEING 737-800,0
takeoff,LGA,22,1788893190.3,2026-09-08T18:46:30Z,40.772137,-73.880185,210.9,a3b3e5,N338DU,BCS3,AIRBUS A220-300,0
landing,JFK,31R,1788893203.8,2026-09-08T18:46:43Z,40.651245,-73.775864,300.9,ad727a,N966AK,B39M,BOEING 737 MAX 9,0
takeoff,LGA,22,1788893222.94,2026-09-08T18:47:02Z,40.772266,-73.880066,210.9,a08317,N132EV,CRJ9,BOMBARDIER Regional Jet CRJ-900,0
takeoff,JFK,31L,1788893238.12,2026-09-08T18:47:18Z,40.63052,-73.777359,300.9,acab54,N915XJ,CRJ9,BOMBARDIER Regional Jet CRJ-900,0
landing,LGA,31,1788893286.7,2026-09-08T18:48:06Z,40.777293,-73.868028,303.8,c013c3,C-FHMO,B06,BELL 206 JetRanger,0
landing,JFK,31R,1788893300.25,2026-09-08T18:48:20Z,40.650009,-73.773132,300.9,a4c9f8,N4077J,A21N,AIRBUS A-321neo,0
takeoff,JFK,31L,1788893310.38,2026-09-08T18:48:30Z,40.630572,-73.777454,300.9,aaf53a,N805JB,A320,AIRBUS A-320,0
takeoff,JFK,31L,1788893374.8,2026-09-08T18:49:34Z,40.628803,-73.773552,300.9,a05bde,N122HQ,E75L,EMBRAER ERJ-170-200 (long wing),0
landing,LGA,31,1788893391.25,2026-09-08T18:49:51Z,40.777805,-73.869156,300.9,ab84c9,N841NN,B738,BOEING 737-800,0
takeoff,LGA,22,1788893398.6,2026-09-08T18:49:58Z,40.772254,-73.880076,213.8,ad1218,N941NN,B738,BOEING 737-800,0
landing,JFK,31R,1788893416.93,2026-09-08T18:50:16Z,40.652927,-73.779663,295.3,a046f2,N117HQ,E75L,EMBRAER ERJ-170-200 (long wing),0
takeoff,JFK,31L,1788893461.27,2026-09-08T18:51:01Z,40.630474,-73.777222,300.9,a32f71,N304NY,,,0
landing,JFK,31R,1788893500.61,2026-09-08T18:51:40Z,40.651753,-73.77697,300.9,89639e,A6-EOE,A388,AIRBUS A-380-800,0
takeoff,LGA,22,1788893552.09,2026-09-08T18:52:32Z,40.772242,-73.880092,210.9,aa4c3e,N76265,B738,BOEING 737-800,0
takeoff,JFK,31L,1788893554.04,2026-09-08T18:52:34Z,40.63068,-73.77771,300.9,710103,HZ-AK74,B77L,BOEING 777-200LR,0
landing,LGA,31,1788893587.42,2026-09-08T18:53:07Z,40.77935,-73.872375,303.8,a4cc95,N408YX,E75L,EMBRAER ERJ-170-200 (long wing),0
takeoff,JFK,31L,1788893668.92,2026-09-08T18:54:28Z,40.631149,-73.778732,300.9,a3311b,N3044J,BCS3,AIRBUS A220-300,0
landing,LGA,31,1788893697.53,2026-09-08T18:54:57Z,40.778771,-73.87115,300.9,a866c7,N640RW,E170,EMBRAER ERJ-170-100,0
landing,JFK,31R,1788893703.76,2026-09-08T18:55:03Z,40.651753,-73.776986,300.9,a1c1c7,N212JQ,E75L,EMBRAER ERJ-170-200 (long wing),0
landing,JFK,31L,1788893749.98,2026-09-08T18:55:49Z,40.639056,-73.796134,300.9,aaea8c,N802NW,A333,AIRBUS A-330-300,0
landing,JFK,31R,1788893776.71,2026-09-08T18:56:16Z,40.65081,-73.774887,300.9,aded77,N997JL,A321,AIRBUS A-321,0
takeoff,JFK,31L,1788893817.86,2026-09-08T18:56:57Z,40.629879,-73.775925,300.9,ac8efa,N908XJ,CRJ9,BOMBARDIER Regional Jet CRJ-900,0
takeoff,LGA,22,1788893841.01,2026-09-08T18:57:21Z,40.770149,-73.881943,222.2,a44ca0,N3761R,B738,BOEING 737-800,0
landing,JFK,31R,1788893859.15,2026-09-08T18:57:39Z,40.651963,-73.777422,300.9,781f03,B-223G,B77L,BOEING 777-200LR,0
landing,JFK,31L,1788893900.78,2026-09-08T18:58:20Z,40.638137,-73.794167,300.9,a01880,N105NN,A321,AIRBUS A-321,0
landing,LGA,31,1788893927.82,2026-09-08T18:58:47Z,40.779121,-73.871948,295.3,a24720,N246JQ,E75L,EMBRAER ERJ-170-200 (long wing),0
takeoff,LGA,22,1788893945.49,2026-09-08T18:59:05Z,40.770857,-73.881231,208.1,a2000d,N228PQ,CRJ9,BOMBARDIER Regional Jet CRJ-900,0
takeoff,JFK,31L,1788893960.24,2026-09-08T18:59:20Z,40.630577,-73.777466,300.9,ab6162,N832SK,CRJ9,BOMBARDIER Regional Jet CRJ-900,0
landing,JFK,31R,1788893965.67,2026-09-08T18:59:25Z,40.64994,-73.772964,300.9,738075,4X-ECE,B772,BOEING 777-200,0
landing,LGA,31,1788893988.8,2026-09-08T18:59:48Z,40.777027,-73.867523,303.8,a24508,N24505,A21N,AIRBUS A-321neo,0
landing,JFK,31L,1788894032.3,2026-09-08T19:00:32Z,40.638626,-73.795197,300.9,a37517,N3215J,BCS3,AIRBUS A220-300,0
landing,LGA,31,1788894064.46,2026-09-08T19:01:04Z,40.778423,-73.870422,300.9,ad4390,N954AN,B738,BOEING 737-800,0
landing,JFK,31R,1788894077.36,2026-09-08T19:01:17Z,40.651451,-73.776337,300.9,71010f,HZ-AK37,B77W,BOEING 777-300ER,0
takeoff,LGA,04,1788894092.55,2026-09-08T19:01:32Z,40.76984,-73.883575,30.9,a7e5c1,N608JB,A320,AIRBUS A-320,0
landing,JFK,31L,1788894136.72,2026-09-08T19:02:16Z,40.63766,-73.793075,300.9,ab80f4,N840MH,B764,BOEING 767-400,0
landing,LGA,31,1788894167.46,2026-09-08T19:02:47Z,40.777491,-73.868481,303.8,ad385f,N951AA,B738,BOEING 737-800,0
takeoff,JFK,31L,1788894190.84,2026-09-08T19:03:10Z,40.631081,-73.778564,300.9,a05614,N1200K,B763,BOEING 767-300,0
landing,JFK,31L,1788894275.15,2026-09-08T19:04:35Z,40.63987,-73.797943,300.9,accd69,N924DZ,B739,BOEING 737-900,0
landing,LGA,31,1788894282.15,2026-09-08T19:04:42Z,40.778481,-73.870544,303.8,a0835d,N132HQ,E75L,EMBRAER ERJ-170-200 (long wing),0
takeoff,LGA,22,1788894305.67,2026-09-08T19:05:05Z,40.772242,-73.880092,210.9,a05f95,N123HQ,E75L,EMBRAER ERJ-170-200 (long wing),0
takeoff,JFK,31L,1788894316.29,2026-09-08T19:05:16Z,40.630474,-73.777252,303.8,ab4c76,N827SK,CRJ9,BOMBARDIER Regional Jet CRJ-900,0
landing,LGA,31,1788894343.6,2026-09-08T19:05:43Z,40.778352,-73.870307,303.8,aa56b6,N76517,B738,BOEING 737-800,0
takeoff,JFK,31L,1788894356.02,2026-09-08T19:05:56Z,40.631092,-73.778595,298.1,a15c01,N187PQ,CRJ9,BOMBARDIER Regional Jet CRJ-900,0
takeoff,JFK,31L,1788894402.5,2026-09-08T19:06:42Z,40.630669,-73.777679,300.9,ad6040,N961DZ,B739,,0
landing,JFK,31R,1788894431.99,2026-09-08T19:07:11Z,40.650478,-73.774155,300.9,0c6060,9Y-BAR,B38M,BOEING 737 MAX 8,0
landing,LGA,31,1788894435.97,2026-09-08T19:07:15Z,40.777771,-73.869034,300.9,a869bc,N641JB,A320,AIRBUS A-320,0
takeoff,LGA,22,1788894488.45,2026-09-08T19:08:08Z,40.772231,-73.880107,213.8,abd063,N860RW,E170,EMBRAER ERJ-170-100,0
landing,JFK,31L,1788894504.55,2026-09-08T19:08:24Z,40.638405,-73.794708,300.9,a14104,N180DN,B763,BOEING 767-300,0
landing,LGA,31,1788894521.25,2026-09-08T19:08:41Z,40.778503,-73.870603,303.8,a44570,N3743H,B738,BOEING 737-800,0
landing,JFK,31R,1788894526.28,2026-09-08T19:08:46Z,40.651812,-73.777095,299.6,48ae24,SP-LSE,B789,BOEING 787-9 Dreamliner,0
takeoff,JFK,31L,1788894557.7,2026-09-08T19:09:17Z,40.630966,-73.778366,298.1,a5fc87,N485PX,CRJ9,BOMBARDIER Regional Jet CRJ-900,0
takeoff,LGA,22,1788894584.49,2026-09-08T19:09:44Z,40.772255,-73.880081,210.9,a09239,N136HQ,E75L,EMBRAER ERJ-170-200 (long wing),0
landing,JFK,31R,1788894611.18,2026-09-08T19:10:11Z,40.650345,-73.773911,300.9,3965a0,F-GZNA,B77W,BOEING 777-300ER,0
landing,LGA,31,1788894613.48,2026-09-08T19:10:13Z,40.776947,-73.867325,303.8,a066a3,N125DU,BCS1,AIRBUS A220-100,0
takeoff,JFK,31L,1788894613.63,2026-09-08T19:10:13Z,40.630978,-73.778351,300.9,a15b05,N187DN,B763,BOEING 767-300,0
takeoff,LGA,13,1788894641.74,2026-09-08T19:10:41Z,40.775478,-73.866593,120.9,a44570,N3743H,B738,BOEING 737-800,0
landing,LGA,31,1788894663.95,2026-09-08T19:11:03Z,40.77784,-73.869217,303.8,a17527,N193UW,A321,AIRBUS A-321,0
takeoff,JFK,31L,1788894680.37,2026-09-08T19:11:20Z,40.628791,-73.773521,298.1,a1e1d8,N220JQ,E75L,EMBRAER ERJ-170-200 (long wing),0
takeoff,LGA,04,1788894705.06,2026-09-08T19:11:45Z,40.772324,-73.881527,30.9,a39d9b,N332DU,BCS3,,0
landing,JFK,31R,1788894759.94,2026-09-08T19:12:39Z,40.652458,-73.778534,300.9,ad9712,N975JT,A321,AIRBUS A-321,0
takeoff,LGA,22,1788894768.38,2026-09-08T19:12:48Z,40.772278,-73.880066,208.1,a8f235,N676CA,CRJ9,BOMBARDIER Regional Jet CRJ-900,0
landing,JFK,31L,1788894773.84,2026-09-08T19:12:53Z,40.638073,-73.794006,300.9,a39ab4,N331NB,A319,AIRBUS A-319,0
landing,LGA,31,1788894781.6,2026-09-08T19:13:01Z,40.777416,-73.868317,300.9,ad3e16,N952WN,B737,BOEING 737-700,0
takeoff,LGA,04,1788894819.42,2026-09-08T19:13:39Z,40.773342,-73.880692,30.9,ad01c0,N937XJ,CRJ9,BOMBARDIER Regional Jet CRJ-900,0
takeoff,LGA,22,1788894822.03,2026-09-08T19:13:42Z,40.769484,-73.882791,225.0,a0d19e,N152AA,A321,AIRBUS A-321,0
takeoff,JFK,31L,1788894833.27,2026-09-08T19:13:53Z,40.630688,-73.777703,300.9,ac893a,N907AN,B738,BOEING 737-800,0
landing,JFK,31R,1788894853.84,2026-09-08T19:14:13Z,40.650524,-73.774292,300.9,4a91b2,SE-DMR,A21N,AIRBUS A-321neo,0
takeoff,LGA,13,1788894870.89,2026-09-08T19:14:30Z,40.777027,-73.869858,123.8,a17527,N193UW,A321,AIRBUS A-321,0
landing,LGA,31,1788894871.28,2026-09-08T19:14:31Z,40.776924,-73.867279,300.9,a095aa,N137EV,CRJ9,BOMBARDIER Regional Jet CRJ-900,0
takeoff,JFK,31L,1788894889.8,2026-09-08T19:14:49Z,40.630886,-73.778156,300.9,ad4afe,N956AN,B738,BOEING 737-800,0
landing,JFK,31R,1788894930.82,2026-09-08T19:15:30Z,40.650811,-73.774863,300.9,a16273,N189DN,B763,BOEING 767-300,0
takeoff,JFK,31L,1788894944.57,2026-09-08T19:15:44Z,40.630795,-73.777954,300.9,a6152a,N491PX,CRJ9,BOMBARDIER Regional Jet CRJ-900,0
landing,LGA,31,1788894961.19,2026-09-08T19:16:01Z,40.77706,-73.867576,303.8,ac74e4,N901WN,B737,BOEING 737-700,0
takeoff,JFK,31L,1788895008.71,2026-09-08T19:16:48Z,40.631241,-73.778946,300.9,a350c3,N3121J,BCS3,AIRBUS A220-300,0
takeoff,LGA,22,1788895015.49,2026-09-08T19:16:55Z,40.772255,-73.880096,210.9,ac2bd6,N88332,E75L,EMBRAER ERJ-170-200 (long wing),0
takeoff,LGA,22,1788895051.08,2026-09-08T19:17:31Z,40.772196,-73.880138,213.8,a3ad6d,N336PQ,CRJ9,BOMBARDIER Regional Jet CRJ-900,0
landing,JFK,31R,1788895058.3,2026-09-08T19:17:38Z,40.651634,-73.776718,300.9,a5307f,N433YX,E75L,EMBRAER ERJ-170-200 (long wing),0
takeoff,JFK,31L,1788895066.1,2026-09-08T19:17:46Z,40.630669,-73.777695,300.9,a788d3,N585DN,A21N,,0
landing,LGA,31,1788895081.92,2026-09-08T19:18:01Z,40.777828,-73.86923,295.3,ab0a73,N810MD,E170,EMBRAER ERJ-170-100,0
takeoff,JFK,31L,1788895119.77,2026-09-08T19:18:39Z,40.631049,-73.778484,300.9,780a61,B-KQM,B77W,BOEING 777-300ER,0
takeoff,LGA,22,1788895122.16,2026-09-08T19:18:42Z,40.772231,-73.880107,210.9,a1b449,N209JQ,E75L,EMBRAER ERJ-170-200 (long wing),0
landing,JFK,31R,1788895131.56,2026-09-08T19:18:51Z,40.651078,-73.775487,300.9,ad2095,N945JT,A321,AIRBUS A-321,0
landing,LGA,31,1788895146.55,2026-09-08T19:19:06Z,40.777508,-73.8685,300.9,acf2e4,N933XJ,CRJ9,BOMBARDIER Regional Jet CRJ-900,0
takeoff,LGA,22,1788895181.08,2026-09-08T19:19:41Z,40.77412,-73.87854,213.8,a32ad5,N303DU,BCS3,AIRBUS A220-300,0
takeoff,LGA,22,1788895184.24,2026-09-08T19:19:44Z,40.772266,-73.880081,213.8,ac1951,N879RW,E170,EMBRAER ERJ-170-100,0
landing,JFK,31R,1788895216.85,2026-09-08T19:20:16Z,40.650639,-73.77449,300.9,06a1bb,A7-BEE,B77W,BOEING 777-300ER,0
landing,LGA,31,1788895244.51,2026-09-08T19:20:44Z,40.777863,-73.869246,303.8,a3d03f,N345DU,,,0
landing,JFK,31L,1788895289.83,2026-09-08T19:21:29Z,40.639289,-73.796711,300.9,a6893e,N520DE,A21N,AIRBUS A-321neo,0
takeoff,JFK,31L,1788895328.94,2026-09-08T19:22:08Z,40.628861,-73.773693,298.1,a07bef,N130HQ,E75L,EMBRAER ERJ-170-200 (long wing),0
landing,LGA,31,1788895329.81,2026-09-08T19:22:09Z,40.777491,-73.868465,298.1,a7c849,N600LR,CRJ9,BOMBARDIER Regional Jet CRJ-900,0
landing,JFK,31R,1788895348.59,2026-09-08T19:22:28Z,40.650019,-73.773115,300.9,a4ccba,N4080J,A21N,,0
takeoff,LGA,04,1788895356.84,2026-09-08T19:22:36Z,40.771916,-73.881871,30.9,a057cc,N121DZ,A321,AIRBUS A-321,0
takeoff,LGA,22,1788895364.26,2026-09-08T19:22:44Z,40.772265,-73.880076,210.9,a03f84,N115HQ,E75L,EMBRAER ERJ-170-200 (long wing),0
takeoff,JFK,31L,1788895387.23,2026-09-08T19:23:07Z,40.630852,-73.778076,298.1,a387f0,N3267J,BCS3,,0
landing,LGA,31,1788895411.99,2026-09-08T19:23:31Z,40.777485,-73.868484,295.3,a07f60,N131EV,CRJ9,BOMBARDIER Regional Jet CRJ-900,0
landing,JFK,31R,1788895454.27,2026-09-08T19:24:14Z,40.650124,-73.773392,300.9,a61173,N490PX,CRJ9,BOMBARDIER Regional Jet CRJ-900,0
landing,LGA,31,1788895530.33,2026-09-08T19:25:30Z,40.779018,-73.871719,298.1,a01097,N103HQ,E75L,EMBRAER ERJ-170-200 (long wing),0
landing,LGA,31,1788895601.34,2026-09-08T19:26:41Z,40.778503,-73.870619,300.9,c07e32,C-GVUN,BCS3,AIRBUS A220-300,0
takeoff,LGA,22,1788895611.64,2026-09-08T19:26:51Z,40.772232,-73.880096,210.9,abb54f,N8533S,B738,BOEING 737-800,0
takeoff,JFK,31L,1788895612.98,2026-09-08T19:26:52Z,40.63141,-73.779311,300.9,a37fb0,N3241J,BCS3,AIRBUS A220-300,0
takeoff,JFK,31L,1788895661.96,2026-09-08T19:27:41Z,40.630991,-73.778374,300.9,ad8836,N971JT,A321,AIRBUS A-321,0
landing,LGA,31,1788895738.21,2026-09-08T19:28:58Z,40.777607,-73.868715,300.9,a153de,N185GJ,CRJ9,BOMBARDIER Regional Jet CRJ-900,0
takeoff,JFK,31L,1788895836.93,2026-09-08T19:30:36Z,40.630932,-73.778275,300.9,ace063,N929JB,A321,AIRBUS A-321,0
landing,LGA,31,1788895838.84,2026-09-08T19:30:38Z,40.77784,-73.869199,300.9,ac83d5,N905XJ,CRJ9,BOMBARDIER Regional Jet CRJ-900,0
takeoff,JFK,31L,1788895896.4,2026-09-08T19:31:36Z,40.628906,-73.773758,298.1,a22ac6,N239JQ,E75L,EMBRAER ERJ-170-200 (long wing),0
landing,JFK,31R,1788895906.72,2026-09-08T19:31:46Z,40.652347,-73.77825,300.9,ad60b7,N961JT,A321,AIRBUS A-321,0
landing,LGA,31,1788895924.93,2026-09-08T19:32:04Z,40.777363,-73.868216,303.8,abf2ea,N8692F,B738,BOEING 737-800,0
takeoff,LGA,04,1788895959.56,2026-09-08T19:32:39Z,40.772417,-73.881449,30.9,a0f91d,N162AA,A321,AIRBUS A-321,0
takeoff,LGA,22,1788895989.55,2026-09-08T19:33:09Z,40.772243,-73.880112,213.8,a03f1e,N115DN,A321,AIRBUS A-321,0
landing,LGA,31,1788896002.11,2026-09-08T19:33:22Z,40.77729,-73.868027,300.9,a36fa4,N320PQ,CRJ9,BOMBARDIER Regional Jet CRJ-900,0
takeoff,LGA,22,1788896033.45,2026-09-08T19:33:53Z,40.775906,-73.877075,210.9,ad0887,N939QS,C68A,CESSNA 680 Citation Latitude,0
landing,JFK,31R,1788896068.91,2026-09-08T19:34:28Z,40.650707,-73.774689,300.9,a3dfeb,N349NB,A319,AIRBUS A-319,0
landing,LGA,31,1788896082.06,2026-09-08T19:34:42Z,40.777153,-73.867779,303.8,c07d20,C-GVJZ,DH8D,DE HAVILLAND DHC-8-400 Dash 8,0
takeoff,LGA,22,1788896126.25,2026-09-08T19:35:26Z,40.770752,-73.881324,210.9,a45b96,N380DA,B738,BOEING 737-800,0
takeoff,LGA,13,1788896134.39,2026-09-08T19:35:34Z,40.777363,-73.870541,120.9,c07d20,C-GVJZ,DH8D,DE HAVILLAND DHC-8-400 Dash 8,0
takeoff,LGA,22,1788896134.81,2026-09-08T19:35:34Z,40.775631,-73.877304,213.8,abe2f6,N865RW,E170,EMBRAER ERJ-170-100,0
landing,LGA,31,1788896172.6,2026-09-08T19:36:12Z,40.77791,-73.869355,303.8,a445f8,N3747D,B738,BOEING 737-800,0
takeoff,LGA,22,1788896174.82,2026-09-08T19:36:14Z,40.772209,-73.880112,213.8,a19691,N201JQ,E75L,EMBRAER ERJ-170-200 (long wing),0
takeoff,LGA,22,1788896212.38,2026-09-08T19:36:52Z,40.772265,-73.880092,213.8,abdb88,N863RW,E170,EMBRAER ERJ-170-100,0
takeoff,JFK,22R,1788896237.6,2026-09-08T19:37:17Z,40.646051,-73.766811,210.9,780c5b,B-2091,B77L,BOEING 777-200LR,0
landing,LGA,31,1788896277.77,2026-09-08T19:37:57Z,40.779007,-73.871719,298.1,a23bfb,N243JQ,E75L,EMBRAER ERJ-170-200 (long wing),0
takeoff,LGA,22,1788896309.56,2026-09-08T19:38:29Z,40.772207,-73.880123,210.9,a21833,N234JQ,E75L,EMBRAER ERJ-170-200 (long wing),0
takeoff,JFK,22R,1788896312.31,2026-09-08T19:38:32Z,40.646109,-73.766764,210.9,aaf5b1,N805NW,A333,AIRBUS A-330-300,0
takeoff,LGA,22,1788896323.93,2026-09-08T19:38:43Z,40.773731,-73.878876,210.9,ad7bdf,N968WN,B737,BOEING 737-700,0
landing,JFK,22L,1788896327.44,2026-09-08T19:38:47Z,40.635437,-73.762535,210.9,aafca8,N807JB,A320,AIRBUS A-320,0
takeoff,LGA,22,1788896366.75,2026-09-08T19:39:26Z,40.772243,-73.880096,210.9,ac92b1,N909XJ,CRJ9,BOMBARDIER Regional Jet CRJ-900,0
landing,LGA,31,1788896372.5,2026-09-08T19:39:32Z,40.777363,-73.868231,300.9,a39723,N330PQ,CRJ9,BOMBARDIER Regional Jet CRJ-900,0
landing,LGA,31,1788896445.38,2026-09-08T19:40:45Z,40.777782,-73.86908,303.8,a06a54,N126DN,A321,AIRBUS A-321,0
landing,JFK,22L,1788896496.22,2026-09-08T19:41:36Z,40.634823,-73.763016,210.9,ac760d,N9016,A319,AIRBUS A-319,0
takeoff,LGA,04,1788896509.74,2026-09-08T19:41:49Z,40.76944,-73.883926,11.2,a36994,N319PQ,CRJ9,BOMBARDIER Regional Jet CRJ-900,0
landing,LGA,31,1788896569.26,2026-09-08T19:42:49Z,40.777072,-73.867607,300.9,a86d36,N642FR,A21N,,0
landing,JFK,22L,1788896609.9,2026-09-08T19:43:29Z,40.632713,-73.764688,210.9,ac8289,N905JB,A321,AIRBUS A-321,0
takeoff,JFK,22L,1788896610.39,2026-09-08T19:43:30Z,40.6325,-73.764847,210.9,ac8289,N905JB,A321,AIRBUS A-321,0
landing,JFK,22L,1788896611.21,2026-09-08T19:43:31Z,40.632178,-73.765094,210.9,ac8289,N905JB,A321,AIRBUS A-321,0
takeoff,JFK,31L,1788896613.51,2026-09-08T19:43:33Z,40.633747,-73.78447,300.9,a07228,N128HQ,E75L,EMBRAER ERJ-170-200 (long wing),0
landing,JFK,22L,1788896688.68,2026-09-08T19:44:48Z,40.635567,-73.762436,210.9,a76c79,N578DN,A21N,AIRBUS A-321neo,0
landing,LGA,31,1788896707.39,2026-09-08T19:45:07Z,40.778387,-73.870307,300.9,a04a4d,N118DY,A321,AIRBUS A-321,0
takeoff,JFK,31L,1788896748.89,2026-09-08T19:45:48Z,40.635361,-73.788025,300.9,a34d98,N3115J,BCS3,AIRBUS A220-300,0
landing,JFK,22L,1788896769.53,2026-09-08T19:46:09Z,40.636425,-73.761765,210.9,a7cf10,N602DZ,A21N,AIRBUS A-321neo,0
landing,LGA,31,1788896840.23,2026-09-08T19:47:20Z,40.778887,-73.871446,300.9,a8a0d9,N655RW,E170,EMBRAER ERJ-170-100,0
landing,JFK,22L,1788896878.35,2026-09-08T19:47:58Z,40.632876,-73.764532,210.9,acad53,N916DU,B739,BOEING 737-900,0
takeoff,LGA,22,1788896881.83,2026-09-08T19:48:01Z,40.7723,-73.880045,213.8,a0acf8,N14230,B738,BOEING 737-800,0
landing,LGA,31,1788896889.69,2026-09-08T19:48:09Z,40.778515,-73.870557,298.1,a1094c,N166PQ,CRJ9,BOMBARDIER Regional Jet CRJ-900,0
takeoff,JFK,22R,1788896893.62,2026-09-08T19:48:13Z,40.646175,-73.766724,210.9,a6ee8e,N546DN,A21N,AIRBUS A-321neo,0
takeoff,JFK,31L,1788896924.24,2026-09-08T19:48:44Z,40.635821,-73.789033,300.9,0d0b92,XA-VIQ,A20N,AIRBUS A-320neo,0
takeoff,JFK,22R,1788896940.39,2026-09-08T19:49:00Z,40.646365,-73.766577,210.9,aca5e5,N914DU,B739,BOEING 737-900,0
takeoff,LGA,22,1788896949.44,2026-09-08T19:49:09Z,40.772137,-73.88017,210.9,ab5ed8,N8313F,B738,BOEING 737-800,0
landing,LGA,31,1788896966.12,2026-09-08T19:49:26Z,40.777531,-73.868546,300.9,a8f9a3,N678CA,CRJ9,BOMBARDIER Regional Jet CRJ-900,0
landing,JFK,22L,1788896966.28,2026-09-08T19:49:26Z,40.633518,-73.764053,210.9,acee50,N932NN,B738,BOEING 737-800,0
takeoff,LGA,22,1788896982.47,2026-09-08T19:49:42Z,40.773766,-73.878845,213.8,a095f0,N137HQ,E75L,EMBRAER ERJ-170-200 (long wing),0
takeoff,JFK,22R,1788896989.08,2026-09-08T19:49:49Z,40.649105,-73.764435,210.9,a046f2,N117HQ,E75L,EMBRAER ERJ-170-200 (long wing),0
takeoff,LGA,22,1788896999.3,2026-09-08T19:49:59Z,40.772381,-73.879974,213.8,ac26cf,N882RW,E170,EMBRAER ERJ-170-100,0
takeoff,JFK,31L,1788897036.35,2026-09-08T19:50:36Z,40.63385,-73.784683,300.9,a1e946,N222JQ,E75L,EMBRAER ERJ-170-200 (long wing),0
landing,JFK,22L,1788897069.61,2026-09-08T19:51:09Z,40.633884,-73.763733,210.9,a37842,N3221J,BCS3,,0
landing,LGA,22,1788897112.74,2026-09-08T19:51:52Z,40.779144,-73.872635,255.9,a4fddb,N420YX,E75L,EMBRAER ERJ-170-200 (long wing),0
takeoff,JFK,22R,1788897125.31,2026-09-08T19:52:05Z,40.645981,-73.766861,210.9,0c20df,HP-9904CMP,B39M,BOEING 737 MAX 9,0
landing,JFK,22L,1788897159.04,2026-09-08T19:52:39Z,40.636915,-73.76138,210.9,4ca9cb,EI-LRD,A21N,AIRBUS A-321neo,0
takeoff,JFK,31L,1788897162.06,2026-09-08T19:52:42Z,40.635844,-73.789095,300.9,ad7ab8,N968JT,A321,AIRBUS A-321,0
takeoff,JFK,22R,1788897184.46,2026-09-08T19:53:04Z,40.646249,-73.766655,210.9,ace974,N931AV,A20N,AIRBUS A-320neo,0
landing,LGA,31,1788897265.48,2026-09-08T19:54:25Z,40.777095,-73.867623,303.8,c03cf4,C-FXCD,A320,AIRBUS A-320,0
landing,JFK,22L,1788897285.63,2026-09-08T19:54:45Z,40.634857,-73.76297,210.9,ad27f3,N947JB,A321,AIRBUS A-321,0
takeoff,JFK,31L,1788897290.81,2026-09-08T19:54:50Z,40.635818,-73.789032,300.9,acfc00,N936AN,B738,BOEING 737-800,0
takeoff,JFK,22R,1788897292.52,2026-09-08T19:54:52Z,40.646318,-73.766608,210.9,ac801e,N904XJ,CRJ9,BOMBARDIER Regional Jet CRJ-900,0
takeoff,LGA,22,1788897307.56,2026-09-08T19:55:07Z,40.770473,-73.881559,210.9,a01f0d,N107DN,A321,AIRBUS A-321,0
takeoff,LGA,22,1788897344.56,2026-09-08T19:55:44Z,40.772475,-73.879904,210.9,a35e6f,N316PQ,CRJ9,BOMBARDIER Regional Jet CRJ-900,0
landing,LGA,31,1788897356.55,2026-09-08T19:55:56Z,40.778687,-73.870972,303.8,a01f73,N107HQ,E75L,EMBRAER ERJ-170-200 (long wing),0
takeoff,JFK,22R,1788897366.85,2026-09-08T19:56:06Z,40.645387,-73.767326,210.9,a7de53,N606JB,A320,AIRBUS A-320,0
landing,JFK,22L,1788897388.82,2026-09-08T19:56:28Z,40.635818,-73.762222,205.3,a17c12,N195PQ,CRJ9,BOMBARDIER Regional Jet CRJ-900,0
landing,LGA,31,1788897439.49,2026-09-08T19:57:19Z,40.776981,-73.867462,303.8,aa56b5,N76516,B738,BOEING 737-800,0
landing,JFK,22L,1788897462.66,2026-09-08T19:57:42Z,40.637455,-73.760971,210.9,aae6d5,N801NW,A333,AIRBUS A-330-300,0
takeoff,LGA,22,1788897505.85,2026-09-08T19:58:25Z,40.770578,-73.881465,210.9,a0b7fa,N14520,A21N,AIRBUS A-321neo,0
landing,LGA,31,1788897549.18,2026-09-08T19:59:09Z,40.777561,-73.868637,300.9,ac8b43,N907XJ,CRJ9,BOMBARDIER Regional Jet CRJ-900,0
takeoff,LGA,22,1788897593.83,2026-09-08T19:59:53Z,40.772552,-73.879837,213.8,a08e3c,N135EV,CRJ9,BOMBARDIER Regional Jet CRJ-900,0
landing,JFK,22L,1788897613.43,2026-09-08T20:00:13Z,40.635647,-73.76236,210.9,aaef60,N8030F,A319,AIRBUS A-319,0
takeoff,JFK,31L,1788897632.3,2026-09-08T20:00:32Z,40.636185,-73.789825,298.1,a0d6a8,N153PQ,CRJ9,BOMBARDIER Regional Jet CRJ-900,0
takeoff,LGA,22,1788897640.1,2026-09-08T20:00:40Z,40.770671,-73.881387,210.9,a45592,N379DN,A321,AIRBUS A-321,0
landing,LGA,13,1788897690.13,2026-09-08T20:01:30Z,40.778652,-73.87323,129.4,a4b64b,N402YX,E75L,EMBRAER ERJ-170-200 (long wing),0
landing,JFK,22L,1788897713.43,2026-09-08T20:01:53Z,40.63377,-73.76384,210.9,a33afd,N307TA,B38M,BOEING 737 MAX 8,0
takeoff,LGA,22,1788897726.7,2026-09-08T20:02:06Z,40.772289,-73.88006,210.9,a4cc95,N408YX,E75L,EMBRAER ERJ-170-200 (long wing),0
landing,LGA,31,1788897728.93,2026-09-08T20:02:08Z,40.777519,-73.868515,300.9,ace0d2,N929NN,B738,BOEING 737-800,0
landing,LGA,04,1788897733.48,2026-09-08T20:02:13Z,40.776048,-73.88095,30.9,a5453c,N439H,A139,AGUSTA AW-139,8
takeoff,LGA,22,1788897746.57,2026-09-08T20:02:26Z,40.770718,-73.881356,210.9,a4491f,N3753,B738,BOEING 737-800,0
takeoff,JFK,31L,1788897783.1,2026-09-08T20:03:03Z,40.635763,-73.788908,298.1,a3cd58,N344NB,A319,AIRBUS A-319,0
takeoff,JFK,22R,1788897789.42,2026-09-08T20:03:09Z,40.645809,-73.767014,210.9,a539c9,N436DX,A339,AIRBUS A-330-900,0
landing,JFK,22L,1788897790.89,2026-09-08T20:03:10Z,40.634113,-73.763565,210.9,adba0a,N984AK,B39M,BOEING 737 MAX 9,0
landing,LGA,22,1788897867.93,2026-09-08T20:04:27Z,40.778038,-73.87129,219.4,a2147c,N233JQ,E75L,EMBRAER ERJ-170-200 (long wing),0
landing,JFK,22L,1788897921.31,2026-09-08T20:05:21Z,40.633377,-73.764407,227.8,a1a924,N206JQ,E75L,EMBRAER ERJ-170-200 (long wing),0
takeoff,JFK,22R,1788897951.01,2026-09-08T20:05:51Z,40.646144,-73.766748,210.9,a37e5a,N324NB,A319,AIRBUS A-319,0
landing,JFK,22L,1788897978.24,2026-09-08T20:06:18Z,40.637112,-73.761215,210.9,a67452,N515DE,A21N,AIRBUS A-321neo,0
takeoff,LGA,22,1788897997.74,2026-09-08T20:06:37Z,40.772278,-73.880066,210.9,a230d6,N240JQ,E75L,EMBRAER ERJ-170-200 (long wing),0
landing,LGA,31,1788897998.3,2026-09-08T20:06:38Z,40.778526,-73.870636,303.8,ad2c19,N948NN,B738,BOEING 737-800,0
takeoff,JFK,31L,1788898008.44,2026-09-08T20:06:48Z,40.633873,-73.78476,300.9,a1c1c7,N212JQ,E75L,EMBRAER ERJ-170-200 (long wing),0
landing,JFK,22L,1788898055.82,2026-09-08T20:07:35Z,40.636574,-73.761642,210.9,a386fb,N3260J,BCS3,,0
landing,LGA,31,1788898115.31,2026-09-08T20:08:35Z,40.779144,-73.872131,286.9,aceb76,N931XJ,CRJ9,BOMBARDIER Regional Jet CRJ-900,0
landing,JFK,22L,1788898131.79,2026-09-08T20:08:51Z,40.634045,-73.763596,210.9,ab7376,N837MH,B764,BOEING 767-400,0
takeoff,LGA,22,1788898169.0,2026-09-08T20:09:29Z,40.770217,-73.881855,222.2,a97de4,N710UW,A319,AIRBUS A-319,0
takeoff,LGA,22,1788898170.65,2026-09-08T20:09:30Z,40.7696,-73.882651,225.0,a44a6d,N376DN,A321,AIRBUS A-321,0
takeoff,LGA,22,1788898179.54,2026-09-08T20:09:39Z,40.772184,-73.880138,210.9,abdf3f,N864RW,E170,EMBRAER ERJ-170-100,0
takeoff,LGA,22,1788898211.27,2026-09-08T20:10:11Z,40.772265,-73.880076,213.8,a4b294,N401YX,E75L,EMBRAER ERJ-170-200 (long wing),0
landing,LGA,31,1788898224.27,2026-09-08T20:10:24Z,40.777421,-73.868325,303.8,a336f0,N306PQ,CRJ9,BOMBARDIER Regional Jet CRJ-900,0
landing,JFK,22R,1788898238.09,2026-09-08T20:10:38Z,40.631344,-73.778473,239.1,a4d849,N411EP,SR22,,0
landing,JFK,22L,1788898247.57,2026-09-08T20:10:47Z,40.632866,-73.764542,210.9,ab4eeb,N828DN,B739,BOEING 737-900,0
takeoff,JFK,31L,1788898259.86,2026-09-08T20:10:59Z,40.632306,-73.781277,300.9,a4d849,N411EP,SR22,,0
landing,JFK,31L,1788898304.02,2026-09-08T20:11:44Z,40.635487,-73.788269,300.9,a4d849,N411EP,SR22,,0
takeoff,JFK,31L,1788898306.09,2026-09-08T20:11:46Z,40.635624,-73.788574,300.9,a4d849,N411EP,SR22,,0
takeoff,LGA,22,1788898307.83,2026-09-08T20:11:47Z,40.770578,-73.881465,210.9,ac30c0,N885DN,B739,BOEING 737-900,0
takeoff,JFK,22R,1788898324.0,2026-09-08T20:12:04Z,40.646278,-73.766632,210.9,840a64,JA02WJ,A35K,AIRBUS A-350-1000,0
landing,JFK,22L,1788898329.24,2026-09-08T20:12:09Z,40.638695,-73.760022,209.6,a3e917,N351FX,E55P,EMBRAER EMB-505 Phenom 300,0
landing,LGA,31,1788898347.43,2026-09-08T20:12:27Z,40.779018,-73.871765,295.3,a19a48,N202JQ,E75L,EMBRAER ERJ-170-200 (long wing),0
landing,JFK,22L,1788898415.32,2026-09-08T20:13:35Z,40.635635,-73.762375,210.9,a19d0d,N2029J,A21N,AIRBUS A-321neo,0
takeoff,JFK,31L,1788898427.16,2026-09-08T20:13:47Z,40.635727,-73.788803,300.9,a01112,N103NN,A321,AIRBUS A-321,0
landing,LGA,31,1788898441.68,2026-09-08T20:14:01Z,40.777689,-73.868887,303.8,a591d5,N458WN,B737,BOEING 737-700,0
takeoff,LGA,22,1788898456.05,2026-09-08T20:14:16Z,40.772198,-73.880142,210.9,a305aa,N294PQ,CRJ9,BOMBARDIER Regional Jet CRJ-900,0
landing,JFK,22L,1788898488.35,2026-09-08T20:14:48Z,40.634857,-73.763,210.9,a38af8,N3272J,BCS3,AIRBUS A220-300,0
landing,JFK,13R,1788898504.56,2026-09-08T20:15:04Z,40.649506,-73.811005,92.8,a4d849,N411EP,SR22,,0
takeoff,LGA,22,1788898504.91,2026-09-08T20:15:04Z,40.772219,-73.880123,208.1,a1584a,N186PQ,CRJ9,BOMBARDIER Regional Jet CRJ-900,0
takeoff,JFK,22R,1788898528.66,2026-09-08T20:15:28Z,40.646342,-73.766592,210.9,a3514f,N3125J,BCS3,,0
takeoff,LGA,22,1788898564.64,2026-09-08T20:16:04Z,40.772277,-73.880076,213.8,ac1f61,N880RW,E170,EMBRAER ERJ-170-100,0
landing,JFK,22L,1788898575.06,2026-09-08T20:16:15Z,40.635239,-73.762691,210.9,a721a4,N559JB,A320,AIRBUS A-320,0
takeoff,JFK,31L,1788898595.96,2026-09-08T20:16:35Z,40.636173,-73.789795,300.9,aa781f,N774CK,B77L,BOEING 777-200LR,0
takeoff,JFK,22R,1788898637.67,2026-09-08T20:17:17Z,40.646516,-73.766452,210.9,ad5329,N958JB,A321,AIRBUS A-321,0
landing,JFK,22L,1788898645.29,2026-09-08T20:17:25Z,40.636208,-73.761932,210.9,a661bf,N510DE,A21N,AIRBUS A-321neo,0
takeoff,LGA,22,1788898649.35,2026-09-08T20:17:29Z,40.772289,-73.880051,210.9,ab0a73,N810MD,E170,EMBRAER ERJ-170-100,0
landing,LGA,31,1788898679.1,2026-09-08T20:17:59Z,40.779533,-73.872742,303.8,a50549,N422YX,E75L,EMBRAER ERJ-170-200 (long wing),0
takeoff,JFK,22R,1788898702.15,2026-09-08T20:18:22Z,40.646353,-73.766577,210.9,896596,A6-XWA,A35K,AIRBUS A-350-1000,0
landing,JFK,22L,1788898730.68,2026-09-08T20:18:50Z,40.634686,-73.763123,210.9,896598,A6-XWC,A35K,AIRBUS A-350-1000,0
landing,JFK,22L,1788898730.85,2026-09-08T20:18:50Z,40.634628,-73.763184,210.9,896598,A6-XWC,A35K,AIRBUS A-350-1000,0
landing,LGA,31,1788898767.66,2026-09-08T20:19:27Z,40.779087,-73.871933,292.5,ab282b,N818MD,E170,EMBRAER ERJ-170-100,0
landing,JFK,22L,1788898858.7,2026-09-08T20:20:58Z,40.636589,-73.76163,210.9,a358bd,N3145J,BCS3,AIRBUS A220-300,0
landing,LGA,31,1788898862.24,2026-09-08T20:21:02Z,40.777256,-73.867966,303.8,a32814,N302PQ,CRJ9,BOMBARDIER Regional Jet CRJ-900,0
takeoff,LGA,22,1788898893.52,2026-09-08T20:21:33Z,40.774246,-73.878433,210.9,a47d11,N389DN,A321,AIRBUS A-321,0
takeoff,LGA,22,1788898906.08,2026-09-08T20:21:46Z,40.769176,-73.883575,250.3,a1239c,N17244,B738,BOEING 737-800,0
takeoff,LGA,22,1788898913.34,2026-09-08T20:21:53Z,40.773732,-73.878874,210.9,a305c5,N294QS,,,0
landing,JFK,22L,1788898931.96,2026-09-08T20:22:11Z,40.635155,-73.762772,210.9,4b1880,HB-JHG,A333,AIRBUS A-330-300,0
takeoff,LGA,22,1788898970.13,2026-09-08T20:22:50Z,40.772198,-73.880127,210.9,aafd17,N807NN,B738,BOEING 737-800,0
takeoff,JFK,22R,1788898978.74,2026-09-08T20:22:58Z,40.645911,-73.766951,210.9,3c6519,D-AIHY,A346,AIRBUS A-340-600,0
landing,LGA,31,1788899006.24,2026-09-08T20:23:26Z,40.777945,-73.869417,300.9,a79771,N589BA,,,0
takeoff,LGA,22,1788899011.13,2026-09-08T20:23:31Z,40.771168,-73.880981,213.8,ac647b,N898QS,,,0
landing,JFK,22L,1788899042.64,2026-09-08T20:24:02Z,40.636665,-73.761581,210.9,ade9c0,N996JL,A321,AIRBUS A-321,0
landing,LGA,31,1788899068.85,2026-09-08T20:24:28Z,40.778446,-73.870468,303.8,a42a5c,N368DN,A321,AIRBUS A-321,0
takeoff,LGA,22,1788899092.19,2026-09-08T20:24:52Z,40.776071,-73.88095,205.3,a5453c,N439H,A139,AGUSTA AW-139,8
landing,JFK,22L,1788899126.6,2026-09-08T20:25:26Z,40.633976,-73.763687,209.6,7c8066,VH-ZNC,B789,BOEING 787-9 Dreamliner,0
landing,LGA,22,1788899211.28,2026-09-08T20:26:51Z,40.778767,-73.87326,182.8,abd7d1,N862RW,E170,EMBRAER ERJ-170-100,0
landing,JFK,22L,1788899213.85,2026-09-08T20:26:53Z,40.636837,-73.761444,210.9,ab20e7,N816NW,A333,AIRBUS A-330-300,0
takeoff,JFK,31L,1788899275.26,2026-09-08T20:27:55Z,40.63553,-73.788378,300.9,a1cf48,N2156J,A21N,AIRBUS A-321neo,0
landing,JFK,22L,1788899310.68,2026-09-08T20:28:30Z,40.635285,-73.76266,210.9,a1286c,N174DZ,B763,BOEING 767-300,0
landing,JFK,22R,1788899354.69,2026-09-08T20:29:14Z,40.632832,-73.777176,210.9,aa9093,N780AN,B772,BOEING 777-200,0
landing,JFK,22L,1788899400.76,2026-09-08T20:30:00Z,40.634995,-73.762894,210.9,a613e7,N491AZ,B763,BOEING 767-300,0
landing,LGA,31,1788899477.29,2026-09-08T20:31:17Z,40.778829,-73.871259,303.8,ab1d06,N815MD,E170,EMBRAER ERJ-170-100,0
landing,JFK,22L,1788899486.04,2026-09-08T20:31:26Z,40.634171,-73.763519,213.8,a3915a,N329SL,B38M,BOEING 737 MAX 8,0
landing,JFK,22L,1788899569.82,2026-09-08T20:32:49Z,40.636449,-73.761739,210.9,a09590,N137DU,BCS1,AIRBUS A220-100,0
landing,LGA,22,1788899579.13,2026-09-08T20:32:59Z,40.779516,-73.874068,222.2,a51425,N426YX,E75L,EMBRAER ERJ-170-200 (long wing),0
landing,LGA,31,1788899631.34,2026-09-08T20:33:51Z,40.778149,-73.869843,303.8,a4795a,N388DN,A321,AIRBUS A-321,0
landing,JFK,22L,1788899635.41,2026-09-08T20:33:55Z,40.634365,-73.763382,210.9,a189f2,N199DN,B763,BOEING 767-300,0
takeoff,LGA,13,1788899640.18,2026-09-08T20:34:00Z,40.776897,-73.869589,123.8,a51425,N426YX,E75L,EMBRAER ERJ-170-200 (long wing),0
landing,JFK,22L,1788899735.9,2026-09-08T20:35:35Z,40.63147,-73.76564,210.9,0d113a,XA-AMH,B38M,BOEING 737 MAX 8,0
landing,LGA,31,1788899747.62,2026-09-08T20:35:47Z,40.77816,-73.870956,278.4,c006ec,C-FCQD,A320,AIRBUS A-320,0
takeoff,LGA,22,1788899748.3,2026-09-08T20:35:48Z,40.772129,-73.880188,210.9,c013c3,C-FHMO,B06,BELL 206 JetRanger,0
takeoff,LGA,22,1788899780.12,2026-09-08T20:36:20Z,40.770357,-73.881683,216.6,ab84c9,N841NN,B738,BOEING 737-800,0
takeoff,LGA,22,1788899793.48,2026-09-08T20:36:33Z,40.772207,-73.880123,208.1,a095aa,N137EV,CRJ9,BOMBARDIER Regional Jet CRJ-900,0
landing,JFK,22L,1788899820.8,2026-09-08T20:37:00Z,40.639708,-73.759195,210.9,c08543,C-GYMC,C56X,CESSNA 560XL Citation XLS,8
takeoff,JFK,31L,1788899844.1,2026-09-08T20:37:24Z,40.635704,-73.788768,299.6,aa104e,N748AM,B789,,0
landing,JFK,31L,1788899844.47,2026-09-08T20:37:24Z,40.63583,-73.789032,299.6,aa104e,N748AM,B789,,0
takeoff,JFK,31L,1788899844.83,2026-09-08T20:37:24Z,40.635967,-73.789337,299.6,aa104e,N748AM,B789,,0
landing,LGA,31,1788899847.79,2026-09-08T20:37:27Z,40.778687,-73.870972,300.9,ab40ce,N824MD,E170,EMBRAER ERJ-170-100,0
landing,LGA,31,1788899901.53,2026-09-08T20:38:21Z,40.777496,-73.868469,303.8,a874e1,N644JB,A320,AIRBUS A-320,0
landing,JFK,22L,1788899902.55,2026-09-08T20:38:22Z,40.641209,-73.758026,210.9,ad48a9,N955QS,C68A,CESSNA 680 Citation Latitude,0
landing,JFK,22L,1788899904.52,2026-09-08T20:38:24Z,40.640499,-73.758575,210.9,ad48a9,N955QS,C68A,CESSNA 680 Citation Latitude,0
landing,JFK,22L,1788899965.52,2026-09-08T20:39:25Z,40.634777,-73.763062,210.9,a32bba,N303NY,A21N,AIRBUS A-321neo,0
takeoff,LGA,22,1788899972.64,2026-09-08T20:39:32Z,40.770403,-73.881637,219.4,a3f91e,N355TW,B38M,,0
takeoff,JFK,31L,1788900002.15,2026-09-08T20:40:02Z,40.63567,-73.78869,300.9,a13391,N177DZ,B763,BOEING 767-300,0
landing,LGA,31,1788900021.56,2026-09-08T20:40:21Z,40.777863,-73.869261,300.9,a8a490,N656RW,E170,EMBRAER ERJ-170-100,0
landing,JFK,22L,1788900042.86,2026-09-08T20:40:42Z,40.635541,-73.762472,210.9,478854,LN-RKS,A333,AIRBUS A-330-300,0
landing,LGA,31,1788900144.14,2026-09-08T20:42:24Z,40.778189,-73.871368,270.0,a33e5e,N308PQ,CRJ9,BOMBARDIER Regional Jet CRJ-900,0
takeoff,JFK,31L,1788900157.71,2026-09-08T20:42:37Z,40.636024,-73.78949,298.1,ace1af,N929XJ,CRJ9,BOMBARDIER Regional Jet CRJ-900,0
landing,JFK,22L,1788900166.56,2026-09-08T20:42:46Z,40.635856,-73.762176,213.8,a8222c,N623JB,A320,AIRBUS A-320,0
takeoff,LGA,22,1788900176.53,2026-09-08T20:42:56Z,40.772106,-73.880203,213.8,ad385f,N951AA,B738,BOEING 737-800,0
landing,LGA,31,1788900206.85,2026-09-08T20:43:26Z,40.777313,-73.868134,300.9,c08861,C-GZQU,E295,EMBRAER ERJ-190-400,0
takeoff,JFK,22R,1788900211.14,2026-09-08T20:43:31Z,40.646423,-73.76653,210.9,a39ab4,N331NB,A319,AIRBUS A-319,0
takeoff,LGA,22,1788900213.39,2026-09-08T20:43:33Z,40.770624,-73.881434,213.8,aa56b6,N76517,B738,BOEING 737-800,0
landing,JFK,22L,1788900253.39,2026-09-08T20:44:13Z,40.636414,-73.761786,210.9,a38237,N325PQ,CRJ9,BOMBARDIER Regional Jet CRJ-900,0
takeoff,LGA,31,1788900280.08,2026-09-08T20:44:40Z,40.77727,-73.871711,303.8,a0835d,N132HQ,E75L,EMBRAER ERJ-170-200 (long wing),0
takeoff,JFK,31L,1788900294.41,2026-09-08T20:44:54Z,40.635818,-73.789017,300.9,accd69,N924DZ,B739,BOEING 737-900,0
landing,LGA,31,1788900300.16,2026-09-08T20:45:00Z,40.777348,-73.871872,303.8,a0835d,N132HQ,E75L,EMBRAER ERJ-170-200 (long wing),0
takeoff,LGA,22,1788900312.55,2026-09-08T20:45:12Z,40.77055,-73.881485,213.8,ac74e4,N901WN,B737,BOEING 737-700,0
landing,JFK,22L,1788900344.0,2026-09-08T20:45:44Z,40.636517,-73.761703,210.9,a3534a,N313PQ,CRJ9,BOMBARDIER Regional Jet CRJ-900,0
landing,LGA,22,1788900347.51,2026-09-08T20:45:47Z,40.778046,-73.87146,230.6,a32e8c,N304DU,BCS3,AIRBUS A220-300,0
takeoff,LGA,22,1788900353.92,2026-09-08T20:45:53Z,40.771568,-73.880661,210.9,a44943,N3754A,B738,BOEING 737-800,0
landing,JFK,22L,1788900410.49,2026-09-08T20:46:50Z,40.635109,-73.762787,210.9,ad4f72,N957JB,A321,AIRBUS A-321,0
landing,LGA,31,1788900423.1,2026-09-08T20:47:03Z,40.777222,-73.867905,303.8,ac08b1,N8748Q,B38M,BOEING 737 MAX 8,0
takeoff,LGA,22,1788900423.69,2026-09-08T20:47:03Z,40.772172,-73.880154,210.9,a07f60,N131EV,CRJ9,BOMBARDIER Regional Jet CRJ-900,0
landing,JFK,22L,1788900498.47,2026-09-08T20:48:18Z,40.634663,-73.763153,210.9,ab599b,N830NW,A333,AIRBUS A-330-300,0
takeoff,LGA,22,1788900505.28,2026-09-08T20:48:25Z,40.772277,-73.880076,213.8,a153de,N185GJ,CRJ9,BOMBARDIER Regional Jet CRJ-900,0
landing,LGA,31,1788900537.94,2026-09-08T20:48:57Z,40.77919,-73.872269,275.6,abd41a,N861RW,E170,EMBRAER ERJ-170-100,0
landing,JFK,22L,1788900577.93,2026-09-08T20:49:37Z,40.633495,-73.764084,209.6,ab3c0d,N823AN,B789,BOEING 787-9 Dreamliner,0
takeoff,JFK,31L,1788900580.96,2026-09-08T20:49:40Z,40.635379,-73.788065,300.9,ad727a,N966AK,B39M,BOEING 737 MAX 9,0
takeoff,JFK,22R,1788900602.37,2026-09-08T20:50:02Z,40.646365,-73.766592,210.9,ad8ed4,N973AK,B39M,BOEING 737 MAX 9,0
landing,LGA,31,1788900625.21,2026-09-08T20:50:25Z,40.777305,-73.868106,300.9,a1c57e,N213JQ,E75L,EMBRAER ERJ-170-200 (long wing),0
landing,JFK,22L,1788900666.16,2026-09-08T20:51:06Z,40.634617,-73.763199,212.4,740821,JY-BAA,B788,BOEING 787-8 Dreamliner,0
takeoff,JFK,22R,1788900670.91,2026-09-08T20:51:10Z,40.647226,-73.76589,210.9,a66ce0,N513DA,A21N,AIRBUS A-321neo,0
landing,LGA,31,1788900688.74,2026-09-08T20:51:28Z,40.777375,-73.868231,303.8,a46304,N382DA,B738,BOEING 737-800,0
takeoff,JFK,22R,1788900730.25,2026-09-08T20:52:10Z,40.646691,-73.766311,210.9,a13748,N178DZ,B763,BOEING 767-300,0
takeoff,JFK,22R,1788900782.24,2026-09-08T20:53:02Z,40.646598,-73.766374,210.9,4cad47,EI-IFD,A359,AIRBUS A-350-900,0
landing,JFK,22L,1788900791.97,2026-09-08T20:53:11Z,40.636436,-73.761765,210.9,c0153b,C-FIBA,B38M,BOEING 737 MAX 8,0
takeoff,JFK,22L,1788900791.97,2026-09-08T20:53:11Z,40.636436,-73.761765,210.9,c0153b,C-FIBA,B38M,BOEING 737 MAX 8,0
landing,JFK,22L,1788900792.13,2026-09-08T20:53:12Z,40.636345,-73.761832,210.9,c0153b,C-FIBA,B38M,BOEING 737 MAX 8,0
landing,LGA,31,1788900812.65,2026-09-08T20:53:32Z,40.778527,-73.870635,303.8,a0de99,N155UW,A321,AIRBUS A-321,0
takeoff,JFK,13R,1788900832.85,2026-09-08T20:53:52Z,40.644701,-73.804748,120.9,a4d849,N411EP,SR22,,0
takeoff,LGA,22,1788900845.27,2026-09-08T20:54:05Z,40.770427,-73.881605,213.8,acd120,N925DZ,B739,BOEING 737-900,0
landing,JFK,22L,1788900869.87,2026-09-08T20:54:29Z,40.634913,-73.762925,210.9,ac89f7,N907JB,A321,AIRBUS A-321,0
landing,LGA,31,1788900894.61,2026-09-08T20:54:54Z,40.77721,-73.867874,300.9,a2b060,N27205,B738,BOEING 737-800,0
landing,JFK,22L,1788900954.44,2026-09-08T20:55:54Z,40.635864,-73.762207,210.9,a53d80,N437DX,A339,AIRBUS A-330-900,0
landing,LGA,31,1788900999.92,2026-09-08T20:56:39Z,40.777313,-73.868088,303.8,a3b124,N337PQ,CRJ9,BOMBARDIER Regional Jet CRJ-900,0
takeoff,JFK,22R,1788901007.69,2026-09-08T20:56:47Z,40.646656,-73.766343,210.9,a7bfa0,N599JB,A320,AIRBUS A-320,0
takeoff,JFK,31L,1788901060.4,2026-09-08T20:57:40Z,40.635635,-73.788627,298.1,ad1cde,N944JT,A321,AIRBUS A-321,0
takeoff,JFK,22R,1788901076.37,2026-09-08T20:57:56Z,40.646749,-73.766264,210.9,aa7082,N772AN,B772,BOEING 777-200,0
landing,JFK,22L,1788901080.3,2026-09-08T20:58:00Z,40.635565,-73.762441,210.9,a38836,N3269J,BCS3,AIRBUS A220-300,0
takeoff,LGA,13,1788901080.64,2026-09-08T20:58:00Z,40.775482,-73.866608,120.9,a3b124,N337PQ,CRJ9,BOMBARDIER Regional Jet CRJ-900,0
takeoff,LGA,31,1788901085.87,2026-09-08T20:58:05Z,40.774612,-73.866531,275.6,a2b060,N27205,B738,BOEING 737-800,0
takeoff,LGA,22,1788901092.62,2026-09-08T20:58:12Z,40.772335,-73.880014,213.8,acf2e4,N933XJ,CRJ9,BOMBARDIER Regional Jet CRJ-900,0
landing,LGA,13,1788901152.99,2026-09-08T20:59:12Z,40.777771,-73.871353,140.6,abc2e5,N857RW,E170,EMBRAER ERJ-170-100,0
landing,JFK,22L,1788901175.63,2026-09-08T20:59:35Z,40.638963,-73.759804,208.1,ab11cf,N812LL,H25B,HAWKER BEECHCRAFT Hawker 750/850,8
landing,LGA,31,1788901224.92,2026-09-08T21:00:24Z,40.777084,-73.867576,300.9,ab5f6a,N8317M,B738,BOEING 737-800,0
takeoff,JFK,31L,1788901234.19,2026-09-08T21:00:34Z,40.63607,-73.789551,300.9,a4bbde,N404DX,A339,AIRBUS A-330-900,0
landing,JFK,22L,1788901248.51,2026-09-08T21:00:48Z,40.638404,-73.76021,210.9,a5bf2f,N47EK,C56X,CESSNA 560XL Citation XLS,0
takeoff,LGA,22,1788901261.52,2026-09-08T21:01:01Z,40.772265,-73.880076,213.8,a01097,N103HQ,E75L,EMBRAER ERJ-170-200 (long wing),0
takeoff,JFK,22R,1788901304.13,2026-09-08T21:01:44Z,40.645911,-73.766936,210.9,4ca5c7,EI-DUZ,A333,AIRBUS A-330-300,0
takeoff,LGA,22,1788901311.37,2026-09-08T21:01:51Z,40.770834,-73.881262,210.9,ad3e16,N952WN,B737,BOEING 737-700,0
takeoff,LGA,13,1788901321.66,2026-09-08T21:02:01Z,40.776886,-73.869542,123.8,ab5f6a,N8317M,B738,BOEING 737-800,0
landing,JFK,22L,1788901352.96,2026-09-08T21:02:32Z,40.634491,-73.76329,210.9,a39925,N3307J,BCS3,AIRBUS A220-300,0
takeoff,LGA,04,1788901355.51,2026-09-08T21:02:35Z,40.773811,-73.88031,30.9,a066a3,N125DU,BCS1,AIRBUS A220-100,0
takeoff,JFK,22R,1788901397.03,2026-09-08T21:03:17Z,40.646342,-73.766592,210.9,34810b,EC-OIL,A21N,AIRBUS A-321neo,0
landing,LGA,31,1788901406.02,2026-09-08T21:03:26Z,40.777828,-73.869168,300.9,acfe09,N936XJ,CRJ9,BOMBARDIER Regional Jet CRJ-900,0
takeoff,LGA,22,1788901418.09,2026-09-08T21:03:38Z,40.772232,-73.880112,210.9,acf69b,N934XJ,CRJ9,BOMBARDIER Regional Jet CRJ-900,0
takeoff,LGA,04,1788901439.99,2026-09-08T21:03:59Z,40.774212,-73.879974,30.9,c07e32,C-GVUN,BCS3,AIRBUS A220-300,0
takeoff,JFK,31L,1788901443.42,2026-09-08T21:04:03Z,40.635344,-73.787941,300.9,a014c9,N104NN,A321,AIRBUS A-321,0
landing,JFK,22L,1788901444.22,2026-09-08T21:04:04Z,40.636082,-73.762024,210.9,acaf0b,N916XJ,CRJ9,BOMBARDIER Regional Jet CRJ-900,0
takeoff,LGA,22,1788901455.5,2026-09-08T21:04:15Z,40.772219,-73.880107,208.1,a7c849,N600LR,CRJ9,BOMBARDIER Regional Jet CRJ-900,0
takeoff,LGA,13,1788901516.12,2026-09-08T21:05:16Z,40.776641,-73.869027,120.9,acfe09,N936XJ,CRJ9,BOMBARDIER Regional Jet CRJ-900,0
landing,JFK,22L,1788901532.72,2026-09-08T21:05:32Z,40.634571,-73.763229,210.9,a39289,N3293J,BCS3,AIRBUS A220-300,0
landing,LGA,31,1788901532.86,2026-09-08T21:05:32Z,40.777747,-73.86898,300.9,a0540a,N120DN,A321,AIRBUS A-321,0
takeoff,JFK,22R,1788901556.31,2026-09-08T21:05:56Z,40.646353,-73.766577,210.9,a124b5,N173DZ,B763,BOEING 767-300,0
takeoff,LGA,22,1788901573.06,2026-09-08T21:06:13Z,40.773639,-73.878952,210.9,a70284,N5505T,CL60,BOMBARDIER CL-600 Challenger,8
takeoff,JFK,22R,1788901625.4,2026-09-08T21:07:05Z,40.646051,-73.766826,210.9,a16883,N190DN,B763,BOEING 767-300,0
takeoff,LGA,13,1788901641.61,2026-09-08T21:07:21Z,40.775361,-73.866374,120.9,a0540a,N120DN,A321,AIRBUS A-321,0
landing,JFK,22L,1788901652.6,2026-09-08T21:07:32Z,40.636519,-73.761692,210.9,a35109,N3123J,BCS3,AIRBUS A220-300,0
takeoff,JFK,31L,1788901671.73,2026-09-08T21:07:51Z,40.636228,-73.789938,300.9,a37517,N3215J,BCS3,AIRBUS A220-300,0
takeoff,LGA,22,1788901708.34,2026-09-08T21:08:28Z,40.777281,-73.87594,225.0,ad4390,N954AN,B738,BOEING 737-800,0
takeoff,JFK,22R,1788901712.67,2026-09-08T21:08:32Z,40.646164,-73.766724,210.9,aafca8,N807JB,A320,AIRBUS A-320,0
landing,LGA,22,1788901715.36,2026-09-08T21:08:35Z,40.77727,-73.87594,219.4,ad4390,N954AN,B738,BOEING 737-800,0
takeoff,LGA,22,1788901751.59,2026-09-08T21:09:11Z,40.772266,-73.880081,210.9,a0835d,N132HQ,E75L,EMBRAER ERJ-170-200 (long wing),0
landing,JFK,22L,1788901755.4,2026-09-08T21:09:15Z,40.636528,-73.761688,210.9,ab6519,N833SK,CRJ9,BOMBARDIER Regional Jet CRJ-900,0
landing,LGA,31,1788901775.84,2026-09-08T21:09:35Z,40.779155,-73.872538,261.6,a8847f,N648RW,E170,EMBRAER ERJ-170-100,0
takeoff,LGA,22,1788901784.44,2026-09-08T21:09:44Z,40.770392,-73.881652,216.6,a3d03f,N345DU,,,0
takeoff,LGA,04,1788901787.52,2026-09-08T21:09:47Z,40.772095,-73.881729,30.9,a869bc,N641JB,A320,AIRBUS A-320,0
takeoff,JFK,31L,1788901814.88,2026-09-08T21:10:14Z,40.635658,-73.788651,300.9,a01880,N105NN,A321,AIRBUS A-321,0
takeoff,JFK,22R,1788901847.59,2026-09-08T21:10:47Z,40.645935,-73.766907,210.9,3c7a4d,D-ANRM,A339,AIRBUS A-330-900,0
takeoff,LGA,22,1788901903.89,2026-09-08T21:11:43Z,40.772243,-73.880112,210.9,a24720,N246JQ,E75L,EMBRAER ERJ-170-200 (long wing),0
landing,JFK,22L,1788901933.55,2026-09-08T21:12:13Z,40.634823,-73.763016,210.9,406832,G-VWAG,A333,AIRBUS A-330-300,0
takeoff,LGA,22,1788901961.23,2026-09-08T21:12:41Z,40.772175,-73.880157,210.9,a445f8,N3747D,B738,BOEING 737-800,0
takeoff,LGA,04,1788902014.87,2026-09-08T21:13:34Z,40.769497,-73.883865,30.9,a9607d,N703JB,A320,AIRBUS A-320,0
takeoff,JFK,22R,1788902020.96,2026-09-08T21:13:40Z,40.64502,-73.767624,210.9,4b187f,HB-JHF,A333,AIRBUS A-330-300,0
landing,JFK,22R,1788902021.95,2026-09-08T21:13:41Z,40.644608,-73.76795,210.9,4b187f,HB-JHF,A333,AIRBUS A-330-300,0
takeoff,JFK,22R,1788902021.95,2026-09-08T21:13:41Z,40.644608,-73.76795,210.9,4b187f,HB-JHF,A333,AIRBUS A-330-300,0
landing,JFK,22L,1788902053.21,2026-09-08T21:14:13Z,40.639824,-73.759086,210.9,a26b80,N255QS,CL60,BOMBARDIER CL-600 Challenger,0
landing,LGA,31,1788902062.32,2026-09-08T21:14:22Z,40.777908,-73.869553,292.5,a1239d,N17245,B738,BOEING 737-800,0
takeoff,JFK,22R,1788902099.8,2026-09-08T21:14:59Z,40.649151,-73.764404,210.9,a5307f,N433YX,E75L,EMBRAER ERJ-170-200 (long wing),0
landing,JFK,22L,1788902132.02,2026-09-08T21:15:32Z,40.636551,-73.761673,210.9,ace391,N93CQ,B350,BEECHCRAFT Super King Air 350,8
takeoff,JFK,22R,1788902170.36,2026-09-08T21:16:10Z,40.64633,-73.766577,210.9,a6893e,N520DE,A21N,AIRBUS A-321neo,0
landing,JFK,22L,1788902183.9,2026-09-08T21:16:23Z,40.637951,-73.760568,210.9,a1b2ee,N2086J,A21N,AIRBUS A-321neo,0
takeoff,JFK,22R,1788902231.14,2026-09-08T21:17:11Z,40.646336,-73.766602,209.6,485f83,PH-BKP,B78X,BOEING 787-10 Dreamliner,0
landing,JFK,22L,1788902269.78,2026-09-08T21:17:49Z,40.635611,-73.762394,210.9,a34e01,N3118J,BCS3,AIRBUS A220-300,0
landing,LGA,31,1788902286.71,2026-09-08T21:18:06Z,40.778389,-73.870392,303.8,a123e0,N17262,B38M,BOEING 737 MAX 8,0
takeoff,LGA,22,1788902318.61,2026-09-08T21:18:38Z,40.769484,-73.882776,225.0,a24508,N24505,A21N,AIRBUS A-321neo,0
takeoff,LGA,22,1788902342.1,2026-09-08T21:19:02Z,40.772209,-73.880127,213.8,a19a48,N202JQ,E75L,EMBRAER ERJ-170-200 (long wing),0
landing,JFK,22L,1788902353.83,2026-09-08T21:19:13Z,40.633738,-73.763861,210.9,a6aaba,N529DT,A21N,AIRBUS A-321neo,0
takeoff,JFK,22R,1788902374.91,2026-09-08T21:19:34Z,40.646267,-73.766663,210.9,a1a435,N2047J,A21N,AIRBUS A-321neo,0
landing,LGA,31,1788902411.6,2026-09-08T21:20:11Z,40.778526,-73.870636,300.9,abfb46,N871NN,B738,BOEING 737-800,0
takeoff,LGA,22,1788902431.82,2026-09-08T21:20:31Z,40.772198,-73.880127,210.9,a4b64b,N402YX,E75L,EMBRAER ERJ-170-200 (long wing),0
landing,JFK,22L,1788902436.8,2026-09-08T21:20:36Z,40.63345,-73.764099,210.9,acc040,N920XJ,CRJ9,BOMBARDIER Regional Jet CRJ-900,0
takeoff,JFK,22R,1788902439.71,2026-09-08T21:20:39Z,40.645387,-73.767326,210.9,3c7a51,D-ANRQ,A339,AIRBUS A-330-900,0
takeoff,LGA,22,1788902487.39,2026-09-08T21:21:27Z,40.770115,-73.881973,225.0,abf2ea,N8692F,B738,BOEING 737-800,0
landing,JFK,22L,1788902508.5,2026-09-08T21:21:48Z,40.633507,-73.764053,210.9,a976c7,N709JB,A320,AIRBUS A-320,0
landing,LGA,31,1788902514.06,2026-09-08T21:21:54Z,40.777153,-73.867763,303.8,a441d6,N3734B,B738,BOEING 737-800,0
takeoff,JFK,22R,1788902559.81,2026-09-08T21:22:39Z,40.646645,-73.766373,210.9,ac8289,N905JB,A321,AIRBUS A-321,0
landing,JFK,22L,1788902584.17,2026-09-08T21:23:04Z,40.635507,-73.762488,210.9,a08a85,N134EV,CRJ9,BOMBARDIER Regional Jet CRJ-900,0
takeoff,JFK,22R,1788902618.82,2026-09-08T21:23:38Z,40.645411,-73.767326,210.9,a37842,N3221J,BCS3,,0
takeoff,LGA,22,1788902645.13,2026-09-08T21:24:05Z,40.772289,-73.88006,213.8,a4fddb,N420YX,E75L,EMBRAER ERJ-170-200 (long wing),0
landing,JFK,22L,1788902659.51,2026-09-08T21:24:19Z,40.634319,-73.763393,210.9,acb2c2,N917XJ,CRJ9,BOMBARDIER Regional Jet CRJ-900,0
takeoff,JFK,22R,1788902673.46,2026-09-08T21:24:33Z,40.645678,-73.767107,210.9,a97639,N709CK,B744,BOEING 747-400,0
landing,LGA,04,1788902678.25,2026-09-08T21:24:38Z,40.776157,-73.880981,348.8,a40aa8,N36HF,S76,SIKORSKY S-76 Spirit,0
takeoff,LGA,22,1788902679.86,2026-09-08T21:24:39Z,40.769199,-73.883423,241.9,ac83d5,N905XJ,CRJ9,BOMBARDIER Regional Jet CRJ-900,0
takeoff,LGA,22,1788902681.9,2026-09-08T21:24:41Z,40.772255,-73.880096,213.8,a23bfb,N243JQ,E75L,EMBRAER ERJ-170-200 (long wing),0
takeoff,JFK,31L,1788902719.87,2026-09-08T21:25:19Z,40.635201,-73.787659,300.9,ad27f3,N947JB,A321,AIRBUS A-321,0
takeoff,LGA,22,1788902729.52,2026-09-08T21:25:29Z,40.771957,-73.88031,213.8,a36fa4,N320PQ,CRJ9,BOMBARDIER Regional Jet CRJ-900,0
landing,JFK,22L,1788902730.56,2026-09-08T21:25:30Z,40.633656,-73.763947,210.9,a023a5,N108NN,A321,AIRBUS A-321,0
landing,LGA,31,1788902734.31,2026-09-08T21:25:34Z,40.77727,-73.867997,300.9,a2e28f,N285WN,B737,BOEING 737-700,0
takeoff,JFK,22R,1788902791.1,2026-09-08T21:26:31Z,40.646365,-73.766577,213.8,a61173,N490PX,CRJ9,BOMBARDIER Regional Jet CRJ-900,0
landing,JFK,22L,1788902811.22,2026-09-08T21:26:51Z,40.63596,-73.762129,210.9,a3f88e,N355NB,A319,AIRBUS A-319,0
takeoff,LGA,13,1788902843.97,2026-09-08T21:27:23Z,40.776913,-73.869614,120.9,a2e28f,N285WN,B737,BOEING 737-700,0
takeoff,JFK,22R,1788902867.56,2026-09-08T21:27:47Z,40.646609,-73.766389,210.9,ad9712,N975JT,A321,AIRBUS A-321,0
landing,LGA,31,1788902871.42,2026-09-08T21:27:51Z,40.779076,-73.871872,300.9,a21bea,N235JQ,E75L,EMBRAER ERJ-170-200 (long wing),0
takeoff,LGA,22,1788902874.74,2026-09-08T21:27:54Z,40.772186,-73.880142,210.9,a8f9a3,N678CA,CRJ9,BOMBARDIER Regional Jet CRJ-900,0
takeoff,JFK,31L,1788902894.69,2026-09-08T21:28:14Z,40.63591,-73.78923,300.9,aaef60,N8030F,A319,AIRBUS A-319,0
landing,JFK,22L,1788902936.92,2026-09-08T21:28:56Z,40.637159,-73.761208,210.9,a988f0,N713TW,B752,BOEING 757-200,0
takeoff,LGA,22,1788902964.11,2026-09-08T21:29:24Z,40.76952,-73.882736,225.0,ad4390,N954AN,B738,BOEING 737-800,0
takeoff,LGA,13,1788902964.11,2026-09-08T21:29:24Z,40.77663,-73.869012,123.8,a21bea,N235JQ,E75L,EMBRAER ERJ-170-200 (long wing),0
takeoff,LGA,22,1788902971.94,2026-09-08T21:29:31Z,40.772209,-73.880127,213.8,a39723,N330PQ,CRJ9,BOMBARDIER Regional Jet CRJ-900,0
takeoff,JFK,22R,1788902995.71,2026-09-08T21:29:55Z,40.646388,-73.766577,210.9,ab120b,N812NW,A333,AIRBUS A-330-300,0
takeoff,LGA,22,1788903029.57,2026-09-08T21:30:29Z,40.772141,-73.880188,213.8,c03cf4,C-FXCD,A320,AIRBUS A-320,0
landing,JFK,22L,1788903063.24,2026-09-08T21:31:03Z,40.63702,-73.761307,210.9,aa600a,N768JB,A320,AIRBUS A-320,0
landing,LGA,31,1788903063.85,2026-09-08T21:31:03Z,40.777908,-73.869339,300.9,a449e5,N3758Y,B738,BOEING 737-800,0
takeoff,JFK,22R,1788903066.03,2026-09-08T21:31:06Z,40.646038,-73.766815,209.6,4ca9e7,EI-NUA,B789,BOEING 787-9 Dreamliner,0
takeoff,JFK,31L,1788903129.4,2026-09-08T21:32:09Z,40.634251,-73.785568,300.9,ab84ab,N841MH,B764,BOEING 767-400,0
takeoff,LGA,22,1788903173.04,2026-09-08T21:32:53Z,40.776684,-73.881439,180.0,a40aa8,N36HF,S76,SIKORSKY S-76 Spirit,0
takeoff,LGA,13,1788903177.65,2026-09-08T21:32:57Z,40.775391,-73.866425,120.9,a449e5,N3758Y,B738,BOEING 737-800,0
landing,LGA,31,1788903187.11,2026-09-08T21:33:07Z,40.779533,-73.872864,306.6,a50192,N421YX,E75L,EMBRAER ERJ-170-200 (long wing),0
takeoff,JFK,22R,1788903220.09,2026-09-08T21:33:40Z,40.645783,-73.767014,213.8,0c6060,9Y-BAR,B38M,BOEING 737 MAX 8,0
landing,JFK,22L,1788903230.08,2026-09-08T21:33:50Z,40.633907,-73.763733,210.9,ad9db0,N977AK,B39M,BOEING 737 MAX 9,0
landing,LGA,31,1788903266.8,2026-09-08T21:34:26Z,40.777737,-73.868988,298.1,a93d7c,N695CA,CRJ9,BOMBARDIER Regional Jet CRJ-900,0
takeoff,JFK,22R,1788903278.22,2026-09-08T21:34:38Z,40.645283,-73.767419,210.9,a0f44c,N1602,B763,BOEING 767-300,0
takeoff,JFK,31L,1788903334.53,2026-09-08T21:35:34Z,40.635355,-73.787987,300.9,a33afd,N307TA,B38M,BOEING 737 MAX 8,0
takeoff,LGA,22,1788903339.19,2026-09-08T21:35:39Z,40.772207,-73.880123,213.8,a866c7,N640RW,E170,EMBRAER ERJ-170-100,0
takeoff,LGA,13,1788903348.1,2026-09-08T21:35:48Z,40.777199,-73.870209,118.1,a93d7c,N695CA,CRJ9,BOMBARDIER Regional Jet CRJ-900,0
landing,LGA,31,1788903370.82,2026-09-08T21:36:10Z,40.778103,-73.870483,281.2,a1ff90,N228JQ,E75L,EMBRAER ERJ-170-200 (long wing),0
takeoff,LGA,22,1788903376.85,2026-09-08T21:36:16Z,40.773674,-73.878906,210.9,a1094c,N166PQ,CRJ9,BOMBARDIER Regional Jet CRJ-900,0
takeoff,LGA,22,1788903377.21,2026-09-08T21:36:17Z,40.772265,-73.880076,213.8,a2147c,N233JQ,E75L,EMBRAER ERJ-170-200 (long wing),0
landing,LGA,31,1788903444.19,2026-09-08T21:37:24Z,40.777508,-73.868515,300.9,a033f9,N112DN,A321,AIRBUS A-321,0
takeoff,LGA,22,1788903473.02,2026-09-08T21:37:53Z,40.772161,-73.88017,210.9,ace0d2,N929NN,B738,BOEING 737-800,0
takeoff,LGA,13,1788903473.39,2026-09-08T21:37:53Z,40.775482,-73.866608,120.9,a1ff90,N228JQ,E75L,EMBRAER ERJ-170-200 (long wing),0
landing,JFK,22L,1788903492.5,2026-09-08T21:38:12Z,40.63397,-73.76369,210.9,4ba949,TC-JJI,B77W,BOEING 777-300ER,0
takeoff,LGA,22,1788903510.65,2026-09-08T21:38:30Z,40.776077,-73.876923,210.9,a591d5,N458WN,B737,BOEING 737-700,0
landing,LGA,31,1788903571.54,2026-09-08T21:39:31Z,40.777805,-73.869141,300.9,a310cf,N297PQ,CRJ9,BOMBARDIER Regional Jet CRJ-900,0
takeoff,LGA,22,1788903595.23,2026-09-08T21:39:55Z,40.769485,-73.882797,225.0,a06a54,N126DN,A321,AIRBUS A-321,0
takeoff,LGA,13,1788903658.41,2026-09-08T21:40:58Z,40.776947,-73.86969,120.9,a310cf,N297PQ,CRJ9,BOMBARDIER Regional Jet CRJ-900,0
takeoff,JFK,22R,1788903676.85,2026-09-08T21:41:16Z,40.645387,-73.767341,202.5,a17c12,N195PQ,CRJ9,BOMBARDIER Regional Jet CRJ-900,0
landing,JFK,22L,1788903677.16,2026-09-08T21:41:17Z,40.635796,-73.762253,210.9,a38019,N3244J,BCS3,,0
landing,LGA,31,1788903682.62,2026-09-08T21:41:22Z,40.77689,-73.867233,303.8,ac3688,N8860S,B38M,BOEING 737 MAX 8,0
takeoff,LGA,22,1788903709.57,2026-09-08T21:41:49Z,40.772254,-73.880092,208.1,a336f0,N306PQ,CRJ9,BOMBARDIER Regional Jet CRJ-900,0
takeoff,JFK,22R,1788903736.13,2026-09-08T21:42:16Z,40.645702,-73.767107,210.9,a44d3f,N3766,B738,BOEING 737-800,0
landing,JFK,22L,1788903743.86,2026-09-08T21:42:23Z,40.634171,-73.763519,210.9,a6b470,N531DA,A21N,AIRBUS A-321neo,0
takeoff,JFK,31L,1788903787.22,2026-09-08T21:43:07Z,40.63539,-73.788097,300.9,a76c79,N578DN,A21N,AIRBUS A-321neo,0
takeoff,JFK,22R,1788903803.09,2026-09-08T21:43:23Z,40.644779,-73.767822,210.9,aaea8c,N802NW,A333,AIRBUS A-330-300,0
landing,JFK,22L,1788903815.05,2026-09-08T21:43:35Z,40.634743,-73.763092,210.9,a75b65,N573UW,A321,AIRBUS A-321,0
landing,LGA,31,1788903820.51,2026-09-08T21:43:40Z,40.779144,-73.87207,289.7,ac0a75,N875RW,E170,EMBRAER ERJ-170-100,0
landing,LGA,31,1788903849.29,2026-09-08T21:44:09Z,40.777328,-73.868138,300.9,a369ee,N319TE,B38M,BOEING 737 MAX 8,0
landing,JFK,22L,1788903902.4,2026-09-08T21:45:02Z,40.633598,-73.763962,210.9,a6a33f,N527DE,A21N,AIRBUS A-321neo,0
landing,LGA,31,1788903944.47,2026-09-08T21:45:44Z,40.77729,-73.868073,300.9,a384f8,N326DU,BCS3,AIRBUS A220-300,0
takeoff,LGA,13,1788903949.39,2026-09-08T21:45:49Z,40.775402,-73.866455,120.9,ac0a75,N875RW,E170,EMBRAER ERJ-170-100,0
takeoff,JFK,31L,1788903955.04,2026-09-08T21:45:55Z,40.635658,-73.788681,300.9,acad53,N916DU,B739,BOEING 737-900,0
takeoff,JFK,22R,1788903956.03,2026-09-08T21:45:56Z,40.644299,-73.768188,210.9,a358bd,N3145J,BCS3,AIRBUS A220-300,0
landing,JFK,22L,1788903963.41,2026-09-08T21:46:03Z,40.63385,-73.763779,210.9,ad2f71,N949JT,A321,AIRBUS A-321,0
takeoff,LGA,13,1788903966.08,2026-09-08T21:46:06Z,40.777002,-73.869792,120.9,a369ee,N319TE,B38M,BOEING 737 MAX 8,0
takeoff,LGA,22,1788903984.74,2026-09-08T21:46:24Z,40.772196,-73.880138,210.9,aa56b5,N76516,B738,BOEING 737-800,0
takeoff,LGA,13,1788904034.63,2026-09-08T21:47:14Z,40.776901,-73.869583,120.9,a384f8,N326DU,BCS3,AIRBUS A220-300,0
landing,LGA,31,1788904036.55,2026-09-08T21:47:16Z,40.777724,-73.868949,303.8,ac7c67,N903XJ,CRJ9,BOMBARDIER Regional Jet CRJ-900,0
landing,JFK,22L,1788904066.68,2026-09-08T21:47:46Z,40.633999,-73.763657,210.9,a091f3,N136EV,CRJ9,BOMBARDIER Regional Jet CRJ-900,0
landing,JFK,22L,1788904128.17,2026-09-08T21:48:48Z,40.633026,-73.76442,210.9,ab52a2,N829DN,B739,BOEING 737-900,0
landing,LGA,31,1788904140.79,2026-09-08T21:49:00Z,40.77706,-73.867576,300.9,c066dd,C-GMYU,BCS3,AIRBUS A220-300,0
takeoff,JFK,22R,1788904143.74,2026-09-08T21:49:03Z,40.645934,-73.766904,210.9,3965b0,F-GZNQ,B77W,BOEING 777-300ER,0
takeoff,LGA,13,1788904155.77,2026-09-08T21:49:15Z,40.775482,-73.866623,123.8,ac7c67,N903XJ,CRJ9,BOMBARDIER Regional Jet CRJ-900,0
takeoff,LGA,04,1788904175.53,2026-09-08T21:49:35Z,40.772095,-73.881714,30.9,a86d36,N642FR,A21N,,0
takeoff,LGA,22,1788904189.06,2026-09-08T21:49:49Z,40.769302,-73.883102,233.4,a04a4d,N118DY,A321,AIRBUS A-321,0
landing,LGA,04,1788904193.82,2026-09-08T21:49:53Z,40.776036,-73.880903,22.5,a2c4c7,N278FX,S76,SIKORSKY S-76 Spirit,0
takeoff,JFK,22R,1788904213.92,2026-09-08T21:50:13Z,40.644526,-73.767997,210.9,3c6715,D-AIXU,A359,AIRBUS A-350-900,0
landing,JFK,22L,1788904219.82,2026-09-08T21:50:19Z,40.634914,-73.762939,210.9,a4ce71,N409DX,A339,AIRBUS A-330-900,0
landing,LGA,31,1788904219.82,2026-09-08T21:50:19Z,40.77834,-73.870276,300.9,a43423,N370DN,A321,AIRBUS A-321,0
takeoff,LGA,13,1788904236.98,2026-09-08T21:50:36Z,40.776901,-73.869583,123.8,c066dd,C-GMYU,BCS3,AIRBUS A220-300,0
landing,JFK,22L,1788904316.62,2026-09-08T21:51:56Z,40.633365,-73.764158,210.9,ab5975,N830MH,B764,BOEING 767-400,0
takeoff,LGA,22,1788904324.86,2026-09-08T21:52:04Z,40.772196,-73.880138,213.8,ab282b,N818MD,E170,EMBRAER ERJ-170-100,0
takeoff,JFK,22R,1788904335.93,2026-09-08T21:52:15Z,40.649018,-73.764501,210.9,a1a924,N206JQ,E75L,EMBRAER ERJ-170-200 (long wing),0
landing,LGA,31,1788904344.35,2026-09-08T21:52:24Z,40.777954,-73.869644,286.9,a05bde,N122HQ,E75L,EMBRAER ERJ-170-200 (long wing),0
takeoff,LGA,13,1788904365.4,2026-09-08T21:52:45Z,40.775379,-73.866409,120.9,a43423,N370DN,A321,AIRBUS A-321,0
takeoff,LGA,04,1788904401.5,2026-09-08T21:53:21Z,40.769461,-73.883899,2.8,aceb76,N931XJ,CRJ9,BOMBARDIER Regional Jet CRJ-900,0
takeoff,JFK,31L,1788904403.56,2026-09-08T21:53:23Z,40.634537,-73.786209,300.9,ab8fd0,N844MH,B764,BOEING 767-400,0
landing,JFK,22L,1788904412.68,2026-09-08T21:53:32Z,40.633266,-73.764236,210.9,ad3581,N950JT,A321,AIRBUS A-321,0
landing,LGA,31,1788904425.6,2026-09-08T21:53:45Z,40.777805,-73.869125,303.8,aaffed,N808DN,B739,BOEING 737-900,0
takeoff,LGA,22,1788904437.55,2026-09-08T21:53:57Z,40.776083,-73.880934,208.1,a2c4c7,N278FX,S76,SIKORSKY S-76 Spirit,0
takeoff,JFK,22R,1788904438.24,2026-09-08T21:53:58Z,40.647285,-73.765854,210.9,a5bf2f,N47EK,C56X,CESSNA 560XL Citation XLS,0
landing,JFK,22L,1788904488.82,2026-09-08T21:54:48Z,40.636059,-73.762039,210.9,a768c2,N577DN,A21N,AIRBUS A-321neo,0
landing,LGA,31,1788904537.25,2026-09-08T21:55:37Z,40.77791,-73.869339,303.8,a389eb,N327SK,B38M,BOEING 737 MAX 8,0
landing,JFK,22L,1788904564.21,2026-09-08T21:56:04Z,40.635567,-73.762436,210.9,a7a8ed,N593DX,A21N,,0
takeoff,LGA,22,1788904576.06,2026-09-08T21:56:16Z,40.772209,-73.880127,210.9,ac8b43,N907XJ,CRJ9,BOMBARDIER Regional Jet CRJ-900,0
takeoff,LGA,13,1788904593.11,2026-09-08T21:56:33Z,40.775524,-73.866702,120.9,aaffed,N808DN,B739,BOEING 737-900,0
landing,JFK,22L,1788904632.72,2026-09-08T21:57:12Z,40.637833,-73.760666,210.9,a17ecd,N196DN,B763,BOEING 767-300,0
takeoff,LGA,22,1788904636.96,2026-09-08T21:57:16Z,40.772266,-73.880081,213.8,a32814,N302PQ,CRJ9,BOMBARDIER Regional Jet CRJ-900,0
takeoff,JFK,22R,1788904640.21,2026-09-08T21:57:20Z,40.646132,-73.766748,210.9,781f03,B-223G,B77L,BOEING 777-200LR,0
landing,LGA,31,1788904650.94,2026-09-08T21:57:30Z,40.779041,-73.871796,298.1,a54312,N438YX,E75L,EMBRAER ERJ-170-200 (long wing),0
takeoff,LGA,22,1788904673.54,2026-09-08T21:57:53Z,40.774464,-73.878265,210.9,a32e8c,N304DU,BCS3,AIRBUS A220-300,0
landing,JFK,22L,1788904693.75,2026-09-08T21:58:13Z,40.634148,-73.76358,210.9,a4e7c9,N415MC,B744,BOEING 747-400,0
takeoff,LGA,22,1788904700.25,2026-09-08T21:58:20Z,40.769181,-73.883509,247.5,ad2c19,N948NN,B738,BOEING 737-800,0
takeoff,LGA,22,1788904703.11,2026-09-08T21:58:23Z,40.772232,-73.880096,213.8,abd7d1,N862RW,E170,EMBRAER ERJ-170-100,0
takeoff,JFK,22R,1788904737.83,2026-09-08T21:58:57Z,40.645981,-73.766891,210.9,a14104,N180DN,B763,BOEING 767-300,0
takeoff,LGA,22,1788904746.84,2026-09-08T21:59:06Z,40.770101,-73.88198,225.0,c006ec,C-FCQD,A320,AIRBUS A-320,0
landing,LGA,31,1788904782.87,2026-09-08T21:59:42Z,40.778271,-73.870104,300.9,a39dca,N332FR,A20N,AIRBUS A-320neo,0
takeoff,LGA,22,1788904783.35,2026-09-08T21:59:43Z,40.772243,-73.880096,210.9,a4f7cb,N419YX,E75L,EMBRAER ERJ-170-200 (long wing),0
takeoff,JFK,22R,1788904814.18,2026-09-08T22:00:14Z,40.647168,-73.765952,210.9,4a91b2,SE-DMR,A21N,AIRBUS A-321neo,0
landing,JFK,22L,1788904849.27,2026-09-08T22:00:49Z,40.635285,-73.76266,210.9,a5657b,N447JW,GA5C,GULFSTREAM G500,8
landing,LGA,31,1788904870.91,2026-09-08T22:01:10Z,40.779074,-73.871836,298.1,a210c5,N232JQ,E75L,EMBRAER ERJ-170-200 (long wing),0
takeoff,JFK,22R,1788904872.81,2026-09-08T22:01:12Z,40.6464,-73.766561,210.9,738075,4X-ECE,B772,BOEING 777-200,0
takeoff,LGA,22,1788904884.52,2026-09-08T22:01:24Z,40.772347,-73.880014,210.9,ab1d06,N815MD,E170,EMBRAER ERJ-170-100,0
landing,JFK,22L,1788904903.96,2026-09-08T22:01:43Z,40.64185,-73.757523,210.9,a05cf0,N122UP,A306,AIRBUS A-300-600,0
landing,LGA,31,1788904957.94,2026-09-08T22:02:37Z,40.777619,-73.868731,303.8,a44533,N3741S,B738,BOEING 737-800,0
takeoff,LGA,13,1788904968.19,2026-09-08T22:02:48Z,40.775419,-73.866484,120.9,a210c5,N232JQ,E75L,EMBRAER ERJ-170-200 (long wing),0
landing,JFK,22R,1788904984.31,2026-09-08T22:03:04Z,40.630037,-73.779358,210.9,a387f0,N3267J,BCS3,,0
takeoff,LGA,22,1788905009.16,2026-09-08T22:03:29Z,40.77459,-73.878159,210.9,abd41a,N861RW,E170,EMBRAER ERJ-170-100,0
landing,JFK,22L,1788905013.22,2026-09-08T22:03:33Z,40.6329,-73.764526,210.9,a37f12,N324VL,B38M,BOEING 737 MAX 8,0
takeoff,JFK,31L,1788905019.82,2026-09-08T22:03:39Z,40.635798,-73.788971,300.9,ab4eeb,N828DN,B739,BOEING 737-900,0
landing,LGA,31,1788905032.38,2026-09-08T22:03:52Z,40.777945,-73.869433,303.8,aa7e56,N77525,B738,BOEING 737-800,0
takeoff,LGA,13,1788905048.48,2026-09-08T22:04:08Z,40.777016,-73.869843,120.9,a44533,N3741S,B738,BOEING 737-800,0
landing,JFK,22R,1788905092.78,2026-09-08T22:04:52Z,40.632329,-73.777563,210.9,ab5d2c,N831MH,B764,BOEING 767-400,0
landing,JFK,22L,1788905109.72,2026-09-08T22:05:09Z,40.637535,-73.760941,210.9,a6ce7d,N538DN,A21N,AIRBUS A-321neo,0
landing,LGA,31,1788905129.42,2026-09-08T22:05:29Z,40.777805,-73.86911,298.1,a0be05,N147PQ,CRJ9,BOMBARDIER Regional Jet CRJ-900,0
takeoff,LGA,13,1788905146.45,2026-09-08T22:05:46Z,40.776981,-73.869843,143.4,aa7e56,N77525,B738,BOEING 737-800,0
takeoff,LGA,22,1788905171.78,2026-09-08T22:06:11Z,40.772196,-73.880138,210.9,a50549,N422YX,E75L,EMBRAER ERJ-170-200 (long wing),0
landing,JFK,22L,1788905190.63,2026-09-08T22:06:30Z,40.637054,-73.761271,210.9,c0193c,C-FJOL,LJ60,LEARJET 60,0
takeoff,JFK,22R,1788905193.54,2026-09-08T22:06:33Z,40.646423,-73.76653,210.9,a3dfeb,N349NB,A319,AIRBUS A-319,0
landing,LGA,31,1788905212.99,2026-09-08T22:06:52Z,40.77729,-73.868042,300.9,a60409,N487QS,E55P,,0
takeoff,LGA,13,1788905223.88,2026-09-08T22:07:03Z,40.776958,-73.869934,143.4,a0be05,N147PQ,CRJ9,BOMBARDIER Regional Jet CRJ-900,0
takeoff,JFK,22R,1788905261.12,2026-09-08T22:07:41Z,40.646249,-73.76667,210.9,a721a4,N559JB,A320,AIRBUS A-320,0
landing,JFK,22L,1788905271.21,2026-09-08T22:07:51Z,40.635406,-73.762573,213.8,ab4c76,N827SK,CRJ9,BOMBARDIER Regional Jet CRJ-900,0
takeoff,JFK,22R,1788905320.64,2026-09-08T22:08:40Z,40.646038,-73.76683,210.9,ad4804,N955JB,A321,AIRBUS A-321,0
landing,LGA,31,1788905340.51,2026-09-08T22:09:00Z,40.778829,-73.871337,300.9,ada699,N979RP,E170,EMBRAER ERJ-170-100,0
landing,JFK,22L,1788905356.76,2026-09-08T22:09:16Z,40.634983,-73.762878,210.9,a7fdf2,N614DN,,,0
landing,JFK,22L,1788905423.96,2026-09-08T22:10:23Z,40.634834,-73.763016,210.9,a7e54f,N608DN,A21N,AIRBUS A-321neo,0
landing,LGA,31,1788905454.78,2026-09-08T22:10:54Z,40.777503,-73.868512,300.9,ac159a,N878RW,E170,EMBRAER ERJ-170-100,0
takeoff,LGA,22,1788905464.97,2026-09-08T22:11:04Z,40.772255,-73.880081,213.8,ab40ce,N824MD,E170,EMBRAER ERJ-170-100,0
landing,JFK,22L,1788905483.79,2026-09-08T22:11:23Z,40.631538,-73.765578,210.9,ac8985,N907DN,B739,BOEING 737-900,0
takeoff,JFK,22R,1788905521.21,2026-09-08T22:12:01Z,40.642902,-73.769241,210.9,ace391,N93CQ,B350,BEECHCRAFT Super King Air 350,8
landing,LGA,31,1788905522.42,2026-09-08T22:12:02Z,40.777444,-73.868403,303.8,a45586,N379DA,B738,BOEING 737-800,0
landing,JFK,22L,1788905571.2,2026-09-08T22:12:51Z,40.633598,-73.763962,210.9,adcd6d,N989JT,A321,AIRBUS A-321,0
takeoff,JFK,31L,1788905582.86,2026-09-08T22:13:02Z,40.635437,-73.788175,300.9,a09590,N137DU,BCS1,AIRBUS A220-100,0
landing,LGA,31,1788905614.55,2026-09-08T22:13:34Z,40.779062,-73.871821,298.1,a53436,N434YX,E75L,EMBRAER ERJ-170-200 (long wing),0
landing,JFK,22L,1788905644.66,2026-09-08T22:14:04Z,40.633912,-73.763736,210.9,ad8bed,N972JT,A321,AIRBUS A-321,0
landing,LGA,31,1788905672.78,2026-09-08T22:14:32Z,40.776981,-73.867416,303.8,acbffd,N920US,A321,AIRBUS A-321,0
takeoff,LGA,13,1788905687.69,2026-09-08T22:14:47Z,40.777014,-73.869948,146.2,a53436,N434YX,E75L,EMBRAER ERJ-170-200 (long wing),0
takeoff,LGA,22,1788905696.85,2026-09-08T22:14:56Z,40.770847,-73.881256,210.9,ac08b1,N8748Q,B38M,BOEING 737 MAX 8,0
landing,JFK,22L,1788905718.99,2026-09-08T22:15:18Z,40.633301,-73.764221,210.9,ac407d,N889NN,B738,BOEING 737-800,0
landing,JFK,22R,1788905791.9,2026-09-08T22:16:31Z,40.627625,-73.78125,210.9,a23844,N242JQ,E75L,EMBRAER ERJ-170-200 (long wing),0
takeoff,JFK,22R,1788905791.9,2026-09-08T22:16:31Z,40.627625,-73.78125,210.9,a23844,N242JQ,E75L,EMBRAER ERJ-170-200 (long wing),0
landing,JFK,22R,1788905792.72,2026-09-08T22:16:32Z,40.62751,-73.781326,210.9,a23844,N242JQ,E75L,EMBRAER ERJ-170-200 (long wing),0
landing,LGA,31,1788905797.95,2026-09-08T22:16:37Z,40.778778,-73.87117,300.9,a0345f,N112HQ,E75L,EMBRAER ERJ-170-200 (long wing),0
takeoff,JFK,31L,1788905808.03,2026-09-08T22:16:48Z,40.635509,-73.788361,300.9,ad2095,N945JT,A321,AIRBUS A-321,0
landing,JFK,22L,1788905817.05,2026-09-08T22:16:57Z,40.633132,-73.764688,230.6,a1b449,N209JQ,E75L,EMBRAER ERJ-170-200 (long wing),0
takeoff,LGA,22,1788905835.57,2026-09-08T22:17:15Z,40.7723,-73.88006,210.9,c08861,C-GZQU,E295,EMBRAER ERJ-190-400,0
takeoff,JFK,22R,1788905841.12,2026-09-08T22:17:21Z,40.646016,-73.766842,210.9,a38af8,N3272J,BCS3,AIRBUS A220-300,0
landing,LGA,31,1788905872.27,2026-09-08T22:17:52Z,40.777503,-73.868497,300.9,a426a5,N367DN,A321,AIRBUS A-321,0
landing,JFK,22L,1788905873.9,2026-09-08T22:17:53Z,40.635821,-73.762238,210.9,a6f2b7,N547JB,A320,AIRBUS A-320,0
takeoff,JFK,22R,1788905902.57,2026-09-08T22:18:22Z,40.646051,-73.766842,210.9,ade9c0,N996JL,A321,AIRBUS A-321,0
landing,JFK,22L,1788905942.41,2026-09-08T22:19:02Z,40.634216,-73.763535,210.9,394a02,F-GSQC,B77W,BOEING 777-300ER,0
landing,JFK,22L,1788905942.89,2026-09-08T22:19:02Z,40.634102,-73.763611,210.9,394a02,F-GSQC,B77W,BOEING 777-300ER,0
landing,LGA,31,1788905979.79,2026-09-08T22:19:39Z,40.777724,-73.868965,300.9,ad34b4,N950AN,B738,BOEING 737-800,0
takeoff,LGA,13,1788905990.39,2026-09-08T22:19:50Z,40.776855,-73.869476,123.8,a4795a,N388DN,A321,AIRBUS A-321,0
takeoff,LGA,13,1788905992.45,2026-09-08T22:19:52Z,40.772209,-73.859787,123.8,a42a5c,N368DN,A321,AIRBUS A-321,0
landing,JFK,22R,1788906015.83,2026-09-08T22:20:15Z,40.633358,-73.776733,210.9,a1e411,N2205J,A21N,AIRBUS A-321neo,0
landing,JFK,22L,1788906059.51,2026-09-08T22:20:59Z,40.63393,-73.763733,210.9,a43f3c,N373DA,B738,BOEING 737-800,0
takeoff,LGA,13,1788906082.9,2026-09-08T22:21:22Z,40.775528,-73.866714,123.8,a01f73,N107HQ,E75L,EMBRAER ERJ-170-200 (long wing),0
takeoff,JFK,22R,1788906105.27,2026-09-08T22:21:45Z,40.646439,-73.76651,210.9,a3915a,N329SL,B38M,BOEING 737 MAX 8,0
landing,JFK,22L,1788906130.15,2026-09-08T22:22:10Z,40.635169,-73.762722,210.9,a495b4,N395DN,B738,BOEING 737-800,0
landing,LGA,31,1788906150.89,2026-09-08T22:22:30Z,40.777375,-73.868278,300.9,abdcda,N86334,E75L,EMBRAER ERJ-170-200 (long wing),0
takeoff,JFK,22R,1788906157.18,2026-09-08T22:22:37Z,40.649321,-73.764267,210.9,a06e71,N127HQ,E75L,EMBRAER ERJ-170-200 (long wing),0
landing,JFK,22L,1788906216.55,2026-09-08T22:23:36Z,40.635201,-73.762726,210.9,abaf1e,N852DN,B739,BOEING 737-900,0
takeoff,JFK,22R,1788906229.33,2026-09-08T22:23:49Z,40.646272,-73.766655,210.9,a67452,N515DE,A21N,AIRBUS A-321neo,0
takeoff,LGA,13,1788906240.41,2026-09-08T22:24:00Z,40.775501,-73.866655,123.8,a8847f,N648RW,E170,EMBRAER ERJ-170-100,0
landing,LGA,31,1788906254.83,2026-09-08T22:24:14Z,40.778969,-73.871633,300.9,a89d22,N654RW,E170,EMBRAER ERJ-170-100,0
landing,JFK,22L,1788906293.69,2026-09-08T22:24:53Z,40.636883,-73.761429,212.4,346385,EC-NGN,B789,BOEING 787-9 Dreamliner,0
takeoff,JFK,31L,1788906297.37,2026-09-08T22:24:57Z,40.635441,-73.788208,300.9,a661bf,N510DE,A21N,AIRBUS A-321neo,0
landing,LGA,31,1788906338.85,2026-09-08T22:25:38Z,40.777363,-73.8682,300.9,a3cc88,N344DU,,,0
takeoff,JFK,22R,1788906417.5,2026-09-08T22:26:57Z,40.645947,-73.766907,210.9,4caeb3,EI-TYD,A339,AIRBUS A-330-900,0
landing,LGA,31,1788906439.35,2026-09-08T22:27:19Z,40.779339,-73.872314,300.9,a2270f,N238JQ,E75L,EMBRAER ERJ-170-200 (long wing),0
takeoff,JFK,31L,1788906444.29,2026-09-08T22:27:24Z,40.635853,-73.789108,300.9,a38237,N325PQ,CRJ9,BOMBARDIER Regional Jet CRJ-900,0
landing,JFK,22L,1788906493.87,2026-09-08T22:28:13Z,40.634983,-73.762909,212.4,02013f,CN-RGY,B789,BOEING 787-9 Dreamliner,0
landing,JFK,22L,1788906494.37,2026-09-08T22:28:14Z,40.6348,-73.763062,212.4,02013f,CN-RGY,B789,BOEING 787-9 Dreamliner,0
takeoff,JFK,22R,1788906496.0,2026-09-08T22:28:16Z,40.646074,-73.766826,209.6,48ae24,SP-LSE,B789,BOEING 787-9 Dreamliner,0
takeoff,LGA,22,1788906508.98,2026-09-08T22:28:28Z,40.775629,-73.877173,177.2,abdcda,N86334,E75L,EMBRAER ERJ-170-200 (long wing),0
landing,LGA,31,1788906521.45,2026-09-08T22:28:41Z,40.778352,-73.870244,300.9,a3b3e5,N338DU,BCS3,AIRBUS A220-300,0
landing,JFK,31L,1788906545.87,2026-09-08T22:29:05Z,40.632191,-73.776093,300.9,43c5dc,ZM402,A400,AIRBUS A-400M,1
takeoff,JFK,22R,1788906573.86,2026-09-08T22:29:33Z,40.646761,-73.766296,209.6,ab9383,N845MD,B789,BOEING 787-9 Dreamliner,0
landing,LGA,31,1788906638.08,2026-09-08T22:30:38Z,40.777531,-73.868576,303.8,ad01c0,N937XJ,CRJ9,BOMBARDIER Regional Jet CRJ-900,0
landing,JFK,22L,1788906653.21,2026-09-08T22:30:53Z,40.635155,-73.762772,210.9,a3b529,N338ST,B38M,BOEING 737 MAX 8,0
takeoff,JFK,22R,1788906731.07,2026-09-08T22:32:11Z,40.646576,-73.766434,210.9,aded77,N997JL,A321,AIRBUS A-321,0
landing,JFK,22L,1788906744.33,2026-09-08T22:32:24Z,40.6367,-73.761566,210.9,a337b9,N306XR,,,0
takeoff,JFK,22R,1788906858.44,2026-09-08T22:34:18Z,40.647388,-73.765778,210.9,4ca9cb,EI-LRD,A21N,AIRBUS A-321neo,0
landing,LGA,22,1788906869.49,2026-09-08T22:34:29Z,40.779353,-73.875738,210.9,a6fffe,N550FX,CL30,BOMBARDIER BD-100 Challenger 300,0
takeoff,LGA,13,1788906884.72,2026-09-08T22:34:44Z,40.775265,-73.869629,140.6,a123e0,N17262,B38M,BOEING 737 MAX 8,0
landing,JFK,22L,1788906909.98,2026-09-08T22:35:09Z,40.637283,-73.761093,210.9,a51d6f,N429DX,A339,,0
takeoff,JFK,22R,1788906925.55,2026-09-08T22:35:25Z,40.646507,-73.766449,210.9,ab6c08,N835MH,B764,BOEING 767-400,0
takeoff,JFK,31L,1788906982.09,2026-09-08T22:36:22Z,40.635509,-73.7883,300.9,acee50,N932NN,B738,BOEING 737-800,0
takeoff,JFK,22R,1788906985.37,2026-09-08T22:36:25Z,40.647342,-73.765828,210.9,a12fda,N176DZ,B763,BOEING 767-300,0
takeoff,LGA,13,1788906998.73,2026-09-08T22:36:38Z,40.774954,-73.8655,120.9,a0de99,N155UW,A321,AIRBUS A-321,0
takeoff,LGA,13,1788907011.32,2026-09-08T22:36:51Z,40.775448,-73.866547,120.9,a1239d,N17245,B738,BOEING 737-800,0
landing,JFK,22L,1788907035.42,2026-09-08T22:37:15Z,40.637508,-73.760896,210.9,c08758,C-GZGP,CL60,BOMBARDIER CL-600 Challenger,8
landing,LGA,22,1788907041.18,2026-09-08T22:37:21Z,40.775012,-73.879296,210.9,a22ac6,N239JQ,E75L,EMBRAER ERJ-170-200 (long wing),0
takeoff,LGA,13,1788907055.95,2026-09-08T22:37:35Z,40.775454,-73.86653,120.9,abfb46,N871NN,B738,BOEING 737-800,0
takeoff,LGA,31,1788907111.13,2026-09-08T22:38:31Z,40.772324,-73.857651,300.9,a46304,N382DA,B738,BOEING 737-800,0
landing,LGA,22,1788907113.26,2026-09-08T22:38:33Z,40.776455,-73.878128,213.8,c05ed9,C-GJXW,BCS3,AIRBUS A220-300,0
landing,JFK,22L,1788907119.17,2026-09-08T22:38:39Z,40.634972,-73.762909,210.9,ab8862,N842MH,B764,BOEING 767-400,0
takeoff,JFK,31L,1788907136.91,2026-09-08T22:38:56Z,40.636333,-73.790157,300.9,a3401a,N3085J,BCS3,AIRBUS A220-300,0
takeoff,JFK,22R,1788907140.35,2026-09-08T22:39:00Z,40.646621,-73.766389,210.9,a5aff2,N466AN,A21N,AIRBUS A-321neo,0
takeoff,LGA,13,1788907176.71,2026-09-08T22:39:36Z,40.774738,-73.866653,120.9,ad01c0,N937XJ,CRJ9,BOMBARDIER Regional Jet CRJ-900,0
takeoff,LGA,13,1788907192.16,2026-09-08T22:39:52Z,40.776781,-73.870697,120.9,a22ac6,N239JQ,E75L,EMBRAER ERJ-170-200 (long wing),0
takeoff,JFK,22R,1788907214.02,2026-09-08T22:40:14Z,40.645889,-73.766968,210.9,a38836,N3269J,BCS3,AIRBUS A220-300,0
landing,LGA,22,1788907219.54,2026-09-08T22:40:19Z,40.77951,-73.875626,213.8,a02c35,N110AB,F2TH,,0
takeoff,LGA,13,1788907225.26,2026-09-08T22:40:25Z,40.775528,-73.866684,123.8,a50192,N421YX,E75L,EMBRAER ERJ-170-200 (long wing),0
landing,JFK,22L,1788907240.58,2026-09-08T22:40:40Z,40.634762,-73.76305,208.1,a148b9,N182GJ,CRJ9,BOMBARDIER Regional Jet CRJ-900,0
takeoff,JFK,31L,1788907270.69,2026-09-08T22:41:10Z,40.635429,-73.788162,300.9,ad60b7,N961JT,A321,AIRBUS A-321,0
takeoff,JFK,22R,1788907275.78,2026-09-08T22:41:15Z,40.646954,-73.766129,210.9,a34e01,N3118J,BCS3,AIRBUS A220-300,0
landing,LGA,22,1788907301.77,2026-09-08T22:41:41Z,40.775242,-73.879105,210.9,ac26cf,N882RW,E170,EMBRAER ERJ-170-100,0
landing,JFK,22L,1788907309.58,2026-09-08T22:41:49Z,40.636426,-73.76177,210.9,ad8fa4,N973JT,A321,AIRBUS A-321,0
takeoff,JFK,22R,1788907337.38,2026-09-08T22:42:17Z,40.645969,-73.766889,210.9,a3534a,N313PQ,CRJ9,BOMBARDIER Regional Jet CRJ-900,0
landing,LGA,22,1788907351.7,2026-09-08T22:42:31Z,40.77599,-73.878515,210.9,abc573,N858DZ,B739,BOEING 737-900,0
landing,JFK,22L,1788907397.51,2026-09-08T22:43:17Z,40.636193,-73.761957,210.9,4cae80,EI-TYA,A339,AIRBUS A-330-900,0
takeoff,JFK,31L,1788907412.19,2026-09-08T22:43:32Z,40.635326,-73.787949,300.9,a32bba,N303NY,A21N,AIRBUS A-321neo,0
takeoff,JFK,22R,1788907417.36,2026-09-08T22:43:37Z,40.64484,-73.767778,210.9,44ccc8,OO-SFH,A333,AIRBUS A-330-300,0
landing,LGA,22,1788907458.73,2026-09-08T22:44:18Z,40.779316,-73.875748,210.9,a6ec95,N545XJ,CL30,BOMBARDIER BD-100 Challenger 300,0
landing,JFK,22L,1788907531.42,2026-09-08T22:45:31Z,40.634159,-73.76355,210.9,a02c40,N110AN,A321,AIRBUS A-321,0
takeoff,JFK,22R,1788907537.6,2026-09-08T22:45:37Z,40.646225,-73.766686,210.9,a386fb,N3260J,BCS3,,0
landing,LGA,22,1788907541.41,2026-09-08T22:45:41Z,40.778969,-73.876034,213.8,a3a4b1,N334AF,CL30,BOMBARDIER BD-100 Challenger 300,8
takeoff,JFK,31L,1788907544.7,2026-09-08T22:45:44Z,40.635646,-73.788643,300.9,ad4f72,N957JB,A321,AIRBUS A-321,0
landing,JFK,22L,1788907614.49,2026-09-08T22:46:54Z,40.634159,-73.76355,213.8,a046f2,N117HQ,E75L,EMBRAER ERJ-170-200 (long wing),0
landing,LGA,22,1788907626.33,2026-09-08T22:47:06Z,40.776432,-73.878125,213.8,a3c259,N341PQ,CRJ9,BOMBARDIER Regional Jet CRJ-900,0
landing,JFK,22L,1788907680.71,2026-09-08T22:48:00Z,40.637455,-73.760986,210.9,4cc57c,TF-IAC,A21N,AIRBUS A-321neo,0
takeoff,JFK,31L,1788907686.75,2026-09-08T22:48:06Z,40.635567,-73.788483,298.1,ab6519,N833SK,CRJ9,BOMBARDIER Regional Jet CRJ-900,0
takeoff,LGA,13,1788907693.71,2026-09-08T22:48:13Z,40.775443,-73.866515,118.1,a33e5e,N308PQ,CRJ9,BOMBARDIER Regional Jet CRJ-900,0
landing,LGA,22,1788907732.27,2026-09-08T22:48:52Z,40.777002,-73.877688,210.9,ab674b,N834AW,A319,AIRBUS A-319,0
landing,JFK,22L,1788907766.37,2026-09-08T22:49:26Z,40.636791,-73.761505,210.9,76cce2,9V-SGB,A359,AIRBUS A-350-900,0
landing,LGA,22,1788907803.57,2026-09-08T22:50:03Z,40.776164,-73.878375,210.9,ac0fdc,N8766T,B38M,BOEING 737 MAX 8,0
takeoff,JFK,31L,1788907831.33,2026-09-08T22:50:31Z,40.635344,-73.787972,298.1,0d113a,XA-AMH,B38M,BOEING 737 MAX 8,0
takeoff,LGA,13,1788907894.0,2026-09-08T22:51:34Z,40.775459,-73.866577,123.8,a3c259,N341PQ,CRJ9,BOMBARDIER Regional Jet CRJ-900,0
takeoff,JFK,22R,1788907898.91,2026-09-08T22:51:38Z,40.646667,-73.766342,210.9,ac89f7,N907JB,A321,AIRBUS A-321,0
landing,LGA,22,1788907904.86,2026-09-08T22:51:44Z,40.775885,-73.878609,208.1,a2000d,N228PQ,CRJ9,BOMBARDIER Regional Jet CRJ-900,0
takeoff,JFK,22R,1788907965.01,2026-09-08T22:52:45Z,40.646336,-73.766617,210.9,ac760d,N9016,A319,AIRBUS A-319,0
landing,JFK,22L,1788907976.8,2026-09-08T22:52:56Z,40.6361,-73.762051,209.6,485f82,PH-BKO,B78X,BOEING 787-10 Dreamliner,0
landing,JFK,22L,1788907977.45,2026-09-08T22:52:57Z,40.635891,-73.762223,209.6,485f82,PH-BKO,B78X,BOEING 787-10 Dreamliner,0
takeoff,JFK,31L,1788907984.71,2026-09-08T22:53:04Z,40.63596,-73.789345,300.9,acaf0b,N916XJ,CRJ9,BOMBARDIER Regional Jet CRJ-900,0
landing,LGA,22,1788907985.72,2026-09-08T22:53:05Z,40.773965,-73.88017,213.8,a12777,N17355,B38M,,0
takeoff,LGA,13,1788908024.96,2026-09-08T22:53:44Z,40.775368,-73.867798,129.4,a36661,N318UX,B38M,BOEING 737 MAX 8,0
takeoff,JFK,22R,1788908036.41,2026-09-08T22:53:56Z,40.646621,-73.766374,210.9,a08a85,N134EV,CRJ9,BOMBARDIER Regional Jet CRJ-900,0
landing,LGA,22,1788908066.14,2026-09-08T22:54:26Z,40.775268,-73.879108,210.9,a451db,N378DN,A321,AIRBUS A-321,0
landing,JFK,22L,1788908111.39,2026-09-08T22:55:11Z,40.638253,-73.760366,210.9,a8712a,N643JB,A320,AIRBUS A-320,0
takeoff,JFK,31L,1788908148.53,2026-09-08T22:55:48Z,40.633942,-73.784897,298.1,a5657b,N447JW,GA5C,GULFSTREAM G500,8
landing,LGA,22,1788908167.05,2026-09-08T22:56:07Z,40.774132,-73.879898,196.9,a09239,N136HQ,E75L,EMBRAER ERJ-170-200 (long wing),0
landing,JFK,22L,1788908193.51,2026-09-08T22:56:33Z,40.633987,-73.763672,210.9,ad5fea,N961AN,B738,BOEING 737-800,0
takeoff,JFK,22R,1788908231.65,2026-09-08T22:57:11Z,40.646353,-73.766577,210.9,c0153b,C-FIBA,B38M,BOEING 737 MAX 8,0
takeoff,LGA,13,1788908284.82,2026-09-08T22:58:04Z,40.775454,-73.866562,120.9,a1c57e,N213JQ,E75L,EMBRAER ERJ-170-200 (long wing),0
takeoff,JFK,22R,1788908288.58,2026-09-08T22:58:08Z,40.646255,-73.766663,210.9,a13386,N177DN,B763,BOEING 767-300,0
landing,JFK,22L,1788908293.94,2026-09-08T22:58:13Z,40.633994,-73.763721,216.6,a07bef,N130HQ,E75L,EMBRAER ERJ-170-200 (long wing),0
landing,LGA,22,1788908323.4,2026-09-08T22:58:43Z,40.775848,-73.878616,210.9,a19691,N201JQ,E75L,EMBRAER ERJ-170-200 (long wing),0
landing,JFK,22L,1788908362.62,2026-09-08T22:59:22Z,40.635507,-73.762504,210.9,344502,EC-LZX,A333,AIRBUS A-330-300,0
landing,LGA,22,1788908407.99,2026-09-08T23:00:07Z,40.776851,-73.877798,210.9,a15b4c,N187GJ,CRJ9,BOMBARDIER Regional Jet CRJ-900,0
landing,JFK,22R,1788908413.74,2026-09-08T23:00:13Z,40.633759,-73.776459,208.1,a7818f,N583FE,MD11,MCDONNELL-DOUGLAS MD-11,0
landing,JFK,22R,1788908414.23,2026-09-08T23:00:14Z,40.633575,-73.776595,210.9,a7818f,N583FE,MD11,MCDONNELL-DOUGLAS MD-11,0
takeoff,LGA,13,1788908432.93,2026-09-08T23:00:32Z,40.775494,-73.866638,123.8,ac3688,N8860S,B38M,BOEING 737 MAX 8,0
landing,JFK,22L,1788908491.21,2026-09-08T23:01:31Z,40.636507,-73.761708,210.9,a3549d,N3132J,BCS3,AIRBUS A220-300,0
landing,LGA,22,1788908510.3,2026-09-08T23:01:50Z,40.777451,-73.877289,210.9,a305aa,N294PQ,CRJ9,BOMBARDIER Regional Jet CRJ-900,0
takeoff,JFK,22R,1788908523.97,2026-09-08T23:02:03Z,40.646784,-73.766249,210.9,aa600a,N768JB,A320,AIRBUS A-320,0
landing,JFK,22L,1788908578.12,2026-09-08T23:02:58Z,40.635949,-73.762145,210.9,461f0d,OH-LTT,A333,AIRBUS A-330-300,0
landing,LGA,22,1788908588.71,2026-09-08T23:03:08Z,40.777485,-73.877258,210.9,a32f82,N304PQ,CRJ9,BOMBARDIER Regional Jet CRJ-900,0
takeoff,LGA,13,1788908604.6,2026-09-08T23:03:24Z,40.775617,-73.86692,123.8,a8a0d9,N655RW,E170,EMBRAER ERJ-170-100,0
takeoff,JFK,22R,1788908607.02,2026-09-08T23:03:27Z,40.646336,-73.766602,210.9,aa4195,N760AN,B772,BOEING 777-200,0
landing,LGA,04,1788908706.28,2026-09-08T23:05:06Z,40.770613,-73.881574,67.5,a8f235,N676CA,CRJ9,BOMBARDIER Regional Jet CRJ-900,0
landing,JFK,22L,1788908719.08,2026-09-08T23:05:19Z,40.636251,-73.761911,210.9,ac8efa,N908XJ,CRJ9,BOMBARDIER Regional Jet CRJ-900,0
landing,LGA,22,1788908741.85,2026-09-08T23:05:41Z,40.776318,-73.87822,210.9,a46e40,N385DZ,A321,AIRBUS A-321,0
landing,JFK,22R,1788908760.12,2026-09-08T23:06:00Z,40.632774,-73.777191,210.9,ab6fbf,N836MH,B764,BOEING 767-400,0
landing,JFK,22L,1788908814.57,2026-09-08T23:06:54Z,40.637157,-73.76123,210.9,a1a0c4,N2039J,A21N,AIRBUS A-321neo,0
landing,LGA,22,1788908839.22,2026-09-08T23:07:19Z,40.775116,-73.879211,213.8,a8996b,N653RW,E170,EMBRAER ERJ-170-100,0
takeoff,JFK,31L,1788908862.36,2026-09-08T23:07:42Z,40.636436,-73.790359,300.9,a35109,N3123J,BCS3,AIRBUS A220-300,0
landing,JFK,22R,1788908881.25,2026-09-08T23:08:01Z,40.633415,-73.776703,210.9,a854d0,N636JB,A320,AIRBUS A-320,0
takeoff,LGA,13,1788908887.39,2026-09-08T23:08:07Z,40.772255,-73.859848,123.8,a05bde,N122HQ,E75L,EMBRAER ERJ-170-200 (long wing),0
landing,JFK,22L,1788908903.24,2026-09-08T23:08:23Z,40.635681,-73.762347,210.9,841fdc,JA08WJ,A35K,AIRBUS A-350-1000,0
takeoff,LGA,13,1788908904.88,2026-09-08T23:08:24Z,40.771465,-73.858032,84.4,a441d6,N3734B,B738,BOEING 737-800,0
takeoff,JFK,22R,1788908959.57,2026-09-08T23:09:19Z,40.646587,-73.766418,210.9,3965a0,F-GZNA,B77W,BOEING 777-300ER,0
takeoff,LGA,13,1788908982.33,2026-09-08T23:09:42Z,40.772369,-73.861679,120.9,a19691,N201JQ,E75L,EMBRAER ERJ-170-200 (long wing),0
landing,LGA,04,1788908995.24,2026-09-08T23:09:55Z,40.772475,-73.879904,30.9,abd063,N860RW,E170,EMBRAER ERJ-170-100,0
landing,JFK,22L,1788908997.25,2026-09-08T23:09:57Z,40.635495,-73.762504,210.9,896477,A6-EUM,A388,AIRBUS A-380-800,0
landing,LGA,22,1788909010.76,2026-09-08T23:10:10Z,40.774349,-73.879791,202.5,a4cc95,N408YX,E75L,EMBRAER ERJ-170-200 (long wing),0
landing,JFK,22R,1788909046.25,2026-09-08T23:10:46Z,40.635064,-73.775409,210.9,ad2baa,N948JB,A321,AIRBUS A-321,0
takeoff,LGA,13,1788909087.38,2026-09-08T23:11:27Z,40.774509,-73.865738,120.9,a39dca,N332FR,A20N,AIRBUS A-320neo,0
takeoff,JFK,22R,1788909115.16,2026-09-08T23:11:55Z,40.645935,-73.766922,208.1,a091f3,N136EV,CRJ9,BOMBARDIER Regional Jet CRJ-900,0
landing,LGA,04,1788909123.01,2026-09-08T23:12:03Z,40.770733,-73.881348,33.8,a5657b,N447JW,GA5C,GULFSTREAM G500,8
landing,JFK,22L,1788909141.21,2026-09-08T23:12:21Z,40.636448,-73.761749,210.9,4ca74e,EI-EAV,A333,AIRBUS A-330-300,0
landing,LGA,22,1788909174.1,2026-09-08T23:12:54Z,40.777956,-73.876877,210.9,c0850c,C-GYJZ,DH8D,DE HAVILLAND DHC-8-400 Dash 8,0
takeoff,JFK,22R,1788909189.14,2026-09-08T23:13:09Z,40.646283,-73.766623,210.9,a19d0d,N2029J,A21N,AIRBUS A-321neo,0
takeoff,JFK,31L,1788909247.43,2026-09-08T23:14:07Z,40.635429,-73.788132,300.9,a988f0,N713TW,B752,BOEING 757-200,0
takeoff,JFK,22R,1788909259.21,2026-09-08T23:14:19Z,40.646435,-73.76653,210.9,aace5c,N796AN,B772,BOEING 777-200,0
landing,JFK,22L,1788909264.29,2026-09-08T23:14:24Z,40.635018,-73.762847,210.9,adf4e9,N999JQ,A321,AIRBUS A-321,0
landing,LGA,22,1788909266.89,2026-09-08T23:14:26Z,40.774075,-73.879898,188.4,abbb77,N855RW,E170,EMBRAER ERJ-170-100,0
landing,LGA,22,1788909327.03,2026-09-08T23:15:27Z,40.774715,-73.879547,210.9,abfac6,N871HK,B38M,,0
landing,JFK,22L,1788909334.14,2026-09-08T23:15:34Z,40.636631,-73.761612,210.9,a1bc29,N2102J,A21N,AIRBUS A-321neo,0
takeoff,LGA,13,1788909334.15,2026-09-08T23:15:34Z,40.772254,-73.859882,120.9,a54312,N438YX,E75L,EMBRAER ERJ-170-200 (long wing),0
takeoff,JFK,22R,1788909387.79,2026-09-08T23:16:27Z,40.64711,-73.765999,210.9,a976c7,N709JB,A320,AIRBUS A-320,0
landing,JFK,22L,1788909422.4,2026-09-08T23:17:02Z,40.637497,-73.760927,210.9,a9acb8,N722TW,B752,BOEING 757-200,0
takeoff,LGA,13,1788909449.84,2026-09-08T23:17:29Z,40.772209,-73.859787,120.9,a033f9,N112DN,A321,AIRBUS A-321,0
takeoff,JFK,22R,1788909455.24,2026-09-08T23:17:35Z,40.646656,-73.766358,210.9,acc040,N920XJ,CRJ9,BOMBARDIER Regional Jet CRJ-900,0
landing,LGA,22,1788909469.24,2026-09-08T23:17:49Z,40.775722,-73.878734,210.9,a19357,N200PQ,CRJ9,BOMBARDIER Regional Jet CRJ-900,0
takeoff,JFK,22R,1788909524.17,2026-09-08T23:18:44Z,40.644745,-73.767838,210.9,478854,LN-RKS,A333,AIRBUS A-330-300,0
landing,JFK,22L,1788909524.49,2026-09-08T23:18:44Z,40.63464,-73.763184,210.9,a030a8,N111HQ,E75L,EMBRAER ERJ-170-200 (long wing),0
landing,LGA,22,1788909597.03,2026-09-08T23:19:57Z,40.774744,-73.879499,208.1,ac1f61,N880RW,E170,EMBRAER ERJ-170-100,0
landing,JFK,22L,1788909597.57,2026-09-08T23:19:57Z,40.637322,-73.761068,210.9,a32803,N302NY,A21N,AIRBUS A-321neo,0
takeoff,JFK,31L,1788909609.99,2026-09-08T23:20:09Z,40.635239,-73.787753,300.9,a75b65,N573UW,A321,AIRBUS A-321,0
takeoff,JFK,22R,1788909651.34,2026-09-08T23:20:51Z,40.646061,-73.766815,210.9,ab4489,N825MH,B764,BOEING 767-400,0
landing,JFK,22L,1788909680.03,2026-09-08T23:21:20Z,40.637352,-73.761047,208.1,a21142,N232PQ,CRJ9,BOMBARDIER Regional Jet CRJ-900,0
takeoff,LGA,13,1788909684.5,2026-09-08T23:21:24Z,40.777164,-73.870148,118.1,a6ec95,N545XJ,CL30,BOMBARDIER BD-100 Challenger 300,0
takeoff,JFK,22R,1788909710.15,2026-09-08T23:21:50Z,40.646993,-73.766093,210.9,abb775,N854NW,A332,AIRBUS A-330-200,0
landing,LGA,22,1788909761.82,2026-09-08T23:22:41Z,40.776234,-73.878281,213.8,c080db,C-GWUS,BCS3,AIRBUS A220-300,0
landing,JFK,22L,1788909765.61,2026-09-08T23:22:45Z,40.636105,-73.762024,210.9,a4b827,N403DX,A339,AIRBUS A-330-900,0
takeoff,LGA,04,1788909791.88,2026-09-08T23:23:11Z,40.774733,-73.873959,75.9,a389eb,N327SK,B38M,BOEING 737 MAX 8,0
takeoff,JFK,22R,1788909797.26,2026-09-08T23:23:17Z,40.645259,-73.767435,210.9,495065,CS-TCE,A332,AIRBUS A-330-200,0
landing,LGA,22,1788909853.29,2026-09-08T23:24:13Z,40.777247,-73.87747,210.9,a46345,N382FR,A20N,AIRBUS A-320neo,0
takeoff,LGA,13,1788909879.11,2026-09-08T23:24:39Z,40.776741,-73.870621,120.9,ada699,N979RP,E170,EMBRAER ERJ-170-100,0
landing,JFK,22L,1788909913.4,2026-09-08T23:25:13Z,40.639103,-73.759689,210.9,a7397f,N565AB,G280,,0
takeoff,JFK,22R,1788909918.18,2026-09-08T23:25:18Z,40.646404,-73.766541,210.9,a16273,N189DN,B763,BOEING 767-300,0
landing,LGA,22,1788909993.68,2026-09-08T23:26:33Z,40.775654,-73.878784,210.9,acf2e4,N933XJ,CRJ9,BOMBARDIER Regional Jet CRJ-900,0
takeoff,JFK,31L,1788909995.51,2026-09-08T23:26:35Z,40.635853,-73.789078,303.8,ab4c76,N827SK,CRJ9,BOMBARDIER Regional Jet CRJ-900,0
landing,JFK,22L,1788910003.37,2026-09-08T23:26:43Z,40.636601,-73.761614,210.9,ad9e73,N977JE,A321,AIRBUS A-321,0
takeoff,JFK,22R,1788910031.09,2026-09-08T23:27:11Z,40.646004,-73.766846,210.9,408121,G-VPIE,A339,AIRBUS A-330-900,0
takeoff,LGA,13,1788910041.13,2026-09-08T23:27:21Z,40.775431,-73.86653,123.8,ac159a,N878RW,E170,EMBRAER ERJ-170-100,0
landing,LGA,22,1788910091.68,2026-09-08T23:28:11Z,40.774651,-73.879592,208.1,abdf3f,N864RW,E170,EMBRAER ERJ-170-100,0
landing,JFK,22L,1788910097.16,2026-09-08T23:28:17Z,40.634541,-73.763237,213.8,a1c1c7,N212JQ,E75L,EMBRAER ERJ-170-200 (long wing),0
landing,JFK,22L,1788910161.51,2026-09-08T23:29:21Z,40.635448,-73.762535,210.9,a4ce21,N409AS,B739,BOEING 737-900,0
landing,LGA,22,1788910244.74,2026-09-08T23:30:44Z,40.775803,-73.878647,213.8,a095f0,N137HQ,E75L,EMBRAER ERJ-170-200 (long wing),0
takeoff,JFK,22R,1788910261.37,2026-09-08T23:31:01Z,40.647068,-73.766037,210.9,a3f88e,N355NB,A319,AIRBUS A-319,0
landing,JFK,22R,1788910263.09,2026-09-08T23:31:03Z,40.646435,-73.76653,210.9,a3f88e,N355NB,A319,AIRBUS A-319,0
takeoff,JFK,22R,1788910263.09,2026-09-08T23:31:03Z,40.646435,-73.76653,210.9,a3f88e,N355NB,A319,AIRBUS A-319,0
landing,JFK,22L,1788910263.66,2026-09-08T23:31:03Z,40.637444,-73.760971,210.9,a350c3,N3121J,BCS3,AIRBUS A220-300,0
takeoff,JFK,22R,1788910338.51,2026-09-08T23:32:18Z,40.646423,-73.766545,210.9,71010f,HZ-AK37,B77W,BOEING 777-300ER,0
landing,JFK,22L,1788910359.46,2026-09-08T23:32:39Z,40.635853,-73.762207,210.9,aaf968,N806NW,A333,AIRBUS A-330-300,0
takeoff,JFK,31L,1788910409.35,2026-09-08T23:33:29Z,40.636379,-73.790268,298.1,a387f0,N3267J,BCS3,,0
landing,LGA,22,1788910461.96,2026-09-08T23:34:21Z,40.776467,-73.878094,213.8,c060ba,C-GKQJ,E295,EMBRAER ERJ-190-400,0
takeoff,JFK,22R,1788910468.96,2026-09-08T23:34:28Z,40.646633,-73.766374,210.9,acb2c2,N917XJ,CRJ9,BOMBARDIER Regional Jet CRJ-900,0
landing,JFK,22L,1788910509.01,2026-09-08T23:35:09Z,40.636857,-73.761442,210.9,ab53e4,N829SK,CRJ9,BOMBARDIER Regional Jet CRJ-900,0
landing,LGA,22,1788910544.23,2026-09-08T23:35:44Z,40.775675,-73.878765,210.9,ac1951,N879RW,E170,EMBRAER ERJ-170-100,0
takeoff,LGA,13,1788910550.13,2026-09-08T23:35:50Z,40.775414,-73.86647,123.8,ad34b4,N950AN,B738,BOEING 737-800,0
landing,JFK,22L,1788910579.44,2026-09-08T23:36:19Z,40.636665,-73.761581,210.9,a73a47,N565JB,A320,AIRBUS A-320,0
takeoff,JFK,22R,1788910611.76,2026-09-08T23:36:51Z,40.646051,-73.766826,210.9,a1b2ee,N2086J,A21N,AIRBUS A-321neo,0
landing,LGA,22,1788910622.08,2026-09-08T23:37:02Z,40.77515,-73.879181,210.9,ac92b1,N909XJ,CRJ9,BOMBARDIER Regional Jet CRJ-900,0
landing,JFK,22L,1788910667.23,2026-09-08T23:37:47Z,40.63575,-73.762283,210.9,789217,B-LXE,A35K,AIRBUS A-350-1000,0
landing,LGA,22,1788910702.79,2026-09-08T23:38:22Z,40.774132,-73.879868,191.2,a04e60,N119HQ,E75L,EMBRAER ERJ-170-200 (long wing),0
takeoff,JFK,22R,1788910716.74,2026-09-08T23:38:36Z,40.645888,-73.766951,210.9,4b1880,HB-JHG,A333,AIRBUS A-330-300,0
landing,LGA,22,1788910780.57,2026-09-08T23:39:40Z,40.777049,-73.877626,213.8,a0b88d,N14567,,,0
landing,JFK,22L,1788910794.7,2026-09-08T23:39:54Z,40.634892,-73.762985,210.9,a32893,N302US,B38M,BOEING 737 MAX 8,0
landing,JFK,22L,1788910883.53,2026-09-08T23:41:23Z,40.635509,-73.762497,210.9,4951f0,CS-TOP,A332,AIRBUS A-330-200,0
landing,LGA,04,1788910926.63,2026-09-08T23:42:06Z,40.772472,-73.879898,33.8,a32fa7,N304RB,B38M,BOEING 737 MAX 8,0
landing,JFK,22R,1788910926.81,2026-09-08T23:42:06Z,40.633947,-73.776283,210.9,a7f2d2,N611DT,A21N,AIRBUS A-321neo,0
landing,LGA,22,1788910943.32,2026-09-08T23:42:23Z,40.775116,-73.879211,213.8,ac0ba7,N87527,B738,BOEING 737-800,0
takeoff,JFK,31L,1788910984.34,2026-09-08T23:43:04Z,40.635262,-73.787785,300.9,ad2f71,N949JT,A321,AIRBUS A-321,0
landing,JFK,22L,1788911006.74,2026-09-08T23:43:26Z,40.635979,-73.762115,210.9,a33ca9,N3077J,BCS3,AIRBUS A220-300,0
takeoff,JFK,22R,1788911029.02,2026-09-08T23:43:49Z,40.646039,-73.766842,210.9,ab7376,N837MH,B764,BOEING 767-400,0
landing,LGA,22,1788911041.18,2026-09-08T23:44:01Z,40.775629,-73.878781,210.9,a03816,N113HQ,E75L,EMBRAER ERJ-170-200 (long wing),0
landing,JFK,22L,1788911102.04,2026-09-08T23:45:02Z,40.636926,-73.761396,210.9,a845f4,N632JB,A320,AIRBUS A-320,0
takeoff,JFK,31L,1788911109.47,2026-09-08T23:45:09Z,40.635646,-73.788674,300.9,ac407d,N889NN,B738,BOEING 737-800,0
landing,LGA,22,1788911114.96,2026-09-08T23:45:14Z,40.774931,-73.879389,210.9,acca88,N923NN,B738,BOEING 737-800,0
takeoff,JFK,22R,1788911117.44,2026-09-08T23:45:17Z,40.647057,-73.766037,210.9,a6ce7d,N538DN,A21N,AIRBUS A-321neo,0
landing,JFK,22L,1788911182.75,2026-09-08T23:46:22Z,40.634857,-73.763,210.9,3c64f3,D-AIGS,A343,AIRBUS A-340-300,0
takeoff,JFK,22R,1788911184.72,2026-09-08T23:46:24Z,40.64626,-73.76667,210.9,a6aaba,N529DT,A21N,AIRBUS A-321neo,0
landing,LGA,22,1788911186.24,2026-09-08T23:46:26Z,40.776781,-73.877844,210.9,acd64b,N926UW,A321,AIRBUS A-321,0
takeoff,JFK,31L,1788911238.36,2026-09-08T23:47:18Z,40.635355,-73.788019,300.9,a6eacf,N545DE,A21N,AIRBUS A-321neo,0
takeoff,JFK,22R,1788911252.98,2026-09-08T23:47:32Z,40.646563,-73.766421,210.9,a4c9f8,N4077J,A21N,AIRBUS A-321neo,0
landing,LGA,22,1788911267.57,2026-09-08T23:47:47Z,40.776956,-73.877704,210.9,a042d5,N116DN,A321,AIRBUS A-321,0
landing,JFK,22L,1788911288.65,2026-09-08T23:48:08Z,40.634445,-73.763306,210.9,a11380,N169DZ,B763,BOEING 767-300,0
landing,JFK,22R,1788911361.5,2026-09-08T23:49:21Z,40.630909,-73.778625,210.9,a4d65c,N410YX,E75L,EMBRAER ERJ-170-200 (long wing),0
landing,LGA,22,1788911363.78,2026-09-08T23:49:23Z,40.776134,-73.878372,208.1,a1584a,N186PQ,CRJ9,BOMBARDIER Regional Jet CRJ-900,0
landing,JFK,22L,1788911403.23,2026-09-08T23:50:03Z,40.637375,-73.761078,210.9,aaec9c,N8027D,A319,AIRBUS A-319,0
takeoff,JFK,22R,1788911451.92,2026-09-08T23:50:51Z,40.645923,-73.766904,209.6,ab6afa,N835AN,B789,BOEING 787-9 Dreamliner,0
landing,JFK,22L,1788911478.19,2026-09-08T23:51:18Z,40.634645,-73.763159,213.8,a099a7,N138HQ,E75L,EMBRAER ERJ-170-200 (long wing),0
takeoff,JFK,31L,1788911488.85,2026-09-08T23:51:28Z,40.633713,-73.784363,300.9,a23844,N242JQ,E75L,EMBRAER ERJ-170-200 (long wing),0
landing,JFK,22R,1788911541.15,2026-09-08T23:52:21Z,40.632271,-73.77761,210.9,ab649a,N833MH,B764,BOEING 767-400,0
landing,JFK,22L,1788911571.33,2026-09-08T23:52:51Z,40.636105,-73.762024,210.9,aca79d,N914XJ,CRJ9,BOMBARDIER Regional Jet CRJ-900,0
landing,LGA,04,1788911583.55,2026-09-08T23:53:03Z,40.775333,-73.877533,36.6,a4f05d,N417YX,E75L,EMBRAER ERJ-170-200 (long wing),0
takeoff,JFK,22R,1788911631.43,2026-09-08T23:53:51Z,40.645878,-73.766953,210.9,4ca615,EI-FNH,A333,AIRBUS A-330-300,0
landing,LGA,22,1788911645.62,2026-09-08T23:54:05Z,40.776981,-73.87767,208.1,a6ce58,N538CA,CRJ9,BOMBARDIER Regional Jet CRJ-900,0
landing,JFK,22L,1788911660.65,2026-09-08T23:54:20Z,40.635006,-73.762863,210.9,899018,B-18052,B77W,BOEING 777-300ER,0
takeoff,JFK,31L,1788911697.01,2026-09-08T23:54:57Z,40.63583,-73.789047,299.6,7c8066,VH-ZNC,B789,BOEING 787-9 Dreamliner,0
takeoff,JFK,22R,1788911745.48,2026-09-08T23:55:45Z,40.649609,-73.764023,210.9,a1b449,N209JQ,E75L,EMBRAER ERJ-170-200 (long wing),0
landing,JFK,22L,1788911788.12,2026-09-08T23:56:28Z,40.63678,-73.761505,208.1,a5fc87,N485PX,CRJ9,BOMBARDIER Regional Jet CRJ-900,0
takeoff,JFK,22R,1788911822.96,2026-09-08T23:57:02Z,40.646828,-73.76622,210.9,a768c2,N577DN,A21N,AIRBUS A-321neo,0
landing,JFK,22L,1788911863.24,2026-09-08T23:57:43Z,40.633678,-73.763916,210.9,a448db,N3751B,B738,BOEING 737-800,0
landing,LGA,22,1788911893.53,2026-09-08T23:58:13Z,40.775837,-73.878616,210.9,a4da13,N411YX,E75L,EMBRAER ERJ-170-200 (long wing),0
landing,LGA,04,1788911917.21,2026-09-08T23:58:37Z,40.775974,-73.881012,28.1,a40aa8,N36HF,S76,SIKORSKY S-76 Spirit,0
landing,JFK,22L,1788911957.56,2026-09-08T23:59:17Z,40.63623,-73.761917,210.9,a1fb4b,,,,
