type,airport,runway,timestamp,timestamp_iso,lat,lon,track_deg,icao,registration,aircraft_type,description,db_flags
takeoff,JFK,31L,1780272016.44,2026-06-01T00:00:16Z,40.630108,-73.776443,298.1,a5e9f4,N480PX,CRJ9,BOMBARDIER Regional Jet CRJ-900,0
takeoff,LGA,04,1780272034.16,2026-06-01T00:00:34Z,40.770321,-73.883179,30.9,acd68a,N926XJ,CRJ9,BOMBARDIER Regional Jet CRJ-900,0
takeoff,LGA,22,1780272059.08,2026-06-01T00:00:59Z,40.769703,-73.882492,225.0,a095f0,N137HQ,E75L,EMBRAER ERJ-170-200 (long wing),0
landing,JFK,31R,1780272071.34,2026-06-01T00:01:11Z,40.651753,-73.77697,300.9,a39289,N3293J,BCS3,AIRBUS A220-300,0
landing,LGA,31,1780272099.93,2026-06-01T00:01:39Z,40.779259,-73.872147,303.8,a4c527,N406YX,E75L,EMBRAER ERJ-170-200 (long wing),0
landing,JFK,31L,1780272140.05,2026-06-01T00:02:20Z,40.636677,-73.790924,300.9,a4d3be,N41WC,B350,,8
landing,JFK,31R,1780272171.48,2026-06-01T00:02:51Z,40.650194,-73.773537,300.9,a7133f,N555NW,B752,BOEING 757-200,0
landing,LGA,31,1780272195.22,2026-06-01T00:03:15Z,40.778445,-73.870463,303.8,a1be10,N211JQ,E75L,EMBRAER ERJ-170-200 (long wing),0
takeoff,JFK,31L,1780272200.23,2026-06-01T00:03:20Z,40.63044,-73.777145,300.9,a768c2,N577DN,A21N,AIRBUS A-321neo,0
takeoff,JFK,31L,1780272259.66,2026-06-01T00:04:19Z,40.630037,-73.776299,300.9,a17ecd,N196DN,B763,BOEING 767-300,0
landing,LGA,31,1780272270.89,2026-06-01T00:04:30Z,40.778853,-73.871337,303.8,a5106e,N425YX,E75L,EMBRAER ERJ-170-200 (long wing),0
takeoff,JFK,31L,1780272318.95,2026-06-01T00:05:18Z,40.631084,-73.778593,300.9,ab048d,N809NW,A333,AIRBUS A-330-300,0
landing,LGA,31,1780272336.71,2026-06-01T00:05:36Z,40.776833,-73.867081,300.9,a34bdc,N311PQ,CRJ9,BOMBARDIER Regional Jet CRJ-900,0
takeoff,JFK,31L,1780272401.38,2026-06-01T00:06:41Z,40.630943,-73.778275,299.6,485b44,PH-BKD,B78X,BOEING 787-10 Dreamliner,0
takeoff,LGA,04,1780272417.59,2026-06-01T00:06:57Z,40.769543,-73.88382,30.9,a37e80,N324PQ,CRJ9,BOMBARDIER Regional Jet CRJ-900,0
landing,JFK,31R,1780272441.93,2026-06-01T00:07:21Z,40.650822,-73.774918,300.9,a0a30e,N140DU,BCS1,AIRBUS A220-100,0
landing,LGA,31,1780272453.06,2026-06-01T00:07:33Z,40.777712,-73.86898,298.1,a1b449,N209JQ,E75L,EMBRAER ERJ-170-200 (long wing),0
landing,JFK,13L,1780272463.62,2026-06-01T00:07:43Z,40.646993,-73.771368,126.6,ac801e,N904XJ,CRJ9,BOMBARDIER Regional Jet CRJ-900,0
takeoff,LGA,22,1780272478.77,2026-06-01T00:07:58Z,40.770023,-73.88208,225.0,a4f7cb,N419YX,E75L,EMBRAER ERJ-170-200 (long wing),0
takeoff,JFK,31L,1780272511.0,2026-06-01T00:08:31Z,40.631561,-73.779638,300.9,a3298a,N3023J,BCS3,AIRBUS A220-300,0
landing,JFK,31R,1780272526.97,2026-06-01T00:08:46Z,40.650904,-73.775128,300.9,ad1560,N942JB,A321,AIRBUS A-321,0
landing,LGA,31,1780272529.78,2026-06-01T00:08:49Z,40.777398,-73.868247,303.8,aa589c,N766JB,A320,AIRBUS A-320,0
takeoff,LGA,04,1780272543.28,2026-06-01T00:09:03Z,40.769485,-73.883865,30.9,ac159a,N878RW,E170,EMBRAER ERJ-170-100,0
takeoff,JFK,31L,1780272560.79,2026-06-01T00:09:20Z,40.62999,-73.776174,300.9,a33e5e,N308PQ,CRJ9,BOMBARDIER Regional Jet CRJ-900,0
landing,LGA,31,1780272625.19,2026-06-01T00:10:25Z,40.776862,-73.867155,298.1,a8f235,N676CA,CRJ9,BOMBARDIER Regional Jet CRJ-900,0
takeoff,JFK,31L,1780272627.25,2026-06-01T00:10:27Z,40.630703,-73.77774,300.9,acb2c2,N917XJ,CRJ9,BOMBARDIER Regional Jet CRJ-900,0
landing,JFK,22R,1780272643.92,2026-06-01T00:10:43Z,40.64566,-73.770889,180.0,aca79d,N914XJ,CRJ9,BOMBARDIER Regional Jet CRJ-900,0
takeoff,JFK,31L,1780272694.26,2026-06-01T00:11:34Z,40.630314,-73.776886,300.9,a6cacb,N537DT,A21N,AIRBUS A-321neo,0
landing,LGA,31,1780272699.82,2026-06-01T00:11:39Z,40.777107,-73.867661,300.9,abdb35,N863NN,B738,BOEING 737-800,0
landing,JFK,31R,1780272706.6,2026-06-01T00:11:46Z,40.651602,-73.776673,300.9,a04641,N117AN,A321,AIRBUS A-321,0
takeoff,LGA,04,1780272730.16,2026-06-01T00:12:10Z,40.770367,-73.883133,30.9,a013e8,N104DN,A321,AIRBUS A-321,0
landing,JFK,13L,1780272734.46,2026-06-01T00:12:14Z,40.649496,-73.776798,120.9,ace063,N929JB,A321,AIRBUS A-321,0
takeoff,JFK,31L,1780272758.51,2026-06-01T00:12:38Z,40.631149,-73.778748,300.9,4b187b,HB-JHB,A333,AIRBUS A-330-300,0
landing,LGA,31,1780272792.7,2026-06-01T00:13:12Z,40.776707,-73.866821,303.8,a47d11,N389DN,A321,AIRBUS A-321,0
takeoff,JFK,31L,1780272845.7,2026-06-01T00:14:05Z,40.629885,-73.775987,299.6,abac2c,N851MK,B789,BOEING 787-9 Dreamliner,0
landing,JFK,31R,1780272871.24,2026-06-01T00:14:31Z,40.654221,-73.782323,300.9,78021a,B-LID,B744,BOEING 747-400,0
landing,LGA,31,1780272884.98,2026-06-01T00:14:44Z,40.779156,-73.871948,300.9,a24369,N245JQ,E75L,EMBRAER ERJ-170-200 (long wing),0
takeoff,LGA,04,1780272896.41,2026-06-01T00:14:56Z,40.769519,-73.883853,33.8,a1e58f,N221JQ,E75L,EMBRAER ERJ-170-200 (long wing),0
takeoff,JFK,31L,1780272942.29,2026-06-01T00:15:42Z,40.631092,-73.778595,300.9,a38ad5,N3271J,BCS3,,0
landing,LGA,31,1780272957.72,2026-06-01T00:15:57Z,40.776653,-73.866733,300.9,a2b060,N27205,B738,BOEING 737-800,0
takeoff,LGA,04,1780272992.72,2026-06-01T00:16:32Z,40.769973,-73.883462,30.9,a2348d,N241JQ,E75L,EMBRAER ERJ-170-200 (long wing),0
takeoff,JFK,31L,1780272995.06,2026-06-01T00:16:35Z,40.628723,-73.773346,300.9,ab53e4,N829SK,CRJ9,BOMBARDIER Regional Jet CRJ-900,0
landing,JFK,31R,1780273007.48,2026-06-01T00:16:47Z,40.6516,-73.776642,300.9,ade9c0,N996JL,A321,AIRBUS A-321,0
takeoff,JFK,31L,1780273058.9,2026-06-01T00:17:38Z,40.628712,-73.773376,300.9,a210c5,N232JQ,E75L,EMBRAER ERJ-170-200 (long wing),0
takeoff,LGA,04,1780273067.45,2026-06-01T00:17:47Z,40.770321,-73.883179,30.9,ab40ce,N824MD,E170,EMBRAER ERJ-170-100,0
landing,JFK,31R,1780273101.0,2026-06-01T00:18:21Z,40.652009,-73.777516,298.1,a1cf48,N2156J,A21N,AIRBUS A-321neo,0
takeoff,LGA,04,1780273104.79,2026-06-01T00:18:24Z,40.769658,-73.883728,30.9,a0835d,N132HQ,E75L,EMBRAER ERJ-170-200 (long wing),0
takeoff,JFK,31L,1780273135.23,2026-06-01T00:18:55Z,40.631014,-73.778421,300.9,408120,G-VEYR,A339,AIRBUS A-330-900,0
takeoff,LGA,04,1780273153.63,2026-06-01T00:19:13Z,40.770252,-73.88324,30.9,a4b64b,N402YX,E75L,EMBRAER ERJ-170-200 (long wing),0
takeoff,JFK,31L,1780273189.37,2026-06-01T00:19:49Z,40.630154,-73.776535,300.9,40621b,G-STBA,B77W,BOEING 777-300ER,0
landing,JFK,31R,1780273207.29,2026-06-01T00:20:07Z,40.651171,-73.775643,300.9,789246,B-LXN,A35K,AIRBUS A-350-1000,0
takeoff,LGA,04,1780273228.48,2026-06-01T00:20:28Z,40.76974,-73.883665,30.9,abc649,N858NN,B738,BOEING 737-800,0
landing,JFK,31L,1780273229.26,2026-06-01T00:20:29Z,40.641632,-73.796768,264.4,a73a57,N565JT,GLF5,GULFSTREAM 5,8
takeoff,JFK,31L,1780273278.06,2026-06-01T00:21:18Z,40.62878,-73.77349,300.9,a4eca6,N416YX,E75L,EMBRAER ERJ-170-200 (long wing),0
takeoff,LGA,04,1780273307.46,2026-06-01T00:21:47Z,40.771328,-73.88237,30.9,a2fe3c,N292PQ,CRJ9,BOMBARDIER Regional Jet CRJ-900,0
landing,JFK,31R,1780273321.97,2026-06-01T00:22:01Z,40.650846,-73.774972,300.9,a32886,N302UD,B38M,BOEING 737 MAX 8,0
takeoff,LGA,04,1780273374.87,2026-06-01T00:22:54Z,40.770195,-73.883301,33.8,a4bdb9,N404YX,E75L,EMBRAER ERJ-170-200 (long wing),0
takeoff,JFK,31L,1780273377.52,2026-06-01T00:22:57Z,40.631161,-73.778778,300.9,a37517,N3215J,BCS3,,0
landing,LGA,31,1780273483.72,2026-06-01T00:24:43Z,40.775517,-73.864365,303.8,c0850c,C-GYJZ,DH8D,DE HAVILLAND DHC-8-400 Dash 8,0
takeoff,LGA,04,1780273514.17,2026-06-01T00:25:14Z,40.769856,-73.883556,30.9,a23bfb,N243JQ,E75L,EMBRAER ERJ-170-200 (long wing),0
landing,LGA,31,1780273592.17,2026-06-01T00:26:32Z,40.778835,-73.871246,300.9,a08e82,N135HQ,E75L,EMBRAER ERJ-170-200 (long wing),0
takeoff,JFK,31L,1780273622.97,2026-06-01T00:27:02Z,40.630394,-73.777039,300.9,a403b3,N358NB,A319,AIRBUS A-319,0
takeoff,LGA,04,1780273630.62,2026-06-01T00:27:10Z,40.774011,-73.880138,30.9,a35254,N313DU,BCS3,AIRBUS A220-300,0
landing,JFK,31R,1780273670.5,2026-06-01T00:27:50Z,40.652033,-73.777625,300.9,ad5329,N958JB,A321,AIRBUS A-321,0
takeoff,JFK,31L,1780273683.19,2026-06-01T00:28:03Z,40.630351,-73.776939,300.9,a39ada,N331PQ,CRJ9,BOMBARDIER Regional Jet CRJ-900,0
landing,LGA,31,1780273698.17,2026-06-01T00:28:18Z,40.776924,-73.867294,303.8,a2b153,N27273,B38M,BOEING 737 MAX 8,0
takeoff,LGA,04,1780273726.51,2026-06-01T00:28:46Z,40.771854,-73.881927,28.1,a7dadc,N605LR,CRJ9,BOMBARDIER Regional Jet CRJ-900,0
landing,LGA,31,1780273773.33,2026-06-01T00:29:33Z,40.776932,-73.867279,300.9,a84200,N631FR,A21N,AIRBUS A-321neo,0
takeoff,LGA,04,1780273816.21,2026-06-01T00:30:16Z,40.771416,-73.882292,33.8,c003a8,C-FBJZ,CRJ7,BOMBARDIER Regional Jet CRJ-700,0
takeoff,JFK,31L,1780273855.07,2026-06-01T00:30:55Z,40.630634,-73.777603,300.9,ab3d41,N823NW,A333,AIRBUS A-330-300,0
takeoff,LGA,04,1780273860.8,2026-06-01T00:31:00Z,40.771763,-73.882004,30.9,abfe1c,N872DN,B739,BOEING 737-900,0
landing,JFK,31R,1780273870.82,2026-06-01T00:31:10Z,40.651943,-73.777374,300.9,aaa02c,N784JB,A320,AIRBUS A-320,0
landing,LGA,31,1780273911.68,2026-06-01T00:31:51Z,40.778229,-73.86998,300.9,c0064c,C-FCJZ,CRJ7,BOMBARDIER Regional Jet CRJ-700,0
takeoff,LGA,04,1780273944.56,2026-06-01T00:32:24Z,40.771137,-73.88251,30.9,a19e97,N203QS,,,0
takeoff,JFK,31L,1780273959.62,2026-06-01T00:32:39Z,40.630514,-73.777329,300.9,ad2095,N945JT,A321,AIRBUS A-321,0
landing,JFK,31R,1780273960.67,2026-06-01T00:32:40Z,40.651299,-73.775971,300.9,71c011,HL8011,B77W,BOEING 777-300ER,0
landing,LGA,31,1780273995.91,2026-06-01T00:33:15Z,40.777485,-73.868439,303.8,a08a85,N134EV,CRJ9,BOMBARDIER Regional Jet CRJ-900,0
takeoff,JFK,31L,1780273996.54,2026-06-01T00:33:16Z,40.628254,-73.772339,303.8,ab6162,N832SK,CRJ9,BOMBARDIER Regional Jet CRJ-900,0
landing,LGA,31,1780274070.87,2026-06-01T00:34:30Z,40.776844,-73.867081,303.8,ac5349,N8933Q,B38M,,0
takeoff,JFK,31L,1780274078.27,2026-06-01T00:34:38Z,40.631035,-73.778442,300.9,4c0223,YU-ARD,A332,AIRBUS A-330-200,0
takeoff,LGA,04,1780274102.75,2026-06-01T00:35:02Z,40.770344,-73.883179,30.9,a446b6,N375DN,A321,AIRBUS A-321,0
takeoff,JFK,31L,1780274181.15,2026-06-01T00:36:21Z,40.630119,-73.776474,300.9,a779eb,N581DA,A21N,,0
landing,LGA,31,1780274192.22,2026-06-01T00:36:32Z,40.778701,-73.870978,303.8,a866c7,N640RW,E170,EMBRAER ERJ-170-100,0
takeoff,LGA,04,1780274223.77,2026-06-01T00:37:03Z,40.769485,-73.883865,30.9,ac1951,N879RW,E170,EMBRAER ERJ-170-100,0
landing,JFK,31R,1780274231.75,2026-06-01T00:37:11Z,40.649986,-73.773056,300.9,a8e1f6,N6711M,B752,BOEING 757-200,0
landing,LGA,31,1780274235.73,2026-06-01T00:37:15Z,40.778687,-73.870956,303.8,a49d16,N397DA,B738,BOEING 737-800,0
takeoff,JFK,31L,1780274240.63,2026-06-01T00:37:20Z,40.630095,-73.776361,300.9,a1a832,N2059J,A21N,AIRBUS A-321neo,0
takeoff,JFK,31L,1780274307.42,2026-06-01T00:38:27Z,40.630316,-73.776892,300.9,a6a3c2,N527JL,A320,AIRBUS A-320,0
landing,LGA,31,1780274333.4,2026-06-01T00:38:53Z,40.778387,-73.870369,303.8,a19dff,N203JQ,E75L,EMBRAER ERJ-170-200 (long wing),0
takeoff,JFK,31L,1780274351.67,2026-06-01T00:39:11Z,40.628448,-73.772781,300.9,a54cd9,N440YX,E75L,EMBRAER ERJ-170-200 (long wing),0
takeoff,LGA,04,1780274355.4,2026-06-01T00:39:15Z,40.770229,-73.88327,30.9,a36130,N317DU,BCS3,AIRBUS A220-300,0
landing,JFK,31R,1780274401.21,2026-06-01T00:40:01Z,40.650683,-73.774613,300.9,a4dbef,N412DX,A339,AIRBUS A-330-900,0
takeoff,JFK,31L,1780274401.36,2026-06-01T00:40:01Z,40.6283,-73.77243,300.9,a50192,N421YX,E75L,EMBRAER ERJ-170-200 (long wing),0
takeoff,LGA,13,1780274405.65,2026-06-01T00:40:05Z,40.776695,-73.872208,165.9,a866c7,N640RW,E170,EMBRAER ERJ-170-100,0
landing,LGA,31,1780274415.59,2026-06-01T00:40:15Z,40.777782,-73.869049,300.9,ab282b,N818MD,E170,EMBRAER ERJ-170-100,0
takeoff,LGA,04,1780274447.19,2026-06-01T00:40:47Z,40.771568,-73.882156,30.9,a46d8f,N38473,B739,BOEING 737-900,0
takeoff,LGA,22,1780274453.41,2026-06-01T00:40:53Z,40.770069,-73.882019,225.0,a53f5b,N437YX,E75L,EMBRAER ERJ-170-200 (long wing),0
landing,LGA,31,1780274508.52,2026-06-01T00:41:48Z,40.776676,-73.866749,300.9,aa9e28,N7831B,B737,BOEING 737-700,0
landing,JFK,31R,1780274538.76,2026-06-01T00:42:18Z,40.652081,-73.777679,300.9,ab9a32,N847DN,B739,BOEING 737-900,0
takeoff,LGA,04,1780274542.82,2026-06-01T00:42:22Z,40.770882,-73.882721,30.9,adbef0,N985NN,B738,BOEING 737-800,0
takeoff,JFK,31L,1780274548.17,2026-06-01T00:42:28Z,40.630085,-73.776382,300.9,a1d4ab,N217MW,C56X,CESSNA 560XL Citation XLS,0
landing,LGA,31,1780274605.57,2026-06-01T00:43:25Z,40.777142,-73.867722,300.9,a19357,N200PQ,CRJ9,BOMBARDIER Regional Jet CRJ-900,0
takeoff,JFK,31L,1780274624.29,2026-06-01T00:43:44Z,40.630211,-73.776658,300.9,400683,G-VIIK,B772,BOEING 777-200,0
landing,JFK,31R,1780274629.95,2026-06-01T00:43:49Z,40.650264,-73.773708,300.9,a7f6f6,N612JB,A320,AIRBUS A-320,0
takeoff,LGA,22,1780274649.33,2026-06-01T00:44:09Z,40.769989,-73.882111,199.7,a08e3c,N135EV,CRJ9,BOMBARDIER Regional Jet CRJ-900,0
takeoff,JFK,31L,1780274711.39,2026-06-01T00:45:11Z,40.630933,-73.77825,302.4,e8026c,CC-BBE,B788,BOEING 787-8 Dreamliner,0
landing,LGA,31,1780274712.77,2026-06-01T00:45:12Z,40.776867,-73.867157,298.1,a130cb,N176PQ,CRJ9,BOMBARDIER Regional Jet CRJ-900,0
landing,JFK,31R,1780274747.84,2026-06-01T00:45:47Z,40.651749,-73.776962,300.9,e80210,CC-CWV,B763,BOEING 767-300,0
takeoff,LGA,04,1780274748.94,2026-06-01T00:45:48Z,40.772667,-73.881241,30.9,c084a3,C-GYFY,A321,AIRBUS A-321,0
landing,LGA,31,1780274800.17,2026-06-01T00:46:40Z,40.777828,-73.869278,295.3,a0634c,N124HQ,E75L,EMBRAER ERJ-170-200 (long wing),0
takeoff,JFK,31L,1780274821.51,2026-06-01T00:47:01Z,40.630566,-73.77742,300.9,a03765,N113AN,A321,AIRBUS A-321,0
landing,JFK,31R,1780274845.66,2026-06-01T00:47:25Z,40.649311,-73.771576,300.9,a69463,N523DE,A21N,,0
landing,LGA,31,1780274869.89,2026-06-01T00:47:49Z,40.777235,-73.867935,303.8,ace7bf,N930XJ,CRJ9,BOMBARDIER Regional Jet CRJ-900,0
takeoff,JFK,31L,1780274884.55,2026-06-01T00:48:04Z,40.630749,-73.777847,300.9,aaf111,N804DN,B739,BOEING 737-900,0
takeoff,LGA,22,1780274901.11,2026-06-01T00:48:21Z,40.770161,-73.881912,225.0,a03f84,N115HQ,E75L,EMBRAER ERJ-170-200 (long wing),0
takeoff,LGA,04,1780274907.42,2026-06-01T00:48:27Z,40.773331,-73.880707,33.8,a0be05,N147PQ,CRJ9,BOMBARDIER Regional Jet CRJ-900,0
takeoff,LGA,22,1780274925.3,2026-06-01T00:48:45Z,40.769193,-73.883462,247.5,a2bbcc,N27526,B39M,BOEING 737 MAX 9,0
landing,JFK,31R,1780274935.47,2026-06-01T00:48:55Z,40.650869,-73.774972,300.9,a7de53,N606JB,A320,AIRBUS A-320,0
takeoff,JFK,31L,1780274949.61,2026-06-01T00:49:09Z,40.630851,-73.778062,300.9,a4fc00,N420DX,A339,AIRBUS A-330-900,0
landing,LGA,31,1780274974.83,2026-06-01T00:49:34Z,40.778675,-73.870941,303.8,a4c8de,N407YX,E75L,EMBRAER ERJ-170-200 (long wing),0
landing,JFK,31R,1780275017.3,2026-06-01T00:50:17Z,40.650741,-73.774723,300.9,ada227,N978JB,A321,AIRBUS A-321,0
takeoff,JFK,31L,1780275065.6,2026-06-01T00:51:05Z,40.630714,-73.777771,299.6,ab5257,N829AN,B789,BOEING 787-9 Dreamliner,0
landing,LGA,31,1780275072.97,2026-06-01T00:51:12Z,40.77791,-73.869495,289.7,a1ba59,N210JQ,E75L,EMBRAER ERJ-170-200 (long wing),0
landing,JFK,31R,1780275118.11,2026-06-01T00:51:58Z,40.653191,-73.781113,261.6,ade252,N994JL,A321,AIRBUS A-321,0
landing,LGA,31,1780275140.17,2026-06-01T00:52:20Z,40.777793,-73.869105,295.3,a8a0d9,N655RW,E170,EMBRAER ERJ-170-100,0
takeoff,JFK,31L,1780275153.49,2026-06-01T00:52:33Z,40.63076,-73.777878,300.9,780654,B-2081,B77L,BOEING 777-200LR,0
takeoff,LGA,04,1780275174.54,2026-06-01T00:52:54Z,40.773045,-73.880934,30.9,a08021,N131NN,A321,AIRBUS A-321,0
landing,JFK,31R,1780275204.27,2026-06-01T00:53:24Z,40.651978,-73.777451,300.9,899021,B-18051,B77W,BOEING 777-300ER,0
landing,LGA,31,1780275218.74,2026-06-01T00:53:38Z,40.776583,-73.866577,303.8,a3c259,N341PQ,CRJ9,BOMBARDIER Regional Jet CRJ-900,0
takeoff,JFK,31L,1780275253.3,2026-06-01T00:54:13Z,40.630589,-73.777496,300.9,ab4840,N826MH,B764,BOEING 767-400,0
takeoff,LGA,04,1780275261.17,2026-06-01T00:54:21Z,40.773594,-73.880478,30.9,a086ce,N133EV,CRJ9,BOMBARDIER Regional Jet CRJ-900,0
landing,JFK,31R,1780275310.74,2026-06-01T00:55:10Z,40.651928,-73.77736,300.9,aa5428,N765AN,B772,BOEING 777-200,0
landing,LGA,31,1780275329.49,2026-06-01T00:55:29Z,40.778378,-73.870316,300.9,a4b294,N401YX,E75L,EMBRAER ERJ-170-200 (long wing),0
takeoff,LGA,31,1780275329.49,2026-06-01T00:55:29Z,40.778378,-73.870316,300.9,a4b294,N401YX,E75L,EMBRAER ERJ-170-200 (long wing),0
landing,LGA,31,1780275335.93,2026-06-01T00:55:35Z,40.778864,-73.871352,300.9,a4b294,N401YX,E75L,EMBRAER ERJ-170-200 (long wing),0
takeoff,JFK,31L,1780275345.14,2026-06-01T00:55:45Z,40.630669,-73.777664,300.9,aca02f,N912XJ,CRJ9,BOMBARDIER Regional Jet CRJ-900,0
landing,LGA,31,1780275393.01,2026-06-01T00:56:33Z,40.777325,-73.868103,303.8,acfa52,N935XJ,CRJ9,BOMBARDIER Regional Jet CRJ-900,0
takeoff,JFK,31L,1780275410.07,2026-06-01T00:56:50Z,40.630005,-73.776138,300.9,ab8fd0,N844MH,B764,BOEING 767-400,0
landing,JFK,31R,1780275414.87,2026-06-01T00:56:54Z,40.650834,-73.77491,300.9,407ed8,G-VEII,A339,AIRBUS A-330-900,0
takeoff,LGA,04,1780275422.91,2026-06-01T00:57:02Z,40.769926,-73.883509,30.9,a07228,N128HQ,E75L,EMBRAER ERJ-170-200 (long wing),0
landing,LGA,31,1780275475.78,2026-06-01T00:57:55Z,40.776979,-73.867404,303.8,a3549d,N3132J,BCS3,AIRBUS A220-300,0
takeoff,JFK,31L,1780275495.71,2026-06-01T00:58:15Z,40.629536,-73.775146,300.9,a99b83,N718TW,B752,BOEING 757-200,0
takeoff,LGA,04,1780275511.53,2026-06-01T00:58:31Z,40.771854,-73.881912,30.9,a008c5,N101DQ,A321,AIRBUS A-321,0
landing,JFK,31R,1780275541.02,2026-06-01T00:59:01Z,40.651234,-73.775848,300.9,a19cc7,N2027J,A21N,AIRBUS A-321neo,0
landing,LGA,31,1780275562.8,2026-06-01T00:59:22Z,40.777107,-73.867685,303.8,aacd50,N79521,B738,BOEING 737-800,0
takeoff,JFK,31L,1780275571.71,2026-06-01T00:59:31Z,40.629604,-73.77533,300.9,4bb14b,TC-LJK,B77W,BOEING 777-300ER,0
takeoff,LGA,04,1780275596.61,2026-06-01T00:59:56Z,40.769926,-73.883509,30.9,a1c57e,N213JQ,E75L,EMBRAER ERJ-170-200 (long wing),0
landing,LGA,13,1780275619.93,2026-06-01T01:00:19Z,40.776489,-73.872253,165.9,a866c7,N640RW,E170,EMBRAER ERJ-170-100,0
landing,JFK,31R,1780275642.54,2026-06-01T01:00:42Z,40.652676,-73.778992,300.9,a3556f,N3138J,BCS3,AIRBUS A220-300,0
landing,LGA,31,1780275648.48,2026-06-01T01:00:48Z,40.776821,-73.86705,300.9,a187ba,N198UW,A321,AIRBUS A-321,0
takeoff,JFK,31L,1780275654.22,2026-06-01T01:00:54Z,40.630048,-73.776314,300.9,abb3be,N853NW,A332,AIRBUS A-330-200,0
takeoff,LGA,04,1780275676.73,2026-06-01T01:01:16Z,40.770008,-73.883431,30.9,a89d22,N654RW,E170,EMBRAER ERJ-170-100,0
takeoff,JFK,31L,1780275751.26,2026-06-01T01:02:31Z,40.630371,-73.777008,300.9,a6d234,N539DN,A21N,,0
landing,LGA,31,1780275751.6,2026-06-01T01:02:31Z,40.776867,-73.867188,298.1,a34215,N309PQ,CRJ9,BOMBARDIER Regional Jet CRJ-900,0
landing,JFK,31R,1780275757.94,2026-06-01T01:02:37Z,40.652905,-73.77948,300.9,ac77d3,N902NN,B738,BOEING 737-800,0
takeoff,JFK,31L,1780275808.3,2026-06-01T01:03:28Z,40.630405,-73.777069,300.9,a95fbe,N703AL,B39M,BOEING 737 MAX 9,0
landing,LGA,31,1780275832.21,2026-06-01T01:03:52Z,40.777514,-73.868543,303.8,a32814,N302PQ,CRJ9,BOMBARDIER Regional Jet CRJ-900,0
takeoff,LGA,04,1780275871.31,2026-06-01T01:04:31Z,40.77329,-73.880731,30.9,a2c93f,N279PQ,CRJ9,BOMBARDIER Regional Jet CRJ-900,0
takeoff,JFK,31L,1780275878.92,2026-06-01T01:04:38Z,40.629501,-73.775082,300.9,ad2baa,N948JB,A321,AIRBUS A-321,0
landing,LGA,31,1780275921.97,2026-06-01T01:05:21Z,40.776839,-73.867123,303.8,a3133d,N298AL,GLF6,GULFSTREAM G650,8
takeoff,JFK,31L,1780275937.54,2026-06-01T01:05:37Z,40.630222,-73.776672,300.9,a5fc87,N485PX,CRJ9,BOMBARDIER Regional Jet CRJ-900,0
landing,JFK,13L,1780275944.18,2026-06-01T01:05:44Z,40.654349,-73.785615,129.4,ad6f93,N965JT,A321,AIRBUS A-321,0
takeoff,LGA,04,1780275952.11,2026-06-01T01:05:52Z,40.769852,-73.883575,33.8,a4c527,N406YX,E75L,EMBRAER ERJ-170-200 (long wing),0
landing,JFK,31R,1780276003.32,2026-06-01T01:06:43Z,40.652161,-73.777891,300.9,adbe91,N985JT,A321,AIRBUS A-321,0
takeoff,JFK,31L,1780276003.36,2026-06-01T01:06:43Z,40.631344,-73.779144,300.9,40683e,G-VUFO,A333,AIRBUS A-330-300,0
landing,LGA,31,1780276010.84,2026-06-01T01:06:50Z,40.77727,-73.867966,300.9,a49d22,N397DN,A321,AIRBUS A-321,0
landing,LGA,31,1780276103.36,2026-06-01T01:08:23Z,40.777956,-73.869433,303.8,ad1986,N943NN,B738,BOEING 737-800,0
takeoff,JFK,31L,1780276113.08,2026-06-01T01:08:33Z,40.630451,-73.777176,300.9,a023a5,N108NN,A321,AIRBUS A-321,0
takeoff,LGA,04,1780276129.69,2026-06-01T01:08:49Z,40.770019,-73.883447,33.8,a8a490,N656RW,E170,EMBRAER ERJ-170-100,0
landing,JFK,31R,1780276177.22,2026-06-01T01:09:37Z,40.651846,-73.77722,303.8,a38ef5,N3284J,BCS3,AIRBUS A220-300,0
takeoff,JFK,31L,1780276185.21,2026-06-01T01:09:45Z,40.629781,-73.775675,299.6,a4ef90,N417QS,E55P,EMBRAER EMB-505 Phenom 300,0
landing,LGA,31,1780276206.61,2026-06-01T01:10:06Z,40.778881,-73.871399,303.8,abd063,N860RW,E170,EMBRAER ERJ-170-100,0
takeoff,LGA,04,1780276228.92,2026-06-01T01:10:28Z,40.769897,-73.883545,30.9,a20347,N229JQ,E75L,EMBRAER ERJ-170-200 (long wing),0
takeoff,JFK,31L,1780276247.18,2026-06-01T01:10:47Z,40.631126,-73.778656,300.9,a4995f,N396DA,B738,BOEING 737-800,0
landing,JFK,31R,1780276297.83,2026-06-01T01:11:37Z,40.650974,-73.775253,300.9,a7cb53,N601DT,A21N,AIRBUS A-321neo,0
takeoff,JFK,31L,1780276303.28,2026-06-01T01:11:43Z,40.630188,-73.776611,300.9,4cc587,TF-IAG,A21N,AIRBUS A-321neo,0
landing,LGA,31,1780276304.15,2026-06-01T01:11:44Z,40.778378,-73.8703,300.9,a030a8,N111HQ,E75L,EMBRAER ERJ-170-200 (long wing),0
takeoff,LGA,04,1780276329.9,2026-06-01T01:12:09Z,40.770802,-73.882782,33.8,c08859,C-GZQM,E295,EMBRAER ERJ-190-400,0
takeoff,JFK,31L,1780276360.61,2026-06-01T01:12:40Z,40.630177,-73.776581,300.9,aaf4c8,N805DN,B739,BOEING 737-900,0
takeoff,JFK,31L,1780276411.3,2026-06-01T01:13:31Z,40.630072,-73.77633,300.9,a7d2bc,N603DN,A21N,AIRBUS A-321neo,0
landing,JFK,31R,1780276443.5,2026-06-01T01:14:03Z,40.650146,-73.773438,300.9,a89fa3,N655DL,B752,BOEING 757-200,0
landing,LGA,31,1780276463.67,2026-06-01T01:14:23Z,40.779819,-73.873319,303.8,c00b78,C-FEIX,E75S,EMBRAER ERJ-170-200 (short wing),0
takeoff,JFK,31L,1780276474.26,2026-06-01T01:14:34Z,40.630048,-73.776283,300.9,a20288,N229AZ,B763,BOEING 767-300,0
takeoff,LGA,04,1780276498.44,2026-06-01T01:14:58Z,40.771832,-73.881943,30.9,a45f8e,N381FR,A20N,AIRBUS A-320neo,0
takeoff,JFK,31L,1780276537.19,2026-06-01T01:15:37Z,40.631344,-73.77916,300.9,4b1882,HB-JHI,A333,AIRBUS A-330-300,0
landing,LGA,31,1780276575.99,2026-06-01T01:16:15Z,40.7767,-73.866811,295.3,a18380,N197PQ,CRJ9,BOMBARDIER Regional Jet CRJ-900,0
takeoff,LGA,04,1780276625.12,2026-06-01T01:17:05Z,40.772231,-73.881605,30.9,a43f3c,N373DA,B738,BOEING 737-800,0
landing,JFK,31R,1780276634.5,2026-06-01T01:17:14Z,40.650066,-73.773209,300.9,a34978,N3102J,BCS3,AIRBUS A220-300,0
takeoff,JFK,31L,1780276637.8,2026-06-01T01:17:17Z,40.631241,-73.778915,300.9,a45b96,N380DA,B738,BOEING 737-800,0
takeoff,LGA,04,1780276657.58,2026-06-01T01:17:37Z,40.77059,-73.882947,30.9,a24369,N245JQ,E75L,EMBRAER ERJ-170-200 (long wing),0
takeoff,JFK,31L,1780276697.69,2026-06-01T01:18:17Z,40.631142,-73.778718,300.9,a16ff1,N192DN,B763,BOEING 767-300,0
landing,JFK,31R,1780276740.98,2026-06-01T01:19:00Z,40.651096,-73.775513,300.9,a37f8d,N3240J,BCS3,,0
landing,LGA,31,1780276785.76,2026-06-01T01:19:45Z,40.776443,-73.866281,303.8,a1f822,N226JQ,E75L,EMBRAER ERJ-170-200 (long wing),0
takeoff,JFK,31L,1780276791.62,2026-06-01T01:19:51Z,40.631058,-73.778503,300.9,ad646e,N962JT,A321,AIRBUS A-321,0
takeoff,LGA,04,1780276808.07,2026-06-01T01:20:08Z,40.770241,-73.88324,30.9,a51425,N426YX,E75L,EMBRAER ERJ-170-200 (long wing),0
landing,JFK,31R,1780276823.74,2026-06-01T01:20:23Z,40.651078,-73.775472,300.9,ad9712,N975JT,A321,AIRBUS A-321,0
takeoff,JFK,31L,1780276864.07,2026-06-01T01:21:04Z,40.631184,-73.778793,300.9,781e34,B-222K,B77L,BOEING 777-200LR,0
takeoff,LGA,22,1780276876.67,2026-06-01T01:21:16Z,40.776272,-73.876755,213.8,abdf3f,N864RW,E170,EMBRAER ERJ-170-100,0
landing,LGA,31,1780276884.97,2026-06-01T01:21:24Z,40.779327,-73.872314,303.8,a01f73,N107HQ,E75L,EMBRAER ERJ-170-200 (long wing),0
takeoff,LGA,31,1780276888.0,2026-06-01T01:21:28Z,40.779705,-73.873093,303.8,a01f73,N107HQ,E75L,EMBRAER ERJ-170-200 (long wing),0
landing,LGA,31,1780276891.47,2026-06-01T01:21:31Z,40.780083,-73.873871,303.8,a01f73,N107HQ,E75L,EMBRAER ERJ-170-200 (long wing),0
landing,JFK,31R,1780276922.64,2026-06-01T01:22:02Z,40.652515,-73.778687,300.9,3475d4,EC-ODB,A332,AIRBUS A-330-200,0
takeoff,LGA,04,1780276924.94,2026-06-01T01:22:04Z,40.77071,-73.882858,30.9,c0618e,C-GKYN,E295,EMBRAER ERJ-190-400,0
takeoff,LGA,04,1780276960.44,2026-06-01T01:22:40Z,40.769966,-73.883484,30.9,a1be10,N211JQ,E75L,EMBRAER ERJ-170-200 (long wing),0
takeoff,JFK,31L,1780276965.76,2026-06-01T01:22:45Z,40.630688,-73.777688,300.9,ab355c,N821JB,A320,AIRBUS A-320,0
landing,LGA,31,1780277017.29,2026-06-01T01:23:37Z,40.776512,-73.866409,303.8,ac0b80,N87513,B738,BOEING 737-800,0
takeoff,JFK,31L,1780277035.29,2026-06-01T01:23:55Z,40.630302,-73.776855,300.9,400684,G-VIIL,B772,BOEING 777-200,0
takeoff,LGA,04,1780277049.04,2026-06-01T01:24:09Z,40.77024,-73.883244,30.9,a1b449,N209JQ,E75L,EMBRAER ERJ-170-200 (long wing),0
landing,JFK,31R,1780277054.74,2026-06-01T01:24:14Z,40.652653,-73.7789,300.9,a1373d,N178DN,B763,BOEING 767-300,0
landing,LGA,31,1780277108.99,2026-06-01T01:25:08Z,40.776169,-73.865677,303.8,a9d626,N73291,B738,BOEING 737-800,0
takeoff,JFK,31L,1780277134.56,2026-06-01T01:25:34Z,40.630851,-73.778031,303.8,a6152a,N491PX,CRJ9,BOMBARDIER Regional Jet CRJ-900,0
landing,JFK,31R,1780277164.43,2026-06-01T01:26:04Z,40.65386,-73.78162,300.9,a13501,N177US,A321,AIRBUS A-321,0
takeoff,LGA,04,1780277165.22,2026-06-01T01:26:05Z,40.773376,-73.880661,30.9,a93d7c,N695CA,CRJ9,BOMBARDIER Regional Jet CRJ-900,0
landing,LGA,31,1780277221.24,2026-06-01T01:27:01Z,40.777119,-73.867676,300.9,a062ef,N124DX,A321,AIRBUS A-321,0
takeoff,JFK,31L,1780277248.21,2026-06-01T01:27:28Z,40.630657,-73.777603,300.9,a4b6b6,N4022J,A21N,AIRBUS A-321neo,0
takeoff,LGA,04,1780277250.08,2026-06-01T01:27:30Z,40.769961,-73.883478,30.9,ac26cf,N882RW,E170,EMBRAER ERJ-170-100,0
landing,JFK,31R,1780277256.81,2026-06-01T01:27:36Z,40.652939,-73.779572,300.9,a1a3a9,N2043J,A21N,AIRBUS A-321neo,0
takeoff,LGA,04,1780277304.21,2026-06-01T01:28:24Z,40.773113,-73.880875,33.8,ac4210,N8893L,B38M,BOEING 737 MAX 8,0
takeoff,JFK,31L,1780277319.69,2026-06-01T01:28:39Z,40.631142,-73.778718,300.9,a3401a,N3085J,BCS3,AIRBUS A220-300,0
landing,JFK,31R,1780277334.69,2026-06-01T01:28:54Z,40.650524,-73.774261,300.9,a16883,N190DN,B763,BOEING 767-300,0
takeoff,LGA,04,1780277335.06,2026-06-01T01:28:55Z,40.773476,-73.880575,30.9,aca3e6,N913XJ,CRJ9,BOMBARDIER Regional Jet CRJ-900,0
takeoff,JFK,31L,1780277386.72,2026-06-01T01:29:46Z,40.631026,-73.778468,299.6,ab436f,N825AA,B789,BOEING 787-9 Dreamliner,0
landing,LGA,31,1780277398.08,2026-06-01T01:29:58Z,40.777245,-73.867966,303.8,a05827,N121HQ,E75L,EMBRAER ERJ-170-200 (long wing),0
landing,JFK,31R,1780277461.57,2026-06-01T01:31:01Z,40.65176,-73.776978,300.9,a1a56d,N205JQ,E75L,EMBRAER ERJ-170-200 (long wing),0
landing,LGA,31,1780277507.4,2026-06-01T01:31:47Z,40.778434,-73.870432,303.8,a44168,N37307,B38M,,0
takeoff,JFK,31L,1780277512.57,2026-06-01T01:31:52Z,40.63077,-73.777859,300.9,ab772d,N838MH,B764,BOEING 767-400,0
landing,JFK,31R,1780277528.62,2026-06-01T01:32:08Z,40.652664,-73.778976,300.9,4cc576,TF-ICI,B38M,BOEING 737 MAX 8,0
takeoff,LGA,04,1780277543.44,2026-06-01T01:32:23Z,40.771351,-73.882324,30.9,ac07dc,N8742M,B38M,BOEING 737 MAX 8,0
takeoff,JFK,31L,1780277569.87,2026-06-01T01:32:49Z,40.630817,-73.778,300.9,710119,HZ-AK41,B77W,BOEING 777-300ER,0
landing,LGA,31,1780277640.54,2026-06-01T01:34:00Z,40.778108,-73.869761,300.9,ac181d,N879DN,B739,BOEING 737-900,0
landing,JFK,31R,1780277642.39,2026-06-01T01:34:02Z,40.651532,-73.776424,300.9,400610,G-VIIJ,B772,BOEING 777-200,0
takeoff,JFK,31L,1780277665.1,2026-06-01T01:34:25Z,40.628941,-73.773849,300.9,a21fa1,N236JQ,E75L,EMBRAER ERJ-170-200 (long wing),0
takeoff,LGA,04,1780277685.22,2026-06-01T01:34:45Z,40.773394,-73.880638,30.9,acf69b,N934XJ,CRJ9,BOMBARDIER Regional Jet CRJ-900,0
takeoff,JFK,31L,1780277743.76,2026-06-01T01:35:43Z,40.631038,-73.778484,299.6,e8046d,CC-BGR,B789,BOEING 787-9 Dreamliner,0
landing,LGA,31,1780277743.78,2026-06-01T01:35:43Z,40.77834,-73.870213,300.9,a20957,N230JQ,E75L,EMBRAER ERJ-170-200 (long wing),0
landing,JFK,31R,1780277773.4,2026-06-01T01:36:13Z,40.65429,-73.782557,300.9,a45316,N378SC,B38M,BOEING 737 MAX 8,0
takeoff,LGA,04,1780277778.79,2026-06-01T01:36:18Z,40.77253,-73.881363,30.9,a46a7e,N384DN,A321,AIRBUS A-321,0
landing,LGA,31,1780277839.91,2026-06-01T01:37:19Z,40.776695,-73.866791,300.9,a399e4,N331DU,BCS3,,0
landing,JFK,31R,1780277855.05,2026-06-01T01:37:35Z,40.650659,-73.774598,303.8,a5e3e4,N479PX,CRJ9,BOMBARDIER Regional Jet CRJ-900,0
takeoff,JFK,31L,1780277856.89,2026-06-01T01:37:36Z,40.630816,-73.777984,300.9,ad8bed,N972JT,A321,AIRBUS A-321,0
takeoff,LGA,22,1780277865.36,2026-06-01T01:37:45Z,40.770019,-73.882089,225.0,abdf3f,N864RW,E170,EMBRAER ERJ-170-100,0
takeoff,LGA,04,1780277871.36,2026-06-01T01:37:51Z,40.770334,-73.883181,30.9,abc2e5,N857RW,E170,EMBRAER ERJ-170-100,0
takeoff,JFK,31L,1780277918.14,2026-06-01T01:38:38Z,40.630863,-73.778107,300.9,a88774,N649JB,A320,AIRBUS A-320,0
takeoff,LGA,04,1780277923.86,2026-06-01T01:38:43Z,40.77365,-73.880419,30.9,a44502,N3740C,B738,BOEING 737-800,0
takeoff,JFK,31L,1780277973.91,2026-06-01T01:39:33Z,40.630758,-73.777844,300.9,4005b9,G-VIIA,B772,BOEING 777-200,0
landing,LGA,31,1780277975.87,2026-06-01T01:39:35Z,40.776304,-73.866031,303.8,a7bbe9,N598JB,A320,AIRBUS A-320,0
landing,JFK,31R,1780277987.34,2026-06-01T01:39:47Z,40.654255,-73.782684,281.2,a4ddca,N412YX,E75L,EMBRAER ERJ-170-200 (long wing),0
takeoff,LGA,04,1780278009.89,2026-06-01T01:40:09Z,40.770378,-73.883133,30.9,abdf3f,N864RW,E170,EMBRAER ERJ-170-100,0
takeoff,JFK,31L,1780278046.69,2026-06-01T01:40:46Z,40.630909,-73.778198,300.9,76cef0,9V-SWP,B77W,BOEING 777-300ER,0
landing,JFK,31R,1780278054.41,2026-06-01T01:40:54Z,40.651978,-73.777466,300.9,ab60e3,N832MH,B764,BOEING 767-400,0
takeoff,JFK,31L,1780278158.02,2026-06-01T01:42:38Z,40.630758,-73.777844,300.9,aa8b40,N779JB,A320,AIRBUS A-320,0
landing,JFK,31R,1780278197.94,2026-06-01T01:43:17Z,40.651108,-73.775513,295.3,a7c849,N600LR,CRJ9,BOMBARDIER Regional Jet CRJ-900,0
takeoff,JFK,31L,1780278220.88,2026-06-01T01:43:40Z,40.630257,-73.776733,300.9,a61173,N490PX,CRJ9,BOMBARDIER Regional Jet CRJ-900,0
takeoff,LGA,04,1780278225.89,2026-06-01T01:43:45Z,40.77039,-73.883133,30.9,a5106e,N425YX,E75L,EMBRAER ERJ-170-200 (long wing),0
takeoff,LGA,04,1780278278.97,2026-06-01T01:44:38Z,40.773732,-73.880357,30.9,a8913b,N651JB,A320,AIRBUS A-320,0
takeoff,JFK,31L,1780278287.46,2026-06-01T01:44:47Z,40.630543,-73.777359,300.9,a18d7f,N2BW,GL7T,BOMBARDIER BD-700 Global 7000/7500,8
takeoff,LGA,22,1780278313.65,2026-06-01T01:45:13Z,40.771053,-73.881073,210.9,a34bdc,N311PQ,CRJ9,BOMBARDIER Regional Jet CRJ-900,0
takeoff,LGA,04,1780278316.9,2026-06-01T01:45:16Z,40.773499,-73.880575,30.9,a8f235,N676CA,CRJ9,BOMBARDIER Regional Jet CRJ-900,0
takeoff,JFK,31L,1780278366.9,2026-06-01T01:46:06Z,40.631084,-73.778577,300.9,4caa41,EI-EIN,A333,AIRBUS A-330-300,0
landing,LGA,31,1780278409.22,2026-06-01T01:46:49Z,40.778378,-73.870316,303.8,a1ccec,N215JQ,E75L,EMBRAER ERJ-170-200 (long wing),0
takeoff,LGA,04,1780278431.36,2026-06-01T01:47:11Z,40.770322,-73.883213,33.8,a19dff,N203JQ,E75L,EMBRAER ERJ-170-200 (long wing),0
landing,JFK,31R,1780278455.69,2026-06-01T01:47:35Z,40.651188,-73.775696,300.9,a6b470,N531DA,A21N,AIRBUS A-321neo,0
takeoff,JFK,31L,1780278478.24,2026-06-01T01:47:58Z,40.631072,-73.778562,300.9,ab6519,N833SK,CRJ9,BOMBARDIER Regional Jet CRJ-900,0
landing,LGA,31,1780278491.46,2026-06-01T01:48:11Z,40.777084,-73.867576,303.8,ac1afa,N8796L,B38M,BOEING 737 MAX 8,0
takeoff,JFK,31L,1780278534.51,2026-06-01T01:48:54Z,40.63063,-73.777594,300.9,a1d368,N2169J,A21N,AIRBUS A-321neo,0
takeoff,LGA,04,1780278535.49,2026-06-01T01:48:55Z,40.772999,-73.880981,30.9,c0064c,C-FCJZ,CRJ7,BOMBARDIER Regional Jet CRJ-700,0
takeoff,LGA,04,1780278557.69,2026-06-01T01:49:17Z,40.769926,-73.883509,30.9,a08e82,N135HQ,E75L,EMBRAER ERJ-170-200 (long wing),0
landing,JFK,31R,1780278609.3,2026-06-01T01:50:09Z,40.65393,-73.781792,300.9,a85ff5,N639JB,A320,AIRBUS A-320,0
landing,LGA,31,1780278622.27,2026-06-01T01:50:22Z,40.776638,-73.866684,303.8,a091f3,N136EV,CRJ9,BOMBARDIER Regional Jet CRJ-900,0
takeoff,JFK,31L,1780278673.32,2026-06-01T01:51:13Z,40.630642,-73.777594,300.9,a1e411,N2205J,A21N,AIRBUS A-321neo,0
landing,LGA,31,1780278719.68,2026-06-01T01:51:59Z,40.776979,-73.867373,300.9,a972d3,N708FR,A321,AIRBUS A-321,0
takeoff,JFK,31L,1780278731.29,2026-06-01T01:52:11Z,40.63028,-73.776764,299.6,7c806a,VH-ZNG,B789,BOEING 787-9 Dreamliner,0
takeoff,LGA,04,1780278770.52,2026-06-01T01:52:50Z,40.772301,-73.881546,30.9,aa589c,N766JB,A320,AIRBUS A-320,0
landing,JFK,31R,1780278799.55,2026-06-01T01:53:19Z,40.655187,-73.784523,298.1,ad56e0,N959JB,A321,AIRBUS A-321,0
takeoff,JFK,31L,1780278811.06,2026-06-01T01:53:31Z,40.630793,-73.777969,300.9,346146,EC-NBE,A359,AIRBUS A-350-900,0
landing,LGA,31,1780278830.05,2026-06-01T01:53:50Z,40.777444,-73.868341,300.9,a34e9d,N312DU,BCS3,AIRBUS A220-300,0
takeoff,LGA,04,1780278867.22,2026-06-01T01:54:27Z,40.771427,-73.882276,30.9,ac5349,N8933Q,B38M,,0
landing,JFK,31R,1780278872.2,2026-06-01T01:54:32Z,40.651703,-73.776825,300.9,06a12e,A7-ANR,A35K,AIRBUS A-350-1000,0
takeoff,JFK,31L,1780278887.99,2026-06-01T01:54:47Z,40.631014,-73.778421,299.6,485e2d,PH-BKG,B78X,BOEING 787-10 Dreamliner,0
landing,LGA,31,1780278910.74,2026-06-01T01:55:10Z,40.776855,-73.867126,298.1,a15027,N184GJ,CRJ9,BOMBARDIER Regional Jet CRJ-900,0
takeoff,LGA,04,1780278939.41,2026-06-01T01:55:39Z,40.770101,-73.883353,30.9,a0634c,N124HQ,E75L,EMBRAER ERJ-170-200 (long wing),0
takeoff,JFK,31L,1780278970.95,2026-06-01T01:56:10Z,40.630806,-73.778,299.6,ab5fc9,N832AA,B789,BOEING 787-9 Dreamliner,0
landing,JFK,31R,1780279034.77,2026-06-01T01:57:14Z,40.65173,-73.776939,300.9,71be34,HL7634,A388,AIRBUS A-380-800,0
landing,LGA,31,1780279034.91,2026-06-01T01:57:14Z,40.775582,-73.864533,303.8,a521f8,N43NG,PC12,PILATUS PC-12,8
takeoff,LGA,04,1780279066.2,2026-06-01T01:57:46Z,40.769926,-73.883509,30.9,a2b060,N27205,B738,BOEING 737-800,0
takeoff,JFK,31L,1780279068.27,2026-06-01T01:57:48Z,40.630723,-73.777781,298.1,ab4c76,N827SK,CRJ9,BOMBARDIER Regional Jet CRJ-900,0
takeoff,LGA,22,1780279076.69,2026-06-01T01:57:56Z,40.769496,-73.88276,225.0,a1ba59,N210JQ,E75L,EMBRAER ERJ-170-200 (long wing),0
takeoff,JFK,31L,1780279117.35,2026-06-01T01:58:37Z,40.628735,-73.773407,300.9,a4ba02,N403YX,E75L,EMBRAER ERJ-170-200 (long wing),0
landing,LGA,31,1780279165.65,2026-06-01T01:59:25Z,40.777382,-73.868179,300.9,a1ff90,N228JQ,E75L,EMBRAER ERJ-170-200 (long wing),0
takeoff,JFK,31L,1780279178.35,2026-06-01T01:59:38Z,40.6306,-73.777512,300.9,ac801e,N904XJ,CRJ9,BOMBARDIER Regional Jet CRJ-900,0
landing,JFK,31R,1780279227.31,2026-06-01T02:00:27Z,40.652335,-73.77825,300.9,39cf0a,F-HTYK,A359,AIRBUS A-350-900,0
landing,JFK,13R,1780279234.1,2026-06-01T02:00:34Z,40.641872,-73.795868,149.1,8990e0,B-16718,B77W,BOEING 777-300ER,0
takeoff,LGA,22,1780279235.44,2026-06-01T02:00:35Z,40.769314,-73.883179,241.9,a23a28,N24224,B738,BOEING 737-800,0
takeoff,LGA,04,1780279239.05,2026-06-01T02:00:39Z,40.773846,-73.88028,30.9,ace7bf,N930XJ,CRJ9,BOMBARDIER Regional Jet CRJ-900,0
takeoff,JFK,31L,1780279240.95,2026-06-01T02:00:40Z,40.631023,-73.778473,300.9,aaf5b1,N805NW,A333,AIRBUS A-330-300,0
landing,LGA,31,1780279315.61,2026-06-01T02:01:55Z,40.777611,-73.868744,303.8,a2270f,N238JQ,E75L,EMBRAER ERJ-170-200 (long wing),0
takeoff,JFK,31L,1780279328.34,2026-06-01T02:02:08Z,40.630933,-73.77825,300.9,a16273,N189DN,B763,BOEING 767-300,0
takeoff,LGA,22,1780279355.7,2026-06-01T02:02:35Z,40.769405,-73.882919,233.4,aa9e28,N7831B,B737,BOEING 737-700,0
landing,JFK,31R,1780279370.31,2026-06-01T02:02:50Z,40.651777,-73.777001,300.9,a5e02d,N478PX,CRJ9,BOMBARDIER Regional Jet CRJ-900,0
takeoff,JFK,31L,1780279417.1,2026-06-01T02:03:37Z,40.630142,-73.776505,300.9,ad935b,N974JT,A321,AIRBUS A-321,0
landing,LGA,31,1780279437.37,2026-06-01T02:03:57Z,40.77721,-73.867889,303.8,a495bf,N395DZ,A321,AIRBUS A-321,0
landing,JFK,31R,1780279438.84,2026-06-01T02:03:58Z,40.651555,-73.776533,300.9,a535c2,N435AS,B739,BOEING 737-900,0
takeoff,JFK,31L,1780279476.53,2026-06-01T02:04:36Z,40.630325,-73.776901,300.9,a33328,N305NY,A21N,AIRBUS A-321neo,0
landing,LGA,31,1780279541.49,2026-06-01T02:05:41Z,40.77798,-73.869495,300.9,ad0851,N939NN,B738,BOEING 737-800,0
landing,JFK,31R,1780279552.26,2026-06-01T02:05:52Z,40.651369,-73.776096,300.9,4bb147,TC-LJG,B77W,BOEING 777-300ER,0
takeoff,LGA,04,1780279572.6,2026-06-01T02:06:12Z,40.77,-73.883438,30.9,ab282b,N818MD,E170,EMBRAER ERJ-170-100,0
takeoff,JFK,31L,1780279591.67,2026-06-01T02:06:31Z,40.628803,-73.77356,300.9,a06aba,N126HQ,E75L,EMBRAER ERJ-170-200 (long wing),0
takeoff,LGA,04,1780279637.18,2026-06-01T02:07:17Z,40.76952,-73.883835,25.3,a34215,N309PQ,CRJ9,BOMBARDIER Regional Jet CRJ-900,0
landing,LGA,31,1780279637.34,2026-06-01T02:07:17Z,40.778026,-73.869605,303.8,ac252a,N8819L,B38M,BOEING 737 MAX 8,0
takeoff,JFK,31L,1780279666.04,2026-06-01T02:07:46Z,40.631317,-73.779108,300.9,300a9d,I-ITYI,A339,AIRBUS A-330-900,0
landing,JFK,31R,1780279686.03,2026-06-01T02:08:06Z,40.651199,-73.775726,300.9,a3711a,N3203J,BCS3,AIRBUS A220-300,0
landing,LGA,31,1780279725.29,2026-06-01T02:08:45Z,40.776821,-73.867035,300.9,c0197e,C-FJQZ,CRJ9,BOMBARDIER Regional Jet CRJ-900,0
takeoff,LGA,04,1780279763.78,2026-06-01T02:09:23Z,40.773674,-73.880419,33.8,a3c259,N341PQ,CRJ9,BOMBARDIER Regional Jet CRJ-900,0
landing,JFK,31R,1780279795.97,2026-06-01T02:09:55Z,40.654104,-73.782213,300.9,ad526c,N958AN,B738,BOEING 737-800,0
takeoff,JFK,31L,1780279823.72,2026-06-01T02:10:23Z,40.630474,-73.777252,300.9,a7816a,N583DT,A21N,,0
landing,LGA,31,1780279838.98,2026-06-01T02:10:38Z,40.776851,-73.867123,300.9,a2afeb,N272WN,B737,BOEING 737-700,0
takeoff,LGA,04,1780279862.56,2026-06-01T02:11:02Z,40.770046,-73.883408,28.1,a130cb,N176PQ,CRJ9,BOMBARDIER Regional Jet CRJ-900,0
landing,JFK,31R,1780279864.51,2026-06-01T02:11:04Z,40.652591,-73.778827,300.9,4ca9bc,EI-LRC,A21N,AIRBUS A-321neo,0
takeoff,JFK,31L,1780279901.57,2026-06-01T02:11:41Z,40.630793,-73.777937,300.9,a83108,N627JB,A320,AIRBUS A-320,0
landing,LGA,31,1780279942.44,2026-06-01T02:12:22Z,40.776781,-73.866983,300.9,a03f1e,N115DN,A321,AIRBUS A-321,0
landing,JFK,31R,1780279948.23,2026-06-01T02:12:28Z,40.65088,-73.775019,298.1,ac7256,N9006,A319,AIRBUS A-319,0
takeoff,JFK,31L,1780279961.52,2026-06-01T02:12:41Z,40.630749,-73.777817,300.9,a17b16,N195DN,B763,BOEING 767-300,0
takeoff,LGA,22,1780279992.19,2026-06-01T02:13:12Z,40.769577,-73.882667,233.4,a32814,N302PQ,CRJ9,BOMBARDIER Regional Jet CRJ-900,0
takeoff,LGA,04,1780279992.55,2026-06-01T02:13:12Z,40.771137,-73.88251,33.8,a19357,N200PQ,CRJ9,BOMBARDIER Regional Jet CRJ-900,0
takeoff,LGA,04,1780280074.18,2026-06-01T02:14:34Z,40.770275,-73.883213,33.8,a03bcd,N114HQ,E75L,EMBRAER ERJ-170-200 (long wing),0
takeoff,JFK,31L,1780280083.12,2026-06-01T02:14:43Z,40.630479,-73.777266,300.9,a7e198,N607DN,A21N,AIRBUS A-321neo,0
takeoff,LGA,04,1780280112.14,2026-06-01T02:15:12Z,40.770287,-73.883197,30.9,a4c8de,N407YX,E75L,EMBRAER ERJ-170-200 (long wing),0
landing,JFK,31R,1780280133.91,2026-06-01T02:15:33Z,40.65088,-73.775035,299.6,406ecd,G-VMAP,B789,BOEING 787-9 Dreamliner,0
takeoff,JFK,31L,1780280157.21,2026-06-01T02:15:57Z,40.631259,-73.778983,300.9,a35592,N3139J,BCS3,AIRBUS A220-300,0
landing,LGA,31,1780280189.82,2026-06-01T02:16:29Z,40.776828,-73.867061,303.8,a13c73,N179UW,A321,AIRBUS A-321,0
takeoff,LGA,04,1780280218.51,2026-06-01T02:16:58Z,40.76992,-73.883499,33.8,a521f8,N43NG,PC12,PILATUS PC-12,8
takeoff,JFK,31L,1780280232.96,2026-06-01T02:17:12Z,40.630432,-73.777142,300.9,394a07,F-GSQH,B77W,BOEING 777-300ER,0
landing,JFK,31R,1780280299.41,2026-06-01T02:18:19Z,40.652149,-73.777802,300.9,a8de10,N6700,B752,BOEING 757-200,0
takeoff,JFK,31L,1780280317.93,2026-06-01T02:18:37Z,40.631072,-73.778577,300.9,a523c6,N430GT,B744,BOEING 747-400,0
landing,LGA,31,1780280322.94,2026-06-01T02:18:42Z,40.777293,-73.868028,300.9,a0669d,N125DN,A321,AIRBUS A-321,0
landing,JFK,31R,1780280394.35,2026-06-01T02:19:54Z,40.650845,-73.774979,300.9,acb679,N918XJ,CRJ9,BOMBARDIER Regional Jet CRJ-900,0
landing,JFK,31L,1780280419.41,2026-06-01T02:20:19Z,40.639286,-73.796692,300.9,a08acb,N134HQ,E75L,EMBRAER ERJ-170-200 (long wing),0
takeoff,JFK,31L,1780280419.41,2026-06-01T02:20:19Z,40.639286,-73.796692,300.9,a08acb,N134HQ,E75L,EMBRAER ERJ-170-200 (long wing),0
landing,JFK,31L,1780280426.32,2026-06-01T02:20:26Z,40.639929,-73.798115,300.9,a08acb,N134HQ,E75L,EMBRAER ERJ-170-200 (long wing),0
landing,JFK,31R,1780280473.21,2026-06-01T02:21:13Z,40.651886,-73.777237,300.9,a33843,N3062J,BCS3,AIRBUS A220-300,0
landing,LGA,31,1780280479.46,2026-06-01T02:21:19Z,40.778412,-73.870377,303.8,a21833,N234JQ,E75L,EMBRAER ERJ-170-200 (long wing),0
takeoff,JFK,31L,1780280498.6,2026-06-01T02:21:38Z,40.63077,-73.777906,299.6,44012f,OE-LPL,B789,BOEING 787-9 Dreamliner,0
landing,JFK,31R,1780280552.53,2026-06-01T02:22:32Z,40.651039,-73.775406,299.6,47b121,LN-FND,B789,BOEING 787-9 Dreamliner,0
takeoff,JFK,31L,1780280604.17,2026-06-01T02:23:24Z,40.63044,-73.77713,300.9,a7133f,N555NW,B752,BOEING 757-200,0
landing,LGA,31,1780280615.38,2026-06-01T02:23:35Z,40.777679,-73.86882,300.9,a3a152,N333DU,BCS3,,0
takeoff,JFK,31L,1780280667.92,2026-06-01T02:24:27Z,40.631012,-73.778412,300.9,a5237f,N430DX,A339,,0
landing,JFK,31R,1780280703.27,2026-06-01T02:25:03Z,40.649845,-73.772756,300.9,a3c5ea,N342NB,A319,AIRBUS A-319,0
landing,LGA,31,1780280734.64,2026-06-01T02:25:34Z,40.778664,-73.870911,303.8,a441c9,N3733Z,B738,BOEING 737-800,0
landing,JFK,31L,1780280748.52,2026-06-01T02:25:48Z,40.640092,-73.798443,300.9,a5b764,N468AS,B739,BOEING 737-900,0
takeoff,JFK,31L,1780280825.41,2026-06-01T02:27:05Z,40.631241,-73.778915,300.9,ab44af,N825NW,A333,AIRBUS A-330-300,0
landing,LGA,31,1780280853.53,2026-06-01T02:27:33Z,40.777393,-73.868256,303.8,c00757,C-FCUG,A320,AIRBUS A-320,0
landing,JFK,31R,1780280910.22,2026-06-01T02:28:30Z,40.653042,-73.780136,284.1,a1e1d8,N220JQ,E75L,EMBRAER ERJ-170-200 (long wing),0
takeoff,JFK,31L,1780280932.36,2026-06-01T02:28:52Z,40.630782,-73.777922,300.9,a1bc92,N2105J,A21N,AIRBUS A-321neo,0
landing,LGA,31,1780280948.35,2026-06-01T02:29:08Z,40.778457,-73.870479,303.8,ac066b,N874NN,B738,BOEING 737-800,0
landing,JFK,31R,1780280979.08,2026-06-01T02:29:39Z,40.65271,-73.779099,300.9,ac8217,N905DN,B739,BOEING 737-900,0
takeoff,LGA,04,1780280990.01,2026-06-01T02:29:50Z,40.771683,-73.88205,28.1,a18380,N197PQ,CRJ9,BOMBARDIER Regional Jet CRJ-900,0
takeoff,JFK,31L,1780280999.53,2026-06-01T02:29:59Z,40.630991,-73.778359,300.9,06a12c,A7-ANP,A35K,AIRBUS A-350-1000,0
landing,LGA,31,1780281081.81,2026-06-01T02:31:21Z,40.777409,-73.868278,303.8,a3b79c,N339DU,,,0
landing,JFK,31R,1780281085.74,2026-06-01T02:31:25Z,40.653022,-73.779779,300.9,a4491f,N3753,B738,BOEING 737-800,0
landing,JFK,31L,1780281129.58,2026-06-01T02:32:09Z,40.640383,-73.799099,300.9,ac8985,N907DN,B739,BOEING 737-900,0
takeoff,LGA,04,1780281129.85,2026-06-01T02:32:09Z,40.772564,-73.881317,30.9,a84200,N631FR,A21N,AIRBUS A-321neo,0
landing,JFK,31R,1780281168.76,2026-06-01T02:32:48Z,40.651337,-73.776047,300.9,448465,OO-ACE,B744,BOEING 747-400,0
takeoff,JFK,31L,1780281197.69,2026-06-01T02:33:17Z,40.631081,-73.778534,299.6,0201a3,CN-RHA,B789,BOEING 787-9 Dreamliner,0
landing,LGA,31,1780281239.77,2026-06-01T02:33:59Z,40.777313,-73.868103,300.9,abb5e2,N8537Z,B738,BOEING 737-800,0
landing,JFK,31R,1780281314.21,2026-06-01T02:35:14Z,40.652009,-73.777547,300.9,a85c3e,N638JB,A320,AIRBUS A-320,0
landing,JFK,31L,1780281345.82,2026-06-01T02:35:45Z,40.63937,-73.796851,300.9,a39338,N3298J,,,0
takeoff,JFK,31L,1780281402.69,2026-06-01T02:36:42Z,40.630397,-73.777032,300.9,a0a30e,N140DU,BCS1,AIRBUS A220-100,0
landing,JFK,31R,1780281410.86,2026-06-01T02:36:50Z,40.651974,-73.777454,299.6,40742e,G-CKOF,B789,BOEING 787-9 Dreamliner,0
takeoff,JFK,31L,1780281459.06,2026-06-01T02:37:39Z,40.63127,-73.778999,300.9,a3556f,N3138J,BCS3,AIRBUS A220-300,0
landing,LGA,31,1780281464.66,2026-06-01T02:37:44Z,40.776558,-73.866486,300.9,a72b6b,N561JB,A320,AIRBUS A-320,0
takeoff,LGA,04,1780281489.75,2026-06-01T02:38:09Z,40.76992,-73.883514,30.9,a20957,N230JQ,E75L,EMBRAER ERJ-170-200 (long wing),0
takeoff,JFK,31L,1780281522.87,2026-06-01T02:38:42Z,40.630806,-73.777954,300.9,406948,G-STBH,B77W,BOEING 777-300ER,0
landing,JFK,31R,1780281575.12,2026-06-01T02:39:35Z,40.653115,-73.779982,300.9,a389eb,N327SK,B38M,BOEING 737 MAX 8,0
takeoff,JFK,31L,1780281607.25,2026-06-01T02:40:07Z,40.631081,-73.778595,300.9,76cce2,9V-SGB,A359,AIRBUS A-350-900,0
landing,JFK,31R,1780281657.43,2026-06-01T02:40:57Z,40.65089,-73.775085,300.9,a65c29,N509JB,A320,AIRBUS A-320,0
landing,LGA,31,1780281696.38,2026-06-01T02:41:36Z,40.776421,-73.866196,300.9,a3a086,N33266,B738,BOEING 737-800,0
takeoff,JFK,31L,1780281708.3,2026-06-01T02:41:48Z,40.63076,-73.777863,300.9,ada227,N978JB,A321,AIRBUS A-321,0
landing,JFK,31R,1780281759.23,2026-06-01T02:42:39Z,40.651108,-73.775513,300.9,a3514f,N3125J,BCS3,,0
landing,JFK,31L,1780281773.59,2026-06-01T02:42:53Z,40.637592,-73.792923,300.9,a3cd58,N344NB,A319,AIRBUS A-319,0
landing,LGA,31,1780281799.47,2026-06-01T02:43:19Z,40.777281,-73.868013,303.8,ab400f,N824DN,B739,BOEING 737-900,0
takeoff,JFK,31L,1780281846.01,2026-06-01T02:44:06Z,40.631026,-73.778468,300.9,a39289,N3293J,BCS3,AIRBUS A220-300,0
landing,JFK,31R,1780281895.11,2026-06-01T02:44:55Z,40.653019,-73.779724,300.9,780cb8,B-2487,B748,BOEING 747-8,0
landing,JFK,31L,1780281941.27,2026-06-01T02:45:41Z,40.640579,-73.799545,300.9,c00b7e,C-FEJD,E75S,EMBRAER ERJ-170-200 (short wing),0
takeoff,JFK,31L,1780282009.34,2026-06-01T02:46:49Z,40.6312,-73.778874,300.9,3c6573,D-AIKS,A333,AIRBUS A-330-300,0
landing,LGA,31,1780282038.28,2026-06-01T02:47:18Z,40.777084,-73.867607,300.9,ab5bb1,N8307K,B738,BOEING 737-800,0
landing,JFK,31R,1780282064.27,2026-06-01T02:47:44Z,40.653076,-73.780289,281.2,a1094c,N166PQ,CRJ9,BOMBARDIER Regional Jet CRJ-900,0
takeoff,JFK,31L,1780282096.56,2026-06-01T02:48:16Z,40.631282,-73.77903,300.9,4952af,CS-TUO,A339,AIRBUS A-330-900,0
landing,JFK,31R,1780282153.76,2026-06-01T02:49:13Z,40.651646,-73.776703,300.9,4248a7,VP-CIZ,B38M,BOEING 737 MAX 8,0
takeoff,JFK,31L,1780282185.44,2026-06-01T02:49:45Z,40.631771,-73.780107,300.9,78021a,B-LID,B744,BOEING 747-400,0
landing,LGA,31,1780282236.79,2026-06-01T02:50:36Z,40.777212,-73.867872,300.9,a445d9,N3746H,B738,BOEING 737-800,0
landing,JFK,31R,1780282242.57,2026-06-01T02:50:42Z,40.651245,-73.775848,300.9,a7e54f,N608DN,A21N,AIRBUS A-321neo,0
takeoff,LGA,04,1780282281.32,2026-06-01T02:51:21Z,40.773813,-73.88031,30.9,a399e4,N331DU,BCS3,,0
takeoff,JFK,31L,1780282299.0,2026-06-01T02:51:39Z,40.628723,-73.773315,300.9,a4ddca,N412YX,E75L,EMBRAER ERJ-170-200 (long wing),0
landing,JFK,31R,1780282347.39,2026-06-01T02:52:27Z,40.650217,-73.773552,300.9,a0a332,N140FE,B763,BOEING 767-300,0
takeoff,JFK,31L,1780282385.22,2026-06-01T02:53:05Z,40.631585,-73.77967,299.6,3482d5,EC-OMB,B789,BOEING 787-9 Dreamliner,0
landing,LGA,31,1780282419.92,2026-06-01T02:53:39Z,40.776839,-73.867108,300.9,a8697f,N641FR,A21N,AIRBUS A-321neo,0
landing,JFK,31R,1780282463.24,2026-06-01T02:54:23Z,40.652487,-73.778562,300.9,a36661,N318UX,B38M,BOEING 737 MAX 8,0
takeoff,JFK,31L,1780282506.86,2026-06-01T02:55:06Z,40.630989,-73.778351,300.9,a34978,N3102J,BCS3,AIRBUS A220-300,0
landing,LGA,31,1780282556.87,2026-06-01T02:55:56Z,40.777328,-73.868106,300.9,a45592,N379DN,A321,AIRBUS A-321,0
takeoff,JFK,31L,1780282571.99,2026-06-01T02:56:11Z,40.63076,-73.777863,300.9,a654cb,N507JT,A320,AIRBUS A-320,0
landing,JFK,31R,1780282609.84,2026-06-01T02:56:49Z,40.651893,-73.777251,300.9,acc5fb,N922DZ,B739,BOEING 737-900,0
takeoff,JFK,31L,1780282633.27,2026-06-01T02:57:13Z,40.630772,-73.777863,300.9,ad1560,N942JB,A321,AIRBUS A-321,0
landing,LGA,31,1780282679.83,2026-06-01T02:57:59Z,40.776981,-73.867401,303.8,a32367,N301DU,BCS3,AIRBUS A220-300,0
takeoff,LGA,31,1780282679.83,2026-06-01T02:57:59Z,40.776981,-73.867401,303.8,a32367,N301DU,BCS3,AIRBUS A220-300,0
landing,LGA,31,1780282680.41,2026-06-01T02:58:00Z,40.777095,-73.867654,303.8,a32367,N301DU,BCS3,AIRBUS A220-300,0
takeoff,JFK,31L,1780282734.99,2026-06-01T02:58:54Z,40.631378,-73.779221,300.9,3481d5,EC-OJL,B772,BOEING 777-200,0
landing,JFK,31R,1780282838.77,2026-06-01T03:00:38Z,40.652721,-73.779099,300.9,aa7c64,N775JB,A320,AIRBUS A-320,0
takeoff,JFK,31L,1780282855.88,2026-06-01T03:00:55Z,40.630348,-73.776947,298.1,a15795,N186GJ,CRJ9,BOMBARDIER Regional Jet CRJ-900,0
takeoff,JFK,31L,1780282927.09,2026-06-01T03:02:07Z,40.630642,-73.777625,300.9,ade252,N994JL,A321,AIRBUS A-321,0
landing,JFK,31R,1780282934.08,2026-06-01T03:02:14Z,40.649856,-73.772772,300.9,ad7e6f,N969JT,A321,AIRBUS A-321,0
landing,LGA,31,1780282951.61,2026-06-01T03:02:31Z,40.77887,-73.871368,303.8,aa52a0,N764YX,E75L,EMBRAER ERJ-170-200 (long wing),0
takeoff,JFK,31L,1780282996.5,2026-06-01T03:03:16Z,40.631561,-73.77951,300.9,89645b,A6-EUF,A388,AIRBUS A-380-800,0
landing,LGA,31,1780283029.74,2026-06-01T03:03:49Z,40.777747,-73.868996,303.8,a9d5a2,N73259,B738,BOEING 737-800,0
landing,JFK,31R,1780283034.24,2026-06-01T03:03:54Z,40.651381,-73.776143,300.9,aafca8,N807JB,A320,AIRBUS A-320,0
takeoff,LGA,04,1780283087.36,2026-06-01T03:04:47Z,40.773571,-73.880508,30.9,a15027,N184GJ,CRJ9,BOMBARDIER Regional Jet CRJ-900,0
takeoff,JFK,31L,1780283142.59,2026-06-01T03:05:42Z,40.630176,-73.77658,300.9,a0f46f,N1603,B763,BOEING 767-300,0
landing,JFK,31R,1780283170.62,2026-06-01T03:06:10Z,40.651102,-73.775534,300.9,a08e1e,N135DQ,BCS1,AIRBUS A220-100,0
landing,LGA,31,1780283171.74,2026-06-01T03:06:11Z,40.777164,-73.867798,300.9,a7302f,N562UW,A321,AIRBUS A-321,0
takeoff,JFK,31L,1780283232.64,2026-06-01T03:07:12Z,40.628489,-73.772897,300.9,a1a56d,N205JQ,E75L,EMBRAER ERJ-170-200 (long wing),0
landing,LGA,31,1780283242.26,2026-06-01T03:07:22Z,40.77784,-73.869199,300.9,a486d8,N391DN,A321,AIRBUS A-321,0
landing,JFK,31R,1780283323.78,2026-06-01T03:08:43Z,40.651544,-73.776486,300.9,ad9b28,N976NN,B738,BOEING 737-800,0
takeoff,JFK,13L,1780283328.09,2026-06-01T03:08:48Z,40.646061,-73.772415,165.9,aa7c64,N775JB,A320,AIRBUS A-320,0
takeoff,JFK,31L,1780283338.07,2026-06-01T03:08:58Z,40.63056,-73.777422,299.6,8963ce,A6-BLA,B789,BOEING 787-9 Dreamliner,0
landing,LGA,31,1780283349.34,2026-06-01T03:09:09Z,40.777233,-73.867905,300.9,a0b88f,N14569,A21N,AIRBUS A-321neo,0
landing,LGA,31,1780283418.5,2026-06-01T03:10:18Z,40.776478,-73.86639,303.8,a8b44e,N660AW,A320,AIRBUS A-320,0
takeoff,JFK,31L,1780283435.45,2026-06-01T03:10:35Z,40.6306,-73.777496,300.9,a5e3e4,N479PX,CRJ9,BOMBARDIER Regional Jet CRJ-900,0
landing,JFK,31R,1780283494.26,2026-06-01T03:11:34Z,40.65166,-73.776767,300.9,0d0bff,XA-CCC,B38M,BOEING 737 MAX 8,0
landing,LGA,31,1780283525.49,2026-06-01T03:12:05Z,40.778457,-73.870494,300.9,a32fa7,N304RB,B38M,BOEING 737 MAX 8,0
landing,JFK,31L,1780283545.05,2026-06-01T03:12:25Z,40.63894,-73.795915,300.9,a78fcf,N5869K,A333,,0
landing,JFK,31R,1780283604.48,2026-06-01T03:13:24Z,40.651614,-73.776689,300.9,aa7f65,N776AV,A20N,AIRBUS A-320neo,0
landing,LGA,31,1780283604.49,2026-06-01T03:13:24Z,40.777049,-73.867482,300.9,a45ba2,N380DN,A321,AIRBUS A-321,0
takeoff,JFK,31L,1780283660.19,2026-06-01T03:14:20Z,40.630257,-73.776764,300.9,aaa02c,N784JB,A320,AIRBUS A-320,0
landing,LGA,31,1780283703.72,2026-06-01T03:15:03Z,40.776844,-73.867126,303.8,a44988,N3756,B738,BOEING 737-800,0
landing,JFK,31R,1780283713.89,2026-06-01T03:15:13Z,40.651358,-73.776112,300.9,a36636,N318TD,B38M,BOEING 737 MAX 8,0
takeoff,JFK,31L,1780283731.41,2026-06-01T03:15:31Z,40.63091,-73.778172,300.9,a7de53,N606JB,A320,AIRBUS A-320,0
landing,LGA,31,1780283836.43,2026-06-01T03:17:16Z,40.778687,-73.870956,300.9,abd41a,N861RW,E170,EMBRAER ERJ-170-100,0
landing,JFK,31R,1780283844.68,2026-06-01T03:17:24Z,40.651171,-73.775675,300.9,ac858a,N906AV,A20N,AIRBUS A-320neo,0
landing,JFK,31L,1780283871.94,2026-06-01T03:17:51Z,40.6394,-73.796936,300.9,a1574e,N186DN,B763,BOEING 767-300,0
landing,LGA,31,1780283895.19,2026-06-01T03:18:15Z,40.777245,-73.867966,303.8,a35d79,N316DU,BCS3,AIRBUS A220-300,0
landing,JFK,31R,1780283946.32,2026-06-01T03:19:06Z,40.651154,-73.775635,300.9,adb723,N983JT,A321,AIRBUS A-321,0
takeoff,LGA,04,1780283948.55,2026-06-01T03:19:08Z,40.771416,-73.882276,30.9,a2afeb,N272WN,B737,BOEING 737-700,0
takeoff,JFK,31L,1780283984.0,2026-06-01T03:19:44Z,40.630735,-73.777828,299.6,408092,G-ZBLH,B78X,BOEING 787-10 Dreamliner,0
landing,JFK,31R,1780284066.35,2026-06-01T03:21:06Z,40.650948,-73.775146,300.9,a8aef3,N659JB,A320,AIRBUS A-320,0
takeoff,JFK,31L,1780284159.38,2026-06-01T03:22:39Z,40.631224,-73.778889,300.9,461f08,OH-LTO,A333,AIRBUS A-330-300,0
landing,JFK,31R,1780284200.58,2026-06-01T03:23:20Z,40.654255,-73.782666,289.7,a1bc29,N2102J,A21N,AIRBUS A-321neo,0
takeoff,JFK,31L,1780284286.07,2026-06-01T03:24:46Z,40.631282,-73.779014,300.9,a37f8d,N3240J,BCS3,,0
landing,JFK,31R,1780284288.33,2026-06-01T03:24:48Z,40.651039,-73.775391,300.9,8691cc,JA785A,B77W,BOEING 777-300ER,0
landing,LGA,31,1780284314.27,2026-06-01T03:25:14Z,40.777014,-73.86742,303.8,a3472f,N310DU,BCS3,AIRBUS A220-300,0
landing,LGA,31,1780284415.23,2026-06-01T03:26:55Z,40.776901,-73.867218,300.9,ac5ada,N8954Q,B38M,,0
landing,LGA,31,1780284502.61,2026-06-01T03:28:22Z,40.776874,-73.867186,300.9,ac0c64,N8758L,B38M,BOEING 737 MAX 8,0
landing,JFK,31R,1780284512.65,2026-06-01T03:28:32Z,40.651096,-73.775543,298.1,a7faad,N613JB,A320,AIRBUS A-320,0
takeoff,JFK,31L,1780284615.58,2026-06-01T03:30:15Z,40.631422,-73.779248,300.9,8963e9,A6-EOL,A388,AIRBUS A-380-800,0
takeoff,JFK,31L,1780284799.45,2026-06-01T03:33:19Z,40.630886,-73.778125,300.9,a9704d,N707TW,B752,BOEING 757-200,0
landing,JFK,31R,1780284846.22,2026-06-01T03:34:06Z,40.650205,-73.773568,300.9,e8045e,CC-BHC,A20N,AIRBUS A-320neo,0
takeoff,JFK,31L,1780284860.05,2026-06-01T03:34:20Z,40.630795,-73.777924,303.8,a5e02d,N478PX,CRJ9,BOMBARDIER Regional Jet CRJ-900,0
takeoff,JFK,31L,1780284931.08,2026-06-01T03:35:31Z,40.631275,-73.778976,300.9,4cc576,TF-ICI,B38M,BOEING 737 MAX 8,0
landing,JFK,31R,1780284938.21,2026-06-01T03:35:38Z,40.653214,-73.780151,300.9,abece7,N868DN,B739,BOEING 737-900,0
takeoff,JFK,31L,1780284998.51,2026-06-01T03:36:38Z,40.630863,-73.778061,298.1,a145b7,N181PQ,CRJ9,BOMBARDIER Regional Jet CRJ-900,0
landing,JFK,31R,1780285038.65,2026-06-01T03:37:18Z,40.651032,-73.775363,300.9,a339b1,N307DU,BCS3,AIRBUS A220-300,0
takeoff,JFK,31L,1780285068.12,2026-06-01T03:37:48Z,40.630394,-73.777039,300.9,a86605,N640JB,A320,AIRBUS A-320,0
takeoff,LGA,04,1780285089.59,2026-06-01T03:38:09Z,40.772484,-73.881393,30.9,a972d3,N708FR,A321,AIRBUS A-321,0
landing,JFK,31R,1780285130.4,2026-06-01T03:38:50Z,40.652275,-73.778122,299.6,7380c8,4X-EDJ,B789,BOEING 787-9 Dreamliner,0
takeoff,JFK,31L,1780285137.1,2026-06-01T03:38:57Z,40.63091,-73.778203,300.9,a641bf,N502DX,A21N,AIRBUS A-321neo,0
takeoff,JFK,31L,1780285356.44,2026-06-01T03:42:36Z,40.630688,-73.777672,300.9,a9b62c,N725AN,B77W,BOEING 777-300ER,0
landing,LGA,31,1780285365.99,2026-06-01T03:42:45Z,40.777444,-73.868387,303.8,ad01c0,N937XJ,CRJ9,BOMBARDIER Regional Jet CRJ-900,0
takeoff,JFK,31L,1780285486.23,2026-06-01T03:44:46Z,40.630497,-73.777267,300.9,acb679,N918XJ,CRJ9,BOMBARDIER Regional Jet CRJ-900,0
landing,LGA,31,1780285555.58,2026-06-01T03:45:55Z,40.777002,-73.867389,303.8,adf068,N998AN,A321,AIRBUS A-321,0
takeoff,JFK,31L,1780285558.12,2026-06-01T03:45:58Z,40.631115,-73.778641,298.1,a33843,N3062J,BCS3,AIRBUS A220-300,0
takeoff,JFK,31L,1780285652.77,2026-06-01T03:47:32Z,40.63091,-73.778203,300.9,407698,G-VJAM,A35K,AIRBUS A-350-1000,0
landing,JFK,31R,1780285715.15,2026-06-01T03:48:35Z,40.65187,-73.77722,300.9,0c605d,9Y-BAH,B38M,BOEING 737 MAX 8,0
takeoff,JFK,31L,1780285779.69,2026-06-01T03:49:39Z,40.630531,-73.777359,298.1,a7f6f6,N612JB,A320,AIRBUS A-320,0
landing,LGA,31,1780285791.13,2026-06-01T03:49:51Z,40.778126,-73.869797,303.8,a3b8f5,N339TP,B38M,BOEING 737 MAX 8,0
takeoff,JFK,31L,1780285919.98,2026-06-01T03:51:59Z,40.630363,-73.777001,298.1,a1094c,N166PQ,CRJ9,BOMBARDIER Regional Jet CRJ-900,0
landing,JFK,31R,1780285985.66,2026-06-01T03:53:05Z,40.65116,-73.775721,300.9,ad846f,N970JB,A321,AIRBUS A-321,0
landing,JFK,31L,1780286114.72,2026-06-01T03:55:14Z,40.638474,-73.794861,298.1,ab83e8,N841DN,B739,BOEING 737-900,0
landing,JFK,31R,1780286470.13,2026-06-01T04:01:10Z,40.650902,-73.775116,300.9,a776b2,N580JB,A320,AIRBUS A-320,0
landing,JFK,31R,1780286579.27,2026-06-01T04:02:59Z,40.650915,-73.775113,300.9,a6c781,N536JB,A320,AIRBUS A-320,0
takeoff,JFK,31L,1780286604.92,2026-06-01T04:03:24Z,40.634832,-73.786848,300.9,3475d4,EC-ODB,A332,AIRBUS A-330-200,0
landing,LGA,04,1780286642.88,2026-06-01T04:04:02Z,40.779568,-73.875549,33.8,a11eb7,N171US,A321,AIRBUS A-321,0
landing,JFK,31R,1780286705.94,2026-06-01T04:05:05Z,40.651852,-73.777191,300.9,ac89f7,N907JB,A321,AIRBUS A-321,0
takeoff,JFK,31R,1780286705.94,2026-06-01T04:05:05Z,40.651852,-73.777191,300.9,ac89f7,N907JB,A321,AIRBUS A-321,0
landing,JFK,31R,1780286711.91,2026-06-01T04:05:11Z,40.652882,-73.779465,300.9,ac89f7,N907JB,A321,AIRBUS A-321,0
landing,JFK,31L,1780286880.41,2026-06-01T04:08:00Z,40.63781,-73.793488,300.9,a67805,N516DA,A21N,AIRBUS A-321neo,0
takeoff,JFK,31L,1780286977.54,2026-06-01T04:09:37Z,40.630371,-73.776993,300.9,e80210,CC-CWV,B763,BOEING 767-300,0
landing,JFK,31L,1780287112.6,2026-06-01T04:11:52Z,40.637985,-73.793808,300.9,a988f0,N713TW,B752,BOEING 757-200,0
landing,JFK,31R,1780287179.67,2026-06-01T04:12:59Z,40.650997,-73.7753,300.9,acf906,N935JB,A321,AIRBUS A-321,0
takeoff,JFK,31L,1780287186.23,2026-06-01T04:13:06Z,40.630037,-73.776252,300.9,a16883,N190DN,B763,BOEING 767-300,0
takeoff,JFK,31L,1780287312.37,2026-06-01T04:15:12Z,40.630245,-73.776733,300.9,4ca9bc,EI-LRC,A21N,AIRBUS A-321neo,0
takeoff,JFK,31L,1780287378.4,2026-06-01T04:16:18Z,40.630549,-73.777376,300.9,ab60e3,N832MH,B764,BOEING 767-400,0
landing,LGA,04,1780287459.53,2026-06-01T04:17:39Z,40.777793,-73.877002,33.8,a05470,N120HQ,E75L,EMBRAER ERJ-170-200 (long wing),0
takeoff,JFK,31L,1780287461.45,2026-06-01T04:17:41Z,40.631161,-73.778748,300.9,407ed8,G-VEII,A339,AIRBUS A-330-900,0
landing,JFK,31R,1780287917.57,2026-06-01T04:25:17Z,40.651765,-73.776939,300.9,aa490a,N762AV,A20N,AIRBUS A-320neo,0
takeoff,JFK,31L,1780287948.11,2026-06-01T04:25:48Z,40.631172,-73.778778,300.9,a1373d,N178DN,B763,BOEING 767-300,0
landing,JFK,31R,1780288276.33,2026-06-01T04:31:16Z,40.653145,-73.779999,300.9,a65104,N506JB,A320,AIRBUS A-320,0
landing,LGA,04,1780288507.17,2026-06-01T04:35:07Z,40.776672,-73.87796,33.8,a771af,N579UW,A321,AIRBUS A-321,0
landing,JFK,31R,1780288627.99,2026-06-01T04:37:07Z,40.653786,-73.781433,300.9,ab4f5d,N828JB,A320,AIRBUS A-320,0
landing,JFK,31R,1780288736.72,2026-06-01T04:38:56Z,40.654587,-73.783188,300.9,4d0116,LX-VCL,B748,BOEING 747-8,0
takeoff,JFK,31L,1780288753.08,2026-06-01T04:39:13Z,40.631699,-73.779938,302.4,47b121,LN-FND,B789,BOEING 787-9 Dreamliner,0
landing,JFK,04R,1780289680.83,2026-06-01T04:54:40Z,40.633804,-73.76384,30.9,a009a4,N101NN,A321,AIRBUS A-321,0
landing,JFK,04R,1780289808.4,2026-06-01T04:56:48Z,40.637295,-73.761108,30.9,0c2082,HP-1826CMP,B738,BOEING 737-800,0
takeoff,JFK,04L,1780289866.35,2026-06-01T04:57:46Z,40.626871,-73.781823,29.6,40742e,G-CKOF,B789,BOEING 787-9 Dreamliner,0
landing,JFK,04R,1780290147.39,2026-06-01T05:02:27Z,40.635681,-73.762363,30.9,a8453e,N632AV,A320,AIRBUS A-320,0
takeoff,JFK,04L,1780290409.8,2026-06-01T05:06:49Z,40.625931,-73.782547,30.9,4bb147,TC-LJG,B77W,BOEING 777-300ER,0
landing,JFK,04R,1780290447.87,2026-06-01T05:07:27Z,40.634434,-73.763321,30.9,acca19,N923JB,A321,AIRBUS A-321,0
landing,JFK,04R,1780290865.17,2026-06-01T05:14:25Z,40.636123,-73.761989,30.9,ac76ae,N902AV,A20N,,0
takeoff,JFK,04L,1780290938.47,2026-06-01T05:15:38Z,40.625917,-73.782572,30.9,71c011,HL8011,B77W,BOEING 777-300ER,0
landing,JFK,04R,1780291043.43,2026-06-01T05:17:23Z,40.6367,-73.761536,30.9,a6bbef,N533DT,A21N,AIRBUS A-321neo,0
landing,JFK,04R,1780291150.8,2026-06-01T05:19:10Z,40.636379,-73.761817,30.9,adf194,N998NN,B738,BOEING 737-800,0
takeoff,JFK,04L,1780291292.85,2026-06-01T05:21:32Z,40.625782,-73.782669,30.9,aa7f65,N776AV,A20N,AIRBUS A-320neo,0
landing,JFK,04R,1780291309.4,2026-06-01T05:21:49Z,40.634494,-73.763253,30.9,a4417d,N3731T,B738,BOEING 737-800,0
takeoff,JFK,04L,1780291628.18,2026-06-01T05:27:08Z,40.626114,-73.78241,30.9,a776b2,N580JB,A320,AIRBUS A-320,0
takeoff,JFK,04L,1780291712.3,2026-06-01T05:28:32Z,40.626441,-73.782167,30.9,a3711a,N3203J,BCS3,AIRBUS A220-300,0
landing,JFK,04R,1780292137.72,2026-06-01T05:35:37Z,40.63759,-73.760881,30.9,a52602,N4304,A320,AIRBUS A-320,0
takeoff,JFK,04L,1780292247.79,2026-06-01T05:37:27Z,40.626592,-73.782011,32.4,02013f,CN-RGY,B789,BOEING 787-9 Dreamliner,0
takeoff,JFK,04L,1780292411.5,2026-06-01T05:40:11Z,40.624958,-73.783295,30.9,06a12e,A7-ANR,A35K,AIRBUS A-350-1000,0
takeoff,JFK,04L,1780292545.31,2026-06-01T05:42:25Z,40.624939,-73.783321,30.9,e8045e,CC-BHC,A20N,AIRBUS A-320neo,0
takeoff,JFK,04L,1780292661.64,2026-06-01T05:44:21Z,40.625988,-73.782501,30.9,ac858a,N906AV,A20N,AIRBUS A-320neo,0
takeoff,JFK,04L,1780292763.77,2026-06-01T05:46:03Z,40.626423,-73.78215,30.9,8990e0,B-16718,B77W,BOEING 777-300ER,0
takeoff,JFK,04L,1780293231.96,2026-06-01T05:53:51Z,40.625713,-73.782715,30.9,841520,JA05WJ,A35K,AIRBUS A-350-1000,0
takeoff,JFK,04L,1780293543.59,2026-06-01T05:59:03Z,40.625219,-73.783087,30.9,39cf0a,F-HTYK,A359,AIRBUS A-350-900,0
takeoff,JFK,04L,1780293720.12,2026-06-01T06:02:00Z,40.626183,-73.782349,30.9,789246,B-LXN,A35K,AIRBUS A-350-1000,0
takeoff,JFK,04L,1780293833.06,2026-06-01T06:03:53Z,40.626045,-73.782455,30.9,a4dbef,N412DX,A339,AIRBUS A-330-900,0
landing,JFK,04L,1780294020.35,2026-06-01T06:07:00Z,40.633307,-73.776798,30.9,a360ea,N317AZ,B763,BOEING 767-300,0
takeoff,JFK,04L,1780294102.26,2026-06-01T06:08:22Z,40.625095,-73.783188,30.9,8691cc,JA785A,B77W,BOEING 777-300ER,0
landing,JFK,04R,1780294311.99,2026-06-01T06:11:51Z,40.636414,-73.761754,30.9,71bc19,HL7419,B744,BOEING 747-400,0
takeoff,JFK,04L,1780294637.49,2026-06-01T06:17:17Z,40.627361,-73.781433,30.9,a78fcf,N5869K,A333,,0
landing,JFK,04R,1780295012.62,2026-06-01T06:23:32Z,40.637707,-73.760773,30.9,a2f5b8,N290CM,B763,BOEING 767-300,0
takeoff,JFK,04L,1780295088.75,2026-06-01T06:24:48Z,40.627258,-73.781586,30.9,71be34,HL7634,A388,AIRBUS A-380-800,0
takeoff,JFK,04L,1780295237.39,2026-06-01T06:27:17Z,40.626662,-73.781964,30.9,408121,G-VPIE,A339,AIRBUS A-330-900,0
landing,JFK,04R,1780295250.47,2026-06-01T06:27:30Z,40.637322,-73.761068,30.9,ad5c3a,N960AV,A320,AIRBUS A-320,0
takeoff,JFK,04L,1780295349.26,2026-06-01T06:29:09Z,40.627098,-73.781631,30.9,780cb8,B-2487,B748,BOEING 747-8,0
takeoff,JFK,04L,1780295456.68,2026-06-01T06:30:56Z,40.624397,-73.783737,30.9,899021,B-18051,B77W,BOEING 777-300ER,0
takeoff,JFK,04L,1780295687.82,2026-06-01T06:34:47Z,40.626487,-73.78212,30.9,0c20b5,HP-1845CMP,B738,BOEING 737-800,0
takeoff,JFK,04L,1780295995.91,2026-06-01T06:39:55Z,40.627116,-73.781589,29.6,7380c8,4X-EDJ,B789,BOEING 787-9 Dreamliner,0
takeoff,JFK,04L,1780296166.23,2026-06-01T06:42:46Z,40.625072,-73.783234,30.9,aa490a,N762AV,A20N,AIRBUS A-320neo,0
landing,JFK,04R,1780296675.75,2026-06-01T06:51:15Z,40.632637,-73.764725,30.9,a6981a,N524DE,A21N,AIRBUS A-321neo,0
landing,JFK,04R,1780297464.3,2026-06-01T07:04:24Z,40.632545,-73.764816,30.9,aa7bae,N775AV,A20N,AIRBUS A-320neo,0
takeoff,JFK,04L,1780297507.94,2026-06-01T07:05:07Z,40.627383,-73.781417,30.9,448465,OO-ACE,B744,BOEING 747-400,0
takeoff,JFK,04L,1780297991.5,2026-06-01T07:13:11Z,40.625748,-73.782715,30.9,a8453e,N632AV,A320,AIRBUS A-320,0
landing,JFK,04L,1780298274.45,2026-06-01T07:17:54Z,40.634296,-73.776002,30.9,acc76b,N922US,A321,AIRBUS A-321,0
takeoff,JFK,04L,1780298698.56,2026-06-01T07:24:58Z,40.625942,-73.782532,30.9,0c605d,9Y-BAH,B38M,BOEING 737 MAX 8,0
takeoff,JFK,04L,1780298797.94,2026-06-01T07:26:37Z,40.625894,-73.782572,30.9,ac76ae,N902AV,A20N,,0
takeoff,JFK,04L,1780299788.67,2026-06-01T07:43:08Z,40.62601,-73.782479,30.9,a52602,N4304,A320,AIRBUS A-320,0
landing,JFK,04R,1780300026.25,2026-06-01T07:47:06Z,40.64022,-73.758992,19.7,0c20b9,HP-1847CMP,B738,BOEING 737-800,0
takeoff,JFK,04L,1780301842.13,2026-06-01T08:17:22Z,40.626846,-73.78183,30.9,0c2082,HP-1826CMP,B738,BOEING 737-800,0
takeoff,JFK,04L,1780302610.41,2026-06-01T08:30:10Z,40.625347,-73.783005,30.9,71bc19,HL7419,B744,BOEING 747-400,0
takeoff,JFK,04L,1780302830.31,2026-06-01T08:33:50Z,40.627419,-73.781372,30.9,4d0116,LX-VCL,B748,BOEING 747-8,0
landing,JFK,04R,1780303327.02,2026-06-01T08:42:07Z,40.637287,-73.761099,30.9,0c605c,9Y-GUY,B38M,BOEING 737 MAX 8,0
landing,JFK,04R,1780303517.37,2026-06-01T08:45:17Z,40.636162,-73.761978,30.9,ad072c,N939AV,A320,AIRBUS A-320,0
takeoff,JFK,04L,1780303775.17,2026-06-01T08:49:35Z,40.626148,-73.782379,30.9,ad5c3a,N960AV,A320,AIRBUS A-320,0
landing,JFK,04R,1780303873.4,2026-06-01T08:51:13Z,40.634594,-73.763214,30.9,a6a3c2,N527JL,A320,AIRBUS A-320,0
landing,JFK,04R,1780303980.8,2026-06-01T08:53:00Z,40.632609,-73.76472,30.9,a9acb8,N722TW,B752,BOEING 757-200,0
landing,JFK,04R,1780304226.33,2026-06-01T08:57:06Z,40.638428,-73.760725,8.4,06a1cd,A7-CGH,GLF6,GULFSTREAM G650,0
landing,JFK,04R,1780304370.38,2026-06-01T08:59:30Z,40.635565,-73.762441,30.9,a5db2f,N477AV,A320,AIRBUS A-320,0
landing,JFK,22R,1780304698.51,2026-06-01T09:04:58Z,40.633518,-73.779541,210.9,0c6063,9Y-GRN,B38M,BOEING 737 MAX 8,0
landing,JFK,04R,1780304832.55,2026-06-01T09:07:12Z,40.638039,-73.760498,30.9,a0f4a2,N1604R,B763,BOEING 767-300,0
takeoff,JFK,04L,1780304963.4,2026-06-01T09:09:23Z,40.62505,-73.783218,30.9,0c6063,9Y-GRN,B38M,BOEING 737 MAX 8,0
landing,JFK,04R,1780305307.3,2026-06-01T09:15:07Z,40.636265,-73.761917,30.9,ad4804,N955JB,A321,AIRBUS A-321,0
takeoff,LGA,04,1780305437.29,2026-06-01T09:17:17Z,40.775466,-73.874489,75.9,adf068,N998AN,A321,AIRBUS A-321,0
landing,JFK,04R,1780305437.88,2026-06-01T09:17:17Z,40.636542,-73.761676,29.6,7380c6,4X-EDH,B789,BOEING 787-9 Dreamliner,0
takeoff,JFK,04L,1780305541.33,2026-06-01T09:19:01Z,40.626522,-73.782089,30.9,aa7bae,N775AV,A20N,AIRBUS A-320neo,0
landing,JFK,04R,1780305608.79,2026-06-01T09:20:08Z,40.636694,-73.761567,30.9,a48315,N390DA,B738,BOEING 737-800,0
takeoff,JFK,04L,1780305643.45,2026-06-01T09:20:43Z,40.627121,-73.781631,30.9,ade9c0,N996JL,A321,AIRBUS A-321,0
landing,JFK,04R,1780305994.5,2026-06-01T09:26:34Z,40.63539,-73.76255,30.9,4d206e,9H-ALC,A332,AIRBUS A-330-200,0
landing,JFK,04R,1780306149.44,2026-06-01T09:29:09Z,40.637799,-73.760678,30.9,a3401a,N3085J,BCS3,AIRBUS A220-300,0
takeoff,JFK,04L,1780306175.11,2026-06-01T09:29:35Z,40.626057,-73.78244,30.9,ace063,N929JB,A321,AIRBUS A-321,0
landing,JFK,04R,1780306249.74,2026-06-01T09:30:49Z,40.636903,-73.76138,30.9,a382ca,N325VM,B38M,BOEING 737 MAX 8,0
landing,JFK,04R,1780306377.39,2026-06-01T09:32:57Z,40.635086,-73.762802,30.9,a35854,N3142J,BCS3,AIRBUS A220-300,0
takeoff,JFK,04L,1780306571.86,2026-06-01T09:36:11Z,40.62505,-73.783264,30.9,a65c29,N509JB,A320,AIRBUS A-320,0
landing,JFK,04R,1780306576.65,2026-06-01T09:36:16Z,40.639343,-73.759506,30.9,a4b827,N403DX,A339,AIRBUS A-330-900,0
landing,JFK,04R,1780306999.12,2026-06-01T09:43:19Z,40.636589,-73.761676,30.9,a01c37,N106NN,A321,AIRBUS A-321,0
takeoff,JFK,04L,1780307087.37,2026-06-01T09:44:47Z,40.626789,-73.78186,30.9,a19910,N2017J,A21N,AIRBUS A-321neo,0
landing,JFK,04R,1780307093.98,2026-06-01T09:44:53Z,40.636926,-73.761396,30.9,a3298a,N3023J,BCS3,AIRBUS A220-300,0
landing,JFK,04R,1780307203.67,2026-06-01T09:46:43Z,40.63553,-73.762472,30.9,a3ca1a,N343SY,B38M,BOEING 737 MAX 8,0
takeoff,JFK,04L,1780307214.12,2026-06-01T09:46:54Z,40.626731,-73.781932,30.9,ad9b28,N976NN,B738,BOEING 737-800,0
landing,JFK,04R,1780307302.14,2026-06-01T09:48:22Z,40.637226,-73.761154,30.9,adde95,N993JE,A321,AIRBUS A-321,0
landing,JFK,04R,1780307410.99,2026-06-01T09:50:10Z,40.636414,-73.76178,30.9,a7e906,N609DN,A21N,AIRBUS A-321neo,0
landing,JFK,04R,1780307571.82,2026-06-01T09:52:51Z,40.637524,-73.760956,25.3,a38ad5,N3271J,BCS3,,0
landing,JFK,04R,1780307639.65,2026-06-01T09:53:59Z,40.634785,-73.76305,30.9,a78c8f,N586DT,A21N,,0
landing,JFK,04R,1780307753.65,2026-06-01T09:55:53Z,40.63553,-73.762457,30.9,ad9db0,N977AK,B39M,BOEING 737 MAX 9,0
landing,JFK,04R,1780308030.52,2026-06-01T10:00:30Z,40.636077,-73.762035,33.8,a5e02d,N478PX,CRJ9,BOMBARDIER Regional Jet CRJ-900,0
landing,JFK,04R,1780308148.97,2026-06-01T10:02:28Z,40.637217,-73.761177,25.3,0ac9de,HK-5360,A20N,AIRBUS A-320neo,0
takeoff,JFK,04L,1780308282.52,2026-06-01T10:04:42Z,40.623496,-73.784429,30.9,a1e1d8,N220JQ,E75L,EMBRAER ERJ-170-200 (long wing),0
takeoff,JFK,04L,1780308353.35,2026-06-01T10:05:53Z,40.627075,-73.781647,30.9,aa4d77,N763JB,A320,AIRBUS A-320,0
takeoff,LGA,13,1780308376.3,2026-06-01T10:06:16Z,40.78149,-73.876816,120.9,a21833,N234JQ,E75L,EMBRAER ERJ-170-200 (long wing),0
landing,JFK,04R,1780308407.86,2026-06-01T10:06:47Z,40.637924,-73.760605,30.9,a4e6c0,N415AN,A21N,AIRBUS A-321neo,0
takeoff,JFK,04L,1780308438.45,2026-06-01T10:07:18Z,40.626663,-73.781982,30.9,a04641,N117AN,A321,AIRBUS A-321,0
takeoff,LGA,13,1780308465.92,2026-06-01T10:07:45Z,40.780121,-73.873974,123.8,a44168,N37307,B38M,,0
takeoff,JFK,04L,1780308504.3,2026-06-01T10:08:24Z,40.626743,-73.781932,30.9,a7faad,N613JB,A320,AIRBUS A-320,0
landing,LGA,22,1780308524.79,2026-06-01T10:08:44Z,40.776775,-73.877869,208.1,a130cb,N176PQ,CRJ9,BOMBARDIER Regional Jet CRJ-900,0
landing,JFK,04R,1780308532.25,2026-06-01T10:08:52Z,40.638554,-73.760101,30.9,a033ae,N112AN,A321,AIRBUS A-321,0
takeoff,LGA,13,1780308545.15,2026-06-01T10:09:05Z,40.780083,-73.873871,123.8,a486d8,N391DN,A321,AIRBUS A-321,0
takeoff,LGA,13,1780308604.79,2026-06-01T10:10:04Z,40.78141,-73.876678,123.8,abd41a,N861RW,E170,EMBRAER ERJ-170-100,0
takeoff,JFK,04L,1780308668.63,2026-06-01T10:11:08Z,40.627104,-73.781636,30.9,a009a4,N101NN,A321,AIRBUS A-321,0
takeoff,LGA,13,1780308691.77,2026-06-01T10:11:31Z,40.779625,-73.872955,123.8,a3a086,N33266,B738,BOEING 737-800,0
landing,JFK,31R,1780308741.39,2026-06-01T10:12:21Z,40.642734,-73.763237,267.2,a77035,N579DT,A21N,AIRBUS A-321neo,0
takeoff,LGA,13,1780308774.05,2026-06-01T10:12:54Z,40.77933,-73.872304,123.8,a3b79c,N339DU,,,0
takeoff,JFK,04L,1780308810.25,2026-06-01T10:13:30Z,40.626812,-73.781845,30.9,ac89f7,N907JB,A321,AIRBUS A-321,0
landing,JFK,04R,1780308820.83,2026-06-01T10:13:40Z,40.639309,-73.759537,28.1,a386fb,N3260J,BCS3,,0
takeoff,LGA,13,1780308858.78,2026-06-01T10:14:18Z,40.779562,-73.872804,123.8,ad0851,N939NN,B738,BOEING 737-800,0
takeoff,LGA,13,1780308915.0,2026-06-01T10:15:15Z,40.781525,-73.876923,120.9,aa52a0,N764YX,E75L,EMBRAER ERJ-170-200 (long wing),0
takeoff,JFK,04L,1780308917.68,2026-06-01T10:15:17Z,40.626487,-73.782104,30.9,a1b2ee,N2086J,A21N,AIRBUS A-321neo,0
landing,JFK,04R,1780308974.68,2026-06-01T10:16:14Z,40.643887,-73.758102,11.2,a9c508,N729AN,B77W,BOEING 777-300ER,0
takeoff,JFK,04L,1780309033.35,2026-06-01T10:17:13Z,40.625381,-73.78299,30.9,adbe91,N985JT,A321,AIRBUS A-321,0
takeoff,LGA,13,1780309068.38,2026-06-01T10:17:48Z,40.779912,-73.873522,123.8,a495bf,N395DZ,A321,AIRBUS A-321,0
landing,LGA,22,1780309120.73,2026-06-01T10:18:40Z,40.777398,-73.877345,213.8,a3c259,N341PQ,CRJ9,BOMBARDIER Regional Jet CRJ-900,0
takeoff,LGA,13,1780309149.29,2026-06-01T10:19:09Z,40.779728,-73.873138,120.9,abb5e2,N8537Z,B738,BOEING 737-800,0
takeoff,JFK,04L,1780309164.52,2026-06-01T10:19:24Z,40.626938,-73.781754,30.9,aafca8,N807JB,A320,AIRBUS A-320,0
landing,JFK,04R,1780309179.73,2026-06-01T10:19:39Z,40.637252,-73.761115,30.9,a35efa,N316VD,B38M,BOEING 737 MAX 8,0
takeoff,LGA,13,1780309225.32,2026-06-01T10:20:25Z,40.78054,-73.874833,120.9,a47d11,N389DN,A321,AIRBUS A-321,0
takeoff,JFK,04L,1780309228.97,2026-06-01T10:20:28Z,40.627104,-73.78162,30.9,a360ea,N317AZ,B763,BOEING 767-300,0
takeoff,LGA,13,1780309288.58,2026-06-01T10:21:28Z,40.779968,-73.873642,123.8,ac1afa,N8796L,B38M,BOEING 737 MAX 8,0
landing,LGA,13,1780309289.59,2026-06-01T10:21:29Z,40.779716,-73.873123,123.8,ac1afa,N8796L,B38M,BOEING 737 MAX 8,0
takeoff,LGA,13,1780309289.59,2026-06-01T10:21:29Z,40.779716,-73.873123,123.8,ac1afa,N8796L,B38M,BOEING 737 MAX 8,0
landing,JFK,04R,1780309299.46,2026-06-01T10:21:39Z,40.637741,-73.760925,16.9,a06aba,N126HQ,E75L,EMBRAER ERJ-170-200 (long wing),0
landing,JFK,22R,1780309314.07,2026-06-01T10:21:54Z,40.644177,-73.771071,250.3,acb679,N918XJ,CRJ9,BOMBARDIER Regional Jet CRJ-900,0
takeoff,JFK,04L,1780309340.21,2026-06-01T10:22:20Z,40.62632,-73.782227,30.9,a7e54f,N608DN,A21N,AIRBUS A-321neo,0
takeoff,LGA,13,1780309359.16,2026-06-01T10:22:39Z,40.781459,-73.876736,123.8,abd063,N860RW,E170,EMBRAER ERJ-170-100,0
takeoff,JFK,04L,1780309447.26,2026-06-01T10:24:07Z,40.633495,-73.776642,30.9,06a1cd,A7-CGH,GLF6,GULFSTREAM G650,0
takeoff,LGA,13,1780309479.37,2026-06-01T10:24:39Z,40.779636,-73.872955,120.9,acfa52,N935XJ,CRJ9,BOMBARDIER Regional Jet CRJ-900,0
landing,JFK,22R,1780309558.93,2026-06-01T10:25:58Z,40.642834,-73.772202,208.1,a19357,N200PQ,CRJ9,BOMBARDIER Regional Jet CRJ-900,0
takeoff,LGA,13,1780309577.24,2026-06-01T10:26:17Z,40.78149,-73.876801,123.8,a1ff90,N228JQ,E75L,EMBRAER ERJ-170-200 (long wing),0
landing,LGA,22,1780309678.22,2026-06-01T10:27:58Z,40.775803,-73.87864,213.8,a53436,N434YX,E75L,EMBRAER ERJ-170-200 (long wing),0
takeoff,LGA,13,1780309811.25,2026-06-01T10:30:11Z,40.781387,-73.876602,120.9,a05470,N120HQ,E75L,EMBRAER ERJ-170-200 (long wing),0
landing,JFK,04R,1780309858.34,2026-06-01T10:30:58Z,40.638371,-73.760254,30.9,a33843,N3062J,BCS3,AIRBUS A220-300,0
takeoff,LGA,13,1780309925.25,2026-06-01T10:32:05Z,40.779922,-73.87355,123.8,a8697f,N641FR,A21N,AIRBUS A-321neo,0
landing,JFK,04R,1780309942.75,2026-06-01T10:32:22Z,40.637581,-73.76088,30.9,aded77,N997JL,A321,AIRBUS A-321,0
takeoff,LGA,13,1780310008.12,2026-06-01T10:33:28Z,40.781479,-73.876816,123.8,a01f73,N107HQ,E75L,EMBRAER ERJ-170-200 (long wing),0
takeoff,JFK,04L,1780310073.24,2026-06-01T10:34:33Z,40.62651,-73.782104,30.9,a78945,N585JB,A320,AIRBUS A-320,0
takeoff,LGA,13,1780310080.89,2026-06-01T10:34:40Z,40.781548,-73.876923,123.8,a4b294,N401YX,E75L,EMBRAER ERJ-170-200 (long wing),0
landing,JFK,04R,1780310093.48,2026-06-01T10:34:53Z,40.636974,-73.761353,30.9,a13386,N177DN,B763,BOEING 767-300,0
landing,LGA,22,1780310198.02,2026-06-01T10:36:38Z,40.775494,-73.878922,210.9,a0634c,N124HQ,E75L,EMBRAER ERJ-170-200 (long wing),0
takeoff,LGA,13,1780310205.45,2026-06-01T10:36:45Z,40.779376,-73.872429,120.9,c0197e,C-FJQZ,CRJ9,BOMBARDIER Regional Jet CRJ-900,0
takeoff,JFK,04L,1780310210.04,2026-06-01T10:36:50Z,40.626423,-73.782166,30.9,a389eb,N327SK,B38M,BOEING 737 MAX 8,0
landing,JFK,04R,1780310255.94,2026-06-01T10:37:35Z,40.633987,-73.763687,30.9,aaa02c,N784JB,A320,AIRBUS A-320,0
takeoff,JFK,04L,1780310283.34,2026-06-01T10:38:03Z,40.625998,-73.78251,25.3,a7c849,N600LR,CRJ9,BOMBARDIER Regional Jet CRJ-900,0
takeoff,LGA,13,1780310323.54,2026-06-01T10:38:43Z,40.779632,-73.872944,120.9,ab5bb1,N8307K,B738,BOEING 737-800,0
landing,JFK,04R,1780310378.33,2026-06-01T10:39:38Z,40.639242,-73.759585,30.9,a03235,N111ZM,A321,AIRBUS A-321,0
takeoff,LGA,13,1780310403.43,2026-06-01T10:40:03Z,40.779085,-73.871805,120.9,a387f0,N3267J,BCS3,,0
takeoff,JFK,04L,1780310444.33,2026-06-01T10:40:44Z,40.626812,-73.78186,30.9,a6981a,N524DE,A21N,AIRBUS A-321neo,0
landing,JFK,04R,1780310460.14,2026-06-01T10:41:00Z,40.637226,-73.761154,30.9,adcd6d,N989JT,A321,AIRBUS A-321,0
landing,JFK,04R,1780310546.97,2026-06-01T10:42:26Z,40.636158,-73.761989,30.9,a1775f,N194DN,B763,BOEING 767-300,0
takeoff,JFK,04L,1780310570.5,2026-06-01T10:42:50Z,40.627064,-73.781662,30.9,ad6f93,N965JT,A321,AIRBUS A-321,0
landing,LGA,22,1780310570.91,2026-06-01T10:42:50Z,40.775242,-73.87912,213.8,a8a490,N656RW,E170,EMBRAER ERJ-170-100,0
landing,JFK,04R,1780310672.01,2026-06-01T10:44:32Z,40.636208,-73.761932,30.9,a1ce99,N2151J,A21N,AIRBUS A-321neo,0
takeoff,JFK,04L,1780310700.94,2026-06-01T10:45:00Z,40.625125,-73.783181,30.9,a85c3e,N638JB,A320,AIRBUS A-320,0
takeoff,LGA,13,1780310726.57,2026-06-01T10:45:26Z,40.779545,-73.872742,123.8,a32367,N301DU,BCS3,AIRBUS A220-300,0
landing,JFK,04R,1780310746.72,2026-06-01T10:45:46Z,40.637672,-73.760803,30.9,a13748,N178DZ,B763,BOEING 767-300,0
takeoff,JFK,04L,1780310812.84,2026-06-01T10:46:52Z,40.626858,-73.781815,30.9,a81abe,N621JB,A320,AIRBUS A-320,0
takeoff,JFK,04L,1780310876.08,2026-06-01T10:47:56Z,40.626883,-73.781792,30.9,ab4f5d,N828JB,A320,AIRBUS A-320,0
takeoff,LGA,13,1780310885.1,2026-06-01T10:48:05Z,40.779396,-73.872467,120.9,ac066b,N874NN,B738,BOEING 737-800,0
landing,LGA,22,1780310906.44,2026-06-01T10:48:26Z,40.777393,-73.877365,210.9,a1094c,N166PQ,CRJ9,BOMBARDIER Regional Jet CRJ-900,0
landing,JFK,04R,1780310935.93,2026-06-01T10:48:55Z,40.634471,-73.763268,30.9,a37f8d,N3240J,BCS3,,0
landing,JFK,31R,1780310947.23,2026-06-01T10:49:07Z,40.642742,-73.763107,267.2,a66ce0,N513DA,A21N,AIRBUS A-321neo,0
landing,LGA,22,1780311003.65,2026-06-01T10:50:03Z,40.778061,-73.876768,210.9,a34bdc,N311PQ,CRJ9,BOMBARDIER Regional Jet CRJ-900,0
landing,JFK,04R,1780311039.08,2026-06-01T10:50:39Z,40.635891,-73.762176,30.9,a6bfa6,N534DT,A21N,AIRBUS A-321neo,0
takeoff,JFK,04L,1780311049.89,2026-06-01T10:50:49Z,40.627739,-73.781128,30.9,a38ef5,N3284J,BCS3,AIRBUS A220-300,0
landing,LGA,22,1780311109.92,2026-06-01T10:51:49Z,40.777654,-73.877142,208.1,a15027,N184GJ,CRJ9,BOMBARDIER Regional Jet CRJ-900,0
takeoff,LGA,31,1780311112.26,2026-06-01T10:51:52Z,40.778853,-73.873646,303.8,c00b78,C-FEIX,E75S,EMBRAER ERJ-170-200 (short wing),0
landing,LGA,31,1780311118.58,2026-06-01T10:51:58Z,40.778899,-73.87374,300.9,c00b78,C-FEIX,E75S,EMBRAER ERJ-170-200 (short wing),0
landing,JFK,04R,1780311125.54,2026-06-01T10:52:05Z,40.63504,-73.762863,30.9,a654cb,N507JT,A320,AIRBUS A-320,0
takeoff,LGA,13,1780311153.86,2026-06-01T10:52:33Z,40.781425,-73.876674,123.8,a05827,N121HQ,E75L,EMBRAER ERJ-170-200 (long wing),0
takeoff,JFK,04L,1780311182.98,2026-06-01T10:53:02Z,40.626652,-73.781982,30.9,ad846f,N970JB,A321,AIRBUS A-321,0
landing,JFK,04R,1780311190.04,2026-06-01T10:53:10Z,40.636333,-73.761848,29.6,ab4e94,N828AA,B789,BOEING 787-9 Dreamliner,0
takeoff,LGA,13,1780311229.15,2026-06-01T10:53:49Z,40.78006,-73.873825,118.1,a091f3,N136EV,CRJ9,BOMBARDIER Regional Jet CRJ-900,0
takeoff,LGA,13,1780311290.25,2026-06-01T10:54:50Z,40.78141,-73.876648,120.9,c00b78,C-FEIX,E75S,EMBRAER ERJ-170-200 (short wing),0
landing,JFK,04R,1780311341.95,2026-06-01T10:55:41Z,40.635178,-73.762741,30.9,a0a30e,N140DU,BCS1,AIRBUS A220-100,0
landing,LGA,22,1780311354.96,2026-06-01T10:55:54Z,40.771253,-73.882386,202.5,a1b092,N208JQ,E75L,EMBRAER ERJ-170-200 (long wing),0
takeoff,JFK,04L,1780311357.69,2026-06-01T10:55:57Z,40.62664,-73.781998,30.9,a1cf48,N2156J,A21N,AIRBUS A-321neo,0
takeoff,LGA,13,1780311378.6,2026-06-01T10:56:18Z,40.779376,-73.872414,123.8,acf849,N935AN,B738,BOEING 737-800,0
landing,JFK,04R,1780311451.04,2026-06-01T10:57:31Z,40.638062,-73.760803,11.2,a099a7,N138HQ,E75L,EMBRAER ERJ-170-200 (long wing),0
takeoff,LGA,13,1780311451.11,2026-06-01T10:57:31Z,40.77998,-73.873672,120.9,a45592,N379DN,A321,AIRBUS A-321,0
takeoff,JFK,04L,1780311466.83,2026-06-01T10:57:46Z,40.62743,-73.781386,30.9,a32886,N302UD,B38M,BOEING 737 MAX 8,0
landing,JFK,04R,1780311532.49,2026-06-01T10:58:52Z,40.63702,-73.761337,28.1,a3711a,N3203J,BCS3,AIRBUS A220-300,0
landing,LGA,22,1780311591.28,2026-06-01T10:59:51Z,40.776089,-73.878433,210.9,a1b449,N209JQ,E75L,EMBRAER ERJ-170-200 (long wing),0
takeoff,LGA,13,1780311598.65,2026-06-01T10:59:58Z,40.781553,-73.876924,123.8,a030a8,N111HQ,E75L,EMBRAER ERJ-170-200 (long wing),0
landing,JFK,04R,1780311603.79,2026-06-01T11:00:03Z,40.634843,-73.763003,30.9,a48379,N390HA,A332,AIRBUS A-330-200,0
landing,LGA,22,1780311692.24,2026-06-01T11:01:32Z,40.775245,-73.879124,213.8,a20957,N230JQ,E75L,EMBRAER ERJ-170-200 (long wing),0
landing,JFK,04R,1780311788.47,2026-06-01T11:03:08Z,40.637764,-73.76091,16.9,a230d6,N240JQ,E75L,EMBRAER ERJ-170-200 (long wing),0
landing,LGA,22,1780311808.46,2026-06-01T11:03:28Z,40.774907,-73.879405,210.9,a1a924,N206JQ,E75L,EMBRAER ERJ-170-200 (long wing),0
takeoff,JFK,04L,1780311810.88,2026-06-01T11:03:30Z,40.626595,-73.782028,30.9,a36661,N318UX,B38M,BOEING 737 MAX 8,0
landing,JFK,04R,1780311861.49,2026-06-01T11:04:21Z,40.634785,-73.76305,30.9,a7de53,N606JB,A320,AIRBUS A-320,0
takeoff,JFK,04L,1780311880.88,2026-06-01T11:04:40Z,40.626846,-73.78183,30.9,ad072c,N939AV,A320,AIRBUS A-320,0
landing,LGA,22,1780311900.24,2026-06-01T11:05:00Z,40.774698,-73.87953,205.3,ab282b,N818MD,E170,EMBRAER ERJ-170-100,0
takeoff,JFK,04L,1780311941.94,2026-06-01T11:05:41Z,40.626698,-73.781952,30.9,ad9712,N975JT,A321,AIRBUS A-321,0
landing,JFK,04R,1780311948.79,2026-06-01T11:05:48Z,40.636768,-73.76152,30.9,ad3cdf,N952JB,A321,AIRBUS A-321,0
takeoff,LGA,13,1780311996.99,2026-06-01T11:06:36Z,40.779922,-73.873566,120.9,ac5ada,N8954Q,B38M,,0
takeoff,JFK,04L,1780312008.35,2026-06-01T11:06:48Z,40.627338,-73.781448,30.9,a3401a,N3085J,BCS3,AIRBUS A220-300,0
landing,JFK,04R,1780312034.97,2026-06-01T11:07:14Z,40.635704,-73.762332,30.9,a30460,N294AK,B739,BOEING 737-900,0
takeoff,LGA,13,1780312078.67,2026-06-01T11:07:58Z,40.779133,-73.871887,123.8,a3549d,N3132J,BCS3,AIRBUS A220-300,0
takeoff,JFK,04L,1780312129.0,2026-06-01T11:08:49Z,40.625928,-73.782541,30.9,a5db2f,N477AV,A320,AIRBUS A-320,0
takeoff,LGA,13,1780312137.67,2026-06-01T11:08:57Z,40.781483,-73.876783,123.8,a1f822,N226JQ,E75L,EMBRAER ERJ-170-200 (long wing),0
takeoff,LGA,13,1780312215.22,2026-06-01T11:10:15Z,40.78149,-73.876831,123.8,a50cb7,N424YX,E75L,EMBRAER ERJ-170-200 (long wing),0
takeoff,JFK,04L,1780312253.13,2026-06-01T11:10:53Z,40.626464,-73.782135,30.9,a48315,N390DA,B738,BOEING 737-800,0
takeoff,LGA,13,1780312284.38,2026-06-01T11:11:24Z,40.781548,-73.876923,120.9,a8a0d9,N655RW,E170,EMBRAER ERJ-170-100,0
takeoff,JFK,04L,1780312304.09,2026-06-01T11:11:44Z,40.626347,-73.782213,30.9,aca79d,N914XJ,CRJ9,BOMBARDIER Regional Jet CRJ-900,0
takeoff,LGA,13,1780312358.35,2026-06-01T11:12:38Z,40.780117,-73.873978,120.9,a11eb7,N171US,A321,AIRBUS A-321,0
takeoff,JFK,04L,1780312385.62,2026-06-01T11:13:05Z,40.627522,-73.781311,30.9,a08acb,N134HQ,E75L,EMBRAER ERJ-170-200 (long wing),0
landing,LGA,22,1780312390.04,2026-06-01T11:13:10Z,40.777689,-73.877111,208.1,a8f235,N676CA,CRJ9,BOMBARDIER Regional Jet CRJ-900,0
takeoff,LGA,13,1780312425.25,2026-06-01T11:13:45Z,40.779842,-73.873398,123.8,ac181d,N879DN,B739,BOEING 737-900,0
takeoff,JFK,04L,1780312469.78,2026-06-01T11:14:29Z,40.626755,-73.781906,30.9,ac8985,N907DN,B739,BOEING 737-900,0
takeoff,LGA,13,1780312490.16,2026-06-01T11:14:50Z,40.779877,-73.873459,123.8,a9d5a2,N73259,B738,BOEING 737-800,0
takeoff,JFK,04L,1780312532.75,2026-06-01T11:15:32Z,40.626801,-73.78187,30.9,a9acb8,N722TW,B752,BOEING 757-200,0
takeoff,LGA,13,1780312561.7,2026-06-01T11:16:01Z,40.779702,-73.873116,120.9,a44988,N3756,B738,BOEING 737-800,0
takeoff,JFK,04L,1780312583.87,2026-06-01T11:16:23Z,40.624951,-73.783321,30.9,a0f4a2,N1604R,B763,BOEING 767-300,0
landing,LGA,22,1780312623.69,2026-06-01T11:17:03Z,40.774944,-73.879333,210.9,a0835d,N132HQ,E75L,EMBRAER ERJ-170-200 (long wing),0
takeoff,LGA,13,1780312638.21,2026-06-01T11:17:18Z,40.77951,-73.872681,123.8,a3472f,N310DU,BCS3,AIRBUS A220-300,0
takeoff,JFK,04L,1780312662.25,2026-06-01T11:17:42Z,40.626487,-73.78212,30.9,a36636,N318TD,B38M,BOEING 737 MAX 8,0
takeoff,LGA,13,1780312709.08,2026-06-01T11:18:29Z,40.779751,-73.873184,120.9,a08a85,N134EV,CRJ9,BOMBARDIER Regional Jet CRJ-900,0
takeoff,JFK,04L,1780312722.25,2026-06-01T11:18:42Z,40.62624,-73.782303,30.9,a7cb53,N601DT,A21N,AIRBUS A-321neo,0
landing,JFK,04R,1780312739.84,2026-06-01T11:18:59Z,40.635109,-73.762802,25.3,a15795,N186GJ,CRJ9,BOMBARDIER Regional Jet CRJ-900,0
takeoff,LGA,13,1780312776.76,2026-06-01T11:19:36Z,40.780075,-73.873865,120.9,a03f1e,N115DN,A321,AIRBUS A-321,0
takeoff,JFK,04L,1780312776.76,2026-06-01T11:19:36Z,40.623676,-73.784317,30.9,c00b7e,C-FEJD,E75S,EMBRAER ERJ-170-200 (short wing),0
landing,LGA,22,1780312825.8,2026-06-01T11:20:25Z,40.775299,-73.879074,210.9,a24720,N246JQ,E75L,EMBRAER ERJ-170-200 (long wing),0
takeoff,JFK,04L,1780312905.83,2026-06-01T11:21:45Z,40.62656,-73.782059,30.9,a1574e,N186DN,B763,BOEING 767-300,0
landing,JFK,04L,1780312906.56,2026-06-01T11:21:46Z,40.626848,-73.781823,30.9,a1574e,N186DN,B763,BOEING 767-300,0
takeoff,JFK,04L,1780312906.56,2026-06-01T11:21:46Z,40.626848,-73.781823,30.9,a1574e,N186DN,B763,BOEING 767-300,0
takeoff,LGA,13,1780312933.32,2026-06-01T11:22:13Z,40.781548,-73.876953,120.9,a1ccec,N215JQ,E75L,EMBRAER ERJ-170-200 (long wing),0
landing,LGA,22,1780312939.82,2026-06-01T11:22:19Z,40.773342,-73.880661,213.8,a08e82,N135HQ,E75L,EMBRAER ERJ-170-200 (long wing),0
landing,JFK,04R,1780312993.54,2026-06-01T11:23:13Z,40.63667,-73.761598,30.9,a30f85,N297AK,B739,BOEING 737-900,0
landing,LGA,22,1780313030.72,2026-06-01T11:23:50Z,40.775419,-73.878968,213.8,abdb88,N863RW,E170,EMBRAER ERJ-170-100,0
takeoff,LGA,13,1780313038.47,2026-06-01T11:23:58Z,40.779469,-73.872601,120.9,ad01c0,N937XJ,CRJ9,BOMBARDIER Regional Jet CRJ-900,0
takeoff,JFK,04L,1780313054.58,2026-06-01T11:24:14Z,40.626627,-73.781979,30.9,0c605c,9Y-GUY,B38M,BOEING 737 MAX 8,0
landing,LGA,22,1780313108.66,2026-06-01T11:25:08Z,40.776583,-73.878016,210.9,a93d7c,N695CA,CRJ9,BOMBARDIER Regional Jet CRJ-900,0
takeoff,JFK,04L,1780313119.62,2026-06-01T11:25:19Z,40.626359,-73.782213,30.9,acca19,N923JB,A321,AIRBUS A-321,0
takeoff,LGA,13,1780313121.01,2026-06-01T11:25:21Z,40.780284,-73.874302,120.9,a445d9,N3746H,B738,BOEING 737-800,0
landing,JFK,04R,1780313144.93,2026-06-01T11:25:44Z,40.643211,-73.758243,11.2,a4ba02,N403YX,E75L,EMBRAER ERJ-170-200 (long wing),0
takeoff,JFK,04L,1780313183.31,2026-06-01T11:26:23Z,40.626263,-73.782288,30.9,a8e1f6,N6711M,B752,BOEING 757-200,0
landing,LGA,22,1780313191.34,2026-06-01T11:26:31Z,40.776909,-73.877766,213.8,acd68a,N926XJ,CRJ9,BOMBARDIER Regional Jet CRJ-900,0
landing,JFK,13R,1780313197.67,2026-06-01T11:26:37Z,40.640976,-73.794994,165.9,a01880,N105NN,A321,AIRBUS A-321,0
takeoff,LGA,13,1780313217.25,2026-06-01T11:26:57Z,40.780284,-73.874286,120.9,a32fa7,N304RB,B38M,BOEING 737 MAX 8,0
takeoff,JFK,04L,1780313242.73,2026-06-01T11:27:22Z,40.626231,-73.782307,30.9,a69463,N523DE,A21N,,0
landing,JFK,04R,1780313243.6,2026-06-01T11:27:23Z,40.643864,-73.758072,11.2,a05bde,N122HQ,E75L,EMBRAER ERJ-170-200 (long wing),0
landing,LGA,22,1780313271.07,2026-06-01T11:27:51Z,40.778783,-73.876206,213.8,a399e4,N331DU,BCS3,,0
landing,JFK,04R,1780313273.08,2026-06-01T11:27:53Z,40.636391,-73.761786,32.4,e80475,CC-BGZ,B789,BOEING 787-9 Dreamliner,0
takeoff,JFK,04L,1780313296.59,2026-06-01T11:28:16Z,40.62664,-73.781982,30.9,a535c2,N435AS,B739,BOEING 737-900,0
takeoff,JFK,04L,1780313359.33,2026-06-01T11:29:19Z,40.626126,-73.782385,30.9,ad7e6f,N969JT,A321,AIRBUS A-321,0
landing,LGA,22,1780313366.29,2026-06-01T11:29:26Z,40.77507,-73.879233,210.9,a1d0a3,N216JQ,E75L,EMBRAER ERJ-170-200 (long wing),0
takeoff,LGA,13,1780313381.86,2026-06-01T11:29:41Z,40.779888,-73.873475,120.9,ab400f,N824DN,B739,BOEING 737-900,0
landing,JFK,04L,1780313458.23,2026-06-01T11:30:58Z,40.635933,-73.774704,30.9,ad6bdc,N964JT,A321,AIRBUS A-321,0
landing,LGA,22,1780313465.82,2026-06-01T11:31:05Z,40.775431,-73.878937,210.9,abc2e5,N857RW,E170,EMBRAER ERJ-170-100,0
takeoff,LGA,13,1780313475.22,2026-06-01T11:31:15Z,40.779865,-73.873444,120.9,ac0c64,N8758L,B38M,BOEING 737 MAX 8,0
landing,JFK,04R,1780313503.33,2026-06-01T11:31:43Z,40.635413,-73.76255,30.9,ab4c76,N827SK,CRJ9,BOMBARDIER Regional Jet CRJ-900,0
landing,LGA,22,1780313559.06,2026-06-01T11:32:39Z,40.776281,-73.87825,210.9,a35701,N314PQ,CRJ9,BOMBARDIER Regional Jet CRJ-900,0
takeoff,LGA,13,1780313580.73,2026-06-01T11:33:00Z,40.779877,-73.873459,120.9,a49d22,N397DN,A321,AIRBUS A-321,0
landing,JFK,04R,1780313584.4,2026-06-01T11:33:04Z,40.639091,-73.759679,30.9,8015a8,VT-AEN,B77W,BOEING 777-300ER,0
takeoff,JFK,04L,1780313588.59,2026-06-01T11:33:08Z,40.624357,-73.783758,30.9,a65104,N506JB,A320,AIRBUS A-320,0
landing,LGA,22,1780313646.44,2026-06-01T11:34:06Z,40.776295,-73.87825,213.8,a07228,N128HQ,E75L,EMBRAER ERJ-170-200 (long wing),0
takeoff,LGA,13,1780313647.17,2026-06-01T11:34:07Z,40.781284,-73.876419,120.9,ab1d06,N815MD,E170,EMBRAER ERJ-170-100,0
landing,LGA,22,1780313733.54,2026-06-01T11:35:33Z,40.775093,-73.879227,213.8,ac26cf,N882RW,E170,EMBRAER ERJ-170-100,0
takeoff,JFK,04L,1780313741.02,2026-06-01T11:35:41Z,40.62658,-73.782026,30.9,ac7256,N9006,A319,AIRBUS A-319,0
takeoff,LGA,13,1780313745.81,2026-06-01T11:35:45Z,40.77997,-73.873646,120.9,a72b6b,N561JB,A320,AIRBUS A-320,0
landing,LGA,22,1780313803.07,2026-06-01T11:36:43Z,40.775501,-73.87889,213.8,c00b80,C-FEJF,E75S,EMBRAER ERJ-170-200 (short wing),0
landing,JFK,04R,1780313808.83,2026-06-01T11:36:48Z,40.637421,-73.760971,30.9,adb35c,N982JB,A321,AIRBUS A-321,0
takeoff,LGA,13,1780313813.75,2026-06-01T11:36:53Z,40.779958,-73.873631,120.9,a7302f,N562UW,A321,AIRBUS A-321,0
landing,LGA,22,1780313879.08,2026-06-01T11:37:59Z,40.775711,-73.878754,210.9,abdf3f,N864RW,E170,EMBRAER ERJ-170-100,0
takeoff,LGA,13,1780313894.39,2026-06-01T11:38:14Z,40.780307,-73.874349,120.9,a49d16,N397DA,B738,BOEING 737-800,0
landing,JFK,04R,1780313895.1,2026-06-01T11:38:15Z,40.635338,-73.762619,30.9,a776b2,N580JB,A320,AIRBUS A-320,0
landing,JFK,04R,1780313986.22,2026-06-01T11:39:46Z,40.636461,-73.761739,30.9,a15397,N185DN,B763,BOEING 767-300,0
landing,LGA,22,1780313986.73,2026-06-01T11:39:46Z,40.77663,-73.877969,210.9,a2fe3c,N292PQ,CRJ9,BOMBARDIER Regional Jet CRJ-900,0
takeoff,JFK,04L,1780314001.36,2026-06-01T11:40:01Z,40.627132,-73.781616,30.9,a08e1e,N135DQ,BCS1,AIRBUS A220-100,0
takeoff,LGA,13,1780314002.18,2026-06-01T11:40:02Z,40.779739,-73.873169,115.3,a130cb,N176PQ,CRJ9,BOMBARDIER Regional Jet CRJ-900,0
landing,JFK,22R,1780314009.82,2026-06-01T11:40:09Z,40.640682,-73.774185,255.9,a145b7,N181PQ,CRJ9,BOMBARDIER Regional Jet CRJ-900,0
takeoff,JFK,04L,1780314073.26,2026-06-01T11:41:13Z,40.626394,-73.782182,30.9,ab83e8,N841DN,B739,BOEING 737-900,0
landing,LGA,22,1780314077.95,2026-06-01T11:41:17Z,40.776787,-73.877853,213.8,a36fa4,N320PQ,CRJ9,BOMBARDIER Regional Jet CRJ-900,0
takeoff,LGA,13,1780314086.84,2026-06-01T11:41:26Z,40.781536,-73.876892,120.9,a866c7,N640RW,E170,EMBRAER ERJ-170-100,0
landing,JFK,04R,1780314090.65,2026-06-01T11:41:30Z,40.636484,-73.761739,30.9,a19d0d,N2029J,A21N,AIRBUS A-321neo,0
takeoff,JFK,04L,1780314136.42,2026-06-01T11:42:16Z,40.627544,-73.781281,30.9,a3514f,N3125J,BCS3,,0
landing,LGA,22,1780314164.6,2026-06-01T11:42:44Z,40.771717,-73.882019,210.9,ab0a73,N810MD,E170,EMBRAER ERJ-170-100,0
takeoff,LGA,13,1780314178.59,2026-06-01T11:42:58Z,40.779591,-73.872849,120.9,a3a152,N333DU,BCS3,,0
landing,JFK,04R,1780314193.56,2026-06-01T11:43:13Z,40.640224,-73.758972,19.7,a34978,N3102J,BCS3,AIRBUS A220-300,0
takeoff,JFK,04L,1780314194.1,2026-06-01T11:43:14Z,40.626995,-73.781708,30.9,a01880,N105NN,A321,AIRBUS A-321,0
landing,LGA,22,1780314243.03,2026-06-01T11:44:03Z,40.774884,-73.879405,210.9,a4c8de,N407YX,E75L,EMBRAER ERJ-170-200 (long wing),0
takeoff,LGA,13,1780314250.35,2026-06-01T11:44:10Z,40.780163,-73.874069,120.9,c00757,C-FCUG,A320,AIRBUS A-320,0
landing,JFK,04R,1780314265.92,2026-06-01T11:44:25Z,40.635109,-73.762802,30.9,a39289,N3293J,BCS3,AIRBUS A220-300,0
takeoff,JFK,04L,1780314274.22,2026-06-01T11:44:34Z,40.6287,-73.780396,30.9,a4d3be,N41WC,B350,,8
takeoff,LGA,13,1780314321.41,2026-06-01T11:45:21Z,40.780494,-73.874739,120.9,ac252a,N8819L,B38M,BOEING 737 MAX 8,0
landing,JFK,04R,1780314355.91,2026-06-01T11:45:55Z,40.635098,-73.762787,30.9,a7081a,N552NW,B752,BOEING 757-200,0
landing,LGA,22,1780314386.56,2026-06-01T11:46:26Z,40.777576,-73.877197,213.8,a46e35,N385DN,B738,BOEING 737-800,0
takeoff,LGA,13,1780314407.25,2026-06-01T11:46:47Z,40.780163,-73.874084,120.9,a13c73,N179UW,A321,AIRBUS A-321,0
takeoff,JFK,04L,1780314444.67,2026-06-01T11:47:24Z,40.627052,-73.781662,33.8,a5e02d,N478PX,CRJ9,BOMBARDIER Regional Jet CRJ-900,0
landing,LGA,22,1780314472.27,2026-06-01T11:47:52Z,40.778026,-73.87683,213.8,a38237,N325PQ,CRJ9,BOMBARDIER Regional Jet CRJ-900,0
takeoff,LGA,13,1780314494.95,2026-06-01T11:48:14Z,40.780168,-73.874068,120.9,a441c9,N3733Z,B738,BOEING 737-800,0
takeoff,JFK,04L,1780314511.94,2026-06-01T11:48:31Z,40.62672,-73.781921,30.9,a01c37,N106NN,A321,AIRBUS A-321,0
landing,JFK,04R,1780314532.44,2026-06-01T11:48:52Z,40.637485,-73.760959,30.9,ad2445,N946JL,A321,AIRBUS A-321,0
landing,LGA,22,1780314583.31,2026-06-01T11:49:43Z,40.774498,-73.879684,202.5,a03f84,N115HQ,E75L,EMBRAER ERJ-170-200 (long wing),0
takeoff,LGA,13,1780314598.5,2026-06-01T11:49:58Z,40.780003,-73.873703,120.9,a0b88f,N14569,A21N,AIRBUS A-321neo,0
takeoff,JFK,04L,1780314600.21,2026-06-01T11:50:00Z,40.626336,-73.782229,30.9,a45316,N378SC,B38M,BOEING 737 MAX 8,0
landing,JFK,04R,1780314613.27,2026-06-01T11:50:13Z,40.633935,-73.76369,30.9,a72f22,N562JB,A320,AIRBUS A-320,0
takeoff,JFK,04L,1780314652.08,2026-06-01T11:50:52Z,40.624981,-73.783279,30.9,0ac9de,HK-5360,A20N,AIRBUS A-320neo,0
landing,JFK,04R,1780314696.5,2026-06-01T11:51:36Z,40.637352,-73.761017,30.9,ad4bcb,N956JT,A321,AIRBUS A-321,0
landing,LGA,22,1780314701.05,2026-06-01T11:51:41Z,40.775906,-73.878586,210.9,abd7d1,N862RW,E170,EMBRAER ERJ-170-100,0
takeoff,LGA,13,1780314709.43,2026-06-01T11:51:49Z,40.780266,-73.874252,120.9,a3c259,N341PQ,CRJ9,BOMBARDIER Regional Jet CRJ-900,0
landing,JFK,22R,1780314790.46,2026-06-01T11:53:10Z,40.642978,-73.772101,210.9,a6152a,N491PX,CRJ9,BOMBARDIER Regional Jet CRJ-900,0
takeoff,LGA,13,1780314801.34,2026-06-01T11:53:21Z,40.780346,-73.874435,120.9,ac0b80,N87513,B738,BOEING 737-800,0
takeoff,JFK,04L,1780314828.92,2026-06-01T11:53:48Z,40.627087,-73.781647,30.9,aca29a,N913JB,A321,AIRBUS A-321,0
landing,LGA,22,1780314870.21,2026-06-01T11:54:30Z,40.771579,-73.882152,210.9,a2348d,N241JQ,E75L,EMBRAER ERJ-170-200 (long wing),0
takeoff,JFK,04L,1780314876.18,2026-06-01T11:54:36Z,40.624125,-73.783946,30.9,acc76b,N922US,A321,AIRBUS A-321,0
landing,JFK,04R,1780314916.49,2026-06-01T11:55:16Z,40.635739,-73.762285,30.9,ade252,N994JL,A321,AIRBUS A-321,0
takeoff,JFK,04L,1780314945.41,2026-06-01T11:55:45Z,40.626411,-73.782166,30.9,a4e6c0,N415AN,A21N,AIRBUS A-321neo,0
landing,LGA,22,1780314959.62,2026-06-01T11:55:59Z,40.776769,-73.877876,210.9,a49206,N394DX,A321,AIRBUS A-321,0
takeoff,LGA,13,1780314978.29,2026-06-01T11:56:18Z,40.781662,-73.877182,120.9,a0634c,N124HQ,E75L,EMBRAER ERJ-170-200 (long wing),0
takeoff,JFK,04L,1780315012.8,2026-06-01T11:56:52Z,40.626915,-73.781784,30.9,a6a3c2,N527JL,A320,AIRBUS A-320,0
takeoff,LGA,13,1780315074.57,2026-06-01T11:57:54Z,40.781651,-73.877167,120.9,a53436,N434YX,E75L,EMBRAER ERJ-170-200 (long wing),0
takeoff,JFK,04L,1780315076.38,2026-06-01T11:57:56Z,40.626883,-73.781808,30.9,adb723,N983JT,A321,AIRBUS A-321,0
takeoff,LGA,13,1780315161.55,2026-06-01T11:59:21Z,40.780168,-73.874068,120.9,a8b44e,N660AW,A320,AIRBUS A-320,0
takeoff,JFK,04L,1780315203.68,2026-06-01T12:00:03Z,40.626894,-73.781792,30.9,a386fb,N3260J,BCS3,,0
landing,LGA,22,1780315214.81,2026-06-01T12:00:14Z,40.775233,-73.879124,210.9,a23bfb,N243JQ,E75L,EMBRAER ERJ-170-200 (long wing),0
takeoff,LGA,13,1780315241.57,2026-06-01T12:00:41Z,40.779504,-73.872663,118.1,a1094c,N166PQ,CRJ9,BOMBARDIER Regional Jet CRJ-900,0
takeoff,JFK,04L,1780315266.04,2026-06-01T12:01:06Z,40.627104,-73.781636,30.9,abece7,N868DN,B739,BOEING 737-900,0
landing,JFK,04R,1780315272.84,2026-06-01T12:01:12Z,40.633354,-73.764158,29.6,04c159,5Y-KZG,B788,BOEING 787-8 Dreamliner,0
takeoff,JFK,04L,1780315321.28,2026-06-01T12:02:01Z,40.626429,-73.782167,30.9,a6bbef,N533DT,A21N,AIRBUS A-321neo,0
landing,JFK,22R,1780315369.86,2026-06-01T12:02:49Z,40.636263,-73.771118,210.9,ac801e,N904XJ,CRJ9,BOMBARDIER Regional Jet CRJ-900,0
takeoff,JFK,04L,1780315389.93,2026-06-01T12:03:09Z,40.625462,-73.782898,30.9,a033ae,N112AN,A321,AIRBUS A-321,0
takeoff,LGA,13,1780315409.24,2026-06-01T12:03:29Z,40.781399,-73.876648,123.8,a2270f,N238JQ,E75L,EMBRAER ERJ-170-200 (long wing),0
takeoff,JFK,04L,1780315430.6,2026-06-01T12:03:50Z,40.622509,-73.785233,30.9,a06aba,N126HQ,E75L,EMBRAER ERJ-170-200 (long wing),0
landing,LGA,04,1780315515.21,2026-06-01T12:05:15Z,40.777863,-73.876955,33.8,ada699,N979RP,E170,EMBRAER ERJ-170-100,0
takeoff,JFK,04L,1780315515.24,2026-06-01T12:05:15Z,40.62786,-73.781043,30.9,a38ad5,N3271J,BCS3,,0
takeoff,JFK,04L,1780315569.37,2026-06-01T12:06:09Z,40.626557,-73.782057,30.9,a85ff5,N639JB,A320,AIRBUS A-320,0
landing,LGA,04,1780315579.56,2026-06-01T12:06:19Z,40.775425,-73.878967,28.1,a320a6,N300PQ,CRJ9,BOMBARDIER Regional Jet CRJ-900,0
landing,JFK,04R,1780315681.7,2026-06-01T12:08:01Z,40.635879,-73.762191,30.9,aa8b40,N779JB,A320,AIRBUS A-320,0
takeoff,JFK,04L,1780315696.61,2026-06-01T12:08:16Z,40.62715,-73.781605,30.9,acb679,N918XJ,CRJ9,BOMBARDIER Regional Jet CRJ-900,0
landing,LGA,04,1780315696.84,2026-06-01T12:08:16Z,40.778023,-73.876816,33.8,ac159a,N878RW,E170,EMBRAER ERJ-170-100,0
landing,JFK,22R,1780315698.14,2026-06-01T12:08:18Z,40.642873,-73.772179,210.9,a5e3e4,N479PX,CRJ9,BOMBARDIER Regional Jet CRJ-900,0
takeoff,LGA,13,1780315764.48,2026-06-01T12:09:24Z,40.780016,-73.87374,120.9,a062ef,N124DX,A321,AIRBUS A-321,0
takeoff,JFK,04L,1780315766.68,2026-06-01T12:09:26Z,40.627116,-73.78162,30.9,a3ca1a,N343SY,B38M,BOEING 737 MAX 8,0
landing,JFK,04R,1780315797.18,2026-06-01T12:09:57Z,40.637916,-73.760631,30.9,a35592,N3139J,BCS3,AIRBUS A220-300,0
takeoff,JFK,04L,1780315823.26,2026-06-01T12:10:23Z,40.626846,-73.78183,30.9,a6c781,N536JB,A320,AIRBUS A-320,0
landing,LGA,04,1780315876.86,2026-06-01T12:11:16Z,40.779074,-73.875972,33.8,a095f0,N137HQ,E75L,EMBRAER ERJ-170-200 (long wing),0
takeoff,LGA,13,1780315907.1,2026-06-01T12:11:47Z,40.780237,-73.874224,120.9,a45ba2,N380DN,A321,AIRBUS A-321,0
takeoff,JFK,04L,1780315907.21,2026-06-01T12:11:47Z,40.627081,-73.781652,30.9,a382ca,N325VM,B38M,BOEING 737 MAX 8,0
landing,LGA,04,1780315955.64,2026-06-01T12:12:35Z,40.776793,-73.877844,33.8,a6f98e,N549CA,CRJ9,BOMBARDIER Regional Jet CRJ-900,0
takeoff,LGA,13,1780315992.34,2026-06-01T12:13:12Z,40.779981,-73.873709,120.9,a7bbe9,N598JB,A320,AIRBUS A-320,0
takeoff,JFK,04L,1780316079.34,2026-06-01T12:14:39Z,40.626825,-73.781839,30.9,400610,G-VIIJ,B772,BOEING 777-200,0
landing,LGA,04,1780316085.21,2026-06-01T12:14:45Z,40.777267,-73.877396,39.4,a89d22,N654RW,E170,EMBRAER ERJ-170-100,0
takeoff,LGA,13,1780316140.95,2026-06-01T12:15:40Z,40.779362,-73.87236,120.9,a34e9d,N312DU,BCS3,AIRBUS A220-300,0
landing,LGA,04,1780316182.84,2026-06-01T12:16:22Z,40.775233,-73.879124,30.9,acc76b,N922US,A321,AIRBUS A-321,0
landing,JFK,04R,1780316187.09,2026-06-01T12:16:27Z,40.639056,-73.75971,30.9,4bb46e,TC-MCN,A333,AIRBUS A-330-300,0
takeoff,LGA,13,1780316221.29,2026-06-01T12:17:01Z,40.779935,-73.873584,120.9,abdb35,N863NN,B738,BOEING 737-800,0
takeoff,JFK,04L,1780316275.91,2026-06-01T12:17:55Z,40.626685,-73.781964,30.9,ab9a32,N847DN,B739,BOEING 737-900,0
landing,LGA,04,1780316298.94,2026-06-01T12:18:18Z,40.782018,-73.873537,33.8,ab129a,N812UP,B38M,BOEING 737 MAX 8,0
takeoff,LGA,13,1780316304.96,2026-06-01T12:18:24Z,40.781891,-73.877655,123.8,a0835d,N132HQ,E75L,EMBRAER ERJ-170-200 (long wing),0
takeoff,LGA,13,1780316374.58,2026-06-01T12:19:34Z,40.781564,-73.876986,123.8,a1b449,N209JQ,E75L,EMBRAER ERJ-170-200 (long wing),0
takeoff,JFK,04L,1780316409.35,2026-06-01T12:20:09Z,40.627487,-73.781342,30.9,a3298a,N3023J,BCS3,AIRBUS A220-300,0
landing,LGA,04,1780316416.07,2026-06-01T12:20:16Z,40.776921,-73.877735,33.8,a32814,N302PQ,CRJ9,BOMBARDIER Regional Jet CRJ-900,0
takeoff,LGA,13,1780316459.81,2026-06-01T12:20:59Z,40.780163,-73.874069,120.9,a9d626,N73291,B738,BOEING 737-800,0
takeoff,JFK,04L,1780316490.21,2026-06-01T12:21:30Z,40.626941,-73.781745,30.9,ad526c,N958AN,B738,BOEING 737-800,0
landing,LGA,04,1780316524.78,2026-06-01T12:22:04Z,40.778294,-73.876612,33.8,a0345f,N112HQ,E75L,EMBRAER ERJ-170-200 (long wing),0
takeoff,LGA,13,1780316559.45,2026-06-01T12:22:39Z,40.780209,-73.874191,120.9,a187ba,N198UW,A321,AIRBUS A-321,0
landing,LGA,04,1780316610.2,2026-06-01T12:23:30Z,40.778178,-73.87669,33.8,a54312,N438YX,E75L,EMBRAER ERJ-170-200 (long wing),0
takeoff,JFK,04L,1780316624.71,2026-06-01T12:23:44Z,40.626848,-73.781839,30.9,ad734a,N966JT,A321,AIRBUS A-321,0
takeoff,LGA,13,1780316641.32,2026-06-01T12:24:01Z,40.780369,-73.874496,120.9,a34bdc,N311PQ,CRJ9,BOMBARDIER Regional Jet CRJ-900,0
landing,JFK,04R,1780316644.06,2026-06-01T12:24:04Z,40.635075,-73.762833,30.9,a6587b,N508JL,A320,AIRBUS A-320,0
takeoff,JFK,04L,1780316683.76,2026-06-01T12:24:43Z,40.62727,-73.781479,30.9,ac02b4,N873NN,B738,BOEING 737-800,0
takeoff,LGA,13,1780316713.14,2026-06-01T12:25:13Z,40.780094,-73.873917,120.9,a35d79,N316DU,BCS3,AIRBUS A220-300,0
takeoff,JFK,04L,1780316759.14,2026-06-01T12:25:59Z,40.626254,-73.782276,30.9,aa8a83,N779AN,B772,BOEING 777-200,0
landing,LGA,04,1780316783.27,2026-06-01T12:26:23Z,40.7777,-73.87708,30.9,a057cc,N121DZ,A321,AIRBUS A-321,0
landing,JFK,04R,1780316802.8,2026-06-01T12:26:42Z,40.637101,-73.761286,25.3,ab6519,N833SK,CRJ9,BOMBARDIER Regional Jet CRJ-900,0
takeoff,LGA,13,1780316814.28,2026-06-01T12:26:54Z,40.78068,-73.875145,120.9,a15027,N184GJ,CRJ9,BOMBARDIER Regional Jet CRJ-900,0
takeoff,JFK,04L,1780316906.54,2026-06-01T12:28:26Z,40.626812,-73.78186,30.9,a3b50f,N338RS,B38M,BOEING 737 MAX 8,0
landing,LGA,04,1780316921.37,2026-06-01T12:28:41Z,40.781972,-73.873553,30.9,ac2dea,N884NN,B738,BOEING 737-800,0
takeoff,LGA,13,1780316925.24,2026-06-01T12:28:45Z,40.781588,-73.877033,120.9,a20957,N230JQ,E75L,EMBRAER ERJ-170-200 (long wing),0
landing,LGA,04,1780317000.55,2026-06-01T12:30:00Z,40.777328,-73.877392,33.8,c008f0,C-FDJZ,CRJ7,BOMBARDIER Regional Jet CRJ-700,0
takeoff,JFK,04L,1780317020.71,2026-06-01T12:30:20Z,40.626572,-73.782043,30.9,a988f0,N713TW,B752,BOEING 757-200,0
takeoff,LGA,13,1780317030.96,2026-06-01T12:30:30Z,40.781785,-73.877407,123.8,abdb88,N863RW,E170,EMBRAER ERJ-170-100,0
takeoff,JFK,04L,1780317087.51,2026-06-01T12:31:27Z,40.627007,-73.781708,30.9,a13501,N177US,A321,AIRBUS A-321,0
landing,LGA,04,1780317107.3,2026-06-01T12:31:47Z,40.782193,-73.873381,30.9,ab84c9,N841NN,B738,BOEING 737-800,0
takeoff,LGA,13,1780317126.67,2026-06-01T12:32:06Z,40.780156,-73.874037,120.9,acb827,N919AN,B738,BOEING 737-800,0
takeoff,JFK,04L,1780317148.2,2026-06-01T12:32:28Z,40.626906,-73.781776,30.9,ad5329,N958JB,A321,AIRBUS A-321,0
takeoff,LGA,13,1780317180.28,2026-06-01T12:33:00Z,40.78196,-73.877792,120.9,a1b092,N208JQ,E75L,EMBRAER ERJ-170-200 (long wing),0
landing,JFK,04R,1780317210.34,2026-06-01T12:33:30Z,40.635109,-73.762787,30.9,acb2c2,N917XJ,CRJ9,BOMBARDIER Regional Jet CRJ-900,0
takeoff,JFK,04L,1780317213.19,2026-06-01T12:33:33Z,40.627441,-73.781355,30.9,a4b827,N403DX,A339,AIRBUS A-330-900,0
takeoff,LGA,22,1780317282.79,2026-06-01T12:34:42Z,40.7761,-73.876236,253.1,a1d0a3,N216JQ,E75L,EMBRAER ERJ-170-200 (long wing),0
takeoff,JFK,04L,1780317285.21,2026-06-01T12:34:45Z,40.627465,-73.781339,30.9,4d206e,9H-ALC,A332,AIRBUS A-330-200,0
landing,LGA,04,1780317286.9,2026-06-01T12:34:46Z,40.781525,-73.873901,33.8,ab40ce,N824MD,E170,EMBRAER ERJ-170-100,0
takeoff,LGA,13,1780317295.21,2026-06-01T12:34:55Z,40.781681,-73.87722,120.9,a1a924,N206JQ,E75L,EMBRAER ERJ-170-200 (long wing),0
landing,JFK,04R,1780317334.55,2026-06-01T12:35:34Z,40.636403,-73.761786,30.9,a39948,N3308J,,,0
landing,LGA,04,1780317345.78,2026-06-01T12:35:45Z,40.776909,-73.877751,30.9,c07d20,C-GVJZ,DH8D,DE HAVILLAND DHC-8-400 Dash 8,0
takeoff,LGA,04,1780317345.78,2026-06-01T12:35:45Z,40.776909,-73.877751,30.9,c07d20,C-GVJZ,DH8D,DE HAVILLAND DHC-8-400 Dash 8,0
landing,LGA,04,1780317347.64,2026-06-01T12:35:47Z,40.777584,-73.877173,33.8,c07d20,C-GVJZ,DH8D,DE HAVILLAND DHC-8-400 Dash 8,0
takeoff,LGA,13,1780317380.73,2026-06-01T12:36:20Z,40.780014,-73.873734,120.9,a8f235,N676CA,CRJ9,BOMBARDIER Regional Jet CRJ-900,0
landing,LGA,04,1780317413.28,2026-06-01T12:36:53Z,40.77887,-73.881363,25.3,a1d0a3,N216JQ,E75L,EMBRAER ERJ-170-200 (long wing),0
landing,JFK,04R,1780317419.8,2026-06-01T12:36:59Z,40.633191,-73.764267,29.6,020122,CN-RGT,B788,BOEING 787-8 Dreamliner,0
takeoff,JFK,04L,1780317428.97,2026-06-01T12:37:08Z,40.626686,-73.781952,30.9,a19cc7,N2027J,A21N,AIRBUS A-321neo,0
landing,LGA,04,1780317430.32,2026-06-01T12:37:10Z,40.777037,-73.877642,28.1,a34215,N309PQ,CRJ9,BOMBARDIER Regional Jet CRJ-900,0
takeoff,LGA,13,1780317460.74,2026-06-01T12:37:40Z,40.781692,-73.877251,120.9,ab282b,N818MD,E170,EMBRAER ERJ-170-100,0
takeoff,JFK,04L,1780317528.37,2026-06-01T12:38:48Z,40.631401,-73.778275,30.9,a0a30e,N140DU,BCS1,AIRBUS A220-100,0
landing,LGA,04,1780317539.88,2026-06-01T12:38:59Z,40.777782,-73.877029,30.9,a086ce,N133EV,CRJ9,BOMBARDIER Regional Jet CRJ-900,0
takeoff,LGA,13,1780317576.08,2026-06-01T12:39:36Z,40.780261,-73.874255,126.6,c0850c,C-GYJZ,DH8D,DE HAVILLAND DHC-8-400 Dash 8,0
takeoff,JFK,04L,1780317579.63,2026-06-01T12:39:39Z,40.626915,-73.781769,30.9,aaa02c,N784JB,A320,AIRBUS A-320,0
landing,JFK,22R,1780317583.37,2026-06-01T12:39:43Z,40.640373,-73.774139,180.0,a61173,N490PX,CRJ9,BOMBARDIER Regional Jet CRJ-900,0
landing,LGA,04,1780317620.31,2026-06-01T12:40:20Z,40.777421,-73.877298,33.8,c06197,C-GKYW,E295,EMBRAER ERJ-190-400,0
takeoff,JFK,04L,1780317628.89,2026-06-01T12:40:28Z,40.624912,-73.783325,28.1,a19357,N200PQ,CRJ9,BOMBARDIER Regional Jet CRJ-900,0
takeoff,LGA,13,1780317645.71,2026-06-01T12:40:45Z,40.781657,-73.877173,120.9,abc2e5,N857RW,E170,EMBRAER ERJ-170-100,0
landing,JFK,04R,1780317655.07,2026-06-01T12:40:55Z,40.639996,-73.758987,28.1,ad8bed,N972JT,A321,AIRBUS A-321,0
takeoff,JFK,04L,1780317695.92,2026-06-01T12:41:35Z,40.62658,-73.782026,30.9,a6b470,N531DA,A21N,AIRBUS A-321neo,0
landing,LGA,04,1780317696.52,2026-06-01T12:41:36Z,40.778282,-73.876627,33.8,a3dc5a,N348PQ,CRJ9,BOMBARDIER Regional Jet CRJ-900,0
takeoff,LGA,13,1780317742.28,2026-06-01T12:42:22Z,40.780296,-73.874333,123.8,a35701,N314PQ,CRJ9,BOMBARDIER Regional Jet CRJ-900,0
takeoff,JFK,04L,1780317753.95,2026-06-01T12:42:33Z,40.626161,-73.782369,30.9,a73a57,N565JT,GLF5,GULFSTREAM 5,8
landing,LGA,04,1780317775.61,2026-06-01T12:42:55Z,40.777898,-73.876908,30.9,ac4b72,N8910Q,B38M,BOEING 737 MAX 8,0
takeoff,LGA,13,1780317804.58,2026-06-01T12:43:24Z,40.782028,-73.87796,120.9,a1d0a3,N216JQ,E75L,EMBRAER ERJ-170-200 (long wing),0
takeoff,JFK,04L,1780317809.39,2026-06-01T12:43:29Z,40.624821,-73.783417,30.9,a67bc8,N517DN,A21N,AIRBUS A-321neo,0
landing,LGA,04,1780317874.5,2026-06-01T12:44:34Z,40.779613,-73.875549,30.9,a03bcd,N114HQ,E75L,EMBRAER ERJ-170-200 (long wing),0
takeoff,JFK,04L,1780317876.5,2026-06-01T12:44:36Z,40.626708,-73.781932,30.9,a78cfc,N586JB,A320,AIRBUS A-320,0
takeoff,LGA,13,1780317898.66,2026-06-01T12:44:58Z,40.779991,-73.873688,120.9,a93d7c,N695CA,CRJ9,BOMBARDIER Regional Jet CRJ-900,0
takeoff,JFK,04L,1780317928.47,2026-06-01T12:45:28Z,40.624981,-73.783295,30.9,a1a3a9,N2043J,A21N,AIRBUS A-321neo,0
landing,LGA,04,1780317938.96,2026-06-01T12:45:38Z,40.77618,-73.878342,33.8,acf69b,N934XJ,CRJ9,BOMBARDIER Regional Jet CRJ-900,0
takeoff,LGA,13,1780317971.97,2026-06-01T12:46:11Z,40.781857,-73.877594,120.9,a24720,N246JQ,E75L,EMBRAER ERJ-170-200 (long wing),0
landing,LGA,04,1780318060.71,2026-06-01T12:47:40Z,40.779144,-73.875916,30.9,a24369,N245JQ,E75L,EMBRAER ERJ-170-200 (long wing),0
takeoff,JFK,04L,1780318070.87,2026-06-01T12:47:50Z,40.626869,-73.781815,30.9,a3cd58,N344NB,A319,AIRBUS A-319,0
takeoff,LGA,13,1780318092.54,2026-06-01T12:48:12Z,40.780075,-73.873865,120.9,a771af,N579UW,A321,AIRBUS A-321,0
takeoff,JFK,04L,1780318123.14,2026-06-01T12:48:43Z,40.626503,-73.782104,30.9,aded77,N997JL,A321,AIRBUS A-321,0
takeoff,LGA,13,1780318156.9,2026-06-01T12:49:16Z,40.78149,-73.876846,120.9,a08e82,N135HQ,E75L,EMBRAER ERJ-170-200 (long wing),0
takeoff,JFK,04L,1780318180.38,2026-06-01T12:49:40Z,40.625908,-73.782578,30.9,0d0bff,XA-CCC,B38M,BOEING 737 MAX 8,0
landing,JFK,04R,1780318199.49,2026-06-01T12:49:59Z,40.637823,-73.760693,30.9,a9f818,N741UW,A319,AIRBUS A-319,0
takeoff,JFK,04L,1780318225.88,2026-06-01T12:50:25Z,40.624443,-73.783722,30.9,a77035,N579DT,A21N,AIRBUS A-321neo,0
landing,LGA,04,1780318230.27,2026-06-01T12:50:30Z,40.778698,-73.876297,33.8,ac1f61,N880RW,E170,EMBRAER ERJ-170-100,0
takeoff,LGA,13,1780318254.38,2026-06-01T12:50:54Z,40.781681,-73.87722,120.9,a4c8de,N407YX,E75L,EMBRAER ERJ-170-200 (long wing),0
landing,JFK,04R,1780318288.72,2026-06-01T12:51:28Z,40.63681,-73.761474,30.9,a98219,N711ZX,B752,BOEING 757-200,0
takeoff,JFK,04L,1780318291.13,2026-06-01T12:51:31Z,40.626894,-73.781792,30.9,a3c5ea,N342NB,A319,AIRBUS A-319,0
takeoff,JFK,04L,1780318339.09,2026-06-01T12:52:19Z,40.625032,-73.783243,30.9,a8c028,N663JB,A320,AIRBUS A-320,0
landing,JFK,04R,1780318374.66,2026-06-01T12:52:54Z,40.637648,-73.760818,30.9,ad8836,N971JT,A321,AIRBUS A-321,0
takeoff,JFK,04L,1780318376.08,2026-06-01T12:52:56Z,40.622949,-73.784882,30.9,a099a7,N138HQ,E75L,EMBRAER ERJ-170-200 (long wing),0
takeoff,LGA,13,1780318398.49,2026-06-01T12:53:18Z,40.779751,-73.873169,120.9,a2fe3c,N292PQ,CRJ9,BOMBARDIER Regional Jet CRJ-900,0
takeoff,JFK,04L,1780318442.08,2026-06-01T12:54:02Z,40.626417,-73.782151,30.9,a6ee8e,N546DN,A21N,AIRBUS A-321neo,0
takeoff,JFK,04L,1780318497.02,2026-06-01T12:54:57Z,40.625719,-73.782697,30.9,adf194,N998NN,B738,BOEING 737-800,0
landing,LGA,04,1780318515.55,2026-06-01T12:55:15Z,40.775885,-73.878593,30.9,a707a3,N552JB,A320,AIRBUS A-320,0
takeoff,JFK,04L,1780318549.58,2026-06-01T12:55:49Z,40.625917,-73.782557,30.9,ac8217,N905DN,B739,BOEING 737-900,0
takeoff,LGA,13,1780318560.08,2026-06-01T12:56:00Z,40.779842,-73.873381,120.9,a399e4,N331DU,BCS3,,0
landing,LGA,04,1780318627.29,2026-06-01T12:57:07Z,40.776489,-73.878067,30.9,adb656,N983AN,B738,BOEING 737-800,0
takeoff,JFK,04L,1780318628.32,2026-06-01T12:57:08Z,40.627716,-73.781143,29.6,406ecd,G-VMAP,B789,BOEING 787-9 Dreamliner,0
landing,JFK,04R,1780318654.52,2026-06-01T12:57:34Z,40.636973,-73.761349,30.9,a05f37,N123DW,A321,AIRBUS A-321,0
takeoff,LGA,13,1780318666.9,2026-06-01T12:57:46Z,40.780144,-73.874021,123.8,a38237,N325PQ,CRJ9,BOMBARDIER Regional Jet CRJ-900,0
landing,JFK,31R,1780318723.36,2026-06-01T12:58:43Z,40.646576,-73.768372,300.9,a00929,N101HQ,E75L,EMBRAER ERJ-170-200 (long wing),0
takeoff,LGA,13,1780318731.59,2026-06-01T12:58:51Z,40.781662,-73.877167,120.9,ac26cf,N882RW,E170,EMBRAER ERJ-170-100,0
takeoff,JFK,04L,1780318766.55,2026-06-01T12:59:26Z,40.627244,-73.781527,30.9,a3711a,N3203J,BCS3,AIRBUS A220-300,0
takeoff,LGA,31,1780318791.49,2026-06-01T12:59:51Z,40.780804,-73.878403,345.9,a07228,N128HQ,E75L,EMBRAER ERJ-170-200 (long wing),0
landing,LGA,04,1780318816.71,2026-06-01T13:00:16Z,40.777049,-73.877626,30.9,a3761c,N322DU,BCS3,AIRBUS A220-300,0
takeoff,JFK,04L,1780318822.42,2026-06-01T13:00:22Z,40.627888,-73.781021,30.9,a33843,N3062J,BCS3,AIRBUS A220-300,0
landing,LGA,31,1780318855.95,2026-06-01T13:00:55Z,40.780827,-73.878403,345.9,a07228,N128HQ,E75L,EMBRAER ERJ-170-200 (long wing),0
takeoff,LGA,13,1780318862.06,2026-06-01T13:01:02Z,40.779935,-73.8736,120.9,ad1986,N943NN,B738,BOEING 737-800,0
takeoff,JFK,04L,1780318879.06,2026-06-01T13:01:19Z,40.62664,-73.781998,30.9,a1bc29,N2102J,A21N,AIRBUS A-321neo,0
landing,LGA,04,1780318914.1,2026-06-01T13:01:54Z,40.77777,-73.877064,33.8,abd41a,N861RW,E170,EMBRAER ERJ-170-100,0
takeoff,JFK,04L,1780318927.11,2026-06-01T13:02:07Z,40.626592,-73.782026,30.9,acc5fb,N922DZ,B739,BOEING 737-900,0
takeoff,LGA,13,1780318956.0,2026-06-01T13:02:36Z,40.779609,-73.872882,118.1,a36fa4,N320PQ,CRJ9,BOMBARDIER Regional Jet CRJ-900,0
takeoff,JFK,04L,1780318976.08,2026-06-01T13:02:56Z,40.626417,-73.782182,33.8,a61173,N490PX,CRJ9,BOMBARDIER Regional Jet CRJ-900,0
landing,JFK,04R,1780319010.99,2026-06-01T13:03:30Z,40.638256,-73.760361,30.9,e80242,CC-CXG,B763,BOEING 767-300,0
takeoff,JFK,04L,1780319032.63,2026-06-01T13:03:52Z,40.62743,-73.781372,30.9,a37f8d,N3240J,BCS3,,0
landing,LGA,04,1780319034.15,2026-06-01T13:03:54Z,40.776123,-73.878403,33.8,aca3e6,N913XJ,CRJ9,BOMBARDIER Regional Jet CRJ-900,0
takeoff,LGA,13,1780319069.43,2026-06-01T13:04:29Z,40.781704,-73.877298,120.9,a07228,N128HQ,E75L,EMBRAER ERJ-170-200 (long wing),0
takeoff,JFK,04L,1780319129.15,2026-06-01T13:05:29Z,40.6231,-73.784757,30.9,a230d6,N240JQ,E75L,EMBRAER ERJ-170-200 (long wing),0
landing,LGA,04,1780319138.63,2026-06-01T13:05:38Z,40.776944,-73.877704,30.9,aa7e99,N77542,B738,BOEING 737-800,0
landing,JFK,04R,1780319166.7,2026-06-01T13:06:06Z,40.633186,-73.764297,30.9,ab53e4,N829SK,CRJ9,BOMBARDIER Regional Jet CRJ-900,0
takeoff,LGA,13,1780319168.67,2026-06-01T13:06:08Z,40.780243,-73.874222,120.9,acd68a,N926XJ,CRJ9,BOMBARDIER Regional Jet CRJ-900,0
takeoff,JFK,04L,1780319194.11,2026-06-01T13:06:34Z,40.626592,-73.782026,30.9,a67805,N516DA,A21N,AIRBUS A-321neo,0
takeoff,LGA,13,1780319229.45,2026-06-01T13:07:09Z,40.781616,-73.877075,120.9,c00b80,C-FEJF,E75S,EMBRAER ERJ-170-200 (short wing),0
landing,JFK,04R,1780319246.53,2026-06-01T13:07:26Z,40.63559,-73.762405,32.4,e8020d,CC-BBI,B788,BOEING 787-8 Dreamliner,0
takeoff,JFK,04L,1780319248.46,2026-06-01T13:07:28Z,40.625198,-73.783127,30.9,a78c8f,N586DT,A21N,,0
landing,JFK,22R,1780319292.85,2026-06-01T13:08:12Z,40.636321,-73.778936,174.4,a33e5e,N308PQ,CRJ9,BOMBARDIER Regional Jet CRJ-900,0
takeoff,JFK,04L,1780319306.18,2026-06-01T13:08:26Z,40.62409,-73.783992,33.8,a6152a,N491PX,CRJ9,BOMBARDIER Regional Jet CRJ-900,0
takeoff,LGA,13,1780319306.37,2026-06-01T13:08:26Z,40.77998,-73.873657,120.9,a320a6,N300PQ,CRJ9,BOMBARDIER Regional Jet CRJ-900,0
landing,LGA,04,1780319366.94,2026-06-01T13:09:26Z,40.778824,-73.876083,33.8,a4c527,N406YX,E75L,EMBRAER ERJ-170-200 (long wing),0
takeoff,JFK,04L,1780319367.96,2026-06-01T13:09:27Z,40.62615,-73.782369,30.9,a4cd23,N4083J,A21N,AIRBUS A-321neo,0
takeoff,LGA,13,1780319388.25,2026-06-01T13:09:48Z,40.781622,-73.877127,120.9,abd7d1,N862RW,E170,EMBRAER ERJ-170-100,0
landing,JFK,04R,1780319402.27,2026-06-01T13:10:02Z,40.637811,-73.760678,30.9,8966cf,A6-XWH,A35K,AIRBUS A-350-1000,0
takeoff,JFK,04L,1780319426.01,2026-06-01T13:10:26Z,40.625393,-73.782962,30.9,a66ce0,N513DA,A21N,AIRBUS A-321neo,0
landing,LGA,04,1780319457.47,2026-06-01T13:10:57Z,40.780959,-73.874396,30.9,ac9709,N910DU,B739,BOEING 737-900,0
takeoff,LGA,13,1780319471.88,2026-06-01T13:11:11Z,40.781727,-73.877345,120.9,abdf3f,N864RW,E170,EMBRAER ERJ-170-100,0
landing,LGA,04,1780319570.8,2026-06-01T13:12:50Z,40.778801,-73.876175,30.9,abb5a1,N85354,E75L,EMBRAER ERJ-170-200 (long wing),0
takeoff,JFK,04L,1780319579.13,2026-06-01T13:12:59Z,40.627178,-73.78157,28.1,a145b7,N181PQ,CRJ9,BOMBARDIER Regional Jet CRJ-900,0
takeoff,LGA,13,1780319593.45,2026-06-01T13:13:13Z,40.781681,-73.877236,120.9,ab0a73,N810MD,E170,EMBRAER ERJ-170-100,0
takeoff,JFK,04L,1780319637.2,2026-06-01T13:13:57Z,40.626825,-73.781854,30.9,a7e906,N609DN,A21N,AIRBUS A-321neo,0
landing,LGA,04,1780319644.18,2026-06-01T13:14:04Z,40.777061,-73.877609,25.3,a18380,N197PQ,CRJ9,BOMBARDIER Regional Jet CRJ-900,0
takeoff,LGA,13,1780319674.28,2026-06-01T13:14:34Z,40.781467,-73.876801,120.9,a54312,N438YX,E75L,EMBRAER ERJ-170-200 (long wing),0
landing,LGA,04,1780319740.9,2026-06-01T13:15:40Z,40.777107,-73.877579,30.9,a06e71,N127HQ,E75L,EMBRAER ERJ-170-200 (long wing),0
takeoff,LGA,13,1780319769.69,2026-06-01T13:16:09Z,40.781067,-73.875946,120.9,acc76b,N922US,A321,AIRBUS A-321,0
takeoff,JFK,04L,1780319802.68,2026-06-01T13:16:42Z,40.625347,-73.783009,30.9,ad4804,N955JB,A321,AIRBUS A-321,0
landing,LGA,04,1780319854.72,2026-06-01T13:17:34Z,40.777177,-73.877517,36.6,ab3d17,N823MD,E170,EMBRAER ERJ-170-100,0
takeoff,JFK,04L,1780319865.75,2026-06-01T13:17:45Z,40.62679,-73.78187,28.1,a15795,N186GJ,CRJ9,BOMBARDIER Regional Jet CRJ-900,0
takeoff,LGA,13,1780319876.73,2026-06-01T13:17:56Z,40.781525,-73.876923,120.9,ac159a,N878RW,E170,EMBRAER ERJ-170-100,0
landing,JFK,22R,1780319915.88,2026-06-01T13:18:35Z,40.641651,-73.766904,210.9,a210c5,N232JQ,E75L,EMBRAER ERJ-170-200 (long wing),0
landing,LGA,04,1780319931.98,2026-06-01T13:18:51Z,40.777954,-73.876892,33.8,a1acdb,N207JQ,E75L,EMBRAER ERJ-170-200 (long wing),0
takeoff,JFK,04L,1780319946.13,2026-06-01T13:19:06Z,40.626569,-73.782042,30.9,a39338,N3298J,,,0
landing,JFK,04R,1780320004.57,2026-06-01T13:20:04Z,40.636013,-73.762115,30.9,ad935b,N974JT,A321,AIRBUS A-321,0
landing,LGA,04,1780320029.94,2026-06-01T13:20:29Z,40.776676,-73.877969,33.8,a79771,N589BA,,,0
landing,JFK,04L,1780320050.03,2026-06-01T13:20:50Z,40.645562,-73.769869,0.0,a3556f,N3138J,BCS3,AIRBUS A220-300,0
takeoff,LGA,13,1780320060.39,2026-06-01T13:21:00Z,40.781529,-73.876908,120.9,a23bfb,N243JQ,E75L,EMBRAER ERJ-170-200 (long wing),0
landing,JFK,22R,1780320064.6,2026-06-01T13:21:04Z,40.634366,-73.778889,222.2,a1ff90,N228JQ,E75L,EMBRAER ERJ-170-200 (long wing),0
takeoff,JFK,04L,1780320081.13,2026-06-01T13:21:21Z,40.626904,-73.781784,30.9,a84d62,N634JB,A320,AIRBUS A-320,0
landing,LGA,04,1780320122.81,2026-06-01T13:22:02Z,40.777828,-73.876986,30.9,ac1951,N879RW,E170,EMBRAER ERJ-170-100,0
takeoff,JFK,04L,1780320139.58,2026-06-01T13:22:19Z,40.626366,-73.782211,30.9,a339b1,N307DU,BCS3,AIRBUS A220-300,0
takeoff,LGA,13,1780320157.93,2026-06-01T13:22:37Z,40.780133,-73.874005,120.9,aacd50,N79521,B738,BOEING 737-800,0
takeoff,JFK,04L,1780320203.93,2026-06-01T13:23:23Z,40.627796,-73.781082,30.9,a48379,N390HA,A332,AIRBUS A-330-200,0
takeoff,LGA,13,1780320212.55,2026-06-01T13:23:32Z,40.781754,-73.877396,120.9,ada699,N979RP,E170,EMBRAER ERJ-170-100,0
landing,LGA,04,1780320298.24,2026-06-01T13:24:58Z,40.77905,-73.875972,30.9,a0144e,N104HQ,E75L,EMBRAER ERJ-170-200 (long wing),0
takeoff,LGA,13,1780320324.63,2026-06-01T13:25:24Z,40.781433,-73.876709,120.9,a03f84,N115HQ,E75L,EMBRAER ERJ-170-200 (long wing),0
takeoff,JFK,04L,1780320336.79,2026-06-01T13:25:36Z,40.626801,-73.781876,30.9,a4491f,N3753,B738,BOEING 737-800,0
takeoff,JFK,04L,1780320385.46,2026-06-01T13:26:25Z,40.624077,-73.783981,33.8,ab4c76,N827SK,CRJ9,BOMBARDIER Regional Jet CRJ-900,0
landing,LGA,04,1780320392.33,2026-06-01T13:26:32Z,40.776958,-73.877716,33.8,a35254,N313DU,BCS3,AIRBUS A220-300,0
takeoff,LGA,13,1780320408.28,2026-06-01T13:26:48Z,40.782041,-73.878047,115.3,a8a490,N656RW,E170,EMBRAER ERJ-170-100,0
takeoff,JFK,04L,1780320477.64,2026-06-01T13:27:57Z,40.627022,-73.781698,30.9,a1775f,N194DN,B763,BOEING 767-300,0
landing,LGA,04,1780320491.45,2026-06-01T13:28:11Z,40.776764,-73.877838,30.9,a013e8,N104DN,A321,AIRBUS A-321,0
takeoff,LGA,13,1780320531.28,2026-06-01T13:28:51Z,40.780412,-73.874567,120.9,a0669d,N125DN,A321,AIRBUS A-321,0
landing,JFK,22R,1780320566.84,2026-06-01T13:29:26Z,40.643898,-73.771383,213.8,a08e3c,N135EV,CRJ9,BOMBARDIER Regional Jet CRJ-900,0
takeoff,JFK,04L,1780320587.96,2026-06-01T13:29:47Z,40.626835,-73.78183,30.9,a1a435,N2047J,A21N,AIRBUS A-321neo,0
landing,LGA,04,1780320595.44,2026-06-01T13:29:55Z,40.776828,-73.877813,30.9,a3534a,N313PQ,CRJ9,BOMBARDIER Regional Jet CRJ-900,0
takeoff,JFK,04L,1780320633.67,2026-06-01T13:30:33Z,40.623461,-73.784461,30.9,a4ba02,N403YX,E75L,EMBRAER ERJ-170-200 (long wing),0
landing,JFK,22R,1780320685.71,2026-06-01T13:31:25Z,40.64122,-73.767242,210.9,a66576,N511DE,A21N,AIRBUS A-321neo,0
landing,LGA,04,1780320688.74,2026-06-01T13:31:28Z,40.777348,-73.877365,33.8,c00b9c,C-FEKH,E75S,EMBRAER ERJ-170-200 (short wing),0
takeoff,JFK,04L,1780320707.84,2026-06-01T13:31:47Z,40.627034,-73.781667,30.9,a776b2,N580JB,A320,AIRBUS A-320,0
landing,JFK,31R,1780320731.28,2026-06-01T13:32:11Z,40.642822,-73.760727,267.2,a641bf,N502DX,A21N,AIRBUS A-321neo,0
landing,LGA,04,1780320756.23,2026-06-01T13:32:36Z,40.778329,-73.876565,33.8,ac21e4,N881DN,B739,BOEING 737-900,0
landing,JFK,04L,1780320798.59,2026-06-01T13:33:18Z,40.632073,-73.777735,30.9,ae118a,02-01863,GLF5,Gulfstream Aerospace C-37A,1
landing,LGA,04,1780320831.75,2026-06-01T13:33:51Z,40.77805,-73.876799,30.9,a26fc9,N256WN,B737,BOEING 737-700,0
takeoff,JFK,04L,1780320849.61,2026-06-01T13:34:09Z,40.627327,-73.781448,30.9,a05bde,N122HQ,E75L,EMBRAER ERJ-170-200 (long wing),0
takeoff,LGA,13,1780320853.53,2026-06-01T13:34:13Z,40.781673,-73.877197,123.8,a0345f,N112HQ,E75L,EMBRAER ERJ-170-200 (long wing),0
landing,LGA,04,1780320915.76,2026-06-01T13:35:15Z,40.777405,-73.87735,30.9,a148b9,N182GJ,CRJ9,BOMBARDIER Regional Jet CRJ-900,0
takeoff,LGA,13,1780320933.82,2026-06-01T13:35:33Z,40.781878,-73.877657,120.9,a89d22,N654RW,E170,EMBRAER ERJ-170-100,0
landing,LGA,04,1780320994.33,2026-06-01T13:36:34Z,40.777759,-73.876986,39.4,aab1af,N7888A,B737,BOEING 737-700,0
landing,JFK,31L,1780321057.05,2026-06-01T13:37:37Z,40.636814,-73.786392,300.9,a4d849,N411EP,SR22,,0
landing,LGA,04,1780321079.98,2026-06-01T13:37:59Z,40.776821,-73.877823,33.8,a0267b,N109DN,A321,AIRBUS A-321,0
takeoff,JFK,04L,1780321110.09,2026-06-01T13:38:30Z,40.626906,-73.781776,30.9,a13386,N177DN,B763,BOEING 767-300,0
landing,JFK,04R,1780321135.2,2026-06-01T13:38:55Z,40.639906,-73.759039,30.9,a4a0cd,N398DA,B738,BOEING 737-800,0
takeoff,LGA,13,1780321137.53,2026-06-01T13:38:57Z,40.780656,-73.875082,120.9,a3b8f5,N339TP,B38M,BOEING 737 MAX 8,0
landing,LGA,04,1780321200.69,2026-06-01T13:40:00Z,40.775664,-73.878781,33.8,a0ddfb,N155NN,A321,AIRBUS A-321,0
landing,JFK,04R,1780321208.82,2026-06-01T13:40:08Z,40.636951,-73.761353,30.9,aaf111,N804DN,B739,BOEING 737-900,0
takeoff,LGA,13,1780321247.43,2026-06-01T13:40:47Z,40.780075,-73.873881,120.9,a34215,N309PQ,CRJ9,BOMBARDIER Regional Jet CRJ-900,0
takeoff,JFK,04L,1780321253.2,2026-06-01T13:40:53Z,40.6275,-73.781308,30.9,a35854,N3142J,BCS3,AIRBUS A220-300,0
landing,JFK,04R,1780321285.4,2026-06-01T13:41:25Z,40.636251,-73.761879,30.9,ab19df,N814SY,B738,BOEING 737-800,0
landing,LGA,04,1780321289.57,2026-06-01T13:41:29Z,40.777759,-73.877033,33.8,a2d76a,N282WN,B737,BOEING 737-700,0
takeoff,JFK,04L,1780321305.1,2026-06-01T13:41:45Z,40.624844,-73.783386,30.9,a7de53,N606JB,A320,AIRBUS A-320,0
takeoff,LGA,13,1780321328.94,2026-06-01T13:42:08Z,40.780249,-73.874224,120.9,a49206,N394DX,A321,AIRBUS A-321,0
takeoff,JFK,04L,1780321358.4,2026-06-01T13:42:38Z,40.624535,-73.78363,30.9,ac801e,N904XJ,CRJ9,BOMBARDIER Regional Jet CRJ-900,0
landing,JFK,04R,1780321383.56,2026-06-01T13:43:03Z,40.639721,-73.759262,25.3,a7858e,N584JB,A320,AIRBUS A-320,0
landing,LGA,04,1780321388.03,2026-06-01T13:43:08Z,40.779132,-73.875894,33.8,a546c9,N439YX,E75L,EMBRAER ERJ-170-200 (long wing),0
takeoff,LGA,13,1780321416.93,2026-06-01T13:43:36Z,40.779739,-73.873169,120.9,a32814,N302PQ,CRJ9,BOMBARDIER Regional Jet CRJ-900,0
takeoff,JFK,04L,1780321417.24,2026-06-01T13:43:37Z,40.624546,-73.78363,30.9,a5e3e4,N479PX,CRJ9,BOMBARDIER Regional Jet CRJ-900,0
takeoff,LGA,13,1780321483.2,2026-06-01T13:44:43Z,40.780243,-73.874237,120.9,c008f0,C-FDJZ,CRJ7,BOMBARDIER Regional Jet CRJ-700,0
takeoff,JFK,04L,1780321483.51,2026-06-01T13:44:43Z,40.627278,-73.781496,30.9,a35efa,N316VD,B38M,BOEING 737 MAX 8,0
takeoff,LGA,13,1780321551.29,2026-06-01T13:45:51Z,40.780633,-73.875051,120.9,ab129a,N812UP,B38M,BOEING 737 MAX 8,0
takeoff,JFK,04L,1780321557.17,2026-06-01T13:45:57Z,40.626313,-73.782245,30.9,a8aef3,N659JB,A320,AIRBUS A-320,0
landing,LGA,04,1780321628.73,2026-06-01T13:47:08Z,40.777468,-73.877283,30.9,c07e33,C-GVUO,BCS3,AIRBUS A220-300,0
takeoff,LGA,13,1780321685.0,2026-06-01T13:48:05Z,40.780191,-73.874115,120.9,ac4b72,N8910Q,B38M,BOEING 737 MAX 8,0
takeoff,JFK,04L,1780321705.05,2026-06-01T13:48:25Z,40.62561,-73.782791,30.9,a6bfa6,N534DT,A21N,AIRBUS A-321neo,0
landing,LGA,04,1780321737.07,2026-06-01T13:48:57Z,40.777725,-73.877045,33.8,acfa52,N935XJ,CRJ9,BOMBARDIER Regional Jet CRJ-900,0
takeoff,JFK,04L,1780321769.6,2026-06-01T13:49:29Z,40.625905,-73.782557,30.9,0c20b9,HP-1847CMP,B738,BOEING 737-800,0
takeoff,LGA,13,1780321775.81,2026-06-01T13:49:35Z,40.779656,-73.873022,118.1,a6f98e,N549CA,CRJ9,BOMBARDIER Regional Jet CRJ-900,0
takeoff,JFK,04L,1780321823.06,2026-06-01T13:50:23Z,40.624477,-73.783691,30.9,a19d0d,N2029J,A21N,AIRBUS A-321neo,0
landing,LGA,04,1780321871.46,2026-06-01T13:51:11Z,40.778183,-73.876694,33.8,a77d89,N582CA,CRJ9,BOMBARDIER Regional Jet CRJ-900,0
takeoff,JFK,04L,1780321883.77,2026-06-01T13:51:23Z,40.625427,-73.782928,30.9,ad3cdf,N952JB,A321,AIRBUS A-321,0
takeoff,LGA,13,1780321927.93,2026-06-01T13:52:07Z,40.780528,-73.874833,120.9,a46e35,N385DN,B738,BOEING 737-800,0
takeoff,JFK,04L,1780321952.6,2026-06-01T13:52:32Z,40.626789,-73.781876,30.9,a34978,N3102J,BCS3,AIRBUS A220-300,0
takeoff,JFK,04L,1780322009.71,2026-06-01T13:53:29Z,40.625839,-73.782623,30.9,a72f22,N562JB,A320,AIRBUS A-320,0
landing,LGA,04,1780322011.73,2026-06-01T13:53:31Z,40.776734,-73.877922,30.9,a2c93f,N279PQ,CRJ9,BOMBARDIER Regional Jet CRJ-900,0
landing,LGA,04,1780322098.34,2026-06-01T13:54:58Z,40.779659,-73.875504,33.8,a4e538,N414YX,E75L,EMBRAER ERJ-170-200 (long wing),0
landing,JFK,22R,1780322121.28,2026-06-01T13:55:21Z,40.639778,-73.774582,210.9,a21fa1,N236JQ,E75L,EMBRAER ERJ-170-200 (long wing),0
takeoff,LGA,13,1780322123.74,2026-06-01T13:55:23Z,40.781669,-73.877236,120.9,ab40ce,N824MD,E170,EMBRAER ERJ-170-100,0
takeoff,JFK,04L,1780322124.78,2026-06-01T13:55:24Z,40.623184,-73.784683,30.9,a654cb,N507JT,A320,AIRBUS A-320,0
landing,LGA,04,1780322169.36,2026-06-01T13:56:09Z,40.779018,-73.875992,30.9,ac0a75,N875RW,E170,EMBRAER ERJ-170-100,0
takeoff,JFK,04L,1780322203.7,2026-06-01T13:56:43Z,40.627064,-73.781662,30.9,a39289,N3293J,BCS3,AIRBUS A220-300,0
landing,JFK,04R,1780322238.42,2026-06-01T13:57:18Z,40.638897,-73.759827,30.9,71c252,HL8252,B77L,BOEING 777-200LR,0
landing,LGA,04,1780322243.11,2026-06-01T13:57:23Z,40.77848,-73.876424,33.8,a4f7cb,N419YX,E75L,EMBRAER ERJ-170-200 (long wing),0
takeoff,LGA,13,1780322281.1,2026-06-01T13:58:01Z,40.779737,-73.873178,120.9,acf69b,N934XJ,CRJ9,BOMBARDIER Regional Jet CRJ-900,0
landing,LGA,04,1780322334.93,2026-06-01T13:58:54Z,40.777805,-73.877029,33.8,ad2ea4,N949AN,B738,BOEING 737-800,0
takeoff,JFK,04L,1780322337.24,2026-06-01T13:58:57Z,40.625633,-73.782776,30.9,a03235,N111ZM,A321,AIRBUS A-321,0
takeoff,LGA,13,1780322374.65,2026-06-01T13:59:34Z,40.780174,-73.8741,120.9,ac2dea,N884NN,B738,BOEING 737-800,0
landing,JFK,04R,1780322378.26,2026-06-01T13:59:38Z,40.636601,-73.76163,28.1,adc65e,N987NN,B738,BOEING 737-800,0
takeoff,JFK,04L,1780322393.8,2026-06-01T13:59:53Z,40.625748,-73.782684,30.9,ab6519,N833SK,CRJ9,BOMBARDIER Regional Jet CRJ-900,0
takeoff,JFK,04L,1780322451.25,2026-06-01T14:00:51Z,40.625381,-73.782974,30.9,a9c508,N729AN,B77W,BOEING 777-300ER,0
landing,JFK,22R,1780322459.77,2026-06-01T14:00:59Z,40.644328,-73.771071,199.7,aa7c64,N775JB,A320,AIRBUS A-320,0
landing,LGA,04,1780322468.99,2026-06-01T14:01:08Z,40.777451,-73.877289,36.6,a1fbd9,N227JQ,E75L,EMBRAER ERJ-170-200 (long wing),0
takeoff,LGA,13,1780322492.43,2026-06-01T14:01:32Z,40.780424,-73.874614,120.9,a086ce,N133EV,CRJ9,BOMBARDIER Regional Jet CRJ-900,0
landing,LGA,04,1780322531.94,2026-06-01T14:02:11Z,40.778114,-73.876755,33.8,aa56d5,N76523,B738,BOEING 737-800,0
takeoff,JFK,04L,1780322611.69,2026-06-01T14:03:31Z,40.626731,-73.781932,30.9,a35592,N3139J,BCS3,AIRBUS A220-300,0
landing,LGA,04,1780322618.4,2026-06-01T14:03:38Z,40.77663,-73.877985,28.1,a7dadc,N605LR,CRJ9,BOMBARDIER Regional Jet CRJ-900,0
takeoff,JFK,04L,1780322702.58,2026-06-01T14:05:02Z,40.625828,-73.782639,30.9,adcd6d,N989JT,A321,AIRBUS A-321,0
landing,LGA,04,1780322712.26,2026-06-01T14:05:12Z,40.776054,-73.878448,33.8,a42a5c,N368DN,A321,AIRBUS A-321,0
takeoff,LGA,13,1780322756.71,2026-06-01T14:05:56Z,40.780284,-73.874318,120.9,ab84c9,N841NN,B738,BOEING 737-800,0
takeoff,JFK,04L,1780322764.79,2026-06-01T14:06:04Z,40.626102,-73.78241,30.9,acf906,N935JB,A321,AIRBUS A-321,0
landing,JFK,04L,1780322765.93,2026-06-01T14:06:05Z,40.626549,-73.782059,30.9,acf906,N935JB,A321,AIRBUS A-321,0
takeoff,JFK,04L,1780322765.93,2026-06-01T14:06:05Z,40.626549,-73.782059,30.9,acf906,N935JB,A321,AIRBUS A-321,0
takeoff,JFK,22R,1780322772.48,2026-06-01T14:06:12Z,40.622856,-73.786755,180.0,a4d849,N411EP,SR22,,0
landing,JFK,04R,1780322789.41,2026-06-01T14:06:29Z,40.636915,-73.76138,30.9,801612,VT-JRB,A359,AIRBUS A-350-900,0
landing,LGA,04,1780322789.59,2026-06-01T14:06:29Z,40.7767,-73.877922,33.8,abe075,N8643A,B738,BOEING 737-800,0
takeoff,LGA,13,1780322825.43,2026-06-01T14:07:05Z,40.780226,-73.874193,123.8,a3dc5a,N348PQ,CRJ9,BOMBARDIER Regional Jet CRJ-900,0
takeoff,JFK,04L,1780322829.03,2026-06-01T14:07:09Z,40.626125,-73.782394,30.9,aba891,N850NN,B738,BOEING 737-800,0
landing,JFK,22R,1780322855.45,2026-06-01T14:07:35Z,40.634239,-73.778946,213.8,a5e9f4,N480PX,CRJ9,BOMBARDIER Regional Jet CRJ-900,0
landing,LGA,04,1780322889.63,2026-06-01T14:08:09Z,40.781479,-73.873962,30.9,abfe1c,N872DN,B739,BOEING 737-900,0
takeoff,LGA,13,1780322895.39,2026-06-01T14:08:15Z,40.781669,-73.87722,120.9,a24369,N245JQ,E75L,EMBRAER ERJ-170-200 (long wing),0
landing,JFK,22R,1780322913.14,2026-06-01T14:08:33Z,40.644037,-73.771196,236.2,a37517,N3215J,BCS3,,0
landing,JFK,04R,1780322931.98,2026-06-01T14:08:51Z,40.63456,-73.763229,30.9,a7d2bc,N603DN,A21N,AIRBUS A-321neo,0
landing,LGA,04,1780323004.64,2026-06-01T14:10:04Z,40.778332,-73.876572,33.8,a21bea,N235JQ,E75L,EMBRAER ERJ-170-200 (long wing),0
takeoff,LGA,04,1780323004.64,2026-06-01T14:10:04Z,40.778332,-73.876572,33.8,a21bea,N235JQ,E75L,EMBRAER ERJ-170-200 (long wing),0
landing,LGA,04,1780323005.23,2026-06-01T14:10:05Z,40.77841,-73.876502,33.8,a21bea,N235JQ,E75L,EMBRAER ERJ-170-200 (long wing),0
landing,JFK,04R,1780323014.87,2026-06-01T14:10:14Z,40.635111,-73.7628,30.9,a7f6f6,N612JB,A320,AIRBUS A-320,0
takeoff,LGA,13,1780323035.24,2026-06-01T14:10:35Z,40.78075,-73.875269,120.9,a2b153,N27273,B38M,BOEING 737 MAX 8,0
landing,JFK,22R,1780323059.15,2026-06-01T14:10:59Z,40.643852,-73.771439,213.8,a1f822,N226JQ,E75L,EMBRAER ERJ-170-200 (long wing),0
landing,LGA,04,1780323092.73,2026-06-01T14:11:32Z,40.778538,-73.876419,33.8,a4b294,N401YX,E75L,EMBRAER ERJ-170-200 (long wing),0
takeoff,JFK,04L,1780323120.31,2026-06-01T14:12:00Z,40.62601,-73.782494,30.9,a8de10,N6700,B752,BOEING 757-200,0
takeoff,LGA,13,1780323123.68,2026-06-01T14:12:03Z,40.781605,-73.87709,120.9,a095f0,N137HQ,E75L,EMBRAER ERJ-170-200 (long wing),0
landing,JFK,04R,1780323170.45,2026-06-01T14:12:50Z,40.637684,-73.760773,29.6,7380c0,4X-EDA,B789,BOEING 787-9 Dreamliner,0
takeoff,JFK,04L,1780323187.28,2026-06-01T14:13:07Z,40.625603,-73.782806,30.9,ade252,N994JL,A321,AIRBUS A-321,0
landing,LGA,04,1780323196.74,2026-06-01T14:13:16Z,40.778286,-73.876648,30.9,abbb77,N855RW,E170,EMBRAER ERJ-170-100,0
takeoff,JFK,04L,1780323229.94,2026-06-01T14:13:49Z,40.622555,-73.785187,30.9,a21fa1,N236JQ,E75L,EMBRAER ERJ-170-200 (long wing),0
landing,LGA,04,1780323287.29,2026-06-01T14:14:47Z,40.778271,-73.876612,33.8,a4da13,N411YX,E75L,EMBRAER ERJ-170-200 (long wing),0
takeoff,JFK,04L,1780323303.71,2026-06-01T14:15:03Z,40.626685,-73.781948,30.9,a30460,N294AK,B739,BOEING 737-900,0
landing,JFK,04R,1780323314.99,2026-06-01T14:15:14Z,40.633015,-73.764435,36.6,ab6162,N832SK,CRJ9,BOMBARDIER Regional Jet CRJ-900,0
takeoff,LGA,13,1780323322.86,2026-06-01T14:15:22Z,40.780678,-73.875153,120.9,a057cc,N121DZ,A321,AIRBUS A-321,0
landing,JFK,22R,1780323348.69,2026-06-01T14:15:48Z,40.642501,-73.765999,241.9,aca02f,N912XJ,CRJ9,BOMBARDIER Regional Jet CRJ-900,0
takeoff,JFK,22R,1780323350.16,2026-06-01T14:15:50Z,40.642467,-73.766068,241.9,aca02f,N912XJ,CRJ9,BOMBARDIER Regional Jet CRJ-900,0
takeoff,JFK,04L,1780323360.85,2026-06-01T14:16:00Z,40.625336,-73.783005,30.9,a2f5b8,N290CM,B763,BOEING 767-300,0
landing,LGA,04,1780323371.41,2026-06-01T14:16:11Z,40.780435,-73.874833,33.8,a445f8,N3747D,B738,BOEING 737-800,0
takeoff,LGA,13,1780323387.58,2026-06-01T14:16:27Z,40.781669,-73.877205,120.9,a1acdb,N207JQ,E75L,EMBRAER ERJ-170-200 (long wing),0
landing,JFK,04R,1780323395.38,2026-06-01T14:16:35Z,40.636448,-73.761749,30.9,3965a1,F-GZNB,B77W,BOEING 777-300ER,0
landing,LGA,04,1780323474.73,2026-06-01T14:17:54Z,40.776123,-73.878403,33.8,a02c94,N110DX,A321,AIRBUS A-321,0
takeoff,JFK,04L,1780323506.28,2026-06-01T14:18:26Z,40.625587,-73.782822,30.9,a9f818,N741UW,A319,AIRBUS A-319,0
takeoff,LGA,13,1780323511.9,2026-06-01T14:18:31Z,40.781518,-73.876877,120.9,a03bcd,N114HQ,E75L,EMBRAER ERJ-170-200 (long wing),0
landing,JFK,31R,1780323522.99,2026-06-01T14:18:42Z,40.645752,-73.7556,337.5,8990a6,B-18781,B77L,BOEING 777-200LR,0
takeoff,JFK,04L,1780323569.37,2026-06-01T14:19:29Z,40.626208,-73.782323,30.9,aa7c64,N775JB,A320,AIRBUS A-320,0
landing,LGA,04,1780323586.55,2026-06-01T14:19:46Z,40.776798,-73.877823,33.8,aab169,N7886A,B737,BOEING 737-700,0
takeoff,JFK,04L,1780323616.16,2026-06-01T14:20:16Z,40.623241,-73.784653,30.9,a1ff90,N228JQ,E75L,EMBRAER ERJ-170-200 (long wing),0
takeoff,LGA,13,1780323624.14,2026-06-01T14:20:24Z,40.781704,-73.877283,120.9,c06197,C-GKYW,E295,EMBRAER ERJ-190-400,0
landing,JFK,04R,1780323659.35,2026-06-01T14:20:59Z,40.643669,-73.758133,11.2,71c361,HL8361,A359,AIRBUS A-350-900,0
takeoff,JFK,04L,1780323681.2,2026-06-01T14:21:21Z,40.625882,-73.782588,30.9,a5e9f4,N480PX,CRJ9,BOMBARDIER Regional Jet CRJ-900,0
takeoff,LGA,13,1780323696.91,2026-06-01T14:21:36Z,40.780266,-73.874283,118.1,c07d20,C-GVJZ,DH8D,DE HAVILLAND DHC-8-400 Dash 8,0
landing,JFK,04R,1780323729.01,2026-06-01T14:22:09Z,40.637123,-73.761307,25.3,a1a832,N2059J,A21N,AIRBUS A-321neo,0
takeoff,JFK,04L,1780323736.81,2026-06-01T14:22:16Z,40.625347,-73.78302,30.9,aa8b40,N779JB,A320,AIRBUS A-320,0
landing,LGA,04,1780323751.56,2026-06-01T14:22:31Z,40.777496,-73.877182,42.2,abe2f6,N865RW,E170,EMBRAER ERJ-170-100,0
takeoff,LGA,13,1780323783.93,2026-06-01T14:23:03Z,40.781673,-73.877228,120.9,a4c527,N406YX,E75L,EMBRAER ERJ-170-200 (long wing),0
landing,JFK,04R,1780323822.29,2026-06-01T14:23:42Z,40.636368,-73.761817,30.9,010289,,,,
landing,LGA,04,1780323884.67,2026-06-01T14:24:44Z,40.777991,-73.876846,33.8,a1ccec,N215JQ,E75L,EMBRAER ERJ-170-200 (long wing),0
takeoff,LGA,13,1780323920.07,2026-06-01T14:25:20Z,40.780231,-73.874252,120.9,aa7e99,N77542,B738,BOEING 737-800,0
takeoff,JFK,04L,1780323928.88,2026-06-01T14:25:28Z,40.625313,-73.78302,30.9,ad6bdc,N964JT,A321,AIRBUS A-321,0
landing,JFK,04R,1780323987.61,2026-06-01T14:26:27Z,40.638917,-73.760631,0.0,a79e31,N590JB,A320,AIRBUS A-320,0
takeoff,JFK,04L,1780323990.73,2026-06-01T14:26:30Z,40.626103,-73.782401,30.9,a05f37,N123DW,A321,AIRBUS A-321,0
landing,LGA,04,1780324003.56,2026-06-01T14:26:43Z,40.776339,-73.878219,30.9,a35c97,N3156J,BCS3,AIRBUS A220-300,0
takeoff,LGA,13,1780324045.93,2026-06-01T14:27:25Z,40.780691,-73.875191,120.9,a707a3,N552JB,A320,AIRBUS A-320,0
takeoff,JFK,04L,1780324047.49,2026-06-01T14:27:27Z,40.623938,-73.784117,30.9,adde95,N993JE,A321,AIRBUS A-321,0
landing,JFK,04R,1780324060.16,2026-06-01T14:27:40Z,40.637936,-73.76059,30.9,4005be,G-VIIF,B772,BOEING 777-200,0
landing,LGA,04,1780324091.76,2026-06-01T14:28:11Z,40.777645,-73.877029,36.6,a03816,N113HQ,E75L,EMBRAER ERJ-170-200 (long wing),0
takeoff,LGA,13,1780324109.15,2026-06-01T14:28:29Z,40.781716,-73.877298,120.9,ac1f61,N880RW,E170,EMBRAER ERJ-170-100,0
takeoff,JFK,04L,1780324116.05,2026-06-01T14:28:36Z,40.625498,-73.7829,30.9,a39948,N3308J,,,0
takeoff,JFK,04L,1780324176.1,2026-06-01T14:29:36Z,40.624416,-73.783727,30.9,a15397,N185DN,B763,BOEING 767-300,0
landing,LGA,04,1780324202.54,2026-06-01T14:30:02Z,40.77706,-73.87761,30.9,a7de93,N606LR,CRJ9,BOMBARDIER Regional Jet CRJ-900,0
takeoff,LGA,13,1780324236.95,2026-06-01T14:30:36Z,40.781651,-73.877167,120.9,a2348d,N241JQ,E75L,EMBRAER ERJ-170-200 (long wing),0
landing,JFK,04R,1780324274.85,2026-06-01T14:31:14Z,40.63617,-73.761957,30.9,ab013c,N808SY,B738,BOEING 737-800,0
takeoff,LGA,13,1780324319.22,2026-06-01T14:31:59Z,40.78014,-73.873993,120.9,a123e2,N17264,B38M,BOEING 737 MAX 8,0
takeoff,JFK,04L,1780324374.99,2026-06-01T14:32:54Z,40.626606,-73.782013,30.9,acb2c2,N917XJ,CRJ9,BOMBARDIER Regional Jet CRJ-900,0
landing,LGA,04,1780324399.47,2026-06-01T14:33:19Z,40.778297,-73.876587,33.8,a866c7,N640RW,E170,EMBRAER ERJ-170-100,0
takeoff,JFK,04L,1780324423.23,2026-06-01T14:33:43Z,40.623253,-73.784637,30.9,a00929,N101HQ,E75L,EMBRAER ERJ-170-200 (long wing),0
takeoff,LGA,13,1780324431.07,2026-06-01T14:33:51Z,40.780254,-73.874252,120.9,aca3e6,N913XJ,CRJ9,BOMBARDIER Regional Jet CRJ-900,0
landing,JFK,04R,1780324494.8,2026-06-01T14:34:54Z,40.637043,-73.761307,30.9,acf5be,N934NN,B738,BOEING 737-800,0
takeoff,LGA,13,1780324506.83,2026-06-01T14:35:06Z,40.779648,-73.872986,120.9,a3761c,N322DU,BCS3,AIRBUS A220-300,0
landing,LGA,04,1780324548.83,2026-06-01T14:35:48Z,40.778526,-73.876389,33.8,aaee3b,N803NN,B738,BOEING 737-800,0
landing,JFK,04R,1780324607.8,2026-06-01T14:36:47Z,40.637043,-73.761364,22.5,a4c9d5,N4076J,A21N,AIRBUS A-321neo,0
landing,LGA,04,1780324629.14,2026-06-01T14:37:09Z,40.776901,-73.877762,33.8,a35e6f,N316PQ,CRJ9,BOMBARDIER Regional Jet CRJ-900,0
takeoff,JFK,04L,1780324692.32,2026-06-01T14:38:12Z,40.626219,-73.782307,30.9,a08e3c,N135EV,CRJ9,BOMBARDIER Regional Jet CRJ-900,0
takeoff,JFK,04L,1780324750.26,2026-06-01T14:39:10Z,40.624869,-73.783384,30.9,a30f85,N297AK,B739,BOEING 737-900,0
landing,LGA,04,1780324758.8,2026-06-01T14:39:18Z,40.776967,-73.877688,28.1,a07f60,N131EV,CRJ9,BOMBARDIER Regional Jet CRJ-900,0
takeoff,LGA,13,1780324778.94,2026-06-01T14:39:38Z,40.781948,-73.877798,120.9,c00b9c,C-FEKH,E75S,EMBRAER ERJ-170-200 (short wing),0
takeoff,JFK,04L,1780324803.69,2026-06-01T14:40:03Z,40.624111,-73.783966,30.9,ab53e4,N829SK,CRJ9,BOMBARDIER Regional Jet CRJ-900,0
landing,JFK,13R,1780324857.58,2026-06-01T14:40:57Z,40.640636,-73.794769,151.9,780abb,B-LRP,A359,AIRBUS A-350-900,0
takeoff,JFK,04L,1780324861.01,2026-06-01T14:41:01Z,40.626057,-73.78244,29.6,7380c6,4X-EDH,B789,BOEING 787-9 Dreamliner,0
takeoff,LGA,13,1780324861.12,2026-06-01T14:41:01Z,40.782181,-73.878281,120.9,abb5a1,N85354,E75L,EMBRAER ERJ-170-200 (long wing),0
landing,LGA,04,1780324861.4,2026-06-01T14:41:01Z,40.778126,-73.87674,30.9,a8a0d9,N655RW,E170,EMBRAER ERJ-170-100,0
landing,LGA,04,1780324955.33,2026-06-01T14:42:35Z,40.778189,-73.87669,33.8,a4bdb9,N404YX,E75L,EMBRAER ERJ-170-200 (long wing),0
takeoff,LGA,13,1780324986.2,2026-06-01T14:43:06Z,40.780028,-73.873771,118.1,a148b9,N182GJ,CRJ9,BOMBARDIER Regional Jet CRJ-900,0
landing,JFK,22R,1780325006.36,2026-06-01T14:43:26Z,40.644165,-73.77104,253.1,a04692,N117DU,BCS1,AIRBUS A220-100,0
takeoff,JFK,04L,1780325033.0,2026-06-01T14:43:53Z,40.624844,-73.783401,28.1,a33e5e,N308PQ,CRJ9,BOMBARDIER Regional Jet CRJ-900,0
landing,LGA,04,1780325055.39,2026-06-01T14:44:15Z,40.778864,-73.875972,50.6,c06aa4,C-GOJZ,CRJ7,BOMBARDIER Regional Jet CRJ-700,0
takeoff,LGA,13,1780325073.32,2026-06-01T14:44:33Z,40.781845,-73.877579,120.9,ab3d17,N823MD,E170,EMBRAER ERJ-170-100,0
takeoff,JFK,04L,1780325099.62,2026-06-01T14:44:59Z,40.626103,-73.782432,30.9,a6587b,N508JL,A320,AIRBUS A-320,0
landing,JFK,04R,1780325132.19,2026-06-01T14:45:32Z,40.637409,-73.761002,30.9,a12fda,N176DZ,B763,BOEING 767-300,0
landing,LGA,04,1780325133.81,2026-06-01T14:45:33Z,40.776234,-73.878313,33.8,ac878c,N906XJ,CRJ9,BOMBARDIER Regional Jet CRJ-900,0
takeoff,LGA,13,1780325161.17,2026-06-01T14:46:01Z,40.781762,-73.877376,120.9,a06e71,N127HQ,E75L,EMBRAER ERJ-170-200 (long wing),0
takeoff,JFK,04L,1780325172.97,2026-06-01T14:46:12Z,40.625707,-73.782728,30.9,adb35c,N982JB,A321,AIRBUS A-321,0
landing,LGA,04,1780325233.57,2026-06-01T14:47:13Z,40.778294,-73.876596,33.8,a1c1c7,N212JQ,E75L,EMBRAER ERJ-170-200 (long wing),0
takeoff,LGA,13,1780325252.54,2026-06-01T14:47:32Z,40.781669,-73.877205,120.9,abd41a,N861RW,E170,EMBRAER ERJ-170-100,0
landing,JFK,04L,1780325267.96,2026-06-01T14:47:47Z,40.645363,-73.769867,2.8,a05827,N121HQ,E75L,EMBRAER ERJ-170-200 (long wing),0
takeoff,JFK,04L,1780325329.22,2026-06-01T14:48:49Z,40.626429,-73.782151,30.9,780abb,B-LRP,A359,AIRBUS A-350-900,0
takeoff,LGA,13,1780325329.34,2026-06-01T14:48:49Z,40.781203,-73.876221,120.9,a26fc9,N256WN,B737,BOEING 737-700,0
landing,JFK,04R,1780325345.05,2026-06-01T14:49:05Z,40.638199,-73.760391,30.9,a6cacb,N537DT,A21N,AIRBUS A-321neo,0
takeoff,LGA,13,1780325392.3,2026-06-01T14:49:52Z,40.781634,-73.877142,120.9,ac1951,N879RW,E170,EMBRAER ERJ-170-100,0
takeoff,JFK,04L,1780325412.23,2026-06-01T14:50:12Z,40.625998,-73.782463,29.6,ab4e94,N828AA,B789,BOEING 787-9 Dreamliner,0
landing,JFK,04R,1780325427.76,2026-06-01T14:50:27Z,40.6371,-73.76123,30.9,8695a4,JA797A,B77W,BOEING 777-300ER,0
landing,LGA,04,1780325461.11,2026-06-01T14:51:01Z,40.776627,-73.877991,33.8,accb65,N923XJ,CRJ9,BOMBARDIER Regional Jet CRJ-900,0
takeoff,LGA,13,1780325484.97,2026-06-01T14:51:24Z,40.781891,-73.87767,120.9,a0144e,N104HQ,E75L,EMBRAER ERJ-170-200 (long wing),0
landing,JFK,04R,1780325534.09,2026-06-01T14:52:14Z,40.634926,-73.762924,30.9,76cef1,9V-SWQ,B77W,BOEING 777-300ER,0
takeoff,JFK,04L,1780325538.23,2026-06-01T14:52:18Z,40.626964,-73.781745,30.9,a3556f,N3138J,BCS3,AIRBUS A220-300,0
landing,LGA,04,1780325546.31,2026-06-01T14:52:26Z,40.781494,-73.873943,33.8,ac07b8,N8741L,B38M,BOEING 737 MAX 8,0
takeoff,LGA,13,1780325555.26,2026-06-01T14:52:35Z,40.782018,-73.877907,120.9,aab1af,N7888A,B737,BOEING 737-700,0
takeoff,JFK,04L,1780325594.87,2026-06-01T14:53:14Z,40.625507,-73.782883,30.9,a7858e,N584JB,A320,AIRBUS A-320,0
takeoff,LGA,13,1780325634.99,2026-06-01T14:53:54Z,40.78109,-73.875961,120.9,a2d76a,N282WN,B737,BOEING 737-700,0
landing,LGA,04,1780325678.64,2026-06-01T14:54:38Z,40.776222,-73.878313,33.8,a1094c,N166PQ,CRJ9,BOMBARDIER Regional Jet CRJ-900,0
landing,JFK,04R,1780325709.11,2026-06-01T14:55:09Z,40.637229,-73.761177,25.3,a3514f,N3125J,BCS3,,0
takeoff,LGA,13,1780325728.61,2026-06-01T14:55:28Z,40.780701,-73.875183,118.1,a18380,N197PQ,CRJ9,BOMBARDIER Regional Jet CRJ-900,0
landing,LGA,04,1780325772.56,2026-06-01T14:56:12Z,40.776695,-73.877914,33.8,acced9,N924US,A321,AIRBUS A-321,0
takeoff,JFK,04L,1780325791.35,2026-06-01T14:56:31Z,40.624858,-73.783399,30.9,ad8836,N971JT,A321,AIRBUS A-321,0
landing,JFK,04R,1780325803.78,2026-06-01T14:56:43Z,40.63532,-73.762628,30.9,841c48,JA07WJ,A35K,AIRBUS A-350-1000,0
takeoff,LGA,13,1780325820.3,2026-06-01T14:57:00Z,40.780342,-73.874427,120.9,c07e33,C-GVUO,BCS3,AIRBUS A220-300,0
takeoff,JFK,04L,1780325869.71,2026-06-01T14:57:49Z,40.624752,-73.783478,30.9,a89fa3,N655DL,B752,BOEING 757-200,0
landing,LGA,04,1780325906.66,2026-06-01T14:58:26Z,40.776123,-73.878403,33.8,a359c2,N315DU,BCS3,AIRBUS A220-300,0
takeoff,JFK,04L,1780325932.28,2026-06-01T14:58:52Z,40.623717,-73.784273,30.9,ad8bed,N972JT,A321,AIRBUS A-321,0
takeoff,LGA,13,1780325961.53,2026-06-01T14:59:21Z,40.77951,-73.872696,120.9,a35254,N313DU,BCS3,AIRBUS A220-300,0
landing,JFK,04R,1780325965.96,2026-06-01T14:59:25Z,40.644058,-73.758057,8.4,4ba954,TC-JJT,B77W,BOEING 777-300ER,0
landing,JFK,04L,1780326009.1,2026-06-01T15:00:09Z,40.632108,-73.777719,30.9,a78945,N585JB,A320,AIRBUS A-320,0
takeoff,LGA,13,1780326032.68,2026-06-01T15:00:32Z,40.780249,-73.874239,120.9,a3534a,N313PQ,CRJ9,BOMBARDIER Regional Jet CRJ-900,0
takeoff,JFK,04L,1780326072.46,2026-06-01T15:01:12Z,40.622577,-73.785147,30.9,a210c5,N232JQ,E75L,EMBRAER ERJ-170-200 (long wing),0
takeoff,LGA,13,1780326106.64,2026-06-01T15:01:46Z,40.780254,-73.874237,118.1,a77d89,N582CA,CRJ9,BOMBARDIER Regional Jet CRJ-900,0
landing,LGA,04,1780326189.39,2026-06-01T15:03:09Z,40.778026,-73.876846,33.8,a2b10d,N27253,B38M,BOEING 737 MAX 8,0
takeoff,LGA,13,1780326226.44,2026-06-01T15:03:46Z,40.779981,-73.873662,120.9,acfa52,N935XJ,CRJ9,BOMBARDIER Regional Jet CRJ-900,0
takeoff,JFK,04L,1780326302.04,2026-06-01T15:05:02Z,40.625719,-73.782713,30.9,ae118a,02-01863,GLF5,Gulfstream Aerospace C-37A,1
takeoff,LGA,13,1780326306.32,2026-06-01T15:05:06Z,40.780209,-73.874176,120.9,ac21e4,N881DN,B739,BOEING 737-900,0
takeoff,LGA,13,1780326358.19,2026-06-01T15:05:58Z,40.781785,-73.877454,120.9,a4da13,N411YX,E75L,EMBRAER ERJ-170-200 (long wing),0
landing,LGA,04,1780326408.46,2026-06-01T15:06:48Z,40.776524,-73.878067,30.9,a042d5,N116DN,A321,AIRBUS A-321,0
landing,JFK,22R,1780326447.53,2026-06-01T15:07:27Z,40.64399,-73.771362,171.6,a38836,N3269J,BCS3,AIRBUS A220-300,0
takeoff,LGA,13,1780326449.28,2026-06-01T15:07:29Z,40.781692,-73.877283,120.9,a4f7cb,N419YX,E75L,EMBRAER ERJ-170-200 (long wing),0
landing,LGA,04,1780326546.3,2026-06-01T15:09:06Z,40.776886,-73.877766,33.8,aa7fa1,N776DE,B738,BOEING 737-800,0
takeoff,LGA,13,1780326596.09,2026-06-01T15:09:56Z,40.780191,-73.874115,120.9,ac9709,N910DU,B739,BOEING 737-900,0
landing,LGA,04,1780326675.41,2026-06-01T15:11:15Z,40.780552,-73.874725,30.9,acdfa6,N929AN,B738,BOEING 737-800,0
landing,JFK,31R,1780326678.0,2026-06-01T15:11:18Z,40.647045,-73.770157,334.7,a8dc45,N670FR,A21N,AIRBUS A-321neo,0
takeoff,JFK,04L,1780326685.87,2026-06-01T15:11:25Z,40.624544,-73.783633,30.9,a13748,N178DZ,B763,BOEING 767-300,0
landing,JFK,04R,1780326772.09,2026-06-01T15:12:52Z,40.635441,-73.762573,30.9,a70f11,N554JB,A320,AIRBUS A-320,0
takeoff,JFK,04L,1780326790.87,2026-06-01T15:13:10Z,40.625347,-73.78299,30.9,a4a0cd,N398DA,B738,BOEING 737-800,0
landing,LGA,04,1780326801.22,2026-06-01T15:13:21Z,40.778275,-73.876617,36.6,a448fc,N3752,B738,BOEING 737-800,0
takeoff,JFK,04L,1780326871.17,2026-06-01T15:14:31Z,40.626137,-73.782379,30.9,a38836,N3269J,BCS3,AIRBUS A220-300,0
landing,JFK,04R,1780326890.39,2026-06-01T15:14:50Z,40.639871,-73.759055,30.9,71be19,HL7619,A388,AIRBUS A-380-800,0
landing,LGA,04,1780326920.32,2026-06-01T15:15:20Z,40.776944,-73.87772,36.6,a3183d,N299PQ,CRJ9,BOMBARDIER Regional Jet CRJ-900,0
takeoff,JFK,04L,1780326949.56,2026-06-01T15:15:49Z,40.62608,-73.782447,30.9,ad935b,N974JT,A321,AIRBUS A-321,0
landing,LGA,04,1780327023.37,2026-06-01T15:17:03Z,40.778263,-73.876617,33.8,a01f73,N107HQ,E75L,EMBRAER ERJ-170-200 (long wing),0
landing,JFK,04L,1780327037.19,2026-06-01T15:17:17Z,40.645213,-73.769869,2.8,a0634c,N124HQ,E75L,EMBRAER ERJ-170-200 (long wing),0
landing,JFK,04R,1780327074.3,2026-06-01T15:17:54Z,40.638702,-73.759979,30.9,ac066b,N874NN,B738,BOEING 737-800,0
takeoff,JFK,04L,1780327101.53,2026-06-01T15:18:21Z,40.626137,-73.782394,30.9,ad2445,N946JL,A321,AIRBUS A-321,0
landing,LGA,04,1780327103.01,2026-06-01T15:18:23Z,40.776246,-73.878313,33.8,a44168,N37307,B38M,,0
takeoff,LGA,13,1780327132.76,2026-06-01T15:18:52Z,40.781788,-73.877457,120.9,a21bea,N235JQ,E75L,EMBRAER ERJ-170-200 (long wing),0
landing,JFK,22R,1780327188.11,2026-06-01T15:19:48Z,40.636162,-73.778885,171.6,acd88e,N927DZ,B739,BOEING 737-900,0
landing,JFK,04R,1780327223.81,2026-06-01T15:20:23Z,40.636871,-73.761398,30.9,4c0221,YU-ARB,A332,AIRBUS A-330-200,0
landing,LGA,04,1780327239.43,2026-06-01T15:20:39Z,40.778166,-73.876705,33.8,a00ce0,N102HQ,E75L,EMBRAER ERJ-170-200 (long wing),0
takeoff,LGA,13,1780327256.41,2026-06-01T15:20:56Z,40.781696,-73.877274,120.9,a4e538,N414YX,E75L,EMBRAER ERJ-170-200 (long wing),0
landing,LGA,04,1780327327.63,2026-06-01T15:22:07Z,40.776844,-73.877808,33.8,a47d11,N389DN,A321,AIRBUS A-321,0
takeoff,LGA,13,1780327374.56,2026-06-01T15:22:54Z,40.780214,-73.874177,120.9,abe075,N8643A,B738,BOEING 737-800,0
landing,JFK,04R,1780327392.45,2026-06-01T15:23:12Z,40.635315,-73.76265,30.9,a3f88e,N355NB,A319,AIRBUS A-319,0
landing,LGA,04,1780327421.1,2026-06-01T15:23:41Z,40.776386,-73.878174,30.9,a130cb,N176PQ,CRJ9,BOMBARDIER Regional Jet CRJ-900,0
takeoff,LGA,13,1780327460.65,2026-06-01T15:24:20Z,40.780703,-73.875191,120.9,a0267b,N109DN,A321,AIRBUS A-321,0
takeoff,JFK,04L,1780327464.55,2026-06-01T15:24:24Z,40.624592,-73.783585,30.9,a37517,N3215J,BCS3,,0
takeoff,JFK,04L,1780327530.63,2026-06-01T15:25:30Z,40.626423,-73.782166,30.9,aaf111,N804DN,B739,BOEING 737-900,0
landing,LGA,04,1780327562.14,2026-06-01T15:26:02Z,40.776432,-73.878128,30.9,a8f235,N676CA,CRJ9,BOMBARDIER Regional Jet CRJ-900,0
takeoff,LGA,13,1780327589.51,2026-06-01T15:26:29Z,40.781696,-73.877243,120.9,a546c9,N439YX,E75L,EMBRAER ERJ-170-200 (long wing),0
takeoff,JFK,04L,1780327603.32,2026-06-01T15:26:43Z,40.626148,-73.782364,30.9,ac77d3,N902NN,B738,BOEING 737-800,0
landing,LGA,04,1780327641.56,2026-06-01T15:27:21Z,40.77737,-73.87735,33.8,ac07dc,N8742M,B38M,BOEING 737 MAX 8,0
takeoff,JFK,04L,1780327669.24,2026-06-01T15:27:49Z,40.626278,-73.782276,30.9,ab19df,N814SY,B738,BOEING 737-800,0
takeoff,LGA,13,1780327683.56,2026-06-01T15:28:03Z,40.780179,-73.874083,120.9,a0ddfb,N155NN,A321,AIRBUS A-321,0
landing,JFK,13R,1780327725.59,2026-06-01T15:28:45Z,40.640651,-73.795899,157.5,a02cf1,N110HQ,E75L,EMBRAER ERJ-170-200 (long wing),0
landing,LGA,04,1780327732.71,2026-06-01T15:28:52Z,40.77808,-73.876785,33.8,a08a85,N134EV,CRJ9,BOMBARDIER Regional Jet CRJ-900,0
takeoff,LGA,13,1780327778.65,2026-06-01T15:29:38Z,40.780051,-73.873865,120.9,adb656,N983AN,B738,BOEING 737-800,0
landing,JFK,22R,1780327794.87,2026-06-01T15:29:54Z,40.644084,-73.771149,241.9,aca79d,N914XJ,CRJ9,BOMBARDIER Regional Jet CRJ-900,0
takeoff,JFK,04L,1780327825.62,2026-06-01T15:30:25Z,40.624322,-73.783805,30.9,acd88e,N927DZ,B739,BOEING 737-900,0
takeoff,LGA,13,1780327834.6,2026-06-01T15:30:34Z,40.781855,-73.877595,120.9,a1fbd9,N227JQ,E75L,EMBRAER ERJ-170-200 (long wing),0
takeoff,JFK,04L,1780327918.12,2026-06-01T15:31:58Z,40.623682,-73.78432,30.9,8015a8,VT-AEN,B77W,BOEING 777-300ER,0
landing,LGA,04,1780327938.68,2026-06-01T15:32:18Z,40.777514,-73.877236,36.6,abdb88,N863RW,E170,EMBRAER ERJ-170-100,0
landing,JFK,22R,1780327976.93,2026-06-01T15:32:56Z,40.637357,-73.779092,174.4,ab09b4,N810DN,B739,BOEING 737-900,0
takeoff,LGA,13,1780327981.42,2026-06-01T15:33:01Z,40.780117,-73.873978,120.9,a013e8,N104DN,A321,AIRBUS A-321,0
takeoff,LGA,13,1780328041.16,2026-06-01T15:34:01Z,40.781662,-73.877197,118.1,ac0a75,N875RW,E170,EMBRAER ERJ-170-100,0
takeoff,JFK,04L,1780328043.28,2026-06-01T15:34:03Z,40.627022,-73.781714,30.9,4bb46e,TC-MCN,A333,AIRBUS A-330-300,0
landing,JFK,22R,1780328083.53,2026-06-01T15:34:43Z,40.637203,-73.779068,171.6,a5fc87,N485PX,CRJ9,BOMBARDIER Regional Jet CRJ-900,0
takeoff,LGA,13,1780328123.46,2026-06-01T15:35:23Z,40.78004,-73.873787,120.9,a2c93f,N279PQ,CRJ9,BOMBARDIER Regional Jet CRJ-900,0
takeoff,JFK,04L,1780328159.41,2026-06-01T15:35:59Z,40.624969,-73.783295,30.9,a641bf,N502DX,A21N,AIRBUS A-321neo,0
landing,LGA,04,1780328187.3,2026-06-01T15:36:27Z,40.777874,-73.876938,33.8,a20347,N229JQ,E75L,EMBRAER ERJ-170-200 (long wing),0
takeoff,JFK,04L,1780328209.28,2026-06-01T15:36:49Z,40.623089,-73.784757,30.9,a1f822,N226JQ,E75L,EMBRAER ERJ-170-200 (long wing),0
takeoff,LGA,13,1780328231.97,2026-06-01T15:37:11Z,40.780703,-73.875223,120.9,ad2ea4,N949AN,B738,BOEING 737-800,0
takeoff,JFK,04L,1780328309.34,2026-06-01T15:38:29Z,40.622379,-73.785335,30.9,a02cf1,N110HQ,E75L,EMBRAER ERJ-170-200 (long wing),0
takeoff,LGA,13,1780328448.1,2026-06-01T15:40:48Z,40.78149,-73.876831,120.9,abbb77,N855RW,E170,EMBRAER ERJ-170-100,0
landing,JFK,04L,1780328462.66,2026-06-01T15:41:02Z,40.6329,-73.777095,30.9,a189f2,N199DN,B763,BOEING 767-300,0
landing,JFK,22R,1780328522.9,2026-06-01T15:42:02Z,40.640185,-73.774223,182.8,896480,A6-EUV,A388,AIRBUS A-380-800,0
takeoff,LGA,13,1780328533.46,2026-06-01T15:42:13Z,40.780249,-73.874239,120.9,a42a5c,N368DN,A321,AIRBUS A-321,0
takeoff,JFK,04L,1780328579.51,2026-06-01T15:42:59Z,40.626789,-73.781876,30.9,ad4bcb,N956JT,A321,AIRBUS A-321,0
takeoff,LGA,13,1780328595.58,2026-06-01T15:43:15Z,40.781669,-73.87722,120.9,a866c7,N640RW,E170,EMBRAER ERJ-170-100,0
takeoff,JFK,04L,1780328651.82,2026-06-01T15:44:11Z,40.626522,-73.782089,30.9,ab6162,N832SK,CRJ9,BOMBARDIER Regional Jet CRJ-900,0
takeoff,LGA,13,1780328682.5,2026-06-01T15:44:42Z,40.780312,-73.874344,120.9,abfe1c,N872DN,B739,BOEING 737-900,0
takeoff,JFK,04L,1780328710.01,2026-06-01T15:45:10Z,40.624409,-73.783722,30.9,a66576,N511DE,A21N,AIRBUS A-321neo,0
landing,JFK,04R,1780328740.17,2026-06-01T15:45:40Z,40.63702,-73.761318,30.9,a7bf22,N599DA,A21N,AIRBUS A-321neo,0
takeoff,JFK,04L,1780328796.63,2026-06-01T15:46:36Z,40.62537,-73.78299,30.9,adc65e,N987NN,B738,BOEING 737-800,0
landing,LGA,04,1780328796.9,2026-06-01T15:46:36Z,40.777735,-73.877048,33.8,ac26cf,N882RW,E170,EMBRAER ERJ-170-100,0
takeoff,LGA,13,1780328826.55,2026-06-01T15:47:06Z,40.78014,-73.873993,120.9,a445f8,N3747D,B738,BOEING 737-800,0
landing,LGA,04,1780328878.38,2026-06-01T15:47:58Z,40.777245,-73.877426,33.8,abd7d1,N862RW,E170,EMBRAER ERJ-170-100,0
takeoff,LGA,13,1780328896.23,2026-06-01T15:48:16Z,40.781696,-73.877274,120.9,a4b294,N401YX,E75L,EMBRAER ERJ-170-200 (long wing),0
takeoff,JFK,04L,1780328925.4,2026-06-01T15:48:45Z,40.626138,-73.782385,30.9,ab09b4,N810DN,B739,BOEING 737-900,0
landing,JFK,04R,1780328945.0,2026-06-01T15:49:05Z,40.638032,-73.76049,33.8,ab35d3,N821NW,A333,AIRBUS A-330-300,0
landing,LGA,04,1780328946.36,2026-06-01T15:49:06Z,40.777061,-73.877609,33.8,ade8fa,N996AN,A321,AIRBUS A-321,0
takeoff,JFK,04L,1780328987.96,2026-06-01T15:49:47Z,40.625032,-73.783243,30.9,a7f6f6,N612JB,A320,AIRBUS A-320,0
takeoff,LGA,13,1780328992.62,2026-06-01T15:49:52Z,40.780048,-73.873825,120.9,aab169,N7886A,B737,BOEING 737-700,0
takeoff,JFK,04L,1780329052.05,2026-06-01T15:50:52Z,40.626812,-73.78186,30.9,a5fc87,N485PX,CRJ9,BOMBARDIER Regional Jet CRJ-900,0
landing,LGA,04,1780329100.39,2026-06-01T15:51:40Z,40.777631,-73.877158,30.9,ac7c67,N903XJ,CRJ9,BOMBARDIER Regional Jet CRJ-900,0
takeoff,LGA,13,1780329124.92,2026-06-01T15:52:04Z,40.781845,-73.877548,120.9,a4bdb9,N404YX,E75L,EMBRAER ERJ-170-200 (long wing),0
takeoff,JFK,04L,1780329156.63,2026-06-01T15:52:36Z,40.626208,-73.782323,30.9,a5b764,N468AS,B739,BOEING 737-900,0
landing,JFK,04R,1780329190.05,2026-06-01T15:53:10Z,40.634319,-73.763409,30.9,a38a3a,N327VP,B38M,BOEING 737 MAX 8,0
takeoff,LGA,13,1780329194.58,2026-06-01T15:53:14Z,40.781845,-73.877579,120.9,a03816,N113HQ,E75L,EMBRAER ERJ-170-200 (long wing),0
takeoff,JFK,04L,1780329246.98,2026-06-01T15:54:06Z,40.625587,-73.782822,30.9,a7081a,N552NW,B752,BOEING 757-200,0
landing,LGA,04,1780329281.82,2026-06-01T15:54:41Z,40.777281,-73.877423,30.9,a05b78,N122DN,A321,AIRBUS A-321,0
landing,JFK,04R,1780329317.27,2026-06-01T15:55:17Z,40.635064,-73.762831,33.8,ab4c76,N827SK,CRJ9,BOMBARDIER Regional Jet CRJ-900,0
takeoff,LGA,13,1780329329.08,2026-06-01T15:55:29Z,40.780426,-73.874649,120.9,aa56d5,N76523,B738,BOEING 737-800,0
takeoff,JFK,04L,1780329370.53,2026-06-01T15:56:10Z,40.625359,-73.78299,30.9,a7d2bc,N603DN,A21N,AIRBUS A-321neo,0
takeoff,LGA,13,1780329391.26,2026-06-01T15:56:31Z,40.780792,-73.875381,120.9,c06aa4,C-GOJZ,CRJ7,BOMBARDIER Regional Jet CRJ-700,0
takeoff,LGA,13,1780329450.7,2026-06-01T15:57:30Z,40.781776,-73.877411,120.9,a1c1c7,N212JQ,E75L,EMBRAER ERJ-170-200 (long wing),0
takeoff,JFK,04L,1780329457.75,2026-06-01T15:57:37Z,40.62751,-73.781372,30.9,896480,A6-EUV,A388,AIRBUS A-380-800,0
landing,JFK,04L,1780329458.24,2026-06-01T15:57:38Z,40.627659,-73.78125,30.9,896480,A6-EUV,A388,AIRBUS A-380-800,0
takeoff,JFK,04L,1780329458.24,2026-06-01T15:57:38Z,40.627659,-73.78125,30.9,896480,A6-EUV,A388,AIRBUS A-380-800,0
landing,JFK,04R,1780329468.36,2026-06-01T15:57:48Z,40.636857,-73.761458,30.9,a81abe,N621JB,A320,AIRBUS A-320,0
takeoff,LGA,13,1780329523.14,2026-06-01T15:58:43Z,40.781307,-73.876434,118.1,a7de93,N606LR,CRJ9,BOMBARDIER Regional Jet CRJ-900,0
landing,JFK,04L,1780329553.59,2026-06-01T15:59:13Z,40.645317,-73.769869,2.8,a51f4a,N429YX,E75L,EMBRAER ERJ-170-200 (long wing),0
landing,LGA,04,1780329629.21,2026-06-01T16:00:29Z,40.777852,-73.87697,33.8,a3578a,N314VB,B38M,BOEING 737 MAX 8,0
landing,JFK,04R,1780329650.8,2026-06-01T16:00:50Z,40.636631,-73.761597,28.1,a6c013,N534JB,A320,AIRBUS A-320,0
takeoff,LGA,13,1780329665.55,2026-06-01T16:01:05Z,40.780098,-73.873912,120.9,a07f60,N131EV,CRJ9,BOMBARDIER Regional Jet CRJ-900,0
takeoff,JFK,04L,1780329669.14,2026-06-01T16:01:09Z,40.625828,-73.782639,30.9,ad9db0,N977AK,B39M,BOEING 737 MAX 9,0
takeoff,JFK,04L,1780329722.71,2026-06-01T16:02:02Z,40.624404,-73.783743,30.9,a79e31,N590JB,A320,AIRBUS A-320,0
landing,LGA,04,1780329770.6,2026-06-01T16:02:50Z,40.77834,-73.876565,30.9,a54312,N438YX,E75L,EMBRAER ERJ-170-200 (long wing),0
landing,JFK,04R,1780329778.21,2026-06-01T16:02:58Z,40.638279,-73.7603,30.9,a6d234,N539DN,A21N,,0
takeoff,LGA,13,1780329791.99,2026-06-01T16:03:11Z,40.781622,-73.877127,120.9,a1ccec,N215JQ,E75L,EMBRAER ERJ-170-200 (long wing),0
takeoff,JFK,04L,1780329796.17,2026-06-01T16:03:16Z,40.626685,-73.781964,29.6,020122,CN-RGT,B788,BOEING 787-8 Dreamliner,0
landing,JFK,04L,1780329796.9,2026-06-01T16:03:16Z,40.626894,-73.781792,29.6,020122,CN-RGT,B788,BOEING 787-8 Dreamliner,0
takeoff,JFK,04L,1780329796.9,2026-06-01T16:03:16Z,40.626894,-73.781792,29.6,020122,CN-RGT,B788,BOEING 787-8 Dreamliner,0
landing,LGA,04,1780329867.31,2026-06-01T16:04:27Z,40.777258,-73.877439,30.9,a34bdc,N311PQ,CRJ9,BOMBARDIER Regional Jet CRJ-900,0
landing,JFK,04L,1780329881.43,2026-06-01T16:04:41Z,40.644585,-73.769882,348.8,a3711a,N3203J,BCS3,AIRBUS A220-300,0
takeoff,LGA,13,1780329902.69,2026-06-01T16:05:02Z,40.780726,-73.875254,120.9,a1094c,N166PQ,CRJ9,BOMBARDIER Regional Jet CRJ-900,0
takeoff,JFK,04L,1780329908.39,2026-06-01T16:05:08Z,40.623997,-73.784055,30.9,a98219,N711ZX,B752,BOEING 757-200,0
landing,JFK,04L,1780329915.07,2026-06-01T16:05:15Z,40.626243,-73.782323,30.9,a98219,N711ZX,B752,BOEING 757-200,0
takeoff,JFK,04L,1780329915.07,2026-06-01T16:05:15Z,40.626243,-73.782323,30.9,a98219,N711ZX,B752,BOEING 757-200,0
landing,JFK,04R,1780329952.59,2026-06-01T16:05:52Z,40.638039,-73.760803,11.2,a230d6,N240JQ,E75L,EMBRAER ERJ-170-200 (long wing),0
landing,LGA,04,1780329966.54,2026-06-01T16:06:06Z,40.779446,-73.875613,33.8,a320a6,N300PQ,CRJ9,BOMBARDIER Regional Jet CRJ-900,0
takeoff,JFK,04L,1780329975.89,2026-06-01T16:06:15Z,40.625789,-73.782666,30.9,a1a832,N2059J,A21N,AIRBUS A-321neo,0
takeoff,LGA,13,1780329984.39,2026-06-01T16:06:24Z,40.78141,-73.876663,120.9,a02c94,N110DX,A321,AIRBUS A-321,0
landing,JFK,04R,1780330029.96,2026-06-01T16:07:09Z,40.636013,-73.76207,30.9,aa9bb8,N783AN,B772,BOEING 777-200,0
takeoff,JFK,04L,1780330043.92,2026-06-01T16:07:23Z,40.62331,-73.784576,30.9,a05827,N121HQ,E75L,EMBRAER ERJ-170-200 (long wing),0
takeoff,LGA,13,1780330082.78,2026-06-01T16:08:02Z,40.780424,-73.874614,120.9,a35e6f,N316PQ,CRJ9,BOMBARDIER Regional Jet CRJ-900,0
takeoff,LGA,13,1780330139.78,2026-06-01T16:08:59Z,40.781844,-73.877579,120.9,abe2f6,N865RW,E170,EMBRAER ERJ-170-100,0
landing,JFK,04R,1780330175.99,2026-06-01T16:09:35Z,40.635565,-73.762426,32.4,78110e,B-7836,B789,BOEING 787-9 Dreamliner,0
landing,JFK,22R,1780330186.45,2026-06-01T16:09:46Z,40.634285,-73.77903,227.8,ac5bf6,N896DN,B739,BOEING 737-900,0
takeoff,JFK,04L,1780330209.91,2026-06-01T16:10:09Z,40.626115,-73.782401,30.9,acf5be,N934NN,B738,BOEING 737-800,0
landing,LGA,04,1780330213.03,2026-06-01T16:10:13Z,40.775986,-73.878494,33.8,c0850c,C-GYJZ,DH8D,DE HAVILLAND DHC-8-400 Dash 8,0
takeoff,LGA,13,1780330244.85,2026-06-01T16:10:44Z,40.781727,-73.877314,120.9,a8a0d9,N655RW,E170,EMBRAER ERJ-170-100,0
takeoff,JFK,04L,1780330276.78,2026-06-01T16:11:16Z,40.625713,-73.7827,30.9,4248a7,VP-CIZ,B38M,BOEING 737 MAX 8,0
takeoff,JFK,04L,1780330338.67,2026-06-01T16:12:18Z,40.626208,-73.782338,30.9,a04692,N117DU,BCS1,AIRBUS A220-100,0
landing,LGA,04,1780330345.85,2026-06-01T16:12:25Z,40.777576,-73.877213,33.8,a2b060,N27205,B738,BOEING 737-800,0
landing,JFK,04R,1780330372.5,2026-06-01T16:12:52Z,40.627602,-73.768677,30.9,ab5024,N828SA,PC12,PILATUS PC-12,0
takeoff,LGA,13,1780330381.99,2026-06-01T16:13:01Z,40.781067,-73.875961,120.9,accb65,N923XJ,CRJ9,BOMBARDIER Regional Jet CRJ-900,0
takeoff,JFK,04L,1780330404.36,2026-06-01T16:13:24Z,40.627209,-73.781574,30.9,a3514f,N3125J,BCS3,,0
landing,LGA,04,1780330468.43,2026-06-01T16:14:28Z,40.777223,-73.877454,33.8,a1e58f,N221JQ,E75L,EMBRAER ERJ-170-200 (long wing),0
landing,JFK,04R,1780330490.39,2026-06-01T16:14:50Z,40.639366,-73.759521,30.9,a36636,N318TD,B38M,BOEING 737 MAX 8,0
takeoff,LGA,13,1780330507.05,2026-06-01T16:15:07Z,40.781227,-73.876284,120.9,ac878c,N906XJ,CRJ9,BOMBARDIER Regional Jet CRJ-900,0
landing,LGA,04,1780330569.07,2026-06-01T16:16:09Z,40.777164,-73.877533,33.8,abc2e5,N857RW,E170,EMBRAER ERJ-170-100,0
landing,JFK,04R,1780330579.01,2026-06-01T16:16:19Z,40.636803,-73.761475,30.9,408120,G-VEYR,A339,AIRBUS A-330-900,0
takeoff,LGA,13,1780330588.32,2026-06-01T16:16:28Z,40.781662,-73.877197,120.9,a00ce0,N102HQ,E75L,EMBRAER ERJ-170-200 (long wing),0
landing,LGA,04,1780330662.04,2026-06-01T16:17:42Z,40.777945,-73.876502,56.2,a1a56d,N205JQ,E75L,EMBRAER ERJ-170-200 (long wing),0
landing,LGA,04,1780330717.15,2026-06-01T16:18:37Z,40.776409,-73.878172,33.8,a35d79,N316DU,BCS3,AIRBUS A220-300,0
landing,JFK,04R,1780330731.51,2026-06-01T16:18:51Z,40.636205,-73.761957,30.9,adf128,N998JE,A321,AIRBUS A-321,0
takeoff,LGA,13,1780330754.7,2026-06-01T16:19:14Z,40.781422,-73.876694,120.9,ac07b8,N8741L,B38M,BOEING 737 MAX 8,0
landing,LGA,04,1780330811.4,2026-06-01T16:20:11Z,40.778736,-73.876221,33.8,a50cb7,N424YX,E75L,EMBRAER ERJ-170-200 (long wing),0
takeoff,LGA,13,1780330850.5,2026-06-01T16:20:50Z,40.780643,-73.875122,120.9,acced9,N924US,A321,AIRBUS A-321,0
landing,JFK,04R,1780330855.63,2026-06-01T16:20:55Z,40.638016,-73.760513,28.1,a4ddca,N412YX,E75L,EMBRAER ERJ-170-200 (long wing),0
landing,LGA,04,1780330928.86,2026-06-01T16:22:08Z,40.778229,-73.876663,33.8,ada699,N979RP,E170,EMBRAER ERJ-170-100,0
takeoff,LGA,13,1780330956.15,2026-06-01T16:22:36Z,40.780151,-73.874069,120.9,acdfa6,N929AN,B738,BOEING 737-800,0
landing,LGA,04,1780331015.43,2026-06-01T16:23:35Z,40.777245,-73.877472,30.9,a384f8,N326DU,BCS3,AIRBUS A220-300,0
landing,JFK,04R,1780331028.34,2026-06-01T16:23:48Z,40.637547,-73.760925,30.9,44ccd8,OO-SFX,A333,AIRBUS A-330-300,0
landing,LGA,04,1780331082.35,2026-06-01T16:24:42Z,40.776525,-73.878078,33.8,a86605,N640JB,A320,AIRBUS A-320,0
takeoff,JFK,04L,1780331173.19,2026-06-01T16:26:13Z,40.627907,-73.780996,30.9,ab013c,N808SY,B738,BOEING 737-800,0
landing,LGA,04,1780331198.11,2026-06-01T16:26:38Z,40.778608,-73.876362,33.8,a08e82,N135HQ,E75L,EMBRAER ERJ-170-200 (long wing),0
landing,JFK,04R,1780331211.47,2026-06-01T16:26:51Z,40.638404,-73.760225,33.8,a033ff,N112DU,BCS1,AIRBUS A220-100,0
landing,LGA,04,1780331278.15,2026-06-01T16:27:58Z,40.777165,-73.877548,33.8,a04695,N117DX,A321,AIRBUS A-321,0
landing,JFK,04R,1780331326.11,2026-06-01T16:28:46Z,40.638416,-73.760223,30.9,a38439,N3257J,BCS3,,0
landing,LGA,04,1780331360.52,2026-06-01T16:29:20Z,40.777887,-73.876939,33.8,ac28e5,N8829Q,B38M,BOEING 737 MAX 8,0
landing,LGA,04,1780331461.59,2026-06-01T16:31:01Z,40.778252,-73.876633,33.8,a4c8de,N407YX,E75L,EMBRAER ERJ-170-200 (long wing),0
landing,JFK,04R,1780331479.23,2026-06-01T16:31:19Z,40.637916,-73.760584,29.6,ab9af3,N847MF,B789,BOEING 787-9 Dreamliner,0
takeoff,LGA,13,1780331499.07,2026-06-01T16:31:39Z,40.780334,-73.874405,120.9,a042d5,N116DN,A321,AIRBUS A-321,0
landing,LGA,04,1780331594.1,2026-06-01T16:33:14Z,40.778515,-73.876389,33.8,ab1d06,N815MD,E170,EMBRAER ERJ-170-100,0
takeoff,LGA,13,1780331642.17,2026-06-01T16:34:02Z,40.779533,-73.872742,120.9,a35c97,N3156J,BCS3,AIRBUS A220-300,0
landing,LGA,04,1780331700.82,2026-06-01T16:35:00Z,40.777691,-73.87709,30.9,abb507,N8531Q,B738,BOEING 737-800,0
takeoff,LGA,13,1780331729.07,2026-06-01T16:35:29Z,40.780237,-73.874208,118.1,a3183d,N299PQ,CRJ9,BOMBARDIER Regional Jet CRJ-900,0
takeoff,JFK,04L,1780331783.12,2026-06-01T16:36:23Z,40.627302,-73.781464,30.9,a78945,N585JB,A320,AIRBUS A-320,0
takeoff,LGA,13,1780331795.99,2026-06-01T16:36:35Z,40.780128,-73.873993,122.5,ab647c,N833LC,E55P,EMBRAER EMB-505 Phenom 300,8
takeoff,JFK,04L,1780331837.56,2026-06-01T16:37:17Z,40.625451,-73.782916,30.9,a6cacb,N537DT,A21N,AIRBUS A-321neo,0
landing,LGA,04,1780331862.22,2026-06-01T16:37:42Z,40.777245,-73.877472,33.8,a0835d,N132HQ,E75L,EMBRAER ERJ-170-200 (long wing),0
takeoff,LGA,13,1780331883.52,2026-06-01T16:38:03Z,40.781605,-73.877075,120.9,a20347,N229JQ,E75L,EMBRAER ERJ-170-200 (long wing),0
landing,LGA,04,1780331967.01,2026-06-01T16:39:27Z,40.776043,-73.878479,36.6,a38237,N325PQ,CRJ9,BOMBARDIER Regional Jet CRJ-900,0
takeoff,LGA,22,1780331980.52,2026-06-01T16:39:40Z,40.769658,-73.882542,225.0,a44168,N37307,B38M,,0
landing,JFK,04R,1780331981.37,2026-06-01T16:39:41Z,40.637169,-73.761185,30.9,4b1885,HB-JHL,A333,AIRBUS A-330-300,0
takeoff,LGA,13,1780332009.26,2026-06-01T16:40:09Z,40.780377,-73.87452,120.9,a359c2,N315DU,BCS3,AIRBUS A220-300,0
landing,JFK,04R,1780332089.13,2026-06-01T16:41:29Z,40.635223,-73.762711,30.9,4006c4,G-VIIS,B772,BOEING 777-200,0
landing,LGA,04,1780332098.11,2026-06-01T16:41:38Z,40.775505,-73.878906,30.9,a2af3e,N272PQ,CRJ9,BOMBARDIER Regional Jet CRJ-900,0
takeoff,LGA,22,1780332163.82,2026-06-01T16:42:43Z,40.775652,-73.875457,247.5,abdb88,N863RW,E170,EMBRAER ERJ-170-100,0
takeoff,JFK,04L,1780332190.91,2026-06-01T16:43:10Z,40.626606,-73.782013,30.9,71c361,HL8361,A359,AIRBUS A-350-900,0
landing,JFK,04L,1780332191.47,2026-06-01T16:43:11Z,40.626848,-73.781823,30.9,71c361,HL8361,A359,AIRBUS A-350-900,0
takeoff,JFK,04L,1780332191.47,2026-06-01T16:43:11Z,40.626848,-73.781823,30.9,71c361,HL8361,A359,AIRBUS A-350-900,0
landing,JFK,04R,1780332212.82,2026-06-01T16:43:32Z,40.63694,-73.761368,30.9,a4fc00,N420DX,A339,AIRBUS A-330-900,0
landing,LGA,04,1780332216.5,2026-06-01T16:43:36Z,40.774395,-73.879837,33.8,a568e8,N448FX,E545,EMBRAER EMB545 Praetor 500,0
landing,JFK,22R,1780332222.36,2026-06-01T16:43:42Z,40.640305,-73.77417,188.4,a19357,N200PQ,CRJ9,BOMBARDIER Regional Jet CRJ-900,0
takeoff,LGA,13,1780332255.18,2026-06-01T16:44:15Z,40.78022,-73.874176,120.9,a448fc,N3752,B738,BOEING 737-800,0
takeoff,JFK,04L,1780332271.45,2026-06-01T16:44:31Z,40.626068,-73.782432,30.9,801612,VT-JRB,A359,AIRBUS A-350-900,0
landing,LGA,04,1780332304.22,2026-06-01T16:45:04Z,40.777748,-73.87706,33.8,a8f9a3,N678CA,CRJ9,BOMBARDIER Regional Jet CRJ-900,0
takeoff,LGA,13,1780332329.67,2026-06-01T16:45:29Z,40.781855,-73.877626,120.9,a01f73,N107HQ,E75L,EMBRAER ERJ-170-200 (long wing),0
takeoff,LGA,04,1780332358.61,2026-06-01T16:45:58Z,40.77663,-73.881886,2.8,a568e8,N448FX,E545,EMBRAER EMB545 Praetor 500,0
landing,LGA,04,1780332401.48,2026-06-01T16:46:41Z,40.77808,-73.880188,0.0,abdb88,N863RW,E170,EMBRAER ERJ-170-100,0
takeoff,JFK,04L,1780332402.98,2026-06-01T16:46:42Z,40.623631,-73.784332,30.9,a0634c,N124HQ,E75L,EMBRAER ERJ-170-200 (long wing),0
takeoff,LGA,13,1780332408.36,2026-06-01T16:46:48Z,40.780289,-73.874329,118.1,a8f235,N676CA,CRJ9,BOMBARDIER Regional Jet CRJ-900,0
landing,JFK,04R,1780332458.89,2026-06-01T16:47:38Z,40.63567,-73.762375,28.1,ab6519,N833SK,CRJ9,BOMBARDIER Regional Jet CRJ-900,0
landing,LGA,04,1780332533.61,2026-06-01T16:48:53Z,40.776304,-73.87825,30.9,ad03fa,N938GC,E550,EMBRAER EMB-550 Praetor 600,8
landing,JFK,04R,1780332537.61,2026-06-01T16:48:57Z,40.635914,-73.762191,30.9,ab8862,N842MH,B764,BOEING 767-400,0
takeoff,JFK,04L,1780332599.85,2026-06-01T16:49:59Z,40.624123,-73.783951,30.9,aca79d,N914XJ,CRJ9,BOMBARDIER Regional Jet CRJ-900,0
landing,JFK,22R,1780332604.32,2026-06-01T16:50:04Z,40.642769,-73.772273,208.1,a5f162,N482PX,CRJ9,BOMBARDIER Regional Jet CRJ-900,0
takeoff,LGA,22,1780332607.62,2026-06-01T16:50:07Z,40.77024,-73.881824,216.6,a130cb,N176PQ,CRJ9,BOMBARDIER Regional Jet CRJ-900,0
landing,LGA,04,1780332628.84,2026-06-01T16:50:28Z,40.778698,-73.876282,33.8,a1a924,N206JQ,E75L,EMBRAER ERJ-170-200 (long wing),0
landing,JFK,04L,1780332693.61,2026-06-01T16:51:33Z,40.638544,-73.772741,28.1,a386fb,N3260J,BCS3,,0
landing,LGA,04,1780332721.84,2026-06-01T16:52:01Z,40.776187,-73.878344,30.9,a43e5b,N37252,B738,BOEING 737-800,0
takeoff,JFK,04L,1780332774.24,2026-06-01T16:52:54Z,40.62601,-73.782479,30.9,71c252,HL8252,B77L,BOEING 777-200LR,0
landing,LGA,04,1780332804.55,2026-06-01T16:53:24Z,40.778375,-73.876518,30.9,a0a7a0,N141NN,A321,AIRBUS A-321,0
takeoff,LGA,13,1780332840.07,2026-06-01T16:54:00Z,40.780051,-73.873834,120.9,a2b10d,N27253,B38M,BOEING 737 MAX 8,0
landing,LGA,04,1780332908.23,2026-06-01T16:55:08Z,40.778366,-73.876541,33.8,a1acdb,N207JQ,E75L,EMBRAER ERJ-170-200 (long wing),0
takeoff,JFK,04L,1780332918.31,2026-06-01T16:55:18Z,40.625859,-73.782588,28.1,a19357,N200PQ,CRJ9,BOMBARDIER Regional Jet CRJ-900,0
takeoff,LGA,13,1780332938.1,2026-06-01T16:55:38Z,40.78075,-73.875285,126.6,a08a85,N134EV,CRJ9,BOMBARDIER Regional Jet CRJ-900,0
landing,LGA,04,1780333005.91,2026-06-01T16:56:45Z,40.778736,-73.876237,33.8,a89d22,N654RW,E170,EMBRAER ERJ-170-100,0
takeoff,LGA,13,1780333024.32,2026-06-01T16:57:04Z,40.781696,-73.877258,120.9,abdb88,N863RW,E170,EMBRAER ERJ-170-100,0
landing,JFK,04R,1780333052.67,2026-06-01T16:57:32Z,40.636208,-73.761932,30.9,a79821,N589JB,A320,AIRBUS A-320,0
landing,LGA,04,1780333098.9,2026-06-01T16:58:18Z,40.776921,-73.87772,30.9,a35701,N314PQ,CRJ9,BOMBARDIER Regional Jet CRJ-900,0
takeoff,JFK,04L,1780333132.61,2026-06-01T16:58:52Z,40.625195,-73.783119,30.9,a894f2,N652JB,A320,AIRBUS A-320,0
takeoff,LGA,13,1780333134.07,2026-06-01T16:58:54Z,40.780331,-73.874411,120.9,ac07dc,N8742M,B38M,BOEING 737 MAX 8,0
landing,JFK,04R,1780333157.15,2026-06-01T16:59:17Z,40.637473,-73.760943,30.9,4cadc6,EI-HJN,A339,AIRBUS A-330-900,0
landing,LGA,04,1780333186.1,2026-06-01T16:59:46Z,40.776123,-73.878387,33.8,aaf960,N806NN,B738,BOEING 737-800,0
landing,JFK,22R,1780333199.3,2026-06-01T16:59:59Z,40.630211,-73.781082,210.9,ade569,N995CA,P212,TECNAM P-2012 Traveller,0
landing,JFK,04R,1780333273.96,2026-06-01T17:01:13Z,40.635565,-73.762441,30.9,acfc56,N936DZ,B739,,0
landing,LGA,04,1780333302.88,2026-06-01T17:01:42Z,40.778149,-73.876709,33.8,ac1f61,N880RW,E170,EMBRAER ERJ-170-100,0
landing,JFK,04R,1780333356.18,2026-06-01T17:02:36Z,40.637148,-73.761208,30.9,4ca74e,EI-EAV,A333,AIRBUS A-330-300,0
takeoff,JFK,04L,1780333360.4,2026-06-01T17:02:40Z,40.623903,-73.784117,30.9,ade569,N995CA,P212,TECNAM P-2012 Traveller,0
landing,JFK,04R,1780333469.1,2026-06-01T17:04:29Z,40.635612,-73.762405,30.9,a16883,N190DN,B763,BOEING 767-300,0
takeoff,LGA,13,1780333524.37,2026-06-01T17:05:24Z,40.781727,-73.877314,120.9,abd7d1,N862RW,E170,EMBRAER ERJ-170-100,0
takeoff,JFK,04L,1780333540.13,2026-06-01T17:05:40Z,40.623241,-73.784637,30.9,a230d6,N240JQ,E75L,EMBRAER ERJ-170-200 (long wing),0
takeoff,LGA,13,1780333593.8,2026-06-01T17:06:33Z,40.781879,-73.877625,120.9,ac26cf,N882RW,E170,EMBRAER ERJ-170-100,0
landing,JFK,04R,1780333597.68,2026-06-01T17:06:37Z,40.635464,-73.762512,30.9,780204,B-KPD,B77W,BOEING 777-300ER,0
takeoff,LGA,13,1780333679.15,2026-06-01T17:07:59Z,40.779602,-73.872864,123.8,ac7c67,N903XJ,CRJ9,BOMBARDIER Regional Jet CRJ-900,0
landing,JFK,04R,1780333695.28,2026-06-01T17:08:15Z,40.634331,-73.763397,30.9,aa3b85,N759AN,B772,BOEING 777-200,0
takeoff,JFK,04L,1780333702.57,2026-06-01T17:08:22Z,40.623065,-73.784788,30.9,a51f4a,N429YX,E75L,EMBRAER ERJ-170-200 (long wing),0
takeoff,LGA,13,1780333749.38,2026-06-01T17:09:09Z,40.780587,-73.874973,120.9,ade8fa,N996AN,A321,AIRBUS A-321,0
takeoff,JFK,04L,1780333793.83,2026-06-01T17:09:53Z,40.626377,-73.782181,30.9,a3f88e,N355NB,A319,AIRBUS A-319,0
takeoff,LGA,13,1780333820.19,2026-06-01T17:10:20Z,40.781529,-73.876924,120.9,a1e58f,N221JQ,E75L,EMBRAER ERJ-170-200 (long wing),0
takeoff,JFK,04L,1780333850.28,2026-06-01T17:10:50Z,40.625975,-73.78251,30.9,ada5ee,N979JT,A321,AIRBUS A-321,0
landing,JFK,04R,1780333880.04,2026-06-01T17:11:20Z,40.638067,-73.760475,30.9,a7b832,N597JB,A320,AIRBUS A-320,0
takeoff,LGA,13,1780333898.63,2026-06-01T17:11:38Z,40.780483,-73.874725,120.9,c0850c,C-GYJZ,DH8D,DE HAVILLAND DHC-8-400 Dash 8,0
landing,LGA,04,1780334053.83,2026-06-01T17:14:13Z,40.777611,-73.877121,42.2,a1b092,N208JQ,E75L,EMBRAER ERJ-170-200 (long wing),0
takeoff,JFK,04L,1780334075.1,2026-06-01T17:14:35Z,40.625882,-73.782588,28.1,a8dc45,N670FR,A21N,AIRBUS A-321neo,0
takeoff,LGA,13,1780334084.1,2026-06-01T17:14:44Z,40.780186,-73.874115,120.9,a47d11,N389DN,A321,AIRBUS A-321,0
landing,JFK,04R,1780334098.98,2026-06-01T17:14:58Z,40.635867,-73.762207,30.9,a53612,N435DX,A339,AIRBUS A-330-900,0
landing,JFK,22R,1780334176.15,2026-06-01T17:16:16Z,40.644138,-73.771118,247.5,acaf0b,N916XJ,CRJ9,BOMBARDIER Regional Jet CRJ-900,0
landing,JFK,04R,1780334228.26,2026-06-01T17:17:08Z,40.63624,-73.761926,30.9,a3401a,N3085J,BCS3,AIRBUS A220-300,0
takeoff,JFK,04L,1780334261.98,2026-06-01T17:17:41Z,40.626034,-73.782471,30.9,a38a3a,N327VP,B38M,BOEING 737 MAX 8,0
landing,LGA,04,1780334385.32,2026-06-01T17:19:45Z,40.778503,-73.876434,33.8,a087d0,N133RC,GLF4,GULFSTREAM 4,8
landing,JFK,04R,1780334393.24,2026-06-01T17:19:53Z,40.636857,-73.761489,30.9,a5e02d,N478PX,CRJ9,BOMBARDIER Regional Jet CRJ-900,0
takeoff,LGA,13,1780334416.06,2026-06-01T17:20:16Z,40.781739,-73.877345,120.9,a08e82,N135HQ,E75L,EMBRAER ERJ-170-200 (long wing),0
takeoff,JFK,04L,1780334421.58,2026-06-01T17:20:21Z,40.625521,-73.782884,30.9,4ba954,TC-JJT,B77W,BOEING 777-300ER,0
landing,JFK,04R,1780334465.88,2026-06-01T17:21:05Z,40.637299,-73.761083,30.9,a7816a,N583DT,A21N,,0
landing,JFK,22R,1780334517.51,2026-06-01T17:21:57Z,40.6442,-73.770853,255.9,a20d0e,N231JQ,E75L,EMBRAER ERJ-170-200 (long wing),0
landing,JFK,04R,1780334529.5,2026-06-01T17:22:09Z,40.636903,-73.761411,30.9,ab1d30,N815NW,A333,AIRBUS A-330-300,0
landing,LGA,04,1780334580.05,2026-06-01T17:23:00Z,40.776758,-73.877876,33.8,ab282b,N818MD,E170,EMBRAER ERJ-170-100,0
takeoff,LGA,04,1780334580.05,2026-06-01T17:23:00Z,40.776758,-73.877876,33.8,ab282b,N818MD,E170,EMBRAER ERJ-170-100,0
landing,LGA,04,1780334582.02,2026-06-01T17:23:02Z,40.77706,-73.87761,33.8,ab282b,N818MD,E170,EMBRAER ERJ-170-100,0
landing,JFK,04R,1780334595.12,2026-06-01T17:23:15Z,40.635155,-73.762756,32.4,0d08d1,XA-DHM,B789,BOEING 787-9 Dreamliner,0
takeoff,LGA,13,1780334600.46,2026-06-01T17:23:20Z,40.781605,-73.877075,120.9,a54312,N438YX,E75L,EMBRAER ERJ-170-200 (long wing),0
landing,JFK,04L,1780334631.83,2026-06-01T17:23:51Z,40.63163,-73.778107,30.9,acb679,N918XJ,CRJ9,BOMBARDIER Regional Jet CRJ-900,0
landing,LGA,04,1780334665.89,2026-06-01T17:24:25Z,40.777576,-73.87706,45.0,a1d811,N218JQ,E75L,EMBRAER ERJ-170-200 (long wing),0
landing,JFK,04R,1780334685.01,2026-06-01T17:24:45Z,40.63553,-73.762472,30.9,3965a4,F-GZNE,B77W,BOEING 777-300ER,0
landing,JFK,04L,1780334741.32,2026-06-01T17:25:41Z,40.636356,-73.774395,30.9,adb0b4,N981UY,A321,AIRBUS A-321,0
takeoff,LGA,22,1780334767.03,2026-06-01T17:26:07Z,40.770252,-73.881821,222.2,aa7fa1,N776DE,B738,BOEING 737-800,0
landing,LGA,04,1780334776.24,2026-06-01T17:26:16Z,40.77834,-73.876565,33.8,aa4c42,N76269,B738,BOEING 737-800,0
landing,JFK,04R,1780334823.59,2026-06-01T17:27:03Z,40.635933,-73.762146,30.9,a33328,N305NY,A21N,AIRBUS A-321neo,0
landing,JFK,04L,1780334842.94,2026-06-01T17:27:22Z,40.633003,-73.777039,30.9,ac181d,N879DN,B739,BOEING 737-900,0
landing,LGA,04,1780334869.02,2026-06-01T17:27:49Z,40.777176,-73.877548,33.8,acddf8,N928XJ,CRJ9,BOMBARDIER Regional Jet CRJ-900,0
landing,JFK,04R,1780334911.79,2026-06-01T17:28:31Z,40.636973,-73.761427,28.1,a03bcd,N114HQ,E75L,EMBRAER ERJ-170-200 (long wing),0
landing,LGA,04,1780334942.18,2026-06-01T17:29:02Z,40.777153,-73.877563,33.8,abc3c6,N8570W,B738,BOEING 737-800,0
landing,JFK,04L,1780334959.31,2026-06-01T17:29:19Z,40.637194,-73.773755,30.9,a1ddbb,N2193J,A21N,AIRBUS A-321neo,0
takeoff,LGA,13,1780334979.23,2026-06-01T17:29:39Z,40.781052,-73.875909,118.1,a320a6,N300PQ,CRJ9,BOMBARDIER Regional Jet CRJ-900,0
landing,JFK,04R,1780334995.58,2026-06-01T17:29:55Z,40.637951,-73.760584,30.9,3c651a,D-AIHZ,A346,AIRBUS A-340-600,0
landing,LGA,04,1780335017.98,2026-06-01T17:30:17Z,40.777887,-73.876955,33.8,a48315,N390DA,B738,BOEING 737-800,0
takeoff,JFK,04L,1780335028.45,2026-06-01T17:30:28Z,40.625184,-73.783134,30.9,a7bf22,N599DA,A21N,AIRBUS A-321neo,0
takeoff,JFK,04L,1780335081.03,2026-06-01T17:31:21Z,40.625896,-73.782578,30.9,a81abe,N621JB,A320,AIRBUS A-320,0
landing,LGA,04,1780335118.0,2026-06-01T17:31:58Z,40.778201,-73.87669,33.8,aca3e6,N913XJ,CRJ9,BOMBARDIER Regional Jet CRJ-900,0
landing,JFK,04R,1780335128.52,2026-06-01T17:32:08Z,40.634145,-73.763549,30.9,a69463,N523DE,A21N,,0
landing,JFK,04L,1780335150.94,2026-06-01T17:32:30Z,40.633244,-73.776825,33.8,a5e3e4,N479PX,CRJ9,BOMBARDIER Regional Jet CRJ-900,0
takeoff,LGA,13,1780335153.0,2026-06-01T17:32:33Z,40.781685,-73.877243,120.9,ada699,N979RP,E170,EMBRAER ERJ-170-100,0
landing,LGA,04,1780335199.68,2026-06-01T17:33:19Z,40.776618,-73.878,36.6,a3dc5a,N348PQ,CRJ9,BOMBARDIER Regional Jet CRJ-900,0
takeoff,JFK,04L,1780335221.04,2026-06-01T17:33:41Z,40.62537,-73.782978,30.9,8990a6,B-18781,B77L,BOEING 777-200LR,0
takeoff,LGA,13,1780335235.77,2026-06-01T17:33:55Z,40.780203,-73.874146,120.9,a3578a,N314VB,B38M,BOEING 737 MAX 8,0
landing,JFK,04R,1780335279.23,2026-06-01T17:34:39Z,40.637444,-73.760986,30.9,0c217b,HP-9925CMP,B39M,BOEING 737 MAX 9,0
landing,LGA,04,1780335308.11,2026-06-01T17:35:08Z,40.778881,-73.876083,39.4,a05bde,N122HQ,E75L,EMBRAER ERJ-170-200 (long wing),0
takeoff,JFK,04L,1780335346.8,2026-06-01T17:35:46Z,40.625312,-73.783025,30.9,a12fda,N176DZ,B763,BOEING 767-300,0
landing,JFK,04R,1780335376.96,2026-06-01T17:36:16Z,40.634448,-73.763331,30.9,a61173,N490PX,CRJ9,BOMBARDIER Regional Jet CRJ-900,0
landing,LGA,04,1780335384.65,2026-06-01T17:36:24Z,40.77841,-73.876518,33.8,a06e71,N127HQ,E75L,EMBRAER ERJ-170-200 (long wing),0
takeoff,LGA,13,1780335410.29,2026-06-01T17:36:50Z,40.781719,-73.877319,120.9,a1a56d,N205JQ,E75L,EMBRAER ERJ-170-200 (long wing),0
landing,LGA,04,1780335464.72,2026-06-01T17:37:44Z,40.776146,-73.878372,33.8,a0b826,N14539,A21N,,0
landing,JFK,22R,1780335532.12,2026-06-01T17:38:52Z,40.640305,-73.774139,244.7,ac8985,N907DN,B739,BOEING 737-900,0
takeoff,JFK,04L,1780335534.48,2026-06-01T17:38:54Z,40.625661,-73.78276,30.9,010289,,,,
landing,JFK,04R,1780335540.15,2026-06-01T17:39:00Z,40.63916,-73.759628,30.9,a13af4,N179DN,B763,BOEING 767-300,0
landing,LGA,04,1780335546.79,2026-06-01T17:39:06Z,40.778631,-73.876331,33.8,a01b56,N106DN,A321,AIRBUS A-321,0
landing,LGA,22,1780335565.68,2026-06-01T17:39:25Z,40.776535,-73.882339,194.1,a568e8,N448FX,E545,EMBRAER EMB545 Praetor 500,0
takeoff,LGA,13,1780335599.84,2026-06-01T17:39:59Z,40.780656,-73.875098,120.9,a34bdc,N311PQ,CRJ9,BOMBARDIER Regional Jet CRJ-900,0
landing,JFK,04R,1780335623.4,2026-06-01T17:40:23Z,40.637369,-73.761037,30.9,4caeb8,EI-TYB,A339,AIRBUS A-330-900,0
landing,JFK,31R,1780335625.37,2026-06-01T17:40:25Z,40.646702,-73.768637,300.9,a4ba02,N403YX,E75L,EMBRAER ERJ-170-200 (long wing),0
landing,LGA,04,1780335636.59,2026-06-01T17:40:36Z,40.776695,-73.877914,30.9,a03f1e,N115DN,A321,AIRBUS A-321,0
landing,JFK,04L,1780335702.54,2026-06-01T17:41:42Z,40.633854,-73.776393,33.8,0d1130,XA-VMD,A20N,AIRBUS A-320neo,0
landing,JFK,04R,1780335738.95,2026-06-01T17:42:18Z,40.639263,-73.759537,30.9,ab20e7,N816NW,A333,AIRBUS A-330-300,0
takeoff,JFK,04L,1780335740.7,2026-06-01T17:42:20Z,40.622463,-73.785263,33.8,a4ddca,N412YX,E75L,EMBRAER ERJ-170-200 (long wing),0
landing,LGA,04,1780335751.67,2026-06-01T17:42:31Z,40.778282,-73.876596,33.8,ab0a73,N810MD,E170,EMBRAER ERJ-170-100,0
takeoff,LGA,13,1780335786.17,2026-06-01T17:43:06Z,40.780575,-73.874911,120.9,a568e8,N448FX,E545,EMBRAER EMB545 Praetor 500,0
takeoff,JFK,04L,1780335815.73,2026-06-01T17:43:35Z,40.626836,-73.781839,30.9,adf128,N998JE,A321,AIRBUS A-321,0
landing,LGA,04,1780335862.59,2026-06-01T17:44:22Z,40.77841,-73.876502,33.8,a030a8,N111HQ,E75L,EMBRAER ERJ-170-200 (long wing),0
landing,JFK,04R,1780335878.53,2026-06-01T17:44:38Z,40.638358,-73.760256,30.9,ade9c0,N996JL,A321,AIRBUS A-321,0
takeoff,LGA,13,1780335888.65,2026-06-01T17:44:48Z,40.781669,-73.877189,120.9,a50cb7,N424YX,E75L,EMBRAER ERJ-170-200 (long wing),0
landing,LGA,04,1780335933.9,2026-06-01T17:45:33Z,40.777943,-73.876907,33.8,a3a9b6,N335PQ,CRJ9,BOMBARDIER Regional Jet CRJ-900,0
takeoff,JFK,04L,1780335942.33,2026-06-01T17:45:42Z,40.627235,-73.78154,32.4,7380c0,4X-EDA,B789,BOEING 787-9 Dreamliner,0
landing,LGA,04,1780336021.93,2026-06-01T17:47:01Z,40.77824,-73.876633,33.8,a1b449,N209JQ,E75L,EMBRAER ERJ-170-200 (long wing),0
takeoff,JFK,04L,1780336059.3,2026-06-01T17:47:39Z,40.625198,-73.783127,30.9,ac5bf6,N896DN,B739,BOEING 737-900,0
landing,LGA,04,1780336088.06,2026-06-01T17:48:08Z,40.778387,-73.876534,30.9,a4794e,N388DA,B738,BOEING 737-800,0
landing,JFK,04R,1780336112.55,2026-06-01T17:48:32Z,40.643612,-73.758148,11.2,a537ed,N435YX,E75L,EMBRAER ERJ-170-200 (long wing),0
takeoff,JFK,04L,1780336117.16,2026-06-01T17:48:37Z,40.626708,-73.781948,36.6,ab4c76,N827SK,CRJ9,BOMBARDIER Regional Jet CRJ-900,0
takeoff,LGA,13,1780336124.42,2026-06-01T17:48:44Z,40.779644,-73.872944,120.9,a2af3e,N272PQ,CRJ9,BOMBARDIER Regional Jet CRJ-900,0
landing,JFK,31R,1780336128.19,2026-06-01T17:48:48Z,40.645248,-73.765442,300.9,a4c170,N405YX,E75L,EMBRAER ERJ-170-200 (long wing),0
landing,JFK,04R,1780336139.14,2026-06-01T17:48:59Z,40.636528,-73.761703,30.9,a19910,N2017J,A21N,AIRBUS A-321neo,0
landing,LGA,04,1780336177.19,2026-06-01T17:49:37Z,40.777222,-73.877487,33.8,a45f64,N381DZ,A321,AIRBUS A-321,0
landing,JFK,04R,1780336211.86,2026-06-01T17:50:11Z,40.635166,-73.762741,30.9,a0f4b5,N1605,B763,BOEING 767-300,0
takeoff,LGA,13,1780336228.88,2026-06-01T17:50:28Z,40.779716,-73.873123,120.9,abb507,N8531Q,B738,BOEING 737-800,0
landing,JFK,04L,1780336253.65,2026-06-01T17:50:53Z,40.631096,-73.77853,30.9,ace974,N931AV,A20N,AIRBUS A-320neo,0
landing,LGA,04,1780336275.34,2026-06-01T17:51:15Z,40.776502,-73.878078,33.8,a446b6,N375DN,A321,AIRBUS A-321,0
landing,JFK,04R,1780336295.97,2026-06-01T17:51:35Z,40.636745,-73.761505,30.9,406591,G-STBE,B77W,BOEING 777-300ER,0
takeoff,LGA,13,1780336307.34,2026-06-01T17:51:47Z,40.781576,-73.877017,120.9,a4c8de,N407YX,E75L,EMBRAER ERJ-170-200 (long wing),0
takeoff,JFK,04L,1780336323.61,2026-06-01T17:52:03Z,40.625404,-73.782959,30.9,a6c013,N534JB,A320,AIRBUS A-320,0
landing,LGA,04,1780336354.41,2026-06-01T17:52:34Z,40.77602,-73.878479,33.8,ad6c3b,N964NN,B738,BOEING 737-800,0
takeoff,LGA,13,1780336400.11,2026-06-01T17:53:20Z,40.781622,-73.87708,120.9,abc2e5,N857RW,E170,EMBRAER ERJ-170-100,0
landing,JFK,04R,1780336400.14,2026-06-01T17:53:20Z,40.636986,-73.761337,30.9,aaea8c,N802NW,A333,AIRBUS A-330-300,0
landing,JFK,04L,1780336431.97,2026-06-01T17:53:51Z,40.632038,-73.777797,33.8,a34825,N310PQ,CRJ9,BOMBARDIER Regional Jet CRJ-900,0
landing,LGA,04,1780336463.71,2026-06-01T17:54:23Z,40.776199,-73.878359,33.8,a8ae3e,N659AW,A320,AIRBUS A-320,0
landing,JFK,04R,1780336506.12,2026-06-01T17:55:06Z,40.639755,-73.759125,29.6,485b42,PH-BKA,B78X,BOEING 787-10 Dreamliner,0
takeoff,LGA,13,1780336515.08,2026-06-01T17:55:15Z,40.780156,-73.874052,120.9,ac28e5,N8829Q,B38M,BOEING 737 MAX 8,0
landing,JFK,04L,1780336548.34,2026-06-01T17:55:48Z,40.633736,-73.776443,33.8,a654cb,N507JT,A320,AIRBUS A-320,0
landing,LGA,04,1780336570.88,2026-06-01T17:56:10Z,40.776546,-73.878036,33.8,a2fe3c,N292PQ,CRJ9,BOMBARDIER Regional Jet CRJ-900,0
landing,JFK,04R,1780336614.1,2026-06-01T17:56:54Z,40.63688,-73.761411,30.9,89647d,A6-EUS,A388,AIRBUS A-380-800,0
landing,LGA,04,1780336716.65,2026-06-01T17:58:36Z,40.7777,-73.876955,47.8,a0345f,N112HQ,E75L,EMBRAER ERJ-170-200 (long wing),0
landing,JFK,04R,1780336774.25,2026-06-01T17:59:34Z,40.635887,-73.762192,30.9,4b187b,HB-JHB,A333,AIRBUS A-330-300,0
landing,LGA,04,1780336805.96,2026-06-01T18:00:05Z,40.776752,-73.877884,33.8,a383f3,N3255J,BCS3,,0
landing,JFK,04L,1780336807.32,2026-06-01T18:00:07Z,40.633072,-73.776978,33.8,a3472f,N310DU,BCS3,AIRBUS A220-300,0
landing,LGA,04,1780336879.95,2026-06-01T18:01:19Z,40.777607,-73.877173,33.8,ac7261,N9006L,,,0
takeoff,LGA,13,1780336909.16,2026-06-01T18:01:49Z,40.781855,-73.877626,120.9,a3133d,N298AL,GLF6,GULFSTREAM G650,8
landing,JFK,04R,1780336924.93,2026-06-01T18:02:04Z,40.639324,-73.759523,30.9,a3298a,N3023J,BCS3,AIRBUS A220-300,0
landing,JFK,04L,1780336948.19,2026-06-01T18:02:28Z,40.63496,-73.775513,30.9,abb3be,N853NW,A332,AIRBUS A-330-200,0
landing,JFK,04R,1780337016.73,2026-06-01T18:03:36Z,40.637398,-73.761108,25.3,a1f822,N226JQ,E75L,EMBRAER ERJ-170-200 (long wing),0
takeoff,JFK,04L,1780337029.1,2026-06-01T18:03:49Z,40.626766,-73.781891,30.9,841c48,JA07WJ,A35K,AIRBUS A-350-1000,0
landing,LGA,04,1780337036.0,2026-06-01T18:03:56Z,40.777747,-73.876861,50.6,a07228,N128HQ,E75L,EMBRAER ERJ-170-200 (long wing),0
takeoff,LGA,13,1780337050.34,2026-06-01T18:04:10Z,40.781459,-73.876752,120.9,a89d22,N654RW,E170,EMBRAER ERJ-170-100,0
landing,JFK,04R,1780337088.98,2026-06-01T18:04:48Z,40.637322,-73.761083,30.9,ab6c08,N835MH,B764,BOEING 767-400,0
landing,LGA,04,1780337107.14,2026-06-01T18:05:07Z,40.77689,-73.877777,33.8,a3a9eb,N335RT,B38M,BOEING 737 MAX 8,0
landing,JFK,04L,1780337126.36,2026-06-01T18:05:26Z,40.632912,-73.7771,30.9,a8a3ce,N656JB,A320,AIRBUS A-320,0
landing,JFK,04R,1780337203.94,2026-06-01T18:06:43Z,40.638977,-73.759796,30.9,a11380,N169DZ,B763,BOEING 767-300,0
landing,LGA,04,1780337235.37,2026-06-01T18:07:15Z,40.776604,-73.878036,28.1,a7e24a,N607LR,CRJ9,BOMBARDIER Regional Jet CRJ-900,0
takeoff,JFK,04L,1780337272.58,2026-06-01T18:07:52Z,40.625242,-73.783087,33.8,a033ff,N112DU,BCS1,AIRBUS A220-100,0
landing,JFK,04R,1780337309.71,2026-06-01T18:08:29Z,40.642769,-73.756792,30.9,3c7a44,D-ANRD,A339,AIRBUS A-330-900,0
landing,LGA,04,1780337316.78,2026-06-01T18:08:36Z,40.778286,-73.876602,33.8,a4da13,N411YX,E75L,EMBRAER ERJ-170-200 (long wing),0
takeoff,JFK,04L,1780337326.07,2026-06-01T18:08:46Z,40.6264,-73.782181,33.8,a5f162,N482PX,CRJ9,BOMBARDIER Regional Jet CRJ-900,0
takeoff,LGA,13,1780337354.38,2026-06-01T18:09:14Z,40.779453,-73.872559,120.9,a35d79,N316DU,BCS3,AIRBUS A220-300,0
takeoff,JFK,04L,1780337391.14,2026-06-01T18:09:51Z,40.627628,-73.78123,33.8,a3711a,N3203J,BCS3,AIRBUS A220-300,0
landing,LGA,04,1780337404.2,2026-06-01T18:10:04Z,40.776187,-73.878266,42.2,ab40ce,N824MD,E170,EMBRAER ERJ-170-100,0
takeoff,JFK,04L,1780337445.09,2026-06-01T18:10:45Z,40.626022,-73.782471,30.9,8695a4,JA797A,B77W,BOEING 777-300ER,0
landing,LGA,04,1780337460.66,2026-06-01T18:11:00Z,40.775425,-73.878967,33.8,a0f73c,N161UW,A321,AIRBUS A-321,0
takeoff,LGA,13,1780337516.53,2026-06-01T18:11:56Z,40.779659,-73.873001,120.9,a384f8,N326DU,BCS3,AIRBUS A220-300,0
landing,JFK,04R,1780337565.57,2026-06-01T18:12:45Z,40.642239,-73.758682,354.4,a1bc92,N2105J,A21N,AIRBUS A-321neo,0
landing,JFK,22R,1780337575.92,2026-06-01T18:12:55Z,40.644084,-73.771133,239.1,a08e3c,N135EV,CRJ9,BOMBARDIER Regional Jet CRJ-900,0
landing,LGA,04,1780337577.37,2026-06-01T18:12:57Z,40.776272,-73.878281,30.9,a3a152,N333DU,BCS3,,0
takeoff,JFK,04L,1780337609.77,2026-06-01T18:13:29Z,40.625696,-73.782744,30.9,acffb7,N937AN,B738,BOEING 737-800,0
takeoff,LGA,13,1780337622.98,2026-06-01T18:13:42Z,40.780197,-73.874161,120.9,a43e5b,N37252,B738,BOEING 737-800,0
takeoff,JFK,04L,1780337666.45,2026-06-01T18:14:26Z,40.625599,-73.782791,30.9,ad2f71,N949JT,A321,AIRBUS A-321,0
landing,LGA,04,1780337672.87,2026-06-01T18:14:32Z,40.77713,-73.877563,33.8,ac71ef,N9003B,B38M,BOEING 737 MAX 8,0
takeoff,LGA,13,1780337694.23,2026-06-01T18:14:54Z,40.781937,-73.877766,120.9,a1acdb,N207JQ,E75L,EMBRAER ERJ-170-200 (long wing),0
landing,JFK,04R,1780337700.66,2026-06-01T18:15:00Z,40.63908,-73.759705,30.9,a37f8d,N3240J,BCS3,,0
takeoff,JFK,04L,1780337730.95,2026-06-01T18:15:30Z,40.627325,-73.781464,33.8,a38439,N3257J,BCS3,,0
landing,JFK,04R,1780337775.39,2026-06-01T18:16:15Z,40.639754,-73.759242,25.3,a3b186,N337TN,B38M,BOEING 737 MAX 8,0
takeoff,JFK,04L,1780337788.17,2026-06-01T18:16:28Z,40.626662,-73.781979,32.4,04c159,5Y-KZG,B788,BOEING 787-8 Dreamliner,0
landing,LGA,04,1780337795.79,2026-06-01T18:16:35Z,40.778492,-73.87644,33.8,a20957,N230JQ,E75L,EMBRAER ERJ-170-200 (long wing),0
takeoff,LGA,13,1780337820.79,2026-06-01T18:17:00Z,40.780459,-73.874676,120.9,a05b78,N122DN,A321,AIRBUS A-321,0
landing,JFK,22R,1780337841.01,2026-06-01T18:17:21Z,40.637135,-73.770432,208.1,a3c5ea,N342NB,A319,AIRBUS A-319,0
takeoff,JFK,04L,1780337865.89,2026-06-01T18:17:45Z,40.625793,-73.782715,30.9,71be19,HL7619,A388,AIRBUS A-380-800,0
landing,JFK,04L,1780337872.09,2026-06-01T18:17:52Z,40.627876,-73.781097,30.9,71be19,HL7619,A388,AIRBUS A-380-800,0
takeoff,JFK,04L,1780337872.09,2026-06-01T18:17:52Z,40.627876,-73.781097,30.9,71be19,HL7619,A388,AIRBUS A-380-800,0
landing,LGA,04,1780337897.27,2026-06-01T18:18:17Z,40.777428,-73.877289,39.4,abdf3f,N864RW,E170,EMBRAER ERJ-170-100,0
takeoff,LGA,13,1780337933.07,2026-06-01T18:18:53Z,40.780037,-73.873795,120.9,a35701,N314PQ,CRJ9,BOMBARDIER Regional Jet CRJ-900,0
landing,LGA,04,1780337994.99,2026-06-01T18:19:54Z,40.777363,-73.877329,36.6,abd41a,N861RW,E170,EMBRAER ERJ-170-100,0
takeoff,LGA,13,1780338021.56,2026-06-01T18:20:21Z,40.780691,-73.87516,120.9,a8f9a3,N678CA,CRJ9,BOMBARDIER Regional Jet CRJ-900,0
landing,JFK,22R,1780338044.41,2026-06-01T18:20:44Z,40.635384,-73.771805,210.9,a21fa1,N236JQ,E75L,EMBRAER ERJ-170-200 (long wing),0
landing,JFK,04L,1780338070.96,2026-06-01T18:21:10Z,40.6409,-73.770859,30.9,ab400f,N824DN,B739,BOEING 737-900,0
landing,LGA,04,1780338089.4,2026-06-01T18:21:29Z,40.777279,-73.877426,30.9,a34215,N309PQ,CRJ9,BOMBARDIER Regional Jet CRJ-900,0
takeoff,LGA,13,1780338117.32,2026-06-01T18:21:57Z,40.78196,-73.877813,120.9,a0835d,N132HQ,E75L,EMBRAER ERJ-170-200 (long wing),0
landing,JFK,31R,1780338117.68,2026-06-01T18:21:57Z,40.642734,-73.763455,267.2,a53436,N434YX,E75L,EMBRAER ERJ-170-200 (long wing),0
takeoff,JFK,04L,1780338128.36,2026-06-01T18:22:08Z,40.627139,-73.781605,30.9,4c0221,YU-ARB,A332,AIRBUS A-330-200,0
landing,LGA,04,1780338205.1,2026-06-01T18:23:25Z,40.778881,-73.876129,33.8,a23bfb,N243JQ,E75L,EMBRAER ERJ-170-200 (long wing),0
landing,JFK,04R,1780338216.19,2026-06-01T18:23:36Z,40.635143,-73.762787,33.8,a023a5,N108NN,A321,AIRBUS A-321,0
takeoff,JFK,04L,1780338220.42,2026-06-01T18:23:40Z,40.625908,-73.782578,33.8,a36636,N318TD,B38M,BOEING 737 MAX 8,0
takeoff,LGA,22,1780338226.08,2026-06-01T18:23:46Z,40.770962,-73.881184,210.9,a2b060,N27205,B738,BOEING 737-800,0
takeoff,LGA,13,1780338234.88,2026-06-01T18:23:54Z,40.78054,-73.874833,120.9,a04695,N117DX,A321,AIRBUS A-321,0
landing,LGA,04,1780338279.31,2026-06-01T18:24:39Z,40.775827,-73.87864,30.9,c067ae,C-GNGV,BCS3,AIRBUS A220-300,0
takeoff,LGA,04,1780338319.17,2026-06-01T18:25:19Z,40.770309,-73.883194,30.9,a86605,N640JB,A320,AIRBUS A-320,0
landing,JFK,04R,1780338322.78,2026-06-01T18:25:22Z,40.638577,-73.760086,30.9,3c6714,D-AIXT,A359,AIRBUS A-350-900,0
landing,JFK,04L,1780338340.75,2026-06-01T18:25:40Z,40.63353,-73.776611,28.1,a15795,N186GJ,CRJ9,BOMBARDIER Regional Jet CRJ-900,0
takeoff,JFK,04L,1780338400.33,2026-06-01T18:26:40Z,40.626999,-73.781714,30.9,ab6519,N833SK,CRJ9,BOMBARDIER Regional Jet CRJ-900,0
landing,LGA,04,1780338425.81,2026-06-01T18:27:05Z,40.777479,-73.877267,33.8,ac61db,N8971L,B38M,BOEING 737 MAX 8,0
landing,JFK,04R,1780338490.39,2026-06-01T18:28:10Z,40.643909,-73.758072,11.2,a2e806,N287AK,B739,BOEING 737-900,0
landing,LGA,04,1780338498.13,2026-06-01T18:28:18Z,40.775873,-73.878609,33.8,c06539,C-GMIQ,B738,BOEING 737-800,0
landing,JFK,04L,1780338500.94,2026-06-01T18:28:20Z,40.632062,-73.777766,33.8,ab6162,N832SK,CRJ9,BOMBARDIER Regional Jet CRJ-900,0
takeoff,JFK,04L,1780338549.06,2026-06-01T18:29:09Z,40.624602,-73.783571,30.9,a6d234,N539DN,A21N,,0
landing,JFK,04R,1780338571.52,2026-06-01T18:29:31Z,40.637466,-73.761063,22.5,abc651,N858NW,A332,AIRBUS A-330-200,0
takeoff,LGA,13,1780338609.49,2026-06-01T18:30:09Z,40.780249,-73.874255,120.9,aaf960,N806NN,B738,BOEING 737-800,0
landing,LGA,04,1780338650.57,2026-06-01T18:30:50Z,40.777258,-73.877423,36.6,a1d0a3,N216JQ,E75L,EMBRAER ERJ-170-200 (long wing),0
landing,JFK,04L,1780338668.84,2026-06-01T18:31:08Z,40.641395,-73.772132,30.9,a1cf6b,N2157J,A21N,AIRBUS A-321neo,0
landing,LGA,04,1780338728.51,2026-06-01T18:32:08Z,40.777782,-73.877029,30.9,a49d22,N397DN,A321,AIRBUS A-321,0
takeoff,JFK,13R,1780338747.79,2026-06-01T18:32:27Z,40.646446,-73.812457,123.8,ab5024,N828SA,PC12,PILATUS PC-12,0
landing,JFK,22R,1780338751.9,2026-06-01T18:32:31Z,40.634262,-73.779099,233.4,ac801e,N904XJ,CRJ9,BOMBARDIER Regional Jet CRJ-900,0
landing,JFK,31R,1780338754.69,2026-06-01T18:32:34Z,40.642811,-73.760818,267.2,a0f44c,N1602,B763,BOEING 767-300,0
takeoff,LGA,13,1780338767.27,2026-06-01T18:32:47Z,40.781662,-73.877197,120.9,ab1d06,N815MD,E170,EMBRAER ERJ-170-100,0
landing,LGA,04,1780338866.4,2026-06-01T18:34:26Z,40.776318,-73.878235,30.9,a086ce,N133EV,CRJ9,BOMBARDIER Regional Jet CRJ-900,0
takeoff,LGA,04,1780338898.39,2026-06-01T18:34:58Z,40.779236,-73.879303,33.8,a05bde,N122HQ,E75L,EMBRAER ERJ-170-200 (long wing),0
takeoff,LGA,13,1780338902.88,2026-06-01T18:35:02Z,40.779671,-73.873001,120.9,a7dadc,N605LR,CRJ9,BOMBARDIER Regional Jet CRJ-900,0
landing,LGA,04,1780338921.83,2026-06-01T18:35:21Z,40.779236,-73.879303,33.8,a05bde,N122HQ,E75L,EMBRAER ERJ-170-200 (long wing),0
landing,LGA,04,1780338957.0,2026-06-01T18:35:57Z,40.776222,-73.878328,33.8,a36fa4,N320PQ,CRJ9,BOMBARDIER Regional Jet CRJ-900,0
takeoff,LGA,13,1780338986.28,2026-06-01T18:36:26Z,40.781651,-73.877182,120.9,a1a924,N206JQ,E75L,EMBRAER ERJ-170-200 (long wing),0
landing,JFK,13L,1780338996.61,2026-06-01T18:36:36Z,40.651154,-73.775635,120.9,a1373d,N178DN,B763,BOEING 767-300,0
takeoff,JFK,13R,1780338997.86,2026-06-01T18:36:37Z,40.646737,-73.813159,122.4,78110e,B-7836,B789,BOEING 787-9 Dreamliner,0
landing,LGA,04,1780339083.57,2026-06-01T18:38:03Z,40.776897,-73.877766,33.8,ab3d17,N823MD,E170,EMBRAER ERJ-170-100,0
takeoff,LGA,04,1780339084.16,2026-06-01T18:38:04Z,40.776956,-73.877704,33.8,ab3d17,N823MD,E170,EMBRAER ERJ-170-100,0
landing,LGA,04,1780339088.41,2026-06-01T18:38:08Z,40.777496,-73.877151,42.2,ab3d17,N823MD,E170,EMBRAER ERJ-170-100,0
takeoff,LGA,13,1780339106.1,2026-06-01T18:38:26Z,40.781669,-73.877205,120.9,a1d811,N218JQ,E75L,EMBRAER ERJ-170-200 (long wing),0
landing,JFK,22L,1780339130.69,2026-06-01T18:38:50Z,40.630302,-73.766922,223.7,ab3856,N822AN,B789,BOEING 787-9 Dreamliner,0
landing,JFK,13L,1780339132.35,2026-06-01T18:38:52Z,40.652289,-73.778156,120.9,a4b6b6,N4022J,A21N,AIRBUS A-321neo,0
takeoff,JFK,13R,1780339136.22,2026-06-01T18:38:56Z,40.646919,-73.813507,120.9,a386fb,N3260J,BCS3,,0
landing,LGA,04,1780339191.83,2026-06-01T18:39:51Z,40.77727,-73.877423,36.6,a03f84,N115HQ,E75L,EMBRAER ERJ-170-200 (long wing),0
takeoff,LGA,04,1780339192.87,2026-06-01T18:39:52Z,40.777328,-73.877361,39.4,a03f84,N115HQ,E75L,EMBRAER ERJ-170-200 (long wing),0
takeoff,JFK,13R,1780339192.88,2026-06-01T18:39:52Z,40.646924,-73.813534,120.9,adb0b4,N981UY,A321,AIRBUS A-321,0
landing,LGA,04,1780339193.88,2026-06-01T18:39:53Z,40.777496,-73.877182,42.2,a03f84,N115HQ,E75L,EMBRAER ERJ-170-200 (long wing),0
landing,JFK,13L,1780339205.18,2026-06-01T18:40:05Z,40.650639,-73.774506,120.9,a44943,N3754A,B738,BOEING 737-800,0
takeoff,LGA,13,1780339212.88,2026-06-01T18:40:12Z,40.781662,-73.877197,120.9,a1b092,N208JQ,E75L,EMBRAER ERJ-170-200 (long wing),0
landing,LGA,04,1780339255.66,2026-06-01T18:40:55Z,40.777025,-73.877642,33.8,adb656,N983AN,B738,BOEING 737-800,0
takeoff,JFK,13R,1780339259.97,2026-06-01T18:40:59Z,40.646427,-73.812424,120.9,ac801e,N904XJ,CRJ9,BOMBARDIER Regional Jet CRJ-900,0
takeoff,JFK,13R,1780339295.95,2026-06-01T18:41:35Z,40.648052,-73.815994,120.9,acfc56,N936DZ,B739,,0
takeoff,LGA,13,1780339298.93,2026-06-01T18:41:38Z,40.779533,-73.872742,120.9,acddf8,N928XJ,CRJ9,BOMBARDIER Regional Jet CRJ-900,0
landing,JFK,13L,1780339304.31,2026-06-01T18:41:44Z,40.650948,-73.775223,120.9,a4bef6,N4048J,A21N,AIRBUS A-321neo,0
landing,LGA,04,1780339337.26,2026-06-01T18:42:17Z,40.77869,-73.876299,30.9,abece7,N868DN,B739,BOEING 737-900,0
takeoff,LGA,13,1780339359.83,2026-06-01T18:42:39Z,40.781995,-73.877876,120.9,a05bde,N122HQ,E75L,EMBRAER ERJ-170-200 (long wing),0
landing,JFK,13L,1780339404.73,2026-06-01T18:43:24Z,40.649018,-73.771024,126.6,a22ac6,N239JQ,E75L,EMBRAER ERJ-170-200 (long wing),0
landing,JFK,22L,1780339414.23,2026-06-01T18:43:34Z,40.632763,-73.764633,208.1,a0f46f,N1603,B763,BOEING 767-300,0
landing,LGA,04,1780339416.2,2026-06-01T18:43:36Z,40.776249,-73.878311,33.8,a1094c,N166PQ,CRJ9,BOMBARDIER Regional Jet CRJ-900,0
takeoff,JFK,13R,1780339422.35,2026-06-01T18:43:42Z,40.647366,-73.814514,120.9,ab8862,N842MH,B764,BOEING 767-400,0
takeoff,LGA,13,1780339450.65,2026-06-01T18:44:10Z,40.780715,-73.875238,118.1,a38237,N325PQ,CRJ9,BOMBARDIER Regional Jet CRJ-900,0
landing,JFK,13L,1780339468.87,2026-06-01T18:44:28Z,40.651195,-73.775753,120.9,a779eb,N581DA,A21N,,0
landing,LGA,04,1780339521.59,2026-06-01T18:45:21Z,40.776315,-73.878235,33.8,a32814,N302PQ,CRJ9,BOMBARDIER Regional Jet CRJ-900,0
landing,JFK,13L,1780339567.26,2026-06-01T18:46:07Z,40.649088,-73.771258,126.6,a6c781,N536JB,A320,AIRBUS A-320,0
landing,JFK,22L,1780339581.46,2026-06-01T18:46:21Z,40.632717,-73.764648,210.9,400684,G-VIIL,B772,BOEING 777-200,0
landing,LGA,04,1780339584.4,2026-06-01T18:46:24Z,40.777898,-73.876939,33.8,ac0ba7,N87527,B738,BOEING 737-800,0
takeoff,LGA,13,1780339612.06,2026-06-01T18:46:52Z,40.781029,-73.875847,115.3,aa552e,N765M,GALX,GULFSTREAM G200,8
landing,JFK,22L,1780339652.37,2026-06-01T18:47:32Z,40.63276,-73.764626,210.9,738076,4X-ECF,B772,BOEING 777-200,0
landing,LGA,04,1780339680.0,2026-06-01T18:48:00Z,40.777622,-73.877167,33.8,ab44a7,N825NN,B738,BOEING 737-800,0
landing,JFK,31R,1780339704.53,2026-06-01T18:48:24Z,40.646365,-73.76795,300.9,7103d8,HZ-AK42,B77W,BOEING 777-300ER,0
takeoff,LGA,13,1780339707.93,2026-06-01T18:48:27Z,40.781902,-73.877704,120.9,ab0a73,N810MD,E170,EMBRAER ERJ-170-100,0
landing,LGA,04,1780339785.5,2026-06-01T18:49:45Z,40.776118,-73.878422,33.8,a77d89,N582CA,CRJ9,BOMBARDIER Regional Jet CRJ-900,0
takeoff,JFK,13R,1780339792.33,2026-06-01T18:49:52Z,40.648274,-73.816468,165.9,a20d0e,N231JQ,E75L,EMBRAER ERJ-170-200 (long wing),0
landing,JFK,13L,1780339794.23,2026-06-01T18:49:54Z,40.650927,-73.775097,120.9,a16273,N189DN,B763,BOEING 767-300,0
landing,JFK,22L,1780339800.54,2026-06-01T18:50:00Z,40.632655,-73.764704,208.1,407699,G-VPRD,A35K,AIRBUS A-350-1000,0
takeoff,LGA,13,1780339810.94,2026-06-01T18:50:10Z,40.781739,-73.877361,120.9,a1b449,N209JQ,E75L,EMBRAER ERJ-170-200 (long wing),0
landing,LGA,04,1780339877.26,2026-06-01T18:51:17Z,40.781669,-73.873803,30.9,acb827,N919AN,B738,BOEING 737-800,0
takeoff,LGA,13,1780339883.19,2026-06-01T18:51:23Z,40.781696,-73.877274,120.9,ac1f61,N880RW,E170,EMBRAER ERJ-170-100,0
landing,JFK,13L,1780339908.69,2026-06-01T18:51:48Z,40.651323,-73.775987,120.9,a38ad5,N3271J,BCS3,,0
landing,JFK,22L,1780339916.31,2026-06-01T18:51:56Z,40.631154,-73.765906,209.6,48ae01,SP-LRB,B788,BOEING 787-8 Dreamliner,0
takeoff,JFK,13R,1780339924.88,2026-06-01T18:52:04Z,40.646381,-73.812332,120.9,a5e02d,N478PX,CRJ9,BOMBARDIER Regional Jet CRJ-900,0
landing,LGA,04,1780339971.86,2026-06-01T18:52:51Z,40.776295,-73.87825,36.6,a8a0d9,N655RW,E170,EMBRAER ERJ-170-100,0
takeoff,JFK,13R,1780339980.1,2026-06-01T18:53:00Z,40.648076,-73.816062,120.9,a4ba02,N403YX,E75L,EMBRAER ERJ-170-200 (long wing),0
landing,JFK,13L,1780339986.67,2026-06-01T18:53:06Z,40.651382,-73.776138,120.9,aafca8,N807JB,A320,AIRBUS A-320,0
landing,LGA,04,1780340028.15,2026-06-01T18:53:48Z,40.778217,-73.876663,33.8,a3a086,N33266,B738,BOEING 737-800,0
takeoff,LGA,13,1780340050.36,2026-06-01T18:54:10Z,40.781785,-73.877454,120.9,a030a8,N111HQ,E75L,EMBRAER ERJ-170-200 (long wing),0
takeoff,JFK,13R,1780340054.91,2026-06-01T18:54:14Z,40.646439,-73.812454,120.9,acb679,N918XJ,CRJ9,BOMBARDIER Regional Jet CRJ-900,0
takeoff,JFK,13R,1780340087.02,2026-06-01T18:54:47Z,40.648122,-73.816156,123.8,a03bcd,N114HQ,E75L,EMBRAER ERJ-170-200 (long wing),0
landing,JFK,13L,1780340094.23,2026-06-01T18:54:54Z,40.650913,-73.775101,120.9,a5b3ad,N467AS,B739,BOEING 737-900,0
landing,LGA,04,1780340112.47,2026-06-01T18:55:12Z,40.776758,-73.87786,33.8,abc4be,N8577Z,B738,BOEING 737-800,0
takeoff,LGA,04,1780340114.77,2026-06-01T18:55:14Z,40.779109,-73.878406,33.8,a07228,N128HQ,E75L,EMBRAER ERJ-170-200 (long wing),0
landing,LGA,04,1780340131.27,2026-06-01T18:55:31Z,40.779109,-73.878406,33.8,a07228,N128HQ,E75L,EMBRAER ERJ-170-200 (long wing),0
takeoff,LGA,13,1780340147.65,2026-06-01T18:55:47Z,40.780237,-73.874239,120.9,aa4c42,N76269,B738,BOEING 737-800,0
takeoff,JFK,13R,1780340162.28,2026-06-01T18:56:02Z,40.648155,-73.816269,137.8,a61173,N490PX,CRJ9,BOMBARDIER Regional Jet CRJ-900,0
landing,LGA,04,1780340214.11,2026-06-01T18:56:54Z,40.777619,-73.877158,33.8,a34d98,N3115J,BCS3,AIRBUS A220-300,0
takeoff,JFK,13R,1780340235.13,2026-06-01T18:57:15Z,40.648169,-73.816265,118.1,a537ed,N435YX,E75L,EMBRAER ERJ-170-200 (long wing),0
takeoff,LGA,13,1780340248.18,2026-06-01T18:57:28Z,40.780691,-73.875176,118.1,a48315,N390DA,B738,BOEING 737-800,0
landing,JFK,13L,1780340257.2,2026-06-01T18:57:37Z,40.650616,-73.774399,120.9,ac89f7,N907JB,A321,AIRBUS A-321,0
landing,LGA,04,1780340294.51,2026-06-01T18:58:14Z,40.776199,-73.878344,30.9,a8913b,N651JB,A320,AIRBUS A-320,0
takeoff,LGA,13,1780340330.28,2026-06-01T18:58:50Z,40.780415,-73.874603,118.1,a3dc5a,N348PQ,CRJ9,BOMBARDIER Regional Jet CRJ-900,0
landing,JFK,13L,1780340364.01,2026-06-01T18:59:24Z,40.649437,-73.77182,120.9,aa4d77,N763JB,A320,AIRBUS A-320,0
landing,LGA,04,1780340378.74,2026-06-01T18:59:38Z,40.775547,-73.878859,30.9,a399e4,N331DU,BCS3,,0
takeoff,LGA,04,1780340423.36,2026-06-01T19:00:23Z,40.771248,-73.882416,30.9,a0a7a0,N141NN,A321,AIRBUS A-321,0
takeoff,JFK,13R,1780340493.36,2026-06-01T19:01:33Z,40.646342,-73.812223,120.9,acaf0b,N916XJ,CRJ9,BOMBARDIER Regional Jet CRJ-900,0
landing,LGA,04,1780340539.66,2026-06-01T19:02:19Z,40.777931,-73.876907,33.8,a071c2,N128DN,A321,AIRBUS A-321,0
landing,JFK,13L,1780340583.51,2026-06-01T19:03:03Z,40.649849,-73.772781,120.9,aaf5b1,N805NW,A333,AIRBUS A-330-300,0
landing,LGA,04,1780340626.1,2026-06-01T19:03:46Z,40.778778,-73.87619,33.8,a00ce0,N102HQ,E75L,EMBRAER ERJ-170-200 (long wing),0
landing,JFK,22L,1780340668.72,2026-06-01T19:04:28Z,40.630692,-73.766357,219.4,407698,G-VJAM,A35K,AIRBUS A-350-1000,0
landing,LGA,04,1780340683.43,2026-06-01T19:04:43Z,40.776641,-73.877969,33.8,a32367,N301DU,BCS3,AIRBUS A220-300,0
takeoff,LGA,13,1780340718.39,2026-06-01T19:05:18Z,40.780678,-73.875122,120.9,abc3c6,N8570W,B738,BOEING 737-800,0
landing,JFK,13L,1780340768.53,2026-06-01T19:06:08Z,40.651486,-73.776377,120.9,a12c23,N175DZ,B763,BOEING 767-300,0
takeoff,JFK,13R,1780340769.3,2026-06-01T19:06:09Z,40.646255,-73.812027,120.9,a5e3e4,N479PX,CRJ9,BOMBARDIER Regional Jet CRJ-900,0
landing,LGA,04,1780340774.07,2026-06-01T19:06:14Z,40.776618,-73.877969,28.1,a93d7c,N695CA,CRJ9,BOMBARDIER Regional Jet CRJ-900,0
takeoff,LGA,13,1780340808.42,2026-06-01T19:06:48Z,40.780272,-73.874302,118.1,a3a9b6,N335PQ,CRJ9,BOMBARDIER Regional Jet CRJ-900,0
takeoff,JFK,13R,1780340861.17,2026-06-01T19:07:41Z,40.647017,-73.813737,120.9,a3401a,N3085J,BCS3,AIRBUS A220-300,0
landing,LGA,04,1780340905.01,2026-06-01T19:08:25Z,40.777386,-73.877267,39.4,a01097,N103HQ,E75L,EMBRAER ERJ-170-200 (long wing),0
takeoff,LGA,13,1780340919.96,2026-06-01T19:08:39Z,40.781708,-73.877304,120.9,a07228,N128HQ,E75L,EMBRAER ERJ-170-200 (long wing),0
landing,LGA,04,1780340979.58,2026-06-01T19:09:39Z,40.777496,-73.877258,33.8,a3183d,N299PQ,CRJ9,BOMBARDIER Regional Jet CRJ-900,0
takeoff,LGA,13,1780341003.34,2026-06-01T19:10:03Z,40.781559,-73.876984,120.9,a06e71,N127HQ,E75L,EMBRAER ERJ-170-200 (long wing),0
landing,JFK,13L,1780341007.81,2026-06-01T19:10:07Z,40.650307,-73.773727,120.9,acb2c2,N917XJ,CRJ9,BOMBARDIER Regional Jet CRJ-900,0
landing,LGA,04,1780341064.62,2026-06-01T19:11:04Z,40.777177,-73.877501,33.8,aa127e,N748YX,E75L,EMBRAER ERJ-170-200 (long wing),0
takeoff,LGA,04,1780341064.62,2026-06-01T19:11:04Z,40.777177,-73.877501,33.8,aa127e,N748YX,E75L,EMBRAER ERJ-170-200 (long wing),0
landing,LGA,04,1780341065.88,2026-06-01T19:11:05Z,40.777359,-73.877319,36.6,aa127e,N748YX,E75L,EMBRAER ERJ-170-200 (long wing),0
landing,JFK,13L,1780341092.25,2026-06-01T19:11:32Z,40.650764,-73.774796,123.8,ad6f93,N965JT,A321,AIRBUS A-321,0
takeoff,LGA,13,1780341094.64,2026-06-01T19:11:34Z,40.780203,-73.874177,120.9,a01b56,N106DN,A321,AIRBUS A-321,0
landing,JFK,22L,1780341102.78,2026-06-01T19:11:42Z,40.632748,-73.764673,210.9,ab3d41,N823NW,A333,AIRBUS A-330-300,0
takeoff,JFK,13R,1780341113.59,2026-06-01T19:11:53Z,40.646061,-73.811691,120.9,ab35d3,N821NW,A333,AIRBUS A-330-300,0
landing,LGA,04,1780341151.1,2026-06-01T19:12:31Z,40.776292,-73.87825,33.8,a42a37,N368CA,CRJ7,BOMBARDIER Regional Jet CRJ-700,0
landing,JFK,13L,1780341176.63,2026-06-01T19:12:56Z,40.651136,-73.775597,120.9,a7cf10,N602DZ,A21N,AIRBUS A-321neo,0
takeoff,LGA,13,1780341194.58,2026-06-01T19:13:14Z,40.77997,-73.873662,120.9,ad6c3b,N964NN,B738,BOEING 737-800,0
landing,JFK,22L,1780341216.16,2026-06-01T19:13:36Z,40.633633,-73.763962,210.9,3485c3,EC-ORZ,A21N,AIRBUS A-321neo,0
landing,LGA,04,1780341238.3,2026-06-01T19:13:58Z,40.776653,-73.878,33.8,acbffd,N920US,A321,AIRBUS A-321,0
landing,JFK,13L,1780341279.23,2026-06-01T19:14:39Z,40.650272,-73.773697,120.9,4a91b3,SE-DMS,A21N,AIRBUS A-321neo,0
takeoff,LGA,13,1780341280.87,2026-06-01T19:14:40Z,40.779621,-73.872913,120.9,aca3e6,N913XJ,CRJ9,BOMBARDIER Regional Jet CRJ-900,0
landing,JFK,22R,1780341317.24,2026-06-01T19:15:17Z,40.634068,-73.779648,255.9,a33aa7,N307PQ,CRJ9,BOMBARDIER Regional Jet CRJ-900,0
landing,JFK,13L,1780341348.75,2026-06-01T19:15:48Z,40.649926,-73.772928,120.9,ab686f,N834NN,B738,BOEING 737-800,0
takeoff,LGA,13,1780341350.74,2026-06-01T19:15:50Z,40.780495,-73.874741,120.9,a03f1e,N115DN,A321,AIRBUS A-321,0
takeoff,LGA,04,1780341386.46,2026-06-01T19:16:26Z,40.77862,-73.878812,33.8,a20957,N230JQ,E75L,EMBRAER ERJ-170-200 (long wing),0
landing,LGA,04,1780341392.79,2026-06-01T19:16:32Z,40.778618,-73.878815,33.8,a20957,N230JQ,E75L,EMBRAER ERJ-170-200 (long wing),0
landing,LGA,04,1780341395.07,2026-06-01T19:16:35Z,40.777199,-73.877502,30.9,a34e9d,N312DU,BCS3,AIRBUS A220-300,0
landing,JFK,22L,1780341398.95,2026-06-01T19:16:38Z,40.631733,-73.765411,210.9,394a0a,F-GSQK,B77W,BOEING 777-300ER,0
takeoff,JFK,13R,1780341401.47,2026-06-01T19:16:41Z,40.646656,-73.812941,120.9,a79821,N589JB,A320,AIRBUS A-320,0
takeoff,LGA,13,1780341430.72,2026-06-01T19:17:10Z,40.78125,-73.876328,120.9,a7e24a,N607LR,CRJ9,BOMBARDIER Regional Jet CRJ-900,0
landing,JFK,13L,1780341438.74,2026-06-01T19:17:18Z,40.649321,-73.771633,123.8,ada51e,N979AK,B39M,BOEING 737 MAX 9,0
takeoff,JFK,13R,1780341483.88,2026-06-01T19:18:03Z,40.646542,-73.812668,120.9,ac181d,N879DN,B739,BOEING 737-900,0
takeoff,LGA,13,1780341502.15,2026-06-01T19:18:22Z,40.781669,-73.87722,120.9,ab282b,N818MD,E170,EMBRAER ERJ-170-100,0
takeoff,JFK,13R,1780341535.2,2026-06-01T19:18:55Z,40.646249,-73.812036,120.9,a08e3c,N135EV,CRJ9,BOMBARDIER Regional Jet CRJ-900,0
landing,LGA,04,1780341597.22,2026-06-01T19:19:57Z,40.776816,-73.877829,33.8,a1ccec,N215JQ,E75L,EMBRAER ERJ-170-200 (long wing),0
takeoff,JFK,13R,1780341610.01,2026-06-01T19:20:10Z,40.646084,-73.811691,120.9,780204,B-KPD,B77W,BOEING 777-300ER,0
takeoff,LGA,13,1780341627.87,2026-06-01T19:20:27Z,40.780645,-73.875067,120.9,a8ae3e,N659AW,A320,AIRBUS A-320,0
landing,JFK,13L,1780341662.07,2026-06-01T19:21:02Z,40.650604,-73.774475,120.9,a00d5b,N102NN,A321,AIRBUS A-321,0
landing,JFK,22R,1780341683.99,2026-06-01T19:21:23Z,40.641756,-73.773037,210.9,0d121d,XA-OTB,B38M,BOEING 737 MAX 8,0
landing,LGA,04,1780341700.16,2026-06-01T19:21:40Z,40.779236,-73.875824,33.8,ad0e61,N940NN,B738,BOEING 737-800,0
takeoff,JFK,13R,1780341703.3,2026-06-01T19:21:43Z,40.648215,-73.816374,123.8,a4c170,N405YX,E75L,EMBRAER ERJ-170-200 (long wing),0
takeoff,LGA,13,1780341724.83,2026-06-01T19:22:04Z,40.781902,-73.877701,120.9,abdf3f,N864RW,E170,EMBRAER ERJ-170-100,0
takeoff,JFK,13R,1780341745.42,2026-06-01T19:22:25Z,40.648204,-73.816358,163.1,aa8a8e,N779AZ,GLF4,GULFSTREAM 4,8
landing,JFK,13L,1780341765.98,2026-06-01T19:22:45Z,40.650867,-73.775009,120.9,a6cb48,N537JT,A320,AIRBUS A-320,0
landing,LGA,04,1780341816.65,2026-06-01T19:23:36Z,40.776489,-73.878067,30.9,a44988,N3756,B738,BOEING 737-800,0
landing,JFK,22L,1780341838.95,2026-06-01T19:23:58Z,40.633278,-73.764511,225.0,ab4840,N826MH,B764,BOEING 767-400,0
takeoff,LGA,13,1780341864.03,2026-06-01T19:24:24Z,40.780552,-73.874893,115.3,a2fe3c,N292PQ,CRJ9,BOMBARDIER Regional Jet CRJ-900,0
landing,JFK,13L,1780341889.49,2026-06-01T19:24:49Z,40.651008,-73.775316,120.9,a7e198,N607DN,A21N,AIRBUS A-321neo,0
takeoff,JFK,13R,1780341890.22,2026-06-01T19:24:50Z,40.646982,-73.813659,120.9,a34825,N310PQ,CRJ9,BOMBARDIER Regional Jet CRJ-900,0
landing,LGA,04,1780341908.36,2026-06-01T19:25:08Z,40.776936,-73.877731,33.8,a04a4d,N118DY,A321,AIRBUS A-321,0
takeoff,LGA,13,1780341938.86,2026-06-01T19:25:38Z,40.781811,-73.877533,120.9,a20957,N230JQ,E75L,EMBRAER ERJ-170-200 (long wing),0
takeoff,JFK,13R,1780341943.45,2026-06-01T19:25:43Z,40.646155,-73.811817,120.9,a33aa7,N307PQ,CRJ9,BOMBARDIER Regional Jet CRJ-900,0
landing,JFK,13L,1780341985.29,2026-06-01T19:26:25Z,40.652035,-73.777527,120.9,a2c93f,N279PQ,CRJ9,BOMBARDIER Regional Jet CRJ-900,0
landing,LGA,04,1780342029.79,2026-06-01T19:27:09Z,40.777386,-73.877361,30.9,a07f60,N131EV,CRJ9,BOMBARDIER Regional Jet CRJ-900,0
takeoff,JFK,13R,1780342033.22,2026-06-01T19:27:13Z,40.647471,-73.814767,120.9,0d1130,XA-VMD,A20N,AIRBUS A-320neo,0
takeoff,LGA,13,1780342077.46,2026-06-01T19:27:57Z,40.779533,-73.872742,120.9,a383f3,N3255J,BCS3,,0
takeoff,JFK,13R,1780342112.75,2026-06-01T19:28:32Z,40.646423,-73.812441,120.9,a7b832,N597JB,A320,AIRBUS A-320,0
takeoff,LGA,13,1780342161.25,2026-06-01T19:29:21Z,40.780014,-73.873734,120.9,ac7261,N9006L,,,0
takeoff,LGA,13,1780342181.52,2026-06-01T19:29:41Z,40.782131,-73.878174,106.9,a0345f,N112HQ,E75L,EMBRAER ERJ-170-200 (long wing),0
landing,LGA,04,1780342206.44,2026-06-01T19:30:06Z,40.776921,-73.877735,33.8,ad01c0,N937XJ,CRJ9,BOMBARDIER Regional Jet CRJ-900,0
landing,JFK,13L,1780342219.78,2026-06-01T19:30:19Z,40.651369,-73.776096,120.9,a32886,N302UD,B38M,BOEING 737 MAX 8,0
landing,JFK,22L,1780342248.6,2026-06-01T19:30:48Z,40.632751,-73.764664,210.9,aa37ce,N758AN,B772,BOEING 777-200,0
takeoff,JFK,13R,1780342254.02,2026-06-01T19:30:54Z,40.64621,-73.811951,120.9,ac8985,N907DN,B739,BOEING 737-900,0
landing,LGA,04,1780342305.78,2026-06-01T19:31:45Z,40.778201,-73.876674,33.8,a546c9,N439YX,E75L,EMBRAER ERJ-170-200 (long wing),0
takeoff,JFK,13R,1780342333.91,2026-06-01T19:32:13Z,40.64669,-73.812988,120.9,a654cb,N507JT,A320,AIRBUS A-320,0
takeoff,LGA,13,1780342333.96,2026-06-01T19:32:13Z,40.781739,-73.877361,120.9,abd41a,N861RW,E170,EMBRAER ERJ-170-100,0
landing,JFK,13L,1780342416.17,2026-06-01T19:33:36Z,40.65255,-73.778687,120.9,a33843,N3062J,BCS3,AIRBUS A220-300,0
landing,LGA,04,1780342454.89,2026-06-01T19:34:14Z,40.777247,-73.877439,33.8,a0144e,N104HQ,E75L,EMBRAER ERJ-170-200 (long wing),0
takeoff,JFK,13R,1780342471.02,2026-06-01T19:34:31Z,40.646691,-73.813019,120.9,a7816a,N583DT,A21N,,0
takeoff,JFK,13R,1780342493.28,2026-06-01T19:34:53Z,40.648111,-73.81614,120.9,a53436,N434YX,E75L,EMBRAER ERJ-170-200 (long wing),0
landing,LGA,04,1780342519.44,2026-06-01T19:35:19Z,40.777863,-73.876939,33.8,a1e946,N222JQ,E75L,EMBRAER ERJ-170-200 (long wing),0
takeoff,LGA,13,1780342546.99,2026-06-01T19:35:46Z,40.781029,-73.875878,120.9,a34215,N309PQ,CRJ9,BOMBARDIER Regional Jet CRJ-900,0
landing,LGA,04,1780342622.38,2026-06-01T19:37:02Z,40.776327,-73.878235,30.9,a148b9,N182GJ,CRJ9,BOMBARDIER Regional Jet CRJ-900,0
landing,JFK,13L,1780342650.01,2026-06-01T19:37:30Z,40.65159,-73.776642,120.9,ace81d,N93003,A319,AIRBUS A-319,0
takeoff,JFK,13R,1780342651.99,2026-06-01T19:37:31Z,40.646061,-73.811615,120.9,a3298a,N3023J,BCS3,AIRBUS A220-300,0
takeoff,LGA,13,1780342665.22,2026-06-01T19:37:45Z,40.780483,-73.874741,120.9,a45f64,N381DZ,A321,AIRBUS A-321,0
landing,LGA,04,1780342704.22,2026-06-01T19:38:24Z,40.777398,-73.877345,30.9,a23a03,N24212,B738,BOEING 737-800,0
landing,JFK,13L,1780342726.82,2026-06-01T19:38:46Z,40.652766,-73.779186,120.9,a3cd58,N344NB,A319,AIRBUS A-319,0
takeoff,LGA,13,1780342744.8,2026-06-01T19:39:04Z,40.780272,-73.874286,120.9,a446b6,N375DN,A321,AIRBUS A-321,0
takeoff,JFK,13R,1780342758.39,2026-06-01T19:39:18Z,40.646015,-73.811523,120.9,a120fe,N172DZ,B763,BOEING 767-300,0
takeoff,JFK,13R,1780342790.81,2026-06-01T19:39:50Z,40.648239,-73.816421,123.8,a1f822,N226JQ,E75L,EMBRAER ERJ-170-200 (long wing),0
landing,LGA,04,1780342840.14,2026-06-01T19:40:40Z,40.777439,-73.877243,39.4,a4bdb9,N404YX,E75L,EMBRAER ERJ-170-200 (long wing),0
takeoff,LGA,13,1780342860.57,2026-06-01T19:41:00Z,40.781673,-73.877228,120.9,a4da13,N411YX,E75L,EMBRAER ERJ-170-200 (long wing),0
landing,JFK,22L,1780342861.96,2026-06-01T19:41:01Z,40.632397,-73.766388,247.5,4cabd2,EI-LRF,A21N,AIRBUS A-321neo,0
landing,JFK,22R,1780342863.7,2026-06-01T19:41:03Z,40.64619,-73.769869,171.6,a5e9f4,N480PX,CRJ9,BOMBARDIER Regional Jet CRJ-900,0
landing,JFK,13L,1780342907.55,2026-06-01T19:41:47Z,40.649333,-73.771711,123.8,a08acb,N134HQ,E75L,EMBRAER ERJ-170-200 (long wing),0
landing,LGA,04,1780342936.07,2026-06-01T19:42:16Z,40.778698,-73.876266,30.9,c00b8a,C-FEJP,E75S,EMBRAER ERJ-170-200 (short wing),0
landing,JFK,22L,1780342947.14,2026-06-01T19:42:27Z,40.635111,-73.762769,210.9,aca79d,N914XJ,CRJ9,BOMBARDIER Regional Jet CRJ-900,0
takeoff,LGA,13,1780342969.43,2026-06-01T19:42:49Z,40.780312,-73.874359,120.9,a0f73c,N161UW,A321,AIRBUS A-321,0
takeoff,JFK,13R,1780342981.18,2026-06-01T19:43:01Z,40.64661,-73.81282,120.9,0c217b,HP-9925CMP,B39M,BOEING 737 MAX 9,0
landing,JFK,13L,1780342998.63,2026-06-01T19:43:18Z,40.649952,-73.772995,120.9,a64ce6,N505DZ,A21N,AIRBUS A-321neo,0
landing,LGA,04,1780343011.73,2026-06-01T19:43:31Z,40.77483,-73.879456,33.8,a2450b,N24508,A21N,,0
takeoff,JFK,13R,1780343042.15,2026-06-01T19:44:02Z,40.646336,-73.812256,120.9,a02c40,N110AN,A321,AIRBUS A-321,0
takeoff,LGA,13,1780343050.88,2026-06-01T19:44:10Z,40.780191,-73.874115,120.9,ac61db,N8971L,B38M,BOEING 737 MAX 8,0
landing,JFK,13L,1780343072.26,2026-06-01T19:44:32Z,40.651858,-73.777251,120.9,a73dfe,N566JB,A320,AIRBUS A-320,0
landing,LGA,04,1780343097.27,2026-06-01T19:44:57Z,40.776512,-73.878082,33.8,accb65,N923XJ,CRJ9,BOMBARDIER Regional Jet CRJ-900,0
landing,JFK,31L,1780343101.41,2026-06-01T19:45:01Z,40.641605,-73.796992,261.6,ad83b2,N970AN,B738,BOEING 737-800,0
takeoff,JFK,13R,1780343106.46,2026-06-01T19:45:06Z,40.647057,-73.813858,120.9,a3472f,N310DU,BCS3,AIRBUS A220-300,0
takeoff,LGA,13,1780343127.52,2026-06-01T19:45:27Z,40.781513,-73.876877,120.9,a03f84,N115HQ,E75L,EMBRAER ERJ-170-200 (long wing),0
landing,JFK,13L,1780343161.83,2026-06-01T19:46:01Z,40.649286,-73.77157,120.9,aabbc9,N791AN,B772,BOEING 777-200,0
landing,JFK,22L,1780343193.33,2026-06-01T19:46:33Z,40.630817,-73.766235,216.6,06a19f,A7-BED,B77W,BOEING 777-300ER,0
landing,LGA,04,1780343194.86,2026-06-01T19:46:34Z,40.777073,-73.877609,33.8,a52911,N431YX,E75L,EMBRAER ERJ-170-200 (long wing),0
takeoff,JFK,13R,1780343205.46,2026-06-01T19:46:45Z,40.646427,-73.812439,120.9,ace974,N931AV,A20N,AIRBUS A-320neo,0
takeoff,LGA,13,1780343220.73,2026-06-01T19:47:00Z,40.780447,-73.874661,120.9,ac71ef,N9003B,B38M,BOEING 737 MAX 8,0
landing,JFK,13L,1780343226.74,2026-06-01T19:47:06Z,40.650427,-73.774067,122.4,896408,A6-BLC,B789,BOEING 787-9 Dreamliner,0
takeoff,JFK,31L,1780343243.55,2026-06-01T19:47:23Z,40.647205,-73.810333,300.9,ad83b2,N970AN,B738,BOEING 737-800,0
landing,LGA,04,1780343264.64,2026-06-01T19:47:44Z,40.778034,-73.876816,33.8,a339b1,N307DU,BCS3,AIRBUS A220-300,0
takeoff,LGA,04,1780343280.58,2026-06-01T19:48:00Z,40.769705,-73.883712,14.1,a0b826,N14539,A21N,,0
takeoff,JFK,13R,1780343323.74,2026-06-01T19:48:43Z,40.646446,-73.812473,120.9,a69463,N523DE,A21N,,0
landing,JFK,22L,1780343331.15,2026-06-01T19:48:51Z,40.631275,-73.765823,210.9,a230d6,N240JQ,E75L,EMBRAER ERJ-170-200 (long wing),0
landing,JFK,13L,1780343373.77,2026-06-01T19:49:33Z,40.650764,-73.774811,120.9,a9f818,N741UW,A319,AIRBUS A-319,0
landing,LGA,04,1780343376.99,2026-06-01T19:49:36Z,40.776718,-73.877899,33.8,c07534,C-GSJZ,DH8D,DE HAVILLAND DHC-8-400 Dash 8,0
takeoff,LGA,13,1780343398.13,2026-06-01T19:49:58Z,40.781719,-73.877304,120.9,ab3d17,N823MD,E170,EMBRAER ERJ-170-100,0
landing,JFK,13L,1780343461.1,2026-06-01T19:51:01Z,40.651199,-73.775711,120.9,a78945,N585JB,A320,AIRBUS A-320,0
landing,LGA,04,1780343462.23,2026-06-01T19:51:02Z,40.775582,-73.878828,30.9,ac3f2f,N8889Q,B38M,BOEING 737 MAX 8,0
takeoff,LGA,13,1780343489.63,2026-06-01T19:51:29Z,40.781788,-73.877472,120.9,a23bfb,N243JQ,E75L,EMBRAER ERJ-170-200 (long wing),0
landing,JFK,13L,1780343520.79,2026-06-01T19:52:00Z,40.650974,-73.775222,120.9,ad9712,N975JT,A321,AIRBUS A-321,0
landing,LGA,04,1780343563.37,2026-06-01T19:52:43Z,40.776833,-73.877823,33.8,a6f98e,N549CA,CRJ9,BOMBARDIER Regional Jet CRJ-900,0
landing,JFK,22L,1780343577.26,2026-06-01T19:52:57Z,40.632725,-73.764657,210.9,40621b,G-STBA,B77W,BOEING 777-300ER,0
takeoff,JFK,13R,1780343590.88,2026-06-01T19:53:10Z,40.646244,-73.812027,120.9,a189f2,N199DN,B763,BOEING 767-300,0
takeoff,LGA,13,1780343602.66,2026-06-01T19:53:22Z,40.78022,-73.874176,120.9,a3a9eb,N335RT,B38M,BOEING 737 MAX 8,0
landing,JFK,13L,1780343614.18,2026-06-01T19:53:34Z,40.651073,-73.775497,120.9,a0428a,N116AN,A321,AIRBUS A-321,0
landing,LGA,04,1780343644.71,2026-06-01T19:54:04Z,40.777027,-73.877655,30.9,a35e6f,N316PQ,CRJ9,BOMBARDIER Regional Jet CRJ-900,0
takeoff,LGA,13,1780343685.75,2026-06-01T19:54:45Z,40.779434,-73.872523,120.9,a3a152,N333DU,BCS3,,0
landing,JFK,13L,1780343694.36,2026-06-01T19:54:54Z,40.649242,-73.771408,120.9,a16c3a,N191DN,B763,BOEING 767-300,0
landing,LGA,04,1780343744.9,2026-06-01T19:55:44Z,40.778212,-73.87669,30.9,a6a2f7,N527AH,E190,EMBRAER ERJ-190-100,8
takeoff,LGA,13,1780343780.34,2026-06-01T19:56:20Z,40.779945,-73.873596,120.9,a36fa4,N320PQ,CRJ9,BOMBARDIER Regional Jet CRJ-900,0
landing,JFK,13L,1780343783.68,2026-06-01T19:56:23Z,40.650352,-73.773926,120.9,a52aed,N432DX,A339,AIRBUS A-330-900,0
landing,LGA,04,1780343831.09,2026-06-01T19:57:11Z,40.781948,-73.873581,30.9,a05ddc,N12225,B738,BOEING 737-800,0
takeoff,LGA,13,1780343859.97,2026-06-01T19:57:39Z,40.779167,-73.871994,120.9,c067ae,C-GNGV,BCS3,AIRBUS A220-300,0
takeoff,JFK,13R,1780343870.94,2026-06-01T19:57:50Z,40.646278,-73.812164,120.9,a8a3ce,N656JB,A320,AIRBUS A-320,0
landing,LGA,04,1780343913.89,2026-06-01T19:58:33Z,40.776397,-73.878156,30.9,a1ea70,N222WN,B737,BOEING 737-700,0
landing,JFK,13L,1780343950.38,2026-06-01T19:59:10Z,40.649666,-73.772369,120.9,a64578,N503DZ,A21N,AIRBUS A-321neo,0
takeoff,LGA,13,1780343954.86,2026-06-01T19:59:14Z,40.780323,-73.874374,120.9,a1094c,N166PQ,CRJ9,BOMBARDIER Regional Jet CRJ-900,0
landing,JFK,13L,1780344008.82,2026-06-01T20:00:08Z,40.650159,-73.773459,120.9,ada227,N978JB,A321,AIRBUS A-321,0
landing,LGA,04,1780344031.58,2026-06-01T20:00:31Z,40.777817,-73.876721,50.6,ac1951,N879RW,E170,EMBRAER ERJ-170-100,0
takeoff,JFK,13R,1780344042.08,2026-06-01T20:00:42Z,40.646301,-73.81218,120.9,a6c781,N536JB,A320,AIRBUS A-320,0
takeoff,LGA,13,1780344054.38,2026-06-01T20:00:54Z,40.780668,-73.875098,120.9,a086ce,N133EV,CRJ9,BOMBARDIER Regional Jet CRJ-900,0
landing,JFK,13L,1780344070.8,2026-06-01T20:01:10Z,40.650032,-73.773178,120.9,accd10,N924AK,B39M,BOEING 737 MAX 9,0
landing,LGA,04,1780344113.38,2026-06-01T20:01:53Z,40.777514,-73.877236,33.8,ac83d5,N905XJ,CRJ9,BOMBARDIER Regional Jet CRJ-900,0
takeoff,LGA,13,1780344153.82,2026-06-01T20:02:33Z,40.780296,-73.874333,120.9,abece7,N868DN,B739,BOEING 737-900,0
takeoff,JFK,13R,1780344161.31,2026-06-01T20:02:41Z,40.646458,-73.812504,120.9,a3c5ea,N342NB,A319,AIRBUS A-319,0
landing,JFK,13L,1780344173.1,2026-06-01T20:02:53Z,40.65194,-73.777344,120.9,a7cb53,N601DT,A21N,AIRBUS A-321neo,0
takeoff,LGA,13,1780344206.83,2026-06-01T20:03:26Z,40.781844,-73.877579,120.9,ab40ce,N824MD,E170,EMBRAER ERJ-170-100,0
takeoff,JFK,13R,1780344215.4,2026-06-01T20:03:35Z,40.646427,-73.812408,120.9,a37f8d,N3240J,BCS3,,0
takeoff,JFK,13R,1780344263.76,2026-06-01T20:04:23Z,40.648235,-73.816406,120.9,a22ac6,N239JQ,E75L,EMBRAER ERJ-170-200 (long wing),0
takeoff,LGA,13,1780344295.96,2026-06-01T20:04:55Z,40.779831,-73.873413,118.1,a32814,N302PQ,CRJ9,BOMBARDIER Regional Jet CRJ-900,0
landing,JFK,22L,1780344320.73,2026-06-01T20:05:20Z,40.628989,-73.767575,209.6,ab8b0b,N843AN,B789,BOEING 787-9 Dreamliner,0
landing,JFK,22R,1780344337.06,2026-06-01T20:05:37Z,40.645504,-73.770884,182.8,ab53e4,N829SK,CRJ9,BOMBARDIER Regional Jet CRJ-900,0
takeoff,LGA,13,1780344400.41,2026-06-01T20:06:40Z,40.780266,-73.874268,120.9,c06539,C-GMIQ,B738,BOEING 737-800,0
takeoff,JFK,13R,1780344401.93,2026-06-01T20:06:41Z,40.645226,-73.80983,120.9,3c651a,D-AIHZ,A346,AIRBUS A-340-600,0
landing,JFK,22R,1780344428.97,2026-06-01T20:07:08Z,40.645523,-73.770889,177.2,a19357,N200PQ,CRJ9,BOMBARDIER Regional Jet CRJ-900,0
takeoff,LGA,13,1780344454.28,2026-06-01T20:07:34Z,40.781588,-73.877033,120.9,a1d0a3,N216JQ,E75L,EMBRAER ERJ-170-200 (long wing),0
landing,JFK,13L,1780344499.18,2026-06-01T20:08:19Z,40.649437,-73.771851,120.9,a213bd,N233AZ,B763,BOEING 767-300,0
landing,JFK,22R,1780344510.62,2026-06-01T20:08:30Z,40.644424,-73.771011,196.9,ac8217,N905DN,B739,BOEING 737-900,0
takeoff,JFK,13R,1780344525.79,2026-06-01T20:08:45Z,40.646416,-73.812378,123.8,ab6162,N832SK,CRJ9,BOMBARDIER Regional Jet CRJ-900,0
landing,JFK,22L,1780344549.01,2026-06-01T20:09:09Z,40.633354,-73.764439,225.0,a3514f,N3125J,BCS3,,0
landing,LGA,04,1780344551.2,2026-06-01T20:09:11Z,40.777107,-73.877563,30.9,c00dea,C-FFGZ,A321,AIRBUS A-321,0
takeoff,LGA,13,1780344578.05,2026-06-01T20:09:38Z,40.781588,-73.877064,120.9,a00ce0,N102HQ,E75L,EMBRAER ERJ-170-200 (long wing),0
landing,JFK,13L,1780344629.35,2026-06-01T20:10:29Z,40.65109,-73.775519,120.9,a39338,N3298J,,,0
takeoff,JFK,13R,1780344631.45,2026-06-01T20:10:31Z,40.646587,-73.812805,120.9,ade9c0,N996JL,A321,AIRBUS A-321,0
takeoff,JFK,13R,1780344642.43,2026-06-01T20:10:42Z,40.648215,-73.816405,160.3,a15795,N186GJ,CRJ9,BOMBARDIER Regional Jet CRJ-900,0
takeoff,LGA,13,1780344652.35,2026-06-01T20:10:52Z,40.780518,-73.874878,120.9,aaee3b,N803NN,B738,BOEING 737-800,0
landing,JFK,13L,1780344695.16,2026-06-01T20:11:35Z,40.651218,-73.775784,120.9,a45316,N378SC,B38M,BOEING 737 MAX 8,0
takeoff,LGA,13,1780344720.48,2026-06-01T20:12:00Z,40.780403,-73.874619,120.9,a3a086,N33266,B738,BOEING 737-800,0
takeoff,JFK,13R,1780344758.48,2026-06-01T20:12:38Z,40.648144,-73.816177,120.9,ab400f,N824DN,B739,BOEING 737-900,0
takeoff,LGA,13,1780344778.15,2026-06-01T20:12:58Z,40.781704,-73.877298,118.1,a8a0d9,N655RW,E170,EMBRAER ERJ-170-100,0
landing,JFK,13L,1780344783.84,2026-06-01T20:13:03Z,40.650264,-73.773693,120.9,aaa02c,N784JB,A320,AIRBUS A-320,0
takeoff,JFK,13R,1780344831.09,2026-06-01T20:13:51Z,40.645981,-73.811432,120.9,a19910,N2017J,A21N,AIRBUS A-321neo,0
landing,LGA,04,1780344863.02,2026-06-01T20:14:23Z,40.778961,-73.875992,45.0,a24757,N246LV,B737,BOEING 737-700,0
landing,JFK,13L,1780344863.55,2026-06-01T20:14:23Z,40.648979,-73.770844,120.9,a36661,N318UX,B38M,BOEING 737 MAX 8,0
takeoff,LGA,13,1780344880.88,2026-06-01T20:14:40Z,40.780231,-73.874252,120.9,adb656,N983AN,B738,BOEING 737-800,0
takeoff,JFK,13R,1780344887.2,2026-06-01T20:14:47Z,40.646679,-73.812973,120.9,a1bc92,N2105J,A21N,AIRBUS A-321neo,0
takeoff,JFK,13R,1780344957.22,2026-06-01T20:15:57Z,40.646411,-73.81241,120.9,8966cf,A6-XWH,A35K,AIRBUS A-350-1000,0
takeoff,LGA,13,1780344957.82,2026-06-01T20:15:57Z,40.776512,-73.868759,120.9,a24757,N246LV,B737,BOEING 737-700,0
landing,LGA,04,1780344967.31,2026-06-01T20:16:07Z,40.778166,-73.876721,33.8,abe2f6,N865RW,E170,EMBRAER ERJ-170-100,0
takeoff,LGA,13,1780345001.71,2026-06-01T20:16:41Z,40.77983,-73.873381,118.1,a77d89,N582CA,CRJ9,BOMBARDIER Regional Jet CRJ-900,0
landing,JFK,13L,1780345020.6,2026-06-01T20:17:00Z,40.651148,-73.775643,120.9,ab772d,N838MH,B764,BOEING 767-400,0
landing,JFK,22R,1780345039.39,2026-06-01T20:17:19Z,40.644871,-73.770905,180.0,a1dd2d,N219YX,E75L,EMBRAER ERJ-170-200 (long wing),0
landing,LGA,04,1780345064.65,2026-06-01T20:17:44Z,40.778224,-73.876643,30.9,a866c7,N640RW,E170,EMBRAER ERJ-170-100,0
takeoff,LGA,13,1780345095.37,2026-06-01T20:18:15Z,40.780168,-73.874115,120.9,acb827,N919AN,B738,BOEING 737-800,0
landing,LGA,04,1780345145.95,2026-06-01T20:19:05Z,40.778597,-73.876362,33.8,a1e58f,N221JQ,E75L,EMBRAER ERJ-170-200 (long wing),0
takeoff,LGA,13,1780345177.76,2026-06-01T20:19:37Z,40.780563,-73.874895,120.9,a49d22,N397DN,A321,AIRBUS A-321,0
landing,JFK,22L,1780345191.81,2026-06-01T20:19:51Z,40.632751,-73.764648,210.9,ab4fae,N828MH,B764,BOEING 767-400,0
takeoff,JFK,13R,1780345204.99,2026-06-01T20:20:04Z,40.64619,-73.811911,120.9,4caeb8,EI-TYB,A339,AIRBUS A-330-900,0
landing,LGA,04,1780345224.98,2026-06-01T20:20:24Z,40.776741,-73.877914,33.8,acda02,N927UW,A321,AIRBUS A-321,0
landing,JFK,13L,1780345248.76,2026-06-01T20:20:48Z,40.649263,-73.771539,123.8,a16ff1,N192DN,B763,BOEING 767-300,0
takeoff,LGA,13,1780345253.92,2026-06-01T20:20:53Z,40.781799,-73.877487,120.9,a1ccec,N215JQ,E75L,EMBRAER ERJ-170-200 (long wing),0
landing,LGA,04,1780345301.71,2026-06-01T20:21:41Z,40.777049,-73.877626,30.9,aa56b3,N76514,B738,BOEING 737-800,0
takeoff,LGA,13,1780345331.17,2026-06-01T20:22:11Z,40.781657,-73.877189,120.9,a42a37,N368CA,CRJ7,BOMBARDIER Regional Jet CRJ-700,0
landing,JFK,13L,1780345356.44,2026-06-01T20:22:36Z,40.651234,-73.775833,120.9,a091d5,N136DQ,BCS1,AIRBUS A220-100,0
takeoff,LGA,13,1780345392.8,2026-06-01T20:23:12Z,40.782143,-73.878159,123.8,a01097,N103HQ,E75L,EMBRAER ERJ-170-200 (long wing),0
landing,JFK,13L,1780345412.76,2026-06-01T20:23:32Z,40.650136,-73.773396,120.9,ab1c47,N815DN,B739,BOEING 737-900,0
landing,LGA,04,1780345455.14,2026-06-01T20:24:15Z,40.775517,-73.878922,33.8,a13c73,N179UW,A321,AIRBUS A-321,0
takeoff,LGA,13,1780345501.94,2026-06-01T20:25:01Z,40.781343,-73.876549,120.9,a34d98,N3115J,BCS3,AIRBUS A220-300,0
takeoff,JFK,13R,1780345516.56,2026-06-01T20:25:16Z,40.645713,-73.810881,122.4,0d08d1,XA-DHM,B789,BOEING 787-9 Dreamliner,0
landing,JFK,13L,1780345519.38,2026-06-01T20:25:19Z,40.64889,-73.770993,140.6,a00929,N101HQ,E75L,EMBRAER ERJ-170-200 (long wing),0
takeoff,JFK,13R,1780345555.8,2026-06-01T20:25:55Z,40.648192,-73.816296,120.9,a21fa1,N236JQ,E75L,EMBRAER ERJ-170-200 (long wing),0
landing,LGA,04,1780345563.7,2026-06-01T20:26:03Z,40.777462,-73.877289,33.8,acf69b,N934XJ,CRJ9,BOMBARDIER Regional Jet CRJ-900,0
landing,JFK,13L,1780345589.19,2026-06-01T20:26:29Z,40.649918,-73.772949,120.9,a37517,N3215J,BCS3,,0
takeoff,LGA,13,1780345600.29,2026-06-01T20:26:40Z,40.780586,-73.874969,120.9,a071c2,N128DN,A321,AIRBUS A-321,0
landing,LGA,04,1780345660.41,2026-06-01T20:27:40Z,40.777735,-73.877064,33.8,a01f0d,N107DN,A321,AIRBUS A-321,0
landing,JFK,13L,1780345662.4,2026-06-01T20:27:42Z,40.651241,-73.775846,120.9,a3556f,N3138J,BCS3,AIRBUS A220-300,0
takeoff,JFK,13R,1780345702.06,2026-06-01T20:28:22Z,40.646283,-73.812129,120.9,a44943,N3754A,B738,BOEING 737-800,0
takeoff,LGA,13,1780345702.96,2026-06-01T20:28:22Z,40.780071,-73.873886,120.9,a8913b,N651JB,A320,AIRBUS A-320,0
landing,JFK,13L,1780345733.66,2026-06-01T20:28:53Z,40.651288,-73.775987,120.9,c04c36,C-GCWJ,B737,BOEING 737-700,0
takeoff,JFK,13R,1780345761.4,2026-06-01T20:29:21Z,40.646175,-73.811874,120.9,a5b3ad,N467AS,B739,BOEING 737-900,0
landing,LGA,04,1780345762.33,2026-06-01T20:29:22Z,40.778608,-73.876331,33.8,a441c9,N3733Z,B738,BOEING 737-800,0
takeoff,LGA,13,1780345794.11,2026-06-01T20:29:54Z,40.781067,-73.875946,118.1,a3183d,N299PQ,CRJ9,BOMBARDIER Regional Jet CRJ-900,0
landing,JFK,13L,1780345816.78,2026-06-01T20:30:16Z,40.650461,-73.774145,123.8,aca29a,N913JB,A321,AIRBUS A-321,0
landing,LGA,04,1780345882.42,2026-06-01T20:31:22Z,40.778297,-73.876602,30.9,ac0a75,N875RW,E170,EMBRAER ERJ-170-100,0
landing,JFK,13L,1780345903.6,2026-06-01T20:31:43Z,40.651905,-73.777282,120.9,a32bba,N303NY,A21N,AIRBUS A-321neo,0
takeoff,LGA,13,1780345909.46,2026-06-01T20:31:49Z,40.780622,-73.874989,120.9,abc4be,N8577Z,B738,BOEING 737-800,0
takeoff,JFK,13R,1780345940.03,2026-06-01T20:32:20Z,40.6464,-73.812426,120.9,a1ddbb,N2193J,A21N,AIRBUS A-321neo,0
landing,LGA,04,1780345986.83,2026-06-01T20:33:06Z,40.778149,-73.876709,33.8,a07fa6,N131HQ,E75L,EMBRAER ERJ-170-200 (long wing),0
takeoff,JFK,13R,1780345995.12,2026-06-01T20:33:15Z,40.646004,-73.811552,120.9,aa3b85,N759AN,B772,BOEING 777-200,0
takeoff,LGA,13,1780346012.2,2026-06-01T20:33:32Z,40.781855,-73.877595,120.9,aa127e,N748YX,E75L,EMBRAER ERJ-170-200 (long wing),0
landing,JFK,04L,1780346015.79,2026-06-01T20:33:35Z,40.648087,-73.767502,45.0,782240,B-227G,B77L,BOEING 777-200LR,0
landing,JFK,13L,1780346079.2,2026-06-01T20:34:39Z,40.651852,-73.777222,120.9,478854,LN-RKS,A333,AIRBUS A-330-300,0
takeoff,LGA,13,1780346092.36,2026-06-01T20:34:52Z,40.780209,-73.874146,120.9,a34e9d,N312DU,BCS3,AIRBUS A220-300,0
takeoff,JFK,13R,1780346110.83,2026-06-01T20:35:10Z,40.646313,-73.812164,120.9,acb2c2,N917XJ,CRJ9,BOMBARDIER Regional Jet CRJ-900,0
landing,LGA,04,1780346146.84,2026-06-01T20:35:46Z,40.777222,-73.877472,36.6,ac26cf,N882RW,E170,EMBRAER ERJ-170-100,0
takeoff,JFK,13R,1780346159.46,2026-06-01T20:35:59Z,40.647995,-73.815964,123.8,781100,B-7868,B77W,BOEING 777-300ER,0
takeoff,LGA,13,1780346183.1,2026-06-01T20:36:23Z,40.78014,-73.874054,120.9,ab44a7,N825NN,B738,BOEING 737-800,0
landing,JFK,13L,1780346221.2,2026-06-01T20:37:01Z,40.65168,-73.776855,120.9,aaf968,N806NW,A333,AIRBUS A-330-300,0
landing,LGA,04,1780346237.85,2026-06-01T20:37:17Z,40.776886,-73.877766,33.8,ad34b4,N950AN,B738,BOEING 737-800,0
takeoff,LGA,13,1780346270.13,2026-06-01T20:37:50Z,40.78118,-73.87619,123.8,a93d7c,N695CA,CRJ9,BOMBARDIER Regional Jet CRJ-900,0
takeoff,JFK,13R,1780346306.64,2026-06-01T20:38:26Z,40.646152,-73.811874,120.9,ab686f,N834NN,B738,BOEING 737-800,0
landing,LGA,04,1780346327.2,2026-06-01T20:38:47Z,40.778643,-73.876299,33.8,abd7d1,N862RW,E170,EMBRAER ERJ-170-100,0
takeoff,LGA,13,1780346358.89,2026-06-01T20:39:18Z,40.780191,-73.874099,120.9,a32367,N301DU,BCS3,AIRBUS A220-300,0
landing,JFK,13L,1780346366.63,2026-06-01T20:39:26Z,40.651646,-73.776749,120.9,a6a3c2,N527JL,A320,AIRBUS A-320,0
landing,LGA,04,1780346398.04,2026-06-01T20:39:58Z,40.778824,-73.876511,2.8,a248ce,N2461K,GLF6,GULFSTREAM G650,8
takeoff,LGA,13,1780346427.16,2026-06-01T20:40:27Z,40.780389,-73.874583,120.9,ac0ba7,N87527,B738,BOEING 737-800,0
takeoff,JFK,13R,1780346429.77,2026-06-01T20:40:29Z,40.645958,-73.811401,120.9,3c7a44,D-ANRD,A339,AIRBUS A-330-900,0
landing,JFK,13L,1780346469.45,2026-06-01T20:41:09Z,40.65116,-73.775659,120.9,ad846f,N970JB,A321,AIRBUS A-321,0
takeoff,JFK,13R,1780346505.69,2026-06-01T20:41:45Z,40.647354,-73.814453,120.9,ab1d30,N815NW,A333,AIRBUS A-330-300,0
landing,LGA,04,1780346510.85,2026-06-01T20:41:50Z,40.778154,-73.876112,56.2,a7de93,N606LR,CRJ9,BOMBARDIER Regional Jet CRJ-900,0
takeoff,LGA,13,1780346513.53,2026-06-01T20:41:53Z,40.781982,-73.877823,120.9,a4bdb9,N404YX,E75L,EMBRAER ERJ-170-200 (long wing),0
takeoff,JFK,13R,1780346555.65,2026-06-01T20:42:35Z,40.648122,-73.816171,123.8,a32886,N302UD,B38M,BOEING 737 MAX 8,0
landing,LGA,04,1780346586.37,2026-06-01T20:43:06Z,40.777496,-73.877182,42.2,a1c1c7,N212JQ,E75L,EMBRAER ERJ-170-200 (long wing),0
takeoff,LGA,13,1780346612.17,2026-06-01T20:43:32Z,40.780005,-73.873709,120.9,ad01c0,N937XJ,CRJ9,BOMBARDIER Regional Jet CRJ-900,0
landing,JFK,13L,1780346614.69,2026-06-01T20:43:34Z,40.64954,-73.772095,123.8,a3489f,N310UM,B38M,,0
takeoff,JFK,13R,1780346679.43,2026-06-01T20:44:39Z,40.64683,-73.813331,120.9,a2e806,N287AK,B739,BOEING 737-900,0
landing,LGA,04,1780346685.02,2026-06-01T20:44:45Z,40.778881,-73.876099,33.8,a0634c,N124HQ,E75L,EMBRAER ERJ-170-200 (long wing),0
takeoff,JFK,13R,1780346706.27,2026-06-01T20:45:06Z,40.648064,-73.816193,151.9,ab20e7,N816NW,A333,AIRBUS A-330-300,0
takeoff,LGA,13,1780346723.72,2026-06-01T20:45:23Z,40.779797,-73.873306,120.9,a399e4,N331DU,BCS3,,0
landing,LGA,04,1780346780.6,2026-06-01T20:46:20Z,40.77887,-73.876114,33.8,abbb77,N855RW,E170,EMBRAER ERJ-170-100,0
takeoff,LGA,13,1780346806.53,2026-06-01T20:46:46Z,40.781238,-73.876315,118.1,a07f60,N131EV,CRJ9,BOMBARDIER Regional Jet CRJ-900,0
landing,LGA,04,1780346862.12,2026-06-01T20:47:42Z,40.778271,-73.876612,33.8,a1e1d8,N220JQ,E75L,EMBRAER ERJ-170-200 (long wing),0
landing,LGA,04,1780346912.8,2026-06-01T20:48:32Z,40.777325,-73.877411,30.9,abf8ff,N8702L,B38M,BOEING 737 MAX 8,0
landing,JFK,13L,1780346912.85,2026-06-01T20:48:32Z,40.651085,-73.775467,120.9,a6b470,N531DA,A21N,AIRBUS A-321neo,0
takeoff,LGA,13,1780346949.64,2026-06-01T20:49:09Z,40.779865,-73.873428,118.1,a148b9,N182GJ,CRJ9,BOMBARDIER Regional Jet CRJ-900,0
landing,LGA,04,1780347042.87,2026-06-01T20:50:42Z,40.775198,-73.879155,33.8,a38527,N326FR,A20N,AIRBUS A-320neo,0
takeoff,LGA,13,1780347079.55,2026-06-01T20:51:19Z,40.781628,-73.877106,120.9,a0144e,N104HQ,E75L,EMBRAER ERJ-170-200 (long wing),0
landing,JFK,13L,1780347117.77,2026-06-01T20:51:57Z,40.651579,-73.776595,120.9,a7858e,N584JB,A320,AIRBUS A-320,0
takeoff,JFK,13R,1780347119.07,2026-06-01T20:51:59Z,40.646587,-73.812805,120.9,3965a1,F-GZNB,B77W,BOEING 777-300ER,0
landing,LGA,04,1780347179.11,2026-06-01T20:52:59Z,40.77776,-73.876846,50.6,abc2e5,N857RW,E170,EMBRAER ERJ-170-100,0
takeoff,LGA,04,1780347179.11,2026-06-01T20:52:59Z,40.77776,-73.876846,50.6,abc2e5,N857RW,E170,EMBRAER ERJ-170-100,0
landing,LGA,04,1780347179.79,2026-06-01T20:52:59Z,40.777863,-73.876674,53.4,abc2e5,N857RW,E170,EMBRAER ERJ-170-100,0
takeoff,JFK,13R,1780347200.98,2026-06-01T20:53:20Z,40.647145,-73.814002,120.9,a539c9,N436DX,A339,AIRBUS A-330-900,0
takeoff,LGA,13,1780347211.98,2026-06-01T20:53:31Z,40.779865,-73.873444,120.9,a4794e,N388DA,B738,BOEING 737-800,0
landing,LGA,04,1780347245.3,2026-06-01T20:54:05Z,40.776306,-73.878265,33.8,ade543,N995AN,A321,AIRBUS A-321,0
landing,JFK,13L,1780347288.96,2026-06-01T20:54:48Z,40.650939,-73.77516,120.9,a75da2,N574D,A21N,AIRBUS A-321neo,0
takeoff,JFK,13R,1780347290.98,2026-06-01T20:54:50Z,40.647284,-73.814345,120.9,a11380,N169DZ,B763,BOEING 767-300,0
takeoff,LGA,13,1780347299.67,2026-06-01T20:54:59Z,40.781052,-73.875925,120.9,a23a03,N24212,B738,BOEING 737-800,0
landing,LGA,04,1780347350.39,2026-06-01T20:55:50Z,40.777875,-73.876939,33.8,a3c2a9,N341SV,B38M,BOEING 737 MAX 8,0
landing,JFK,13L,1780347405.57,2026-06-01T20:56:45Z,40.651806,-73.777084,120.9,a3689e,N319DU,BCS3,,0
landing,LGA,04,1780347424.4,2026-06-01T20:57:04Z,40.778652,-73.876312,33.8,c03da9,C-FXJC,E75S,EMBRAER ERJ-170-200 (short wing),0
takeoff,JFK,13R,1780347436.54,2026-06-01T20:57:16Z,40.64764,-73.815094,120.9,a3cd58,N344NB,A319,AIRBUS A-319,0
takeoff,LGA,13,1780347458.16,2026-06-01T20:57:38Z,40.780459,-73.874676,120.9,accb65,N923XJ,CRJ9,BOMBARDIER Regional Jet CRJ-900,0
landing,JFK,31L,1780347462.12,2026-06-01T20:57:42Z,40.629433,-73.770004,295.3,4843f2,PH-BQO,B772,BOEING 777-200,0
takeoff,JFK,13R,1780347496.78,2026-06-01T20:58:16Z,40.646505,-73.812613,120.9,ada51e,N979AK,B39M,BOEING 737 MAX 9,0
landing,LGA,04,1780347507.78,2026-06-01T20:58:27Z,40.775608,-73.87883,33.8,a05f37,N123DW,A321,AIRBUS A-321,0
landing,JFK,13L,1780347510.01,2026-06-01T20:58:30Z,40.650357,-73.77388,120.9,ad734a,N966JT,A321,AIRBUS A-321,0
takeoff,LGA,13,1780347538.18,2026-06-01T20:58:58Z,40.781785,-73.877454,120.9,c00b8a,C-FEJP,E75S,EMBRAER ERJ-170-200 (short wing),0
takeoff,JFK,13R,1780347557.36,2026-06-01T20:59:17Z,40.646563,-73.812738,120.9,a33328,N305NY,A21N,AIRBUS A-321neo,0
landing,JFK,13L,1780347605.91,2026-06-01T21:00:05Z,40.651241,-73.775831,120.9,aded77,N997JL,A321,AIRBUS A-321,0
landing,LGA,04,1780347611.87,2026-06-01T21:00:11Z,40.77777,-73.877033,30.9,ac7c52,N903WN,B737,BOEING 737-700,0
takeoff,JFK,13R,1780347618.5,2026-06-01T21:00:18Z,40.647121,-73.813955,120.9,aa5428,N765AN,B772,BOEING 777-200,0
takeoff,LGA,13,1780347638.87,2026-06-01T21:00:38Z,40.780689,-73.875198,120.9,acbffd,N920US,A321,AIRBUS A-321,0
landing,JFK,13L,1780347680.62,2026-06-01T21:01:20Z,40.650352,-73.773865,120.9,a98386,N712AL,B39M,,0
landing,LGA,04,1780347685.51,2026-06-01T21:01:25Z,40.776443,-73.878128,30.9,a008c5,N101DQ,A321,AIRBUS A-321,0
takeoff,LGA,13,1780347723.98,2026-06-01T21:02:03Z,40.781064,-73.875925,120.9,ac3f2f,N8889Q,B38M,BOEING 737 MAX 8,0
takeoff,JFK,13R,1780347723.98,2026-06-01T21:02:03Z,40.646255,-73.812042,120.9,a790b3,N587JB,A320,AIRBUS A-320,0
landing,JFK,13L,1780347787.34,2026-06-01T21:03:07Z,40.65159,-73.776595,120.9,4b1887,HB-JHN,A333,AIRBUS A-330-300,0
landing,LGA,04,1780347794.88,2026-06-01T21:03:14Z,40.778143,-73.876736,33.8,ada699,N979RP,E170,EMBRAER ERJ-170-100,0
takeoff,JFK,13R,1780347804.83,2026-06-01T21:03:24Z,40.64637,-73.812317,119.6,485b42,PH-BKA,B78X,BOEING 787-10 Dreamliner,0
landing,JFK,22L,1780347818.97,2026-06-01T21:03:38Z,40.632202,-73.76503,210.9,a38fa4,N3289J,,,0
landing,LGA,04,1780347863.88,2026-06-01T21:04:23Z,40.77699,-73.877704,33.8,a09533,N137AA,A321,AIRBUS A-321,0
takeoff,JFK,13R,1780347887.25,2026-06-01T21:04:47Z,40.646086,-73.811692,120.9,4b187b,HB-JHB,A333,AIRBUS A-330-300,0
takeoff,LGA,13,1780347905.69,2026-06-01T21:05:05Z,40.780266,-73.874283,120.9,a44988,N3756,B738,BOEING 737-800,0
landing,JFK,13L,1780347947.72,2026-06-01T21:05:47Z,40.648855,-73.770572,123.8,a0563b,N1201P,B763,BOEING 767-300,0
takeoff,JFK,13R,1780347959.7,2026-06-01T21:05:59Z,40.647447,-73.814689,120.9,a16883,N190DN,B763,BOEING 767-300,0
landing,LGA,04,1780347963.41,2026-06-01T21:06:03Z,40.778957,-73.876034,33.8,a1c935,N214JQ,E75L,EMBRAER ERJ-170-200 (long wing),0
takeoff,LGA,13,1780347993.71,2026-06-01T21:06:33Z,40.779714,-73.873116,120.9,a6f98e,N549CA,CRJ9,BOMBARDIER Regional Jet CRJ-900,0
landing,JFK,13L,1780348035.18,2026-06-01T21:07:15Z,40.650764,-73.774785,120.9,ab44af,N825NW,A333,AIRBUS A-330-300,0
takeoff,JFK,13R,1780348040.82,2026-06-01T21:07:20Z,40.64626,-73.812067,118.1,a2c93f,N279PQ,CRJ9,BOMBARDIER Regional Jet CRJ-900,0
landing,LGA,04,1780348051.41,2026-06-01T21:07:31Z,40.777565,-73.877136,36.6,a01f73,N107HQ,E75L,EMBRAER ERJ-170-200 (long wing),0
takeoff,LGA,04,1780348051.41,2026-06-01T21:07:31Z,40.777565,-73.877136,36.6,a01f73,N107HQ,E75L,EMBRAER ERJ-170-200 (long wing),0
landing,LGA,04,1780348056.81,2026-06-01T21:07:36Z,40.778282,-73.876518,33.8,a01f73,N107HQ,E75L,EMBRAER ERJ-170-200 (long wing),0
takeoff,JFK,13R,1780348109.15,2026-06-01T21:08:29Z,40.6469,-73.813487,120.9,4ca74e,EI-EAV,A333,AIRBUS A-330-300,0
landing,LGA,04,1780348125.39,2026-06-01T21:08:45Z,40.776466,-73.878113,33.8,a38237,N325PQ,CRJ9,BOMBARDIER Regional Jet CRJ-900,0
landing,JFK,13L,1780348191.43,2026-06-01T21:09:51Z,40.650287,-73.77374,123.8,adf194,N998NN,B738,BOEING 737-800,0
landing,LGA,04,1780348209.93,2026-06-01T21:10:09Z,40.77673,-73.877899,28.1,a18380,N197PQ,CRJ9,BOMBARDIER Regional Jet CRJ-900,0
takeoff,JFK,13R,1780348216.86,2026-06-01T21:10:16Z,40.646505,-73.812613,120.9,aa4d77,N763JB,A320,AIRBUS A-320,0
takeoff,JFK,13R,1780348268.43,2026-06-01T21:11:08Z,40.647354,-73.814499,120.9,ace81d,N93003,A319,AIRBUS A-319,0
landing,LGA,04,1780348286.93,2026-06-01T21:11:26Z,40.778526,-73.876404,33.8,a1a924,N206JQ,E75L,EMBRAER ERJ-170-200 (long wing),0
landing,JFK,13L,1780348295.04,2026-06-01T21:11:35Z,40.651337,-73.776047,120.9,ad7ab8,N968JT,A321,AIRBUS A-321,0
takeoff,LGA,13,1780348302.8,2026-06-01T21:11:42Z,40.781662,-73.877213,120.9,a866c7,N640RW,E170,EMBRAER ERJ-170-100,0
takeoff,JFK,13R,1780348333.52,2026-06-01T21:12:13Z,40.646109,-73.811724,120.9,a33843,N3062J,BCS3,AIRBUS A220-300,0
landing,LGA,04,1780348343.26,2026-06-01T21:12:23Z,40.776329,-73.87822,33.8,ac0094,N8723Q,B38M,BOEING 737 MAX 8,0
takeoff,JFK,13R,1780348380.61,2026-06-01T21:13:00Z,40.646958,-73.813596,120.9,a7cf10,N602DZ,A21N,AIRBUS A-321neo,0
takeoff,LGA,13,1780348391.32,2026-06-01T21:13:11Z,40.781809,-73.877517,120.9,abe2f6,N865RW,E170,EMBRAER ERJ-170-100,0
landing,JFK,13L,1780348395.05,2026-06-01T21:13:15Z,40.651812,-73.777095,123.8,ab4c76,N827SK,CRJ9,BOMBARDIER Regional Jet CRJ-900,0
landing,LGA,04,1780348455.15,2026-06-01T21:14:15Z,40.777945,-73.876892,33.8,ac1f61,N880RW,E170,EMBRAER ERJ-170-100,0
landing,JFK,13L,1780348507.34,2026-06-01T21:15:07Z,40.651096,-73.775497,120.9,a6ee8e,N546DN,A21N,AIRBUS A-321neo,0
landing,JFK,22L,1780348514.81,2026-06-01T21:15:14Z,40.632527,-73.764813,210.9,40808c,G-VNVR,A35K,AIRBUS A-350-1000,0
takeoff,JFK,13R,1780348523.71,2026-06-01T21:15:23Z,40.646493,-73.812582,120.9,3485c3,EC-ORZ,A21N,AIRBUS A-321neo,0
landing,LGA,04,1780348527.41,2026-06-01T21:15:27Z,40.77592,-73.878562,33.8,a03b67,N114DN,A321,AIRBUS A-321,0
landing,LGA,04,1780348602.84,2026-06-01T21:16:42Z,40.776855,-73.877792,33.8,a3761c,N322DU,BCS3,AIRBUS A220-300,0
takeoff,JFK,13R,1780348605.2,2026-06-01T21:16:45Z,40.646505,-73.812597,120.9,a64ce6,N505DZ,A21N,AIRBUS A-321neo,0
takeoff,LGA,13,1780348617.34,2026-06-01T21:16:57Z,40.782146,-73.878203,123.8,a1e946,N222JQ,E75L,EMBRAER ERJ-170-200 (long wing),0
landing,LGA,04,1780348692.62,2026-06-01T21:18:12Z,40.777817,-73.876999,33.8,ac9709,N910DU,B739,BOEING 737-900,0
landing,JFK,13L,1780348722.69,2026-06-01T21:18:42Z,40.651043,-73.775378,120.9,a14104,N180DN,B763,BOEING 767-300,0
takeoff,LGA,13,1780348728.13,2026-06-01T21:18:48Z,40.78022,-73.874191,120.9,a2450b,N24508,A21N,,0
landing,LGA,04,1780348796.49,2026-06-01T21:19:56Z,40.777561,-73.877189,36.6,a54312,N438YX,E75L,EMBRAER ERJ-170-200 (long wing),0
takeoff,JFK,13R,1780348818.56,2026-06-01T21:20:18Z,40.646481,-73.812566,120.9,a19357,N200PQ,CRJ9,BOMBARDIER Regional Jet CRJ-900,0
landing,LGA,04,1780348871.97,2026-06-01T21:21:11Z,40.776606,-73.877985,30.9,a8f235,N676CA,CRJ9,BOMBARDIER Regional Jet CRJ-900,0
takeoff,LGA,13,1780348898.43,2026-06-01T21:21:38Z,40.781719,-73.877335,118.1,a1e58f,N221JQ,E75L,EMBRAER ERJ-170-200 (long wing),0
landing,LGA,04,1780348941.65,2026-06-01T21:22:21Z,40.778271,-73.876627,33.8,aa56d5,N76523,B738,BOEING 737-800,0
takeoff,LGA,13,1780348980.58,2026-06-01T21:23:00Z,40.780179,-73.874115,120.9,ad0e61,N940NN,B738,BOEING 737-800,0
takeoff,JFK,13R,1780349017.95,2026-06-01T21:23:37Z,40.645992,-73.811462,120.9,a73dfe,N566JB,A320,AIRBUS A-320,0
takeoff,LGA,13,1780349039.72,2026-06-01T21:23:59Z,40.781041,-73.875894,120.9,a04a4d,N118DY,A321,AIRBUS A-321,0
landing,LGA,04,1780349082.46,2026-06-01T21:24:42Z,40.776176,-73.878344,33.8,a1277b,N17359,B38M,BOEING 737 MAX 8,0
takeoff,LGA,13,1780349103.52,2026-06-01T21:25:03Z,40.782108,-73.878143,120.9,a52911,N431YX,E75L,EMBRAER ERJ-170-200 (long wing),0
takeoff,JFK,13R,1780349104.65,2026-06-01T21:25:04Z,40.646609,-73.812816,120.9,ad6f93,N965JT,A321,AIRBUS A-321,0
takeoff,JFK,13R,1780349168.67,2026-06-01T21:26:08Z,40.645821,-73.811081,120.9,a38ad5,N3271J,BCS3,,0
landing,JFK,13L,1780349182.77,2026-06-01T21:26:22Z,40.651314,-73.776001,120.9,a73a57,N565JT,GLF5,GULFSTREAM 5,8
landing,JFK,22R,1780349194.19,2026-06-01T21:26:34Z,40.645527,-73.770899,180.0,a5fc87,N485PX,CRJ9,BOMBARDIER Regional Jet CRJ-900,0
landing,LGA,04,1780349199.48,2026-06-01T21:26:39Z,40.776684,-73.87793,28.1,a7dadc,N605LR,CRJ9,BOMBARDIER Regional Jet CRJ-900,0
takeoff,JFK,13R,1780349230.03,2026-06-01T21:27:10Z,40.648227,-73.816374,123.8,a00929,N101HQ,E75L,EMBRAER ERJ-170-200 (long wing),0
takeoff,LGA,13,1780349239.08,2026-06-01T21:27:19Z,40.779772,-73.873241,118.1,a35e6f,N316PQ,CRJ9,BOMBARDIER Regional Jet CRJ-900,0
landing,JFK,22L,1780349255.27,2026-06-01T21:27:35Z,40.634708,-73.763107,210.9,40621d,G-STBC,B77W,BOEING 777-300ER,0
landing,JFK,13L,1780349293.25,2026-06-01T21:28:13Z,40.650616,-73.774475,120.9,a9704d,N707TW,B752,BOEING 757-200,0
takeoff,JFK,31L,1780349306.32,2026-06-01T21:28:26Z,40.649437,-73.815672,261.6,4a91b3,SE-DMS,A21N,AIRBUS A-321neo,0
landing,LGA,04,1780349308.94,2026-06-01T21:28:28Z,40.778143,-73.876721,30.9,a08e82,N135HQ,E75L,EMBRAER ERJ-170-200 (long wing),0
takeoff,JFK,13R,1780349326.19,2026-06-01T21:28:46Z,40.646016,-73.811521,120.9,ada227,N978JB,A321,AIRBUS A-321,0
takeoff,LGA,13,1780349337.15,2026-06-01T21:28:57Z,40.780071,-73.873856,120.9,a1ea70,N222WN,B737,BOEING 737-700,0
landing,LGA,04,1780349432.35,2026-06-01T21:30:32Z,40.776043,-73.878494,32.5,a2563f,N25MG,SF50,CIRRUS SF-50 Vision,8
takeoff,JFK,13R,1780349441.69,2026-06-01T21:30:41Z,40.646342,-73.81227,120.9,aa6914,N770AN,B772,BOEING 777-200,0
landing,LGA,04,1780349488.9,2026-06-01T21:31:28Z,40.775873,-73.878609,33.8,a0540a,N120DN,A321,AIRBUS A-321,0
takeoff,LGA,13,1780349508.27,2026-06-01T21:31:48Z,40.782177,-73.878281,120.9,a546c9,N439YX,E75L,EMBRAER ERJ-170-200 (long wing),0
landing,JFK,22L,1780349532.62,2026-06-01T21:32:12Z,40.630371,-73.766785,222.2,4bb142,TC-LJB,B77W,BOEING 777-300ER,0
takeoff,JFK,13R,1780349561.22,2026-06-01T21:32:41Z,40.646411,-73.81241,120.9,a023a5,N108NN,A321,AIRBUS A-321,0
takeoff,JFK,31L,1780349563.52,2026-06-01T21:32:43Z,40.649542,-73.815469,286.9,a1dd2d,N219YX,E75L,EMBRAER ERJ-170-200 (long wing),0
landing,JFK,13L,1780349571.99,2026-06-01T21:32:51Z,40.651043,-73.775472,120.9,a77035,N579DT,A21N,AIRBUS A-321neo,0
landing,LGA,04,1780349580.34,2026-06-01T21:33:00Z,40.77635,-73.878203,33.8,a471e0,N386DA,B738,BOEING 737-800,0
takeoff,JFK,13R,1780349601.76,2026-06-01T21:33:21Z,40.647471,-73.814735,120.9,a13af4,N179DN,B763,BOEING 767-300,0
takeoff,LGA,13,1780349617.05,2026-06-01T21:33:37Z,40.780738,-73.875301,120.9,c00dea,C-FFGZ,A321,AIRBUS A-321,0
landing,JFK,13L,1780349667.14,2026-06-01T21:34:27Z,40.649826,-73.772659,120.9,a67bc8,N517DN,A21N,AIRBUS A-321neo,0
landing,LGA,04,1780349686.38,2026-06-01T21:34:46Z,40.778003,-73.87683,33.8,a359c2,N315DU,BCS3,AIRBUS A220-300,0
takeoff,LGA,13,1780349737.4,2026-06-01T21:35:37Z,40.7799,-73.873553,120.9,a05ddc,N12225,B738,BOEING 737-800,0
landing,JFK,22L,1780349744.37,2026-06-01T21:35:44Z,40.633678,-73.763901,210.9,ab6519,N833SK,CRJ9,BOMBARDIER Regional Jet CRJ-900,0
takeoff,JFK,13R,1780349752.27,2026-06-01T21:35:52Z,40.646324,-73.812195,120.9,ab53e4,N829SK,CRJ9,BOMBARDIER Regional Jet CRJ-900,0
landing,JFK,13L,1780349772.0,2026-06-01T21:36:12Z,40.650833,-73.774933,120.9,a6d649,N54HG,F900,DASSAULT Falcon 900,0
takeoff,JFK,13R,1780349809.46,2026-06-01T21:36:49Z,40.646255,-73.812057,120.9,a00d5b,N102NN,A321,AIRBUS A-321,0
landing,LGA,04,1780349815.85,2026-06-01T21:36:55Z,40.778084,-73.876768,30.9,a3b8f5,N339TP,B38M,BOEING 737 MAX 8,0
takeoff,LGA,13,1780349849.7,2026-06-01T21:37:29Z,40.780168,-73.874068,120.9,acf69b,N934XJ,CRJ9,BOMBARDIER Regional Jet CRJ-900,0
takeoff,JFK,13R,1780349862.35,2026-06-01T21:37:42Z,40.646225,-73.811973,120.9,aca79d,N914XJ,CRJ9,BOMBARDIER Regional Jet CRJ-900,0
takeoff,JFK,13R,1780349909.33,2026-06-01T21:38:29Z,40.646516,-73.812629,120.9,a0f44c,N1602,B763,BOEING 767-300,0
landing,JFK,04L,1780349920.75,2026-06-01T21:38:40Z,40.648407,-73.767288,30.9,780bb8,B-2097,B77L,BOEING 777-200LR,0
landing,LGA,04,1780349927.99,2026-06-01T21:38:47Z,40.777576,-73.877213,30.9,a34bdc,N311PQ,CRJ9,BOMBARDIER Regional Jet CRJ-900,0
takeoff,LGA,13,1780349947.03,2026-06-01T21:39:07Z,40.781811,-73.877502,120.9,ac1951,N879RW,E170,EMBRAER ERJ-170-100,0
landing,LGA,04,1780350030.86,2026-06-01T21:40:30Z,40.776409,-73.878156,30.9,a39ada,N331PQ,CRJ9,BOMBARDIER Regional Jet CRJ-900,0
takeoff,LGA,13,1780350051.49,2026-06-01T21:40:51Z,40.782017,-73.877914,120.9,a4fddb,N420YX,E75L,EMBRAER ERJ-170-200 (long wing),0
landing,JFK,13L,1780350068.0,2026-06-01T21:41:08Z,40.650659,-73.774535,120.9,ace063,N929JB,A321,AIRBUS A-321,0
takeoff,JFK,13R,1780350083.78,2026-06-01T21:41:23Z,40.646411,-73.812395,120.9,a78945,N585JB,A320,AIRBUS A-320,0
takeoff,JFK,31L,1780350120.46,2026-06-01T21:42:00Z,40.64953,-73.815547,261.6,a230d6,N240JQ,E75L,EMBRAER ERJ-170-200 (long wing),0
landing,LGA,04,1780350124.59,2026-06-01T21:42:04Z,40.778503,-73.876393,33.8,a4c527,N406YX,E75L,EMBRAER ERJ-170-200 (long wing),0
takeoff,LGA,13,1780350147.47,2026-06-01T21:42:27Z,40.781525,-73.876892,120.9,a07fa6,N131HQ,E75L,EMBRAER ERJ-170-200 (long wing),0
takeoff,JFK,13R,1780350148.68,2026-06-01T21:42:28Z,40.64633,-73.812207,120.9,a7cb53,N601DT,A21N,AIRBUS A-321neo,0
landing,LGA,04,1780350197.07,2026-06-01T21:43:17Z,40.776513,-73.878078,33.8,ac6573,N8980Q,B38M,BOEING 737 MAX 8,0
takeoff,JFK,31L,1780350222.38,2026-06-01T21:43:42Z,40.649484,-73.815594,267.2,accd10,N924AK,B39M,BOEING 737 MAX 9,0
takeoff,LGA,13,1780350233.7,2026-06-01T21:43:53Z,40.780249,-73.874271,120.9,acda02,N927UW,A321,AIRBUS A-321,0
takeoff,JFK,13R,1780350249.95,2026-06-01T21:44:09Z,40.64633,-73.812285,120.9,a9f818,N741UW,A319,AIRBUS A-319,0
landing,LGA,04,1780350299.59,2026-06-01T21:44:59Z,40.77792,-73.876907,33.8,a4f7cb,N419YX,E75L,EMBRAER ERJ-170-200 (long wing),0
takeoff,LGA,13,1780350316.87,2026-06-01T21:45:16Z,40.781651,-73.877182,120.9,a0634c,N124HQ,E75L,EMBRAER ERJ-170-200 (long wing),0
takeoff,JFK,13R,1780350370.82,2026-06-01T21:46:10Z,40.646919,-73.813538,120.9,a1cf6b,N2157J,A21N,AIRBUS A-321neo,0
takeoff,LGA,13,1780350381.24,2026-06-01T21:46:21Z,40.781878,-73.877642,120.9,abc2e5,N857RW,E170,EMBRAER ERJ-170-100,0
landing,JFK,13L,1780350400.34,2026-06-01T21:46:40Z,40.652744,-73.779144,120.9,a4189f,N363NB,A319,AIRBUS A-319,0
landing,JFK,13R,1780350400.62,2026-06-01T21:46:40Z,40.648087,-73.810104,120.9,a4d849,N411EP,SR22,,0
takeoff,JFK,13R,1780350427.18,2026-06-01T21:47:07Z,40.646358,-73.812317,120.9,3965a4,F-GZNE,B77W,BOEING 777-300ER,0
takeoff,JFK,13R,1780350433.81,2026-06-01T21:47:13Z,40.647808,-73.809492,120.9,a4d849,N411EP,SR22,,0
landing,LGA,04,1780350445.08,2026-06-01T21:47:25Z,40.776649,-73.877991,33.8,ab0e4c,N811NN,B738,BOEING 737-800,0
takeoff,JFK,13R,1780350531.43,2026-06-01T21:48:51Z,40.64637,-73.812317,120.9,a45316,N378SC,B38M,BOEING 737 MAX 8,0
landing,LGA,04,1780350542.19,2026-06-01T21:49:02Z,40.776804,-73.877829,28.1,a7c849,N600LR,CRJ9,BOMBARDIER Regional Jet CRJ-900,0
takeoff,LGA,13,1780350565.71,2026-06-01T21:49:25Z,40.78149,-73.876816,120.9,ac26cf,N882RW,E170,EMBRAER ERJ-170-100,0
landing,JFK,13L,1780350581.81,2026-06-01T21:49:41Z,40.650613,-73.774473,120.9,a35854,N3142J,BCS3,AIRBUS A220-300,0
landing,LGA,04,1780350645.15,2026-06-01T21:50:45Z,40.778458,-73.876465,33.8,a4b294,N401YX,E75L,EMBRAER ERJ-170-200 (long wing),0
landing,JFK,22L,1780350652.54,2026-06-01T21:50:52Z,40.632626,-73.76474,210.9,4075b3,G-VLUX,A35K,AIRBUS A-350-1000,0
takeoff,JFK,13R,1780350674.08,2026-06-01T21:51:14Z,40.64629,-73.812119,120.9,a779eb,N581DA,A21N,,0
takeoff,LGA,13,1780350679.1,2026-06-01T21:51:19Z,40.780872,-73.875534,120.9,a339b1,N307DU,BCS3,AIRBUS A220-300,0
landing,LGA,04,1780350729.19,2026-06-01T21:52:09Z,40.776478,-73.87811,33.8,a44d3f,N3766,B738,BOEING 737-800,0
takeoff,LGA,13,1780350754.33,2026-06-01T21:52:34Z,40.781657,-73.877205,120.9,a1e1d8,N220JQ,E75L,EMBRAER ERJ-170-200 (long wing),0
landing,JFK,13L,1780350794.61,2026-06-01T21:53:14Z,40.650403,-73.774457,151.9,a08e3c,N135EV,CRJ9,BOMBARDIER Regional Jet CRJ-900,0
landing,LGA,04,1780350803.28,2026-06-01T21:53:23Z,40.776077,-73.878448,30.9,c05ed8,C-GJXV,BCS3,AIRBUS A220-300,0
takeoff,LGA,13,1780350836.01,2026-06-01T21:53:56Z,40.780982,-73.875753,120.9,a7de93,N606LR,CRJ9,BOMBARDIER Regional Jet CRJ-900,0
takeoff,JFK,13R,1780350839.51,2026-06-01T21:53:59Z,40.646656,-73.812941,120.9,ac89f7,N907JB,A321,AIRBUS A-321,0
takeoff,JFK,13R,1780350891.17,2026-06-01T21:54:51Z,40.646958,-73.813612,120.9,a36661,N318UX,B38M,BOEING 737 MAX 8,0
landing,LGA,04,1780350915.66,2026-06-01T21:55:15Z,40.778389,-73.876495,33.8,ac159a,N878RW,E170,EMBRAER ERJ-170-100,0
takeoff,LGA,13,1780350930.54,2026-06-01T21:55:30Z,40.781799,-73.877487,120.9,abbb77,N855RW,E170,EMBRAER ERJ-170-100,0
takeoff,JFK,13R,1780350953.56,2026-06-01T21:55:53Z,40.646202,-73.811926,120.9,c04c36,C-GCWJ,B737,BOEING 737-700,0
landing,JFK,13L,1780350964.52,2026-06-01T21:56:04Z,40.649228,-73.771383,120.9,acc5fb,N922DZ,B739,BOEING 737-900,0
landing,LGA,04,1780350993.32,2026-06-01T21:56:33Z,40.777576,-73.877182,33.8,abdb88,N863RW,E170,EMBRAER ERJ-170-100,0
takeoff,LGA,13,1780351028.29,2026-06-01T21:57:08Z,40.779877,-73.87349,120.9,ad34b4,N950AN,B738,BOEING 737-800,0
landing,LGA,04,1780351045.72,2026-06-01T21:57:25Z,40.777584,-73.877173,33.8,ac21e4,N881DN,B739,BOEING 737-900,0
landing,JFK,13L,1780351052.04,2026-06-01T21:57:32Z,40.650997,-73.775316,120.9,a4491f,N3753,B738,BOEING 737-800,0
takeoff,LGA,13,1780351080.52,2026-06-01T21:58:00Z,40.781605,-73.87709,120.9,ac0a75,N875RW,E170,EMBRAER ERJ-170-100,0
takeoff,JFK,13R,1780351080.52,2026-06-01T21:58:00Z,40.646152,-73.811813,120.9,a3514f,N3125J,BCS3,,0
landing,LGA,04,1780351135.58,2026-06-01T21:58:55Z,40.778329,-73.87658,30.9,a0ad3e,N14250,B738,BOEING 737-800,0
takeoff,JFK,13R,1780351138.14,2026-06-01T21:58:58Z,40.646423,-73.81241,120.9,ab1c47,N815DN,B739,BOEING 737-900,0
takeoff,LGA,13,1780351164.09,2026-06-01T21:59:24Z,40.780703,-73.875238,120.9,a13c73,N179UW,A321,AIRBUS A-321,0
takeoff,JFK,13R,1780351165.33,2026-06-01T21:59:25Z,40.648122,-73.816171,120.9,aafca8,N807JB,A320,AIRBUS A-320,0
landing,JFK,13L,1780351189.29,2026-06-01T21:59:49Z,40.650927,-73.775175,120.9,a72f22,N562JB,A320,AIRBUS A-320,0
landing,LGA,04,1780351229.04,2026-06-01T22:00:29Z,40.777153,-73.877518,28.1,a130cb,N176PQ,CRJ9,BOMBARDIER Regional Jet CRJ-900,0
takeoff,LGA,13,1780351256.43,2026-06-01T22:00:56Z,40.781285,-73.876409,120.9,abf8ff,N8702L,B38M,BOEING 737 MAX 8,0
landing,JFK,13L,1780351302.82,2026-06-01T22:01:42Z,40.649872,-73.772812,119.6,ab7613,N838AA,B789,BOEING 787-9 Dreamliner,0
landing,JFK,22L,1780351305.67,2026-06-01T22:01:45Z,40.633691,-73.763986,216.6,a210c5,N232JQ,E75L,EMBRAER ERJ-170-200 (long wing),0
takeoff,JFK,13R,1780351310.37,2026-06-01T22:01:50Z,40.646574,-73.812738,120.9,a7e198,N607DN,A21N,AIRBUS A-321neo,0
landing,LGA,04,1780351319.58,2026-06-01T22:01:59Z,40.778887,-73.876128,33.8,a20d0e,N231JQ,E75L,EMBRAER ERJ-170-200 (long wing),0
takeoff,LGA,13,1780351343.65,2026-06-01T22:02:23Z,40.78014,-73.873993,120.9,a38527,N326FR,A20N,AIRBUS A-320neo,0
takeoff,JFK,13R,1780351372.26,2026-06-01T22:02:52Z,40.646587,-73.81279,120.9,a0f46f,N1603,B763,BOEING 767-300,0
landing,LGA,04,1780351407.44,2026-06-01T22:03:27Z,40.778922,-73.876097,33.8,ab0a73,N810MD,E170,EMBRAER ERJ-170-100,0
takeoff,JFK,13R,1780351434.38,2026-06-01T22:03:54Z,40.646586,-73.812785,120.9,4cadc6,EI-HJN,A339,AIRBUS A-330-900,0
landing,LGA,04,1780351464.99,2026-06-01T22:04:24Z,40.778275,-73.876648,30.9,ad1986,N943NN,B738,BOEING 737-800,0
landing,JFK,13L,1780351485.04,2026-06-01T22:04:45Z,40.651393,-73.776143,118.1,a310cf,N297PQ,CRJ9,BOMBARDIER Regional Jet CRJ-900,0
takeoff,LGA,13,1780351506.04,2026-06-01T22:05:06Z,40.77997,-73.873662,120.9,aa56b3,N76514,B738,BOEING 737-800,0
takeoff,JFK,13R,1780351537.11,2026-06-01T22:05:37Z,40.645771,-73.810974,120.9,a3556f,N3138J,BCS3,AIRBUS A220-300,0
landing,LGA,04,1780351587.98,2026-06-01T22:06:27Z,40.781479,-73.873978,33.8,a1d811,N218JQ,E75L,EMBRAER ERJ-170-200 (long wing),0
landing,JFK,13L,1780351593.9,2026-06-01T22:06:33Z,40.650307,-73.774338,157.5,acb679,N918XJ,CRJ9,BOMBARDIER Regional Jet CRJ-900,0
takeoff,LGA,13,1780351605.09,2026-06-01T22:06:45Z,40.780691,-73.87516,120.9,a3c2a9,N341SV,B38M,BOEING 737 MAX 8,0
landing,LGA,04,1780351646.01,2026-06-01T22:07:26Z,40.778538,-73.876362,30.9,abfe1c,N872DN,B739,BOEING 737-900,0
takeoff,JFK,31L,1780351674.86,2026-06-01T22:07:54Z,40.64954,-73.815491,292.5,ab6c08,N835MH,B764,BOEING 767-400,0
landing,JFK,13L,1780351688.76,2026-06-01T22:08:08Z,40.649554,-73.772132,120.9,0c208c,HP-1829CMP,B738,BOEING 737-800,0
takeoff,LGA,04,1780351708.78,2026-06-01T22:08:28Z,40.772009,-73.881793,33.8,a01f0d,N107DN,A321,AIRBUS A-321,0
landing,JFK,13L,1780351783.46,2026-06-01T22:09:43Z,40.650753,-73.77478,120.9,a009a4,N101NN,A321,AIRBUS A-321,0
landing,LGA,04,1780351784.64,2026-06-01T22:09:44Z,40.778329,-73.876565,33.8,a51f4a,N429YX,E75L,EMBRAER ERJ-170-200 (long wing),0
takeoff,LGA,13,1780351808.95,2026-06-01T22:10:08Z,40.781704,-73.877283,120.9,ada699,N979RP,E170,EMBRAER ERJ-170-100,0
takeoff,JFK,13R,1780351823.3,2026-06-01T22:10:23Z,40.6464,-73.81241,120.9,aa37ce,N758AN,B772,BOEING 777-200,0
landing,JFK,13L,1780351879.7,2026-06-01T22:11:19Z,40.651325,-73.776001,120.9,a6bfa6,N534DT,A21N,AIRBUS A-321neo,0
takeoff,LGA,13,1780351888.41,2026-06-01T22:11:28Z,40.780319,-73.874364,120.9,ac83d5,N905XJ,CRJ9,BOMBARDIER Regional Jet CRJ-900,0
landing,LGA,13,1780351978.65,2026-06-01T22:12:58Z,40.779574,-73.875269,90.0,a06e71,N127HQ,E75L,EMBRAER ERJ-170-200 (long wing),0
takeoff,JFK,13R,1780351982.95,2026-06-01T22:13:02Z,40.646404,-73.812347,120.9,ac8217,N905DN,B739,BOEING 737-900,0
takeoff,LGA,13,1780351990.1,2026-06-01T22:13:10Z,40.781834,-73.877563,120.9,a1a924,N206JQ,E75L,EMBRAER ERJ-170-200 (long wing),0
landing,JFK,22L,1780351993.18,2026-06-01T22:13:13Z,40.631527,-73.76561,210.9,394a0b,F-GSQL,B77W,BOEING 777-300ER,0
takeoff,JFK,13R,1780352043.6,2026-06-01T22:14:03Z,40.646187,-73.81192,120.9,a3b186,N337TN,B38M,BOEING 737 MAX 8,0
takeoff,LGA,13,1780352062.62,2026-06-01T22:14:22Z,40.781529,-73.876908,120.9,c03da9,C-FXJC,E75S,EMBRAER ERJ-170-200 (short wing),0
landing,JFK,13L,1780352069.08,2026-06-01T22:14:29Z,40.650613,-73.774426,120.9,ad4bcb,N956JT,A321,AIRBUS A-321,0
landing,JFK,22R,1780352089.65,2026-06-01T22:14:49Z,40.645143,-73.770899,177.2,a36994,N319PQ,CRJ9,BOMBARDIER Regional Jet CRJ-900,0
takeoff,JFK,13R,1780352100.15,2026-06-01T22:15:00Z,40.646679,-73.812973,120.9,738076,4X-ECF,B772,BOEING 777-200,0
landing,LGA,04,1780352137.24,2026-06-01T22:15:37Z,40.777212,-73.877485,33.8,a51425,N426YX,E75L,EMBRAER ERJ-170-200 (long wing),0
takeoff,LGA,13,1780352165.67,2026-06-01T22:16:05Z,40.780449,-73.874649,120.9,ac7c52,N903WN,B737,BOEING 737-700,0
takeoff,JFK,13R,1780352167.57,2026-06-01T22:16:07Z,40.645923,-73.811349,119.6,48ae01,SP-LRB,B788,BOEING 787-8 Dreamliner,0
landing,JFK,13L,1780352176.14,2026-06-01T22:16:16Z,40.65097,-73.775223,120.9,a67805,N516DA,A21N,AIRBUS A-321neo,0
landing,LGA,04,1780352234.9,2026-06-01T22:17:14Z,40.776329,-73.87822,33.8,a013e8,N104DN,A321,AIRBUS A-321,0
takeoff,JFK,13R,1780352254.55,2026-06-01T22:17:34Z,40.648157,-73.816234,120.9,0d121d,XA-OTB,B38M,BOEING 737 MAX 8,0
takeoff,LGA,13,1780352282.38,2026-06-01T22:18:02Z,40.780179,-73.874083,120.9,ade543,N995AN,A321,AIRBUS A-321,0
landing,JFK,22L,1780352282.89,2026-06-01T22:18:02Z,40.630898,-73.766155,216.6,4ca5c7,EI-DUZ,A333,AIRBUS A-330-300,0
landing,LGA,04,1780352342.97,2026-06-01T22:19:02Z,40.776546,-73.878052,33.8,a3dc5a,N348PQ,CRJ9,BOMBARDIER Regional Jet CRJ-900,0
takeoff,LGA,13,1780352355.57,2026-06-01T22:19:15Z,40.782111,-73.878125,120.9,ac1f61,N880RW,E170,EMBRAER ERJ-170-100,0
takeoff,JFK,13R,1780352407.95,2026-06-01T22:20:07Z,40.646144,-73.811802,120.9,3c6714,D-AIXT,A359,AIRBUS A-350-900,0
takeoff,JFK,13R,1780352431.38,2026-06-01T22:20:31Z,40.648285,-73.816546,151.9,ac8abe,N907SA,CRJ2,,0
landing,LGA,04,1780352447.39,2026-06-01T22:20:47Z,40.778073,-73.876799,30.9,a2af3e,N272PQ,CRJ9,BOMBARDIER Regional Jet CRJ-900,0
landing,JFK,13L,1780352448.26,2026-06-01T22:20:48Z,40.647194,-73.769012,163.1,acd88e,N927DZ,B739,BOEING 737-900,0
takeoff,LGA,13,1780352468.62,2026-06-01T22:21:08Z,40.781937,-73.877777,120.9,a54312,N438YX,E75L,EMBRAER ERJ-170-200 (long wing),0
landing,JFK,13L,1780352538.01,2026-06-01T22:22:18Z,40.650729,-73.774754,126.6,a1ecfd,N223JQ,E75L,EMBRAER ERJ-170-200 (long wing),0
landing,JFK,22L,1780352555.41,2026-06-01T22:22:35Z,40.629583,-73.768231,239.1,ab6851,N834MH,B764,BOEING 767-400,0
landing,LGA,04,1780352575.93,2026-06-01T22:22:55Z,40.777622,-73.877167,33.8,a3a8c0,N335DU,BCS3,AIRBUS A220-300,0
takeoff,LGA,13,1780352604.7,2026-06-01T22:23:24Z,40.781378,-73.876596,120.9,a05f37,N123DW,A321,AIRBUS A-321,0
landing,JFK,22L,1780352625.86,2026-06-01T22:23:45Z,40.631275,-73.765823,210.9,896196,A6-EEW,A388,AIRBUS A-380-800,0
landing,JFK,13L,1780352642.61,2026-06-01T22:24:02Z,40.649391,-73.771774,120.9,a6bbef,N533DT,A21N,AIRBUS A-321neo,0
landing,LGA,04,1780352691.84,2026-06-01T22:24:51Z,40.778641,-73.876312,33.8,c06171,C-GKXK,E295,EMBRAER ERJ-190-400,0
takeoff,LGA,13,1780352715.2,2026-06-01T22:25:15Z,40.781639,-73.877136,120.9,a1c1c7,N212JQ,E75L,EMBRAER ERJ-170-200 (long wing),0
landing,LGA,04,1780352790.66,2026-06-01T22:26:30Z,40.778652,-73.876328,33.8,abb59f,N85352,E75L,EMBRAER ERJ-170-200 (long wing),0
landing,JFK,22L,1780352800.48,2026-06-01T22:26:40Z,40.633289,-73.76445,225.0,adbaca,N984JB,A321,AIRBUS A-321,0
takeoff,LGA,13,1780352819.47,2026-06-01T22:26:59Z,40.780668,-73.875113,118.1,a18380,N197PQ,CRJ9,BOMBARDIER Regional Jet CRJ-900,0
takeoff,JFK,13R,1780352820.13,2026-06-01T22:27:00Z,40.647938,-73.815765,120.9,408120,G-VEYR,A339,AIRBUS A-330-900,0
landing,JFK,13L,1780352858.82,2026-06-01T22:27:38Z,40.648786,-73.770509,120.9,a894f2,N652JB,A320,AIRBUS A-320,0
landing,LGA,04,1780352868.96,2026-06-01T22:27:48Z,40.778526,-73.876389,30.9,ac7c67,N903XJ,CRJ9,BOMBARDIER Regional Jet CRJ-900,0
takeoff,LGA,13,1780352895.16,2026-06-01T22:28:15Z,40.781634,-73.877142,120.9,a01f73,N107HQ,E75L,EMBRAER ERJ-170-200 (long wing),0
landing,JFK,31R,1780352915.46,2026-06-01T22:28:35Z,40.652871,-73.782245,300.9,a1d4ab,N217MW,C56X,CESSNA 560XL Citation XLS,0
landing,JFK,13L,1780352920.49,2026-06-01T22:28:40Z,40.650078,-73.77327,120.9,a4a0cd,N398DA,B738,BOEING 737-800,0
takeoff,JFK,13R,1780352933.17,2026-06-01T22:28:53Z,40.648146,-73.816218,126.6,4cabd2,EI-LRF,A21N,AIRBUS A-321neo,0
landing,LGA,04,1780352948.75,2026-06-01T22:29:08Z,40.778434,-73.876471,33.8,a02c94,N110DX,A321,AIRBUS A-321,0
landing,JFK,22L,1780352950.41,2026-06-01T22:29:10Z,40.630806,-73.766296,219.4,a54137,N438DX,A339,AIRBUS A-330-900,0
takeoff,LGA,13,1780352983.9,2026-06-01T22:29:43Z,40.780277,-73.874298,120.9,a008c5,N101DQ,A321,AIRBUS A-321,0
landing,LGA,04,1780353033.76,2026-06-01T22:30:33Z,40.778561,-73.876404,33.8,a43ea6,N37277,B738,BOEING 737-800,0
landing,JFK,13L,1780353062.05,2026-06-01T22:31:02Z,40.650902,-73.775085,120.9,a39289,N3293J,BCS3,AIRBUS A220-300,0
takeoff,LGA,13,1780353074.83,2026-06-01T22:31:14Z,40.780424,-73.874614,120.9,aa56d5,N76523,B738,BOEING 737-800,0
landing,JFK,22L,1780353083.88,2026-06-01T22:31:23Z,40.63179,-73.765381,210.9,4caffb,EI-TYC,A339,AIRBUS A-330-900,0
takeoff,JFK,13R,1780353086.24,2026-06-01T22:31:26Z,40.646233,-73.811996,120.9,a64578,N503DZ,A21N,AIRBUS A-321neo,0
landing,LGA,04,1780353134.6,2026-06-01T22:32:14Z,40.77626,-73.878281,33.8,ac8ee5,N908WN,B737,BOEING 737-700,0
landing,JFK,13L,1780353142.3,2026-06-01T22:32:22Z,40.650403,-73.773974,120.9,a7d2bc,N603DN,A21N,AIRBUS A-321neo,0
landing,LGA,04,1780353214.95,2026-06-01T22:33:34Z,40.779682,-73.875473,30.9,a707a3,N552JB,A320,AIRBUS A-320,0
landing,JFK,22L,1780353219.4,2026-06-01T22:33:39Z,40.632737,-73.764626,212.4,020123,CN-RGU,B788,BOEING 787-8 Dreamliner,0
takeoff,JFK,13R,1780353219.69,2026-06-01T22:33:39Z,40.647423,-73.814636,120.9,ab4840,N826MH,B764,BOEING 767-400,0
takeoff,LGA,13,1780353242.7,2026-06-01T22:34:02Z,40.780575,-73.874939,120.9,a09533,N137AA,A321,AIRBUS A-321,0
takeoff,JFK,13R,1780353281.3,2026-06-01T22:34:41Z,40.646736,-73.81311,120.9,a16273,N189DN,B763,BOEING 767-300,0
landing,LGA,04,1780353301.78,2026-06-01T22:35:01Z,40.778755,-73.876221,33.8,a037b9,N113DX,A321,AIRBUS A-321,0
takeoff,LGA,13,1780353313.93,2026-06-01T22:35:13Z,40.782041,-73.877985,118.1,a1c935,N214JQ,E75L,EMBRAER ERJ-170-200 (long wing),0
landing,JFK,31R,1780353364.87,2026-06-01T22:36:04Z,40.651707,-73.77967,300.9,a50549,N422YX,E75L,EMBRAER ERJ-170-200 (long wing),0
landing,JFK,22L,1780353406.31,2026-06-01T22:36:46Z,40.630806,-73.766296,216.6,461f0d,OH-LTT,A333,AIRBUS A-330-300,0
landing,LGA,04,1780353407.46,2026-06-01T22:36:47Z,40.778366,-73.876541,33.8,a37b0c,N323SG,B38M,BOEING 737 MAX 8,0
takeoff,JFK,13R,1780353418.22,2026-06-01T22:36:58Z,40.646175,-73.811859,120.9,adf194,N998NN,B738,BOEING 737-800,0
landing,JFK,13L,1780353426.07,2026-06-01T22:37:06Z,40.651183,-73.775675,120.9,a79e31,N590JB,A320,AIRBUS A-320,0
takeoff,LGA,13,1780353439.42,2026-06-01T22:37:19Z,40.780226,-73.874177,118.1,a38237,N325PQ,CRJ9,BOMBARDIER Regional Jet CRJ-900,0
landing,JFK,22R,1780353441.14,2026-06-01T22:37:21Z,40.645123,-73.770905,180.0,a5e3e4,N479PX,CRJ9,BOMBARDIER Regional Jet CRJ-900,0
takeoff,JFK,13R,1780353473.38,2026-06-01T22:37:53Z,40.648064,-73.816031,120.9,a73a57,N565JT,GLF5,GULFSTREAM 5,8
landing,LGA,04,1780353503.9,2026-06-01T22:38:23Z,40.776661,-73.877975,32.5,a43f83,N373FX,E55P,EMBRAER EMB-505 Phenom 300,0
landing,JFK,13L,1780353510.48,2026-06-01T22:38:30Z,40.651966,-73.77742,122.4,a6698d,N512HA,C750,CESSNA 750 Citation 10,8
landing,LGA,04,1780353596.61,2026-06-01T22:39:56Z,40.778876,-73.876112,33.8,a20347,N229JQ,E75L,EMBRAER ERJ-170-200 (long wing),0
landing,JFK,13L,1780353599.61,2026-06-01T22:39:59Z,40.651509,-73.776439,120.9,aa8b40,N779JB,A320,AIRBUS A-320,0
takeoff,JFK,31L,1780353603.33,2026-06-01T22:40:03Z,40.649484,-73.815609,261.6,a3489f,N310UM,B38M,,0
takeoff,JFK,13R,1780353624.29,2026-06-01T22:40:24Z,40.64645,-73.812469,123.8,ab4c76,N827SK,CRJ9,BOMBARDIER Regional Jet CRJ-900,0
landing,LGA,04,1780353747.33,2026-06-01T22:42:27Z,40.778247,-73.876643,33.8,aca3e6,N913XJ,CRJ9,BOMBARDIER Regional Jet CRJ-900,0
landing,JFK,22R,1780353767.43,2026-06-01T22:42:47Z,40.63496,-73.778359,210.9,407995,G-STBP,B77W,BOEING 777-300ER,0
landing,JFK,22L,1780353775.03,2026-06-01T22:42:55Z,40.632534,-73.764832,209.6,486071,PH-BKL,B78X,BOEING 787-10 Dreamliner,0
landing,JFK,13L,1780353780.39,2026-06-01T22:43:00Z,40.64938,-73.771774,120.9,a04641,N117AN,A321,AIRBUS A-321,0
takeoff,LGA,13,1780353824.27,2026-06-01T22:43:44Z,40.780645,-73.875067,120.9,a34bdc,N311PQ,CRJ9,BOMBARDIER Regional Jet CRJ-900,0
landing,JFK,13L,1780353859.24,2026-06-01T22:44:19Z,40.650467,-73.774078,120.9,ad5329,N958JB,A321,AIRBUS A-321,0
takeoff,JFK,13R,1780353871.26,2026-06-01T22:44:31Z,40.646084,-73.811691,119.6,ab9af3,N847MF,B789,BOEING 787-9 Dreamliner,0
takeoff,LGA,13,1780353890.87,2026-06-01T22:44:50Z,40.781296,-73.87645,120.9,c07534,C-GSJZ,DH8D,DE HAVILLAND DHC-8-400 Dash 8,0
landing,JFK,13L,1780353941.74,2026-06-01T22:45:41Z,40.6493,-73.771591,123.8,ad6b0c,N964AK,B39M,BOEING 737 MAX 9,0
takeoff,LGA,13,1780353964.02,2026-06-01T22:46:04Z,40.780261,-73.874255,123.8,a7dadc,N605LR,CRJ9,BOMBARDIER Regional Jet CRJ-900,0
takeoff,LGA,13,1780354037.29,2026-06-01T22:47:17Z,40.780598,-73.874973,123.8,a1277b,N17359,B38M,BOEING 737 MAX 8,0
landing,JFK,22L,1780354045.13,2026-06-01T22:47:25Z,40.633965,-73.763718,210.9,4cc570,TF-IAA,A21N,AIRBUS A-321neo,0
takeoff,JFK,13R,1780354048.68,2026-06-01T22:47:28Z,40.646993,-73.813674,120.9,a3689e,N319DU,BCS3,,0
landing,JFK,13L,1780354056.6,2026-06-01T22:47:36Z,40.649053,-73.771102,129.4,a71ded,N558JB,A320,AIRBUS A-320,0
takeoff,LGA,13,1780354099.75,2026-06-01T22:48:19Z,40.78061,-73.874989,120.9,ac0094,N8723Q,B38M,BOEING 737 MAX 8,0
takeoff,JFK,13R,1780354105.1,2026-06-01T22:48:25Z,40.647261,-73.814298,120.9,ab4866,N826NW,A333,AIRBUS A-330-300,0
landing,JFK,13L,1780354157.15,2026-06-01T22:49:17Z,40.651337,-73.776108,120.9,76cce4,9V-SGD,A359,AIRBUS A-350-900,0
landing,LGA,22,1780354162.2,2026-06-01T22:49:22Z,40.774418,-73.879776,205.3,a537ed,N435YX,E75L,EMBRAER ERJ-170-200 (long wing),0
takeoff,LGA,13,1780354168.07,2026-06-01T22:49:28Z,40.780773,-73.875316,122.5,a2563f,N25MG,SF50,CIRRUS SF-50 Vision,8
takeoff,JFK,13R,1780354222.44,2026-06-01T22:50:22Z,40.645798,-73.811035,120.9,a38fa4,N3289J,,,0
landing,LGA,22,1780354243.84,2026-06-01T22:50:43Z,40.777542,-73.877213,210.9,a28b91,N263QS,CL60,BOMBARDIER CL-600 Challenger,0
landing,JFK,13L,1780354280.34,2026-06-01T22:51:20Z,40.650985,-73.7753,120.9,ade252,N994JL,A321,AIRBUS A-321,0
landing,LGA,22,1780354344.67,2026-06-01T22:52:24Z,40.774465,-73.879717,205.3,ab40ce,N824MD,E170,EMBRAER ERJ-170-100,0
landing,JFK,22L,1780354348.68,2026-06-01T22:52:28Z,40.632729,-73.764694,210.9,34520b,EC-MLB,A332,AIRBUS A-330-200,0
takeoff,LGA,13,1780354349.73,2026-06-01T22:52:29Z,40.780437,-73.874649,120.9,a8f235,N676CA,CRJ9,BOMBARDIER Regional Jet CRJ-900,0
takeoff,JFK,13R,1780354362.73,2026-06-01T22:52:42Z,40.646062,-73.81163,120.9,ad7ab8,N968JT,A321,AIRBUS A-321,0
landing,JFK,13L,1780354387.82,2026-06-01T22:53:07Z,40.649449,-73.771929,120.9,a3ca1a,N343SY,B38M,BOEING 737 MAX 8,0
takeoff,JFK,13R,1780354420.69,2026-06-01T22:53:40Z,40.646919,-73.813522,120.9,aabbc9,N791AN,B772,BOEING 777-200,0
landing,LGA,22,1780354432.98,2026-06-01T22:53:52Z,40.774837,-73.879436,208.1,a21fa1,N236JQ,E75L,EMBRAER ERJ-170-200 (long wing),0
takeoff,LGA,13,1780354447.06,2026-06-01T22:54:07Z,40.780656,-73.875113,120.9,a3761c,N322DU,BCS3,AIRBUS A220-300,0
landing,JFK,13L,1780354472.76,2026-06-01T22:54:32Z,40.650624,-73.774473,120.9,acca19,N923JB,A321,AIRBUS A-321,0
takeoff,LGA,13,1780354534.88,2026-06-01T22:55:34Z,40.77997,-73.873662,118.1,a39ada,N331PQ,CRJ9,BOMBARDIER Regional Jet CRJ-900,0
landing,LGA,22,1780354538.97,2026-06-01T22:55:38Z,40.771351,-73.882263,202.5,a05827,N121HQ,E75L,EMBRAER ERJ-170-200 (long wing),0
landing,JFK,22L,1780354552.29,2026-06-01T22:55:52Z,40.632774,-73.764603,210.9,aaaa92,N787AL,B772,BOEING 777-200,0
landing,JFK,13L,1780354562.92,2026-06-01T22:56:02Z,40.650707,-73.774658,120.9,aa7c64,N775JB,A320,AIRBUS A-320,0
takeoff,JFK,13R,1780354587.13,2026-06-01T22:56:27Z,40.646214,-73.811942,120.9,406591,G-STBE,B77W,BOEING 777-300ER,0
landing,LGA,22,1780354598.12,2026-06-01T22:56:38Z,40.775012,-73.879311,210.9,a07228,N128HQ,E75L,EMBRAER ERJ-170-200 (long wing),0
takeoff,LGA,13,1780354609.48,2026-06-01T22:56:49Z,40.780495,-73.874756,120.9,ac6573,N8980Q,B38M,BOEING 737 MAX 8,0
takeoff,LGA,13,1780354691.33,2026-06-01T22:58:11Z,40.781913,-73.877704,123.8,a08e82,N135HQ,E75L,EMBRAER ERJ-170-200 (long wing),0
landing,JFK,13L,1780354698.55,2026-06-01T22:58:18Z,40.649357,-73.771744,123.8,a5f162,N482PX,CRJ9,BOMBARDIER Regional Jet CRJ-900,0
landing,JFK,22L,1780354709.27,2026-06-01T22:58:29Z,40.63333,-73.76447,227.8,a4e181,N413YX,E75L,EMBRAER ERJ-170-200 (long wing),0
landing,LGA,22,1780354745.34,2026-06-01T22:59:05Z,40.775582,-73.878843,213.8,acf849,N935AN,B738,BOEING 737-800,0
takeoff,LGA,13,1780354757.85,2026-06-01T22:59:17Z,40.781902,-73.877686,123.8,a4c527,N406YX,E75L,EMBRAER ERJ-170-200 (long wing),0
landing,JFK,13L,1780354781.51,2026-06-01T22:59:41Z,40.650846,-73.774941,120.9,a38836,N3269J,BCS3,AIRBUS A220-300,0
takeoff,JFK,13R,1780354788.23,2026-06-01T22:59:48Z,40.646237,-73.812051,120.9,394a0a,F-GSQK,B77W,BOEING 777-300ER,0
landing,LGA,22,1780354816.93,2026-06-01T23:00:16Z,40.775082,-73.879264,210.9,a1ccec,N215JQ,E75L,EMBRAER ERJ-170-200 (long wing),0
takeoff,LGA,13,1780354841.6,2026-06-01T23:00:41Z,40.780048,-73.87381,118.1,a7c849,N600LR,CRJ9,BOMBARDIER Regional Jet CRJ-900,0
landing,JFK,13L,1780354874.49,2026-06-01T23:01:14Z,40.649643,-73.772324,120.9,acaf0b,N916XJ,CRJ9,BOMBARDIER Regional Jet CRJ-900,0
landing,LGA,22,1780354886.39,2026-06-01T23:01:26Z,40.778992,-73.876003,210.9,ab83e8,N841DN,B739,BOEING 737-900,0
takeoff,JFK,13R,1780354889.97,2026-06-01T23:01:29Z,40.646167,-73.811848,120.9,a7858e,N584JB,A320,AIRBUS A-320,0
takeoff,LGA,13,1780354899.62,2026-06-01T23:01:39Z,40.782053,-73.878016,120.9,ab0a73,N810MD,E170,EMBRAER ERJ-170-100,0
takeoff,JFK,13R,1780354956.49,2026-06-01T23:02:36Z,40.646307,-73.81216,120.9,a37517,N3215J,BCS3,,0
landing,JFK,13L,1780354963.47,2026-06-01T23:02:43Z,40.650438,-73.774083,120.9,ad935b,N974JT,A321,AIRBUS A-321,0
takeoff,LGA,13,1780354990.45,2026-06-01T23:03:10Z,40.781834,-73.877533,120.9,a51f4a,N429YX,E75L,EMBRAER ERJ-170-200 (long wing),0
landing,LGA,22,1780354998.33,2026-06-01T23:03:18Z,40.775242,-73.879074,210.9,a1ba59,N210JQ,E75L,EMBRAER ERJ-170-200 (long wing),0
takeoff,JFK,13R,1780355029.57,2026-06-01T23:03:49Z,40.64683,-73.8133,120.9,ad734a,N966JT,A321,AIRBUS A-321,0
takeoff,LGA,13,1780355080.91,2026-06-01T23:04:40Z,40.780151,-73.874023,120.9,a359c2,N315DU,BCS3,AIRBUS A220-300,0
takeoff,JFK,13R,1780355098.27,2026-06-01T23:04:58Z,40.645992,-73.811478,120.9,ad9712,N975JT,A321,AIRBUS A-321,0
landing,LGA,22,1780355142.25,2026-06-01T23:05:42Z,40.776043,-73.878464,210.9,a30d18,N296PQ,CRJ9,BOMBARDIER Regional Jet CRJ-900,0
takeoff,LGA,13,1780355163.43,2026-06-01T23:06:03Z,40.780666,-73.875122,120.9,a03b67,N114DN,A321,AIRBUS A-321,0
takeoff,JFK,13R,1780355166.24,2026-06-01T23:06:06Z,40.645992,-73.811478,120.9,478854,LN-RKS,A333,AIRBUS A-330-300,0
landing,JFK,13L,1780355181.54,2026-06-01T23:06:21Z,40.651683,-73.776814,120.9,a19cc7,N2027J,A21N,AIRBUS A-321neo,0
landing,LGA,22,1780355269.86,2026-06-01T23:07:49Z,40.775345,-73.879028,210.9,a03816,N113HQ,E75L,EMBRAER ERJ-170-200 (long wing),0
takeoff,JFK,13R,1780355276.45,2026-06-01T23:07:56Z,40.647011,-73.813721,120.9,400684,G-VIIL,B772,BOEING 777-200,0
takeoff,LGA,13,1780355276.95,2026-06-01T23:07:56Z,40.780459,-73.874692,120.9,a441c9,N3733Z,B738,BOEING 737-800,0
landing,LGA,22,1780355345.56,2026-06-01T23:09:05Z,40.774442,-73.879701,205.3,a89d22,N654RW,E170,EMBRAER ERJ-170-100,0
takeoff,LGA,13,1780355351.05,2026-06-01T23:09:11Z,40.78141,-73.876678,123.8,a471e0,N386DA,B738,BOEING 737-800,0
takeoff,JFK,13R,1780355400.43,2026-06-01T23:10:00Z,40.646027,-73.8116,120.9,a6a3c2,N527JL,A320,AIRBUS A-320,0
landing,LGA,22,1780355434.25,2026-06-01T23:10:34Z,40.776443,-73.878141,210.9,a3a647,N334SM,B38M,BOEING 737 MAX 8,0
takeoff,LGA,13,1780355438.06,2026-06-01T23:10:38Z,40.781834,-73.877533,123.8,a1d811,N218JQ,E75L,EMBRAER ERJ-170-200 (long wing),0
takeoff,JFK,13R,1780355465.23,2026-06-01T23:11:05Z,40.646255,-73.812057,120.9,aca29a,N913JB,A321,AIRBUS A-321,0
takeoff,JFK,13R,1780355489.65,2026-06-01T23:11:29Z,40.648146,-73.816218,120.9,a08acb,N134HQ,E75L,EMBRAER ERJ-170-200 (long wing),0
takeoff,LGA,13,1780355521.63,2026-06-01T23:12:01Z,40.780632,-73.875015,123.8,a3b8f5,N339TP,B38M,BOEING 737 MAX 8,0
landing,LGA,22,1780355565.0,2026-06-01T23:12:45Z,40.776734,-73.877891,210.9,abd1e3,N8605E,B738,BOEING 737-800,0
takeoff,LGA,13,1780355578.14,2026-06-01T23:12:58Z,40.781742,-73.87738,123.8,ac159a,N878RW,E170,EMBRAER ERJ-170-100,0
takeoff,JFK,13R,1780355639.34,2026-06-01T23:13:59Z,40.646807,-73.8133,120.9,a1373d,N178DN,B763,BOEING 767-300,0
takeoff,JFK,31L,1780355648.76,2026-06-01T23:14:08Z,40.649507,-73.815484,286.9,a091d5,N136DQ,BCS1,AIRBUS A220-100,0
landing,JFK,13L,1780355675.43,2026-06-01T23:14:35Z,40.650985,-73.775253,120.9,a1574e,N186DN,B763,BOEING 767-300,0
takeoff,LGA,13,1780355696.31,2026-06-01T23:14:56Z,40.781765,-73.877441,123.8,a4f7cb,N419YX,E75L,EMBRAER ERJ-170-200 (long wing),0
landing,LGA,22,1780355704.33,2026-06-01T23:15:04Z,40.7742,-73.879822,196.9,a030a8,N111HQ,E75L,EMBRAER ERJ-170-200 (long wing),0
takeoff,JFK,13R,1780355745.69,2026-06-01T23:15:45Z,40.646272,-73.812082,120.9,a6b470,N531DA,A21N,AIRBUS A-321neo,0
landing,LGA,22,1780355786.07,2026-06-01T23:16:26Z,40.77514,-73.879186,210.9,c08863,C-GZQW,E295,EMBRAER ERJ-190-400,0
takeoff,LGA,13,1780355796.81,2026-06-01T23:16:36Z,40.780645,-73.875098,120.9,ad1986,N943NN,B738,BOEING 737-800,0
landing,JFK,13L,1780355808.6,2026-06-01T23:16:48Z,40.649577,-73.77221,120.9,a1a56d,N205JQ,E75L,EMBRAER ERJ-170-200 (long wing),0
landing,LGA,22,1780355834.16,2026-06-01T23:17:14Z,40.77729,-73.877426,210.9,a448fc,N3752,B738,BOEING 737-800,0
takeoff,LGA,13,1780355869.24,2026-06-01T23:17:49Z,40.780563,-73.874957,123.8,a0540a,N120DN,A321,AIRBUS A-321,0
takeoff,JFK,13R,1780355870.57,2026-06-01T23:17:50Z,40.645763,-73.811035,120.9,aa9bb8,N783AN,B772,BOEING 777-200,0
landing,LGA,22,1780355925.44,2026-06-01T23:18:45Z,40.777596,-73.877173,208.1,a3a9b6,N335PQ,CRJ9,BOMBARDIER Regional Jet CRJ-900,0
takeoff,JFK,13R,1780355947.65,2026-06-01T23:19:07Z,40.646283,-73.81216,120.9,44ccd8,OO-SFX,A333,AIRBUS A-330-300,0
takeoff,LGA,13,1780355948.28,2026-06-01T23:19:08Z,40.780186,-73.8741,123.8,c05ed8,C-GJXV,BCS3,AIRBUS A220-300,0
landing,JFK,13L,1780355961.33,2026-06-01T23:19:21Z,40.650531,-73.774255,120.9,a32851,N302SA,B38M,BOEING 737 MAX 8,0
landing,LGA,22,1780355991.27,2026-06-01T23:19:51Z,40.777634,-73.877151,210.9,a46e40,N385DZ,A321,AIRBUS A-321,0
landing,JFK,13R,1780356001.61,2026-06-01T23:20:01Z,40.649519,-73.810943,106.9,a4d849,N411EP,SR22,,0
takeoff,LGA,13,1780356025.26,2026-06-01T23:20:25Z,40.780243,-73.874237,120.9,ac9709,N910DU,B739,BOEING 737-900,0
landing,JFK,13L,1780356061.04,2026-06-01T23:21:01Z,40.65159,-73.776611,120.9,a7e5c1,N608JB,A320,AIRBUS A-320,0
landing,LGA,22,1780356080.03,2026-06-01T23:21:20Z,40.773651,-73.879929,182.8,a01097,N103HQ,E75L,EMBRAER ERJ-170-200 (long wing),0
landing,JFK,22L,1780356086.38,2026-06-01T23:21:26Z,40.631468,-73.765625,209.6,407979,G-ZBLC,B78X,BOEING 787-10 Dreamliner,0
takeoff,JFK,13R,1780356124.7,2026-06-01T23:22:04Z,40.646237,-73.812004,120.9,ab772d,N838MH,B764,BOEING 767-400,0
landing,LGA,22,1780356150.34,2026-06-01T23:22:30Z,40.776059,-73.878437,208.1,a7e24a,N607LR,CRJ9,BOMBARDIER Regional Jet CRJ-900,0
landing,JFK,13L,1780356159.98,2026-06-01T23:22:39Z,40.650856,-73.774963,120.9,a84d62,N634JB,A320,AIRBUS A-320,0
landing,LGA,22,1780356221.68,2026-06-01T23:23:41Z,40.776886,-73.877782,210.9,a16db9,N191UW,A321,AIRBUS A-321,0
takeoff,JFK,13R,1780356240.24,2026-06-01T23:24:00Z,40.645821,-73.811081,120.9,a39338,N3298J,,,0
takeoff,LGA,13,1780356243.27,2026-06-01T23:24:03Z,40.7804,-73.874552,120.9,a3dc5a,N348PQ,CRJ9,BOMBARDIER Regional Jet CRJ-900,0
landing,JFK,13L,1780356255.16,2026-06-01T23:24:15Z,40.650171,-73.77349,120.9,a033ff,N112DU,BCS1,AIRBUS A220-100,0
landing,LGA,22,1780356315.39,2026-06-01T23:25:15Z,40.77475,-73.879532,208.1,a19dff,N203JQ,E75L,EMBRAER ERJ-170-200 (long wing),0
landing,JFK,13L,1780356342.38,2026-06-01T23:25:42Z,40.651043,-73.775441,120.9,ab00d6,N808NW,A333,AIRBUS A-330-300,0
landing,JFK,22L,1780356385.5,2026-06-01T23:26:25Z,40.632797,-73.764618,210.9,3c6573,D-AIKS,A333,AIRBUS A-330-300,0
takeoff,JFK,13R,1780356398.69,2026-06-01T23:26:38Z,40.646097,-73.811708,120.9,a6cb48,N537JT,A320,AIRBUS A-320,0
landing,JFK,13L,1780356432.03,2026-06-01T23:27:12Z,40.651154,-73.77565,119.6,c82439,ZK-NZL,B789,BOEING 787-9 Dreamliner,0
takeoff,JFK,13R,1780356450.08,2026-06-01T23:27:30Z,40.646993,-73.81369,120.9,a0f4b5,N1605,B763,BOEING 767-300,0
landing,LGA,22,1780356454.44,2026-06-01T23:27:34Z,40.774756,-73.879514,208.1,ab1d06,N815MD,E170,EMBRAER ERJ-170-100,0
landing,JFK,22L,1780356564.12,2026-06-01T23:29:24Z,40.633541,-73.764023,210.9,a3871e,N3261J,BCS3,,0
landing,LGA,22,1780356564.95,2026-06-01T23:29:24Z,40.77635,-73.878203,210.9,acc7ae,N922XJ,CRJ9,BOMBARDIER Regional Jet CRJ-900,0
takeoff,JFK,13R,1780356589.7,2026-06-01T23:29:49Z,40.646179,-73.811864,120.9,a5fc87,N485PX,CRJ9,BOMBARDIER Regional Jet CRJ-900,0
takeoff,LGA,13,1780356591.35,2026-06-01T23:29:51Z,40.780563,-73.874942,120.9,a0ad3e,N14250,B738,BOEING 737-800,0
landing,JFK,13L,1780356597.44,2026-06-01T23:29:57Z,40.651323,-73.776018,120.9,a38439,N3257J,BCS3,,0
landing,LGA,22,1780356663.45,2026-06-01T23:31:03Z,40.777968,-73.876846,210.9,c07d20,C-GVJZ,DH8D,DE HAVILLAND DHC-8-400 Dash 8,0
takeoff,LGA,13,1780356688.08,2026-06-01T23:31:28Z,40.779888,-73.873459,120.9,a2af3e,N272PQ,CRJ9,BOMBARDIER Regional Jet CRJ-900,0
landing,JFK,13L,1780356697.1,2026-06-01T23:31:37Z,40.651852,-73.777191,120.9,a9acb8,N722TW,B752,BOEING 757-200,0
takeoff,JFK,13R,1780356724.39,2026-06-01T23:32:04Z,40.6464,-73.812363,118.1,a08e3c,N135EV,CRJ9,BOMBARDIER Regional Jet CRJ-900,0
landing,LGA,22,1780356761.39,2026-06-01T23:32:41Z,40.774796,-73.87944,208.1,a8a0d9,N655RW,E170,EMBRAER ERJ-170-100,0
landing,JFK,13L,1780356775.82,2026-06-01T23:32:55Z,40.652556,-73.778749,120.9,ac893a,N907AN,B738,BOEING 737-800,0
landing,LGA,22,1780356817.64,2026-06-01T23:33:37Z,40.774876,-73.87944,210.9,a44240,N3737C,B738,BOEING 737-800,0
takeoff,LGA,13,1780356821.57,2026-06-01T23:33:41Z,40.781878,-73.877642,120.9,a06e71,N127HQ,E75L,EMBRAER ERJ-170-200 (long wing),0
takeoff,JFK,13R,1780356854.15,2026-06-01T23:34:14Z,40.647331,-73.814438,120.9,a16c3a,N191DN,B763,BOEING 767-300,0
takeoff,JFK,31L,1780356889.43,2026-06-01T23:34:49Z,40.649483,-73.815598,267.2,a310cf,N297PQ,CRJ9,BOMBARDIER Regional Jet CRJ-900,0
landing,LGA,22,1780356918.13,2026-06-01T23:35:18Z,40.774965,-73.879358,208.1,a1b092,N208JQ,E75L,EMBRAER ERJ-170-200 (long wing),0
takeoff,LGA,13,1780356924.48,2026-06-01T23:35:24Z,40.781296,-73.87645,120.9,c06171,C-GKXK,E295,EMBRAER ERJ-190-400,0
landing,JFK,13L,1780356930.07,2026-06-01T23:35:30Z,40.651183,-73.775706,120.9,adb723,N983JT,A321,AIRBUS A-321,0
takeoff,JFK,13R,1780356932.48,2026-06-01T23:35:32Z,40.646015,-73.811523,120.9,407699,G-VPRD,A35K,AIRBUS A-350-1000,0
landing,LGA,22,1780356983.59,2026-06-01T23:36:23Z,40.775617,-73.878812,210.9,acc95c,N923AN,B738,BOEING 737-800,0
takeoff,LGA,13,1780357014.54,2026-06-01T23:36:54Z,40.779981,-73.873693,120.9,ab0e4c,N811NN,B738,BOEING 737-800,0
landing,LGA,22,1780357071.76,2026-06-01T23:37:51Z,40.778297,-73.876587,213.8,a36fa4,N320PQ,CRJ9,BOMBARDIER Regional Jet CRJ-900,0
takeoff,LGA,13,1780357098.61,2026-06-01T23:38:18Z,40.780266,-73.874268,123.8,ac8ee5,N908WN,B737,BOEING 737-700,0
takeoff,JFK,13R,1780357117.04,2026-06-01T23:38:37Z,40.645992,-73.811493,120.9,4843f2,PH-BQO,B772,BOEING 777-200,0
landing,JFK,13L,1780357144.95,2026-06-01T23:39:04Z,40.650427,-73.774083,120.9,a01c37,N106NN,A321,AIRBUS A-321,0
landing,LGA,22,1780357145.85,2026-06-01T23:39:05Z,40.77737,-73.877335,210.9,a34215,N309PQ,CRJ9,BOMBARDIER Regional Jet CRJ-900,0
takeoff,LGA,13,1780357161.52,2026-06-01T23:39:21Z,40.781788,-73.877441,120.9,abdb88,N863RW,E170,EMBRAER ERJ-170-100,0
takeoff,JFK,13R,1780357197.42,2026-06-01T23:39:57Z,40.646049,-73.8116,120.9,782240,B-227G,B77L,BOEING 777-200LR,0
landing,JFK,13L,1780357245.93,2026-06-01T23:40:45Z,40.649961,-73.773006,120.9,a0f4a2,N1604R,B763,BOEING 767-300,0
landing,LGA,22,1780357265.41,2026-06-01T23:41:05Z,40.774209,-73.879826,196.9,abd41a,N861RW,E170,EMBRAER ERJ-170-100,0
takeoff,JFK,13R,1780357270.17,2026-06-01T23:41:10Z,40.647503,-73.814865,118.1,abb3be,N853NW,A332,AIRBUS A-330-200,0
takeoff,JFK,13R,1780357299.55,2026-06-01T23:41:39Z,40.64819,-73.816315,154.7,ab6519,N833SK,CRJ9,BOMBARDIER Regional Jet CRJ-900,0
landing,LGA,22,1780357320.6,2026-06-01T23:42:00Z,40.777293,-73.877454,210.9,aaf960,N806NN,B738,BOEING 737-800,0
takeoff,LGA,13,1780357342.75,2026-06-01T23:42:22Z,40.781564,-73.877002,120.9,a20d0e,N231JQ,E75L,EMBRAER ERJ-170-200 (long wing),0
landing,JFK,13L,1780357371.87,2026-06-01T23:42:51Z,40.650287,-73.773755,120.9,a7bf22,N599DA,A21N,AIRBUS A-321neo,0
landing,JFK,22L,1780357406.36,2026-06-01T23:43:26Z,40.632318,-73.764985,212.4,48ae20,SP-LSA,B789,BOEING 787-9 Dreamliner,0
landing,LGA,22,1780357432.77,2026-06-01T23:43:52Z,40.771614,-73.88208,213.8,a4da13,N411YX,E75L,EMBRAER ERJ-170-200 (long wing),0
landing,JFK,13L,1780357452.25,2026-06-01T23:44:12Z,40.650659,-73.774582,122.4,040045,ET-AOO,B788,BOEING 787-8 Dreamliner,0
landing,LGA,22,1780357500.07,2026-06-01T23:45:00Z,40.776385,-73.878156,210.9,a1c57e,N213JQ,E75L,EMBRAER ERJ-170-200 (long wing),0
landing,LGA,22,1780357591.42,2026-06-01T23:46:31Z,40.775082,-73.879242,210.9,a4e538,N414YX,E75L,EMBRAER ERJ-170-200 (long wing),0
landing,JFK,13L,1780357612.16,2026-06-01T23:46:52Z,40.649265,-73.77153,126.6,a4c170,N405YX,E75L,EMBRAER ERJ-170-200 (long wing),0
landing,JFK,22L,1780357628.28,2026-06-01T23:47:08Z,40.631212,-73.765812,209.6,44012f,OE-LPL,B789,BOEING 787-9 Dreamliner,0
landing,LGA,22,1780357653.34,2026-06-01T23:47:33Z,40.77713,-73.877548,210.9,a19357,N200PQ,CRJ9,BOMBARDIER Regional Jet CRJ-900,0
takeoff,JFK,13R,1780357670.2,2026-06-01T23:47:50Z,40.647034,-73.813751,123.8,a1d4ab,N217MW,C56X,CESSNA 560XL Citation XLS,0
takeoff,LGA,13,1780357676.27,2026-06-01T23:47:56Z,40.780506,-73.874786,123.8,a44d3f,N3766,B738,BOEING 737-800,0
landing,JFK,13L,1780357713.09,2026-06-01T23:48:33Z,40.649712,-73.772476,120.9,a7e906,N609DN,A21N,AIRBUS A-321neo,0
landing,LGA,22,1780357721.93,2026-06-01T23:48:41Z,40.778922,-73.876065,213.8,a3c259,N341PQ,CRJ9,BOMBARDIER Regional Jet CRJ-900,0
takeoff,JFK,13R,1780357732.97,2026-06-01T23:48:52Z,40.64619,-73.811926,120.9,a75da2,N574D,A21N,AIRBUS A-321neo,0
takeoff,LGA,13,1780357744.32,2026-06-01T23:49:04Z,40.780412,-73.874614,120.9,a013e8,N104DN,A321,AIRBUS A-321,0
landing,JFK,13L,1780357765.71,2026-06-01T23:49:25Z,40.649197,-73.771301,120.9,adab31,N980AN,B738,BOEING 737-800,0
takeoff,JFK,13R,1780357791.71,2026-06-01T23:49:51Z,40.64583,-73.811115,120.9,407698,G-VJAM,A35K,AIRBUS A-350-1000,0
landing,JFK,13R,1780357792.49,2026-06-01T23:49:52Z,40.64569,-73.810834,120.9,407698,G-VJAM,A35K,AIRBUS A-350-1000,0
takeoff,JFK,13R,1780357792.49,2026-06-01T23:49:52Z,40.64569,-73.810834,120.9,407698,G-VJAM,A35K,AIRBUS A-350-1000,0
landing,LGA,22,1780357819.43,2026-06-01T23:50:19Z,40.774406,-73.87973,196.9,ab282b,N818MD,E170,EMBRAER ERJ-170-100,0
landing,LGA,22,1780357880.55,2026-06-01T23:51:20Z,40.776746,-73.877876,208.1,a148b9,N182GJ,CRJ9,BOMBARDIER Regional Jet CRJ-900,0
landing,JFK,13L,1780357886.27,2026-06-01T23:51:26Z,40.649088,-73.771102,120.9,a5237f,N430DX,A339,,0
takeoff,LGA,13,1780357899.97,2026-06-01T23:51:39Z,40.780552,-73.874879,120.9,a707a3,N552JB,A320,AIRBUS A-320,0
takeoff,JFK,13R,1780357900.99,2026-06-01T23:51:40Z,40.648134,-73.816202,120.9,a1ecfd,N223JQ,E75L,EMBRAER ERJ-170-200 (long wing),0
landing,LGA,22,1780357962.04,2026-06-01T23:52:42Z,40.774532,-73.879715,210.9,a9d5a2,N73259,B738,BOEING 737-800,0
landing,JFK,13L,1780358031.46,2026-06-01T23:53:51Z,40.650444,-73.774414,146.2,a39948,N3308J,,,0
landing,LGA,22,1780358040.91,2026-06-01T23:54:00Z,40.776924,-73.877716,210.9,a3f07f,N353FR,A20N,AIRBUS A-320neo,0
landing,JFK,22L,1780358064.52,2026-06-01T23:54:24Z,40.632655,-73.764704,210.9,4952ab,CS-TUK,A339,AIRBUS A-330-900,0
takeoff,JFK,13R,1780358089.85,2026-06-01T23:54:49Z,40.648064,-73.816046,120.9,a4c9d5,N4076J,A21N,AIRBUS A-321neo,0
landing,LGA,22,1780358117.37,2026-06-01T23:55:17Z,40.778,-73.876846,210.9,a83e86,N630JB,A320,AIRBUS A-320,0
takeoff,JFK,13R,1780358125.29,2026-06-01T23:55:25Z,40.64819,-73.816345,137.8,a6d649,N54HG,F900,DASSAULT Falcon 900,0
landing,LGA,22,1780358193.83,2026-06-01T23:56:33Z,40.774279,-73.879904,210.9,a45f64,N381DZ,A321,AIRBUS A-321,0
takeoff,LGA,13,1780358207.63,2026-06-01T23:56:47Z,40.780552,-73.874864,120.9,a02c94,N110DX,A321,AIRBUS A-321,0
landing,JFK,13L,1780358215.34,2026-06-01T23:56:55Z,40.65116,-73.775659,120.9,a9450d,N697DL,B752,BOEING 757-200,0
landing,JFK,22R,1780358228.5,2026-06-01T23:57:08Z,40.645166,-73.770899,180.0,ac801e,N904XJ,CRJ9,BOMBARDIER Regional Jet CRJ-900,0
takeoff,JFK,13R,1780358236.13,2026-06-01T23:57:16Z,40.646691,-73.813019,120.9,ab3d41,N823NW,A333,AIRBUS A-330-300,0
landing,LGA,22,1780358279.78,2026-06-01T23:57:59Z,40.777119,-73.877563,210.9,a1094c,N166PQ,CRJ9,BOMBARDIER Regional Jet CRJ-900,0
landing,JFK,13L,1780358302.7,2026-06-01T23:58:22Z,40.651978,-73.777435,120.9,a8f9a3,N678CA,CRJ9,BOMBARDIER Regional Jet CRJ-900,0
takeoff,JFK,13R,1780358306.65,2026-06-01T23:58:26Z,40.648099,-73.816109,120.9,a210c5,N232JQ,E75L,EMBRAER ERJ-170-200 (long wing),0
landing,LGA,22,1780358354.0,2026-06-01T23:59:14Z,40.778835,-73.876144,210.9,a33d68,N308DU,BCS3,AIRBUS A220-300,0
