type,airport,runway,timestamp,timestamp_iso,lat,lon,track_deg,icao,registration,aircraft_type,description,db_flags
takeoff,LGA,04,1785196831.06,2026-07-28T00:00:31Z,40.777439,-73.877335,33.8,adbb39,N984NN,B738,BOEING 737-800,0
takeoff,JFK,22R,1785196978.72,2026-07-28T00:02:58Z,40.646336,-73.766617,210.9,ad444d,N954JB,A321,AIRBUS A-321,0
landing,LGA,04,1785197014.4,2026-07-28T00:03:34Z,40.776583,-73.878016,30.9,a39d9b,N332DU,BCS3,,0
takeoff,JFK,22R,1785197104.92,2026-07-28T00:05:04Z,40.646179,-73.766748,210.9,7100c8,HZ-AK36,B77W,BOEING 777-300ER,0
takeoff,JFK,22R,1785197194.66,2026-07-28T00:06:34Z,40.646324,-73.766632,212.4,e80450,CC-BGJ,B789,BOEING 787-9 Dreamliner,0
landing,JFK,22L,1785197259.81,2026-07-28T00:07:39Z,40.63461,-73.763206,210.9,adea26,N996NN,B738,BOEING 737-800,0
takeoff,JFK,22R,1785197336.52,2026-07-28T00:08:56Z,40.646496,-73.76651,210.9,ac72f0,N901AN,B738,BOEING 737-800,0
landing,JFK,22L,1785197356.34,2026-07-28T00:09:16Z,40.636723,-73.761551,210.9,a19cc7,N2027J,A21N,AIRBUS A-321neo,0
takeoff,JFK,22R,1785197401.21,2026-07-28T00:10:01Z,40.646377,-73.766577,209.6,ab79ca,N839AA,B789,BOEING 787-9 Dreamliner,0
landing,JFK,22L,1785197466.12,2026-07-28T00:11:06Z,40.637444,-73.760956,210.9,a19d0d,N2029J,A21N,AIRBUS A-321neo,0
takeoff,JFK,22R,1785197481.38,2026-07-28T00:11:21Z,40.64661,-73.766388,210.9,a50adc,N424DX,A339,AIRBUS A-330-900,0
landing,JFK,22L,1785197565.46,2026-07-28T00:12:45Z,40.635967,-73.762131,210.9,a92145,N688DL,B752,BOEING 757-200,0
landing,JFK,22L,1785197650.41,2026-07-28T00:14:10Z,40.635098,-73.762817,210.9,a1a435,N2047J,A21N,AIRBUS A-321neo,0
landing,JFK,22L,1785197722.88,2026-07-28T00:15:22Z,40.634857,-73.763,209.6,485344,PH-BHL,B789,BOEING 787-9 Dreamliner,0
takeoff,JFK,22R,1785197789.18,2026-07-28T00:16:29Z,40.646336,-73.766617,210.9,a69bcd,N525DA,A21N,AIRBUS A-321neo,0
takeoff,JFK,22R,1785197858.95,2026-07-28T00:17:38Z,40.645283,-73.767419,210.9,40808c,G-VNVR,A35K,AIRBUS A-350-1000,0
landing,JFK,22L,1785197911.49,2026-07-28T00:18:31Z,40.632504,-73.76486,210.9,a9b9e3,N726AN,B77W,BOEING 777-300ER,0
takeoff,JFK,22R,1785197981.07,2026-07-28T00:19:41Z,40.64661,-73.766403,210.9,a66239,N510JB,A320,AIRBUS A-320,0
landing,JFK,22L,1785198059.87,2026-07-28T00:20:59Z,40.636007,-73.762098,210.9,a38e69,N3280J,BCS3,AIRBUS A220-300,0
landing,JFK,22L,1785198158.56,2026-07-28T00:22:38Z,40.636892,-73.761427,209.6,406f78,G-ZBKL,B789,BOEING 787-9 Dreamliner,0
landing,JFK,22L,1785198318.44,2026-07-28T00:25:18Z,40.634866,-73.762972,210.9,a4503d,N37700,B738,BOEING 737-800,0
takeoff,JFK,22R,1785198364.26,2026-07-28T00:26:04Z,40.64626,-73.766655,210.9,a67805,N516DA,A21N,AIRBUS A-321neo,0
landing,JFK,22L,1785198421.66,2026-07-28T00:27:01Z,40.635761,-73.762283,210.9,a1bc29,N2102J,A21N,AIRBUS A-321neo,0
takeoff,JFK,22R,1785198436.22,2026-07-28T00:27:16Z,40.645399,-73.767341,210.9,ab649a,N833MH,B764,BOEING 767-400,0
landing,LGA,04,1785198458.02,2026-07-28T00:27:38Z,40.780483,-73.874786,30.9,ac9e77,N912DU,B739,BOEING 737-900,0
takeoff,JFK,22R,1785198523.31,2026-07-28T00:28:43Z,40.646458,-73.766499,210.9,a32803,N302NY,A21N,AIRBUS A-321neo,0
landing,JFK,22L,1785198536.13,2026-07-28T00:28:56Z,40.632748,-73.764657,210.9,ad4804,N955JB,A321,AIRBUS A-321,0
takeoff,JFK,22R,1785198601.45,2026-07-28T00:30:01Z,40.644887,-73.767716,210.9,a9605b,N703GT,B77L,BOEING 777-200LR,0
landing,JFK,22L,1785198647.6,2026-07-28T00:30:47Z,40.636665,-73.761612,210.9,a03765,N113AN,A321,AIRBUS A-321,0
takeoff,JFK,22R,1785198684.68,2026-07-28T00:31:24Z,40.646324,-73.766617,210.9,4005bc,G-VIID,B772,BOEING 777-200,0
takeoff,JFK,22R,1785198862.21,2026-07-28T00:34:22Z,40.646164,-73.766724,210.9,a6cacb,N537DT,A21N,AIRBUS A-321neo,0
takeoff,JFK,22R,1785198988.34,2026-07-28T00:36:28Z,40.645795,-73.767029,210.9,a96ba2,N706JB,A320,AIRBUS A-320,0
takeoff,LGA,22,1785199009.57,2026-07-28T00:36:49Z,40.770962,-73.884165,210.9,a1ff90,N228JQ,E75L,EMBRAER ERJ-170-200 (long wing),0
landing,JFK,22L,1785199042.51,2026-07-28T00:37:22Z,40.635635,-73.76241,210.9,a1aaae,N2060J,A21N,AIRBUS A-321neo,0
takeoff,JFK,22R,1785199190.16,2026-07-28T00:39:50Z,40.646353,-73.766577,210.9,a15ebc,N188DN,B763,BOEING 767-300,0
takeoff,JFK,22R,1785199289.87,2026-07-28T00:41:29Z,40.645271,-73.767441,210.9,4ba948,TC-JJH,B77W,BOEING 777-300ER,0
takeoff,JFK,22R,1785199389.17,2026-07-28T00:43:09Z,40.645317,-73.767404,212.4,740822,JY-BAB,B788,BOEING 787-8 Dreamliner,0
takeoff,LGA,04,1785199495.96,2026-07-28T00:44:55Z,40.773457,-73.8806,33.8,a495b4,N395DN,B738,BOEING 737-800,0
takeoff,JFK,22R,1785199574.86,2026-07-28T00:46:14Z,40.646307,-73.766639,210.9,4cc57c,TF-IAC,A21N,AIRBUS A-321neo,0
landing,JFK,22L,1785199624.77,2026-07-28T00:47:04Z,40.635258,-73.762695,210.9,a1ce99,N2151J,A21N,AIRBUS A-321neo,0
takeoff,JFK,22R,1785199644.95,2026-07-28T00:47:24Z,40.646144,-73.766779,210.9,ade9c0,N996JL,A321,AIRBUS A-321,0
landing,JFK,22L,1785199780.53,2026-07-28T00:49:40Z,40.636682,-73.761567,210.9,acf54f,N934JB,A321,AIRBUS A-321,0
takeoff,JFK,22R,1785199792.65,2026-07-28T00:49:52Z,40.644864,-73.767747,210.9,a39338,N3298J,,,0
takeoff,JFK,22R,1785199855.8,2026-07-28T00:50:55Z,40.646301,-73.766647,209.7,e80491,CC-BMB,B789,BOEING 787-9 Dreamliner,0
landing,JFK,22L,1785199899.2,2026-07-28T00:51:39Z,40.634261,-73.763487,210.9,71c010,HL8010,B77W,BOEING 777-300ER,0
takeoff,LGA,04,1785200013.7,2026-07-28T00:53:33Z,40.771963,-73.881839,33.8,a2b17a,N27287,B38M,,0
landing,JFK,22L,1785200035.41,2026-07-28T00:53:55Z,40.63418,-73.763534,210.9,ad4f72,N957JB,A321,AIRBUS A-321,0
landing,JFK,22L,1785200137.18,2026-07-28T00:55:37Z,40.636391,-73.761795,210.9,acba30,N919XJ,CRJ9,BOMBARDIER Regional Jet CRJ-900,0
takeoff,JFK,22R,1785200152.82,2026-07-28T00:55:52Z,40.640814,-73.770931,210.9,a18284,N197DN,B763,BOEING 767-300,0
takeoff,JFK,22R,1785200213.06,2026-07-28T00:56:53Z,40.646109,-73.766779,210.9,ab6fbf,N836MH,B764,BOEING 767-400,0
landing,JFK,22L,1785200253.32,2026-07-28T00:57:33Z,40.632008,-73.765213,210.9,abfa65,N871DN,B739,BOEING 737-900,0
takeoff,JFK,22R,1785200286.06,2026-07-28T00:58:06Z,40.644951,-73.767715,210.9,abbb2c,N855NW,A332,AIRBUS A-330-200,0
takeoff,JFK,22R,1785200414.43,2026-07-28T01:00:14Z,40.646267,-73.766663,210.9,a788d3,N585DN,A21N,,0
takeoff,LGA,13,1785200507.19,2026-07-28T01:01:47Z,40.779644,-73.872991,118.1,a35701,N314PQ,CRJ9,BOMBARDIER Regional Jet CRJ-900,0
takeoff,JFK,22R,1785200521.15,2026-07-28T01:02:01Z,40.644619,-73.767965,210.9,ab4fd4,N828NW,A333,AIRBUS A-330-300,0
takeoff,LGA,13,1785200587.34,2026-07-28T01:03:07Z,40.780121,-73.873974,123.8,aa56b4,N76515,B738,BOEING 737-800,0
takeoff,JFK,22R,1785200607.02,2026-07-28T01:03:27Z,40.644802,-73.767807,210.9,4ca5c7,EI-DUZ,A333,AIRBUS A-330-300,0
takeoff,LGA,13,1785200647.41,2026-07-28T01:04:07Z,40.781479,-73.876801,123.8,a50192,N421YX,E75L,EMBRAER ERJ-170-200 (long wing),0
landing,JFK,22L,1785200698.76,2026-07-28T01:04:58Z,40.635111,-73.7628,208.1,a130cb,N176PQ,CRJ9,BOMBARDIER Regional Jet CRJ-900,0
takeoff,JFK,22R,1785200745.01,2026-07-28T01:05:45Z,40.64512,-73.767544,210.9,ab8031,N840DN,B739,BOEING 737-900,0
landing,JFK,22L,1785200798.5,2026-07-28T01:06:38Z,40.633726,-73.763877,210.9,ad6bdc,N964JT,A321,AIRBUS A-321,0
takeoff,JFK,22R,1785200811.96,2026-07-28T01:06:51Z,40.644887,-73.767731,210.9,a4f5f0,N419DX,A339,AIRBUS A-330-900,0
landing,JFK,22L,1785200867.55,2026-07-28T01:07:47Z,40.634811,-73.763031,210.9,a7e20a,N607JB,A320,AIRBUS A-320,0
takeoff,LGA,13,1785200876.56,2026-07-28T01:07:56Z,40.781669,-73.877205,123.8,a4b294,N401YX,E75L,EMBRAER ERJ-170-200 (long wing),0
landing,LGA,22,1785200876.73,2026-07-28T01:07:56Z,40.775745,-73.878708,210.9,a1f46b,N225JQ,E75L,EMBRAER ERJ-170-200 (long wing),0
takeoff,JFK,22R,1785200911.07,2026-07-28T01:08:31Z,40.645649,-73.767136,210.9,a33328,N305NY,A21N,AIRBUS A-321neo,0
takeoff,LGA,13,1785200961.82,2026-07-28T01:09:21Z,40.780144,-73.874037,120.9,add667,N991AN,B738,BOEING 737-800,0
landing,JFK,22L,1785200967.2,2026-07-28T01:09:27Z,40.633621,-73.763992,219.4,a08e82,N135HQ,E75L,EMBRAER ERJ-170-200 (long wing),0
takeoff,JFK,22R,1785200979.95,2026-07-28T01:09:39Z,40.644992,-73.767653,210.9,76ceea,9V-SWJ,B77W,BOEING 777-300ER,0
landing,JFK,22L,1785201048.16,2026-07-28T01:10:48Z,40.632376,-73.764922,210.9,407da5,G-VJAZ,A339,AIRBUS A-330-900,0
takeoff,JFK,22R,1785201049.31,2026-07-28T01:10:49Z,40.645512,-73.767227,210.9,4005c1,G-RAES,B772,BOEING 777-200,0
landing,LGA,22,1785201071.09,2026-07-28T01:11:11Z,40.775185,-73.879135,210.9,ac5331,N89321,E75L,EMBRAER ERJ-170-200 (long wing),0
takeoff,LGA,13,1785201081.74,2026-07-28T01:11:21Z,40.780266,-73.874268,123.8,ac3688,N8860S,B38M,BOEING 737 MAX 8,0
takeoff,JFK,22R,1785201124.57,2026-07-28T01:12:04Z,40.64477,-73.767825,210.9,34520b,EC-MLB,A332,AIRBUS A-330-200,0
landing,JFK,22L,1785201218.5,2026-07-28T01:13:38Z,40.63468,-73.763128,210.9,789269,B-LXP,A35K,AIRBUS A-350-1000,0
takeoff,JFK,22R,1785201220.06,2026-07-28T01:13:40Z,40.644939,-73.767685,210.9,ab5365,N829MH,B764,BOEING 767-400,0
takeoff,LGA,13,1785201270.32,2026-07-28T01:14:30Z,40.77976,-73.87321,123.8,ac5488,N894DN,B739,BOEING 737-900,0
takeoff,JFK,22R,1785201313.05,2026-07-28T01:15:13Z,40.646074,-73.766826,210.9,a6b0bd,N530DE,A21N,,0
landing,JFK,22L,1785201353.81,2026-07-28T01:15:53Z,40.633063,-73.764329,210.9,4b187d,HB-JHD,A333,AIRBUS A-330-300,0
landing,LGA,22,1785201375.42,2026-07-28T01:16:15Z,40.776855,-73.877777,213.8,aaf4c8,N805DN,B739,BOEING 737-900,0
landing,LGA,22,1785201469.65,2026-07-28T01:17:49Z,40.777256,-73.877457,208.1,a35e6f,N316PQ,CRJ9,BOMBARDIER Regional Jet CRJ-900,0
takeoff,LGA,13,1785201486.95,2026-07-28T01:18:06Z,40.780106,-73.873932,120.9,aae316,N800NN,B738,BOEING 737-800,0
takeoff,LGA,13,1785201563.86,2026-07-28T01:19:23Z,40.779922,-73.873535,123.8,a0540a,N120DN,A321,AIRBUS A-321,0
takeoff,JFK,22R,1785201582.85,2026-07-28T01:19:42Z,40.645386,-73.767334,210.9,ab4489,N825MH,B764,BOEING 767-400,0
landing,LGA,22,1785201657.49,2026-07-28T01:20:57Z,40.776013,-73.8785,208.1,a7d725,N604LR,CRJ9,BOMBARDIER Regional Jet CRJ-900,0
takeoff,JFK,22R,1785201678.7,2026-07-28T01:21:18Z,40.645387,-73.767341,210.9,ac90f3,N909DN,B739,BOEING 737-900,0
takeoff,LGA,13,1785201680.59,2026-07-28T01:21:20Z,40.779613,-73.87291,123.8,ab6020,N832DN,B739,BOEING 737-900,0
landing,JFK,22L,1785201692.5,2026-07-28T01:21:32Z,40.635338,-73.762619,210.9,a29551,N266AK,B739,BOEING 737-900,0
takeoff,JFK,22R,1785201754.1,2026-07-28T01:22:34Z,40.644887,-73.767716,210.9,4cadc6,EI-HJN,A339,AIRBUS A-330-900,0
landing,JFK,22L,1785201864.42,2026-07-28T01:24:24Z,40.634743,-73.763062,210.9,a6709b,N514DE,A21N,AIRBUS A-321neo,0
landing,LGA,22,1785201915.52,2026-07-28T01:25:15Z,40.777014,-73.877688,210.9,abdb35,N863NN,B738,BOEING 737-800,0
landing,JFK,22L,1785201942.99,2026-07-28T01:25:42Z,40.634628,-73.763184,210.9,acfc56,N936DZ,B739,,0
landing,JFK,22L,1785202024.55,2026-07-28T01:27:04Z,40.63475,-73.763081,210.9,ac7b1b,N903JB,A321,AIRBUS A-321,0
takeoff,JFK,22R,1785202032.69,2026-07-28T01:27:12Z,40.645562,-73.767232,209.6,ab3c0d,N823AN,B789,BOEING 787-9 Dreamliner,0
takeoff,LGA,13,1785202044.94,2026-07-28T01:27:24Z,40.780186,-73.8741,123.8,aaa593,N78509,B738,BOEING 737-800,0
landing,JFK,22L,1785202116.38,2026-07-28T01:28:36Z,40.636205,-73.761957,210.9,34718d,EC-NRG,A332,AIRBUS A-330-200,0
takeoff,JFK,22R,1785202132.3,2026-07-28T01:28:52Z,40.645934,-73.76692,210.9,adf4e9,N999JQ,A321,AIRBUS A-321,0
landing,LGA,22,1785202186.8,2026-07-28T01:29:46Z,40.777107,-73.877563,208.1,a6ce58,N538CA,CRJ9,BOMBARDIER Regional Jet CRJ-900,0
takeoff,JFK,22R,1785202215.39,2026-07-28T01:30:15Z,40.646155,-73.766733,210.9,a1cb05,N2142J,A21N,AIRBUS A-321neo,0
landing,JFK,22L,1785202234.43,2026-07-28T01:30:34Z,40.633266,-73.764236,210.9,4cc57a,TF-ICV,B38M,BOEING 737 MAX 8,0
takeoff,JFK,22R,1785202305.25,2026-07-28T01:31:45Z,40.646645,-73.766373,210.9,4d023b,LX-MCO,A319,AIRBUS A-319,8
landing,JFK,22L,1785202325.41,2026-07-28T01:32:05Z,40.637535,-73.76091,210.9,4cae31,EI-XLT,A21N,AIRBUS A-321neo,0
landing,LGA,22,1785202325.79,2026-07-28T01:32:05Z,40.776867,-73.877762,210.9,ab1d06,N815MD,E170,EMBRAER ERJ-170-100,0
takeoff,LGA,13,1785202346.91,2026-07-28T01:32:26Z,40.779679,-73.873053,123.8,ad0725,N939AN,B738,BOEING 737-800,0
takeoff,JFK,22R,1785202381.73,2026-07-28T01:33:01Z,40.645958,-73.766904,209.6,02013f,CN-RGY,B789,BOEING 787-9 Dreamliner,0
landing,LGA,22,1785202414.91,2026-07-28T01:33:34Z,40.774837,-73.879436,210.9,abdb88,N863RW,E170,EMBRAER ERJ-170-100,0
landing,JFK,22L,1785202436.28,2026-07-28T01:33:56Z,40.635498,-73.762466,210.9,a70463,N551NW,B752,BOEING 757-200,0
takeoff,LGA,13,1785202451.64,2026-07-28T01:34:11Z,40.779819,-73.873319,123.8,aacd96,N79541,B738,BOEING 737-800,0
landing,JFK,22L,1785202529.2,2026-07-28T01:35:29Z,40.634514,-73.763245,210.9,782078,B-225A,B77L,BOEING 777-200LR,0
takeoff,JFK,22R,1785202537.4,2026-07-28T01:35:37Z,40.646164,-73.766739,210.9,a65454,N507DZ,A21N,AIRBUS A-321neo,0
takeoff,LGA,13,1785202539.04,2026-07-28T01:35:39Z,40.779632,-73.872944,123.8,a4a484,N399DA,B738,BOEING 737-800,0
landing,JFK,22L,1785202613.91,2026-07-28T01:36:53Z,40.633736,-73.763901,209.6,7380ca,4X-EDL,B789,BOEING 787-9 Dreamliner,0
takeoff,JFK,22R,1785202630.49,2026-07-28T01:37:10Z,40.645363,-73.76738,210.9,abb3be,N853NW,A332,AIRBUS A-330-200,0
landing,LGA,22,1785202673.69,2026-07-28T01:37:53Z,40.772049,-73.88176,210.9,a5255a,N430YX,E75L,EMBRAER ERJ-170-200 (long wing),0
takeoff,LGA,13,1785202680.87,2026-07-28T01:38:00Z,40.779574,-73.872819,123.8,ab129a,N812UP,B38M,BOEING 737 MAX 8,0
takeoff,JFK,22R,1785202734.32,2026-07-28T01:38:54Z,40.646272,-73.766655,210.9,a1dab3,N2188J,A21N,AIRBUS A-321neo,0
landing,JFK,22L,1785202757.5,2026-07-28T01:39:17Z,40.634502,-73.76326,210.9,ace063,N929JB,A321,AIRBUS A-321,0
takeoff,LGA,13,1785202791.82,2026-07-28T01:39:51Z,40.779167,-73.871948,123.8,a39d9b,N332DU,BCS3,,0
landing,JFK,22L,1785202822.34,2026-07-28T01:40:22Z,40.633427,-73.764114,210.9,a446aa,N375DA,B738,BOEING 737-800,0
landing,LGA,22,1785202863.07,2026-07-28T01:41:03Z,40.776581,-73.878021,210.9,a4a0cd,N398DA,B738,BOEING 737-800,0
takeoff,LGA,13,1785202908.98,2026-07-28T01:41:48Z,40.779636,-73.872971,123.8,a71efa,N558UW,A321,AIRBUS A-321,0
landing,JFK,22L,1785202929.52,2026-07-28T01:42:09Z,40.63591,-73.762161,210.9,ab355c,N821JB,A320,AIRBUS A-320,0
landing,JFK,22L,1785202998.5,2026-07-28T01:43:18Z,40.634594,-73.763199,210.9,a33eb5,N308TB,B38M,BOEING 737 MAX 8,0
landing,LGA,22,1785203020.62,2026-07-28T01:43:40Z,40.776077,-73.878418,213.8,a32e8c,N304DU,BCS3,AIRBUS A220-300,0
takeoff,JFK,13R,1785203072.28,2026-07-28T01:44:32Z,40.635774,-73.781839,84.4,a446aa,N375DA,B738,BOEING 737-800,0
landing,JFK,22L,1785203089.68,2026-07-28T01:44:49Z,40.635623,-73.762379,210.9,a0f4b5,N1605,B763,BOEING 767-300,0
takeoff,JFK,22R,1785203098.13,2026-07-28T01:44:58Z,40.646324,-73.766632,210.9,a776b2,N580JB,A320,AIRBUS A-320,0
landing,LGA,22,1785203107.56,2026-07-28T01:45:07Z,40.776886,-73.877751,210.9,acf69b,N934XJ,CRJ9,BOMBARDIER Regional Jet CRJ-900,0
takeoff,JFK,22R,1785203177.32,2026-07-28T01:46:17Z,40.64645,-73.766541,210.9,a1ddbb,N2193J,A21N,AIRBUS A-321neo,0
landing,LGA,22,1785203205.42,2026-07-28T01:46:45Z,40.774756,-73.879514,210.9,a1c935,N214JQ,E75L,EMBRAER ERJ-170-200 (long wing),0
landing,JFK,22L,1785203208.9,2026-07-28T01:46:48Z,40.63553,-73.762457,210.9,ad8fa4,N973JT,A321,AIRBUS A-321,0
landing,LGA,22,1785203263.79,2026-07-28T01:47:43Z,40.774453,-73.879779,210.9,a35af8,N315SD,B38M,BOEING 737 MAX 8,0
takeoff,JFK,22R,1785203304.99,2026-07-28T01:48:24Z,40.647022,-73.766052,210.9,a770a2,N579JB,A320,AIRBUS A-320,0
landing,JFK,22L,1785203305.4,2026-07-28T01:48:25Z,40.635844,-73.762238,210.9,ab4f5d,N828JB,A320,AIRBUS A-320,0
landing,LGA,22,1785203361.94,2026-07-28T01:49:21Z,40.778759,-73.876206,213.8,c05ed9,C-GJXW,BCS3,AIRBUS A220-300,0
takeoff,JFK,22R,1785203386.36,2026-07-28T01:49:46Z,40.646481,-73.766499,210.9,495269,CS-TSI,A21N,AIRBUS A-321neo,0
landing,JFK,22L,1785203399.17,2026-07-28T01:49:59Z,40.635658,-73.762347,210.9,a37c1c,N3232J,BCS3,,0
landing,LGA,22,1785203494.39,2026-07-28T01:51:34Z,40.775955,-73.878531,213.8,acf2e4,N933XJ,CRJ9,BOMBARDIER Regional Jet CRJ-900,0
landing,JFK,22L,1785203520.19,2026-07-28T01:52:00Z,40.636403,-73.761786,208.1,a7de93,N606LR,CRJ9,BOMBARDIER Regional Jet CRJ-900,0
takeoff,JFK,22R,1785203604.88,2026-07-28T01:53:24Z,40.647354,-73.765823,210.9,3965aa,F-GZNK,B77W,BOEING 777-300ER,0
landing,LGA,22,1785203619.31,2026-07-28T01:53:39Z,40.780656,-73.87463,210.9,a19340,N200NS,C550,CESSNA 550 Citation S2,0
landing,JFK,22L,1785203635.6,2026-07-28T01:53:55Z,40.63468,-73.763128,210.9,8990e5,B-16723,B77W,BOEING 777-300ER,0
landing,LGA,22,1785203690.34,2026-07-28T01:54:50Z,40.776665,-73.877954,213.8,a3b124,N337PQ,CRJ9,BOMBARDIER Regional Jet CRJ-900,0
takeoff,LGA,22,1785203735.3,2026-07-28T01:55:35Z,40.784299,-73.871633,213.8,a07fa6,N131HQ,E75L,EMBRAER ERJ-170-200 (long wing),0
landing,JFK,22L,1785203805.14,2026-07-28T01:56:45Z,40.636391,-73.761801,210.9,acab54,N915XJ,CRJ9,BOMBARDIER Regional Jet CRJ-900,0
takeoff,JFK,22R,1785203867.92,2026-07-28T01:57:47Z,40.646828,-73.76622,210.9,407994,G-STBO,B77W,BOEING 777-300ER,0
landing,LGA,22,1785203887.98,2026-07-28T01:58:07Z,40.774841,-73.879471,210.9,a12758,N17349,B38M,BOEING 737 MAX 8,0
landing,JFK,22L,1785203912.12,2026-07-28T01:58:32Z,40.634634,-73.763159,210.9,ad7ab8,N968JT,A321,AIRBUS A-321,0
landing,LGA,22,1785203985.56,2026-07-28T01:59:45Z,40.777968,-73.876877,208.1,a39723,N330PQ,CRJ9,BOMBARDIER Regional Jet CRJ-900,0
landing,JFK,22L,1785203994.24,2026-07-28T01:59:54Z,40.635355,-73.762597,210.9,ad2f71,N949JT,A321,AIRBUS A-321,0
takeoff,JFK,22R,1785204015.43,2026-07-28T02:00:15Z,40.646381,-73.766571,210.9,a4503d,N37700,B738,BOEING 737-800,0
landing,LGA,22,1785204076.89,2026-07-28T02:01:16Z,40.775501,-73.87889,210.9,a4c170,N405YX,E75L,EMBRAER ERJ-170-200 (long wing),0
landing,JFK,22L,1785204105.49,2026-07-28T02:01:45Z,40.635395,-73.762573,210.9,06a0e9,A7-AMJ,A359,AIRBUS A-350-900,0
landing,LGA,22,1785204180.41,2026-07-28T02:03:00Z,40.774989,-73.879311,210.9,ac1f61,N880RW,E170,EMBRAER ERJ-170-100,0
takeoff,JFK,22R,1785204225.97,2026-07-28T02:03:45Z,40.646307,-73.766655,210.9,a4ccba,N4080J,A21N,,0
landing,JFK,22L,1785204228.7,2026-07-28T02:03:48Z,40.633999,-73.763672,210.9,ad0074,N937JB,A321,AIRBUS A-321,0
takeoff,JFK,22R,1785204316.73,2026-07-28T02:05:16Z,40.646027,-73.766873,210.9,896596,A6-XWA,A35K,AIRBUS A-350-1000,0
landing,LGA,22,1785204348.03,2026-07-28T02:05:48Z,40.77166,-73.88208,210.9,a07bef,N130HQ,E75L,EMBRAER ERJ-170-200 (long wing),0
landing,LGA,22,1785204412.14,2026-07-28T02:06:52Z,40.775414,-73.878983,210.9,a22ac6,N239JQ,E75L,EMBRAER ERJ-170-200 (long wing),0
landing,JFK,22L,1785204430.55,2026-07-28T02:07:10Z,40.637508,-73.760927,213.8,a61173,N490PX,CRJ9,BOMBARDIER Regional Jet CRJ-900,0
takeoff,JFK,22R,1785204452.75,2026-07-28T02:07:32Z,40.646365,-73.766577,210.9,a23f5d,N244FE,B763,BOEING 767-300,0
takeoff,LGA,13,1785204520.93,2026-07-28T02:08:40Z,40.77976,-73.873225,120.9,ac9e77,N912DU,B739,BOEING 737-900,0
landing,LGA,22,1785204523.21,2026-07-28T02:08:43Z,40.772044,-73.88173,213.8,a4cc95,N408YX,E75L,EMBRAER ERJ-170-200 (long wing),0
landing,JFK,22L,1785204530.68,2026-07-28T02:08:50Z,40.636608,-73.761642,210.9,a01fee,N107NN,A321,AIRBUS A-321,0
takeoff,JFK,22R,1785204536.97,2026-07-28T02:08:56Z,40.6469,-73.766155,210.9,a92145,N688DL,B752,BOEING 757-200,0
takeoff,JFK,22R,1785204610.53,2026-07-28T02:10:10Z,40.646295,-73.766639,210.9,a69894,N524JB,A320,AIRBUS A-320,0
landing,LGA,22,1785204641.54,2026-07-28T02:10:41Z,40.777279,-73.877426,210.9,a07579,N129DN,A321,AIRBUS A-321,0
landing,JFK,22L,1785204641.93,2026-07-28T02:10:41Z,40.633773,-73.763846,210.9,71be26,HL7626,A388,AIRBUS A-380-800,0
takeoff,JFK,22R,1785204704.55,2026-07-28T02:11:44Z,40.645912,-73.766922,210.9,a519b8,N428DX,A339,,0
landing,LGA,22,1785204750.5,2026-07-28T02:12:30Z,40.778423,-73.87648,210.9,a7de53,N606JB,A320,AIRBUS A-320,0
landing,JFK,22L,1785204832.24,2026-07-28T02:13:52Z,40.636379,-73.761786,210.9,aa7c64,N775JB,A320,AIRBUS A-320,0
takeoff,JFK,22R,1785204841.93,2026-07-28T02:14:01Z,40.646772,-73.766264,210.9,a4caba,N408DX,A339,AIRBUS A-330-900,0
takeoff,JFK,22R,1785204916.67,2026-07-28T02:15:16Z,40.646342,-73.766608,210.9,ab3d41,N823NW,A333,AIRBUS A-330-300,0
landing,JFK,22L,1785204928.54,2026-07-28T02:15:28Z,40.633026,-73.764465,210.9,780cb8,B-2487,B748,BOEING 747-8,0
landing,JFK,22L,1785205065.11,2026-07-28T02:17:45Z,40.635487,-73.762497,210.9,a017a5,N105DU,BCS1,AIRBUS A220-100,0
landing,LGA,22,1785205081.25,2026-07-28T02:18:01Z,40.777554,-73.877213,210.9,a2af3e,N272PQ,CRJ9,BOMBARDIER Regional Jet CRJ-900,0
landing,JFK,22L,1785205158.22,2026-07-28T02:19:18Z,40.635798,-73.762269,212.4,4bb193,TC-LLS,B789,BOEING 787-9 Dreamliner,0
landing,LGA,22,1785205189.44,2026-07-28T02:19:49Z,40.775629,-73.878796,210.9,a6cb48,N537JT,A320,AIRBUS A-320,0
landing,JFK,22R,1785205195.04,2026-07-28T02:19:55Z,40.632551,-73.77736,210.9,a3549d,N3132J,BCS3,AIRBUS A220-300,0
landing,LGA,22,1785205274.22,2026-07-28T02:21:14Z,40.77808,-73.876785,210.9,a37d8a,N324DU,BCS3,AIRBUS A220-300,0
takeoff,JFK,22R,1785205342.05,2026-07-28T02:22:22Z,40.645201,-73.767497,210.9,a3311b,N3044J,BCS3,AIRBUS A220-300,0
landing,LGA,22,1785205376.5,2026-07-28T02:22:56Z,40.775815,-73.878656,210.9,ab0d76,N811DZ,B739,BOEING 737-900,0
takeoff,LGA,13,1785205383.94,2026-07-28T02:23:03Z,40.781459,-73.876752,123.8,ac5331,N89321,E75L,EMBRAER ERJ-170-200 (long wing),0
landing,JFK,22L,1785205397.92,2026-07-28T02:23:17Z,40.633427,-73.76413,210.9,394a06,F-GSQG,B77W,BOEING 777-300ER,0
takeoff,JFK,22R,1785205412.07,2026-07-28T02:23:32Z,40.646004,-73.766873,210.9,06a070,A7-BAF,B77W,BOEING 777-300ER,0
landing,LGA,22,1785205476.95,2026-07-28T02:24:36Z,40.777584,-73.877173,213.8,a35ab8,N315PQ,CRJ9,BOMBARDIER Regional Jet CRJ-900,0
takeoff,LGA,13,1785205487.19,2026-07-28T02:24:47Z,40.781611,-73.87708,123.8,ab1d06,N815MD,E170,EMBRAER ERJ-170-100,0
takeoff,JFK,22R,1785205521.89,2026-07-28T02:25:21Z,40.645844,-73.766998,209.6,44019a,OE-EAU,PC12,PILATUS PC-12,0
landing,LGA,22,1785205559.04,2026-07-28T02:25:59Z,40.774658,-73.879547,210.9,a52911,N431YX,E75L,EMBRAER ERJ-170-200 (long wing),0
takeoff,JFK,22R,1785205630.47,2026-07-28T02:27:10Z,40.649288,-73.764297,210.9,a08e82,N135HQ,E75L,EMBRAER ERJ-170-200 (long wing),0
landing,JFK,22L,1785205646.29,2026-07-28T02:27:26Z,40.634878,-73.762972,210.9,ac801e,N904XJ,CRJ9,BOMBARDIER Regional Jet CRJ-900,0
landing,LGA,22,1785205650.03,2026-07-28T02:27:30Z,40.776352,-73.878189,210.9,a06e71,N127HQ,E75L,EMBRAER ERJ-170-200 (long wing),0
takeoff,JFK,22R,1785205724.1,2026-07-28T02:28:44Z,40.645329,-73.76738,209.6,040101,ET-ASG,B788,BOEING 787-8 Dreamliner,0
landing,JFK,22L,1785205729.37,2026-07-28T02:28:49Z,40.633435,-73.764127,210.9,a6e89f,N544UW,A321,AIRBUS A-321,0
landing,LGA,22,1785205739.53,2026-07-28T02:28:59Z,40.77159,-73.882136,210.9,c08852,C-GZQF,E295,EMBRAER ERJ-190-400,0
takeoff,JFK,22R,1785205794.55,2026-07-28T02:29:54Z,40.644985,-73.76767,210.9,3c64ee,D-AIGN,A343,AIRBUS A-340-300,0
takeoff,JFK,22R,1785205795.51,2026-07-28T02:29:55Z,40.644585,-73.76799,210.9,3c64ee,D-AIGN,A343,AIRBUS A-340-300,0
landing,LGA,22,1785205816.91,2026-07-28T02:30:16Z,40.775219,-73.87915,210.9,c06183,C-GKYC,E295,EMBRAER ERJ-190-400,0
landing,JFK,22L,1785205846.6,2026-07-28T02:30:46Z,40.63607,-73.762024,210.9,a8aef3,N659JB,A320,AIRBUS A-320,0
landing,LGA,22,1785205889.76,2026-07-28T02:31:29Z,40.777107,-73.877563,213.8,a84d62,N634JB,A320,AIRBUS A-320,0
takeoff,JFK,22R,1785205935.59,2026-07-28T02:32:15Z,40.646221,-73.766708,210.9,a03765,N113AN,A321,AIRBUS A-321,0
landing,JFK,22L,1785205959.59,2026-07-28T02:32:39Z,40.635088,-73.7628,210.9,a825e3,N624JB,A320,AIRBUS A-320,0
landing,LGA,22,1785206054.82,2026-07-28T02:34:14Z,40.776146,-73.878326,213.8,a70f11,N554JB,A320,AIRBUS A-320,0
landing,JFK,22L,1785206060.96,2026-07-28T02:34:20Z,40.636757,-73.76149,210.9,acaf0b,N916XJ,CRJ9,BOMBARDIER Regional Jet CRJ-900,0
landing,JFK,22L,1785206156.3,2026-07-28T02:35:56Z,40.635088,-73.762816,210.9,a2c93f,N279PQ,CRJ9,BOMBARDIER Regional Jet CRJ-900,0
takeoff,JFK,22R,1785206199.29,2026-07-28T02:36:39Z,40.645718,-73.767075,210.9,a358bd,N3145J,BCS3,AIRBUS A220-300,0
landing,LGA,22,1785206213.79,2026-07-28T02:36:53Z,40.776339,-73.878203,210.9,c02e92,C-FRQN,E75S,EMBRAER ERJ-170-200 (short wing),0
landing,JFK,22L,1785206258.68,2026-07-28T02:37:38Z,40.63496,-73.762894,210.9,8695a4,JA797A,B77W,BOEING 777-300ER,0
takeoff,LGA,13,1785206319.38,2026-07-28T02:38:39Z,40.781727,-73.877345,120.9,a5255a,N430YX,E75L,EMBRAER ERJ-170-200 (long wing),0
takeoff,JFK,22R,1785206330.45,2026-07-28T02:38:50Z,40.64661,-73.766388,210.9,acf54f,N934JB,A321,AIRBUS A-321,0
landing,LGA,22,1785206382.9,2026-07-28T02:39:42Z,40.77562,-73.878815,210.9,a1fbd9,N227JQ,E75L,EMBRAER ERJ-170-200 (long wing),0
landing,JFK,22L,1785206394.18,2026-07-28T02:39:54Z,40.634506,-73.763268,210.9,ade252,N994JL,A321,AIRBUS A-321,0
takeoff,JFK,22R,1785206401.25,2026-07-28T02:40:01Z,40.644875,-73.767731,210.9,8963e6,A6-EOI,A388,AIRBUS A-380-800,0
landing,LGA,22,1785206470.24,2026-07-28T02:41:10Z,40.775652,-73.878781,210.9,abc2e5,N857RW,E170,EMBRAER ERJ-170-100,0
landing,JFK,22L,1785206490.28,2026-07-28T02:41:30Z,40.634239,-73.763489,210.9,ac89f7,N907JB,A321,AIRBUS A-321,0
takeoff,JFK,22R,1785206570.5,2026-07-28T02:42:50Z,40.6464,-73.766545,210.9,abfa65,N871DN,B739,BOEING 737-900,0
landing,JFK,22L,1785206602.48,2026-07-28T02:43:22Z,40.635921,-73.762161,210.9,a04641,N117AN,A321,AIRBUS A-321,0
landing,LGA,22,1785206626.53,2026-07-28T02:43:46Z,40.776001,-73.878469,210.9,abdf3f,N864RW,E170,EMBRAER ERJ-170-100,0
takeoff,LGA,13,1785206635.61,2026-07-28T02:43:55Z,40.779993,-73.873678,129.4,a35e6f,N316PQ,CRJ9,BOMBARDIER Regional Jet CRJ-900,0
takeoff,JFK,22R,1785206641.06,2026-07-28T02:44:01Z,40.646004,-73.766891,209.6,485344,PH-BHL,B789,BOEING 787-9 Dreamliner,0
landing,JFK,22L,1785206703.43,2026-07-28T02:45:03Z,40.636042,-73.762067,210.9,a7b057,N595DT,A21N,,0
landing,LGA,22,1785206714.94,2026-07-28T02:45:14Z,40.775116,-73.879196,210.9,a50900,N423YX,E75L,EMBRAER ERJ-170-200 (long wing),0
takeoff,JFK,22R,1785206727.76,2026-07-28T02:45:27Z,40.646828,-73.766235,209.6,c8243a,ZK-NZM,B789,BOEING 787-9 Dreamliner,0
takeoff,JFK,22R,1785206729.89,2026-07-28T02:45:29Z,40.646084,-73.766815,209.6,c8243a,ZK-NZM,B789,BOEING 787-9 Dreamliner,0
takeoff,LGA,13,1785206735.69,2026-07-28T02:45:35Z,40.779945,-73.873596,118.1,a6ce58,N538CA,CRJ9,BOMBARDIER Regional Jet CRJ-900,0
landing,JFK,22L,1785206785.51,2026-07-28T02:46:25Z,40.632133,-73.765106,210.9,4d0128,LX-SCV,B744,BOEING 747-400,0
takeoff,JFK,22R,1785206912.89,2026-07-28T02:48:32Z,40.646295,-73.766639,210.9,a5e9f4,N480PX,CRJ9,BOMBARDIER Regional Jet CRJ-900,0
landing,JFK,22L,1785206914.29,2026-07-28T02:48:34Z,40.634869,-73.762985,210.9,a5b3ad,N467AS,B739,BOEING 737-900,0
takeoff,JFK,22R,1785207002.41,2026-07-28T02:50:02Z,40.645946,-73.766936,210.9,76cce4,9V-SGD,A359,AIRBUS A-350-900,0
landing,JFK,22L,1785207008.47,2026-07-28T02:50:08Z,40.636047,-73.7621,212.4,345299,EC-MMX,B788,BOEING 787-8 Dreamliner,0
takeoff,JFK,22L,1785207008.47,2026-07-28T02:50:08Z,40.636047,-73.7621,212.4,345299,EC-MMX,B788,BOEING 787-8 Dreamliner,0
landing,JFK,22L,1785207008.97,2026-07-28T02:50:08Z,40.635899,-73.762207,212.4,345299,EC-MMX,B788,BOEING 787-8 Dreamliner,0
landing,LGA,22,1785207084.14,2026-07-28T02:51:24Z,40.779041,-73.875977,210.9,a5363e,N435FR,A20N,AIRBUS A-320neo,0
takeoff,JFK,22R,1785207103.22,2026-07-28T02:51:43Z,40.645853,-73.766967,210.9,a29551,N266AK,B739,BOEING 737-900,0
landing,JFK,22L,1785207141.05,2026-07-28T02:52:21Z,40.636665,-73.761566,213.8,ab6519,N833SK,CRJ9,BOMBARDIER Regional Jet CRJ-900,0
takeoff,JFK,22R,1785207180.56,2026-07-28T02:53:00Z,40.638371,-73.772842,210.9,a10611,N165UP,A306,AIRBUS A-300-600,0
landing,LGA,22,1785207189.49,2026-07-28T02:53:09Z,40.776672,-73.87793,210.9,ada699,N979RP,E170,EMBRAER ERJ-170-100,0
takeoff,JFK,22R,1785207231.11,2026-07-28T02:53:51Z,40.646051,-73.766826,210.9,a3088f,N295FE,B763,BOEING 767-300,0
landing,JFK,22L,1785207234.52,2026-07-28T02:53:54Z,40.636002,-73.7621,210.9,a6893e,N520DE,A21N,AIRBUS A-321neo,0
landing,LGA,22,1785207270.23,2026-07-28T02:54:30Z,40.775997,-73.87851,213.8,a0855d,N13227,B738,BOEING 737-800,0
landing,JFK,22L,1785207320.46,2026-07-28T02:55:20Z,40.638591,-73.760069,210.9,a997cc,N717TW,B752,BOEING 757-200,0
landing,LGA,22,1785207367.39,2026-07-28T02:56:07Z,40.773499,-73.880575,210.9,a6cffc,N538UW,A321,AIRBUS A-321,0
takeoff,JFK,22R,1785207401.35,2026-07-28T02:56:41Z,40.645864,-73.766951,210.9,a12ff9,N176FE,B763,BOEING 767-300,0
landing,JFK,22L,1785207430.99,2026-07-28T02:57:10Z,40.633678,-73.764038,219.4,a4ddca,N412YX,E75L,EMBRAER ERJ-170-200 (long wing),0
takeoff,LGA,13,1785207474.78,2026-07-28T02:57:54Z,40.781634,-73.877142,123.8,a4c170,N405YX,E75L,EMBRAER ERJ-170-200 (long wing),0
takeoff,JFK,22R,1785207483.01,2026-07-28T02:58:03Z,40.6464,-73.766577,210.9,ad6bdc,N964JT,A321,AIRBUS A-321,0
landing,JFK,22L,1785207490.39,2026-07-28T02:58:10Z,40.636642,-73.761597,210.9,a7133f,N555NW,B752,BOEING 757-200,0
takeoff,JFK,22R,1785207558.98,2026-07-28T02:59:18Z,40.645981,-73.766876,210.9,ad846f,N970JB,A321,AIRBUS A-321,0
landing,LGA,22,1785207645.5,2026-07-28T03:00:45Z,40.777293,-73.87747,210.9,a64d4d,N505JB,A320,AIRBUS A-320,0
landing,JFK,22R,1785207656.57,2026-07-28T03:00:56Z,40.630726,-73.778793,210.9,a1e946,N222JQ,E75L,EMBRAER ERJ-170-200 (long wing),0
landing,JFK,22L,1785207687.59,2026-07-28T03:01:27Z,40.636436,-73.761765,208.1,a1a832,N2059J,A21N,AIRBUS A-321neo,0
landing,LGA,22,1785207722.05,2026-07-28T03:02:02Z,40.772068,-73.881746,210.9,a0232a,N108HQ,E75L,EMBRAER ERJ-170-200 (long wing),0
landing,JFK,22L,1785207784.94,2026-07-28T03:03:04Z,40.635956,-73.762131,205.3,a1584a,N186PQ,CRJ9,BOMBARDIER Regional Jet CRJ-900,0
landing,LGA,22,1785207798.68,2026-07-28T03:03:18Z,40.778366,-73.876526,210.9,aa099e,N746JB,A320,AIRBUS A-320,0
takeoff,JFK,22R,1785207816.62,2026-07-28T03:03:36Z,40.645889,-73.766953,210.9,acfc56,N936DZ,B739,,0
takeoff,LGA,13,1785207845.01,2026-07-28T03:04:05Z,40.782181,-73.878313,120.9,a4cc95,N408YX,E75L,EMBRAER ERJ-170-200 (long wing),0
landing,JFK,22L,1785207871.35,2026-07-28T03:04:31Z,40.636554,-73.761661,210.9,a74f33,N570JB,A320,AIRBUS A-320,0
landing,LGA,22,1785207877.21,2026-07-28T03:04:37Z,40.776478,-73.878141,210.9,aaa5d4,N78524,B738,BOEING 737-800,0
takeoff,JFK,22R,1785207887.22,2026-07-28T03:04:47Z,40.646249,-73.766701,210.9,4951ef,CS-TOO,A332,AIRBUS A-330-200,0
landing,JFK,22L,1785207952.77,2026-07-28T03:05:52Z,40.634168,-73.763565,209.6,47ae38,LN-FNL,B789,BOEING 787-9 Dreamliner,0
landing,LGA,22,1785207953.23,2026-07-28T03:05:53Z,40.776432,-73.878143,210.9,a008c5,N101DQ,A321,AIRBUS A-321,0
takeoff,LGA,13,1785207971.81,2026-07-28T03:06:11Z,40.779854,-73.873398,120.9,acf69b,N934XJ,CRJ9,BOMBARDIER Regional Jet CRJ-900,0
landing,JFK,22R,1785207994.47,2026-07-28T03:06:34Z,40.632969,-73.777048,210.9,a83108,N627JB,A320,AIRBUS A-320,0
landing,LGA,22,1785208034.46,2026-07-28T03:07:14Z,40.776816,-73.877876,210.9,a0ad1d,N14242,B738,BOEING 737-800,0
takeoff,LGA,13,1785208052.88,2026-07-28T03:07:32Z,40.78182,-73.877517,123.8,abdb88,N863RW,E170,EMBRAER ERJ-170-100,0
landing,JFK,22L,1785208093.24,2026-07-28T03:08:13Z,40.635029,-73.762848,210.9,a66576,N511DE,A21N,AIRBUS A-321neo,0
takeoff,JFK,22R,1785208107.82,2026-07-28T03:08:27Z,40.645832,-73.767029,210.9,461f08,OH-LTO,A333,AIRBUS A-330-300,0
landing,LGA,22,1785208118.67,2026-07-28T03:08:38Z,40.777702,-73.87709,210.9,a4996b,N396DN,A321,AIRBUS A-321,0
takeoff,LGA,13,1785208139.32,2026-07-28T03:08:59Z,40.779574,-73.872835,120.9,a7d725,N604LR,CRJ9,BOMBARDIER Regional Jet CRJ-900,0
takeoff,JFK,22R,1785208182.37,2026-07-28T03:09:42Z,40.646097,-73.766826,209.6,406f78,G-ZBKL,B789,BOEING 787-9 Dreamliner,0
landing,JFK,22R,1785208184.83,2026-07-28T03:09:44Z,40.645294,-73.767451,209.6,406f78,G-ZBKL,B789,BOEING 787-9 Dreamliner,0
takeoff,JFK,22R,1785208184.83,2026-07-28T03:09:44Z,40.645294,-73.767451,209.6,406f78,G-ZBKL,B789,BOEING 787-9 Dreamliner,0
landing,JFK,22L,1785208189.41,2026-07-28T03:09:49Z,40.636723,-73.761566,210.9,ac71dd,N9002U,A319,AIRBUS A-319,0
landing,LGA,22,1785208211.8,2026-07-28T03:10:11Z,40.775803,-73.878723,210.9,a39fb7,N33209,B738,BOEING 737-800,0
landing,JFK,22L,1785208291.11,2026-07-28T03:11:31Z,40.635786,-73.762238,210.9,a310cf,N297PQ,CRJ9,BOMBARDIER Regional Jet CRJ-900,0
landing,LGA,22,1785208300.53,2026-07-28T03:11:40Z,40.774849,-73.879405,213.8,a1f822,N226JQ,E75L,EMBRAER ERJ-170-200 (long wing),0
takeoff,JFK,22R,1785208302.26,2026-07-28T03:11:42Z,40.646027,-73.766842,210.9,ab8fd0,N844MH,B764,BOEING 767-400,0
landing,JFK,22L,1785208371.54,2026-07-28T03:12:51Z,40.633495,-73.764038,210.9,addadb,N992JB,A321,AIRBUS A-321,0
landing,LGA,22,1785208376.64,2026-07-28T03:12:56Z,40.776537,-73.878047,208.1,a31486,N298PQ,CRJ9,BOMBARDIER Regional Jet CRJ-900,0
takeoff,JFK,22R,1785208393.7,2026-07-28T03:13:13Z,40.645191,-73.767578,210.9,89639d,A6-EOD,A388,AIRBUS A-380-800,0
takeoff,LGA,13,1785208393.74,2026-07-28T03:13:13Z,40.780426,-73.874588,120.9,a3b124,N337PQ,CRJ9,BOMBARDIER Regional Jet CRJ-900,0
takeoff,JFK,22R,1785208394.84,2026-07-28T03:13:14Z,40.644759,-73.767903,210.9,89639d,A6-EOD,A388,AIRBUS A-380-800,0
landing,JFK,22L,1785208440.48,2026-07-28T03:14:00Z,40.633839,-73.763824,210.9,abd77e,N862NN,B738,BOEING 737-800,0
landing,LGA,22,1785208459.84,2026-07-28T03:14:19Z,40.777235,-73.87747,210.9,a3b3e5,N338DU,BCS3,AIRBUS A220-300,0
takeoff,LGA,13,1785208480.73,2026-07-28T03:14:40Z,40.779842,-73.873367,123.8,a4a0cd,N398DA,B738,BOEING 737-800,0
landing,JFK,22L,1785208543.61,2026-07-28T03:15:43Z,40.63809,-73.760459,210.9,ac9fe9,N912UP,B763,,0
landing,LGA,22,1785208558.56,2026-07-28T03:15:58Z,40.773487,-73.88056,213.8,a03bcd,N114HQ,E75L,EMBRAER ERJ-170-200 (long wing),0
landing,LGA,22,1785208632.86,2026-07-28T03:17:12Z,40.776525,-73.878125,210.9,acffb7,N937AN,B738,BOEING 737-800,0
takeoff,JFK,22R,1785208654.72,2026-07-28T03:17:34Z,40.645981,-73.766876,208.1,a7de93,N606LR,CRJ9,BOMBARDIER Regional Jet CRJ-900,0
landing,JFK,22L,1785208718.43,2026-07-28T03:18:38Z,40.63472,-73.763138,210.9,a0428a,N116AN,A321,AIRBUS A-321,0
landing,LGA,22,1785208722.44,2026-07-28T03:18:42Z,40.777908,-73.876923,210.9,a34ae6,N311DU,BCS3,AIRBUS A220-300,0
takeoff,LGA,13,1785208749.65,2026-07-28T03:19:09Z,40.779556,-73.872803,123.8,c05ed9,C-GJXW,BCS3,AIRBUS A220-300,0
takeoff,JFK,22R,1785208756.25,2026-07-28T03:19:16Z,40.645725,-73.76706,210.9,acab54,N915XJ,CRJ9,BOMBARDIER Regional Jet CRJ-900,0
landing,JFK,22L,1785208804.63,2026-07-28T03:20:04Z,40.634506,-73.763315,210.9,a033ae,N112AN,A321,AIRBUS A-321,0
takeoff,LGA,13,1785208806.35,2026-07-28T03:20:06Z,40.781541,-73.876955,120.9,a22ac6,N239JQ,E75L,EMBRAER ERJ-170-200 (long wing),0
landing,JFK,22L,1785208876.62,2026-07-28T03:21:16Z,40.637043,-73.761322,210.9,ad1c18,N944AV,A320,AIRBUS A-320,0
takeoff,JFK,22R,1785208887.62,2026-07-28T03:21:27Z,40.646049,-73.766876,210.9,a01fee,N107NN,A321,AIRBUS A-321,0
landing,LGA,22,1785208915.33,2026-07-28T03:21:55Z,40.778343,-73.876541,213.8,a36eae,N320DU,BCS3,AIRBUS A220-300,0
landing,JFK,22L,1785208971.95,2026-07-28T03:22:51Z,40.641277,-73.757965,210.9,a3362f,N306FX,E55P,,0
landing,LGA,22,1785209010.6,2026-07-28T03:23:30Z,40.774979,-73.879318,210.9,a45b96,N380DA,B738,BOEING 737-800,0
takeoff,LGA,13,1785209023.04,2026-07-28T03:23:43Z,40.781433,-73.876694,120.9,a07bef,N130HQ,E75L,EMBRAER ERJ-170-200 (long wing),0
takeoff,JFK,22R,1785209041.6,2026-07-28T03:24:01Z,40.647011,-73.766052,210.9,a1a3a9,N2043J,A21N,AIRBUS A-321neo,0
landing,LGA,22,1785209102.94,2026-07-28T03:25:02Z,40.777805,-73.877002,210.9,a8dffc,N671FR,A21N,,0
takeoff,JFK,22R,1785209121.52,2026-07-28T03:25:21Z,40.644538,-73.768028,210.9,346195,EC-NBN,A332,AIRBUS A-330-200,0
takeoff,LGA,13,1785209135.33,2026-07-28T03:25:35Z,40.779795,-73.873288,123.8,a32e8c,N304DU,BCS3,AIRBUS A220-300,0
landing,JFK,22L,1785209141.41,2026-07-28T03:25:41Z,40.637043,-73.761333,210.9,0ac9ee,HK-5367,A20N,AIRBUS A-320neo,0
landing,LGA,22,1785209200.1,2026-07-28T03:26:40Z,40.776901,-73.877792,210.9,a71b43,N557UW,A321,AIRBUS A-321,0
landing,JFK,22L,1785209214.65,2026-07-28T03:26:54Z,40.634704,-73.763112,210.9,a5124c,N426DZ,A339,AIRBUS A-330-900,0
takeoff,LGA,13,1785209218.64,2026-07-28T03:26:58Z,40.779784,-73.873241,120.9,a39723,N330PQ,CRJ9,BOMBARDIER Regional Jet CRJ-900,0
landing,JFK,22R,1785209250.37,2026-07-28T03:27:30Z,40.630432,-73.77903,210.9,0c6063,9Y-GRN,B38M,BOEING 737 MAX 8,0
landing,LGA,22,1785209269.96,2026-07-28T03:27:49Z,40.776123,-73.878372,210.9,a49d16,N397DA,B738,BOEING 737-800,0
takeoff,LGA,13,1785209280.23,2026-07-28T03:28:00Z,40.781593,-73.877045,123.8,a52911,N431YX,E75L,EMBRAER ERJ-170-200 (long wing),0
landing,JFK,22L,1785209338.03,2026-07-28T03:28:58Z,40.635262,-73.762722,210.9,ad3fd9,N953AN,B738,BOEING 737-800,0
takeoff,JFK,22R,1785209339.03,2026-07-28T03:28:59Z,40.645771,-73.767045,210.9,4cc57a,TF-ICV,B38M,BOEING 737 MAX 8,0
landing,LGA,22,1785209361.5,2026-07-28T03:29:21Z,40.775105,-73.879233,210.9,acd4d7,N926DZ,B739,BOEING 737-900,0
takeoff,LGA,13,1785209385.92,2026-07-28T03:29:45Z,40.779819,-73.873334,123.8,acf2e4,N933XJ,CRJ9,BOMBARDIER Regional Jet CRJ-900,0
takeoff,JFK,22R,1785209417.1,2026-07-28T03:30:17Z,40.646342,-73.766623,210.9,ab4f5d,N828JB,A320,AIRBUS A-320,0
landing,JFK,22L,1785209448.2,2026-07-28T03:30:48Z,40.634216,-73.763489,210.9,a1373d,N178DN,B763,BOEING 767-300,0
landing,LGA,22,1785209453.47,2026-07-28T03:30:53Z,40.777922,-73.876908,210.9,a84200,N631FR,A21N,AIRBUS A-321neo,0
takeoff,JFK,22R,1785209478.79,2026-07-28T03:31:18Z,40.645947,-73.766907,210.9,ace063,N929JB,A321,AIRBUS A-321,0
takeoff,LGA,13,1785209550.62,2026-07-28T03:32:30Z,40.780174,-73.874084,120.9,a33aa7,N307PQ,CRJ9,BOMBARDIER Regional Jet CRJ-900,0
landing,JFK,22R,1785209584.86,2026-07-28T03:33:04Z,40.633051,-73.777032,210.9,a66239,N510JB,A320,AIRBUS A-320,0
landing,JFK,22L,1785209631.22,2026-07-28T03:33:51Z,40.634239,-73.763474,210.9,aa3b84,N759AM,B38M,BOEING 737 MAX 8,0
landing,LGA,22,1785209638.0,2026-07-28T03:33:58Z,40.776592,-73.878021,210.9,a46a7e,N384DN,A321,AIRBUS A-321,0
landing,JFK,22R,1785209686.26,2026-07-28T03:34:46Z,40.632854,-73.777145,210.9,a08e3c,N135EV,CRJ9,BOMBARDIER Regional Jet CRJ-900,0
landing,JFK,22L,1785209723.32,2026-07-28T03:35:23Z,40.636871,-73.761429,210.9,a6492f,N504DZ,A21N,AIRBUS A-321neo,0
takeoff,JFK,22R,1785209788.36,2026-07-28T03:36:28Z,40.646404,-73.766586,210.9,a1ce99,N2151J,A21N,AIRBUS A-321neo,0
landing,LGA,22,1785209804.68,2026-07-28T03:36:44Z,40.77206,-73.881714,210.9,a4d65c,N410YX,E75L,EMBRAER ERJ-170-200 (long wing),0
landing,JFK,22L,1785209818.24,2026-07-28T03:36:58Z,40.635899,-73.762177,210.9,a7c7a2,N600DZ,A21N,AIRBUS A-321neo,0
landing,LGA,22,1785209872.23,2026-07-28T03:37:52Z,40.777897,-73.876923,210.9,a47d11,N389DN,A321,AIRBUS A-321,0
landing,JFK,22L,1785209901.44,2026-07-28T03:38:21Z,40.633873,-73.76384,210.9,aa7f65,N776AV,A20N,AIRBUS A-320neo,0
takeoff,JFK,22R,1785209946.96,2026-07-28T03:39:06Z,40.645073,-73.767575,210.9,a38ad5,N3271J,BCS3,,0
landing,JFK,22L,1785209976.57,2026-07-28T03:39:36Z,40.633703,-73.763877,210.9,78216a,B-226D,B77L,BOEING 777-200LR,0
landing,LGA,22,1785209999.45,2026-07-28T03:39:59Z,40.775757,-73.878738,210.9,abfefd,N872NN,B738,BOEING 737-800,0
takeoff,LGA,13,1785210014.36,2026-07-28T03:40:14Z,40.781483,-73.87683,123.8,abc2e5,N857RW,E170,EMBRAER ERJ-170-100,0
landing,JFK,22R,1785210027.3,2026-07-28T03:40:27Z,40.632648,-73.777328,210.9,aba281,N849NN,B738,BOEING 737-800,0
landing,LGA,22,1785210104.31,2026-07-28T03:41:44Z,40.776502,-73.878078,210.9,a057cc,N121DZ,A321,AIRBUS A-321,0
takeoff,LGA,13,1785210128.02,2026-07-28T03:42:08Z,40.780495,-73.874771,123.8,a6cb48,N537JT,A320,AIRBUS A-320,0
landing,JFK,22L,1785210129.59,2026-07-28T03:42:09Z,40.631817,-73.765391,210.9,a03f84,N115HQ,E75L,EMBRAER ERJ-170-200 (long wing),0
takeoff,JFK,22R,1785210143.33,2026-07-28T03:42:23Z,40.644951,-73.767685,210.9,a3549d,N3132J,BCS3,AIRBUS A220-300,0
landing,JFK,22L,1785210190.67,2026-07-28T03:43:10Z,40.635509,-73.762482,210.9,ab09b4,N810DN,B739,BOEING 737-900,0
takeoff,JFK,22R,1785210208.97,2026-07-28T03:43:28Z,40.646016,-73.766857,210.9,a37c1c,N3232J,BCS3,,0
takeoff,LGA,13,1785210217.75,2026-07-28T03:43:37Z,40.78196,-73.877798,123.8,a50900,N423YX,E75L,EMBRAER ERJ-170-200 (long wing),0
takeoff,JFK,22R,1785210278.5,2026-07-28T03:44:38Z,40.646377,-73.766561,210.9,ad0074,N937JB,A321,AIRBUS A-321,0
landing,JFK,22L,1785210281.31,2026-07-28T03:44:41Z,40.636624,-73.761598,210.9,a3244c,N301NY,A21N,AIRBUS A-321neo,0
landing,LGA,22,1785210313.84,2026-07-28T03:45:13Z,40.776281,-73.87825,210.9,a44d3f,N3766,B738,BOEING 737-800,0
takeoff,LGA,13,1785210322.41,2026-07-28T03:45:22Z,40.781494,-73.87683,120.9,a1f46b,N225JQ,E75L,EMBRAER ERJ-170-200 (long wing),0
takeoff,JFK,22R,1785210347.3,2026-07-28T03:45:47Z,40.64633,-73.766608,205.3,a130cb,N176PQ,CRJ9,BOMBARDIER Regional Jet CRJ-900,0
landing,JFK,22L,1785210353.38,2026-07-28T03:45:53Z,40.634525,-73.76326,210.9,a16273,N189DN,B763,BOEING 767-300,0
landing,LGA,22,1785210398.83,2026-07-28T03:46:38Z,40.777305,-73.877407,210.9,a2b153,N27273,B38M,BOEING 737 MAX 8,0
takeoff,LGA,13,1785210421.34,2026-07-28T03:47:01Z,40.780323,-73.87442,120.9,a07579,N129DN,A321,AIRBUS A-321,0
landing,JFK,22L,1785210458.36,2026-07-28T03:47:38Z,40.635406,-73.762558,210.9,a026fc,N109JS,B38M,BOEING 737 MAX 8,0
takeoff,JFK,22R,1785210526.74,2026-07-28T03:48:46Z,40.647022,-73.766068,210.9,acaf0b,N916XJ,CRJ9,BOMBARDIER Regional Jet CRJ-900,0
takeoff,JFK,22R,1785210600.33,2026-07-28T03:50:00Z,40.645947,-73.766891,210.9,a017a5,N105DU,BCS1,AIRBUS A220-100,0
landing,LGA,22,1785210610.34,2026-07-28T03:50:10Z,40.778,-73.876907,210.9,a138b8,N178US,A321,AIRBUS A-321,0
takeoff,LGA,13,1785210624.75,2026-07-28T03:50:24Z,40.781692,-73.877267,123.8,a06e71,N127HQ,E75L,EMBRAER ERJ-170-200 (long wing),0
takeoff,JFK,22R,1785210669.24,2026-07-28T03:51:09Z,40.646458,-73.766499,210.9,4cae31,EI-XLT,A21N,AIRBUS A-321neo,0
landing,JFK,22L,1785210675.78,2026-07-28T03:51:15Z,40.634215,-73.763502,210.9,ac8985,N907DN,B739,BOEING 737-900,0
takeoff,JFK,22R,1785210735.23,2026-07-28T03:52:15Z,40.646714,-73.766311,210.9,a6709b,N514DE,A21N,AIRBUS A-321neo,0
landing,JFK,22L,1785210740.8,2026-07-28T03:52:20Z,40.637169,-73.761169,210.9,a8deb4,N6704Z,B752,BOEING 757-200,0
landing,LGA,22,1785210800.18,2026-07-28T03:53:20Z,40.777714,-73.877075,210.9,a732d9,N563JB,A320,AIRBUS A-320,0
takeoff,LGA,13,1785210818.68,2026-07-28T03:53:38Z,40.781518,-73.876892,123.8,ac1f61,N880RW,E170,EMBRAER ERJ-170-100,0
landing,JFK,22L,1785210825.69,2026-07-28T03:53:45Z,40.635647,-73.762421,210.9,addb4a,N992NN,B738,BOEING 737-800,0
takeoff,JFK,22R,1785210870.15,2026-07-28T03:54:30Z,40.646004,-73.766842,210.9,a38e69,N3280J,BCS3,AIRBUS A220-300,0
landing,JFK,22L,1785210913.35,2026-07-28T03:55:13Z,40.633415,-73.76413,210.9,ada227,N978JB,A321,AIRBUS A-321,0
takeoff,LGA,13,1785210917.41,2026-07-28T03:55:17Z,40.781673,-73.877228,123.8,a0232a,N108HQ,E75L,EMBRAER ERJ-170-200 (long wing),0
takeoff,JFK,22R,1785210938.42,2026-07-28T03:55:38Z,40.646283,-73.766623,210.9,ac7b1b,N903JB,A321,AIRBUS A-321,0
takeoff,LGA,13,1785211001.18,2026-07-28T03:56:41Z,40.779504,-73.872648,123.8,accf1c,N924XJ,CRJ9,BOMBARDIER Regional Jet CRJ-900,0
landing,JFK,22L,1785211003.68,2026-07-28T03:56:43Z,40.636665,-73.761627,210.9,e80463,CC-BHF,A20N,AIRBUS A-320neo,0
takeoff,JFK,22R,1785211003.68,2026-07-28T03:56:43Z,40.644882,-73.767776,210.9,4b187d,HB-JHD,A333,AIRBUS A-330-300,0
landing,LGA,22,1785211054.59,2026-07-28T03:57:34Z,40.77681,-73.877823,210.9,a437da,N371DN,A321,AIRBUS A-321,0
takeoff,LGA,13,1785211076.36,2026-07-28T03:57:56Z,40.780483,-73.874741,123.8,a35ab8,N315PQ,CRJ9,BOMBARDIER Regional Jet CRJ-900,0
landing,JFK,22L,1785211099.66,2026-07-28T03:58:19Z,40.63464,-73.763214,210.9,a02c40,N110AN,A321,AIRBUS A-321,0
landing,JFK,22L,1785211171.94,2026-07-28T03:59:31Z,40.63532,-73.762644,210.9,abfe1c,N872DN,B739,BOEING 737-900,0
takeoff,JFK,22R,1785211178.91,2026-07-28T03:59:38Z,40.646051,-73.766811,210.9,ac801e,N904XJ,CRJ9,BOMBARDIER Regional Jet CRJ-900,0
landing,LGA,22,1785211218.39,2026-07-28T04:00:18Z,40.775745,-73.878693,213.8,a50192,N421YX,E75L,EMBRAER ERJ-170-200 (long wing),0
takeoff,LGA,13,1785211230.88,2026-07-28T04:00:30Z,40.780098,-73.873943,123.8,a7de53,N606JB,A320,AIRBUS A-320,0
landing,JFK,22L,1785211240.46,2026-07-28T04:00:40Z,40.632841,-73.764563,210.9,8478ab,JA18KZ,B748,BOEING 747-8,0
landing,LGA,22,1785211330.11,2026-07-28T04:02:10Z,40.777619,-73.877158,210.9,a05f37,N123DW,A321,AIRBUS A-321,0
takeoff,JFK,22R,1785211352.25,2026-07-28T04:02:32Z,40.646107,-73.766785,210.9,a0f4b5,N1605,B763,BOEING 767-300,0
takeoff,LGA,13,1785211352.55,2026-07-28T04:02:32Z,40.781494,-73.87683,123.8,a03bcd,N114HQ,E75L,EMBRAER ERJ-170-200 (long wing),0
landing,JFK,22L,1785211392.28,2026-07-28T04:03:12Z,40.637569,-73.76088,210.9,a3c5ea,N342NB,A319,AIRBUS A-319,0
takeoff,JFK,22R,1785211410.28,2026-07-28T04:03:30Z,40.646307,-73.766639,210.9,a9c508,N729AN,B77W,BOEING 777-300ER,0
landing,JFK,22L,1785211469.01,2026-07-28T04:04:29Z,40.636857,-73.761427,210.9,a0aa7c,N142DU,BCS1,AIRBUS A220-100,0
landing,JFK,22L,1785211561.34,2026-07-28T04:06:01Z,40.633749,-73.763846,210.9,adc5ff,N987JT,A321,AIRBUS A-321,0
landing,JFK,22L,1785211636.46,2026-07-28T04:07:16Z,40.634228,-73.763474,210.9,a44cda,N3763D,B738,BOEING 737-800,0
takeoff,LGA,13,1785211702.39,2026-07-28T04:08:22Z,40.781297,-73.876424,123.8,c06183,C-GKYC,E295,EMBRAER ERJ-190-400,0
landing,JFK,22L,1785211723.32,2026-07-28T04:08:43Z,40.634087,-73.763612,210.9,a3871e,N3261J,BCS3,,0
takeoff,JFK,22R,1785211730.5,2026-07-28T04:08:50Z,40.646155,-73.766748,210.9,a1286c,N174DZ,B763,BOEING 767-300,0
takeoff,JFK,22R,1785211813.16,2026-07-28T04:10:13Z,40.646353,-73.766577,210.9,acba30,N919XJ,CRJ9,BOMBARDIER Regional Jet CRJ-900,0
landing,JFK,22L,1785211813.33,2026-07-28T04:10:13Z,40.634583,-73.763184,210.9,a7d673,N604DN,A21N,AIRBUS A-321neo,0
takeoff,JFK,22R,1785211886.27,2026-07-28T04:11:26Z,40.646225,-73.766717,210.9,34718d,EC-NRG,A332,AIRBUS A-330-200,0
landing,JFK,22L,1785211901.33,2026-07-28T04:11:41Z,40.634191,-73.763565,210.9,71c251,HL8251,B77L,BOEING 777-200LR,0
landing,LGA,22,1785211987.69,2026-07-28T04:13:07Z,40.775815,-73.878687,213.8,a8b44e,N660AW,A320,AIRBUS A-320,0
takeoff,JFK,22R,1785212000.84,2026-07-28T04:13:20Z,40.645878,-73.766953,210.9,782078,B-225A,B77L,BOEING 777-200LR,0
landing,JFK,22L,1785212037.33,2026-07-28T04:13:57Z,40.634901,-73.762956,210.9,a707a3,N552JB,A320,AIRBUS A-320,0
takeoff,JFK,22R,1785212066.08,2026-07-28T04:14:26Z,40.645015,-73.767622,210.9,407da5,G-VJAZ,A339,AIRBUS A-330-900,0
landing,JFK,22L,1785212137.29,2026-07-28T04:15:37Z,40.635429,-73.762573,210.9,a00d5b,N102NN,A321,AIRBUS A-321,0
takeoff,JFK,22R,1785212186.06,2026-07-28T04:16:26Z,40.647194,-73.76593,210.9,a8aef3,N659JB,A320,AIRBUS A-320,0
landing,LGA,22,1785212207.36,2026-07-28T04:16:47Z,40.77634,-73.878159,210.9,ab627c,N8322X,B738,BOEING 737-800,0
landing,JFK,22L,1785212222.38,2026-07-28T04:17:02Z,40.634628,-73.763199,210.9,add3dc,N990NN,B738,BOEING 737-800,0
takeoff,JFK,22R,1785212234.67,2026-07-28T04:17:14Z,40.649379,-73.76422,210.9,a4ddca,N412YX,E75L,EMBRAER ERJ-170-200 (long wing),0
takeoff,JFK,22R,1785212319.92,2026-07-28T04:18:39Z,40.646761,-73.766311,210.9,a6e89f,N544UW,A321,AIRBUS A-321,0
landing,JFK,22L,1785212321.23,2026-07-28T04:18:41Z,40.63745,-73.760959,210.9,a9704d,N707TW,B752,BOEING 757-200,0
landing,JFK,22L,1785212428.11,2026-07-28T04:20:28Z,40.636065,-73.762035,210.9,a5e3e4,N479PX,CRJ9,BOMBARDIER Regional Jet CRJ-900,0
landing,LGA,22,1785212475.63,2026-07-28T04:21:15Z,40.774887,-73.879364,213.8,a4bdb9,N404YX,E75L,EMBRAER ERJ-170-200 (long wing),0
takeoff,JFK,22R,1785212505.74,2026-07-28T04:21:45Z,40.646237,-73.766717,210.9,e80212,CC-CXC,B763,BOEING 767-300,0
takeoff,LGA,13,1785212515.15,2026-07-28T04:21:55Z,40.779751,-73.873169,120.9,a7bbe9,N598JB,A320,AIRBUS A-320,0
landing,JFK,22L,1785212544.19,2026-07-28T04:22:24Z,40.637217,-73.76113,210.9,a7cb53,N601DT,A21N,AIRBUS A-321neo,0
landing,JFK,22L,1785212616.8,2026-07-28T04:23:36Z,40.633976,-73.763672,210.9,a3a9ff,N335SN,B38M,BOEING 737 MAX 8,0
takeoff,JFK,22R,1785212676.98,2026-07-28T04:24:36Z,40.646772,-73.766249,210.9,a3362f,N306FX,E55P,,0
landing,JFK,22L,1785212716.09,2026-07-28T04:25:16Z,40.636554,-73.761723,210.9,0d1068,XA-VDE,A320,AIRBUS A-320,0
landing,JFK,22L,1785212788.61,2026-07-28T04:26:28Z,40.634203,-73.763502,210.9,a9d63b,N733AL,B39M,BOEING 737 MAX 9,0
takeoff,JFK,22R,1785212844.39,2026-07-28T04:27:24Z,40.645899,-73.766951,210.9,a04641,N117AN,A321,AIRBUS A-321,0
landing,LGA,22,1785212862.36,2026-07-28T04:27:42Z,40.775677,-73.878799,210.9,c084a3,C-GYFY,A321,AIRBUS A-321,0
landing,JFK,22L,1785212862.94,2026-07-28T04:27:42Z,40.637009,-73.761307,210.9,acd88e,N927DZ,B739,BOEING 737-900,0
landing,JFK,22L,1785212977.47,2026-07-28T04:29:37Z,40.636554,-73.761661,210.9,a06a5a,N126DU,BCS1,AIRBUS A220-100,0
takeoff,JFK,22R,1785213057.78,2026-07-28T04:30:57Z,40.646175,-73.766724,210.9,a7b057,N595DT,A21N,,0
landing,JFK,22L,1785213108.13,2026-07-28T04:31:48Z,40.637043,-73.761286,210.9,a6981a,N524DE,A21N,AIRBUS A-321neo,0
takeoff,JFK,22R,1785213196.22,2026-07-28T04:33:16Z,40.646049,-73.76683,210.9,a1bc29,N2102J,A21N,AIRBUS A-321neo,0
takeoff,JFK,22R,1785213244.64,2026-07-28T04:34:04Z,40.646336,-73.766586,210.9,ac9fe9,N912UP,B763,,0
landing,JFK,22L,1785213246.93,2026-07-28T04:34:06Z,40.636814,-73.761459,210.9,a7bfa0,N599JB,A320,AIRBUS A-320,0
landing,LGA,22,1785213252.36,2026-07-28T04:34:12Z,40.772068,-73.881699,208.1,ac0a75,N875RW,E170,EMBRAER ERJ-170-100,0
landing,JFK,22L,1785213344.58,2026-07-28T04:35:44Z,40.637066,-73.761255,210.9,a790b3,N587JB,A320,AIRBUS A-320,0
landing,LGA,22,1785213421.41,2026-07-28T04:37:01Z,40.7742,-73.879822,199.7,a08e82,N135HQ,E75L,EMBRAER ERJ-170-200 (long wing),0
landing,JFK,22L,1785213443.38,2026-07-28T04:37:23Z,40.634022,-73.763672,210.9,ac741c,N901NN,B738,BOEING 737-800,0
landing,JFK,22L,1785213540.2,2026-07-28T04:39:00Z,40.63472,-73.763107,210.9,acdfa3,N929AK,B39M,BOEING 737 MAX 9,0
landing,JFK,22L,1785213641.46,2026-07-28T04:40:41Z,40.634762,-73.763097,210.9,0c20bb,HP-1849CMP,B738,BOEING 737-800,0
takeoff,JFK,22R,1785213682.06,2026-07-28T04:41:22Z,40.645992,-73.766861,210.9,aacf19,N796JB,A320,AIRBUS A-320,0
landing,JFK,22L,1785213756.37,2026-07-28T04:42:36Z,40.63482,-73.763034,210.9,aa7bae,N775AV,A20N,AIRBUS A-320neo,0
takeoff,LGA,22,1785213885.29,2026-07-28T04:44:45Z,40.781834,-73.873718,210.9,a3eeb0,N35204,B738,BOEING 737-800,0
landing,JFK,22L,1785213890.01,2026-07-28T04:44:50Z,40.635623,-73.762441,210.9,a198ed,N2016J,A21N,AIRBUS A-321neo,0
takeoff,JFK,22R,1785213943.5,2026-07-28T04:45:43Z,40.646027,-73.766842,210.9,a997cc,N717TW,B752,BOEING 757-200,0
takeoff,LGA,22,1785213971.76,2026-07-28T04:46:11Z,40.781762,-73.87374,210.9,a4996b,N396DN,A321,AIRBUS A-321,0
landing,JFK,22L,1785214053.05,2026-07-28T04:47:33Z,40.634948,-73.762909,210.9,a780ad,N5827K,A333,,0
takeoff,JFK,22R,1785214167.2,2026-07-28T04:49:27Z,40.645341,-73.767372,210.9,a83108,N627JB,A320,AIRBUS A-320,0
landing,LGA,22,1785214178.76,2026-07-28T04:49:38Z,40.778126,-73.87674,213.8,a446b6,N375DN,A321,AIRBUS A-321,0
landing,JFK,22L,1785214201.52,2026-07-28T04:50:01Z,40.636263,-73.761895,210.9,ad8bed,N972JT,A321,AIRBUS A-321,0
takeoff,JFK,22R,1785214276.45,2026-07-28T04:51:16Z,40.649254,-73.764313,210.9,a03f84,N115HQ,E75L,EMBRAER ERJ-170-200 (long wing),0
takeoff,JFK,22R,1785214359.98,2026-07-28T04:52:39Z,40.645958,-73.766922,209.6,7380ca,4X-EDL,B789,BOEING 787-9 Dreamliner,0
landing,JFK,22L,1785214373.75,2026-07-28T04:52:53Z,40.634686,-73.763168,210.9,a08663,N133AN,A321,AIRBUS A-321,0
landing,LGA,22,1785214626.38,2026-07-28T04:57:06Z,40.776967,-73.877704,210.9,a44ca0,N3761R,B738,BOEING 737-800,0
landing,JFK,22L,1785214627.34,2026-07-28T04:57:07Z,40.634983,-73.762894,210.9,a39781,N330TJ,B38M,BOEING 737 MAX 8,0
takeoff,JFK,22R,1785214642.12,2026-07-28T04:57:22Z,40.645562,-73.767216,212.4,4bb193,TC-LLS,B789,BOEING 787-9 Dreamliner,0
landing,JFK,22L,1785214750.94,2026-07-28T04:59:10Z,40.635111,-73.762816,210.9,a575e7,N451AV,A320,AIRBUS A-320,0
landing,LGA,22,1785214790.44,2026-07-28T04:59:50Z,40.776874,-73.877782,210.9,abc80c,N8584Z,B738,BOEING 737-800,0
landing,JFK,22L,1785215160.73,2026-07-28T05:06:00Z,40.634995,-73.762924,210.9,ad8ed7,N973AN,B738,BOEING 737-800,0
landing,LGA,22,1785215221.34,2026-07-28T05:07:01Z,40.777107,-73.877594,210.9,a037b9,N113DX,A321,AIRBUS A-321,0
landing,JFK,22L,1785215263.66,2026-07-28T05:07:43Z,40.634343,-73.763377,210.9,ab03a4,N809DN,B739,BOEING 737-900,0
takeoff,JFK,22R,1785215481.73,2026-07-28T05:11:21Z,40.646016,-73.766857,210.9,ade252,N994JL,A321,AIRBUS A-321,0
landing,LGA,22,1785215546.77,2026-07-28T05:12:26Z,40.776031,-73.878448,210.9,abe496,N8656B,B738,BOEING 737-800,0
takeoff,JFK,22R,1785215548.24,2026-07-28T05:12:28Z,40.646393,-73.766556,210.9,ab4840,N826MH,B764,BOEING 767-400,0
takeoff,JFK,22R,1785215610.06,2026-07-28T05:13:30Z,40.646388,-73.766577,209.6,48ae26,SP-LSG,B789,BOEING 787-9 Dreamliner,0
takeoff,JFK,22R,1785215613.42,2026-07-28T05:13:33Z,40.645283,-73.767441,209.6,48ae26,SP-LSG,B789,BOEING 787-9 Dreamliner,0
landing,JFK,22L,1785215644.4,2026-07-28T05:14:04Z,40.634651,-73.763123,210.9,a03816,N113HQ,E75L,EMBRAER ERJ-170-200 (long wing),0
takeoff,JFK,22R,1785215688.78,2026-07-28T05:14:48Z,40.645946,-73.76692,209.6,47ae38,LN-FNL,B789,BOEING 787-9 Dreamliner,0
takeoff,LGA,22,1785215731.0,2026-07-28T05:15:31Z,40.781467,-73.873978,210.9,aa099e,N746JB,A320,AIRBUS A-320,0
landing,JFK,22L,1785215763.28,2026-07-28T05:16:03Z,40.636608,-73.761658,210.9,a683a8,N519JB,A320,AIRBUS A-320,0
takeoff,JFK,22R,1785215766.28,2026-07-28T05:16:06Z,40.646307,-73.766655,210.9,71c010,HL8010,B77W,BOEING 777-300ER,0
takeoff,JFK,22R,1785215951.51,2026-07-28T05:19:11Z,40.645878,-73.766953,213.8,a61173,N490PX,CRJ9,BOMBARDIER Regional Jet CRJ-900,0
landing,LGA,22,1785216002.96,2026-07-28T05:20:02Z,40.7772,-73.877501,213.8,abb271,N8529Z,B738,BOEING 737-800,0
takeoff,JFK,22R,1785216075.56,2026-07-28T05:21:15Z,40.64633,-73.766608,208.1,a08e3c,N135EV,CRJ9,BOMBARDIER Regional Jet CRJ-900,0
takeoff,JFK,22R,1785216160.59,2026-07-28T05:22:40Z,40.64619,-73.766748,210.9,ad1c18,N944AV,A320,AIRBUS A-320,0
takeoff,JFK,22R,1785216241.9,2026-07-28T05:24:01Z,40.646249,-73.766701,210.9,a3861f,N326RP,B38M,BOEING 737 MAX 8,0
takeoff,LGA,22,1785216347.14,2026-07-28T05:25:47Z,40.781366,-73.874068,213.8,a44548,N3742C,B738,BOEING 737-800,0
takeoff,JFK,22R,1785216371.29,2026-07-28T05:26:11Z,40.646015,-73.766861,212.4,345299,EC-MMX,B788,BOEING 787-8 Dreamliner,0
takeoff,JFK,22R,1785216582.25,2026-07-28T05:29:42Z,40.645981,-73.766873,210.9,06a0e9,A7-AMJ,A359,AIRBUS A-350-900,0
landing,LGA,22,1785216602.39,2026-07-28T05:30:02Z,40.774849,-73.879436,210.9,ac10af,N877DN,B739,BOEING 737-900,0
takeoff,LGA,22,1785216725.61,2026-07-28T05:32:05Z,40.78236,-73.873245,210.9,a8dffc,N671FR,A21N,,0
landing,JFK,22L,1785216937.44,2026-07-28T05:35:37Z,40.635944,-73.762146,210.9,aaf183,N804JB,A320,AIRBUS A-320,0
takeoff,JFK,22R,1785216942.33,2026-07-28T05:35:42Z,40.64661,-73.766403,210.9,aa7f65,N776AV,A20N,AIRBUS A-320neo,0
landing,JFK,22L,1785217099.54,2026-07-28T05:38:19Z,40.636391,-73.761795,210.9,ac81d3,N905AV,A20N,,0
takeoff,JFK,22R,1785217165.62,2026-07-28T05:39:25Z,40.645947,-73.766891,210.9,a707a3,N552JB,A320,AIRBUS A-320,0
landing,JFK,22L,1785217248.25,2026-07-28T05:40:48Z,40.634937,-73.762939,210.9,a1a0a1,N2038J,A21N,AIRBUS A-321neo,0
takeoff,LGA,22,1785217323.78,2026-07-28T05:42:03Z,40.784171,-73.871743,210.9,c08852,C-GZQF,E295,EMBRAER ERJ-190-400,0
landing,JFK,22L,1785217385.96,2026-07-28T05:43:05Z,40.634331,-73.763409,210.9,a19910,N2017J,A21N,AIRBUS A-321neo,0
landing,JFK,22L,1785217592.04,2026-07-28T05:46:32Z,40.633793,-73.763824,210.9,a37842,N3221J,BCS3,,0
landing,JFK,22L,1785217856.95,2026-07-28T05:50:56Z,40.635555,-73.762451,210.9,a42665,N367AZ,B763,BOEING 767-300,0
takeoff,JFK,22R,1785217966.06,2026-07-28T05:52:46Z,40.645923,-73.766936,210.9,842370,JA09WJ,A35K,AIRBUS A-350-1000,0
takeoff,JFK,22R,1785218135.94,2026-07-28T05:55:35Z,40.646249,-73.766655,210.9,8990e5,B-16723,B77W,BOEING 777-300ER,0
landing,LGA,22,1785218239.85,2026-07-28T05:57:19Z,40.77737,-73.877365,210.9,a35701,N314PQ,CRJ9,BOMBARDIER Regional Jet CRJ-900,0
takeoff,JFK,22R,1785218264.01,2026-07-28T05:57:44Z,40.6469,-73.766171,210.9,0ac9ee,HK-5367,A20N,AIRBUS A-320neo,0
takeoff,JFK,22R,1785218438.06,2026-07-28T06:00:38Z,40.647068,-73.766037,210.9,e80463,CC-BHF,A20N,AIRBUS A-320neo,0
landing,JFK,22R,1785218439.07,2026-07-28T06:00:39Z,40.646679,-73.766343,210.9,e80463,CC-BHF,A20N,AIRBUS A-320neo,0
takeoff,JFK,22R,1785218439.07,2026-07-28T06:00:39Z,40.646679,-73.766343,210.9,e80463,CC-BHF,A20N,AIRBUS A-320neo,0
takeoff,JFK,22R,1785218559.28,2026-07-28T06:02:39Z,40.646388,-73.766561,210.9,a1373d,N178DN,B763,BOEING 767-300,0
takeoff,JFK,22R,1785218648.17,2026-07-28T06:04:08Z,40.646313,-73.766632,210.9,a16273,N189DN,B763,BOEING 767-300,0
takeoff,JFK,22R,1785218746.69,2026-07-28T06:05:46Z,40.645866,-73.766953,210.9,8478ab,JA18KZ,B748,BOEING 747-8,0
takeoff,JFK,22R,1785218875.92,2026-07-28T06:07:55Z,40.646318,-73.766623,210.9,a5e3e4,N479PX,CRJ9,BOMBARDIER Regional Jet CRJ-900,0
landing,LGA,22,1785218987.45,2026-07-28T06:09:47Z,40.776295,-73.878296,210.9,a17527,N193UW,A321,AIRBUS A-321,0
takeoff,JFK,22R,1785218991.63,2026-07-28T06:09:51Z,40.646336,-73.766617,210.9,0d1068,XA-VDE,A320,AIRBUS A-320,0
takeoff,JFK,22R,1785219271.85,2026-07-28T06:14:31Z,40.645911,-73.766951,210.9,789269,B-LXP,A35K,AIRBUS A-350-1000,0
takeoff,JFK,22R,1785219414.44,2026-07-28T06:16:54Z,40.646358,-73.766586,210.9,8695a4,JA797A,B77W,BOEING 777-300ER,0
takeoff,JFK,22R,1785219537.9,2026-07-28T06:18:57Z,40.646074,-73.766811,210.9,78216a,B-226D,B77L,BOEING 777-200LR,0
takeoff,JFK,22R,1785219687.73,2026-07-28T06:21:27Z,40.64711,-73.766015,210.9,394a06,F-GSQG,B77W,BOEING 777-300ER,0
takeoff,JFK,22R,1785219814.98,2026-07-28T06:23:34Z,40.646072,-73.7668,210.9,4d0128,LX-SCV,B744,BOEING 747-400,0
takeoff,JFK,22R,1785220233.16,2026-07-28T06:30:33Z,40.645399,-73.767341,210.9,71c251,HL8251,B77L,BOEING 777-200LR,0
landing,JFK,22L,1785220310.62,2026-07-28T06:31:50Z,40.635166,-73.762756,210.9,a3396b,N307AZ,B763,BOEING 767-300,0
takeoff,JFK,22R,1785220435.5,2026-07-28T06:33:55Z,40.6464,-73.766561,210.9,aa7bae,N775AV,A20N,AIRBUS A-320neo,0
takeoff,JFK,22R,1785220574.35,2026-07-28T06:36:14Z,40.645477,-73.767334,210.9,71be26,HL7626,A388,AIRBUS A-380-800,0
landing,JFK,22R,1785220575.45,2026-07-28T06:36:15Z,40.645085,-73.767638,210.9,71be26,HL7626,A388,AIRBUS A-380-800,0
takeoff,JFK,22R,1785220575.45,2026-07-28T06:36:15Z,40.645085,-73.767638,210.9,71be26,HL7626,A388,AIRBUS A-380-800,0
landing,JFK,22L,1785220831.28,2026-07-28T06:40:31Z,40.636333,-73.761864,210.9,a560fb,N446AV,A320,AIRBUS A-320,0
takeoff,JFK,22R,1785220929.67,2026-07-28T06:42:09Z,40.645294,-73.767441,210.9,780cb8,B-2487,B748,BOEING 747-8,0
takeoff,JFK,22R,1785221355.46,2026-07-28T06:49:15Z,40.645443,-73.767303,210.9,a780ad,N5827K,A333,,0
takeoff,JFK,22R,1785221574.2,2026-07-28T06:52:54Z,40.645889,-73.766953,210.9,0c20bb,HP-1849CMP,B738,BOEING 737-800,0
landing,JFK,22L,1785222582.25,2026-07-28T07:09:42Z,40.635274,-73.76266,210.9,ad6f93,N965JT,A321,AIRBUS A-321,0
takeoff,JFK,22R,1785222627.19,2026-07-28T07:10:27Z,40.645736,-73.767076,210.9,a575e7,N451AV,A320,AIRBUS A-320,0
landing,JFK,22L,1785222922.57,2026-07-28T07:15:22Z,40.636775,-73.761505,210.9,ad675f,N963AV,A20N,,0
landing,JFK,22L,1785223372.58,2026-07-28T07:22:52Z,40.634686,-73.763138,210.9,adde95,N993JE,A321,AIRBUS A-321,0
landing,JFK,22L,1785223708.08,2026-07-28T07:28:28Z,40.635192,-73.762722,210.9,ad2baa,N948JB,A321,AIRBUS A-321,0
takeoff,JFK,22R,1785224119.21,2026-07-28T07:35:19Z,40.640236,-73.771362,210.9,ac81d3,N905AV,A20N,,0
landing,JFK,22L,1785224331.36,2026-07-28T07:38:51Z,40.633598,-73.763977,210.9,0c20a8,HP-1840CMP,B738,BOEING 737-800,0
takeoff,JFK,22R,1785225347.74,2026-07-28T07:55:47Z,40.646404,-73.766556,210.9,0c20ad,HP-1843CMP,B738,BOEING 737-800,0
landing,JFK,22L,1785225488.24,2026-07-28T07:58:08Z,40.637547,-73.76088,210.9,a17ecd,N196DN,B763,BOEING 767-300,0
landing,JFK,22L,1785225746.67,2026-07-28T08:02:26Z,40.635933,-73.762161,210.9,0acac2,HK-5425,A320,AIRBUS A-320,0
landing,JFK,22L,1785225923.66,2026-07-28T08:05:23Z,40.636105,-73.762009,210.9,a95ca4,N702GT,B77L,BOEING 777-200LR,0
landing,JFK,22L,1785226403.97,2026-07-28T08:13:23Z,40.63688,-73.761396,210.9,4067a3,G-DHLJ,B763,BOEING 767-300,0
takeoff,JFK,22R,1785227449.88,2026-07-28T08:30:49Z,40.646233,-73.766678,210.9,a560fb,N446AV,A320,AIRBUS A-320,0
landing,JFK,22L,1785228051.51,2026-07-28T08:40:51Z,40.637489,-73.760925,210.9,a97310,N708JB,A320,AIRBUS A-320,0
landing,JFK,22L,1785228575.52,2026-07-28T08:49:35Z,40.634785,-73.763034,210.9,adc238,N986JB,A321,AIRBUS A-321,0
landing,JFK,22L,1785228812.38,2026-07-28T08:53:32Z,40.635693,-73.762332,210.9,a38ef5,N3284J,BCS3,AIRBUS A220-300,0
landing,JFK,22L,1785229039.03,2026-07-28T08:57:19Z,40.637432,-73.760986,210.9,0c605d,9Y-BAH,B38M,BOEING 737 MAX 8,0
landing,JFK,22L,1785229215.21,2026-07-28T09:00:15Z,40.635309,-73.762644,210.9,aa630b,N769AV,A20N,AIRBUS A-320neo,0
landing,JFK,22L,1785229718.2,2026-07-28T09:08:38Z,40.636356,-73.761801,210.9,a17ad2,N195AV,A320,AIRBUS A-320,0
landing,JFK,22L,1785229897.22,2026-07-28T09:11:37Z,40.635227,-73.762706,210.9,a4dfa6,N413DX,A339,AIRBUS A-330-900,0
landing,JFK,22L,1785229980.43,2026-07-28T09:13:00Z,40.636093,-73.762024,210.9,ab84ab,N841MH,B764,BOEING 767-400,0
landing,JFK,22L,1785230110.98,2026-07-28T09:15:10Z,40.637974,-73.760568,210.9,4d24fe,9H-HFJ,A332,AIRBUS A-330-200,0
takeoff,JFK,22R,1785230167.53,2026-07-28T09:16:07Z,40.647182,-73.765945,210.9,0c6063,9Y-GRN,B38M,BOEING 737 MAX 8,0
takeoff,JFK,22R,1785230453.01,2026-07-28T09:20:53Z,40.646599,-73.766388,210.9,ad675f,N963AV,A20N,,0
takeoff,JFK,22R,1785230533.06,2026-07-28T09:22:13Z,40.646249,-73.76667,210.9,a7e20a,N607JB,A320,AIRBUS A-320,0
landing,JFK,22L,1785230707.63,2026-07-28T09:25:07Z,40.634708,-73.763092,210.9,adcd6d,N989JT,A321,AIRBUS A-321,0
landing,JFK,22L,1785230880.32,2026-07-28T09:28:00Z,40.636116,-73.762024,210.9,738072,4X-ECB,B772,BOEING 777-200,0
landing,JFK,22L,1785231059.59,2026-07-28T09:30:59Z,40.636345,-73.761832,210.9,a4ea77,N416AN,A21N,AIRBUS A-321neo,0
takeoff,JFK,22R,1785231109.81,2026-07-28T09:31:49Z,40.645224,-73.767466,210.9,a37842,N3221J,BCS3,,0
landing,JFK,22L,1785231170.48,2026-07-28T09:32:50Z,40.635413,-73.76255,210.9,a445f8,N3747D,B738,BOEING 737-800,0
landing,JFK,22L,1785231313.41,2026-07-28T09:35:13Z,40.634273,-73.763455,210.9,a009a4,N101NN,A321,AIRBUS A-321,0
landing,JFK,22L,1785231443.69,2026-07-28T09:37:23Z,40.63425,-73.763471,210.9,acaec5,N916UP,B763,BOEING 767-300,0
landing,JFK,22L,1785231587.24,2026-07-28T09:39:47Z,40.635578,-73.762421,210.9,aced2b,N932AV,A20N,AIRBUS A-320neo,0
takeoff,JFK,31L,1785231690.33,2026-07-28T09:41:30Z,40.641081,-73.796071,345.9,acaec5,N916UP,B763,BOEING 767-300,0
landing,JFK,22L,1785231694.31,2026-07-28T09:41:34Z,40.636822,-73.761458,210.9,780ab6,B-LRK,A359,AIRBUS A-350-900,0
takeoff,JFK,22L,1785231694.31,2026-07-28T09:41:34Z,40.636822,-73.761458,210.9,780ab6,B-LRK,A359,AIRBUS A-350-900,0
landing,JFK,22L,1785231694.8,2026-07-28T09:41:34Z,40.636601,-73.761614,210.9,780ab6,B-LRK,A359,AIRBUS A-350-900,0
landing,JFK,22L,1785231831.39,2026-07-28T09:43:51Z,40.634529,-73.763237,210.9,407ea1,G-DHLO,B763,BOEING 767-300,0
landing,JFK,22L,1785231953.43,2026-07-28T09:45:53Z,40.634674,-73.763138,209.6,ab5867,N830AN,B789,BOEING 787-9 Dreamliner,0
landing,JFK,22L,1785232123.46,2026-07-28T09:48:43Z,40.633759,-73.763855,210.9,ac9e23,N912AK,B39M,BOEING 737 MAX 9,0
takeoff,JFK,31R,1785232205.28,2026-07-28T09:50:05Z,40.651113,-73.780075,340.3,407ea1,G-DHLO,B763,BOEING 767-300,0
landing,JFK,22L,1785232284.23,2026-07-28T09:51:24Z,40.634754,-73.763092,210.9,a01112,N103NN,A321,AIRBUS A-321,0
landing,JFK,22L,1785232461.41,2026-07-28T09:54:21Z,40.637054,-73.761292,210.9,a7d32e,N603JB,A320,AIRBUS A-320,0
takeoff,JFK,22R,1785232504.75,2026-07-28T09:55:04Z,40.646283,-73.766639,210.9,0acac2,HK-5425,A320,AIRBUS A-320,0
landing,JFK,22L,1785232549.56,2026-07-28T09:55:49Z,40.633528,-73.764033,210.9,acb9ea,N919UP,B763,BOEING 767-300,0
landing,JFK,22L,1785232702.75,2026-07-28T09:58:22Z,40.636562,-73.761658,210.9,a9bf4b,N727TW,B752,BOEING 757-200,0
landing,JFK,22L,1785232828.16,2026-07-28T10:00:28Z,40.64106,-73.758133,210.9,a0d36d,N152UP,A306,AIRBUS A-300-600,0
landing,JFK,22L,1785232925.76,2026-07-28T10:02:05Z,40.635262,-73.762691,210.9,a1629d,N189FE,B763,BOEING 767-300,0
landing,JFK,22L,1785233066.4,2026-07-28T10:04:26Z,40.637078,-73.761224,213.8,a5e3e4,N479PX,CRJ9,BOMBARDIER Regional Jet CRJ-900,0
landing,JFK,22R,1785233173.19,2026-07-28T10:06:13Z,40.635029,-73.775441,210.9,a96ba2,N706JB,A320,AIRBUS A-320,0
takeoff,LGA,13,1785233239.49,2026-07-28T10:07:19Z,40.781731,-73.877335,120.9,a4bdb9,N404YX,E75L,EMBRAER ERJ-170-200 (long wing),0
takeoff,JFK,22R,1785233252.28,2026-07-28T10:07:32Z,40.646237,-73.766655,210.9,ad8fa4,N973JT,A321,AIRBUS A-321,0
landing,JFK,22L,1785233269.48,2026-07-28T10:07:49Z,40.638222,-73.760361,210.9,a797b4,N589DT,A21N,AIRBUS A-321neo,0
takeoff,LGA,13,1785233358.0,2026-07-28T10:09:18Z,40.779728,-73.873154,123.8,a47d11,N389DN,A321,AIRBUS A-321,0
takeoff,JFK,22R,1785233445.31,2026-07-28T10:10:45Z,40.64661,-73.766388,210.9,ad7ab8,N968JT,A321,AIRBUS A-321,0
takeoff,JFK,22R,1785233507.34,2026-07-28T10:11:47Z,40.646109,-73.766779,210.9,a7133f,N555NW,B752,BOEING 757-200,0
takeoff,LGA,13,1785233531.11,2026-07-28T10:12:11Z,40.779785,-73.873291,123.8,a5c127,N470AN,A21N,AIRBUS A-321neo,0
takeoff,JFK,22R,1785233574.74,2026-07-28T10:12:54Z,40.646038,-73.766846,210.9,ad8ed7,N973AN,B738,BOEING 737-800,0
takeoff,LGA,13,1785233612.42,2026-07-28T10:13:32Z,40.779853,-73.873397,123.8,a35af8,N315SD,B38M,BOEING 737 MAX 8,0
takeoff,JFK,22R,1785233641.91,2026-07-28T10:14:01Z,40.645725,-73.767076,210.9,aba281,N849NN,B738,BOEING 737-800,0
takeoff,LGA,13,1785233675.85,2026-07-28T10:14:35Z,40.781646,-73.877158,120.9,ac0a75,N875RW,E170,EMBRAER ERJ-170-100,0
takeoff,JFK,22R,1785233713.27,2026-07-28T10:15:13Z,40.646301,-73.766617,210.9,a1aaae,N2060J,A21N,AIRBUS A-321neo,0
takeoff,LGA,13,1785233801.08,2026-07-28T10:16:41Z,40.781536,-73.876923,123.8,a9d86c,N733YX,E75L,EMBRAER ERJ-170-200 (long wing),0
landing,JFK,22L,1785233811.47,2026-07-28T10:16:51Z,40.636228,-73.761911,210.9,a641bf,N502DX,A21N,AIRBUS A-321neo,0
takeoff,JFK,22R,1785233822.95,2026-07-28T10:17:02Z,40.645855,-73.766968,210.9,a3396b,N307AZ,B763,BOEING 767-300,0
takeoff,LGA,13,1785233907.97,2026-07-28T10:18:27Z,40.781445,-73.876709,123.8,a4d65c,N410YX,E75L,EMBRAER ERJ-170-200 (long wing),0
landing,JFK,22L,1785233941.53,2026-07-28T10:19:01Z,40.634401,-73.763346,210.9,a3ca1a,N343SY,B38M,BOEING 737 MAX 8,0
takeoff,LGA,13,1785233993.69,2026-07-28T10:19:53Z,40.779648,-73.872986,123.8,a2af3e,N272PQ,CRJ9,BOMBARDIER Regional Jet CRJ-900,0
landing,JFK,22L,1785234038.17,2026-07-28T10:20:38Z,40.635681,-73.762329,210.9,a7cf10,N602DZ,A21N,AIRBUS A-321neo,0
landing,LGA,22,1785234131.02,2026-07-28T10:22:11Z,40.778096,-73.876752,213.8,acf2e4,N933XJ,CRJ9,BOMBARDIER Regional Jet CRJ-900,0
landing,JFK,22L,1785234173.99,2026-07-28T10:22:53Z,40.635292,-73.76265,210.9,a6a33f,N527DE,A21N,AIRBUS A-321neo,0
landing,JFK,22L,1785234309.1,2026-07-28T10:25:09Z,40.636217,-73.761926,210.9,a7ac8f,N594DA,A21N,AIRBUS A-321neo,0
takeoff,LGA,13,1785234311.49,2026-07-28T10:25:11Z,40.779912,-73.873537,120.9,a008c5,N101DQ,A321,AIRBUS A-321,0
takeoff,JFK,22R,1785234336.0,2026-07-28T10:25:36Z,40.646074,-73.766795,210.9,a7bfa0,N599JB,A320,AIRBUS A-320,0
landing,JFK,22L,1785234438.1,2026-07-28T10:27:18Z,40.637101,-73.761239,210.9,a770a2,N579JB,A320,AIRBUS A-320,0
takeoff,JFK,22R,1785234463.03,2026-07-28T10:27:43Z,40.646267,-73.766647,210.9,a3244c,N301NY,A21N,AIRBUS A-321neo,0
landing,JFK,22L,1785234521.49,2026-07-28T10:28:41Z,40.635223,-73.762695,210.9,a33766,N306UH,B38M,BOEING 737 MAX 8,0
takeoff,JFK,22R,1785234524.43,2026-07-28T10:28:44Z,40.646198,-73.766708,210.9,a198ed,N2016J,A21N,AIRBUS A-321neo,0
takeoff,LGA,13,1785234556.67,2026-07-28T10:29:16Z,40.780156,-73.874068,123.8,a732d9,N563JB,A320,AIRBUS A-320,0
takeoff,LGA,13,1785234669.69,2026-07-28T10:31:09Z,40.780106,-73.873932,123.8,a2b153,N27273,B38M,BOEING 737 MAX 8,0
takeoff,JFK,22R,1785234710.84,2026-07-28T10:31:50Z,40.64645,-73.766525,210.9,a7cb53,N601DT,A21N,AIRBUS A-321neo,0
landing,JFK,22L,1785234715.65,2026-07-28T10:31:55Z,40.63345,-73.764114,210.9,a9aebe,N723AN,B77W,BOEING 777-300ER,0
takeoff,JFK,22R,1785234872.82,2026-07-28T10:34:32Z,40.645923,-73.76692,210.9,ad6f93,N965JT,A321,AIRBUS A-321,0
landing,JFK,22L,1785234874.96,2026-07-28T10:34:34Z,40.63456,-73.763229,210.9,ad60b7,N961JT,A321,AIRBUS A-321,0
takeoff,LGA,13,1785234908.72,2026-07-28T10:35:08Z,40.779762,-73.873215,123.8,ac10af,N877DN,B739,BOEING 737-900,0
landing,JFK,22L,1785234995.63,2026-07-28T10:36:35Z,40.634401,-73.763346,210.9,a2f9b3,N291FE,B763,BOEING 767-300,0
landing,LGA,22,1785235036.94,2026-07-28T10:37:16Z,40.77592,-73.878547,213.8,a14502,N181GJ,CRJ9,BOMBARDIER Regional Jet CRJ-900,0
takeoff,LGA,13,1785235042.12,2026-07-28T10:37:22Z,40.781518,-73.876892,123.8,a50192,N421YX,E75L,EMBRAER ERJ-170-200 (long wing),0
landing,JFK,22L,1785235075.74,2026-07-28T10:37:55Z,40.633278,-73.764206,210.9,a266dc,N254FE,B763,BOEING 767-300,0
takeoff,LGA,13,1785235124.48,2026-07-28T10:38:44Z,40.780249,-73.874239,123.8,abc80c,N8584Z,B738,BOEING 737-800,0
landing,JFK,22L,1785235186.72,2026-07-28T10:39:46Z,40.63409,-73.763611,210.9,a4347b,N370HA,A332,AIRBUS A-330-200,0
takeoff,LGA,13,1785235213.23,2026-07-28T10:40:13Z,40.780075,-73.873865,123.8,a138b8,N178US,A321,AIRBUS A-321,0
takeoff,JFK,22R,1785235288.98,2026-07-28T10:41:28Z,40.646365,-73.766592,210.9,ad3fd9,N953AN,B738,BOEING 737-800,0
landing,JFK,22L,1785235338.84,2026-07-28T10:42:18Z,40.636505,-73.761703,213.8,acab54,N915XJ,CRJ9,BOMBARDIER Regional Jet CRJ-900,0
landing,JFK,22L,1785235474.8,2026-07-28T10:44:34Z,40.634808,-73.763034,210.9,adc9b6,N988JT,A321,AIRBUS A-321,0
landing,JFK,22L,1785235588.67,2026-07-28T10:46:28Z,40.633703,-73.763892,210.9,a3c662,N342SX,B38M,BOEING 737 MAX 8,0
takeoff,JFK,22R,1785235635.37,2026-07-28T10:47:15Z,40.646633,-73.766357,210.9,a42665,N367AZ,B763,BOEING 767-300,0
landing,JFK,22L,1785235689.05,2026-07-28T10:48:09Z,40.634834,-73.763,210.9,a1574e,N186DN,B763,BOEING 767-300,0
takeoff,JFK,22R,1785235750.48,2026-07-28T10:49:10Z,40.646084,-73.7668,210.9,a38ef5,N3284J,BCS3,AIRBUS A220-300,0
landing,LGA,22,1785235755.81,2026-07-28T10:49:15Z,40.77166,-73.882058,210.9,a05f95,N123HQ,E75L,EMBRAER ERJ-170-200 (long wing),0
takeoff,JFK,22R,1785235894.49,2026-07-28T10:51:34Z,40.646255,-73.766678,210.9,aa7c64,N775JB,A320,AIRBUS A-320,0
landing,JFK,22L,1785235954.91,2026-07-28T10:52:34Z,40.63504,-73.762833,210.9,a32095,N300NY,A21N,AIRBUS A-321neo,0
takeoff,JFK,22R,1785235968.43,2026-07-28T10:52:48Z,40.646816,-73.76622,210.9,a35cba,N3157J,BCS3,AIRBUS A220-300,0
landing,LGA,22,1785236023.02,2026-07-28T10:53:43Z,40.777549,-73.877189,210.9,a3ad6d,N336PQ,CRJ9,BOMBARDIER Regional Jet CRJ-900,0
takeoff,JFK,22R,1785236095.95,2026-07-28T10:54:55Z,40.646516,-73.766467,210.9,a19910,N2017J,A21N,AIRBUS A-321neo,0
landing,JFK,22L,1785236133.48,2026-07-28T10:55:33Z,40.634005,-73.763658,210.9,a35c0b,N3152J,BCS3,AIRBUS A220-300,0
landing,LGA,22,1785236140.07,2026-07-28T10:55:40Z,40.776711,-73.877907,210.9,a04e60,N119HQ,E75L,EMBRAER ERJ-170-200 (long wing),0
takeoff,JFK,22R,1785236190.19,2026-07-28T10:56:30Z,40.645923,-73.76692,210.9,ad8bed,N972JT,A321,AIRBUS A-321,0
landing,LGA,22,1785236244.27,2026-07-28T10:57:24Z,40.774896,-73.879343,210.9,abc2e5,N857RW,E170,EMBRAER ERJ-170-100,0
landing,JFK,22L,1785236255.47,2026-07-28T10:57:35Z,40.634936,-73.76294,209.6,ab6380,N833AA,B789,BOEING 787-9 Dreamliner,0
landing,JFK,22L,1785236403.9,2026-07-28T11:00:03Z,40.636459,-73.761719,208.1,a7de93,N606LR,CRJ9,BOMBARDIER Regional Jet CRJ-900,0
takeoff,JFK,22R,1785236427.15,2026-07-28T11:00:27Z,40.646164,-73.766739,210.9,adde95,N993JE,A321,AIRBUS A-321,0
landing,JFK,22L,1785236511.64,2026-07-28T11:01:51Z,40.633819,-73.763861,216.6,a4ddca,N412YX,E75L,EMBRAER ERJ-170-200 (long wing),0
landing,LGA,22,1785236570.46,2026-07-28T11:02:50Z,40.774267,-73.87992,213.8,a4b294,N401YX,E75L,EMBRAER ERJ-170-200 (long wing),0
landing,JFK,22L,1785236598.53,2026-07-28T11:03:18Z,40.633587,-73.764114,222.2,a866c7,N640RW,E170,EMBRAER ERJ-170-100,0
landing,JFK,22L,1785236655.27,2026-07-28T11:04:15Z,40.63603,-73.762067,210.9,acfc56,N936DZ,B739,,0
landing,LGA,22,1785236702.48,2026-07-28T11:05:02Z,40.775322,-73.879044,210.9,ac1f61,N880RW,E170,EMBRAER ERJ-170-100,0
landing,JFK,22L,1785236742.33,2026-07-28T11:05:42Z,40.635303,-73.762634,210.9,a16883,N190DN,B763,BOEING 767-300,0
takeoff,LGA,13,1785236751.74,2026-07-28T11:05:51Z,40.779481,-73.872632,120.9,a31486,N298PQ,CRJ9,BOMBARDIER Regional Jet CRJ-900,0
takeoff,LGA,13,1785236892.58,2026-07-28T11:08:12Z,40.779911,-73.87352,123.8,c084a3,C-GYFY,A321,AIRBUS A-321,0
takeoff,LGA,13,1785236953.38,2026-07-28T11:09:13Z,40.781445,-73.87674,123.8,a08e82,N135HQ,E75L,EMBRAER ERJ-170-200 (long wing),0
landing,JFK,22L,1785236954.64,2026-07-28T11:09:14Z,40.633563,-73.764017,210.9,ad4bcb,N956JT,A321,AIRBUS A-321,0
takeoff,JFK,22R,1785236978.88,2026-07-28T11:09:38Z,40.645958,-73.766907,210.9,4067a3,G-DHLJ,B763,BOEING 767-300,0
landing,JFK,22L,1785237032.38,2026-07-28T11:10:32Z,40.63489,-73.762956,210.9,ab1fb0,N816AK,B38M,BOEING 737 MAX 8,0
landing,LGA,22,1785237088.27,2026-07-28T11:11:28Z,40.773674,-73.880388,213.8,a08e3c,N135EV,CRJ9,BOMBARDIER Regional Jet CRJ-900,0
takeoff,LGA,13,1785237097.25,2026-07-28T11:11:37Z,40.77998,-73.873672,123.8,abfefd,N872NN,B738,BOEING 737-800,0
landing,JFK,22L,1785237159.66,2026-07-28T11:12:39Z,40.634773,-73.76305,210.9,a39338,N3298J,,,0
takeoff,JFK,22R,1785237187.24,2026-07-28T11:13:07Z,40.646051,-73.766795,210.9,a033ae,N112AN,A321,AIRBUS A-321,0
landing,LGA,22,1785237197.76,2026-07-28T11:13:17Z,40.777223,-73.877485,213.8,a35ab8,N315PQ,CRJ9,BOMBARDIER Regional Jet CRJ-900,0
takeoff,LGA,13,1785237226.98,2026-07-28T11:13:46Z,40.77976,-73.873163,123.8,adbb39,N984NN,B738,BOEING 737-800,0
takeoff,JFK,22R,1785237242.57,2026-07-28T11:14:02Z,40.646295,-73.766623,210.9,a19d0d,N2029J,A21N,AIRBUS A-321neo,0
takeoff,JFK,22R,1785237306.0,2026-07-28T11:15:06Z,40.645947,-73.766907,210.9,a39781,N330TJ,B38M,BOEING 737 MAX 8,0
takeoff,LGA,13,1785237312.94,2026-07-28T11:15:12Z,40.781456,-73.876755,123.8,a1fbd9,N227JQ,E75L,EMBRAER ERJ-170-200 (long wing),0
landing,JFK,22L,1785237357.52,2026-07-28T11:15:57Z,40.635472,-73.762488,210.9,a39243,N3291J,BCS3,AIRBUS A220-300,0
landing,LGA,22,1785237420.6,2026-07-28T11:17:00Z,40.775221,-73.879124,210.9,a8a0d9,N655RW,E170,EMBRAER ERJ-170-100,0
takeoff,JFK,22R,1785237444.5,2026-07-28T11:17:24Z,40.645108,-73.767544,210.9,a3871e,N3261J,BCS3,,0
landing,LGA,22,1785237516.11,2026-07-28T11:18:36Z,40.77681,-73.877838,210.9,c050c4,C-GEPF,B38M,BOEING 737 MAX 8,0
takeoff,JFK,22R,1785237551.32,2026-07-28T11:19:11Z,40.645178,-73.767497,210.9,a386fb,N3260J,BCS3,,0
landing,JFK,22L,1785237607.27,2026-07-28T11:20:07Z,40.635576,-73.762426,210.9,a34e01,N3118J,BCS3,AIRBUS A220-300,0
takeoff,JFK,22R,1785237613.62,2026-07-28T11:20:13Z,40.646656,-73.766358,210.9,aa630b,N769AV,A20N,AIRBUS A-320neo,0
landing,LGA,22,1785237627.98,2026-07-28T11:20:27Z,40.772091,-73.881746,210.9,a52cc8,N432YX,E75L,EMBRAER ERJ-170-200 (long wing),0
landing,LGA,22,1785237685.57,2026-07-28T11:21:25Z,40.77673,-73.877899,210.9,a32e8c,N304DU,BCS3,AIRBUS A220-300,0
landing,JFK,22L,1785237764.23,2026-07-28T11:22:44Z,40.636459,-73.761734,210.9,a8ae7f,N659DL,B752,BOEING 757-200,0
landing,LGA,22,1785237780.08,2026-07-28T11:23:00Z,40.774896,-73.879405,210.9,a22358,N237JQ,E75L,EMBRAER ERJ-170-200 (long wing),0
takeoff,LGA,13,1785237792.92,2026-07-28T11:23:12Z,40.779648,-73.872971,123.8,a64d4d,N505JB,A320,AIRBUS A-320,0
landing,LGA,22,1785237863.35,2026-07-28T11:24:23Z,40.777817,-73.877002,210.9,a39ada,N331PQ,CRJ9,BOMBARDIER Regional Jet CRJ-900,0
takeoff,LGA,13,1785237887.48,2026-07-28T11:24:47Z,40.779499,-73.872665,120.9,a17c12,N195PQ,CRJ9,BOMBARDIER Regional Jet CRJ-900,0
landing,JFK,22L,1785237918.65,2026-07-28T11:25:18Z,40.635269,-73.762695,212.4,04c119,5Y-KZC,B788,BOEING 787-8 Dreamliner,0
takeoff,JFK,22R,1785237930.7,2026-07-28T11:25:30Z,40.647171,-73.765945,210.9,a17ad2,N195AV,A320,AIRBUS A-320,0
landing,LGA,22,1785237967.21,2026-07-28T11:26:07Z,40.774442,-73.879701,205.3,a21bea,N235JQ,E75L,EMBRAER ERJ-170-200 (long wing),0
takeoff,JFK,22R,1785237993.39,2026-07-28T11:26:33Z,40.646004,-73.766876,210.9,abd77e,N862NN,B738,BOEING 737-800,0
takeoff,LGA,13,1785237999.29,2026-07-28T11:26:39Z,40.779981,-73.873662,123.8,a71b43,N557UW,A321,AIRBUS A-321,0
landing,LGA,22,1785238070.0,2026-07-28T11:27:50Z,40.775291,-73.879062,210.9,a52911,N431YX,E75L,EMBRAER ERJ-170-200 (long wing),0
landing,JFK,22L,1785238148.44,2026-07-28T11:29:08Z,40.634168,-73.763549,210.9,a54312,N438YX,E75L,EMBRAER ERJ-170-200 (long wing),0
takeoff,LGA,13,1785238168.92,2026-07-28T11:29:28Z,40.779947,-73.8736,120.9,a437da,N371DN,A321,AIRBUS A-321,0
takeoff,LGA,13,1785238244.81,2026-07-28T11:30:44Z,40.779991,-73.873703,120.9,abe496,N8656B,B738,BOEING 737-800,0
takeoff,JFK,22R,1785238265.31,2026-07-28T11:31:05Z,40.649251,-73.764314,210.9,a03816,N113HQ,E75L,EMBRAER ERJ-170-200 (long wing),0
takeoff,LGA,13,1785238323.7,2026-07-28T11:32:03Z,40.779774,-73.873245,123.8,ab0d76,N811DZ,B739,BOEING 737-900,0
takeoff,JFK,22R,1785238341.17,2026-07-28T11:32:21Z,40.645853,-73.766982,210.9,a0f46f,N1603,B763,BOEING 767-300,0
takeoff,LGA,13,1785238427.87,2026-07-28T11:33:47Z,40.781525,-73.876892,120.9,abdf3f,N864RW,E170,EMBRAER ERJ-170-100,0
landing,LGA,22,1785238430.27,2026-07-28T11:33:50Z,40.775559,-73.878859,210.9,abdb88,N863RW,E170,EMBRAER ERJ-170-100,0
landing,JFK,22L,1785238491.44,2026-07-28T11:34:51Z,40.63262,-73.764766,210.9,acf906,N935JB,A321,AIRBUS A-321,0
takeoff,JFK,22L,1785238491.44,2026-07-28T11:34:51Z,40.63262,-73.764766,210.9,acf906,N935JB,A321,AIRBUS A-321,0
landing,JFK,22L,1785238492.26,2026-07-28T11:34:52Z,40.632339,-73.764999,210.9,acf906,N935JB,A321,AIRBUS A-321,0
landing,LGA,22,1785238566.92,2026-07-28T11:36:06Z,40.776793,-73.877844,210.9,ac83d5,N905XJ,CRJ9,BOMBARDIER Regional Jet CRJ-900,0
takeoff,JFK,22R,1785238584.96,2026-07-28T11:36:24Z,40.646404,-73.766556,210.9,acd88e,N927DZ,B739,BOEING 737-900,0
takeoff,LGA,13,1785238592.71,2026-07-28T11:36:32Z,40.779853,-73.873397,123.8,a446b6,N375DN,A321,AIRBUS A-321,0
takeoff,JFK,22R,1785238643.81,2026-07-28T11:37:23Z,40.646411,-73.766545,210.9,a7d673,N604DN,A21N,AIRBUS A-321neo,0
landing,JFK,22L,1785238663.44,2026-07-28T11:37:43Z,40.636002,-73.762085,208.1,a1a3a9,N2043J,A21N,AIRBUS A-321neo,0
takeoff,LGA,13,1785238713.45,2026-07-28T11:38:33Z,40.779968,-73.873657,120.9,a44d3f,N3766,B738,BOEING 737-800,0
takeoff,JFK,22R,1785238723.58,2026-07-28T11:38:43Z,40.646132,-73.766764,210.9,a74f33,N570JB,A320,AIRBUS A-320,0
landing,LGA,22,1785238793.36,2026-07-28T11:39:53Z,40.774302,-73.879748,199.7,a1a56d,N205JQ,E75L,EMBRAER ERJ-170-200 (long wing),0
takeoff,LGA,13,1785238802.63,2026-07-28T11:40:02Z,40.779749,-73.873194,123.8,a45b96,N380DA,B738,BOEING 737-800,0
takeoff,LGA,13,1785238847.59,2026-07-28T11:40:47Z,40.779705,-73.873093,123.8,acd4d7,N926DZ,B739,BOEING 737-900,0
takeoff,JFK,22R,1785238885.63,2026-07-28T11:41:25Z,40.645841,-73.766998,210.9,ab09b4,N810DN,B739,BOEING 737-900,0
takeoff,LGA,13,1785238901.62,2026-07-28T11:41:41Z,40.780005,-73.87374,120.9,a3b3e5,N338DU,BCS3,AIRBUS A220-300,0
landing,JFK,22L,1785238946.89,2026-07-28T11:42:26Z,40.636093,-73.762039,212.4,e80475,CC-BGZ,B789,BOEING 787-9 Dreamliner,0
landing,JFK,22L,1785238948.04,2026-07-28T11:42:28Z,40.635681,-73.762347,212.4,e80475,CC-BGZ,B789,BOEING 787-9 Dreamliner,0
landing,LGA,22,1785238952.69,2026-07-28T11:42:32Z,40.774919,-73.879358,210.9,a1ff90,N228JQ,E75L,EMBRAER ERJ-170-200 (long wing),0
takeoff,JFK,22R,1785238954.47,2026-07-28T11:42:34Z,40.646759,-73.766266,210.9,a6981a,N524DE,A21N,AIRBUS A-321neo,0
takeoff,LGA,13,1785238984.12,2026-07-28T11:43:04Z,40.780005,-73.873709,123.8,a37d8a,N324DU,BCS3,AIRBUS A220-300,0
takeoff,JFK,22R,1785239034.61,2026-07-28T11:43:54Z,40.646198,-73.766708,210.9,a1cf6b,N2157J,A21N,AIRBUS A-321neo,0
landing,LGA,22,1785239067.68,2026-07-28T11:44:27Z,40.774487,-73.879715,208.1,a01097,N103HQ,E75L,EMBRAER ERJ-170-200 (long wing),0
takeoff,LGA,13,1785239074.84,2026-07-28T11:44:34Z,40.77997,-73.873646,120.9,a84d62,N634JB,A320,AIRBUS A-320,0
takeoff,JFK,22R,1785239101.96,2026-07-28T11:45:01Z,40.645935,-73.766922,210.9,a5124c,N426DZ,A339,AIRBUS A-330-900,0
landing,JFK,22L,1785239117.86,2026-07-28T11:45:17Z,40.635372,-73.762589,208.1,acba30,N919XJ,CRJ9,BOMBARDIER Regional Jet CRJ-900,0
landing,LGA,22,1785239189.84,2026-07-28T11:46:29Z,40.780918,-73.874435,210.9,a3d302,N34551,A21N,AIRBUS A-321neo,0
takeoff,LGA,13,1785239222.73,2026-07-28T11:47:02Z,40.779716,-73.873108,123.8,a39fb7,N33209,B738,BOEING 737-800,0
landing,JFK,22L,1785239229.32,2026-07-28T11:47:09Z,40.636473,-73.761723,210.9,a5fc87,N485PX,CRJ9,BOMBARDIER Regional Jet CRJ-900,0
takeoff,JFK,22R,1785239230.14,2026-07-28T11:47:10Z,40.645706,-73.767105,210.9,a445f8,N3747D,B738,BOEING 737-800,0
landing,LGA,22,1785239294.48,2026-07-28T11:48:14Z,40.777588,-73.877182,210.9,a08317,N132EV,CRJ9,BOMBARDIER Regional Jet CRJ-900,0
takeoff,LGA,13,1785239310.6,2026-07-28T11:48:30Z,40.780447,-73.874661,123.8,a44ca0,N3761R,B738,BOEING 737-800,0
takeoff,JFK,22R,1785239333.07,2026-07-28T11:48:53Z,40.646295,-73.766623,210.9,a00d5b,N102NN,A321,AIRBUS A-321,0
takeoff,LGA,13,1785239373.91,2026-07-28T11:49:33Z,40.779144,-73.87193,123.8,a34ae6,N311DU,BCS3,AIRBUS A220-300,0
landing,JFK,22L,1785239391.52,2026-07-28T11:49:51Z,40.6361,-73.762051,210.9,a1a0c4,N2039J,A21N,AIRBUS A-321neo,0
takeoff,LGA,13,1785239419.26,2026-07-28T11:50:19Z,40.782181,-73.878266,123.8,a1f822,N226JQ,E75L,EMBRAER ERJ-170-200 (long wing),0
landing,LGA,22,1785239429.94,2026-07-28T11:50:29Z,40.778297,-73.876587,210.9,a34825,N310PQ,CRJ9,BOMBARDIER Regional Jet CRJ-900,0
landing,LGA,22,1785239557.77,2026-07-28T11:52:37Z,40.777096,-73.877625,210.9,aa56b4,N76515,B738,BOEING 737-800,0
landing,JFK,22L,1785239558.4,2026-07-28T11:52:38Z,40.634145,-73.763549,210.9,a5fef4,N486AS,B739,BOEING 737-900,0
takeoff,JFK,22R,1785239568.92,2026-07-28T11:52:48Z,40.646347,-73.766586,210.9,acdfa3,N929AK,B39M,BOEING 737 MAX 9,0
takeoff,LGA,13,1785239579.25,2026-07-28T11:52:59Z,40.780163,-73.874069,123.8,a37b5a,N323VK,B38M,BOEING 737 MAX 8,0
landing,LGA,22,1785239648.75,2026-07-28T11:54:08Z,40.777572,-73.877205,210.9,a320a6,N300PQ,CRJ9,BOMBARDIER Regional Jet CRJ-900,0
takeoff,LGA,13,1785239663.75,2026-07-28T11:54:23Z,40.780163,-73.874054,118.1,a14502,N181GJ,CRJ9,BOMBARDIER Regional Jet CRJ-900,0
landing,JFK,22L,1785239752.52,2026-07-28T11:55:52Z,40.633796,-73.763799,210.9,a0f44c,N1602,B763,BOEING 767-300,0
landing,LGA,22,1785239762.21,2026-07-28T11:56:02Z,40.776525,-73.878063,213.8,a39723,N330PQ,CRJ9,BOMBARDIER Regional Jet CRJ-900,0
takeoff,JFK,22R,1785239790.12,2026-07-28T11:56:30Z,40.646267,-73.766647,210.9,a3661f,N318SF,B38M,BOEING 737 MAX 8,0
takeoff,LGA,13,1785239791.79,2026-07-28T11:56:31Z,40.779179,-73.872009,123.8,a36eae,N320DU,BCS3,AIRBUS A220-300,0
takeoff,JFK,22R,1785239850.42,2026-07-28T11:57:30Z,40.645306,-73.767395,205.3,a1584a,N186PQ,CRJ9,BOMBARDIER Regional Jet CRJ-900,0
takeoff,LGA,13,1785239873.3,2026-07-28T11:57:53Z,40.780296,-73.874349,120.9,ab627c,N8322X,B738,BOEING 737-800,0
takeoff,JFK,22R,1785239916.58,2026-07-28T11:58:36Z,40.645981,-73.766873,210.9,a7b832,N597JB,A320,AIRBUS A-320,0
takeoff,LGA,13,1785239939.72,2026-07-28T11:58:59Z,40.779691,-73.873069,120.9,a037b9,N113DX,A321,AIRBUS A-321,0
takeoff,JFK,22R,1785240010.79,2026-07-28T12:00:10Z,40.646244,-73.766678,210.9,ac71dd,N9002U,A319,AIRBUS A-319,0
takeoff,LGA,13,1785240011.45,2026-07-28T12:00:11Z,40.779935,-73.873553,123.8,a17527,N193UW,A321,AIRBUS A-321,0
landing,JFK,31R,1785240038.32,2026-07-28T12:00:38Z,40.65315,-73.78482,345.9,acaec5,N916UP,B763,BOEING 767-300,0
takeoff,JFK,22R,1785240072.53,2026-07-28T12:01:12Z,40.646301,-73.766617,210.9,a7c7a2,N600DZ,A21N,AIRBUS A-321neo,0
takeoff,LGA,13,1785240078.59,2026-07-28T12:01:18Z,40.779819,-73.873334,123.8,acf2e4,N933XJ,CRJ9,BOMBARDIER Regional Jet CRJ-900,0
landing,LGA,22,1785240135.52,2026-07-28T12:02:15Z,40.775675,-73.878765,210.9,a03b67,N114DN,A321,AIRBUS A-321,0
takeoff,JFK,22R,1785240145.27,2026-07-28T12:02:25Z,40.64164,-73.770275,210.9,adc5ff,N987JT,A321,AIRBUS A-321,0
takeoff,LGA,13,1785240153.12,2026-07-28T12:02:33Z,40.780459,-73.874661,120.9,abb271,N8529Z,B738,BOEING 737-800,0
takeoff,JFK,22R,1785240215.78,2026-07-28T12:03:35Z,40.646027,-73.766826,210.9,a70463,N551NW,B752,BOEING 757-200,0
takeoff,LGA,13,1785240223.06,2026-07-28T12:03:43Z,40.779648,-73.873001,120.9,aaf4c8,N805DN,B739,BOEING 737-900,0
landing,JFK,22L,1785240239.16,2026-07-28T12:03:59Z,40.632648,-73.764725,210.9,adf4e9,N999JQ,A321,AIRBUS A-321,0
takeoff,LGA,13,1785240273.81,2026-07-28T12:04:33Z,40.779842,-73.873398,120.9,a70f11,N554JB,A320,AIRBUS A-320,0
takeoff,JFK,22R,1785240277.43,2026-07-28T12:04:37Z,40.646179,-73.766717,210.9,a9704d,N707TW,B752,BOEING 757-200,0
takeoff,JFK,22R,1785240352.94,2026-07-28T12:05:52Z,40.645329,-73.767388,210.9,a06a5a,N126DU,BCS1,AIRBUS A220-100,0
landing,JFK,22L,1785240358.73,2026-07-28T12:05:58Z,40.634866,-73.763003,210.9,a69894,N524JB,A320,AIRBUS A-320,0
takeoff,JFK,22R,1785240422.63,2026-07-28T12:07:02Z,40.646004,-73.766857,208.1,ad2f71,N949JT,A321,AIRBUS A-321,0
takeoff,LGA,13,1785240429.45,2026-07-28T12:07:09Z,40.779714,-73.873116,123.8,a8b44e,N660AW,A320,AIRBUS A-320,0
takeoff,LGA,13,1785240475.0,2026-07-28T12:07:55Z,40.781518,-73.876908,123.8,a05f95,N123HQ,E75L,EMBRAER ERJ-170-200 (long wing),0
takeoff,JFK,22R,1785240482.81,2026-07-28T12:08:02Z,40.645283,-73.767435,210.9,a5e3e4,N479PX,CRJ9,BOMBARDIER Regional Jet CRJ-900,0
takeoff,LGA,13,1785240530.35,2026-07-28T12:08:50Z,40.779574,-73.872819,123.8,a49d16,N397DA,B738,BOEING 737-800,0
takeoff,JFK,22R,1785240584.37,2026-07-28T12:09:44Z,40.649368,-73.764221,210.9,a2348d,N241JQ,E75L,EMBRAER ERJ-170-200 (long wing),0
landing,LGA,22,1785240601.77,2026-07-28T12:10:01Z,40.7745,-73.879701,208.1,a07bef,N130HQ,E75L,EMBRAER ERJ-170-200 (long wing),0
takeoff,LGA,13,1785240610.65,2026-07-28T12:10:10Z,40.780191,-73.87413,120.9,acffb7,N937AN,B738,BOEING 737-800,0
landing,JFK,22L,1785240652.77,2026-07-28T12:10:52Z,40.633827,-73.763794,210.9,a38439,N3257J,BCS3,,0
takeoff,LGA,13,1785240691.62,2026-07-28T12:11:31Z,40.779579,-73.872833,123.8,a057cc,N121DZ,A321,AIRBUS A-321,0
takeoff,JFK,22R,1785240713.56,2026-07-28T12:11:53Z,40.647354,-73.765796,210.9,a7d32e,N603JB,A320,AIRBUS A-320,0
landing,JFK,13L,1785240742.32,2026-07-28T12:12:22Z,40.657185,-73.779892,163.1,407ea1,G-DHLO,B763,BOEING 767-300,0
landing,JFK,22L,1785240751.65,2026-07-28T12:12:31Z,40.634846,-73.763016,210.9,a97dcb,N710TW,B752,BOEING 757-200,0
takeoff,JFK,22R,1785240781.99,2026-07-28T12:13:01Z,40.646307,-73.766639,210.9,0c605d,9Y-BAH,B38M,BOEING 737 MAX 8,0
takeoff,LGA,13,1785240837.5,2026-07-28T12:13:57Z,40.779772,-73.873256,123.8,a0a2bd,N140AN,A321,AIRBUS A-321,0
takeoff,JFK,22R,1785240845.07,2026-07-28T12:14:05Z,40.646027,-73.766826,208.1,a2c93f,N279PQ,CRJ9,BOMBARDIER Regional Jet CRJ-900,0
landing,JFK,22L,1785240868.22,2026-07-28T12:14:28Z,40.634434,-73.763351,210.9,a07228,N128HQ,E75L,EMBRAER ERJ-170-200 (long wing),0
takeoff,JFK,22R,1785240907.88,2026-07-28T12:15:07Z,40.646237,-73.76667,210.9,a1629d,N189FE,B763,BOEING 767-300,0
landing,LGA,22,1785240934.57,2026-07-28T12:15:34Z,40.774464,-73.879761,208.1,ab1d06,N815MD,E170,EMBRAER ERJ-170-100,0
takeoff,LGA,13,1785240935.94,2026-07-28T12:15:35Z,40.779648,-73.872986,120.9,a35701,N314PQ,CRJ9,BOMBARDIER Regional Jet CRJ-900,0
landing,JFK,22L,1785240964.97,2026-07-28T12:16:04Z,40.63615,-73.761978,210.9,ac801e,N904XJ,CRJ9,BOMBARDIER Regional Jet CRJ-900,0
takeoff,JFK,22R,1785240965.46,2026-07-28T12:16:05Z,40.64661,-73.766388,210.9,acaec5,N916UP,B763,BOEING 767-300,0
takeoff,LGA,13,1785240968.99,2026-07-28T12:16:08Z,40.781611,-73.87708,123.8,a04e60,N119HQ,E75L,EMBRAER ERJ-170-200 (long wing),0
takeoff,LGA,13,1785241043.75,2026-07-28T12:17:23Z,40.781548,-73.876938,123.8,a52cc8,N432YX,E75L,EMBRAER ERJ-170-200 (long wing),0
takeoff,JFK,22R,1785241087.74,2026-07-28T12:18:07Z,40.646877,-73.766171,210.9,aced2b,N932AV,A20N,AIRBUS A-320neo,0
takeoff,LGA,13,1785241115.1,2026-07-28T12:18:35Z,40.781685,-73.877213,123.8,ac1f61,N880RW,E170,EMBRAER ERJ-170-100,0
landing,LGA,22,1785241119.11,2026-07-28T12:18:39Z,40.77429,-73.879733,202.5,a0835d,N132HQ,E75L,EMBRAER ERJ-170-200 (long wing),0
takeoff,JFK,22R,1785241157.31,2026-07-28T12:19:17Z,40.645934,-73.76692,210.9,add3dc,N990NN,B738,BOEING 737-800,0
takeoff,LGA,13,1785241179.54,2026-07-28T12:19:39Z,40.781681,-73.87722,123.8,abc2e5,N857RW,E170,EMBRAER ERJ-170-100,0
takeoff,JFK,22R,1785241296.15,2026-07-28T12:21:36Z,40.64576,-73.767045,210.9,acab54,N915XJ,CRJ9,BOMBARDIER Regional Jet CRJ-900,0
takeoff,LGA,13,1785241314.34,2026-07-28T12:21:54Z,40.781513,-73.876877,123.8,a4b294,N401YX,E75L,EMBRAER ERJ-170-200 (long wing),0
takeoff,JFK,13L,1785241316.97,2026-07-28T12:21:56Z,40.647121,-73.761239,120.9,acb9ea,N919UP,B763,BOEING 767-300,0
landing,JFK,13L,1785241330.94,2026-07-28T12:22:10Z,40.647121,-73.761239,120.9,acb9ea,N919UP,B763,BOEING 767-300,0
takeoff,JFK,22R,1785241407.42,2026-07-28T12:23:27Z,40.647228,-73.7659,210.9,ad4804,N955JB,A321,AIRBUS A-321,0
takeoff,JFK,22R,1785241480.63,2026-07-28T12:24:40Z,40.64526,-73.767441,210.9,a95ca4,N702GT,B77L,BOEING 777-200LR,0
landing,JFK,22L,1785241498.96,2026-07-28T12:24:58Z,40.636112,-73.761989,210.9,a3323d,N305DN,A321,AIRBUS A-321,0
landing,LGA,22,1785241544.95,2026-07-28T12:25:44Z,40.774896,-73.879389,205.3,ac1951,N879RW,E170,EMBRAER ERJ-170-100,0
takeoff,JFK,22R,1785241574.05,2026-07-28T12:26:14Z,40.646324,-73.766617,210.9,a770a2,N579JB,A320,AIRBUS A-320,0
landing,LGA,22,1785241634.57,2026-07-28T12:27:14Z,40.775384,-73.878968,210.9,ab3d17,N823MD,E170,EMBRAER ERJ-170-100,0
landing,JFK,22L,1785241639.62,2026-07-28T12:27:19Z,40.634228,-73.763489,210.9,06a2c5,A7-BEV,B77W,BOEING 777-300ER,0
takeoff,JFK,22L,1785241639.62,2026-07-28T12:27:19Z,40.634228,-73.763489,210.9,06a2c5,A7-BEV,B77W,BOEING 777-300ER,0
landing,JFK,22L,1785241640.1,2026-07-28T12:27:20Z,40.634079,-73.763596,210.9,06a2c5,A7-BEV,B77W,BOEING 777-300ER,0
takeoff,JFK,22R,1785241698.4,2026-07-28T12:28:18Z,40.646353,-73.766592,210.9,a96ba2,N706JB,A320,AIRBUS A-320,0
takeoff,JFK,22R,1785241763.83,2026-07-28T12:29:23Z,40.64653,-73.766449,210.9,a009a4,N101NN,A321,AIRBUS A-321,0
takeoff,LGA,13,1785241764.06,2026-07-28T12:29:24Z,40.781696,-73.877258,123.8,c02e92,C-FRQN,E75S,EMBRAER ERJ-170-200 (short wing),0
landing,LGA,22,1785241765.04,2026-07-28T12:29:25Z,40.775082,-73.879227,210.9,a20957,N230JQ,E75L,EMBRAER ERJ-170-200 (long wing),0
takeoff,JFK,22R,1785241824.53,2026-07-28T12:30:24Z,40.646633,-73.766373,208.1,a7de93,N606LR,CRJ9,BOMBARDIER Regional Jet CRJ-900,0
landing,JFK,22L,1785241850.17,2026-07-28T12:30:50Z,40.636734,-73.76152,210.9,a781d7,N583JB,A320,AIRBUS A-320,0
landing,LGA,22,1785241979.61,2026-07-28T12:32:59Z,40.777433,-73.877298,210.9,ac8efa,N908XJ,CRJ9,BOMBARDIER Regional Jet CRJ-900,0
takeoff,JFK,22R,1785241987.94,2026-07-28T12:33:07Z,40.646656,-73.766343,210.9,a19cc7,N2027J,A21N,AIRBUS A-321neo,0
takeoff,JFK,22R,1785242048.48,2026-07-28T12:34:08Z,40.649162,-73.764389,210.9,a4ddca,N412YX,E75L,EMBRAER ERJ-170-200 (long wing),0
landing,LGA,22,1785242070.28,2026-07-28T12:34:30Z,40.776222,-73.878297,210.9,a44988,N3756,B738,BOEING 737-800,0
takeoff,JFK,22R,1785242166.78,2026-07-28T12:36:06Z,40.646324,-73.766602,210.9,aa3b84,N759AM,B38M,BOEING 737 MAX 8,0
landing,JFK,22L,1785242172.39,2026-07-28T12:36:12Z,40.634148,-73.763504,210.9,a34978,N3102J,BCS3,AIRBUS A220-300,0
landing,LGA,22,1785242191.24,2026-07-28T12:36:31Z,40.776269,-73.87825,210.9,a0345f,N112HQ,E75L,EMBRAER ERJ-170-200 (long wing),0
takeoff,LGA,13,1785242215.53,2026-07-28T12:36:55Z,40.779224,-73.872086,123.8,a32e8c,N304DU,BCS3,AIRBUS A220-300,0
takeoff,JFK,22R,1785242278.97,2026-07-28T12:37:58Z,40.646301,-73.766617,210.9,407ea1,G-DHLO,B763,BOEING 767-300,0
landing,JFK,22L,1785242279.79,2026-07-28T12:37:59Z,40.634762,-73.76305,205.3,a7e24a,N607LR,CRJ9,BOMBARDIER Regional Jet CRJ-900,0
landing,JFK,22L,1785242411.28,2026-07-28T12:40:11Z,40.635798,-73.762254,210.9,ac75a5,N9013A,A319,AIRBUS A-319,0
takeoff,JFK,22R,1785242411.49,2026-07-28T12:40:11Z,40.647572,-73.765625,210.9,acb9ea,N919UP,B763,BOEING 767-300,0
takeoff,JFK,22R,1785242515.1,2026-07-28T12:41:55Z,40.646713,-73.766296,210.9,a641bf,N502DX,A21N,AIRBUS A-321neo,0
takeoff,LGA,13,1785242516.17,2026-07-28T12:41:56Z,40.779751,-73.87323,120.9,abdb35,N863NN,B738,BOEING 737-800,0
takeoff,JFK,22R,1785242581.01,2026-07-28T12:43:01Z,40.646278,-73.766647,210.9,adea26,N996NN,B738,BOEING 737-800,0
takeoff,LGA,13,1785242603.27,2026-07-28T12:43:23Z,40.779888,-73.873489,123.8,aaa5d4,N78524,B738,BOEING 737-800,0
takeoff,JFK,22R,1785242664.93,2026-07-28T12:44:24Z,40.646358,-73.766586,210.9,addb4a,N992NN,B738,BOEING 737-800,0
landing,LGA,22,1785242729.76,2026-07-28T12:45:29Z,40.77729,-73.877426,210.9,ad0725,N939AN,B738,BOEING 737-800,0
takeoff,LGA,13,1785242739.39,2026-07-28T12:45:39Z,40.781459,-73.876783,123.8,a52911,N431YX,E75L,EMBRAER ERJ-170-200 (long wing),0
landing,JFK,22L,1785242774.0,2026-07-28T12:46:14Z,40.635258,-73.76268,210.9,738c0c,,,,
takeoff,JFK,22R,1785242800.37,2026-07-28T12:46:40Z,40.646496,-73.766479,208.1,a33eb5,N308TB,B38M,BOEING 737 MAX 8,0
takeoff,LGA,13,1785242834.53,2026-07-28T12:47:14Z,40.78182,-73.877532,123.8,a1c935,N214JQ,E75L,EMBRAER ERJ-170-200 (long wing),0
takeoff,JFK,22R,1785242876.47,2026-07-28T12:47:56Z,40.646318,-73.766623,210.9,ac741c,N901NN,B738,BOEING 737-800,0
takeoff,LGA,13,1785242911.3,2026-07-28T12:48:31Z,40.781673,-73.877228,123.8,a8a0d9,N655RW,E170,EMBRAER ERJ-170-100,0
landing,JFK,22L,1785242935.62,2026-07-28T12:48:55Z,40.635349,-73.762619,210.9,ade9c0,N996JL,A321,AIRBUS A-321,0
takeoff,JFK,22R,1785242946.95,2026-07-28T12:49:06Z,40.646318,-73.766623,210.9,adc238,N986JB,A321,AIRBUS A-321,0
landing,LGA,22,1785243000.89,2026-07-28T12:50:00Z,40.778317,-73.87658,210.9,abe4b9,N8657B,B738,BOEING 737-800,0
takeoff,LGA,13,1785243022.85,2026-07-28T12:50:22Z,40.779574,-73.872835,123.8,a08e3c,N135EV,CRJ9,BOMBARDIER Regional Jet CRJ-900,0
landing,JFK,22L,1785243026.82,2026-07-28T12:50:26Z,40.636116,-73.762009,210.9,a130cb,N176PQ,CRJ9,BOMBARDIER Regional Jet CRJ-900,0
takeoff,JFK,22R,1785243107.71,2026-07-28T12:51:47Z,40.646179,-73.766717,210.9,a8deb4,N6704Z,B752,BOEING 757-200,0
landing,JFK,22L,1785243120.93,2026-07-28T12:52:00Z,40.634494,-73.763284,210.9,a776b2,N580JB,A320,AIRBUS A-320,0
landing,LGA,22,1785243174.39,2026-07-28T12:52:54Z,40.776512,-73.878067,210.9,acfa52,N935XJ,CRJ9,BOMBARDIER Regional Jet CRJ-900,0
takeoff,JFK,22R,1785243180.83,2026-07-28T12:53:00Z,40.646505,-73.766452,210.9,a3c5ea,N342NB,A319,AIRBUS A-319,0
takeoff,LGA,13,1785243192.44,2026-07-28T12:53:12Z,40.779751,-73.873199,123.8,a35ab8,N315PQ,CRJ9,BOMBARDIER Regional Jet CRJ-900,0
landing,JFK,22L,1785243230.07,2026-07-28T12:53:50Z,40.636665,-73.761566,210.9,aaf8f1,N806JB,A320,AIRBUS A-320,0
takeoff,JFK,22R,1785243328.12,2026-07-28T12:55:28Z,40.646301,-73.766632,210.9,a01112,N103NN,A321,AIRBUS A-321,0
landing,JFK,22L,1785243356.28,2026-07-28T12:55:56Z,40.635157,-73.762738,210.9,a83876,N629JB,A320,AIRBUS A-320,0
landing,LGA,22,1785243372.04,2026-07-28T12:56:12Z,40.775723,-73.878723,210.9,ab4f5d,N828JB,A320,AIRBUS A-320,0
takeoff,LGA,13,1785243391.89,2026-07-28T12:56:31Z,40.779831,-73.873352,123.8,a3ad6d,N336PQ,CRJ9,BOMBARDIER Regional Jet CRJ-900,0
takeoff,JFK,22R,1785243398.41,2026-07-28T12:56:38Z,40.646473,-73.766495,210.9,a1a458,N2048J,A21N,AIRBUS A-321neo,0
takeoff,JFK,22R,1785243472.14,2026-07-28T12:57:52Z,40.645855,-73.766968,210.9,a35c0b,N3152J,BCS3,AIRBUS A220-300,0
landing,JFK,22L,1785243476.9,2026-07-28T12:57:56Z,40.635157,-73.762753,210.9,8964e1,A6-EVJ,A388,AIRBUS A-380-800,0
takeoff,JFK,22L,1785243476.9,2026-07-28T12:57:56Z,40.635157,-73.762753,210.9,8964e1,A6-EVJ,A388,AIRBUS A-380-800,0
landing,JFK,22L,1785243477.2,2026-07-28T12:57:57Z,40.635063,-73.762833,210.9,8964e1,A6-EVJ,A388,AIRBUS A-380-800,0
takeoff,JFK,22L,1785243477.55,2026-07-28T12:57:57Z,40.634878,-73.762972,210.9,8964e1,A6-EVJ,A388,AIRBUS A-380-800,0
landing,JFK,22L,1785243478.04,2026-07-28T12:57:58Z,40.634715,-73.763097,210.9,8964e1,A6-EVJ,A388,AIRBUS A-380-800,0
takeoff,JFK,22L,1785243478.04,2026-07-28T12:57:58Z,40.634715,-73.763097,210.9,8964e1,A6-EVJ,A388,AIRBUS A-380-800,0
landing,JFK,22L,1785243478.37,2026-07-28T12:57:58Z,40.634571,-73.763214,210.9,8964e1,A6-EVJ,A388,AIRBUS A-380-800,0
takeoff,LGA,13,1785243531.62,2026-07-28T12:58:51Z,40.780121,-73.873943,123.8,c050c4,C-GEPF,B38M,BOEING 737 MAX 8,0
landing,LGA,22,1785243533.8,2026-07-28T12:58:53Z,40.772079,-73.88173,210.9,a22ac6,N239JQ,E75L,EMBRAER ERJ-170-200 (long wing),0
takeoff,JFK,22R,1785243561.34,2026-07-28T12:59:21Z,40.649286,-73.764298,210.9,a866c7,N640RW,E170,EMBRAER ERJ-170-100,0
takeoff,LGA,13,1785243631.23,2026-07-28T13:00:31Z,40.77998,-73.873672,123.8,a3d302,N34551,A21N,AIRBUS A-321neo,0
takeoff,JFK,22R,1785243637.2,2026-07-28T13:00:37Z,40.646574,-73.766405,210.9,ad2baa,N948JB,A321,AIRBUS A-321,0
takeoff,JFK,22R,1785243705.46,2026-07-28T13:01:45Z,40.645981,-73.766876,210.9,a39243,N3291J,BCS3,AIRBUS A220-300,0
takeoff,LGA,13,1785243714.64,2026-07-28T13:01:54Z,40.781548,-73.876953,123.8,a1a56d,N205JQ,E75L,EMBRAER ERJ-170-200 (long wing),0
landing,LGA,22,1785243787.64,2026-07-28T13:03:07Z,40.776077,-73.878448,210.9,ac7c67,N903XJ,CRJ9,BOMBARDIER Regional Jet CRJ-900,0
landing,JFK,22L,1785243789.58,2026-07-28T13:03:09Z,40.635111,-73.762784,210.9,a173a8,N193DN,B763,BOEING 767-300,0
takeoff,JFK,22R,1785243793.2,2026-07-28T13:03:13Z,40.646272,-73.766639,210.9,adc9b6,N988JT,A321,AIRBUS A-321,0
takeoff,LGA,13,1785243814.73,2026-07-28T13:03:34Z,40.779728,-73.873138,123.8,ac83d5,N905XJ,CRJ9,BOMBARDIER Regional Jet CRJ-900,0
landing,LGA,22,1785243893.2,2026-07-28T13:04:53Z,40.778778,-73.876205,213.8,a3b124,N337PQ,CRJ9,BOMBARDIER Regional Jet CRJ-900,0
takeoff,JFK,22R,1785243900.76,2026-07-28T13:05:00Z,40.647796,-73.765469,210.9,ac89f7,N907JB,A321,AIRBUS A-321,0
landing,JFK,22L,1785243963.28,2026-07-28T13:06:03Z,40.631876,-73.765344,210.9,e8022a,CC-CWF,B763,BOEING 767-300,0
takeoff,JFK,22R,1785243970.66,2026-07-28T13:06:10Z,40.646816,-73.76622,210.9,a797b4,N589DT,A21N,AIRBUS A-321neo,0
landing,LGA,22,1785244054.21,2026-07-28T13:07:34Z,40.775745,-73.878677,210.9,a1ccec,N215JQ,E75L,EMBRAER ERJ-170-200 (long wing),0
landing,LGA,22,1785244056.14,2026-07-28T13:07:36Z,40.775379,-73.878967,210.9,a1ccec,N215JQ,E75L,EMBRAER ERJ-170-200 (long wing),0
takeoff,JFK,22R,1785244080.57,2026-07-28T13:08:00Z,40.645946,-73.766904,210.9,ab84ab,N841MH,B764,BOEING 767-400,0
takeoff,LGA,13,1785244101.93,2026-07-28T13:08:21Z,40.779739,-73.873169,120.9,a39723,N330PQ,CRJ9,BOMBARDIER Regional Jet CRJ-900,0
landing,JFK,22L,1785244123.42,2026-07-28T13:08:43Z,40.633198,-73.764282,210.9,ad846f,N970JB,A321,AIRBUS A-321,0
landing,LGA,22,1785244142.21,2026-07-28T13:09:02Z,40.777107,-73.877594,210.9,accf1c,N924XJ,CRJ9,BOMBARDIER Regional Jet CRJ-900,0
takeoff,LGA,13,1785244176.15,2026-07-28T13:09:36Z,40.779691,-73.873053,120.9,a34825,N310PQ,CRJ9,BOMBARDIER Regional Jet CRJ-900,0
takeoff,JFK,22R,1785244178.29,2026-07-28T13:09:38Z,40.646004,-73.766846,210.9,acfc56,N936DZ,B739,,0
landing,LGA,22,1785244233.79,2026-07-28T13:10:33Z,40.774956,-73.879349,210.9,ac9e77,N912DU,B739,BOEING 737-900,0
takeoff,JFK,22R,1785244240.61,2026-07-28T13:10:40Z,40.646702,-73.766311,210.9,acba30,N919XJ,CRJ9,BOMBARDIER Regional Jet CRJ-900,0
takeoff,LGA,13,1785244263.02,2026-07-28T13:11:03Z,40.779679,-73.873038,120.9,a095aa,N137EV,CRJ9,BOMBARDIER Regional Jet CRJ-900,0
takeoff,JFK,22R,1785244307.38,2026-07-28T13:11:47Z,40.646484,-73.766479,210.9,a44cda,N3763D,B738,BOEING 737-800,0
landing,JFK,22L,1785244324.44,2026-07-28T13:12:04Z,40.633839,-73.763794,210.9,acaf0b,N916XJ,CRJ9,BOMBARDIER Regional Jet CRJ-900,0
landing,LGA,22,1785244324.79,2026-07-28T13:12:04Z,40.771905,-73.881871,213.8,a03bcd,N114HQ,E75L,EMBRAER ERJ-170-200 (long wing),0
takeoff,JFK,22R,1785244376.92,2026-07-28T13:12:56Z,40.646377,-73.766561,210.9,a9bf4b,N727TW,B752,BOEING 757-200,0
landing,JFK,22L,1785244449.1,2026-07-28T13:14:09Z,40.635192,-73.762753,210.9,ad444d,N954JB,A321,AIRBUS A-321,0
landing,LGA,22,1785244469.9,2026-07-28T13:14:29Z,40.779388,-73.875691,213.8,aa228a,N752M,CL30,BOMBARDIER BD-100 Challenger 300,8
takeoff,JFK,22R,1785244486.97,2026-07-28T13:14:46Z,40.64647,-73.766499,210.9,a4c9f8,N4077J,A21N,AIRBUS A-321neo,0
takeoff,LGA,13,1785244493.78,2026-07-28T13:14:53Z,40.7804,-73.874552,120.9,a46a7e,N384DN,A321,AIRBUS A-321,0
takeoff,JFK,22R,1785244561.96,2026-07-28T13:16:01Z,40.647145,-73.765968,210.9,a6a33f,N527DE,A21N,AIRBUS A-321neo,0
takeoff,JFK,22R,1785244632.28,2026-07-28T13:17:12Z,40.646988,-73.766083,210.9,a7cf10,N602DZ,A21N,AIRBUS A-321neo,0
takeoff,LGA,04,1785244645.72,2026-07-28T13:17:25Z,40.781811,-73.878647,2.8,ab1d06,N815MD,E170,EMBRAER ERJ-170-100,0
takeoff,LGA,13,1785244649.75,2026-07-28T13:17:29Z,40.78038,-73.874496,123.8,a39ada,N331PQ,CRJ9,BOMBARDIER Regional Jet CRJ-900,0
takeoff,JFK,22R,1785244700.84,2026-07-28T13:18:20Z,40.646318,-73.766608,210.9,ab355c,N821JB,A320,AIRBUS A-320,0
landing,JFK,22L,1785244749.04,2026-07-28T13:19:09Z,40.63617,-73.761973,210.9,a34d52,N3113J,BCS3,AIRBUS A220-300,0
takeoff,LGA,13,1785244786.7,2026-07-28T13:19:46Z,40.781696,-73.877243,123.8,a07bef,N130HQ,E75L,EMBRAER ERJ-170-200 (long wing),0
takeoff,JFK,22R,1785244826.18,2026-07-28T13:20:26Z,40.646347,-73.766586,210.9,a34e01,N3118J,BCS3,AIRBUS A220-300,0
takeoff,LGA,13,1785244865.82,2026-07-28T13:21:05Z,40.781593,-73.877029,123.8,a0835d,N132HQ,E75L,EMBRAER ERJ-170-200 (long wing),0
takeoff,JFK,22R,1785244887.08,2026-07-28T13:21:27Z,40.646784,-73.766264,210.9,a4ea77,N416AN,A21N,AIRBUS A-321neo,0
takeoff,JFK,22R,1785244955.73,2026-07-28T13:22:35Z,40.646175,-73.766724,210.9,ad60b7,N961JT,A321,AIRBUS A-321,0
landing,JFK,22L,1785244963.56,2026-07-28T13:22:43Z,40.635437,-73.762535,198.4,710121,HZ-AK43,B77W,BOEING 777-300ER,0
takeoff,LGA,13,1785244967.51,2026-07-28T13:22:47Z,40.779202,-73.87204,123.8,a320a6,N300PQ,CRJ9,BOMBARDIER Regional Jet CRJ-900,0
landing,LGA,22,1785245045.75,2026-07-28T13:24:05Z,40.777737,-73.877045,210.9,a45ba2,N380DN,A321,AIRBUS A-321,0
takeoff,LGA,13,1785245055.64,2026-07-28T13:24:15Z,40.781599,-73.877064,123.8,a21bea,N235JQ,E75L,EMBRAER ERJ-170-200 (long wing),0
landing,JFK,22L,1785245103.75,2026-07-28T13:25:03Z,40.634692,-73.763128,210.9,896597,A6-XWB,A35K,AIRBUS A-350-1000,0
takeoff,JFK,22R,1785245111.92,2026-07-28T13:25:11Z,40.64704,-73.766062,210.9,ad4bcb,N956JT,A321,AIRBUS A-321,0
takeoff,LGA,13,1785245131.74,2026-07-28T13:25:31Z,40.781494,-73.876846,123.8,a22358,N237JQ,E75L,EMBRAER ERJ-170-200 (long wing),0
takeoff,JFK,22R,1785245178.5,2026-07-28T13:26:18Z,40.646862,-73.76619,210.9,ac8985,N907DN,B739,BOEING 737-900,0
landing,JFK,22L,1785245231.74,2026-07-28T13:27:11Z,40.634422,-73.763336,209.6,0201a3,CN-RHA,B789,BOEING 787-9 Dreamliner,0
takeoff,JFK,22L,1785245231.74,2026-07-28T13:27:11Z,40.634422,-73.763336,209.6,0201a3,CN-RHA,B789,BOEING 787-9 Dreamliner,0
landing,JFK,22L,1785245232.23,2026-07-28T13:27:12Z,40.634238,-73.763471,209.6,0201a3,CN-RHA,B789,BOEING 787-9 Dreamliner,0
takeoff,JFK,22R,1785245242.06,2026-07-28T13:27:22Z,40.646404,-73.766556,210.9,a3ca1a,N343SY,B38M,BOEING 737 MAX 8,0
landing,LGA,22,1785245249.54,2026-07-28T13:27:29Z,40.776525,-73.878078,205.3,a8f235,N676CA,CRJ9,BOMBARDIER Regional Jet CRJ-900,0
takeoff,LGA,13,1785245267.96,2026-07-28T13:27:47Z,40.780296,-73.874364,120.9,a6cffc,N538UW,A321,AIRBUS A-321,0
landing,JFK,22L,1785245359.61,2026-07-28T13:29:19Z,40.635098,-73.762802,212.4,e8043b,CC-BBD,B788,BOEING 787-8 Dreamliner,0
landing,LGA,22,1785245383.0,2026-07-28T13:29:43Z,40.775311,-73.879059,210.9,c05d56,C-GJIZ,CRJ9,BOMBARDIER Regional Jet CRJ-900,0
takeoff,LGA,13,1785245391.75,2026-07-28T13:29:51Z,40.781425,-73.876705,123.8,abdb88,N863RW,E170,EMBRAER ERJ-170-100,0
takeoff,JFK,22R,1785245420.86,2026-07-28T13:30:20Z,40.645923,-73.76692,210.9,a39338,N3298J,,,0
takeoff,JFK,22R,1785245473.65,2026-07-28T13:31:13Z,40.649426,-73.764191,210.9,a54312,N438YX,E75L,EMBRAER ERJ-170-200 (long wing),0
landing,JFK,22L,1785245505.9,2026-07-28T13:31:45Z,40.635274,-73.762644,210.9,a6ab27,N529JB,A320,AIRBUS A-320,0
landing,LGA,22,1785245534.94,2026-07-28T13:32:14Z,40.776535,-73.878021,213.8,ad3997,N951NN,B738,BOEING 737-800,0
takeoff,LGA,13,1785245540.21,2026-07-28T13:32:20Z,40.781685,-73.877228,123.8,a1ff90,N228JQ,E75L,EMBRAER ERJ-170-200 (long wing),0
takeoff,JFK,22R,1785245545.1,2026-07-28T13:32:25Z,40.646691,-73.766311,210.9,a6492f,N504DZ,A21N,AIRBUS A-321neo,0
landing,JFK,22R,1785245545.97,2026-07-28T13:32:25Z,40.646377,-73.766561,210.9,a6492f,N504DZ,A21N,AIRBUS A-321neo,0
takeoff,JFK,22R,1785245545.97,2026-07-28T13:32:25Z,40.646377,-73.766561,210.9,a6492f,N504DZ,A21N,AIRBUS A-321neo,0
landing,JFK,22L,1785245590.83,2026-07-28T13:33:10Z,40.635395,-73.762558,210.9,a4462e,N3748Y,B738,BOEING 737-800,0
landing,LGA,22,1785245677.62,2026-07-28T13:34:37Z,40.774989,-73.879327,210.9,c0616e,C-GKXH,E295,EMBRAER ERJ-190-400,0
takeoff,JFK,22R,1785245710.29,2026-07-28T13:35:10Z,40.646954,-73.766129,210.9,a66576,N511DE,A21N,AIRBUS A-321neo,0
landing,JFK,22L,1785245712.1,2026-07-28T13:35:12Z,40.636826,-73.761444,210.9,a5e9f4,N480PX,CRJ9,BOMBARDIER Regional Jet CRJ-900,0
takeoff,JFK,22R,1785245780.07,2026-07-28T13:36:20Z,40.646164,-73.766724,210.9,a4347b,N370HA,A332,AIRBUS A-330-200,0
takeoff,JFK,22R,1785245882.93,2026-07-28T13:38:02Z,40.646947,-73.766124,210.9,ac801e,N904XJ,CRJ9,BOMBARDIER Regional Jet CRJ-900,0
landing,LGA,22,1785245891.19,2026-07-28T13:38:11Z,40.777828,-73.876999,210.9,acda41,N927XJ,CRJ9,BOMBARDIER Regional Jet CRJ-900,0
takeoff,LGA,13,1785245900.13,2026-07-28T13:38:20Z,40.781529,-73.876908,123.8,a01097,N103HQ,E75L,EMBRAER ERJ-170-200 (long wing),0
landing,LGA,22,1785245994.46,2026-07-28T13:39:54Z,40.771568,-73.882141,210.9,a5255a,N430YX,E75L,EMBRAER ERJ-170-200 (long wing),0
takeoff,JFK,22R,1785246007.88,2026-07-28T13:40:07Z,40.646679,-73.766327,210.9,a6893e,N520DE,A21N,AIRBUS A-321neo,0
landing,LGA,22,1785246054.55,2026-07-28T13:40:54Z,40.777256,-73.877457,210.9,a07579,N129DN,A321,AIRBUS A-321,0
takeoff,JFK,22R,1785246070.14,2026-07-28T13:41:10Z,40.646713,-73.766296,210.9,a7ac8f,N594DA,A21N,AIRBUS A-321neo,0
takeoff,LGA,13,1785246073.73,2026-07-28T13:41:13Z,40.780051,-73.873834,120.9,a03b67,N114DN,A321,AIRBUS A-321,0
landing,JFK,22L,1785246144.14,2026-07-28T13:42:24Z,40.633191,-73.764314,210.9,ac90f3,N909DN,B739,BOEING 737-900,0
landing,LGA,22,1785246146.46,2026-07-28T13:42:26Z,40.77592,-73.878547,210.9,a6e89f,N544UW,A321,AIRBUS A-321,0
takeoff,JFK,22R,1785246166.43,2026-07-28T13:42:46Z,40.646795,-73.766249,210.9,abfe1c,N872DN,B739,BOEING 737-900,0
takeoff,LGA,13,1785246204.32,2026-07-28T13:43:24Z,40.779602,-73.872894,123.8,ac8efa,N908XJ,CRJ9,BOMBARDIER Regional Jet CRJ-900,0
takeoff,JFK,22R,1785246223.77,2026-07-28T13:43:43Z,40.646865,-73.766186,210.9,a310cf,N297PQ,CRJ9,BOMBARDIER Regional Jet CRJ-900,0
landing,LGA,22,1785246254.24,2026-07-28T13:44:14Z,40.777702,-73.877075,213.8,a35254,N313DU,BCS3,AIRBUS A220-300,0
takeoff,LGA,13,1785246270.6,2026-07-28T13:44:30Z,40.781646,-73.877158,123.8,ac1951,N879RW,E170,EMBRAER ERJ-170-100,0
takeoff,LGA,13,1785246354.41,2026-07-28T13:45:54Z,40.780191,-73.874115,123.8,aa56b4,N76515,B738,BOEING 737-800,0
landing,JFK,22L,1785246367.31,2026-07-28T13:46:07Z,40.635914,-73.76216,210.9,ac7074,N900PC,B752,BOEING 757-200,0
landing,LGA,22,1785246407.86,2026-07-28T13:46:47Z,40.774896,-73.879389,210.9,a0232a,N108HQ,E75L,EMBRAER ERJ-170-200 (long wing),0
takeoff,JFK,22R,1785246416.83,2026-07-28T13:46:56Z,40.64818,-73.765141,210.9,a03235,N111ZM,A321,AIRBUS A-321,0
takeoff,LGA,13,1785246416.94,2026-07-28T13:46:56Z,40.781797,-73.877454,123.8,a20957,N230JQ,E75L,EMBRAER ERJ-170-200 (long wing),0
landing,JFK,22L,1785246485.21,2026-07-28T13:48:05Z,40.637171,-73.761208,210.9,a1cb05,N2142J,A21N,AIRBUS A-321neo,0
takeoff,JFK,22R,1785246528.62,2026-07-28T13:48:48Z,40.64645,-73.76651,210.9,a1574e,N186DN,B763,BOEING 767-300,0
landing,LGA,22,1785246585.81,2026-07-28T13:49:45Z,40.774686,-73.879545,205.3,a1acdb,N207JQ,E75L,EMBRAER ERJ-170-200 (long wing),0
landing,JFK,22L,1785246589.32,2026-07-28T13:49:49Z,40.635902,-73.762176,210.9,a38e69,N3280J,BCS3,AIRBUS A220-300,0
takeoff,LGA,13,1785246631.02,2026-07-28T13:50:31Z,40.779694,-73.873077,123.8,a44988,N3756,B738,BOEING 737-800,0
landing,JFK,22L,1785246684.34,2026-07-28T13:51:24Z,40.636577,-73.761645,210.9,a72b6b,N561JB,A320,AIRBUS A-320,0
takeoff,JFK,22R,1785246688.36,2026-07-28T13:51:28Z,40.645981,-73.766861,205.3,a7e24a,N607LR,CRJ9,BOMBARDIER Regional Jet CRJ-900,0
landing,JFK,22L,1785246802.02,2026-07-28T13:53:22Z,40.635212,-73.762711,210.9,ac7b1b,N903JB,A321,AIRBUS A-321,0
takeoff,JFK,22R,1785246831.56,2026-07-28T13:53:51Z,40.646377,-73.766561,210.9,ad3cdf,N952JB,A321,AIRBUS A-321,0
takeoff,LGA,13,1785246882.61,2026-07-28T13:54:42Z,40.78175,-73.877345,123.8,ab3d17,N823MD,E170,EMBRAER ERJ-170-100,0
takeoff,JFK,22R,1785246894.27,2026-07-28T13:54:54Z,40.646645,-73.766357,210.9,a0f44c,N1602,B763,BOEING 767-300,0
landing,JFK,22L,1785246918.15,2026-07-28T13:55:18Z,40.635344,-73.762597,210.9,a6709b,N514DE,A21N,AIRBUS A-321neo,0
takeoff,JFK,22R,1785246988.77,2026-07-28T13:56:28Z,40.646278,-73.766647,208.1,a5fc87,N485PX,CRJ9,BOMBARDIER Regional Jet CRJ-900,0
takeoff,LGA,13,1785246991.02,2026-07-28T13:56:31Z,40.78189,-73.877642,123.8,a0345f,N112HQ,E75L,EMBRAER ERJ-170-200 (long wing),0
takeoff,LGA,13,1785247066.21,2026-07-28T13:57:46Z,40.781553,-73.876955,120.9,a22ac6,N239JQ,E75L,EMBRAER ERJ-170-200 (long wing),0
takeoff,JFK,22R,1785247133.12,2026-07-28T13:58:53Z,40.646416,-73.766541,210.9,aaf183,N804JB,A320,AIRBUS A-320,0
takeoff,LGA,13,1785247183.34,2026-07-28T13:59:43Z,40.780354,-73.874474,123.8,a19340,N200NS,C550,CESSNA 550 Citation S2,0
takeoff,LGA,13,1785247264.47,2026-07-28T14:01:04Z,40.780528,-73.874817,123.8,ad0725,N939AN,B738,BOEING 737-800,0
landing,LGA,22,1785247350.14,2026-07-28T14:02:30Z,40.775838,-73.87864,213.8,acfe09,N936XJ,CRJ9,BOMBARDIER Regional Jet CRJ-900,0
landing,JFK,22L,1785247372.21,2026-07-28T14:02:52Z,40.63667,-73.761567,208.1,ab6162,N832SK,CRJ9,BOMBARDIER Regional Jet CRJ-900,0
takeoff,LGA,13,1785247372.98,2026-07-28T14:02:52Z,40.779981,-73.873678,120.9,ad63a1,N962AN,B738,BOEING 737-800,0
takeoff,JFK,22R,1785247390.06,2026-07-28T14:03:10Z,40.646074,-73.766811,210.9,a5fef4,N486AS,B739,BOEING 737-900,0
takeoff,JFK,22R,1785247468.66,2026-07-28T14:04:28Z,40.646516,-73.766452,210.9,ab1fb0,N816AK,B38M,BOEING 737 MAX 8,0
landing,LGA,22,1785247491.89,2026-07-28T14:04:51Z,40.777212,-73.877501,210.9,a32367,N301DU,BCS3,AIRBUS A220-300,0
landing,JFK,22L,1785247532.74,2026-07-28T14:05:32Z,40.637386,-73.761017,210.9,801612,VT-JRB,A359,AIRBUS A-350-900,0
takeoff,JFK,22R,1785247535.18,2026-07-28T14:05:35Z,40.646505,-73.766452,210.9,a1b2ee,N2086J,A21N,AIRBUS A-321neo,0
landing,JFK,22L,1785247676.5,2026-07-28T14:07:56Z,40.636612,-73.761614,210.9,a1bc29,N2102J,A21N,AIRBUS A-321neo,0
takeoff,LGA,13,1785247727.82,2026-07-28T14:08:47Z,40.781483,-73.876814,123.8,a03bcd,N114HQ,E75L,EMBRAER ERJ-170-200 (long wing),0
takeoff,JFK,22R,1785247771.16,2026-07-28T14:09:31Z,40.649356,-73.76422,210.9,a07228,N128HQ,E75L,EMBRAER ERJ-170-200 (long wing),0
takeoff,LGA,13,1785247790.61,2026-07-28T14:09:50Z,40.779728,-73.873154,120.9,aa228a,N752M,CL30,BOMBARDIER BD-100 Challenger 300,8
landing,JFK,22L,1785247798.31,2026-07-28T14:09:58Z,40.6329,-73.765125,236.2,a19691,N201JQ,E75L,EMBRAER ERJ-170-200 (long wing),0
landing,JFK,22L,1785247874.44,2026-07-28T14:11:14Z,40.637054,-73.761276,210.9,a65454,N507DZ,A21N,AIRBUS A-321neo,0
takeoff,JFK,22R,1785247880.04,2026-07-28T14:11:20Z,40.646353,-73.766592,205.3,a130cb,N176PQ,CRJ9,BOMBARDIER Regional Jet CRJ-900,0
takeoff,LGA,13,1785247930.92,2026-07-28T14:12:10Z,40.780266,-73.874252,120.9,abe4b9,N8657B,B738,BOEING 737-800,0
landing,JFK,22L,1785247975.56,2026-07-28T14:12:55Z,40.637054,-73.761271,210.9,a1ddbb,N2193J,A21N,AIRBUS A-321neo,0
takeoff,JFK,22R,1785247992.84,2026-07-28T14:13:12Z,40.646061,-73.766815,210.9,a026fc,N109JS,B38M,BOEING 737 MAX 8,0
takeoff,LGA,13,1785248001.0,2026-07-28T14:13:21Z,40.779691,-73.873069,123.8,acfa52,N935XJ,CRJ9,BOMBARDIER Regional Jet CRJ-900,0
takeoff,JFK,22R,1785248059.91,2026-07-28T14:14:19Z,40.646353,-73.766577,210.9,a38439,N3257J,BCS3,,0
landing,JFK,22L,1785248067.63,2026-07-28T14:14:27Z,40.633691,-73.763877,209.6,7380c2,4X-EDC,B789,BOEING 787-9 Dreamliner,0
takeoff,JFK,22L,1785248067.63,2026-07-28T14:14:27Z,40.633691,-73.763877,209.6,7380c2,4X-EDC,B789,BOEING 787-9 Dreamliner,0
landing,JFK,22L,1785248068.12,2026-07-28T14:14:28Z,40.63354,-73.763986,209.6,7380c2,4X-EDC,B789,BOEING 787-9 Dreamliner,0
takeoff,JFK,22R,1785248119.27,2026-07-28T14:15:19Z,40.64718,-73.765937,210.9,a1a832,N2059J,A21N,AIRBUS A-321neo,0
landing,LGA,22,1785248131.27,2026-07-28T14:15:31Z,40.772033,-73.881777,210.9,a50192,N421YX,E75L,EMBRAER ERJ-170-200 (long wing),0
takeoff,LGA,13,1785248145.21,2026-07-28T14:15:45Z,40.779694,-73.873093,123.8,ab4f5d,N828JB,A320,AIRBUS A-320,0
landing,JFK,22L,1785248205.6,2026-07-28T14:16:45Z,40.634482,-73.763268,210.9,ab4c15,N827NN,B738,BOEING 737-800,0
takeoff,JFK,22R,1785248250.29,2026-07-28T14:17:30Z,40.646679,-73.766343,210.9,a33766,N306UH,B38M,BOEING 737 MAX 8,0
landing,LGA,22,1785248280.01,2026-07-28T14:18:00Z,40.775803,-73.878647,213.8,ac04be,N87360,E75L,EMBRAER ERJ-170-200 (long wing),0
takeoff,JFK,22R,1785248316.59,2026-07-28T14:18:36Z,40.646084,-73.7668,210.9,a3c662,N342SX,B38M,BOEING 737 MAX 8,0
landing,JFK,22L,1785248318.04,2026-07-28T14:18:38Z,40.637501,-73.760925,209.6,a3e2fa,N35FJ,LJ45,LEARJET 45,0
takeoff,JFK,22L,1785248318.04,2026-07-28T14:18:38Z,40.637501,-73.760925,209.6,a3e2fa,N35FJ,LJ45,LEARJET 45,0
landing,JFK,22L,1785248318.53,2026-07-28T14:18:38Z,40.637352,-73.761047,209.6,a3e2fa,N35FJ,LJ45,LEARJET 45,0
landing,JFK,22L,1785248400.86,2026-07-28T14:20:00Z,40.634811,-73.763016,209.6,507c59,UK-78706,B788,BOEING 787-8 Dreamliner,0
takeoff,JFK,22R,1785248413.25,2026-07-28T14:20:13Z,40.646062,-73.766811,210.9,a1a435,N2047J,A21N,AIRBUS A-321neo,0
takeoff,JFK,22R,1785248485.32,2026-07-28T14:21:25Z,40.645283,-73.767419,210.9,a97310,N708JB,A320,AIRBUS A-320,0
takeoff,LGA,13,1785248485.6,2026-07-28T14:21:25Z,40.780179,-73.874083,123.8,a0855d,N13227,B738,BOEING 737-800,0
landing,JFK,22L,1785248502.65,2026-07-28T14:21:42Z,40.63496,-73.762894,210.9,76cef4,9V-SWT,B77W,BOEING 777-300ER,0
takeoff,LGA,13,1785248553.12,2026-07-28T14:22:33Z,40.779533,-73.872742,123.8,ac7c67,N903XJ,CRJ9,BOMBARDIER Regional Jet CRJ-900,0
landing,JFK,22L,1785248615.3,2026-07-28T14:23:35Z,40.635111,-73.762784,210.9,407699,G-VPRD,A35K,AIRBUS A-350-1000,0
landing,JFK,22L,1785248712.57,2026-07-28T14:25:12Z,40.634797,-73.763034,210.9,869560,JA795A,B77W,BOEING 777-300ER,0
takeoff,JFK,22R,1785248762.72,2026-07-28T14:26:02Z,40.645866,-73.766968,210.9,0c20a8,HP-1840CMP,B738,BOEING 737-800,0
landing,JFK,22L,1785248824.31,2026-07-28T14:27:04Z,40.635498,-73.762482,210.9,01028a,,,,
takeoff,JFK,22R,1785248835.05,2026-07-28T14:27:15Z,40.646249,-73.76667,210.9,780ab6,B-LRK,A359,AIRBUS A-350-900,0
landing,JFK,22R,1785248837.71,2026-07-28T14:27:17Z,40.645294,-73.76741,210.9,780ab6,B-LRK,A359,AIRBUS A-350-900,0
takeoff,JFK,22R,1785248837.71,2026-07-28T14:27:17Z,40.645294,-73.76741,210.9,780ab6,B-LRK,A359,AIRBUS A-350-900,0
landing,LGA,22,1785248881.72,2026-07-28T14:28:01Z,40.775291,-73.879062,210.9,a50900,N423YX,E75L,EMBRAER ERJ-170-200 (long wing),0
landing,JFK,22L,1785248946.12,2026-07-28T14:29:06Z,40.636449,-73.761739,210.9,71c381,HL8381,A359,AIRBUS A-350-900,0
takeoff,JFK,22R,1785249019.79,2026-07-28T14:30:19Z,40.646586,-73.766405,210.9,ad4f72,N957JB,A321,AIRBUS A-321,0
takeoff,LGA,13,1785249064.85,2026-07-28T14:31:04Z,40.780121,-73.873974,120.9,a0ad1d,N14242,B738,BOEING 737-800,0
landing,JFK,22L,1785249081.18,2026-07-28T14:31:21Z,40.635303,-73.76265,210.9,840a64,JA02WJ,A35K,AIRBUS A-350-1000,0
takeoff,JFK,22R,1785249093.96,2026-07-28T14:31:33Z,40.64613,-73.766754,210.9,a683a8,N519JB,A320,AIRBUS A-320,0
landing,LGA,22,1785249126.68,2026-07-28T14:32:06Z,40.774818,-73.879456,210.9,ac159a,N878RW,E170,EMBRAER ERJ-170-100,0
takeoff,LGA,13,1785249130.77,2026-07-28T14:32:10Z,40.781913,-73.87772,123.8,c05d56,C-GJIZ,CRJ9,BOMBARDIER Regional Jet CRJ-900,0
takeoff,JFK,22R,1785249163.15,2026-07-28T14:32:43Z,40.646496,-73.766449,210.9,ac75a5,N9013A,A319,AIRBUS A-319,0
takeoff,LGA,13,1785249223.59,2026-07-28T14:33:43Z,40.779888,-73.87349,120.9,a12758,N17349,B38M,BOEING 737 MAX 8,0
landing,LGA,22,1785249291.36,2026-07-28T14:34:51Z,40.776548,-73.878047,210.9,ab6020,N832DN,B739,BOEING 737-900,0
landing,JFK,22L,1785249319.51,2026-07-28T14:35:19Z,40.636659,-73.761583,210.9,a61173,N490PX,CRJ9,BOMBARDIER Regional Jet CRJ-900,0
takeoff,JFK,22R,1785249332.31,2026-07-28T14:35:32Z,40.646198,-73.766708,210.9,adcd6d,N989JT,A321,AIRBUS A-321,0
landing,LGA,22,1785249392.8,2026-07-28T14:36:32Z,40.776304,-73.878219,210.9,c06709,C-GNAM,BCS3,AIRBUS A220-300,0
takeoff,JFK,22R,1785249393.38,2026-07-28T14:36:33Z,40.646358,-73.766556,209.6,ab5867,N830AN,B789,BOEING 787-9 Dreamliner,0
landing,JFK,22L,1785249437.07,2026-07-28T14:37:17Z,40.634238,-73.763471,210.9,aacf19,N796JB,A320,AIRBUS A-320,0
landing,LGA,22,1785249495.13,2026-07-28T14:38:15Z,40.774361,-73.8797,199.7,a07fa6,N131HQ,E75L,EMBRAER ERJ-170-200 (long wing),0
takeoff,LGA,13,1785249508.72,2026-07-28T14:38:28Z,40.781364,-73.876556,123.8,ada699,N979RP,E170,EMBRAER ERJ-170-100,0
landing,JFK,22L,1785249522.84,2026-07-28T14:38:42Z,40.635751,-73.762285,210.9,a7a8ed,N593DX,A21N,,0
landing,LGA,22,1785249576.39,2026-07-28T14:39:36Z,40.77727,-73.877454,210.9,ac5488,N894DN,B739,BOEING 737-900,0
landing,JFK,22L,1785249592.54,2026-07-28T14:39:52Z,40.635212,-73.762711,209.6,47c968,LN-LNO,B789,BOEING 787-9 Dreamliner,0
takeoff,JFK,22L,1785249592.54,2026-07-28T14:39:52Z,40.635212,-73.762711,209.6,47c968,LN-LNO,B789,BOEING 787-9 Dreamliner,0
landing,JFK,22L,1785249593.53,2026-07-28T14:39:53Z,40.634857,-73.763,209.6,47c968,LN-LNO,B789,BOEING 787-9 Dreamliner,0
takeoff,JFK,22R,1785249623.95,2026-07-28T14:40:23Z,40.6469,-73.766155,210.9,a790b3,N587JB,A320,AIRBUS A-320,0
landing,LGA,22,1785249685.33,2026-07-28T14:41:25Z,40.780284,-73.874957,210.9,c05f01,C-GJZK,DH8D,DE HAVILLAND DHC-8-400 Dash 8,0
takeoff,JFK,22R,1785249696.32,2026-07-28T14:41:36Z,40.646365,-73.766577,210.9,738072,4X-ECB,B772,BOEING 777-200,0
landing,JFK,22L,1785249768.52,2026-07-28T14:42:48Z,40.637627,-73.760818,210.9,a05410,N120DU,BCS1,AIRBUS A220-100,0
takeoff,JFK,22R,1785249860.98,2026-07-28T14:44:20Z,40.646307,-73.766608,210.9,aaf8f1,N806JB,A320,AIRBUS A-320,0
landing,LGA,22,1785249865.84,2026-07-28T14:44:25Z,40.778172,-73.876663,213.8,a73627,N564DX,GLEX,,8
takeoff,LGA,13,1785249891.33,2026-07-28T14:44:51Z,40.779854,-73.873428,120.9,accf1c,N924XJ,CRJ9,BOMBARDIER Regional Jet CRJ-900,0
landing,JFK,22L,1785249928.11,2026-07-28T14:45:28Z,40.635944,-73.762115,210.9,a4c9d5,N4076J,A21N,AIRBUS A-321neo,0
takeoff,JFK,22R,1785249935.17,2026-07-28T14:45:35Z,40.646179,-73.766733,210.9,a8ae7f,N659DL,B752,BOEING 757-200,0
landing,LGA,22,1785249964.58,2026-07-28T14:46:04Z,40.77379,-73.88031,213.8,a3e07a,N349TV,B38M,BOEING 737 MAX 8,0
takeoff,JFK,22R,1785250008.0,2026-07-28T14:46:48Z,40.646038,-73.766815,210.9,a16883,N190DN,B763,BOEING 767-300,0
landing,LGA,22,1785250045.68,2026-07-28T14:47:25Z,40.775571,-73.878843,210.9,a44e24,N377DN,A321,AIRBUS A-321,0
takeoff,LGA,13,1785250066.82,2026-07-28T14:47:46Z,40.779109,-73.871852,120.9,acda41,N927XJ,CRJ9,BOMBARDIER Regional Jet CRJ-900,0
landing,JFK,22L,1785250069.93,2026-07-28T14:47:49Z,40.634285,-73.763412,210.9,ad8836,N971JT,A321,AIRBUS A-321,0
landing,LGA,22,1785250143.39,2026-07-28T14:49:03Z,40.774956,-73.879333,210.9,c00b8a,C-FEJP,E75S,EMBRAER ERJ-170-200 (short wing),0
takeoff,JFK,22R,1785250149.57,2026-07-28T14:49:09Z,40.646324,-73.766602,210.9,acf906,N935JB,A321,AIRBUS A-321,0
takeoff,LGA,13,1785250161.06,2026-07-28T14:49:21Z,40.779807,-73.873319,120.9,a8f235,N676CA,CRJ9,BOMBARDIER Regional Jet CRJ-900,0
landing,JFK,22L,1785250178.64,2026-07-28T14:49:38Z,40.636729,-73.76152,210.9,a707a3,N552JB,A320,AIRBUS A-320,0
takeoff,JFK,22R,1785250208.95,2026-07-28T14:50:08Z,40.646473,-73.766495,210.9,a3323d,N305DN,A321,AIRBUS A-321,0
landing,LGA,22,1785250213.23,2026-07-28T14:50:13Z,40.776672,-73.87793,210.9,a2af3e,N272PQ,CRJ9,BOMBARDIER Regional Jet CRJ-900,0
takeoff,LGA,13,1785250224.0,2026-07-28T14:50:24Z,40.781459,-73.876783,123.8,a1acdb,N207JQ,E75L,EMBRAER ERJ-170-200 (long wing),0
takeoff,JFK,22R,1785250290.9,2026-07-28T14:51:30Z,40.64612,-73.766779,210.9,a83876,N629JB,A320,AIRBUS A-320,0
landing,LGA,22,1785250296.82,2026-07-28T14:51:36Z,40.774509,-73.879608,205.3,a1dd2d,N219YX,E75L,EMBRAER ERJ-170-200 (long wing),0
takeoff,LGA,13,1785250314.93,2026-07-28T14:51:54Z,40.781593,-73.87706,123.8,a0232a,N108HQ,E75L,EMBRAER ERJ-170-200 (long wing),0
landing,LGA,22,1785250381.9,2026-07-28T14:53:01Z,40.776688,-73.877938,208.1,ac0a75,N875RW,E170,EMBRAER ERJ-170-100,0
landing,JFK,22L,1785250391.58,2026-07-28T14:53:11Z,40.635018,-73.762847,210.9,ad5623,N959AN,B738,BOEING 737-800,0
takeoff,LGA,13,1785250398.21,2026-07-28T14:53:18Z,40.779993,-73.873693,123.8,ad3997,N951NN,B738,BOEING 737-800,0
takeoff,JFK,22R,1785250459.3,2026-07-28T14:54:19Z,40.645969,-73.766889,210.9,a781d7,N583JB,A320,AIRBUS A-320,0
takeoff,LGA,13,1785250469.27,2026-07-28T14:54:29Z,40.780083,-73.873886,123.8,a45ba2,N380DN,A321,AIRBUS A-321,0
landing,JFK,22L,1785250479.32,2026-07-28T14:54:39Z,40.634878,-73.762972,210.9,a0563b,N1201P,B763,BOEING 767-300,0
takeoff,LGA,13,1785250572.23,2026-07-28T14:56:12Z,40.780243,-73.874237,123.8,ac9e77,N912DU,B739,BOEING 737-900,0
landing,JFK,22L,1785250601.81,2026-07-28T14:56:41Z,40.633736,-73.763855,210.9,abfa65,N871DN,B739,BOEING 737-900,0
landing,LGA,22,1785250680.89,2026-07-28T14:58:00Z,40.77727,-73.877439,210.9,a0cb68,N150NN,A321,AIRBUS A-321,0
takeoff,JFK,22R,1785250687.66,2026-07-28T14:58:07Z,40.646167,-73.766733,210.9,adf4e9,N999JQ,A321,AIRBUS A-321,0
landing,JFK,22L,1785250714.72,2026-07-28T14:58:34Z,40.633156,-73.764329,210.9,a57719,N451PA,B744,BOEING 747-400,0
landing,LGA,22,1785250925.23,2026-07-28T15:02:05Z,40.77777,-73.877017,210.9,a48a8f,N392DN,A321,AIRBUS A-321,0
landing,JFK,22L,1785250936.95,2026-07-28T15:02:16Z,40.639172,-73.759628,210.9,a866aa,N640QS,C68A,CESSNA 680 Citation Latitude,0
takeoff,JFK,22R,1785250943.36,2026-07-28T15:02:23Z,40.647182,-73.765945,210.9,a5e9f4,N480PX,CRJ9,BOMBARDIER Regional Jet CRJ-900,0
landing,JFK,22L,1785250999.64,2026-07-28T15:03:19Z,40.634411,-73.763306,210.9,394a02,F-GSQC,B77W,BOEING 777-300ER,0
takeoff,JFK,22R,1785251025.86,2026-07-28T15:03:45Z,40.645935,-73.766907,210.9,a1a0c4,N2039J,A21N,AIRBUS A-321neo,0
landing,LGA,22,1785251041.19,2026-07-28T15:04:01Z,40.776071,-73.878422,213.8,acf69b,N934XJ,CRJ9,BOMBARDIER Regional Jet CRJ-900,0
landing,LGA,22,1785251277.52,2026-07-28T15:07:57Z,40.77499,-73.879303,210.9,a21fa1,N236JQ,E75L,EMBRAER ERJ-170-200 (long wing),0
landing,JFK,22L,1785251321.97,2026-07-28T15:08:41Z,40.636276,-73.761871,210.9,a7b832,N597JB,A320,AIRBUS A-320,0
takeoff,JFK,22R,1785251399.39,2026-07-28T15:09:59Z,40.646574,-73.766421,210.9,aca29a,N913JB,A321,AIRBUS A-321,0
landing,JFK,22L,1785251421.21,2026-07-28T15:10:21Z,40.638027,-73.760513,210.9,a38b84,N3276J,BCS3,AIRBUS A220-300,0
takeoff,LGA,13,1785251445.56,2026-07-28T15:10:45Z,40.779097,-73.871805,123.8,a35254,N313DU,BCS3,AIRBUS A220-300,0
takeoff,JFK,22R,1785251462.02,2026-07-28T15:11:02Z,40.646358,-73.766571,210.9,a0428a,N116AN,A321,AIRBUS A-321,0
landing,JFK,22L,1785251507.06,2026-07-28T15:11:47Z,40.635853,-73.762207,210.9,4bb14b,TC-LJK,B77W,BOEING 777-300ER,0
takeoff,LGA,13,1785251591.89,2026-07-28T15:13:11Z,40.78022,-73.874207,120.9,a6e89f,N544UW,A321,AIRBUS A-321,0
takeoff,LGA,13,1785251654.05,2026-07-28T15:14:14Z,40.781576,-73.877017,123.8,ac04be,N87360,E75L,EMBRAER ERJ-170-200 (long wing),0
landing,JFK,22L,1785251678.19,2026-07-28T15:14:38Z,40.634857,-73.762985,210.9,ab2c72,N819SY,B738,BOEING 737-800,0
takeoff,JFK,22R,1785251750.23,2026-07-28T15:15:50Z,40.645329,-73.767372,210.9,a38e69,N3280J,BCS3,AIRBUS A220-300,0
landing,JFK,22L,1785251788.32,2026-07-28T15:16:28Z,40.633976,-73.763657,210.9,ade2b8,N994NN,B738,BOEING 737-800,0
landing,LGA,22,1785251824.43,2026-07-28T15:17:04Z,40.777619,-73.877173,213.8,a14502,N181GJ,CRJ9,BOMBARDIER Regional Jet CRJ-900,0
landing,JFK,22L,1785251895.15,2026-07-28T15:18:15Z,40.63397,-73.763721,213.8,a51f4a,N429YX,E75L,EMBRAER ERJ-170-200 (long wing),0
takeoff,JFK,22L,1785251895.15,2026-07-28T15:18:15Z,40.63397,-73.763721,213.8,a51f4a,N429YX,E75L,EMBRAER ERJ-170-200 (long wing),0
landing,JFK,22L,1785251896.59,2026-07-28T15:18:16Z,40.633747,-73.763947,219.4,a51f4a,N429YX,E75L,EMBRAER ERJ-170-200 (long wing),0
landing,LGA,22,1785251992.22,2026-07-28T15:19:52Z,40.77372,-73.880371,210.9,a1c935,N214JQ,E75L,EMBRAER ERJ-170-200 (long wing),0
takeoff,JFK,22R,1785252023.79,2026-07-28T15:20:23Z,40.645992,-73.766861,208.1,ab6162,N832SK,CRJ9,BOMBARDIER Regional Jet CRJ-900,0
takeoff,JFK,22R,1785252084.08,2026-07-28T15:21:24Z,40.646039,-73.766826,210.9,a825e3,N624JB,A320,AIRBUS A-320,0
landing,JFK,22L,1785252086.87,2026-07-28T15:21:26Z,40.636196,-73.761948,210.9,ad3581,N950JT,A321,AIRBUS A-321,0
landing,JFK,22L,1785252242.46,2026-07-28T15:24:02Z,40.635624,-73.76239,208.1,acf2e4,N933XJ,CRJ9,BOMBARDIER Regional Jet CRJ-900,0
landing,LGA,22,1785252338.75,2026-07-28T15:25:38Z,40.774465,-73.879639,202.5,a0634c,N124HQ,E75L,EMBRAER ERJ-170-200 (long wing),0
landing,JFK,22L,1785252352.73,2026-07-28T15:25:52Z,40.63385,-73.763763,210.9,71be21,HL7621,A388,AIRBUS A-380-800,0
takeoff,JFK,22L,1785252352.73,2026-07-28T15:25:52Z,40.63385,-73.763763,210.9,71be21,HL7621,A388,AIRBUS A-380-800,0
landing,JFK,22L,1785252353.03,2026-07-28T15:25:53Z,40.633759,-73.76384,210.9,71be21,HL7621,A388,AIRBUS A-380-800,0
takeoff,JFK,22L,1785252353.03,2026-07-28T15:25:53Z,40.633759,-73.76384,210.9,71be21,HL7621,A388,AIRBUS A-380-800,0
landing,JFK,22L,1785252353.35,2026-07-28T15:25:53Z,40.633656,-73.763908,210.9,71be21,HL7621,A388,AIRBUS A-380-800,0
takeoff,JFK,22R,1785252389.03,2026-07-28T15:26:29Z,40.646109,-73.766779,210.9,a173a8,N193DN,B763,BOEING 767-300,0
landing,LGA,22,1785252470.87,2026-07-28T15:27:50Z,40.777095,-73.877579,210.9,a3a8c0,N335DU,BCS3,AIRBUS A220-300,0
takeoff,JFK,22R,1785252512.75,2026-07-28T15:28:32Z,40.645981,-73.766873,209.6,a3e2fa,N35FJ,LJ45,LEARJET 45,0
landing,JFK,22L,1785252523.2,2026-07-28T15:28:43Z,40.634033,-73.763626,210.9,4c0221,YU-ARB,A332,AIRBUS A-330-200,0
landing,LGA,22,1785252591.49,2026-07-28T15:29:51Z,40.77777,-73.877002,213.8,a0cdf3,N151AN,A321,AIRBUS A-321,0
takeoff,LGA,13,1785252641.12,2026-07-28T15:30:41Z,40.781765,-73.877411,123.8,a50900,N423YX,E75L,EMBRAER ERJ-170-200 (long wing),0
landing,JFK,22L,1785252653.22,2026-07-28T15:30:53Z,40.635879,-73.762176,210.9,ad935b,N974JT,A321,AIRBUS A-321,0
takeoff,JFK,22R,1785252661.37,2026-07-28T15:31:01Z,40.646249,-73.76667,208.1,a02c40,N110AN,A321,AIRBUS A-321,0
landing,LGA,22,1785252714.1,2026-07-28T15:31:54Z,40.77656,-73.878032,210.9,a6ce58,N538CA,CRJ9,BOMBARDIER Regional Jet CRJ-900,0
landing,JFK,22L,1785252726.15,2026-07-28T15:32:06Z,40.635292,-73.762665,210.9,ab80f4,N840MH,B764,BOEING 767-400,0
takeoff,LGA,13,1785252741.15,2026-07-28T15:32:21Z,40.781669,-73.87722,123.8,ac159a,N878RW,E170,EMBRAER ERJ-170-100,0
landing,LGA,22,1785252796.25,2026-07-28T15:33:16Z,40.776398,-73.878159,208.1,a7de93,N606LR,CRJ9,BOMBARDIER Regional Jet CRJ-900,0
landing,JFK,22L,1785252878.3,2026-07-28T15:34:38Z,40.637054,-73.761271,210.9,a3549d,N3132J,BCS3,AIRBUS A220-300,0
landing,LGA,22,1785252886.34,2026-07-28T15:34:46Z,40.778549,-73.876389,210.9,a4417d,N3731T,B738,BOEING 737-800,0
takeoff,JFK,22R,1785252947.04,2026-07-28T15:35:47Z,40.64626,-73.766655,210.9,a1a0a1,N2038J,A21N,AIRBUS A-321neo,0
landing,LGA,22,1785252968.74,2026-07-28T15:36:08Z,40.776734,-73.877891,208.1,a31486,N298PQ,CRJ9,BOMBARDIER Regional Jet CRJ-900,0
takeoff,JFK,22R,1785253047.58,2026-07-28T15:37:27Z,40.646167,-73.766733,210.9,a776b2,N580JB,A320,AIRBUS A-320,0
landing,LGA,22,1785253063.15,2026-07-28T15:37:43Z,40.777782,-73.877029,210.9,a9e1be,N736EE,CL60,BOMBARDIER CL-600 Challenger,0
takeoff,JFK,22R,1785253116.61,2026-07-28T15:38:36Z,40.64619,-73.766717,208.1,ab03a4,N809DN,B739,BOEING 737-900,0
landing,LGA,22,1785253152.07,2026-07-28T15:39:12Z,40.777665,-73.877111,210.9,c05f09,C-GJZS,CRJ9,BOMBARDIER Regional Jet CRJ-900,0
takeoff,JFK,22R,1785253219.45,2026-07-28T15:40:19Z,40.645329,-73.767404,210.9,8964e1,A6-EVJ,A388,AIRBUS A-380-800,0
landing,LGA,22,1785253249.09,2026-07-28T15:40:49Z,40.778131,-73.876736,210.9,a3bdac,N340DU,BCS3,AIRBUS A220-300,0
takeoff,JFK,22R,1785253403.19,2026-07-28T15:43:23Z,40.646782,-73.766251,210.9,06a2c5,A7-BEV,B77W,BOEING 777-300ER,0
takeoff,LGA,13,1785253430.62,2026-07-28T15:43:50Z,40.779408,-73.872482,126.6,a3b124,N337PQ,CRJ9,BOMBARDIER Regional Jet CRJ-900,0
landing,JFK,22L,1785253447.1,2026-07-28T15:44:07Z,40.634971,-73.762909,208.1,a83e49,N630FR,A21N,AIRBUS A-321neo,0
takeoff,JFK,22R,1785253522.7,2026-07-28T15:45:22Z,40.646097,-73.766779,208.1,ac90f3,N909DN,B739,BOEING 737-900,0
takeoff,JFK,22R,1785253591.16,2026-07-28T15:46:31Z,40.646439,-73.76651,208.1,a1a3a9,N2043J,A21N,AIRBUS A-321neo,0
landing,JFK,22L,1785253614.74,2026-07-28T15:46:54Z,40.636857,-73.761427,210.9,ab321c,N820NW,A333,AIRBUS A-330-300,0
landing,LGA,22,1785253693.86,2026-07-28T15:48:13Z,40.775093,-73.879233,213.8,ad2aed,N948AN,B738,BOEING 737-800,0
takeoff,LGA,13,1785253694.84,2026-07-28T15:48:14Z,40.781692,-73.877251,123.8,a50192,N421YX,E75L,EMBRAER ERJ-170-200 (long wing),0
takeoff,JFK,22R,1785253742.57,2026-07-28T15:49:02Z,40.646828,-73.766205,210.9,ad846f,N970JB,A321,AIRBUS A-321,0
landing,LGA,22,1785253814.35,2026-07-28T15:50:14Z,40.777393,-73.87735,210.9,a495b4,N395DN,B738,BOEING 737-800,0
landing,JFK,22L,1785253870.27,2026-07-28T15:51:10Z,40.635979,-73.762115,208.1,a1584a,N186PQ,CRJ9,BOMBARDIER Regional Jet CRJ-900,0
takeoff,JFK,22R,1785253897.17,2026-07-28T15:51:37Z,40.646749,-73.76628,210.9,ac7074,N900PC,B752,BOEING 757-200,0
takeoff,JFK,22R,1785254056.72,2026-07-28T15:54:16Z,40.646924,-73.76614,208.1,a35a31,N315JE,CL30,BOMBARDIER BD-100 Challenger 300,0
landing,LGA,22,1785254194.29,2026-07-28T15:56:34Z,40.775093,-73.879202,210.9,abc2e5,N857RW,E170,EMBRAER ERJ-170-100,0
takeoff,LGA,13,1785254206.42,2026-07-28T15:56:46Z,40.779659,-73.873016,120.9,c06709,C-GNAM,BCS3,AIRBUS A220-300,0
takeoff,JFK,22R,1785254295.89,2026-07-28T15:58:15Z,40.645145,-73.767532,210.9,a34d52,N3113J,BCS3,AIRBUS A220-300,0
landing,LGA,22,1785254320.14,2026-07-28T15:58:40Z,40.776502,-73.878078,210.9,a35ae4,N315RJ,B38M,BOEING 737 MAX 8,0
takeoff,JFK,22R,1785254356.14,2026-07-28T15:59:16Z,40.646458,-73.766514,210.9,ab6519,N833SK,CRJ9,BOMBARDIER Regional Jet CRJ-900,0
landing,JFK,22L,1785254385.31,2026-07-28T15:59:45Z,40.636574,-73.761642,210.9,ab3c58,N823DN,B739,BOEING 737-900,0
landing,LGA,22,1785254402.55,2026-07-28T16:00:02Z,40.775608,-73.87883,210.9,a5cc11,N47280,B38M,BOEING 737 MAX 8,0
takeoff,LGA,13,1785254414.65,2026-07-28T16:00:14Z,40.781387,-73.876633,123.8,c0616e,C-GKXH,E295,EMBRAER ERJ-190-400,0
takeoff,JFK,22R,1785254500.21,2026-07-28T16:01:40Z,40.646004,-73.766861,208.1,ada227,N978JB,A321,AIRBUS A-321,0
takeoff,LGA,13,1785254524.39,2026-07-28T16:02:04Z,40.781611,-73.87708,123.8,a21fa1,N236JQ,E75L,EMBRAER ERJ-170-200 (long wing),0
takeoff,JFK,22R,1785254568.98,2026-07-28T16:02:48Z,40.646551,-73.766436,208.1,a9d63b,N733AL,B39M,BOEING 737 MAX 9,0
landing,JFK,22L,1785254573.35,2026-07-28T16:02:53Z,40.634422,-73.763321,210.9,a124b5,N173DZ,B763,BOEING 767-300,0
takeoff,LGA,13,1785254607.72,2026-07-28T16:03:27Z,40.781788,-73.877426,123.8,c00b8a,C-FEJP,E75S,EMBRAER ERJ-170-200 (short wing),0
takeoff,JFK,22R,1785254713.9,2026-07-28T16:05:13Z,40.646155,-73.766733,208.1,a1cb05,N2142J,A21N,AIRBUS A-321neo,0
takeoff,LGA,13,1785254730.59,2026-07-28T16:05:30Z,40.78014,-73.873993,123.8,ab6020,N832DN,B739,BOEING 737-900,0
landing,JFK,22L,1785254767.88,2026-07-28T16:06:07Z,40.636082,-73.762039,210.9,a37af8,N323RM,B38M,BOEING 737 MAX 8,0
takeoff,JFK,22R,1785254778.34,2026-07-28T16:06:18Z,40.646553,-73.766434,210.9,ab4c15,N827NN,B738,BOEING 737-800,0
takeoff,LGA,13,1785254828.4,2026-07-28T16:07:08Z,40.780668,-73.875113,120.9,acf69b,N934XJ,CRJ9,BOMBARDIER Regional Jet CRJ-900,0
landing,JFK,22L,1785254883.25,2026-07-28T16:08:03Z,40.638498,-73.760131,210.9,a376ec,N322NB,A319,AIRBUS A-319,0
takeoff,LGA,13,1785254955.1,2026-07-28T16:09:15Z,40.779912,-73.873553,123.8,a44e24,N377DN,A321,AIRBUS A-321,0
landing,JFK,22L,1785255002.87,2026-07-28T16:10:02Z,40.636042,-73.762035,210.9,aa7f5e,N776AN,B772,BOEING 777-200,0
takeoff,JFK,22R,1785255055.01,2026-07-28T16:10:55Z,40.647203,-73.765921,210.9,a97dcb,N710TW,B752,BOEING 757-200,0
takeoff,JFK,22R,1785255126.34,2026-07-28T16:12:06Z,40.646598,-73.766405,210.9,ac7b1b,N903JB,A321,AIRBUS A-321,0
landing,LGA,22,1785255161.51,2026-07-28T16:12:41Z,40.775664,-73.878765,210.9,aa56db,N76529,B738,BOEING 737-800,0
takeoff,JFK,22R,1785255193.99,2026-07-28T16:13:13Z,40.647284,-73.765843,210.9,a6709b,N514DE,A21N,AIRBUS A-321neo,0
takeoff,JFK,22R,1785255263.28,2026-07-28T16:14:23Z,40.646993,-73.766077,209.6,0201a3,CN-RHA,B789,BOEING 787-9 Dreamliner,0
landing,JFK,22R,1785255265.08,2026-07-28T16:14:25Z,40.646439,-73.76651,209.6,0201a3,CN-RHA,B789,BOEING 787-9 Dreamliner,0
takeoff,JFK,22R,1785255265.4,2026-07-28T16:14:25Z,40.646301,-73.766617,209.6,0201a3,CN-RHA,B789,BOEING 787-9 Dreamliner,0
landing,LGA,22,1785255322.22,2026-07-28T16:15:22Z,40.776398,-73.878159,210.9,a324ce,N301UC,B38M,BOEING 737 MAX 8,0
landing,JFK,22L,1785255357.29,2026-07-28T16:15:57Z,40.635052,-73.762833,210.9,a12c23,N175DZ,B763,BOEING 767-300,0
takeoff,LGA,13,1785255363.34,2026-07-28T16:16:03Z,40.779923,-73.873537,123.8,a3e07a,N349TV,B38M,BOEING 737 MAX 8,0
takeoff,JFK,22R,1785255400.14,2026-07-28T16:16:40Z,40.647156,-73.765968,210.9,a7a8ed,N593DX,A21N,,0
landing,LGA,22,1785255429.93,2026-07-28T16:17:09Z,40.774837,-73.879405,210.9,abd41a,N861RW,E170,EMBRAER ERJ-170-100,0
takeoff,LGA,13,1785255444.87,2026-07-28T16:17:24Z,40.779568,-73.872803,123.8,a2af3e,N272PQ,CRJ9,BOMBARDIER Regional Jet CRJ-900,0
landing,JFK,22L,1785255461.88,2026-07-28T16:17:41Z,40.635169,-73.762753,210.9,3965a7,F-GZNH,B77W,BOEING 777-300ER,0
takeoff,JFK,22R,1785255476.95,2026-07-28T16:17:56Z,40.646795,-73.766233,210.9,a05410,N120DU,BCS1,AIRBUS A220-100,0
landing,LGA,22,1785255532.97,2026-07-28T16:18:52Z,40.7745,-73.879623,202.5,a50549,N422YX,E75L,EMBRAER ERJ-170-200 (long wing),0
takeoff,LGA,13,1785255556.98,2026-07-28T16:19:16Z,40.780424,-73.874567,123.8,ac5488,N894DN,B739,BOEING 737-900,0
landing,LGA,22,1785255605.08,2026-07-28T16:20:05Z,40.777107,-73.877595,210.9,a42a5c,N368DN,A321,AIRBUS A-321,0
landing,JFK,22L,1785255613.87,2026-07-28T16:20:13Z,40.633482,-73.764064,210.9,a39781,N330TJ,B38M,BOEING 737 MAX 8,0
takeoff,JFK,22R,1785255666.71,2026-07-28T16:21:06Z,40.646458,-73.766499,208.1,a69894,N524JB,A320,AIRBUS A-320,0
takeoff,JFK,22R,1785255735.03,2026-07-28T16:22:15Z,40.646877,-73.766186,210.9,ac9e23,N912AK,B39M,BOEING 737 MAX 9,0
landing,JFK,22L,1785255742.67,2026-07-28T16:22:22Z,40.636193,-73.761942,210.9,44ccd1,OO-SFQ,A333,AIRBUS A-330-300,0
takeoff,JFK,22L,1785255743.11,2026-07-28T16:22:23Z,40.636007,-73.762082,210.9,44ccd1,OO-SFQ,A333,AIRBUS A-330-300,0
landing,JFK,22L,1785255743.49,2026-07-28T16:22:23Z,40.635856,-73.762207,210.9,44ccd1,OO-SFQ,A333,AIRBUS A-330-300,0
landing,LGA,22,1785255780.05,2026-07-28T16:23:00Z,40.775699,-73.87875,210.9,ac75fa,N9015R,,,0
takeoff,JFK,22R,1785255870.66,2026-07-28T16:24:30Z,40.646667,-73.766342,208.1,a4462e,N3748Y,B738,BOEING 737-800,0
landing,JFK,22L,1785255881.83,2026-07-28T16:24:41Z,40.635189,-73.762741,208.1,0c6064,9Y-SUR,B38M,BOEING 737 MAX 8,0
landing,LGA,22,1785255954.94,2026-07-28T16:25:54Z,40.777468,-73.877267,213.8,a8a0d9,N655RW,E170,EMBRAER ERJ-170-100,0
takeoff,JFK,22R,1785255965.29,2026-07-28T16:26:05Z,40.64697,-73.766108,208.1,a65454,N507DZ,A21N,AIRBUS A-321neo,0
landing,JFK,22L,1785255977.79,2026-07-28T16:26:17Z,40.635361,-73.762589,210.9,a33328,N305NY,A21N,AIRBUS A-321neo,0
landing,LGA,22,1785256047.97,2026-07-28T16:27:27Z,40.777642,-73.877095,210.9,ac0818,N8744B,B38M,BOEING 737 MAX 8,0
landing,JFK,22L,1785256075.52,2026-07-28T16:27:55Z,40.63599,-73.7621,210.9,4b1881,HB-JHH,A333,AIRBUS A-330-300,0
landing,LGA,22,1785256157.01,2026-07-28T16:29:17Z,40.779144,-73.875839,210.9,a8a490,N656RW,E170,EMBRAER ERJ-170-100,0
takeoff,LGA,22,1785256157.86,2026-07-28T16:29:17Z,40.779062,-73.875909,210.9,a8a490,N656RW,E170,EMBRAER ERJ-170-100,0
landing,LGA,22,1785256158.93,2026-07-28T16:29:18Z,40.778934,-73.876019,210.9,a8a490,N656RW,E170,EMBRAER ERJ-170-100,0
takeoff,LGA,22,1785256158.93,2026-07-28T16:29:18Z,40.778934,-73.876019,210.9,a8a490,N656RW,E170,EMBRAER ERJ-170-100,0
landing,LGA,22,1785256162.21,2026-07-28T16:29:22Z,40.778389,-73.87645,210.9,a8a490,N656RW,E170,EMBRAER ERJ-170-100,0
landing,JFK,22L,1785256201.54,2026-07-28T16:30:01Z,40.635956,-73.762131,210.9,a50adc,N424DX,A339,AIRBUS A-330-900,0
landing,LGA,22,1785256212.64,2026-07-28T16:30:12Z,40.779027,-73.875972,213.8,aa7e36,N77518,B738,BOEING 737-800,0
landing,LGA,22,1785256320.46,2026-07-28T16:32:00Z,40.777642,-73.877111,210.9,a8a017,N655JB,A320,AIRBUS A-320,0
landing,JFK,22L,1785256407.57,2026-07-28T16:33:27Z,40.638668,-73.760132,236.2,a9fde2,N743CA,P212,TECNAM P-2012 Traveller,0
landing,LGA,22,1785256414.69,2026-07-28T16:33:34Z,40.77832,-73.876556,210.9,a12709,N17320,B38M,BOEING 737 MAX 8,0
takeoff,JFK,22R,1785256439.05,2026-07-28T16:33:59Z,40.64633,-73.766592,210.9,801612,VT-JRB,A359,AIRBUS A-350-900,0
landing,JFK,22L,1785256514.42,2026-07-28T16:35:14Z,40.635303,-73.762634,210.9,ab8031,N840DN,B739,BOEING 737-900,0
landing,LGA,22,1785256527.12,2026-07-28T16:35:27Z,40.777519,-73.877243,210.9,a437da,N371DN,A321,AIRBUS A-321,0
takeoff,JFK,22R,1785256566.14,2026-07-28T16:36:06Z,40.646574,-73.766405,210.9,a7b832,N597JB,A320,AIRBUS A-320,0
landing,JFK,22L,1785256621.68,2026-07-28T16:37:01Z,40.638218,-73.760366,210.9,4005c0,G-VIIH,B772,BOEING 777-200,0
takeoff,JFK,22R,1785256646.09,2026-07-28T16:37:26Z,40.646015,-73.766846,210.9,738c0c,,,,
landing,LGA,22,1785256653.05,2026-07-28T16:37:33Z,40.771672,-73.882011,210.9,a23844,N242JQ,E75L,EMBRAER ERJ-170-200 (long wing),0
takeoff,LGA,13,1785256673.97,2026-07-28T16:37:53Z,40.779981,-73.873693,123.8,a48a8f,N392DN,A321,AIRBUS A-321,0
landing,JFK,22L,1785256754.66,2026-07-28T16:39:14Z,40.635541,-73.762457,208.1,acc3b4,N921US,A321,AIRBUS A-321,0
landing,LGA,04,1785256764.47,2026-07-28T16:39:24Z,40.773324,-73.879202,30.9,a52cc8,N432YX,E75L,EMBRAER ERJ-170-200 (long wing),0
takeoff,JFK,22R,1785256771.76,2026-07-28T16:39:31Z,40.646656,-73.766343,210.9,a707a3,N552JB,A320,AIRBUS A-320,0
landing,LGA,22,1785256830.22,2026-07-28T16:40:30Z,40.777977,-73.876846,210.9,a32e8c,N304DU,BCS3,AIRBUS A220-300,0
landing,JFK,22L,1785256856.16,2026-07-28T16:40:56Z,40.634377,-73.763351,210.9,a7b7c5,N597DT,A21N,AIRBUS A-321neo,0
takeoff,JFK,22L,1785256856.16,2026-07-28T16:40:56Z,40.634377,-73.763351,210.9,a7b7c5,N597DT,A21N,AIRBUS A-321neo,0
landing,JFK,22L,1785256856.65,2026-07-28T16:40:56Z,40.634215,-73.763487,210.9,a7b7c5,N597DT,A21N,AIRBUS A-321neo,0
takeoff,JFK,22R,1785256898.95,2026-07-28T16:41:38Z,40.64704,-73.766046,210.9,aacf19,N796JB,A320,AIRBUS A-320,0
landing,JFK,22L,1785256944.53,2026-07-28T16:42:24Z,40.635472,-73.762504,210.9,4cadc9,EI-HJR,A339,AIRBUS A-330-900,0
takeoff,LGA,13,1785256947.49,2026-07-28T16:42:27Z,40.781948,-73.877777,123.8,a1c935,N214JQ,E75L,EMBRAER ERJ-170-200 (long wing),0
takeoff,JFK,22R,1785256957.45,2026-07-28T16:42:37Z,40.648914,-73.764595,208.1,a51f4a,N429YX,E75L,EMBRAER ERJ-170-200 (long wing),0
takeoff,LGA,13,1785257083.52,2026-07-28T16:44:43Z,40.780389,-73.874536,123.8,a84200,N631FR,A21N,AIRBUS A-321neo,0
takeoff,JFK,22R,1785257092.71,2026-07-28T16:44:52Z,40.646679,-73.766327,210.9,710121,HZ-AK43,B77W,BOEING 777-300ER,0
landing,JFK,22L,1785257128.17,2026-07-28T16:45:28Z,40.633528,-73.764158,222.2,a24720,N246JQ,E75L,EMBRAER ERJ-170-200 (long wing),0
landing,JFK,22L,1785257130.21,2026-07-28T16:45:30Z,40.633249,-73.764532,227.8,a24720,N246JQ,E75L,EMBRAER ERJ-170-200 (long wing),0
landing,JFK,22L,1785257132.09,2026-07-28T16:45:32Z,40.633038,-73.764893,233.4,a24720,N246JQ,E75L,EMBRAER ERJ-170-200 (long wing),0
takeoff,JFK,22R,1785257307.25,2026-07-28T16:48:27Z,40.646542,-73.766449,210.9,a6ab27,N529JB,A320,AIRBUS A-320,0
landing,LGA,22,1785257399.27,2026-07-28T16:49:59Z,40.77592,-73.878562,210.9,ab1d28,N815NN,B738,BOEING 737-800,0
landing,JFK,22L,1785257425.46,2026-07-28T16:50:25Z,40.635841,-73.762222,210.9,a3871e,N3261J,BCS3,,0
landing,LGA,22,1785257522.98,2026-07-28T16:52:02Z,40.774418,-73.879745,205.3,a07228,N128HQ,E75L,EMBRAER ERJ-170-200 (long wing),0
landing,LGA,22,1785257588.96,2026-07-28T16:53:08Z,40.778143,-73.876721,210.9,a46e40,N385DZ,A321,AIRBUS A-321,0
takeoff,JFK,22R,1785257675.83,2026-07-28T16:54:35Z,40.646353,-73.766577,210.9,71c381,HL8381,A359,AIRBUS A-350-900,0
landing,JFK,22R,1785257676.84,2026-07-28T16:54:36Z,40.645958,-73.766876,210.9,71c381,HL8381,A359,AIRBUS A-350-900,0
takeoff,JFK,22R,1785257676.84,2026-07-28T16:54:36Z,40.645958,-73.766876,210.9,71c381,HL8381,A359,AIRBUS A-350-900,0
takeoff,LGA,13,1785257715.78,2026-07-28T16:55:15Z,40.780243,-73.874237,123.8,a4417d,N3731T,B738,BOEING 737-800,0
landing,LGA,22,1785257800.24,2026-07-28T16:56:40Z,40.774441,-73.8797,202.5,a1f46b,N225JQ,E75L,EMBRAER ERJ-170-200 (long wing),0
takeoff,JFK,22R,1785257813.43,2026-07-28T16:56:53Z,40.64653,-73.766449,210.9,ad444d,N954JB,A321,AIRBUS A-321,0
landing,LGA,22,1785257890.36,2026-07-28T16:58:10Z,40.777451,-73.877289,213.8,ac96be,N910AU,A321,AIRBUS A-321,0
takeoff,LGA,13,1785257918.53,2026-07-28T16:58:38Z,40.780552,-73.874878,123.8,a3a8c0,N335DU,BCS3,AIRBUS A220-300,0
takeoff,LGA,13,1785258084.42,2026-07-28T17:01:24Z,40.779702,-73.873069,123.8,a6ce58,N538CA,CRJ9,BOMBARDIER Regional Jet CRJ-900,0
landing,JFK,22L,1785258141.44,2026-07-28T17:02:21Z,40.633999,-73.763687,210.9,3c6517,D-AIHW,A346,AIRBUS A-340-600,0
landing,LGA,22,1785258157.14,2026-07-28T17:02:37Z,40.774768,-73.879483,208.1,a07bef,N130HQ,E75L,EMBRAER ERJ-170-200 (long wing),0
takeoff,JFK,22R,1785258219.25,2026-07-28T17:03:39Z,40.64613,-73.766769,210.9,ab2c72,N819SY,B738,BOEING 737-800,0
takeoff,LGA,13,1785258289.68,2026-07-28T17:04:49Z,40.781727,-73.877298,123.8,a1dd2d,N219YX,E75L,EMBRAER ERJ-170-200 (long wing),0
takeoff,LGA,13,1785258444.41,2026-07-28T17:07:24Z,40.78054,-73.874832,120.9,a0cb68,N150NN,A321,AIRBUS A-321,0
landing,JFK,22L,1785258700.68,2026-07-28T17:11:40Z,40.635984,-73.762113,208.1,a086ce,N133EV,CRJ9,BOMBARDIER Regional Jet CRJ-900,0
landing,LGA,22,1785258712.69,2026-07-28T17:11:52Z,40.778969,-73.87605,210.9,a2f5b4,N290CH,CL30,BOMBARDIER BD-100 Challenger 300,8
takeoff,JFK,22R,1785258730.55,2026-07-28T17:12:10Z,40.646542,-73.766434,209.6,507c59,UK-78706,B788,BOEING 787-8 Dreamliner,0
landing,JFK,22R,1785258731.08,2026-07-28T17:12:11Z,40.646365,-73.766561,209.6,507c59,UK-78706,B788,BOEING 787-8 Dreamliner,0
takeoff,JFK,22R,1785258731.08,2026-07-28T17:12:11Z,40.646365,-73.766561,209.6,507c59,UK-78706,B788,BOEING 787-8 Dreamliner,0
landing,JFK,22R,1785258732.03,2026-07-28T17:12:12Z,40.646061,-73.7668,209.6,507c59,UK-78706,B788,BOEING 787-8 Dreamliner,0
takeoff,JFK,22R,1785258732.03,2026-07-28T17:12:12Z,40.646061,-73.7668,209.6,507c59,UK-78706,B788,BOEING 787-8 Dreamliner,0
landing,JFK,22L,1785258825.18,2026-07-28T17:13:45Z,40.634159,-73.763535,213.8,a08e82,N135HQ,E75L,EMBRAER ERJ-170-200 (long wing),0
landing,LGA,22,1785258826.15,2026-07-28T17:13:46Z,40.77689,-73.877747,210.9,a04e60,N119HQ,E75L,EMBRAER ERJ-170-200 (long wing),0
takeoff,LGA,13,1785258872.77,2026-07-28T17:14:32Z,40.780389,-73.874505,123.8,a5363e,N435FR,A20N,AIRBUS A-320neo,0
landing,LGA,13,1785258873.64,2026-07-28T17:14:33Z,40.780186,-73.874084,120.9,a5363e,N435FR,A20N,AIRBUS A-320neo,0
takeoff,LGA,13,1785258873.64,2026-07-28T17:14:33Z,40.780186,-73.874084,120.9,a5363e,N435FR,A20N,AIRBUS A-320neo,0
takeoff,JFK,22R,1785258909.28,2026-07-28T17:15:09Z,40.646221,-73.766693,210.9,acf2e4,N933XJ,CRJ9,BOMBARDIER Regional Jet CRJ-900,0
landing,LGA,22,1785258939.16,2026-07-28T17:15:39Z,40.77515,-73.879181,208.1,a4d65c,N410YX,E75L,EMBRAER ERJ-170-200 (long wing),0
takeoff,LGA,13,1785259172.58,2026-07-28T17:19:32Z,40.780459,-73.874645,123.8,ad2aed,N948AN,B738,BOEING 737-800,0
landing,JFK,22L,1785259182.32,2026-07-28T17:19:42Z,40.636798,-73.761442,210.9,a4bf95,N405DX,A339,AIRBUS A-330-900,0
landing,LGA,22,1785259233.13,2026-07-28T17:20:33Z,40.776512,-73.878067,210.9,a37389,N321RL,B38M,BOEING 737 MAX 8,0
landing,JFK,22L,1785259304.57,2026-07-28T17:21:44Z,40.634777,-73.763062,210.9,4ca5c7,EI-DUZ,A333,AIRBUS A-330-300,0
landing,LGA,22,1785259529.36,2026-07-28T17:25:29Z,40.778911,-73.876097,213.8,c05efa,C-GJZD,DH8D,DE HAVILLAND DHC-8-400 Dash 8,0
landing,JFK,22L,1785259605.22,2026-07-28T17:26:45Z,40.636217,-73.761926,210.9,aa5428,N765AN,B772,BOEING 777-200,0
landing,LGA,22,1785259660.67,2026-07-28T17:27:40Z,40.777247,-73.877454,210.9,aa7e79,N77535,B738,BOEING 737-800,0
takeoff,JFK,22R,1785259663.19,2026-07-28T17:27:43Z,40.645958,-73.766891,210.9,a34978,N3102J,BCS3,AIRBUS A220-300,0
landing,JFK,22L,1785259753.71,2026-07-28T17:29:13Z,40.634971,-73.762878,210.9,4077d4,G-VRNB,A35K,AIRBUS A-350-1000,0
landing,JFK,22L,1785259885.82,2026-07-28T17:31:25Z,40.63596,-73.762098,210.9,a0f4a2,N1604R,B763,BOEING 767-300,0
landing,LGA,22,1785259886.42,2026-07-28T17:31:26Z,40.779178,-73.875831,213.8,a2db21,N283WN,B737,BOEING 737-700,0
takeoff,LGA,22,1785259886.42,2026-07-28T17:31:26Z,40.779178,-73.875831,213.8,a2db21,N283WN,B737,BOEING 737-700,0
landing,LGA,22,1785259886.79,2026-07-28T17:31:26Z,40.779064,-73.875931,213.8,a2db21,N283WN,B737,BOEING 737-700,0
takeoff,LGA,13,1785259901.37,2026-07-28T17:31:41Z,40.781832,-73.877517,123.8,a8a490,N656RW,E170,EMBRAER ERJ-170-100,0
landing,JFK,22L,1785259990.2,2026-07-28T17:33:10Z,40.634228,-73.763474,210.9,a1dab3,N2188J,A21N,AIRBUS A-321neo,0
takeoff,LGA,13,1785260011.96,2026-07-28T17:33:31Z,40.781788,-73.877441,123.8,abd41a,N861RW,E170,EMBRAER ERJ-170-100,0
landing,JFK,22L,1785260085.87,2026-07-28T17:34:45Z,40.635832,-73.762223,210.9,ac858a,N906AV,A20N,AIRBUS A-320neo,0
landing,LGA,22,1785260119.7,2026-07-28T17:35:19Z,40.774349,-73.879748,199.7,a09239,N136HQ,E75L,EMBRAER ERJ-170-200 (long wing),0
landing,JFK,22L,1785260181.67,2026-07-28T17:36:21Z,40.635441,-73.762527,210.9,a35592,N3139J,BCS3,AIRBUS A220-300,0
landing,LGA,22,1785260214.78,2026-07-28T17:36:54Z,40.776851,-73.877766,213.8,ade66f,N995NN,B738,BOEING 737-800,0
landing,JFK,22L,1785260262.15,2026-07-28T17:37:42Z,40.635452,-73.762512,210.9,a7c7a2,N600DZ,A21N,AIRBUS A-321neo,0
landing,LGA,22,1785260304.72,2026-07-28T17:38:24Z,40.777828,-73.876999,210.9,abe0df,N8646B,B738,BOEING 737-800,0
takeoff,LGA,13,1785260330.01,2026-07-28T17:38:50Z,40.779597,-73.872866,129.4,a08317,N132EV,CRJ9,BOMBARDIER Regional Jet CRJ-900,0
landing,JFK,22L,1785260353.23,2026-07-28T17:39:13Z,40.63274,-73.764618,210.9,aafd1f,N807NW,A333,AIRBUS A-330-300,0
landing,LGA,22,1785260424.46,2026-07-28T17:40:24Z,40.777359,-73.877365,210.9,c03cf4,C-FXCD,A320,AIRBUS A-320,0
takeoff,LGA,13,1785260446.78,2026-07-28T17:40:46Z,40.780163,-73.874023,123.8,a5cc11,N47280,B38M,BOEING 737 MAX 8,0
landing,JFK,22L,1785260471.31,2026-07-28T17:41:11Z,40.635166,-73.762741,208.1,4caeb8,EI-TYB,A339,AIRBUS A-330-900,0
takeoff,JFK,22L,1785260471.31,2026-07-28T17:41:11Z,40.635166,-73.762741,208.1,4caeb8,EI-TYB,A339,AIRBUS A-330-900,0
landing,JFK,22L,1785260471.8,2026-07-28T17:41:11Z,40.634948,-73.762909,208.1,4caeb8,EI-TYB,A339,AIRBUS A-330-900,0
takeoff,JFK,22R,1785260535.86,2026-07-28T17:42:15Z,40.646358,-73.766586,209.6,7380c2,4X-EDC,B789,BOEING 787-9 Dreamliner,0
landing,LGA,22,1785260556.46,2026-07-28T17:42:36Z,40.774601,-73.879593,208.1,a52911,N431YX,E75L,EMBRAER ERJ-170-200 (long wing),0
landing,JFK,22L,1785260572.93,2026-07-28T17:42:52Z,40.635612,-73.762375,210.9,780f3a,B-7347,B77W,BOEING 777-300ER,0
takeoff,LGA,13,1785260663.13,2026-07-28T17:44:23Z,40.781588,-73.877033,123.8,a50549,N422YX,E75L,EMBRAER ERJ-170-200 (long wing),0
landing,JFK,22L,1785260688.05,2026-07-28T17:44:48Z,40.636112,-73.761848,210.9,ab2855,N818NW,A333,AIRBUS A-330-300,0
takeoff,JFK,22R,1785260703.95,2026-07-28T17:45:03Z,40.647226,-73.765906,210.9,869560,JA795A,B77W,BOEING 777-300ER,0
takeoff,JFK,22R,1785260787.93,2026-07-28T17:46:27Z,40.646404,-73.766541,210.9,4bb14b,TC-LJK,B77W,BOEING 777-300ER,0
landing,JFK,22L,1785260840.71,2026-07-28T17:47:20Z,40.633816,-73.76384,213.8,a4b64b,N402YX,E75L,EMBRAER ERJ-170-200 (long wing),0
landing,JFK,22L,1785260842.14,2026-07-28T17:47:22Z,40.633598,-73.764033,216.6,a4b64b,N402YX,E75L,EMBRAER ERJ-170-200 (long wing),0
landing,LGA,22,1785260893.14,2026-07-28T17:48:13Z,40.77158,-73.882126,210.9,aa7a1f,N774YX,E75L,,0
landing,JFK,22L,1785260914.61,2026-07-28T17:48:34Z,40.63512,-73.762787,210.9,0d094c,XA-VAQ,A320,AIRBUS A-320,0
landing,LGA,22,1785260953.31,2026-07-28T17:49:13Z,40.777691,-73.877075,210.9,a042d5,N116DN,A321,AIRBUS A-321,0
landing,JFK,22L,1785261009.83,2026-07-28T17:50:09Z,40.635155,-73.762756,210.9,abb775,N854NW,A332,AIRBUS A-330-200,0
landing,JFK,22R,1785261059.94,2026-07-28T17:50:59Z,40.633598,-73.776535,208.1,a37842,N3221J,BCS3,,0
takeoff,JFK,22R,1785261127.6,2026-07-28T17:52:07Z,40.646307,-73.766639,210.9,840a64,JA02WJ,A35K,AIRBUS A-350-1000,0
landing,JFK,22L,1785261148.22,2026-07-28T17:52:28Z,40.635251,-73.762691,208.1,a5e3e4,N479PX,CRJ9,BOMBARDIER Regional Jet CRJ-900,0
landing,JFK,22L,1785261208.29,2026-07-28T17:53:28Z,40.634331,-73.763382,210.9,ab4489,N825MH,B764,BOEING 767-400,0
landing,JFK,22R,1785261249.26,2026-07-28T17:54:09Z,40.631852,-73.777922,210.9,0c218d,HP-9932CMP,B39M,BOEING 737 MAX 9,0
landing,JFK,22L,1785261307.12,2026-07-28T17:55:07Z,40.63532,-73.762613,209.6,0d085c,XA-AMX,B788,BOEING 787-8 Dreamliner,0
landing,JFK,22R,1785261386.59,2026-07-28T17:56:26Z,40.631352,-73.778328,208.1,a54312,N438YX,E75L,EMBRAER ERJ-170-200 (long wing),0
landing,JFK,22L,1785261412.19,2026-07-28T17:56:52Z,40.634482,-73.763284,210.9,a120fe,N172DZ,B763,BOEING 767-300,0
takeoff,JFK,22L,1785261412.19,2026-07-28T17:56:52Z,40.634482,-73.763284,210.9,a120fe,N172DZ,B763,BOEING 767-300,0
landing,JFK,22L,1785261412.82,2026-07-28T17:56:52Z,40.634261,-73.763455,210.9,a120fe,N172DZ,B763,BOEING 767-300,0
takeoff,LGA,13,1785261439.98,2026-07-28T17:57:19Z,40.780028,-73.873787,123.8,a0cdf3,N151AN,A321,AIRBUS A-321,0
takeoff,JFK,22R,1785261491.35,2026-07-28T17:58:11Z,40.646542,-73.766434,209.6,04c119,5Y-KZC,B788,BOEING 787-8 Dreamliner,0
landing,JFK,22R,1785261492.01,2026-07-28T17:58:12Z,40.646347,-73.766586,209.6,04c119,5Y-KZC,B788,BOEING 787-8 Dreamliner,0
takeoff,JFK,22R,1785261492.89,2026-07-28T17:58:12Z,40.646167,-73.766717,209.6,04c119,5Y-KZC,B788,BOEING 787-8 Dreamliner,0
takeoff,LGA,13,1785261502.97,2026-07-28T17:58:22Z,40.781913,-73.87772,120.9,ac0a75,N875RW,E170,EMBRAER ERJ-170-100,0
landing,JFK,22L,1785261508.37,2026-07-28T17:58:28Z,40.635075,-73.762833,210.9,aa4548,N761AJ,B772,BOEING 777-200,0
landing,JFK,22R,1785261583.02,2026-07-28T17:59:43Z,40.632694,-73.777267,210.9,ad2862,N947NN,B738,BOEING 737-800,0
landing,JFK,22L,1785261605.25,2026-07-28T18:00:05Z,40.635192,-73.762722,210.9,407995,G-STBP,B77W,BOEING 777-300ER,0
takeoff,JFK,22L,1785261605.25,2026-07-28T18:00:05Z,40.635192,-73.762722,210.9,407995,G-STBP,B77W,BOEING 777-300ER,0
landing,JFK,22L,1785261606.56,2026-07-28T18:00:06Z,40.634743,-73.763077,210.9,407995,G-STBP,B77W,BOEING 777-300ER,0
takeoff,LGA,13,1785261633.64,2026-07-28T18:00:33Z,40.781673,-73.877197,123.8,a23844,N242JQ,E75L,EMBRAER ERJ-170-200 (long wing),0
takeoff,JFK,22R,1785261677.89,2026-07-28T18:01:17Z,40.646954,-73.766113,210.9,01028a,,,,
landing,JFK,22L,1785261723.38,2026-07-28T18:02:03Z,40.637844,-73.760651,210.9,4b187a,HB-JHA,A333,AIRBUS A-330-300,0
landing,LGA,22,1785261739.38,2026-07-28T18:02:19Z,40.77578,-73.878656,210.9,a43e83,N37267,B738,BOEING 737-800,0
takeoff,LGA,13,1785261752.99,2026-07-28T18:02:32Z,40.780621,-73.875015,123.8,a2f5b4,N290CH,CL30,BOMBARDIER BD-100 Challenger 300,8
takeoff,JFK,22R,1785261851.65,2026-07-28T18:04:11Z,40.646931,-73.766129,210.9,ad3581,N950JT,A321,AIRBUS A-321,0
landing,JFK,22R,1785261852.79,2026-07-28T18:04:12Z,40.646551,-73.766421,210.9,ad3581,N950JT,A321,AIRBUS A-321,0
takeoff,JFK,22R,1785261852.79,2026-07-28T18:04:12Z,40.646551,-73.766421,210.9,ad3581,N950JT,A321,AIRBUS A-321,0
landing,JFK,22L,1785261859.64,2026-07-28T18:04:19Z,40.632362,-73.764938,210.9,3c7a44,D-ANRD,A339,AIRBUS A-330-900,0
landing,LGA,22,1785261922.32,2026-07-28T18:05:22Z,40.776257,-73.878281,210.9,acb470,N918AN,B738,BOEING 737-800,0
takeoff,LGA,13,1785261941.73,2026-07-28T18:05:41Z,40.780609,-73.874985,123.8,ac75fa,N9015R,,,0
landing,JFK,22L,1785262042.54,2026-07-28T18:07:22Z,40.632876,-73.764532,209.6,485e30,PH-BKK,B78X,BOEING 787-10 Dreamliner,0
takeoff,JFK,22L,1785262042.87,2026-07-28T18:07:22Z,40.632706,-73.764664,209.6,485e30,PH-BKK,B78X,BOEING 787-10 Dreamliner,0
landing,JFK,22L,1785262043.33,2026-07-28T18:07:23Z,40.63258,-73.764771,209.6,485e30,PH-BKK,B78X,BOEING 787-10 Dreamliner,0
landing,JFK,22L,1785262158.51,2026-07-28T18:09:18Z,40.635192,-73.762722,210.9,780204,B-KPD,B77W,BOEING 777-300ER,0
landing,LGA,22,1785262186.09,2026-07-28T18:09:46Z,40.774921,-73.879364,210.9,ada699,N979RP,E170,EMBRAER ERJ-170-100,0
takeoff,JFK,22R,1785262251.28,2026-07-28T18:10:51Z,40.645283,-73.767451,210.9,71be21,HL7621,A388,AIRBUS A-380-800,0
landing,JFK,22L,1785262254.88,2026-07-28T18:10:54Z,40.632399,-73.764907,210.9,a95881,N701CK,B744,BOEING 747-400,0
takeoff,LGA,13,1785262288.81,2026-07-28T18:11:28Z,40.780323,-73.87439,123.8,a35ae4,N315RJ,B38M,BOEING 737 MAX 8,0
takeoff,JFK,22R,1785262406.22,2026-07-28T18:13:26Z,40.646155,-73.766733,208.1,a72b6b,N561JB,A320,AIRBUS A-320,0
landing,JFK,22L,1785262426.31,2026-07-28T18:13:46Z,40.635773,-73.762299,210.9,ad9b28,N976NN,B738,BOEING 737-800,0
landing,JFK,22L,1785262426.61,2026-07-28T18:13:46Z,40.635658,-73.762375,210.9,ad9b28,N976NN,B738,BOEING 737-800,0
takeoff,JFK,22R,1785262464.9,2026-07-28T18:14:24Z,40.646318,-73.766592,210.9,4c0221,YU-ARB,A332,AIRBUS A-330-200,0
takeoff,LGA,13,1785262479.47,2026-07-28T18:14:39Z,40.781422,-73.876678,123.8,a5255a,N430YX,E75L,EMBRAER ERJ-170-200 (long wing),0
landing,JFK,22L,1785262497.61,2026-07-28T18:14:57Z,40.636112,-73.762004,208.1,a1d368,N2169J,A21N,AIRBUS A-321neo,0
landing,JFK,22L,1785262572.24,2026-07-28T18:16:12Z,40.633924,-73.763721,208.1,0c6061,9Y-TTO,B38M,BOEING 737 MAX 8,0
takeoff,JFK,22R,1785262600.15,2026-07-28T18:16:40Z,40.646805,-73.766235,210.9,a7b7c5,N597DT,A21N,AIRBUS A-321neo,0
landing,LGA,22,1785262640.89,2026-07-28T18:17:20Z,40.779178,-73.875862,210.9,a6eda1,N54552,A21N,AIRBUS A-321neo,0
takeoff,LGA,13,1785262665.93,2026-07-28T18:17:45Z,40.780231,-73.874176,123.8,a495b4,N395DN,B738,BOEING 737-800,0
landing,JFK,22L,1785262724.53,2026-07-28T18:18:44Z,40.638498,-73.760147,210.9,abc651,N858NW,A332,AIRBUS A-330-200,0
landing,JFK,22L,1785262875.62,2026-07-28T18:21:15Z,40.636471,-73.761749,210.9,a4ccba,N4080J,A21N,,0
landing,LGA,22,1785262901.76,2026-07-28T18:21:41Z,40.775059,-73.879233,210.9,abd063,N860RW,E170,EMBRAER ERJ-170-100,0
takeoff,JFK,22R,1785262921.17,2026-07-28T18:22:01Z,40.646342,-73.766592,208.1,acaf0b,N916XJ,CRJ9,BOMBARDIER Regional Jet CRJ-900,0
landing,LGA,22,1785263012.45,2026-07-28T18:23:32Z,40.77805,-73.876799,210.9,a451db,N378DN,A321,AIRBUS A-321,0
takeoff,LGA,13,1785263042.46,2026-07-28T18:24:02Z,40.780237,-73.874193,123.8,a324ce,N301UC,B38M,BOEING 737 MAX 8,0
landing,JFK,22L,1785263080.8,2026-07-28T18:24:40Z,40.6348,-73.763031,210.9,a16273,N189DN,B763,BOEING 767-300,0
takeoff,JFK,22R,1785263110.1,2026-07-28T18:25:10Z,40.645806,-73.767014,208.1,ab3c58,N823DN,B739,BOEING 737-900,0
landing,LGA,22,1785263159.15,2026-07-28T18:25:59Z,40.779053,-73.875946,213.8,a44969,N3755D,B738,BOEING 737-800,0
landing,JFK,22L,1785263177.08,2026-07-28T18:26:17Z,40.635464,-73.762497,210.9,a12861,N174DN,B763,BOEING 767-300,0
landing,LGA,22,1785263242.84,2026-07-28T18:27:22Z,40.778759,-73.876206,210.9,a071c2,N128DN,A321,AIRBUS A-321,0
landing,JFK,22L,1785263278.09,2026-07-28T18:27:58Z,40.635786,-73.762254,210.9,a14104,N180DN,B763,BOEING 767-300,0
takeoff,JFK,22L,1785263278.09,2026-07-28T18:27:58Z,40.635786,-73.762254,210.9,a14104,N180DN,B763,BOEING 767-300,0
landing,JFK,22L,1785263279.6,2026-07-28T18:27:59Z,40.635235,-73.762695,210.9,a14104,N180DN,B763,BOEING 767-300,0
takeoff,JFK,22R,1785263328.77,2026-07-28T18:28:48Z,40.647148,-73.765976,210.9,acc3b4,N921US,A321,AIRBUS A-321,0
landing,LGA,22,1785263336.34,2026-07-28T18:28:56Z,40.775606,-73.878828,210.9,acd88e,N927DZ,B739,BOEING 737-900,0
landing,JFK,22L,1785263404.03,2026-07-28T18:30:04Z,40.633873,-73.763779,210.9,a4c592,N4062J,A21N,AIRBUS A-321neo,0
landing,JFK,22L,1785263501.74,2026-07-28T18:31:41Z,40.63411,-73.76358,210.9,ab72b3,N837DN,B739,BOEING 737-900,0
takeoff,JFK,22R,1785263542.42,2026-07-28T18:32:22Z,40.649274,-73.764298,210.9,a9fde2,N743CA,P212,TECNAM P-2012 Traveller,0
landing,JFK,22L,1785263613.01,2026-07-28T18:33:33Z,40.635355,-73.762597,210.9,3c6719,D-AIXY,A359,AIRBUS A-350-900,0
landing,LGA,22,1785263640.48,2026-07-28T18:34:00Z,40.781124,-73.874237,210.9,ad124e,N941QS,C68A,,0
landing,LGA,22,1785263711.12,2026-07-28T18:35:11Z,40.777293,-73.877423,210.9,a037b9,N113DX,A321,AIRBUS A-321,0
landing,JFK,22L,1785263723.47,2026-07-28T18:35:23Z,40.634903,-73.762924,210.9,a18284,N197DN,B763,BOEING 767-300,0
takeoff,LGA,13,1785263772.42,2026-07-28T18:36:12Z,40.780083,-73.873886,123.8,a42a5c,N368DN,A321,AIRBUS A-321,0
landing,LGA,22,1785263824.51,2026-07-28T18:37:04Z,40.780191,-73.875051,210.9,a34ae6,N311DU,BCS3,AIRBUS A220-300,0
takeoff,LGA,13,1785263840.75,2026-07-28T18:37:20Z,40.781716,-73.877283,123.8,a04e60,N119HQ,E75L,EMBRAER ERJ-170-200 (long wing),0
landing,LGA,22,1785263887.5,2026-07-28T18:38:07Z,40.777679,-73.877121,210.9,acffb7,N937AN,B738,BOEING 737-800,0
landing,JFK,22L,1785263937.99,2026-07-28T18:38:57Z,40.635681,-73.762363,210.9,acbe37,N920AN,B738,BOEING 737-800,0
landing,LGA,22,1785263972.43,2026-07-28T18:39:32Z,40.777416,-73.877319,210.9,a45b96,N380DA,B738,BOEING 737-800,0
takeoff,LGA,22,1785263972.43,2026-07-28T18:39:32Z,40.777416,-73.877319,210.9,a45b96,N380DA,B738,BOEING 737-800,0
landing,LGA,22,1785263973.72,2026-07-28T18:39:33Z,40.776979,-73.877688,210.9,a45b96,N380DA,B738,BOEING 737-800,0
landing,JFK,22L,1785264032.42,2026-07-28T18:40:32Z,40.635844,-73.762223,210.9,ab4fd4,N828NW,A333,AIRBUS A-330-300,0
takeoff,JFK,22R,1785264039.32,2026-07-28T18:40:39Z,40.645655,-73.767138,210.9,a3549d,N3132J,BCS3,AIRBUS A220-300,0
landing,LGA,22,1785264107.31,2026-07-28T18:41:47Z,40.775512,-73.87889,210.9,a51b93,N428YX,E75L,EMBRAER ERJ-170-200 (long wing),0
landing,LGA,22,1785264110.31,2026-07-28T18:41:50Z,40.77507,-73.879257,210.9,a51b93,N428YX,E75L,EMBRAER ERJ-170-200 (long wing),0
landing,JFK,22L,1785264123.81,2026-07-28T18:42:03Z,40.632376,-73.764922,210.9,a4c02d,N405KZ,B744,BOEING 747-400,0
landing,JFK,22L,1785264125.64,2026-07-28T18:42:05Z,40.631759,-73.765422,210.9,a4c02d,N405KZ,B744,BOEING 747-400,0
landing,LGA,22,1785264171.24,2026-07-28T18:42:51Z,40.777908,-73.876923,210.9,a10614,N165US,A321,AIRBUS A-321,0
landing,JFK,22L,1785264274.41,2026-07-28T18:44:34Z,40.633575,-73.763992,210.9,a11380,N169DZ,B763,BOEING 767-300,0
takeoff,LGA,13,1785264322.14,2026-07-28T18:45:22Z,40.780014,-73.873749,123.8,a437da,N371DN,A321,AIRBUS A-321,0
landing,JFK,22L,1785264390.0,2026-07-28T18:46:30Z,40.635155,-73.762756,210.9,a01fee,N107NN,A321,AIRBUS A-321,0
landing,JFK,22L,1785264478.88,2026-07-28T18:47:58Z,40.63345,-73.764099,210.9,a445f8,N3747D,B738,BOEING 737-800,0
takeoff,JFK,22R,1785264495.11,2026-07-28T18:48:15Z,40.647401,-73.765765,210.9,a83e49,N630FR,A21N,AIRBUS A-321neo,0
takeoff,LGA,13,1785264576.84,2026-07-28T18:49:36Z,40.779797,-73.873306,123.8,ac96be,N910AU,A321,AIRBUS A-321,0
landing,JFK,22L,1785264585.27,2026-07-28T18:49:45Z,40.63461,-73.763175,209.6,ab30e6,N820AL,B789,BOEING 787-9 Dreamliner,0
takeoff,JFK,22R,1785264646.33,2026-07-28T18:50:46Z,40.645638,-73.76712,208.1,a38b84,N3276J,BCS3,AIRBUS A220-300,0
landing,LGA,22,1785264718.78,2026-07-28T18:51:58Z,40.775379,-73.879013,210.9,a03bcd,N114HQ,E75L,EMBRAER ERJ-170-200 (long wing),0
landing,JFK,22L,1785264728.23,2026-07-28T18:52:08Z,40.635623,-73.762394,210.9,738076,4X-ECF,B772,BOEING 777-200,0
takeoff,JFK,22L,1785264728.23,2026-07-28T18:52:08Z,40.635623,-73.762394,210.9,738076,4X-ECF,B772,BOEING 777-200,0
landing,JFK,22L,1785264729.28,2026-07-28T18:52:09Z,40.635223,-73.762695,210.9,738076,4X-ECF,B772,BOEING 777-200,0
takeoff,LGA,13,1785264770.27,2026-07-28T18:52:50Z,40.780249,-73.874239,123.8,a05f37,N123DW,A321,AIRBUS A-321,0
landing,JFK,22L,1785264836.19,2026-07-28T18:53:56Z,40.636496,-73.761708,210.9,400774,G-VIIW,B772,BOEING 777-200,0
takeoff,JFK,22L,1785264836.19,2026-07-28T18:53:56Z,40.636496,-73.761708,210.9,400774,G-VIIW,B772,BOEING 777-200,0
landing,JFK,22L,1785264836.35,2026-07-28T18:53:56Z,40.636414,-73.76177,210.9,400774,G-VIIW,B772,BOEING 777-200,0
takeoff,JFK,22L,1785264836.35,2026-07-28T18:53:56Z,40.636414,-73.76177,210.9,400774,G-VIIW,B772,BOEING 777-200,0
landing,JFK,22L,1785264836.68,2026-07-28T18:53:56Z,40.636333,-73.761832,210.9,400774,G-VIIW,B772,BOEING 777-200,0
takeoff,LGA,13,1785264872.01,2026-07-28T18:54:32Z,40.780163,-73.874069,123.8,c05efa,C-GJZD,DH8D,DE HAVILLAND DHC-8-400 Dash 8,0
takeoff,JFK,22R,1785264920.99,2026-07-28T18:55:20Z,40.64716,-73.765945,210.9,a6dbf3,N541DE,A21N,AIRBUS A-321neo,0
landing,JFK,22L,1785264948.62,2026-07-28T18:55:48Z,40.635681,-73.762332,209.6,abafe4,N852ML,B789,BOEING 787-9 Dreamliner,0
landing,LGA,22,1785264989.01,2026-07-28T18:56:29Z,40.777611,-73.877151,210.9,ac4801,N8902Q,B38M,BOEING 737 MAX 8,0
landing,LGA,22,1785265101.74,2026-07-28T18:58:21Z,40.771684,-73.882027,210.9,a08acb,N134HQ,E75L,EMBRAER ERJ-170-200 (long wing),0
takeoff,LGA,13,1785265112.66,2026-07-28T18:58:32Z,40.780307,-73.874349,123.8,aa7e79,N77535,B738,BOEING 737-800,0
landing,JFK,22L,1785265292.1,2026-07-28T19:01:32Z,40.634285,-73.763428,210.9,40771a,G-VDOT,A35K,AIRBUS A-350-1000,0
takeoff,JFK,22R,1785265320.18,2026-07-28T19:02:00Z,40.646388,-73.766561,210.9,ab80f4,N840MH,B764,BOEING 767-400,0
takeoff,LGA,13,1785265371.99,2026-07-28T19:02:51Z,40.780307,-73.874364,123.8,a2db21,N283WN,B737,BOEING 737-700,0
landing,JFK,22L,1785265462.09,2026-07-28T19:04:22Z,40.636299,-73.761856,210.9,a198ed,N2016J,A21N,AIRBUS A-321neo,0
takeoff,JFK,22L,1785265462.09,2026-07-28T19:04:22Z,40.636299,-73.761856,210.9,a198ed,N2016J,A21N,AIRBUS A-321neo,0
landing,JFK,22L,1785265462.75,2026-07-28T19:04:22Z,40.63603,-73.762051,210.9,a198ed,N2016J,A21N,AIRBUS A-321neo,0
takeoff,JFK,22R,1785265541.63,2026-07-28T19:05:41Z,40.646947,-73.766124,208.1,a66239,N510JB,A320,AIRBUS A-320,0
landing,JFK,22L,1785265552.45,2026-07-28T19:05:52Z,40.635995,-73.762098,210.9,710110,HZ-AK38,B77W,BOEING 777-300ER,0
landing,JFK,22L,1785265730.27,2026-07-28T19:08:50Z,40.632364,-73.764954,208.1,a0345f,N112HQ,E75L,EMBRAER ERJ-170-200 (long wing),0
takeoff,JFK,22L,1785265730.27,2026-07-28T19:08:50Z,40.632364,-73.764954,208.1,a0345f,N112HQ,E75L,EMBRAER ERJ-170-200 (long wing),0
landing,JFK,22L,1785265734.72,2026-07-28T19:08:54Z,40.63163,-73.765518,210.9,a0345f,N112HQ,E75L,EMBRAER ERJ-170-200 (long wing),0
landing,JFK,22L,1785265808.01,2026-07-28T19:10:08Z,40.633866,-73.763768,210.9,a7b832,N597JB,A320,AIRBUS A-320,0
takeoff,LGA,13,1785265829.53,2026-07-28T19:10:29Z,40.780003,-73.873703,123.8,a37389,N321RL,B38M,BOEING 737 MAX 8,0
takeoff,JFK,22R,1785265887.75,2026-07-28T19:11:27Z,40.64647,-73.766499,208.1,a5e3e4,N479PX,CRJ9,BOMBARDIER Regional Jet CRJ-900,0
landing,JFK,22L,1785265912.24,2026-07-28T19:11:52Z,40.635786,-73.762269,210.9,4a91b2,SE-DMR,A21N,AIRBUS A-321neo,0
takeoff,JFK,22L,1785265912.24,2026-07-28T19:11:52Z,40.635786,-73.762269,210.9,4a91b2,SE-DMR,A21N,AIRBUS A-321neo,0
landing,JFK,22L,1785265913.07,2026-07-28T19:11:53Z,40.635521,-73.762482,210.9,4a91b2,SE-DMR,A21N,AIRBUS A-321neo,0
takeoff,JFK,22R,1785265943.24,2026-07-28T19:12:23Z,40.647022,-73.766083,208.1,ab8031,N840DN,B739,BOEING 737-900,0
landing,JFK,22L,1785266077.26,2026-07-28T19:14:37Z,40.630502,-73.766623,222.2,a03816,N113HQ,E75L,EMBRAER ERJ-170-200 (long wing),0
takeoff,LGA,13,1785266123.12,2026-07-28T19:15:23Z,40.779446,-73.872554,123.8,a3bdac,N340DU,BCS3,AIRBUS A220-300,0
takeoff,JFK,22R,1785266165.05,2026-07-28T19:16:05Z,40.64619,-73.766701,210.9,a0563b,N1201P,B763,BOEING 767-300,0
landing,LGA,22,1785266183.59,2026-07-28T19:16:23Z,40.77713,-73.877563,210.9,c05bd6,C-GIUF,A321,AIRBUS A-321,0
takeoff,JFK,22R,1785266284.33,2026-07-28T19:18:04Z,40.647125,-73.765991,210.9,a7c7a2,N600DZ,A21N,AIRBUS A-321neo,0
landing,JFK,22L,1785266302.54,2026-07-28T19:18:22Z,40.634017,-73.763658,210.9,ab6fbf,N836MH,B764,BOEING 767-400,0
landing,LGA,22,1785266342.82,2026-07-28T19:19:02Z,40.779419,-73.875641,213.8,c06709,C-GNAM,BCS3,AIRBUS A220-300,0
takeoff,LGA,22,1785266342.82,2026-07-28T19:19:02Z,40.779419,-73.875641,213.8,c06709,C-GNAM,BCS3,AIRBUS A220-300,0
landing,LGA,22,1785266343.18,2026-07-28T19:19:03Z,40.779293,-73.875748,213.8,c06709,C-GNAM,BCS3,AIRBUS A220-300,0
takeoff,LGA,13,1785266352.8,2026-07-28T19:19:12Z,40.781742,-73.87735,123.8,aa7a1f,N774YX,E75L,,0
landing,JFK,22L,1785266401.47,2026-07-28T19:20:01Z,40.635553,-73.762441,209.6,4cab80,EI-NYE,B789,BOEING 787-9 Dreamliner,0
takeoff,JFK,22L,1785266401.47,2026-07-28T19:20:01Z,40.635553,-73.762441,209.6,4cab80,EI-NYE,B789,BOEING 787-9 Dreamliner,0
landing,JFK,22L,1785266402.56,2026-07-28T19:20:02Z,40.635192,-73.762722,209.6,4cab80,EI-NYE,B789,BOEING 787-9 Dreamliner,0
takeoff,JFK,22R,1785266425.03,2026-07-28T19:20:25Z,40.647145,-73.765952,210.9,a32095,N300NY,A21N,AIRBUS A-321neo,0
takeoff,LGA,13,1785266426.61,2026-07-28T19:20:26Z,40.781662,-73.877197,123.8,abd7d1,N862RW,E170,EMBRAER ERJ-170-100,0
takeoff,LGA,13,1785266510.03,2026-07-28T19:21:50Z,40.780334,-73.874405,123.8,a12709,N17320,B38M,BOEING 737 MAX 8,0
landing,JFK,22L,1785266568.04,2026-07-28T19:22:48Z,40.636608,-73.761627,210.9,a69bcd,N525DA,A21N,AIRBUS A-321neo,0
landing,LGA,22,1785266604.49,2026-07-28T19:23:24Z,40.776083,-73.878422,210.9,abdb35,N863NN,B738,BOEING 737-800,0
takeoff,JFK,22R,1785266624.49,2026-07-28T19:23:44Z,40.646993,-73.766093,210.9,abfa65,N871DN,B739,BOEING 737-900,0
landing,JFK,22L,1785266645.09,2026-07-28T19:24:05Z,40.634738,-73.763065,210.9,394a04,F-GSQE,B77W,BOEING 777-300ER,0
takeoff,JFK,22R,1785266682.02,2026-07-28T19:24:42Z,40.64756,-73.765656,208.1,a37af8,N323RM,B38M,BOEING 737 MAX 8,0
landing,LGA,22,1785266766.44,2026-07-28T19:26:06Z,40.77697,-73.877701,210.9,acdbef,N928AN,B738,BOEING 737-800,0
landing,JFK,22L,1785266796.38,2026-07-28T19:26:36Z,40.637706,-73.760756,210.9,a3c5ea,N342NB,A319,AIRBUS A-319,0
landing,LGA,22,1785266865.18,2026-07-28T19:27:45Z,40.776467,-73.87811,210.9,a854d0,N636JB,A320,AIRBUS A-320,0
landing,JFK,22L,1785266865.8,2026-07-28T19:27:45Z,40.633381,-73.764145,210.9,06a07a,A7-BAM,B77W,BOEING 777-300ER,0
takeoff,JFK,22R,1785266908.18,2026-07-28T19:28:28Z,40.646854,-73.766171,210.9,ad2862,N947NN,B738,BOEING 737-800,0
landing,JFK,22L,1785266986.11,2026-07-28T19:29:46Z,40.633953,-73.763687,210.9,a1286c,N174DZ,B763,BOEING 767-300,0
landing,LGA,22,1785267019.42,2026-07-28T19:30:19Z,40.778229,-73.876663,210.9,a3b3e5,N338DU,BCS3,AIRBUS A220-300,0
landing,JFK,22L,1785267119.76,2026-07-28T19:31:59Z,40.634766,-73.763046,208.1,a1aaae,N2060J,A21N,AIRBUS A-321neo,0
landing,LGA,22,1785267174.7,2026-07-28T19:32:54Z,40.777622,-73.877151,210.9,a471ec,N386DN,A321,AIRBUS A-321,0
landing,JFK,22R,1785267189.61,2026-07-28T19:33:09Z,40.633553,-73.776596,210.9,a1939a,N200SG,FA50,DASSAULT Falcon 50,0
landing,JFK,22L,1785267198.56,2026-07-28T19:33:18Z,40.635483,-73.762504,209.6,4075c1,G-CKWN,B789,BOEING 787-9 Dreamliner,0
takeoff,JFK,22R,1785267270.06,2026-07-28T19:34:30Z,40.647063,-73.76603,208.1,0c6064,9Y-SUR,B38M,BOEING 737 MAX 8,0
landing,JFK,22L,1785267319.55,2026-07-28T19:35:19Z,40.632504,-73.764844,210.9,a0f4b5,N1605,B763,BOEING 767-300,0
takeoff,JFK,22R,1785267323.17,2026-07-28T19:35:23Z,40.64711,-73.765984,210.9,a50adc,N424DX,A339,AIRBUS A-330-900,0
landing,JFK,22R,1785267404.17,2026-07-28T19:36:44Z,40.633004,-73.777001,210.9,a77dae,N582DN,A21N,,0
takeoff,JFK,22R,1785267404.17,2026-07-28T19:36:44Z,40.633004,-73.777001,210.9,a77dae,N582DN,A21N,,0
landing,JFK,22R,1785267404.81,2026-07-28T19:36:44Z,40.632795,-73.777157,210.9,a77dae,N582DN,A21N,,0
landing,JFK,22L,1785267430.07,2026-07-28T19:37:10Z,40.634785,-73.763034,210.9,89639f,A6-EOF,A388,AIRBUS A-380-800,0
landing,JFK,22L,1785267430.78,2026-07-28T19:37:10Z,40.634537,-73.763229,210.9,89639f,A6-EOF,A388,AIRBUS A-380-800,0
landing,JFK,22R,1785267509.14,2026-07-28T19:38:29Z,40.63134,-73.778328,208.1,a03765,N113AN,A321,AIRBUS A-321,0
takeoff,JFK,22R,1785267593.4,2026-07-28T19:39:53Z,40.646656,-73.766357,210.9,896597,A6-XWB,A35K,AIRBUS A-350-1000,0
landing,JFK,22R,1785267594.15,2026-07-28T19:39:54Z,40.646388,-73.766577,210.9,896597,A6-XWB,A35K,AIRBUS A-350-1000,0
takeoff,JFK,22R,1785267594.15,2026-07-28T19:39:54Z,40.646388,-73.766577,210.9,896597,A6-XWB,A35K,AIRBUS A-350-1000,0
landing,LGA,22,1785267647.14,2026-07-28T19:40:47Z,40.777968,-73.876892,210.9,ac4888,N8906K,B38M,BOEING 737 MAX 8,0
landing,JFK,22L,1785267698.56,2026-07-28T19:41:38Z,40.637192,-73.761154,210.9,ab249e,N817NW,A333,AIRBUS A-330-300,0
landing,JFK,22L,1785267843.38,2026-07-28T19:44:03Z,40.633404,-73.764114,210.9,0d0dda,XA-CCO,B38M,BOEING 737 MAX 8,0
takeoff,LGA,13,1785267860.07,2026-07-28T19:44:20Z,40.780354,-73.874458,123.8,abe0df,N8646B,B738,BOEING 737-800,0
takeoff,JFK,22R,1785267885.27,2026-07-28T19:44:45Z,40.647517,-73.765671,210.9,ac858a,N906AV,A20N,AIRBUS A-320neo,0
landing,JFK,22R,1785267886.1,2026-07-28T19:44:46Z,40.647377,-73.765793,210.9,ac858a,N906AV,A20N,AIRBUS A-320neo,0
takeoff,JFK,22R,1785267886.39,2026-07-28T19:44:46Z,40.647191,-73.765937,210.9,ac858a,N906AV,A20N,AIRBUS A-320neo,0
landing,JFK,22L,1785267965.86,2026-07-28T19:46:05Z,40.63662,-73.761597,210.9,a52aed,N432DX,A339,AIRBUS A-330-900,0
landing,LGA,22,1785267968.66,2026-07-28T19:46:08Z,40.777943,-73.876862,210.9,a3d2e5,N34547,A21N,AIRBUS A-321neo,0
landing,JFK,22L,1785268079.56,2026-07-28T19:47:59Z,40.633747,-73.763855,210.9,aa7082,N772AN,B772,BOEING 777-200,0
landing,JFK,22L,1785268277.29,2026-07-28T19:51:17Z,40.637569,-73.760864,208.1,a6b0bd,N530DE,A21N,,0
takeoff,JFK,22R,1785268344.17,2026-07-28T19:52:24Z,40.646551,-73.766421,208.1,0c218d,HP-9932CMP,B39M,BOEING 737 MAX 9,0
landing,JFK,22L,1785268375.78,2026-07-28T19:52:55Z,40.634657,-73.763159,210.9,8966cf,A6-XWH,A35K,AIRBUS A-350-1000,0
landing,LGA,22,1785268400.88,2026-07-28T19:53:20Z,40.775608,-73.878784,210.9,a288e4,N26208,B738,BOEING 737-800,0
takeoff,JFK,22R,1785268633.18,2026-07-28T19:57:13Z,40.647823,-73.765427,210.9,0d094c,XA-VAQ,A320,AIRBUS A-320,0
landing,JFK,22L,1785268659.94,2026-07-28T19:57:39Z,40.635472,-73.762519,210.9,a7d673,N604DN,A21N,AIRBUS A-321neo,0
landing,JFK,22L,1785268661.17,2026-07-28T19:57:41Z,40.635052,-73.762848,208.1,a7d673,N604DN,A21N,AIRBUS A-321neo,0
takeoff,JFK,22R,1785268747.92,2026-07-28T19:59:07Z,40.646551,-73.766436,208.1,a1bc92,N2105J,A21N,AIRBUS A-321neo,0
landing,JFK,22L,1785268772.36,2026-07-28T19:59:32Z,40.633965,-73.763718,210.9,a1373d,N178DN,B763,BOEING 767-300,0
takeoff,JFK,22R,1785268857.47,2026-07-28T20:00:57Z,40.646885,-73.766174,208.1,ab72b3,N837DN,B739,BOEING 737-900,0
takeoff,LGA,13,1785268880.87,2026-07-28T20:01:20Z,40.780231,-73.874207,123.8,acd88e,N927DZ,B739,BOEING 737-900,0
landing,JFK,22L,1785269069.02,2026-07-28T20:04:29Z,40.634892,-73.76297,210.9,a32861,N302SS,B38M,BOEING 737 MAX 8,0
takeoff,JFK,22R,1785269101.17,2026-07-28T20:05:01Z,40.646484,-73.766479,210.9,a5b3ad,N467AS,B739,BOEING 737-900,0
takeoff,LGA,13,1785269103.71,2026-07-28T20:05:03Z,40.779981,-73.873662,123.8,a451db,N378DN,A321,AIRBUS A-321,0
landing,LGA,13,1785269104.9,2026-07-28T20:05:04Z,40.779679,-73.873053,123.8,a451db,N378DN,A321,AIRBUS A-321,0
takeoff,LGA,13,1785269104.9,2026-07-28T20:05:04Z,40.779679,-73.873053,123.8,a451db,N378DN,A321,AIRBUS A-321,0
landing,JFK,22L,1785269166.32,2026-07-28T20:06:06Z,40.638847,-73.759882,210.9,4ca9ba,EI-LRA,A21N,AIRBUS A-321neo,0
takeoff,JFK,22L,1785269166.97,2026-07-28T20:06:06Z,40.638634,-73.76004,210.9,4ca9ba,EI-LRA,A21N,AIRBUS A-321neo,0
landing,JFK,22L,1785269167.92,2026-07-28T20:06:07Z,40.638288,-73.760319,210.9,4ca9ba,EI-LRA,A21N,AIRBUS A-321neo,0
takeoff,JFK,22R,1785269248.59,2026-07-28T20:07:28Z,40.646301,-73.766632,213.8,a61173,N490PX,CRJ9,BOMBARDIER Regional Jet CRJ-900,0
landing,JFK,22L,1785269273.11,2026-07-28T20:07:53Z,40.632923,-73.764501,210.9,ad38bf,N951DX,B739,BOEING 737-900,0
takeoff,LGA,13,1785269338.35,2026-07-28T20:08:58Z,40.780197,-73.874115,123.8,ab1d28,N815NN,B738,BOEING 737-800,0
landing,JFK,22L,1785269364.72,2026-07-28T20:09:24Z,40.636116,-73.761993,210.9,4b187e,HB-JHE,A333,AIRBUS A-330-300,0
landing,LGA,22,1785269430.0,2026-07-28T20:10:30Z,40.777634,-73.877151,212.5,a1f0db,N224LD,E35L,EMBRAER EMB-135 Legacy,8
landing,JFK,22L,1785269498.53,2026-07-28T20:11:38Z,40.635425,-73.762535,210.9,ab4bf7,N827MH,B764,BOEING 767-400,0
landing,JFK,22L,1785269621.02,2026-07-28T20:13:41Z,40.635704,-73.762344,210.9,400683,G-VIIK,B772,BOEING 777-200,0
takeoff,JFK,22R,1785269687.54,2026-07-28T20:14:47Z,40.649048,-73.764481,210.9,a0345f,N112HQ,E75L,EMBRAER ERJ-170-200 (long wing),0
landing,JFK,22L,1785269755.02,2026-07-28T20:15:55Z,40.634766,-73.763046,210.9,c028cd,C-FPLS,B738,BOEING 737-800,0
takeoff,LGA,13,1785269793.63,2026-07-28T20:16:33Z,40.780645,-73.875051,123.8,ac3e3a,N8882Q,B38M,BOEING 737 MAX 8,0
landing,JFK,22L,1785269885.49,2026-07-28T20:18:05Z,40.634548,-73.763229,210.9,a3661f,N318SF,B38M,BOEING 737 MAX 8,0
landing,LGA,22,1785269905.35,2026-07-28T20:18:25Z,40.777072,-73.87761,210.9,a0fbfa,N16234,B738,BOEING 737-800,0
landing,JFK,22L,1785270009.76,2026-07-28T20:20:09Z,40.634857,-73.763,208.1,a04641,N117AN,A321,AIRBUS A-321,0
takeoff,JFK,22R,1785270113.53,2026-07-28T20:21:53Z,40.646377,-73.766561,210.9,a120fe,N172DZ,B763,BOEING 767-300,0
landing,JFK,22L,1785270171.29,2026-07-28T20:22:51Z,40.636265,-73.761856,210.9,ac71dd,N9002U,A319,AIRBUS A-319,0
takeoff,LGA,13,1785270273.03,2026-07-28T20:24:33Z,40.78014,-73.874008,123.8,a071c2,N128DN,A321,AIRBUS A-321,0
landing,JFK,22L,1785270329.61,2026-07-28T20:25:29Z,40.634168,-73.763534,210.9,ab5365,N829MH,B764,BOEING 767-400,0
takeoff,JFK,22R,1785270415.38,2026-07-28T20:26:55Z,40.644945,-73.7677,210.9,3c6517,D-AIHW,A346,AIRBUS A-340-600,0
landing,JFK,22R,1785270415.93,2026-07-28T20:26:55Z,40.644805,-73.767809,210.9,3c6517,D-AIHW,A346,AIRBUS A-340-600,0
takeoff,JFK,22R,1785270415.93,2026-07-28T20:26:55Z,40.644805,-73.767809,210.9,3c6517,D-AIHW,A346,AIRBUS A-340-600,0
landing,JFK,22L,1785270467.62,2026-07-28T20:27:47Z,40.637112,-73.76123,208.1,a96ba2,N706JB,A320,AIRBUS A-320,0
takeoff,LGA,13,1785270498.17,2026-07-28T20:28:18Z,40.781754,-73.87738,123.8,a07bef,N130HQ,E75L,EMBRAER ERJ-170-200 (long wing),0
landing,JFK,22L,1785270579.9,2026-07-28T20:29:39Z,40.635425,-73.762535,210.9,a4dbef,N412DX,A339,AIRBUS A-330-900,0
takeoff,JFK,22R,1785270647.52,2026-07-28T20:30:47Z,40.645935,-73.766922,210.9,780204,B-KPD,B77W,BOEING 777-300ER,0
landing,JFK,22L,1785270678.75,2026-07-28T20:31:18Z,40.635541,-73.762441,210.9,478d42,LN-RKR,A333,AIRBUS A-330-300,0
landing,JFK,22L,1785270778.29,2026-07-28T20:32:58Z,40.634785,-73.76305,210.9,780bb9,B-2098,B77L,BOEING 777-200LR,0
takeoff,JFK,22R,1785270905.59,2026-07-28T20:35:05Z,40.646313,-73.766617,210.9,3c7a44,D-ANRD,A339,AIRBUS A-330-900,0
landing,JFK,22L,1785270911.86,2026-07-28T20:35:11Z,40.63617,-73.761957,212.4,740825,JY-BAE,B788,BOEING 787-8 Dreamliner,0
landing,JFK,22L,1785270913.06,2026-07-28T20:35:13Z,40.635773,-73.762268,212.4,740825,JY-BAE,B788,BOEING 787-8 Dreamliner,0
takeoff,JFK,22R,1785270997.23,2026-07-28T20:36:37Z,40.646016,-73.766842,210.9,4b187a,HB-JHA,A333,AIRBUS A-330-300,0
takeoff,JFK,22R,1785271106.68,2026-07-28T20:38:26Z,40.646667,-73.766343,210.9,a14104,N180DN,B763,BOEING 767-300,0
landing,JFK,22L,1785271107.99,2026-07-28T20:38:27Z,40.634674,-73.763138,210.9,add3dc,N990NN,B738,BOEING 737-800,0
takeoff,JFK,22R,1785271201.26,2026-07-28T20:40:01Z,40.646645,-73.766373,208.1,acbe37,N920AN,B738,BOEING 737-800,0
landing,JFK,22L,1785271244.17,2026-07-28T20:40:44Z,40.632328,-73.764969,210.9,abfe1c,N872DN,B739,BOEING 737-900,0
landing,LGA,22,1785271272.06,2026-07-28T20:41:12Z,40.775974,-73.878494,210.9,a10e8b,N16732,B737,BOEING 737-700,0
takeoff,JFK,22R,1785271273.47,2026-07-28T20:41:13Z,40.64626,-73.766686,209.6,485e30,PH-BKK,B78X,BOEING 787-10 Dreamliner,0
takeoff,JFK,22R,1785271394.12,2026-07-28T20:43:14Z,40.646865,-73.766202,208.1,ade9c0,N996JL,A321,AIRBUS A-321,0
landing,LGA,22,1785271433.02,2026-07-28T20:43:53Z,40.777991,-73.876861,210.9,ab3655,N821UA,A319,AIRBUS A-319,0
landing,LGA,22,1785271433.57,2026-07-28T20:43:53Z,40.77784,-73.876986,210.9,ab3655,N821UA,A319,AIRBUS A-319,0
takeoff,JFK,22R,1785271459.38,2026-07-28T20:44:19Z,40.646481,-73.766483,210.9,aa5428,N765AN,B772,BOEING 777-200,0
takeoff,LGA,13,1785271468.08,2026-07-28T20:44:28Z,40.781513,-73.876892,123.8,a07fa6,N131HQ,E75L,EMBRAER ERJ-170-200 (long wing),0
landing,JFK,22L,1785271478.35,2026-07-28T20:44:38Z,40.633793,-73.763824,210.9,ab8fd0,N844MH,B764,BOEING 767-400,0
takeoff,JFK,22R,1785271638.34,2026-07-28T20:47:18Z,40.646074,-73.766811,209.6,0d085c,XA-AMX,B788,BOEING 787-8 Dreamliner,0
landing,JFK,22L,1785271669.39,2026-07-28T20:47:49Z,40.634471,-73.763315,209.6,abac2c,N851MK,B789,BOEING 787-9 Dreamliner,0
takeoff,JFK,22R,1785271714.99,2026-07-28T20:48:34Z,40.645876,-73.766951,210.9,4caeb8,EI-TYB,A339,AIRBUS A-330-900,0
takeoff,LGA,13,1785271784.62,2026-07-28T20:49:44Z,40.781902,-73.877686,123.8,a09239,N136HQ,E75L,EMBRAER ERJ-170-200 (long wing),0
takeoff,JFK,22R,1785271835.63,2026-07-28T20:50:35Z,40.646358,-73.766586,210.9,a12c23,N175DZ,B763,BOEING 767-300,0
landing,JFK,22L,1785271882.82,2026-07-28T20:51:22Z,40.634878,-73.762972,210.9,344345,EC-LXK,A333,AIRBUS A-330-300,0
takeoff,JFK,22R,1785271908.54,2026-07-28T20:51:48Z,40.645934,-73.76692,210.9,a4ee82,N417DX,A339,AIRBUS A-330-900,0
takeoff,LGA,13,1785271923.54,2026-07-28T20:52:03Z,40.780459,-73.874692,123.8,acffb7,N937AN,B738,BOEING 737-800,0
takeoff,JFK,22R,1785271979.32,2026-07-28T20:52:59Z,40.64583,-73.767014,210.9,ab2855,N818NW,A333,AIRBUS A-330-300,0
takeoff,LGA,13,1785271998.67,2026-07-28T20:53:18Z,40.779772,-73.873256,123.8,c06709,C-GNAM,BCS3,AIRBUS A220-300,0
takeoff,LGA,13,1785272193.87,2026-07-28T20:56:33Z,40.78054,-73.874832,123.8,a6eda1,N54552,A21N,AIRBUS A-321neo,0
landing,LGA,13,1785272195.74,2026-07-28T20:56:35Z,40.780144,-73.874021,123.8,a6eda1,N54552,A21N,AIRBUS A-321neo,0
takeoff,LGA,13,1785272195.74,2026-07-28T20:56:35Z,40.780144,-73.874021,123.8,a6eda1,N54552,A21N,AIRBUS A-321neo,0
takeoff,JFK,22R,1785272233.11,2026-07-28T20:57:13Z,40.646912,-73.76614,210.9,a1939a,N200SG,FA50,DASSAULT Falcon 50,0
takeoff,LGA,13,1785272421.49,2026-07-28T21:00:21Z,40.780191,-73.874161,123.8,acb470,N918AN,B738,BOEING 737-800,0
landing,LGA,22,1785272523.83,2026-07-28T21:02:03Z,40.778,-73.876831,210.9,a43423,N370DN,A321,AIRBUS A-321,0
takeoff,JFK,22R,1785272533.26,2026-07-28T21:02:13Z,40.645111,-73.767548,210.9,4ca5c7,EI-DUZ,A333,AIRBUS A-330-300,0
landing,LGA,22,1785272701.85,2026-07-28T21:05:01Z,40.779679,-73.875441,213.8,a4ce9d,N409FR,A20N,AIRBUS A-320neo,0
landing,JFK,22L,1785272742.74,2026-07-28T21:05:42Z,40.634857,-73.763,210.9,a3484e,N310RF,B38M,BOEING 737 MAX 8,0
takeoff,JFK,22R,1785272787.63,2026-07-28T21:06:27Z,40.649483,-73.764145,208.1,a03816,N113HQ,E75L,EMBRAER ERJ-170-200 (long wing),0
landing,LGA,22,1785272829.34,2026-07-28T21:07:09Z,40.777386,-73.877345,210.9,ab766a,N838DN,B739,BOEING 737-900,0
landing,JFK,22L,1785272837.44,2026-07-28T21:07:17Z,40.632248,-73.76506,208.1,ad2baa,N948JB,A321,AIRBUS A-321,0
takeoff,LGA,13,1785272890.94,2026-07-28T21:08:10Z,40.780191,-73.874115,123.8,abdb35,N863NN,B738,BOEING 737-800,0
landing,JFK,22L,1785272949.56,2026-07-28T21:09:09Z,40.635123,-73.7628,210.9,ab3d41,N823NW,A333,AIRBUS A-330-300,0
takeoff,JFK,22R,1785272991.31,2026-07-28T21:09:51Z,40.647148,-73.765976,210.9,394a02,F-GSQC,B77W,BOEING 777-300ER,0
landing,JFK,22R,1785272994.19,2026-07-28T21:09:54Z,40.64629,-73.766647,210.9,394a02,F-GSQC,B77W,BOEING 777-300ER,0
takeoff,JFK,22R,1785272994.19,2026-07-28T21:09:54Z,40.64629,-73.766647,210.9,394a02,F-GSQC,B77W,BOEING 777-300ER,0
landing,JFK,22L,1785273076.18,2026-07-28T21:11:16Z,40.633388,-73.764158,210.9,ad4804,N955JB,A321,AIRBUS A-321,0
takeoff,JFK,22R,1785273124.26,2026-07-28T21:12:04Z,40.646586,-73.766405,210.9,a01fee,N107NN,A321,AIRBUS A-321,0
takeoff,JFK,22R,1785273181.64,2026-07-28T21:13:01Z,40.646935,-73.76614,208.1,a1bc29,N2102J,A21N,AIRBUS A-321neo,0
landing,LGA,22,1785273258.82,2026-07-28T21:14:18Z,40.777897,-73.876953,210.9,a16db9,N191UW,A321,AIRBUS A-321,0
takeoff,JFK,22R,1785273340.56,2026-07-28T21:15:40Z,40.647075,-73.766015,210.9,a77dae,N582DN,A21N,,0
landing,JFK,22R,1785273341.2,2026-07-28T21:15:41Z,40.646931,-73.766144,210.9,a77dae,N582DN,A21N,,0
takeoff,JFK,22R,1785273341.2,2026-07-28T21:15:41Z,40.646931,-73.766144,210.9,a77dae,N582DN,A21N,,0
takeoff,JFK,22R,1785273851.29,2026-07-28T21:24:11Z,40.646458,-73.766514,210.9,4a91b2,SE-DMR,A21N,AIRBUS A-321neo,0
takeoff,JFK,22R,1785274091.2,2026-07-28T21:28:11Z,40.646015,-73.766861,210.9,a95881,N701CK,B744,BOEING 747-400,0
takeoff,LGA,13,1785274146.37,2026-07-28T21:29:06Z,40.781506,-73.876846,123.8,a1c1c7,N212JQ,E75L,EMBRAER ERJ-170-200 (long wing),0
landing,JFK,22L,1785274164.66,2026-07-28T21:29:24Z,40.635798,-73.762269,209.6,48ae07,SP-LRH,B788,BOEING 787-8 Dreamliner,0
takeoff,JFK,22R,1785274194.51,2026-07-28T21:29:54Z,40.646988,-73.766083,208.1,a32861,N302SS,B38M,BOEING 737 MAX 8,0
landing,JFK,22R,1785274194.91,2026-07-28T21:29:54Z,40.646816,-73.76622,208.1,a32861,N302SS,B38M,BOEING 737 MAX 8,0
takeoff,JFK,22R,1785274194.91,2026-07-28T21:29:54Z,40.646816,-73.76622,208.1,a32861,N302SS,B38M,BOEING 737 MAX 8,0
takeoff,JFK,22R,1785274253.89,2026-07-28T21:30:53Z,40.645876,-73.766982,210.9,ab4fd4,N828NW,A333,AIRBUS A-330-300,0
takeoff,LGA,13,1785274269.61,2026-07-28T21:31:09Z,40.778996,-73.871628,125.3,a1f0db,N224LD,E35L,EMBRAER EMB-135 Legacy,8
landing,JFK,22L,1785274291.47,2026-07-28T21:31:31Z,40.633793,-73.76384,210.9,348310,EC-OLG,A333,AIRBUS A-330-300,0
takeoff,JFK,22R,1785274338.52,2026-07-28T21:32:18Z,40.645888,-73.766967,209.6,4cab80,EI-NYE,B789,BOEING 787-9 Dreamliner,0
takeoff,JFK,22R,1785274399.77,2026-07-28T21:33:19Z,40.645969,-73.76692,210.9,aaa326,N785AN,B772,BOEING 777-200,0
landing,JFK,22L,1785274458.4,2026-07-28T21:34:18Z,40.634754,-73.763046,210.9,a797b4,N589DT,A21N,AIRBUS A-321neo,0
takeoff,LGA,13,1785274560.29,2026-07-28T21:36:00Z,40.780028,-73.873803,123.8,a471ec,N386DN,A321,AIRBUS A-321,0
takeoff,JFK,22R,1785274561.89,2026-07-28T21:36:01Z,40.646324,-73.766647,208.1,ac71dd,N9002U,A319,AIRBUS A-319,0
takeoff,LGA,13,1785274641.63,2026-07-28T21:37:21Z,40.779774,-73.87323,123.8,a45b96,N380DA,B738,BOEING 737-800,0
landing,JFK,22L,1785274817.78,2026-07-28T21:40:17Z,40.635201,-73.762695,210.9,a641bf,N502DX,A21N,AIRBUS A-321neo,0
takeoff,JFK,22R,1785274881.01,2026-07-28T21:41:21Z,40.646062,-73.766811,208.1,0c6061,9Y-TTO,B38M,BOEING 737 MAX 8,0
takeoff,JFK,22R,1785274941.48,2026-07-28T21:42:21Z,40.646233,-73.766708,210.9,a7b832,N597JB,A320,AIRBUS A-320,0
takeoff,JFK,22R,1785275101.55,2026-07-28T21:45:01Z,40.645841,-73.766982,210.9,3c6719,D-AIXY,A359,AIRBUS A-350-900,0
landing,JFK,22L,1785275160.54,2026-07-28T21:46:00Z,40.634168,-73.763549,210.9,ab5975,N830MH,B764,BOEING 767-400,0
takeoff,JFK,22R,1785275202.89,2026-07-28T21:46:42Z,40.646793,-73.766235,210.9,a198ed,N2016J,A21N,AIRBUS A-321neo,0
landing,JFK,22L,1785275299.23,2026-07-28T21:48:19Z,40.633472,-73.764114,210.9,4ba959,TC-JJY,B77W,BOEING 777-300ER,0
takeoff,JFK,22R,1785275377.99,2026-07-28T21:49:37Z,40.64612,-73.766748,210.9,a11380,N169DZ,B763,BOEING 767-300,0
takeoff,LGA,13,1785275406.93,2026-07-28T21:50:06Z,40.780437,-73.874634,123.8,a32367,N301DU,BCS3,AIRBUS A220-300,0
takeoff,JFK,22R,1785275439.9,2026-07-28T21:50:39Z,40.645992,-73.766891,210.9,aa944a,N781AN,B772,BOEING 777-200,0
landing,JFK,22L,1785275464.73,2026-07-28T21:51:04Z,40.635681,-73.762347,210.9,a6a33f,N527DE,A21N,AIRBUS A-321neo,0
takeoff,JFK,22R,1785275548.13,2026-07-28T21:52:28Z,40.647022,-73.766083,210.9,3965a7,F-GZNH,B77W,BOEING 777-300ER,0
takeoff,JFK,22R,1785275649.08,2026-07-28T21:54:09Z,40.646542,-73.766434,208.1,a6b0bd,N530DE,A21N,,0
takeoff,LGA,13,1785275729.97,2026-07-28T21:55:29Z,40.780482,-73.874723,123.8,ac0818,N8744B,B38M,BOEING 737 MAX 8,0
landing,LGA,22,1785275788.67,2026-07-28T21:56:28Z,40.777281,-73.87747,210.9,a44e24,N377DN,A321,AIRBUS A-321,0
takeoff,JFK,22R,1785275803.52,2026-07-28T21:56:43Z,40.645841,-73.766951,210.9,738076,4X-ECF,B772,BOEING 777-200,0
landing,JFK,22L,1785275855.73,2026-07-28T21:57:35Z,40.63411,-73.763596,208.1,ad438d,N954AK,B39M,BOEING 737 MAX 9,0
takeoff,JFK,22R,1785275902.18,2026-07-28T21:58:22Z,40.646564,-73.766418,210.9,a1aaae,N2060J,A21N,AIRBUS A-321neo,0
takeoff,JFK,22R,1785275992.74,2026-07-28T21:59:52Z,40.645237,-73.767456,210.9,4cadc9,EI-HJR,A339,AIRBUS A-330-900,0
takeoff,JFK,22R,1785276103.11,2026-07-28T22:01:43Z,40.64661,-73.766388,208.1,a3661f,N318SF,B38M,BOEING 737 MAX 8,0
landing,LGA,22,1785276136.8,2026-07-28T22:02:16Z,40.780063,-73.875051,213.8,4d2147,9H-IBD,GL5T,BOMBARDIER BD-700 Global 5000/5500,8
landing,JFK,22L,1785276153.44,2026-07-28T22:02:33Z,40.635601,-73.762421,209.6,34635a,EC-NGS,B789,BOEING 787-9 Dreamliner,0
takeoff,JFK,22R,1785276210.35,2026-07-28T22:03:30Z,40.645876,-73.766951,210.9,aa7f5e,N776AN,B772,BOEING 777-200,0
takeoff,JFK,22R,1785276340.17,2026-07-28T22:05:40Z,40.646051,-73.766811,210.9,a16273,N189DN,B763,BOEING 767-300,0
landing,JFK,22R,1785276342.3,2026-07-28T22:05:42Z,40.645317,-73.76738,210.9,a16273,N189DN,B763,BOEING 767-300,0
takeoff,JFK,22R,1785276342.3,2026-07-28T22:05:42Z,40.645317,-73.76738,210.9,a16273,N189DN,B763,BOEING 767-300,0
landing,LGA,22,1785276382.8,2026-07-28T22:06:22Z,40.77776,-73.87706,210.9,a6e89f,N544UW,A321,AIRBUS A-321,0
takeoff,JFK,22R,1785276474.83,2026-07-28T22:07:54Z,40.646051,-73.766826,210.9,a124b5,N173DZ,B763,BOEING 767-300,0
landing,JFK,22L,1785276697.91,2026-07-28T22:11:37Z,40.637054,-73.761286,210.9,ab35d3,N821NW,A333,AIRBUS A-330-300,0
takeoff,JFK,22R,1785276801.48,2026-07-28T22:13:21Z,40.645155,-73.767513,210.9,a3871e,N3261J,BCS3,,0
landing,JFK,22L,1785276841.21,2026-07-28T22:14:01Z,40.635155,-73.762756,208.1,ad727a,N966AK,B39M,BOEING 737 MAX 9,0
landing,JFK,22L,1785277112.17,2026-07-28T22:18:32Z,40.634388,-73.763351,210.9,a69463,N523DE,A21N,,0
landing,JFK,22L,1785277216.74,2026-07-28T22:20:16Z,40.635635,-73.762394,209.6,02013f,CN-RGY,B789,BOEING 787-9 Dreamliner,0
landing,JFK,22L,1785277354.42,2026-07-28T22:22:34Z,40.633028,-73.764423,209.6,7380c0,4X-EDA,B789,BOEING 787-9 Dreamliner,0
takeoff,JFK,22R,1785277357.79,2026-07-28T22:22:37Z,40.645923,-73.766936,210.9,44ccd1,OO-SFQ,A333,AIRBUS A-330-300,0
landing,JFK,22L,1785277509.2,2026-07-28T22:25:09Z,40.635646,-73.762363,210.9,a66576,N511DE,A21N,AIRBUS A-321neo,0
takeoff,JFK,22R,1785277516.65,2026-07-28T22:25:16Z,40.64633,-73.766608,208.1,ad38bf,N951DX,B739,BOEING 737-900,0
takeoff,JFK,22R,1785277573.45,2026-07-28T22:26:13Z,40.645434,-73.767326,210.9,aafd1f,N807NW,A333,AIRBUS A-330-300,0
landing,JFK,22R,1785277574.1,2026-07-28T22:26:14Z,40.645166,-73.767529,210.9,aafd1f,N807NW,A333,AIRBUS A-330-300,0
takeoff,JFK,22R,1785277574.1,2026-07-28T22:26:14Z,40.645166,-73.767529,210.9,aafd1f,N807NW,A333,AIRBUS A-330-300,0
landing,JFK,22L,1785277600.05,2026-07-28T22:26:40Z,40.635487,-73.762497,210.9,407994,G-STBO,B77W,BOEING 777-300ER,0
takeoff,JFK,22R,1785277668.5,2026-07-28T22:27:48Z,40.646393,-73.766556,210.9,ab4bf7,N827MH,B764,BOEING 767-400,0
landing,LGA,22,1785277733.05,2026-07-28T22:28:53Z,40.778178,-73.87669,210.9,ac136d,N8775Q,B38M,BOEING 737 MAX 8,0
landing,JFK,22L,1785277764.18,2026-07-28T22:29:24Z,40.634308,-73.763412,210.9,a6492f,N504DZ,A21N,AIRBUS A-321neo,0
landing,JFK,22L,1785277835.9,2026-07-28T22:30:35Z,40.633854,-73.763768,210.9,ad2f71,N949JT,A321,AIRBUS A-321,0
takeoff,JFK,22R,1785277912.72,2026-07-28T22:31:52Z,40.64633,-73.766608,208.1,4ca9ba,EI-LRA,A21N,AIRBUS A-321neo,0
landing,JFK,22L,1785277960.6,2026-07-28T22:32:40Z,40.635809,-73.762238,210.9,76cce3,9V-SGC,A359,AIRBUS A-350-900,0
takeoff,JFK,22R,1785277984.32,2026-07-28T22:33:04Z,40.646072,-73.766815,208.1,abfe1c,N872DN,B739,BOEING 737-900,0
landing,JFK,22L,1785278034.99,2026-07-28T22:33:54Z,40.635006,-73.762894,210.9,394a0b,F-GSQL,B77W,BOEING 777-300ER,0
takeoff,JFK,22R,1785278074.53,2026-07-28T22:34:34Z,40.645855,-73.766983,210.9,407699,G-VPRD,A35K,AIRBUS A-350-1000,0
takeoff,JFK,22R,1785278163.36,2026-07-28T22:36:03Z,40.646016,-73.766873,210.9,780bb9,B-2098,B77L,BOEING 777-200LR,0
landing,JFK,22L,1785278195.06,2026-07-28T22:36:35Z,40.632318,-73.764969,208.1,4cc578,TF-IAB,A21N,AIRBUS A-321neo,0
landing,JFK,22L,1785278287.33,2026-07-28T22:38:07Z,40.635201,-73.762711,210.9,a6893e,N520DE,A21N,AIRBUS A-321neo,0
takeoff,JFK,22R,1785278359.09,2026-07-28T22:39:19Z,40.644992,-73.767653,210.9,a33ca9,N3077J,BCS3,AIRBUS A220-300,0
landing,JFK,22L,1785278361.31,2026-07-28T22:39:21Z,40.632958,-73.76447,209.6,485b43,PH-BKC,B78X,BOEING 787-10 Dreamliner,0
landing,JFK,22L,1785278464.72,2026-07-28T22:41:04Z,40.634948,-73.762909,210.9,34754d,EC-OAY,A359,AIRBUS A-350-900,0
takeoff,JFK,22R,1785278484.87,2026-07-28T22:41:24Z,40.645638,-73.767136,210.9,ad935b,N974JT,A321,AIRBUS A-321,0
takeoff,JFK,22R,1785278542.51,2026-07-28T22:42:22Z,40.645901,-73.766937,210.9,407995,G-STBP,B77W,BOEING 777-300ER,0
landing,JFK,22L,1785278599.37,2026-07-28T22:43:19Z,40.63385,-73.763794,210.9,4cae80,EI-TYA,A339,AIRBUS A-330-900,0
takeoff,JFK,22R,1785278675.6,2026-07-28T22:44:35Z,40.645329,-73.767419,210.9,abc651,N858NW,A332,AIRBUS A-330-200,0
landing,JFK,22L,1785278747.48,2026-07-28T22:45:47Z,40.634168,-73.763534,210.9,a1a832,N2059J,A21N,AIRBUS A-321neo,0
landing,JFK,22L,1785278823.45,2026-07-28T22:47:03Z,40.634285,-73.763428,210.9,a19cc7,N2027J,A21N,AIRBUS A-321neo,0
takeoff,JFK,22R,1785278896.91,2026-07-28T22:48:16Z,40.645422,-73.76731,210.9,40771a,G-VDOT,A35K,AIRBUS A-350-1000,0
landing,JFK,22R,1785278897.1,2026-07-28T22:48:17Z,40.645294,-73.767419,210.9,40771a,G-VDOT,A35K,AIRBUS A-350-1000,0
takeoff,JFK,22R,1785278897.1,2026-07-28T22:48:17Z,40.645294,-73.767419,210.9,40771a,G-VDOT,A35K,AIRBUS A-350-1000,0
landing,JFK,22L,1785278907.47,2026-07-28T22:48:27Z,40.633098,-73.764392,210.9,a4caba,N408DX,A339,AIRBUS A-330-900,0
landing,JFK,22L,1785279015.22,2026-07-28T22:50:15Z,40.634251,-73.763458,210.9,8963f3,A6-EOV,A388,AIRBUS A-380-800,0
landing,JFK,22L,1785279016.2,2026-07-28T22:50:16Z,40.633842,-73.763768,210.9,8963f3,A6-EOV,A388,AIRBUS A-380-800,0
takeoff,JFK,22R,1785279017.84,2026-07-28T22:50:17Z,40.645077,-73.767609,209.6,4075c1,G-CKWN,B789,BOEING 787-9 Dreamliner,0
takeoff,JFK,22R,1785279138.51,2026-07-28T22:52:18Z,40.646347,-73.766602,210.9,394a04,F-GSQE,B77W,BOEING 777-300ER,0
landing,JFK,22L,1785279152.13,2026-07-28T22:52:32Z,40.633633,-73.763916,210.9,4ca614,EI-FNG,A333,AIRBUS A-330-300,0
landing,JFK,22L,1785279287.15,2026-07-28T22:54:47Z,40.635384,-73.762573,210.9,a4f5f0,N419DX,A339,AIRBUS A-330-900,0
takeoff,JFK,22R,1785279288.53,2026-07-28T22:54:48Z,40.646267,-73.766663,210.9,400774,G-VIIW,B772,BOEING 777-200,0
takeoff,JFK,22R,1785279481.59,2026-07-28T22:58:01Z,40.646074,-73.766811,210.9,a1373d,N178DN,B763,BOEING 767-300,0
landing,JFK,22R,1785279483.43,2026-07-28T22:58:03Z,40.645387,-73.767341,210.9,a1373d,N178DN,B763,BOEING 767-300,0
takeoff,JFK,22R,1785279483.43,2026-07-28T22:58:03Z,40.645387,-73.767341,210.9,a1373d,N178DN,B763,BOEING 767-300,0
landing,JFK,22L,1785279596.26,2026-07-28T22:59:56Z,40.634727,-73.763097,210.9,ab4840,N826MH,B764,BOEING 767-400,0
takeoff,JFK,22R,1785279670.95,2026-07-28T23:01:10Z,40.645527,-73.767232,210.9,a17ecd,N196DN,B763,BOEING 767-300,0
landing,JFK,22L,1785279775.96,2026-07-28T23:02:55Z,40.635303,-73.762634,210.9,406a35,G-STBJ,B77W,BOEING 777-300ER,0
takeoff,JFK,22R,1785279833.64,2026-07-28T23:03:53Z,40.646221,-73.766693,208.1,0d0dda,XA-CCO,B38M,BOEING 737 MAX 8,0
landing,JFK,22L,1785279883.3,2026-07-28T23:04:43Z,40.633796,-73.763814,210.9,aa5f41,N768AA,B772,BOEING 777-200,0
landing,JFK,22L,1785280077.02,2026-07-28T23:07:57Z,40.636494,-73.761719,210.9,461f0d,OH-LTT,A333,AIRBUS A-330-300,0
takeoff,JFK,22R,1785280134.55,2026-07-28T23:08:54Z,40.645317,-73.767395,209.6,47c968,LN-LNO,B789,BOEING 787-9 Dreamliner,0
landing,JFK,22R,1785280135.35,2026-07-28T23:08:55Z,40.64502,-73.767639,209.6,47c968,LN-LNO,B789,BOEING 787-9 Dreamliner,0
takeoff,JFK,22R,1785280135.35,2026-07-28T23:08:55Z,40.64502,-73.767639,209.6,47c968,LN-LNO,B789,BOEING 787-9 Dreamliner,0
takeoff,JFK,22R,1785280346.1,2026-07-28T23:12:26Z,40.645248,-73.767456,210.9,478d42,LN-RKR,A333,AIRBUS A-330-300,0
landing,JFK,22R,1785280346.46,2026-07-28T23:12:26Z,40.645088,-73.767593,210.9,478d42,LN-RKR,A333,AIRBUS A-330-300,0
takeoff,JFK,22R,1785280346.46,2026-07-28T23:12:26Z,40.645088,-73.767593,210.9,478d42,LN-RKR,A333,AIRBUS A-330-300,0
takeoff,JFK,22R,1785280538.12,2026-07-28T23:15:38Z,40.645363,-73.767365,210.9,344345,EC-LXK,A333,AIRBUS A-330-300,0
landing,JFK,22R,1785280538.7,2026-07-28T23:15:38Z,40.645157,-73.767532,210.9,344345,EC-LXK,A333,AIRBUS A-330-300,0
takeoff,JFK,22R,1785280538.7,2026-07-28T23:15:38Z,40.645157,-73.767532,210.9,344345,EC-LXK,A333,AIRBUS A-330-300,0
takeoff,JFK,22R,1785280750.4,2026-07-28T23:19:10Z,40.647063,-73.76603,210.9,4077d4,G-VRNB,A35K,AIRBUS A-350-1000,0
landing,JFK,22R,1785280753.68,2026-07-28T23:19:13Z,40.645969,-73.766889,210.9,4077d4,G-VRNB,A35K,AIRBUS A-350-1000,0
takeoff,JFK,22R,1785280754.17,2026-07-28T23:19:14Z,40.645786,-73.767029,210.9,4077d4,G-VRNB,A35K,AIRBUS A-350-1000,0
takeoff,JFK,22R,1785280846.3,2026-07-28T23:20:46Z,40.645155,-73.767544,210.9,4d24fe,9H-HFJ,A332,AIRBUS A-330-200,0
takeoff,JFK,22R,1785281051.34,2026-07-28T23:24:11Z,40.645832,-73.767014,209.6,abafe4,N852ML,B789,BOEING 787-9 Dreamliner,0
landing,LGA,22,1785281113.02,2026-07-28T23:25:13Z,40.777759,-73.877017,210.9,ac66aa,N8989L,B38M,BOEING 737 MAX 8,0
landing,JFK,22L,1785281122.27,2026-07-28T23:25:22Z,40.633209,-73.764282,210.9,adf4e9,N999JQ,A321,AIRBUS A-321,0
takeoff,JFK,22R,1785281130.24,2026-07-28T23:25:30Z,40.645958,-73.766907,210.9,aa7082,N772AN,B772,BOEING 777-200,0
takeoff,JFK,22R,1785281299.0,2026-07-28T23:28:19Z,40.645901,-73.766937,210.9,710110,HZ-AK38,B77W,BOEING 777-300ER,0
landing,JFK,22L,1785281373.46,2026-07-28T23:29:33Z,40.63464,-73.763138,210.9,a1a435,N2047J,A21N,AIRBUS A-321neo,0
takeoff,JFK,22R,1785281385.48,2026-07-28T23:29:45Z,40.646353,-73.766592,210.9,a0f4b5,N1605,B763,BOEING 767-300,0
takeoff,JFK,22R,1785281499.4,2026-07-28T23:31:39Z,40.64526,-73.767456,210.9,ab321c,N820NW,A333,AIRBUS A-330-300,0
landing,JFK,22L,1785281521.65,2026-07-28T23:32:01Z,40.635111,-73.7628,210.9,8406d0,JA01WJ,A35K,AIRBUS A-350-1000,0
takeoff,LGA,13,1785281589.19,2026-07-28T23:33:09Z,40.780075,-73.873849,123.8,a44e24,N377DN,A321,AIRBUS A-321,0
landing,JFK,22L,1785281775.36,2026-07-28T23:36:15Z,40.635844,-73.762223,210.9,a2d92a,N283AK,B739,BOEING 737-900,0
takeoff,JFK,22R,1785281931.8,2026-07-28T23:38:51Z,40.645038,-73.767622,210.9,4b187e,HB-JHE,A333,AIRBUS A-330-300,0
landing,JFK,22R,1785281933.12,2026-07-28T23:38:53Z,40.644516,-73.768021,210.9,4b187e,HB-JHE,A333,AIRBUS A-330-300,0
takeoff,JFK,22R,1785281933.12,2026-07-28T23:38:53Z,40.644516,-73.768021,210.9,4b187e,HB-JHE,A333,AIRBUS A-330-300,0
takeoff,JFK,22R,1785282044.46,2026-07-28T23:40:44Z,40.645844,-73.766983,210.9,a4c592,N4062J,A21N,AIRBUS A-321neo,0
landing,JFK,22L,1785282086.97,2026-07-28T23:41:26Z,40.634136,-73.763565,208.1,aca29a,N913JB,A321,AIRBUS A-321,0
takeoff,JFK,22R,1785282144.58,2026-07-28T23:42:24Z,40.646342,-73.766592,210.9,400683,G-VIIK,B772,BOEING 777-200,0
takeoff,JFK,22R,1785282240.27,2026-07-28T23:44:00Z,40.646656,-73.766342,210.9,ab6fbf,N836MH,B764,BOEING 767-400,0
landing,JFK,22L,1785282539.29,2026-07-28T23:48:59Z,40.634789,-73.763046,210.9,a6981a,N524DE,A21N,AIRBUS A-321neo,0
landing,JFK,22L,1785282539.95,2026-07-28T23:48:59Z,40.634514,-73.76326,210.9,a6981a,N524DE,A21N,AIRBUS A-321neo,0
landing,JFK,22L,1785282683.29,2026-07-28T23:51:23Z,40.635933,-73.762115,210.9,a1a458,N2048J,A21N,AIRBUS A-321neo,0
takeoff,JFK,22R,1785282701.77,2026-07-28T23:51:41Z,40.645947,-73.766907,208.1,a96ba2,N706JB,A320,AIRBUS A-320,0
takeoff,JFK,22R,1785282753.9,2026-07-28T23:52:33Z,40.645924,-73.766922,210.9,ab249e,N817NW,A333,AIRBUS A-330-300,0
landing,JFK,22L,1785282834.51,2026-07-28T23:53:54Z,40.634445,-73.763321,208.1,ac89f7,N907JB,A321,AIRBUS A-321,0
takeoff,LGA,13,1785283133.89,2026-07-28T23:58:53Z,40.780203,-73.874115,123.8,a43423,N370DN,A321,AIRBUS A-321,0
