type,airport,runway,timestamp,timestamp_iso,lat,lon,track_deg,icao,registration,aircraft_type,description,db_flags
takeoff,LGA,31,1782518458.33,2026-06-27T00:00:58Z,40.772781,-73.858597,300.9,a4fddb,N420YX,E75L,EMBRAER ERJ-170-200 (long wing),0
takeoff,JFK,22R,1782518470.31,2026-06-27T00:01:10Z,40.64647,-73.766514,210.9,a4c5d8,N4064J,A21N,AIRBUS A-321neo,0
landing,JFK,22L,1782518486.44,2026-06-27T00:01:26Z,40.636566,-73.761676,210.9,a02c40,N110AN,A321,AIRBUS A-321,0
takeoff,JFK,22R,1782518508.06,2026-06-27T00:01:48Z,40.649391,-73.76422,210.9,a19a48,N202JQ,E75L,EMBRAER ERJ-170-200 (long wing),0
takeoff,LGA,31,1782518535.9,2026-06-27T00:02:15Z,40.772873,-73.858765,300.9,ad38bf,N951DX,B739,BOEING 737-900,0
landing,JFK,22L,1782518573.41,2026-06-27T00:02:53Z,40.636986,-73.761322,210.9,aa600a,N768JB,A320,AIRBUS A-320,0
takeoff,JFK,31L,1782518574.7,2026-06-27T00:02:54Z,40.635611,-73.788549,300.9,ad734a,N966JT,A321,AIRBUS A-321,0
takeoff,JFK,22R,1782518583.97,2026-06-27T00:03:03Z,40.645855,-73.766983,210.9,ab766a,N838DN,B739,BOEING 737-900,0
takeoff,LGA,31,1782518602.15,2026-06-27T00:03:22Z,40.772667,-73.858353,300.9,ac83d5,N905XJ,CRJ9,BOMBARDIER Regional Jet CRJ-900,0
takeoff,JFK,22R,1782518649.32,2026-06-27T00:04:09Z,40.646576,-73.766403,210.9,a6ce7d,N538DN,A21N,AIRBUS A-321neo,0
landing,JFK,22L,1782518674.39,2026-06-27T00:04:34Z,40.635495,-73.762488,210.9,a13748,N178DZ,B763,BOEING 767-300,0
takeoff,LGA,31,1782518706.11,2026-06-27T00:05:06Z,40.776874,-73.867201,300.9,abef79,N8684F,B738,BOEING 737-800,0
takeoff,JFK,22R,1782518728.29,2026-06-27T00:05:28Z,40.645306,-73.767419,210.9,4c0223,YU-ARD,A332,AIRBUS A-330-200,0
takeoff,JFK,22R,1782518728.46,2026-06-27T00:05:28Z,40.645214,-73.767487,210.9,4c0223,YU-ARD,A332,AIRBUS A-330-200,0
takeoff,LGA,31,1782518748.68,2026-06-27T00:05:48Z,40.772265,-73.85751,300.9,ac1951,N879RW,E170,EMBRAER ERJ-170-100,0
landing,JFK,22L,1782518774.16,2026-06-27T00:06:14Z,40.636768,-73.76149,208.1,ab6162,N832SK,CRJ9,BOMBARDIER Regional Jet CRJ-900,0
takeoff,JFK,22R,1782518798.07,2026-06-27T00:06:38Z,40.64612,-73.766764,210.9,ab44af,N825NW,A333,AIRBUS A-330-300,0
landing,JFK,22L,1782518847.35,2026-06-27T00:07:27Z,40.634617,-73.763184,210.9,3c6518,D-AIHX,A346,AIRBUS A-340-600,0
takeoff,LGA,31,1782518892.34,2026-06-27T00:08:12Z,40.772777,-73.858603,300.9,a8996b,N653RW,E170,EMBRAER ERJ-170-100,0
landing,LGA,22,1782518892.99,2026-06-27T00:08:12Z,40.774693,-73.879547,208.1,a08acb,N134HQ,E75L,EMBRAER ERJ-170-200 (long wing),0
landing,JFK,22R,1782518898.85,2026-06-27T00:08:18Z,40.634388,-73.77597,210.9,a1a435,N2047J,A21N,AIRBUS A-321neo,0
landing,LGA,22,1782518968.5,2026-06-27T00:09:28Z,40.772015,-73.88179,213.8,ac5378,N89342,E75L,EMBRAER ERJ-170-200 (long wing),0
landing,JFK,22L,1782518972.88,2026-06-27T00:09:32Z,40.635867,-73.762191,210.9,78926b,B-LXR,A35K,AIRBUS A-350-1000,0
takeoff,LGA,31,1782518996.7,2026-06-27T00:09:56Z,40.772859,-73.858759,300.9,acbe37,N920AN,B738,BOEING 737-800,0
landing,JFK,22R,1782519055.02,2026-06-27T00:10:55Z,40.633703,-73.776486,210.9,a65bbc,N509DT,A21N,AIRBUS A-321neo,0
landing,LGA,22,1782519062.99,2026-06-27T00:11:02Z,40.776947,-73.877731,210.9,a43ee5,N37290,B738,BOEING 737-800,0
landing,JFK,22L,1782519117.59,2026-06-27T00:11:57Z,40.636505,-73.761703,210.9,acf69b,N934XJ,CRJ9,BOMBARDIER Regional Jet CRJ-900,0
landing,LGA,22,1782519146.19,2026-06-27T00:12:26Z,40.776867,-73.877777,213.8,a46310,N382DN,A321,AIRBUS A-321,0
takeoff,LGA,31,1782519152.3,2026-06-27T00:12:32Z,40.772801,-73.858634,298.1,a34215,N309PQ,CRJ9,BOMBARDIER Regional Jet CRJ-900,0
takeoff,JFK,22R,1782519174.47,2026-06-27T00:12:54Z,40.645317,-73.767404,210.9,a3514f,N3125J,BCS3,,0
landing,JFK,22L,1782519197.7,2026-06-27T00:13:17Z,40.636539,-73.761688,210.9,4952a1,CS-TUA,A339,AIRBUS A-330-900,0
takeoff,JFK,22R,1782519216.32,2026-06-27T00:13:36Z,40.649309,-73.764267,210.9,a07bef,N130HQ,E75L,EMBRAER ERJ-170-200 (long wing),0
takeoff,LGA,31,1782519224.8,2026-06-27T00:13:44Z,40.772484,-73.857986,300.9,a210c5,N232JQ,E75L,EMBRAER ERJ-170-200 (long wing),0
takeoff,JFK,22R,1782519293.64,2026-06-27T00:14:53Z,40.645015,-73.767638,210.9,40683e,G-VUFO,A333,AIRBUS A-330-300,0
landing,LGA,22,1782519311.6,2026-06-27T00:15:11Z,40.775059,-73.87928,210.9,acf2e4,N933XJ,CRJ9,BOMBARDIER Regional Jet CRJ-900,0
landing,JFK,22L,1782519353.1,2026-06-27T00:15:53Z,40.637241,-73.76113,210.9,a8e1f6,N6711M,B752,BOEING 757-200,0
landing,LGA,22,1782519374.9,2026-06-27T00:16:14Z,40.777084,-73.877609,213.8,acc02b,N920WN,B737,BOEING 737-700,0
takeoff,JFK,22R,1782519382.53,2026-06-27T00:16:22Z,40.646336,-73.766617,212.4,e80200,CC-BBH,B788,BOEING 787-8 Dreamliner,0
takeoff,LGA,31,1782519384.18,2026-06-27T00:16:24Z,40.773115,-73.859305,300.9,c05ee1,C-GJYE,BCS3,AIRBUS A220-300,0
landing,LGA,22,1782519442.38,2026-06-27T00:17:22Z,40.778096,-73.876768,213.8,a35701,N314PQ,CRJ9,BOMBARDIER Regional Jet CRJ-900,0
landing,JFK,22L,1782519447.24,2026-06-27T00:17:27Z,40.634285,-73.763471,210.9,a4e538,N414YX,E75L,EMBRAER ERJ-170-200 (long wing),0
takeoff,JFK,31L,1782519450.68,2026-06-27T00:17:30Z,40.636147,-73.789751,300.9,a38019,N3244J,BCS3,,0
takeoff,LGA,31,1782519468.45,2026-06-27T00:17:48Z,40.77393,-73.861006,300.9,a46e40,N385DZ,A321,AIRBUS A-321,0
landing,JFK,22L,1782519516.22,2026-06-27T00:18:36Z,40.637136,-73.761193,210.9,a38fa4,N3289J,,,0
takeoff,LGA,31,1782519545.46,2026-06-27T00:19:05Z,40.772449,-73.857895,300.9,a5307f,N433YX,E75L,EMBRAER ERJ-170-200 (long wing),0
takeoff,JFK,22R,1782519550.15,2026-06-27T00:19:10Z,40.647121,-73.765984,210.9,a66576,N511DE,A21N,AIRBUS A-321neo,0
landing,LGA,22,1782519556.1,2026-06-27T00:19:16Z,40.775093,-73.879211,213.8,a03bcd,N114HQ,E75L,EMBRAER ERJ-170-200 (long wing),0
landing,JFK,22L,1782519615.47,2026-06-27T00:20:15Z,40.636471,-73.761749,210.9,a85887,N637JB,A320,AIRBUS A-320,0
takeoff,JFK,22R,1782519616.8,2026-06-27T00:20:16Z,40.644997,-73.767639,210.9,a48a83,N392DA,B738,BOEING 737-800,0
landing,LGA,22,1782519625.09,2026-06-27T00:20:25Z,40.774979,-73.879333,210.9,a05470,N120HQ,E75L,EMBRAER ERJ-170-200 (long wing),0
landing,LGA,22,1782519680.91,2026-06-27T00:21:20Z,40.777153,-73.877548,210.9,aaed5a,N803DN,B739,BOEING 737-900,0
takeoff,LGA,31,1782519687.98,2026-06-27T00:21:27Z,40.772781,-73.858597,300.9,a335fa,N306DU,BCS3,AIRBUS A220-300,0
takeoff,JFK,22R,1782519744.55,2026-06-27T00:22:24Z,40.645912,-73.766922,210.9,ab2760,N818DA,B739,BOEING 737-900,0
takeoff,LGA,31,1782519781.45,2026-06-27T00:23:01Z,40.77285,-73.858719,300.9,ab58b2,N830DN,B739,BOEING 737-900,0
landing,JFK,22L,1782519807.89,2026-06-27T00:23:27Z,40.634892,-73.76297,210.9,a1ecfd,N223JQ,E75L,EMBRAER ERJ-170-200 (long wing),0
landing,LGA,22,1782519856.98,2026-06-27T00:24:16Z,40.77499,-73.879333,213.8,abdf3f,N864RW,E170,EMBRAER ERJ-170-100,0
takeoff,LGA,22,1782519856.98,2026-06-27T00:24:16Z,40.77499,-73.879333,213.8,abdf3f,N864RW,E170,EMBRAER ERJ-170-100,0
landing,LGA,22,1782519858.78,2026-06-27T00:24:18Z,40.774727,-73.879547,208.1,abdf3f,N864RW,E170,EMBRAER ERJ-170-100,0
takeoff,JFK,22R,1782519860.3,2026-06-27T00:24:20Z,40.646027,-73.766842,210.9,a7d673,N604DN,A21N,AIRBUS A-321neo,0
landing,JFK,22L,1782519875.81,2026-06-27T00:24:35Z,40.632946,-73.764496,210.9,a3a647,N334SM,B38M,BOEING 737 MAX 8,0
takeoff,LGA,31,1782519903.54,2026-06-27T00:25:03Z,40.772487,-73.857963,300.9,a44308,N374DX,A321,AIRBUS A-321,0
takeoff,JFK,22R,1782519904.91,2026-06-27T00:25:04Z,40.649185,-73.764374,210.9,abd7d1,N862RW,E170,EMBRAER ERJ-170-100,0
landing,LGA,22,1782519907.52,2026-06-27T00:25:07Z,40.776478,-73.878098,213.8,a49d16,N397DA,B738,BOEING 737-800,0
landing,JFK,22L,1782519956.47,2026-06-27T00:25:56Z,40.636265,-73.761902,210.9,a01c37,N106NN,A321,AIRBUS A-321,0
takeoff,LGA,31,1782519994.38,2026-06-27T00:26:34Z,40.772449,-73.857895,300.9,a20957,N230JQ,E75L,EMBRAER ERJ-170-200 (long wing),0
landing,JFK,22L,1782520042.27,2026-06-27T00:27:22Z,40.638195,-73.76035,210.9,a85c3e,N638JB,A320,AIRBUS A-320,0
landing,LGA,22,1782520058.08,2026-06-27T00:27:38Z,40.77727,-73.877439,213.8,a3183d,N299PQ,CRJ9,BOMBARDIER Regional Jet CRJ-900,0
takeoff,LGA,31,1782520062.4,2026-06-27T00:27:42Z,40.772312,-73.857604,300.9,a2fe3c,N292PQ,CRJ9,BOMBARDIER Regional Jet CRJ-900,0
landing,JFK,22L,1782520107.34,2026-06-27T00:28:27Z,40.635212,-73.762726,210.9,3965b0,F-GZNQ,B77W,BOEING 777-300ER,0
takeoff,LGA,31,1782520148.94,2026-06-27T00:29:08Z,40.772487,-73.857978,303.8,ac0f26,N8761L,B38M,BOEING 737 MAX 8,0
landing,LGA,22,1782520151.26,2026-06-27T00:29:11Z,40.775002,-73.879303,210.9,a93d7c,N695CA,CRJ9,BOMBARDIER Regional Jet CRJ-900,0
landing,LGA,22,1782520232.63,2026-06-27T00:30:32Z,40.778853,-73.876159,213.8,aa56d8,N76526,B738,BOEING 737-800,0
takeoff,JFK,22R,1782520236.39,2026-06-27T00:30:36Z,40.6451,-73.767578,210.9,aafd1f,N807NW,A333,AIRBUS A-330-300,0
landing,JFK,22L,1782520253.17,2026-06-27T00:30:53Z,40.63617,-73.761973,210.9,a34e01,N3118J,BCS3,AIRBUS A220-300,0
landing,LGA,22,1782520311.47,2026-06-27T00:31:51Z,40.775517,-73.878876,208.1,a2000d,N228PQ,CRJ9,BOMBARDIER Regional Jet CRJ-900,0
takeoff,LGA,31,1782520313.98,2026-06-27T00:31:53Z,40.772461,-73.857941,300.9,a07f60,N131EV,CRJ9,BOMBARDIER Regional Jet CRJ-900,0
landing,JFK,22L,1782520331.74,2026-06-27T00:32:11Z,40.636299,-73.761856,210.9,ac8289,N905JB,A321,AIRBUS A-321,0
takeoff,JFK,22R,1782520388.01,2026-06-27T00:33:08Z,40.645876,-73.766967,210.9,a7faad,N613JB,A320,AIRBUS A-320,0
takeoff,LGA,31,1782520398.09,2026-06-27T00:33:18Z,40.772747,-73.858521,300.9,a50192,N421YX,E75L,EMBRAER ERJ-170-200 (long wing),0
landing,LGA,22,1782520404.78,2026-06-27T00:33:24Z,40.775117,-73.879202,210.9,a1ba59,N210JQ,E75L,EMBRAER ERJ-170-200 (long wing),0
landing,JFK,22L,1782520413.5,2026-06-27T00:33:33Z,40.637101,-73.761255,210.9,aa4d77,N763JB,A320,AIRBUS A-320,0
takeoff,JFK,22R,1782520463.16,2026-06-27T00:34:23Z,40.645923,-73.766936,210.9,4ba950,TC-JJP,B77W,BOEING 777-300ER,0
landing,JFK,22L,1782520489.47,2026-06-27T00:34:49Z,40.634785,-73.763065,210.9,ad1560,N942JB,A321,AIRBUS A-321,0
landing,LGA,22,1782520528.41,2026-06-27T00:35:28Z,40.777409,-73.877345,213.8,a5c31b,N470WN,B737,BOEING 737-700,0
takeoff,LGA,31,1782520534.86,2026-06-27T00:35:34Z,40.772713,-73.858475,300.9,a1be10,N211JQ,E75L,EMBRAER ERJ-170-200 (long wing),0
takeoff,JFK,22R,1782520561.29,2026-06-27T00:36:01Z,40.646109,-73.766779,212.4,485e2d,PH-BKG,B78X,BOEING 787-10 Dreamliner,0
landing,JFK,22L,1782520576.1,2026-06-27T00:36:16Z,40.63567,-73.76236,210.9,a19910,N2017J,A21N,AIRBUS A-321neo,0
landing,JFK,22L,1782520648.61,2026-06-27T00:37:28Z,40.637136,-73.761224,210.9,ad2f71,N949JT,A321,AIRBUS A-321,0
landing,LGA,22,1782520665.59,2026-06-27T00:37:45Z,40.777025,-73.877642,210.9,a32bcb,N303PQ,CRJ9,BOMBARDIER Regional Jet CRJ-900,0
takeoff,LGA,31,1782520685.93,2026-06-27T00:38:05Z,40.774965,-73.863191,300.9,c0730e,C-GROV,BCS3,AIRBUS A220-300,0
takeoff,JFK,22R,1782520704.73,2026-06-27T00:38:24Z,40.646365,-73.766592,210.9,a7486a,N569AS,B738,BOEING 737-800,0
landing,JFK,22L,1782520731.46,2026-06-27T00:38:51Z,40.634743,-73.763107,210.9,adb782,N983NN,B738,BOEING 737-800,0
takeoff,LGA,31,1782520746.35,2026-06-27T00:39:06Z,40.772804,-73.858612,300.9,ad7760,N967NN,B738,BOEING 737-800,0
landing,LGA,22,1782520754.93,2026-06-27T00:39:14Z,40.77253,-73.881378,213.8,adcca0,N989AN,B738,BOEING 737-800,0
takeoff,JFK,22R,1782520780.29,2026-06-27T00:39:40Z,40.645946,-73.766904,210.9,a198ed,N2016J,A21N,AIRBUS A-321neo,0
landing,JFK,22L,1782520839.19,2026-06-27T00:40:39Z,40.638404,-73.760225,210.9,a0b59d,N145DQ,BCS1,AIRBUS A220-100,0
takeoff,JFK,22R,1782520842.46,2026-06-27T00:40:42Z,40.646714,-73.766327,210.9,a47cd1,N389AZ,B763,BOEING 767-300,0
landing,LGA,22,1782520845.4,2026-06-27T00:40:45Z,40.777737,-73.87706,213.8,aa7fa1,N776DE,B738,BOEING 737-800,0
landing,JFK,22L,1782520925.87,2026-06-27T00:42:05Z,40.636938,-73.76138,210.9,ac801e,N904XJ,CRJ9,BOMBARDIER Regional Jet CRJ-900,0
takeoff,LGA,31,1782520945.17,2026-06-27T00:42:25Z,40.774086,-73.861343,303.8,a32814,N302PQ,CRJ9,BOMBARDIER Regional Jet CRJ-900,0
landing,LGA,22,1782520949.98,2026-06-27T00:42:29Z,40.771893,-73.881902,213.8,a046f2,N117HQ,E75L,EMBRAER ERJ-170-200 (long wing),0
takeoff,JFK,22R,1782520977.8,2026-06-27T00:42:57Z,40.646667,-73.766342,210.9,a6bb98,N533AF,PC24,PILATUS PC-24,0
landing,JFK,22L,1782521028.12,2026-06-27T00:43:48Z,40.637322,-73.761052,210.9,ab53e4,N829SK,CRJ9,BOMBARDIER Regional Jet CRJ-900,0
landing,LGA,22,1782521041.87,2026-06-27T00:44:01Z,40.777061,-73.87764,210.9,ac8b43,N907XJ,CRJ9,BOMBARDIER Regional Jet CRJ-900,0
takeoff,LGA,31,1782521056.2,2026-06-27T00:44:16Z,40.773743,-73.860616,300.9,a39d9b,N332DU,BCS3,,0
takeoff,JFK,22R,1782521082.98,2026-06-27T00:44:42Z,40.646004,-73.766857,210.9,a12861,N174DN,B763,BOEING 767-300,0
landing,JFK,22L,1782521107.01,2026-06-27T00:45:07Z,40.632551,-73.764829,210.9,a9cb18,N730AN,B77W,BOEING 777-300ER,0
landing,LGA,22,1782521116.12,2026-06-27T00:45:16Z,40.776352,-73.87822,210.9,a2b10b,N27251,B38M,BOEING 737 MAX 8,0
takeoff,LGA,31,1782521134.43,2026-06-27T00:45:34Z,40.773906,-73.860959,300.9,a44e59,N377FR,A20N,AIRBUS A-320neo,0
takeoff,JFK,31L,1782521140.45,2026-06-27T00:45:40Z,40.635949,-73.789314,298.1,a148b9,N182GJ,CRJ9,BOMBARDIER Regional Jet CRJ-900,0
takeoff,JFK,22R,1782521167.34,2026-06-27T00:46:07Z,40.646885,-73.766174,210.9,406591,G-STBE,B77W,BOEING 777-300ER,0
landing,LGA,22,1782521208.34,2026-06-27T00:46:48Z,40.77729,-73.877441,213.8,ac481d,N8903H,B38M,BOEING 737 MAX 8,0
landing,JFK,22L,1782521211.32,2026-06-27T00:46:51Z,40.634571,-73.763245,210.9,71ba03,HL7203,B77W,BOEING 777-300ER,0
takeoff,LGA,31,1782521215.27,2026-06-27T00:46:55Z,40.772827,-73.858658,300.9,a9d59f,N73256,B738,BOEING 737-800,0
takeoff,JFK,22R,1782521290.3,2026-06-27T00:48:10Z,40.646404,-73.766556,210.9,a01fee,N107NN,A321,AIRBUS A-321,0
takeoff,LGA,31,1782521302.13,2026-06-27T00:48:22Z,40.772836,-73.858681,300.9,a1e946,N222JQ,E75L,EMBRAER ERJ-170-200 (long wing),0
landing,LGA,22,1782521309.83,2026-06-27T00:48:29Z,40.771963,-73.881808,213.8,a1e58f,N221JQ,E75L,EMBRAER ERJ-170-200 (long wing),0
landing,JFK,22L,1782521345.67,2026-06-27T00:49:05Z,40.635623,-73.762379,210.9,40771a,G-VDOT,A35K,AIRBUS A-350-1000,0
takeoff,JFK,31L,1782521352.58,2026-06-27T00:49:12Z,40.63599,-73.789383,300.9,acba30,N919XJ,CRJ9,BOMBARDIER Regional Jet CRJ-900,0
takeoff,JFK,22R,1782521369.14,2026-06-27T00:49:29Z,40.645855,-73.766998,212.4,e80476,CC-BMA,B789,BOEING 787-9 Dreamliner,0
landing,LGA,22,1782521391.29,2026-06-27T00:49:51Z,40.776292,-73.87825,208.1,a7e24a,N607LR,CRJ9,BOMBARDIER Regional Jet CRJ-900,0
takeoff,LGA,31,1782521401.82,2026-06-27T00:50:01Z,40.772824,-73.858696,303.8,a26c12,N255WN,B737,BOEING 737-700,0
landing,JFK,22L,1782521469.67,2026-06-27T00:51:09Z,40.636162,-73.761978,210.9,a1574e,N186DN,B763,BOEING 767-300,0
takeoff,LGA,31,1782521486.94,2026-06-27T00:51:26Z,40.772747,-73.858536,303.8,a01f73,N107HQ,E75L,EMBRAER ERJ-170-200 (long wing),0
landing,LGA,22,1782521488.58,2026-06-27T00:51:28Z,40.776059,-73.878422,210.9,ab3d17,N823MD,E170,EMBRAER ERJ-170-100,0
takeoff,JFK,22R,1782521508.49,2026-06-27T00:51:48Z,40.645889,-73.766953,210.9,a3556f,N3138J,BCS3,AIRBUS A220-300,0
landing,LGA,22,1782521555.02,2026-06-27T00:52:35Z,40.775082,-73.879249,213.8,ac159a,N878RW,E170,EMBRAER ERJ-170-100,0
takeoff,LGA,31,1782521573.97,2026-06-27T00:52:53Z,40.774104,-73.861349,300.9,a471ec,N386DN,A321,AIRBUS A-321,0
takeoff,JFK,22R,1782521592.74,2026-06-27T00:53:12Z,40.645736,-73.76706,210.9,a4e714,N415DX,A339,AIRBUS A-330-900,0
takeoff,LGA,31,1782521642.84,2026-06-27T00:54:02Z,40.772498,-73.857994,300.9,a08a85,N134EV,CRJ9,BOMBARDIER Regional Jet CRJ-900,0
landing,LGA,22,1782521650.45,2026-06-27T00:54:10Z,40.772056,-73.88173,213.8,a53ba4,N436YX,E75L,EMBRAER ERJ-170-200 (long wing),0
takeoff,JFK,22R,1782521682.05,2026-06-27T00:54:42Z,40.645672,-73.767136,210.9,4b1887,HB-JHN,A333,AIRBUS A-330-300,0
landing,JFK,22L,1782521693.23,2026-06-27T00:54:53Z,40.636448,-73.761765,210.9,aca79d,N914XJ,CRJ9,BOMBARDIER Regional Jet CRJ-900,0
landing,JFK,22L,1782521770.48,2026-06-27T00:56:10Z,40.637811,-73.760662,210.9,a19cc7,N2027J,A21N,AIRBUS A-321neo,0
takeoff,LGA,31,1782521778.58,2026-06-27T00:56:18Z,40.772545,-73.858119,298.1,a7d725,N604LR,CRJ9,BOMBARDIER Regional Jet CRJ-900,0
landing,LGA,22,1782521784.72,2026-06-27T00:56:24Z,40.775093,-73.879233,213.8,a89d22,N654RW,E170,EMBRAER ERJ-170-100,0
landing,JFK,22L,1782521846.78,2026-06-27T00:57:26Z,40.633807,-73.763846,210.9,e8022a,CC-CWF,B763,BOEING 767-300,0
takeoff,JFK,22R,1782521859.56,2026-06-27T00:57:39Z,40.645958,-73.766904,210.9,4cc578,TF-IAB,A21N,AIRBUS A-321neo,0
takeoff,LGA,31,1782521886.17,2026-06-27T00:58:06Z,40.772507,-73.858002,300.9,a1e1d8,N220JQ,E75L,EMBRAER ERJ-170-200 (long wing),0
landing,LGA,22,1782521888.57,2026-06-27T00:58:08Z,40.776816,-73.877829,213.8,a0634c,N124HQ,E75L,EMBRAER ERJ-170-200 (long wing),0
takeoff,LGA,31,1782521984.33,2026-06-27T00:59:44Z,40.772175,-73.85733,303.8,a4bdb9,N404YX,E75L,EMBRAER ERJ-170-200 (long wing),0
takeoff,JFK,22R,1782521991.56,2026-06-27T00:59:51Z,40.646027,-73.766842,210.9,a33328,N305NY,A21N,AIRBUS A-321neo,0
landing,LGA,22,1782522004.15,2026-06-27T01:00:04Z,40.776327,-73.878219,210.9,ab40ce,N824MD,E170,EMBRAER ERJ-170-100,0
landing,LGA,22,1782522060.19,2026-06-27T01:01:00Z,40.777222,-73.877487,213.8,a9d59a,N73251,B738,BOEING 737-800,0
takeoff,LGA,31,1782522083.3,2026-06-27T01:01:23Z,40.772793,-73.858612,300.9,a7a956,N593JB,A320,AIRBUS A-320,0
takeoff,JFK,22R,1782522128.8,2026-06-27T01:02:08Z,40.646324,-73.766632,210.9,ab3d41,N823NW,A333,AIRBUS A-330-300,0
landing,JFK,22L,1782522140.42,2026-06-27T01:02:20Z,40.638748,-73.759949,210.9,a5e3e4,N479PX,CRJ9,BOMBARDIER Regional Jet CRJ-900,0
landing,LGA,22,1782522179.33,2026-06-27T01:02:59Z,40.774738,-73.879501,210.9,a1d0a3,N216JQ,E75L,EMBRAER ERJ-170-200 (long wing),0
landing,JFK,22L,1782522219.79,2026-06-27T01:03:39Z,40.636951,-73.761368,210.9,aa6ccb,N771AN,B772,BOEING 777-200,0
takeoff,JFK,31L,1782522229.73,2026-06-27T01:03:49Z,40.635406,-73.788116,300.9,a67452,N515DE,A21N,AIRBUS A-321neo,0
takeoff,JFK,22R,1782522253.06,2026-06-27T01:04:13Z,40.645387,-73.767357,210.9,4075b4,G-VPOP,A35K,AIRBUS A-350-1000,0
landing,LGA,22,1782522277.2,2026-06-27T01:04:37Z,40.774977,-73.879327,210.9,ac5a73,N8951S,B38M,,0
takeoff,LGA,31,1782522282.76,2026-06-27T01:04:42Z,40.77258,-73.85815,300.9,a51b93,N428YX,E75L,EMBRAER ERJ-170-200 (long wing),0
landing,JFK,22L,1782522362.89,2026-06-27T01:06:02Z,40.634663,-73.763153,210.9,a386fb,N3260J,BCS3,,0
landing,LGA,22,1782522366.68,2026-06-27T01:06:06Z,40.776734,-73.877876,213.8,acda41,N927XJ,CRJ9,BOMBARDIER Regional Jet CRJ-900,0
takeoff,JFK,22R,1782522375.47,2026-06-27T01:06:15Z,40.646015,-73.766846,210.9,ab8c19,N843MH,B764,BOEING 767-400,0
takeoff,LGA,31,1782522378.56,2026-06-27T01:06:18Z,40.772812,-73.85865,298.1,a31486,N298PQ,CRJ9,BOMBARDIER Regional Jet CRJ-900,0
landing,JFK,22L,1782522450.02,2026-06-27T01:07:30Z,40.638882,-73.759866,210.9,a6c013,N534JB,A320,AIRBUS A-320,0
landing,LGA,22,1782522483.97,2026-06-27T01:08:03Z,40.778446,-73.87648,213.8,a3479e,N310JE,CL35,BOMBARDIER BD-100 Challenger 350,0
takeoff,LGA,31,1782522485.87,2026-06-27T01:08:05Z,40.77261,-73.858231,300.9,ac5378,N89342,E75L,EMBRAER ERJ-170-200 (long wing),0
landing,JFK,22L,1782522521.72,2026-06-27T01:08:41Z,40.63681,-73.761474,210.9,a3c2be,N341TR,B38M,BOEING 737 MAX 8,0
landing,LGA,22,1782522564.78,2026-06-27T01:09:24Z,40.775221,-73.879171,210.9,ab4ba6,N827JB,A320,AIRBUS A-320,0
takeoff,LGA,31,1782522568.72,2026-06-27T01:09:28Z,40.77277,-73.858551,300.9,a08acb,N134HQ,E75L,EMBRAER ERJ-170-200 (long wing),0
takeoff,JFK,22R,1782522619.18,2026-06-27T01:10:19Z,40.646656,-73.766358,210.9,a4c96c,N4073J,A21N,AIRBUS A-321neo,0
landing,JFK,22L,1782522626.72,2026-06-27T01:10:26Z,40.638707,-73.759975,210.9,ab6519,N833SK,CRJ9,BOMBARDIER Regional Jet CRJ-900,0
landing,LGA,22,1782522658.72,2026-06-27T01:10:58Z,40.775494,-73.878891,213.8,a9ab87,N722FR,A321,AIRBUS A-321,0
takeoff,LGA,31,1782522662.34,2026-06-27T01:11:02Z,40.772591,-73.858197,303.8,ab5993,N830NN,B738,BOEING 737-800,0
landing,JFK,22L,1782522700.62,2026-06-27T01:11:40Z,40.636612,-73.76163,210.9,a36b50,N3195J,BCS3,,0
takeoff,JFK,22R,1782522719.51,2026-06-27T01:11:59Z,40.645655,-73.767138,210.9,76ceed,9V-SWM,B77W,BOEING 777-300ER,0
takeoff,LGA,31,1782522770.41,2026-06-27T01:12:50Z,40.77258,-73.858181,298.1,a3a9b6,N335PQ,CRJ9,BOMBARDIER Regional Jet CRJ-900,0
landing,JFK,22L,1782522789.49,2026-06-27T01:13:09Z,40.636013,-73.7621,210.9,a752ea,N571JB,A320,AIRBUS A-320,0
takeoff,JFK,22R,1782522793.97,2026-06-27T01:13:13Z,40.645844,-73.766998,210.9,34764a,EC-OES,A359,AIRBUS A-350-900,0
takeoff,LGA,31,1782522844.28,2026-06-27T01:14:04Z,40.772231,-73.857417,300.9,a866c7,N640RW,E170,EMBRAER ERJ-170-100,0
takeoff,JFK,31L,1782522895.88,2026-06-27T01:14:55Z,40.635832,-73.789002,300.9,a6b4f7,N531JL,A320,AIRBUS A-320,0
takeoff,JFK,22R,1782522939.62,2026-06-27T01:15:39Z,40.645889,-73.766953,209.7,02013e,CN-RGZ,B789,BOEING 787-9 Dreamliner,0
landing,LGA,22,1782522941.2,2026-06-27T01:15:41Z,40.776604,-73.877991,213.8,acc7ae,N922XJ,CRJ9,BOMBARDIER Regional Jet CRJ-900,0
takeoff,LGA,31,1782522942.2,2026-06-27T01:15:42Z,40.772789,-73.858587,300.9,abdf3f,N864RW,E170,EMBRAER ERJ-170-100,0
landing,JFK,22L,1782522966.36,2026-06-27T01:16:06Z,40.635303,-73.762634,210.9,a3355e,N3058J,BCS3,AIRBUS A220-300,0
takeoff,LGA,31,1782523020.76,2026-06-27T01:17:00Z,40.772801,-73.858634,300.9,ac1f61,N880RW,E170,EMBRAER ERJ-170-100,0
takeoff,JFK,22R,1782523027.07,2026-06-27T01:17:07Z,40.64576,-73.76706,210.9,a0f4a2,N1604R,B763,BOEING 767-300,0
landing,JFK,22L,1782523050.24,2026-06-27T01:17:30Z,40.635406,-73.762543,210.9,ad9712,N975JT,A321,AIRBUS A-321,0
takeoff,LGA,31,1782523092.53,2026-06-27T01:18:12Z,40.772678,-73.858383,300.9,a3cd7d,N344PP,B738,BOEING 737-800,0
takeoff,LGA,31,1782523165.84,2026-06-27T01:19:25Z,40.772638,-73.858291,300.9,acc02b,N920WN,B737,BOEING 737-700,0
takeoff,JFK,22R,1782523196.55,2026-06-27T01:19:56Z,40.646027,-73.766842,210.9,ad846f,N970JB,A321,AIRBUS A-321,0
landing,JFK,22L,1782523242.54,2026-06-27T01:20:42Z,40.635786,-73.762269,210.9,a8021b,N615JB,A320,AIRBUS A-320,0
takeoff,JFK,22R,1782523262.39,2026-06-27T01:21:02Z,40.646539,-73.766436,210.9,a78945,N585JB,A320,AIRBUS A-320,0
landing,LGA,22,1782523287.44,2026-06-27T01:21:27Z,40.777689,-73.877095,210.9,c008f0,C-FDJZ,CRJ9,BOMBARDIER Regional Jet CRJ-900,0
takeoff,JFK,31L,1782523302.95,2026-06-27T01:21:42Z,40.633866,-73.78471,300.9,a20347,N229JQ,E75L,EMBRAER ERJ-170-200 (long wing),0
takeoff,LGA,31,1782523311.02,2026-06-27T01:21:51Z,40.774151,-73.861459,300.9,aca3e6,N913XJ,CRJ9,BOMBARDIER Regional Jet CRJ-900,0
landing,JFK,22L,1782523326.43,2026-06-27T01:22:06Z,40.634823,-73.763031,210.9,0c21fb,HP-9819CMP,B38M,BOEING 737 MAX 8,0
takeoff,JFK,22R,1782523332.3,2026-06-27T01:22:12Z,40.645981,-73.766907,209.6,ab5867,N830AN,B789,BOEING 787-9 Dreamliner,0
takeoff,LGA,31,1782523370.8,2026-06-27T01:22:50Z,40.772827,-73.858704,300.9,a05470,N120HQ,E75L,EMBRAER ERJ-170-200 (long wing),0
landing,JFK,22L,1782523412.06,2026-06-27T01:23:32Z,40.637569,-73.760864,213.8,a6152a,N491PX,CRJ9,BOMBARDIER Regional Jet CRJ-900,0
takeoff,JFK,22R,1782523449.41,2026-06-27T01:24:09Z,40.646062,-73.766826,209.6,ab9af3,N847MF,B789,BOEING 787-9 Dreamliner,0
landing,LGA,22,1782523480.41,2026-06-27T01:24:40Z,40.776421,-73.878174,210.9,ac608e,N897NN,B738,BOEING 737-800,0
takeoff,LGA,31,1782523485.63,2026-06-27T01:24:45Z,40.772747,-73.858505,300.9,acf2e4,N933XJ,CRJ9,BOMBARDIER Regional Jet CRJ-900,0
landing,JFK,22L,1782523491.69,2026-06-27T01:24:51Z,40.637369,-73.761037,210.9,a7ac8f,N594DA,A21N,AIRBUS A-321neo,0
landing,JFK,22L,1782523563.99,2026-06-27T01:26:03Z,40.636173,-73.761963,210.9,a32886,N302UD,B38M,BOEING 737 MAX 8,0
takeoff,JFK,22R,1782523583.52,2026-06-27T01:26:23Z,40.646233,-73.766678,210.9,a35efa,N316VD,B38M,BOEING 737 MAX 8,0
landing,LGA,22,1782523598.87,2026-06-27T01:26:38Z,40.776615,-73.877975,210.9,aceb76,N931XJ,CRJ9,BOMBARDIER Regional Jet CRJ-900,0
takeoff,LGA,31,1782523604.55,2026-06-27T01:26:44Z,40.772587,-73.85817,300.9,a21fa1,N236JQ,E75L,EMBRAER ERJ-170-200 (long wing),0
landing,JFK,22L,1782523645.51,2026-06-27T01:27:25Z,40.636228,-73.761848,213.8,a690a8,N522DA,A21N,AIRBUS A-321neo,0
takeoff,JFK,22R,1782523647.33,2026-06-27T01:27:27Z,40.646435,-73.766514,210.9,a03765,N113AN,A321,AIRBUS A-321,0
landing,LGA,22,1782523739.28,2026-06-27T01:28:59Z,40.777668,-73.877121,213.8,a7d32e,N603JB,A320,AIRBUS A-320,0
landing,JFK,22L,1782523739.49,2026-06-27T01:28:59Z,40.636917,-73.761383,210.9,acab54,N915XJ,CRJ9,BOMBARDIER Regional Jet CRJ-900,0
takeoff,LGA,31,1782523746.6,2026-06-27T01:29:06Z,40.772564,-73.858154,300.9,abc2e5,N857RW,E170,EMBRAER ERJ-170-100,0
takeoff,JFK,31L,1782523788.75,2026-06-27T01:29:48Z,40.636007,-73.789423,300.9,aa099e,N746JB,A320,AIRBUS A-320,0
takeoff,LGA,31,1782523816.18,2026-06-27T01:30:16Z,40.77258,-73.85815,298.1,a36994,N319PQ,CRJ9,BOMBARDIER Regional Jet CRJ-900,0
takeoff,JFK,22R,1782523843.23,2026-06-27T01:30:43Z,40.645981,-73.766889,210.9,aacf19,N796JB,A320,AIRBUS A-320,0
landing,LGA,22,1782523881.59,2026-06-27T01:31:21Z,40.777049,-73.877642,210.9,a037b9,N113DX,A321,AIRBUS A-321,0
takeoff,JFK,22R,1782523913.96,2026-06-27T01:31:53Z,40.645809,-73.767014,210.9,ac7aa9,N903DN,B739,BOEING 737-900,0
takeoff,JFK,22R,1782523986.3,2026-06-27T01:33:06Z,40.645864,-73.766967,209.6,485341,PH-BHG,B789,BOEING 787-9 Dreamliner,0
landing,LGA,22,1782524004.02,2026-06-27T01:33:24Z,40.771969,-73.881805,213.8,a4b294,N401YX,E75L,EMBRAER ERJ-170-200 (long wing),0
landing,JFK,22L,1782524024.14,2026-06-27T01:33:44Z,40.637135,-73.761215,210.9,a1775f,N194DN,B763,BOEING 767-300,0
landing,JFK,22L,1782524134.81,2026-06-27T01:35:34Z,40.637386,-73.761002,210.9,a5e9f4,N480PX,CRJ9,BOMBARDIER Regional Jet CRJ-900,0
takeoff,JFK,22R,1782524135.91,2026-06-27T01:35:35Z,40.645615,-73.767151,210.9,a36825,N3189J,BCS3,AIRBUS A220-300,0
landing,LGA,22,1782524144.82,2026-06-27T01:35:44Z,40.779132,-73.875894,213.8,aa4c3e,N76265,B738,BOEING 737-800,0
takeoff,LGA,31,1782524154.9,2026-06-27T01:35:54Z,40.772812,-73.858634,300.9,a3965c,N330FR,A20N,AIRBUS A-320neo,0
takeoff,JFK,22R,1782524207.18,2026-06-27T01:36:47Z,40.645702,-73.767092,210.9,4cae80,EI-TYA,A339,AIRBUS A-330-900,0
landing,LGA,22,1782524228.86,2026-06-27T01:37:08Z,40.774896,-73.879405,213.8,c00b9e,C-FEKJ,E75S,EMBRAER ERJ-170-200 (short wing),0
takeoff,LGA,31,1782524232.99,2026-06-27T01:37:12Z,40.772747,-73.858536,292.5,a35701,N314PQ,CRJ9,BOMBARDIER Regional Jet CRJ-900,0
landing,JFK,22L,1782524238.61,2026-06-27T01:37:18Z,40.635658,-73.762363,210.9,a6bbef,N533DT,A21N,AIRBUS A-321neo,0
takeoff,JFK,22R,1782524294.75,2026-06-27T01:38:14Z,40.646062,-73.766842,210.9,71bc19,HL7419,B744,BOEING 747-400,0
landing,LGA,22,1782524303.98,2026-06-27T01:38:23Z,40.776804,-73.877844,213.8,a72c78,N561UW,A321,AIRBUS A-321,0
takeoff,LGA,31,1782524311.2,2026-06-27T01:38:31Z,40.772719,-73.858462,300.9,a03bcd,N114HQ,E75L,EMBRAER ERJ-170-200 (long wing),0
landing,JFK,22L,1782524348.24,2026-06-27T01:39:08Z,40.636436,-73.761765,210.9,3480cc,EC-OHY,A332,AIRBUS A-330-200,0
takeoff,JFK,22R,1782524422.52,2026-06-27T01:40:22Z,40.64629,-73.766647,210.9,ad1927,N943JT,A321,AIRBUS A-321,0
landing,LGA,22,1782524436.59,2026-06-27T01:40:36Z,40.776525,-73.878063,213.8,a3f91e,N355TW,B38M,,0
takeoff,LGA,31,1782524444.48,2026-06-27T01:40:44Z,40.77261,-73.858215,300.9,a026e1,N109HQ,E75L,EMBRAER ERJ-170-200 (long wing),0
takeoff,JFK,22R,1782524481.26,2026-06-27T01:41:21Z,40.646563,-73.766436,210.9,aca02f,N912XJ,CRJ9,BOMBARDIER Regional Jet CRJ-900,0
landing,JFK,22L,1782524483.06,2026-06-27T01:41:23Z,40.636791,-73.761475,210.9,a398bc,N3304J,BCS3,AIRBUS A220-300,0
takeoff,JFK,22R,1782524535.05,2026-06-27T01:42:15Z,40.646393,-73.766541,210.9,a98539,N712TW,B752,BOEING 757-200,0
takeoff,JFK,22R,1782524604.03,2026-06-27T01:43:24Z,40.64633,-73.766623,210.9,a1d99b,N2180J,A21N,AIRBUS A-321neo,0
landing,LGA,22,1782524610.89,2026-06-27T01:43:30Z,40.775082,-73.879233,213.8,abe2f6,N865RW,E170,EMBRAER ERJ-170-100,0
takeoff,LGA,31,1782524613.06,2026-06-27T01:43:33Z,40.773033,-73.859116,300.9,a5c31b,N470WN,B737,BOEING 737-700,0
landing,JFK,22L,1782524613.66,2026-06-27T01:43:33Z,40.635017,-73.762878,210.9,a37af8,N323RM,B38M,BOEING 737 MAX 8,0
takeoff,JFK,22R,1782524668.8,2026-06-27T01:44:28Z,40.645775,-73.767044,210.9,a1373d,N178DN,B763,BOEING 767-300,0
landing,LGA,22,1782524729.1,2026-06-27T01:45:29Z,40.777313,-73.877426,213.8,aa56b6,N76517,B738,BOEING 737-800,0
takeoff,LGA,31,1782524730.1,2026-06-27T01:45:30Z,40.772495,-73.858002,300.9,a43ee5,N37290,B738,BOEING 737-800,0
landing,JFK,22L,1782524766.64,2026-06-27T01:46:06Z,40.635372,-73.762589,210.9,a4f5f0,N419DX,A339,AIRBUS A-330-900,0
takeoff,LGA,31,1782524811.2,2026-06-27T01:46:51Z,40.774128,-73.861427,298.1,a93d7c,N695CA,CRJ9,BOMBARDIER Regional Jet CRJ-900,0
takeoff,JFK,31L,1782524814.24,2026-06-27T01:46:54Z,40.635738,-73.788834,300.9,a85887,N637JB,A320,AIRBUS A-320,0
takeoff,JFK,22R,1782524826.96,2026-06-27T01:47:06Z,40.64661,-73.766403,210.9,49526b,CS-TSK,A20N,AIRBUS A-320neo,0
takeoff,LGA,31,1782524870.16,2026-06-27T01:47:50Z,40.772766,-73.858571,300.9,a1ba59,N210JQ,E75L,EMBRAER ERJ-170-200 (long wing),0
takeoff,JFK,22R,1782524901.59,2026-06-27T01:48:21Z,40.645352,-73.767357,210.9,a38fa4,N3289J,,,0
takeoff,LGA,31,1782524943.92,2026-06-27T01:49:03Z,40.773148,-73.859329,300.9,aaed5a,N803DN,B739,BOEING 737-900,0
takeoff,JFK,22R,1782524968.74,2026-06-27T01:49:28Z,40.645224,-73.767482,210.9,4ca74e,EI-EAV,A333,AIRBUS A-330-300,0
landing,JFK,22L,1782524992.14,2026-06-27T01:49:52Z,40.633773,-73.763814,210.9,8990e4,B-16722,B77W,BOEING 777-300ER,0
takeoff,JFK,22R,1782525037.8,2026-06-27T01:50:37Z,40.646295,-73.766639,210.9,4006c0,G-VIIN,B772,BOEING 777-200,0
landing,LGA,22,1782525047.56,2026-06-27T01:50:47Z,40.777233,-73.877487,210.9,a2b47f,N27334,B38M,BOEING 737 MAX 8,0
takeoff,LGA,31,1782525064.06,2026-06-27T01:51:04Z,40.772667,-73.858307,300.9,aa56d8,N76526,B738,BOEING 737-800,0
landing,JFK,22L,1782525077.58,2026-06-27T01:51:17Z,40.634843,-73.763003,210.9,3c70c2,D-ALFB,B77L,BOEING 777-200LR,0
takeoff,LGA,31,1782525129.87,2026-06-27T01:52:09Z,40.772603,-73.858228,300.9,a1e58f,N221JQ,E75L,EMBRAER ERJ-170-200 (long wing),0
takeoff,JFK,22R,1782525168.9,2026-06-27T01:52:48Z,40.645924,-73.766922,208.1,ab6162,N832SK,CRJ9,BOMBARDIER Regional Jet CRJ-900,0
takeoff,JFK,22R,1782525223.56,2026-06-27T01:53:43Z,40.64629,-73.766632,210.9,a75634,N572DT,A21N,AIRBUS A-321neo,0
landing,JFK,22L,1782525231.29,2026-06-27T01:53:51Z,40.634692,-73.763112,210.9,71be40,HL7640,A388,AIRBUS A-380-800,0
landing,LGA,22,1782525254.92,2026-06-27T01:54:14Z,40.777212,-73.877485,213.8,a39ada,N331PQ,CRJ9,BOMBARDIER Regional Jet CRJ-900,0
takeoff,LGA,31,1782525267.86,2026-06-27T01:54:27Z,40.77388,-73.860901,300.9,ac8b43,N907XJ,CRJ9,BOMBARDIER Regional Jet CRJ-900,0
takeoff,JFK,22R,1782525290.53,2026-06-27T01:54:50Z,40.646324,-73.766617,210.9,3965a4,F-GZNE,B77W,BOEING 777-300ER,0
takeoff,LGA,31,1782525328.56,2026-06-27T01:55:28Z,40.772777,-73.858571,300.9,ac159a,N878RW,E170,EMBRAER ERJ-170-100,0
takeoff,LGA,31,1782525394.45,2026-06-27T01:56:34Z,40.772475,-73.857947,295.3,a2000d,N228PQ,CRJ9,BOMBARDIER Regional Jet CRJ-900,0
landing,JFK,22L,1782525426.89,2026-06-27T01:57:06Z,40.63623,-73.761917,210.9,4cc53a,TF-ICL,B38M,BOEING 737 MAX 8,0
takeoff,JFK,22R,1782525453.66,2026-06-27T01:57:33Z,40.645283,-73.767419,210.9,a3845c,N3258J,BCS3,,0
takeoff,JFK,22R,1782525507.59,2026-06-27T01:58:27Z,40.646272,-73.766655,210.9,a3244c,N301NY,A21N,AIRBUS A-321neo,0
landing,LGA,22,1782525517.79,2026-06-27T01:58:37Z,40.777622,-73.877167,213.8,a138b8,N178US,A321,AIRBUS A-321,0
takeoff,LGA,31,1782525527.25,2026-06-27T01:58:47Z,40.773136,-73.859329,300.9,ac481d,N8903H,B38M,BOEING 737 MAX 8,0
landing,JFK,22L,1782525532.65,2026-06-27T01:58:52Z,40.636554,-73.761661,210.9,a33843,N3062J,BCS3,AIRBUS A220-300,0
landing,JFK,22L,1782525596.68,2026-06-27T01:59:56Z,40.636105,-73.762039,209.6,4075c1,G-CKWN,B789,BOEING 787-9 Dreamliner,0
takeoff,JFK,22L,1782525596.68,2026-06-27T01:59:56Z,40.636105,-73.762039,209.6,4075c1,G-CKWN,B789,BOEING 787-9 Dreamliner,0
landing,JFK,22L,1782525597.17,2026-06-27T01:59:57Z,40.635926,-73.762191,209.6,4075c1,G-CKWN,B789,BOEING 787-9 Dreamliner,0
landing,LGA,22,1782525631.25,2026-06-27T02:00:31Z,40.776398,-73.878174,213.8,a35d79,N316DU,BCS3,AIRBUS A220-300,0
takeoff,LGA,31,1782525636.83,2026-06-27T02:00:36Z,40.772495,-73.858017,298.1,a7e24a,N607LR,CRJ9,BOMBARDIER Regional Jet CRJ-900,0
landing,LGA,22,1782525751.85,2026-06-27T02:02:31Z,40.775582,-73.878859,213.8,ab2b23,N819DN,B739,BOEING 737-900,0
landing,JFK,31R,1782525756.05,2026-06-27T02:02:36Z,40.652882,-73.779404,300.9,780231,B-LJA,B748,BOEING 747-8,0
takeoff,LGA,31,1782525764.73,2026-06-27T02:02:44Z,40.774097,-73.861359,298.1,a32bcb,N303PQ,CRJ9,BOMBARDIER Regional Jet CRJ-900,0
landing,JFK,31R,1782525855.66,2026-06-27T02:04:15Z,40.651171,-73.775675,300.9,06a0ea,A7-AMK,A359,AIRBUS A-350-900,0
takeoff,JFK,31L,1782525907.29,2026-06-27T02:05:07Z,40.633691,-73.784351,300.9,a4e538,N414YX,E75L,EMBRAER ERJ-170-200 (long wing),0
landing,LGA,22,1782525910.55,2026-06-27T02:05:10Z,40.777611,-73.877167,213.8,a3b79c,N339DU,,,0
takeoff,LGA,31,1782525929.04,2026-06-27T02:05:29Z,40.773788,-73.860703,300.9,a3479e,N310JE,CL35,BOMBARDIER BD-100 Challenger 350,0
takeoff,JFK,31L,1782525971.55,2026-06-27T02:06:11Z,40.635738,-73.788834,300.9,ab53e4,N829SK,CRJ9,BOMBARDIER Regional Jet CRJ-900,0
landing,JFK,31R,1782525974.39,2026-06-27T02:06:14Z,40.650913,-73.775101,300.9,adb653,N983AK,B39M,BOEING 737 MAX 9,0
landing,LGA,22,1782526025.38,2026-06-27T02:07:05Z,40.776862,-73.877766,213.8,ac7283,N9007K,B38M,BOEING 737 MAX 8,0
takeoff,LGA,31,1782526044.84,2026-06-27T02:07:24Z,40.772816,-73.858658,300.9,ab3d17,N823MD,E170,EMBRAER ERJ-170-100,0
takeoff,JFK,31L,1782526058.94,2026-06-27T02:07:38Z,40.63063,-73.777563,300.9,406b0a,G-STBK,B77W,BOEING 777-300ER,0
landing,JFK,31R,1782526064.59,2026-06-27T02:07:44Z,40.650215,-73.773544,300.9,4ba94e,TC-JJN,B77W,BOEING 777-300ER,0
landing,JFK,31R,1782526160.65,2026-06-27T02:09:20Z,40.651683,-73.776783,300.9,406590,G-STBD,B77W,BOEING 777-300ER,0
takeoff,JFK,31L,1782526162.72,2026-06-27T02:09:22Z,40.630737,-73.777786,300.9,a1d2dc,N2165J,A21N,AIRBUS A-321neo,0
landing,LGA,22,1782526167.21,2026-06-27T02:09:27Z,40.771912,-73.881851,213.8,a65408,N507AY,A321,AIRBUS A-321,0
landing,JFK,31R,1782526295.87,2026-06-27T02:11:35Z,40.651428,-73.776199,298.1,a1226e,N172US,A321,AIRBUS A-321,0
takeoff,JFK,31R,1782526339.95,2026-06-27T02:12:19Z,40.652463,-73.783665,267.2,4cc53a,TF-ICL,B38M,BOEING 737 MAX 8,0
takeoff,LGA,31,1782526384.19,2026-06-27T02:13:04Z,40.774837,-73.86291,303.8,a3183d,N299PQ,CRJ9,BOMBARDIER Regional Jet CRJ-900,0
landing,JFK,31R,1782526387.6,2026-06-27T02:13:07Z,40.650473,-73.774098,300.9,a6a300,N527AS,B738,BOEING 737-800,0
takeoff,JFK,31L,1782526434.1,2026-06-27T02:13:54Z,40.630805,-73.777969,300.9,a13748,N178DZ,B763,BOEING 767-300,0
takeoff,LGA,31,1782526441.61,2026-06-27T02:14:01Z,40.772461,-73.857925,300.9,acc7ae,N922XJ,CRJ9,BOMBARDIER Regional Jet CRJ-900,0
landing,JFK,31R,1782526472.22,2026-06-27T02:14:32Z,40.651195,-73.775721,300.9,a4df56,N413AS,B739,BOEING 737-900,0
takeoff,JFK,31L,1782526499.39,2026-06-27T02:14:59Z,40.628883,-73.773697,300.9,a4ba02,N403YX,E75L,EMBRAER ERJ-170-200 (long wing),0
landing,JFK,31R,1782526572.67,2026-06-27T02:16:12Z,40.649426,-73.771851,300.9,a3c233,N341NB,A319,AIRBUS A-319,0
takeoff,JFK,31L,1782526575.79,2026-06-27T02:16:15Z,40.628872,-73.773697,300.9,a1ecfd,N223JQ,E75L,EMBRAER ERJ-170-200 (long wing),0
landing,LGA,22,1782526606.82,2026-06-27T02:16:46Z,40.776525,-73.878078,208.1,a1584a,N186PQ,CRJ9,BOMBARDIER Regional Jet CRJ-900,0
takeoff,JFK,31L,1782526642.96,2026-06-27T02:17:22Z,40.630692,-73.777725,300.9,a85c3e,N638JB,A320,AIRBUS A-320,0
landing,JFK,31R,1782526657.42,2026-06-27T02:17:37Z,40.64917,-73.771274,300.9,a6e720,N544DN,A21N,AIRBUS A-321neo,0
takeoff,JFK,31L,1782526714.04,2026-06-27T02:18:34Z,40.631058,-73.778503,300.9,a34e01,N3118J,BCS3,AIRBUS A220-300,0
landing,LGA,22,1782526740.0,2026-06-27T02:19:00Z,40.775185,-73.879181,213.8,a23fb2,N244JQ,E75L,EMBRAER ERJ-170-200 (long wing),0
landing,JFK,31R,1782526753.12,2026-06-27T02:19:13Z,40.650741,-73.774738,300.9,39d2a2,F-HUVC,A359,AIRBUS A-350-900,0
takeoff,JFK,31L,1782526779.53,2026-06-27T02:19:39Z,40.630703,-73.777695,300.9,a54137,N438DX,A339,AIRBUS A-330-900,0
takeoff,LGA,31,1782526847.96,2026-06-27T02:20:47Z,40.77277,-73.858551,300.9,a9ab87,N722FR,A321,AIRBUS A-321,0
takeoff,JFK,31L,1782526860.27,2026-06-27T02:21:00Z,40.630619,-73.777563,300.9,a8e1f6,N6711M,B752,BOEING 757-200,0
landing,JFK,31R,1782526888.59,2026-06-27T02:21:28Z,40.649883,-73.772858,300.9,a825e3,N624JB,A320,AIRBUS A-320,0
takeoff,JFK,31L,1782526914.22,2026-06-27T02:21:54Z,40.630432,-73.777142,300.9,a65bbc,N509DT,A21N,AIRBUS A-321neo,0
takeoff,JFK,31L,1782526986.61,2026-06-27T02:23:06Z,40.630991,-73.778343,300.9,ab5365,N829MH,B764,BOEING 767-400,0
landing,LGA,22,1782527054.35,2026-06-27T02:24:14Z,40.777421,-73.877329,213.8,a3411f,N309DU,BCS3,AIRBUS A220-300,0
takeoff,JFK,31L,1782527058.35,2026-06-27T02:24:18Z,40.630805,-73.777969,300.9,a4eacb,N416DX,A339,AIRBUS A-330-900,0
takeoff,JFK,31L,1782527152.2,2026-06-27T02:25:52Z,40.630451,-73.777176,300.9,aa600a,N768JB,A320,AIRBUS A-320,0
takeoff,JFK,13L,1782527173.98,2026-06-27T02:26:13Z,40.647537,-73.775726,163.1,a825e3,N624JB,A320,AIRBUS A-320,0
landing,LGA,22,1782527196.42,2026-06-27T02:26:36Z,40.77586,-73.878616,210.9,a0267b,N109DN,A321,AIRBUS A-321,0
takeoff,JFK,31L,1782527220.35,2026-06-27T02:27:00Z,40.630758,-73.777844,300.9,ada5ee,N979JT,A321,AIRBUS A-321,0
takeoff,LGA,31,1782527277.23,2026-06-27T02:27:57Z,40.772871,-73.858712,300.9,aa7fa1,N776DE,B738,BOEING 737-800,0
takeoff,JFK,31L,1782527305.95,2026-06-27T02:28:25Z,40.63127,-73.778983,302.4,346385,EC-NGN,B789,BOEING 787-9 Dreamliner,0
takeoff,JFK,31L,1782527382.61,2026-06-27T02:29:42Z,40.630758,-73.777859,300.9,06a1be,A7-BEH,B77W,BOEING 777-300ER,0
landing,JFK,31R,1782527449.25,2026-06-27T02:30:49Z,40.65038,-73.773927,300.9,abbdfa,N856DN,B739,BOEING 737-900,0
takeoff,JFK,31L,1782527464.66,2026-06-27T02:31:04Z,40.631424,-73.779327,300.9,a4c02d,N405KZ,B744,BOEING 747-400,0
takeoff,JFK,31L,1782527569.43,2026-06-27T02:32:49Z,40.628873,-73.773693,300.9,a537ed,N435YX,E75L,EMBRAER ERJ-170-200 (long wing),0
landing,JFK,31R,1782527623.7,2026-06-27T02:33:43Z,40.649472,-73.771976,300.9,a3b86c,N339NB,A319,AIRBUS A-319,0
takeoff,JFK,31L,1782527652.52,2026-06-27T02:34:12Z,40.631138,-73.778687,300.9,76cce5,9V-SGE,A359,AIRBUS A-350-900,0
landing,LGA,22,1782527692.78,2026-06-27T02:34:52Z,40.775757,-73.878687,213.8,c080dc,C-GWUT,BCS3,AIRBUS A220-300,0
takeoff,JFK,31L,1782527730.97,2026-06-27T02:35:30Z,40.630806,-73.777954,300.9,a4e35f,N414DZ,A339,AIRBUS A-330-900,0
landing,JFK,31R,1782527734.21,2026-06-27T02:35:34Z,40.651905,-73.777391,300.9,a1a924,N206JQ,E75L,EMBRAER ERJ-170-200 (long wing),0
landing,LGA,22,1782527784.88,2026-06-27T02:36:24Z,40.7772,-73.877485,213.8,a6f2b7,N547JB,A320,AIRBUS A-320,0
takeoff,JFK,31L,1782527799.62,2026-06-27T02:36:39Z,40.631003,-73.778421,300.9,89672f,A6-XWO,A35K,AIRBUS A-350-1000,0
landing,JFK,31R,1782527847.91,2026-06-27T02:37:27Z,40.652058,-73.777634,300.9,8691cc,JA785A,B77W,BOEING 777-300ER,0
takeoff,JFK,31L,1782527902.56,2026-06-27T02:38:22Z,40.630735,-73.777813,300.9,ad1560,N942JB,A321,AIRBUS A-321,0
landing,LGA,22,1782527932.14,2026-06-27T02:38:52Z,40.777336,-73.877426,213.8,ad2c19,N948NN,B738,BOEING 737-800,0
takeoff,JFK,31L,1782527970.2,2026-06-27T02:39:30Z,40.631344,-73.77916,300.9,a36799,N3185J,BCS3,AIRBUS A220-300,0
landing,JFK,31R,1782527998.45,2026-06-27T02:39:58Z,40.651485,-73.776321,300.9,aca6c0,N914NN,B738,BOEING 737-800,0
takeoff,LGA,31,1782528009.89,2026-06-27T02:40:09Z,40.77244,-73.857916,303.8,acda41,N927XJ,CRJ9,BOMBARDIER Regional Jet CRJ-900,0
landing,LGA,22,1782528015.71,2026-06-27T02:40:15Z,40.774733,-73.87953,210.9,a23bfb,N243JQ,E75L,EMBRAER ERJ-170-200 (long wing),0
takeoff,JFK,31L,1782528038.9,2026-06-27T02:40:38Z,40.630828,-73.778015,300.9,a15ee6,N188FE,B763,BOEING 767-300,0
landing,LGA,22,1782528080.46,2026-06-27T02:41:20Z,40.778458,-73.876465,213.8,ad50c9,N957XV,A21N,,0
landing,JFK,31R,1782528115.81,2026-06-27T02:41:55Z,40.650566,-73.774348,300.9,4cabd3,EI-LRG,A21N,AIRBUS A-321neo,0
takeoff,JFK,31L,1782528119.09,2026-06-27T02:41:59Z,40.631119,-73.778624,300.9,abb775,N854NW,A332,AIRBUS A-330-200,0
landing,LGA,22,1782528178.11,2026-06-27T02:42:58Z,40.772056,-73.88173,213.8,abd69d,N862DN,B739,BOEING 737-900,0
takeoff,JFK,31L,1782528190.06,2026-06-27T02:43:10Z,40.630979,-73.778312,299.6,744841,JY-RBA,B789,BOEING 787-9 Dreamliner,0
landing,JFK,31R,1782528205.51,2026-06-27T02:43:25Z,40.649286,-73.771539,300.9,ac1e2d,N880DN,B739,BOEING 737-900,0
landing,LGA,22,1782528260.41,2026-06-27T02:44:20Z,40.777565,-73.877228,210.9,a3560b,N314DU,BCS3,AIRBUS A220-300,0
takeoff,JFK,31L,1782528269.67,2026-06-27T02:44:29Z,40.631666,-73.779841,300.9,8963f7,A6-EOZ,A388,AIRBUS A-380-800,0
takeoff,JFK,31L,1782528270.0,2026-06-27T02:44:30Z,40.631779,-73.78009,300.9,8963f7,A6-EOZ,A388,AIRBUS A-380-800,0
landing,JFK,31R,1782528289.59,2026-06-27T02:44:49Z,40.650275,-73.773708,300.9,acfa52,N935XJ,CRJ9,BOMBARDIER Regional Jet CRJ-900,0
landing,LGA,22,1782528339.41,2026-06-27T02:45:39Z,40.776513,-73.878078,210.9,a49d22,N397DN,A321,AIRBUS A-321,0
landing,JFK,31R,1782528382.86,2026-06-27T02:46:22Z,40.650009,-73.773163,300.9,a8bc71,N662JB,A320,AIRBUS A-320,0
takeoff,JFK,31L,1782528422.77,2026-06-27T02:47:02Z,40.631224,-73.778874,295.3,a5e3e4,N479PX,CRJ9,BOMBARDIER Regional Jet CRJ-900,0
landing,JFK,31R,1782528475.34,2026-06-27T02:47:55Z,40.650742,-73.774734,300.9,a37c1c,N3232J,BCS3,,0
landing,LGA,22,1782528489.59,2026-06-27T02:48:09Z,40.77528,-73.879108,210.9,ac02b4,N873NN,B738,BOEING 737-800,0
takeoff,JFK,31L,1782528489.63,2026-06-27T02:48:09Z,40.631195,-73.778809,300.9,a386fb,N3260J,BCS3,,0
takeoff,JFK,31L,1782528556.24,2026-06-27T02:49:16Z,40.631643,-73.779795,300.9,3c6518,D-AIHX,A346,AIRBUS A-340-600,0
landing,JFK,31R,1782528569.16,2026-06-27T02:49:29Z,40.649551,-73.772141,300.9,a38367,N3251J,BCS3,,0
landing,LGA,22,1782528572.58,2026-06-27T02:49:32Z,40.778149,-73.876724,213.8,a1270a,N17321,B38M,BOEING 737 MAX 8,0
takeoff,JFK,31L,1782528636.76,2026-06-27T02:50:36Z,40.630989,-73.778336,299.6,440184,OE-LPM,B789,BOEING 787-9 Dreamliner,0
landing,JFK,31R,1782528650.59,2026-06-27T02:50:50Z,40.649728,-73.772491,300.9,a73dfe,N566JB,A320,AIRBUS A-320,0
landing,LGA,22,1782528657.22,2026-06-27T02:50:57Z,40.777496,-73.877274,210.9,a3c900,N343FR,A20N,AIRBUS A-320neo,0
takeoff,JFK,31L,1782528732.69,2026-06-27T02:52:12Z,40.63092,-73.778214,300.9,acf69b,N934XJ,CRJ9,BOMBARDIER Regional Jet CRJ-900,0
landing,JFK,31R,1782528753.07,2026-06-27T02:52:33Z,40.651291,-73.775925,298.1,0d0dd1,XA-DAP,B38M,BOEING 737 MAX 8,0
landing,LGA,22,1782528755.15,2026-06-27T02:52:35Z,40.771695,-73.882011,210.9,a1ccec,N215JQ,E75L,EMBRAER ERJ-170-200 (long wing),0
takeoff,JFK,31L,1782528795.38,2026-06-27T02:53:15Z,40.630955,-73.778305,300.9,a1286c,N174DZ,B763,BOEING 767-300,0
landing,LGA,22,1782528825.6,2026-06-27T02:53:45Z,40.775885,-73.878593,213.8,a21833,N234JQ,E75L,EMBRAER ERJ-170-200 (long wing),0
landing,JFK,31R,1782528827.15,2026-06-27T02:53:47Z,40.65116,-73.775628,298.1,ad3cdf,N952JB,A321,AIRBUS A-321,0
takeoff,JFK,31L,1782528871.1,2026-06-27T02:54:31Z,40.630943,-73.778275,300.9,a6152a,N491PX,CRJ9,BOMBARDIER Regional Jet CRJ-900,0
landing,JFK,31R,1782528921.91,2026-06-27T02:55:21Z,40.650787,-73.774816,300.9,ab355c,N821JB,A320,AIRBUS A-320,0
takeoff,JFK,31L,1782528945.37,2026-06-27T02:55:45Z,40.630688,-73.777719,303.8,ab6519,N833SK,CRJ9,BOMBARDIER Regional Jet CRJ-900,0
takeoff,JFK,31L,1782529029.52,2026-06-27T02:57:09Z,40.6307,-73.777735,300.9,a8021b,N615JB,A320,AIRBUS A-320,0
takeoff,LGA,31,1782529033.86,2026-06-27T02:57:13Z,40.772428,-73.857854,298.1,a39ada,N331PQ,CRJ9,BOMBARDIER Regional Jet CRJ-900,0
landing,JFK,31R,1782529094.08,2026-06-27T02:58:14Z,40.652475,-73.77853,300.9,acf4e8,N934DZ,B739,,0
takeoff,JFK,31L,1782529094.63,2026-06-27T02:58:14Z,40.631001,-73.778381,300.9,a6c013,N534JB,A320,AIRBUS A-320,0
takeoff,JFK,31L,1782529158.5,2026-06-27T02:59:18Z,40.631104,-73.77861,300.9,a3355e,N3058J,BCS3,AIRBUS A220-300,0
takeoff,JFK,31L,1782529221.21,2026-06-27T03:00:21Z,40.631003,-73.778374,300.9,a1574e,N186DN,B763,BOEING 767-300,0
landing,LGA,31,1782529290.49,2026-06-27T03:01:30Z,40.776432,-73.866257,300.9,a3472f,N310DU,BCS3,AIRBUS A220-300,0
takeoff,JFK,31L,1782529291.14,2026-06-27T03:01:31Z,40.630955,-73.77829,300.9,ab8862,N842MH,B764,BOEING 767-400,0
takeoff,JFK,31L,1782529354.35,2026-06-27T03:02:34Z,40.630991,-73.77839,300.9,461f09,OH-LTP,A333,AIRBUS A-330-300,0
landing,JFK,31R,1782529404.26,2026-06-27T03:03:24Z,40.651611,-73.776627,299.6,aad97d,N799AJ,C510,,0
landing,LGA,31,1782529447.24,2026-06-27T03:04:07Z,40.777576,-73.868637,300.9,a34bdc,N311PQ,CRJ9,BOMBARDIER Regional Jet CRJ-900,0
landing,JFK,31L,1782529494.03,2026-06-27T03:04:54Z,40.640087,-73.798431,300.9,a009a4,N101NN,A321,AIRBUS A-321,0
takeoff,LGA,31,1782529510.61,2026-06-27T03:05:10Z,40.773926,-73.860992,303.8,a3b79c,N339DU,,,0
landing,JFK,31R,1782529535.94,2026-06-27T03:05:35Z,40.650368,-73.773864,300.9,aa7f65,N776AV,A20N,AIRBUS A-320neo,0
takeoff,JFK,31L,1782529576.32,2026-06-27T03:06:16Z,40.631252,-73.778946,299.6,407898,G-ZBLA,B78X,BOEING 787-10 Dreamliner,0
takeoff,JFK,31L,1782529654.85,2026-06-27T03:07:34Z,40.631264,-73.778961,300.9,3481d5,EC-OJL,B772,BOEING 777-200,0
takeoff,LGA,13,1782529656.27,2026-06-27T03:07:36Z,40.771877,-73.86087,146.2,a34bdc,N311PQ,CRJ9,BOMBARDIER Regional Jet CRJ-900,0
landing,JFK,31R,1782529720.71,2026-06-27T03:08:40Z,40.650249,-73.773651,300.9,a7650b,N576DN,A21N,AIRBUS A-321neo,0
takeoff,JFK,31L,1782529802.08,2026-06-27T03:10:02Z,40.636768,-73.791122,300.9,a12622,N173UP,A306,AIRBUS A-300-600,0
landing,JFK,31R,1782529811.02,2026-06-27T03:10:11Z,40.651555,-73.776533,298.1,0d121b,XA-OTC,B38M,BOEING 737 MAX 8,0
landing,LGA,31,1782529853.61,2026-06-27T03:10:53Z,40.776821,-73.867065,300.9,aac3f4,N793JB,A320,AIRBUS A-320,0
takeoff,JFK,31L,1782529859.08,2026-06-27T03:10:59Z,40.631398,-73.779233,300.9,4952a1,CS-TUA,A339,AIRBUS A-330-900,0
landing,JFK,31R,1782529888.22,2026-06-27T03:11:28Z,40.651165,-73.77565,300.9,ad0d3c,N940AV,A20N,AIRBUS A-320neo,0
landing,JFK,31R,1782529981.22,2026-06-27T03:13:01Z,40.652618,-73.77887,300.9,ad8836,N971JT,A321,AIRBUS A-321,0
takeoff,JFK,31L,1782529998.89,2026-06-27T03:13:18Z,40.631447,-73.779312,300.9,89655f,A6-EVS,A388,AIRBUS A-380-800,0
landing,LGA,31,1782530004.65,2026-06-27T03:13:24Z,40.77834,-73.870229,303.8,ac5ada,N8954Q,B38M,,0
landing,JFK,31R,1782530063.42,2026-06-27T03:14:23Z,40.651416,-73.776236,300.9,a3adce,N336TM,B38M,BOEING 737 MAX 8,0
landing,LGA,31,1782530122.97,2026-06-27T03:15:22Z,40.77618,-73.865707,300.9,ac5700,N8943Q,B38M,BOEING 737 MAX 8,0
landing,JFK,31R,1782530162.87,2026-06-27T03:16:02Z,40.651474,-73.776337,300.9,ad727d,N966AN,B738,BOEING 737-800,0
landing,JFK,31L,1782530166.43,2026-06-27T03:16:06Z,40.638649,-73.795275,300.9,a0f4b5,N1605,B763,BOEING 767-300,0
landing,LGA,31,1782530270.53,2026-06-27T03:17:50Z,40.778355,-73.870239,300.9,a356f6,N314PD,B738,BOEING 737-800,0
landing,JFK,31R,1782530286.08,2026-06-27T03:18:06Z,40.651016,-73.775299,303.8,ad4804,N955JB,A321,AIRBUS A-321,0
takeoff,JFK,13L,1782530298.05,2026-06-27T03:18:18Z,40.646691,-73.773427,165.9,ad8836,N971JT,A321,AIRBUS A-321,0
landing,LGA,31,1782530370.26,2026-06-27T03:19:30Z,40.777302,-73.868057,300.9,a44ca0,N3761R,B738,BOEING 737-800,0
landing,JFK,31R,1782530373.75,2026-06-27T03:19:33Z,40.652463,-73.77853,300.9,a19d0d,N2029J,A21N,AIRBUS A-321neo,0
takeoff,JFK,31L,1782530435.72,2026-06-27T03:20:35Z,40.630956,-73.778312,300.9,ab80f4,N840MH,B764,BOEING 767-400,0
landing,JFK,31R,1782530450.3,2026-06-27T03:20:50Z,40.650159,-73.773443,300.9,0c6061,9Y-TTO,B38M,BOEING 737 MAX 8,0
landing,LGA,31,1782530492.76,2026-06-27T03:21:32Z,40.777004,-73.867462,300.9,a475a3,N387DN,A321,AIRBUS A-321,0
landing,JFK,31R,1782530526.32,2026-06-27T03:22:06Z,40.651268,-73.775894,300.9,a1a458,N2048J,A21N,AIRBUS A-321neo,0
landing,LGA,31,1782530616.81,2026-06-27T03:23:36Z,40.778858,-73.871307,300.9,ad1c67,N944DZ,B739,,0
landing,JFK,31R,1782530622.56,2026-06-27T03:23:42Z,40.650742,-73.774719,300.9,a45586,N379DA,B738,BOEING 737-800,0
takeoff,JFK,31L,1782530650.62,2026-06-27T03:24:10Z,40.630714,-73.777771,300.9,acab54,N915XJ,CRJ9,BOMBARDIER Regional Jet CRJ-900,0
landing,LGA,31,1782530739.03,2026-06-27T03:25:39Z,40.776432,-73.866249,303.8,abb995,N8547V,B738,BOEING 737-800,0
landing,JFK,31R,1782530740.4,2026-06-27T03:25:40Z,40.652335,-73.778203,300.9,a3cff5,N345AV,A320,AIRBUS A-320,0
landing,JFK,31L,1782530802.43,2026-06-27T03:26:42Z,40.637146,-73.791946,300.9,a36eae,N320DU,BCS3,AIRBUS A220-300,0
landing,LGA,31,1782530857.95,2026-06-27T03:27:37Z,40.778725,-73.87104,300.9,a51b93,N428YX,E75L,EMBRAER ERJ-170-200 (long wing),0
landing,JFK,31R,1782530878.49,2026-06-27T03:27:58Z,40.651794,-73.777054,300.9,acca19,N923JB,A321,AIRBUS A-321,0
takeoff,JFK,31L,1782530933.47,2026-06-27T03:28:53Z,40.630944,-73.778265,300.9,a19910,N2017J,A21N,AIRBUS A-321neo,0
landing,LGA,31,1782530968.51,2026-06-27T03:29:28Z,40.776958,-73.867325,300.9,a967eb,N705JB,A320,AIRBUS A-320,0
landing,JFK,31R,1782531036.22,2026-06-27T03:30:36Z,40.649792,-73.772522,300.9,e8045c,CC-BHA,A20N,AIRBUS A-320neo,0
landing,LGA,31,1782531057.63,2026-06-27T03:30:57Z,40.777014,-73.867451,300.9,a057cc,N121DZ,A321,AIRBUS A-321,0
landing,JFK,31L,1782531092.54,2026-06-27T03:31:32Z,40.637683,-73.793184,300.9,ac7074,N900PC,B752,BOEING 757-200,0
landing,JFK,31R,1782531181.27,2026-06-27T03:33:01Z,40.650624,-73.774473,300.9,ad8fa4,N973JT,A321,AIRBUS A-321,0
landing,LGA,31,1782531186.13,2026-06-27T03:33:06Z,40.778549,-73.870667,303.8,a1c935,N214JQ,E75L,EMBRAER ERJ-170-200 (long wing),0
landing,LGA,31,1782531270.94,2026-06-27T03:34:30Z,40.777554,-73.868561,300.9,aa7427,N77296,B738,BOEING 737-800,0
landing,LGA,31,1782531372.85,2026-06-27T03:36:12Z,40.77663,-73.866655,300.9,abbd2d,N8556Z,B738,BOEING 737-800,0
landing,JFK,31R,1782531375.48,2026-06-27T03:36:15Z,40.651846,-73.777142,300.9,adcd6d,N989JT,A321,AIRBUS A-321,0
landing,LGA,31,1782531475.49,2026-06-27T03:37:55Z,40.777561,-73.868575,303.8,ad8cec,N972UY,A321,AIRBUS A-321,0
takeoff,LGA,31,1782531531.12,2026-06-27T03:38:51Z,40.774132,-73.86142,303.8,a7d32e,N603JB,A320,AIRBUS A-320,0
landing,JFK,31R,1782531558.95,2026-06-27T03:39:18Z,40.65102,-73.775331,299.6,406c3a,G-VYUM,B789,BOEING 787-9 Dreamliner,0
takeoff,JFK,31L,1782531571.13,2026-06-27T03:39:31Z,40.631142,-73.778687,300.9,ac801e,N904XJ,CRJ9,BOMBARDIER Regional Jet CRJ-900,0
landing,LGA,31,1782531614.57,2026-06-27T03:40:14Z,40.778641,-73.870834,303.8,a44e18,N377DA,B738,BOEING 737-800,0
landing,JFK,13L,1782531720.64,2026-06-27T03:42:00Z,40.652538,-73.783569,81.6,4cc53a,TF-ICL,B38M,BOEING 737 MAX 8,0
takeoff,JFK,31L,1782531724.26,2026-06-27T03:42:04Z,40.630875,-73.778047,300.9,a9cb18,N730AN,B77W,BOEING 777-300ER,0
landing,JFK,31R,1782531758.89,2026-06-27T03:42:38Z,40.652393,-73.778328,300.9,a0275c,N109NN,A321,AIRBUS A-321,0
landing,LGA,31,1782531850.75,2026-06-27T03:44:10Z,40.777302,-73.868057,300.9,a449af,N3757D,B738,BOEING 737-800,0
takeoff,JFK,31L,1782531863.52,2026-06-27T03:44:23Z,40.630758,-73.777828,300.9,3965b0,F-GZNQ,B77W,BOEING 777-300ER,0
landing,LGA,31,1782532141.15,2026-06-27T03:49:01Z,40.778744,-73.871063,303.8,a89bab,N654AW,A320,AIRBUS A-320,0
takeoff,JFK,31L,1782532188.49,2026-06-27T03:49:48Z,40.63084,-73.778047,298.1,a5e9f4,N480PX,CRJ9,BOMBARDIER Regional Jet CRJ-900,0
landing,JFK,31L,1782532188.94,2026-06-27T03:49:48Z,40.630979,-73.778359,298.1,a5e9f4,N480PX,CRJ9,BOMBARDIER Regional Jet CRJ-900,0
takeoff,JFK,31L,1782532188.94,2026-06-27T03:49:48Z,40.630979,-73.778359,298.1,a5e9f4,N480PX,CRJ9,BOMBARDIER Regional Jet CRJ-900,0
landing,JFK,31R,1782532255.11,2026-06-27T03:50:55Z,40.65038,-73.773942,300.9,a349be,N3104J,BCS3,AIRBUS A220-300,0
landing,LGA,31,1782532321.4,2026-06-27T03:52:01Z,40.779224,-73.872055,303.8,aa276a,N753YX,E75L,,0
landing,JFK,31R,1782532393.69,2026-06-27T03:53:13Z,40.650375,-73.77388,300.9,a35c0b,N3152J,BCS3,AIRBUS A220-300,0
takeoff,JFK,31L,1782532506.6,2026-06-27T03:55:06Z,40.630851,-73.778047,300.9,4cc53a,TF-ICL,B38M,BOEING 737 MAX 8,0
takeoff,JFK,31L,1782532610.31,2026-06-27T03:56:50Z,40.630714,-73.777725,300.9,a73dfe,N566JB,A320,AIRBUS A-320,0
landing,LGA,31,1782532682.59,2026-06-27T03:58:02Z,40.776524,-73.866425,303.8,a32367,N301DU,BCS3,AIRBUS A220-300,0
landing,JFK,31R,1782532713.91,2026-06-27T03:58:33Z,40.651206,-73.775768,300.9,adde95,N993JE,A321,AIRBUS A-321,0
takeoff,JFK,31L,1782532830.58,2026-06-27T04:00:30Z,40.631344,-73.779144,300.9,40771a,G-VDOT,A35K,AIRBUS A-350-1000,0
landing,LGA,31,1782532860.54,2026-06-27T04:01:00Z,40.777514,-73.868512,300.9,a446eb,N375FR,A20N,AIRBUS A-320neo,0
landing,JFK,31R,1782532881.94,2026-06-27T04:01:21Z,40.650993,-73.775269,300.9,0d118c,XA-VDJ,A320,AIRBUS A-320,0
takeoff,LGA,31,1782533056.99,2026-06-27T04:04:16Z,40.772801,-73.858634,300.9,a3c900,N343FR,A20N,AIRBUS A-320neo,0
takeoff,JFK,31L,1782533189.85,2026-06-27T04:06:29Z,40.631138,-73.778702,300.9,e8022a,CC-CWF,B763,BOEING 767-300,0
landing,JFK,31L,1782533299.19,2026-06-27T04:08:19Z,40.638668,-73.795303,300.9,a5ac14,N4649K,A333,,0
takeoff,JFK,31L,1782533380.58,2026-06-27T04:09:40Z,40.631038,-73.778468,300.9,a1775f,N194DN,B763,BOEING 767-300,0
landing,JFK,31R,1782533598.5,2026-06-27T04:13:18Z,40.651381,-73.776127,300.9,a1a0a1,N2038J,A21N,AIRBUS A-321neo,0
landing,JFK,31L,1782533624.47,2026-06-27T04:13:44Z,40.637124,-73.791873,300.9,a98219,N711ZX,B752,BOEING 757-200,0
takeoff,JFK,31L,1782533708.79,2026-06-27T04:15:08Z,40.633086,-73.782994,299.6,aad97d,N799AJ,C510,,0
takeoff,JFK,31L,1782533767.5,2026-06-27T04:16:07Z,40.631081,-73.778549,300.9,a4f5f0,N419DX,A339,AIRBUS A-330-900,0
landing,JFK,31R,1782533802.78,2026-06-27T04:16:42Z,40.650341,-73.773849,300.9,ab2728,N818AV,A20N,AIRBUS A-320neo,0
takeoff,JFK,31L,1782533884.86,2026-06-27T04:18:04Z,40.631119,-73.778655,300.9,3480cc,EC-OHY,A332,AIRBUS A-330-200,0
landing,JFK,31R,1782534097.18,2026-06-27T04:21:37Z,40.651554,-73.776535,300.9,a353c8,N313UR,B38M,BOEING 737 MAX 8,0
landing,LGA,31,1782534546.9,2026-06-27T04:29:06Z,40.77729,-73.868011,300.9,a008c5,N101DQ,A321,AIRBUS A-321,0
takeoff,JFK,31L,1782534945.18,2026-06-27T04:35:45Z,40.630726,-73.777771,300.9,4cabd3,EI-LRG,A21N,AIRBUS A-321neo,0
landing,JFK,31R,1782535070.99,2026-06-27T04:37:50Z,40.650192,-73.773529,300.9,a7de53,N606JB,A320,AIRBUS A-320,0
landing,JFK,31R,1782535507.38,2026-06-27T04:45:07Z,40.650295,-73.773788,300.9,ad8bed,N972JT,A321,AIRBUS A-321,0
landing,JFK,31R,1782535626.97,2026-06-27T04:47:06Z,40.650593,-73.774399,300.9,0c210d,HP-9912CMP,B39M,BOEING 737 MAX 9,0
takeoff,JFK,31L,1782535658.14,2026-06-27T04:47:38Z,40.631344,-73.779129,299.6,4075c1,G-CKWN,B789,BOEING 787-9 Dreamliner,0
landing,LGA,31,1782535907.69,2026-06-27T04:51:47Z,40.777439,-73.868347,300.9,a6e131,N542UW,A321,AIRBUS A-321,0
takeoff,JFK,31L,1782535947.01,2026-06-27T04:52:27Z,40.63091,-73.778218,300.9,a13391,N177DZ,B763,BOEING 767-300,0
landing,LGA,31,1782536116.87,2026-06-27T04:55:16Z,40.777805,-73.86908,300.9,acbffd,N920US,A321,AIRBUS A-321,0
takeoff,JFK,31L,1782536266.6,2026-06-27T04:57:46Z,40.631001,-73.778366,300.9,71ba03,HL7203,B77W,BOEING 777-300ER,0
landing,JFK,31R,1782536316.39,2026-06-27T04:58:36Z,40.651823,-73.777095,300.9,ad5273,N958AV,A320,AIRBUS A-320,0
takeoff,JFK,31L,1782536406.92,2026-06-27T05:00:06Z,40.63131,-73.779068,300.9,3c70c2,D-ALFB,B77L,BOEING 777-200LR,0
landing,JFK,31R,1782536820.08,2026-06-27T05:07:00Z,40.651897,-73.777237,300.9,0c2047,HP-1538CMP,B738,BOEING 737-800,0
takeoff,JFK,31L,1782536981.82,2026-06-27T05:09:41Z,40.631468,-73.779389,300.9,4ba94e,TC-JJN,B77W,BOEING 777-300ER,0
takeoff,JFK,31L,1782537101.27,2026-06-27T05:11:41Z,40.63155,-73.779587,300.9,780231,B-LJA,B748,BOEING 747-8,0
landing,JFK,31L,1782537102.42,2026-06-27T05:11:42Z,40.631666,-73.779841,300.9,780231,B-LJA,B748,BOEING 747-8,0
takeoff,JFK,31L,1782537102.42,2026-06-27T05:11:42Z,40.631666,-73.779841,300.9,780231,B-LJA,B748,BOEING 747-8,0
landing,JFK,31L,1782537169.5,2026-06-27T05:12:49Z,40.637604,-73.792923,300.9,a7b057,N595DT,A21N,,0
takeoff,JFK,31L,1782537251.61,2026-06-27T05:14:11Z,40.63077,-73.777859,300.9,a3cff5,N345AV,A320,AIRBUS A-320,0
takeoff,JFK,31L,1782537347.46,2026-06-27T05:15:47Z,40.630692,-73.777679,300.9,aa7f65,N776AV,A20N,AIRBUS A-320neo,0
landing,JFK,31L,1782537348.52,2026-06-27T05:15:48Z,40.630816,-73.777937,300.9,aa7f65,N776AV,A20N,AIRBUS A-320neo,0
takeoff,JFK,31L,1782537348.52,2026-06-27T05:15:48Z,40.630816,-73.777937,300.9,aa7f65,N776AV,A20N,AIRBUS A-320neo,0
takeoff,JFK,31L,1782537452.5,2026-06-27T05:17:32Z,40.631247,-73.778905,300.9,39d2a2,F-HUVC,A359,AIRBUS A-350-900,0
takeoff,JFK,31L,1782537596.34,2026-06-27T05:19:56Z,40.631084,-73.778499,300.9,780cb2,B-2009,B77W,BOEING 777-300ER,0
takeoff,JFK,31L,1782538204.39,2026-06-27T05:30:04Z,40.630566,-73.777435,300.9,ad0d3c,N940AV,A20N,AIRBUS A-320neo,0
landing,JFK,31R,1782538244.55,2026-06-27T05:30:44Z,40.651753,-73.776892,300.9,acbe63,N920CG,A20N,AIRBUS A-320neo,0
takeoff,JFK,31L,1782538446.72,2026-06-27T05:34:06Z,40.630943,-73.778275,300.9,06a0ea,A7-AMK,A359,AIRBUS A-350-900,0
takeoff,JFK,22R,1782538594.53,2026-06-27T05:36:34Z,40.637638,-73.776505,255.9,acbe63,N920CG,A20N,AIRBUS A-320neo,0
takeoff,JFK,31L,1782538743.07,2026-06-27T05:39:03Z,40.630898,-73.778152,300.9,a0f4b5,N1605,B763,BOEING 767-300,0
takeoff,JFK,31L,1782539016.85,2026-06-27T05:43:36Z,40.635425,-73.788144,300.9,0d118c,XA-VDJ,A320,AIRBUS A-320,0
takeoff,JFK,31L,1782539108.63,2026-06-27T05:45:08Z,40.630351,-73.776923,300.9,e8045c,CC-BHA,A20N,AIRBUS A-320neo,0
landing,JFK,31R,1782539622.12,2026-06-27T05:53:42Z,40.651245,-73.775818,300.9,ace5bd,N930AV,A20N,AIRBUS A-320neo,0
takeoff,JFK,31L,1782539989.24,2026-06-27T05:59:49Z,40.632648,-73.782059,300.9,8990e4,B-16722,B77W,BOEING 777-300ER,0
takeoff,JFK,31L,1782540466.72,2026-06-27T06:07:46Z,40.631072,-73.77853,300.9,78926b,B-LXR,A35K,AIRBUS A-350-1000,0
landing,JFK,31L,1782540654.71,2026-06-27T06:10:54Z,40.639858,-73.797928,300.9,a58c35,N457AZ,B763,BOEING 767-300,0
takeoff,JFK,31L,1782540813.58,2026-06-27T06:13:33Z,40.630978,-73.77832,300.9,8691cc,JA785A,B77W,BOEING 777-300ER,0
takeoff,JFK,31L,1782540925.37,2026-06-27T06:15:25Z,40.631458,-73.779404,300.9,a5ac14,N4649K,A333,,0
takeoff,JFK,31L,1782541068.67,2026-06-27T06:17:48Z,40.630966,-73.77832,300.9,841c48,JA07WJ,A35K,AIRBUS A-350-1000,0
takeoff,JFK,31L,1782541069.22,2026-06-27T06:17:49Z,40.631058,-73.778519,300.9,841c48,JA07WJ,A35K,AIRBUS A-350-1000,0
takeoff,JFK,31L,1782541272.38,2026-06-27T06:21:12Z,40.630646,-73.777573,300.9,ab2728,N818AV,A20N,AIRBUS A-320neo,0
takeoff,JFK,31L,1782541411.49,2026-06-27T06:23:31Z,40.630714,-73.777771,300.9,0c21fb,HP-9819CMP,B38M,BOEING 737 MAX 8,0
takeoff,JFK,31L,1782541973.37,2026-06-27T06:32:53Z,40.631767,-73.779968,300.9,71be40,HL7640,A388,AIRBUS A-380-800,0
landing,JFK,31R,1782541994.99,2026-06-27T06:33:14Z,40.648669,-73.770135,300.9,aa589c,N766JB,A320,AIRBUS A-320,0
landing,JFK,31L,1782542365.63,2026-06-27T06:39:25Z,40.638073,-73.793991,300.9,a657f4,N508DA,A21N,AIRBUS A-321neo,0
takeoff,JFK,31L,1782543890.04,2026-06-27T07:04:50Z,40.630886,-73.778168,300.9,0c210d,HP-9912CMP,B39M,BOEING 737 MAX 9,0
landing,JFK,31R,1782543966.45,2026-06-27T07:06:06Z,40.651211,-73.775757,300.9,aa7bae,N775AV,A20N,AIRBUS A-320neo,0
takeoff,JFK,31L,1782543989.4,2026-06-27T07:06:29Z,40.630817,-73.777954,300.9,ad5273,N958AV,A320,AIRBUS A-320,0
takeoff,JFK,31L,1782545520.07,2026-06-27T07:32:00Z,40.630829,-73.778015,300.9,ace5bd,N930AV,A20N,AIRBUS A-320neo,0
landing,JFK,31R,1782545756.26,2026-06-27T07:35:56Z,40.652985,-73.779648,300.9,78216a,B-226D,B77L,BOEING 777-200LR,0
landing,JFK,31R,1782546642.46,2026-06-27T07:50:42Z,40.653196,-73.780122,300.9,0c2094,HP-1833CMP,B738,BOEING 737-800,0
landing,JFK,31R,1782547205.24,2026-06-27T08:00:05Z,40.651567,-73.776549,299.6,4bb1a5,TC-LME,B789,BOEING 787-9 Dreamliner,0
landing,JFK,31R,1782547777.38,2026-06-27T08:09:37Z,40.65089,-73.775055,300.9,a9fa0c,N742AV,A320,AIRBUS A-320,0
landing,JFK,31R,1782548253.67,2026-06-27T08:17:33Z,40.651136,-73.775612,300.9,ade252,N994JL,A321,AIRBUS A-321,0
landing,JFK,31R,1782548365.63,2026-06-27T08:19:25Z,40.651218,-73.775784,300.9,a1bc29,N2102J,A21N,AIRBUS A-321neo,0
landing,JFK,31R,1782548541.77,2026-06-27T08:22:21Z,40.652242,-73.778047,300.9,a1e411,N2205J,A21N,AIRBUS A-321neo,0
landing,JFK,31R,1782548720.11,2026-06-27T08:25:20Z,40.651136,-73.775581,300.9,a3298a,N3023J,BCS3,AIRBUS A220-300,0
landing,JFK,31R,1782548920.49,2026-06-27T08:28:40Z,40.651829,-73.7771,300.9,0c6064,9Y-SUR,B38M,BOEING 737 MAX 8,0
landing,JFK,31R,1782549323.67,2026-06-27T08:35:23Z,40.65081,-73.774872,300.9,a95ca4,N702GT,B77L,BOEING 777-200LR,0
landing,JFK,31R,1782549488.8,2026-06-27T08:38:08Z,40.650696,-73.774612,300.9,a4bef6,N4048J,A21N,AIRBUS A-321neo,0
landing,JFK,31R,1782549811.66,2026-06-27T08:43:31Z,40.650249,-73.773621,300.9,a977bb,N709TW,B752,BOEING 757-200,0
landing,JFK,31R,1782550025.51,2026-06-27T08:47:05Z,40.650227,-73.77359,300.9,ace063,N929JB,A321,AIRBUS A-321,0
landing,JFK,31R,1782550241.37,2026-06-27T08:50:41Z,40.651314,-73.775986,300.9,aa8b40,N779JB,A320,AIRBUS A-320,0
landing,JFK,31R,1782550502.66,2026-06-27T08:55:02Z,40.650834,-73.77491,300.9,0ac3d1,HK-5273,A320,AIRBUS A-320,0
landing,JFK,31R,1782550820.55,2026-06-27T09:00:20Z,40.651625,-73.776658,300.9,a52602,N4304,A320,AIRBUS A-320,0
landing,JFK,31L,1782550963.3,2026-06-27T09:02:43Z,40.639091,-73.796243,300.9,a48315,N390DA,B738,BOEING 737-800,0
landing,JFK,31R,1782551085.29,2026-06-27T09:04:45Z,40.651806,-73.777084,300.9,a0428a,N116AN,A321,AIRBUS A-321,0
landing,JFK,31R,1782551181.02,2026-06-27T09:06:21Z,40.647901,-73.775534,258.8,a825e3,N624JB,A320,AIRBUS A-320,0
landing,JFK,31L,1782551190.42,2026-06-27T09:06:30Z,40.639149,-73.796387,300.9,a15397,N185DN,B763,BOEING 767-300,0
landing,JFK,31R,1782551275.01,2026-06-27T09:07:55Z,40.647005,-73.773474,264.4,ad8836,N971JT,A321,AIRBUS A-321,0
takeoff,JFK,31L,1782551293.14,2026-06-27T09:08:13Z,40.630584,-73.777469,300.9,aa7bae,N775AV,A20N,AIRBUS A-320neo,0
landing,JFK,31R,1782551379.85,2026-06-27T09:09:39Z,40.651691,-73.77681,299.6,ab7268,N837AN,B789,BOEING 787-9 Dreamliner,0
landing,JFK,31R,1782551509.45,2026-06-27T09:11:49Z,40.652649,-73.778936,300.9,8478ab,JA18KZ,B748,BOEING 747-8,0
takeoff,JFK,31L,1782551522.0,2026-06-27T09:12:02Z,40.631012,-73.778412,300.9,0c6061,9Y-TTO,B38M,BOEING 737 MAX 8,0
landing,JFK,31R,1782551646.23,2026-06-27T09:14:06Z,40.651096,-73.775513,300.9,a35fc2,N3162J,BCS3,AIRBUS A220-300,0
landing,JFK,31R,1782551743.41,2026-06-27T09:15:43Z,40.650438,-73.774067,300.9,a1a0c4,N2039J,A21N,AIRBUS A-321neo,0
landing,JFK,31R,1782551930.35,2026-06-27T09:18:50Z,40.651348,-73.776062,300.9,a5b3a7,N467AL,A21N,AIRBUS A-321neo,0
takeoff,JFK,31L,1782552125.35,2026-06-27T09:22:05Z,40.631084,-73.778546,300.9,ad2f71,N949JT,A321,AIRBUS A-321,0
takeoff,JFK,31L,1782552231.72,2026-06-27T09:23:51Z,40.631012,-73.778381,300.9,ad8836,N971JT,A321,AIRBUS A-321,0
landing,JFK,31R,1782552272.31,2026-06-27T09:24:32Z,40.651788,-73.777048,300.9,a9ab05,N722AL,B39M,,0
takeoff,JFK,31L,1782552340.29,2026-06-27T09:25:40Z,40.630829,-73.778015,300.9,a1a0a1,N2038J,A21N,AIRBUS A-321neo,0
landing,JFK,31R,1782552408.48,2026-06-27T09:26:48Z,40.65176,-73.776978,300.9,a35e9c,N316RK,B38M,BOEING 737 MAX 8,0
takeoff,JFK,31L,1782552413.9,2026-06-27T09:26:53Z,40.630703,-73.77774,300.9,a825e3,N624JB,A320,AIRBUS A-320,0
landing,JFK,31R,1782552815.5,2026-06-27T09:33:35Z,40.651043,-73.775425,300.9,0aca5e,HK-5390,A20N,AIRBUS A-320neo,0
takeoff,JFK,31L,1782553474.66,2026-06-27T09:44:34Z,40.631161,-73.778732,300.9,a83876,N629JB,A320,AIRBUS A-320,0
landing,JFK,31R,1782553531.13,2026-06-27T09:45:31Z,40.650939,-73.775175,300.9,a3556f,N3138J,BCS3,AIRBUS A220-300,0
takeoff,JFK,31L,1782553564.44,2026-06-27T09:46:04Z,40.635914,-73.789252,300.9,adb782,N983NN,B738,BOEING 737-800,0
landing,JFK,31L,1782553662.04,2026-06-27T09:47:42Z,40.638346,-73.794604,300.9,a7a532,N592DT,A21N,AIRBUS A-321neo,0
landing,JFK,31R,1782553813.89,2026-06-27T09:50:13Z,40.651497,-73.776398,300.9,a32095,N300NY,A21N,AIRBUS A-321neo,0
landing,JFK,31L,1782553925.68,2026-06-27T09:52:05Z,40.638591,-73.795135,300.9,a77dae,N582DN,A21N,,0
landing,JFK,31L,1782554010.82,2026-06-27T09:53:30Z,40.638279,-73.794449,300.9,a67bc8,N517DN,A21N,AIRBUS A-321neo,0
landing,JFK,31R,1782554022.33,2026-06-27T09:53:42Z,40.651136,-73.775628,300.9,a37517,N3215J,BCS3,AIRBUS A220-300,0
takeoff,JFK,31L,1782554088.98,2026-06-27T09:54:48Z,40.631733,-73.779984,300.9,a398bc,N3304J,BCS3,AIRBUS A220-300,0
takeoff,JFK,31L,1782554170.36,2026-06-27T09:56:10Z,40.631023,-73.778427,300.9,a9fa0c,N742AV,A320,AIRBUS A-320,0
landing,JFK,31L,1782554372.31,2026-06-27T09:59:32Z,40.641896,-73.802438,291.2,a63768,N5YD,C25A,CESSNA 525A Citation CJ2,8
landing,JFK,31R,1782554415.59,2026-06-27T10:00:15Z,40.650993,-73.775284,300.9,789241,B-LQD,A359,AIRBUS A-350-900,0
landing,JFK,31R,1782554554.91,2026-06-27T10:02:34Z,40.651439,-73.776283,300.9,a35b27,N315UA,B38M,BOEING 737 MAX 8,0
takeoff,LGA,31,1782554659.42,2026-06-27T10:04:19Z,40.772603,-73.858197,300.9,aa276a,N753YX,E75L,,0
landing,JFK,31R,1782554719.48,2026-06-27T10:05:19Z,40.652358,-73.778328,300.9,a36a21,N319VF,B38M,BOEING 737 MAX 8,0
takeoff,LGA,31,1782554837.63,2026-06-27T10:07:17Z,40.773138,-73.859352,303.8,a2b47f,N27334,B38M,BOEING 737 MAX 8,0
takeoff,JFK,31L,1782554955.29,2026-06-27T10:09:15Z,40.6307,-73.777719,300.9,ac7074,N900PC,B752,BOEING 757-200,0
takeoff,LGA,31,1782554998.39,2026-06-27T10:09:58Z,40.772847,-73.858743,303.8,adcca0,N989AN,B738,BOEING 737-800,0
takeoff,JFK,31L,1782555026.12,2026-06-27T10:10:26Z,40.631001,-73.778366,300.9,acca19,N923JB,A321,AIRBUS A-321,0
landing,JFK,31L,1782555027.38,2026-06-27T10:10:27Z,40.631218,-73.778854,300.9,acca19,N923JB,A321,AIRBUS A-321,0
takeoff,JFK,31L,1782555027.38,2026-06-27T10:10:27Z,40.631218,-73.778854,300.9,acca19,N923JB,A321,AIRBUS A-321,0
takeoff,JFK,31L,1782555080.28,2026-06-27T10:11:20Z,40.630828,-73.778015,300.9,a01c37,N106NN,A321,AIRBUS A-321,0
takeoff,LGA,31,1782555105.08,2026-06-27T10:11:45Z,40.772312,-73.85759,306.6,ad8cec,N972UY,A321,AIRBUS A-321,0
takeoff,JFK,31L,1782555135.65,2026-06-27T10:12:15Z,40.631081,-73.778534,300.9,0c2047,HP-1538CMP,B738,BOEING 737-800,0
landing,JFK,31R,1782555144.66,2026-06-27T10:12:24Z,40.651683,-73.776798,300.9,ab6519,N833SK,CRJ9,BOMBARDIER Regional Jet CRJ-900,0
takeoff,LGA,31,1782555187.46,2026-06-27T10:13:07Z,40.77294,-73.858946,303.8,abbd2d,N8556Z,B738,BOEING 737-800,0
landing,JFK,31L,1782555216.41,2026-06-27T10:13:36Z,40.638986,-73.795993,300.9,a69bcd,N525DA,A21N,AIRBUS A-321neo,0
takeoff,LGA,31,1782555253.84,2026-06-27T10:14:13Z,40.772824,-73.85865,300.9,a057cc,N121DZ,A321,AIRBUS A-321,0
landing,JFK,31L,1782555311.91,2026-06-27T10:15:11Z,40.640488,-73.799332,300.9,a4dbef,N412DX,A339,AIRBUS A-330-900,0
takeoff,LGA,13,1782555319.02,2026-06-27T10:15:19Z,40.7715,-73.858139,98.4,a441f5,N37348,B38M,,0
takeoff,JFK,31L,1782555384.23,2026-06-27T10:16:24Z,40.630909,-73.778183,300.9,a009a4,N101NN,A321,AIRBUS A-321,0
takeoff,JFK,31L,1782555426.79,2026-06-27T10:17:06Z,40.628885,-73.773724,300.9,a1a924,N206JQ,E75L,EMBRAER ERJ-170-200 (long wing),0
takeoff,JFK,31L,1782555491.79,2026-06-27T10:18:11Z,40.630863,-73.778091,300.9,a7650b,N576DN,A21N,AIRBUS A-321neo,0
landing,JFK,31R,1782555545.11,2026-06-27T10:19:05Z,40.65166,-73.776798,300.9,acf54f,N934JB,A321,AIRBUS A-321,0
takeoff,JFK,31L,1782555549.46,2026-06-27T10:19:09Z,40.630828,-73.777984,300.9,a1a458,N2048J,A21N,AIRBUS A-321neo,0
takeoff,LGA,31,1782555562.24,2026-06-27T10:19:22Z,40.772793,-73.858627,303.8,ac5700,N8943Q,B38M,BOEING 737 MAX 8,0
takeoff,JFK,31L,1782555623.81,2026-06-27T10:20:23Z,40.630898,-73.778137,300.9,a58c35,N457AZ,B763,BOEING 767-300,0
landing,JFK,31R,1782555664.93,2026-06-27T10:21:04Z,40.652684,-73.778983,300.9,a9cecf,N731AN,B77W,BOEING 777-300ER,0
takeoff,JFK,31L,1782555728.22,2026-06-27T10:22:08Z,40.631317,-73.779108,300.9,a39289,N3293J,BCS3,AIRBUS A220-300,0
takeoff,LGA,31,1782555808.58,2026-06-27T10:23:28Z,40.772754,-73.858525,300.9,abb995,N8547V,B738,BOEING 737-800,0
takeoff,JFK,31L,1782555813.35,2026-06-27T10:23:33Z,40.630966,-73.77832,300.9,ad4804,N955JB,A321,AIRBUS A-321,0
landing,JFK,31R,1782555827.34,2026-06-27T10:23:47Z,40.651623,-73.776688,300.9,a37fd3,N3242J,BCS3,,0
takeoff,JFK,31L,1782555892.82,2026-06-27T10:24:52Z,40.630898,-73.778152,300.9,78216a,B-226D,B77L,BOEING 777-200LR,0
landing,JFK,31R,1782555926.95,2026-06-27T10:25:26Z,40.652813,-73.779343,300.9,a537ed,N435YX,E75L,EMBRAER ERJ-170-200 (long wing),0
landing,JFK,31R,1782556020.99,2026-06-27T10:27:00Z,40.650421,-73.774033,300.9,acab54,N915XJ,CRJ9,BOMBARDIER Regional Jet CRJ-900,0
takeoff,LGA,31,1782556065.62,2026-06-27T10:27:45Z,40.772816,-73.858673,303.8,a356f6,N314PD,B738,BOEING 737-800,0
landing,JFK,31R,1782556132.75,2026-06-27T10:28:52Z,40.652615,-73.778905,300.9,adf128,N998JE,A321,AIRBUS A-321,0
takeoff,LGA,31,1782556145.85,2026-06-27T10:29:05Z,40.772736,-73.858505,300.9,ab2b23,N819DN,B739,BOEING 737-900,0
landing,JFK,31R,1782556236.99,2026-06-27T10:30:36Z,40.652382,-73.778343,300.9,a03235,N111ZM,A321,AIRBUS A-321,0
landing,JFK,31L,1782556301.35,2026-06-27T10:31:41Z,40.638346,-73.794589,300.9,a76c79,N578DN,A21N,AIRBUS A-321neo,0
takeoff,JFK,31L,1782556400.52,2026-06-27T10:33:20Z,40.63155,-73.779607,300.9,a3711a,N3203J,BCS3,AIRBUS A220-300,0
landing,JFK,31R,1782556408.46,2026-06-27T10:33:28Z,40.650845,-73.774994,300.9,ac801e,N904XJ,CRJ9,BOMBARDIER Regional Jet CRJ-900,0
takeoff,LGA,31,1782556514.43,2026-06-27T10:35:14Z,40.772804,-73.858627,300.9,a72c78,N561UW,A321,AIRBUS A-321,0
landing,JFK,31R,1782556517.16,2026-06-27T10:35:17Z,40.650204,-73.773529,300.9,aa600a,N768JB,A320,AIRBUS A-320,0
takeoff,JFK,31L,1782556540.71,2026-06-27T10:35:40Z,40.631072,-73.778546,300.9,ad8fa4,N973JT,A321,AIRBUS A-321,0
landing,JFK,31R,1782556606.55,2026-06-27T10:36:46Z,40.651222,-73.775772,300.9,aae59e,N801AK,B38M,BOEING 737 MAX 8,0
takeoff,LGA,31,1782556644.98,2026-06-27T10:37:24Z,40.772743,-73.858509,303.8,aac3f4,N793JB,A320,AIRBUS A-320,0
landing,JFK,31R,1782556708.58,2026-06-27T10:38:28Z,40.653328,-73.780441,302.1,a2f9b3,N291FE,B763,BOEING 767-300,0
takeoff,LGA,31,1782556738.94,2026-06-27T10:38:58Z,40.774818,-73.862885,303.8,c008f0,C-FDJZ,CRJ9,BOMBARDIER Regional Jet CRJ-900,0
landing,JFK,31R,1782556842.29,2026-06-27T10:40:42Z,40.651323,-73.776034,300.9,a198ed,N2016J,A21N,AIRBUS A-321neo,0
landing,JFK,31L,1782556917.68,2026-06-27T10:41:57Z,40.64072,-73.799848,300.9,a13af4,N179DN,B763,BOEING 767-300,0
takeoff,JFK,31L,1782557015.61,2026-06-27T10:43:35Z,40.630991,-73.778343,300.9,a32886,N302UD,B38M,BOEING 737 MAX 8,0
landing,JFK,31R,1782557017.1,2026-06-27T10:43:37Z,40.652767,-73.77919,300.9,8990eb,B-18775,B77L,BOEING 777-200LR,0
takeoff,JFK,31L,1782557091.6,2026-06-27T10:44:51Z,40.631149,-73.778717,300.9,ab355c,N821JB,A320,AIRBUS A-320,0
takeoff,JFK,31L,1782557154.44,2026-06-27T10:45:54Z,40.631058,-73.778503,300.9,a752ea,N571JB,A320,AIRBUS A-320,0
landing,JFK,31R,1782557194.19,2026-06-27T10:46:34Z,40.651291,-73.77594,300.9,a38af8,N3272J,BCS3,AIRBUS A220-300,0
landing,JFK,31L,1782557253.89,2026-06-27T10:47:33Z,40.638405,-73.794693,300.9,a8df06,N6707A,B752,BOEING 757-200,0
takeoff,JFK,31L,1782557380.92,2026-06-27T10:49:40Z,40.631573,-73.77967,300.9,a349be,N3104J,BCS3,AIRBUS A220-300,0
takeoff,JFK,31L,1782557458.03,2026-06-27T10:50:58Z,40.630978,-73.778366,300.9,a3298a,N3023J,BCS3,AIRBUS A220-300,0
takeoff,JFK,31L,1782557524.94,2026-06-27T10:52:04Z,40.63155,-73.779587,300.9,a37c1c,N3232J,BCS3,,0
landing,JFK,31R,1782557535.35,2026-06-27T10:52:15Z,40.652607,-73.77887,298.1,a1ecfd,N223JQ,E75L,EMBRAER ERJ-170-200 (long wing),0
takeoff,JFK,31L,1782557585.13,2026-06-27T10:53:05Z,40.628873,-73.773693,300.9,a50cb7,N424YX,E75L,EMBRAER ERJ-170-200 (long wing),0
takeoff,JFK,31L,1782557660.68,2026-06-27T10:54:20Z,40.630991,-73.778343,300.9,a52602,N4304,A320,AIRBUS A-320,0
takeoff,JFK,31L,1782557726.27,2026-06-27T10:55:26Z,40.631049,-73.778484,300.9,a96ba2,N706JB,A320,AIRBUS A-320,0
landing,JFK,31R,1782557727.33,2026-06-27T10:55:27Z,40.651611,-73.776642,299.6,ab349f,N821AN,B789,BOEING 787-9 Dreamliner,0
takeoff,JFK,31L,1782557809.2,2026-06-27T10:56:49Z,40.631049,-73.778499,300.9,ad3cdf,N952JB,A321,AIRBUS A-321,0
landing,LGA,31,1782557852.34,2026-06-27T10:57:32Z,40.778143,-73.869823,295.3,a7e24a,N607LR,CRJ9,BOMBARDIER Regional Jet CRJ-900,0
takeoff,JFK,31L,1782557879.16,2026-06-27T10:57:59Z,40.630726,-73.777802,300.9,a37af8,N323RM,B38M,BOEING 737 MAX 8,0
landing,JFK,31R,1782557902.55,2026-06-27T10:58:22Z,40.651858,-73.777204,300.9,a4e538,N414YX,E75L,EMBRAER ERJ-170-200 (long wing),0
landing,JFK,31R,1782557972.45,2026-06-27T10:59:32Z,40.651199,-73.775726,300.9,a4960c,N395HA,A332,AIRBUS A-330-200,0
takeoff,JFK,31L,1782558089.91,2026-06-27T11:01:29Z,40.630956,-73.778312,300.9,0ac3d1,HK-5273,A320,AIRBUS A-320,0
landing,JFK,31R,1782558111.89,2026-06-27T11:01:51Z,40.651463,-73.776321,300.9,ac7aa9,N903DN,B739,BOEING 737-900,0
landing,LGA,31,1782558190.12,2026-06-27T11:03:10Z,40.777405,-73.868286,298.1,a2000d,N228PQ,CRJ9,BOMBARDIER Regional Jet CRJ-900,0
takeoff,LGA,31,1782558247.37,2026-06-27T11:04:07Z,40.772793,-73.858627,303.8,a51b93,N428YX,E75L,EMBRAER ERJ-170-200 (long wing),0
landing,LGA,31,1782558350.64,2026-06-27T11:05:50Z,40.77862,-73.870822,303.8,ab3d17,N823MD,E170,EMBRAER ERJ-170-100,0
takeoff,JFK,31L,1782558369.92,2026-06-27T11:06:09Z,40.634168,-73.785381,303.8,a63768,N5YD,C25A,CESSNA 525A Citation CJ2,8
landing,JFK,31R,1782558376.33,2026-06-27T11:06:16Z,40.650593,-73.774414,300.9,a17ecd,N196DN,B763,BOEING 767-300,0
takeoff,LGA,31,1782558439.56,2026-06-27T11:07:19Z,40.772873,-73.85878,303.8,a35d79,N316DU,BCS3,AIRBUS A220-300,0
takeoff,JFK,31L,1782558459.45,2026-06-27T11:07:39Z,40.63084,-73.778031,300.9,a70f88,N554NW,B752,BOEING 757-200,0
takeoff,JFK,31L,1782558524.84,2026-06-27T11:08:44Z,40.630851,-73.778047,300.9,a7ac8f,N594DA,A21N,AIRBUS A-321neo,0
landing,JFK,31L,1782558657.38,2026-06-27T11:10:57Z,40.639984,-73.798187,300.9,a173a8,N193DN,B763,BOEING 767-300,0
landing,JFK,31R,1782558711.55,2026-06-27T11:11:51Z,40.650822,-73.774887,300.9,a73dfe,N566JB,A320,AIRBUS A-320,0
takeoff,JFK,31L,1782558740.25,2026-06-27T11:12:20Z,40.631177,-73.778765,302.4,4bb1a5,TC-LME,B789,BOEING 787-9 Dreamliner,0
landing,JFK,31L,1782558740.81,2026-06-27T11:12:20Z,40.631329,-73.779092,302.4,4bb1a5,TC-LME,B789,BOEING 787-9 Dreamliner,0
takeoff,JFK,31L,1782558740.81,2026-06-27T11:12:20Z,40.631329,-73.779092,302.4,4bb1a5,TC-LME,B789,BOEING 787-9 Dreamliner,0
landing,JFK,31R,1782558892.39,2026-06-27T11:14:52Z,40.653088,-73.779922,300.9,ad8ed4,N973AK,B39M,BOEING 737 MAX 9,0
takeoff,JFK,31L,1782558899.26,2026-06-27T11:14:59Z,40.631154,-73.778718,300.9,a353c8,N313UR,B38M,BOEING 737 MAX 8,0
landing,LGA,31,1782558907.35,2026-06-27T11:15:07Z,40.776924,-73.867294,300.9,a3183d,N299PQ,CRJ9,BOMBARDIER Regional Jet CRJ-900,0
takeoff,LGA,31,1782558951.78,2026-06-27T11:15:51Z,40.772449,-73.857895,303.8,aceb76,N931XJ,CRJ9,BOMBARDIER Regional Jet CRJ-900,0
takeoff,JFK,31L,1782558957.37,2026-06-27T11:15:57Z,40.630665,-73.777625,300.9,a690a8,N522DA,A21N,AIRBUS A-321neo,0
landing,JFK,31R,1782558985.38,2026-06-27T11:16:25Z,40.65144,-73.776276,302.4,e8046f,CC-BGT,B789,BOEING 787-9 Dreamliner,0
takeoff,LGA,31,1782559014.56,2026-06-27T11:16:54Z,40.773941,-73.861022,303.8,a967eb,N705JB,A320,AIRBUS A-320,0
takeoff,JFK,31L,1782559019.37,2026-06-27T11:16:59Z,40.631014,-73.778406,300.9,a46e35,N385DN,B738,BOEING 737-800,0
takeoff,LGA,31,1782559050.03,2026-06-27T11:17:30Z,40.772484,-73.858017,300.9,c080dc,C-GWUT,BCS3,AIRBUS A220-300,0
takeoff,JFK,31L,1782559090.65,2026-06-27T11:18:10Z,40.631014,-73.778421,300.9,0c6064,9Y-SUR,B38M,BOEING 737 MAX 8,0
landing,JFK,31R,1782559110.72,2026-06-27T11:18:30Z,40.650892,-73.77505,300.9,4cc4f1,TF-ISP,B763,BOEING 767-300,0
takeoff,LGA,31,1782559111.03,2026-06-27T11:18:31Z,40.774779,-73.862801,300.9,a475a3,N387DN,A321,AIRBUS A-321,0
takeoff,JFK,31L,1782559162.3,2026-06-27T11:19:22Z,40.630933,-73.778218,300.9,a3adce,N336TM,B38M,BOEING 737 MAX 8,0
landing,LGA,31,1782559189.54,2026-06-27T11:19:49Z,40.777793,-73.869074,300.9,acda41,N927XJ,CRJ9,BOMBARDIER Regional Jet CRJ-900,0
takeoff,LGA,31,1782559230.15,2026-06-27T11:20:30Z,40.77285,-73.858749,303.8,a008c5,N101DQ,A321,AIRBUS A-321,0
takeoff,JFK,31L,1782559230.46,2026-06-27T11:20:30Z,40.630714,-73.777771,300.9,a5b3a7,N467AL,A21N,AIRBUS A-321neo,0
landing,JFK,31R,1782559257.52,2026-06-27T11:20:57Z,40.65315,-73.781589,270.0,a50900,N423YX,E75L,EMBRAER ERJ-170-200 (long wing),0
takeoff,JFK,31L,1782559295.79,2026-06-27T11:21:35Z,40.631003,-73.77839,300.9,a1bc29,N2102J,A21N,AIRBUS A-321neo,0
landing,JFK,31L,1782559296.38,2026-06-27T11:21:36Z,40.631119,-73.778655,300.9,a1bc29,N2102J,A21N,AIRBUS A-321neo,0
takeoff,JFK,31L,1782559296.38,2026-06-27T11:21:36Z,40.631119,-73.778655,300.9,a1bc29,N2102J,A21N,AIRBUS A-321neo,0
landing,LGA,31,1782559296.88,2026-06-27T11:21:36Z,40.77841,-73.870369,300.9,a35701,N314PQ,CRJ9,BOMBARDIER Regional Jet CRJ-900,0
landing,JFK,31R,1782559326.74,2026-06-27T11:22:06Z,40.651439,-73.776236,300.9,a85c3e,N638JB,A320,AIRBUS A-320,0
takeoff,LGA,31,1782559339.38,2026-06-27T11:22:19Z,40.772777,-73.858603,303.8,a23bfb,N243JQ,E75L,EMBRAER ERJ-170-200 (long wing),0
takeoff,JFK,31L,1782559359.84,2026-06-27T11:22:39Z,40.631058,-73.778503,300.9,a4df56,N413AS,B739,BOEING 737-900,0
landing,JFK,31R,1782559399.93,2026-06-27T11:23:19Z,40.6518,-73.777064,300.9,aca29a,N913JB,A321,AIRBUS A-321,0
landing,LGA,31,1782559409.02,2026-06-27T11:23:29Z,40.77808,-73.86969,303.8,acc7ae,N922XJ,CRJ9,BOMBARDIER Regional Jet CRJ-900,0
takeoff,JFK,31L,1782559418.31,2026-06-27T11:23:38Z,40.631107,-73.778624,300.9,acf4e8,N934DZ,B739,,0
takeoff,LGA,31,1782559461.4,2026-06-27T11:24:21Z,40.774174,-73.861521,300.9,a49d22,N397DN,A321,AIRBUS A-321,0
takeoff,JFK,31L,1782559474.01,2026-06-27T11:24:34Z,40.631035,-73.778442,300.9,ac1e2d,N880DN,B739,BOEING 737-900,0
landing,JFK,31R,1782559487.0,2026-06-27T11:24:47Z,40.65166,-73.776767,300.9,adbe91,N985JT,A321,AIRBUS A-321,0
takeoff,LGA,31,1782559538.08,2026-06-27T11:25:38Z,40.774104,-73.861365,303.8,a65408,N507AY,A321,AIRBUS A-321,0
takeoff,JFK,31L,1782559547.8,2026-06-27T11:25:47Z,40.631049,-73.778499,300.9,a8bc71,N662JB,A320,AIRBUS A-320,0
landing,JFK,31R,1782559593.53,2026-06-27T11:26:33Z,40.652382,-73.778359,300.9,a0835d,N132HQ,E75L,EMBRAER ERJ-170-200 (long wing),0
takeoff,JFK,31L,1782559607.03,2026-06-27T11:26:47Z,40.631259,-73.778967,300.9,abbdfa,N856DN,B739,BOEING 737-900,0
takeoff,LGA,31,1782559613.47,2026-06-27T11:26:53Z,40.774807,-73.862854,303.8,a32367,N301DU,BCS3,AIRBUS A220-300,0
takeoff,LGA,31,1782559680.0,2026-06-27T11:28:00Z,40.77372,-73.86058,303.8,a6f2b7,N547JB,A320,AIRBUS A-320,0
takeoff,JFK,31L,1782559680.42,2026-06-27T11:28:00Z,40.631189,-73.778827,300.9,a15397,N185DN,B763,BOEING 767-300,0
landing,JFK,31R,1782559717.89,2026-06-27T11:28:37Z,40.650008,-73.773084,298.1,a39ada,N331PQ,CRJ9,BOMBARDIER Regional Jet CRJ-900,0
takeoff,LGA,31,1782559720.38,2026-06-27T11:28:40Z,40.772812,-73.85865,300.9,a53ba4,N436YX,E75L,EMBRAER ERJ-170-200 (long wing),0
takeoff,LGA,31,1782559766.73,2026-06-27T11:29:26Z,40.77285,-73.858734,300.9,abd69d,N862DN,B739,BOEING 737-900,0
takeoff,JFK,31L,1782559774.76,2026-06-27T11:29:34Z,40.630956,-73.778281,300.9,ad4f72,N957JB,A321,AIRBUS A-321,0
landing,JFK,31R,1782559808.34,2026-06-27T11:30:08Z,40.651108,-73.775558,300.9,a34e01,N3118J,BCS3,AIRBUS A220-300,0
takeoff,LGA,31,1782559835.33,2026-06-27T11:30:35Z,40.772713,-73.858444,303.8,a3572c,N314RH,B38M,BOEING 737 MAX 8,0
takeoff,JFK,31L,1782559843.28,2026-06-27T11:30:43Z,40.631378,-73.779236,300.9,a33843,N3062J,BCS3,AIRBUS A220-300,0
takeoff,LGA,31,1782559885.4,2026-06-27T11:31:25Z,40.772427,-73.857819,303.8,a0267b,N109DN,A321,AIRBUS A-321,0
takeoff,JFK,31L,1782559899.48,2026-06-27T11:31:39Z,40.630428,-73.777115,300.9,a32095,N300NY,A21N,AIRBUS A-321neo,0
landing,JFK,31R,1782559909.31,2026-06-27T11:31:49Z,40.650043,-73.773209,298.1,a5e9f4,N480PX,CRJ9,BOMBARDIER Regional Jet CRJ-900,0
takeoff,JFK,31R,1782559909.31,2026-06-27T11:31:49Z,40.650043,-73.773209,298.1,a5e9f4,N480PX,CRJ9,BOMBARDIER Regional Jet CRJ-900,0
landing,JFK,31R,1782559910.15,2026-06-27T11:31:50Z,40.650272,-73.773697,298.1,a5e9f4,N480PX,CRJ9,BOMBARDIER Regional Jet CRJ-900,0
takeoff,JFK,31L,1782559968.34,2026-06-27T11:32:48Z,40.630829,-73.778,300.9,a19d0d,N2029J,A21N,AIRBUS A-321neo,0
takeoff,LGA,31,1782559976.44,2026-06-27T11:32:56Z,40.772591,-73.858244,303.8,c00b9e,C-FEKJ,E75S,EMBRAER ERJ-170-200 (short wing),0
landing,JFK,31R,1782560008.76,2026-06-27T11:33:28Z,40.651749,-73.776993,300.9,a74f33,N570JB,A320,AIRBUS A-320,0
takeoff,LGA,31,1782560031.13,2026-06-27T11:33:51Z,40.772661,-73.858337,303.8,ac7283,N9007K,B38M,BOEING 737 MAX 8,0
takeoff,JFK,31L,1782560035.69,2026-06-27T11:33:55Z,40.630978,-73.778351,300.9,ad8bed,N972JT,A321,AIRBUS A-321,0
landing,JFK,31R,1782560083.56,2026-06-27T11:34:43Z,40.650822,-73.774902,302.4,04c11b,5Y-KZE,B788,BOEING 787-8 Dreamliner,0
takeoff,JFK,31L,1782560107.96,2026-06-27T11:35:07Z,40.631619,-73.779748,300.9,8478ab,JA18KZ,B748,BOEING 747-8,0
takeoff,LGA,31,1782560194.34,2026-06-27T11:36:34Z,40.772859,-73.858728,303.8,aa7427,N77296,B738,BOEING 737-800,0
landing,JFK,31R,1782560226.69,2026-06-27T11:37:06Z,40.649632,-73.772263,300.9,a6c013,N534JB,A320,AIRBUS A-320,0
takeoff,LGA,31,1782560238.49,2026-06-27T11:37:18Z,40.772827,-73.858704,303.8,a446eb,N375FR,A20N,AIRBUS A-320neo,0
takeoff,JFK,31L,1782560243.18,2026-06-27T11:37:23Z,40.630979,-73.778343,300.9,a0b59d,N145DQ,BCS1,AIRBUS A220-100,0
takeoff,JFK,31L,1782560299.96,2026-06-27T11:38:19Z,40.630875,-73.778107,300.9,a6e720,N544DN,A21N,AIRBUS A-321neo,0
landing,JFK,31R,1782560303.68,2026-06-27T11:38:23Z,40.650624,-73.77452,300.9,ab6162,N832SK,CRJ9,BOMBARDIER Regional Jet CRJ-900,0
landing,LGA,31,1782560315.48,2026-06-27T11:38:35Z,40.778229,-73.87001,303.8,abc3ec,N8571Z,B738,BOEING 737-800,0
takeoff,LGA,31,1782560352.42,2026-06-27T11:39:12Z,40.77277,-73.858582,303.8,a0634c,N124HQ,E75L,EMBRAER ERJ-170-200 (long wing),0
takeoff,JFK,31L,1782560366.58,2026-06-27T11:39:26Z,40.631061,-73.77853,300.9,acfa52,N935XJ,CRJ9,BOMBARDIER Regional Jet CRJ-900,0
landing,JFK,31R,1782560395.93,2026-06-27T11:39:55Z,40.650322,-73.773802,298.1,a3ad6d,N336PQ,CRJ9,BOMBARDIER Regional Jet CRJ-900,0
takeoff,LGA,31,1782560405.02,2026-06-27T11:40:05Z,40.772836,-73.858728,303.8,aa4c3e,N76265,B738,BOEING 737-800,0
takeoff,JFK,31L,1782560429.99,2026-06-27T11:40:29Z,40.63068,-73.777664,300.9,a0428a,N116AN,A321,AIRBUS A-321,0
landing,JFK,31R,1782560478.35,2026-06-27T11:41:18Z,40.651371,-73.776138,300.9,adabfe,N980JT,A321,AIRBUS A-321,0
takeoff,JFK,31L,1782560489.74,2026-06-27T11:41:29Z,40.630712,-73.777719,300.9,a35e9c,N316RK,B38M,BOEING 737 MAX 8,0
landing,JFK,31L,1782560490.0,2026-06-27T11:41:30Z,40.630793,-73.777922,300.9,a35e9c,N316RK,B38M,BOEING 737 MAX 8,0
takeoff,JFK,31L,1782560490.0,2026-06-27T11:41:30Z,40.630793,-73.777922,300.9,a35e9c,N316RK,B38M,BOEING 737 MAX 8,0
takeoff,LGA,31,1782560513.47,2026-06-27T11:41:53Z,40.772804,-73.858643,303.8,a4b294,N401YX,E75L,EMBRAER ERJ-170-200 (long wing),0
takeoff,JFK,31L,1782560573.29,2026-06-27T11:42:53Z,40.6306,-73.777481,300.9,0aca5e,HK-5390,A20N,AIRBUS A-320neo,0
takeoff,LGA,31,1782560579.07,2026-06-27T11:42:59Z,40.773891,-73.860901,298.1,a1584a,N186PQ,CRJ9,BOMBARDIER Regional Jet CRJ-900,0
landing,JFK,31R,1782560597.6,2026-06-27T11:43:17Z,40.651531,-73.776428,298.1,ad734a,N966JT,A321,AIRBUS A-321,0
takeoff,LGA,31,1782560623.13,2026-06-27T11:43:43Z,40.772836,-73.858696,303.8,ab4ba6,N827JB,A320,AIRBUS A-320,0
takeoff,JFK,31L,1782560635.22,2026-06-27T11:43:55Z,40.630978,-73.778336,300.9,aca79d,N914XJ,CRJ9,BOMBARDIER Regional Jet CRJ-900,0
takeoff,LGA,31,1782560695.91,2026-06-27T11:44:55Z,40.772804,-73.858643,303.8,ac5ada,N8954Q,B38M,,0
takeoff,LGA,31,1782560774.01,2026-06-27T11:46:14Z,40.772929,-73.858884,300.9,a49d16,N397DA,B738,BOEING 737-800,0
takeoff,JFK,31L,1782560781.47,2026-06-27T11:46:21Z,40.6306,-73.777512,300.9,aae582,N8009T,A319,AIRBUS A-319,0
takeoff,JFK,31L,1782560781.92,2026-06-27T11:46:21Z,40.630735,-73.777797,300.9,aae582,N8009T,A319,AIRBUS A-319,0
landing,JFK,31R,1782560783.68,2026-06-27T11:46:23Z,40.65089,-73.77507,300.9,a36799,N3185J,BCS3,AIRBUS A220-300,0
takeoff,JFK,31L,1782560863.4,2026-06-27T11:47:43Z,40.630735,-73.777813,300.9,aa8b40,N779JB,A320,AIRBUS A-320,0
landing,JFK,31R,1782560914.2,2026-06-27T11:48:34Z,40.650753,-73.774765,300.9,acba30,N919XJ,CRJ9,BOMBARDIER Regional Jet CRJ-900,0
takeoff,JFK,31L,1782560935.98,2026-06-27T11:48:55Z,40.630966,-73.778305,300.9,ad9712,N975JT,A321,AIRBUS A-321,0
landing,LGA,31,1782560953.83,2026-06-27T11:49:13Z,40.778794,-73.871212,303.8,a03bcd,N114HQ,E75L,EMBRAER ERJ-170-200 (long wing),0
takeoff,JFK,31L,1782560999.17,2026-06-27T11:49:59Z,40.630932,-73.778244,300.9,a98219,N711ZX,B752,BOEING 757-200,0
landing,JFK,31R,1782561011.79,2026-06-27T11:50:11Z,40.64978,-73.772644,300.9,aca02f,N912XJ,CRJ9,BOMBARDIER Regional Jet CRJ-900,0
landing,JFK,31R,1782561098.54,2026-06-27T11:51:38Z,40.651577,-73.776581,300.9,aa099e,N746JB,A320,AIRBUS A-320,0
takeoff,JFK,31L,1782561122.46,2026-06-27T11:52:02Z,40.631352,-73.779186,300.9,a3556f,N3138J,BCS3,AIRBUS A220-300,0
landing,LGA,31,1782561125.75,2026-06-27T11:52:05Z,40.777931,-73.869415,300.9,a8996b,N653RW,E170,EMBRAER ERJ-170-100,0
takeoff,LGA,31,1782561168.76,2026-06-27T11:52:48Z,40.772484,-73.857986,300.9,a51425,N426YX,E75L,EMBRAER ERJ-170-200 (long wing),0
takeoff,JFK,31L,1782561177.86,2026-06-27T11:52:57Z,40.630735,-73.777781,300.9,a0275c,N109NN,A321,AIRBUS A-321,0
landing,JFK,31R,1782561185.54,2026-06-27T11:53:05Z,40.651405,-73.776154,300.9,a9a901,N721TW,B752,BOEING 757-200,0
takeoff,JFK,31L,1782561278.46,2026-06-27T11:54:38Z,40.630921,-73.778203,300.9,a3c233,N341NB,A319,AIRBUS A-319,0
landing,JFK,31R,1782561293.38,2026-06-27T11:54:53Z,40.650936,-73.775177,300.9,a36825,N3189J,BCS3,AIRBUS A220-300,0
landing,LGA,31,1782561310.6,2026-06-27T11:55:10Z,40.777549,-73.868559,300.9,a44d3f,N3766,B738,BOEING 737-800,0
takeoff,LGA,31,1782561372.9,2026-06-27T11:56:12Z,40.77285,-73.858749,300.9,a44e18,N377DA,B738,BOEING 737-800,0
takeoff,JFK,31L,1782561388.21,2026-06-27T11:56:28Z,40.630572,-73.777454,300.9,a6bbef,N533DT,A21N,AIRBUS A-321neo,0
landing,JFK,31R,1782561436.53,2026-06-27T11:57:16Z,40.652138,-73.777847,300.9,8966ce,A6-XWG,A35K,AIRBUS A-350-1000,0
takeoff,JFK,31L,1782561460.11,2026-06-27T11:57:40Z,40.631142,-73.778718,303.8,ab6519,N833SK,CRJ9,BOMBARDIER Regional Jet CRJ-900,0
takeoff,JFK,31L,1782561553.93,2026-06-27T11:59:13Z,40.630978,-73.778336,300.9,aded77,N997JL,A321,AIRBUS A-321,0
takeoff,JFK,31L,1782561626.15,2026-06-27T12:00:26Z,40.631177,-73.778749,300.9,ad727d,N966AN,B738,BOEING 737-800,0
landing,JFK,31R,1782561634.67,2026-06-27T12:00:34Z,40.651474,-73.77633,300.9,addadb,N992JB,A321,AIRBUS A-321,0
takeoff,JFK,31L,1782561744.84,2026-06-27T12:02:24Z,40.631096,-73.778593,300.9,a1226e,N172US,A321,AIRBUS A-321,0
landing,JFK,31R,1782561768.27,2026-06-27T12:02:48Z,40.649763,-73.772585,300.9,a5e3e4,N479PX,CRJ9,BOMBARDIER Regional Jet CRJ-900,0
landing,JFK,31L,1782561859.58,2026-06-27T12:04:19Z,40.638393,-73.794651,300.9,a42e13,N369DN,A321,AIRBUS A-321,0
landing,JFK,31R,1782561973.97,2026-06-27T12:06:13Z,40.651508,-73.776398,300.9,a85887,N637JB,A320,AIRBUS A-320,0
landing,LGA,31,1782561989.56,2026-06-27T12:06:29Z,40.777348,-73.868164,300.9,a07f60,N131EV,CRJ9,BOMBARDIER Regional Jet CRJ-900,0
takeoff,JFK,31L,1782562031.75,2026-06-27T12:07:11Z,40.631352,-73.779155,300.9,a35fc2,N3162J,BCS3,AIRBUS A220-300,0
takeoff,LGA,31,1782562032.6,2026-06-27T12:07:12Z,40.772801,-73.858634,303.8,a2b10b,N27251,B38M,BOEING 737 MAX 8,0
landing,JFK,31R,1782562082.41,2026-06-27T12:08:02Z,40.650627,-73.77449,303.8,a6152a,N491PX,CRJ9,BOMBARDIER Regional Jet CRJ-900,0
takeoff,JFK,31L,1782562105.34,2026-06-27T12:08:25Z,40.629013,-73.774005,300.9,a537ed,N435YX,E75L,EMBRAER ERJ-170-200 (long wing),0
takeoff,LGA,31,1782562108.12,2026-06-27T12:08:28Z,40.772816,-73.858658,303.8,a1ccec,N215JQ,E75L,EMBRAER ERJ-170-200 (long wing),0
takeoff,LGA,31,1782562161.82,2026-06-27T12:09:21Z,40.772839,-73.858734,303.8,aa56b6,N76517,B738,BOEING 737-800,0
landing,JFK,31R,1782562180.28,2026-06-27T12:09:40Z,40.65102,-73.7753,300.9,a86605,N640JB,A320,AIRBUS A-320,0
takeoff,LGA,31,1782562228.75,2026-06-27T12:10:28Z,40.77285,-73.858749,303.8,a89bab,N654AW,A320,AIRBUS A-320,0
takeoff,JFK,31L,1782562246.27,2026-06-27T12:10:46Z,40.630816,-73.777984,300.9,a35b27,N315UA,B38M,BOEING 737 MAX 8,0
takeoff,JFK,31L,1782562314.94,2026-06-27T12:11:54Z,40.630863,-73.778078,300.9,406590,G-STBD,B77W,BOEING 777-300ER,0
landing,LGA,31,1782562316.52,2026-06-27T12:11:56Z,40.777599,-73.868683,300.9,a93d7c,N695CA,CRJ9,BOMBARDIER Regional Jet CRJ-900,0
takeoff,LGA,31,1782562354.62,2026-06-27T12:12:34Z,40.772393,-73.857791,303.8,c05efa,C-GJZD,DH8D,DE HAVILLAND DHC-8-400 Dash 8,0
takeoff,LGA,31,1782562430.62,2026-06-27T12:13:50Z,40.772789,-73.858618,303.8,a55f6c,N445YX,E75L,EMBRAER ERJ-170-200 (long wing),0
takeoff,JFK,31L,1782562446.7,2026-06-27T12:14:06Z,40.631092,-73.778564,300.9,aa600a,N768JB,A320,AIRBUS A-320,0
takeoff,JFK,31L,1782562535.53,2026-06-27T12:15:35Z,40.630805,-73.777984,300.9,a36a21,N319VF,B38M,BOEING 737 MAX 8,0
landing,LGA,31,1782562551.6,2026-06-27T12:15:51Z,40.778829,-73.871274,303.8,a01f73,N107HQ,E75L,EMBRAER ERJ-170-200 (long wing),0
landing,JFK,31R,1782562553.45,2026-06-27T12:15:53Z,40.651334,-73.776034,300.9,8963e4,A6-EOG,A388,AIRBUS A-380-800,0
takeoff,LGA,31,1782562580.29,2026-06-27T12:16:20Z,40.77277,-73.858582,303.8,acbffd,N920US,A321,AIRBUS A-321,0
landing,LGA,31,1782562648.5,2026-06-27T12:17:28Z,40.778973,-73.871597,303.8,a04a4d,N118DY,A321,AIRBUS A-321,0
takeoff,JFK,31L,1782562651.4,2026-06-27T12:17:31Z,40.631069,-73.778534,300.9,a70f11,N554JB,A320,AIRBUS A-320,0
takeoff,JFK,31L,1782562741.21,2026-06-27T12:19:01Z,40.631061,-73.77853,300.9,a38633,N326SJ,B38M,BOEING 737 MAX 8,0
landing,LGA,31,1782562765.4,2026-06-27T12:19:25Z,40.779434,-73.872538,300.9,a517dc,N427YX,E75L,EMBRAER ERJ-170-200 (long wing),0
landing,JFK,31R,1782562765.63,2026-06-27T12:19:25Z,40.650008,-73.773115,300.9,acaf0b,N916XJ,CRJ9,BOMBARDIER Regional Jet CRJ-900,0
takeoff,LGA,31,1782562792.43,2026-06-27T12:19:52Z,40.772777,-73.858587,303.8,ac5a73,N8951S,B38M,,0
takeoff,JFK,31L,1782562832.22,2026-06-27T12:20:32Z,40.631317,-73.779077,300.9,acab54,N915XJ,CRJ9,BOMBARDIER Regional Jet CRJ-900,0
landing,JFK,31R,1782562859.0,2026-06-27T12:20:59Z,40.650345,-73.773849,300.9,a8222c,N623JB,A320,AIRBUS A-320,0
landing,LGA,31,1782562870.06,2026-06-27T12:21:10Z,40.778904,-73.871399,300.9,a4e8ef,N415YX,E75L,EMBRAER ERJ-170-200 (long wing),0
takeoff,JFK,31L,1782562934.16,2026-06-27T12:22:14Z,40.630491,-73.777251,300.9,0d0dd1,XA-DAP,B38M,BOEING 737 MAX 8,0
landing,LGA,31,1782563008.26,2026-06-27T12:23:28Z,40.779097,-73.871836,303.8,abdb88,N863RW,E170,EMBRAER ERJ-170-100,0
takeoff,JFK,31L,1782563022.98,2026-06-27T12:23:42Z,40.630584,-73.777485,300.9,a67bc8,N517DN,A21N,AIRBUS A-321neo,0
takeoff,LGA,31,1782563036.24,2026-06-27T12:23:56Z,40.772793,-73.858627,303.8,abe2f6,N865RW,E170,EMBRAER ERJ-170-100,0
takeoff,JFK,31L,1782563113.61,2026-06-27T12:25:13Z,40.630979,-73.778312,300.9,aa6ccb,N771AN,B772,BOEING 777-200,0
landing,LGA,31,1782563183.74,2026-06-27T12:26:23Z,40.779027,-73.871727,300.9,a5307f,N433YX,E75L,EMBRAER ERJ-170-200 (long wing),0
takeoff,LGA,31,1782563231.32,2026-06-27T12:27:11Z,40.77309,-73.859207,303.8,ac02b4,N873NN,B738,BOEING 737-800,0
takeoff,JFK,31L,1782563255.01,2026-06-27T12:27:35Z,40.630863,-73.778091,300.9,a8e1cc,N6710E,B752,BOEING 757-200,0
landing,LGA,31,1782563299.33,2026-06-27T12:28:19Z,40.777433,-73.868325,300.9,abc2e5,N857RW,E170,EMBRAER ERJ-170-100,0
takeoff,JFK,31L,1782563333.59,2026-06-27T12:28:53Z,40.631026,-73.778437,300.9,a977bb,N709TW,B752,BOEING 757-200,0
landing,JFK,31R,1782563338.42,2026-06-27T12:28:58Z,40.650467,-73.7742,300.9,acb2c2,N917XJ,CRJ9,BOMBARDIER Regional Jet CRJ-900,0
landing,LGA,31,1782563364.0,2026-06-27T12:29:24Z,40.777599,-73.868729,300.9,a33339,N305PQ,CRJ9,BOMBARDIER Regional Jet CRJ-900,0
landing,JFK,31R,1782563422.62,2026-06-27T12:30:22Z,40.651852,-73.777191,300.9,ad2445,N946JL,A321,AIRBUS A-321,0
takeoff,JFK,31L,1782563496.45,2026-06-27T12:31:36Z,40.630968,-73.778328,300.9,adde95,N993JE,A321,AIRBUS A-321,0
landing,LGA,31,1782563530.64,2026-06-27T12:32:10Z,40.777828,-73.869202,298.1,a866c7,N640RW,E170,EMBRAER ERJ-170-100,0
landing,JFK,31R,1782563547.06,2026-06-27T12:32:27Z,40.651703,-73.776855,300.9,a1f46b,N225JQ,E75L,EMBRAER ERJ-170-200 (long wing),0
takeoff,JFK,31L,1782563583.22,2026-06-27T12:33:03Z,40.631447,-73.779388,300.9,a38af8,N3272J,BCS3,AIRBUS A220-300,0
landing,LGA,31,1782563636.77,2026-06-27T12:33:56Z,40.779339,-73.87236,303.8,a026e1,N109HQ,E75L,EMBRAER ERJ-170-200 (long wing),0
takeoff,JFK,31L,1782563671.52,2026-06-27T12:34:31Z,40.631317,-73.779092,302.4,406c3a,G-VYUM,B789,BOEING 787-9 Dreamliner,0
landing,JFK,31R,1782563686.85,2026-06-27T12:34:46Z,40.650558,-73.774338,300.9,a78945,N585JB,A320,AIRBUS A-320,0
landing,LGA,31,1782563731.9,2026-06-27T12:35:31Z,40.778938,-73.871521,300.9,ac1f61,N880RW,E170,EMBRAER ERJ-170-100,0
landing,JFK,31R,1782563783.07,2026-06-27T12:36:23Z,40.651875,-73.777267,300.9,a87898,N645JB,A320,AIRBUS A-320,0
landing,LGA,31,1782563822.48,2026-06-27T12:37:02Z,40.778597,-73.870806,300.9,c060bc,C-GKQL,E295,EMBRAER ERJ-190-400,0
takeoff,LGA,31,1782563855.22,2026-06-27T12:37:35Z,40.772801,-73.85865,303.8,ad50c9,N957XV,A21N,,0
takeoff,JFK,31L,1782563858.68,2026-06-27T12:37:38Z,40.630852,-73.778061,300.9,a641bf,N502DX,A21N,AIRBUS A-321neo,0
landing,JFK,31R,1782563885.53,2026-06-27T12:38:05Z,40.65258,-73.778765,300.9,a1ff90,N228JQ,E75L,EMBRAER ERJ-170-200 (long wing),0
landing,LGA,31,1782563922.9,2026-06-27T12:38:42Z,40.777188,-73.867826,300.9,acf2e4,N933XJ,CRJ9,BOMBARDIER Regional Jet CRJ-900,0
takeoff,JFK,31L,1782563952.69,2026-06-27T12:39:12Z,40.630968,-73.778312,300.9,a1e411,N2205J,A21N,AIRBUS A-321neo,0
takeoff,LGA,31,1782563963.0,2026-06-27T12:39:23Z,40.772736,-73.858505,300.9,abbb77,N855RW,E170,EMBRAER ERJ-170-100,0
landing,JFK,31R,1782563973.15,2026-06-27T12:39:33Z,40.65263,-73.77887,300.9,e8040c,CC-CXJ,B763,BOEING 767-300,0
landing,LGA,31,1782564013.36,2026-06-27T12:40:13Z,40.776855,-73.867126,303.8,ac2b80,N8831L,B38M,BOEING 737 MAX 8,0
takeoff,LGA,31,1782564048.9,2026-06-27T12:40:48Z,40.772463,-73.857947,303.8,a89d22,N654RW,E170,EMBRAER ERJ-170-100,0
landing,JFK,31R,1782564075.2,2026-06-27T12:41:15Z,40.651346,-73.776065,300.9,ad846f,N970JB,A321,AIRBUS A-321,0
takeoff,JFK,31L,1782564083.44,2026-06-27T12:41:23Z,40.6307,-73.777735,300.9,a657f4,N508DA,A21N,AIRBUS A-321neo,0
landing,LGA,31,1782564139.2,2026-06-27T12:42:19Z,40.777554,-73.868622,303.8,aca3e6,N913XJ,CRJ9,BOMBARDIER Regional Jet CRJ-900,0
takeoff,JFK,31L,1782564175.17,2026-06-27T12:42:55Z,40.631224,-73.778843,300.9,ab5d4a,N831NN,B738,BOEING 737-800,0
takeoff,LGA,31,1782564183.08,2026-06-27T12:43:03Z,40.772804,-73.858673,298.1,a7e24a,N607LR,CRJ9,BOMBARDIER Regional Jet CRJ-900,0
landing,JFK,31R,1782564197.75,2026-06-27T12:43:17Z,40.651881,-73.777251,300.9,a35592,N3139J,BCS3,AIRBUS A220-300,0
landing,LGA,31,1782564254.38,2026-06-27T12:44:14Z,40.778286,-73.870193,303.8,a32814,N302PQ,CRJ9,BOMBARDIER Regional Jet CRJ-900,0
takeoff,JFK,31L,1782564257.88,2026-06-27T12:44:17Z,40.630852,-73.778046,300.9,a77dae,N582DN,A21N,,0
takeoff,LGA,31,1782564298.99,2026-06-27T12:44:58Z,40.772719,-73.858493,303.8,a3411f,N309DU,BCS3,AIRBUS A220-300,0
landing,LGA,31,1782564366.65,2026-06-27T12:46:06Z,40.779283,-73.872242,303.8,a08acb,N134HQ,E75L,EMBRAER ERJ-170-200 (long wing),0
landing,JFK,31R,1782564372.42,2026-06-27T12:46:12Z,40.650787,-73.774765,298.1,aaef60,N8030F,A319,AIRBUS A-319,0
takeoff,LGA,31,1782564387.04,2026-06-27T12:46:27Z,40.772461,-73.857956,300.9,acda41,N927XJ,CRJ9,BOMBARDIER Regional Jet CRJ-900,0
takeoff,JFK,31L,1782564404.78,2026-06-27T12:46:44Z,40.630714,-73.77771,300.9,a7a532,N592DT,A21N,AIRBUS A-321neo,0
landing,LGA,31,1782564483.82,2026-06-27T12:48:03Z,40.778629,-73.870865,303.8,ada699,N979RP,E170,EMBRAER ERJ-170-100,0
takeoff,JFK,31L,1782564490.07,2026-06-27T12:48:10Z,40.631154,-73.778718,300.9,a1a0c4,N2039J,A21N,AIRBUS A-321neo,0
landing,JFK,31R,1782564495.31,2026-06-27T12:48:15Z,40.65049,-73.774231,300.9,a87c4f,N646JB,A320,AIRBUS A-320,0
landing,LGA,31,1782564560.88,2026-06-27T12:49:20Z,40.777363,-73.868247,303.8,a83e86,N630JB,A320,AIRBUS A-320,0
takeoff,JFK,31L,1782564574.27,2026-06-27T12:49:34Z,40.630783,-73.777893,300.9,a69bcd,N525DA,A21N,AIRBUS A-321neo,0
takeoff,LGA,31,1782564611.91,2026-06-27T12:50:11Z,40.772754,-73.858556,303.8,a449af,N3757D,B738,BOEING 737-800,0
takeoff,JFK,31L,1782564650.5,2026-06-27T12:50:50Z,40.6312,-73.778827,300.9,ac22c5,N881NN,B738,BOEING 737-800,0
landing,LGA,31,1782564670.62,2026-06-27T12:51:10Z,40.778687,-73.871002,303.8,a22358,N237JQ,E75L,EMBRAER ERJ-170-200 (long wing),0
takeoff,JFK,31L,1782564723.97,2026-06-27T12:52:03Z,40.63056,-73.777438,300.9,a76c79,N578DN,A21N,AIRBUS A-321neo,0
landing,LGA,31,1782564746.74,2026-06-27T12:52:26Z,40.779155,-73.871945,303.8,ac7e15,N904AN,B738,BOEING 737-800,0
landing,JFK,31R,1782564792.07,2026-06-27T12:53:12Z,40.650867,-73.775009,300.9,a5fc87,N485PX,CRJ9,BOMBARDIER Regional Jet CRJ-900,0
takeoff,JFK,31L,1782564798.84,2026-06-27T12:53:18Z,40.631538,-73.779556,300.9,a35c0b,N3152J,BCS3,AIRBUS A220-300,0
landing,LGA,31,1782564812.43,2026-06-27T12:53:32Z,40.77862,-73.870791,303.8,a39781,N330TJ,B38M,BOEING 737 MAX 8,0
takeoff,JFK,31L,1782564869.42,2026-06-27T12:54:29Z,40.631317,-73.779077,300.9,a37517,N3215J,BCS3,AIRBUS A220-300,0
landing,LGA,31,1782564900.46,2026-06-27T12:55:00Z,40.777908,-73.869339,300.9,a2fe3c,N292PQ,CRJ9,BOMBARDIER Regional Jet CRJ-900,0
takeoff,JFK,31L,1782564938.33,2026-06-27T12:55:38Z,40.631061,-73.778468,300.9,a4bef6,N4048J,A21N,AIRBUS A-321neo,0
takeoff,LGA,31,1782564940.41,2026-06-27T12:55:40Z,40.772743,-73.858525,303.8,a3472f,N310DU,BCS3,AIRBUS A220-300,0
landing,JFK,31R,1782564945.08,2026-06-27T12:55:45Z,40.651371,-73.776154,300.9,71c360,HL8360,A359,AIRBUS A-350-900,0
takeoff,JFK,31L,1782565006.23,2026-06-27T12:56:46Z,40.630966,-73.778351,300.9,a6aaba,N529DT,A21N,AIRBUS A-321neo,0
landing,LGA,31,1782565022.99,2026-06-27T12:57:02Z,40.776106,-73.865578,303.8,ad4747,N955AN,B738,BOEING 737-800,0
landing,LGA,31,1782565093.23,2026-06-27T12:58:13Z,40.777634,-73.868759,306.6,a08a85,N134EV,CRJ9,BOMBARDIER Regional Jet CRJ-900,0
takeoff,JFK,31L,1782565097.42,2026-06-27T12:58:17Z,40.630991,-73.77839,300.9,a36eae,N320DU,BCS3,AIRBUS A220-300,0
landing,JFK,31R,1782565099.15,2026-06-27T12:58:19Z,40.652184,-73.777969,300.9,a19a48,N202JQ,E75L,EMBRAER ERJ-170-200 (long wing),0
takeoff,JFK,31L,1782565169.01,2026-06-27T12:59:29Z,40.630749,-73.777832,300.9,4cc4f1,TF-ISP,B763,BOEING 767-300,0
landing,LGA,31,1782565171.24,2026-06-27T12:59:31Z,40.778744,-73.871094,300.9,a1b092,N208JQ,E75L,EMBRAER ERJ-170-200 (long wing),0
landing,JFK,31R,1782565179.9,2026-06-27T12:59:39Z,40.652382,-73.778359,300.9,a4da13,N411YX,E75L,EMBRAER ERJ-170-200 (long wing),0
landing,LGA,31,1782565241.93,2026-06-27T13:00:41Z,40.776804,-73.867061,300.9,c05ef7,C-GJZA,DH8D,DE HAVILLAND DHC-8-400 Dash 8,0
landing,JFK,31R,1782565250.49,2026-06-27T13:00:50Z,40.651691,-73.776825,300.9,a12861,N174DN,B763,BOEING 767-300,0
takeoff,LGA,31,1782565268.88,2026-06-27T13:01:08Z,40.772812,-73.858665,295.3,a2000d,N228PQ,CRJ9,BOMBARDIER Regional Jet CRJ-900,0
takeoff,JFK,31L,1782565317.51,2026-06-27T13:01:57Z,40.63127,-73.779014,300.9,a37fd3,N3242J,BCS3,,0
landing,JFK,31R,1782565353.09,2026-06-27T13:02:33Z,40.651288,-73.775987,300.9,a3514f,N3125J,BCS3,,0
landing,LGA,31,1782565369.05,2026-06-27T13:02:49Z,40.77862,-73.870837,303.8,ac159a,N878RW,E170,EMBRAER ERJ-170-100,0
takeoff,LGA,31,1782565390.13,2026-06-27T13:03:10Z,40.772335,-73.857651,306.6,a6e131,N542UW,A321,AIRBUS A-321,0
takeoff,JFK,31L,1782565408.78,2026-06-27T13:03:28Z,40.630737,-73.777817,303.8,a5e9f4,N480PX,CRJ9,BOMBARDIER Regional Jet CRJ-900,0
landing,JFK,31R,1782565440.87,2026-06-27T13:04:00Z,40.650776,-73.774796,300.9,801659,VT-JRF,A359,AIRBUS A-350-900,0
takeoff,LGA,31,1782565466.78,2026-06-27T13:04:26Z,40.772816,-73.858704,303.8,a3560b,N314DU,BCS3,AIRBUS A220-300,0
landing,LGA,31,1782565531.52,2026-06-27T13:05:31Z,40.778247,-73.870057,300.9,ab282b,N818MD,E170,EMBRAER ERJ-170-100,0
takeoff,JFK,31L,1782565542.21,2026-06-27T13:05:42Z,40.630852,-73.778061,300.9,ac7aa9,N903DN,B739,BOEING 737-900,0
landing,JFK,31R,1782565553.88,2026-06-27T13:05:53Z,40.652561,-73.778748,300.9,06a2c6,A7-BEW,B77W,BOEING 777-300ER,0
takeoff,LGA,31,1782565580.37,2026-06-27T13:06:20Z,40.774826,-73.862863,303.8,ad1c67,N944DZ,B739,,0
takeoff,JFK,31L,1782565636.54,2026-06-27T13:07:16Z,40.630909,-73.778198,300.9,8990eb,B-18775,B77L,BOEING 777-200LR,0
landing,JFK,31R,1782565674.7,2026-06-27T13:07:54Z,40.652309,-73.778168,300.9,710112,HZ-AK40,B77W,BOEING 777-300ER,0
landing,LGA,31,1782565674.87,2026-06-27T13:07:54Z,40.77681,-73.867035,300.9,a384f8,N326DU,BCS3,AIRBUS A220-300,0
takeoff,JFK,31L,1782565720.62,2026-06-27T13:08:40Z,40.628896,-73.773755,300.9,a1ecfd,N223JQ,E75L,EMBRAER ERJ-170-200 (long wing),0
takeoff,LGA,31,1782565731.94,2026-06-27T13:08:51Z,40.774814,-73.862879,300.9,a3e011,N349PQ,CRJ9,BOMBARDIER Regional Jet CRJ-900,0
takeoff,LGA,31,1782565782.85,2026-06-27T13:09:42Z,40.772766,-73.858587,303.8,abc3ec,N8571Z,B738,BOEING 737-800,0
takeoff,JFK,31L,1782565794.44,2026-06-27T13:09:54Z,40.631026,-73.778452,300.9,a39ada,N331PQ,CRJ9,BOMBARDIER Regional Jet CRJ-900,0
landing,JFK,31R,1782565807.99,2026-06-27T13:10:07Z,40.652092,-73.777695,300.9,acc040,N920XJ,CRJ9,BOMBARDIER Regional Jet CRJ-900,0
takeoff,LGA,31,1782565838.33,2026-06-27T13:10:38Z,40.772265,-73.85751,303.8,a1d0a3,N216JQ,E75L,EMBRAER ERJ-170-200 (long wing),0
takeoff,JFK,31L,1782565870.1,2026-06-27T13:11:10Z,40.631713,-73.779966,300.9,a4960c,N395HA,A332,AIRBUS A-330-200,0
landing,JFK,31R,1782565888.81,2026-06-27T13:11:28Z,40.650555,-73.774364,300.9,a7a956,N593JB,A320,AIRBUS A-320,0
landing,LGA,31,1782565901.62,2026-06-27T13:11:41Z,40.777004,-73.867447,303.8,a335fa,N306DU,BCS3,AIRBUS A220-300,0
takeoff,LGA,31,1782565958.5,2026-06-27T13:12:38Z,40.774884,-73.863019,300.9,a35701,N314PQ,CRJ9,BOMBARDIER Regional Jet CRJ-900,0
landing,JFK,31R,1782565978.43,2026-06-27T13:12:58Z,40.65194,-73.777344,300.9,a65bbc,N509DT,A21N,AIRBUS A-321neo,0
takeoff,JFK,31L,1782565989.35,2026-06-27T13:13:09Z,40.631218,-73.77887,300.9,a48315,N390DA,B738,BOEING 737-800,0
landing,LGA,31,1782566021.42,2026-06-27T13:13:41Z,40.777596,-73.8687,303.8,a32bcb,N303PQ,CRJ9,BOMBARDIER Regional Jet CRJ-900,0
takeoff,JFK,31L,1782566060.68,2026-06-27T13:14:20Z,40.630737,-73.777802,303.8,a5e3e4,N479PX,CRJ9,BOMBARDIER Regional Jet CRJ-900,0
landing,JFK,31R,1782566071.88,2026-06-27T13:14:31Z,40.652766,-73.779186,300.9,71c046,HL8046,B77L,BOEING 777-200LR,0
takeoff,LGA,31,1782566119.02,2026-06-27T13:15:19Z,40.772603,-73.858228,303.8,a3183d,N299PQ,CRJ9,BOMBARDIER Regional Jet CRJ-900,0
takeoff,JFK,31L,1782566142.74,2026-06-27T13:15:42Z,40.631049,-73.778499,300.9,a13af4,N179DN,B763,BOEING 767-300,0
landing,LGA,31,1782566180.69,2026-06-27T13:16:20Z,40.777222,-73.867905,300.9,ac8b43,N907XJ,CRJ9,BOMBARDIER Regional Jet CRJ-900,0
landing,JFK,31R,1782566215.96,2026-06-27T13:16:55Z,40.652378,-73.77832,300.9,ade9c0,N996JL,A321,AIRBUS A-321,0
takeoff,LGA,31,1782566226.75,2026-06-27T13:17:06Z,40.772484,-73.857986,303.8,a46310,N382DN,A321,AIRBUS A-321,0
takeoff,JFK,31L,1782566244.47,2026-06-27T13:17:24Z,40.630921,-73.778218,295.3,ab6162,N832SK,CRJ9,BOMBARDIER Regional Jet CRJ-900,0
takeoff,LGA,31,1782566285.46,2026-06-27T13:18:05Z,40.772964,-73.858977,303.8,a44ca0,N3761R,B738,BOEING 737-800,0
takeoff,JFK,31L,1782566303.99,2026-06-27T13:18:23Z,40.628954,-73.77388,300.9,a0835d,N132HQ,E75L,EMBRAER ERJ-170-200 (long wing),0
landing,LGA,31,1782566358.18,2026-06-27T13:19:18Z,40.778561,-73.870728,300.9,a2c93f,N279PQ,CRJ9,BOMBARDIER Regional Jet CRJ-900,0
landing,JFK,31R,1782566386.2,2026-06-27T13:19:46Z,40.650982,-73.775269,300.9,a1b2a8,N2084J,A21N,AIRBUS A-321neo,0
takeoff,LGA,31,1782566394.18,2026-06-27T13:19:54Z,40.772475,-73.857963,306.6,a3245d,N301PQ,CRJ9,BOMBARDIER Regional Jet CRJ-900,0
takeoff,JFK,31L,1782566418.04,2026-06-27T13:20:18Z,40.631084,-73.778562,300.9,adf128,N998JE,A321,AIRBUS A-321,0
takeoff,LGA,31,1782566445.39,2026-06-27T13:20:45Z,40.772301,-73.857559,300.9,a8996b,N653RW,E170,EMBRAER ERJ-170-100,0
takeoff,JFK,31L,1782566502.76,2026-06-27T13:21:42Z,40.6312,-73.778827,300.9,a34e01,N3118J,BCS3,AIRBUS A220-300,0
landing,LGA,31,1782566509.15,2026-06-27T13:21:49Z,40.777188,-73.867826,303.8,a3a9b6,N335PQ,CRJ9,BOMBARDIER Regional Jet CRJ-900,0
takeoff,LGA,31,1782566552.0,2026-06-27T13:22:32Z,40.772917,-73.858884,303.8,ab3d17,N823MD,E170,EMBRAER ERJ-170-100,0
takeoff,JFK,31L,1782566568.81,2026-06-27T13:22:48Z,40.631131,-73.778671,300.9,acba30,N919XJ,CRJ9,BOMBARDIER Regional Jet CRJ-900,0
takeoff,LGA,31,1782566608.84,2026-06-27T13:23:28Z,40.776489,-73.866394,303.8,a03bcd,N114HQ,E75L,EMBRAER ERJ-170-200 (long wing),0
landing,JFK,31R,1782566615.41,2026-06-27T13:23:35Z,40.651073,-73.775452,300.9,a874e1,N644JB,A320,AIRBUS A-320,0
takeoff,JFK,31L,1782566626.98,2026-06-27T13:23:46Z,40.631035,-73.778442,300.9,adabfe,N980JT,A321,AIRBUS A-321,0
takeoff,LGA,31,1782566633.23,2026-06-27T13:23:53Z,40.772438,-73.857864,295.3,a07f60,N131EV,CRJ9,BOMBARDIER Regional Jet CRJ-900,0
takeoff,JFK,31L,1782566699.54,2026-06-27T13:24:59Z,40.631264,-73.778976,300.9,ad2baa,N948JB,A321,AIRBUS A-321,0
landing,LGA,31,1782566732.71,2026-06-27T13:25:32Z,40.778755,-73.871063,300.9,a1a56d,N205JQ,E75L,EMBRAER ERJ-170-200 (long wing),0
takeoff,LGA,31,1782566762.93,2026-06-27T13:26:02Z,40.772449,-73.857925,300.9,acc7ae,N922XJ,CRJ9,BOMBARDIER Regional Jet CRJ-900,0
takeoff,JFK,31L,1782566770.03,2026-06-27T13:26:10Z,40.630989,-73.778351,300.9,a198ed,N2016J,A21N,AIRBUS A-321neo,0
takeoff,JFK,31L,1782566832.43,2026-06-27T13:27:12Z,40.631003,-73.778406,300.9,a17ecd,N196DN,B763,BOEING 767-300,0
landing,LGA,31,1782566895.82,2026-06-27T13:28:15Z,40.77903,-73.871704,300.9,ac2bd4,N88330,E75L,EMBRAER ERJ-170-200 (long wing),0
takeoff,JFK,31L,1782566908.12,2026-06-27T13:28:28Z,40.630805,-73.777937,300.9,a3ad6d,N336PQ,CRJ9,BOMBARDIER Regional Jet CRJ-900,0
takeoff,JFK,31L,1782566984.83,2026-06-27T13:29:44Z,40.631096,-73.778577,300.9,a6c013,N534JB,A320,AIRBUS A-320,0
landing,LGA,31,1782567001.64,2026-06-27T13:30:01Z,40.777897,-73.869293,303.8,a46a7e,N384DN,A321,AIRBUS A-321,0
takeoff,JFK,31L,1782567035.29,2026-06-27T13:30:35Z,40.631014,-73.778421,300.9,ac801e,N904XJ,CRJ9,BOMBARDIER Regional Jet CRJ-900,0
landing,LGA,31,1782567097.46,2026-06-27T13:31:37Z,40.779076,-73.87175,303.8,acf0da,N933AM,A321,AIRBUS A-321,0
takeoff,JFK,31L,1782567114.79,2026-06-27T13:31:54Z,40.630944,-73.778281,300.9,a85c3e,N638JB,A320,AIRBUS A-320,0
landing,JFK,31R,1782567115.49,2026-06-27T13:31:55Z,40.65073,-73.774704,300.9,ab4c76,N827SK,CRJ9,BOMBARDIER Regional Jet CRJ-900,0
takeoff,JFK,31L,1782567179.3,2026-06-27T13:32:59Z,40.631252,-73.778946,300.9,acf54f,N934JB,A321,AIRBUS A-321,0
landing,LGA,31,1782567193.82,2026-06-27T13:33:13Z,40.778893,-73.871384,303.8,a05bde,N122HQ,E75L,EMBRAER ERJ-170-200 (long wing),0
takeoff,JFK,31L,1782567241.5,2026-06-27T13:34:01Z,40.630714,-73.777756,300.9,aca02f,N912XJ,CRJ9,BOMBARDIER Regional Jet CRJ-900,0
landing,JFK,31R,1782567250.84,2026-06-27T13:34:10Z,40.651265,-73.775878,300.9,a8e279,N6715C,B752,BOEING 757-200,0
landing,LGA,31,1782567275.98,2026-06-27T13:34:35Z,40.781273,-73.876377,303.8,a50192,N421YX,E75L,EMBRAER ERJ-170-200 (long wing),0
landing,JFK,31R,1782567344.95,2026-06-27T13:35:44Z,40.651427,-73.776205,300.9,738c06,4X-ICA,B744,BOEING 747-400,0
takeoff,JFK,31L,1782567367.8,2026-06-27T13:36:07Z,40.631189,-73.778811,300.9,a6152a,N491PX,CRJ9,BOMBARDIER Regional Jet CRJ-900,0
takeoff,JFK,31L,1782567425.43,2026-06-27T13:37:05Z,40.630991,-73.778359,300.9,a3a647,N334SM,B38M,BOEING 737 MAX 8,0
takeoff,LGA,13,1782567432.83,2026-06-27T13:37:12Z,40.781459,-73.876768,120.9,a4e8ef,N415YX,E75L,EMBRAER ERJ-170-200 (long wing),0
takeoff,LGA,13,1782567496.82,2026-06-27T13:38:16Z,40.781657,-73.877189,120.9,a866c7,N640RW,E170,EMBRAER ERJ-170-100,0
takeoff,JFK,31L,1782567499.55,2026-06-27T13:38:19Z,40.630749,-73.777832,300.9,0c2094,HP-1833CMP,B738,BOEING 737-800,0
landing,JFK,31R,1782567513.82,2026-06-27T13:38:33Z,40.652102,-73.777813,300.9,a441c9,N3733Z,B738,BOEING 737-800,0
takeoff,LGA,13,1782567560.08,2026-06-27T13:39:20Z,40.781559,-73.876953,120.9,a01f73,N107HQ,E75L,EMBRAER ERJ-170-200 (long wing),0
takeoff,JFK,31L,1782567586.32,2026-06-27T13:39:46Z,40.631038,-73.778468,300.9,a3c2be,N341TR,B38M,BOEING 737 MAX 8,0
landing,JFK,31R,1782567610.12,2026-06-27T13:40:10Z,40.651485,-73.776367,300.9,a75634,N572DT,A21N,AIRBUS A-321neo,0
landing,LGA,13,1782567611.9,2026-06-27T13:40:11Z,40.777351,-73.868122,120.9,a310cf,N297PQ,CRJ9,BOMBARDIER Regional Jet CRJ-900,0
takeoff,LGA,13,1782567641.15,2026-06-27T13:40:41Z,40.78149,-73.876816,120.9,a517dc,N427YX,E75L,EMBRAER ERJ-170-200 (long wing),0
landing,LGA,13,1782567725.13,2026-06-27T13:42:05Z,40.772644,-73.859604,149.1,ac45ac,N890DN,B739,BOEING 737-900,0
landing,JFK,31R,1782567738.77,2026-06-27T13:42:18Z,40.652393,-73.778406,303.8,a4b64b,N402YX,E75L,EMBRAER ERJ-170-200 (long wing),0
takeoff,JFK,31L,1782567750.93,2026-06-27T13:42:30Z,40.631247,-73.778921,300.9,aca29a,N913JB,A321,AIRBUS A-321,0
takeoff,LGA,13,1782567755.44,2026-06-27T13:42:35Z,40.780094,-73.873917,120.9,a037b9,N113DX,A321,AIRBUS A-321,0
landing,JFK,31R,1782567807.98,2026-06-27T13:43:27Z,40.651707,-73.776861,300.9,ab2760,N818DA,B739,BOEING 737-900,0
landing,LGA,13,1782567860.68,2026-06-27T13:44:20Z,40.772816,-73.859726,146.2,a4eca6,N416YX,E75L,EMBRAER ERJ-170-200 (long wing),0
takeoff,JFK,31L,1782567865.82,2026-06-27T13:44:25Z,40.629066,-73.774109,300.9,a4e538,N414YX,E75L,EMBRAER ERJ-170-200 (long wing),0
landing,LGA,13,1782567925.69,2026-06-27T13:45:25Z,40.772615,-73.859586,149.1,abd063,N860RW,E170,EMBRAER ERJ-170-100,0
landing,JFK,31R,1782567931.13,2026-06-27T13:45:31Z,40.653923,-73.781708,300.9,a417af,N363CM,B763,BOEING 767-300,0
takeoff,JFK,31L,1782567945.15,2026-06-27T13:45:45Z,40.631104,-73.778595,300.9,a9a901,N721TW,B752,BOEING 757-200,0
takeoff,LGA,13,1782567955.38,2026-06-27T13:45:55Z,40.779877,-73.873459,120.9,a44d3f,N3766,B738,BOEING 737-800,0
landing,LGA,13,1782567989.83,2026-06-27T13:46:29Z,40.778263,-73.870026,120.9,c0730e,C-GROV,BCS3,AIRBUS A220-300,0
takeoff,JFK,31L,1782568031.6,2026-06-27T13:47:11Z,40.631654,-73.77981,300.9,a36825,N3189J,BCS3,AIRBUS A220-300,0
takeoff,LGA,13,1782568031.94,2026-06-27T13:47:11Z,40.781559,-73.876968,120.9,a5307f,N433YX,E75L,EMBRAER ERJ-170-200 (long wing),0
takeoff,JFK,31L,1782568098.43,2026-06-27T13:48:18Z,40.630978,-73.77832,300.9,aae59e,N801AK,B38M,BOEING 737 MAX 8,0
landing,JFK,31R,1782568128.81,2026-06-27T13:48:48Z,40.651276,-73.77594,300.9,a79821,N589JB,A320,AIRBUS A-320,0
landing,JFK,13L,1782568134.27,2026-06-27T13:48:54Z,40.649461,-73.77672,120.9,ac92b1,N909XJ,CRJ9,BOMBARDIER Regional Jet CRJ-900,0
landing,LGA,13,1782568146.13,2026-06-27T13:49:06Z,40.778641,-73.870895,116.8,a5170f,N427QS,E55P,EMBRAER EMB-505 Phenom 300,0
takeoff,JFK,31L,1782568170.67,2026-06-27T13:49:30Z,40.631149,-73.778702,300.9,adbe91,N985JT,A321,AIRBUS A-321,0
takeoff,LGA,13,1782568196.67,2026-06-27T13:49:56Z,40.781541,-73.876924,120.9,abdb88,N863RW,E170,EMBRAER ERJ-170-100,0
takeoff,JFK,31L,1782568231.05,2026-06-27T13:50:31Z,40.631096,-73.778593,300.9,a85887,N637JB,A320,AIRBUS A-320,0
landing,JFK,31R,1782568251.31,2026-06-27T13:50:51Z,40.650811,-73.774848,302.4,507c59,UK-78706,B788,BOEING 787-8 Dreamliner,0
takeoff,LGA,13,1782568257.87,2026-06-27T13:50:57Z,40.781576,-73.877002,120.9,abc2e5,N857RW,E170,EMBRAER ERJ-170-100,0
takeoff,JFK,31L,1782568302.32,2026-06-27T13:51:42Z,40.631172,-73.778778,300.9,a9cecf,N731AN,B77W,BOEING 777-300ER,0
takeoff,LGA,13,1782568330.3,2026-06-27T13:52:10Z,40.779504,-73.872679,120.9,a93d7c,N695CA,CRJ9,BOMBARDIER Regional Jet CRJ-900,0
takeoff,LGA,13,1782568402.85,2026-06-27T13:53:22Z,40.781479,-73.876801,120.9,a1c935,N214JQ,E75L,EMBRAER ERJ-170-200 (long wing),0
takeoff,JFK,31L,1782568406.82,2026-06-27T13:53:26Z,40.630758,-73.777844,300.9,a19cc7,N2027J,A21N,AIRBUS A-321neo,0
landing,LGA,13,1782568444.14,2026-06-27T13:54:04Z,40.772731,-73.86085,120.9,ab0a73,N810MD,E170,EMBRAER ERJ-170-100,0
landing,JFK,31R,1782568446.24,2026-06-27T13:54:06Z,40.650158,-73.773483,300.9,acb679,N918XJ,CRJ9,BOMBARDIER Regional Jet CRJ-900,0
landing,LGA,13,1782568480.86,2026-06-27T13:54:40Z,40.77261,-73.859573,149.1,a52911,N431YX,E75L,EMBRAER ERJ-170-200 (long wing),0
takeoff,LGA,13,1782568498.75,2026-06-27T13:54:58Z,40.781525,-73.876923,120.9,ab40ce,N824MD,E170,EMBRAER ERJ-170-100,0
landing,LGA,13,1782568554.93,2026-06-27T13:55:54Z,40.776897,-73.867217,120.9,a35ab8,N315PQ,CRJ9,BOMBARDIER Regional Jet CRJ-900,0
takeoff,LGA,13,1782568599.91,2026-06-27T13:56:39Z,40.779762,-73.873215,120.9,a2fe3c,N292PQ,CRJ9,BOMBARDIER Regional Jet CRJ-900,0
takeoff,JFK,31L,1782568617.65,2026-06-27T13:56:57Z,40.631305,-73.779061,300.9,0d121b,XA-OTC,B38M,BOEING 737 MAX 8,0
landing,LGA,13,1782568642.28,2026-06-27T13:57:22Z,40.775675,-73.864642,120.9,acc23f,N921DU,B739,BOEING 737-900,0
landing,JFK,31R,1782568647.8,2026-06-27T13:57:27Z,40.651951,-73.777407,300.9,ab58b2,N830DN,B739,BOEING 737-900,0
takeoff,LGA,13,1782568697.93,2026-06-27T13:58:17Z,40.779556,-73.872787,123.8,a33339,N305PQ,CRJ9,BOMBARDIER Regional Jet CRJ-900,0
landing,LGA,13,1782568792.8,2026-06-27T13:59:52Z,40.776921,-73.867233,120.9,a34215,N309PQ,CRJ9,BOMBARDIER Regional Jet CRJ-900,0
takeoff,JFK,31L,1782568800.03,2026-06-27T14:00:00Z,40.630463,-73.777206,300.9,acaf0b,N916XJ,CRJ9,BOMBARDIER Regional Jet CRJ-900,0
takeoff,LGA,13,1782568848.61,2026-06-27T14:00:48Z,40.77976,-73.873194,120.9,ad2c19,N948NN,B738,BOEING 737-800,0
landing,JFK,31R,1782568848.61,2026-06-27T14:00:48Z,40.650869,-73.775004,300.9,a7e54f,N608DN,A21N,AIRBUS A-321neo,0
landing,LGA,13,1782568899.5,2026-06-27T14:01:39Z,40.774174,-73.86149,123.8,ad84de,N970NN,B738,BOEING 737-800,0
landing,JFK,31R,1782568973.04,2026-06-27T14:02:53Z,40.653336,-73.780434,300.9,acf849,N935AN,B738,BOEING 737-800,0
takeoff,JFK,31L,1782568987.96,2026-06-27T14:03:07Z,40.631038,-73.778468,300.9,a9ab05,N722AL,B39M,,0
takeoff,LGA,13,1782569011.35,2026-06-27T14:03:31Z,40.779877,-73.873459,120.9,acf2e4,N933XJ,CRJ9,BOMBARDIER Regional Jet CRJ-900,0
landing,LGA,13,1782569053.92,2026-06-27T14:04:13Z,40.772766,-73.861037,146.2,a05470,N120HQ,E75L,EMBRAER ERJ-170-200 (long wing),0
landing,JFK,31R,1782569089.84,2026-06-27T14:04:49Z,40.651245,-73.775848,300.9,010288,SU-GGH,A359,AIRBUS A-350-900,0
landing,LGA,13,1782569150.73,2026-06-27T14:05:50Z,40.772754,-73.860912,120.9,a53ba4,N436YX,E75L,EMBRAER ERJ-170-200 (long wing),0
takeoff,JFK,31L,1782569153.71,2026-06-27T14:05:53Z,40.630886,-73.778125,300.9,a42e13,N369DN,A321,AIRBUS A-321,0
landing,LGA,13,1782569170.39,2026-06-27T14:06:10Z,40.774709,-73.862613,123.8,ad38bf,N951DX,B739,BOEING 737-900,0
takeoff,JFK,31L,1782569224.69,2026-06-27T14:07:04Z,40.631023,-73.778442,300.9,a8222c,N623JB,A320,AIRBUS A-320,0
takeoff,LGA,13,1782569241.8,2026-06-27T14:07:21Z,40.780106,-73.873932,120.9,ac608e,N897NN,B738,BOEING 737-800,0
takeoff,JFK,31L,1782569279.13,2026-06-27T14:07:59Z,40.628966,-73.773896,300.9,a1f46b,N225JQ,E75L,EMBRAER ERJ-170-200 (long wing),0
landing,LGA,13,1782569298.45,2026-06-27T14:08:18Z,40.776257,-73.865875,120.9,ac3ac9,N8874Q,B38M,BOEING 737 MAX 8,0
takeoff,JFK,31L,1782569338.86,2026-06-27T14:08:58Z,40.630852,-73.778061,300.9,a5fc87,N485PX,CRJ9,BOMBARDIER Regional Jet CRJ-900,0
takeoff,LGA,13,1782569352.14,2026-06-27T14:09:12Z,40.779247,-73.872162,120.9,aca3e6,N913XJ,CRJ9,BOMBARDIER Regional Jet CRJ-900,0
takeoff,LGA,13,1782569397.82,2026-06-27T14:09:57Z,40.779934,-73.873566,120.9,ac90f3,N909DN,B739,BOEING 737-900,0
takeoff,JFK,31L,1782569400.6,2026-06-27T14:10:00Z,40.631172,-73.778778,300.9,acb2c2,N917XJ,CRJ9,BOMBARDIER Regional Jet CRJ-900,0
landing,JFK,31R,1782569408.95,2026-06-27T14:10:08Z,40.652161,-73.777863,300.9,a1c1c7,N212JQ,E75L,EMBRAER ERJ-170-200 (long wing),0
landing,LGA,13,1782569482.23,2026-06-27T14:11:22Z,40.772836,-73.859773,146.2,a075df,N129HQ,E75L,EMBRAER ERJ-170-200 (long wing),0
takeoff,JFK,31L,1782569486.96,2026-06-27T14:11:26Z,40.631046,-73.778473,300.9,aa099e,N746JB,A320,AIRBUS A-320,0
takeoff,LGA,13,1782569511.55,2026-06-27T14:11:51Z,40.781456,-73.87677,120.9,ac1f61,N880RW,E170,EMBRAER ERJ-170-100,0
landing,JFK,31R,1782569556.0,2026-06-27T14:12:36Z,40.651497,-73.776424,300.9,a0aa7c,N142DU,BCS1,AIRBUS A220-100,0
takeoff,JFK,31L,1782569563.13,2026-06-27T14:12:43Z,40.629047,-73.774067,300.9,a1ff90,N228JQ,E75L,EMBRAER ERJ-170-200 (long wing),0
landing,LGA,13,1782569589.99,2026-06-27T14:13:09Z,40.777386,-73.868231,120.9,abd9b6,N8628A,B738,BOEING 737-800,0
takeoff,LGA,13,1782569637.79,2026-06-27T14:13:57Z,40.7803,-73.874329,120.9,a3f91e,N355TW,B38M,,0
takeoff,JFK,31L,1782569644.8,2026-06-27T14:14:04Z,40.631207,-73.778854,300.9,a36799,N3185J,BCS3,AIRBUS A220-300,0
landing,LGA,13,1782569713.97,2026-06-27T14:15:13Z,40.777576,-73.868607,123.8,ad5817,N959WN,B737,BOEING 737-700,0
takeoff,JFK,31L,1782569718.4,2026-06-27T14:15:18Z,40.631026,-73.778406,300.9,a1a435,N2047J,A21N,AIRBUS A-321neo,0
takeoff,LGA,13,1782569752.67,2026-06-27T14:15:52Z,40.781529,-73.876908,120.9,ab282b,N818MD,E170,EMBRAER ERJ-170-100,0
landing,LGA,13,1782569836.15,2026-06-27T14:17:16Z,40.77697,-73.86731,120.9,a3dc5a,N348PQ,CRJ9,BOMBARDIER Regional Jet CRJ-900,0
takeoff,LGA,13,1782569878.32,2026-06-27T14:17:58Z,40.781692,-73.877251,120.9,a026e1,N109HQ,E75L,EMBRAER ERJ-170-200 (long wing),0
takeoff,LGA,04,1782569903.99,2026-06-27T14:18:23Z,40.777991,-73.879343,30.9,a1b092,N208JQ,E75L,EMBRAER ERJ-170-200 (long wing),0
landing,LGA,04,1782569905.44,2026-06-27T14:18:25Z,40.777988,-73.879333,30.9,a1b092,N208JQ,E75L,EMBRAER ERJ-170-200 (long wing),0
landing,JFK,31R,1782569948.34,2026-06-27T14:19:08Z,40.650421,-73.774048,298.1,a148b9,N182GJ,CRJ9,BOMBARDIER Regional Jet CRJ-900,0
takeoff,LGA,13,1782569998.64,2026-06-27T14:19:58Z,40.781673,-73.877243,120.9,a046f2,N117HQ,E75L,EMBRAER ERJ-170-200 (long wing),0
takeoff,LGA,04,1782570022.1,2026-06-27T14:20:22Z,40.778561,-73.878876,30.9,a1b092,N208JQ,E75L,EMBRAER ERJ-170-200 (long wing),0
landing,LGA,04,1782570025.38,2026-06-27T14:20:25Z,40.778549,-73.878876,30.9,a1b092,N208JQ,E75L,EMBRAER ERJ-170-200 (long wing),0
takeoff,LGA,04,1782570025.38,2026-06-27T14:20:25Z,40.778549,-73.878876,30.9,a1b092,N208JQ,E75L,EMBRAER ERJ-170-200 (long wing),0
landing,LGA,04,1782570027.04,2026-06-27T14:20:27Z,40.77855,-73.878874,30.9,a1b092,N208JQ,E75L,EMBRAER ERJ-170-200 (long wing),0
landing,JFK,31R,1782570060.5,2026-06-27T14:21:00Z,40.653138,-73.779997,300.9,394a01,F-GSQB,B77W,BOEING 777-300ER,0
takeoff,JFK,31L,1782570086.54,2026-06-27T14:21:26Z,40.631154,-73.778733,300.9,789241,B-LQD,A359,AIRBUS A-350-900,0
landing,LGA,31,1782570122.42,2026-06-27T14:22:02Z,40.775448,-73.86792,309.4,a07bef,N130HQ,E75L,EMBRAER ERJ-170-200 (long wing),0
takeoff,LGA,13,1782570123.7,2026-06-27T14:22:03Z,40.781525,-73.876907,120.9,ada699,N979RP,E170,EMBRAER ERJ-170-100,0
landing,JFK,31R,1782570165.92,2026-06-27T14:22:45Z,40.651417,-73.776215,299.6,aba155,N849AN,B789,BOEING 787-9 Dreamliner,0
takeoff,LGA,04,1782570184.44,2026-06-27T14:23:04Z,40.778996,-73.878494,30.9,a1b092,N208JQ,E75L,EMBRAER ERJ-170-200 (long wing),0
landing,LGA,31,1782570188.4,2026-06-27T14:23:08Z,40.775501,-73.868013,306.6,a4bdb9,N404YX,E75L,EMBRAER ERJ-170-200 (long wing),0
landing,LGA,04,1782570192.48,2026-06-27T14:23:12Z,40.778996,-73.878494,30.9,a1b092,N208JQ,E75L,EMBRAER ERJ-170-200 (long wing),0
landing,LGA,13,1782570208.53,2026-06-27T14:23:28Z,40.772591,-73.85957,149.1,a23a02,N24211,B738,BOEING 737-800,0
takeoff,LGA,13,1782570221.41,2026-06-27T14:23:41Z,40.781513,-73.876877,120.9,a21833,N234JQ,E75L,EMBRAER ERJ-170-200 (long wing),0
takeoff,JFK,31L,1782570252.71,2026-06-27T14:24:12Z,40.630944,-73.77825,300.9,a67883,N516JB,A320,AIRBUS A-320,0
landing,JFK,31R,1782570289.35,2026-06-27T14:24:49Z,40.652033,-73.777563,300.9,76ceef,9V-SWO,B77W,BOEING 777-300ER,0
takeoff,JFK,31L,1782570316.46,2026-06-27T14:25:16Z,40.6312,-73.778827,300.9,ad846f,N970JB,A321,AIRBUS A-321,0
landing,LGA,13,1782570354.05,2026-06-27T14:25:54Z,40.772521,-73.859492,149.1,a44308,N374DX,A321,AIRBUS A-321,0
takeoff,LGA,13,1782570366.66,2026-06-27T14:26:06Z,40.781518,-73.876892,120.9,c060bc,C-GKQL,E295,EMBRAER ERJ-190-400,0
takeoff,JFK,31L,1782570393.94,2026-06-27T14:26:33Z,40.631038,-73.778484,300.9,aaef60,N8030F,A319,AIRBUS A-319,0
landing,LGA,13,1782570416.61,2026-06-27T14:26:56Z,40.776083,-73.8655,123.8,a445d9,N3746H,B738,BOEING 737-800,0
landing,JFK,31R,1782570426.45,2026-06-27T14:27:06Z,40.652475,-73.778562,300.9,4bb14a,TC-LJJ,B77W,BOEING 777-300ER,0
takeoff,LGA,13,1782570469.28,2026-06-27T14:27:49Z,40.77976,-73.873225,120.9,a32814,N302PQ,CRJ9,BOMBARDIER Regional Jet CRJ-900,0
takeoff,JFK,31L,1782570474.1,2026-06-27T14:27:54Z,40.631072,-73.778546,300.9,a36b50,N3195J,BCS3,,0
takeoff,LGA,13,1782570532.42,2026-06-27T14:28:52Z,40.779831,-73.873352,123.8,a08a85,N134EV,CRJ9,BOMBARDIER Regional Jet CRJ-900,0
takeoff,JFK,31L,1782570534.07,2026-06-27T14:28:54Z,40.631161,-73.778732,300.9,ade252,N994JL,A321,AIRBUS A-321,0
landing,LGA,13,1782570597.46,2026-06-27T14:29:57Z,40.777421,-73.868294,120.9,a36994,N319PQ,CRJ9,BOMBARDIER Regional Jet CRJ-900,0
landing,JFK,31R,1782570604.15,2026-06-27T14:30:04Z,40.652721,-73.779129,300.9,add793,N991NN,B738,BOEING 737-800,0
takeoff,JFK,31L,1782570612.5,2026-06-27T14:30:12Z,40.628989,-73.773974,300.9,a19a48,N202JQ,E75L,EMBRAER ERJ-170-200 (long wing),0
takeoff,JFK,31L,1782570681.85,2026-06-27T14:31:21Z,40.629169,-73.774368,300.9,a4da13,N411YX,E75L,EMBRAER ERJ-170-200 (long wing),0
landing,JFK,31R,1782570687.4,2026-06-27T14:31:27Z,40.651588,-73.776611,300.9,ab214d,N816SY,B738,BOEING 737-800,0
landing,LGA,13,1782570694.08,2026-06-27T14:31:34Z,40.776157,-73.865692,120.9,a23bfb,N243JQ,E75L,EMBRAER ERJ-170-200 (long wing),0
takeoff,LGA,13,1782570733.62,2026-06-27T14:32:13Z,40.779865,-73.873444,120.9,ac2b80,N8831L,B38M,BOEING 737 MAX 8,0
takeoff,JFK,31L,1782570752.59,2026-06-27T14:32:32Z,40.631126,-73.778656,300.9,a86605,N640JB,A320,AIRBUS A-320,0
takeoff,JFK,31L,1782570804.13,2026-06-27T14:33:24Z,40.629238,-73.774506,300.9,a50900,N423YX,E75L,EMBRAER ERJ-170-200 (long wing),0
landing,LGA,13,1782570811.0,2026-06-27T14:33:31Z,40.775688,-73.864746,126.6,c05d56,C-GJIZ,CRJ9,BOMBARDIER Regional Jet CRJ-900,0
landing,JFK,31R,1782570813.54,2026-06-27T14:33:33Z,40.651302,-73.775955,299.6,744841,JY-RBA,B789,BOEING 787-9 Dreamliner,0
takeoff,LGA,13,1782570862.46,2026-06-27T14:34:22Z,40.779865,-73.873459,118.1,c05ef7,C-GJZA,DH8D,DE HAVILLAND DHC-8-400 Dash 8,0
takeoff,JFK,31L,1782570898.33,2026-06-27T14:34:58Z,40.631092,-73.77858,300.9,a87898,N645JB,A320,AIRBUS A-320,0
takeoff,LGA,13,1782570944.73,2026-06-27T14:35:44Z,40.780284,-73.874302,120.9,a384f8,N326DU,BCS3,AIRBUS A220-300,0
landing,JFK,31R,1782570964.23,2026-06-27T14:36:04Z,40.651131,-73.77562,300.9,400773,G-VIIV,B772,BOEING 777-200,0
landing,LGA,13,1782571008.86,2026-06-27T14:36:48Z,40.775688,-73.864685,118.1,a7c849,N600LR,CRJ9,BOMBARDIER Regional Jet CRJ-900,0
takeoff,JFK,31L,1782571040.31,2026-06-27T14:37:20Z,40.63155,-73.779607,300.9,a35592,N3139J,BCS3,AIRBUS A220-300,0
takeoff,LGA,13,1782571046.47,2026-06-27T14:37:26Z,40.780048,-73.87381,120.9,a04a4d,N118DY,A321,AIRBUS A-321,0
takeoff,LGA,13,1782571098.46,2026-06-27T14:38:18Z,40.781525,-73.876892,120.9,a22358,N237JQ,E75L,EMBRAER ERJ-170-200 (long wing),0
takeoff,JFK,31L,1782571102.63,2026-06-27T14:38:22Z,40.630795,-73.777924,300.9,a3b86c,N339NB,A319,AIRBUS A-319,0
takeoff,JFK,31L,1782571174.25,2026-06-27T14:39:34Z,40.631149,-73.778732,300.9,ad734a,N966JT,A321,AIRBUS A-321,0
landing,JFK,31R,1782571198.64,2026-06-27T14:39:58Z,40.653225,-73.780258,303.8,a0345f,N112HQ,E75L,EMBRAER ERJ-170-200 (long wing),0
landing,LGA,13,1782571200.18,2026-06-27T14:40:00Z,40.772953,-73.858978,123.8,a8a0d9,N655RW,E170,EMBRAER ERJ-170-100,0
landing,LGA,13,1782571250.6,2026-06-27T14:40:50Z,40.776234,-73.865844,120.9,a8a490,N656RW,E170,EMBRAER ERJ-170-100,0
takeoff,JFK,31L,1782571261.69,2026-06-27T14:41:01Z,40.630782,-73.777937,300.9,a173a8,N193DN,B763,BOEING 767-300,0
takeoff,LGA,13,1782571294.74,2026-06-27T14:41:34Z,40.779888,-73.873475,120.9,ac7e15,N904AN,B738,BOEING 737-800,0
landing,LGA,13,1782571388.81,2026-06-27T14:43:08Z,40.777654,-73.868762,120.9,a36130,N317DU,BCS3,AIRBUS A220-300,0
landing,JFK,31R,1782571392.43,2026-06-27T14:43:12Z,40.651646,-73.776764,300.9,a6ce7d,N538DN,A21N,AIRBUS A-321neo,0
takeoff,JFK,31L,1782571399.39,2026-06-27T14:43:19Z,40.631229,-73.778915,300.9,a3514f,N3125J,BCS3,,0
takeoff,LGA,13,1782571433.32,2026-06-27T14:43:53Z,40.781651,-73.877167,120.9,a1b092,N208JQ,E75L,EMBRAER ERJ-170-200 (long wing),0
landing,JFK,31R,1782571483.42,2026-06-27T14:44:43Z,40.651136,-73.775612,300.9,a39948,N3308J,BCS3,AIRBUS A220-300,0
landing,LGA,13,1782571515.59,2026-06-27T14:45:15Z,40.777572,-73.868621,120.9,aceb76,N931XJ,CRJ9,BOMBARDIER Regional Jet CRJ-900,0
takeoff,LGA,13,1782571565.05,2026-06-27T14:46:05Z,40.779934,-73.87355,120.9,a83e86,N630JB,A320,AIRBUS A-320,0
landing,LGA,13,1782571622.88,2026-06-27T14:47:02Z,40.773914,-73.861023,126.6,ac2859,N8825Q,B38M,BOEING 737 MAX 8,0
landing,JFK,31R,1782571632.07,2026-06-27T14:47:12Z,40.652218,-73.777985,300.9,71be19,HL7619,A388,AIRBUS A-380-800,0
takeoff,LGA,13,1782571648.98,2026-06-27T14:47:28Z,40.779877,-73.873489,120.9,a39781,N330TJ,B38M,BOEING 737 MAX 8,0
landing,JFK,31L,1782571673.32,2026-06-27T14:47:53Z,40.640705,-73.799789,300.9,a14104,N180DN,B763,BOEING 767-300,0
landing,LGA,13,1782571717.55,2026-06-27T14:48:37Z,40.777061,-73.867538,120.9,acc3b4,N921US,A321,AIRBUS A-321,0
landing,JFK,31R,1782571760.71,2026-06-27T14:49:20Z,40.653889,-73.781662,300.9,899121,B-16781,B77L,BOEING 777-200LR,0
takeoff,LGA,13,1782571776.92,2026-06-27T14:49:36Z,40.780272,-73.874286,120.9,a1270a,N17321,B38M,BOEING 737 MAX 8,0
takeoff,JFK,31L,1782571792.92,2026-06-27T14:49:52Z,40.631355,-73.779175,300.9,ac92b1,N909XJ,CRJ9,BOMBARDIER Regional Jet CRJ-900,0
takeoff,LGA,13,1782571847.63,2026-06-27T14:50:47Z,40.779947,-73.873568,120.9,a9d59a,N73251,B738,BOEING 737-800,0
landing,JFK,31R,1782571880.35,2026-06-27T14:51:20Z,40.651393,-73.776158,300.9,a4b6b6,N4022J,A21N,AIRBUS A-321neo,0
landing,LGA,13,1782571936.29,2026-06-27T14:52:16Z,40.777491,-73.86845,120.9,a48a8f,N392DN,A321,AIRBUS A-321,0
takeoff,LGA,13,1782571973.78,2026-06-27T14:52:53Z,40.780121,-73.879717,81.6,a1a56d,N205JQ,E75L,EMBRAER ERJ-170-200 (long wing),0
landing,LGA,13,1782571984.56,2026-06-27T14:53:04Z,40.780128,-73.879639,81.6,a1a56d,N205JQ,E75L,EMBRAER ERJ-170-200 (long wing),0
takeoff,LGA,13,1782571991.54,2026-06-27T14:53:11Z,40.779213,-73.872055,120.9,a335fa,N306DU,BCS3,AIRBUS A220-300,0
landing,JFK,31R,1782571995.42,2026-06-27T14:53:15Z,40.651531,-73.776474,300.9,8418b4,JA06WJ,A35K,AIRBUS A-350-1000,0
landing,LGA,13,1782572057.01,2026-06-27T14:54:17Z,40.775699,-73.86472,120.9,abd41a,N861RW,E170,EMBRAER ERJ-170-100,0
takeoff,LGA,13,1782572089.01,2026-06-27T14:54:49Z,40.781506,-73.876861,123.8,ac2bd4,N88330,E75L,EMBRAER ERJ-170-200 (long wing),0
landing,JFK,31R,1782572101.56,2026-06-27T14:55:01Z,40.651823,-73.77711,300.9,8695a4,JA797A,B77W,BOEING 777-300ER,0
takeoff,JFK,31L,1782572106.81,2026-06-27T14:55:06Z,40.631375,-73.779202,299.6,ab7268,N837AN,B789,BOEING 787-9 Dreamliner,0
landing,LGA,13,1782572183.61,2026-06-27T14:56:23Z,40.773802,-73.860866,129.4,a44214,N37354,B38M,,0
takeoff,LGA,13,1782572230.28,2026-06-27T14:57:10Z,40.779795,-73.873288,120.9,a3a9b6,N335PQ,CRJ9,BOMBARDIER Regional Jet CRJ-900,0
takeoff,LGA,31,1782572243.5,2026-06-27T14:57:23Z,40.780854,-73.878406,345.9,a1a56d,N205JQ,E75L,EMBRAER ERJ-170-200 (long wing),0
landing,JFK,31R,1782572319.84,2026-06-27T14:58:39Z,40.65239,-73.778366,300.9,4bb46e,TC-MCN,A333,AIRBUS A-330-300,0
landing,LGA,13,1782572326.1,2026-06-27T14:58:46Z,40.779283,-73.872102,123.8,a63805,N50EK,C56X,CESSNA 560XL Citation XLS,0
landing,LGA,31,1782572339.41,2026-06-27T14:58:59Z,40.780861,-73.878403,345.9,a1a56d,N205JQ,E75L,EMBRAER ERJ-170-200 (long wing),0
takeoff,LGA,13,1782572383.51,2026-06-27T14:59:43Z,40.779579,-73.872833,123.8,ac8b43,N907XJ,CRJ9,BOMBARDIER Regional Jet CRJ-900,0
takeoff,LGA,13,1782572440.94,2026-06-27T15:00:40Z,40.781529,-73.876908,120.9,a1a56d,N205JQ,E75L,EMBRAER ERJ-170-200 (long wing),0
landing,JFK,31R,1782572446.41,2026-06-27T15:00:46Z,40.651695,-73.776829,300.9,a71ded,N558JB,A320,AIRBUS A-320,0
takeoff,JFK,31L,1782572485.11,2026-06-27T15:01:25Z,40.631149,-73.778702,300.9,acc040,N920XJ,CRJ9,BOMBARDIER Regional Jet CRJ-900,0
landing,JFK,31R,1782572550.74,2026-06-27T15:02:30Z,40.652731,-73.779092,300.9,ad5329,N958JB,A321,AIRBUS A-321,0
landing,LGA,13,1782572555.18,2026-06-27T15:02:35Z,40.775642,-73.864685,126.6,a51f4a,N429YX,E75L,EMBRAER ERJ-170-200 (long wing),0
takeoff,LGA,13,1782572587.27,2026-06-27T15:03:07Z,40.781483,-73.876814,120.9,ac159a,N878RW,E170,EMBRAER ERJ-170-100,0
takeoff,LGA,13,1782572650.9,2026-06-27T15:04:10Z,40.781716,-73.877298,120.9,a4eca6,N416YX,E75L,EMBRAER ERJ-170-200 (long wing),0
landing,LGA,13,1782572757.38,2026-06-27T15:05:57Z,40.77396,-73.861145,126.6,a1e1d8,N220JQ,E75L,EMBRAER ERJ-170-200 (long wing),0
takeoff,LGA,13,1782572782.06,2026-06-27T15:06:22Z,40.781529,-73.876908,120.9,a05bde,N122HQ,E75L,EMBRAER ERJ-170-200 (long wing),0
landing,JFK,31R,1782572826.99,2026-06-27T15:07:06Z,40.652661,-73.778936,300.9,adcca0,N989AN,B738,BOEING 737-800,0
takeoff,JFK,31L,1782572859.08,2026-06-27T15:07:39Z,40.631061,-73.778515,300.9,addadb,N992JB,A321,AIRBUS A-321,0
landing,LGA,13,1782572870.57,2026-06-27T15:07:50Z,40.777188,-73.867841,120.9,a06e0b,N127DN,A321,AIRBUS A-321,0
takeoff,LGA,13,1782572976.31,2026-06-27T15:09:36Z,40.779423,-73.872476,120.9,a310cf,N297PQ,CRJ9,BOMBARDIER Regional Jet CRJ-900,0
takeoff,JFK,31L,1782573004.82,2026-06-27T15:10:04Z,40.631072,-73.778546,300.9,a74f33,N570JB,A320,AIRBUS A-320,0
takeoff,LGA,13,1782573041.28,2026-06-27T15:10:41Z,40.779842,-73.873383,120.9,a2c93f,N279PQ,CRJ9,BOMBARDIER Regional Jet CRJ-900,0
landing,JFK,31R,1782573043.61,2026-06-27T15:10:43Z,40.651183,-73.775721,300.9,abc91f,N859DN,B739,BOEING 737-900,0
takeoff,JFK,31L,1782573074.36,2026-06-27T15:11:14Z,40.630852,-73.778061,303.8,ab4c76,N827SK,CRJ9,BOMBARDIER Regional Jet CRJ-900,0
takeoff,LGA,13,1782573090.89,2026-06-27T15:11:30Z,40.781914,-73.877716,120.9,a50192,N421YX,E75L,EMBRAER ERJ-170-200 (long wing),0
takeoff,LGA,13,1782573162.6,2026-06-27T15:12:42Z,40.780296,-73.874333,119.7,a5170f,N427QS,E55P,EMBRAER EMB-505 Phenom 300,0
takeoff,JFK,31L,1782573176.79,2026-06-27T15:12:56Z,40.631038,-73.778468,300.9,a87c4f,N646JB,A320,AIRBUS A-320,0
landing,LGA,13,1782573224.26,2026-06-27T15:13:44Z,40.777061,-73.867569,115.3,a1584a,N186PQ,CRJ9,BOMBARDIER Regional Jet CRJ-900,0
takeoff,JFK,31L,1782573276.03,2026-06-27T15:14:36Z,40.629094,-73.774177,300.9,a4b64b,N402YX,E75L,EMBRAER ERJ-170-200 (long wing),0
landing,LGA,13,1782573317.51,2026-06-27T15:15:17Z,40.773926,-73.861038,123.8,ac7218,N9004H,B38M,BOEING 737 MAX 8,0
takeoff,LGA,13,1782573359.97,2026-06-27T15:15:59Z,40.779667,-73.873022,120.9,a32bcb,N303PQ,CRJ9,BOMBARDIER Regional Jet CRJ-900,0
takeoff,JFK,31L,1782573361.07,2026-06-27T15:16:01Z,40.635832,-73.789033,300.9,a8df06,N6707A,B752,BOEING 757-200,0
takeoff,LGA,13,1782573431.03,2026-06-27T15:17:11Z,40.779341,-73.87232,120.9,c0730e,C-GROV,BCS3,AIRBUS A220-300,0
takeoff,JFK,31L,1782573465.69,2026-06-27T15:17:45Z,40.630956,-73.778296,300.9,a12861,N174DN,B763,BOEING 767-300,0
landing,LGA,13,1782573502.89,2026-06-27T15:18:22Z,40.776066,-73.865417,120.9,adaee8,N981AN,B738,BOEING 737-800,0
takeoff,LGA,13,1782573576.53,2026-06-27T15:19:36Z,40.780415,-73.874588,120.9,a138b8,N178US,A321,AIRBUS A-321,0
takeoff,JFK,31L,1782573580.62,2026-06-27T15:19:40Z,40.630747,-73.777813,300.9,ab2760,N818DA,B739,BOEING 737-900,0
takeoff,LGA,13,1782573635.2,2026-06-27T15:20:35Z,40.78149,-73.876831,120.9,abd063,N860RW,E170,EMBRAER ERJ-170-100,0
landing,JFK,31R,1782573645.16,2026-06-27T15:20:45Z,40.650948,-73.775146,299.6,020122,CN-RGT,B788,BOEING 787-8 Dreamliner,0
takeoff,JFK,31L,1782573652.17,2026-06-27T15:20:52Z,40.631149,-73.778717,300.9,ad646e,N962JT,A321,AIRBUS A-321,0
takeoff,LGA,13,1782573708.94,2026-06-27T15:21:48Z,40.779774,-73.873245,123.8,a34215,N309PQ,CRJ9,BOMBARDIER Regional Jet CRJ-900,0
landing,JFK,31R,1782573764.96,2026-06-27T15:22:44Z,40.652309,-73.778214,300.9,a32116,N300UB,B38M,BOEING 737 MAX 8,0
takeoff,JFK,31L,1782573782.04,2026-06-27T15:23:02Z,40.630989,-73.778351,300.9,a03235,N111ZM,A321,AIRBUS A-321,0
takeoff,LGA,13,1782573784.13,2026-06-27T15:23:04Z,40.779819,-73.873337,120.9,ac45ac,N890DN,B739,BOEING 737-900,0
landing,JFK,31R,1782573850.31,2026-06-27T15:24:10Z,40.651508,-73.776489,300.9,a3401a,N3085J,BCS3,AIRBUS A220-300,0
landing,LGA,13,1782573879.89,2026-06-27T15:24:39Z,40.776833,-73.867081,120.9,a449f1,N3759,B738,BOEING 737-800,0
landing,JFK,31R,1782573930.27,2026-06-27T15:25:30Z,40.652996,-73.779709,300.9,ad3581,N950JT,A321,AIRBUS A-321,0
takeoff,LGA,13,1782573930.57,2026-06-27T15:25:30Z,40.779877,-73.873459,120.9,ac3ac9,N8874Q,B38M,BOEING 737 MAX 8,0
takeoff,JFK,31L,1782573988.06,2026-06-27T15:26:28Z,40.630654,-73.777625,300.9,a75634,N572DT,A21N,AIRBUS A-321neo,0
takeoff,LGA,13,1782573999.84,2026-06-27T15:26:39Z,40.780005,-73.873725,120.9,acf0da,N933AM,A321,AIRBUS A-321,0
landing,JFK,31R,1782574012.11,2026-06-27T15:26:52Z,40.651657,-73.776794,300.9,a34825,N310PQ,CRJ9,BOMBARDIER Regional Jet CRJ-900,0
takeoff,JFK,31L,1782574055.12,2026-06-27T15:27:35Z,40.631207,-73.778839,300.9,adcd6d,N989JT,A321,AIRBUS A-321,0
landing,LGA,13,1782574080.62,2026-06-27T15:28:00Z,40.777084,-73.867615,123.8,a3761c,N322DU,BCS3,AIRBUS A220-300,0
takeoff,LGA,13,1782574120.52,2026-06-27T15:28:40Z,40.779797,-73.873291,120.9,ad5817,N959WN,B737,BOEING 737-700,0
takeoff,JFK,31L,1782574126.96,2026-06-27T15:28:46Z,40.631072,-73.778562,300.9,a78945,N585JB,A320,AIRBUS A-320,0
landing,JFK,13L,1782574168.32,2026-06-27T15:29:28Z,40.65187,-73.780029,120.9,acab54,N915XJ,CRJ9,BOMBARDIER Regional Jet CRJ-900,0
takeoff,JFK,31L,1782574192.32,2026-06-27T15:29:52Z,40.631107,-73.778655,300.9,a874e1,N644JB,A320,AIRBUS A-320,0
landing,JFK,31R,1782574231.98,2026-06-27T15:30:31Z,40.652573,-73.778748,298.1,a4ddca,N412YX,E75L,EMBRAER ERJ-170-200 (long wing),0
takeoff,LGA,13,1782574308.62,2026-06-27T15:31:48Z,40.781502,-73.876846,120.9,a07bef,N130HQ,E75L,EMBRAER ERJ-170-200 (long wing),0
takeoff,JFK,31L,1782574362.18,2026-06-27T15:32:42Z,40.635761,-73.788879,300.9,ab58b2,N830DN,B739,BOEING 737-900,0
landing,LGA,13,1782574410.26,2026-06-27T15:33:30Z,40.776146,-73.865646,120.9,a0540a,N120DN,A321,AIRBUS A-321,0
takeoff,JFK,31L,1782574430.01,2026-06-27T15:33:50Z,40.63155,-73.779545,300.9,8963e4,A6-EOG,A388,AIRBUS A-380-800,0
takeoff,LGA,13,1782574449.56,2026-06-27T15:34:09Z,40.781548,-73.876953,120.9,a075df,N129HQ,E75L,EMBRAER ERJ-170-200 (long wing),0
landing,LGA,31,1782574470.75,2026-06-27T15:34:30Z,40.776339,-73.869745,303.8,abe2f6,N865RW,E170,EMBRAER ERJ-170-100,0
landing,LGA,13,1782574540.62,2026-06-27T15:35:40Z,40.775815,-73.864985,123.8,a89d22,N654RW,E170,EMBRAER ERJ-170-100,0
takeoff,JFK,31L,1782574571.69,2026-06-27T15:36:11Z,40.628919,-73.773786,300.9,a1c1c7,N212JQ,E75L,EMBRAER ERJ-170-200 (long wing),0
takeoff,LGA,13,1782574586.82,2026-06-27T15:36:26Z,40.779957,-73.873611,120.9,ad38bf,N951DX,B739,BOEING 737-900,0
landing,JFK,31R,1782574612.98,2026-06-27T15:36:52Z,40.651028,-73.77536,300.9,ab7ae4,N839MH,B764,BOEING 767-400,0
takeoff,JFK,31L,1782574655.19,2026-06-27T15:37:35Z,40.630921,-73.778203,300.9,a441c9,N3733Z,B738,BOEING 737-800,0
landing,LGA,13,1782574669.71,2026-06-27T15:37:49Z,40.777737,-73.868927,123.8,a6d03b,N538XJ,CL30,BOMBARDIER BD-100 Challenger 300,0
takeoff,LGA,13,1782574716.02,2026-06-27T15:38:36Z,40.779808,-73.87326,120.9,ad84de,N970NN,B738,BOEING 737-800,0
landing,JFK,31R,1782574769.91,2026-06-27T15:39:29Z,40.652789,-73.779311,295.3,a51425,N426YX,E75L,EMBRAER ERJ-170-200 (long wing),0
landing,LGA,13,1782574780.03,2026-06-27T15:39:40Z,40.775687,-73.864673,120.9,ac1675,N8780Q,B38M,,0
takeoff,JFK,31L,1782574783.46,2026-06-27T15:39:43Z,40.630793,-73.777937,300.9,ade9c0,N996JL,A321,AIRBUS A-321,0
takeoff,LGA,13,1782574845.53,2026-06-27T15:40:45Z,40.781353,-73.876556,120.9,a23bfb,N243JQ,E75L,EMBRAER ERJ-170-200 (long wing),0
takeoff,JFK,31L,1782574855.08,2026-06-27T15:40:55Z,40.630933,-73.77825,300.9,a148b9,N182GJ,CRJ9,BOMBARDIER Regional Jet CRJ-900,0
landing,JFK,31R,1782574880.53,2026-06-27T15:41:20Z,40.650421,-73.774017,300.9,a883bd,N648JB,A320,AIRBUS A-320,0
takeoff,LGA,13,1782574927.06,2026-06-27T15:42:07Z,40.779923,-73.873568,120.9,abd9b6,N8628A,B738,BOEING 737-800,0
takeoff,LGA,13,1782574988.17,2026-06-27T15:43:08Z,40.781494,-73.876814,120.9,a52911,N431YX,E75L,EMBRAER ERJ-170-200 (long wing),0
landing,JFK,31R,1782574995.08,2026-06-27T15:43:15Z,40.652743,-73.779123,298.1,a1ecfd,N223JQ,E75L,EMBRAER ERJ-170-200 (long wing),0
takeoff,JFK,31L,1782575034.15,2026-06-27T15:43:54Z,40.630968,-73.778296,300.9,acf849,N935AN,B738,BOEING 737-800,0
landing,JFK,31L,1782575035.67,2026-06-27T15:43:55Z,40.631092,-73.778595,300.9,acf849,N935AN,B738,BOEING 737-800,0
takeoff,JFK,31L,1782575035.67,2026-06-27T15:43:55Z,40.631092,-73.778595,300.9,acf849,N935AN,B738,BOEING 737-800,0
landing,LGA,13,1782575073.75,2026-06-27T15:44:33Z,40.776672,-73.866745,120.9,a742c2,N567UW,A321,AIRBUS A-321,0
landing,JFK,31R,1782575076.09,2026-06-27T15:44:36Z,40.651257,-73.775864,300.9,a37fb0,N3241J,BCS3,AIRBUS A220-300,0
takeoff,JFK,31L,1782575100.73,2026-06-27T15:45:00Z,40.630735,-73.777797,300.9,a7e54f,N608DN,A21N,AIRBUS A-321neo,0
takeoff,LGA,13,1782575111.26,2026-06-27T15:45:11Z,40.781529,-73.876908,120.9,a53ba4,N436YX,E75L,EMBRAER ERJ-170-200 (long wing),0
landing,JFK,31R,1782575152.25,2026-06-27T15:45:52Z,40.651195,-73.775768,300.9,0c605e,9Y-CAL,B38M,BOEING 737 MAX 8,0
takeoff,JFK,31L,1782575173.51,2026-06-27T15:46:13Z,40.631001,-73.778397,300.9,a1aaae,N2060J,A21N,AIRBUS A-321neo,0
landing,LGA,13,1782575192.6,2026-06-27T15:46:32Z,40.775837,-73.865005,126.6,a4d65c,N410YX,E75L,EMBRAER ERJ-170-200 (long wing),0
takeoff,JFK,31L,1782575250.14,2026-06-27T15:47:30Z,40.631058,-73.778488,298.1,adb653,N983AK,B39M,BOEING 737 MAX 9,0
landing,JFK,31R,1782575255.84,2026-06-27T15:47:35Z,40.650322,-73.773802,300.9,a4189f,N363NB,A319,AIRBUS A-319,0
takeoff,JFK,31L,1782575321.17,2026-06-27T15:48:41Z,40.631014,-73.778437,300.9,a1b2a8,N2084J,A21N,AIRBUS A-321neo,0
landing,LGA,13,1782575332.75,2026-06-27T15:48:52Z,40.772839,-73.859772,146.2,ac26cf,N882RW,E170,EMBRAER ERJ-170-100,0
takeoff,LGA,13,1782575359.99,2026-06-27T15:49:19Z,40.779923,-73.873568,123.8,a3dc5a,N348PQ,CRJ9,BOMBARDIER Regional Jet CRJ-900,0
landing,JFK,31R,1782575385.71,2026-06-27T15:49:45Z,40.651812,-73.777064,302.4,e80214,CC-BGA,B789,BOEING 787-9 Dreamliner,0
takeoff,JFK,31L,1782575391.52,2026-06-27T15:49:51Z,40.630968,-73.778343,300.9,06a2c6,A7-BEW,B77W,BOEING 777-300ER,0
landing,LGA,13,1782575457.97,2026-06-27T15:50:57Z,40.776203,-73.865723,120.9,adb29f,N982AN,B738,BOEING 737-800,0
takeoff,JFK,31L,1782575510.06,2026-06-27T15:51:50Z,40.630589,-73.777466,300.9,ad8ed4,N973AK,B39M,BOEING 737 MAX 9,0
landing,JFK,31R,1782575572.51,2026-06-27T15:52:52Z,40.651703,-73.776855,300.9,a3298a,N3023J,BCS3,AIRBUS A220-300,0
takeoff,JFK,31L,1782575595.63,2026-06-27T15:53:15Z,40.631061,-73.77853,300.9,a13386,N177DN,B763,BOEING 767-300,0
takeoff,JFK,31L,1782575726.96,2026-06-27T15:55:26Z,40.631035,-73.778473,300.9,a79821,N589JB,A320,AIRBUS A-320,0
landing,LGA,13,1782575731.83,2026-06-27T15:55:31Z,40.772836,-73.859758,146.2,a24720,N246JQ,E75L,EMBRAER ERJ-170-200 (long wing),0
takeoff,LGA,13,1782575761.14,2026-06-27T15:56:01Z,40.779991,-73.873703,120.9,a46a7e,N384DN,A321,AIRBUS A-321,0
takeoff,JFK,31L,1782575797.88,2026-06-27T15:56:37Z,40.631142,-73.778687,300.9,a0aa7c,N142DU,BCS1,AIRBUS A220-100,0
landing,JFK,31R,1782575918.74,2026-06-27T15:58:38Z,40.651279,-73.775925,300.9,a16883,N190DN,B763,BOEING 767-300,0
landing,JFK,31R,1782576049.17,2026-06-27T16:00:49Z,40.651707,-73.776876,300.9,a3577d,N314UP,B763,BOEING 767-300,0
takeoff,LGA,13,1782576124.83,2026-06-27T16:02:04Z,40.779691,-73.873053,120.9,a44308,N374DX,A321,AIRBUS A-321,0
landing,JFK,31R,1782576190.5,2026-06-27T16:03:10Z,40.651772,-73.777023,300.9,a6f9b3,N549DN,A21N,AIRBUS A-321neo,0
landing,LGA,13,1782576222.37,2026-06-27T16:03:42Z,40.776855,-73.867126,120.9,ac00b1,N8724J,B38M,BOEING 737 MAX 8,0
takeoff,LGA,13,1782576264.12,2026-06-27T16:04:24Z,40.779808,-73.873322,120.9,ac2859,N8825Q,B38M,BOEING 737 MAX 8,0
landing,JFK,31R,1782576269.59,2026-06-27T16:04:29Z,40.651462,-73.776314,300.9,ac0cf8,N876DN,B739,BOEING 737-900,0
landing,LGA,13,1782576342.79,2026-06-27T16:05:42Z,40.775723,-73.864807,126.6,abbb77,N855RW,E170,EMBRAER ERJ-170-100,0
takeoff,LGA,13,1782576367.94,2026-06-27T16:06:07Z,40.781445,-73.87674,120.9,a51f4a,N429YX,E75L,EMBRAER ERJ-170-200 (long wing),0
takeoff,JFK,22R,1782576382.61,2026-06-27T16:06:22Z,40.646004,-73.766842,210.9,a7de53,N606JB,A320,AIRBUS A-320,0
takeoff,LGA,13,1782576441.95,2026-06-27T16:07:21Z,40.781471,-73.876783,120.9,a8a0d9,N655RW,E170,EMBRAER ERJ-170-100,0
takeoff,LGA,13,1782576512.06,2026-06-27T16:08:32Z,40.781559,-73.876968,120.9,a4bdb9,N404YX,E75L,EMBRAER ERJ-170-200 (long wing),0
takeoff,JFK,22R,1782576578.62,2026-06-27T16:09:38Z,40.648624,-73.764816,210.9,a0345f,N112HQ,E75L,EMBRAER ERJ-170-200 (long wing),0
takeoff,LGA,13,1782576600.98,2026-06-27T16:10:00Z,40.779636,-73.872925,120.9,c05d56,C-GJIZ,CRJ9,BOMBARDIER Regional Jet CRJ-900,0
landing,JFK,22L,1782576637.28,2026-06-27T16:10:37Z,40.635134,-73.762769,210.9,a349be,N3104J,BCS3,AIRBUS A220-300,0
landing,LGA,13,1782576754.33,2026-06-27T16:12:34Z,40.772102,-73.861037,146.2,a1e946,N222JQ,E75L,EMBRAER ERJ-170-200 (long wing),0
landing,JFK,22L,1782576757.17,2026-06-27T16:12:37Z,40.634587,-73.763206,210.9,a1a0a1,N2038J,A21N,AIRBUS A-321neo,0
takeoff,LGA,13,1782576799.21,2026-06-27T16:13:19Z,40.781467,-73.876801,120.9,a1e1d8,N220JQ,E75L,EMBRAER ERJ-170-200 (long wing),0
landing,JFK,22L,1782576877.23,2026-06-27T16:14:37Z,40.633144,-73.764329,210.9,a353c8,N313UR,B38M,BOEING 737 MAX 8,0
takeoff,LGA,13,1782576882.35,2026-06-27T16:14:42Z,40.780197,-73.87413,120.9,a445d9,N3746H,B738,BOEING 737-800,0
takeoff,JFK,13L,1782576896.33,2026-06-27T16:14:56Z,40.64683,-73.773381,163.1,a349be,N3104J,BCS3,AIRBUS A220-300,0
takeoff,JFK,22R,1782576906.27,2026-06-27T16:15:06Z,40.645492,-73.767263,210.9,801659,VT-JRF,A359,AIRBUS A-350-900,0
takeoff,LGA,13,1782576951.07,2026-06-27T16:15:51Z,40.780186,-73.874084,120.9,acc3b4,N921US,A321,AIRBUS A-321,0
landing,JFK,22L,1782576996.92,2026-06-27T16:16:36Z,40.632236,-73.76503,210.9,394a04,F-GSQE,B77W,BOEING 777-300ER,0
takeoff,JFK,22R,1782577009.41,2026-06-27T16:16:49Z,40.645888,-73.766967,210.9,71c360,HL8360,A359,AIRBUS A-350-900,0
takeoff,LGA,13,1782577028.71,2026-06-27T16:17:08Z,40.779772,-73.873241,120.9,acc23f,N921DU,B739,BOEING 737-900,0
landing,JFK,22L,1782577105.92,2026-06-27T16:18:25Z,40.632236,-73.765047,210.9,a523c6,N430GT,B744,BOEING 747-400,0
takeoff,JFK,22R,1782577150.3,2026-06-27T16:19:10Z,40.645864,-73.766967,210.9,a417af,N363CM,B763,BOEING 767-300,0
landing,LGA,13,1782577151.97,2026-06-27T16:19:11Z,40.77285,-73.859741,149.1,a4e8ef,N415YX,E75L,EMBRAER ERJ-170-200 (long wing),0
takeoff,JFK,22R,1782577234.87,2026-06-27T16:20:34Z,40.646267,-73.766663,208.1,a6ce7d,N538DN,A21N,AIRBUS A-321neo,0
takeoff,LGA,13,1782577246.46,2026-06-27T16:20:46Z,40.77951,-73.872681,120.9,a7c849,N600LR,CRJ9,BOMBARDIER Regional Jet CRJ-900,0
landing,JFK,22L,1782577252.52,2026-06-27T16:20:52Z,40.635635,-73.762363,210.9,a35fc2,N3162J,BCS3,AIRBUS A220-300,0
takeoff,JFK,22R,1782577310.57,2026-06-27T16:21:50Z,40.645866,-73.766968,210.9,aa4d77,N763JB,A320,AIRBUS A-320,0
takeoff,JFK,22R,1782577376.71,2026-06-27T16:22:56Z,40.64583,-73.766998,210.9,add793,N991NN,B738,BOEING 737-800,0
takeoff,LGA,13,1782577401.71,2026-06-27T16:23:21Z,40.781983,-73.87786,123.8,abd41a,N861RW,E170,EMBRAER ERJ-170-100,0
landing,JFK,22L,1782577471.87,2026-06-27T16:24:31Z,40.634743,-73.763092,210.9,a35c0b,N3152J,BCS3,AIRBUS A220-300,0
takeoff,LGA,13,1782577482.21,2026-06-27T16:24:42Z,40.781536,-73.876923,120.9,a08acb,N134HQ,E75L,EMBRAER ERJ-170-200 (long wing),0
takeoff,JFK,22R,1782577542.65,2026-06-27T16:25:42Z,40.646656,-73.766342,210.9,71c046,HL8046,B77L,BOEING 777-200LR,0
landing,JFK,22L,1782577564.17,2026-06-27T16:26:04Z,40.634168,-73.763534,210.9,a33328,N305NY,A21N,AIRBUS A-321neo,0
landing,LGA,13,1782577566.57,2026-06-27T16:26:06Z,40.776222,-73.865797,120.9,a44943,N3754A,B738,BOEING 737-800,0
takeoff,LGA,13,1782577609.92,2026-06-27T16:26:49Z,40.781445,-73.87674,120.9,a05470,N120HQ,E75L,EMBRAER ERJ-170-200 (long wing),0
takeoff,JFK,22R,1782577675.99,2026-06-27T16:27:55Z,40.645111,-73.767563,210.9,ab214d,N816SY,B738,BOEING 737-800,0
takeoff,LGA,13,1782577686.94,2026-06-27T16:28:06Z,40.780209,-73.874161,123.8,a36994,N319PQ,CRJ9,BOMBARDIER Regional Jet CRJ-900,0
landing,JFK,22L,1782577738.28,2026-06-27T16:28:58Z,40.635099,-73.7628,210.9,ac801e,N904XJ,CRJ9,BOMBARDIER Regional Jet CRJ-900,0
takeoff,JFK,22R,1782577749.99,2026-06-27T16:29:09Z,40.644736,-73.767856,210.9,a39948,N3308J,BCS3,AIRBUS A220-300,0
takeoff,LGA,13,1782577758.09,2026-06-27T16:29:18Z,40.780156,-73.874052,120.9,a06e0b,N127DN,A321,AIRBUS A-321,0
landing,JFK,22L,1782577823.93,2026-06-27T16:30:23Z,40.634168,-73.763534,212.4,ab8fcb,N844MC,B789,BOEING 787-9 Dreamliner,0
landing,LGA,13,1782577859.76,2026-06-27T16:30:59Z,40.774954,-73.863144,118.1,a7de93,N606LR,CRJ9,BOMBARDIER Regional Jet CRJ-900,0
takeoff,LGA,13,1782577916.56,2026-06-27T16:31:56Z,40.779562,-73.872804,120.9,aceb76,N931XJ,CRJ9,BOMBARDIER Regional Jet CRJ-900,0
takeoff,JFK,22R,1782577922.92,2026-06-27T16:32:02Z,40.646109,-73.766779,210.9,a73dfe,N566JB,A320,AIRBUS A-320,0
landing,JFK,22L,1782577962.57,2026-06-27T16:32:42Z,40.635315,-73.762589,213.8,a7d2f1,N603FR,A21N,AIRBUS A-321neo,0
takeoff,JFK,22R,1782577995.4,2026-06-27T16:33:15Z,40.646481,-73.766499,210.9,710112,HZ-AK40,B77W,BOEING 777-300ER,0
landing,LGA,13,1782578034.58,2026-06-27T16:33:54Z,40.777336,-73.868164,120.9,a49d22,N397DN,A321,AIRBUS A-321,0
landing,JFK,22L,1782578135.23,2026-06-27T16:35:35Z,40.63468,-73.763128,210.9,4b1886,HB-JHM,A333,AIRBUS A-330-300,0
landing,LGA,13,1782578150.85,2026-06-27T16:35:50Z,40.776455,-73.866281,120.9,a34d98,N3115J,BCS3,AIRBUS A220-300,0
takeoff,JFK,22R,1782578159.49,2026-06-27T16:35:59Z,40.646404,-73.766556,210.9,adcca0,N989AN,B738,BOEING 737-800,0
takeoff,LGA,13,1782578196.44,2026-06-27T16:36:36Z,40.780003,-73.873718,120.9,a44214,N37354,B38M,,0
takeoff,JFK,22R,1782578231.16,2026-06-27T16:37:11Z,40.646947,-73.766124,210.9,a34825,N310PQ,CRJ9,BOMBARDIER Regional Jet CRJ-900,0
landing,JFK,22L,1782578238.04,2026-06-27T16:37:18Z,40.636077,-73.762035,210.9,a4e714,N415DX,A339,AIRBUS A-330-900,0
landing,LGA,13,1782578265.18,2026-06-27T16:37:45Z,40.772793,-73.859726,146.2,a1c935,N214JQ,E75L,EMBRAER ERJ-170-200 (long wing),0
takeoff,JFK,22R,1782578281.79,2026-06-27T16:38:01Z,40.649356,-73.764251,210.9,a51425,N426YX,E75L,EMBRAER ERJ-170-200 (long wing),0
takeoff,LGA,13,1782578296.79,2026-06-27T16:38:16Z,40.779877,-73.873474,120.9,a449f1,N3759,B738,BOEING 737-800,0
takeoff,LGA,13,1782578343.22,2026-06-27T16:39:03Z,40.781704,-73.877267,120.9,a89d22,N654RW,E170,EMBRAER ERJ-170-100,0
landing,JFK,22L,1782578362.12,2026-06-27T16:39:22Z,40.636391,-73.761795,210.9,a03f24,N115DU,BCS1,AIRBUS A220-100,0
takeoff,LGA,13,1782578417.66,2026-06-27T16:40:17Z,40.780156,-73.874083,120.9,ad4747,N955AN,B738,BOEING 737-800,0
landing,JFK,22L,1782578452.07,2026-06-27T16:40:52Z,40.635155,-73.762772,210.9,44ccd1,OO-SFQ,A333,AIRBUS A-330-300,0
landing,LGA,13,1782578519.33,2026-06-27T16:41:59Z,40.772839,-73.859741,146.2,a4b294,N401YX,E75L,EMBRAER ERJ-170-200 (long wing),0
takeoff,LGA,13,1782578543.33,2026-06-27T16:42:23Z,40.779737,-73.873178,120.9,a48a8f,N392DN,A321,AIRBUS A-321,0
landing,JFK,22L,1782578584.49,2026-06-27T16:43:04Z,40.633713,-73.76387,210.9,aa5f41,N768AA,B772,BOEING 777-200,0
takeoff,JFK,22R,1782578600.51,2026-06-27T16:43:20Z,40.645981,-73.766889,210.9,a71ded,N558JB,A320,AIRBUS A-320,0
landing,LGA,13,1782578625.03,2026-06-27T16:43:45Z,40.776203,-73.865829,120.9,adda1e,N992AN,B738,BOEING 737-800,0
takeoff,LGA,13,1782578669.67,2026-06-27T16:44:29Z,40.781548,-73.876968,120.9,ab0a73,N810MD,E170,EMBRAER ERJ-170-100,0
landing,JFK,22L,1782578721.21,2026-06-27T16:45:21Z,40.635464,-73.762512,210.9,a3549d,N3132J,BCS3,AIRBUS A220-300,0
landing,JFK,22L,1782578804.63,2026-06-27T16:46:44Z,40.636368,-73.76181,210.9,a6152a,N491PX,CRJ9,BOMBARDIER Regional Jet CRJ-900,0
landing,LGA,13,1782578862.53,2026-06-27T16:47:42Z,40.777313,-73.868103,120.9,a8913b,N651JB,A320,AIRBUS A-320,0
landing,JFK,22L,1782578899.3,2026-06-27T16:48:19Z,40.635879,-73.762191,210.9,4005bd,G-VIIE,B772,BOEING 777-200,0
landing,LGA,13,1782579069.35,2026-06-27T16:51:09Z,40.775494,-73.864319,115.3,a2000d,N228PQ,CRJ9,BOMBARDIER Regional Jet CRJ-900,0
takeoff,JFK,22R,1782579071.41,2026-06-27T16:51:11Z,40.645562,-73.767201,210.9,a65bbc,N509DT,A21N,AIRBUS A-321neo,0
takeoff,LGA,13,1782579111.85,2026-06-27T16:51:51Z,40.781536,-73.876923,120.9,a23fb2,N244JQ,E75L,EMBRAER ERJ-170-200 (long wing),0
takeoff,JFK,22R,1782579120.38,2026-06-27T16:52:00Z,40.646656,-73.766342,210.9,acab54,N915XJ,CRJ9,BOMBARDIER Regional Jet CRJ-900,0
takeoff,JFK,22R,1782579178.7,2026-06-27T16:52:58Z,40.646772,-73.766264,210.9,ace063,N929JB,A321,AIRBUS A-321,0
takeoff,JFK,22R,1782579328.06,2026-06-27T16:55:28Z,40.645818,-73.767014,210.9,a32116,N300UB,B38M,BOEING 737 MAX 8,0
landing,LGA,13,1782579358.7,2026-06-27T16:55:58Z,40.77564,-73.864689,126.6,a046f2,N117HQ,E75L,EMBRAER ERJ-170-200 (long wing),0
takeoff,JFK,22R,1782579403.41,2026-06-27T16:56:43Z,40.645422,-73.76731,210.9,aa589c,N766JB,A320,AIRBUS A-320,0
landing,JFK,22L,1782579413.0,2026-06-27T16:56:53Z,40.634564,-73.763221,210.9,a1775f,N194DN,B763,BOEING 767-300,0
landing,LGA,13,1782579469.19,2026-06-27T16:57:49Z,40.776146,-73.865646,123.8,a449af,N3757D,B738,BOEING 737-800,0
landing,JFK,22L,1782579506.03,2026-06-27T16:58:26Z,40.634068,-73.763596,210.9,a782e4,N583UW,A321,AIRBUS A-321,0
takeoff,JFK,22R,1782579527.13,2026-06-27T16:58:47Z,40.645901,-73.766953,210.9,acb679,N918XJ,CRJ9,BOMBARDIER Regional Jet CRJ-900,0
landing,JFK,22L,1782579602.86,2026-06-27T17:00:02Z,40.634468,-73.76329,210.9,4ca74e,EI-EAV,A333,AIRBUS A-330-300,0
landing,LGA,13,1782579619.02,2026-06-27T17:00:19Z,40.77277,-73.859711,146.2,abc2e5,N857RW,E170,EMBRAER ERJ-170-100,0
takeoff,LGA,13,1782579638.38,2026-06-27T17:00:38Z,40.779958,-73.873631,120.9,ac1675,N8780Q,B38M,,0
landing,JFK,22L,1782579741.56,2026-06-27T17:02:21Z,40.635611,-73.76241,210.9,aca79d,N914XJ,CRJ9,BOMBARDIER Regional Jet CRJ-900,0
landing,LGA,13,1782579759.99,2026-06-27T17:02:39Z,40.777233,-73.867935,115.3,a07f60,N131EV,CRJ9,BOMBARDIER Regional Jet CRJ-900,0
takeoff,JFK,22R,1782579766.66,2026-06-27T17:02:46Z,40.645695,-73.767105,210.9,abc91f,N859DN,B739,BOEING 737-900,0
landing,JFK,22L,1782579834.56,2026-06-27T17:03:54Z,40.633862,-73.763809,216.6,a03f84,N115HQ,E75L,EMBRAER ERJ-170-200 (long wing),0
takeoff,JFK,22R,1782579914.98,2026-06-27T17:05:14Z,40.646633,-73.766374,210.9,a3c68c,N342UP,B763,BOEING 767-300,0
landing,JFK,22L,1782579935.21,2026-06-27T17:05:35Z,40.636253,-73.761887,210.9,a8bc71,N662JB,A320,AIRBUS A-320,0
landing,LGA,31,1782579974.02,2026-06-27T17:06:14Z,40.774616,-73.86639,303.8,a03bcd,N114HQ,E75L,EMBRAER ERJ-170-200 (long wing),0
landing,LGA,13,1782579992.69,2026-06-27T17:06:32Z,40.774977,-73.86355,149.1,a22358,N237JQ,E75L,EMBRAER ERJ-170-200 (long wing),0
takeoff,JFK,22R,1782580008.01,2026-06-27T17:06:48Z,40.645236,-73.767466,212.4,507c59,UK-78706,B788,BOEING 787-8 Dreamliner,0
landing,JFK,22R,1782580008.51,2026-06-27T17:06:48Z,40.645073,-73.767591,209.6,507c59,UK-78706,B788,BOEING 787-8 Dreamliner,0
takeoff,JFK,22R,1782580008.51,2026-06-27T17:06:48Z,40.645073,-73.767591,209.6,507c59,UK-78706,B788,BOEING 787-8 Dreamliner,0
takeoff,LGA,13,1782580016.21,2026-06-27T17:06:56Z,40.78139,-73.876612,120.9,ac26cf,N882RW,E170,EMBRAER ERJ-170-100,0
landing,JFK,22L,1782580028.63,2026-06-27T17:07:08Z,40.635984,-73.762113,210.9,acb2c2,N917XJ,CRJ9,BOMBARDIER Regional Jet CRJ-900,0
takeoff,LGA,13,1782580088.23,2026-06-27T17:08:08Z,40.779667,-73.873022,126.6,a35ab8,N315PQ,CRJ9,BOMBARDIER Regional Jet CRJ-900,0
landing,JFK,22R,1782580111.69,2026-06-27T17:08:31Z,40.62878,-73.780319,210.9,aa8ab2,N779CK,B77W,BOEING 777-300ER,0
landing,JFK,22L,1782580279.5,2026-06-27T17:11:19Z,40.63678,-73.761505,210.9,ab6800,N834JB,A320,AIRBUS A-320,0
takeoff,JFK,22R,1782580288.32,2026-06-27T17:11:28Z,40.646667,-73.766342,210.9,ad5329,N958JB,A321,AIRBUS A-321,0
landing,LGA,13,1782580316.77,2026-06-27T17:11:56Z,40.776118,-73.865594,120.9,a008c5,N101DQ,A321,AIRBUS A-321,0
landing,JFK,22L,1782580365.62,2026-06-27T17:12:45Z,40.635495,-73.762488,210.9,aa099e,N746JB,A320,AIRBUS A-320,0
takeoff,JFK,22R,1782580391.02,2026-06-27T17:13:11Z,40.645934,-73.76692,210.9,a883bd,N648JB,A320,AIRBUS A-320,0
landing,LGA,13,1782580396.11,2026-06-27T17:13:16Z,40.776467,-73.866327,120.9,aa7427,N77296,B738,BOEING 737-800,0
takeoff,LGA,13,1782580425.39,2026-06-27T17:13:45Z,40.781448,-73.876736,120.9,abe2f6,N865RW,E170,EMBRAER ERJ-170-100,0
landing,JFK,22L,1782580435.21,2026-06-27T17:13:55Z,40.635006,-73.762894,210.9,ab4c1d,N827NW,A333,AIRBUS A-330-300,0
takeoff,JFK,22R,1782580480.78,2026-06-27T17:14:40Z,40.645888,-73.766936,210.9,4bb14a,TC-LJJ,B77W,BOEING 777-300ER,0
landing,LGA,13,1782580489.8,2026-06-27T17:14:49Z,40.777943,-73.8694,123.8,a36fa4,N320PQ,CRJ9,BOMBARDIER Regional Jet CRJ-900,0
landing,JFK,22L,1782580556.85,2026-06-27T17:15:56Z,40.63269,-73.764673,210.9,aca99c,N915DU,B739,BOEING 737-900,0
landing,LGA,13,1782580559.67,2026-06-27T17:15:59Z,40.776821,-73.867065,120.9,a3411f,N309DU,BCS3,AIRBUS A220-300,0
takeoff,JFK,22R,1782580595.46,2026-06-27T17:16:35Z,40.64922,-73.764343,210.9,a4ddca,N412YX,E75L,EMBRAER ERJ-170-200 (long wing),0
landing,JFK,22L,1782580647.24,2026-06-27T17:17:27Z,40.633714,-73.763892,210.9,ab35d3,N821NW,A333,AIRBUS A-330-300,0
landing,LGA,13,1782580651.57,2026-06-27T17:17:31Z,40.776157,-73.865662,120.9,a33339,N305PQ,CRJ9,BOMBARDIER Regional Jet CRJ-900,0
takeoff,JFK,22R,1782580677.03,2026-06-27T17:17:57Z,40.646027,-73.766842,210.9,ad3581,N950JT,A321,AIRBUS A-321,0
takeoff,LGA,13,1782580687.02,2026-06-27T17:18:07Z,40.780277,-73.874252,120.9,ac00b1,N8724J,B38M,BOEING 737 MAX 8,0
takeoff,LGA,04,1782580718.43,2026-06-27T17:18:38Z,40.780016,-73.880279,64.7,abbb77,N855RW,E170,EMBRAER ERJ-170-100,0
landing,LGA,04,1782580734.79,2026-06-27T17:18:54Z,40.780025,-73.880249,67.5,abbb77,N855RW,E170,EMBRAER ERJ-170-100,0
takeoff,JFK,22R,1782580735.19,2026-06-27T17:18:55Z,40.646622,-73.766388,210.9,a4189f,N363NB,A319,AIRBUS A-319,0
landing,LGA,13,1782580747.71,2026-06-27T17:19:07Z,40.776653,-73.866671,120.9,a87f51,N647AW,A320,AIRBUS A-320,0
landing,JFK,22L,1782580784.15,2026-06-27T17:19:44Z,40.63599,-73.762115,210.9,acba30,N919XJ,CRJ9,BOMBARDIER Regional Jet CRJ-900,0
takeoff,JFK,22R,1782580785.79,2026-06-27T17:19:45Z,40.649128,-73.76442,210.9,a1ecfd,N223JQ,E75L,EMBRAER ERJ-170-200 (long wing),0
landing,LGA,13,1782580859.64,2026-06-27T17:20:59Z,40.774796,-73.862823,115.3,a7e24a,N607LR,CRJ9,BOMBARDIER Regional Jet CRJ-900,0
landing,JFK,22L,1782580869.05,2026-06-27T17:21:09Z,40.632725,-73.764657,210.9,a1d45a,N217JQ,E75L,EMBRAER ERJ-170-200 (long wing),0
landing,JFK,22R,1782580904.39,2026-06-27T17:21:44Z,40.633458,-73.776658,210.9,a67452,N515DE,A21N,AIRBUS A-321neo,0
landing,LGA,13,1782580916.16,2026-06-27T17:21:56Z,40.777439,-73.868362,120.9,c006ec,C-FCQD,A320,AIRBUS A-320,0
landing,JFK,22L,1782580937.49,2026-06-27T17:22:17Z,40.636871,-73.761429,210.9,aaf5b1,N805NW,A333,AIRBUS A-330-300,0
takeoff,LGA,13,1782580961.69,2026-06-27T17:22:41Z,40.779888,-73.87349,120.9,ac7218,N9004H,B38M,BOEING 737 MAX 8,0
takeoff,JFK,22R,1782580974.21,2026-06-27T17:22:54Z,40.646365,-73.766577,210.9,a8e279,N6715C,B752,BOEING 757-200,0
takeoff,LGA,04,1782581000.31,2026-06-27T17:23:20Z,40.780645,-73.878344,348.8,abbb77,N855RW,E170,EMBRAER ERJ-170-100,0
landing,LGA,04,1782581006.2,2026-06-27T17:23:26Z,40.780645,-73.878344,348.8,abbb77,N855RW,E170,EMBRAER ERJ-170-100,0
landing,LGA,13,1782581006.25,2026-06-27T17:23:26Z,40.776821,-73.867096,120.9,a06a54,N126DN,A321,AIRBUS A-321,0
landing,JFK,22L,1782581023.66,2026-06-27T17:23:43Z,40.634892,-73.76297,210.9,4cad48,EI-IFE,A359,AIRBUS A-350-900,0
takeoff,LGA,13,1782581054.83,2026-06-27T17:24:14Z,40.780144,-73.874021,120.9,adb29f,N982AN,B738,BOEING 737-800,0
landing,JFK,22R,1782581068.62,2026-06-27T17:24:28Z,40.63333,-73.776767,210.9,a33843,N3062J,BCS3,AIRBUS A220-300,0
landing,LGA,13,1782581159.64,2026-06-27T17:25:59Z,40.777444,-73.868325,123.8,c08268,C-GXJZ,DH8D,DE HAVILLAND DHC-8-400 Dash 8,0
takeoff,LGA,13,1782581181.83,2026-06-27T17:26:21Z,40.781844,-73.877548,120.9,abbb77,N855RW,E170,EMBRAER ERJ-170-100,0
landing,JFK,22L,1782581214.81,2026-06-27T17:26:54Z,40.63464,-73.763168,210.9,4075b3,G-VLUX,A35K,AIRBUS A-350-1000,0
landing,LGA,13,1782581240.46,2026-06-27T17:27:20Z,40.777966,-73.8694,120.9,a7f6f6,N612JB,A320,AIRBUS A-320,0
landing,JFK,22R,1782581250.43,2026-06-27T17:27:30Z,40.629816,-73.779545,210.9,ab84ab,N841MH,B764,BOEING 767-400,0
takeoff,LGA,13,1782581288.34,2026-06-27T17:28:08Z,40.779947,-73.8736,120.9,a742c2,N567UW,A321,AIRBUS A-321,0
landing,LGA,13,1782581337.03,2026-06-27T17:28:57Z,40.776513,-73.86639,123.8,a3472f,N310DU,BCS3,AIRBUS A220-300,0
landing,JFK,22L,1782581337.58,2026-06-27T17:28:57Z,40.631721,-73.765457,210.9,acd1f6,N925NN,B738,BOEING 737-800,0
takeoff,JFK,22R,1782581367.8,2026-06-27T17:29:27Z,40.646267,-73.766647,210.9,a6a300,N527AS,B738,BOEING 737-800,0
landing,JFK,22L,1782581410.49,2026-06-27T17:30:10Z,40.636182,-73.761957,210.9,a6e720,N544DN,A21N,AIRBUS A-321neo,0
landing,LGA,13,1782581435.79,2026-06-27T17:30:35Z,40.775723,-73.864807,123.8,a866c7,N640RW,E170,EMBRAER ERJ-170-100,0
takeoff,LGA,13,1782581464.93,2026-06-27T17:31:04Z,40.779597,-73.872866,123.8,a1584a,N186PQ,CRJ9,BOMBARDIER Regional Jet CRJ-900,0
landing,JFK,22L,1782581484.0,2026-06-27T17:31:24Z,40.635979,-73.762115,213.8,a61173,N490PX,CRJ9,BOMBARDIER Regional Jet CRJ-900,0
landing,JFK,22R,1782581540.41,2026-06-27T17:32:20Z,40.633072,-73.776978,210.9,a1d99b,N2180J,A21N,AIRBUS A-321neo,0
landing,LGA,13,1782581563.55,2026-06-27T17:32:43Z,40.772684,-73.860959,165.9,a21833,N234JQ,E75L,EMBRAER ERJ-170-200 (long wing),0
landing,JFK,22L,1782581568.03,2026-06-27T17:32:48Z,40.634686,-73.763138,210.9,aaae4b,N788AN,B772,BOEING 777-200,0
landing,LGA,13,1782581617.7,2026-06-27T17:33:37Z,40.774864,-73.86293,120.9,ab15ba,N813NN,B738,BOEING 737-800,0
takeoff,LGA,13,1782581655.94,2026-06-27T17:34:15Z,40.779283,-73.872195,120.9,a3761c,N322DU,BCS3,AIRBUS A220-300,0
landing,JFK,22L,1782581674.88,2026-06-27T17:34:34Z,40.63448,-73.76329,210.9,3c6517,D-AIHW,A346,AIRBUS A-340-600,0
landing,LGA,13,1782581686.39,2026-06-27T17:34:46Z,40.77705,-73.867523,120.9,abd26b,N8609A,B738,BOEING 737-800,0
takeoff,LGA,13,1782581733.06,2026-06-27T17:35:33Z,40.781685,-73.877228,123.8,a4d65c,N410YX,E75L,EMBRAER ERJ-170-200 (long wing),0
landing,JFK,22L,1782581805.43,2026-06-27T17:36:45Z,40.636253,-73.761902,210.9,a35854,N3142J,BCS3,AIRBUS A220-300,0
landing,JFK,22R,1782581843.89,2026-06-27T17:37:23Z,40.630514,-73.778983,210.9,a36b50,N3195J,BCS3,,0
landing,LGA,13,1782581851.82,2026-06-27T17:37:31Z,40.775688,-73.864731,126.6,a04e60,N119HQ,E75L,EMBRAER ERJ-170-200 (long wing),0
landing,JFK,22L,1782581903.65,2026-06-27T17:38:23Z,40.630654,-73.766452,222.2,a0835d,N132HQ,E75L,EMBRAER ERJ-170-200 (long wing),0
landing,JFK,22L,1782581948.08,2026-06-27T17:39:08Z,40.633784,-73.76383,210.9,ac1e2d,N880DN,B739,BOEING 737-900,0
takeoff,JFK,22R,1782581949.84,2026-06-27T17:39:09Z,40.646107,-73.766785,210.9,a14104,N180DN,B763,BOEING 767-300,0
landing,LGA,13,1782581956.34,2026-06-27T17:39:16Z,40.77905,-73.871711,118.1,a60e95,N49JP,BE9L,,0
takeoff,LGA,13,1782582001.09,2026-06-27T17:40:01Z,40.781662,-73.877151,120.9,a4b294,N401YX,E75L,EMBRAER ERJ-170-200 (long wing),0
landing,JFK,22L,1782582044.5,2026-06-27T17:40:44Z,40.635437,-73.76255,210.9,ad8836,N971JT,A321,AIRBUS A-321,0
landing,LGA,13,1782582097.03,2026-06-27T17:41:37Z,40.77464,-73.86252,120.9,a46e35,N385DN,B738,BOEING 737-800,0
landing,JFK,22L,1782582141.88,2026-06-27T17:42:21Z,40.635344,-73.762613,210.9,aca02f,N912XJ,CRJ9,BOMBARDIER Regional Jet CRJ-900,0
takeoff,LGA,13,1782582146.85,2026-06-27T17:42:26Z,40.779306,-73.872273,120.9,a34d98,N3115J,BCS3,AIRBUS A220-300,0
landing,LGA,13,1782582235.69,2026-06-27T17:43:55Z,40.776944,-73.867326,120.9,a35701,N314PQ,CRJ9,BOMBARDIER Regional Jet CRJ-900,0
landing,JFK,22R,1782582249.76,2026-06-27T17:44:09Z,40.6302,-73.779233,209.6,ab3fc4,N824AN,B789,BOEING 787-9 Dreamliner,0
landing,JFK,22L,1782582262.71,2026-06-27T17:44:22Z,40.634587,-73.763206,210.9,ad3cdf,N952JB,A321,AIRBUS A-321,0
takeoff,LGA,13,1782582286.42,2026-06-27T17:44:46Z,40.779516,-73.872679,120.9,a23a02,N24211,B738,BOEING 737-800,0
landing,JFK,22R,1782582353.94,2026-06-27T17:45:53Z,40.630966,-73.778625,210.9,aa305f,N756AM,B772,BOEING 777-200,0
landing,LGA,13,1782582366.08,2026-06-27T17:46:06Z,40.772603,-73.85957,151.9,a1a56d,N205JQ,E75L,EMBRAER ERJ-170-200 (long wing),0
landing,JFK,22L,1782582419.78,2026-06-27T17:46:59Z,40.633796,-73.76383,213.8,0c218b,HP-9930CMP,B39M,BOEING 737 MAX 9,0
landing,JFK,22R,1782582467.71,2026-06-27T17:47:47Z,40.631468,-73.778218,210.9,a0f4f6,N16065,B763,BOEING 767-300,0
landing,LGA,13,1782582476.04,2026-06-27T17:47:56Z,40.776157,-73.865646,118.1,a17c12,N195PQ,CRJ9,BOMBARDIER Regional Jet CRJ-900,0
landing,JFK,22L,1782582511.44,2026-06-27T17:48:31Z,40.636193,-73.761957,210.9,a5fc87,N485PX,CRJ9,BOMBARDIER Regional Jet CRJ-900,0
takeoff,JFK,22R,1782582529.41,2026-06-27T17:48:49Z,40.646016,-73.766857,210.9,010288,SU-GGH,A359,AIRBUS A-350-900,0
landing,JFK,22L,1782582597.38,2026-06-27T17:49:57Z,40.633598,-73.76408,222.2,a026e1,N109HQ,E75L,EMBRAER ERJ-170-200 (long wing),0
landing,JFK,22R,1782582631.49,2026-06-27T17:50:31Z,40.633369,-73.776733,210.9,a36799,N3185J,BCS3,AIRBUS A220-300,0
landing,LGA,13,1782582631.75,2026-06-27T17:50:31Z,40.772719,-73.859648,146.2,abdb88,N863RW,E170,EMBRAER ERJ-170-100,0
landing,JFK,22L,1782582674.22,2026-06-27T17:51:14Z,40.633482,-73.76408,212.4,ad6ec5,N965AM,B788,BOEING 787-8 Dreamliner,0
landing,JFK,22R,1782582730.4,2026-06-27T17:52:10Z,40.630795,-73.778748,210.9,ad2f71,N949JT,A321,AIRBUS A-321,0
landing,JFK,22L,1782582765.56,2026-06-27T17:52:45Z,40.63461,-73.76319,210.9,780a17,B-KPV,B77W,BOEING 777-300ER,0
landing,LGA,13,1782582770.46,2026-06-27T17:52:50Z,40.772461,-73.860291,123.8,a2270f,N238JQ,E75L,EMBRAER ERJ-170-200 (long wing),0
landing,LGA,13,1782582800.49,2026-06-27T17:53:20Z,40.776157,-73.865646,120.9,a1427f,N180US,A321,AIRBUS A-321,0
takeoff,JFK,22R,1782582806.19,2026-06-27T17:53:26Z,40.644072,-73.768371,210.9,71be19,HL7619,A388,AIRBUS A-380-800,0
landing,JFK,22L,1782582959.49,2026-06-27T17:55:59Z,40.635086,-73.762817,210.9,a5e9f4,N480PX,CRJ9,BOMBARDIER Regional Jet CRJ-900,0
landing,LGA,13,1782582978.74,2026-06-27T17:56:18Z,40.773537,-73.860413,137.8,a5307f,N433YX,E75L,EMBRAER ERJ-170-200 (long wing),0
takeoff,LGA,13,1782583004.38,2026-06-27T17:56:44Z,40.781506,-73.876892,120.9,a24720,N246JQ,E75L,EMBRAER ERJ-170-200 (long wing),0
landing,JFK,22R,1782583033.99,2026-06-27T17:57:13Z,40.627865,-73.781052,210.9,a00929,N101HQ,E75L,EMBRAER ERJ-170-200 (long wing),0
landing,LGA,13,1782583125.04,2026-06-27T17:58:45Z,40.776199,-73.86575,123.8,a3183d,N299PQ,CRJ9,BOMBARDIER Regional Jet CRJ-900,0
landing,JFK,22R,1782583142.99,2026-06-27T17:59:02Z,40.628574,-73.780472,210.9,acf4e8,N934DZ,B739,,0
takeoff,LGA,13,1782583166.36,2026-06-27T17:59:26Z,40.781494,-73.876814,120.9,a1e946,N222JQ,E75L,EMBRAER ERJ-170-200 (long wing),0
takeoff,JFK,22R,1782583236.41,2026-06-27T18:00:36Z,40.645992,-73.766861,210.9,899121,B-16781,B77L,BOEING 777-200LR,0
landing,JFK,22L,1782583288.64,2026-06-27T18:01:28Z,40.631934,-73.765281,213.8,a19a48,N202JQ,E75L,EMBRAER ERJ-170-200 (long wing),0
takeoff,JFK,22R,1782583331.75,2026-06-27T18:02:11Z,40.645924,-73.766922,210.9,ac0cf8,N876DN,B739,BOEING 737-900,0
landing,JFK,22L,1782583347.45,2026-06-27T18:02:27Z,40.632706,-73.764694,210.9,ada5ee,N979JT,A321,AIRBUS A-321,0
landing,JFK,22L,1782583417.5,2026-06-27T18:03:37Z,40.634766,-73.763077,210.9,a12fda,N176DZ,B763,BOEING 767-300,0
landing,LGA,13,1782583433.87,2026-06-27T18:03:53Z,40.772243,-73.859329,154.7,a1d0a3,N216JQ,E75L,EMBRAER ERJ-170-200 (long wing),0
landing,JFK,22R,1782583456.63,2026-06-27T18:04:16Z,40.631218,-73.778427,210.9,a11d47,N171DZ,B763,BOEING 767-300,0
takeoff,JFK,22R,1782583521.47,2026-06-27T18:05:21Z,40.6451,-73.767548,210.9,a3298a,N3023J,BCS3,AIRBUS A220-300,0
landing,JFK,22L,1782583531.3,2026-06-27T18:05:31Z,40.635984,-73.762098,210.9,ad6b16,N964AV,A20N,AIRBUS A-320neo,0
landing,JFK,22R,1782583608.77,2026-06-27T18:06:48Z,40.627907,-73.781027,210.9,a1c1c7,N212JQ,E75L,EMBRAER ERJ-170-200 (long wing),0
takeoff,LGA,13,1782583623.0,2026-06-27T18:07:03Z,40.779499,-73.872681,118.1,a7de93,N606LR,CRJ9,BOMBARDIER Regional Jet CRJ-900,0
landing,JFK,22L,1782583635.43,2026-06-27T18:07:15Z,40.630417,-73.766724,225.0,a537ed,N435YX,E75L,EMBRAER ERJ-170-200 (long wing),0
takeoff,JFK,22L,1782583636.0,2026-06-27T18:07:16Z,40.630328,-73.766857,227.8,a537ed,N435YX,E75L,EMBRAER ERJ-170-200 (long wing),0
landing,JFK,22L,1782583636.84,2026-06-27T18:07:16Z,40.630188,-73.76706,230.6,a537ed,N435YX,E75L,EMBRAER ERJ-170-200 (long wing),0
takeoff,JFK,22R,1782583661.13,2026-06-27T18:07:41Z,40.644905,-73.767715,210.9,a3401a,N3085J,BCS3,AIRBUS A220-300,0
takeoff,LGA,13,1782583687.01,2026-06-27T18:08:07Z,40.781471,-73.876783,120.9,a4e8ef,N415YX,E75L,EMBRAER ERJ-170-200 (long wing),0
landing,JFK,22L,1782583702.54,2026-06-27T18:08:22Z,40.631701,-73.765469,210.9,abd69d,N862DN,B739,BOEING 737-900,0
takeoff,JFK,22R,1782583727.93,2026-06-27T18:08:47Z,40.644875,-73.767731,209.6,020122,CN-RGT,B788,BOEING 787-8 Dreamliner,0
landing,JFK,22L,1782583793.11,2026-06-27T18:09:53Z,40.635143,-73.762787,210.9,a3ad6d,N336PQ,CRJ9,BOMBARDIER Regional Jet CRJ-900,0
landing,LGA,13,1782583863.63,2026-06-27T18:11:03Z,40.776094,-73.865516,120.9,a0267b,N109DN,A321,AIRBUS A-321,0
landing,JFK,22L,1782583871.95,2026-06-27T18:11:11Z,40.634937,-73.762924,213.8,ab6519,N833SK,CRJ9,BOMBARDIER Regional Jet CRJ-900,0
takeoff,LGA,13,1782583906.86,2026-06-27T18:11:46Z,40.781479,-73.876831,123.8,a03bcd,N114HQ,E75L,EMBRAER ERJ-170-200 (long wing),0
landing,JFK,22L,1782583955.41,2026-06-27T18:12:35Z,40.63425,-73.763471,210.9,a32367,N301DU,BCS3,AIRBUS A220-300,0
takeoff,LGA,13,1782583989.06,2026-06-27T18:13:09Z,40.780109,-73.873927,120.9,a49d22,N397DN,A321,AIRBUS A-321,0
takeoff,JFK,22R,1782584008.32,2026-06-27T18:13:28Z,40.64477,-73.767825,212.4,04c11b,5Y-KZE,B788,BOEING 787-8 Dreamliner,0
landing,JFK,22L,1782584057.71,2026-06-27T18:14:17Z,40.634494,-73.763284,208.1,a7cc00,N601LR,CRJ9,BOMBARDIER Regional Jet CRJ-900,0
takeoff,LGA,13,1782584128.9,2026-06-27T18:15:28Z,40.779725,-73.873131,120.9,a8913b,N651JB,A320,AIRBUS A-320,0
takeoff,JFK,22R,1782584137.07,2026-06-27T18:15:37Z,40.646667,-73.766357,213.8,a6ddb9,N541XJ,CL30,BOMBARDIER BD-100 Challenger 300,0
landing,JFK,22L,1782584151.38,2026-06-27T18:15:51Z,40.63276,-73.764626,210.9,ab8c19,N843MH,B764,BOEING 767-400,0
takeoff,JFK,22R,1782584201.62,2026-06-27T18:16:41Z,40.646702,-73.766327,210.9,a1a0a1,N2038J,A21N,AIRBUS A-321neo,0
landing,LGA,13,1782584220.41,2026-06-27T18:17:00Z,40.775528,-73.86441,126.6,a517dc,N427YX,E75L,EMBRAER ERJ-170-200 (long wing),0
landing,JFK,22L,1782584262.3,2026-06-27T18:17:42Z,40.634622,-73.76319,210.9,aa600a,N768JB,A320,AIRBUS A-320,0
landing,LGA,13,1782584298.29,2026-06-27T18:18:18Z,40.777348,-73.868149,120.9,a0b866,N14553,A21N,AIRBUS A-321neo,0
landing,JFK,22R,1782584327.59,2026-06-27T18:18:47Z,40.630417,-73.779068,210.9,4b1885,HB-JHL,A333,AIRBUS A-330-300,0
takeoff,LGA,13,1782584335.16,2026-06-27T18:18:55Z,40.781448,-73.876736,120.9,a1c935,N214JQ,E75L,EMBRAER ERJ-170-200 (long wing),0
landing,JFK,22L,1782584366.07,2026-06-27T18:19:26Z,40.636631,-73.761612,208.1,a148b9,N182GJ,CRJ9,BOMBARDIER Regional Jet CRJ-900,0
takeoff,JFK,22R,1782584388.93,2026-06-27T18:19:48Z,40.644677,-73.767934,210.9,738c06,4X-ICA,B744,BOEING 747-400,0
takeoff,LGA,13,1782584412.52,2026-06-27T18:20:12Z,40.780179,-73.874083,120.9,a2000d,N228PQ,CRJ9,BOMBARDIER Regional Jet CRJ-900,0
landing,JFK,22R,1782584451.99,2026-06-27T18:20:51Z,40.631779,-73.778,210.9,a4c96c,N4073J,A21N,AIRBUS A-321neo,0
landing,JFK,22L,1782584474.43,2026-06-27T18:21:14Z,40.634903,-73.762955,210.9,a398bc,N3304J,BCS3,AIRBUS A220-300,0
takeoff,JFK,22R,1782584550.82,2026-06-27T18:22:30Z,40.644864,-73.767747,210.9,8418b4,JA06WJ,A35K,AIRBUS A-350-1000,0
landing,LGA,31,1782584557.06,2026-06-27T18:22:37Z,40.773365,-73.86377,300.9,abdf3f,N864RW,E170,EMBRAER ERJ-170-100,0
landing,JFK,22L,1782584579.79,2026-06-27T18:22:59Z,40.634777,-73.763062,210.9,a1d368,N2169J,A21N,AIRBUS A-321neo,0
landing,LGA,13,1782584597.37,2026-06-27T18:23:17Z,40.776851,-73.867123,120.9,c080db,C-GWUS,BCS3,AIRBUS A220-300,0
landing,JFK,22R,1782584651.63,2026-06-27T18:24:11Z,40.631352,-73.778328,210.9,abac50,N851NW,A332,AIRBUS A-330-200,0
landing,JFK,22L,1782584686.47,2026-06-27T18:24:46Z,40.635157,-73.762738,210.9,a3c233,N341NB,A319,AIRBUS A-319,0
landing,LGA,13,1782584690.69,2026-06-27T18:24:50Z,40.773136,-73.860046,140.6,a03038,N111DC,A321,AIRBUS A-321,0
takeoff,LGA,13,1782584716.77,2026-06-27T18:25:16Z,40.781448,-73.876721,120.9,abc2e5,N857RW,E170,EMBRAER ERJ-170-100,0
landing,JFK,22R,1782584775.65,2026-06-27T18:26:15Z,40.630348,-73.779099,210.9,40621c,G-STBB,B77W,BOEING 777-300ER,0
takeoff,LGA,13,1782584784.93,2026-06-27T18:26:24Z,40.781479,-73.876816,120.9,a046f2,N117HQ,E75L,EMBRAER ERJ-170-200 (long wing),0
landing,JFK,22L,1782584785.43,2026-06-27T18:26:25Z,40.633186,-73.764328,210.9,0d1130,XA-VMD,A20N,AIRBUS A-320neo,0
landing,JFK,22L,1782584876.9,2026-06-27T18:27:56Z,40.633551,-73.764142,219.4,a52cc8,N432YX,E75L,EMBRAER ERJ-170-200 (long wing),0
takeoff,JFK,22R,1782584879.9,2026-06-27T18:27:59Z,40.64526,-73.767441,210.9,a6152a,N491PX,CRJ9,BOMBARDIER Regional Jet CRJ-900,0
landing,JFK,22L,1782584942.51,2026-06-27T18:29:02Z,40.634491,-73.763275,210.9,a19910,N2017J,A21N,AIRBUS A-321neo,0
takeoff,JFK,22R,1782584945.71,2026-06-27T18:29:05Z,40.644882,-73.767731,210.9,a3549d,N3132J,BCS3,AIRBUS A220-300,0
takeoff,JFK,22R,1782585009.26,2026-06-27T18:30:09Z,40.645248,-73.767451,210.9,a03f24,N115DU,BCS1,AIRBUS A220-100,0
landing,JFK,22L,1782585031.82,2026-06-27T18:30:31Z,40.631126,-73.765961,213.8,a1ff90,N228JQ,E75L,EMBRAER ERJ-170-200 (long wing),0
takeoff,JFK,22R,1782585058.59,2026-06-27T18:30:58Z,40.648914,-73.764595,210.9,a03f84,N115HQ,E75L,EMBRAER ERJ-170-200 (long wing),0
landing,JFK,22L,1782585083.66,2026-06-27T18:31:23Z,40.63603,-73.762082,210.9,ab4fd4,N828NW,A333,AIRBUS A-330-300,0
takeoff,LGA,13,1782585098.97,2026-06-27T18:31:38Z,40.78141,-73.876663,123.8,a22358,N237JQ,E75L,EMBRAER ERJ-170-200 (long wing),0
landing,JFK,22R,1782585147.37,2026-06-27T18:32:27Z,40.632465,-73.777451,213.8,a39ada,N331PQ,CRJ9,BOMBARDIER Regional Jet CRJ-900,0
landing,JFK,22L,1782585173.55,2026-06-27T18:32:53Z,40.635315,-73.762619,210.9,abc29a,N857NW,A332,AIRBUS A-330-200,0
takeoff,JFK,22R,1782585239.42,2026-06-27T18:33:59Z,40.645841,-73.766982,210.9,ab7ae4,N839MH,B764,BOEING 767-400,0
landing,LGA,13,1782585255.12,2026-06-27T18:34:15Z,40.774954,-73.86369,140.6,a08a85,N134EV,CRJ9,BOMBARDIER Regional Jet CRJ-900,0
landing,JFK,22L,1782585307.93,2026-06-27T18:35:07Z,40.632981,-73.764454,210.9,ac97e4,N910NN,B738,BOEING 737-800,0
landing,JFK,22R,1782585368.44,2026-06-27T18:36:08Z,40.630281,-73.779155,210.9,ad1927,N943JT,A321,AIRBUS A-321,0
landing,LGA,13,1782585373.31,2026-06-27T18:36:13Z,40.77269,-73.85965,149.1,a51b93,N428YX,E75L,EMBRAER ERJ-170-200 (long wing),0
takeoff,LGA,13,1782585401.75,2026-06-27T18:36:41Z,40.780005,-73.87374,109.7,c08268,C-GXJZ,DH8D,DE HAVILLAND DHC-8-400 Dash 8,0
landing,JFK,22L,1782585408.34,2026-06-27T18:36:48Z,40.630909,-73.766098,210.9,710110,HZ-AK38,B77W,BOEING 777-300ER,0
landing,LGA,13,1782585484.64,2026-06-27T18:38:04Z,40.772472,-73.859482,149.1,ac5066,N8929S,B38M,,0
takeoff,JFK,22R,1782585485.97,2026-06-27T18:38:05Z,40.645329,-73.76738,210.9,0c605e,9Y-CAL,B38M,BOEING 737 MAX 8,0
takeoff,LGA,13,1782585497.03,2026-06-27T18:38:17Z,40.781685,-73.877243,123.8,a866c7,N640RW,E170,EMBRAER ERJ-170-100,0
landing,JFK,22L,1782585530.88,2026-06-27T18:38:50Z,40.634995,-73.762894,210.9,3c6718,D-AIXX,A359,AIRBUS A-350-900,0
landing,LGA,13,1782585576.99,2026-06-27T18:39:36Z,40.775803,-73.86499,123.8,ada699,N979RP,E170,EMBRAER ERJ-170-100,0
landing,JFK,22R,1782585592.74,2026-06-27T18:39:52Z,40.632637,-73.777298,210.9,3c7a50,D-ANRP,A339,AIRBUS A-330-900,0
landing,JFK,22L,1782585658.25,2026-06-27T18:40:58Z,40.633232,-73.764267,210.9,a44e18,N377DA,B738,BOEING 737-800,0
landing,LGA,13,1782585667.04,2026-06-27T18:41:07Z,40.777279,-73.868042,120.9,a98445,N712JB,A320,AIRBUS A-320,0
takeoff,JFK,22R,1782585699.84,2026-06-27T18:41:39Z,40.645061,-73.767591,210.9,4bb46e,TC-MCN,A333,AIRBUS A-330-300,0
takeoff,LGA,13,1782585733.76,2026-06-27T18:42:13Z,40.779888,-73.873522,120.9,adda1e,N992AN,B738,BOEING 737-800,0
takeoff,JFK,22R,1782585818.73,2026-06-27T18:43:38Z,40.645702,-73.767092,210.9,a353c8,N313UR,B38M,BOEING 737 MAX 8,0
landing,LGA,13,1782585825.46,2026-06-27T18:43:45Z,40.777887,-73.869308,120.9,ad50c9,N957XV,A21N,,0
landing,JFK,22L,1782585826.35,2026-06-27T18:43:46Z,40.633793,-73.763824,210.9,a32bba,N303NY,A21N,AIRBUS A-321neo,0
takeoff,LGA,13,1782585878.97,2026-06-27T18:44:38Z,40.779493,-73.872648,120.9,a07f60,N131EV,CRJ9,BOMBARDIER Regional Jet CRJ-900,0
takeoff,JFK,22R,1782585888.39,2026-06-27T18:44:48Z,40.644445,-73.768075,210.9,a35fc2,N3162J,BCS3,AIRBUS A220-300,0
landing,JFK,22L,1782585914.67,2026-06-27T18:45:14Z,40.63631,-73.761848,210.9,acaf0b,N916XJ,CRJ9,BOMBARDIER Regional Jet CRJ-900,0
landing,JFK,22L,1782586003.05,2026-06-27T18:46:43Z,40.633668,-73.763908,210.9,348249,EC-OLE,A21N,AIRBUS A-321neo,0
takeoff,LGA,13,1782586021.6,2026-06-27T18:47:01Z,40.779831,-73.873367,120.9,a44943,N3754A,B738,BOEING 737-800,0
takeoff,JFK,22R,1782586061.33,2026-06-27T18:47:41Z,40.644676,-73.767899,210.9,a37fb0,N3241J,BCS3,AIRBUS A220-300,0
landing,JFK,22L,1782586105.41,2026-06-27T18:48:25Z,40.634634,-73.763159,210.9,ab5d52,N831NW,A333,AIRBUS A-330-300,0
takeoff,JFK,22R,1782586113.15,2026-06-27T18:48:33Z,40.645923,-73.76692,210.9,a8bc71,N662JB,A320,AIRBUS A-320,0
landing,LGA,31,1782586125.43,2026-06-27T18:48:45Z,40.775268,-73.867638,312.2,a01f73,N107HQ,E75L,EMBRAER ERJ-170-200 (long wing),0
takeoff,JFK,22R,1782586173.57,2026-06-27T18:49:33Z,40.64583,-73.766998,210.9,ab6800,N834JB,A320,AIRBUS A-320,0
landing,LGA,31,1782586199.89,2026-06-27T18:49:59Z,40.774546,-73.866249,300.9,a05bde,N122HQ,E75L,EMBRAER ERJ-170-200 (long wing),0
landing,JFK,22L,1782586212.28,2026-06-27T18:50:12Z,40.631713,-73.765453,210.9,06a2b6,A7-BER,B77W,BOEING 777-300ER,0
landing,LGA,13,1782586241.97,2026-06-27T18:50:41Z,40.772871,-73.859789,146.2,a05470,N120HQ,E75L,EMBRAER ERJ-170-200 (long wing),0
landing,LGA,13,1782586328.88,2026-06-27T18:52:08Z,40.772736,-73.859695,149.1,abbdfa,N856DN,B739,BOEING 737-900,0
landing,JFK,22L,1782586355.43,2026-06-27T18:52:35Z,40.635246,-73.76268,210.9,a6c70f,N536DN,A21N,AIRBUS A-321neo,0
takeoff,JFK,22R,1782586401.13,2026-06-27T18:53:21Z,40.649036,-73.764465,213.8,a1d45a,N217JQ,E75L,EMBRAER ERJ-170-200 (long wing),0
landing,JFK,22L,1782586439.36,2026-06-27T18:53:59Z,40.630688,-73.766374,225.0,a1a924,N206JQ,E75L,EMBRAER ERJ-170-200 (long wing),0
takeoff,JFK,22R,1782586487.49,2026-06-27T18:54:47Z,40.646027,-73.766846,210.9,a7d2f1,N603FR,A21N,AIRBUS A-321neo,0
takeoff,LGA,13,1782586497.94,2026-06-27T18:54:57Z,40.781548,-73.876953,120.9,a04e60,N119HQ,E75L,EMBRAER ERJ-170-200 (long wing),0
landing,JFK,22L,1782586530.07,2026-06-27T18:55:30Z,40.6329,-73.764526,210.9,a3711a,N3203J,BCS3,AIRBUS A220-300,0
takeoff,LGA,13,1782586580.73,2026-06-27T18:56:20Z,40.7799,-73.873522,120.9,aa7427,N77296,B738,BOEING 737-800,0
landing,JFK,22L,1782586618.46,2026-06-27T18:56:58Z,40.634102,-73.76358,210.9,a3d90a,N347TT,B38M,BOEING 737 MAX 8,0
takeoff,LGA,13,1782586650.03,2026-06-27T18:57:30Z,40.780025,-73.873779,120.9,abd26b,N8609A,B738,BOEING 737-800,0
landing,JFK,22L,1782586701.58,2026-06-27T18:58:21Z,40.632317,-73.764969,210.9,ab5975,N830MH,B764,BOEING 767-400,0
takeoff,JFK,22R,1782586712.13,2026-06-27T18:58:32Z,40.646027,-73.766842,213.8,a61173,N490PX,CRJ9,BOMBARDIER Regional Jet CRJ-900,0
takeoff,JFK,22R,1782586779.96,2026-06-27T18:59:39Z,40.645168,-73.767517,210.9,a4e714,N415DX,A339,AIRBUS A-330-900,0
landing,JFK,22L,1782586788.37,2026-06-27T18:59:48Z,40.634191,-73.763502,210.9,aafd1f,N807NW,A333,AIRBUS A-330-300,0
landing,LGA,13,1782586795.55,2026-06-27T18:59:55Z,40.776237,-73.865845,120.9,ab1d06,N815MD,E170,EMBRAER ERJ-170-100,0
takeoff,LGA,13,1782586824.51,2026-06-27T19:00:24Z,40.781669,-73.877189,123.8,a21833,N234JQ,E75L,EMBRAER ERJ-170-200 (long wing),0
landing,JFK,22R,1782586877.06,2026-06-27T19:01:17Z,40.63591,-73.77475,213.8,a2733d,N257TW,PC12,,0
landing,LGA,13,1782586918.24,2026-06-27T19:01:58Z,40.775792,-73.864907,120.9,ac8b43,N907XJ,CRJ9,BOMBARDIER Regional Jet CRJ-900,0
landing,JFK,22L,1782586946.56,2026-06-27T19:02:26Z,40.635109,-73.762787,210.9,4a91b3,SE-DMS,A21N,AIRBUS A-321neo,0
takeoff,JFK,22R,1782586949.83,2026-06-27T19:02:29Z,40.645259,-73.767435,210.9,8695a4,JA797A,B77W,BOEING 777-300ER,0
takeoff,LGA,13,1782586975.45,2026-06-27T19:02:55Z,40.779702,-73.873085,120.9,a46e35,N385DN,B738,BOEING 737-800,0
landing,LGA,13,1782587035.63,2026-06-27T19:03:55Z,40.777235,-73.867935,120.9,a85c01,N638FR,A21N,AIRBUS A-321neo,0
landing,JFK,22L,1782587045.22,2026-06-27T19:04:05Z,40.635902,-73.762176,210.9,a6cacb,N537DT,A21N,AIRBUS A-321neo,0
takeoff,JFK,22R,1782587089.89,2026-06-27T19:04:49Z,40.644898,-73.767731,210.9,aca79d,N914XJ,CRJ9,BOMBARDIER Regional Jet CRJ-900,0
takeoff,LGA,13,1782587091.2,2026-06-27T19:04:51Z,40.780266,-73.874283,120.9,a0540a,N120DN,A321,AIRBUS A-321,0
landing,JFK,22L,1782587148.56,2026-06-27T19:05:48Z,40.636208,-73.761932,210.9,a79821,N589JB,A320,AIRBUS A-320,0
takeoff,JFK,22R,1782587156.0,2026-06-27T19:05:56Z,40.646062,-73.766826,210.9,a6f9b3,N549DN,A21N,AIRBUS A-321neo,0
landing,JFK,22R,1782587157.88,2026-06-27T19:05:57Z,40.645155,-73.767529,210.9,a6f9b3,N549DN,A21N,AIRBUS A-321neo,0
takeoff,JFK,22R,1782587157.88,2026-06-27T19:05:57Z,40.645155,-73.767529,210.9,a6f9b3,N549DN,A21N,AIRBUS A-321neo,0
landing,LGA,13,1782587168.34,2026-06-27T19:06:08Z,40.7772,-73.867857,120.9,a3efa2,N35271,B738,BOEING 737-800,0
landing,JFK,22L,1782587223.36,2026-06-27T19:07:03Z,40.634274,-73.763443,210.9,ab8751,N842AK,B38M,BOEING 737 MAX 8,0
takeoff,JFK,22R,1782587269.76,2026-06-27T19:07:49Z,40.646027,-73.766857,210.9,a5fc87,N485PX,CRJ9,BOMBARDIER Regional Jet CRJ-900,0
landing,LGA,13,1782587295.56,2026-06-27T19:08:15Z,40.776215,-73.865799,120.9,a4eca6,N416YX,E75L,EMBRAER ERJ-170-200 (long wing),0
takeoff,JFK,22R,1782587317.27,2026-06-27T19:08:37Z,40.648669,-73.764782,213.8,a026e1,N109HQ,E75L,EMBRAER ERJ-170-200 (long wing),0
takeoff,LGA,13,1782587330.74,2026-06-27T19:08:50Z,40.781433,-73.876724,123.8,abdb88,N863RW,E170,EMBRAER ERJ-170-100,0
landing,JFK,22L,1782587349.25,2026-06-27T19:09:09Z,40.634343,-73.763393,210.9,a37517,N3215J,BCS3,AIRBUS A220-300,0
takeoff,JFK,22R,1782587374.29,2026-06-27T19:09:34Z,40.648739,-73.764735,210.9,a00929,N101HQ,E75L,EMBRAER ERJ-170-200 (long wing),0
landing,LGA,13,1782587491.07,2026-06-27T19:11:31Z,40.777599,-73.868698,118.1,a3245d,N301PQ,CRJ9,BOMBARDIER Regional Jet CRJ-900,0
landing,JFK,22L,1782587492.74,2026-06-27T19:11:32Z,40.635262,-73.762675,210.9,ad27f3,N947JB,A321,AIRBUS A-321,0
takeoff,LGA,13,1782587542.46,2026-06-27T19:12:22Z,40.779488,-73.87265,118.1,a33339,N305PQ,CRJ9,BOMBARDIER Regional Jet CRJ-900,0
landing,JFK,22L,1782587635.56,2026-06-27T19:13:55Z,40.6334,-73.764111,210.9,a4cd23,N4083J,A21N,AIRBUS A-321neo,0
landing,LGA,13,1782587643.97,2026-06-27T19:14:03Z,40.772277,-73.859352,154.7,ad1c67,N944DZ,B739,,0
takeoff,LGA,13,1782587664.45,2026-06-27T19:14:24Z,40.779568,-73.872803,123.8,a35701,N314PQ,CRJ9,BOMBARDIER Regional Jet CRJ-900,0
takeoff,JFK,22R,1782587680.97,2026-06-27T19:14:40Z,40.645157,-73.767502,210.9,acd1f6,N925NN,B738,BOEING 737-800,0
landing,LGA,13,1782587747.55,2026-06-27T19:15:47Z,40.777375,-73.8682,123.8,a7a1e8,N591JB,A320,AIRBUS A-320,0
takeoff,LGA,13,1782587780.94,2026-06-27T19:16:20Z,40.781445,-73.876755,120.9,a5307f,N433YX,E75L,EMBRAER ERJ-170-200 (long wing),0
takeoff,JFK,22R,1782587822.17,2026-06-27T19:17:02Z,40.645341,-73.767372,210.9,aca02f,N912XJ,CRJ9,BOMBARDIER Regional Jet CRJ-900,0
landing,LGA,13,1782587858.8,2026-06-27T19:17:38Z,40.775675,-73.864658,120.9,ad44bc,N954NN,B738,BOEING 737-800,0
takeoff,JFK,22R,1782587901.69,2026-06-27T19:18:21Z,40.645329,-73.767388,210.9,a16883,N190DN,B763,BOEING 767-300,0
landing,LGA,13,1782587942.72,2026-06-27T19:19:02Z,40.776199,-73.865734,120.9,aca3e6,N913XJ,CRJ9,BOMBARDIER Regional Jet CRJ-900,0
landing,JFK,22L,1782587960.79,2026-06-27T19:19:20Z,40.635624,-73.76239,209.6,4ca8fc,EI-NEW,B789,BOEING 787-9 Dreamliner,0
takeoff,JFK,22R,1782587965.35,2026-06-27T19:19:25Z,40.649059,-73.764465,210.9,a19a48,N202JQ,E75L,EMBRAER ERJ-170-200 (long wing),0
takeoff,LGA,13,1782587995.46,2026-06-27T19:19:55Z,40.7799,-73.873506,120.9,ab15ba,N813NN,B738,BOEING 737-800,0
landing,LGA,13,1782588079.45,2026-06-27T19:21:19Z,40.778984,-73.871613,123.8,a539fb,N436FX,E545,EMBRAER EMB545 Praetor 500,0
landing,JFK,22L,1782588092.68,2026-06-27T19:21:32Z,40.635227,-73.762738,210.9,ad8fa4,N973JT,A321,AIRBUS A-321,0
takeoff,JFK,22R,1782588148.87,2026-06-27T19:22:28Z,40.64555,-73.767216,210.9,aca99c,N915DU,B739,BOEING 737-900,0
landing,LGA,13,1782588182.51,2026-06-27T19:23:02Z,40.772209,-73.859314,151.9,a033f9,N112DN,A321,AIRBUS A-321,0
landing,JFK,22L,1782588196.82,2026-06-27T19:23:16Z,40.635495,-73.762472,210.9,a16273,N189DN,B763,BOEING 767-300,0
takeoff,LGA,13,1782588205.52,2026-06-27T19:23:25Z,40.779877,-73.873459,120.9,a449af,N3757D,B738,BOEING 737-800,0
takeoff,JFK,22R,1782588246.66,2026-06-27T19:24:06Z,40.646496,-73.766479,210.9,a5e9f4,N480PX,CRJ9,BOMBARDIER Regional Jet CRJ-900,0
landing,LGA,13,1782588282.36,2026-06-27T19:24:42Z,40.775803,-73.864907,120.9,a8996b,N653RW,E170,EMBRAER ERJ-170-100,0
landing,JFK,22L,1782588303.47,2026-06-27T19:25:03Z,40.633564,-73.763992,210.9,a35b39,N315UU,B38M,BOEING 737 MAX 8,0
takeoff,LGA,13,1782588320.58,2026-06-27T19:25:20Z,40.781467,-73.876785,120.9,a1a56d,N205JQ,E75L,EMBRAER ERJ-170-200 (long wing),0
takeoff,JFK,22R,1782588321.37,2026-06-27T19:25:21Z,40.644584,-73.767965,210.9,a33843,N3062J,BCS3,AIRBUS A220-300,0
landing,JFK,22L,1782588394.53,2026-06-27T19:26:34Z,40.633598,-73.76397,209.6,4075c3,G-CKWS,B789,BOEING 787-9 Dreamliner,0
landing,LGA,13,1782588418.22,2026-06-27T19:26:58Z,40.772114,-73.859243,154.7,a6f98e,N549CA,CRJ9,BOMBARDIER Regional Jet CRJ-900,0
takeoff,JFK,22R,1782588431.99,2026-06-27T19:27:11Z,40.64576,-73.767045,210.9,a6e720,N544DN,A21N,AIRBUS A-321neo,0
takeoff,LGA,13,1782588435.88,2026-06-27T19:27:15Z,40.779991,-73.873672,120.9,a008c5,N101DQ,A321,AIRBUS A-321,0
takeoff,LGA,04,1782588466.12,2026-06-27T19:27:46Z,40.779027,-73.879483,30.9,a517dc,N427YX,E75L,EMBRAER ERJ-170-200 (long wing),0
landing,LGA,04,1782588471.47,2026-06-27T19:27:51Z,40.77903,-73.879486,30.9,a517dc,N427YX,E75L,EMBRAER ERJ-170-200 (long wing),0
takeoff,JFK,22R,1782588492.61,2026-06-27T19:28:12Z,40.645981,-73.766876,208.1,a7cc00,N601LR,CRJ9,BOMBARDIER Regional Jet CRJ-900,0
landing,LGA,13,1782588501.64,2026-06-27T19:28:21Z,40.776164,-73.865656,120.9,a310cf,N297PQ,CRJ9,BOMBARDIER Regional Jet CRJ-900,0
landing,JFK,22L,1782588540.64,2026-06-27T19:29:00Z,40.635448,-73.762535,210.9,a801a9,N615DN,A21N,AIRBUS A-321neo,0
takeoff,JFK,22R,1782588551.51,2026-06-27T19:29:11Z,40.645981,-73.766876,210.9,ac1e2d,N880DN,B739,BOEING 737-900,0
landing,LGA,13,1782588614.18,2026-06-27T19:30:14Z,40.777073,-73.867599,120.9,a4870d,N391FR,A20N,AIRBUS A-320neo,0
landing,JFK,22L,1782588637.77,2026-06-27T19:30:37Z,40.634785,-73.76305,210.9,a0f4b5,N1605,B763,BOEING 767-300,0
landing,LGA,13,1782588724.05,2026-06-27T19:32:04Z,40.775594,-73.864548,126.6,a08a1a,N134AN,A321,AIRBUS A-321,0
takeoff,JFK,22R,1782588734.79,2026-06-27T19:32:14Z,40.644817,-73.767778,210.9,a36b50,N3195J,BCS3,,0
landing,JFK,22L,1782588741.94,2026-06-27T19:32:21Z,40.634308,-73.763428,210.9,a387f0,N3267J,BCS3,,0
takeoff,LGA,13,1782588760.38,2026-06-27T19:32:40Z,40.779947,-73.873584,120.9,a1427f,N180US,A321,AIRBUS A-321,0
landing,JFK,22L,1782588848.54,2026-06-27T19:34:08Z,40.635281,-73.762665,210.9,abec9b,N868AM,B38M,BOEING 737 MAX 8,0
landing,LGA,13,1782588881.48,2026-06-27T19:34:41Z,40.772861,-73.859741,149.1,abd063,N860RW,E170,EMBRAER ERJ-170-100,0
takeoff,LGA,13,1782588904.66,2026-06-27T19:35:04Z,40.779469,-73.872617,120.9,a7e24a,N607LR,CRJ9,BOMBARDIER Regional Jet CRJ-900,0
landing,JFK,22L,1782588935.81,2026-06-27T19:35:35Z,40.63212,-73.765125,210.9,ad4804,N955JB,A321,AIRBUS A-321,0
takeoff,JFK,22R,1782588953.25,2026-06-27T19:35:53Z,40.648911,-73.764587,210.9,a0835d,N132HQ,E75L,EMBRAER ERJ-170-200 (long wing),0
landing,LGA,13,1782588976.83,2026-06-27T19:36:16Z,40.775528,-73.864487,129.4,a89d22,N654RW,E170,EMBRAER ERJ-170-100,0
landing,JFK,22L,1782589014.22,2026-06-27T19:36:54Z,40.633435,-73.764111,210.9,a37af8,N323RM,B38M,BOEING 737 MAX 8,0
landing,LGA,13,1782589026.25,2026-06-27T19:37:06Z,40.776944,-73.867342,120.9,a471ec,N386DN,A321,AIRBUS A-321,0
takeoff,LGA,13,1782589063.53,2026-06-27T19:37:43Z,40.781422,-73.876694,120.9,a517dc,N427YX,E75L,EMBRAER ERJ-170-200 (long wing),0
landing,JFK,22R,1782589069.23,2026-06-27T19:37:49Z,40.631887,-73.777891,210.9,a1286c,N174DZ,B763,BOEING 767-300,0
landing,JFK,22L,1782589106.19,2026-06-27T19:38:26Z,40.635578,-73.762421,210.9,a788d3,N585DN,A21N,,0
landing,LGA,13,1782589130.48,2026-06-27T19:38:50Z,40.776211,-73.865781,123.8,a36eae,N320DU,BCS3,AIRBUS A220-300,0
takeoff,JFK,22R,1782589150.51,2026-06-27T19:39:10Z,40.645901,-73.766937,210.9,a67452,N515DE,A21N,AIRBUS A-321neo,0
landing,JFK,22L,1782589190.49,2026-06-27T19:39:50Z,40.63212,-73.765141,210.9,a4fddb,N420YX,E75L,EMBRAER ERJ-170-200 (long wing),0
landing,LGA,13,1782589210.61,2026-06-27T19:40:10Z,40.774965,-73.863175,120.9,c05d56,C-GJIZ,CRJ9,BOMBARDIER Regional Jet CRJ-900,0
takeoff,JFK,22R,1782589210.91,2026-06-27T19:40:10Z,40.645469,-73.767279,210.9,aa099e,N746JB,A320,AIRBUS A-320,0
landing,JFK,22L,1782589238.6,2026-06-27T19:40:38Z,40.635017,-73.762863,210.9,a76fe9,N579AS,B738,BOEING 737-800,0
takeoff,LGA,13,1782589242.42,2026-06-27T19:40:42Z,40.781422,-73.876709,123.8,a8a490,N656RW,E170,EMBRAER ERJ-170-100,0
landing,LGA,13,1782589305.49,2026-06-27T19:41:45Z,40.775459,-73.864212,115.3,a130cb,N176PQ,CRJ9,BOMBARDIER Regional Jet CRJ-900,0
landing,JFK,22R,1782589321.01,2026-06-27T19:42:01Z,40.632992,-73.777008,213.8,a34825,N310PQ,CRJ9,BOMBARDIER Regional Jet CRJ-900,0
landing,JFK,22L,1782589333.9,2026-06-27T19:42:13Z,40.636963,-73.761353,213.8,a3dc5a,N348PQ,CRJ9,BOMBARDIER Regional Jet CRJ-900,0
takeoff,JFK,22R,1782589389.17,2026-06-27T19:43:09Z,40.644747,-73.767856,210.9,ab35d3,N821NW,A333,AIRBUS A-330-300,0
landing,LGA,13,1782589392.36,2026-06-27T19:43:12Z,40.776222,-73.865797,123.8,a0b88c,N14566,A21N,AIRBUS A-321neo,0
landing,JFK,22L,1782589426.09,2026-06-27T19:43:46Z,40.636459,-73.761749,210.9,4006c0,G-VIIN,B772,BOEING 777-200,0
takeoff,JFK,22L,1782589426.09,2026-06-27T19:43:46Z,40.636459,-73.761749,210.9,4006c0,G-VIIN,B772,BOEING 777-200,0
landing,JFK,22L,1782589426.58,2026-06-27T19:43:46Z,40.636251,-73.761911,210.9,4006c0,G-VIIN,B772,BOEING 777-200,0
landing,LGA,13,1782589468.54,2026-06-27T19:44:28Z,40.776192,-73.865738,118.1,a7c849,N600LR,CRJ9,BOMBARDIER Regional Jet CRJ-900,0
landing,JFK,22R,1782589476.9,2026-06-27T19:44:36Z,40.633354,-73.776751,210.9,a7167f,N556JB,A320,AIRBUS A-320,0
landing,JFK,13L,1782589479.19,2026-06-27T19:44:39Z,40.646553,-73.773422,165.9,a349be,N3104J,BCS3,AIRBUS A220-300,0
landing,JFK,22L,1782589536.91,2026-06-27T19:45:36Z,40.635262,-73.76266,210.9,896596,A6-XWA,A35K,AIRBUS A-350-1000,0
landing,LGA,13,1782589559.7,2026-06-27T19:45:59Z,40.77729,-73.868042,120.9,a34215,N309PQ,CRJ9,BOMBARDIER Regional Jet CRJ-900,0
landing,JFK,22R,1782589593.56,2026-06-27T19:46:33Z,40.63401,-73.776245,210.9,a1bc29,N2102J,A21N,AIRBUS A-321neo,0
takeoff,JFK,22R,1782589655.36,2026-06-27T19:47:35Z,40.645061,-73.767591,210.9,acf4e8,N934DZ,B739,,0
landing,JFK,22L,1782589673.18,2026-06-27T19:47:53Z,40.634925,-73.762956,210.9,406591,G-STBE,B77W,BOEING 777-300ER,0
landing,LGA,13,1782589681.76,2026-06-27T19:48:01Z,40.772859,-73.859773,146.2,a1acdb,N207JQ,E75L,EMBRAER ERJ-170-200 (long wing),0
takeoff,LGA,13,1782589699.29,2026-06-27T19:48:19Z,40.780028,-73.873771,120.9,a87f51,N647AW,A320,AIRBUS A-320,0
landing,LGA,13,1782589752.66,2026-06-27T19:49:12Z,40.778114,-73.869766,120.9,c05efa,C-GJZD,DH8D,DE HAVILLAND DHC-8-400 Dash 8,0
landing,JFK,22R,1782589760.13,2026-06-27T19:49:20Z,40.630269,-73.779155,210.9,a5e29a,N479AS,B739,BOEING 737-900,0
landing,JFK,22L,1782589796.53,2026-06-27T19:49:56Z,40.636298,-73.761864,210.9,a7ac8f,N594DA,A21N,AIRBUS A-321neo,0
takeoff,LGA,13,1782589806.27,2026-06-27T19:50:06Z,40.779842,-73.873366,120.9,a7f6f6,N612JB,A320,AIRBUS A-320,0
takeoff,JFK,22R,1782589848.06,2026-06-27T19:50:48Z,40.646481,-73.766483,210.9,a3ad6d,N336PQ,CRJ9,BOMBARDIER Regional Jet CRJ-900,0
landing,LGA,13,1782589848.12,2026-06-27T19:50:48Z,40.776066,-73.865494,120.9,a44ca0,N3761R,B738,BOEING 737-800,0
landing,JFK,22L,1782589881.54,2026-06-27T19:51:21Z,40.634564,-73.763221,210.9,3965a7,F-GZNH,B77W,BOEING 777-300ER,0
takeoff,JFK,22R,1782589882.91,2026-06-27T19:51:22Z,40.649197,-73.764359,210.9,a537ed,N435YX,E75L,EMBRAER ERJ-170-200 (long wing),0
takeoff,LGA,13,1782589902.88,2026-06-27T19:51:42Z,40.779522,-73.872681,120.9,a3183d,N299PQ,CRJ9,BOMBARDIER Regional Jet CRJ-900,0
landing,JFK,22R,1782589969.44,2026-06-27T19:52:49Z,40.634599,-73.775768,210.9,ac7256,N9006,A319,AIRBUS A-319,0
landing,JFK,22L,1782590000.76,2026-06-27T19:53:20Z,40.635178,-73.762726,210.9,a13391,N177DZ,B763,BOEING 767-300,0
takeoff,LGA,13,1782590042.97,2026-06-27T19:54:02Z,40.780094,-73.873871,123.8,a06a54,N126DN,A321,AIRBUS A-321,0
landing,LGA,13,1782590062.55,2026-06-27T19:54:22Z,40.772452,-73.860257,120.9,ab0a73,N810MD,E170,EMBRAER ERJ-170-100,0
landing,JFK,22R,1782590065.91,2026-06-27T19:54:25Z,40.633335,-73.776764,210.9,a34e01,N3118J,BCS3,AIRBUS A220-300,0
landing,JFK,22L,1782590106.84,2026-06-27T19:55:06Z,40.633484,-73.764069,210.9,aa253b,N753AN,B772,BOEING 777-200,0
landing,LGA,13,1782590115.37,2026-06-27T19:55:15Z,40.774837,-73.862941,118.1,a3a9b6,N335PQ,CRJ9,BOMBARDIER Regional Jet CRJ-900,0
takeoff,JFK,22R,1782590137.21,2026-06-27T19:55:37Z,40.64647,-73.766499,210.9,aa600a,N768JB,A320,AIRBUS A-320,0
takeoff,LGA,13,1782590167.74,2026-06-27T19:56:07Z,40.779751,-73.873184,120.9,a3411f,N309DU,BCS3,AIRBUS A220-300,0
takeoff,JFK,22R,1782590181.34,2026-06-27T19:56:21Z,40.64626,-73.76667,210.9,acba30,N919XJ,CRJ9,BOMBARDIER Regional Jet CRJ-900,0
landing,JFK,22L,1782590185.27,2026-06-27T19:56:25Z,40.634571,-73.763229,210.9,a9876e,N713CK,B744,BOEING 747-400,0
landing,JFK,22R,1782590232.84,2026-06-27T19:57:12Z,40.632236,-73.777634,210.9,ad8bed,N972JT,A321,AIRBUS A-321,0
landing,LGA,13,1782590295.45,2026-06-27T19:58:15Z,40.772417,-73.860179,123.8,acc7ae,N922XJ,CRJ9,BOMBARDIER Regional Jet CRJ-900,0
landing,JFK,22L,1782590310.35,2026-06-27T19:58:30Z,40.634525,-73.763245,210.9,a0f44c,N1602,B763,BOEING 767-300,0
takeoff,JFK,22R,1782590355.67,2026-06-27T19:59:15Z,40.648762,-73.764709,210.9,a52cc8,N432YX,E75L,EMBRAER ERJ-170-200 (long wing),0
takeoff,LGA,13,1782590387.56,2026-06-27T19:59:47Z,40.77919,-73.871992,120.9,c080db,C-GWUS,BCS3,AIRBUS A220-300,0
landing,LGA,13,1782590400.57,2026-06-27T20:00:00Z,40.77269,-73.860764,120.9,a08acb,N134HQ,E75L,EMBRAER ERJ-170-200 (long wing),0
landing,JFK,22L,1782590404.33,2026-06-27T20:00:04Z,40.63377,-73.763824,210.9,ac7658,N9018E,A319,AIRBUS A-319,0
takeoff,JFK,22L,1782590404.33,2026-06-27T20:00:04Z,40.63377,-73.763824,210.9,ac7658,N9018E,A319,AIRBUS A-319,0
landing,JFK,22L,1782590404.99,2026-06-27T20:00:04Z,40.633564,-73.763992,210.9,ac7658,N9018E,A319,AIRBUS A-319,0
takeoff,JFK,22R,1782590429.37,2026-06-27T20:00:29Z,40.645923,-73.76692,210.9,ada5ee,N979JT,A321,AIRBUS A-321,0
landing,JFK,22L,1782590499.66,2026-06-27T20:01:39Z,40.631363,-73.765765,213.8,a4da13,N411YX,E75L,EMBRAER ERJ-170-200 (long wing),0
landing,LGA,13,1782590551.12,2026-06-27T20:02:31Z,40.772644,-73.860672,120.9,a04aa9,N118HQ,E75L,EMBRAER ERJ-170-200 (long wing),0
takeoff,JFK,22R,1782590562.93,2026-06-27T20:02:42Z,40.645166,-73.767497,210.9,acb2c2,N917XJ,CRJ9,BOMBARDIER Regional Jet CRJ-900,0
landing,JFK,22L,1782590563.91,2026-06-27T20:02:43Z,40.63385,-73.763779,212.4,7c806f,VH-ZNL,B789,BOEING 787-9 Dreamliner,0
landing,JFK,22L,1782590564.4,2026-06-27T20:02:44Z,40.633668,-73.763924,212.4,7c806f,VH-ZNL,B789,BOEING 787-9 Dreamliner,0
landing,LGA,13,1782590587.47,2026-06-27T20:03:07Z,40.772859,-73.859804,146.2,a21bea,N235JQ,E75L,EMBRAER ERJ-170-200 (long wing),0
landing,LGA,13,1782590668.84,2026-06-27T20:04:28Z,40.772449,-73.859451,151.9,ac5b66,N8958Q,B38M,,0
landing,JFK,22R,1782590673.58,2026-06-27T20:04:33Z,40.633132,-73.776907,210.9,4cabd2,EI-LRF,A21N,AIRBUS A-321neo,0
takeoff,LGA,13,1782590703.87,2026-06-27T20:05:03Z,40.780191,-73.874115,120.9,a0b866,N14553,A21N,AIRBUS A-321neo,0
landing,JFK,22L,1782590710.63,2026-06-27T20:05:10Z,40.636173,-73.761963,210.9,a19d0d,N2029J,A21N,AIRBUS A-321neo,0
landing,LGA,13,1782590749.5,2026-06-27T20:05:49Z,40.778194,-73.869919,120.9,ac4c44,N8916Q,B38M,BOEING 737 MAX 8,0
landing,JFK,22L,1782590791.18,2026-06-27T20:06:31Z,40.632388,-73.764938,210.9,abf6ae,N870DN,B739,BOEING 737-900,0
takeoff,JFK,22R,1782590813.03,2026-06-27T20:06:53Z,40.645445,-73.767294,210.9,780a17,B-KPV,B77W,BOEING 777-300ER,0
takeoff,LGA,13,1782590816.3,2026-06-27T20:06:56Z,40.780086,-73.873912,123.8,a6d03b,N538XJ,CL30,BOMBARDIER BD-100 Challenger 300,0
landing,JFK,22L,1782590866.63,2026-06-27T20:07:46Z,40.633761,-73.76383,210.9,ada227,N978JB,A321,AIRBUS A-321,0
landing,LGA,13,1782590876.48,2026-06-27T20:07:56Z,40.777072,-73.86756,120.9,a7c7a5,N600EB,GA6C,GULFSTREAM G600,8
takeoff,JFK,22R,1782590892.94,2026-06-27T20:08:12Z,40.645317,-73.767395,210.9,a1775f,N194DN,B763,BOEING 767-300,0
takeoff,LGA,13,1782590923.64,2026-06-27T20:08:43Z,40.780284,-73.874318,120.9,ac5066,N8929S,B38M,,0
landing,JFK,22L,1782590934.49,2026-06-27T20:08:54Z,40.635521,-73.762466,210.9,a38af8,N3272J,BCS3,AIRBUS A220-300,0
landing,JFK,22L,1782591021.41,2026-06-27T20:10:21Z,40.634869,-73.76297,210.9,acab54,N915XJ,CRJ9,BOMBARDIER Regional Jet CRJ-900,0
takeoff,LGA,13,1782591028.14,2026-06-27T20:10:28Z,40.781525,-73.876923,123.8,a01f73,N107HQ,E75L,EMBRAER ERJ-170-200 (long wing),0
takeoff,JFK,22R,1782591056.58,2026-06-27T20:10:56Z,40.646393,-73.766541,210.9,ab6519,N833SK,CRJ9,BOMBARDIER Regional Jet CRJ-900,0
landing,LGA,31,1782591094.15,2026-06-27T20:11:34Z,40.775373,-73.86639,300.9,a8a0d9,N655RW,E170,EMBRAER ERJ-170-100,0
landing,LGA,13,1782591098.36,2026-06-27T20:11:38Z,40.775803,-73.86499,123.8,a53ba4,N436YX,E75L,EMBRAER ERJ-170-200 (long wing),0
landing,JFK,22L,1782591106.56,2026-06-27T20:11:46Z,40.634296,-73.763428,210.9,a04641,N117AN,A321,AIRBUS A-321,0
takeoff,JFK,22R,1782591115.86,2026-06-27T20:11:55Z,40.644745,-73.767822,210.9,a349be,N3104J,BCS3,AIRBUS A220-300,0
takeoff,LGA,13,1782591142.53,2026-06-27T20:12:22Z,40.779476,-73.872604,123.8,a08a85,N134EV,CRJ9,BOMBARDIER Regional Jet CRJ-900,0
landing,JFK,22L,1782591164.17,2026-06-27T20:12:44Z,40.633347,-73.764175,210.9,c063eb,C-GLVU,B38M,BOEING 737 MAX 8,0
landing,LGA,13,1782591180.39,2026-06-27T20:13:00Z,40.777061,-73.867508,123.8,ac0a75,N875RW,E170,EMBRAER ERJ-170-100,0
landing,JFK,22L,1782591250.4,2026-06-27T20:14:10Z,40.633039,-73.764407,210.9,ad9712,N975JT,A321,AIRBUS A-321,0
takeoff,JFK,22R,1782591269.93,2026-06-27T20:14:29Z,40.646214,-73.766701,208.1,a148b9,N182GJ,CRJ9,BOMBARDIER Regional Jet CRJ-900,0
landing,LGA,13,1782591282.42,2026-06-27T20:14:42Z,40.772449,-73.859451,151.9,a44d3f,N3766,B738,BOEING 737-800,0
takeoff,LGA,13,1782591306.15,2026-06-27T20:15:06Z,40.780633,-73.87502,123.8,a98445,N712JB,A320,AIRBUS A-320,0
landing,JFK,22L,1782591321.37,2026-06-27T20:15:21Z,40.636299,-73.761856,209.6,48ae03,SP-LRD,B788,BOEING 787-8 Dreamliner,0
landing,LGA,13,1782591362.38,2026-06-27T20:16:02Z,40.776203,-73.865768,120.9,a36994,N319PQ,CRJ9,BOMBARDIER Regional Jet CRJ-900,0
landing,JFK,22R,1782591398.1,2026-06-27T20:16:38Z,40.632201,-73.777641,210.9,acc040,N920XJ,CRJ9,BOMBARDIER Regional Jet CRJ-900,0
takeoff,LGA,13,1782591405.12,2026-06-27T20:16:45Z,40.781669,-73.87722,120.9,ab1d06,N815MD,E170,EMBRAER ERJ-170-100,0
landing,JFK,22L,1782591419.08,2026-06-27T20:16:59Z,40.634617,-73.763168,209.6,ab8b0b,N843AN,B789,BOEING 787-9 Dreamliner,0
landing,JFK,22R,1782591498.4,2026-06-27T20:18:18Z,40.630258,-73.779186,210.9,a35e9c,N316RK,B38M,BOEING 737 MAX 8,0
landing,LGA,13,1782591518.87,2026-06-27T20:18:38Z,40.772708,-73.859648,149.1,ace5b6,N930AN,B738,BOEING 737-800,0
landing,JFK,22L,1782591536.82,2026-06-27T20:18:56Z,40.634029,-73.763627,210.9,478854,LN-RKS,A333,AIRBUS A-330-300,0
takeoff,LGA,13,1782591547.39,2026-06-27T20:19:07Z,40.780587,-73.874926,123.8,c006ec,C-FCQD,A320,AIRBUS A-320,0
takeoff,LGA,13,1782591671.86,2026-06-27T20:21:11Z,40.781541,-73.876939,123.8,a05470,N120HQ,E75L,EMBRAER ERJ-170-200 (long wing),0
landing,JFK,22L,1782591679.26,2026-06-27T20:21:19Z,40.635216,-73.762706,210.9,a04e00,N119DU,BCS1,AIRBUS A220-100,0
takeoff,JFK,22R,1782591730.45,2026-06-27T20:22:10Z,40.649053,-73.76447,210.9,a1ff90,N228JQ,E75L,EMBRAER ERJ-170-200 (long wing),0
landing,JFK,22L,1782591749.49,2026-06-27T20:22:29Z,40.635166,-73.762741,210.9,a1373d,N178DN,B763,BOEING 767-300,0
landing,LGA,13,1782591749.95,2026-06-27T20:22:29Z,40.775524,-73.864486,129.4,ac159a,N878RW,E170,EMBRAER ERJ-170-100,0
takeoff,LGA,13,1782591785.12,2026-06-27T20:23:05Z,40.780098,-73.873896,123.8,a0267b,N109DN,A321,AIRBUS A-321,0
landing,LGA,31,1782591833.22,2026-06-27T20:23:53Z,40.775368,-73.867813,309.4,abbb77,N855RW,E170,EMBRAER ERJ-170-100,0
landing,JFK,22L,1782591847.49,2026-06-27T20:24:07Z,40.636147,-73.761973,213.8,ab4c76,N827SK,CRJ9,BOMBARDIER Regional Jet CRJ-900,0
landing,LGA,13,1782591853.31,2026-06-27T20:24:13Z,40.77713,-73.867701,120.9,a42e13,N369DN,A321,AIRBUS A-321,0
takeoff,LGA,13,1782591906.91,2026-06-27T20:25:06Z,40.78149,-73.876862,120.9,a1d0a3,N216JQ,E75L,EMBRAER ERJ-170-200 (long wing),0
takeoff,JFK,22R,1782591936.48,2026-06-27T20:25:36Z,40.645969,-73.766904,210.9,ac97e4,N910NN,B738,BOEING 737-800,0
landing,JFK,22L,1782591936.65,2026-06-27T20:25:36Z,40.635867,-73.762191,210.9,ab3d41,N823NW,A333,AIRBUS A-330-300,0
landing,LGA,31,1782591980.17,2026-06-27T20:26:20Z,40.777302,-73.87178,306.6,a34bdc,N311PQ,CRJ9,BOMBARDIER Regional Jet CRJ-900,0
landing,JFK,22L,1782592007.97,2026-06-27T20:26:47Z,40.633141,-73.764343,209.6,740826,JY-BAF,B788,BOEING 787-8 Dreamliner,0
landing,JFK,22R,1782592061.0,2026-06-27T20:27:41Z,40.634413,-73.775924,210.9,a37fd3,N3242J,BCS3,,0
landing,LGA,13,1782592068.73,2026-06-27T20:27:48Z,40.772603,-73.85957,149.1,ab282b,N818MD,E170,EMBRAER ERJ-170-100,0
takeoff,LGA,13,1782592092.12,2026-06-27T20:28:12Z,40.781433,-73.876724,123.8,ada699,N979RP,E170,EMBRAER ERJ-170-100,0
takeoff,JFK,22R,1782592163.68,2026-06-27T20:29:23Z,40.647086,-73.765999,210.9,a39ada,N331PQ,CRJ9,BOMBARDIER Regional Jet CRJ-900,0
landing,JFK,22L,1782592178.34,2026-06-27T20:29:38Z,40.630758,-73.766327,222.2,a1ecfd,N223JQ,E75L,EMBRAER ERJ-170-200 (long wing),0
landing,LGA,13,1782592196.1,2026-06-27T20:29:56Z,40.775517,-73.864487,129.4,a51425,N426YX,E75L,EMBRAER ERJ-170-200 (long wing),0
takeoff,LGA,13,1782592242.25,2026-06-27T20:30:42Z,40.780014,-73.873764,123.8,aca3e6,N913XJ,CRJ9,BOMBARDIER Regional Jet CRJ-900,0
landing,JFK,22L,1782592255.84,2026-06-27T20:30:55Z,40.635132,-73.762787,210.9,a6833b,N519DT,A21N,AIRBUS A-321neo,0
takeoff,JFK,22R,1782592275.4,2026-06-27T20:31:15Z,40.645934,-73.766904,210.9,ad3cdf,N952JB,A321,AIRBUS A-321,0
takeoff,JFK,22R,1782592336.36,2026-06-27T20:32:16Z,40.645912,-73.766937,210.9,8966ce,A6-XWG,A35K,AIRBUS A-350-1000,0
takeoff,LGA,13,1782592348.27,2026-06-27T20:32:28Z,40.780133,-73.87399,120.9,a03038,N111DC,A321,AIRBUS A-321,0
landing,LGA,13,1782592357.57,2026-06-27T20:32:37Z,40.77253,-73.860428,120.9,abe2f6,N865RW,E170,EMBRAER ERJ-170-100,0
landing,LGA,13,1782592396.87,2026-06-27T20:33:16Z,40.777542,-73.868561,120.9,a3e011,N349PQ,CRJ9,BOMBARDIER Regional Jet CRJ-900,0
takeoff,LGA,13,1782592451.57,2026-06-27T20:34:11Z,40.780307,-73.874349,120.9,a36fa4,N320PQ,CRJ9,BOMBARDIER Regional Jet CRJ-900,0
takeoff,JFK,22R,1782592468.69,2026-06-27T20:34:28Z,40.646816,-73.76622,210.9,a32bba,N303NY,A21N,AIRBUS A-321neo,0
landing,JFK,22L,1782592509.76,2026-06-27T20:35:09Z,40.636228,-73.761911,210.9,4850f6,PH-BVN,B77W,BOEING 777-300ER,0
takeoff,LGA,13,1782592573.86,2026-06-27T20:36:13Z,40.779819,-73.87335,123.8,ac8b43,N907XJ,CRJ9,BOMBARDIER Regional Jet CRJ-900,0
takeoff,JFK,22R,1782592663.96,2026-06-27T20:37:43Z,40.645947,-73.766891,210.9,4cad48,EI-IFE,A359,AIRBUS A-350-900,0
landing,LGA,13,1782592666.85,2026-06-27T20:37:46Z,40.775539,-73.864487,126.6,a9b0ed,N723YX,E75L,EMBRAER ERJ-170-200 (long wing),0
takeoff,LGA,13,1782592708.46,2026-06-27T20:38:28Z,40.779831,-73.873383,120.9,a3efa2,N35271,B738,BOEING 737-800,0
landing,JFK,22L,1782592719.59,2026-06-27T20:38:39Z,40.637753,-73.760725,210.9,a3298a,N3023J,BCS3,AIRBUS A220-300,0
takeoff,JFK,22R,1782592781.85,2026-06-27T20:39:41Z,40.64683,-73.766218,210.9,ac801e,N904XJ,CRJ9,BOMBARDIER Regional Jet CRJ-900,0
takeoff,LGA,13,1782592818.51,2026-06-27T20:40:18Z,40.77951,-73.872681,120.9,a17c12,N195PQ,CRJ9,BOMBARDIER Regional Jet CRJ-900,0
landing,LGA,13,1782592831.43,2026-06-27T20:40:31Z,40.772708,-73.860787,123.8,ac1f61,N880RW,E170,EMBRAER ERJ-170-100,0
landing,JFK,22L,1782592832.5,2026-06-27T20:40:32Z,40.634657,-73.763128,210.9,a03765,N113AN,A321,AIRBUS A-321,0
takeoff,JFK,22R,1782592863.51,2026-06-27T20:41:03Z,40.645866,-73.766968,210.9,ad1927,N943JT,A321,AIRBUS A-321,0
landing,LGA,13,1782592868.16,2026-06-27T20:41:08Z,40.777281,-73.868028,120.9,a43423,N370DN,A321,AIRBUS A-321,0
landing,LGA,13,1782592969.02,2026-06-27T20:42:49Z,40.778434,-73.870416,120.9,a335fa,N306DU,BCS3,AIRBUS A220-300,0
landing,JFK,22L,1782592976.52,2026-06-27T20:42:56Z,40.636345,-73.761817,210.9,a37c1c,N3232J,BCS3,,0
takeoff,LGA,13,1782593025.64,2026-06-27T20:43:45Z,40.779865,-73.873444,120.9,ad44bc,N954NN,B738,BOEING 737-800,0
landing,LGA,13,1782593071.72,2026-06-27T20:44:31Z,40.77618,-73.865784,120.9,ac34bf,N886GK,B38M,BOEING 737 MAX 8,0
landing,JFK,22L,1782593078.4,2026-06-27T20:44:38Z,40.636723,-73.761551,210.9,a7d32e,N603JB,A320,AIRBUS A-320,0
takeoff,JFK,22R,1782593099.72,2026-06-27T20:44:59Z,40.645271,-73.767419,210.9,3c6517,D-AIHW,A346,AIRBUS A-340-600,0
takeoff,LGA,13,1782593107.19,2026-06-27T20:45:07Z,40.781422,-73.876694,120.9,abdf3f,N864RW,E170,EMBRAER ERJ-170-100,0
landing,JFK,22L,1782593194.37,2026-06-27T20:46:34Z,40.634995,-73.762909,210.9,a4bbde,N404DX,A339,AIRBUS A-330-900,0
takeoff,JFK,22R,1782593200.46,2026-06-27T20:46:40Z,40.649094,-73.76445,210.9,a1c1c7,N212JQ,E75L,EMBRAER ERJ-170-200 (long wing),0
landing,LGA,13,1782593249.81,2026-06-27T20:47:29Z,40.772701,-73.860794,120.9,a1b092,N208JQ,E75L,EMBRAER ERJ-170-200 (long wing),0
landing,LGA,13,1782593251.1,2026-06-27T20:47:31Z,40.776169,-73.865738,120.9,a14da8,N183UW,A321,AIRBUS A-321,0
takeoff,JFK,22R,1782593272.22,2026-06-27T20:47:52Z,40.645283,-73.76741,210.9,acaf0b,N916XJ,CRJ9,BOMBARDIER Regional Jet CRJ-900,0
landing,JFK,22L,1782593313.51,2026-06-27T20:48:33Z,40.634697,-73.763123,210.9,a4e35f,N414DZ,A339,AIRBUS A-330-900,0
takeoff,JFK,22R,1782593337.53,2026-06-27T20:48:57Z,40.645912,-73.766937,210.9,aa5f41,N768AA,B772,BOEING 777-200,0
landing,LGA,13,1782593400.87,2026-06-27T20:50:00Z,40.776249,-73.865829,123.8,a52911,N431YX,E75L,EMBRAER ERJ-170-200 (long wing),0
landing,JFK,22L,1782593472.71,2026-06-27T20:51:12Z,40.637683,-73.760803,210.9,ab53e4,N829SK,CRJ9,BOMBARDIER Regional Jet CRJ-900,0
takeoff,JFK,22R,1782593529.12,2026-06-27T20:52:09Z,40.646656,-73.766342,209.6,ab8fcb,N844MC,B789,BOEING 787-9 Dreamliner,0
landing,JFK,22R,1782593530.36,2026-06-27T20:52:10Z,40.646278,-73.766632,209.6,ab8fcb,N844MC,B789,BOEING 787-9 Dreamliner,0
takeoff,JFK,22R,1782593530.36,2026-06-27T20:52:10Z,40.646278,-73.766632,209.6,ab8fcb,N844MC,B789,BOEING 787-9 Dreamliner,0
landing,JFK,22L,1782593535.02,2026-06-27T20:52:15Z,40.63456,-73.763245,210.9,a38d8f,N328RR,B38M,BOEING 737 MAX 8,0
takeoff,JFK,22L,1782593535.02,2026-06-27T20:52:15Z,40.63456,-73.763245,210.9,a38d8f,N328RR,B38M,BOEING 737 MAX 8,0
landing,JFK,22L,1782593535.59,2026-06-27T20:52:15Z,40.634422,-73.763336,210.9,a38d8f,N328RR,B38M,BOEING 737 MAX 8,0
landing,LGA,13,1782593542.05,2026-06-27T20:52:22Z,40.776746,-73.866905,120.9,a3560b,N314DU,BCS3,AIRBUS A220-300,0
landing,LGA,13,1782593617.22,2026-06-27T20:53:37Z,40.77697,-73.867371,123.8,a32bcb,N303PQ,CRJ9,BOMBARDIER Regional Jet CRJ-900,0
landing,JFK,22L,1782593628.79,2026-06-27T20:53:48Z,40.636182,-73.761973,210.9,4b187a,HB-JHA,A333,AIRBUS A-330-300,0
takeoff,JFK,22R,1782593643.21,2026-06-27T20:54:03Z,40.646039,-73.766826,210.9,a32367,N301DU,BCS3,AIRBUS A220-300,0
takeoff,JFK,22R,1782593705.84,2026-06-27T20:55:05Z,40.646027,-73.766846,209.6,744841,JY-RBA,B789,BOEING 787-9 Dreamliner,0
landing,LGA,13,1782593710.77,2026-06-27T20:55:10Z,40.776466,-73.866302,118.1,a1584a,N186PQ,CRJ9,BOMBARDIER Regional Jet CRJ-900,0
landing,JFK,22L,1782593748.37,2026-06-27T20:55:48Z,40.636539,-73.761673,210.9,a1574e,N186DN,B763,BOEING 767-300,0
landing,LGA,13,1782593780.88,2026-06-27T20:56:20Z,40.776222,-73.865812,123.8,a49d16,N397DA,B738,BOEING 737-800,0
landing,JFK,22L,1782593830.15,2026-06-27T20:57:10Z,40.636208,-73.761932,210.9,a3f00a,N353AZ,B763,BOEING 767-300,0
takeoff,LGA,13,1782593830.36,2026-06-27T20:57:10Z,40.780209,-73.87413,123.8,a85c01,N638FR,A21N,AIRBUS A-321neo,0
takeoff,JFK,22R,1782593864.16,2026-06-27T20:57:44Z,40.645626,-73.767151,210.9,a398bc,N3304J,BCS3,AIRBUS A220-300,0
landing,LGA,13,1782593884.33,2026-06-27T20:58:04Z,40.776839,-73.867123,123.8,ac7e15,N904AN,B738,BOEING 737-800,0
takeoff,JFK,22R,1782593905.77,2026-06-27T20:58:25Z,40.649356,-73.76422,210.9,a1a924,N206JQ,E75L,EMBRAER ERJ-170-200 (long wing),0
takeoff,LGA,13,1782593935.02,2026-06-27T20:58:55Z,40.780075,-73.873881,120.9,a7a1e8,N591JB,A320,AIRBUS A-320,0
landing,JFK,22L,1782593939.43,2026-06-27T20:58:59Z,40.635029,-73.762863,210.9,a98539,N712TW,B752,BOEING 757-200,0
takeoff,JFK,22R,1782593978.43,2026-06-27T20:59:38Z,40.647296,-73.765843,210.9,ad2f71,N949JT,A321,AIRBUS A-321,0
landing,LGA,13,1782593993.49,2026-06-27T20:59:53Z,40.776234,-73.865875,123.8,c0616e,C-GKXH,E295,EMBRAER ERJ-190-400,0
landing,JFK,22L,1782594011.88,2026-06-27T21:00:11Z,40.636438,-73.76177,210.9,406814,G-VGEM,A333,AIRBUS A-330-300,0
takeoff,LGA,13,1782594029.44,2026-06-27T21:00:29Z,40.781513,-73.876907,120.9,a05bde,N122HQ,E75L,EMBRAER ERJ-170-200 (long wing),0
takeoff,JFK,22R,1782594036.76,2026-06-27T21:00:36Z,40.647121,-73.765984,210.9,a6cacb,N537DT,A21N,AIRBUS A-321neo,0
landing,LGA,13,1782594084.78,2026-06-27T21:01:24Z,40.777095,-73.867654,120.9,a2c93f,N279PQ,CRJ9,BOMBARDIER Regional Jet CRJ-900,0
takeoff,JFK,22R,1782594111.75,2026-06-27T21:01:51Z,40.64653,-73.766434,210.9,aa8ab2,N779CK,B77W,BOEING 777-300ER,0
landing,JFK,22L,1782594133.16,2026-06-27T21:02:13Z,40.63488,-73.76297,210.9,a0f4a2,N1604R,B763,BOEING 767-300,0
takeoff,LGA,13,1782594139.67,2026-06-27T21:02:19Z,40.779247,-73.872147,123.8,a3472f,N310DU,BCS3,AIRBUS A220-300,0
landing,JFK,22L,1782594227.19,2026-06-27T21:03:47Z,40.634971,-73.762878,210.9,a67bc8,N517DN,A21N,AIRBUS A-321neo,0
takeoff,JFK,22R,1782594253.2,2026-06-27T21:04:13Z,40.646388,-73.766545,210.9,a33328,N305NY,A21N,AIRBUS A-321neo,0
takeoff,LGA,13,1782594280.4,2026-06-27T21:04:40Z,40.779353,-73.872367,123.8,a34bdc,N311PQ,CRJ9,BOMBARDIER Regional Jet CRJ-900,0
landing,LGA,13,1782594280.84,2026-06-27T21:04:40Z,40.772649,-73.860678,123.8,a1c935,N214JQ,E75L,EMBRAER ERJ-170-200 (long wing),0
landing,JFK,22L,1782594304.55,2026-06-27T21:05:04Z,40.636228,-73.761911,210.9,a35592,N3139J,BCS3,AIRBUS A220-300,0
takeoff,JFK,22R,1782594312.58,2026-06-27T21:05:12Z,40.646249,-73.76667,210.9,394a01,F-GSQB,B77W,BOEING 777-300ER,0
takeoff,LGA,13,1782594349.6,2026-06-27T21:05:49Z,40.779682,-73.873047,123.8,a310cf,N297PQ,CRJ9,BOMBARDIER Regional Jet CRJ-900,0
landing,JFK,22L,1782594385.9,2026-06-27T21:06:25Z,40.637295,-73.761093,210.9,a7dde1,N606DN,A21N,AIRBUS A-321neo,0
takeoff,LGA,13,1782594406.82,2026-06-27T21:06:46Z,40.781681,-73.87722,123.8,abd063,N860RW,E170,EMBRAER ERJ-170-100,0
takeoff,JFK,22R,1782594408.25,2026-06-27T21:06:48Z,40.646198,-73.766708,210.9,a3c233,N341NB,A319,AIRBUS A-319,0
landing,JFK,22L,1782594452.5,2026-06-27T21:07:32Z,40.634079,-73.763596,210.9,ad3997,N951NN,B738,BOEING 737-800,0
takeoff,JFK,22R,1782594460.82,2026-06-27T21:07:40Z,40.645947,-73.766907,210.9,ad8836,N971JT,A321,AIRBUS A-321,0
landing,LGA,13,1782594503.49,2026-06-27T21:08:23Z,40.776203,-73.865753,123.8,abb4ea,N8530W,B738,BOEING 737-800,0
takeoff,JFK,22R,1782594531.55,2026-06-27T21:08:51Z,40.645143,-73.767544,210.9,a35c0b,N3152J,BCS3,AIRBUS A220-300,0
landing,JFK,22L,1782594533.68,2026-06-27T21:08:53Z,40.634296,-73.763412,210.9,ab5365,N829MH,B764,BOEING 767-400,0
takeoff,LGA,13,1782594552.91,2026-06-27T21:09:12Z,40.780151,-73.874023,123.8,a0acb6,N14214,B738,BOEING 737-800,0
takeoff,JFK,22R,1782594584.26,2026-06-27T21:09:44Z,40.645876,-73.766951,210.9,4ca74e,EI-EAV,A333,AIRBUS A-330-300,0
landing,JFK,22L,1782594626.23,2026-06-27T21:10:26Z,40.63607,-73.762054,210.9,a5124c,N426DZ,A339,AIRBUS A-330-900,0
landing,LGA,13,1782594634.43,2026-06-27T21:10:34Z,40.775688,-73.864777,123.8,a075df,N129HQ,E75L,EMBRAER ERJ-170-200 (long wing),0
takeoff,JFK,22R,1782594714.68,2026-06-27T21:11:54Z,40.645031,-73.767624,210.9,a36799,N3185J,BCS3,AIRBUS A220-300,0
landing,LGA,13,1782594719.7,2026-06-27T21:11:59Z,40.776932,-73.867233,123.8,a9d5e7,N73278,B738,BOEING 737-800,0
takeoff,JFK,22R,1782594769.27,2026-06-27T21:12:49Z,40.646505,-73.766467,210.9,a37517,N3215J,BCS3,AIRBUS A220-300,0
landing,JFK,22L,1782594773.63,2026-06-27T21:12:53Z,40.633747,-73.763855,210.9,a36825,N3189J,BCS3,AIRBUS A220-300,0
landing,LGA,13,1782594811.27,2026-06-27T21:13:31Z,40.776804,-73.866983,120.9,c04af4,C-GCJZ,CRJ9,BOMBARDIER Regional Jet CRJ-900,0
takeoff,JFK,22R,1782594829.85,2026-06-27T21:13:49Z,40.646347,-73.766586,210.9,a79821,N589JB,A320,AIRBUS A-320,0
landing,JFK,22L,1782594846.81,2026-06-27T21:14:06Z,40.63489,-73.762956,210.9,ad4f72,N957JB,A321,AIRBUS A-321,0
takeoff,LGA,13,1782594883.26,2026-06-27T21:14:43Z,40.7799,-73.87349,123.8,ad1c67,N944DZ,B739,,0
takeoff,JFK,22R,1782594888.06,2026-06-27T21:14:48Z,40.64619,-73.766717,210.9,ab8751,N842AK,B38M,BOEING 737 MAX 8,0
landing,JFK,22L,1782594923.22,2026-06-27T21:15:23Z,40.635274,-73.762675,210.9,ab4840,N826MH,B764,BOEING 767-400,0
takeoff,JFK,22R,1782594938.62,2026-06-27T21:15:38Z,40.646393,-73.766556,210.9,ad6b16,N964AV,A20N,AIRBUS A-320neo,0
landing,LGA,13,1782594985.68,2026-06-27T21:16:25Z,40.776804,-73.867014,123.8,a78945,N585JB,A320,AIRBUS A-320,0
takeoff,JFK,22R,1782595002.38,2026-06-27T21:16:42Z,40.645248,-73.767451,210.9,4b1885,HB-JHL,A333,AIRBUS A-330-300,0
landing,JFK,22L,1782595029.44,2026-06-27T21:17:09Z,40.636322,-73.761841,210.9,a874e1,N644JB,A320,AIRBUS A-320,0
takeoff,LGA,13,1782595051.29,2026-06-27T21:17:31Z,40.779888,-73.873444,120.9,a6f98e,N549CA,CRJ9,BOMBARDIER Regional Jet CRJ-900,0
landing,JFK,22L,1782595098.03,2026-06-27T21:18:18Z,40.63393,-73.763702,210.9,ab5d4a,N831NN,B738,BOEING 737-800,0
takeoff,JFK,22R,1782595123.46,2026-06-27T21:18:43Z,40.646267,-73.766663,210.9,a11d47,N171DZ,B763,BOEING 767-300,0
landing,LGA,13,1782595130.04,2026-06-27T21:18:50Z,40.77734,-73.868153,120.9,a32814,N302PQ,CRJ9,BOMBARDIER Regional Jet CRJ-900,0
takeoff,LGA,13,1782595172.1,2026-06-27T21:19:32Z,40.781401,-73.876643,120.9,a89d22,N654RW,E170,EMBRAER ERJ-170-100,0
landing,JFK,22L,1782595184.54,2026-06-27T21:19:44Z,40.634913,-73.762956,210.9,ab80f4,N840MH,B764,BOEING 767-400,0
takeoff,JFK,22R,1782595284.43,2026-06-27T21:21:24Z,40.646255,-73.766663,210.9,0c218b,HP-9930CMP,B39M,BOEING 737 MAX 9,0
landing,JFK,22L,1782595290.47,2026-06-27T21:21:30Z,40.634017,-73.763643,210.9,a70c67,N553UW,A321,AIRBUS A-321,0
landing,LGA,13,1782595329.2,2026-06-27T21:22:09Z,40.772839,-73.859756,146.2,a24369,N245JQ,E75L,EMBRAER ERJ-170-200 (long wing),0
takeoff,JFK,22R,1782595348.33,2026-06-27T21:22:28Z,40.645912,-73.766922,210.9,a12fda,N176DZ,B763,BOEING 767-300,0
takeoff,LGA,13,1782595357.73,2026-06-27T21:22:37Z,40.779762,-73.873215,120.9,abbdfa,N856DN,B739,BOEING 737-900,0
landing,JFK,22L,1782595378.45,2026-06-27T21:22:58Z,40.636734,-73.761536,210.9,a3549d,N3132J,BCS3,AIRBUS A220-300,0
takeoff,JFK,22R,1782595444.28,2026-06-27T21:24:04Z,40.646784,-73.766249,210.9,3c7a50,D-ANRP,A339,AIRBUS A-330-900,0
landing,JFK,22L,1782595451.82,2026-06-27T21:24:11Z,40.636059,-73.762054,210.9,a3401a,N3085J,BCS3,AIRBUS A220-300,0
landing,LGA,13,1782595453.63,2026-06-27T21:24:13Z,40.776723,-73.866811,123.8,aceb76,N931XJ,CRJ9,BOMBARDIER Regional Jet CRJ-900,0
takeoff,LGA,13,1782595508.54,2026-06-27T21:25:08Z,40.7804,-73.874552,120.9,a0b88c,N14566,A21N,AIRBUS A-321neo,0
landing,JFK,22L,1782595537.37,2026-06-27T21:25:37Z,40.636539,-73.761703,210.9,a198ed,N2016J,A21N,AIRBUS A-321neo,0
takeoff,JFK,22R,1782595561.48,2026-06-27T21:26:01Z,40.646202,-73.766701,210.9,a3d90a,N347TT,B38M,BOEING 737 MAX 8,0
takeoff,LGA,13,1782595569.9,2026-06-27T21:26:09Z,40.781639,-73.877151,123.8,a8996b,N653RW,E170,EMBRAER ERJ-170-100,0
landing,JFK,22L,1782595606.51,2026-06-27T21:26:46Z,40.634777,-73.763062,210.9,4c0224,YU-ARE,A332,AIRBUS A-330-200,0
takeoff,JFK,22R,1782595619.44,2026-06-27T21:26:59Z,40.645798,-73.767029,210.9,a34825,N310PQ,CRJ9,BOMBARDIER Regional Jet CRJ-900,0
takeoff,LGA,13,1782595650.24,2026-06-27T21:27:30Z,40.779539,-73.872773,123.8,a34215,N309PQ,CRJ9,BOMBARDIER Regional Jet CRJ-900,0
takeoff,JFK,22R,1782595668.55,2026-06-27T21:27:48Z,40.646644,-73.766374,210.9,a3dc5a,N348PQ,CRJ9,BOMBARDIER Regional Jet CRJ-900,0
takeoff,JFK,22R,1782595724.83,2026-06-27T21:28:44Z,40.645946,-73.766889,210.9,a01880,N105NN,A321,AIRBUS A-321,0
takeoff,LGA,13,1782595726.25,2026-06-27T21:28:46Z,40.779694,-73.873077,129.4,a3245d,N301PQ,CRJ9,BOMBARDIER Regional Jet CRJ-900,0
landing,JFK,22L,1782595757.44,2026-06-27T21:29:17Z,40.636677,-73.761566,210.9,a7a532,N592DT,A21N,AIRBUS A-321neo,0
takeoff,JFK,22R,1782595783.27,2026-06-27T21:29:43Z,40.64633,-73.766608,210.9,ad8fa4,N973JT,A321,AIRBUS A-321,0
takeoff,LGA,13,1782595798.24,2026-06-27T21:29:58Z,40.779556,-73.872772,109.7,a130cb,N176PQ,CRJ9,BOMBARDIER Regional Jet CRJ-900,0
takeoff,JFK,22R,1782595844.41,2026-06-27T21:30:44Z,40.646784,-73.766264,210.9,aa77f0,N774AN,B772,BOEING 777-200,0
takeoff,LGA,13,1782595871.99,2026-06-27T21:31:11Z,40.779991,-73.873688,120.9,a033f9,N112DN,A321,AIRBUS A-321,0
landing,JFK,22L,1782595879.34,2026-06-27T21:31:19Z,40.635844,-73.762207,210.9,a641bf,N502DX,A21N,AIRBUS A-321neo,0
takeoff,JFK,22R,1782595927.02,2026-06-27T21:32:07Z,40.645434,-73.767326,209.6,ad6ec5,N965AM,B788,BOEING 787-8 Dreamliner,0
landing,LGA,13,1782596001.49,2026-06-27T21:33:21Z,40.775848,-73.865051,123.8,a22358,N237JQ,E75L,EMBRAER ERJ-170-200 (long wing),0
takeoff,LGA,13,1782596044.93,2026-06-27T21:34:04Z,40.779922,-73.873566,120.9,ad50c9,N957XV,A21N,,0
takeoff,JFK,22R,1782596073.87,2026-06-27T21:34:33Z,40.646342,-73.766592,210.9,a19910,N2017J,A21N,AIRBUS A-321neo,0
takeoff,LGA,13,1782596113.35,2026-06-27T21:35:13Z,40.780666,-73.875122,120.9,a4870d,N391FR,A20N,AIRBUS A-320neo,0
takeoff,JFK,22R,1782596141.18,2026-06-27T21:35:41Z,40.645271,-73.767426,210.9,a387f0,N3267J,BCS3,,0
takeoff,LGA,13,1782596178.05,2026-06-27T21:36:18Z,40.781479,-73.876785,120.9,a8a0d9,N655RW,E170,EMBRAER ERJ-170-100,0
takeoff,JFK,22R,1782596198.06,2026-06-27T21:36:38Z,40.645946,-73.766904,210.9,a3711a,N3203J,BCS3,AIRBUS A220-300,0
landing,JFK,22L,1782596210.68,2026-06-27T21:36:50Z,40.633086,-73.764376,210.9,a48315,N390DA,B738,BOEING 737-800,0
takeoff,JFK,22R,1782596259.42,2026-06-27T21:37:39Z,40.6464,-73.766577,210.9,4a91b3,SE-DMS,A21N,AIRBUS A-321neo,0
landing,LGA,13,1782596265.3,2026-06-27T21:37:45Z,40.776157,-73.865662,120.9,acf2e4,N933XJ,CRJ9,BOMBARDIER Regional Jet CRJ-900,0
takeoff,LGA,13,1782596303.86,2026-06-27T21:38:23Z,40.781788,-73.877457,123.8,a7c7a5,N600EB,GA6C,GULFSTREAM G600,8
takeoff,JFK,22R,1782596318.58,2026-06-27T21:38:38Z,40.646221,-73.766693,210.9,a76fe9,N579AS,B738,BOEING 737-800,0
takeoff,JFK,22R,1782596377.58,2026-06-27T21:39:37Z,40.645935,-73.766907,210.9,abd69d,N862DN,B739,BOEING 737-900,0
landing,LGA,13,1782596410.78,2026-06-27T21:40:10Z,40.776199,-73.865812,120.9,a03f1e,N115DN,A321,AIRBUS A-321,0
takeoff,JFK,22R,1782596433.94,2026-06-27T21:40:33Z,40.646233,-73.766708,210.9,a6c70f,N536DN,A21N,AIRBUS A-321neo,0
takeoff,LGA,13,1782596454.48,2026-06-27T21:40:54Z,40.779935,-73.873584,120.9,ac5b66,N8958Q,B38M,,0
landing,JFK,22L,1782596475.52,2026-06-27T21:41:15Z,40.63369,-73.763885,212.4,346385,EC-NGN,B789,BOEING 787-9 Dreamliner,0
takeoff,JFK,22R,1782596488.45,2026-06-27T21:41:28Z,40.645214,-73.767502,210.9,ab4c1d,N827NW,A333,AIRBUS A-330-300,0
landing,LGA,13,1782596543.66,2026-06-27T21:42:23Z,40.775036,-73.8638,140.6,a0144e,N104HQ,E75L,EMBRAER ERJ-170-200 (long wing),0
takeoff,JFK,22R,1782596605.75,2026-06-27T21:43:25Z,40.646404,-73.766556,210.9,ad27f3,N947JB,A321,AIRBUS A-321,0
landing,LGA,13,1782596614.1,2026-06-27T21:43:34Z,40.775617,-73.864548,120.9,ac45ac,N890DN,B739,BOEING 737-900,0
landing,JFK,22L,1782596629.18,2026-06-27T21:43:49Z,40.636414,-73.76177,210.9,a69bcd,N525DA,A21N,AIRBUS A-321neo,0
takeoff,JFK,22R,1782596660.31,2026-06-27T21:44:20Z,40.647168,-73.765968,210.9,0d1130,XA-VMD,A20N,AIRBUS A-320neo,0
takeoff,LGA,13,1782596660.76,2026-06-27T21:44:20Z,40.780231,-73.874191,120.9,ac4c44,N8916Q,B38M,BOEING 737 MAX 8,0
landing,JFK,22R,1782596662.91,2026-06-27T21:44:22Z,40.646283,-73.76667,210.9,0d1130,XA-VMD,A20N,AIRBUS A-320neo,0
takeoff,JFK,22R,1782596662.91,2026-06-27T21:44:22Z,40.646283,-73.76667,210.9,0d1130,XA-VMD,A20N,AIRBUS A-320neo,0
landing,JFK,22L,1782596715.31,2026-06-27T21:45:15Z,40.634743,-73.763077,210.9,a726fb,N560AS,B738,BOEING 737-800,0
takeoff,JFK,22R,1782596724.48,2026-06-27T21:45:24Z,40.645958,-73.766891,210.9,a5e29a,N479AS,B739,BOEING 737-900,0
takeoff,JFK,22R,1782596781.2,2026-06-27T21:46:21Z,40.645259,-73.767451,210.9,aafd1f,N807NW,A333,AIRBUS A-330-300,0
landing,JFK,22L,1782596810.36,2026-06-27T21:46:50Z,40.634846,-73.763016,210.9,ab44af,N825NW,A333,AIRBUS A-330-300,0
takeoff,LGA,13,1782596834.86,2026-06-27T21:47:14Z,40.779842,-73.873366,120.9,c05d56,C-GJIZ,CRJ9,BOMBARDIER Regional Jet CRJ-900,0
takeoff,LGA,13,1782596890.21,2026-06-27T21:48:10Z,40.781553,-73.876955,120.9,a1acdb,N207JQ,E75L,EMBRAER ERJ-170-200 (long wing),0
takeoff,JFK,22R,1782596893.64,2026-06-27T21:48:13Z,40.646576,-73.766418,210.9,a801a9,N615DN,A21N,AIRBUS A-321neo,0
takeoff,JFK,22R,1782596950.14,2026-06-27T21:49:10Z,40.645981,-73.766889,210.9,348249,EC-OLE,A21N,AIRBUS A-321neo,0
landing,JFK,22L,1782596957.21,2026-06-27T21:49:17Z,40.636507,-73.761692,210.9,aa8b40,N779JB,A320,AIRBUS A-320,0
takeoff,LGA,22,1782596958.89,2026-06-27T21:49:18Z,40.776921,-73.875379,213.8,a9b0ed,N723YX,E75L,EMBRAER ERJ-170-200 (long wing),0
landing,LGA,31,1782596962.19,2026-06-27T21:49:22Z,40.775436,-73.867905,309.4,a04e60,N119HQ,E75L,EMBRAER ERJ-170-200 (long wing),0
landing,LGA,22,1782596973.88,2026-06-27T21:49:33Z,40.776913,-73.875381,213.8,a9b0ed,N723YX,E75L,EMBRAER ERJ-170-200 (long wing),0
takeoff,JFK,22R,1782597007.71,2026-06-27T21:50:07Z,40.646377,-73.766545,210.9,a16273,N189DN,B763,BOEING 767-300,0
landing,LGA,13,1782597009.24,2026-06-27T21:50:09Z,40.772801,-73.859726,146.2,ad4747,N955AN,B738,BOEING 737-800,0
takeoff,LGA,13,1782597017.68,2026-06-27T21:50:17Z,40.781785,-73.87747,123.8,a53ba4,N436YX,E75L,EMBRAER ERJ-170-200 (long wing),0
landing,JFK,22L,1782597066.55,2026-06-27T21:51:06Z,40.636286,-73.761879,210.9,a77dae,N582DN,A21N,,0
takeoff,JFK,22R,1782597098.15,2026-06-27T21:51:38Z,40.646016,-73.766873,210.9,a782e4,N583UW,A321,AIRBUS A-321,0
landing,LGA,13,1782597153.48,2026-06-27T21:52:33Z,40.777874,-73.869247,123.8,a2cf8b,N280S,G280,GULFSTREAM G280,0
landing,LGA,31,1782597155.73,2026-06-27T21:52:35Z,40.776676,-73.870463,300.9,c03dac,C-FXJF,E75S,EMBRAER ERJ-170-200 (short wing),0
landing,JFK,22L,1782597159.42,2026-06-27T21:52:39Z,40.636507,-73.761708,210.9,ac92b1,N909XJ,CRJ9,BOMBARDIER Regional Jet CRJ-900,0
takeoff,JFK,22R,1782597163.14,2026-06-27T21:52:43Z,40.645841,-73.766998,209.6,4ca8fc,EI-NEW,B789,BOEING 787-9 Dreamliner,0
landing,JFK,22L,1782597253.55,2026-06-27T21:54:13Z,40.633999,-73.763672,210.9,ad2baa,N948JB,A321,AIRBUS A-321,0
landing,LGA,13,1782597273.47,2026-06-27T21:54:33Z,40.772827,-73.859756,146.2,acfd2c,N936NN,B738,BOEING 737-800,0
takeoff,LGA,13,1782597287.33,2026-06-27T21:54:47Z,40.781599,-73.877048,120.9,ab0a73,N810MD,E170,EMBRAER ERJ-170-100,0
takeoff,JFK,22R,1782597289.24,2026-06-27T21:54:49Z,40.646027,-73.766842,210.9,acc040,N920XJ,CRJ9,BOMBARDIER Regional Jet CRJ-900,0
takeoff,JFK,22R,1782597344.05,2026-06-27T21:55:44Z,40.646563,-73.766421,210.9,ac7256,N9006,A319,AIRBUS A-319,0
landing,JFK,22L,1782597379.71,2026-06-27T21:56:19Z,40.635681,-73.762332,210.9,a4189f,N363NB,A319,AIRBUS A-319,0
landing,LGA,13,1782597383.8,2026-06-27T21:56:23Z,40.775551,-73.864365,120.9,a320a6,N300PQ,CRJ9,BOMBARDIER Regional Jet CRJ-900,0
takeoff,JFK,22R,1782597396.22,2026-06-27T21:56:36Z,40.645992,-73.766861,210.9,a0f4f6,N16065,B763,BOEING 767-300,0
takeoff,JFK,22R,1782597460.4,2026-06-27T21:57:40Z,40.644745,-73.767838,210.9,3c6718,D-AIXX,A359,AIRBUS A-350-900,0
landing,LGA,13,1782597483.5,2026-06-27T21:58:03Z,40.77626,-73.865891,120.9,abc107,N8567Z,B738,BOEING 737-800,0
takeoff,LGA,13,1782597531.54,2026-06-27T21:58:51Z,40.77983,-73.873334,120.9,acc7ae,N922XJ,CRJ9,BOMBARDIER Regional Jet CRJ-900,0
landing,JFK,22L,1782597539.45,2026-06-27T21:58:59Z,40.636024,-73.762054,213.8,a6aaba,N529DT,A21N,AIRBUS A-321neo,0
takeoff,JFK,22R,1782597568.4,2026-06-27T21:59:28Z,40.646423,-73.76653,210.9,a37af8,N323RM,B38M,BOEING 737 MAX 8,0
takeoff,JFK,22R,1782597624.78,2026-06-27T22:00:24Z,40.64653,-73.766449,210.9,abf6ae,N870DN,B739,BOEING 737-900,0
landing,LGA,13,1782597644.47,2026-06-27T22:00:44Z,40.772621,-73.859558,149.1,abd41a,N861RW,E170,EMBRAER ERJ-170-100,0
landing,JFK,22L,1782597661.65,2026-06-27T22:01:01Z,40.6361,-73.762051,210.9,a883bd,N648JB,A320,AIRBUS A-320,0
takeoff,JFK,22R,1782597673.42,2026-06-27T22:01:13Z,40.64645,-73.76651,210.9,acab54,N915XJ,CRJ9,BOMBARDIER Regional Jet CRJ-900,0
landing,LGA,13,1782597716.7,2026-06-27T22:01:56Z,40.776134,-73.865616,120.9,c05ea2,C-GJVT,A320,AIRBUS A-320,0
takeoff,JFK,22R,1782597739.96,2026-06-27T22:02:19Z,40.644733,-73.767853,210.9,a35854,N3142J,BCS3,AIRBUS A220-300,0
landing,JFK,22L,1782597780.43,2026-06-27T22:03:00Z,40.634468,-73.76329,210.9,a657f4,N508DA,A21N,AIRBUS A-321neo,0
takeoff,JFK,22R,1782597786.14,2026-06-27T22:03:06Z,40.646484,-73.766495,210.9,394a04,F-GSQE,B77W,BOEING 777-300ER,0
landing,LGA,13,1782597836.57,2026-06-27T22:03:56Z,40.77261,-73.859573,149.1,a23fb2,N244JQ,E75L,EMBRAER ERJ-170-200 (long wing),0
takeoff,JFK,22R,1782597857.06,2026-06-27T22:04:17Z,40.646336,-73.766602,210.9,aaae4b,N788AN,B772,BOEING 777-200,0
takeoff,LGA,13,1782597863.1,2026-06-27T22:04:23Z,40.779911,-73.873535,120.9,a471ec,N386DN,A321,AIRBUS A-321,0
landing,JFK,22L,1782597916.87,2026-06-27T22:05:16Z,40.633726,-73.763892,210.9,3965b0,F-GZNQ,B77W,BOEING 777-300ER,0
landing,LGA,13,1782597942.95,2026-06-27T22:05:42Z,40.775494,-73.864258,123.8,a35ab8,N315PQ,CRJ9,BOMBARDIER Regional Jet CRJ-900,0
takeoff,JFK,22R,1782597995.8,2026-06-27T22:06:35Z,40.64637,-73.766571,210.9,a7ac8f,N594DA,A21N,AIRBUS A-321neo,0
takeoff,JFK,22R,1782598060.06,2026-06-27T22:07:40Z,40.644992,-73.767653,210.9,a38af8,N3272J,BCS3,AIRBUS A220-300,0
landing,LGA,13,1782598097.34,2026-06-27T22:08:17Z,40.7757,-73.864716,123.8,a4bdb9,N404YX,E75L,EMBRAER ERJ-170-200 (long wing),0
takeoff,JFK,22R,1782598110.11,2026-06-27T22:08:30Z,40.646016,-73.766873,210.9,a04641,N117AN,A321,AIRBUS A-321,0
landing,JFK,22L,1782598120.29,2026-06-27T22:08:40Z,40.634669,-73.763143,210.9,40771a,G-VDOT,A35K,AIRBUS A-350-1000,0
takeoff,JFK,22R,1782598171.71,2026-06-27T22:09:31Z,40.645911,-73.766936,210.9,add376,N990JL,A321,AIRBUS A-321,0
landing,LGA,13,1782598199.35,2026-06-27T22:09:59Z,40.778137,-73.869827,120.9,a0855d,N13227,B738,BOEING 737-800,0
takeoff,JFK,22R,1782598227.2,2026-06-27T22:10:27Z,40.64637,-73.766586,210.9,a35e9c,N316RK,B38M,BOEING 737 MAX 8,0
takeoff,LGA,13,1782598239.21,2026-06-27T22:10:39Z,40.781483,-73.876861,120.9,a51425,N426YX,E75L,EMBRAER ERJ-170-200 (long wing),0
landing,JFK,22L,1782598283.89,2026-06-27T22:11:23Z,40.636322,-73.761856,210.9,acb679,N918XJ,CRJ9,BOMBARDIER Regional Jet CRJ-900,0
takeoff,JFK,22R,1782598286.59,2026-06-27T22:11:26Z,40.64569,-73.767107,210.9,a0f4b5,N1605,B763,BOEING 767-300,0
landing,LGA,13,1782598324.31,2026-06-27T22:12:04Z,40.777016,-73.867462,120.9,a3761c,N322DU,BCS3,AIRBUS A220-300,0
landing,JFK,22L,1782598365.43,2026-06-27T22:12:45Z,40.63488,-73.762955,210.9,ab1122,N812DN,B739,BOEING 737-900,0
takeoff,LGA,13,1782598365.64,2026-06-27T22:12:45Z,40.78149,-73.876831,123.8,a2270f,N238JQ,E75L,EMBRAER ERJ-170-200 (long wing),0
takeoff,JFK,22R,1782598377.71,2026-06-27T22:12:57Z,40.644997,-73.767639,210.9,a37fd3,N3242J,BCS3,,0
takeoff,JFK,22R,1782598428.23,2026-06-27T22:13:48Z,40.646807,-73.766218,210.9,c063eb,C-GLVU,B38M,BOEING 737 MAX 8,0
landing,LGA,13,1782598462.13,2026-06-27T22:14:22Z,40.777503,-73.868465,118.1,a7d725,N604LR,CRJ9,BOMBARDIER Regional Jet CRJ-900,0
takeoff,JFK,22R,1782598486.2,2026-06-27T22:14:46Z,40.646095,-73.7668,210.9,ad8bed,N972JT,A321,AIRBUS A-321,0
landing,JFK,22L,1782598489.73,2026-06-27T22:14:49Z,40.634797,-73.76305,210.9,a7e54f,N608DN,A21N,AIRBUS A-321neo,0
takeoff,LGA,13,1782598498.23,2026-06-27T22:14:58Z,40.781673,-73.877243,120.9,a04aa9,N118HQ,E75L,EMBRAER ERJ-170-200 (long wing),0
takeoff,JFK,22R,1782598546.29,2026-06-27T22:15:46Z,40.645912,-73.766937,210.9,aa305f,N756AM,B772,BOEING 777-200,0
landing,LGA,13,1782598627.86,2026-06-27T22:17:07Z,40.775734,-73.864814,126.6,a4b294,N401YX,E75L,EMBRAER ERJ-170-200 (long wing),0
takeoff,LGA,13,1782598669.76,2026-06-27T22:17:49Z,40.779562,-73.872804,120.9,a44ca0,N3761R,B738,BOEING 737-800,0
takeoff,JFK,22R,1782598704.68,2026-06-27T22:18:24Z,40.645992,-73.766876,210.9,a35b39,N315UU,B38M,BOEING 737 MAX 8,0
takeoff,LGA,13,1782598724.56,2026-06-27T22:18:44Z,40.781494,-73.87683,120.9,ac159a,N878RW,E170,EMBRAER ERJ-170-100,0
takeoff,JFK,22R,1782598762.71,2026-06-27T22:19:22Z,40.645003,-73.767638,210.9,a04e00,N119DU,BCS1,AIRBUS A220-100,0
takeoff,LGA,13,1782598794.66,2026-06-27T22:19:54Z,40.78149,-73.876816,120.9,a4eca6,N416YX,E75L,EMBRAER ERJ-170-200 (long wing),0
landing,JFK,22L,1782598812.3,2026-06-27T22:20:12Z,40.636299,-73.761856,210.9,ab8862,N842MH,B764,BOEING 767-400,0
takeoff,JFK,22R,1782598815.25,2026-06-27T22:20:15Z,40.646342,-73.766592,210.9,a6833b,N519DT,A21N,AIRBUS A-321neo,0
takeoff,JFK,22R,1782598863.09,2026-06-27T22:21:03Z,40.645775,-73.767044,213.8,ab4c76,N827SK,CRJ9,BOMBARDIER Regional Jet CRJ-900,0
takeoff,LGA,13,1782598877.21,2026-06-27T22:21:17Z,40.780075,-73.88006,81.6,ac1f61,N880RW,E170,EMBRAER ERJ-170-100,0
landing,LGA,13,1782598890.01,2026-06-27T22:21:30Z,40.780075,-73.88006,81.6,ac1f61,N880RW,E170,EMBRAER ERJ-170-100,0
landing,LGA,13,1782598895.97,2026-06-27T22:21:35Z,40.773999,-73.861209,126.6,a384f8,N326DU,BCS3,AIRBUS A220-300,0
takeoff,LGA,13,1782598919.34,2026-06-27T22:21:59Z,40.781599,-73.877033,123.8,a9b0ed,N723YX,E75L,EMBRAER ERJ-170-200 (long wing),0
landing,JFK,22L,1782598932.51,2026-06-27T22:22:12Z,40.636961,-73.761364,210.9,76cce2,9V-SGB,A359,AIRBUS A-350-900,0
takeoff,JFK,22R,1782598955.14,2026-06-27T22:22:35Z,40.645351,-73.76738,210.9,3c651a,D-AIHZ,A346,AIRBUS A-340-600,0
takeoff,LGA,13,1782598996.71,2026-06-27T22:23:16Z,40.779667,-73.873007,123.8,a3e011,N349PQ,CRJ9,BOMBARDIER Regional Jet CRJ-900,0
landing,JFK,22L,1782599043.29,2026-06-27T22:24:03Z,40.63397,-73.76369,210.9,781ebb,B-222V,B77L,BOEING 777-200LR,0
takeoff,JFK,22R,1782599071.74,2026-06-27T22:24:31Z,40.645911,-73.766936,210.9,a13391,N177DZ,B763,BOEING 767-300,0
landing,LGA,13,1782599091.21,2026-06-27T22:24:51Z,40.774989,-73.863675,143.4,ac2bd6,N88332,E75L,EMBRAER ERJ-170-200 (long wing),0
takeoff,LGA,04,1782599110.21,2026-06-27T22:25:10Z,40.780655,-73.878342,351.6,ac1f61,N880RW,E170,EMBRAER ERJ-170-100,0
landing,LGA,04,1782599111.86,2026-06-27T22:25:11Z,40.780701,-73.878357,348.8,ac1f61,N880RW,E170,EMBRAER ERJ-170-100,0
takeoff,LGA,04,1782599113.0,2026-06-27T22:25:13Z,40.780726,-73.878359,348.8,ac1f61,N880RW,E170,EMBRAER ERJ-170-100,0
landing,LGA,04,1782599113.99,2026-06-27T22:25:13Z,40.780746,-73.878372,348.8,ac1f61,N880RW,E170,EMBRAER ERJ-170-100,0
takeoff,LGA,13,1782599121.06,2026-06-27T22:25:21Z,40.779842,-73.873366,120.9,ac34bf,N886GK,B38M,BOEING 737 MAX 8,0
landing,JFK,22L,1782599169.97,2026-06-27T22:26:09Z,40.636065,-73.762051,210.9,4cadfb,EI-HPB,A339,AIRBUS A-330-900,0
takeoff,JFK,22R,1782599176.55,2026-06-27T22:26:16Z,40.645775,-73.767044,210.9,ad4804,N955JB,A321,AIRBUS A-321,0
takeoff,LGA,13,1782599183.37,2026-06-27T22:26:23Z,40.779574,-73.872819,120.9,a3a9b6,N335PQ,CRJ9,BOMBARDIER Regional Jet CRJ-900,0
takeoff,JFK,22R,1782599233.43,2026-06-27T22:27:13Z,40.645445,-73.76731,210.9,ab8c19,N843MH,B764,BOEING 767-400,0
landing,LGA,13,1782599264.15,2026-06-27T22:27:44Z,40.772598,-73.859589,149.1,a1a56d,N205JQ,E75L,EMBRAER ERJ-170-200 (long wing),0
takeoff,LGA,13,1782599284.55,2026-06-27T22:28:04Z,40.781479,-73.876785,123.8,ac1f61,N880RW,E170,EMBRAER ERJ-170-100,0
takeoff,JFK,22R,1782599318.67,2026-06-27T22:28:38Z,40.646095,-73.766785,210.9,a1bc29,N2102J,A21N,AIRBUS A-321neo,0
landing,JFK,22L,1782599321.38,2026-06-27T22:28:41Z,40.634401,-73.763346,210.9,a009a4,N101NN,A321,AIRBUS A-321,0
takeoff,LGA,13,1782599367.58,2026-06-27T22:29:27Z,40.779545,-73.872772,120.9,a36eae,N320DU,BCS3,AIRBUS A220-300,0
takeoff,JFK,22R,1782599380.58,2026-06-27T22:29:40Z,40.644887,-73.767747,210.9,a37c1c,N3232J,BCS3,,0
takeoff,LGA,13,1782599420.5,2026-06-27T22:30:20Z,40.781502,-73.876846,120.9,a21bea,N235JQ,E75L,EMBRAER ERJ-170-200 (long wing),0
landing,JFK,22L,1782599424.22,2026-06-27T22:30:24Z,40.635123,-73.762769,210.9,a70f11,N554JB,A320,AIRBUS A-320,0
takeoff,JFK,22R,1782599434.15,2026-06-27T22:30:34Z,40.645638,-73.767151,208.1,abec9b,N868AM,B38M,BOEING 737 MAX 8,0
takeoff,JFK,22R,1782599488.14,2026-06-27T22:31:28Z,40.6464,-73.766561,210.9,4cabd2,EI-LRF,A21N,AIRBUS A-321neo,0
takeoff,LGA,13,1782599491.09,2026-06-27T22:31:31Z,40.779807,-73.873319,120.9,ace5b6,N930AN,B738,BOEING 737-800,0
landing,JFK,22L,1782599519.85,2026-06-27T22:31:59Z,40.634617,-73.763168,210.9,347388,EC-NXE,A359,AIRBUS A-350-900,0
landing,JFK,22L,1782599520.39,2026-06-27T22:32:00Z,40.634422,-73.763321,210.9,347388,EC-NXE,A359,AIRBUS A-350-900,0
takeoff,JFK,22R,1782599544.48,2026-06-27T22:32:24Z,40.646865,-73.766186,210.9,a788d3,N585DN,A21N,,0
takeoff,LGA,13,1782599598.98,2026-06-27T22:33:18Z,40.781425,-73.87669,120.9,c03dac,C-FXJF,E75S,EMBRAER ERJ-170-200 (short wing),0
takeoff,JFK,22R,1782599611.0,2026-06-27T22:33:31Z,40.645981,-73.766889,210.9,ac7658,N9018E,A319,AIRBUS A-319,0
landing,JFK,22L,1782599655.32,2026-06-27T22:34:15Z,40.632725,-73.764657,210.9,ab09b4,N810DN,B739,BOEING 737-900,0
takeoff,LGA,13,1782599669.86,2026-06-27T22:34:29Z,40.781471,-73.876783,120.9,abe2f6,N865RW,E170,EMBRAER ERJ-170-100,0
takeoff,LGA,13,1782599737.07,2026-06-27T22:35:37Z,40.781599,-73.877064,123.8,a52911,N431YX,E75L,EMBRAER ERJ-170-200 (long wing),0
landing,JFK,22L,1782599748.16,2026-06-27T22:35:48Z,40.63512,-73.762802,210.9,adde95,N993JE,A321,AIRBUS A-321,0
takeoff,LGA,13,1782599814.43,2026-06-27T22:36:54Z,40.779551,-73.872788,120.9,a7c849,N600LR,CRJ9,BOMBARDIER Regional Jet CRJ-900,0
landing,JFK,22L,1782599829.26,2026-06-27T22:37:09Z,40.636471,-73.761719,210.9,a39948,N3308J,BCS3,AIRBUS A220-300,0
takeoff,LGA,13,1782599885.18,2026-06-27T22:38:05Z,40.780412,-73.874583,120.9,a335fa,N306DU,BCS3,AIRBUS A220-300,0
landing,JFK,22L,1782599912.96,2026-06-27T22:38:32Z,40.633141,-73.764343,210.9,a35b27,N315UA,B38M,BOEING 737 MAX 8,0
takeoff,LGA,13,1782599947.63,2026-06-27T22:39:07Z,40.781518,-73.876877,120.9,a1b092,N208JQ,E75L,EMBRAER ERJ-170-200 (long wing),0
takeoff,JFK,22R,1782599952.0,2026-06-27T22:39:12Z,40.645923,-73.76692,210.9,a38d8f,N328RR,B38M,BOEING 737 MAX 8,0
landing,JFK,22L,1782600000.13,2026-06-27T22:40:00Z,40.633564,-73.764053,210.9,a50370,N422DZ,A339,AIRBUS A-330-900,0
takeoff,LGA,13,1782600016.74,2026-06-27T22:40:16Z,40.781494,-73.876846,120.9,ab282b,N818MD,E170,EMBRAER ERJ-170-100,0
landing,LGA,13,1782600081.25,2026-06-27T22:41:21Z,40.777072,-73.867545,120.9,a45210,N378FR,A20N,AIRBUS A-320neo,0
takeoff,LGA,13,1782600117.41,2026-06-27T22:41:57Z,40.781536,-73.876923,120.9,a51b93,N428YX,E75L,EMBRAER ERJ-170-200 (long wing),0
landing,JFK,22L,1782600144.44,2026-06-27T22:42:24Z,40.635565,-73.762426,210.9,a96ba2,N706JB,A320,AIRBUS A-320,0
takeoff,LGA,13,1782600198.94,2026-06-27T22:43:18Z,40.780014,-73.873749,120.9,a42e13,N369DN,A321,AIRBUS A-321,0
landing,JFK,22L,1782600220.54,2026-06-27T22:43:40Z,40.636665,-73.761612,210.9,4cc587,TF-IAG,A21N,AIRBUS A-321neo,0
takeoff,JFK,22R,1782600248.85,2026-06-27T22:44:08Z,40.644939,-73.767715,209.6,4075c3,G-CKWS,B789,BOEING 787-9 Dreamliner,0
takeoff,LGA,13,1782600270.21,2026-06-27T22:44:30Z,40.778375,-73.870291,123.8,a60e95,N49JP,BE9L,,0
landing,JFK,22L,1782600322.09,2026-06-27T22:45:22Z,40.635064,-73.762831,210.9,4ca5c7,EI-DUZ,A333,AIRBUS A-330-300,0
takeoff,JFK,22R,1782600358.82,2026-06-27T22:45:58Z,40.646027,-73.766842,210.9,ab5975,N830MH,B764,BOEING 767-400,0
landing,LGA,13,1782600397.95,2026-06-27T22:46:37Z,40.776758,-73.866936,120.9,a46a7e,N384DN,A321,AIRBUS A-321,0
takeoff,JFK,22R,1782600419.06,2026-06-27T22:46:59Z,40.645157,-73.767548,210.9,44ccd1,OO-SFQ,A333,AIRBUS A-330-300,0
landing,JFK,22R,1782600419.85,2026-06-27T22:46:59Z,40.644848,-73.767776,210.9,44ccd1,OO-SFQ,A333,AIRBUS A-330-300,0
takeoff,JFK,22R,1782600419.85,2026-06-27T22:46:59Z,40.644848,-73.767776,210.9,44ccd1,OO-SFQ,A333,AIRBUS A-330-300,0
landing,JFK,22L,1782600432.88,2026-06-27T22:47:12Z,40.634448,-73.763346,209.6,485342,PH-BHH,B789,BOEING 787-9 Dreamliner,0
takeoff,LGA,13,1782600439.72,2026-06-27T22:47:19Z,40.779922,-73.873535,120.9,ac7e15,N904AN,B738,BOEING 737-800,0
landing,LGA,31,1782600482.88,2026-06-27T22:48:02Z,40.775986,-73.869156,275.6,a51f4a,N429YX,E75L,EMBRAER ERJ-170-200 (long wing),0
landing,LGA,13,1782600525.14,2026-06-27T22:48:45Z,40.772824,-73.859742,146.2,a445d9,N3746H,B738,BOEING 737-800,0
takeoff,JFK,22R,1782600548.69,2026-06-27T22:49:08Z,40.64484,-73.767763,210.9,a3298a,N3023J,BCS3,AIRBUS A220-300,0
takeoff,LGA,13,1782600549.99,2026-06-27T22:49:09Z,40.779574,-73.872804,120.9,c04af4,C-GCJZ,CRJ9,BOMBARDIER Regional Jet CRJ-900,0
landing,JFK,22L,1782600572.31,2026-06-27T22:49:32Z,40.634754,-73.763077,210.9,ab58b2,N830DN,B739,BOEING 737-900,0
takeoff,JFK,22R,1782600608.76,2026-06-27T22:50:08Z,40.645844,-73.766998,210.9,ad3997,N951NN,B738,BOEING 737-800,0
landing,LGA,13,1782600620.09,2026-06-27T22:50:20Z,40.777187,-73.867813,120.9,a5d1b9,N474UA,A320,AIRBUS A-320,0
takeoff,LGA,13,1782600661.87,2026-06-27T22:51:01Z,40.781776,-73.877426,123.8,a075df,N129HQ,E75L,EMBRAER ERJ-170-200 (long wing),0
landing,JFK,22L,1782600679.59,2026-06-27T22:51:19Z,40.633152,-73.764328,210.9,406948,G-STBH,B77W,BOEING 777-300ER,0
takeoff,LGA,13,1782600742.55,2026-06-27T22:52:22Z,40.780505,-73.87477,120.9,abb4ea,N8530W,B738,BOEING 737-800,0
landing,JFK,22L,1782600777.33,2026-06-27T22:52:57Z,40.633381,-73.76413,209.6,02013d,CN-RGX,B789,BOEING 787-9 Dreamliner,0
landing,LGA,13,1782600791.02,2026-06-27T22:53:11Z,40.776734,-73.866905,120.9,a49206,N394DX,A321,AIRBUS A-321,0
takeoff,JFK,22R,1782600794.49,2026-06-27T22:53:14Z,40.645168,-73.767517,210.9,4075b3,G-VLUX,A35K,AIRBUS A-350-1000,0
landing,LGA,13,1782600874.86,2026-06-27T22:54:34Z,40.773937,-73.861069,126.6,acf0da,N933AM,A321,AIRBUS A-321,0
landing,JFK,22L,1782600876.48,2026-06-27T22:54:36Z,40.633804,-73.763824,210.9,780c5c,B-2092,B77L,BOEING 777-200LR,0
takeoff,JFK,22R,1782600877.81,2026-06-27T22:54:37Z,40.64583,-73.767014,209.6,aba155,N849AN,B789,BOEING 787-9 Dreamliner,0
takeoff,LGA,13,1782600921.36,2026-06-27T22:55:21Z,40.778984,-73.871582,120.9,a3560b,N314DU,BCS3,AIRBUS A220-300,0
landing,LGA,13,1782600956.83,2026-06-27T22:55:56Z,40.77734,-73.868153,120.9,a364e7,N318DU,BCS3,,0
landing,JFK,22L,1782600976.01,2026-06-27T22:56:16Z,40.634365,-73.763397,210.9,461f06,OH-LTM,A333,AIRBUS A-330-300,0
takeoff,JFK,22R,1782600976.17,2026-06-27T22:56:16Z,40.646365,-73.766577,210.9,a67bc8,N517DN,A21N,AIRBUS A-321neo,0
takeoff,LGA,13,1782601002.56,2026-06-27T22:56:42Z,40.781273,-73.876362,120.9,c0616e,C-GKXH,E295,EMBRAER ERJ-190-400,0
takeoff,JFK,22R,1782601027.79,2026-06-27T22:57:07Z,40.645763,-73.767075,210.9,a7167f,N556JB,A320,AIRBUS A-320,0
landing,LGA,13,1782601062.57,2026-06-27T22:57:42Z,40.776215,-73.865799,120.9,ad38bf,N951DX,B739,BOEING 737-900,0
takeoff,JFK,22R,1782601084.24,2026-06-27T22:58:04Z,40.645786,-73.767029,210.9,40621c,G-STBB,B77W,BOEING 777-300ER,0
takeoff,LGA,13,1782601106.72,2026-06-27T22:58:26Z,40.77983,-73.873366,120.9,a43423,N370DN,A321,AIRBUS A-321,0
landing,JFK,22L,1782601111.88,2026-06-27T22:58:31Z,40.635076,-73.762816,210.9,a3871e,N3261J,BCS3,,0
landing,JFK,22L,1782601183.24,2026-06-27T22:59:43Z,40.633198,-73.764297,210.9,a441c9,N3733Z,B738,BOEING 737-800,0
landing,LGA,13,1782601216.77,2026-06-27T23:00:16Z,40.772747,-73.861053,149.1,ab3d17,N823MD,E170,EMBRAER ERJ-170-100,0
landing,LGA,13,1782601235.28,2026-06-27T23:00:35Z,40.772919,-73.859818,143.4,c084a3,C-GYFY,A321,AIRBUS A-321,0
takeoff,JFK,22R,1782601252.89,2026-06-27T23:00:52Z,40.646109,-73.766779,210.9,ad9712,N975JT,A321,AIRBUS A-321,0
takeoff,LGA,13,1782601263.81,2026-06-27T23:01:03Z,40.7799,-73.873506,123.8,c05efa,C-GJZD,DH8D,DE HAVILLAND DHC-8-400 Dash 8,0
landing,JFK,22L,1782601274.5,2026-06-27T23:01:14Z,40.633163,-73.764328,210.9,ad846f,N970JB,A321,AIRBUS A-321,0
takeoff,JFK,22R,1782601317.97,2026-06-27T23:01:57Z,40.644445,-73.76809,210.9,ab5d52,N831NW,A333,AIRBUS A-330-300,0
landing,JFK,22L,1782601362.32,2026-06-27T23:02:42Z,40.636574,-73.761642,210.9,a5fc87,N485PX,CRJ9,BOMBARDIER Regional Jet CRJ-900,0
takeoff,JFK,22R,1782601377.88,2026-06-27T23:02:57Z,40.646318,-73.766608,210.9,3965a7,F-GZNH,B77W,BOEING 777-300ER,0
takeoff,LGA,13,1782601381.51,2026-06-27T23:03:01Z,40.781448,-73.876736,120.9,a0144e,N104HQ,E75L,EMBRAER ERJ-170-200 (long wing),0
landing,JFK,22L,1782601440.66,2026-06-27T23:04:00Z,40.635658,-73.762363,210.9,a3244c,N301NY,A21N,AIRBUS A-321neo,0
takeoff,LGA,13,1782601464.05,2026-06-27T23:04:24Z,40.7799,-73.873489,120.9,a9d5e7,N73278,B738,BOEING 737-800,0
takeoff,JFK,22R,1782601509.3,2026-06-27T23:05:09Z,40.645748,-73.76706,210.9,ada227,N978JB,A321,AIRBUS A-321,0
takeoff,LGA,13,1782601517.28,2026-06-27T23:05:17Z,40.781525,-73.876892,120.9,abbb77,N855RW,E170,EMBRAER ERJ-170-100,0
landing,JFK,22L,1782601533.88,2026-06-27T23:05:33Z,40.634216,-73.763489,210.9,a01c37,N106NN,A321,AIRBUS A-321,0
landing,JFK,22L,1782601642.56,2026-06-27T23:07:22Z,40.634514,-73.763275,210.9,a779b0,N581AS,B738,BOEING 737-800,0
landing,JFK,22R,1782601654.98,2026-06-27T23:07:34Z,40.631608,-73.778094,210.9,a1f3c7,N225CA,PAY1,PIPER PA-31T1-500 Cheyenne 1,0
takeoff,JFK,22R,1782601683.31,2026-06-27T23:08:03Z,40.648925,-73.764563,210.9,a4fddb,N420YX,E75L,EMBRAER ERJ-170-200 (long wing),0
landing,JFK,22L,1782601744.56,2026-06-27T23:09:04Z,40.632465,-73.764847,210.9,a19691,N201JQ,E75L,EMBRAER ERJ-170-200 (long wing),0
takeoff,LGA,13,1782601755.82,2026-06-27T23:09:15Z,40.781017,-73.875862,120.9,a14da8,N183UW,A321,AIRBUS A-321,0
takeoff,JFK,22R,1782601759.55,2026-06-27T23:09:19Z,40.644711,-73.767883,210.9,ab4fd4,N828NW,A333,AIRBUS A-330-300,0
landing,JFK,22L,1782601820.17,2026-06-27T23:10:20Z,40.634238,-73.763471,210.9,adafb5,N981JT,A321,AIRBUS A-321,0
landing,LGA,13,1782601888.4,2026-06-27T23:11:28Z,40.77285,-73.859772,146.2,a50192,N421YX,E75L,EMBRAER ERJ-170-200 (long wing),0
takeoff,JFK,22R,1782601907.93,2026-06-27T23:11:47Z,40.645454,-73.767288,210.9,a1373d,N178DN,B763,BOEING 767-300,0
landing,JFK,22L,1782601917.35,2026-06-27T23:11:57Z,40.635274,-73.762675,210.9,8406d0,JA01WJ,A35K,AIRBUS A-350-1000,0
landing,LGA,13,1782601940.42,2026-06-27T23:12:20Z,40.777565,-73.868591,120.9,a3776f,N322TH,B38M,BOEING 737 MAX 8,0
takeoff,LGA,13,1782601994.28,2026-06-27T23:13:14Z,40.77983,-73.873366,120.9,a03f1e,N115DN,A321,AIRBUS A-321,0
landing,JFK,22L,1782602004.34,2026-06-27T23:13:24Z,40.634191,-73.763534,212.4,c8243a,ZK-NZM,B789,BOEING 787-9 Dreamliner,0
takeoff,JFK,22R,1782602028.57,2026-06-27T23:13:48Z,40.645131,-73.767544,210.9,ab5d4a,N831NN,B738,BOEING 737-800,0
landing,LGA,13,1782602042.46,2026-06-27T23:14:02Z,40.77706,-73.86756,120.9,a3a0cf,N33289,B738,BOEING 737-800,0
takeoff,JFK,22R,1782602091.74,2026-06-27T23:14:51Z,40.644596,-73.767975,210.9,478854,LN-RKS,A333,AIRBUS A-330-300,0
landing,LGA,13,1782602119.0,2026-06-27T23:15:19Z,40.777281,-73.868013,120.9,a44308,N374DX,A321,AIRBUS A-321,0
landing,JFK,22L,1782602145.91,2026-06-27T23:15:45Z,40.633621,-73.763962,208.1,ad734a,N966JT,A321,AIRBUS A-321,0
takeoff,LGA,13,1782602176.14,2026-06-27T23:16:16Z,40.779993,-73.873678,120.9,c05ea2,C-GJVT,A320,AIRBUS A-320,0
takeoff,JFK,22R,1782602221.47,2026-06-27T23:17:01Z,40.649146,-73.764392,210.9,a4da13,N411YX,E75L,EMBRAER ERJ-170-200 (long wing),0
landing,JFK,22L,1782602238.61,2026-06-27T23:17:18Z,40.634972,-73.762894,210.9,a8222c,N623JB,A320,AIRBUS A-320,0
landing,LGA,13,1782602270.22,2026-06-27T23:17:50Z,40.777025,-73.867467,120.9,a1270a,N17321,B38M,BOEING 737 MAX 8,0
takeoff,JFK,22R,1782602289.68,2026-06-27T23:18:09Z,40.645798,-73.767014,210.9,4006c0,G-VIIN,B772,BOEING 777-200,0
landing,JFK,22L,1782602307.16,2026-06-27T23:18:27Z,40.636112,-73.762004,208.1,a7cc00,N601LR,CRJ9,BOMBARDIER Regional Jet CRJ-900,0
takeoff,LGA,13,1782602317.31,2026-06-27T23:18:37Z,40.7799,-73.873505,120.9,abc107,N8567Z,B738,BOEING 737-800,0
takeoff,JFK,22R,1782602395.33,2026-06-27T23:19:55Z,40.646301,-73.766632,210.9,a726fb,N560AS,B738,BOEING 737-800,0
landing,JFK,22L,1782602402.38,2026-06-27T23:20:02Z,40.637741,-73.760725,210.9,ab6519,N833SK,CRJ9,BOMBARDIER Regional Jet CRJ-900,0
landing,LGA,13,1782602402.45,2026-06-27T23:20:02Z,40.776467,-73.866327,118.1,a7dadc,N605LR,CRJ9,BOMBARDIER Regional Jet CRJ-900,0
takeoff,JFK,22R,1782602463.63,2026-06-27T23:21:03Z,40.645317,-73.767372,210.9,a2733d,N257TW,PC12,,0
landing,JFK,22L,1782602489.87,2026-06-27T23:21:29Z,40.635018,-73.762862,210.9,406b05,G-STBL,B77W,BOEING 777-300ER,0
landing,LGA,13,1782602540.44,2026-06-27T23:22:20Z,40.777153,-73.867783,120.9,a02c94,N110DX,A321,AIRBUS A-321,0
landing,JFK,22R,1782602570.54,2026-06-27T23:22:50Z,40.632888,-73.777126,210.9,a67883,N516JB,A320,AIRBUS A-320,0
landing,JFK,22L,1782602607.04,2026-06-27T23:23:27Z,40.634159,-73.763535,210.9,8963f3,A6-EOV,A388,AIRBUS A-380-800,0
takeoff,LGA,13,1782602612.04,2026-06-27T23:23:32Z,40.779609,-73.872897,120.9,acfd2c,N936NN,B738,BOEING 737-800,0
takeoff,JFK,22R,1782602659.41,2026-06-27T23:24:19Z,40.645958,-73.766904,210.9,a7d32e,N603JB,A320,AIRBUS A-320,0
takeoff,JFK,22R,1782602719.0,2026-06-27T23:25:19Z,40.646458,-73.766499,210.9,4850f6,PH-BVN,B77W,BOEING 777-300ER,0
landing,JFK,22L,1782602751.69,2026-06-27T23:25:51Z,40.634832,-73.763034,210.9,aa7ba7,N775AN,B772,BOEING 777-200,0
takeoff,LGA,13,1782602770.14,2026-06-27T23:26:10Z,40.779714,-73.873116,120.9,ad4747,N955AN,B738,BOEING 737-800,0
takeoff,JFK,22R,1782602791.01,2026-06-27T23:26:31Z,40.644922,-73.767716,209.6,48ae03,SP-LRD,B788,BOEING 787-8 Dreamliner,0
landing,JFK,22R,1782602791.46,2026-06-27T23:26:31Z,40.644733,-73.767853,209.6,48ae03,SP-LRD,B788,BOEING 787-8 Dreamliner,0
takeoff,JFK,22R,1782602791.46,2026-06-27T23:26:31Z,40.644733,-73.767853,209.6,48ae03,SP-LRD,B788,BOEING 787-8 Dreamliner,0
landing,JFK,22L,1782602841.25,2026-06-27T23:27:21Z,40.634972,-73.762924,209.6,ab3c0d,N823AN,B789,BOEING 787-9 Dreamliner,0
takeoff,JFK,22R,1782602908.7,2026-06-27T23:28:28Z,40.64612,-73.766811,210.9,a70c67,N553UW,A321,AIRBUS A-321,0
landing,JFK,22L,1782602943.73,2026-06-27T23:29:03Z,40.632609,-73.764766,210.9,4d0110,LX-RCV,B744,BOEING 747-400,0
takeoff,JFK,22R,1782602974.15,2026-06-27T23:29:34Z,40.645855,-73.766968,210.9,ad4f72,N957JB,A321,AIRBUS A-321,0
takeoff,JFK,22R,1782603040.13,2026-06-27T23:30:40Z,40.649123,-73.764407,210.9,a1ecfd,N223JQ,E75L,EMBRAER ERJ-170-200 (long wing),0
landing,LGA,13,1782603042.96,2026-06-27T23:30:42Z,40.772198,-73.859268,154.7,adeca5,N997AA,A321,AIRBUS A-321,0
landing,JFK,22L,1782603091.79,2026-06-27T23:31:31Z,40.63553,-73.762488,210.9,a67c3a,N517JB,A320,AIRBUS A-320,0
takeoff,JFK,22R,1782603111.29,2026-06-27T23:31:51Z,40.644747,-73.767841,210.9,a44e18,N377DA,B738,BOEING 737-800,0
takeoff,JFK,22R,1782603166.7,2026-06-27T23:32:46Z,40.644957,-73.767685,210.9,abc29a,N857NW,A332,AIRBUS A-330-200,0
landing,JFK,22L,1782603172.46,2026-06-27T23:32:52Z,40.634205,-73.763489,210.9,a36b73,N3196J,BCS3,AIRBUS A220-300,0
landing,LGA,13,1782603175.51,2026-06-27T23:32:55Z,40.777393,-73.868225,123.8,c080db,C-GWUS,BCS3,AIRBUS A220-300,0
takeoff,JFK,04L,1782603205.14,2026-06-27T23:33:25Z,40.650915,-73.764579,36.6,a98539,N712TW,B752,BOEING 757-200,0
takeoff,JFK,22R,1782603237.77,2026-06-27T23:33:57Z,40.646015,-73.766891,210.9,aa253b,N753AN,B772,BOEING 777-200,0
landing,JFK,22L,1782603259.46,2026-06-27T23:34:19Z,40.635658,-73.76239,210.9,a6c013,N534JB,A320,AIRBUS A-320,0
landing,JFK,22L,1782603355.3,2026-06-27T23:35:55Z,40.63425,-73.763487,209.6,04004a,ET-AOT,B788,BOEING 787-8 Dreamliner,0
landing,LGA,13,1782603413.18,2026-06-27T23:36:53Z,40.775722,-73.864783,126.6,a01f73,N107HQ,E75L,EMBRAER ERJ-170-200 (long wing),0
takeoff,LGA,13,1782603454.22,2026-06-27T23:37:34Z,40.779613,-73.872894,120.9,a384f8,N326DU,BCS3,AIRBUS A220-300,0
takeoff,JFK,22R,1782603455.46,2026-06-27T23:37:35Z,40.644642,-73.767919,210.9,a34e01,N3118J,BCS3,AIRBUS A220-300,0
landing,JFK,22L,1782603467.89,2026-06-27T23:37:47Z,40.635143,-73.762772,210.9,a54137,N438DX,A339,AIRBUS A-330-900,0
landing,LGA,13,1782603516.16,2026-06-27T23:38:36Z,40.776546,-73.866455,123.8,a5cf1b,N47332,B38M,BOEING 737 MAX 8,0
takeoff,JFK,22R,1782603525.01,2026-06-27T23:38:45Z,40.644917,-73.767715,210.9,a35592,N3139J,BCS3,AIRBUS A220-300,0
takeoff,JFK,22R,1782603574.41,2026-06-27T23:39:34Z,40.645958,-73.766907,210.9,acb679,N918XJ,CRJ9,BOMBARDIER Regional Jet CRJ-900,0
takeoff,LGA,13,1782603589.12,2026-06-27T23:39:49Z,40.779947,-73.873568,120.9,a0855d,N13227,B738,BOEING 737-800,0
landing,JFK,22L,1782603591.97,2026-06-27T23:39:51Z,40.635344,-73.762613,210.9,a87c4f,N646JB,A320,AIRBUS A-320,0
takeoff,JFK,22R,1782603627.33,2026-06-27T23:40:27Z,40.646336,-73.766617,210.9,710110,HZ-AK38,B77W,BOEING 777-300ER,0
landing,JFK,22L,1782603678.59,2026-06-27T23:41:18Z,40.633793,-73.76384,210.9,adf128,N998JE,A321,AIRBUS A-321,0
takeoff,LGA,13,1782603691.85,2026-06-27T23:41:31Z,40.781518,-73.876846,120.9,ac2bd6,N88332,E75L,EMBRAER ERJ-170-200 (long wing),0
landing,JFK,22L,1782603768.26,2026-06-27T23:42:48Z,40.635507,-73.762472,210.9,a15397,N185DN,B763,BOEING 767-300,0
takeoff,LGA,13,1782603777.38,2026-06-27T23:42:57Z,40.779854,-73.873413,120.9,ac45ac,N890DN,B739,BOEING 737-900,0
takeoff,JFK,22R,1782603832.64,2026-06-27T23:43:52Z,40.645864,-73.766982,210.9,a19d0d,N2029J,A21N,AIRBUS A-321neo,0
landing,JFK,22L,1782603883.39,2026-06-27T23:44:43Z,40.636688,-73.76152,213.8,a977bb,N709TW,B752,BOEING 757-200,0
takeoff,JFK,22R,1782603895.7,2026-06-27T23:44:55Z,40.644375,-73.768122,210.9,a3401a,N3085J,BCS3,AIRBUS A220-300,0
takeoff,JFK,22R,1782603951.82,2026-06-27T23:45:51Z,40.645191,-73.767487,210.9,ac92b1,N909XJ,CRJ9,BOMBARDIER Regional Jet CRJ-900,0
landing,JFK,22L,1782603967.41,2026-06-27T23:46:07Z,40.634514,-73.763275,209.6,440184,OE-LPM,B789,BOEING 787-9 Dreamliner,0
takeoff,LGA,13,1782603978.13,2026-06-27T23:46:18Z,40.779213,-73.872055,120.9,a3761c,N322DU,BCS3,AIRBUS A220-300,0
takeoff,JFK,22R,1782604014.05,2026-06-27T23:46:54Z,40.645672,-73.76712,210.9,a874e1,N644JB,A320,AIRBUS A-320,0
landing,JFK,22L,1782604061.84,2026-06-27T23:47:41Z,40.635498,-73.762512,210.9,3c6573,D-AIKS,A333,AIRBUS A-330-300,0
takeoff,JFK,22R,1782604071.2,2026-06-27T23:47:51Z,40.645411,-73.767341,209.6,ab8b0b,N843AN,B789,BOEING 787-9 Dreamliner,0
landing,JFK,22L,1782604197.61,2026-06-27T23:49:57Z,40.63567,-73.762363,210.9,a32095,N300NY,A21N,AIRBUS A-321neo,0
takeoff,JFK,22R,1782604223.03,2026-06-27T23:50:23Z,40.645981,-73.766876,210.9,aa8b40,N779JB,A320,AIRBUS A-320,0
takeoff,JFK,22R,1782604281.44,2026-06-27T23:51:21Z,40.645363,-73.767349,210.9,a0f4a2,N1604R,B763,BOEING 767-300,0
landing,JFK,22L,1782604303.53,2026-06-27T23:51:43Z,40.632019,-73.765213,210.9,a537ed,N435YX,E75L,EMBRAER ERJ-170-200 (long wing),0
takeoff,JFK,22R,1782604355.57,2026-06-27T23:52:35Z,40.64448,-73.768059,210.9,4b187a,HB-JHA,A333,AIRBUS A-330-300,0
takeoff,LGA,13,1782604360.78,2026-06-27T23:52:40Z,40.779808,-73.873322,120.9,a320a6,N300PQ,CRJ9,BOMBARDIER Regional Jet CRJ-900,0
landing,JFK,22L,1782604392.66,2026-06-27T23:53:12Z,40.635786,-73.762269,205.3,a92ea0,N691CA,CRJ9,BOMBARDIER Regional Jet CRJ-900,0
takeoff,JFK,22R,1782604452.99,2026-06-27T23:54:12Z,40.646062,-73.766826,210.9,a198ed,N2016J,A21N,AIRBUS A-321neo,0
landing,JFK,22L,1782604479.22,2026-06-27T23:54:39Z,40.634937,-73.762924,210.9,ac801e,N904XJ,CRJ9,BOMBARDIER Regional Jet CRJ-900,0
takeoff,LGA,13,1782604493.71,2026-06-27T23:54:53Z,40.779493,-73.872648,120.9,a32814,N302PQ,CRJ9,BOMBARDIER Regional Jet CRJ-900,0
landing,JFK,22R,1782604601.2,2026-06-27T23:56:41Z,40.628803,-73.780319,210.9,a4da13,N411YX,E75L,EMBRAER ERJ-170-200 (long wing),0
landing,JFK,22L,1782604637.6,2026-06-27T23:57:17Z,40.631631,-73.765531,210.9,a20957,N230JQ,E75L,EMBRAER ERJ-170-200 (long wing),0
landing,JFK,22L,1782604729.62,2026-06-27T23:58:49Z,40.636729,-73.761536,210.9,a8deb4,N6704Z,B752,BOEING 757-200,0
