type,airport,runway,timestamp,timestamp_iso,lat,lon,track_deg,icao,registration,aircraft_type,description,db_flags
takeoff,JFK,31L,1784073647.54,2026-07-15T00:00:47Z,40.635541,-73.788409,299.6,7c806a,VH-ZNG,B789,BOEING 787-9 Dreamliner,0
takeoff,JFK,22R,1784073653.53,2026-07-15T00:00:53Z,40.646179,-73.766717,210.9,400774,G-VIIW,B772,BOEING 777-200,0
takeoff,LGA,31,1784073662.27,2026-07-15T00:01:02Z,40.772475,-73.857947,300.9,a4bdb9,N404YX,E75L,EMBRAER ERJ-170-200 (long wing),0
landing,LGA,22,1784073674.45,2026-07-15T00:01:14Z,40.774768,-73.879467,210.9,a4c170,N405YX,E75L,EMBRAER ERJ-170-200 (long wing),0
takeoff,JFK,22R,1784073722.88,2026-07-15T00:02:02Z,40.646062,-73.766826,210.9,7100c8,HZ-AK36,B77W,BOEING 777-300ER,0
landing,JFK,22L,1784073751.93,2026-07-15T00:02:31Z,40.63567,-73.762347,205.3,a095aa,N137EV,CRJ9,BOMBARDIER Regional Jet CRJ-900,0
landing,LGA,22,1784073777.37,2026-07-15T00:02:57Z,40.778084,-73.876783,213.8,a44a6d,N376DN,A321,AIRBUS A-321,0
takeoff,LGA,31,1784073812.78,2026-07-15T00:03:32Z,40.777542,-73.86853,300.9,a781d7,N583JB,A320,AIRBUS A-320,0
landing,JFK,22L,1784073836.5,2026-07-15T00:03:56Z,40.63456,-73.763245,210.9,840df8,JA03WJ,A35K,AIRBUS A-350-1000,0
takeoff,LGA,31,1784073873.62,2026-07-15T00:04:33Z,40.772824,-73.858681,300.9,a3bdac,N340DU,BCS3,AIRBUS A220-300,0
landing,JFK,22R,1784073888.3,2026-07-15T00:04:48Z,40.633994,-73.776268,210.9,a78945,N585JB,A320,AIRBUS A-320,0
takeoff,LGA,31,1784073964.86,2026-07-15T00:06:04Z,40.776398,-73.86615,300.9,a5106e,N425YX,E75L,EMBRAER ERJ-170-200 (long wing),0
takeoff,JFK,31L,1784073966.69,2026-07-15T00:06:06Z,40.635166,-73.787567,298.1,ad27f3,N947JB,A321,AIRBUS A-321,0
takeoff,JFK,22R,1784073978.47,2026-07-15T00:06:18Z,40.647366,-73.765808,210.9,a6bfa6,N534DT,A21N,AIRBUS A-321neo,0
landing,JFK,22L,1784073985.52,2026-07-15T00:06:25Z,40.636147,-73.76202,210.9,a014c9,N104NN,A321,AIRBUS A-321,0
landing,LGA,22,1784074026.46,2026-07-15T00:07:06Z,40.774965,-73.879358,210.9,ad5398,N958NN,B738,BOEING 737-800,0
takeoff,JFK,22R,1784074035.02,2026-07-15T00:07:15Z,40.64647,-73.766499,213.8,a14502,N181GJ,CRJ9,BOMBARDIER Regional Jet CRJ-900,0
takeoff,LGA,31,1784074039.27,2026-07-15T00:07:19Z,40.772438,-73.857849,300.9,ac1951,N879RW,E170,EMBRAER ERJ-170-100,0
takeoff,LGA,31,1784074058.0,2026-07-15T00:07:38Z,40.772289,-73.857542,315.0,a32f82,N304PQ,CRJ9,BOMBARDIER Regional Jet CRJ-900,0
landing,JFK,22L,1784074068.11,2026-07-15T00:07:48Z,40.637985,-73.760568,210.9,a01b5c,N106DU,BCS1,AIRBUS A220-100,0
takeoff,JFK,22R,1784074104.09,2026-07-15T00:08:24Z,40.646141,-73.766769,212.4,e8027b,CC-BBG,B788,BOEING 787-8 Dreamliner,0
landing,LGA,22,1784074121.69,2026-07-15T00:08:41Z,40.777233,-73.877487,213.8,a8c028,N663JB,A320,AIRBUS A-320,0
takeoff,LGA,04,1784074138.39,2026-07-15T00:08:58Z,40.775408,-73.87747,39.4,ad5398,N958NN,B738,BOEING 737-800,0
landing,LGA,04,1784074164.14,2026-07-15T00:09:24Z,40.776048,-73.876861,50.6,ad5398,N958NN,B738,BOEING 737-800,0
landing,LGA,22,1784074232.82,2026-07-15T00:10:32Z,40.775024,-73.879303,210.9,a1d0a3,N216JQ,E75L,EMBRAER ERJ-170-200 (long wing),0
takeoff,JFK,22R,1784074241.47,2026-07-15T00:10:41Z,40.645912,-73.766937,213.8,aae9a3,N802DN,B739,BOEING 737-900,0
takeoff,LGA,31,1784074245.71,2026-07-15T00:10:45Z,40.776123,-73.86554,300.9,a210c5,N232JQ,E75L,EMBRAER ERJ-170-200 (long wing),0
takeoff,LGA,31,1784074295.54,2026-07-15T00:11:35Z,40.7723,-73.85762,303.8,ac83d5,N905XJ,CRJ9,BOMBARDIER Regional Jet CRJ-900,0
takeoff,JFK,22R,1784074308.53,2026-07-15T00:11:48Z,40.646736,-73.766281,216.6,a4fa98,N42PN,PC12,,0
landing,LGA,22,1784074323.15,2026-07-15T00:12:03Z,40.776672,-73.877945,210.9,a77d89,N582CA,CRJ9,BOMBARDIER Regional Jet CRJ-900,0
takeoff,LGA,31,1784074384.67,2026-07-15T00:13:04Z,40.772312,-73.85762,306.6,a6e4e8,N543UW,A321,AIRBUS A-321,0
landing,LGA,22,1784074390.87,2026-07-15T00:13:10Z,40.776432,-73.878125,213.8,a353c8,N313UR,B38M,BOEING 737 MAX 8,0
takeoff,JFK,31L,1784074430.9,2026-07-15T00:13:50Z,40.633701,-73.784332,300.9,a03816,N113HQ,E75L,EMBRAER ERJ-170-200 (long wing),0
landing,JFK,22L,1784074460.6,2026-07-15T00:14:20Z,40.635166,-73.762756,210.9,a36110,N317CM,B763,BOEING 767-300,0
takeoff,JFK,22R,1784074472.1,2026-07-15T00:14:32Z,40.6464,-73.76653,213.8,ac181d,N879DN,B739,BOEING 737-900,0
takeoff,LGA,31,1784074487.81,2026-07-15T00:14:47Z,40.772449,-73.858032,303.8,c010e4,C-FGKH,A320,AIRBUS A-320,0
landing,LGA,22,1784074495.76,2026-07-15T00:14:55Z,40.775047,-73.87928,210.9,a24720,N246JQ,E75L,EMBRAER ERJ-170-200 (long wing),0
takeoff,LGA,31,1784074561.4,2026-07-15T00:16:01Z,40.77251,-73.858041,303.8,ac1e2d,N880DN,B739,BOEING 737-900,0
landing,JFK,22L,1784074567.38,2026-07-15T00:16:07Z,40.636505,-73.761749,210.9,ad9ac9,N976JT,A321,AIRBUS A-321,0
landing,LGA,22,1784074639.44,2026-07-15T00:17:19Z,40.777199,-73.877502,213.8,a335fa,N306DU,BCS3,AIRBUS A220-300,0
takeoff,LGA,22,1784074639.44,2026-07-15T00:17:19Z,40.777199,-73.877502,213.8,a335fa,N306DU,BCS3,AIRBUS A220-300,0
landing,LGA,22,1784074641.33,2026-07-15T00:17:21Z,40.776572,-73.878032,213.8,a335fa,N306DU,BCS3,AIRBUS A220-300,0
landing,JFK,22R,1784074644.24,2026-07-15T00:17:24Z,40.634587,-73.775799,210.9,ac791d,N9021H,A319,AIRBUS A-319,0
takeoff,LGA,31,1784074665.49,2026-07-15T00:17:45Z,40.775848,-73.86499,306.6,ada699,N979RP,E170,EMBRAER ERJ-170-100,0
landing,JFK,22L,1784074691.31,2026-07-15T00:18:11Z,40.634914,-73.76297,213.8,a02c40,N110AN,A321,AIRBUS A-321,0
takeoff,JFK,22R,1784074711.55,2026-07-15T00:18:31Z,40.647226,-73.765937,210.9,4bb144,TC-LJD,B77W,BOEING 777-300ER,0
landing,LGA,22,1784074723.63,2026-07-15T00:18:43Z,40.778061,-73.876799,210.9,a36994,N319PQ,CRJ9,BOMBARDIER Regional Jet CRJ-900,0
takeoff,LGA,31,1784074728.08,2026-07-15T00:18:48Z,40.772812,-73.858603,300.9,acf207,N933NN,B738,BOEING 737-800,0
landing,JFK,22L,1784074769.18,2026-07-15T00:19:29Z,40.637421,-73.760986,210.9,a1a832,N2059J,A21N,AIRBUS A-321neo,0
landing,LGA,22,1784074819.89,2026-07-15T00:20:19Z,40.775139,-73.879166,213.8,a030a8,N111HQ,E75L,EMBRAER ERJ-170-200 (long wing),0
takeoff,JFK,22R,1784074841.01,2026-07-15T00:20:41Z,40.649123,-73.764423,213.8,a00ce0,N102HQ,E75L,EMBRAER ERJ-170-200 (long wing),0
landing,JFK,22L,1784074865.62,2026-07-15T00:21:05Z,40.634704,-73.763143,210.9,3965a4,F-GZNE,B77W,BOEING 777-300ER,0
landing,LGA,22,1784074883.45,2026-07-15T00:21:23Z,40.774979,-73.879333,213.8,a099a7,N138HQ,E75L,EMBRAER ERJ-170-200 (long wing),0
takeoff,JFK,31L,1784074908.44,2026-07-15T00:21:48Z,40.635109,-73.78746,300.9,a690a8,N522DA,A21N,AIRBUS A-321neo,0
landing,JFK,22L,1784074967.44,2026-07-15T00:22:47Z,40.634727,-73.763097,210.9,89901f,B-18006,B77W,BOEING 777-300ER,0
takeoff,LGA,31,1784074973.43,2026-07-15T00:22:53Z,40.772498,-73.857978,292.5,a08317,N132EV,CRJ9,BOMBARDIER Regional Jet CRJ-900,0
takeoff,JFK,22R,1784074976.89,2026-07-15T00:22:56Z,40.645364,-73.767388,210.9,ab35d3,N821NW,A333,AIRBUS A-330-300,0
landing,LGA,22,1784074982.04,2026-07-15T00:23:02Z,40.774384,-73.879715,205.3,aaf002,N80343,E75L,EMBRAER ERJ-170-200 (long wing),0
takeoff,LGA,31,1784075038.69,2026-07-15T00:23:58Z,40.772242,-73.857495,300.9,a1584a,N186PQ,CRJ9,BOMBARDIER Regional Jet CRJ-900,0
takeoff,JFK,22R,1784075049.32,2026-07-15T00:24:09Z,40.645821,-73.767029,210.9,a4d483,N410DZ,A339,AIRBUS A-330-900,0
takeoff,LGA,31,1784075140.25,2026-07-15T00:25:40Z,40.776352,-73.86615,300.9,ac159a,N878RW,E170,EMBRAER ERJ-170-100,0
landing,JFK,22L,1784075154.25,2026-07-15T00:25:54Z,40.635472,-73.762504,213.8,a3ca1a,N343SY,B38M,BOEING 737 MAX 8,0
takeoff,JFK,22R,1784075190.03,2026-07-15T00:26:30Z,40.644859,-73.767761,210.9,4066ab,G-VRAY,A333,AIRBUS A-330-300,0
landing,LGA,22,1784075236.67,2026-07-15T00:27:16Z,40.777014,-73.877673,210.9,aaa58b,N78501,B738,BOEING 737-800,0
takeoff,LGA,31,1784075262.01,2026-07-15T00:27:42Z,40.776031,-73.865417,300.9,a5307f,N433YX,E75L,EMBRAER ERJ-170-200 (long wing),0
takeoff,JFK,22R,1784075293.84,2026-07-15T00:28:13Z,40.646095,-73.766785,210.9,ab8c19,N843MH,B764,BOEING 767-400,0
landing,JFK,22L,1784075296.6,2026-07-15T00:28:16Z,40.63596,-73.762129,210.9,ab678e,N834DN,B739,BOEING 737-900,0
takeoff,LGA,31,1784075316.43,2026-07-15T00:28:36Z,40.772836,-73.858696,300.9,a1277b,N17359,B38M,BOEING 737 MAX 8,0
takeoff,JFK,31L,1784075373.55,2026-07-15T00:29:33Z,40.635064,-73.787332,300.9,a27197,N257AZ,B763,BOEING 767-300,0
landing,LGA,22,1784075392.18,2026-07-15T00:29:52Z,40.776867,-73.877777,208.1,a93d7c,N695CA,CRJ9,BOMBARDIER Regional Jet CRJ-900,0
landing,LGA,22,1784075460.04,2026-07-15T00:31:00Z,40.777945,-73.876892,213.8,a1f1de,N224WN,B737,BOEING 737-700,0
takeoff,LGA,31,1784075470.77,2026-07-15T00:31:10Z,40.772847,-73.858712,300.9,a32ff6,N304UF,B38M,BOEING 737 MAX 8,0
takeoff,JFK,22R,1784075496.88,2026-07-15T00:31:36Z,40.646074,-73.766795,210.9,a4421d,N3736C,B738,BOEING 737-800,0
landing,LGA,22,1784075559.57,2026-07-15T00:32:39Z,40.777677,-73.877111,213.8,aa9e4a,N7832A,B737,BOEING 737-700,0
takeoff,JFK,22R,1784075563.63,2026-07-15T00:32:43Z,40.649071,-73.764465,210.9,a51f4a,N429YX,E75L,EMBRAER ERJ-170-200 (long wing),0
takeoff,LGA,31,1784075565.5,2026-07-15T00:32:45Z,40.772495,-73.857986,300.9,a54cd9,N440YX,E75L,EMBRAER ERJ-170-200 (long wing),0
landing,LGA,22,1784075690.78,2026-07-15T00:34:50Z,40.774979,-73.879349,213.8,a06703,N125HQ,E75L,EMBRAER ERJ-170-200 (long wing),0
takeoff,LGA,31,1784075692.61,2026-07-15T00:34:52Z,40.772789,-73.858618,300.9,ab34ea,N821DN,B739,BOEING 737-900,0
takeoff,JFK,31L,1784075704.32,2026-07-15T00:35:04Z,40.635332,-73.787941,300.9,ade609,N995JL,A321,AIRBUS A-321,0
landing,LGA,22,1784075783.67,2026-07-15T00:36:23Z,40.778212,-73.876658,213.8,acc3f7,N921XJ,CRJ9,BOMBARDIER Regional Jet CRJ-900,0
takeoff,LGA,31,1784075794.93,2026-07-15T00:36:34Z,40.773883,-73.860912,300.9,ace7bf,N930XJ,CRJ9,BOMBARDIER Regional Jet CRJ-900,0
takeoff,LGA,31,1784075816.85,2026-07-15T00:36:56Z,40.772266,-73.857529,303.8,a51425,N426YX,E75L,EMBRAER ERJ-170-200 (long wing),0
takeoff,JFK,22R,1784075839.92,2026-07-15T00:37:19Z,40.645683,-73.76712,210.9,4005bc,G-VIID,B772,BOEING 777-200,0
landing,JFK,22L,1784075873.19,2026-07-15T00:37:53Z,40.63532,-73.762644,210.9,78922f,B-LXI,A35K,AIRBUS A-350-1000,0
landing,LGA,22,1784075879.62,2026-07-15T00:37:59Z,40.777256,-73.877441,213.8,a48a83,N392DA,B738,BOEING 737-800,0
landing,LGA,22,1784075995.87,2026-07-15T00:39:55Z,40.776595,-73.878,210.9,abdf3f,N864RW,E170,EMBRAER ERJ-170-100,0
landing,JFK,22L,1784076041.72,2026-07-15T00:40:41Z,40.636263,-73.761895,210.9,40771a,G-VDOT,A35K,AIRBUS A-350-1000,0
takeoff,LGA,31,1784076049.13,2026-07-15T00:40:49Z,40.772521,-73.858041,300.9,a4e389,N414FR,A20N,AIRBUS A-320neo,0
landing,LGA,22,1784076056.23,2026-07-15T00:40:56Z,40.774796,-73.879456,210.9,a046f2,N117HQ,E75L,EMBRAER ERJ-170-200 (long wing),0
takeoff,LGA,31,1784076131.59,2026-07-15T00:42:11Z,40.772463,-73.857932,303.8,acfe09,N936XJ,CRJ9,BOMBARDIER Regional Jet CRJ-900,0
landing,LGA,22,1784076142.46,2026-07-15T00:42:22Z,40.775024,-73.879288,210.9,c00b80,C-FEJF,E75S,EMBRAER ERJ-170-200 (short wing),0
takeoff,JFK,31L,1784076154.74,2026-07-15T00:42:34Z,40.636042,-73.789501,300.9,a3711a,N3203J,BCS3,AIRBUS A220-300,0
landing,JFK,22L,1784076181.17,2026-07-15T00:43:01Z,40.635212,-73.762711,210.9,ad3cdf,N952JB,A321,AIRBUS A-321,0
takeoff,LGA,31,1784076229.71,2026-07-15T00:43:49Z,40.773732,-73.8606,298.1,a6f98e,N549CA,CRJ9,BOMBARDIER Regional Jet CRJ-900,0
landing,LGA,22,1784076233.43,2026-07-15T00:43:53Z,40.775093,-73.879218,210.9,a866c7,N640RW,E170,EMBRAER ERJ-170-100,0
landing,JFK,22L,1784076274.3,2026-07-15T00:44:34Z,40.635944,-73.762131,210.9,a70463,N551NW,B752,BOEING 757-200,0
landing,LGA,22,1784076297.22,2026-07-15T00:44:57Z,40.777491,-73.877267,213.8,a35e6f,N316PQ,CRJ9,BOMBARDIER Regional Jet CRJ-900,0
takeoff,LGA,31,1784076303.39,2026-07-15T00:45:03Z,40.772907,-73.858826,303.8,a8996b,N653RW,E170,EMBRAER ERJ-170-100,0
takeoff,JFK,22R,1784076348.23,2026-07-15T00:45:48Z,40.646221,-73.766678,212.4,740821,JY-BAA,B788,BOEING 787-8 Dreamliner,0
landing,JFK,22L,1784076375.38,2026-07-15T00:46:15Z,40.635796,-73.762268,210.9,a19910,N2017J,A21N,AIRBUS A-321neo,0
landing,LGA,22,1784076382.8,2026-07-15T00:46:22Z,40.778721,-73.876251,213.8,a33aa7,N307PQ,CRJ9,BOMBARDIER Regional Jet CRJ-900,0
takeoff,LGA,31,1784076410.26,2026-07-15T00:46:50Z,40.776548,-73.866452,303.8,c0619f,C-GKZE,B738,BOEING 737-800,0
takeoff,JFK,31L,1784076448.45,2026-07-15T00:47:28Z,40.635292,-73.787842,300.9,a76c79,N578DN,A21N,AIRBUS A-321neo,0
landing,JFK,22L,1784076458.56,2026-07-15T00:47:38Z,40.634727,-73.763112,210.9,ad2ea4,N949AN,B738,BOEING 737-800,0
landing,LGA,22,1784076466.87,2026-07-15T00:47:46Z,40.777631,-73.877158,213.8,a3b124,N337PQ,CRJ9,BOMBARDIER Regional Jet CRJ-900,0
takeoff,LGA,31,1784076473.28,2026-07-15T00:47:53Z,40.772452,-73.857885,300.9,a03f84,N115HQ,E75L,EMBRAER ERJ-170-200 (long wing),0
takeoff,JFK,22R,1784076508.74,2026-07-15T00:48:28Z,40.646446,-73.76653,213.8,ad2aea,N948AK,B39M,BOEING 737 MAX 9,0
landing,JFK,22L,1784076551.45,2026-07-15T00:49:11Z,40.635972,-73.762113,210.9,71c011,HL8011,B77W,BOEING 777-300ER,0
takeoff,JFK,22R,1784076582.95,2026-07-15T00:49:42Z,40.645557,-73.767212,213.8,a398bc,N3304J,BCS3,AIRBUS A220-300,0
landing,LGA,22,1784076589.28,2026-07-15T00:49:49Z,40.777714,-73.87706,213.8,abd063,N860RW,E170,EMBRAER ERJ-170-100,0
takeoff,JFK,31L,1784076631.76,2026-07-15T00:50:31Z,40.635258,-73.787781,300.9,ab4c76,N827SK,CRJ9,BOMBARDIER Regional Jet CRJ-900,0
takeoff,LGA,31,1784076634.34,2026-07-15T00:50:34Z,40.774315,-73.861816,306.6,ac7c67,N903XJ,CRJ9,BOMBARDIER Regional Jet CRJ-900,0
takeoff,JFK,22R,1784076647.47,2026-07-15T00:50:47Z,40.645294,-73.767404,210.9,ab398a,N822NW,A333,AIRBUS A-330-300,0
landing,JFK,22L,1784076693.07,2026-07-15T00:51:33Z,40.635413,-73.762566,210.9,a3489f,N310UM,B38M,,0
landing,LGA,22,1784076707.99,2026-07-15T00:51:47Z,40.775163,-73.879186,210.9,a04dfa,N119DN,A321,AIRBUS A-321,0
takeoff,LGA,31,1784076715.74,2026-07-15T00:51:55Z,40.772463,-73.8579,300.9,a1be10,N211JQ,E75L,EMBRAER ERJ-170-200 (long wing),0
takeoff,LGA,31,1784076784.14,2026-07-15T00:53:04Z,40.772475,-73.857916,300.9,a23bfb,N243JQ,E75L,EMBRAER ERJ-170-200 (long wing),0
takeoff,JFK,22R,1784076792.04,2026-07-15T00:53:12Z,40.645844,-73.766983,210.9,a790b3,N587JB,A320,AIRBUS A-320,0
landing,JFK,22L,1784076808.93,2026-07-15T00:53:28Z,40.635798,-73.762254,210.9,aaffed,N808DN,B739,BOEING 737-900,0
takeoff,JFK,31L,1784076859.48,2026-07-15T00:54:19Z,40.635297,-73.787847,300.9,a03235,N111ZM,A321,AIRBUS A-321,0
landing,LGA,22,1784076898.81,2026-07-15T00:54:58Z,40.779076,-73.875977,210.9,a8f235,N676CA,CRJ9,BOMBARDIER Regional Jet CRJ-900,0
takeoff,LGA,31,1784076917.7,2026-07-15T00:55:17Z,40.772827,-73.858673,300.9,a466c7,N383DN,B738,BOEING 737-800,0
takeoff,JFK,22R,1784076924.41,2026-07-15T00:55:24Z,40.645031,-73.767624,210.9,4b187b,HB-JHB,A333,AIRBUS A-330-300,0
takeoff,LGA,31,1784076979.5,2026-07-15T00:56:19Z,40.772452,-73.857916,303.8,acf2e4,N933XJ,CRJ9,BOMBARDIER Regional Jet CRJ-900,0
takeoff,JFK,22R,1784076992.69,2026-07-15T00:56:32Z,40.646461,-73.76651,210.9,a53d80,N437DX,A339,AIRBUS A-330-900,0
landing,JFK,22L,1784077012.09,2026-07-15T00:56:52Z,40.63681,-73.761458,210.9,a39289,N3293J,BCS3,AIRBUS A220-300,0
landing,LGA,22,1784077066.57,2026-07-15T00:57:46Z,40.778469,-73.876455,213.8,a082ac,N132AN,A321,AIRBUS A-321,0
landing,JFK,22L,1784077089.4,2026-07-15T00:58:09Z,40.6367,-73.761551,210.9,a1cf6b,N2157J,A21N,AIRBUS A-321neo,0
takeoff,JFK,22R,1784077093.06,2026-07-15T00:58:13Z,40.646118,-73.766769,210.9,76cdc3,9V-SNC,B77W,BOEING 777-300ER,0
landing,LGA,22,1784077154.78,2026-07-15T00:59:14Z,40.776327,-73.878219,213.8,a1fd03,N227WN,B737,BOEING 737-700,0
takeoff,JFK,22R,1784077180.21,2026-07-15T00:59:40Z,40.646152,-73.766739,212.4,ab79ca,N839AA,B789,BOEING 787-9 Dreamliner,0
takeoff,LGA,31,1784077188.42,2026-07-15T00:59:48Z,40.772301,-73.857574,303.8,ab3d17,N823MD,E170,EMBRAER ERJ-170-100,0
landing,JFK,22L,1784077196.47,2026-07-15T00:59:56Z,40.635395,-73.762589,210.9,adbaca,N984JB,A321,AIRBUS A-321,0
takeoff,LGA,31,1784077232.3,2026-07-15T01:00:32Z,40.772324,-73.857635,298.1,a15027,N184GJ,CRJ9,BOMBARDIER Regional Jet CRJ-900,0
takeoff,JFK,31L,1784077259.96,2026-07-15T01:00:59Z,40.634995,-73.787201,300.9,a75283,N571DZ,A359,AIRBUS A-350-900,0
landing,LGA,22,1784077307.32,2026-07-15T01:01:47Z,40.774768,-73.879467,213.8,a1d45a,N217JQ,E75L,EMBRAER ERJ-170-200 (long wing),0
takeoff,JFK,22R,1784077344.96,2026-07-15T01:02:24Z,40.64562,-73.767154,210.9,a3355e,N3058J,BCS3,AIRBUS A220-300,0
takeoff,JFK,31L,1784077351.33,2026-07-15T01:02:31Z,40.635367,-73.788003,300.9,a19cc7,N2027J,A21N,AIRBUS A-321neo,0
landing,LGA,22,1784077389.26,2026-07-15T01:03:09Z,40.777164,-73.877533,213.8,aa7833,N774DE,B738,BOEING 737-800,0
takeoff,LGA,31,1784077390.25,2026-07-15T01:03:10Z,40.772449,-73.85791,295.3,a0d6a8,N153PQ,CRJ9,BOMBARDIER Regional Jet CRJ-900,0
takeoff,JFK,22R,1784077419.67,2026-07-15T01:03:39Z,40.645237,-73.767471,210.9,a38836,N3269J,BCS3,AIRBUS A220-300,0
landing,JFK,22L,1784077488.73,2026-07-15T01:04:48Z,40.637054,-73.761255,210.9,a338ac,N3065J,BCS3,AIRBUS A220-300,0
takeoff,JFK,22R,1784077512.82,2026-07-15T01:05:12Z,40.645888,-73.766951,212.4,e80470,CC-BGU,B789,BOEING 787-9 Dreamliner,0
landing,LGA,22,1784077533.46,2026-07-15T01:05:33Z,40.776327,-73.878219,213.8,a8299a,N625JB,A320,AIRBUS A-320,0
takeoff,JFK,22R,1784077611.73,2026-07-15T01:06:51Z,40.645901,-73.766937,210.9,4ca74e,EI-EAV,A333,AIRBUS A-330-300,0
landing,JFK,22L,1784077629.64,2026-07-15T01:07:09Z,40.636275,-73.761911,210.9,a54aaa,N440AN,A21N,AIRBUS A-321neo,0
landing,LGA,22,1784077635.36,2026-07-15T01:07:15Z,40.777118,-73.877579,213.8,abdeec,N864NN,B738,BOEING 737-800,0
takeoff,LGA,31,1784077635.87,2026-07-15T01:07:15Z,40.772463,-73.857916,300.9,a1ff90,N228JQ,E75L,EMBRAER ERJ-170-200 (long wing),0
takeoff,JFK,22R,1784077685.59,2026-07-15T01:08:05Z,40.645923,-73.766936,212.4,020122,CN-RGT,B788,BOEING 787-8 Dreamliner,0
takeoff,JFK,22R,1784077686.76,2026-07-15T01:08:06Z,40.645454,-73.767303,212.4,020122,CN-RGT,B788,BOEING 787-8 Dreamliner,0
landing,JFK,22L,1784077718.6,2026-07-15T01:08:38Z,40.635201,-73.762726,213.8,a37ec4,N324SH,B38M,BOEING 737 MAX 8,0
landing,LGA,22,1784077747.82,2026-07-15T01:09:07Z,40.777016,-73.87767,210.9,a874e1,N644JB,A320,AIRBUS A-320,0
takeoff,LGA,31,1784077786.49,2026-07-15T01:09:46Z,40.772743,-73.858525,300.9,a4e538,N414YX,E75L,EMBRAER ERJ-170-200 (long wing),0
landing,JFK,22L,1784077806.64,2026-07-15T01:10:06Z,40.637203,-73.761139,213.8,acab54,N915XJ,CRJ9,BOMBARDIER Regional Jet CRJ-900,0
takeoff,JFK,22R,1784077827.91,2026-07-15T01:10:27Z,40.646795,-73.766249,213.8,a32bba,N303NY,A21N,AIRBUS A-321neo,0
landing,LGA,22,1784077867.68,2026-07-15T01:11:07Z,40.776066,-73.878448,210.9,a091f3,N136EV,CRJ9,BOMBARDIER Regional Jet CRJ-900,0
takeoff,JFK,22R,1784077878.46,2026-07-15T01:11:18Z,40.649174,-73.764374,210.9,a1acdb,N207JQ,E75L,EMBRAER ERJ-170-200 (long wing),0
landing,JFK,22L,1784077887.52,2026-07-15T01:11:27Z,40.635807,-73.762238,210.9,a3514f,N3125J,BCS3,,0
takeoff,JFK,22R,1784077952.81,2026-07-15T01:12:32Z,40.646004,-73.766857,210.9,ad5329,N958JB,A321,AIRBUS A-321,0
landing,JFK,22L,1784077974.6,2026-07-15T01:12:54Z,40.637753,-73.760725,213.8,acb679,N918XJ,CRJ9,BOMBARDIER Regional Jet CRJ-900,0
takeoff,LGA,31,1784077980.65,2026-07-15T01:13:00Z,40.772487,-73.857978,298.1,a1094c,N166PQ,CRJ9,BOMBARDIER Regional Jet CRJ-900,0
takeoff,JFK,22R,1784078017.83,2026-07-15T01:13:37Z,40.646358,-73.766571,210.9,ac85ce,N906DN,B739,BOEING 737-900,0
takeoff,LGA,31,1784078045.28,2026-07-15T01:14:05Z,40.772335,-73.857651,303.8,a030a8,N111HQ,E75L,EMBRAER ERJ-170-200 (long wing),0
landing,LGA,22,1784078151.73,2026-07-15T01:15:51Z,40.77578,-73.878671,213.8,a06e71,N127HQ,E75L,EMBRAER ERJ-170-200 (long wing),0
takeoff,JFK,22R,1784078158.32,2026-07-15T01:15:58Z,40.646233,-73.766693,210.9,4005bf,G-VIIG,B772,BOEING 777-200,0
landing,JFK,22L,1784078158.35,2026-07-15T01:15:58Z,40.637489,-73.760925,210.9,ab6162,N832SK,CRJ9,BOMBARDIER Regional Jet CRJ-900,0
takeoff,LGA,31,1784078158.79,2026-07-15T01:15:58Z,40.774896,-73.86305,298.1,a7d725,N604LR,CRJ9,BOMBARDIER Regional Jet CRJ-900,0
takeoff,LGA,31,1784078210.13,2026-07-15T01:16:50Z,40.772452,-73.857916,300.9,a4c170,N405YX,E75L,EMBRAER ERJ-170-200 (long wing),0
takeoff,LGA,31,1784078279.59,2026-07-15T01:17:59Z,40.772495,-73.858002,303.8,a0669d,N125DN,A321,AIRBUS A-321,0
landing,JFK,22L,1784078285.05,2026-07-15T01:18:05Z,40.636631,-73.761612,213.8,a360b7,N3169J,BCS3,AIRBUS A220-300,0
takeoff,JFK,22R,1784078318.56,2026-07-15T01:18:38Z,40.645821,-73.766998,210.9,abbb2c,N855NW,A332,AIRBUS A-330-200,0
landing,LGA,22,1784078359.09,2026-07-15T01:19:19Z,40.776956,-73.87772,210.9,c018c8,C-FJJZ,CRJ9,BOMBARDIER Regional Jet CRJ-900,0
landing,JFK,22L,1784078369.65,2026-07-15T01:19:29Z,40.636379,-73.761801,210.9,a79e31,N590JB,A320,AIRBUS A-320,0
takeoff,JFK,22R,1784078430.22,2026-07-15T01:20:30Z,40.646307,-73.766639,210.9,a1dab3,N2188J,A21N,AIRBUS A-321neo,0
landing,LGA,22,1784078451.48,2026-07-15T01:20:51Z,40.777531,-73.877213,210.9,acb4c1,N918DU,B739,BOEING 737-900,0
takeoff,LGA,31,1784078459.38,2026-07-15T01:20:59Z,40.772777,-73.858587,300.9,aaf002,N80343,E75L,EMBRAER ERJ-170-200 (long wing),0
landing,JFK,22L,1784078479.56,2026-07-15T01:21:19Z,40.634925,-73.762925,210.9,abb3b6,N853NN,B738,BOEING 737-800,0
takeoff,JFK,22R,1784078518.52,2026-07-15T01:21:58Z,40.643394,-73.768875,212.4,a83400,N628AL,E50P,EMBRAER EMB-500 Phenom 100,0
landing,LGA,22,1784078542.95,2026-07-15T01:22:22Z,40.778309,-73.876572,213.8,aab18c,N7887A,B737,BOEING 737-700,0
takeoff,JFK,31L,1784078549.33,2026-07-15T01:22:29Z,40.633749,-73.784445,298.1,a1a924,N206JQ,E75L,EMBRAER ERJ-170-200 (long wing),0
takeoff,LGA,31,1784078559.68,2026-07-15T01:22:39Z,40.773926,-73.860992,300.9,a8c028,N663JB,A320,AIRBUS A-320,0
landing,JFK,22L,1784078560.47,2026-07-15T01:22:40Z,40.635926,-73.762145,209.6,7380ca,4X-EDL,B789,BOEING 787-9 Dreamliner,0
landing,LGA,22,1784078660.88,2026-07-15T01:24:20Z,40.774465,-73.879639,202.5,a2348d,N241JQ,E75L,EMBRAER ERJ-170-200 (long wing),0
takeoff,JFK,22R,1784078668.17,2026-07-15T01:24:28Z,40.646574,-73.766374,212.4,ab5fc9,N832AA,B789,BOEING 787-9 Dreamliner,0
takeoff,JFK,22R,1784078669.4,2026-07-15T01:24:29Z,40.646225,-73.766639,212.4,ab5fc9,N832AA,B789,BOEING 787-9 Dreamliner,0
landing,LGA,13,1784078684.69,2026-07-15T01:24:44Z,40.771963,-73.859243,123.8,a416be,N36247,B738,BOEING 737-800,0
landing,JFK,22L,1784078703.61,2026-07-15T01:25:03Z,40.633004,-73.764454,210.9,ade9c0,N996JL,A321,AIRBUS A-321,0
landing,LGA,22,1784078766.66,2026-07-15T01:26:06Z,40.777519,-73.877228,213.8,a02cf1,N110HQ,E75L,EMBRAER ERJ-170-200 (long wing),0
takeoff,LGA,31,1784078776.08,2026-07-15T01:26:16Z,40.772743,-73.858509,303.8,a416be,N36247,B738,BOEING 737-800,0
takeoff,JFK,22R,1784078800.82,2026-07-15T01:26:40Z,40.646609,-73.766389,210.9,a4c5d8,N4064J,A21N,AIRBUS A-321neo,0
landing,LGA,22,1784078852.8,2026-07-15T01:27:32Z,40.777885,-73.876938,213.8,a3183d,N299PQ,CRJ9,BOMBARDIER Regional Jet CRJ-900,0
takeoff,LGA,31,1784078860.03,2026-07-15T01:27:40Z,40.772452,-73.8579,300.9,a230d6,N240JQ,E75L,EMBRAER ERJ-170-200 (long wing),0
landing,JFK,22L,1784078872.5,2026-07-15T01:27:52Z,40.635647,-73.762375,213.8,a36b2d,N3194J,BCS3,,0
takeoff,JFK,22R,1784078881.19,2026-07-15T01:28:01Z,40.646074,-73.766811,210.9,4cc586,TF-IAE,A21N,AIRBUS A-321neo,0
takeoff,JFK,22R,1784078943.72,2026-07-15T01:29:03Z,40.646702,-73.766296,213.8,a61173,N490PX,CRJ9,BOMBARDIER Regional Jet CRJ-900,0
landing,LGA,22,1784078991.86,2026-07-15T01:29:51Z,40.77592,-73.878562,210.9,aa56db,N76529,B738,BOEING 737-800,0
takeoff,LGA,31,1784078996.34,2026-07-15T01:29:56Z,40.772942,-73.858948,300.9,ab7394,N837NN,B738,BOEING 737-800,0
takeoff,JFK,22R,1784079024.14,2026-07-15T01:30:24Z,40.645317,-73.76738,210.9,344345,EC-LXK,A333,AIRBUS A-330-300,0
takeoff,LGA,31,1784079025.59,2026-07-15T01:30:25Z,40.772209,-73.857422,312.2,a24720,N246JQ,E75L,EMBRAER ERJ-170-200 (long wing),0
landing,JFK,22L,1784079030.86,2026-07-15T01:30:30Z,40.635944,-73.762146,210.9,a7167f,N556JB,A320,AIRBUS A-320,0
takeoff,LGA,31,1784079116.41,2026-07-15T01:31:56Z,40.772289,-73.857573,298.1,a93d7c,N695CA,CRJ9,BOMBARDIER Regional Jet CRJ-900,0
takeoff,JFK,22R,1784079120.86,2026-07-15T01:32:00Z,40.645911,-73.76692,210.9,ab6fbf,N836MH,B764,BOEING 767-400,0
landing,JFK,22L,1784079127.52,2026-07-15T01:32:07Z,40.63759,-73.760865,210.9,a15b05,N187DN,B763,BOEING 767-300,0
takeoff,JFK,22L,1784079127.52,2026-07-15T01:32:07Z,40.63759,-73.760865,210.9,a15b05,N187DN,B763,BOEING 767-300,0
landing,JFK,22L,1784079128.29,2026-07-15T01:32:08Z,40.637334,-73.761052,210.9,a15b05,N187DN,B763,BOEING 767-300,0
takeoff,JFK,22R,1784079199.37,2026-07-15T01:33:19Z,40.646656,-73.766343,210.9,781fc4,B-223S,B77L,BOEING 777-200LR,0
takeoff,LGA,31,1784079201.12,2026-07-15T01:33:21Z,40.774796,-73.862823,298.1,a77d89,N582CA,CRJ9,BOMBARDIER Regional Jet CRJ-900,0
takeoff,LGA,31,1784079217.85,2026-07-15T01:33:37Z,40.772266,-73.857498,320.6,a06703,N125HQ,E75L,EMBRAER ERJ-170-200 (long wing),0
landing,JFK,22L,1784079235.33,2026-07-15T01:33:55Z,40.635821,-73.762223,210.9,a87c4f,N646JB,A320,AIRBUS A-320,0
takeoff,JFK,22L,1784079235.33,2026-07-15T01:33:55Z,40.635821,-73.762223,210.9,a87c4f,N646JB,A320,AIRBUS A-320,0
landing,JFK,22L,1784079236.31,2026-07-15T01:33:56Z,40.635413,-73.76255,210.9,a87c4f,N646JB,A320,AIRBUS A-320,0
takeoff,JFK,22R,1784079329.54,2026-07-15T01:35:29Z,40.64637,-73.766556,210.9,a1d368,N2169J,A21N,AIRBUS A-321neo,0
landing,JFK,22L,1784079331.01,2026-07-15T01:35:31Z,40.636088,-73.76202,210.9,a7cb53,N601DT,A21N,AIRBUS A-321neo,0
takeoff,LGA,31,1784079369.69,2026-07-15T01:36:09Z,40.774761,-73.862762,300.9,a32bcb,N303PQ,CRJ9,BOMBARDIER Regional Jet CRJ-900,0
takeoff,JFK,22R,1784079414.03,2026-07-15T01:36:54Z,40.645809,-73.767014,210.9,ab5365,N829MH,B764,BOEING 767-400,0
landing,JFK,22L,1784079425.93,2026-07-15T01:37:05Z,40.637203,-73.761154,210.9,a6152a,N491PX,CRJ9,BOMBARDIER Regional Jet CRJ-900,0
takeoff,JFK,22R,1784079481.51,2026-07-15T01:38:01Z,40.645643,-73.767138,210.9,4ca4b0,EI-TYH,A339,AIRBUS A-330-900,0
landing,LGA,22,1784079501.66,2026-07-15T01:38:21Z,40.775047,-73.87928,210.9,c00b86,C-FEJL,E75S,EMBRAER ERJ-170-200 (short wing),0
takeoff,LGA,31,1784079501.95,2026-07-15T01:38:21Z,40.772495,-73.857971,300.9,a099a7,N138HQ,E75L,EMBRAER ERJ-170-200 (long wing),0
landing,JFK,22L,1784079504.0,2026-07-15T01:38:24Z,40.635967,-73.762131,210.9,ab355c,N821JB,A320,AIRBUS A-320,0
landing,JFK,22L,1784079601.62,2026-07-15T01:40:01Z,40.636996,-73.761318,210.9,a33339,N305PQ,CRJ9,BOMBARDIER Regional Jet CRJ-900,0
landing,LGA,22,1784079605.11,2026-07-15T01:40:05Z,40.776292,-73.87825,210.9,a07f60,N131EV,CRJ9,BOMBARDIER Regional Jet CRJ-900,0
takeoff,LGA,31,1784079616.75,2026-07-15T01:40:16Z,40.772615,-73.858275,300.9,a1b092,N208JQ,E75L,EMBRAER ERJ-170-200 (long wing),0
takeoff,JFK,22R,1784079636.63,2026-07-15T01:40:36Z,40.646481,-73.766499,210.9,a35388,N313SB,B38M,BOEING 737 MAX 8,0
takeoff,JFK,31L,1784079682.43,2026-07-15T01:41:22Z,40.634022,-73.785049,298.1,a1f822,N226JQ,E75L,EMBRAER ERJ-170-200 (long wing),0
landing,JFK,22L,1784079684.8,2026-07-15T01:41:24Z,40.635521,-73.762466,210.9,ace063,N929JB,A321,AIRBUS A-321,0
landing,LGA,22,1784079689.73,2026-07-15T01:41:29Z,40.777444,-73.877314,213.8,a0855d,N13227,B738,BOEING 737-800,0
takeoff,JFK,22R,1784079714.68,2026-07-15T01:41:54Z,40.645557,-73.767197,210.9,4077d3,G-VTEA,A35K,AIRBUS A-350-1000,0
landing,JFK,22L,1784079792.77,2026-07-15T01:43:12Z,40.634552,-73.763221,210.9,a18284,N197DN,B763,BOEING 767-300,0
takeoff,JFK,22R,1784079794.3,2026-07-15T01:43:14Z,40.646027,-73.76683,209.6,485e30,PH-BKK,B78X,BOEING 787-10 Dreamliner,0
landing,LGA,22,1784079807.27,2026-07-15T01:43:27Z,40.775059,-73.879249,213.8,a50cb7,N424YX,E75L,EMBRAER ERJ-170-200 (long wing),0
takeoff,LGA,31,1784079813.17,2026-07-15T01:43:33Z,40.772461,-73.85791,300.9,aa9e4a,N7832A,B737,BOEING 737-700,0
landing,JFK,22L,1784079896.18,2026-07-15T01:44:56Z,40.634033,-73.763626,210.9,4cc53b,TF-ICM,B38M,BOEING 737 MAX 8,0
landing,LGA,22,1784079902.06,2026-07-15T01:45:02Z,40.777142,-73.877563,210.9,ab0a73,N810MD,E170,EMBRAER ERJ-170-100,0
takeoff,JFK,22R,1784079924.91,2026-07-15T01:45:24Z,40.646679,-73.766327,210.9,a5e3e4,N479PX,CRJ9,BOMBARDIER Regional Jet CRJ-900,0
takeoff,LGA,31,1784079938.97,2026-07-15T01:45:38Z,40.7723,-73.857588,303.8,acc3f7,N921XJ,CRJ9,BOMBARDIER Regional Jet CRJ-900,0
landing,LGA,22,1784079950.79,2026-07-15T01:45:50Z,40.777654,-73.877142,210.9,aa56b4,N76515,B738,BOEING 737-800,0
landing,JFK,22L,1784079999.4,2026-07-15T01:46:39Z,40.637753,-73.760727,210.9,a3c5ea,N342NB,A319,AIRBUS A-319,0
takeoff,JFK,22R,1784080017.01,2026-07-15T01:46:57Z,40.646805,-73.76622,210.9,a1a435,N2047J,A21N,AIRBUS A-321neo,0
landing,LGA,22,1784080042.13,2026-07-15T01:47:22Z,40.776867,-73.877808,210.9,a0f73c,N161UW,A321,AIRBUS A-321,0
takeoff,LGA,31,1784080054.84,2026-07-15T01:47:34Z,40.772621,-73.858215,300.9,aaa58b,N78501,B738,BOEING 737-800,0
takeoff,JFK,22R,1784080081.32,2026-07-15T01:48:01Z,40.646353,-73.766577,210.9,acaf0b,N916XJ,CRJ9,BOMBARDIER Regional Jet CRJ-900,0
landing,JFK,22L,1784080099.92,2026-07-15T01:48:19Z,40.636438,-73.76177,210.9,a35c97,N3156J,BCS3,AIRBUS A220-300,0
takeoff,LGA,31,1784080140.17,2026-07-15T01:49:00Z,40.772198,-73.857376,300.9,a046f2,N117HQ,E75L,EMBRAER ERJ-170-200 (long wing),0
landing,LGA,22,1784080148.93,2026-07-15T01:49:08Z,40.776269,-73.878266,213.8,aa56f7,N76532,B738,BOEING 737-800,0
landing,JFK,22L,1784080179.79,2026-07-15T01:49:39Z,40.634971,-73.762909,210.9,a7b832,N597JB,A320,AIRBUS A-320,0
takeoff,JFK,22R,1784080249.06,2026-07-15T01:50:49Z,40.646919,-73.766144,210.9,394a05,F-GSQF,B77W,BOEING 777-300ER,0
takeoff,LGA,31,1784080253.96,2026-07-15T01:50:53Z,40.772438,-73.85788,300.9,a1f1de,N224WN,B737,BOEING 737-700,0
landing,LGA,22,1784080254.66,2026-07-15T01:50:54Z,40.775036,-73.879272,213.8,a1ccec,N215JQ,E75L,EMBRAER ERJ-170-200 (long wing),0
landing,JFK,22L,1784080270.09,2026-07-15T01:51:10Z,40.634834,-73.763,210.9,4cabd3,EI-LRG,A21N,AIRBUS A-321neo,0
takeoff,JFK,31L,1784080320.16,2026-07-15T01:52:00Z,40.635338,-73.787964,300.9,a02c40,N110AN,A321,AIRBUS A-321,0
takeoff,JFK,22R,1784080335.68,2026-07-15T01:52:15Z,40.645888,-73.766967,210.9,a12861,N174DN,B763,BOEING 767-300,0
landing,LGA,22,1784080342.42,2026-07-15T01:52:22Z,40.776315,-73.878235,213.8,a36661,N318UX,B38M,BOEING 737 MAX 8,0
landing,JFK,22L,1784080344.12,2026-07-15T01:52:24Z,40.636951,-73.761353,210.9,a7e5c1,N608JB,A320,AIRBUS A-320,0
takeoff,LGA,31,1784080366.13,2026-07-15T01:52:46Z,40.772495,-73.857971,300.9,a44a6d,N376DN,A321,AIRBUS A-321,0
takeoff,JFK,22R,1784080412.5,2026-07-15T01:53:32Z,40.646039,-73.766826,210.9,ab6851,N834MH,B764,BOEING 767-400,0
landing,JFK,22L,1784080477.6,2026-07-15T01:54:37Z,40.635269,-73.762665,213.8,a4da13,N411YX,E75L,EMBRAER ERJ-170-200 (long wing),0
takeoff,JFK,31L,1784080493.17,2026-07-15T01:54:53Z,40.635285,-73.787863,300.9,a01880,N105NN,A321,AIRBUS A-321,0
takeoff,JFK,22R,1784080532.32,2026-07-15T01:55:32Z,40.649368,-73.764221,213.8,a026e1,N109HQ,E75L,EMBRAER ERJ-170-200 (long wing),0
landing,JFK,22L,1784080541.49,2026-07-15T01:55:41Z,40.636566,-73.761645,210.9,a613e0,N491AS,B739,BOEING 737-900,0
landing,LGA,22,1784080611.46,2026-07-15T01:56:51Z,40.777991,-73.876861,213.8,a03f1e,N115DN,A321,AIRBUS A-321,0
takeoff,JFK,22R,1784080612.21,2026-07-15T01:56:52Z,40.647552,-73.76564,210.9,a8c796,N665JB,A320,AIRBUS A-320,0
takeoff,LGA,31,1784080641.98,2026-07-15T01:57:21Z,40.774837,-73.862894,298.1,a35e6f,N316PQ,CRJ9,BOMBARDIER Regional Jet CRJ-900,0
takeoff,JFK,22R,1784080686.82,2026-07-15T01:58:06Z,40.645911,-73.76692,210.9,a9f2c6,N740CK,B744,BOEING 747-400,0
landing,JFK,22L,1784080687.31,2026-07-15T01:58:07Z,40.633358,-73.764435,227.8,a4d04c,N409YX,E75L,EMBRAER ERJ-170-200 (long wing),0
takeoff,JFK,22L,1784080687.31,2026-07-15T01:58:07Z,40.633358,-73.764435,227.8,a4d04c,N409YX,E75L,EMBRAER ERJ-170-200 (long wing),0
landing,JFK,22L,1784080689.93,2026-07-15T01:58:09Z,40.633039,-73.764922,233.4,a4d04c,N409YX,E75L,EMBRAER ERJ-170-200 (long wing),0
landing,JFK,22L,1784080738.98,2026-07-15T01:58:58Z,40.636787,-73.761474,210.9,4ba948,TC-JJH,B77W,BOEING 777-300ER,0
landing,LGA,22,1784080741.73,2026-07-15T01:59:01Z,40.778375,-73.876534,213.8,a3ac77,N336DU,BCS3,AIRBUS A220-300,0
takeoff,LGA,31,1784080748.03,2026-07-15T01:59:08Z,40.772415,-73.857834,298.1,a8f235,N676CA,CRJ9,BOMBARDIER Regional Jet CRJ-900,0
takeoff,JFK,22R,1784080845.37,2026-07-15T02:00:45Z,40.646411,-73.766545,210.9,a96ba2,N706JB,A320,AIRBUS A-320,0
landing,JFK,22L,1784080855.36,2026-07-15T02:00:55Z,40.63805,-73.760498,210.9,400773,G-VIIV,B772,BOEING 777-200,0
landing,LGA,22,1784080879.53,2026-07-15T02:01:19Z,40.775494,-73.878906,210.9,a2b12d,N27260,B38M,BOEING 737 MAX 8,0
takeoff,LGA,31,1784080888.53,2026-07-15T02:01:28Z,40.772804,-73.858627,300.9,a48a83,N392DA,B738,BOEING 737-800,0
takeoff,JFK,22R,1784080918.08,2026-07-15T02:01:58Z,40.646542,-73.766434,210.9,406a34,G-STBI,B77W,BOEING 777-300ER,0
landing,LGA,22,1784081056.49,2026-07-15T02:04:16Z,40.777724,-73.87708,210.9,a057cc,N121DZ,A321,AIRBUS A-321,0
takeoff,JFK,31L,1784081057.02,2026-07-15T02:04:17Z,40.635876,-73.789124,300.9,ad9ac9,N976JT,A321,AIRBUS A-321,0
landing,JFK,22L,1784081081.51,2026-07-15T02:04:41Z,40.637524,-73.760925,210.9,39d2b1,F-HUVR,A359,AIRBUS A-350-900,0
takeoff,LGA,31,1784081102.95,2026-07-15T02:05:02Z,40.772475,-73.857978,306.6,a3b124,N337PQ,CRJ9,BOMBARDIER Regional Jet CRJ-900,0
takeoff,JFK,22R,1784081150.79,2026-07-15T02:05:50Z,40.646748,-73.766281,210.9,a69bcd,N525DA,A21N,AIRBUS A-321neo,0
takeoff,LGA,31,1784081183.89,2026-07-15T02:06:23Z,40.773937,-73.860992,300.9,a33aa7,N307PQ,CRJ9,BOMBARDIER Regional Jet CRJ-900,0
landing,JFK,22L,1784081197.32,2026-07-15T02:06:37Z,40.634239,-73.763474,210.9,89902f,B-16726,B77W,BOEING 777-300ER,0
takeoff,JFK,22L,1784081197.32,2026-07-15T02:06:37Z,40.634239,-73.763474,210.9,89902f,B-16726,B77W,BOEING 777-300ER,0
landing,JFK,22L,1784081197.81,2026-07-15T02:06:37Z,40.634087,-73.763596,210.9,89902f,B-16726,B77W,BOEING 777-300ER,0
takeoff,JFK,22R,1784081213.08,2026-07-15T02:06:53Z,40.646725,-73.766281,210.9,acc040,N920XJ,CRJ9,BOMBARDIER Regional Jet CRJ-900,0
landing,LGA,22,1784081271.51,2026-07-15T02:07:51Z,40.778922,-73.876065,210.9,c00899,C-FDGQ,A320,AIRBUS A-320,0
takeoff,JFK,22R,1784081273.73,2026-07-15T02:07:53Z,40.646851,-73.766205,210.9,a78945,N585JB,A320,AIRBUS A-320,0
takeoff,LGA,31,1784081328.04,2026-07-15T02:08:48Z,40.772461,-73.857925,300.9,a39723,N330PQ,CRJ9,BOMBARDIER Regional Jet CRJ-900,0
landing,JFK,22L,1784081341.15,2026-07-15T02:09:01Z,40.636585,-73.761642,210.9,a7a89d,N593AS,B738,BOEING 737-800,0
takeoff,LGA,31,1784081396.58,2026-07-15T02:09:56Z,40.772461,-73.857925,300.9,a091f3,N136EV,CRJ9,BOMBARDIER Regional Jet CRJ-900,0
landing,JFK,22L,1784081464.98,2026-07-15T02:11:04Z,40.634834,-73.763016,210.9,a6c781,N536JB,A320,AIRBUS A-320,0
takeoff,LGA,31,1784081473.77,2026-07-15T02:11:13Z,40.77277,-73.858582,300.9,a1fd03,N227WN,B737,BOEING 737-700,0
takeoff,JFK,22R,1784081481.72,2026-07-15T02:11:21Z,40.646656,-73.766343,210.9,06a2b0,A7-BEL,B77W,BOEING 777-300ER,0
takeoff,JFK,22R,1784081563.76,2026-07-15T02:12:43Z,40.645736,-73.767076,210.9,ab5d52,N831NW,A333,AIRBUS A-330-300,0
landing,JFK,22L,1784081621.12,2026-07-15T02:13:41Z,40.636403,-73.761786,210.9,a7bfa0,N599JB,A320,AIRBUS A-320,0
takeoff,JFK,31L,1784081651.26,2026-07-15T02:14:11Z,40.635739,-73.788861,300.9,a168ad,N190FE,B763,BOEING 767-300,0
landing,JFK,22L,1784081762.82,2026-07-15T02:16:02Z,40.635949,-73.762129,209.6,47ae38,LN-FNL,B789,BOEING 787-9 Dreamliner,0
takeoff,JFK,22L,1784081762.82,2026-07-15T02:16:02Z,40.635949,-73.762129,209.6,47ae38,LN-FNL,B789,BOEING 787-9 Dreamliner,0
landing,JFK,22L,1784081763.31,2026-07-15T02:16:03Z,40.635761,-73.762283,209.6,47ae38,LN-FNL,B789,BOEING 787-9 Dreamliner,0
landing,LGA,22,1784081798.18,2026-07-15T02:16:38Z,40.776281,-73.87825,213.8,a3411f,N309DU,BCS3,AIRBUS A220-300,0
takeoff,JFK,22R,1784081801.84,2026-07-15T02:16:41Z,40.645783,-73.767029,210.9,3c656c,D-AIKL,A333,AIRBUS A-330-300,0
takeoff,LGA,31,1784081875.05,2026-07-15T02:17:55Z,40.772472,-73.85791,300.9,a8299a,N625JB,A320,AIRBUS A-320,0
takeoff,JFK,31L,1784081877.49,2026-07-15T02:17:57Z,40.633679,-73.784289,298.1,a07bef,N130HQ,E75L,EMBRAER ERJ-170-200 (long wing),0
takeoff,JFK,22R,1784081887.93,2026-07-15T02:18:07Z,40.645434,-73.76731,212.4,3482d5,EC-OMB,B789,BOEING 787-9 Dreamliner,0
landing,JFK,22L,1784081945.82,2026-07-15T02:19:05Z,40.640018,-73.758957,210.9,a38439,N3257J,BCS3,,0
takeoff,JFK,22R,1784082030.15,2026-07-15T02:20:30Z,40.646038,-73.76683,210.9,780a6f,B-LJL,B748,BOEING 747-8,0
landing,JFK,22L,1784082039.03,2026-07-15T02:20:39Z,40.634583,-73.763214,213.8,a2270f,N238JQ,E75L,EMBRAER ERJ-170-200 (long wing),0
landing,LGA,22,1784082083.57,2026-07-15T02:21:23Z,40.778194,-73.876678,213.8,a3b79c,N339DU,,,0
takeoff,LGA,31,1784082107.67,2026-07-15T02:21:47Z,40.772475,-73.857947,300.9,aab18c,N7887A,B737,BOEING 737-700,0
landing,JFK,22L,1784082112.78,2026-07-15T02:21:52Z,40.636798,-73.761474,210.9,ad8bed,N972JT,A321,AIRBUS A-321,0
takeoff,JFK,22R,1784082120.98,2026-07-15T02:22:00Z,40.646307,-73.766623,210.9,4951ef,CS-TOO,A332,AIRBUS A-330-200,0
landing,LGA,22,1784082220.4,2026-07-15T02:23:40Z,40.777348,-73.87738,213.8,a3b414,N338FR,A20N,AIRBUS A-320neo,0
landing,JFK,22L,1784082245.35,2026-07-15T02:24:05Z,40.637569,-73.760895,210.9,3480cc,EC-OHY,A332,AIRBUS A-330-200,0
takeoff,JFK,22R,1784082246.17,2026-07-15T02:24:06Z,40.645841,-73.766982,210.9,a338ac,N3065J,BCS3,AIRBUS A220-300,0
takeoff,LGA,31,1784082273.91,2026-07-15T02:24:33Z,40.772266,-73.857498,312.2,c00b86,C-FEJL,E75S,EMBRAER ERJ-170-200 (short wing),0
landing,LGA,22,1784082314.42,2026-07-15T02:25:14Z,40.775594,-73.878828,213.8,abe579,N866DN,B739,BOEING 737-900,0
landing,JFK,22L,1784082398.17,2026-07-15T02:26:38Z,40.638009,-73.760522,210.9,a0aa7c,N142DU,BCS1,AIRBUS A220-100,0
landing,LGA,22,1784082472.79,2026-07-15T02:27:52Z,40.775848,-73.878586,210.9,a23844,N242JQ,E75L,EMBRAER ERJ-170-200 (long wing),0
landing,JFK,22L,1784082478.69,2026-07-15T02:27:58Z,40.636275,-73.761864,210.9,ab8fee,N844NN,B738,BOEING 737-800,0
takeoff,JFK,22R,1784082483.39,2026-07-15T02:28:03Z,40.645876,-73.766951,210.9,a39289,N3293J,BCS3,AIRBUS A220-300,0
landing,JFK,22L,1784082569.34,2026-07-15T02:29:29Z,40.638107,-73.760468,208.1,aca99c,N915DU,B739,BOEING 737-900,0
takeoff,JFK,22R,1784082612.03,2026-07-15T02:30:12Z,40.645798,-73.767029,210.9,a50370,N422DZ,A339,AIRBUS A-330-900,0
landing,JFK,22L,1784082656.22,2026-07-15T02:30:56Z,40.637455,-73.760971,210.9,abde0b,N864DN,B739,BOEING 737-900,0
landing,LGA,22,1784082712.37,2026-07-15T02:31:52Z,40.775827,-73.878625,213.8,a00ce0,N102HQ,E75L,EMBRAER ERJ-170-200 (long wing),0
takeoff,LGA,31,1784082718.85,2026-07-15T02:31:58Z,40.772575,-73.858185,300.9,a335fa,N306DU,BCS3,AIRBUS A220-300,0
takeoff,JFK,22R,1784082720.63,2026-07-15T02:32:00Z,40.645992,-73.766873,210.9,a15397,N185DN,B763,BOEING 767-300,0
landing,JFK,22L,1784082844.33,2026-07-15T02:34:04Z,40.636002,-73.762085,209.6,406d4d,G-VSPY,B789,BOEING 787-9 Dreamliner,0
takeoff,JFK,22R,1784082863.93,2026-07-15T02:34:23Z,40.64548,-73.767263,210.9,a360b7,N3169J,BCS3,AIRBUS A220-300,0
landing,LGA,22,1784082938.94,2026-07-15T02:35:38Z,40.779853,-73.875301,213.8,a37265,N321DU,BCS3,AIRBUS A220-300,0
landing,JFK,22L,1784082989.22,2026-07-15T02:36:29Z,40.635132,-73.762772,210.9,a44cca,N3762Y,B738,BOEING 737-800,0
takeoff,JFK,22R,1784083011.44,2026-07-15T02:36:51Z,40.645771,-73.767045,210.9,3481d5,EC-OJL,B772,BOEING 777-200,0
landing,LGA,22,1784083097.32,2026-07-15T02:38:17Z,40.777526,-73.877236,213.8,ac1765,N8787K,B38M,BOEING 737 MAX 8,0
landing,JFK,22L,1784083100.39,2026-07-15T02:38:20Z,40.636438,-73.761754,210.9,ad846f,N970JB,A321,AIRBUS A-321,0
takeoff,LGA,31,1784083115.4,2026-07-15T02:38:35Z,40.772754,-73.85854,300.9,a0855d,N13227,B738,BOEING 737-800,0
takeoff,JFK,22R,1784083151.07,2026-07-15T02:39:11Z,40.646255,-73.766647,210.9,aa7439,N773AN,B772,BOEING 777-200,0
landing,JFK,22L,1784083211.77,2026-07-15T02:40:11Z,40.637581,-73.76091,210.9,a7b7c5,N597DT,A21N,AIRBUS A-321neo,0
landing,LGA,22,1784083233.82,2026-07-15T02:40:33Z,40.77535,-73.87903,213.8,a4462e,N3748Y,B738,BOEING 737-800,0
landing,JFK,22L,1784083293.56,2026-07-15T02:41:33Z,40.636963,-73.761353,210.9,a30bce,N296AK,B739,BOEING 737-900,0
takeoff,JFK,22R,1784083299.13,2026-07-15T02:41:39Z,40.646865,-73.766186,210.9,acb679,N918XJ,CRJ9,BOMBARDIER Regional Jet CRJ-900,0
takeoff,JFK,22R,1784083359.83,2026-07-15T02:42:39Z,40.646381,-73.766571,210.9,ad2f71,N949JT,A321,AIRBUS A-321,0
landing,JFK,22L,1784083409.86,2026-07-15T02:43:29Z,40.634686,-73.763138,210.9,0c20ce,HP-1854CMP,B738,BOEING 737-800,0
takeoff,JFK,22R,1784083444.26,2026-07-15T02:44:04Z,40.645317,-73.767451,210.9,8963f1,A6-EOT,A388,AIRBUS A-380-800,0
landing,JFK,22L,1784083522.93,2026-07-15T02:45:22Z,40.636883,-73.761414,210.9,a883bd,N648JB,A320,AIRBUS A-320,0
takeoff,JFK,22R,1784083605.22,2026-07-15T02:46:45Z,40.645923,-73.766936,210.9,addadb,N992JB,A321,AIRBUS A-321,0
landing,JFK,22L,1784083617.5,2026-07-15T02:46:57Z,40.634995,-73.762894,210.9,a33e85,N308RD,B38M,BOEING 737 MAX 8,0
landing,LGA,22,1784083662.32,2026-07-15T02:47:42Z,40.777645,-73.877167,210.9,a7da5f,N605FR,A21N,AIRBUS A-321neo,0
takeoff,JFK,22R,1784083674.4,2026-07-15T02:47:54Z,40.645236,-73.767451,213.8,a36b2d,N3194J,BCS3,,0
landing,JFK,22L,1784083725.82,2026-07-15T02:48:45Z,40.637857,-73.760646,210.9,ab6b45,N835DN,B739,BOEING 737-900,0
takeoff,LGA,31,1784083821.68,2026-07-15T02:50:21Z,40.772219,-73.857448,317.8,a00cb5,N102FX,GA7C,GULFSTREAM G700,0
landing,JFK,22L,1784083851.57,2026-07-15T02:50:51Z,40.636042,-73.762067,210.9,ad1c67,N944DZ,B739,,0
takeoff,JFK,22R,1784083853.66,2026-07-15T02:50:53Z,40.646267,-73.766663,210.9,adbaca,N984JB,A321,AIRBUS A-321,0
takeoff,JFK,22R,1784083926.49,2026-07-15T02:52:06Z,40.645878,-73.766968,210.9,a54137,N438DX,A339,AIRBUS A-330-900,0
landing,LGA,22,1784083940.77,2026-07-15T02:52:20Z,40.77997,-73.875316,220.9,a7ec24,N6098F,P28A,PIPER PA-28-140/150/160/180,0
landing,JFK,22L,1784083976.05,2026-07-15T02:52:56Z,40.63738,-73.761021,210.9,acba30,N919XJ,CRJ9,BOMBARDIER Regional Jet CRJ-900,0
landing,LGA,22,1784083990.31,2026-07-15T02:53:10Z,40.776295,-73.87825,210.9,ac82f8,N905NN,B738,BOEING 737-800,0
takeoff,JFK,04L,1784084045.91,2026-07-15T02:54:05Z,40.646828,-73.766205,2.8,a2b223,N273FE,B763,BOEING 767-300,0
landing,JFK,22L,1784084061.55,2026-07-15T02:54:21Z,40.634777,-73.763046,210.9,ad444d,N954JB,A321,AIRBUS A-321,0
takeoff,JFK,22R,1784084107.34,2026-07-15T02:55:07Z,40.646782,-73.766235,210.9,a44477,N374UP,B763,BOEING 767-300,0
landing,LGA,22,1784084146.45,2026-07-15T02:55:46Z,40.777631,-73.877142,210.9,a7de53,N606JB,A320,AIRBUS A-320,0
takeoff,JFK,22R,1784084188.89,2026-07-15T02:56:28Z,40.646393,-73.766556,210.9,ab4489,N825MH,B764,BOEING 767-400,0
landing,JFK,22L,1784084240.37,2026-07-15T02:57:20Z,40.637334,-73.761052,210.9,a64ce6,N505DZ,A21N,AIRBUS A-321neo,0
landing,LGA,22,1784084303.48,2026-07-15T02:58:23Z,40.77832,-73.876572,213.8,a8a391,N656FR,A21N,,0
takeoff,JFK,22R,1784084307.83,2026-07-15T02:58:27Z,40.64612,-73.766764,210.9,76cce6,9V-SGF,A359,AIRBUS A-350-900,0
takeoff,LGA,13,1784084370.95,2026-07-15T02:59:30Z,40.776339,-73.869776,123.8,a7de53,N606JB,A320,AIRBUS A-320,0
takeoff,JFK,22R,1784084382.48,2026-07-15T02:59:42Z,40.645809,-73.767029,209.6,40797c,G-ZBLE,B78X,BOEING 787-10 Dreamliner,0
landing,LGA,22,1784084396.38,2026-07-15T02:59:56Z,40.77943,-73.875641,210.9,a8f9a3,N678CA,CRJ9,BOMBARDIER Regional Jet CRJ-900,0
takeoff,JFK,04L,1784084480.01,2026-07-15T03:01:20Z,40.646358,-73.766586,5.6,a10fe8,N168FE,B763,BOEING 767-300,0
landing,LGA,22,1784084493.0,2026-07-15T03:01:33Z,40.775539,-73.878876,213.8,aa6efa,N771YX,E75L,,0
landing,LGA,22,1784084553.79,2026-07-15T03:02:33Z,40.776798,-73.877823,210.9,ac3b0f,N8876Q,B38M,BOEING 737 MAX 8,0
landing,JFK,22L,1784084554.25,2026-07-15T03:02:34Z,40.637113,-73.761239,210.9,71be40,HL7640,A388,AIRBUS A-380-800,0
takeoff,JFK,22R,1784084591.56,2026-07-15T03:03:11Z,40.647017,-73.766077,210.9,acab54,N915XJ,CRJ9,BOMBARDIER Regional Jet CRJ-900,0
takeoff,JFK,22R,1784084651.76,2026-07-15T03:04:11Z,40.645992,-73.766876,210.9,a1a832,N2059J,A21N,AIRBUS A-321neo,0
landing,LGA,22,1784084696.46,2026-07-15T03:04:56Z,40.779179,-73.875854,210.9,a535be,N435AN,A21N,AIRBUS A-321neo,0
takeoff,JFK,22R,1784084703.99,2026-07-15T03:05:03Z,40.646805,-73.766235,213.8,a6152a,N491PX,CRJ9,BOMBARDIER Regional Jet CRJ-900,0
takeoff,JFK,22R,1784084760.67,2026-07-15T03:06:00Z,40.646539,-73.766436,210.9,a3b557,N338UP,B763,BOEING 767-300,0
landing,LGA,22,1784084765.54,2026-07-15T03:06:05Z,40.777922,-73.876908,210.9,abb595,N8535S,B738,BOEING 737-800,0
takeoff,LGA,31,1784084779.68,2026-07-15T03:06:19Z,40.772758,-73.858505,300.9,ab40ce,N824MD,E170,EMBRAER ERJ-170-100,0
takeoff,JFK,22R,1784084840.76,2026-07-15T03:07:20Z,40.645806,-73.767014,210.9,461f0d,OH-LTT,A333,AIRBUS A-330-300,0
landing,LGA,22,1784084858.36,2026-07-15T03:07:38Z,40.778073,-73.876783,213.8,abc09e,N8564Z,B738,BOEING 737-800,0
takeoff,JFK,22R,1784084922.06,2026-07-15T03:08:42Z,40.645946,-73.766904,210.9,a5237f,N430DX,A339,,0
landing,JFK,22L,1784084922.38,2026-07-15T03:08:42Z,40.635681,-73.762347,210.9,a35c0b,N3152J,BCS3,AIRBUS A220-300,0
takeoff,LGA,31,1784084966.32,2026-07-15T03:09:26Z,40.772777,-73.858556,299.6,a7ec24,N6098F,P28A,PIPER PA-28-140/150/160/180,0
landing,LGA,22,1784084968.18,2026-07-15T03:09:28Z,40.774979,-73.879318,213.8,a20957,N230JQ,E75L,EMBRAER ERJ-170-200 (long wing),0
landing,LGA,22,1784085073.86,2026-07-15T03:11:13Z,40.779053,-73.875961,213.8,a3a152,N333DU,BCS3,,0
takeoff,JFK,22R,1784085080.13,2026-07-15T03:11:20Z,40.647191,-73.765937,210.9,a79e31,N590JB,A320,AIRBUS A-320,0
takeoff,JFK,22R,1784085124.53,2026-07-15T03:12:04Z,40.649403,-73.764206,210.9,a4d04c,N409YX,E75L,EMBRAER ERJ-170-200 (long wing),0
takeoff,JFK,22R,1784085195.39,2026-07-15T03:13:15Z,40.646908,-73.766159,210.9,a33339,N305PQ,CRJ9,BOMBARDIER Regional Jet CRJ-900,0
landing,LGA,22,1784085230.61,2026-07-15T03:13:50Z,40.7772,-73.877517,210.9,aa7e51,N77520,B738,BOEING 737-800,0
landing,JFK,22L,1784085234.33,2026-07-15T03:13:54Z,40.636517,-73.761703,210.9,ad63a8,N962AV,A20N,AIRBUS A-320neo,0
takeoff,JFK,22R,1784085248.5,2026-07-15T03:14:08Z,40.646365,-73.766577,208.1,a095aa,N137EV,CRJ9,BOMBARDIER Regional Jet CRJ-900,0
takeoff,JFK,22R,1784085330.51,2026-07-15T03:15:30Z,40.646435,-73.766514,210.9,a87c4f,N646JB,A320,AIRBUS A-320,0
landing,LGA,22,1784085335.75,2026-07-15T03:15:35Z,40.777565,-73.877213,210.9,a00c7a,N102DN,A321,AIRBUS A-321,0
landing,JFK,22L,1784085389.83,2026-07-15T03:16:29Z,40.63559,-73.762405,210.9,a19d0d,N2029J,A21N,AIRBUS A-321neo,0
landing,LGA,22,1784085460.68,2026-07-15T03:17:40Z,40.777416,-73.877319,213.8,abf6ae,N870DN,B739,BOEING 737-900,0
landing,JFK,22L,1784085489.79,2026-07-15T03:18:09Z,40.63662,-73.761612,210.9,adafb5,N981JT,A321,AIRBUS A-321,0
takeoff,JFK,22R,1784085561.66,2026-07-15T03:19:21Z,40.64555,-73.767216,210.9,a36110,N317CM,B763,BOEING 767-300,0
landing,JFK,22L,1784085604.37,2026-07-15T03:20:04Z,40.636528,-73.761688,210.9,0ac9ee,HK-5367,A20N,AIRBUS A-320neo,0
landing,LGA,22,1784085615.56,2026-07-15T03:20:15Z,40.775871,-73.878616,213.8,a445d9,N3746H,B738,BOEING 737-800,0
landing,JFK,22L,1784085696.94,2026-07-15T03:21:36Z,40.63461,-73.763159,210.9,0c6064,9Y-SUR,B38M,BOEING 737 MAX 8,0
takeoff,JFK,22R,1784085748.12,2026-07-15T03:22:28Z,40.645015,-73.767638,210.9,8963e9,A6-EOL,A388,AIRBUS A-380-800,0
takeoff,JFK,22R,1784085748.6,2026-07-15T03:22:28Z,40.644782,-73.767825,210.9,8963e9,A6-EOL,A388,AIRBUS A-380-800,0
landing,JFK,22L,1784085867.5,2026-07-15T03:24:27Z,40.636659,-73.761583,210.9,a34ae6,N311DU,BCS3,AIRBUS A220-300,0
takeoff,JFK,22L,1784085867.5,2026-07-15T03:24:27Z,40.636659,-73.761583,210.9,a34ae6,N311DU,BCS3,AIRBUS A220-300,0
landing,JFK,22L,1784085867.97,2026-07-15T03:24:27Z,40.636482,-73.761719,210.9,a34ae6,N311DU,BCS3,AIRBUS A220-300,0
takeoff,JFK,22R,1784085912.74,2026-07-15T03:25:12Z,40.64669,-73.766327,210.9,a72f22,N562JB,A320,AIRBUS A-320,0
landing,LGA,22,1784085959.47,2026-07-15T03:25:59Z,40.77507,-73.879257,210.9,a05470,N120HQ,E75L,EMBRAER ERJ-170-200 (long wing),0
landing,JFK,22L,1784085992.45,2026-07-15T03:26:32Z,40.634171,-73.763519,210.9,869582,JA796A,B77W,BOEING 777-300ER,0
takeoff,JFK,22R,1784086070.23,2026-07-15T03:27:50Z,40.645329,-73.767395,210.9,a35c97,N3156J,BCS3,AIRBUS A220-300,0
landing,LGA,22,1784086090.88,2026-07-15T03:28:10Z,40.775233,-73.879155,210.9,a1427f,N180US,A321,AIRBUS A-321,0
takeoff,JFK,22R,1784086151.22,2026-07-15T03:29:11Z,40.645786,-73.767044,210.9,a9d640,N733AR,B77W,BOEING 777-300ER,0
landing,JFK,22L,1784086207.63,2026-07-15T03:30:07Z,40.634502,-73.76326,210.9,a13386,N177DN,B763,BOEING 767-300,0
landing,LGA,22,1784086307.27,2026-07-15T03:31:47Z,40.778515,-73.876424,213.8,a3d2e5,N34547,A21N,AIRBUS A-321neo,0
takeoff,JFK,22R,1784086332.01,2026-07-15T03:32:12Z,40.646423,-73.76653,210.9,a19910,N2017J,A21N,AIRBUS A-321neo,0
landing,JFK,22L,1784086336.16,2026-07-15T03:32:16Z,40.637215,-73.761154,210.9,e8045e,CC-BHC,A20N,AIRBUS A-320neo,0
landing,JFK,22L,1784086455.0,2026-07-15T03:34:15Z,40.635098,-73.762817,210.9,a780ad,N5827K,A333,,0
takeoff,JFK,22R,1784086467.89,2026-07-15T03:34:27Z,40.645213,-73.767497,210.9,a38439,N3257J,BCS3,,0
takeoff,JFK,22R,1784086531.53,2026-07-15T03:35:31Z,40.646237,-73.76667,210.9,4cc53b,TF-ICM,B38M,BOEING 737 MAX 8,0
landing,JFK,22L,1784086593.04,2026-07-15T03:36:33Z,40.636494,-73.761734,210.9,a11d47,N171DZ,B763,BOEING 767-300,0
landing,LGA,22,1784086621.05,2026-07-15T03:37:01Z,40.777468,-73.877283,213.8,a32e8c,N304DU,BCS3,AIRBUS A220-300,0
takeoff,JFK,22R,1784086709.09,2026-07-15T03:38:29Z,40.64633,-73.766608,210.9,a7b832,N597JB,A320,AIRBUS A-320,0
landing,JFK,22L,1784086749.48,2026-07-15T03:39:09Z,40.635483,-73.762504,210.9,adbe91,N985JT,A321,AIRBUS A-321,0
landing,JFK,22L,1784086854.88,2026-07-15T03:40:54Z,40.633086,-73.764376,210.9,0d0b04,XA-MAQ,B38M,BOEING 737 MAX 8,0
landing,LGA,22,1784086904.51,2026-07-15T03:41:44Z,40.778183,-73.876694,210.9,a47d11,N389DN,A321,AIRBUS A-321,0
landing,JFK,22L,1784086971.18,2026-07-15T03:42:51Z,40.635088,-73.762831,210.9,a01fee,N107NN,A321,AIRBUS A-321,0
landing,JFK,22L,1784087075.33,2026-07-15T03:44:35Z,40.636798,-73.761474,210.9,a779eb,N581DA,A21N,,0
landing,JFK,22L,1784087171.39,2026-07-15T03:46:11Z,40.636391,-73.761786,210.9,a32095,N300NY,A21N,AIRBUS A-321neo,0
landing,JFK,22L,1784087329.1,2026-07-15T03:48:49Z,40.635332,-73.762644,210.9,ad15cf,N942NN,B738,BOEING 737-800,0
takeoff,JFK,22R,1784087343.89,2026-07-15T03:49:03Z,40.646461,-73.76651,210.9,3965a4,F-GZNE,B77W,BOEING 777-300ER,0
landing,LGA,22,1784087367.64,2026-07-15T03:49:27Z,40.777782,-73.877029,213.8,a445f8,N3747D,B738,BOEING 737-800,0
landing,JFK,22L,1784087502.95,2026-07-15T03:51:42Z,40.636757,-73.761505,210.9,acf54f,N934JB,A321,AIRBUS A-321,0
landing,LGA,22,1784087581.96,2026-07-15T03:53:01Z,40.775862,-73.878609,210.9,a0103b,N103DY,A321,AIRBUS A-321,0
takeoff,JFK,22R,1784087927.77,2026-07-15T03:58:47Z,40.646473,-73.766495,210.9,4cabd3,EI-LRG,A21N,AIRBUS A-321neo,0
landing,JFK,22R,1784087928.92,2026-07-15T03:58:48Z,40.646095,-73.766785,210.9,4cabd3,EI-LRG,A21N,AIRBUS A-321neo,0
takeoff,JFK,22R,1784087928.92,2026-07-15T03:58:48Z,40.646095,-73.766785,210.9,4cabd3,EI-LRG,A21N,AIRBUS A-321neo,0
landing,LGA,22,1784087941.93,2026-07-15T03:59:01Z,40.777267,-73.877457,213.8,a06db4,N127AA,A321,AIRBUS A-321,0
landing,JFK,22L,1784087976.35,2026-07-15T03:59:36Z,40.636775,-73.761489,210.9,a1bc29,N2102J,A21N,AIRBUS A-321neo,0
landing,LGA,22,1784088065.75,2026-07-15T04:01:05Z,40.77911,-73.875946,210.9,abb205,N8526W,B738,BOEING 737-800,0
landing,JFK,22L,1784088157.25,2026-07-15T04:02:37Z,40.637508,-73.760912,210.9,a7e198,N607DN,A21N,AIRBUS A-321neo,0
takeoff,JFK,22L,1784088157.25,2026-07-15T04:02:37Z,40.637508,-73.760912,210.9,a7e198,N607DN,A21N,AIRBUS A-321neo,0
landing,JFK,22L,1784088158.4,2026-07-15T04:02:38Z,40.637089,-73.761246,210.9,a7e198,N607DN,A21N,AIRBUS A-321neo,0
takeoff,JFK,22R,1784088171.7,2026-07-15T04:02:51Z,40.64626,-73.766655,210.9,e80242,CC-CXG,B763,BOEING 767-300,0
takeoff,JFK,22R,1784088247.01,2026-07-15T04:04:07Z,40.646074,-73.766811,212.4,7380ca,4X-EDL,B789,BOEING 787-9 Dreamliner,0
landing,JFK,22R,1784088247.69,2026-07-15T04:04:07Z,40.645853,-73.766982,212.4,7380ca,4X-EDL,B789,BOEING 787-9 Dreamliner,0
takeoff,JFK,22R,1784088247.69,2026-07-15T04:04:07Z,40.645853,-73.766982,212.4,7380ca,4X-EDL,B789,BOEING 787-9 Dreamliner,0
landing,LGA,22,1784088338.34,2026-07-15T04:05:38Z,40.778801,-73.876175,213.8,a85887,N637JB,A320,AIRBUS A-320,0
takeoff,JFK,22R,1784088416.21,2026-07-15T04:06:56Z,40.64621,-73.766693,210.9,a0f4b5,N1605,B763,BOEING 767-300,0
landing,LGA,22,1784088614.38,2026-07-15T04:10:14Z,40.777782,-73.877029,213.8,a65104,N506JB,A320,AIRBUS A-320,0
landing,JFK,22L,1784088779.68,2026-07-15T04:12:59Z,40.637008,-73.761333,208.1,a657f4,N508DA,A21N,AIRBUS A-321neo,0
takeoff,LGA,31,1784088840.24,2026-07-15T04:14:00Z,40.772953,-73.858948,300.9,a8a391,N656FR,A21N,,0
takeoff,JFK,22R,1784088964.22,2026-07-15T04:16:04Z,40.64637,-73.766571,210.9,89659b,A6-XWE,A35K,AIRBUS A-350-1000,0
landing,JFK,22L,1784088968.48,2026-07-15T04:16:08Z,40.636631,-73.761612,212.4,aabbd0,N791AV,B788,BOEING 787-8 Dreamliner,0
takeoff,JFK,22R,1784089073.53,2026-07-15T04:17:53Z,40.646109,-73.766764,210.9,a18284,N197DN,B763,BOEING 767-300,0
takeoff,JFK,22R,1784089144.08,2026-07-15T04:19:04Z,40.646027,-73.766842,210.9,a15b05,N187DN,B763,BOEING 767-300,0
landing,JFK,22L,1784089290.48,2026-07-15T04:21:30Z,40.638199,-73.760391,210.9,0d10bc,XA-VDG,A320,AIRBUS A-320,0
landing,LGA,22,1784089313.34,2026-07-15T04:21:53Z,40.776665,-73.877938,210.9,ac3b78,N8879Q,B38M,BOEING 737 MAX 8,0
landing,JFK,22L,1784089483.7,2026-07-15T04:24:43Z,40.636368,-73.761817,210.9,a7456c,N568JB,A320,AIRBUS A-320,0
landing,JFK,22L,1784089672.37,2026-07-15T04:27:52Z,40.636734,-73.761505,210.9,a988f0,N713TW,B752,BOEING 757-200,0
landing,LGA,22,1784089799.88,2026-07-15T04:29:59Z,40.777433,-73.877314,213.8,a0fbfa,N16234,B738,BOEING 737-800,0
takeoff,JFK,22R,1784089849.42,2026-07-15T04:30:49Z,40.645432,-73.767319,210.9,a35c0b,N3152J,BCS3,AIRBUS A220-300,0
landing,JFK,22L,1784089934.57,2026-07-15T04:32:14Z,40.634832,-73.763019,210.9,ad2095,N945JT,A321,AIRBUS A-321,0
takeoff,LGA,31,1784089954.88,2026-07-15T04:32:34Z,40.772621,-73.858261,303.8,a7da5f,N605FR,A21N,AIRBUS A-321neo,0
landing,JFK,22L,1784090086.86,2026-07-15T04:34:46Z,40.634674,-73.763138,210.9,0c21dd,HP-9813CMP,B38M,BOEING 737 MAX 8,0
landing,LGA,22,1784090225.24,2026-07-15T04:37:05Z,40.777279,-73.877487,210.9,a8ae3e,N659AW,A320,AIRBUS A-320,0
landing,JFK,22L,1784090384.31,2026-07-15T04:39:44Z,40.633156,-73.764314,210.9,a36a19,N319UY,B38M,BOEING 737 MAX 8,0
takeoff,JFK,22R,1784090385.29,2026-07-15T04:39:45Z,40.645655,-73.767138,209.6,47ae38,LN-FNL,B789,BOEING 787-9 Dreamliner,0
landing,JFK,22L,1784090547.96,2026-07-15T04:42:27Z,40.635902,-73.762207,210.9,758487,RP-C3510,A35K,AIRBUS A-350-1000,0
landing,JFK,22L,1784090833.7,2026-07-15T04:47:13Z,40.634436,-73.763331,210.9,ad2baa,N948JB,A321,AIRBUS A-321,0
takeoff,JFK,22R,1784090906.26,2026-07-15T04:48:26Z,40.644138,-73.768326,210.9,4ba948,TC-JJH,B77W,BOEING 777-300ER,0
takeoff,JFK,22R,1784091017.66,2026-07-15T04:50:17Z,40.645809,-73.767014,210.9,3480cc,EC-OHY,A332,AIRBUS A-330-200,0
landing,JFK,22L,1784091356.49,2026-07-15T04:55:56Z,40.636803,-73.76149,210.9,adf128,N998JE,A321,AIRBUS A-321,0
landing,LGA,22,1784091454.03,2026-07-15T04:57:34Z,40.776947,-73.877731,210.9,a0c42c,N149AN,A321,AIRBUS A-321,0
landing,JFK,22L,1784091901.26,2026-07-15T05:05:01Z,40.636082,-73.762039,210.9,a575e7,N451AV,A320,AIRBUS A-320,0
takeoff,JFK,22R,1784092221.87,2026-07-15T05:10:21Z,40.646039,-73.766842,210.9,71c011,HL8011,B77W,BOEING 777-300ER,0
takeoff,JFK,22R,1784092379.94,2026-07-15T05:12:59Z,40.64576,-73.76706,210.9,39d2b1,F-HUVR,A359,AIRBUS A-350-900,0
takeoff,JFK,22R,1784092533.21,2026-07-15T05:15:33Z,40.645901,-73.766937,210.9,a7e5c1,N608JB,A320,AIRBUS A-320,0
landing,JFK,22L,1784092633.6,2026-07-15T05:17:13Z,40.635914,-73.762145,213.8,a6032d,N487FX,GLF4,GULFSTREAM 4,0
takeoff,JFK,22R,1784092870.96,2026-07-15T05:21:10Z,40.645924,-73.766922,210.9,ad63a8,N962AV,A20N,AIRBUS A-320neo,0
landing,JFK,22L,1784092943.55,2026-07-15T05:22:23Z,40.635553,-73.762441,210.9,a7a1e8,N591JB,A320,AIRBUS A-320,0
takeoff,JFK,22R,1784093033.9,2026-07-15T05:23:53Z,40.646313,-73.766632,210.9,0ac9ee,HK-5367,A20N,AIRBUS A-320neo,0
landing,JFK,13L,1784093150.04,2026-07-15T05:25:50Z,40.654965,-73.781246,78.8,06a10e,A7-ALZ,A359,AIRBUS A-350-900,0
takeoff,JFK,31L,1784093180.19,2026-07-15T05:26:20Z,40.649251,-73.812176,345.9,a6032d,N487FX,GLF4,GULFSTREAM 4,0
takeoff,JFK,22R,1784093478.28,2026-07-15T05:31:18Z,40.645108,-73.767544,210.9,06a10e,A7-ALZ,A359,AIRBUS A-350-900,0
landing,JFK,22L,1784093492.34,2026-07-15T05:31:32Z,40.632213,-73.765047,210.9,71bc17,HL7417,B744,BOEING 747-400,0
takeoff,JFK,22R,1784093647.85,2026-07-15T05:34:07Z,40.6464,-73.766545,210.9,a11d47,N171DZ,B763,BOEING 767-300,0
landing,JFK,22L,1784093760.74,2026-07-15T05:36:00Z,40.636379,-73.76178,210.9,a73a47,N565JB,A320,AIRBUS A-320,0
takeoff,JFK,22R,1784093783.44,2026-07-15T05:36:23Z,40.646141,-73.766739,210.9,89901f,B-18006,B77W,BOEING 777-300ER,0
takeoff,JFK,22R,1784094019.99,2026-07-15T05:40:19Z,40.645752,-73.767059,210.9,40771a,G-VDOT,A35K,AIRBUS A-350-1000,0
landing,JFK,22L,1784094441.78,2026-07-15T05:47:21Z,40.636286,-73.761864,210.9,ad0d3c,N940AV,A20N,AIRBUS A-320neo,0
takeoff,JFK,22R,1784094546.78,2026-07-15T05:49:06Z,40.646004,-73.766846,210.9,e8045e,CC-BHC,A20N,AIRBUS A-320neo,0
takeoff,JFK,22R,1784094707.85,2026-07-15T05:51:47Z,40.645947,-73.766891,210.9,840df8,JA03WJ,A35K,AIRBUS A-350-1000,0
landing,JFK,22L,1784094746.46,2026-07-15T05:52:26Z,40.634808,-73.763019,210.9,a57ad0,N452PA,B744,BOEING 747-400,0
takeoff,JFK,22R,1784095296.18,2026-07-15T06:01:36Z,40.64626,-73.766639,210.9,89902f,B-16726,B77W,BOEING 777-300ER,0
landing,JFK,22L,1784095429.49,2026-07-15T06:03:49Z,40.637341,-73.761063,210.9,a6981a,N524DE,A21N,AIRBUS A-321neo,0
takeoff,JFK,22R,1784095452.81,2026-07-15T06:04:12Z,40.646144,-73.766748,210.9,869582,JA796A,B77W,BOEING 777-300ER,0
takeoff,JFK,22R,1784095613.24,2026-07-15T06:06:53Z,40.646795,-73.766249,210.9,0d10bc,XA-VDG,A320,AIRBUS A-320,0
takeoff,JFK,22R,1784095730.87,2026-07-15T06:08:50Z,40.645855,-73.766968,210.9,78922f,B-LXI,A35K,AIRBUS A-350-1000,0
landing,JFK,22L,1784095857.3,2026-07-15T06:10:57Z,40.635052,-73.762833,210.9,a38b84,N3276J,BCS3,AIRBUS A220-300,0
takeoff,JFK,22R,1784095897.88,2026-07-15T06:11:37Z,40.645443,-73.767303,210.9,a780ad,N5827K,A333,,0
landing,JFK,22L,1784095962.57,2026-07-15T06:12:42Z,40.637627,-73.760818,210.9,ad1861,N943AV,A20N,AIRBUS A-320neo,0
takeoff,JFK,22L,1784095962.57,2026-07-15T06:12:42Z,40.637627,-73.760818,210.9,ad1861,N943AV,A20N,AIRBUS A-320neo,0
landing,JFK,22L,1784095963.12,2026-07-15T06:12:43Z,40.637386,-73.761002,210.9,ad1861,N943AV,A20N,AIRBUS A-320neo,0
landing,JFK,22L,1784096155.6,2026-07-15T06:15:55Z,40.634228,-73.763489,210.9,a5e2a1,N479AZ,B763,BOEING 767-300,0
takeoff,JFK,22R,1784096190.17,2026-07-15T06:16:30Z,40.645958,-73.766889,210.9,0c20ce,HP-1854CMP,B738,BOEING 737-800,0
takeoff,JFK,22R,1784096932.5,2026-07-15T06:28:52Z,40.645015,-73.767685,210.9,71be40,HL7640,A388,AIRBUS A-380-800,0
landing,JFK,22L,1784097739.68,2026-07-15T06:42:19Z,40.637203,-73.761169,208.1,a1a0c4,N2039J,A21N,AIRBUS A-321neo,0
takeoff,JFK,22R,1784097943.35,2026-07-15T06:45:43Z,40.645387,-73.767341,212.4,aabbd0,N791AV,B788,BOEING 787-8 Dreamliner,0
landing,JFK,22L,1784098016.61,2026-07-15T06:46:56Z,40.636253,-73.761917,210.9,ab0e4c,N811NN,B738,BOEING 737-800,0
takeoff,JFK,22L,1784098016.61,2026-07-15T06:46:56Z,40.636253,-73.761917,210.9,ab0e4c,N811NN,B738,BOEING 737-800,0
landing,JFK,22L,1784098017.29,2026-07-15T06:46:57Z,40.636024,-73.7621,210.9,ab0e4c,N811NN,B738,BOEING 737-800,0
landing,JFK,22L,1784098515.61,2026-07-15T06:55:15Z,40.637054,-73.761286,210.9,aa7bae,N775AV,A20N,AIRBUS A-320neo,0
landing,JFK,22L,1784099286.92,2026-07-15T07:08:06Z,40.638268,-73.76033,210.9,ad6b16,N964AV,A20N,AIRBUS A-320neo,0
takeoff,JFK,22R,1784099726.21,2026-07-15T07:15:26Z,40.646225,-73.76667,210.9,a575e7,N451AV,A320,AIRBUS A-320,0
landing,JFK,22L,1784100446.18,2026-07-15T07:27:26Z,40.636542,-73.761676,210.9,aa630b,N769AV,A20N,AIRBUS A-320neo,0
takeoff,JFK,22R,1784100688.17,2026-07-15T07:31:28Z,40.646132,-73.766764,210.9,758487,RP-C3510,A35K,AIRBUS A-350-1000,0
landing,JFK,22R,1784100689.01,2026-07-15T07:31:29Z,40.645855,-73.766998,210.9,758487,RP-C3510,A35K,AIRBUS A-350-1000,0
takeoff,JFK,22R,1784100689.01,2026-07-15T07:31:29Z,40.645855,-73.766998,210.9,758487,RP-C3510,A35K,AIRBUS A-350-1000,0
takeoff,JFK,22R,1784100904.67,2026-07-15T07:35:04Z,40.646458,-73.766514,210.9,ad0d3c,N940AV,A20N,AIRBUS A-320neo,0
landing,JFK,22L,1784101121.56,2026-07-15T07:38:41Z,40.635246,-73.76268,210.9,0c2075,HP-1823CMP,B738,BOEING 737-800,0
landing,JFK,22L,1784101708.24,2026-07-15T07:48:28Z,40.630806,-73.766129,210.9,a9bd9a,N727AN,B77W,BOEING 777-300ER,0
landing,JFK,22L,1784101959.94,2026-07-15T07:52:39Z,40.638451,-73.760345,210.9,a262a6,N253AC,A320,AIRBUS A-320,0
landing,JFK,22L,1784104108.4,2026-07-15T08:28:28Z,40.636826,-73.761414,212.4,738102,4X-ERC,B788,BOEING 787-8 Dreamliner,0
takeoff,JFK,22L,1784104108.4,2026-07-15T08:28:28Z,40.636826,-73.761414,212.4,738102,4X-ERC,B788,BOEING 787-8 Dreamliner,0
landing,JFK,22L,1784104108.96,2026-07-15T08:28:28Z,40.63662,-73.761581,212.4,738102,4X-ERC,B788,BOEING 787-8 Dreamliner,0
landing,JFK,22L,1784104417.29,2026-07-15T08:33:37Z,40.637386,-73.761017,210.9,a1d2dc,N2165J,A21N,AIRBUS A-321neo,0
takeoff,JFK,22R,1784104437.67,2026-07-15T08:33:57Z,40.645283,-73.767435,210.9,a57ad0,N452PA,B744,BOEING 747-400,0
landing,JFK,22L,1784104881.07,2026-07-15T08:41:21Z,40.636093,-73.762024,210.9,adc9b6,N988JT,A321,AIRBUS A-321,0
takeoff,JFK,22R,1784104961.55,2026-07-15T08:42:41Z,40.646074,-73.766795,210.9,aa7bae,N775AV,A20N,AIRBUS A-320neo,0
landing,JFK,22L,1784105165.2,2026-07-15T08:46:05Z,40.635967,-73.762131,210.9,a4a095,N398AV,A320,AIRBUS A-320,0
takeoff,JFK,22R,1784105251.65,2026-07-15T08:47:31Z,40.646141,-73.766754,210.9,ad1861,N943AV,A20N,AIRBUS A-320neo,0
landing,JFK,22L,1784105348.08,2026-07-15T08:49:08Z,40.635681,-73.762344,210.9,0c605f,9Y-ANT,B38M,BOEING 737 MAX 8,0
landing,JFK,22L,1784105494.17,2026-07-15T08:51:34Z,40.636438,-73.76177,210.9,a35592,N3139J,BCS3,AIRBUS A220-300,0
landing,JFK,22L,1784105649.71,2026-07-15T08:54:09Z,40.633347,-73.764175,210.9,407ea0,G-DHLP,B763,BOEING 767-300,0
landing,JFK,22L,1784105871.33,2026-07-15T08:57:51Z,40.634983,-73.762894,210.9,acf906,N935JB,A321,AIRBUS A-321,0
landing,JFK,22R,1784106244.42,2026-07-15T09:04:04Z,40.633679,-73.776486,210.9,a98219,N711ZX,B752,BOEING 757-200,0
takeoff,JFK,22R,1784106427.41,2026-07-15T09:07:07Z,40.64637,-73.766571,210.9,aa630b,N769AV,A20N,AIRBUS A-320neo,0
takeoff,JFK,22R,1784106828.18,2026-07-15T09:13:48Z,40.645741,-73.767059,210.9,ad3cdf,N952JB,A321,AIRBUS A-321,0
landing,JFK,22L,1784106860.19,2026-07-15T09:14:20Z,40.637798,-73.760712,210.9,ac76ae,N902AV,A20N,,0
landing,JFK,22L,1784106962.37,2026-07-15T09:16:02Z,40.637601,-73.760834,210.9,4d206e,9H-ALC,A332,AIRBUS A-330-200,0
takeoff,JFK,22R,1784106974.0,2026-07-15T09:16:14Z,40.64612,-73.766779,210.9,0c6064,9Y-SUR,B38M,BOEING 737 MAX 8,0
takeoff,JFK,22R,1784107095.38,2026-07-15T09:18:15Z,40.646493,-73.766483,210.9,ad6b16,N964AV,A20N,AIRBUS A-320neo,0
landing,JFK,22L,1784107142.95,2026-07-15T09:19:02Z,40.634686,-73.763138,210.9,a16ff1,N192DN,B763,BOEING 767-300,0
takeoff,JFK,22R,1784107287.31,2026-07-15T09:21:27Z,40.646942,-73.766144,210.9,a7456c,N568JB,A320,AIRBUS A-320,0
landing,JFK,22L,1784107287.49,2026-07-15T09:21:27Z,40.635784,-73.762253,210.9,ade609,N995JL,A321,AIRBUS A-321,0
landing,JFK,22L,1784107459.88,2026-07-15T09:24:19Z,40.636135,-73.761989,210.9,a40455,N358UP,B763,BOEING 767-300,0
landing,JFK,22L,1784107631.44,2026-07-15T09:27:11Z,40.635681,-73.762332,212.4,7380c2,4X-EDC,B789,BOEING 787-9 Dreamliner,0
landing,JFK,22L,1784107921.69,2026-07-15T09:32:01Z,40.636597,-73.761642,210.9,a555c3,N443AA,A21N,AIRBUS A-321neo,0
landing,JFK,22L,1784108006.86,2026-07-15T09:33:26Z,40.635227,-73.762691,209.6,ab3856,N822AN,B789,BOEING 787-9 Dreamliner,0
landing,JFK,22L,1784108139.73,2026-07-15T09:35:39Z,40.636333,-73.761832,210.9,3c68cb,D-AJFK,A333,AIRBUS A-330-300,0
landing,JFK,22L,1784108308.56,2026-07-15T09:38:28Z,40.63695,-73.761349,210.9,a3711a,N3203J,BCS3,AIRBUS A220-300,0
landing,JFK,22L,1784108474.13,2026-07-15T09:41:14Z,40.634983,-73.762894,210.9,a36b50,N3195J,BCS3,,0
takeoff,JFK,22R,1784108514.32,2026-07-15T09:41:54Z,40.64558,-73.767197,210.9,71bc17,HL7417,B744,BOEING 747-400,0
landing,JFK,22L,1784108589.56,2026-07-15T09:43:09Z,40.635344,-73.762613,210.9,a3e08d,N349UP,B763,BOEING 767-300,0
landing,JFK,22L,1784108706.31,2026-07-15T09:45:06Z,40.636208,-73.761932,210.9,a009a4,N101NN,A321,AIRBUS A-321,0
landing,JFK,22L,1784109055.28,2026-07-15T09:50:55Z,40.635521,-73.762466,210.9,aa57e6,N766AV,A20N,AIRBUS A-320neo,0
takeoff,JFK,22R,1784109059.8,2026-07-15T09:50:59Z,40.646553,-73.766617,210.9,a262a6,N253AC,A320,AIRBUS A-320,0
landing,JFK,22L,1784109209.11,2026-07-15T09:53:29Z,40.634203,-73.763502,210.9,a3572c,N314RH,B38M,BOEING 737 MAX 8,0
takeoff,JFK,22L,1784109209.11,2026-07-15T09:53:29Z,40.634203,-73.763502,210.9,a3572c,N314RH,B38M,BOEING 737 MAX 8,0
landing,JFK,22L,1784109209.76,2026-07-15T09:53:29Z,40.634068,-73.763596,210.9,a3572c,N314RH,B38M,BOEING 737 MAX 8,0
landing,JFK,22L,1784109365.74,2026-07-15T09:56:05Z,40.637054,-73.761271,210.9,780abc,B-LRQ,A359,AIRBUS A-350-900,0
landing,JFK,22L,1784109518.04,2026-07-15T09:58:38Z,40.633667,-73.763931,210.9,a173d2,N193FE,B763,BOEING 767-300,0
landing,JFK,22L,1784109622.45,2026-07-15T10:00:22Z,40.63979,-73.759155,210.9,a0e600,N157UP,A306,AIRBUS A-300-600,0
takeoff,JFK,22R,1784109739.06,2026-07-15T10:02:19Z,40.645718,-73.767075,210.9,ad15cf,N942NN,B738,BOEING 737-800,0
landing,JFK,22L,1784109748.54,2026-07-15T10:02:28Z,40.635216,-73.762706,210.9,a387f0,N3267J,BCS3,,0
takeoff,LGA,31,1784109831.36,2026-07-15T10:03:51Z,40.772266,-73.857498,300.9,a23844,N242JQ,E75L,EMBRAER ERJ-170-200 (long wing),0
landing,JFK,22L,1784109882.86,2026-07-15T10:04:42Z,40.635879,-73.762191,205.3,a095aa,N137EV,CRJ9,BOMBARDIER Regional Jet CRJ-900,0
takeoff,JFK,22R,1784109908.15,2026-07-15T10:05:08Z,40.645946,-73.766904,210.9,ace063,N929JB,A321,AIRBUS A-321,0
takeoff,LGA,31,1784109926.9,2026-07-15T10:05:26Z,40.772816,-73.858658,300.9,acb4c1,N918DU,B739,BOEING 737-900,0
landing,JFK,22L,1784109973.87,2026-07-15T10:06:13Z,40.635338,-73.762634,210.9,a99d89,N719AN,B77W,BOEING 777-300ER,0
takeoff,JFK,22R,1784110009.45,2026-07-15T10:06:49Z,40.646164,-73.766754,210.9,a7cb53,N601DT,A21N,AIRBUS A-321neo,0
takeoff,LGA,31,1784110015.76,2026-07-15T10:06:55Z,40.772731,-73.858478,300.9,a1ccec,N215JQ,E75L,EMBRAER ERJ-170-200 (long wing),0
landing,LGA,13,1784110031.47,2026-07-15T10:07:11Z,40.772731,-73.86085,123.8,a7de53,N606JB,A320,AIRBUS A-320,0
takeoff,JFK,22R,1784110063.51,2026-07-15T10:07:43Z,40.646107,-73.7668,210.9,a32095,N300NY,A21N,AIRBUS A-321neo,0
takeoff,LGA,31,1784110124.99,2026-07-15T10:08:44Z,40.774876,-73.862976,300.9,a7de53,N606JB,A320,AIRBUS A-320,0
takeoff,JFK,22R,1784110126.92,2026-07-15T10:08:46Z,40.645477,-73.767273,210.9,a38b84,N3276J,BCS3,AIRBUS A220-300,0
takeoff,JFK,22R,1784110179.34,2026-07-15T10:09:39Z,40.646074,-73.766811,210.9,a37ec4,N324SH,B38M,BOEING 737 MAX 8,0
takeoff,LGA,31,1784110185.69,2026-07-15T10:09:45Z,40.772484,-73.857971,300.9,a03f1e,N115DN,A321,AIRBUS A-321,0
takeoff,LGA,31,1784110219.2,2026-07-15T10:10:19Z,40.772265,-73.857557,309.4,a50cb7,N424YX,E75L,EMBRAER ERJ-170-200 (long wing),0
landing,JFK,22R,1784110257.53,2026-07-15T10:10:57Z,40.634102,-73.776184,210.9,a77035,N579DT,A21N,AIRBUS A-321neo,0
takeoff,LGA,31,1784110330.91,2026-07-15T10:12:10Z,40.772312,-73.857573,315.0,a535be,N435AN,A21N,AIRBUS A-321neo,0
takeoff,JFK,22R,1784110356.22,2026-07-15T10:12:36Z,40.645374,-73.767365,210.9,a3514f,N3125J,BCS3,,0
landing,JFK,22L,1784110377.74,2026-07-15T10:12:57Z,40.63678,-73.761475,210.9,acb679,N918XJ,CRJ9,BOMBARDIER Regional Jet CRJ-900,0
takeoff,JFK,22R,1784110407.14,2026-07-15T10:13:27Z,40.645546,-73.767212,210.9,ad2095,N945JT,A321,AIRBUS A-321,0
takeoff,LGA,31,1784110432.52,2026-07-15T10:13:52Z,40.772684,-73.858415,300.9,aa6efa,N771YX,E75L,,0
takeoff,JFK,22R,1784110459.36,2026-07-15T10:14:19Z,40.645783,-73.767029,210.9,ade9c0,N996JL,A321,AIRBUS A-321,0
takeoff,LGA,31,1784110513.46,2026-07-15T10:15:13Z,40.772793,-73.858612,300.9,aa56b4,N76515,B738,BOEING 737-800,0
landing,JFK,22L,1784110527.51,2026-07-15T10:15:27Z,40.636519,-73.761692,210.9,a7d673,N604DN,A21N,AIRBUS A-321neo,0
takeoff,JFK,22R,1784110536.23,2026-07-15T10:15:36Z,40.649251,-73.764314,210.9,a2270f,N238JQ,E75L,EMBRAER ERJ-170-200 (long wing),0
takeoff,LGA,31,1784110587.26,2026-07-15T10:16:27Z,40.77277,-73.858566,300.9,ad5398,N958NN,B738,BOEING 737-800,0
takeoff,JFK,22R,1784110611.23,2026-07-15T10:16:51Z,40.646027,-73.766846,210.9,0c21dd,HP-9813CMP,B38M,BOEING 737 MAX 8,0
landing,LGA,22,1784110672.8,2026-07-15T10:17:52Z,40.777359,-73.877365,210.9,a33aa7,N307PQ,CRJ9,BOMBARDIER Regional Jet CRJ-900,0
takeoff,LGA,31,1784110675.19,2026-07-15T10:17:55Z,40.772393,-73.857791,298.1,a8f9a3,N678CA,CRJ9,BOMBARDIER Regional Jet CRJ-900,0
takeoff,JFK,22R,1784110741.82,2026-07-15T10:19:01Z,40.645864,-73.766967,210.9,a1a0c4,N2039J,A21N,AIRBUS A-321neo,0
takeoff,LGA,31,1784110745.65,2026-07-15T10:19:05Z,40.772242,-73.857448,300.9,a02cf1,N110HQ,E75L,EMBRAER ERJ-170-200 (long wing),0
takeoff,JFK,22R,1784110816.59,2026-07-15T10:20:16Z,40.645992,-73.766891,210.9,a5e2a1,N479AZ,B763,BOEING 767-300,0
takeoff,LGA,31,1784110827.81,2026-07-15T10:20:27Z,40.772461,-73.857925,300.9,a04e60,N119HQ,E75L,EMBRAER ERJ-170-200 (long wing),0
takeoff,JFK,22R,1784110911.11,2026-07-15T10:21:51Z,40.646564,-73.766418,210.9,ad2baa,N948JB,A321,AIRBUS A-321,0
takeoff,LGA,31,1784110927.89,2026-07-15T10:22:07Z,40.77457,-73.862332,300.9,a0103b,N103DY,A321,AIRBUS A-321,0
landing,JFK,22L,1784110957.25,2026-07-15T10:22:37Z,40.634669,-73.763128,210.9,a69f49,N526AS,B738,BOEING 737-800,0
takeoff,LGA,31,1784110992.34,2026-07-15T10:23:12Z,40.772449,-73.85791,303.8,abb595,N8535S,B738,BOEING 737-800,0
takeoff,LGA,31,1784111073.98,2026-07-15T10:24:33Z,40.772724,-73.858475,300.9,a89d22,N654RW,E170,EMBRAER ERJ-170-100,0
landing,JFK,22L,1784111098.63,2026-07-15T10:24:58Z,40.63512,-73.762787,210.9,a47d69,N389HA,A332,AIRBUS A-330-200,0
takeoff,LGA,31,1784111152.32,2026-07-15T10:25:52Z,40.772836,-73.858728,300.9,a2b12d,N27260,B38M,BOEING 737 MAX 8,0
takeoff,LGA,31,1784111232.44,2026-07-15T10:27:12Z,40.772801,-73.85865,300.9,abb205,N8526W,B738,BOEING 737-800,0
takeoff,JFK,22R,1784111281.1,2026-07-15T10:28:01Z,40.645806,-73.767014,210.9,a98f6a,N715JB,A320,AIRBUS A-320,0
takeoff,LGA,31,1784111323.21,2026-07-15T10:28:43Z,40.772428,-73.857838,300.9,c018c8,C-FJJZ,CRJ9,BOMBARDIER Regional Jet CRJ-900,0
landing,LGA,22,1784111332.26,2026-07-15T10:28:52Z,40.775196,-73.879135,210.9,a03f84,N115HQ,E75L,EMBRAER ERJ-170-200 (long wing),0
takeoff,JFK,22R,1784111438.83,2026-07-15T10:30:38Z,40.646233,-73.766678,210.9,a7a1e8,N591JB,A320,AIRBUS A-320,0
landing,JFK,22L,1784111521.76,2026-07-15T10:32:01Z,40.63773,-73.760742,210.9,a8b8ba,N661JB,A320,AIRBUS A-320,0
takeoff,LGA,31,1784111587.12,2026-07-15T10:33:07Z,40.77285,-73.858734,300.9,ac3b78,N8879Q,B38M,BOEING 737 MAX 8,0
landing,JFK,22L,1784111593.17,2026-07-15T10:33:13Z,40.635192,-73.762722,210.9,ab962d,N846AK,,,0
landing,JFK,22L,1784111672.25,2026-07-15T10:34:32Z,40.635498,-73.762497,210.9,ad8fa4,N973JT,A321,AIRBUS A-321,0
takeoff,LGA,31,1784111701.84,2026-07-15T10:35:01Z,40.774864,-73.862946,300.9,a0c42c,N149AN,A321,AIRBUS A-321,0
landing,JFK,22L,1784111750.15,2026-07-15T10:35:50Z,40.634583,-73.763214,210.9,a0b97c,N146FE,B763,BOEING 767-300,0
landing,LGA,22,1784111780.51,2026-07-15T10:36:20Z,40.776867,-73.877777,213.8,acc3f7,N921XJ,CRJ9,BOMBARDIER Regional Jet CRJ-900,0
takeoff,LGA,31,1784111784.34,2026-07-15T10:36:24Z,40.772463,-73.857947,300.9,a06e71,N127HQ,E75L,EMBRAER ERJ-170-200 (long wing),0
takeoff,JFK,22R,1784111832.35,2026-07-15T10:37:12Z,40.645969,-73.766891,210.9,a01fee,N107NN,A321,AIRBUS A-321,0
landing,JFK,22L,1784111848.79,2026-07-15T10:37:28Z,40.636519,-73.761692,210.9,a3b124,N337PQ,CRJ9,BOMBARDIER Regional Jet CRJ-900,0
landing,JFK,22L,1784111930.51,2026-07-15T10:38:50Z,40.633889,-73.763768,210.9,a6c358,N535DN,A21N,AIRBUS A-321neo,0
takeoff,LGA,31,1784111949.38,2026-07-15T10:39:09Z,40.774756,-73.862754,298.1,a07f60,N131EV,CRJ9,BOMBARDIER Regional Jet CRJ-900,0
takeoff,JFK,22R,1784111966.18,2026-07-15T10:39:26Z,40.649345,-73.764236,213.8,a4da13,N411YX,E75L,EMBRAER ERJ-170-200 (long wing),0
landing,JFK,22L,1784111982.23,2026-07-15T10:39:42Z,40.635693,-73.762363,210.9,ad2f71,N949JT,A321,AIRBUS A-321,0
landing,JFK,22L,1784112061.84,2026-07-15T10:41:01Z,40.634171,-73.763519,210.9,a24a82,N247FE,B763,BOEING 767-300,0
takeoff,JFK,22R,1784112134.06,2026-07-15T10:42:14Z,40.646027,-73.766826,210.9,ad2ea4,N949AN,B738,BOEING 737-800,0
landing,JFK,22L,1784112170.56,2026-07-15T10:42:50Z,40.634399,-73.763336,210.9,a3b8f5,N339TP,B38M,BOEING 737 MAX 8,0
takeoff,JFK,22R,1784112207.94,2026-07-15T10:43:27Z,40.646202,-73.766701,210.9,a19d0d,N2029J,A21N,AIRBUS A-321neo,0
landing,JFK,22L,1784112266.35,2026-07-15T10:44:26Z,40.635704,-73.762329,210.9,a76154,N575DN,A21N,AIRBUS A-321neo,0
landing,LGA,22,1784112314.45,2026-07-15T10:45:14Z,40.777222,-73.877487,210.9,a39723,N330PQ,CRJ9,BOMBARDIER Regional Jet CRJ-900,0
landing,JFK,22L,1784112326.99,2026-07-15T10:45:26Z,40.633415,-73.764099,210.9,ad5329,N958JB,A321,AIRBUS A-321,0
takeoff,JFK,22R,1784112338.88,2026-07-15T10:45:38Z,40.646505,-73.766467,210.9,a1cf6b,N2157J,A21N,AIRBUS A-321neo,0
landing,JFK,22L,1784112458.03,2026-07-15T10:47:38Z,40.638707,-73.759991,210.9,a3556f,N3138J,BCS3,AIRBUS A220-300,0
landing,LGA,22,1784112458.88,2026-07-15T10:47:38Z,40.777988,-73.876846,210.9,accf1c,N924XJ,CRJ9,BOMBARDIER Regional Jet CRJ-900,0
takeoff,JFK,22R,1784112474.54,2026-07-15T10:47:54Z,40.645678,-73.767107,210.9,a35592,N3139J,BCS3,AIRBUS A220-300,0
landing,JFK,22L,1784112530.91,2026-07-15T10:48:50Z,40.634063,-73.763627,209.6,ab349f,N821AN,B789,BOEING 787-9 Dreamliner,0
takeoff,JFK,22R,1784112574.35,2026-07-15T10:49:34Z,40.647617,-73.765594,210.9,a3852d,N326FX,E545,,0
takeoff,JFK,22R,1784112633.96,2026-07-15T10:50:33Z,40.645992,-73.766873,210.9,adf128,N998JE,A321,AIRBUS A-321,0
landing,JFK,22L,1784112654.29,2026-07-15T10:50:54Z,40.633458,-73.764095,210.9,a35af8,N315SD,B38M,BOEING 737 MAX 8,0
landing,LGA,22,1784112657.5,2026-07-15T10:50:57Z,40.777222,-73.877457,208.1,a33339,N305PQ,CRJ9,BOMBARDIER Regional Jet CRJ-900,0
takeoff,LGA,31,1784112725.68,2026-07-15T10:52:05Z,40.772793,-73.858597,300.9,c00899,C-FDGQ,A320,AIRBUS A-320,0
landing,JFK,22L,1784112746.6,2026-07-15T10:52:26Z,40.639336,-73.759507,210.9,a1aaae,N2060J,A21N,AIRBUS A-321neo,0
takeoff,JFK,22R,1784112754.89,2026-07-15T10:52:34Z,40.645992,-73.766891,210.9,a3711a,N3203J,BCS3,AIRBUS A220-300,0
landing,LGA,22,1784112812.68,2026-07-15T10:53:32Z,40.780075,-73.875129,209.6,a821bf,N623DT,E50P,EMBRAER EMB-500 Phenom 100,8
landing,JFK,22L,1784112814.03,2026-07-15T10:53:34Z,40.636007,-73.762145,210.9,a17ecd,N196DN,B763,BOEING 767-300,0
takeoff,LGA,31,1784112828.95,2026-07-15T10:53:48Z,40.772472,-73.857956,303.8,a00ce0,N102HQ,E75L,EMBRAER ERJ-170-200 (long wing),0
takeoff,JFK,22R,1784112864.05,2026-07-15T10:54:24Z,40.64851,-73.764908,208.1,502d9d,YL-UAG,E190,EMBRAER ERJ-190-100,0
landing,LGA,22,1784112914.28,2026-07-15T10:55:14Z,40.77491,-73.879364,210.9,a1f0b4,N224JQ,E75L,EMBRAER ERJ-170-200 (long wing),0
landing,JFK,22L,1784112918.73,2026-07-15T10:55:18Z,40.635972,-73.762129,210.9,a0428a,N116AN,A321,AIRBUS A-321,0
takeoff,LGA,31,1784112975.54,2026-07-15T10:56:15Z,40.772836,-73.858696,300.9,abdeec,N864NN,B738,BOEING 737-800,0
landing,LGA,22,1784112979.68,2026-07-15T10:56:19Z,40.775163,-73.879155,210.9,a21fa1,N236JQ,E75L,EMBRAER ERJ-170-200 (long wing),0
landing,JFK,22L,1784113004.38,2026-07-15T10:56:44Z,40.636436,-73.761795,210.9,aa4252,N760JB,A320,AIRBUS A-320,0
landing,LGA,22,1784113083.37,2026-07-15T10:58:03Z,40.774796,-73.879379,210.9,ada699,N979RP,E170,EMBRAER ERJ-170-100,0
landing,JFK,22L,1784113108.15,2026-07-15T10:58:28Z,40.633118,-73.764786,230.6,a19a48,N202JQ,E75L,EMBRAER ERJ-170-200 (long wing),0
takeoff,LGA,31,1784113110.46,2026-07-15T10:58:30Z,40.772242,-73.85751,303.8,a3183d,N299PQ,CRJ9,BOMBARDIER Regional Jet CRJ-900,0
landing,LGA,22,1784113143.47,2026-07-15T10:59:03Z,40.774487,-73.879669,205.3,a046f2,N117HQ,E75L,EMBRAER ERJ-170-200 (long wing),0
landing,JFK,22L,1784113151.37,2026-07-15T10:59:11Z,40.635464,-73.762527,210.9,a01c37,N106NN,A321,AIRBUS A-321,0
landing,JFK,22R,1784113199.88,2026-07-15T10:59:59Z,40.632969,-73.777048,210.9,a37f8d,N3240J,BCS3,,0
takeoff,LGA,31,1784113225.85,2026-07-15T11:00:25Z,40.772649,-73.858322,300.9,a445d9,N3746H,B738,BOEING 737-800,0
landing,LGA,22,1784113230.92,2026-07-15T11:00:30Z,40.775187,-73.87914,213.8,a0634c,N124HQ,E75L,EMBRAER ERJ-170-200 (long wing),0
landing,JFK,22L,1784113250.55,2026-07-15T11:00:50Z,40.633427,-73.764282,225.0,a4c170,N405YX,E75L,EMBRAER ERJ-170-200 (long wing),0
takeoff,JFK,22L,1784113251.21,2026-07-15T11:00:51Z,40.633342,-73.764392,227.8,a4c170,N405YX,E75L,EMBRAER ERJ-170-200 (long wing),0
landing,JFK,22L,1784113252.84,2026-07-15T11:00:52Z,40.633144,-73.764688,230.6,a4c170,N405YX,E75L,EMBRAER ERJ-170-200 (long wing),0
takeoff,JFK,22R,1784113276.44,2026-07-15T11:01:16Z,40.645329,-73.76738,210.9,a36b50,N3195J,BCS3,,0
landing,JFK,22L,1784113291.13,2026-07-15T11:01:31Z,40.635258,-73.762695,208.1,a37fb0,N3241J,BCS3,AIRBUS A220-300,0
landing,LGA,22,1784113324.82,2026-07-15T11:02:04Z,40.777177,-73.877548,210.9,a091f3,N136EV,CRJ9,BOMBARDIER Regional Jet CRJ-900,0
takeoff,LGA,31,1784113361.86,2026-07-15T11:02:41Z,40.772243,-73.857483,300.9,a05470,N120HQ,E75L,EMBRAER ERJ-170-200 (long wing),0
landing,JFK,22L,1784113368.76,2026-07-15T11:02:48Z,40.634413,-73.763331,210.9,ac85ce,N906DN,B739,BOEING 737-900,0
takeoff,LGA,31,1784113435.21,2026-07-15T11:03:55Z,40.772277,-73.857557,303.8,a06db4,N127AA,A321,AIRBUS A-321,0
landing,JFK,22L,1784113470.07,2026-07-15T11:04:30Z,40.636059,-73.762054,210.9,a1de8d,N2199J,A21N,AIRBUS A-321neo,0
takeoff,JFK,22R,1784113512.21,2026-07-15T11:05:12Z,40.646388,-73.766545,210.9,a3915a,N329SL,B38M,BOEING 737 MAX 8,0
takeoff,LGA,31,1784113540.18,2026-07-15T11:05:40Z,40.772221,-73.857483,303.8,a866c7,N640RW,E170,EMBRAER ERJ-170-100,0
landing,LGA,22,1784113540.88,2026-07-15T11:05:40Z,40.779376,-73.875706,210.9,c03cf4,C-FXCD,A320,AIRBUS A-320,0
landing,JFK,22L,1784113559.15,2026-07-15T11:05:59Z,40.633564,-73.76416,222.2,a04aa9,N118HQ,E75L,EMBRAER ERJ-170-200 (long wing),0
takeoff,JFK,22L,1784113559.15,2026-07-15T11:05:59Z,40.633564,-73.76416,222.2,a04aa9,N118HQ,E75L,EMBRAER ERJ-170-200 (long wing),0
landing,JFK,22L,1784113560.3,2026-07-15T11:06:00Z,40.633423,-73.764329,225.0,a04aa9,N118HQ,E75L,EMBRAER ERJ-170-200 (long wing),0
takeoff,JFK,22L,1784113560.3,2026-07-15T11:06:00Z,40.633423,-73.764329,225.0,a04aa9,N118HQ,E75L,EMBRAER ERJ-170-200 (long wing),0
landing,JFK,22L,1784113561.44,2026-07-15T11:06:01Z,40.633272,-73.764532,227.8,a04aa9,N118HQ,E75L,EMBRAER ERJ-170-200 (long wing),0
landing,JFK,22L,1784113633.96,2026-07-15T11:07:13Z,40.636007,-73.762082,210.9,4cc4f1,TF-ISP,B763,BOEING 767-300,0
landing,LGA,22,1784113663.37,2026-07-15T11:07:43Z,40.777885,-73.876938,213.8,a6f98e,N549CA,CRJ9,BOMBARDIER Regional Jet CRJ-900,0
takeoff,JFK,22R,1784113684.02,2026-07-15T11:08:04Z,40.647228,-73.765915,210.9,a4a095,N398AV,A320,AIRBUS A-320,0
takeoff,LGA,31,1784113757.92,2026-07-15T11:09:17Z,40.772678,-73.858368,300.9,a1d0a3,N216JQ,E75L,EMBRAER ERJ-170-200 (long wing),0
landing,JFK,22L,1784113763.53,2026-07-15T11:09:23Z,40.634525,-73.763245,210.9,a99262,N716AL,B39M,BOEING 737 MAX 9,0
takeoff,JFK,22R,1784113814.32,2026-07-15T11:10:14Z,40.646342,-73.766592,210.9,ac76ae,N902AV,A20N,,0
takeoff,JFK,22R,1784113874.84,2026-07-15T11:11:14Z,40.645912,-73.766922,210.9,ab355c,N821JB,A320,AIRBUS A-320,0
takeoff,LGA,31,1784113878.35,2026-07-15T11:11:18Z,40.772324,-73.857635,300.9,a00c7a,N102DN,A321,AIRBUS A-321,0
landing,LGA,22,1784113908.25,2026-07-15T11:11:48Z,40.771707,-73.882011,210.9,a24720,N246JQ,E75L,EMBRAER ERJ-170-200 (long wing),0
landing,JFK,22L,1784113913.26,2026-07-15T11:11:53Z,40.633907,-73.763733,210.9,ad27f3,N947JB,A321,AIRBUS A-321,0
landing,JFK,22L,1784113998.39,2026-07-15T11:13:18Z,40.637341,-73.761063,210.9,ad4f72,N957JB,A321,AIRBUS A-321,0
takeoff,LGA,31,1784114021.74,2026-07-15T11:13:41Z,40.772428,-73.857885,300.9,a50192,N421YX,E75L,EMBRAER ERJ-170-200 (long wing),0
landing,LGA,22,1784114033.7,2026-07-15T11:13:53Z,40.77507,-73.879257,210.9,a06703,N125HQ,E75L,EMBRAER ERJ-170-200 (long wing),0
takeoff,JFK,22R,1784114036.25,2026-07-15T11:13:56Z,40.646645,-73.766373,210.9,a66ce0,N513DA,A21N,AIRBUS A-321neo,0
landing,JFK,22L,1784114086.11,2026-07-15T11:14:46Z,40.637299,-73.761083,210.9,a6152a,N491PX,CRJ9,BOMBARDIER Regional Jet CRJ-900,0
takeoff,JFK,22R,1784114091.52,2026-07-15T11:14:51Z,40.646965,-73.766129,210.9,a16ff1,N192DN,B763,BOEING 767-300,0
landing,LGA,22,1784114133.75,2026-07-15T11:15:33Z,40.776249,-73.878281,208.1,a35e6f,N316PQ,CRJ9,BOMBARDIER Regional Jet CRJ-900,0
takeoff,LGA,31,1784114134.81,2026-07-15T11:15:34Z,40.772475,-73.857963,303.8,abc09e,N8564Z,B738,BOEING 737-800,0
landing,JFK,22L,1784114182.18,2026-07-15T11:16:22Z,40.635933,-73.762146,210.9,a338ac,N3065J,BCS3,AIRBUS A220-300,0
takeoff,LGA,31,1784114242.78,2026-07-15T11:17:22Z,40.772603,-73.858228,300.9,a3411f,N309DU,BCS3,AIRBUS A220-300,0
landing,LGA,22,1784114246.15,2026-07-15T11:17:26Z,40.77507,-73.879249,210.9,a20347,N229JQ,E75L,EMBRAER ERJ-170-200 (long wing),0
landing,JFK,22L,1784114288.19,2026-07-15T11:18:08Z,40.635716,-73.762332,210.9,a92145,N688DL,B752,BOEING 757-200,0
landing,LGA,22,1784114322.32,2026-07-15T11:18:42Z,40.777348,-73.87738,208.1,a0d6a8,N153PQ,CRJ9,BOMBARDIER Regional Jet CRJ-900,0
takeoff,LGA,31,1784114331.61,2026-07-15T11:18:51Z,40.772498,-73.858025,303.8,a445f8,N3747D,B738,BOEING 737-800,0
takeoff,JFK,22R,1784114332.75,2026-07-15T11:18:52Z,40.646015,-73.766846,210.9,ab6b45,N835DN,B739,BOEING 737-900,0
takeoff,JFK,22R,1784114394.31,2026-07-15T11:19:54Z,40.646553,-73.766449,210.9,a009a4,N101NN,A321,AIRBUS A-321,0
landing,JFK,22L,1784114405.08,2026-07-15T11:20:05Z,40.63745,-73.760974,210.9,a61173,N490PX,CRJ9,BOMBARDIER Regional Jet CRJ-900,0
takeoff,LGA,31,1784114436.17,2026-07-15T11:20:36Z,40.772747,-73.858475,300.9,a4462e,N3748Y,B738,BOEING 737-800,0
landing,LGA,22,1784114438.33,2026-07-15T11:20:38Z,40.774989,-73.879311,210.9,a4e538,N414YX,E75L,EMBRAER ERJ-170-200 (long wing),0
takeoff,JFK,22R,1784114456.32,2026-07-15T11:20:56Z,40.645713,-73.767092,210.9,0c605f,9Y-ANT,B38M,BOEING 737 MAX 8,0
takeoff,JFK,22R,1784114519.15,2026-07-15T11:21:59Z,40.646496,-73.766479,210.9,a7e198,N607DN,A21N,AIRBUS A-321neo,0
landing,JFK,22R,1784114519.91,2026-07-15T11:21:59Z,40.646255,-73.766678,210.9,a7e198,N607DN,A21N,AIRBUS A-321neo,0
takeoff,JFK,22R,1784114520.21,2026-07-15T11:22:00Z,40.646095,-73.7668,210.9,a7e198,N607DN,A21N,AIRBUS A-321neo,0
takeoff,LGA,31,1784114547.01,2026-07-15T11:22:27Z,40.772824,-73.858696,300.9,abe579,N866DN,B739,BOEING 737-900,0
landing,LGA,22,1784114553.76,2026-07-15T11:22:33Z,40.775082,-73.879264,210.9,a0433b,N116HQ,E75L,EMBRAER ERJ-170-200 (long wing),0
takeoff,JFK,22R,1784114582.91,2026-07-15T11:23:02Z,40.646049,-73.766815,210.9,a0aa7c,N142DU,BCS1,AIRBUS A220-100,0
landing,LGA,22,1784114652.69,2026-07-15T11:24:12Z,40.777631,-73.877158,210.9,ac7c67,N903XJ,CRJ9,BOMBARDIER Regional Jet CRJ-900,0
takeoff,JFK,22R,1784114654.02,2026-07-15T11:24:14Z,40.646461,-73.766495,210.9,a779eb,N581DA,A21N,,0
takeoff,LGA,31,1784114656.34,2026-07-15T11:24:16Z,40.772598,-73.858215,300.9,a2348d,N241JQ,E75L,EMBRAER ERJ-170-200 (long wing),0
takeoff,JFK,22R,1784114718.16,2026-07-15T11:25:18Z,40.64633,-73.766608,210.9,407ea0,G-DHLP,B763,BOEING 767-300,0
landing,JFK,22L,1784114733.39,2026-07-15T11:25:33Z,40.633862,-73.763824,216.6,a52cc8,N432YX,E75L,EMBRAER ERJ-170-200 (long wing),0
takeoff,LGA,31,1784114744.27,2026-07-15T11:25:44Z,40.772335,-73.857666,303.8,a04dfa,N119DN,A321,AIRBUS A-321,0
landing,LGA,22,1784114772.22,2026-07-15T11:26:12Z,40.774837,-73.879436,210.9,a030a8,N111HQ,E75L,EMBRAER ERJ-170-200 (long wing),0
takeoff,JFK,22R,1784114852.75,2026-07-15T11:27:32Z,40.645672,-73.76712,210.9,ad1c67,N944DZ,B739,,0
landing,JFK,22L,1784114854.72,2026-07-15T11:27:34Z,40.636368,-73.761801,210.9,a1a435,N2047J,A21N,AIRBUS A-321neo,0
takeoff,LGA,31,1784114885.78,2026-07-15T11:28:05Z,40.772472,-73.857971,300.9,a3b79c,N339DU,,,0
landing,LGA,22,1784114889.6,2026-07-15T11:28:09Z,40.774727,-73.879501,208.1,ab40ce,N824MD,E170,EMBRAER ERJ-170-100,0
takeoff,JFK,22R,1784114911.06,2026-07-15T11:28:31Z,40.646278,-73.766647,210.9,a70463,N551NW,B752,BOEING 757-200,0
landing,LGA,22,1784114969.46,2026-07-15T11:29:29Z,40.777642,-73.877127,210.9,a148b9,N182GJ,CRJ9,BOMBARDIER Regional Jet CRJ-900,0
landing,JFK,22L,1784114972.44,2026-07-15T11:29:32Z,40.637306,-73.761063,210.9,a38439,N3257J,BCS3,,0
takeoff,JFK,22R,1784114974.76,2026-07-15T11:29:34Z,40.6464,-73.766545,213.8,a37389,N321RL,B38M,BOEING 737 MAX 8,0
takeoff,LGA,31,1784114977.26,2026-07-15T11:29:37Z,40.772836,-73.858728,300.9,abf6ae,N870DN,B739,BOEING 737-900,0
takeoff,JFK,22R,1784115031.61,2026-07-15T11:30:31Z,40.647457,-73.765732,210.9,a54aaa,N440AN,A21N,AIRBUS A-321neo,0
takeoff,LGA,31,1784115074.52,2026-07-15T11:31:14Z,40.772812,-73.858665,300.9,ac3b0f,N8876Q,B38M,BOEING 737 MAX 8,0
landing,LGA,22,1784115077.35,2026-07-15T11:31:17Z,40.77459,-73.879654,210.9,a01b3a,N106CK,F900,DASSAULT Falcon 900,0
landing,JFK,22L,1784115087.4,2026-07-15T11:31:27Z,40.637558,-73.76088,210.9,a0f4a2,N1604R,B763,BOEING 767-300,0
takeoff,JFK,22R,1784115092.13,2026-07-15T11:31:32Z,40.646237,-73.76667,208.1,a095aa,N137EV,CRJ9,BOMBARDIER Regional Jet CRJ-900,0
takeoff,LGA,31,1784115154.44,2026-07-15T11:32:34Z,40.772243,-73.857468,303.8,abd063,N860RW,E170,EMBRAER ERJ-170-100,0
landing,LGA,22,1784115157.49,2026-07-15T11:32:37Z,40.776764,-73.877869,210.9,ace7bf,N930XJ,CRJ9,BOMBARDIER Regional Jet CRJ-900,0
takeoff,JFK,22R,1784115160.59,2026-07-15T11:32:40Z,40.64629,-73.766663,210.9,ad3581,N950JT,A321,AIRBUS A-321,0
landing,JFK,22L,1784115195.43,2026-07-15T11:33:15Z,40.63887,-73.759882,210.9,a437c0,N371CM,B763,BOEING 767-300,0
takeoff,JFK,22R,1784115221.59,2026-07-15T11:33:41Z,40.64647,-73.766499,210.9,acb679,N918XJ,CRJ9,BOMBARDIER Regional Jet CRJ-900,0
takeoff,LGA,31,1784115256.19,2026-07-15T11:34:16Z,40.772266,-73.857544,303.8,a47d11,N389DN,A321,AIRBUS A-321,0
landing,LGA,22,1784115276.54,2026-07-15T11:34:36Z,40.773557,-73.879951,182.8,ab3d17,N823MD,E170,EMBRAER ERJ-170-100,0
takeoff,JFK,22R,1784115293.1,2026-07-15T11:34:53Z,40.645411,-73.76731,210.9,a4ffb7,N421DX,A339,AIRBUS A-330-900,0
landing,JFK,22L,1784115339.5,2026-07-15T11:35:39Z,40.637415,-73.76099,210.9,a14502,N181GJ,CRJ9,BOMBARDIER Regional Jet CRJ-900,0
landing,LGA,22,1784115371.11,2026-07-15T11:36:11Z,40.777118,-73.877579,210.9,c05e8e,C-GJUZ,CRJ9,BOMBARDIER Regional Jet CRJ-900,0
takeoff,LGA,31,1784115377.57,2026-07-15T11:36:17Z,40.772839,-73.858704,300.9,a36661,N318UX,B38M,BOEING 737 MAX 8,0
landing,JFK,22L,1784115437.47,2026-07-15T11:37:17Z,40.635088,-73.762831,212.4,04c159,5Y-KZG,B788,BOEING 787-8 Dreamliner,0
takeoff,JFK,22R,1784115455.89,2026-07-15T11:37:35Z,40.645947,-73.766907,210.9,a4491f,N3753,B738,BOEING 737-800,0
takeoff,LGA,31,1784115464.29,2026-07-15T11:37:44Z,40.772598,-73.858215,300.9,aa7e51,N77520,B738,BOEING 737-800,0
landing,LGA,22,1784115476.5,2026-07-15T11:37:56Z,40.774773,-73.879471,208.1,a5106e,N425YX,E75L,EMBRAER ERJ-170-200 (long wing),0
takeoff,LGA,31,1784115508.78,2026-07-15T11:38:28Z,40.772312,-73.857635,300.9,a36994,N319PQ,CRJ9,BOMBARDIER Regional Jet CRJ-900,0
takeoff,JFK,22R,1784115516.01,2026-07-15T11:38:36Z,40.647249,-73.76589,210.9,a33e85,N308RD,B38M,BOEING 737 MAX 8,0
landing,LGA,22,1784115557.88,2026-07-15T11:39:17Z,40.777293,-73.877423,208.1,a09961,N138EV,CRJ9,BOMBARDIER Regional Jet CRJ-900,0
takeoff,JFK,22R,1784115582.56,2026-07-15T11:39:42Z,40.645981,-73.766889,210.9,a30bce,N296AK,B739,BOEING 737-900,0
takeoff,LGA,31,1784115625.84,2026-07-15T11:40:25Z,40.772472,-73.857956,300.9,c00b80,C-FEJF,E75S,EMBRAER ERJ-170-200 (short wing),0
landing,LGA,22,1784115636.43,2026-07-15T11:40:36Z,40.775036,-73.879288,210.9,a8996b,N653RW,E170,EMBRAER ERJ-170-100,0
takeoff,JFK,22R,1784115645.17,2026-07-15T11:40:45Z,40.646377,-73.766577,210.9,a3489f,N310UM,B38M,,0
landing,JFK,22L,1784115657.46,2026-07-15T11:40:57Z,40.637473,-73.760959,210.9,a35c97,N3156J,BCS3,AIRBUS A220-300,0
takeoff,JFK,22R,1784115710.81,2026-07-15T11:41:50Z,40.646336,-73.766602,210.9,ab6162,N832SK,CRJ9,BOMBARDIER Regional Jet CRJ-900,0
landing,LGA,22,1784115762.66,2026-07-15T11:42:42Z,40.775187,-73.879155,210.9,abd7d1,N862RW,E170,EMBRAER ERJ-170-100,0
takeoff,LGA,31,1784115773.07,2026-07-15T11:42:53Z,40.774864,-73.862961,300.9,a85887,N637JB,A320,AIRBUS A-320,0
landing,JFK,22L,1784115780.44,2026-07-15T11:43:00Z,40.636391,-73.761795,210.9,a8aef3,N659JB,A320,AIRBUS A-320,0
takeoff,JFK,22R,1784115847.12,2026-07-15T11:44:07Z,40.645958,-73.766904,210.9,ad8bed,N972JT,A321,AIRBUS A-321,0
landing,LGA,22,1784115910.1,2026-07-15T11:45:10Z,40.777554,-73.877213,210.9,a3e011,N349PQ,CRJ9,BOMBARDIER Regional Jet CRJ-900,0
takeoff,JFK,22R,1784115918.64,2026-07-15T11:45:18Z,40.646187,-73.766708,210.9,aaffed,N808DN,B739,BOEING 737-900,0
landing,JFK,22L,1784115920.31,2026-07-15T11:45:20Z,40.633668,-73.764048,219.4,abc2e5,N857RW,E170,EMBRAER ERJ-170-100,0
takeoff,LGA,31,1784115924.55,2026-07-15T11:45:24Z,40.772766,-73.858571,300.9,a3a152,N333DU,BCS3,,0
landing,JFK,22L,1784115971.54,2026-07-15T11:46:11Z,40.636391,-73.761817,210.9,ad646e,N962JT,A321,AIRBUS A-321,0
takeoff,JFK,22R,1784115989.2,2026-07-15T11:46:29Z,40.646416,-73.766541,210.9,ac791d,N9021H,A319,AIRBUS A-319,0
takeoff,LGA,31,1784116022.15,2026-07-15T11:47:02Z,40.772615,-73.858228,300.9,aa56db,N76529,B738,BOEING 737-800,0
landing,JFK,22L,1784116074.43,2026-07-15T11:47:54Z,40.637741,-73.760742,210.9,a360b7,N3169J,BCS3,AIRBUS A220-300,0
landing,LGA,22,1784116098.59,2026-07-15T11:48:18Z,40.778119,-73.876721,210.9,a08317,N132EV,CRJ9,BOMBARDIER Regional Jet CRJ-900,0
takeoff,LGA,31,1784116113.51,2026-07-15T11:48:33Z,40.772324,-73.857635,300.9,a1427f,N180US,A321,AIRBUS A-321,0
takeoff,JFK,22R,1784116139.83,2026-07-15T11:48:59Z,40.646423,-73.766545,210.9,a883bd,N648JB,A320,AIRBUS A-320,0
landing,JFK,22L,1784116164.27,2026-07-15T11:49:24Z,40.636059,-73.762054,213.8,ab4c76,N827SK,CRJ9,BOMBARDIER Regional Jet CRJ-900,0
landing,LGA,22,1784116233.1,2026-07-15T11:50:33Z,40.77514,-73.879155,210.9,a19691,N201JQ,E75L,EMBRAER ERJ-170-200 (long wing),0
takeoff,JFK,22R,1784116238.65,2026-07-15T11:50:38Z,40.646805,-73.76622,210.9,a555c3,N443AA,A21N,AIRBUS A-321neo,0
landing,LGA,22,1784116282.24,2026-07-15T11:51:22Z,40.777096,-73.877579,210.9,a48a83,N392DA,B738,BOEING 737-800,0
takeoff,LGA,31,1784116292.67,2026-07-15T11:51:32Z,40.772747,-73.858521,300.9,a20957,N230JQ,E75L,EMBRAER ERJ-170-200 (long wing),0
landing,JFK,22L,1784116298.29,2026-07-15T11:51:38Z,40.635518,-73.762488,205.3,a32f82,N304PQ,CRJ9,BOMBARDIER Regional Jet CRJ-900,0
takeoff,JFK,22R,1784116305.28,2026-07-15T11:51:45Z,40.646179,-73.766717,210.9,a98219,N711ZX,B752,BOEING 757-200,0
takeoff,JFK,22R,1784116364.68,2026-07-15T11:52:44Z,40.647034,-73.766052,210.9,a6a33f,N527DE,A21N,AIRBUS A-321neo,0
landing,LGA,22,1784116425.64,2026-07-15T11:53:45Z,40.778655,-73.876315,210.9,a320a6,N300PQ,CRJ9,BOMBARDIER Regional Jet CRJ-900,0
takeoff,JFK,22R,1784116436.34,2026-07-15T11:53:56Z,40.645615,-73.767166,210.9,adafb5,N981JT,A321,AIRBUS A-321,0
takeoff,LGA,31,1784116439.63,2026-07-15T11:53:59Z,40.772564,-73.858154,300.9,a65104,N506JB,A320,AIRBUS A-320,0
landing,JFK,22L,1784116489.39,2026-07-15T11:54:49Z,40.636208,-73.761948,210.9,acc040,N920XJ,CRJ9,BOMBARDIER Regional Jet CRJ-900,0
takeoff,JFK,22R,1784116501.01,2026-07-15T11:55:01Z,40.646353,-73.766592,210.9,ade609,N995JL,A321,AIRBUS A-321,0
landing,LGA,22,1784116510.31,2026-07-15T11:55:10Z,40.776844,-73.877792,210.9,a037b9,N113DX,A321,AIRBUS A-321,0
takeoff,LGA,31,1784116529.3,2026-07-15T11:55:29Z,40.772812,-73.85865,300.9,a3b414,N338FR,A20N,AIRBUS A-320neo,0
landing,LGA,22,1784116601.33,2026-07-15T11:56:41Z,40.776604,-73.87796,213.8,a026e1,N109HQ,E75L,EMBRAER ERJ-170-200 (long wing),0
takeoff,LGA,31,1784116674.25,2026-07-15T11:57:54Z,40.772626,-73.858275,300.9,a0f73c,N161UW,A321,AIRBUS A-321,0
landing,LGA,22,1784116680.04,2026-07-15T11:58:00Z,40.775443,-73.878937,210.9,a4bdb9,N404YX,E75L,EMBRAER ERJ-170-200 (long wing),0
takeoff,LGA,31,1784116744.29,2026-07-15T11:59:04Z,40.772312,-73.857604,298.1,a33aa7,N307PQ,CRJ9,BOMBARDIER Regional Jet CRJ-900,0
landing,JFK,22L,1784116748.12,2026-07-15T11:59:08Z,40.634948,-73.762925,210.9,a5e3e4,N479PX,CRJ9,BOMBARDIER Regional Jet CRJ-900,0
landing,LGA,22,1784116751.09,2026-07-15T11:59:11Z,40.777177,-73.877517,213.8,a77d89,N582CA,CRJ9,BOMBARDIER Regional Jet CRJ-900,0
landing,LGA,22,1784116813.69,2026-07-15T12:00:13Z,40.77721,-73.877457,213.8,abe501,N8659D,B738,BOEING 737-800,0
takeoff,LGA,31,1784116842.38,2026-07-15T12:00:42Z,40.774849,-73.862941,300.9,a874e1,N644JB,A320,AIRBUS A-320,0
landing,JFK,22L,1784116907.21,2026-07-15T12:01:47Z,40.637578,-73.760896,210.9,a72b6b,N561JB,A320,AIRBUS A-320,0
takeoff,LGA,31,1784116926.37,2026-07-15T12:02:06Z,40.772859,-73.858759,300.9,ac267c,N882NN,B738,BOEING 737-800,0
landing,LGA,22,1784116930.36,2026-07-15T12:02:10Z,40.774442,-73.879655,202.5,abd41a,N861RW,E170,EMBRAER ERJ-170-100,0
takeoff,JFK,31L,1784116937.53,2026-07-15T12:02:17Z,40.635379,-73.788065,300.9,a40455,N358UP,B763,BOEING 767-300,0
takeoff,LGA,31,1784116953.82,2026-07-15T12:02:33Z,40.772312,-73.857448,337.5,a3d2e5,N34547,A21N,AIRBUS A-321neo,0
landing,LGA,22,1784117009.47,2026-07-15T12:03:29Z,40.779774,-73.875381,213.8,a0669d,N125DN,A321,AIRBUS A-321,0
landing,JFK,22L,1784117094.53,2026-07-15T12:04:54Z,40.635601,-73.762405,212.4,e80476,CC-BMA,B789,BOEING 787-9 Dreamliner,0
landing,JFK,22L,1784117095.1,2026-07-15T12:04:55Z,40.635372,-73.762573,212.4,e80476,CC-BMA,B789,BOEING 787-9 Dreamliner,0
landing,JFK,22L,1784117095.71,2026-07-15T12:04:55Z,40.635204,-73.762722,212.4,e80476,CC-BMA,B789,BOEING 787-9 Dreamliner,0
takeoff,JFK,31L,1784117096.91,2026-07-15T12:04:56Z,40.635297,-73.787878,300.9,a3e08d,N349UP,B763,BOEING 767-300,0
takeoff,JFK,22R,1784117154.34,2026-07-15T12:05:54Z,40.645958,-73.766907,210.9,ad846f,N970JB,A321,AIRBUS A-321,0
landing,LGA,22,1784117161.13,2026-07-15T12:06:01Z,40.777988,-73.876846,213.8,ac83d5,N905XJ,CRJ9,BOMBARDIER Regional Jet CRJ-900,0
takeoff,LGA,31,1784117168.84,2026-07-15T12:06:08Z,40.77244,-73.857885,303.8,a03f84,N115HQ,E75L,EMBRAER ERJ-170-200 (long wing),0
takeoff,JFK,22R,1784117209.49,2026-07-15T12:06:49Z,40.647121,-73.765984,210.9,aa57e6,N766AV,A20N,AIRBUS A-320neo,0
takeoff,LGA,31,1784117239.49,2026-07-15T12:07:19Z,40.772405,-73.857807,300.9,acc3f7,N921XJ,CRJ9,BOMBARDIER Regional Jet CRJ-900,0
landing,LGA,22,1784117239.57,2026-07-15T12:07:19Z,40.777631,-73.877142,210.9,a93d7c,N695CA,CRJ9,BOMBARDIER Regional Jet CRJ-900,0
landing,JFK,22L,1784117244.28,2026-07-15T12:07:24Z,40.637334,-73.761068,210.9,acaf0b,N916XJ,CRJ9,BOMBARDIER Regional Jet CRJ-900,0
takeoff,JFK,22R,1784117318.58,2026-07-15T12:08:38Z,40.646358,-73.766586,210.9,a1bc29,N2102J,A21N,AIRBUS A-321neo,0
landing,JFK,22L,1784117321.72,2026-07-15T12:08:41Z,40.636986,-73.761322,210.9,a398bc,N3304J,BCS3,AIRBUS A220-300,0
takeoff,JFK,31L,1784117324.81,2026-07-15T12:08:44Z,40.635565,-73.788456,300.9,acba30,N919XJ,CRJ9,BOMBARDIER Regional Jet CRJ-900,0
takeoff,LGA,31,1784117354.92,2026-07-15T12:09:14Z,40.772626,-73.858275,300.9,aa7833,N774DE,B738,BOEING 737-800,0
landing,LGA,22,1784117358.53,2026-07-15T12:09:18Z,40.775152,-73.87914,210.9,a8a0d9,N655RW,E170,EMBRAER ERJ-170-100,0
takeoff,JFK,22R,1784117389.31,2026-07-15T12:09:49Z,40.646039,-73.766842,210.9,adc9b6,N988JT,A321,AIRBUS A-321,0
landing,JFK,22L,1784117397.34,2026-07-15T12:09:57Z,40.636539,-73.761688,210.9,acab54,N915XJ,CRJ9,BOMBARDIER Regional Jet CRJ-900,0
takeoff,LGA,31,1784117426.71,2026-07-15T12:10:26Z,40.772265,-73.857526,303.8,abdf3f,N864RW,E170,EMBRAER ERJ-170-100,0
landing,LGA,22,1784117439.69,2026-07-15T12:10:39Z,40.774674,-73.87953,205.3,a4f414,N418YX,E75L,EMBRAER ERJ-170-200 (long wing),0
landing,JFK,22L,1784117461.86,2026-07-15T12:11:01Z,40.636193,-73.761942,210.9,ad6f93,N965JT,A321,AIRBUS A-321,0
takeoff,JFK,31L,1784117472.83,2026-07-15T12:11:12Z,40.635425,-73.788159,298.1,a01112,N103NN,A321,AIRBUS A-321,0
takeoff,LGA,31,1784117494.33,2026-07-15T12:11:34Z,40.772438,-73.85788,303.8,a32e8c,N304DU,BCS3,AIRBUS A220-300,0
takeoff,JFK,22R,1784117517.29,2026-07-15T12:11:57Z,40.646564,-73.766418,210.9,a3ca1a,N343SY,B38M,BOEING 737 MAX 8,0
landing,JFK,22L,1784117550.5,2026-07-15T12:12:30Z,40.636116,-73.762009,210.9,a69894,N524JB,A320,AIRBUS A-320,0
landing,LGA,22,1784117570.92,2026-07-15T12:12:50Z,40.777619,-73.877158,213.8,a32ff6,N304UF,B38M,BOEING 737 MAX 8,0
takeoff,LGA,31,1784117574.06,2026-07-15T12:12:54Z,40.772472,-73.857956,300.9,a39723,N330PQ,CRJ9,BOMBARDIER Regional Jet CRJ-900,0
takeoff,JFK,22R,1784117575.92,2026-07-15T12:12:55Z,40.649251,-73.764314,210.9,a04aa9,N118HQ,E75L,EMBRAER ERJ-170-200 (long wing),0
takeoff,JFK,31L,1784117609.41,2026-07-15T12:13:29Z,40.63512,-73.787491,300.9,a17ecd,N196DN,B763,BOEING 767-300,0
landing,JFK,31L,1784117612.16,2026-07-15T12:13:32Z,40.635728,-73.788846,300.9,a17ecd,N196DN,B763,BOEING 767-300,0
takeoff,JFK,31L,1784117612.16,2026-07-15T12:13:32Z,40.635728,-73.788846,300.9,a17ecd,N196DN,B763,BOEING 767-300,0
takeoff,LGA,31,1784117646.78,2026-07-15T12:14:06Z,40.772633,-73.858261,300.9,a8ae3e,N659AW,A320,AIRBUS A-320,0
takeoff,JFK,22R,1784117651.21,2026-07-15T12:14:11Z,40.646404,-73.766541,210.9,a3b124,N337PQ,CRJ9,BOMBARDIER Regional Jet CRJ-900,0
landing,JFK,22L,1784117664.92,2026-07-15T12:14:24Z,40.634216,-73.763489,210.9,adc238,N986JB,A321,AIRBUS A-321,0
takeoff,LGA,31,1784117709.72,2026-07-15T12:15:09Z,40.772463,-73.857932,303.8,ac82f8,N905NN,B738,BOEING 737-800,0
takeoff,JFK,31L,1784117747.13,2026-07-15T12:15:47Z,40.635821,-73.789049,300.9,a173d2,N193FE,B763,BOEING 767-300,0
landing,JFK,22L,1784117769.15,2026-07-15T12:16:09Z,40.634029,-73.763643,210.9,a15ebc,N188DN,B763,BOEING 767-300,0
takeoff,LGA,31,1784117775.37,2026-07-15T12:16:15Z,40.772507,-73.858017,300.9,acf131,N933DZ,B739,,0
takeoff,LGA,31,1784117824.12,2026-07-15T12:17:04Z,40.772324,-73.857588,317.8,a057cc,N121DZ,A321,AIRBUS A-321,0
takeoff,JFK,22R,1784117870.66,2026-07-15T12:17:50Z,40.647858,-73.765411,210.9,aa1b78,N750QS,CL35,BOMBARDIER BD-100 Challenger 350,0
takeoff,JFK,31L,1784117892.04,2026-07-15T12:18:12Z,40.635495,-73.788284,298.1,ab8fee,N844NN,B738,BOEING 737-800,0
takeoff,LGA,31,1784117929.19,2026-07-15T12:18:49Z,40.772472,-73.857971,303.8,a37265,N321DU,BCS3,AIRBUS A220-300,0
takeoff,JFK,22R,1784117935.42,2026-07-15T12:18:55Z,40.647251,-73.765915,210.9,a657f4,N508DA,A21N,AIRBUS A-321neo,0
landing,LGA,22,1784117942.95,2026-07-15T12:19:02Z,40.771707,-73.882027,210.9,c06196,C-GKYV,E295,EMBRAER ERJ-190-400,0
takeoff,LGA,31,1784117990.6,2026-07-15T12:19:50Z,40.772242,-73.857479,303.8,a1d45a,N217JQ,E75L,EMBRAER ERJ-170-200 (long wing),0
takeoff,JFK,22R,1784118001.52,2026-07-15T12:20:01Z,40.646691,-73.766311,210.9,a3572c,N314RH,B38M,BOEING 737 MAX 8,0
takeoff,JFK,31L,1784118038.24,2026-07-15T12:20:38Z,40.635472,-73.788237,300.9,a78cfc,N586JB,A320,AIRBUS A-320,0
takeoff,JFK,22R,1784118112.58,2026-07-15T12:21:52Z,40.647168,-73.765952,210.9,a36a19,N319UY,B38M,BOEING 737 MAX 8,0
takeoff,JFK,22R,1784118169.3,2026-07-15T12:22:49Z,40.64962,-73.764023,210.9,a4c170,N405YX,E75L,EMBRAER ERJ-170-200 (long wing),0
takeoff,JFK,31L,1784118187.77,2026-07-15T12:23:07Z,40.635349,-73.787979,298.1,0d0b04,XA-MAQ,B38M,BOEING 737 MAX 8,0
landing,LGA,22,1784118199.85,2026-07-15T12:23:19Z,40.776897,-73.877751,213.8,a8a490,N656RW,E170,EMBRAER ERJ-170-100,0
takeoff,JFK,22R,1784118247.89,2026-07-15T12:24:07Z,40.645878,-73.766968,209.6,406d4d,G-VSPY,B789,BOEING 787-9 Dreamliner,0
landing,LGA,22,1784118281.22,2026-07-15T12:24:41Z,40.778641,-73.876312,213.8,a446b6,N375DN,A321,AIRBUS A-321,0
takeoff,JFK,31L,1784118318.74,2026-07-15T12:25:18Z,40.635258,-73.787781,298.1,a3c5ea,N342NB,A319,AIRBUS A-319,0
landing,LGA,22,1784118374.26,2026-07-15T12:26:14Z,40.775082,-73.879249,213.8,ac159a,N878RW,E170,EMBRAER ERJ-170-100,0
landing,JFK,22L,1784118430.19,2026-07-15T12:27:10Z,40.637939,-73.760584,208.1,a5e9f4,N480PX,CRJ9,BOMBARDIER Regional Jet CRJ-900,0
takeoff,JFK,31L,1784118450.23,2026-07-15T12:27:30Z,40.635309,-73.787878,298.1,a01c37,N106NN,A321,AIRBUS A-321,0
takeoff,JFK,22R,1784118489.69,2026-07-15T12:28:09Z,40.646748,-73.766281,210.9,a64ce6,N505DZ,A21N,AIRBUS A-321neo,0
landing,LGA,22,1784118526.11,2026-07-15T12:28:46Z,40.777118,-73.877579,210.9,acf2e4,N933XJ,CRJ9,BOMBARDIER Regional Jet CRJ-900,0
takeoff,JFK,22R,1784118557.63,2026-07-15T12:29:17Z,40.645992,-73.766857,208.1,a6152a,N491PX,CRJ9,BOMBARDIER Regional Jet CRJ-900,0
takeoff,JFK,31L,1784118580.13,2026-07-15T12:29:40Z,40.635441,-73.788193,300.9,ab0e4c,N811NN,B738,BOEING 737-800,0
takeoff,LGA,31,1784118586.03,2026-07-15T12:29:46Z,40.772598,-73.858215,300.9,ad495b,N955XV,A21N,,0
landing,JFK,22L,1784118631.97,2026-07-15T12:30:31Z,40.636531,-73.761692,210.9,a74923,N569JB,A320,AIRBUS A-320,0
takeoff,JFK,22R,1784118643.89,2026-07-15T12:30:43Z,40.646061,-73.766815,210.9,aca99c,N915DU,B739,BOEING 737-900,0
landing,LGA,22,1784118694.89,2026-07-15T12:31:34Z,40.77528,-73.879077,210.9,a32bcb,N303PQ,CRJ9,BOMBARDIER Regional Jet CRJ-900,0
takeoff,LGA,31,1784118701.34,2026-07-15T12:31:41Z,40.77277,-73.858566,300.9,a0634c,N124HQ,E75L,EMBRAER ERJ-170-200 (long wing),0
takeoff,JFK,31L,1784118707.43,2026-07-15T12:31:47Z,40.635251,-73.787753,300.9,a988f0,N713TW,B752,BOEING 757-200,0
takeoff,LGA,31,1784118735.74,2026-07-15T12:32:15Z,40.772265,-73.857542,303.8,a21fa1,N236JQ,E75L,EMBRAER ERJ-170-200 (long wing),0
takeoff,JFK,22R,1784118759.31,2026-07-15T12:32:39Z,40.646027,-73.766826,210.9,a387f0,N3267J,BCS3,,0
landing,LGA,22,1784118792.6,2026-07-15T12:33:12Z,40.775128,-73.879218,210.9,a099a7,N138HQ,E75L,EMBRAER ERJ-170-200 (long wing),0
takeoff,JFK,31L,1784118861.4,2026-07-15T12:34:21Z,40.635798,-73.788986,300.9,a34ae6,N311DU,BCS3,AIRBUS A220-300,0
takeoff,JFK,22R,1784118877.69,2026-07-15T12:34:37Z,40.646759,-73.766266,210.9,a77035,N579DT,A21N,AIRBUS A-321neo,0
landing,JFK,22R,1784118879.16,2026-07-15T12:34:39Z,40.646249,-73.766655,210.9,a77035,N579DT,A21N,AIRBUS A-321neo,0
takeoff,JFK,22R,1784118879.16,2026-07-15T12:34:39Z,40.646249,-73.766655,210.9,a77035,N579DT,A21N,AIRBUS A-321neo,0
landing,LGA,22,1784118888.61,2026-07-15T12:34:48Z,40.77869,-73.876268,213.8,a335fa,N306DU,BCS3,AIRBUS A220-300,0
takeoff,LGA,31,1784118897.7,2026-07-15T12:34:57Z,40.772472,-73.857956,300.9,a33339,N305PQ,CRJ9,BOMBARDIER Regional Jet CRJ-900,0
landing,JFK,22L,1784118901.24,2026-07-15T12:35:01Z,40.636402,-73.761826,208.1,a5fc87,N485PX,CRJ9,BOMBARDIER Regional Jet CRJ-900,0
takeoff,JFK,22R,1784118953.92,2026-07-15T12:35:53Z,40.645981,-73.766876,210.9,a37fb0,N3241J,BCS3,AIRBUS A220-300,0
takeoff,LGA,31,1784118967.06,2026-07-15T12:36:07Z,40.772713,-73.858444,300.9,a046f2,N117HQ,E75L,EMBRAER ERJ-170-200 (long wing),0
takeoff,JFK,31L,1784119020.23,2026-07-15T12:37:00Z,40.63596,-73.789345,300.9,a3556f,N3138J,BCS3,AIRBUS A220-300,0
takeoff,JFK,22R,1784119021.51,2026-07-15T12:37:01Z,40.647063,-73.76603,210.9,a6c358,N535DN,A21N,AIRBUS A-321neo,0
landing,JFK,22L,1784119026.78,2026-07-15T12:37:06Z,40.632737,-73.765469,239.1,a21bea,N235JQ,E75L,EMBRAER ERJ-170-200 (long wing),0
takeoff,LGA,31,1784119059.98,2026-07-15T12:37:39Z,40.777759,-73.869043,300.9,a167c1,N19VV,FA7X,DASSAULT Falcon 7X,8
landing,LGA,22,1784119109.19,2026-07-15T12:38:29Z,40.779087,-73.875946,213.8,c0850c,C-GYJZ,DH8D,DE HAVILLAND DHC-8-400 Dash 8,0
takeoff,LGA,31,1784119112.85,2026-07-15T12:38:32Z,40.772472,-73.857956,303.8,accf1c,N924XJ,CRJ9,BOMBARDIER Regional Jet CRJ-900,0
takeoff,JFK,22R,1784119134.58,2026-07-15T12:38:54Z,40.646353,-73.766592,210.9,ac7b1b,N903JB,A321,AIRBUS A-321,0
takeoff,JFK,31L,1784119144.64,2026-07-15T12:39:04Z,40.635773,-73.788925,298.1,a44cca,N3762Y,B738,BOEING 737-800,0
landing,LGA,22,1784119200.18,2026-07-15T12:40:00Z,40.776764,-73.877853,213.8,a153de,N185GJ,CRJ9,BOMBARDIER Regional Jet CRJ-900,0
takeoff,LGA,31,1784119210.8,2026-07-15T12:40:10Z,40.772793,-73.858612,300.9,a3ac77,N336DU,BCS3,AIRBUS A220-300,0
landing,JFK,22L,1784119256.47,2026-07-15T12:40:56Z,40.636173,-73.761963,208.1,aba86c,N850MA,C560,CESSNA 560 Citation Ultra,0
takeoff,LGA,31,1784119281.36,2026-07-15T12:41:21Z,40.772265,-73.857526,303.8,a06703,N125HQ,E75L,EMBRAER ERJ-170-200 (long wing),0
landing,LGA,22,1784119293.6,2026-07-15T12:41:33Z,40.77507,-73.879233,210.9,a23bfb,N243JQ,E75L,EMBRAER ERJ-170-200 (long wing),0
takeoff,JFK,31L,1784119314.78,2026-07-15T12:41:54Z,40.635425,-73.788144,298.1,abde0b,N864DN,B739,BOEING 737-900,0
takeoff,JFK,22R,1784119315.87,2026-07-15T12:41:55Z,40.645853,-73.766998,210.9,3c68cb,D-AJFK,A333,AIRBUS A-330-300,0
takeoff,LGA,31,1784119322.32,2026-07-15T12:42:02Z,40.772266,-73.857529,303.8,a1f0b4,N224JQ,E75L,EMBRAER ERJ-170-200 (long wing),0
landing,JFK,22L,1784119332.95,2026-07-15T12:42:12Z,40.63765,-73.760818,210.9,a8c796,N665JB,A320,AIRBUS A-320,0
takeoff,JFK,22L,1784119332.95,2026-07-15T12:42:12Z,40.63765,-73.760818,210.9,a8c796,N665JB,A320,AIRBUS A-320,0
landing,JFK,22L,1784119334.26,2026-07-15T12:42:14Z,40.637113,-73.761224,210.9,a8c796,N665JB,A320,AIRBUS A-320,0
landing,LGA,22,1784119377.63,2026-07-15T12:42:57Z,40.776352,-73.878204,213.8,ad0851,N939NN,B738,BOEING 737-800,0
takeoff,JFK,22R,1784119400.23,2026-07-15T12:43:20Z,40.647663,-73.765564,210.9,a6981a,N524DE,A21N,AIRBUS A-321neo,0
takeoff,JFK,31L,1784119449.82,2026-07-15T12:44:09Z,40.635338,-73.787949,300.9,a1d2dc,N2165J,A21N,AIRBUS A-321neo,0
takeoff,LGA,13,1784119477.79,2026-07-15T12:44:37Z,40.776901,-73.869598,123.8,ace7bf,N930XJ,CRJ9,BOMBARDIER Regional Jet CRJ-900,0
landing,JFK,22L,1784119528.39,2026-07-15T12:45:28Z,40.637913,-73.76062,210.9,ac7216,N9004F,A319,AIRBUS A-319,0
takeoff,LGA,31,1784119533.42,2026-07-15T12:45:33Z,40.777073,-73.867584,302.5,a821bf,N623DT,E50P,EMBRAER EMB-500 Phenom 100,8
takeoff,LGA,31,1784119592.08,2026-07-15T12:46:32Z,40.772743,-73.858509,300.9,ada699,N979RP,E170,EMBRAER ERJ-170-100,0
takeoff,JFK,31L,1784119626.54,2026-07-15T12:47:06Z,40.633749,-73.784523,298.1,a19a48,N202JQ,E75L,EMBRAER ERJ-170-200 (long wing),0
landing,JFK,22L,1784119627.02,2026-07-15T12:47:07Z,40.63866,-73.760007,210.9,acb2c2,N917XJ,CRJ9,BOMBARDIER Regional Jet CRJ-900,0
takeoff,LGA,31,1784119675.45,2026-07-15T12:47:55Z,40.774727,-73.862686,298.1,a0d6a8,N153PQ,CRJ9,BOMBARDIER Regional Jet CRJ-900,0
takeoff,LGA,31,1784119720.05,2026-07-15T12:48:40Z,40.772301,-73.857635,300.9,a091f3,N136EV,CRJ9,BOMBARDIER Regional Jet CRJ-900,0
landing,JFK,22L,1784119744.57,2026-07-15T12:49:04Z,40.636682,-73.761567,210.9,a086ce,N133EV,CRJ9,BOMBARDIER Regional Jet CRJ-900,0
takeoff,JFK,31L,1784119778.29,2026-07-15T12:49:38Z,40.635425,-73.788144,298.1,ac85ce,N906DN,B739,BOEING 737-900,0
landing,LGA,22,1784119827.59,2026-07-15T12:50:27Z,40.776723,-73.877891,213.8,ab2c04,N819NN,B738,BOEING 737-800,0
takeoff,LGA,31,1784119833.04,2026-07-15T12:50:33Z,40.772463,-73.857916,300.9,a0433b,N116HQ,E75L,EMBRAER ERJ-170-200 (long wing),0
takeoff,JFK,31L,1784119892.95,2026-07-15T12:51:32Z,40.63361,-73.784164,300.9,abc2e5,N857RW,E170,EMBRAER ERJ-170-100,0
landing,JFK,22L,1784119893.01,2026-07-15T12:51:33Z,40.641512,-73.757775,212.4,a3282f,N302QS,E55P,EMBRAER EMB-505 Phenom 300,0
takeoff,LGA,31,1784119910.68,2026-07-15T12:51:50Z,40.772312,-73.85762,298.1,a148b9,N182GJ,CRJ9,BOMBARDIER Regional Jet CRJ-900,0
takeoff,JFK,22R,1784119915.72,2026-07-15T12:51:55Z,40.646924,-73.766124,210.9,4cc4f1,TF-ISP,B763,BOEING 767-300,0
landing,LGA,22,1784119916.05,2026-07-15T12:51:56Z,40.777348,-73.87738,213.8,a37d8a,N324DU,BCS3,AIRBUS A220-300,0
landing,LGA,22,1784120001.57,2026-07-15T12:53:21Z,40.777526,-73.877236,210.9,a8c028,N663JB,A320,AIRBUS A-320,0
takeoff,LGA,31,1784120001.66,2026-07-15T12:53:21Z,40.77244,-73.857869,300.9,a4e538,N414YX,E75L,EMBRAER ERJ-170-200 (long wing),0
takeoff,JFK,22R,1784120003.76,2026-07-15T12:53:23Z,40.646912,-73.76614,210.9,a198ed,N2016J,A21N,AIRBUS A-321neo,0
takeoff,LGA,31,1784120078.31,2026-07-15T12:54:38Z,40.772289,-73.857604,306.6,ac7c67,N903XJ,CRJ9,BOMBARDIER Regional Jet CRJ-900,0
landing,JFK,22L,1784120096.07,2026-07-15T12:54:56Z,40.63377,-73.763962,219.4,a03816,N113HQ,E75L,EMBRAER ERJ-170-200 (long wing),0
takeoff,JFK,22L,1784120096.07,2026-07-15T12:54:56Z,40.63377,-73.763962,219.4,a03816,N113HQ,E75L,EMBRAER ERJ-170-200 (long wing),0
landing,LGA,22,1784120096.28,2026-07-15T12:54:56Z,40.778,-73.876831,210.9,ad70ba,N965WN,B737,BOEING 737-700,0
takeoff,JFK,22R,1784120097.87,2026-07-15T12:54:57Z,40.64716,-73.765961,210.9,a7d673,N604DN,A21N,AIRBUS A-321neo,0
landing,JFK,22L,1784120097.87,2026-07-15T12:54:57Z,40.63354,-73.76422,222.2,a03816,N113HQ,E75L,EMBRAER ERJ-170-200 (long wing),0
landing,JFK,22L,1784120146.36,2026-07-15T12:55:46Z,40.637881,-73.760631,210.9,71c362,HL8362,A359,AIRBUS A-350-900,0
takeoff,JFK,22L,1784120146.36,2026-07-15T12:55:46Z,40.637881,-73.760631,210.9,71c362,HL8362,A359,AIRBUS A-350-900,0
landing,JFK,22L,1784120146.69,2026-07-15T12:55:46Z,40.637729,-73.760756,210.9,71c362,HL8362,A359,AIRBUS A-350-900,0
takeoff,JFK,22L,1784120146.69,2026-07-15T12:55:46Z,40.637729,-73.760756,210.9,71c362,HL8362,A359,AIRBUS A-350-900,0
landing,JFK,22L,1784120147.02,2026-07-15T12:55:47Z,40.637604,-73.760849,210.9,71c362,HL8362,A359,AIRBUS A-350-900,0
takeoff,JFK,22R,1784120182.1,2026-07-15T12:56:22Z,40.646473,-73.766495,210.9,400773,G-VIIV,B772,BOEING 777-200,0
takeoff,LGA,31,1784120196.03,2026-07-15T12:56:36Z,40.772243,-73.857483,303.8,a24720,N246JQ,E75L,EMBRAER ERJ-170-200 (long wing),0
takeoff,JFK,31L,1784120236.53,2026-07-15T12:57:16Z,40.636217,-73.789923,300.9,a37f8d,N3240J,BCS3,,0
takeoff,LGA,31,1784120263.04,2026-07-15T12:57:43Z,40.772255,-73.857574,323.4,ab40ce,N824MD,E170,EMBRAER ERJ-170-100,0
takeoff,JFK,22R,1784120280.66,2026-07-15T12:58:00Z,40.646885,-73.766174,213.8,a14502,N181GJ,CRJ9,BOMBARDIER Regional Jet CRJ-900,0
landing,JFK,22L,1784120299.34,2026-07-15T12:58:19Z,40.631985,-73.765274,210.9,e80210,CC-CWV,B763,BOEING 767-300,0
landing,LGA,22,1784120351.49,2026-07-15T12:59:11Z,40.775105,-73.879227,210.9,ab282b,N818MD,E170,EMBRAER ERJ-170-100,0
landing,JFK,22L,1784120372.46,2026-07-15T12:59:32Z,40.63596,-73.762129,210.9,06a2b6,A7-BER,B77W,BOEING 777-300ER,0
takeoff,JFK,22R,1784120374.46,2026-07-15T12:59:34Z,40.645469,-73.767263,210.9,a38439,N3257J,BCS3,,0
takeoff,JFK,31L,1784120383.54,2026-07-15T12:59:43Z,40.635372,-73.788055,300.9,ab4c76,N827SK,CRJ9,BOMBARDIER Regional Jet CRJ-900,0
landing,LGA,22,1784120435.31,2026-07-15T13:00:35Z,40.777531,-73.877243,210.9,ab6020,N832DN,B739,BOEING 737-900,0
takeoff,LGA,31,1784120438.43,2026-07-15T13:00:38Z,40.772381,-73.857773,303.8,ab0a73,N810MD,E170,EMBRAER ERJ-170-100,0
takeoff,JFK,22R,1784120501.29,2026-07-15T13:01:41Z,40.646539,-73.766436,213.8,a61173,N490PX,CRJ9,BOMBARDIER Regional Jet CRJ-900,0
takeoff,JFK,31L,1784120518.01,2026-07-15T13:01:58Z,40.635099,-73.787379,298.1,a76154,N575DN,A21N,AIRBUS A-321neo,0
landing,JFK,22L,1784120528.14,2026-07-15T13:02:08Z,40.638359,-73.760254,210.9,a36b2d,N3194J,BCS3,,0
takeoff,LGA,31,1784120551.72,2026-07-15T13:02:31Z,40.772254,-73.85751,300.9,a0fbfa,N16234,B738,BOEING 737-800,0
landing,LGA,22,1784120565.29,2026-07-15T13:02:45Z,40.774979,-73.879303,210.9,a51425,N426YX,E75L,EMBRAER ERJ-170-200 (long wing),0
takeoff,JFK,22R,1784120580.75,2026-07-15T13:03:00Z,40.646353,-73.766592,210.9,ad2f71,N949JT,A321,AIRBUS A-321,0
landing,JFK,22L,1784120617.44,2026-07-15T13:03:37Z,40.636484,-73.761708,210.9,a19cc7,N2027J,A21N,AIRBUS A-321neo,0
takeoff,LGA,31,1784120624.63,2026-07-15T13:03:44Z,40.772289,-73.857559,300.9,a35e6f,N316PQ,CRJ9,BOMBARDIER Regional Jet CRJ-900,0
landing,LGA,22,1784120639.08,2026-07-15T13:03:59Z,40.774418,-73.8797,199.7,a23844,N242JQ,E75L,EMBRAER ERJ-170-200 (long wing),0
landing,LGA,22,1784120729.63,2026-07-15T13:05:29Z,40.77507,-73.879242,213.8,abe448,N86534,B738,BOEING 737-800,0
takeoff,LGA,31,1784120764.17,2026-07-15T13:06:04Z,40.772289,-73.857529,320.6,a082ac,N132AN,A321,AIRBUS A-321,0
takeoff,JFK,04L,1784120777.38,2026-07-15T13:06:17Z,40.637421,-73.779083,351.6,e80210,CC-CWV,B763,BOEING 767-300,0
landing,JFK,22L,1784120823.93,2026-07-15T13:07:03Z,40.635258,-73.762665,198.4,89647c,A6-EUR,A388,AIRBUS A-380-800,0
takeoff,JFK,22L,1784120823.93,2026-07-15T13:07:03Z,40.635258,-73.762665,198.4,89647c,A6-EUR,A388,AIRBUS A-380-800,0
landing,JFK,22L,1784120824.09,2026-07-15T13:07:04Z,40.635227,-73.762691,198.4,89647c,A6-EUR,A388,AIRBUS A-380-800,0
landing,LGA,22,1784120828.72,2026-07-15T13:07:08Z,40.776816,-73.877798,213.8,a89d22,N654RW,E170,EMBRAER ERJ-170-100,0
takeoff,JFK,22R,1784120900.62,2026-07-15T13:08:20Z,40.645981,-73.766876,210.9,ad8fa4,N973JT,A321,AIRBUS A-321,0
takeoff,LGA,31,1784120948.0,2026-07-15T13:09:08Z,40.772449,-73.857895,300.9,c05e8e,C-GJUZ,CRJ9,BOMBARDIER Regional Jet CRJ-900,0
landing,LGA,22,1784120951.8,2026-07-15T13:09:11Z,40.776083,-73.878437,205.3,a130cb,N176PQ,CRJ9,BOMBARDIER Regional Jet CRJ-900,0
takeoff,JFK,22R,1784120959.99,2026-07-15T13:09:19Z,40.645752,-73.767059,210.9,a47d69,N389HA,A332,AIRBUS A-330-200,0
landing,LGA,22,1784121089.21,2026-07-15T13:11:29Z,40.775198,-73.87914,213.8,a1ccec,N215JQ,E75L,EMBRAER ERJ-170-200 (long wing),0
takeoff,LGA,31,1784121097.96,2026-07-15T13:11:37Z,40.775894,-73.865112,300.9,a8996b,N653RW,E170,EMBRAER ERJ-170-100,0
takeoff,JFK,22R,1784121175.13,2026-07-15T13:12:55Z,40.645585,-73.767185,210.9,a38ef5,N3284J,BCS3,AIRBUS A220-300,0
landing,JFK,22L,1784121195.47,2026-07-15T13:13:15Z,40.636963,-73.761337,213.8,a5e02d,N478PX,CRJ9,BOMBARDIER Regional Jet CRJ-900,0
landing,LGA,22,1784121196.15,2026-07-15T13:13:16Z,40.777072,-73.877595,208.1,a30961,N295PQ,CRJ9,BOMBARDIER Regional Jet CRJ-900,0
takeoff,LGA,31,1784121203.48,2026-07-15T13:13:23Z,40.772475,-73.857963,303.8,ac1765,N8787K,B38M,BOEING 737 MAX 8,0
takeoff,JFK,22R,1784121226.1,2026-07-15T13:13:46Z,40.646795,-73.766233,210.9,acc040,N920XJ,CRJ9,BOMBARDIER Regional Jet CRJ-900,0
takeoff,JFK,31L,1784121252.4,2026-07-15T13:14:12Z,40.635326,-73.787933,300.9,a13386,N177DN,B763,BOEING 767-300,0
takeoff,LGA,31,1784121279.36,2026-07-15T13:14:39Z,40.772277,-73.857588,309.4,a19691,N201JQ,E75L,EMBRAER ERJ-170-200 (long wing),0
landing,JFK,22L,1784121303.58,2026-07-15T13:15:03Z,40.637927,-73.7606,210.9,adf4e9,N999JQ,A321,AIRBUS A-321,0
landing,LGA,22,1784121312.7,2026-07-15T13:15:12Z,40.77206,-73.881729,213.8,a4e181,N413YX,E75L,EMBRAER ERJ-170-200 (long wing),0
takeoff,LGA,31,1784121323.02,2026-07-15T13:15:23Z,40.772266,-73.857529,326.2,a20347,N229JQ,E75L,EMBRAER ERJ-170-200 (long wing),0
takeoff,JFK,31L,1784121379.96,2026-07-15T13:16:19Z,40.635292,-73.787872,300.9,a0f4a2,N1604R,B763,BOEING 767-300,0
landing,LGA,22,1784121433.31,2026-07-15T13:17:13Z,40.775024,-73.87928,208.1,a54cd9,N440YX,E75L,EMBRAER ERJ-170-200 (long wing),0
landing,JFK,22L,1784121443.57,2026-07-15T13:17:23Z,40.636242,-73.761887,210.9,a34d2f,N3112J,BCS3,AIRBUS A220-300,0
takeoff,LGA,31,1784121444.02,2026-07-15T13:17:24Z,40.773445,-73.85994,300.9,a09961,N138EV,CRJ9,BOMBARDIER Regional Jet CRJ-900,0
takeoff,JFK,31L,1784121517.42,2026-07-15T13:18:37Z,40.63559,-73.788544,300.9,ad5329,N958JB,A321,AIRBUS A-321,0
landing,LGA,22,1784121534.06,2026-07-15T13:18:54Z,40.781124,-73.874237,210.9,a3239c,N301FX,E55P,,0
takeoff,LGA,31,1784121548.44,2026-07-15T13:19:08Z,40.772696,-73.858462,300.9,c03cf4,C-FXCD,A320,AIRBUS A-320,0
landing,LGA,22,1784121623.38,2026-07-15T13:20:23Z,40.776385,-73.878172,210.9,a305aa,N294PQ,CRJ9,BOMBARDIER Regional Jet CRJ-900,0
takeoff,LGA,31,1784121625.01,2026-07-15T13:20:25Z,40.772452,-73.8579,303.8,aaf960,N806NN,B738,BOEING 737-800,0
landing,JFK,22L,1784121664.65,2026-07-15T13:21:04Z,40.636717,-73.761552,212.4,e8043b,CC-BBD,B788,BOEING 787-8 Dreamliner,0
takeoff,LGA,31,1784121688.36,2026-07-15T13:21:28Z,40.772346,-73.857651,303.8,a3e011,N349PQ,CRJ9,BOMBARDIER Regional Jet CRJ-900,0
takeoff,JFK,31L,1784121691.4,2026-07-15T13:21:31Z,40.635361,-73.788025,300.9,a0428a,N116AN,A321,AIRBUS A-321,0
landing,LGA,22,1784121720.19,2026-07-15T13:22:00Z,40.777336,-73.87738,208.1,a7d725,N604LR,CRJ9,BOMBARDIER Regional Jet CRJ-900,0
takeoff,LGA,31,1784121783.0,2026-07-15T13:23:03Z,40.772278,-73.857559,306.6,abd7d1,N862RW,E170,EMBRAER ERJ-170-100,0
takeoff,LGA,13,1784121789.86,2026-07-15T13:23:09Z,40.771729,-73.858765,123.8,a01b3a,N106CK,F900,DASSAULT Falcon 900,0
landing,JFK,22L,1784121832.97,2026-07-15T13:23:52Z,40.633167,-73.764735,230.6,a1acdb,N207JQ,E75L,EMBRAER ERJ-170-200 (long wing),0
takeoff,JFK,31L,1784121835.52,2026-07-15T13:23:55Z,40.636299,-73.7901,300.9,a35c97,N3156J,BCS3,AIRBUS A220-300,0
landing,LGA,22,1784121836.75,2026-07-15T13:23:56Z,40.775152,-73.879202,210.9,ac1951,N879RW,E170,EMBRAER ERJ-170-100,0
takeoff,JFK,22R,1784121908.23,2026-07-15T13:25:08Z,40.646679,-73.766327,210.9,a5e3e4,N479PX,CRJ9,BOMBARDIER Regional Jet CRJ-900,0
landing,LGA,22,1784121916.42,2026-07-15T13:25:16Z,40.776909,-73.877751,213.8,a062ef,N124DX,A321,AIRBUS A-321,0
takeoff,LGA,31,1784121942.97,2026-07-15T13:25:42Z,40.776031,-73.865356,303.8,a5106e,N425YX,E75L,EMBRAER ERJ-170-200 (long wing),0
takeoff,JFK,22R,1784122024.31,2026-07-15T13:27:04Z,40.646726,-73.766296,210.9,acab54,N915XJ,CRJ9,BOMBARDIER Regional Jet CRJ-900,0
landing,JFK,22L,1784122032.83,2026-07-15T13:27:12Z,40.636182,-73.761973,209.6,020121,CN-RGS,B788,BOEING 787-8 Dreamliner,0
landing,LGA,22,1784122071.88,2026-07-15T13:27:51Z,40.771889,-73.881866,213.8,a4f7cb,N419YX,E75L,EMBRAER ERJ-170-200 (long wing),0
takeoff,JFK,22R,1784122105.47,2026-07-15T13:28:25Z,40.646318,-73.766608,210.9,ad444d,N954JB,A321,AIRBUS A-321,0
takeoff,LGA,31,1784122129.33,2026-07-15T13:28:49Z,40.772781,-73.858612,300.9,abe501,N8659D,B738,BOEING 737-800,0
takeoff,LGA,31,1784122160.69,2026-07-15T13:29:20Z,40.772219,-73.857448,309.4,a4bdb9,N404YX,E75L,EMBRAER ERJ-170-200 (long wing),0
takeoff,JFK,22R,1784122172.07,2026-07-15T13:29:32Z,40.646667,-73.766358,210.9,a3b8f5,N339TP,B38M,BOEING 737 MAX 8,0
landing,LGA,22,1784122198.85,2026-07-15T13:29:58Z,40.776222,-73.878297,213.8,a01f0d,N107DN,A321,AIRBUS A-321,0
landing,JFK,22L,1784122241.21,2026-07-15T13:30:41Z,40.637363,-73.761032,210.9,a69bcd,N525DA,A21N,AIRBUS A-321neo,0
takeoff,LGA,31,1784122261.24,2026-07-15T13:31:01Z,40.772266,-73.857544,300.9,ac83d5,N905XJ,CRJ9,BOMBARDIER Regional Jet CRJ-900,0
landing,LGA,22,1784122298.63,2026-07-15T13:31:38Z,40.777279,-73.877441,213.8,a384f8,N326DU,BCS3,AIRBUS A220-300,0
landing,JFK,22L,1784122343.99,2026-07-15T13:32:23Z,40.637136,-73.761224,210.9,a97310,N708JB,A320,AIRBUS A-320,0
landing,LGA,22,1784122414.27,2026-07-15T13:33:34Z,40.777554,-73.877197,213.8,a2c93f,N279PQ,CRJ9,BOMBARDIER Regional Jet CRJ-900,0
landing,JFK,22L,1784122424.95,2026-07-15T13:33:44Z,40.63411,-73.76358,210.9,ac181d,N879DN,B739,BOEING 737-900,0
takeoff,LGA,31,1784122435.29,2026-07-15T13:33:55Z,40.774616,-73.862457,298.1,a77d89,N582CA,CRJ9,BOMBARDIER Regional Jet CRJ-900,0
takeoff,LGA,31,1784122475.37,2026-07-15T13:34:35Z,40.772243,-73.857468,303.8,abd41a,N861RW,E170,EMBRAER ERJ-170-100,0
takeoff,JFK,22R,1784122495.14,2026-07-15T13:34:55Z,40.646109,-73.766764,210.9,a5e9f4,N480PX,CRJ9,BOMBARDIER Regional Jet CRJ-900,0
landing,LGA,22,1784122496.37,2026-07-15T13:34:56Z,40.777325,-73.877396,213.8,a44a6d,N376DN,A321,AIRBUS A-321,0
landing,JFK,22L,1784122502.62,2026-07-15T13:35:02Z,40.637558,-73.76088,210.9,aacf19,N796JB,A320,AIRBUS A-320,0
takeoff,JFK,22L,1784122502.62,2026-07-15T13:35:02Z,40.637558,-73.76088,210.9,aacf19,N796JB,A320,AIRBUS A-320,0
landing,JFK,22L,1784122503.58,2026-07-15T13:35:03Z,40.637171,-73.761177,210.9,aacf19,N796JB,A320,AIRBUS A-320,0
takeoff,LGA,31,1784122562.54,2026-07-15T13:36:02Z,40.772382,-73.857744,303.8,a0669d,N125DN,A321,AIRBUS A-321,0
landing,JFK,22L,1784122616.81,2026-07-15T13:36:56Z,40.637135,-73.761215,210.9,a5f162,N482PX,CRJ9,BOMBARDIER Regional Jet CRJ-900,0
takeoff,LGA,31,1784122622.4,2026-07-15T13:37:02Z,40.772232,-73.857437,303.8,a4f414,N418YX,E75L,EMBRAER ERJ-170-200 (long wing),0
landing,LGA,22,1784122646.03,2026-07-15T13:37:26Z,40.775536,-73.878874,210.9,a0b199,N144AN,A321,AIRBUS A-321,0
takeoff,JFK,22R,1784122666.06,2026-07-15T13:37:46Z,40.646851,-73.76619,210.9,acaf0b,N916XJ,CRJ9,BOMBARDIER Regional Jet CRJ-900,0
landing,JFK,22L,1784122678.55,2026-07-15T13:37:58Z,40.634434,-73.763321,210.9,ac1e2d,N880DN,B739,BOEING 737-900,0
landing,LGA,22,1784122731.68,2026-07-15T13:38:51Z,40.774933,-73.879349,210.9,ac0a75,N875RW,E170,EMBRAER ERJ-170-100,0
landing,JFK,22L,1784122769.13,2026-07-15T13:39:29Z,40.635123,-73.762784,210.9,8966d5,A6-XWN,A35K,AIRBUS A-350-1000,0
takeoff,JFK,22L,1784122769.13,2026-07-15T13:39:29Z,40.635123,-73.762784,210.9,8966d5,A6-XWN,A35K,AIRBUS A-350-1000,0
landing,JFK,22L,1784122770.11,2026-07-15T13:39:30Z,40.634762,-73.763065,210.9,8966d5,A6-XWN,A35K,AIRBUS A-350-1000,0
takeoff,LGA,31,1784122779.93,2026-07-15T13:39:39Z,40.772242,-73.857463,303.8,a030a8,N111HQ,E75L,EMBRAER ERJ-170-200 (long wing),0
landing,LGA,22,1784122783.09,2026-07-15T13:39:43Z,40.778038,-73.876783,213.8,c080db,C-GWUS,BCS3,AIRBUS A220-300,0
takeoff,JFK,22R,1784122783.31,2026-07-15T13:39:43Z,40.646202,-73.766686,210.9,aa8b40,N779JB,A320,AIRBUS A-320,0
takeoff,LGA,31,1784122890.39,2026-07-15T13:41:30Z,40.772301,-73.857559,300.9,aa56f7,N76532,B738,BOEING 737-800,0
landing,LGA,22,1784122893.58,2026-07-15T13:41:33Z,40.776851,-73.877782,213.8,ac41ce,N8891Q,B38M,BOEING 737 MAX 8,0
takeoff,JFK,22R,1784122894.5,2026-07-15T13:41:34Z,40.645818,-73.766998,210.9,a360b7,N3169J,BCS3,AIRBUS A220-300,0
landing,JFK,22L,1784122929.83,2026-07-15T13:42:09Z,40.636926,-73.76138,210.9,aca02f,N912XJ,CRJ9,BOMBARDIER Regional Jet CRJ-900,0
takeoff,JFK,22R,1784122970.08,2026-07-15T13:42:50Z,40.646358,-73.766586,210.9,a8aef3,N659JB,A320,AIRBUS A-320,0
takeoff,LGA,31,1784122993.01,2026-07-15T13:43:13Z,40.772196,-73.857354,303.8,ab3d17,N823MD,E170,EMBRAER ERJ-170-100,0
landing,LGA,22,1784123009.69,2026-07-15T13:43:29Z,40.77816,-73.876709,213.8,a233ed,N241CE,GLF6,,8
landing,JFK,22L,1784123013.69,2026-07-15T13:43:33Z,40.633667,-73.763916,210.9,ad734a,N966JT,A321,AIRBUS A-321,0
takeoff,JFK,22R,1784123018.97,2026-07-15T13:43:38Z,40.649414,-73.764189,210.9,a52cc8,N432YX,E75L,EMBRAER ERJ-170-200 (long wing),0
takeoff,LGA,31,1784123055.73,2026-07-15T13:44:15Z,40.772265,-73.857495,300.9,ac159a,N878RW,E170,EMBRAER ERJ-170-100,0
landing,JFK,22L,1784123090.47,2026-07-15T13:44:50Z,40.637318,-73.761063,210.9,a6eacf,N545DE,A21N,AIRBUS A-321neo,0
takeoff,JFK,22R,1784123093.18,2026-07-15T13:44:53Z,40.646313,-73.766617,210.9,a99d89,N719AN,B77W,BOEING 777-300ER,0
landing,LGA,22,1784123096.72,2026-07-15T13:44:56Z,40.776352,-73.878204,210.9,a1094c,N166PQ,CRJ9,BOMBARDIER Regional Jet CRJ-900,0
takeoff,LGA,31,1784123164.71,2026-07-15T13:46:04Z,40.772254,-73.857448,298.1,a8a0d9,N655RW,E170,EMBRAER ERJ-170-100,0
landing,LGA,22,1784123177.98,2026-07-15T13:46:17Z,40.774814,-73.879452,210.9,ac2c23,N88359,E75L,EMBRAER ERJ-170-200 (long wing),0
landing,JFK,22L,1784123185.59,2026-07-15T13:46:25Z,40.635483,-73.762519,213.8,a4421d,N3736C,B738,BOEING 737-800,0
takeoff,LGA,31,1784123261.62,2026-07-15T13:47:41Z,40.772312,-73.85762,303.8,a037b9,N113DX,A321,AIRBUS A-321,0
landing,LGA,22,1784123263.64,2026-07-15T13:47:43Z,40.778046,-73.876816,210.9,aca3d1,N913WN,B737,BOEING 737-700,0
takeoff,JFK,22R,1784123277.88,2026-07-15T13:47:57Z,40.646828,-73.766205,210.9,0c2075,HP-1823CMP,B738,BOEING 737-800,0
takeoff,JFK,04L,1784123306.28,2026-07-15T13:48:26Z,40.641233,-73.775082,351.6,aca02f,N912XJ,CRJ9,BOMBARDIER Regional Jet CRJ-900,0
landing,JFK,22L,1784123307.43,2026-07-15T13:48:27Z,40.63409,-73.76358,210.9,acd1f6,N925NN,B738,BOEING 737-800,0
takeoff,JFK,22R,1784123333.66,2026-07-15T13:48:53Z,40.646795,-73.766233,210.9,ad646e,N962JT,A321,AIRBUS A-321,0
landing,LGA,22,1784123372.54,2026-07-15T13:49:32Z,40.77681,-73.877823,213.8,ab0d76,N811DZ,B739,BOEING 737-900,0
takeoff,LGA,31,1784123372.84,2026-07-15T13:49:32Z,40.772289,-73.85759,300.9,a6f98e,N549CA,CRJ9,BOMBARDIER Regional Jet CRJ-900,0
takeoff,JFK,22R,1784123397.92,2026-07-15T13:49:57Z,40.64661,-73.766388,210.9,a7bfa0,N599JB,A320,AIRBUS A-320,0
landing,JFK,22L,1784123438.39,2026-07-15T13:50:38Z,40.635418,-73.762543,210.9,ad4bcb,N956JT,A321,AIRBUS A-321,0
takeoff,LGA,31,1784123489.94,2026-07-15T13:51:29Z,40.772219,-73.857417,303.8,a026e1,N109HQ,E75L,EMBRAER ERJ-170-200 (long wing),0
landing,LGA,22,1784123492.03,2026-07-15T13:51:32Z,40.777325,-73.87738,210.9,aca79d,N914XJ,CRJ9,BOMBARDIER Regional Jet CRJ-900,0
takeoff,JFK,22R,1784123517.23,2026-07-15T13:51:57Z,40.646446,-73.766514,210.9,a1aaae,N2060J,A21N,AIRBUS A-321neo,0
takeoff,JFK,22R,1784123582.85,2026-07-15T13:53:02Z,40.646358,-73.766571,210.9,a72b6b,N561JB,A320,AIRBUS A-320,0
takeoff,LGA,31,1784123599.76,2026-07-15T13:53:19Z,40.772278,-73.857559,306.6,a8a490,N656RW,E170,EMBRAER ERJ-170-100,0
landing,LGA,22,1784123609.22,2026-07-15T13:53:29Z,40.776031,-73.878479,210.9,a72fe1,N562RT,CL60,BOMBARDIER CL-600 Challenger,8
landing,JFK,22L,1784123614.51,2026-07-15T13:53:34Z,40.639079,-73.759695,210.9,a6a3c2,N527JL,A320,AIRBUS A-320,0
takeoff,JFK,22R,1784123641.04,2026-07-15T13:54:01Z,40.647261,-73.765874,210.9,a6c3ca,N535JB,A320,AIRBUS A-320,0
takeoff,JFK,22R,1784123700.43,2026-07-15T13:55:00Z,40.645725,-73.767076,210.9,a398bc,N3304J,BCS3,AIRBUS A220-300,0
landing,LGA,22,1784123716.12,2026-07-15T13:55:16Z,40.776443,-73.87811,210.9,a8f9a3,N678CA,CRJ9,BOMBARDIER Regional Jet CRJ-900,0
takeoff,LGA,31,1784123728.48,2026-07-15T13:55:28Z,40.774189,-73.861557,298.1,a32bcb,N303PQ,CRJ9,BOMBARDIER Regional Jet CRJ-900,0
takeoff,LGA,31,1784123798.69,2026-07-15T13:56:38Z,40.772266,-73.857529,303.8,ad185a,N943AN,B738,BOEING 737-800,0
takeoff,JFK,22R,1784123807.23,2026-07-15T13:56:47Z,40.646505,-73.766467,210.9,ab962d,N846AK,,,0
landing,LGA,22,1784123820.42,2026-07-15T13:57:00Z,40.774872,-73.879405,210.9,ac1f61,N880RW,E170,EMBRAER ERJ-170-100,0
takeoff,JFK,22R,1784123866.67,2026-07-15T13:57:46Z,40.64683,-73.766218,210.9,a086ce,N133EV,CRJ9,BOMBARDIER Regional Jet CRJ-900,0
landing,LGA,22,1784123925.28,2026-07-15T13:58:45Z,40.778457,-73.876471,210.9,a33741,N306SW,B38M,BOEING 737 MAX 8,0
takeoff,JFK,22R,1784123932.18,2026-07-15T13:58:52Z,40.646622,-73.766388,210.9,a99262,N716AL,B39M,BOEING 737 MAX 9,0
takeoff,LGA,31,1784123947.32,2026-07-15T13:59:07Z,40.774221,-73.861615,300.9,a08317,N132EV,CRJ9,BOMBARDIER Regional Jet CRJ-900,0
takeoff,JFK,22R,1784123982.45,2026-07-15T13:59:42Z,40.646388,-73.766561,210.9,a5fc87,N485PX,CRJ9,BOMBARDIER Regional Jet CRJ-900,0
landing,JFK,22L,1784123990.18,2026-07-15T13:59:50Z,40.634622,-73.76319,212.4,894098,A9C-FG,B789,BOEING 787-9 Dreamliner,0
takeoff,JFK,22L,1784123990.18,2026-07-15T13:59:50Z,40.634622,-73.76319,212.4,894098,A9C-FG,B789,BOEING 787-9 Dreamliner,0
landing,JFK,22L,1784123990.67,2026-07-15T13:59:50Z,40.634457,-73.763336,212.4,894098,A9C-FG,B789,BOEING 787-9 Dreamliner,0
takeoff,JFK,22R,1784124033.27,2026-07-15T14:00:33Z,40.646644,-73.766358,210.9,a92145,N688DL,B752,BOEING 757-200,0
landing,LGA,22,1784124065.55,2026-07-15T14:01:05Z,40.775047,-73.879272,210.9,a05bde,N122HQ,E75L,EMBRAER ERJ-170-200 (long wing),0
takeoff,LGA,31,1784124068.39,2026-07-15T14:01:08Z,40.774097,-73.861359,300.9,acf2e4,N933XJ,CRJ9,BOMBARDIER Regional Jet CRJ-900,0
takeoff,JFK,22R,1784124099.49,2026-07-15T14:01:39Z,40.646564,-73.766434,208.1,a32f82,N304PQ,CRJ9,BOMBARDIER Regional Jet CRJ-900,0
takeoff,LGA,31,1784124145.4,2026-07-15T14:02:25Z,40.772347,-73.857666,303.8,a32ff6,N304UF,B38M,BOEING 737 MAX 8,0
landing,LGA,22,1784124157.25,2026-07-15T14:02:37Z,40.774896,-73.879374,210.9,a1e58f,N221JQ,E75L,EMBRAER ERJ-170-200 (long wing),0
landing,JFK,22L,1784124182.83,2026-07-15T14:03:02Z,40.63559,-73.762405,213.8,a77645,N580DT,A21N,AIRBUS A-321neo,0
takeoff,JFK,22R,1784124232.12,2026-07-15T14:03:52Z,40.646084,-73.766815,210.9,aa099e,N746JB,A320,AIRBUS A-320,0
landing,LGA,22,1784124245.7,2026-07-15T14:04:05Z,40.774174,-73.879936,202.5,a4ddca,N412YX,E75L,EMBRAER ERJ-170-200 (long wing),0
takeoff,LGA,31,1784124262.0,2026-07-15T14:04:22Z,40.774162,-73.86149,298.1,a93d7c,N695CA,CRJ9,BOMBARDIER Regional Jet CRJ-900,0
takeoff,JFK,22R,1784124298.01,2026-07-15T14:04:58Z,40.646563,-73.766421,210.9,a1a435,N2047J,A21N,AIRBUS A-321neo,0
landing,LGA,22,1784124328.33,2026-07-15T14:05:28Z,40.777014,-73.877642,213.8,abae8f,N8518R,B738,BOEING 737-800,0
takeoff,LGA,31,1784124333.41,2026-07-15T14:05:33Z,40.772346,-73.857712,303.8,a335fa,N306DU,BCS3,AIRBUS A220-300,0
landing,JFK,22L,1784124364.37,2026-07-15T14:06:04Z,40.63702,-73.761307,210.9,aca29a,N913JB,A321,AIRBUS A-321,0
takeoff,JFK,22R,1784124398.24,2026-07-15T14:06:38Z,40.647785,-73.765469,212.4,a3282f,N302QS,E55P,EMBRAER EMB-505 Phenom 300,0
landing,LGA,22,1784124411.7,2026-07-15T14:06:51Z,40.778275,-73.876617,210.9,aa5694,N76508,B738,BOEING 737-800,0
takeoff,JFK,22R,1784124515.01,2026-07-15T14:08:35Z,40.649414,-73.764191,210.9,a21bea,N235JQ,E75L,EMBRAER ERJ-170-200 (long wing),0
landing,LGA,22,1784124516.56,2026-07-15T14:08:36Z,40.77729,-73.877441,213.8,ab83e8,N841DN,B739,BOEING 737-900,0
takeoff,LGA,31,1784124531.33,2026-07-15T14:08:51Z,40.772929,-73.858884,300.9,ad70ba,N965WN,B737,BOEING 737-700,0
takeoff,JFK,22R,1784124599.21,2026-07-15T14:09:59Z,40.646816,-73.76622,210.9,a74923,N569JB,A320,AIRBUS A-320,0
landing,LGA,22,1784124613.8,2026-07-15T14:10:13Z,40.776001,-73.8785,213.8,a445b0,N3745B,B738,BOEING 737-800,0
takeoff,LGA,31,1784124619.61,2026-07-15T14:10:19Z,40.772324,-73.857635,298.1,a153de,N185GJ,CRJ9,BOMBARDIER Regional Jet CRJ-900,0
takeoff,JFK,22R,1784124673.83,2026-07-15T14:11:13Z,40.646016,-73.766826,210.9,780abc,B-LRQ,A359,AIRBUS A-350-900,0
takeoff,LGA,31,1784124689.53,2026-07-15T14:11:29Z,40.772369,-73.857712,300.9,ad0851,N939NN,B738,BOEING 737-800,0
landing,JFK,22L,1784124733.88,2026-07-15T14:12:13Z,40.635134,-73.762784,210.9,3965b0,F-GZNQ,B77W,BOEING 777-300ER,0
landing,LGA,22,1784124800.49,2026-07-15T14:13:20Z,40.775047,-73.87928,213.8,a06e71,N127HQ,E75L,EMBRAER ERJ-170-200 (long wing),0
takeoff,JFK,22R,1784124812.42,2026-07-15T14:13:32Z,40.646587,-73.766403,210.9,ac7216,N9004F,A319,AIRBUS A-319,0
takeoff,LGA,31,1784124820.97,2026-07-15T14:13:40Z,40.774104,-73.86138,300.9,a48a83,N392DA,B738,BOEING 737-800,0
landing,JFK,22L,1784124870.88,2026-07-15T14:14:30Z,40.636116,-73.762009,210.9,010283,SU-GGE,A359,AIRBUS A-350-900,0
takeoff,JFK,22L,1784124870.88,2026-07-15T14:14:30Z,40.636116,-73.762009,210.9,010283,SU-GGE,A359,AIRBUS A-350-900,0
landing,JFK,22L,1784124871.54,2026-07-15T14:14:31Z,40.635864,-73.762207,210.9,010283,SU-GGE,A359,AIRBUS A-350-900,0
takeoff,LGA,31,1784124872.65,2026-07-15T14:14:32Z,40.772301,-73.85759,300.9,a099a7,N138HQ,E75L,EMBRAER ERJ-170-200 (long wing),0
takeoff,JFK,22R,1784124923.25,2026-07-15T14:15:23Z,40.645947,-73.766907,210.9,a69894,N524JB,A320,AIRBUS A-320,0
takeoff,LGA,31,1784124940.98,2026-07-15T14:15:40Z,40.772335,-73.857666,303.8,c0850c,C-GYJZ,DH8D,DE HAVILLAND DHC-8-400 Dash 8,0
takeoff,JFK,22R,1784124993.19,2026-07-15T14:16:33Z,40.646473,-73.766495,210.9,acb2c2,N917XJ,CRJ9,BOMBARDIER Regional Jet CRJ-900,0
takeoff,LGA,31,1784125015.18,2026-07-15T14:16:55Z,40.772242,-73.857479,300.9,a23bfb,N243JQ,E75L,EMBRAER ERJ-170-200 (long wing),0
landing,LGA,22,1784125018.21,2026-07-15T14:16:58Z,40.776661,-73.87796,213.8,ad7ece,N969NN,B738,BOEING 737-800,0
takeoff,JFK,22R,1784125088.76,2026-07-15T14:18:08Z,40.647949,-73.765335,210.9,a7b7c5,N597DT,A21N,AIRBUS A-321neo,0
takeoff,LGA,31,1784125120.74,2026-07-15T14:18:40Z,40.775391,-73.864075,303.8,c06196,C-GKYV,E295,EMBRAER ERJ-190-400,0
landing,JFK,22L,1784125128.08,2026-07-15T14:18:48Z,40.630268,-73.766953,227.8,a1d0a3,N216JQ,E75L,EMBRAER ERJ-170-200 (long wing),0
takeoff,JFK,22R,1784125189.54,2026-07-15T14:19:49Z,40.646084,-73.7668,210.9,a6c781,N536JB,A320,AIRBUS A-320,0
landing,LGA,22,1784125202.77,2026-07-15T14:20:02Z,40.774624,-73.879608,210.9,a00929,N101HQ,E75L,EMBRAER ERJ-170-200 (long wing),0
takeoff,LGA,31,1784125215.12,2026-07-15T14:20:15Z,40.774063,-73.861267,300.9,a12750,N17341,B38M,,0
landing,JFK,22L,1784125252.14,2026-07-15T14:20:52Z,40.635332,-73.762628,210.9,4077d4,G-VRNB,A35K,AIRBUS A-350-1000,0
takeoff,LGA,31,1784125272.92,2026-07-15T14:21:12Z,40.7723,-73.857588,303.8,a353c8,N313UR,B38M,BOEING 737 MAX 8,0
takeoff,JFK,22R,1784125279.14,2026-07-15T14:21:19Z,40.64647,-73.766483,210.9,a1a3a9,N2043J,A21N,AIRBUS A-321neo,0
landing,LGA,22,1784125348.22,2026-07-15T14:22:28Z,40.777187,-73.877502,213.8,ac878c,N906XJ,CRJ9,BOMBARDIER Regional Jet CRJ-900,0
takeoff,LGA,31,1784125354.82,2026-07-15T14:22:34Z,40.772232,-73.857468,300.9,a4e181,N413YX,E75L,EMBRAER ERJ-170-200 (long wing),0
takeoff,LGA,31,1784125421.53,2026-07-15T14:23:41Z,40.772289,-73.857557,303.8,a1ccec,N215JQ,E75L,EMBRAER ERJ-170-200 (long wing),0
landing,JFK,22L,1784125490.85,2026-07-15T14:24:50Z,40.636798,-73.761474,210.9,a0267b,N109DN,A321,AIRBUS A-321,0
takeoff,JFK,22R,1784125525.45,2026-07-15T14:25:25Z,40.649239,-73.764329,210.9,a1acdb,N207JQ,E75L,EMBRAER ERJ-170-200 (long wing),0
landing,LGA,22,1784125551.41,2026-07-15T14:25:51Z,40.774944,-73.879364,210.9,a15795,N186GJ,CRJ9,BOMBARDIER Regional Jet CRJ-900,0
takeoff,LGA,31,1784125566.14,2026-07-15T14:26:06Z,40.774186,-73.861552,300.9,a446b6,N375DN,A321,AIRBUS A-321,0
landing,JFK,22L,1784125593.28,2026-07-15T14:26:33Z,40.635448,-73.762519,210.9,a83108,N627JB,A320,AIRBUS A-320,0
takeoff,JFK,22R,1784125604.12,2026-07-15T14:26:44Z,40.645899,-73.766951,210.9,ad6f93,N965JT,A321,AIRBUS A-321,0
landing,LGA,22,1784125633.54,2026-07-15T14:27:13Z,40.776641,-73.877969,213.8,a426a5,N367DN,A321,AIRBUS A-321,0
takeoff,LGA,31,1784125646.64,2026-07-15T14:27:26Z,40.772369,-73.857742,303.8,a8c028,N663JB,A320,AIRBUS A-320,0
landing,LGA,22,1784125747.6,2026-07-15T14:29:07Z,40.774956,-73.879364,213.8,c06d48,C-GPJZ,CRJ9,BOMBARDIER Regional Jet CRJ-900,0
takeoff,LGA,31,1784125751.56,2026-07-15T14:29:11Z,40.772472,-73.857956,303.8,abe448,N86534,B738,BOEING 737-800,0
takeoff,LGA,31,1784125828.15,2026-07-15T14:30:28Z,40.772449,-73.857925,300.9,a320a6,N300PQ,CRJ9,BOMBARDIER Regional Jet CRJ-900,0
takeoff,JFK,22R,1784125851.0,2026-07-15T14:30:51Z,40.646049,-73.766815,210.9,a7167f,N556JB,A320,AIRBUS A-320,0
landing,JFK,22R,1784125852.28,2026-07-15T14:30:52Z,40.64562,-73.767154,210.9,a7167f,N556JB,A320,AIRBUS A-320,0
takeoff,JFK,22R,1784125852.28,2026-07-15T14:30:52Z,40.64562,-73.767154,210.9,a7167f,N556JB,A320,AIRBUS A-320,0
takeoff,LGA,31,1784125899.01,2026-07-15T14:31:39Z,40.772324,-73.85762,303.8,a23844,N242JQ,E75L,EMBRAER ERJ-170-200 (long wing),0
takeoff,JFK,22R,1784125963.92,2026-07-15T14:32:43Z,40.646062,-73.766826,210.9,a437c0,N371CM,B763,BOEING 767-300,0
landing,JFK,22R,1784125964.87,2026-07-15T14:32:44Z,40.645706,-73.767105,210.9,a437c0,N371CM,B763,BOEING 767-300,0
takeoff,JFK,22R,1784125964.87,2026-07-15T14:32:44Z,40.645706,-73.767105,210.9,a437c0,N371CM,B763,BOEING 767-300,0
takeoff,LGA,31,1784125974.57,2026-07-15T14:32:54Z,40.772312,-73.857635,303.8,a54cd9,N440YX,E75L,EMBRAER ERJ-170-200 (long wing),0
landing,LGA,22,1784125987.15,2026-07-15T14:33:07Z,40.774967,-73.879333,210.9,a1b449,N209JQ,E75L,EMBRAER ERJ-170-200 (long wing),0
landing,JFK,22L,1784126024.73,2026-07-15T14:33:44Z,40.633381,-73.76416,210.9,71c044,HL8044,B77L,BOEING 777-200LR,0
takeoff,LGA,31,1784126079.43,2026-07-15T14:34:39Z,40.774864,-73.862961,300.9,a3239c,N301FX,E55P,,0
takeoff,LGA,31,1784126128.71,2026-07-15T14:35:28Z,40.772243,-73.857483,306.6,ab282b,N818MD,E170,EMBRAER ERJ-170-100,0
landing,LGA,22,1784126135.39,2026-07-15T14:35:35Z,40.778236,-73.876643,210.9,a8bc71,N662JB,A320,AIRBUS A-320,0
takeoff,JFK,22R,1784126138.68,2026-07-15T14:35:38Z,40.645061,-73.767607,210.9,a8c796,N665JB,A320,AIRBUS A-320,0
landing,JFK,22L,1784126172.45,2026-07-15T14:36:12Z,40.635623,-73.762394,210.9,841520,JA05WJ,A35K,AIRBUS A-350-1000,0
takeoff,LGA,31,1784126215.38,2026-07-15T14:36:55Z,40.772324,-73.857635,300.9,a30961,N295PQ,CRJ9,BOMBARDIER Regional Jet CRJ-900,0
landing,LGA,22,1784126224.13,2026-07-15T14:37:04Z,40.77792,-73.876923,213.8,a23200,N240WN,B737,BOEING 737-700,0
takeoff,JFK,22R,1784126268.52,2026-07-15T14:37:48Z,40.646049,-73.76683,213.8,a34d2f,N3112J,BCS3,AIRBUS A220-300,0
takeoff,LGA,31,1784126331.74,2026-07-15T14:38:51Z,40.772277,-73.857557,303.8,a89d22,N654RW,E170,EMBRAER ERJ-170-100,0
landing,LGA,22,1784126346.07,2026-07-15T14:39:06Z,40.77514,-73.879202,213.8,abbb77,N855RW,E170,EMBRAER ERJ-170-100,0
landing,JFK,22L,1784126353.64,2026-07-15T14:39:13Z,40.633866,-73.763814,216.6,a00ce0,N102HQ,E75L,EMBRAER ERJ-170-200 (long wing),0
takeoff,JFK,22R,1784126374.14,2026-07-15T14:39:34Z,40.645969,-73.766891,209.6,ab7fe6,N840AN,B789,BOEING 787-9 Dreamliner,0
takeoff,LGA,31,1784126411.45,2026-07-15T14:40:11Z,40.7723,-73.857573,300.9,a4f7cb,N419YX,E75L,EMBRAER ERJ-170-200 (long wing),0
landing,LGA,22,1784126420.1,2026-07-15T14:40:20Z,40.775012,-73.87928,210.9,abd063,N860RW,E170,EMBRAER ERJ-170-100,0
takeoff,JFK,22R,1784126488.91,2026-07-15T14:41:28Z,40.649368,-73.764221,210.9,a03816,N113HQ,E75L,EMBRAER ERJ-170-200 (long wing),0
takeoff,LGA,31,1784126501.92,2026-07-15T14:41:41Z,40.772301,-73.85762,306.6,a51425,N426YX,E75L,EMBRAER ERJ-170-200 (long wing),0
landing,LGA,22,1784126516.96,2026-07-15T14:41:56Z,40.774864,-73.879425,213.8,a0835d,N132HQ,E75L,EMBRAER ERJ-170-200 (long wing),0
takeoff,JFK,22R,1784126561.71,2026-07-15T14:42:41Z,40.646049,-73.76683,213.8,a5e02d,N478PX,CRJ9,BOMBARDIER Regional Jet CRJ-900,0
landing,LGA,22,1784126597.13,2026-07-15T14:43:17Z,40.776548,-73.878047,210.9,a7cc00,N601LR,CRJ9,BOMBARDIER Regional Jet CRJ-900,0
landing,JFK,22L,1784126606.77,2026-07-15T14:43:26Z,40.635727,-73.762314,210.9,400684,G-VIIL,B772,BOEING 777-200,0
takeoff,LGA,31,1784126612.48,2026-07-15T14:43:32Z,40.774887,-73.863007,300.9,a305aa,N294PQ,CRJ9,BOMBARDIER Regional Jet CRJ-900,0
takeoff,JFK,22R,1784126637.76,2026-07-15T14:43:57Z,40.646278,-73.766647,212.4,738102,4X-ERC,B788,BOEING 787-8 Dreamliner,0
landing,LGA,22,1784126671.16,2026-07-15T14:44:31Z,40.774933,-73.879379,213.8,a4463e,N3749D,B738,BOEING 737-800,0
takeoff,LGA,31,1784126673.03,2026-07-15T14:44:33Z,40.772335,-73.857651,300.9,ac2c23,N88359,E75L,EMBRAER ERJ-170-200 (long wing),0
landing,JFK,22L,1784126736.2,2026-07-15T14:45:36Z,40.636356,-73.76181,210.9,a09cfe,N139DU,BCS1,AIRBUS A220-100,0
takeoff,LGA,31,1784126800.24,2026-07-15T14:46:40Z,40.772358,-73.857712,303.8,a384f8,N326DU,BCS3,AIRBUS A220-300,0
landing,JFK,22L,1784126814.36,2026-07-15T14:46:54Z,40.635086,-73.762817,210.9,801600,VT-JRE,A359,AIRBUS A-350-900,0
landing,LGA,22,1784126820.75,2026-07-15T14:47:00Z,40.772026,-73.881775,213.8,a50900,N423YX,E75L,EMBRAER ERJ-170-200 (long wing),0
takeoff,LGA,31,1784126857.89,2026-07-15T14:47:37Z,40.772221,-73.857437,300.9,ac0a75,N875RW,E170,EMBRAER ERJ-170-100,0
landing,LGA,22,1784126882.83,2026-07-15T14:48:02Z,40.775803,-73.87864,213.8,ab7394,N837NN,B738,BOEING 737-800,0
landing,JFK,22L,1784126947.94,2026-07-15T14:49:07Z,40.636647,-73.761598,210.9,a3428e,N309UL,B38M,,0
landing,LGA,22,1784126976.2,2026-07-15T14:49:36Z,40.773846,-73.880249,213.8,adc531,N987AM,A321,AIRBUS A-321,0
takeoff,LGA,31,1784126981.14,2026-07-15T14:49:41Z,40.774069,-73.861302,298.1,a130cb,N176PQ,CRJ9,BOMBARDIER Regional Jet CRJ-900,0
takeoff,JFK,22R,1784127027.53,2026-07-15T14:50:27Z,40.646187,-73.766724,210.9,ad4f72,N957JB,A321,AIRBUS A-321,0
landing,JFK,22L,1784127029.18,2026-07-15T14:50:29Z,40.635704,-73.762329,210.9,4ba953,TC-JJS,B77W,BOEING 777-300ER,0
landing,LGA,22,1784127074.88,2026-07-15T14:51:14Z,40.778515,-73.876404,210.9,a33e5e,N308PQ,CRJ9,BOMBARDIER Regional Jet CRJ-900,0
takeoff,JFK,22R,1784127097.14,2026-07-15T14:51:37Z,40.645878,-73.766953,210.9,a36b2d,N3194J,BCS3,,0
takeoff,LGA,31,1784127118.99,2026-07-15T14:51:58Z,40.772198,-73.857422,303.8,a7d725,N604LR,CRJ9,BOMBARDIER Regional Jet CRJ-900,0
landing,LGA,22,1784127136.37,2026-07-15T14:52:16Z,40.776066,-73.878448,213.8,a042d5,N116DN,A321,AIRBUS A-321,0
landing,JFK,22L,1784127171.34,2026-07-15T14:52:51Z,40.635541,-73.762457,210.9,a0563b,N1201P,B763,BOEING 767-300,0
landing,LGA,22,1784127203.22,2026-07-15T14:53:23Z,40.775631,-73.878799,213.8,a12755,N17346,B38M,BOEING 737 MAX 8,0
takeoff,LGA,31,1784127225.32,2026-07-15T14:53:45Z,40.774647,-73.862503,298.1,a2c93f,N279PQ,CRJ9,BOMBARDIER Regional Jet CRJ-900,0
landing,JFK,22L,1784127263.39,2026-07-15T14:54:23Z,40.634378,-73.763362,210.9,8990a4,B-18772,B77L,BOEING 777-200LR,0
landing,LGA,22,1784127332.78,2026-07-15T14:55:32Z,40.7738,-73.880005,177.2,a866c7,N640RW,E170,EMBRAER ERJ-170-100,0
takeoff,LGA,31,1784127333.76,2026-07-15T14:55:33Z,40.774155,-73.861465,303.8,c080db,C-GWUS,BCS3,AIRBUS A220-300,0
landing,LGA,22,1784127411.07,2026-07-15T14:56:51Z,40.775425,-73.878967,213.8,abd254,N8608N,B738,BOEING 737-800,0
takeoff,LGA,31,1784127413.93,2026-07-15T14:56:53Z,40.772335,-73.857682,303.8,ab6020,N832DN,B739,BOEING 737-900,0
landing,JFK,22L,1784127439.38,2026-07-15T14:57:19Z,40.635498,-73.762497,210.9,76cef4,9V-SWT,B77W,BOEING 777-300ER,0
takeoff,LGA,31,1784127489.24,2026-07-15T14:58:09Z,40.772312,-73.857651,303.8,ac41ce,N8891Q,B38M,BOEING 737 MAX 8,0
takeoff,LGA,31,1784127600.14,2026-07-15T15:00:00Z,40.772301,-73.857635,300.9,a1094c,N166PQ,CRJ9,BOMBARDIER Regional Jet CRJ-900,0
landing,LGA,22,1784127618.26,2026-07-15T15:00:18Z,40.774246,-73.879776,199.7,a1d45a,N217JQ,E75L,EMBRAER ERJ-170-200 (long wing),0
landing,JFK,22L,1784127623.02,2026-07-15T15:00:23Z,40.634331,-73.763424,213.8,a50549,N422YX,E75L,EMBRAER ERJ-170-200 (long wing),0
takeoff,LGA,31,1784127673.84,2026-07-15T15:01:13Z,40.772324,-73.857651,303.8,aca3d1,N913WN,B737,BOEING 737-700,0
takeoff,LGA,31,1784127740.14,2026-07-15T15:02:20Z,40.772335,-73.857666,300.9,a4ddca,N412YX,E75L,EMBRAER ERJ-170-200 (long wing),0
takeoff,JFK,22R,1784127769.13,2026-07-15T15:02:49Z,40.646039,-73.766842,210.9,adc238,N986JB,A321,AIRBUS A-321,0
landing,JFK,22L,1784127841.47,2026-07-15T15:04:01Z,40.637707,-73.760757,210.9,aaf5b1,N805NW,A333,AIRBUS A-330-300,0
takeoff,LGA,31,1784127846.0,2026-07-15T15:04:06Z,40.774616,-73.862457,300.9,a37d8a,N324DU,BCS3,AIRBUS A220-300,0
takeoff,LGA,31,1784127916.74,2026-07-15T15:05:16Z,40.773301,-73.859679,300.9,aca79d,N914XJ,CRJ9,BOMBARDIER Regional Jet CRJ-900,0
takeoff,JFK,22R,1784127916.83,2026-07-15T15:05:16Z,40.646427,-73.766525,210.9,a5f162,N482PX,CRJ9,BOMBARDIER Regional Jet CRJ-900,0
landing,JFK,22L,1784127990.14,2026-07-15T15:06:30Z,40.634033,-73.763626,210.9,ad4804,N955JB,A321,AIRBUS A-321,0
takeoff,LGA,31,1784127994.09,2026-07-15T15:06:34Z,40.77412,-73.86142,300.9,a01f0d,N107DN,A321,AIRBUS A-321,0
takeoff,LGA,31,1784128062.22,2026-07-15T15:07:42Z,40.77393,-73.86099,300.9,a062ef,N124DX,A321,AIRBUS A-321,0
landing,JFK,22L,1784128070.2,2026-07-15T15:07:50Z,40.633278,-73.764221,210.9,a1a832,N2059J,A21N,AIRBUS A-321neo,0
takeoff,LGA,31,1784128129.58,2026-07-15T15:08:49Z,40.772196,-73.857385,300.9,a05bde,N122HQ,E75L,EMBRAER ERJ-170-200 (long wing),0
landing,JFK,22L,1784128161.98,2026-07-15T15:09:21Z,40.635902,-73.762176,210.9,a924fc,N689DL,B752,BOEING 757-200,0
landing,LGA,22,1784128224.06,2026-07-15T15:10:24Z,40.77457,-73.879639,208.1,abdf3f,N864RW,E170,EMBRAER ERJ-170-100,0
takeoff,LGA,31,1784128231.82,2026-07-15T15:10:31Z,40.773926,-73.860977,300.9,a0b199,N144AN,A321,AIRBUS A-321,0
takeoff,JFK,22R,1784128238.92,2026-07-15T15:10:38Z,40.646084,-73.7668,210.9,a97310,N708JB,A320,AIRBUS A-320,0
landing,JFK,22L,1784128266.27,2026-07-15T15:11:06Z,40.633575,-73.764127,222.2,a20957,N230JQ,E75L,EMBRAER ERJ-170-200 (long wing),0
takeoff,JFK,22L,1784128266.27,2026-07-15T15:11:06Z,40.633575,-73.764127,222.2,a20957,N230JQ,E75L,EMBRAER ERJ-170-200 (long wing),0
landing,JFK,22L,1784128268.61,2026-07-15T15:11:08Z,40.633249,-73.764532,227.8,a20957,N230JQ,E75L,EMBRAER ERJ-170-200 (long wing),0
takeoff,JFK,22R,1784128306.18,2026-07-15T15:11:46Z,40.645157,-73.767517,210.9,ad27f3,N947JB,A321,AIRBUS A-321,0
takeoff,LGA,31,1784128309.32,2026-07-15T15:11:49Z,40.774279,-73.861755,298.1,a8f9a3,N678CA,CRJ9,BOMBARDIER Regional Jet CRJ-900,0
landing,JFK,22L,1784128322.02,2026-07-15T15:12:02Z,40.633703,-73.763939,210.9,a6bfa6,N534DT,A21N,AIRBUS A-321neo,0
takeoff,JFK,22R,1784128378.05,2026-07-15T15:12:58Z,40.645855,-73.766983,210.9,ad9712,N975JT,A321,AIRBUS A-321,0
takeoff,LGA,31,1784128378.08,2026-07-15T15:12:58Z,40.772266,-73.857544,303.8,ac1f61,N880RW,E170,EMBRAER ERJ-170-100,0
landing,LGA,22,1784128378.2,2026-07-15T15:12:58Z,40.776615,-73.877975,213.8,a36994,N319PQ,CRJ9,BOMBARDIER Regional Jet CRJ-900,0
landing,JFK,22L,1784128405.77,2026-07-15T15:13:25Z,40.63482,-73.763019,210.9,a39723,N330PQ,CRJ9,BOMBARDIER Regional Jet CRJ-900,0
takeoff,JFK,22R,1784128441.08,2026-07-15T15:14:01Z,40.6455,-73.767242,213.8,a15ebc,N188DN,B763,BOEING 767-300,0
takeoff,LGA,31,1784128453.91,2026-07-15T15:14:13Z,40.772312,-73.85762,300.9,a33741,N306SW,B38M,BOEING 737 MAX 8,0
landing,JFK,22L,1784128504.92,2026-07-15T15:15:04Z,40.633839,-73.763794,210.9,a36fff,N320TF,B38M,BOEING 737 MAX 8,0
takeoff,LGA,31,1784128532.41,2026-07-15T15:15:32Z,40.772278,-73.857544,303.8,a1e58f,N221JQ,E75L,EMBRAER ERJ-170-200 (long wing),0
landing,JFK,22L,1784128601.5,2026-07-15T15:16:41Z,40.639056,-73.759726,210.9,aa1f2f,N751QS,CL35,BOMBARDIER BD-100 Challenger 350,0
takeoff,JFK,22R,1784128616.28,2026-07-15T15:16:56Z,40.646027,-73.766846,210.9,a04641,N117AN,A321,AIRBUS A-321,0
takeoff,LGA,31,1784128647.02,2026-07-15T15:17:27Z,40.772277,-73.85751,300.9,a06e71,N127HQ,E75L,EMBRAER ERJ-170-200 (long wing),0
landing,LGA,22,1784128655.39,2026-07-15T15:17:35Z,40.777176,-73.877533,216.6,a5376f,N435TW,PC12,PILATUS PC-12,0
landing,JFK,22L,1784128720.32,2026-07-15T15:18:40Z,40.634022,-73.763641,212.4,47c968,LN-LNO,B789,BOEING 787-9 Dreamliner,0
landing,LGA,22,1784128752.12,2026-07-15T15:19:12Z,40.774452,-73.87973,205.3,a04e60,N119HQ,E75L,EMBRAER ERJ-170-200 (long wing),0
takeoff,LGA,31,1784128803.76,2026-07-15T15:20:03Z,40.772278,-73.857544,303.8,ac1951,N879RW,E170,EMBRAER ERJ-170-100,0
landing,LGA,22,1784128806.69,2026-07-15T15:20:06Z,40.775757,-73.878677,213.8,a364e7,N318DU,BCS3,,0
landing,JFK,22L,1784128847.13,2026-07-15T15:20:47Z,40.634125,-73.76355,210.9,7802fd,B-2422,B744,BOEING 747-400,0
landing,LGA,22,1784128893.39,2026-07-15T15:21:33Z,40.776741,-73.877884,213.8,a3b124,N337PQ,CRJ9,BOMBARDIER Regional Jet CRJ-900,0
takeoff,LGA,31,1784128905.1,2026-07-15T15:21:45Z,40.772801,-73.858603,300.9,abae8f,N8518R,B738,BOEING 737-800,0
takeoff,JFK,22R,1784128910.16,2026-07-15T15:21:50Z,40.645969,-73.766889,210.9,a6a3c2,N527JL,A320,AIRBUS A-320,0
takeoff,JFK,22R,1784128963.02,2026-07-15T15:22:43Z,40.646015,-73.766876,210.9,a014c9,N104NN,A321,AIRBUS A-321,0
takeoff,LGA,31,1784128971.94,2026-07-15T15:22:51Z,40.772347,-73.857682,303.8,ab0d76,N811DZ,B739,BOEING 737-900,0
landing,LGA,22,1784129038.59,2026-07-15T15:23:58Z,40.774704,-73.879532,210.9,a09188,N136AN,A321,AIRBUS A-321,0
landing,JFK,22L,1784129044.29,2026-07-15T15:24:04Z,40.633163,-73.764313,210.9,a40797,N359PX,B738,BOEING 737-800,0
takeoff,LGA,31,1784129062.22,2026-07-15T15:24:22Z,40.774093,-73.861349,300.9,a44a6d,N376DN,A321,AIRBUS A-321,0
takeoff,JFK,22R,1784129081.15,2026-07-15T15:24:41Z,40.646164,-73.766754,210.9,a4421d,N3736C,B738,BOEING 737-800,0
landing,LGA,22,1784129144.03,2026-07-15T15:25:44Z,40.776793,-73.877829,210.9,a3183d,N299PQ,CRJ9,BOMBARDIER Regional Jet CRJ-900,0
takeoff,JFK,22R,1784129146.21,2026-07-15T15:25:46Z,40.646027,-73.766846,210.9,ac181d,N879DN,B739,BOEING 737-900,0
takeoff,LGA,31,1784129162.74,2026-07-15T15:26:02Z,40.774034,-73.861224,300.9,ab2c04,N819NN,B738,BOEING 737-800,0
takeoff,LGA,31,1784129239.22,2026-07-15T15:27:19Z,40.774151,-73.861459,300.9,ac878c,N906XJ,CRJ9,BOMBARDIER Regional Jet CRJ-900,0
landing,JFK,22L,1784129248.07,2026-07-15T15:27:28Z,40.632644,-73.765687,241.9,adccc6,N989CA,P212,TECNAM P-2012 Traveller,0
takeoff,JFK,22R,1784129265.22,2026-07-15T15:27:45Z,40.64922,-73.764343,213.8,a1d0a3,N216JQ,E75L,EMBRAER ERJ-170-200 (long wing),0
takeoff,LGA,31,1784129295.25,2026-07-15T15:28:15Z,40.772335,-73.857698,300.9,a00929,N101HQ,E75L,EMBRAER ERJ-170-200 (long wing),0
landing,JFK,22L,1784129329.92,2026-07-15T15:28:49Z,40.635979,-73.762115,210.9,ab8862,N842MH,B764,BOEING 767-400,0
takeoff,JFK,22R,1784129342.21,2026-07-15T15:29:02Z,40.646004,-73.766861,213.8,ab678e,N834DN,B739,BOEING 737-900,0
landing,LGA,22,1784129350.68,2026-07-15T15:29:10Z,40.777025,-73.877657,210.9,a05f37,N123DW,A321,AIRBUS A-321,0
takeoff,JFK,22R,1784129409.31,2026-07-15T15:30:09Z,40.64583,-73.766998,213.8,ac1e2d,N880DN,B739,BOEING 737-900,0
landing,LGA,22,1784129427.34,2026-07-15T15:30:27Z,40.777561,-73.877205,213.8,a441ef,N37342,B38M,BOEING 737 MAX 8,0
takeoff,LGA,31,1784129450.22,2026-07-15T15:30:50Z,40.772347,-73.857682,303.8,aa5694,N76508,B738,BOEING 737-800,0
landing,JFK,22L,1784129468.41,2026-07-15T15:31:08Z,40.636507,-73.761692,213.8,a14c70,N183GJ,CRJ9,BOMBARDIER Regional Jet CRJ-900,0
takeoff,JFK,22R,1784129474.28,2026-07-15T15:31:14Z,40.645752,-73.767075,210.9,aacf19,N796JB,A320,AIRBUS A-320,0
takeoff,LGA,31,1784129528.81,2026-07-15T15:32:08Z,40.772335,-73.857681,303.8,a445b0,N3745B,B738,BOEING 737-800,0
landing,LGA,22,1784129534.12,2026-07-15T15:32:14Z,40.774075,-73.879913,191.2,a03f84,N115HQ,E75L,EMBRAER ERJ-170-200 (long wing),0
landing,JFK,22L,1784129618.6,2026-07-15T15:33:38Z,40.634191,-73.763518,210.9,a4b6b6,N4022J,A21N,AIRBUS A-321neo,0
takeoff,LGA,31,1784129626.78,2026-07-15T15:33:46Z,40.772289,-73.857559,303.8,a1b449,N209JQ,E75L,EMBRAER ERJ-170-200 (long wing),0
landing,LGA,22,1784129635.88,2026-07-15T15:33:55Z,40.775082,-73.879233,210.9,ada699,N979RP,E170,EMBRAER ERJ-170-100,0
takeoff,JFK,22R,1784129676.5,2026-07-15T15:34:36Z,40.646749,-73.76628,210.9,a69bcd,N525DA,A21N,AIRBUS A-321neo,0
landing,LGA,22,1784129706.38,2026-07-15T15:35:06Z,40.776501,-73.878082,210.9,a33aa7,N307PQ,CRJ9,BOMBARDIER Regional Jet CRJ-900,0
takeoff,JFK,22R,1784129740.53,2026-07-15T15:35:40Z,40.645178,-73.767513,210.9,adf4e9,N999JQ,A321,AIRBUS A-321,0
takeoff,LGA,31,1784129769.44,2026-07-15T15:36:09Z,40.772369,-73.857727,303.8,ab83e8,N841DN,B739,BOEING 737-900,0
landing,JFK,22L,1784129846.64,2026-07-15T15:37:26Z,40.635464,-73.762512,210.9,4c0221,YU-ARB,A332,AIRBUS A-330-200,0
landing,LGA,22,1784129848.47,2026-07-15T15:37:28Z,40.776164,-73.878344,213.8,a36fa4,N320PQ,CRJ9,BOMBARDIER Regional Jet CRJ-900,0
takeoff,JFK,22R,1784129855.44,2026-07-15T15:37:35Z,40.646225,-73.766701,210.9,abb3b6,N853NN,B738,BOEING 737-800,0
landing,LGA,22,1784129938.47,2026-07-15T15:38:58Z,40.774956,-73.879349,213.8,a1a924,N206JQ,E75L,EMBRAER ERJ-170-200 (long wing),0
takeoff,JFK,22R,1784129951.37,2026-07-15T15:39:11Z,40.645969,-73.766889,210.9,acca19,N923JB,A321,AIRBUS A-321,0
landing,JFK,22L,1784129986.86,2026-07-15T15:39:46Z,40.636833,-73.761458,210.9,a801de,N615FR,A21N,AIRBUS A-321neo,0
takeoff,LGA,31,1784129997.67,2026-07-15T15:39:57Z,40.774046,-73.861271,300.9,a23200,N240WN,B737,BOEING 737-700,0
landing,JFK,22L,1784130123.31,2026-07-15T15:42:03Z,40.634903,-73.76297,210.9,8691cc,JA785A,B77W,BOEING 777-300ER,0
landing,LGA,22,1784130235.69,2026-07-15T15:43:55Z,40.774395,-73.879733,205.3,abd7d1,N862RW,E170,EMBRAER ERJ-170-100,0
landing,JFK,22L,1784130253.46,2026-07-15T15:44:13Z,40.63599,-73.762115,210.9,a12fda,N176DZ,B763,BOEING 767-300,0
takeoff,JFK,22R,1784130266.46,2026-07-15T15:44:26Z,40.645981,-73.766873,210.9,a613e0,N491AS,B739,BOEING 737-900,0
takeoff,LGA,31,1784130277.86,2026-07-15T15:44:37Z,40.772219,-73.857495,326.2,a50900,N423YX,E75L,EMBRAER ERJ-170-200 (long wing),0
landing,JFK,22L,1784130355.88,2026-07-15T15:45:55Z,40.637077,-73.761246,210.9,a38836,N3269J,BCS3,AIRBUS A220-300,0
landing,LGA,22,1784130393.97,2026-07-15T15:46:33Z,40.776054,-73.878448,210.9,a148b9,N182GJ,CRJ9,BOMBARDIER Regional Jet CRJ-900,0
takeoff,LGA,31,1784130405.19,2026-07-15T15:46:45Z,40.774151,-73.861459,300.9,a5376f,N435TW,PC12,PILATUS PC-12,0
takeoff,JFK,22R,1784130417.3,2026-07-15T15:46:57Z,40.645924,-73.766922,210.9,06a2b6,A7-BER,B77W,BOEING 777-300ER,0
landing,JFK,22L,1784130440.4,2026-07-15T15:47:20Z,40.637535,-73.76091,210.9,a39e6b,N332NB,A319,AIRBUS A-319,0
landing,JFK,22L,1784130512.44,2026-07-15T15:48:32Z,40.635169,-73.762753,210.9,aabf80,N792AN,B772,BOEING 777-200,0
takeoff,JFK,22R,1784130531.25,2026-07-15T15:48:51Z,40.64619,-73.766717,210.9,a77645,N580DT,A21N,AIRBUS A-321neo,0
takeoff,JFK,22R,1784130584.57,2026-07-15T15:49:44Z,40.646713,-73.766312,210.9,a6eacf,N545DE,A21N,AIRBUS A-321neo,0
takeoff,LGA,31,1784130610.04,2026-07-15T15:50:10Z,40.772221,-73.857437,303.8,abbb77,N855RW,E170,EMBRAER ERJ-170-100,0
landing,LGA,22,1784130621.81,2026-07-15T15:50:21Z,40.775333,-73.879044,213.8,a3776f,N322TH,B38M,BOEING 737 MAX 8,0
landing,JFK,22L,1784130645.09,2026-07-15T15:50:45Z,40.63624,-73.761926,208.1,ab6162,N832SK,CRJ9,BOMBARDIER Regional Jet CRJ-900,0
takeoff,LGA,31,1784130697.75,2026-07-15T15:51:37Z,40.773732,-73.8606,298.1,a7cc00,N601LR,CRJ9,BOMBARDIER Regional Jet CRJ-900,0
takeoff,JFK,22R,1784130710.77,2026-07-15T15:51:50Z,40.646086,-73.766795,210.9,a0267b,N109DN,A321,AIRBUS A-321,0
landing,LGA,22,1784130755.79,2026-07-15T15:52:35Z,40.777258,-73.877454,213.8,ac696c,N8992L,B38M,BOEING 737 MAX 8,0
takeoff,LGA,31,1784130779.18,2026-07-15T15:52:59Z,40.773766,-73.860657,300.9,a426a5,N367DN,A321,AIRBUS A-321,0
landing,JFK,22R,1784130833.79,2026-07-15T15:53:53Z,40.638382,-73.772781,213.8,a433d1,N370AF,PC12,,0
takeoff,JFK,22R,1784130834.68,2026-07-15T15:53:54Z,40.638079,-73.773022,213.8,a433d1,N370AF,PC12,,0
landing,JFK,22R,1784130837.14,2026-07-15T15:53:57Z,40.637334,-73.773599,213.8,a433d1,N370AF,PC12,,0
landing,JFK,22L,1784130855.08,2026-07-15T15:54:15Z,40.631352,-73.765765,213.8,a06703,N125HQ,E75L,EMBRAER ERJ-170-200 (long wing),0
takeoff,LGA,31,1784130860.01,2026-07-15T15:54:20Z,40.772277,-73.857542,300.9,abd063,N860RW,E170,EMBRAER ERJ-170-100,0
landing,LGA,22,1784130878.99,2026-07-15T15:54:38Z,40.772118,-73.881714,213.8,a1ff90,N228JQ,E75L,EMBRAER ERJ-170-200 (long wing),0
takeoff,JFK,22R,1784130929.25,2026-07-15T15:55:29Z,40.646336,-73.766602,210.9,a08a85,N134EV,CRJ9,BOMBARDIER Regional Jet CRJ-900,0
takeoff,LGA,31,1784130932.65,2026-07-15T15:55:32Z,40.772289,-73.857573,303.8,a1d45a,N217JQ,E75L,EMBRAER ERJ-170-200 (long wing),0
takeoff,JFK,22R,1784130997.99,2026-07-15T15:56:37Z,40.646272,-73.766655,210.9,acd1f6,N925NN,B738,BOEING 737-800,0
takeoff,LGA,31,1784131000.56,2026-07-15T15:56:40Z,40.772196,-73.857401,303.8,a0835d,N132HQ,E75L,EMBRAER ERJ-170-200 (long wing),0
takeoff,LGA,31,1784131078.52,2026-07-15T15:57:58Z,40.772324,-73.857651,298.1,a15795,N186GJ,CRJ9,BOMBARDIER Regional Jet CRJ-900,0
landing,LGA,04,1784131118.11,2026-07-15T15:58:38Z,40.775978,-73.880965,30.9,aa3fc2,N76FX,S76,SIKORSKY S-76 Spirit,0
takeoff,JFK,22R,1784131121.9,2026-07-15T15:58:41Z,40.648739,-73.76472,210.9,a50549,N422YX,E75L,EMBRAER ERJ-170-200 (long wing),0
landing,LGA,22,1784131182.59,2026-07-15T15:59:42Z,40.774977,-73.879343,213.8,a0433b,N116HQ,E75L,EMBRAER ERJ-170-200 (long wing),0
takeoff,LGA,31,1784131242.71,2026-07-15T16:00:42Z,40.772312,-73.857588,331.9,a33e5e,N308PQ,CRJ9,BOMBARDIER Regional Jet CRJ-900,0
landing,LGA,22,1784131255.98,2026-07-15T16:00:55Z,40.774921,-73.879379,213.8,a4f414,N418YX,E75L,EMBRAER ERJ-170-200 (long wing),0
takeoff,LGA,31,1784131325.07,2026-07-15T16:02:05Z,40.772766,-73.858571,303.8,a8bc71,N662JB,A320,AIRBUS A-320,0
landing,JFK,22L,1784131333.1,2026-07-15T16:02:13Z,40.636589,-73.76163,210.9,4a2d24,YR-KID,A332,AIRBUS A-330-200,0
takeoff,JFK,22R,1784131378.77,2026-07-15T16:02:58Z,40.645934,-73.76692,210.9,aca29a,N913JB,A321,AIRBUS A-321,0
takeoff,LGA,31,1784131429.98,2026-07-15T16:03:49Z,40.772231,-73.857448,300.9,a866c7,N640RW,E170,EMBRAER ERJ-170-100,0
takeoff,JFK,22R,1784131441.91,2026-07-15T16:04:01Z,40.646004,-73.766873,210.9,a69f49,N526AS,B738,BOEING 737-800,0
landing,LGA,22,1784131453.5,2026-07-15T16:04:13Z,40.772335,-73.881543,213.8,ab0a73,N810MD,E170,EMBRAER ERJ-170-100,0
landing,JFK,22L,1784131500.23,2026-07-15T16:05:00Z,40.634068,-73.763641,213.8,a09239,N136HQ,E75L,EMBRAER ERJ-170-200 (long wing),0
takeoff,JFK,22R,1784131510.58,2026-07-15T16:05:10Z,40.645981,-73.766889,210.9,ad4bcb,N956JT,A321,AIRBUS A-321,0
takeoff,LGA,31,1784131547.29,2026-07-15T16:05:47Z,40.772449,-73.85791,303.8,ad7ece,N969NN,B738,BOEING 737-800,0
landing,LGA,22,1784131554.44,2026-07-15T16:05:54Z,40.774658,-73.879532,208.1,a1e1d8,N220JQ,E75L,EMBRAER ERJ-170-200 (long wing),0
takeoff,JFK,22R,1784131620.38,2026-07-15T16:07:00Z,40.648991,-73.764526,213.8,a00ce0,N102HQ,E75L,EMBRAER ERJ-170-200 (long wing),0
landing,LGA,22,1784131644.39,2026-07-15T16:07:24Z,40.777164,-73.877548,210.9,a3ad6d,N336PQ,CRJ9,BOMBARDIER Regional Jet CRJ-900,0
landing,JFK,22L,1784131697.28,2026-07-15T16:08:17Z,40.63553,-73.762457,210.9,a690a8,N522DA,A21N,AIRBUS A-321neo,0
takeoff,JFK,22L,1784131697.28,2026-07-15T16:08:17Z,40.63553,-73.762457,210.9,a690a8,N522DA,A21N,AIRBUS A-321neo,0
landing,JFK,22L,1784131698.59,2026-07-15T16:08:18Z,40.635041,-73.762847,210.9,a690a8,N522DA,A21N,AIRBUS A-321neo,0
takeoff,JFK,22R,1784131704.03,2026-07-15T16:08:24Z,40.64583,-73.766998,213.8,a09cfe,N139DU,BCS1,AIRBUS A220-100,0
takeoff,JFK,22R,1784131764.7,2026-07-15T16:09:24Z,40.645038,-73.767607,210.9,89647c,A6-EUR,A388,AIRBUS A-380-800,0
landing,JFK,22L,1784131768.0,2026-07-15T16:09:28Z,40.632318,-73.764969,210.9,a16c3a,N191DN,B763,BOEING 767-300,0
takeoff,JFK,22L,1784131768.0,2026-07-15T16:09:28Z,40.632318,-73.764969,210.9,a16c3a,N191DN,B763,BOEING 767-300,0
landing,JFK,22L,1784131769.15,2026-07-15T16:09:29Z,40.631916,-73.765274,210.9,a16c3a,N191DN,B763,BOEING 767-300,0
landing,LGA,22,1784131858.51,2026-07-15T16:10:58Z,40.777863,-73.876953,213.8,a359c2,N315DU,BCS3,AIRBUS A220-300,0
landing,JFK,22L,1784131880.51,2026-07-15T16:11:20Z,40.635567,-73.762436,210.9,a37fb0,N3241J,BCS3,AIRBUS A220-300,0
takeoff,LGA,31,1784131960.44,2026-07-15T16:12:40Z,40.772289,-73.85762,306.6,abd254,N8608N,B738,BOEING 737-800,0
landing,JFK,22L,1784131961.44,2026-07-15T16:12:41Z,40.636997,-73.761322,210.9,acc040,N920XJ,CRJ9,BOMBARDIER Regional Jet CRJ-900,0
landing,LGA,22,1784131963.65,2026-07-15T16:12:43Z,40.774372,-73.879779,202.5,a8996b,N653RW,E170,EMBRAER ERJ-170-100,0
takeoff,JFK,22R,1784131990.06,2026-07-15T16:13:10Z,40.649007,-73.764517,210.9,a20957,N230JQ,E75L,EMBRAER ERJ-170-200 (long wing),0
landing,JFK,22L,1784132043.56,2026-07-15T16:14:03Z,40.633249,-73.764532,230.6,a19a48,N202JQ,E75L,EMBRAER ERJ-170-200 (long wing),0
takeoff,JFK,22R,1784132114.26,2026-07-15T16:15:14Z,40.646493,-73.766467,210.9,a3428e,N309UL,B38M,,0
takeoff,LGA,31,1784132137.9,2026-07-15T16:15:37Z,40.772232,-73.857437,323.4,abdf3f,N864RW,E170,EMBRAER ERJ-170-100,0
takeoff,JFK,22R,1784132227.71,2026-07-15T16:17:07Z,40.646152,-73.766739,210.9,a83108,N627JB,A320,AIRBUS A-320,0
landing,JFK,22L,1784132358.59,2026-07-15T16:19:18Z,40.633214,-73.764267,210.9,ac583f,N895DN,B739,BOEING 737-900,0
landing,LGA,22,1784132382.35,2026-07-15T16:19:42Z,40.774841,-73.879425,210.9,a2348d,N241JQ,E75L,EMBRAER ERJ-170-200 (long wing),0
landing,LGA,22,1784132472.75,2026-07-15T16:21:12Z,40.774535,-73.879639,208.1,a046f2,N117HQ,E75L,EMBRAER ERJ-170-200 (long wing),0
takeoff,JFK,22R,1784132492.9,2026-07-15T16:21:32Z,40.646924,-73.76614,210.9,a35af8,N315SD,B38M,BOEING 737 MAX 8,0
takeoff,LGA,22,1784132493.06,2026-07-15T16:21:33Z,40.776043,-73.880844,255.9,aa3fc2,N76FX,S76,SIKORSKY S-76 Spirit,0
takeoff,LGA,31,1784132532.71,2026-07-15T16:22:12Z,40.772347,-73.857666,303.8,adc531,N987AM,A321,AIRBUS A-321,0
landing,LGA,22,1784132539.54,2026-07-15T16:22:19Z,40.775687,-73.878734,210.9,c05d56,C-GJIZ,CRJ9,BOMBARDIER Regional Jet CRJ-900,0
landing,JFK,22L,1784132548.65,2026-07-15T16:22:28Z,40.634434,-73.763336,210.9,a32bba,N303NY,A21N,AIRBUS A-321neo,0
landing,JFK,22L,1784132646.76,2026-07-15T16:24:06Z,40.633726,-73.763892,210.9,3965a3,F-GZND,B77W,BOEING 777-300ER,0
takeoff,LGA,31,1784132659.03,2026-07-15T16:24:19Z,40.772346,-73.85762,303.8,a042d5,N116DN,A321,AIRBUS A-321,0
landing,LGA,22,1784132681.89,2026-07-15T16:24:41Z,40.771935,-73.881851,213.8,a50192,N421YX,E75L,EMBRAER ERJ-170-200 (long wing),0
takeoff,JFK,22R,1784132695.28,2026-07-15T16:24:55Z,40.646458,-73.766499,213.8,a39723,N330PQ,CRJ9,BOMBARDIER Regional Jet CRJ-900,0
landing,LGA,22,1784132766.74,2026-07-15T16:26:06Z,40.774477,-73.879655,208.1,abd41a,N861RW,E170,EMBRAER ERJ-170-100,0
landing,JFK,22R,1784132780.78,2026-07-15T16:26:20Z,40.632866,-73.77713,210.9,a5e3e4,N479PX,CRJ9,BOMBARDIER Regional Jet CRJ-900,0
landing,JFK,22L,1784132807.49,2026-07-15T16:26:47Z,40.633528,-73.76408,210.9,ace5bc,N930AU,A321,AIRBUS A-321,0
landing,LGA,22,1784132821.41,2026-07-15T16:27:01Z,40.774761,-73.879517,213.8,a5cc11,N47280,B38M,BOEING 737 MAX 8,0
landing,JFK,22L,1784132883.7,2026-07-15T16:28:03Z,40.633284,-73.76422,210.9,a4d483,N410DZ,A339,AIRBUS A-330-900,0
landing,LGA,22,1784132922.38,2026-07-15T16:28:42Z,40.779993,-73.875269,210.9,c05f01,C-GJZK,DH8D,DE HAVILLAND DHC-8-400 Dash 8,0
takeoff,LGA,31,1784132941.54,2026-07-15T16:29:01Z,40.774075,-73.861313,298.1,a3183d,N299PQ,CRJ9,BOMBARDIER Regional Jet CRJ-900,0
landing,JFK,22R,1784132956.69,2026-07-15T16:29:16Z,40.632132,-73.777641,210.9,a35592,N3139J,BCS3,AIRBUS A220-300,0
takeoff,LGA,31,1784133010.33,2026-07-15T16:30:10Z,40.772449,-73.85788,300.9,a03f84,N115HQ,E75L,EMBRAER ERJ-170-200 (long wing),0
landing,JFK,22L,1784133029.14,2026-07-15T16:30:29Z,40.632993,-73.764485,210.9,a37389,N321RL,B38M,BOEING 737 MAX 8,0
landing,LGA,22,1784133076.35,2026-07-15T16:31:16Z,40.777897,-73.876938,213.8,a00c7a,N102DN,A321,AIRBUS A-321,0
takeoff,LGA,31,1784133078.17,2026-07-15T16:31:18Z,40.772382,-73.857744,303.8,ab7394,N837NN,B738,BOEING 737-800,0
takeoff,JFK,22R,1784133085.99,2026-07-15T16:31:25Z,40.646249,-73.76667,210.9,71c362,HL8362,A359,AIRBUS A-350-900,0
landing,JFK,22L,1784133142.46,2026-07-15T16:32:22Z,40.635774,-73.762269,213.8,ab355c,N821JB,A320,AIRBUS A-320,0
landing,LGA,22,1784133178.8,2026-07-15T16:32:58Z,40.775617,-73.878812,213.8,ab6c26,N835NN,B738,BOEING 737-800,0
takeoff,LGA,31,1784133185.18,2026-07-15T16:33:05Z,40.77258,-73.858166,303.8,a4463e,N3749D,B738,BOEING 737-800,0
takeoff,JFK,22R,1784133234.46,2026-07-15T16:33:54Z,40.646633,-73.766373,213.8,a1a832,N2059J,A21N,AIRBUS A-321neo,0
landing,JFK,22L,1784133249.56,2026-07-15T16:34:09Z,40.634273,-73.763455,210.9,780204,B-KPD,B77W,BOEING 777-300ER,0
landing,LGA,22,1784133355.0,2026-07-15T16:35:55Z,40.775688,-73.878754,213.8,a0634c,N124HQ,E75L,EMBRAER ERJ-170-200 (long wing),0
takeoff,LGA,31,1784133357.34,2026-07-15T16:35:57Z,40.772335,-73.857666,300.9,a12755,N17346,B38M,BOEING 737 MAX 8,0
takeoff,JFK,22R,1784133389.78,2026-07-15T16:36:29Z,40.645226,-73.767471,212.4,020121,CN-RGS,B788,BOEING 787-8 Dreamliner,0
landing,JFK,22L,1784133415.0,2026-07-15T16:36:55Z,40.634193,-73.763519,210.9,ab48cc,N826SY,B738,BOEING 737-800,0
landing,LGA,22,1784133427.7,2026-07-15T16:37:07Z,40.777164,-73.877533,213.8,a3ac77,N336DU,BCS3,AIRBUS A220-300,0
takeoff,LGA,31,1784133428.01,2026-07-15T16:37:08Z,40.772335,-73.857635,303.8,a3b124,N337PQ,CRJ9,BOMBARDIER Regional Jet CRJ-900,0
takeoff,LGA,31,1784133506.63,2026-07-15T16:38:26Z,40.7723,-73.857604,303.8,a04e60,N119HQ,E75L,EMBRAER ERJ-170-200 (long wing),0
landing,JFK,22L,1784133515.17,2026-07-15T16:38:35Z,40.635344,-73.762613,210.9,4006c0,G-VIIN,B772,BOEING 777-200,0
landing,JFK,22L,1784133515.66,2026-07-15T16:38:35Z,40.635204,-73.762722,210.9,4006c0,G-VIIN,B772,BOEING 777-200,0
landing,JFK,22L,1784133516.97,2026-07-15T16:38:36Z,40.63468,-73.763128,210.9,4006c0,G-VIIN,B772,BOEING 777-200,0
takeoff,JFK,22R,1784133557.58,2026-07-15T16:39:17Z,40.646225,-73.766701,213.8,a433d1,N370AF,PC12,,0
landing,LGA,22,1784133582.41,2026-07-15T16:39:42Z,40.776329,-73.87825,210.9,a239e0,N24202,B738,BOEING 737-800,0
landing,JFK,22L,1784133670.71,2026-07-15T16:41:10Z,40.634785,-73.763034,210.9,a057c7,N121DU,BCS1,AIRBUS A220-100,0
takeoff,LGA,31,1784133730.01,2026-07-15T16:42:10Z,40.772346,-73.857712,300.9,a36994,N319PQ,CRJ9,BOMBARDIER Regional Jet CRJ-900,0
takeoff,JFK,22R,1784133741.27,2026-07-15T16:42:21Z,40.646155,-73.766748,210.9,a40797,N359PX,B738,BOEING 737-800,0
landing,JFK,22L,1784133760.28,2026-07-15T16:42:40Z,40.635979,-73.762115,210.9,acab54,N915XJ,CRJ9,BOMBARDIER Regional Jet CRJ-900,0
landing,LGA,22,1784133769.67,2026-07-15T16:42:49Z,40.777572,-73.877189,213.8,a33339,N305PQ,CRJ9,BOMBARDIER Regional Jet CRJ-900,0
takeoff,JFK,22R,1784133806.7,2026-07-15T16:43:26Z,40.646404,-73.766556,210.9,a14c70,N183GJ,CRJ9,BOMBARDIER Regional Jet CRJ-900,0
takeoff,LGA,31,1784133851.05,2026-07-15T16:44:11Z,40.772393,-73.857791,303.8,a441ef,N37342,B38M,BOEING 737 MAX 8,0
takeoff,JFK,22R,1784133873.19,2026-07-15T16:44:33Z,40.645844,-73.766998,213.8,a36fff,N320TF,B38M,BOEING 737 MAX 8,0
takeoff,LGA,31,1784133963.83,2026-07-15T16:46:03Z,40.772335,-73.857666,300.9,a33aa7,N307PQ,CRJ9,BOMBARDIER Regional Jet CRJ-900,0
landing,JFK,22L,1784134011.88,2026-07-15T16:46:51Z,40.632969,-73.764481,210.9,a124b5,N173DZ,B763,BOEING 767-300,0
landing,LGA,22,1784134106.36,2026-07-15T16:48:26Z,40.776758,-73.877876,213.8,a30d18,N296PQ,CRJ9,BOMBARDIER Regional Jet CRJ-900,0
takeoff,LGA,31,1784134108.79,2026-07-15T16:48:28Z,40.772243,-73.857483,303.8,abd7d1,N862RW,E170,EMBRAER ERJ-170-100,0
landing,JFK,22L,1784134109.31,2026-07-15T16:48:29Z,40.633884,-73.763748,210.9,ab048d,N809NW,A333,AIRBUS A-330-300,0
takeoff,LGA,31,1784134190.85,2026-07-15T16:49:50Z,40.772358,-73.857727,300.9,a36fa4,N320PQ,CRJ9,BOMBARDIER Regional Jet CRJ-900,0
landing,LGA,22,1784134203.06,2026-07-15T16:50:03Z,40.773848,-73.880279,210.9,ac8efa,N908XJ,CRJ9,BOMBARDIER Regional Jet CRJ-900,0
takeoff,JFK,22R,1784134214.93,2026-07-15T16:50:14Z,40.645341,-73.767372,210.9,a924fc,N689DL,B752,BOEING 757-200,0
landing,JFK,22L,1784134268.62,2026-07-15T16:51:08Z,40.635646,-73.762363,210.9,a3401a,N3085J,BCS3,AIRBUS A220-300,0
landing,LGA,22,1784134274.42,2026-07-15T16:51:14Z,40.776804,-73.877829,213.8,a3e011,N349PQ,CRJ9,BOMBARDIER Regional Jet CRJ-900,0
takeoff,JFK,22R,1784134329.81,2026-07-15T16:52:09Z,40.649151,-73.764389,210.9,adccc6,N989CA,P212,TECNAM P-2012 Traveller,0
landing,JFK,22L,1784134355.07,2026-07-15T16:52:35Z,40.632191,-73.76506,210.9,a36b50,N3195J,BCS3,,0
landing,LGA,22,1784134359.1,2026-07-15T16:52:39Z,40.776752,-73.877884,213.8,a742ec,N567WN,B737,BOEING 737-700,0
landing,LGA,22,1784134448.26,2026-07-15T16:54:08Z,40.776606,-73.878,213.8,a14502,N181GJ,CRJ9,BOMBARDIER Regional Jet CRJ-900,0
landing,JFK,22L,1784134449.75,2026-07-15T16:54:09Z,40.634878,-73.762987,210.9,acb679,N918XJ,CRJ9,BOMBARDIER Regional Jet CRJ-900,0
takeoff,LGA,31,1784134504.31,2026-07-15T16:55:04Z,40.772243,-73.857483,300.9,a1e1d8,N220JQ,E75L,EMBRAER ERJ-170-200 (long wing),0
takeoff,JFK,22R,1784134520.71,2026-07-15T16:55:20Z,40.647052,-73.766046,210.9,a6bfa6,N534DT,A21N,AIRBUS A-321neo,0
landing,JFK,22L,1784134538.99,2026-07-15T16:55:38Z,40.633144,-73.764329,210.9,a8021b,N615JB,A320,AIRBUS A-320,0
landing,LGA,22,1784134539.6,2026-07-15T16:55:39Z,40.777657,-73.877136,213.8,a091f3,N136EV,CRJ9,BOMBARDIER Regional Jet CRJ-900,0
takeoff,JFK,22R,1784134587.67,2026-07-15T16:56:27Z,40.647447,-73.765765,210.9,71c044,HL8044,B77L,BOEING 777-200LR,0
landing,JFK,22L,1784134615.39,2026-07-15T16:56:55Z,40.636112,-73.762004,213.8,a61173,N490PX,CRJ9,BOMBARDIER Regional Jet CRJ-900,0
takeoff,JFK,22L,1784134615.39,2026-07-15T16:56:55Z,40.636112,-73.762004,213.8,a61173,N490PX,CRJ9,BOMBARDIER Regional Jet CRJ-900,0
landing,LGA,22,1784134615.58,2026-07-15T16:56:55Z,40.776141,-73.878375,213.8,ac4210,N8893L,B38M,BOEING 737 MAX 8,0
landing,JFK,22L,1784134616.4,2026-07-15T16:56:56Z,40.635786,-73.762269,213.8,a61173,N490PX,CRJ9,BOMBARDIER Regional Jet CRJ-900,0
takeoff,JFK,22R,1784134719.24,2026-07-15T16:58:39Z,40.646656,-73.766343,210.9,ab6162,N832SK,CRJ9,BOMBARDIER Regional Jet CRJ-900,0
landing,LGA,22,1784134790.97,2026-07-15T16:59:50Z,40.771877,-73.881866,213.8,a21bea,N235JQ,E75L,EMBRAER ERJ-170-200 (long wing),0
takeoff,LGA,31,1784134810.5,2026-07-15T17:00:10Z,40.772289,-73.857544,300.9,a0433b,N116HQ,E75L,EMBRAER ERJ-170-200 (long wing),0
landing,LGA,22,1784134835.37,2026-07-15T17:00:35Z,40.777405,-73.877335,210.9,a45b96,N380DA,B738,BOEING 737-800,0
takeoff,JFK,22R,1784134863.01,2026-07-15T17:01:03Z,40.646423,-73.76653,210.9,aa1f2f,N751QS,CL35,BOMBARDIER BD-100 Challenger 350,0
takeoff,LGA,31,1784134918.47,2026-07-15T17:01:58Z,40.772254,-73.857526,306.6,ada699,N979RP,E170,EMBRAER ERJ-170-100,0
landing,LGA,22,1784134931.19,2026-07-15T17:02:11Z,40.774933,-73.879364,213.8,a5106e,N425YX,E75L,EMBRAER ERJ-170-200 (long wing),0
landing,JFK,22L,1784134935.32,2026-07-15T17:02:15Z,40.634657,-73.763128,210.9,4cae80,EI-TYA,A339,AIRBUS A-330-900,0
takeoff,JFK,22L,1784134935.32,2026-07-15T17:02:15Z,40.634657,-73.763128,210.9,4cae80,EI-TYA,A339,AIRBUS A-330-900,0
landing,JFK,22L,1784134936.13,2026-07-15T17:02:16Z,40.634366,-73.763362,210.9,4cae80,EI-TYA,A339,AIRBUS A-330-900,0
takeoff,JFK,22R,1784134957.68,2026-07-15T17:02:37Z,40.645477,-73.767258,213.8,a38836,N3269J,BCS3,AIRBUS A220-300,0
landing,JFK,22L,1784135057.76,2026-07-15T17:04:17Z,40.634365,-73.763351,210.9,a6c3ca,N535JB,A320,AIRBUS A-320,0
takeoff,JFK,22R,1784135068.38,2026-07-15T17:04:28Z,40.645864,-73.766967,210.9,a39e6b,N332NB,A319,AIRBUS A-319,0
takeoff,LGA,31,1784135076.08,2026-07-15T17:04:36Z,40.772232,-73.857452,300.9,ab0a73,N810MD,E170,EMBRAER ERJ-170-100,0
landing,LGA,22,1784135093.82,2026-07-15T17:04:53Z,40.773891,-73.880066,182.8,ab282b,N818MD,E170,EMBRAER ERJ-170-100,0
takeoff,LGA,31,1784135180.5,2026-07-15T17:06:20Z,40.772487,-73.857963,298.1,a148b9,N182GJ,CRJ9,BOMBARDIER Regional Jet CRJ-900,0
landing,LGA,22,1784135183.94,2026-07-15T17:06:23Z,40.774017,-73.879852,194.1,a8a490,N656RW,E170,EMBRAER ERJ-170-100,0
landing,JFK,22L,1784135233.17,2026-07-15T17:07:13Z,40.634308,-73.763428,210.9,abc91f,N859DN,B739,BOEING 737-900,0
landing,LGA,22,1784135281.7,2026-07-15T17:08:01Z,40.777256,-73.877441,210.9,a08317,N132EV,CRJ9,BOMBARDIER Regional Jet CRJ-900,0
takeoff,JFK,22R,1784135321.35,2026-07-15T17:08:41Z,40.645096,-73.767575,210.9,801600,VT-JRE,A359,AIRBUS A-350-900,0
takeoff,LGA,31,1784135356.6,2026-07-15T17:09:16Z,40.772266,-73.857513,300.9,a1a924,N206JQ,E75L,EMBRAER ERJ-170-200 (long wing),0
landing,LGA,22,1784135424.03,2026-07-15T17:10:24Z,40.778096,-73.876736,213.8,c03cf4,C-FXCD,A320,AIRBUS A-320,0
landing,JFK,22L,1784135440.14,2026-07-15T17:10:40Z,40.631619,-73.7655,213.8,a38439,N3257J,BCS3,,0
takeoff,JFK,22R,1784135442.76,2026-07-15T17:10:42Z,40.646795,-73.766264,210.9,a7a89d,N593AS,B738,BOEING 737-800,0
takeoff,LGA,31,1784135453.16,2026-07-15T17:10:53Z,40.773138,-73.859367,303.8,a364e7,N318DU,BCS3,,0
landing,LGA,22,1784135517.74,2026-07-15T17:11:57Z,40.774944,-73.879349,210.9,a05f95,N123HQ,E75L,EMBRAER ERJ-170-200 (long wing),0
takeoff,JFK,22R,1784135520.22,2026-07-15T17:12:00Z,40.64637,-73.766571,210.9,ad734a,N966JT,A321,AIRBUS A-321,0
takeoff,LGA,31,1784135534.37,2026-07-15T17:12:14Z,40.774058,-73.861271,303.8,ac696c,N8992L,B38M,BOEING 737 MAX 8,0
landing,JFK,22L,1784135563.51,2026-07-15T17:12:43Z,40.634983,-73.762894,210.9,ac801e,N904XJ,CRJ9,BOMBARDIER Regional Jet CRJ-900,0
takeoff,JFK,22R,1784135576.67,2026-07-15T17:12:56Z,40.648888,-73.764587,210.9,a09239,N136HQ,E75L,EMBRAER ERJ-170-200 (long wing),0
landing,LGA,22,1784135588.78,2026-07-15T17:13:08Z,40.775139,-73.879181,213.8,a3b529,N338ST,B38M,BOEING 737 MAX 8,0
takeoff,JFK,22R,1784135636.17,2026-07-15T17:13:56Z,40.649025,-73.764496,213.8,a06703,N125HQ,E75L,EMBRAER ERJ-170-200 (long wing),0
landing,JFK,22L,1784135645.18,2026-07-15T17:14:05Z,40.633976,-73.763687,210.9,a5fc87,N485PX,CRJ9,BOMBARDIER Regional Jet CRJ-900,0
landing,LGA,22,1784135652.65,2026-07-15T17:14:12Z,40.775873,-73.878593,213.8,ac5efa,N8967Q,B38M,BOEING 737 MAX 8,0
takeoff,LGA,31,1784135670.82,2026-07-15T17:14:30Z,40.774093,-73.861365,300.9,a05f37,N123DW,A321,AIRBUS A-321,0
landing,JFK,22L,1784135716.7,2026-07-15T17:15:16Z,40.635567,-73.762421,210.9,aac71d,N794CK,B77L,BOEING 777-200LR,0
landing,LGA,22,1784135755.77,2026-07-15T17:15:55Z,40.776304,-73.878235,213.8,a153de,N185GJ,CRJ9,BOMBARDIER Regional Jet CRJ-900,0
takeoff,JFK,22R,1784135771.73,2026-07-15T17:16:11Z,40.647994,-73.765297,210.9,a801de,N615FR,A21N,AIRBUS A-321neo,0
takeoff,LGA,31,1784135809.1,2026-07-15T17:16:49Z,40.772463,-73.857963,303.8,a1ff90,N228JQ,E75L,EMBRAER ERJ-170-200 (long wing),0
landing,LGA,22,1784135811.94,2026-07-15T17:16:51Z,40.774744,-73.879514,210.9,a3eeb0,N35204,B738,BOEING 737-800,0
takeoff,JFK,22R,1784135853.57,2026-07-15T17:17:33Z,40.64491,-73.7677,210.9,7802fd,B-2422,B744,BOEING 747-400,0
takeoff,LGA,31,1784135889.25,2026-07-15T17:18:09Z,40.772207,-73.857417,303.8,c05d56,C-GJIZ,CRJ9,BOMBARDIER Regional Jet CRJ-900,0
landing,LGA,22,1784135891.21,2026-07-15T17:18:11Z,40.776769,-73.87786,213.8,a04dfa,N119DN,A321,AIRBUS A-321,0
landing,JFK,22L,1784135919.07,2026-07-15T17:18:39Z,40.634866,-73.762987,210.9,4ca74e,EI-EAV,A333,AIRBUS A-330-300,0
landing,LGA,22,1784135978.35,2026-07-15T17:19:38Z,40.776581,-73.878021,208.1,a8f235,N676CA,CRJ9,BOMBARDIER Regional Jet CRJ-900,0
takeoff,LGA,31,1784135982.99,2026-07-15T17:19:42Z,40.77261,-73.858231,300.9,a3776f,N322TH,B38M,BOEING 737 MAX 8,0
takeoff,JFK,22R,1784136002.52,2026-07-15T17:20:02Z,40.646179,-73.766733,210.9,adbe91,N985JT,A321,AIRBUS A-321,0
landing,JFK,22L,1784136043.31,2026-07-15T17:20:43Z,40.63559,-73.762405,210.9,ad3cdf,N952JB,A321,AIRBUS A-321,0
landing,LGA,22,1784136090.07,2026-07-15T17:21:30Z,40.777805,-73.877017,213.8,a2f6e9,N290QS,E545,EMBRAER EMB545 Praetor 500,0
takeoff,LGA,31,1784136127.99,2026-07-15T17:22:07Z,40.772369,-73.857742,303.8,a09188,N136AN,A321,AIRBUS A-321,0
landing,JFK,22L,1784136157.67,2026-07-15T17:22:37Z,40.63979,-73.75914,210.9,0d1033,XA-VPA,E545,EMBRAER EMB545 Praetor 500,0
landing,LGA,22,1784136226.18,2026-07-15T17:23:46Z,40.774246,-73.879807,196.9,a23844,N242JQ,E75L,EMBRAER ERJ-170-200 (long wing),0
landing,JFK,22L,1784136230.59,2026-07-15T17:23:50Z,40.633167,-73.764298,210.9,a15b05,N187DN,B763,BOEING 767-300,0
takeoff,LGA,31,1784136267.74,2026-07-15T17:24:27Z,40.772265,-73.85751,300.9,a4f414,N418YX,E75L,EMBRAER ERJ-170-200 (long wing),0
landing,LGA,22,1784136300.06,2026-07-15T17:25:00Z,40.774267,-73.879857,199.7,a2147c,N233JQ,E75L,EMBRAER ERJ-170-200 (long wing),0
landing,LGA,22,1784136359.93,2026-07-15T17:25:59Z,40.776711,-73.877891,213.8,a8222c,N623JB,A320,AIRBUS A-320,0
landing,JFK,22L,1784136375.72,2026-07-15T17:26:15Z,40.629856,-73.767624,233.4,a51425,N426YX,E75L,EMBRAER ERJ-170-200 (long wing),0
landing,JFK,22L,1784136423.1,2026-07-15T17:27:03Z,40.6348,-73.763046,210.9,acba30,N919XJ,CRJ9,BOMBARDIER Regional Jet CRJ-900,0
landing,LGA,22,1784136442.75,2026-07-15T17:27:22Z,40.773732,-73.880372,213.8,a4e8ef,N415YX,E75L,EMBRAER ERJ-170-200 (long wing),0
takeoff,LGA,22,1784136442.75,2026-07-15T17:27:22Z,40.773732,-73.880372,213.8,a4e8ef,N415YX,E75L,EMBRAER ERJ-170-200 (long wing),0
landing,LGA,22,1784136457.04,2026-07-15T17:27:37Z,40.771497,-73.882214,210.9,a4e8ef,N415YX,E75L,EMBRAER ERJ-170-200 (long wing),0
landing,JFK,22L,1784136490.68,2026-07-15T17:28:10Z,40.634494,-73.763268,210.9,4b187f,HB-JHF,A333,AIRBUS A-330-300,0
landing,LGA,22,1784136504.77,2026-07-15T17:28:24Z,40.774166,-73.880035,210.9,a008c5,N101DQ,A321,AIRBUS A-321,0
landing,JFK,22R,1784136532.22,2026-07-15T17:28:52Z,40.63269,-73.777282,210.9,a779eb,N581DA,A21N,,0
takeoff,LGA,31,1784136552.17,2026-07-15T17:29:12Z,40.772324,-73.857635,300.9,abd41a,N861RW,E170,EMBRAER ERJ-170-100,0
landing,JFK,22L,1784136601.19,2026-07-15T17:30:01Z,40.635029,-73.762878,210.9,a13af4,N179DN,B763,BOEING 767-300,0
landing,LGA,22,1784136604.1,2026-07-15T17:30:04Z,40.774406,-73.879745,205.3,ab40ce,N824MD,E170,EMBRAER ERJ-170-100,0
landing,JFK,22R,1784136652.91,2026-07-15T17:30:52Z,40.63139,-73.77829,210.9,a099a7,N138HQ,E75L,EMBRAER ERJ-170-200 (long wing),0
landing,LGA,22,1784136678.41,2026-07-15T17:31:18Z,40.774372,-73.879764,205.3,a1f0b4,N224JQ,E75L,EMBRAER ERJ-170-200 (long wing),0
landing,JFK,22L,1784136698.8,2026-07-15T17:31:38Z,40.634789,-73.763077,210.9,a4c703,N407DX,A339,AIRBUS A-330-900,0
takeoff,JFK,22R,1784136743.87,2026-07-15T17:32:23Z,40.649105,-73.76442,210.9,a19a48,N202JQ,E75L,EMBRAER ERJ-170-200 (long wing),0
landing,LGA,22,1784136777.3,2026-07-15T17:32:57Z,40.776043,-73.878464,208.1,a7d725,N604LR,CRJ9,BOMBARDIER Regional Jet CRJ-900,0
landing,JFK,22L,1784136827.21,2026-07-15T17:33:47Z,40.632399,-73.764907,213.8,0c20de,HP-9903CMP,B39M,BOEING 737 MAX 9,0
landing,LGA,22,1784136844.84,2026-07-15T17:34:04Z,40.776924,-73.877731,213.8,a37265,N321DU,BCS3,AIRBUS A220-300,0
takeoff,LGA,22,1784136844.84,2026-07-15T17:34:04Z,40.776924,-73.877731,213.8,a37265,N321DU,BCS3,AIRBUS A220-300,0
landing,LGA,22,1784136846.1,2026-07-15T17:34:06Z,40.776665,-73.877938,213.8,a37265,N321DU,BCS3,AIRBUS A220-300,0
landing,JFK,22L,1784136900.89,2026-07-15T17:35:00Z,40.632783,-73.764626,210.9,a14104,N180DN,B763,BOEING 767-300,0
landing,LGA,22,1784136935.7,2026-07-15T17:35:35Z,40.7777,-73.877095,213.8,a2e28f,N285WN,B737,BOEING 737-700,0
landing,JFK,22R,1784136944.23,2026-07-15T17:35:44Z,40.632527,-73.777407,210.9,abc2e5,N857RW,E170,EMBRAER ERJ-170-100,0
landing,JFK,22L,1784136994.27,2026-07-15T17:36:34Z,40.635624,-73.76239,213.8,a6152a,N491PX,CRJ9,BOMBARDIER Regional Jet CRJ-900,0
landing,LGA,22,1784137013.67,2026-07-15T17:36:53Z,40.777398,-73.877329,213.8,a0b820,N14533,A21N,AIRBUS A-321neo,0
takeoff,JFK,22R,1784137046.02,2026-07-15T17:37:26Z,40.64764,-73.765579,210.9,8990a4,B-18772,B77L,BOEING 777-200LR,0
landing,JFK,22L,1784137072.4,2026-07-15T17:37:52Z,40.634136,-73.76355,210.9,4caeb3,EI-TYD,A339,AIRBUS A-330-900,0
takeoff,LGA,31,1784137095.57,2026-07-15T17:38:15Z,40.772346,-73.857681,295.3,a3ad6d,N336PQ,CRJ9,BOMBARDIER Regional Jet CRJ-900,0
landing,LGA,22,1784137105.38,2026-07-15T17:38:25Z,40.771486,-73.882214,208.1,a54cd9,N440YX,E75L,EMBRAER ERJ-170-200 (long wing),0
landing,LGA,22,1784137145.17,2026-07-15T17:39:05Z,40.774733,-73.87953,213.8,a445f8,N3747D,B738,BOEING 737-800,0
takeoff,JFK,22R,1784137152.3,2026-07-15T17:39:12Z,40.646587,-73.766403,210.9,acc040,N920XJ,CRJ9,BOMBARDIER Regional Jet CRJ-900,0
landing,JFK,22L,1784137226.27,2026-07-15T17:40:26Z,40.634843,-73.762972,208.1,acaf0b,N916XJ,CRJ9,BOMBARDIER Regional Jet CRJ-900,0
landing,LGA,22,1784137229.46,2026-07-15T17:40:29Z,40.778744,-73.876251,210.9,a03038,N111DC,A321,AIRBUS A-321,0
takeoff,LGA,31,1784137230.96,2026-07-15T17:40:30Z,40.772232,-73.857437,303.8,a0634c,N124HQ,E75L,EMBRAER ERJ-170-200 (long wing),0
landing,JFK,22R,1784137252.55,2026-07-15T17:40:52Z,40.633412,-73.776689,210.9,a1dab3,N2188J,A21N,AIRBUS A-321neo,0
landing,JFK,22L,1784137288.4,2026-07-15T17:41:28Z,40.633586,-73.76397,210.9,abf6ae,N870DN,B739,BOEING 737-900,0
landing,LGA,22,1784137306.97,2026-07-15T17:41:46Z,40.776249,-73.878265,213.8,a1427f,N180US,A321,AIRBUS A-321,0
landing,JFK,22R,1784137345.5,2026-07-15T17:42:25Z,40.633942,-73.776276,210.9,a0232a,N108HQ,E75L,EMBRAER ERJ-170-200 (long wing),0
landing,JFK,22L,1784137371.43,2026-07-15T17:42:51Z,40.634448,-73.763315,210.9,3c6517,D-AIHW,A346,AIRBUS A-340-600,0
landing,LGA,22,1784137396.54,2026-07-15T17:43:16Z,40.773464,-73.880607,213.8,ad1c67,N944DZ,B739,,0
takeoff,LGA,31,1784137396.58,2026-07-15T17:43:16Z,40.772484,-73.858002,303.8,a239e0,N24202,B738,BOEING 737-800,0
landing,JFK,22R,1784137443.87,2026-07-15T17:44:03Z,40.633461,-73.776672,213.8,a3311b,N3044J,BCS3,AIRBUS A220-300,0
landing,JFK,22L,1784137477.69,2026-07-15T17:44:37Z,40.636763,-73.761474,210.9,aafd1f,N807NW,A333,AIRBUS A-330-300,0
landing,LGA,22,1784137494.69,2026-07-15T17:44:54Z,40.774212,-73.879929,202.5,a05470,N120HQ,E75L,EMBRAER ERJ-170-200 (long wing),0
takeoff,JFK,22R,1784137551.85,2026-07-15T17:45:51Z,40.646493,-73.766483,210.9,ac583f,N895DN,B739,BOEING 737-900,0
landing,LGA,22,1784137572.05,2026-07-15T17:46:12Z,40.775768,-73.878687,213.8,ac83d5,N905XJ,CRJ9,BOMBARDIER Regional Jet CRJ-900,0
landing,JFK,22L,1784137623.04,2026-07-15T17:47:03Z,40.635086,-73.762817,210.9,a6709b,N514DE,A21N,AIRBUS A-321neo,0
landing,JFK,22R,1784137648.57,2026-07-15T17:47:28Z,40.632271,-73.777579,210.9,a35aae,N315PE,B738,BOEING 737-800,0
landing,LGA,22,1784137668.03,2026-07-15T17:47:48Z,40.774979,-73.879318,213.8,a89d22,N654RW,E170,EMBRAER ERJ-170-100,0
landing,JFK,22L,1784137696.96,2026-07-15T17:48:16Z,40.636288,-73.761887,210.9,a11380,N169DZ,B763,BOEING 767-300,0
takeoff,JFK,22L,1784137696.96,2026-07-15T17:48:16Z,40.636288,-73.761887,210.9,a11380,N169DZ,B763,BOEING 767-300,0
landing,JFK,22L,1784137697.94,2026-07-15T17:48:17Z,40.63591,-73.762192,210.9,a11380,N169DZ,B763,BOEING 767-300,0
takeoff,JFK,22R,1784137736.42,2026-07-15T17:48:56Z,40.646702,-73.766327,210.9,010283,SU-GGE,A359,AIRBUS A-350-900,0
landing,LGA,22,1784137756.94,2026-07-15T17:49:16Z,40.77464,-73.879592,210.9,abdb88,N863RW,E170,EMBRAER ERJ-170-100,0
landing,JFK,22L,1784137809.23,2026-07-15T17:50:09Z,40.634331,-73.763409,210.9,ace5bd,N930AV,A20N,AIRBUS A-320neo,0
landing,LGA,22,1784137813.91,2026-07-15T17:50:13Z,40.775012,-73.879311,213.8,a4462e,N3748Y,B738,BOEING 737-800,0
takeoff,JFK,22R,1784137817.13,2026-07-15T17:50:17Z,40.645889,-73.766937,209.6,47c968,LN-LNO,B789,BOEING 787-9 Dreamliner,0
takeoff,LGA,31,1784137818.46,2026-07-15T17:50:18Z,40.7723,-73.857604,306.6,a046f2,N117HQ,E75L,EMBRAER ERJ-170-200 (long wing),0
landing,JFK,22L,1784137886.34,2026-07-15T17:51:26Z,40.633541,-73.764008,212.4,ab6380,N833AA,B789,BOEING 787-9 Dreamliner,0
landing,LGA,22,1784137931.51,2026-07-15T17:52:11Z,40.774807,-73.879501,216.6,a4e181,N413YX,E75L,EMBRAER ERJ-170-200 (long wing),0
takeoff,JFK,22R,1784137969.07,2026-07-15T17:52:49Z,40.645899,-73.766936,210.9,841520,JA05WJ,A35K,AIRBUS A-350-1000,0
landing,JFK,22L,1784137997.51,2026-07-15T17:53:17Z,40.63512,-73.762802,210.9,a13748,N178DZ,B763,BOEING 767-300,0
takeoff,LGA,31,1784138014.53,2026-07-15T17:53:34Z,40.774155,-73.861481,300.9,a33339,N305PQ,CRJ9,BOMBARDIER Regional Jet CRJ-900,0
landing,LGA,22,1784138023.42,2026-07-15T17:53:43Z,40.771568,-73.882141,213.8,a24720,N246JQ,E75L,EMBRAER ERJ-170-200 (long wing),0
landing,JFK,22R,1784138080.77,2026-07-15T17:54:40Z,40.632027,-73.777797,213.8,a01f73,N107HQ,E75L,EMBRAER ERJ-170-200 (long wing),0
landing,JFK,22L,1784138083.31,2026-07-15T17:54:43Z,40.635216,-73.762722,213.8,ab6b45,N835DN,B739,BOEING 737-900,0
takeoff,LGA,31,1784138092.49,2026-07-15T17:54:52Z,40.772382,-73.85776,298.1,c05f01,C-GJZK,DH8D,DE HAVILLAND DHC-8-400 Dash 8,0
landing,LGA,22,1784138110.18,2026-07-15T17:55:10Z,40.77379,-73.880294,213.8,aa5657,N765YX,E75L,EMBRAER ERJ-170-200 (long wing),0
takeoff,LGA,22,1784138110.18,2026-07-15T17:55:10Z,40.77379,-73.880294,213.8,aa5657,N765YX,E75L,EMBRAER ERJ-170-200 (long wing),0
landing,LGA,22,1784138117.15,2026-07-15T17:55:17Z,40.772449,-73.881409,213.8,aa5657,N765YX,E75L,EMBRAER ERJ-170-200 (long wing),0
landing,JFK,22L,1784138162.76,2026-07-15T17:56:02Z,40.63575,-73.762329,210.9,ab8c19,N843MH,B764,BOEING 767-400,0
takeoff,JFK,22R,1784138164.89,2026-07-15T17:56:04Z,40.645935,-73.766907,210.9,a73a47,N565JB,A320,AIRBUS A-320,0
takeoff,LGA,31,1784138178.5,2026-07-15T17:56:18Z,40.772289,-73.85759,312.2,a091f3,N136EV,CRJ9,BOMBARDIER Regional Jet CRJ-900,0
landing,LGA,22,1784138182.44,2026-07-15T17:56:22Z,40.774512,-73.87967,208.1,a4e538,N414YX,E75L,EMBRAER ERJ-170-200 (long wing),0
landing,JFK,22L,1784138247.3,2026-07-15T17:57:27Z,40.636217,-73.761926,210.9,406832,G-VWAG,A333,AIRBUS A-330-300,0
takeoff,JFK,22R,1784138250.41,2026-07-15T17:57:30Z,40.64711,-73.765999,210.9,ad0d86,N940DU,B739,,0
landing,LGA,22,1784138255.17,2026-07-15T17:57:35Z,40.776581,-73.878006,213.8,a06a54,N126DN,A321,AIRBUS A-321,0
takeoff,JFK,22R,1784138330.4,2026-07-15T17:58:50Z,40.645108,-73.76756,210.9,a8b8ba,N661JB,A320,AIRBUS A-320,0
landing,LGA,22,1784138351.51,2026-07-15T17:59:11Z,40.777382,-73.87735,213.8,a1094c,N166PQ,CRJ9,BOMBARDIER Regional Jet CRJ-900,0
takeoff,JFK,22R,1784138398.77,2026-07-15T17:59:58Z,40.64637,-73.766556,210.9,4ba953,TC-JJS,B77W,BOEING 777-300ER,0
landing,LGA,22,1784138441.62,2026-07-15T18:00:41Z,40.776886,-73.877735,213.8,a0fbfa,N16234,B738,BOEING 737-800,0
takeoff,LGA,31,1784138444.88,2026-07-15T18:00:44Z,40.772289,-73.857559,300.9,a8a490,N656RW,E170,EMBRAER ERJ-170-100,0
landing,JFK,22L,1784138467.38,2026-07-15T18:01:07Z,40.636077,-73.76202,210.9,4b1886,HB-JHM,A333,AIRBUS A-330-300,0
takeoff,JFK,22R,1784138516.49,2026-07-15T18:01:56Z,40.646965,-73.766113,210.9,ad4804,N955JB,A321,AIRBUS A-321,0
takeoff,LGA,31,1784138531.91,2026-07-15T18:02:11Z,40.772198,-73.857422,306.6,a5106e,N425YX,E75L,EMBRAER ERJ-170-200 (long wing),0
landing,LGA,22,1784138547.22,2026-07-15T18:02:27Z,40.774907,-73.879405,213.8,a1dd2d,N219YX,E75L,EMBRAER ERJ-170-200 (long wing),0
takeoff,JFK,22R,1784138574.41,2026-07-15T18:02:54Z,40.645992,-73.766876,210.9,a5e3e4,N479PX,CRJ9,BOMBARDIER Regional Jet CRJ-900,0
landing,JFK,22L,1784138604.42,2026-07-15T18:03:24Z,40.636461,-73.761739,210.9,0d12ac,XA-VMH,A20N,AIRBUS A-320neo,0
takeoff,JFK,22L,1784138604.42,2026-07-15T18:03:24Z,40.636461,-73.761739,210.9,0d12ac,XA-VMH,A20N,AIRBUS A-320neo,0
landing,JFK,22L,1784138604.91,2026-07-15T18:03:24Z,40.63623,-73.761917,210.9,0d12ac,XA-VMH,A20N,AIRBUS A-320neo,0
landing,LGA,22,1784138634.09,2026-07-15T18:03:54Z,40.775642,-73.878799,213.8,a15c80,N187US,A321,AIRBUS A-321,0
takeoff,JFK,22R,1784138637.71,2026-07-15T18:03:57Z,40.645259,-73.767419,212.4,7380c2,4X-EDC,B789,BOEING 787-9 Dreamliner,0
takeoff,LGA,31,1784138644.63,2026-07-15T18:04:04Z,40.774104,-73.86138,300.9,a14502,N181GJ,CRJ9,BOMBARDIER Regional Jet CRJ-900,0
landing,JFK,22L,1784138681.51,2026-07-15T18:04:41Z,40.63667,-73.761583,210.9,abac50,N851NW,A332,AIRBUS A-330-200,0
landing,LGA,22,1784138715.47,2026-07-15T18:05:15Z,40.777235,-73.877485,213.8,acf2e4,N933XJ,CRJ9,BOMBARDIER Regional Jet CRJ-900,0
takeoff,JFK,22R,1784138749.2,2026-07-15T18:05:49Z,40.646999,-73.766098,210.9,ab48cc,N826SY,B738,BOEING 737-800,0
landing,LGA,22,1784138809.45,2026-07-15T18:06:49Z,40.774628,-73.879592,208.1,ac0a75,N875RW,E170,EMBRAER ERJ-170-100,0
takeoff,JFK,22R,1784138809.93,2026-07-15T18:06:49Z,40.645935,-73.766891,212.4,04c159,5Y-KZG,B788,BOEING 787-8 Dreamliner,0
landing,JFK,22L,1784138810.75,2026-07-15T18:06:50Z,40.636345,-73.761848,213.8,a38b84,N3276J,BCS3,AIRBUS A220-300,0
takeoff,LGA,31,1784138820.65,2026-07-15T18:07:00Z,40.774116,-73.861396,300.9,ac8efa,N908XJ,CRJ9,BOMBARDIER Regional Jet CRJ-900,0
landing,JFK,22L,1784138886.14,2026-07-15T18:08:06Z,40.635235,-73.76268,213.8,a34e01,N3118J,BCS3,AIRBUS A220-300,0
landing,LGA,22,1784138894.14,2026-07-15T18:08:14Z,40.777642,-73.877142,213.8,a6f98e,N549CA,CRJ9,BOMBARDIER Regional Jet CRJ-900,0
takeoff,LGA,31,1784138894.76,2026-07-15T18:08:14Z,40.772487,-73.857978,300.9,a3ac77,N336DU,BCS3,AIRBUS A220-300,0
takeoff,JFK,22R,1784138947.4,2026-07-15T18:09:07Z,40.646633,-73.766374,210.9,a057c7,N121DU,BCS1,AIRBUS A220-100,0
takeoff,LGA,31,1784138950.57,2026-07-15T18:09:10Z,40.772358,-73.857712,303.8,a5cc11,N47280,B38M,BOEING 737 MAX 8,0
landing,JFK,22L,1784138952.54,2026-07-15T18:09:12Z,40.635076,-73.762816,210.9,ab649a,N833MH,B764,BOEING 767-400,0
landing,JFK,22R,1784138978.28,2026-07-15T18:09:38Z,40.637404,-73.779092,174.4,e80210,CC-CWV,B763,BOEING 767-300,0
landing,LGA,22,1784138990.63,2026-07-15T18:09:50Z,40.774704,-73.879562,213.8,ac159a,N878RW,E170,EMBRAER ERJ-170-100,0
takeoff,JFK,22R,1784139006.58,2026-07-15T18:10:06Z,40.647377,-73.765793,210.9,8691cc,JA785A,B77W,BOEING 777-300ER,0
takeoff,LGA,31,1784139040.33,2026-07-15T18:10:40Z,40.772301,-73.857574,300.9,a2348d,N241JQ,E75L,EMBRAER ERJ-170-200 (long wing),0
landing,JFK,22L,1784139055.89,2026-07-15T18:10:55Z,40.634125,-73.763565,213.8,abe579,N866DN,B739,BOEING 737-900,0
landing,JFK,22L,1784139128.57,2026-07-15T18:12:08Z,40.634995,-73.762878,213.8,0c6062,9Y-JAM,B38M,BOEING 737 MAX 8,0
landing,LGA,22,1784139141.82,2026-07-15T18:12:21Z,40.778446,-73.87648,213.8,a3a152,N333DU,BCS3,,0
takeoff,JFK,22R,1784139141.91,2026-07-15T18:12:21Z,40.64621,-73.766708,210.9,a37fb0,N3241J,BCS3,AIRBUS A220-300,0
takeoff,JFK,22R,1784139194.78,2026-07-15T18:13:14Z,40.647079,-73.766022,210.9,acab54,N915XJ,CRJ9,BOMBARDIER Regional Jet CRJ-900,0
takeoff,LGA,31,1784139201.98,2026-07-15T18:13:21Z,40.772312,-73.857635,306.6,a3e011,N349PQ,CRJ9,BOMBARDIER Regional Jet CRJ-900,0
landing,LGA,22,1784139205.73,2026-07-15T18:13:25Z,40.77514,-73.879202,213.8,a0fbb7,N16217,B738,BOEING 737-800,0
landing,JFK,22L,1784139215.03,2026-07-15T18:13:35Z,40.6361,-73.762035,210.9,3c7a51,D-ANRQ,A339,AIRBUS A-330-900,0
takeoff,JFK,22L,1784139215.03,2026-07-15T18:13:35Z,40.6361,-73.762035,210.9,3c7a51,D-ANRQ,A339,AIRBUS A-330-900,0
landing,JFK,22L,1784139215.38,2026-07-15T18:13:35Z,40.635972,-73.762129,210.9,3c7a51,D-ANRQ,A339,AIRBUS A-330-900,0
takeoff,LGA,31,1784139288.0,2026-07-15T18:14:48Z,40.772324,-73.857635,303.8,ac4210,N8893L,B38M,BOEING 737 MAX 8,0
landing,LGA,22,1784139290.21,2026-07-15T18:14:50Z,40.777689,-73.877111,210.9,ac92b1,N909XJ,CRJ9,BOMBARDIER Regional Jet CRJ-900,0
landing,JFK,22R,1784139291.74,2026-07-15T18:14:51Z,40.631607,-73.778122,210.9,a1d0a3,N216JQ,E75L,EMBRAER ERJ-170-200 (long wing),0
landing,JFK,22L,1784139348.56,2026-07-15T18:15:48Z,40.63624,-73.761895,210.9,a3b79c,N339DU,,,0
takeoff,JFK,22R,1784139355.39,2026-07-15T18:15:55Z,40.646278,-73.766647,210.9,4c0221,YU-ARB,A332,AIRBUS A-330-200,0
landing,LGA,22,1784139360.83,2026-07-15T18:16:00Z,40.775711,-73.878708,213.8,a3c2be,N341TR,B38M,BOEING 737 MAX 8,0
takeoff,LGA,31,1784139368.36,2026-07-15T18:16:08Z,40.773125,-73.859314,300.9,a742ec,N567WN,B737,BOEING 737-700,0
takeoff,JFK,31L,1784139381.79,2026-07-15T18:16:21Z,40.641094,-73.796066,345.9,0d12ac,XA-VMH,A20N,AIRBUS A-320neo,0
landing,JFK,22L,1784139419.48,2026-07-15T18:16:59Z,40.634855,-73.763003,212.4,0d0a9b,XA-ADH,B789,BOEING 787-9 Dreamliner,0
takeoff,LGA,31,1784139423.69,2026-07-15T18:17:03Z,40.772278,-73.857544,300.9,a50192,N421YX,E75L,EMBRAER ERJ-170-200 (long wing),0
landing,LGA,22,1784139425.91,2026-07-15T18:17:05Z,40.77514,-73.879202,213.8,aaffed,N808DN,B739,BOEING 737-900,0
takeoff,JFK,31L,1784139458.57,2026-07-15T18:17:38Z,40.634017,-73.785054,300.9,ab8862,N842MH,B764,BOEING 767-400,0
takeoff,JFK,22R,1784139496.26,2026-07-15T18:18:16Z,40.647182,-73.76593,210.9,ace5bc,N930AU,A321,AIRBUS A-321,0
landing,LGA,22,1784139500.18,2026-07-15T18:18:20Z,40.777991,-73.876846,213.8,abf351,N8695D,B738,BOEING 737-800,0
takeoff,LGA,31,1784139512.13,2026-07-15T18:18:32Z,40.773092,-73.859258,300.9,ab6c26,N835NN,B738,BOEING 737-800,0
takeoff,JFK,22R,1784139552.87,2026-07-15T18:19:12Z,40.647121,-73.765984,213.8,a37389,N321RL,B38M,BOEING 737 MAX 8,0
landing,JFK,22L,1784139557.18,2026-07-15T18:19:17Z,40.634657,-73.763159,213.8,a37f8d,N3240J,BCS3,,0
landing,LGA,22,1784139598.93,2026-07-15T18:19:58Z,40.778538,-73.876404,213.8,c080db,C-GWUS,BCS3,AIRBUS A220-300,0
takeoff,LGA,31,1784139601.73,2026-07-15T18:20:01Z,40.772255,-73.857498,300.9,a8996b,N653RW,E170,EMBRAER ERJ-170-100,0
landing,JFK,22L,1784139626.29,2026-07-15T18:20:26Z,40.635425,-73.762566,210.9,407995,G-STBP,B77W,BOEING 777-300ER,0
takeoff,JFK,22L,1784139626.29,2026-07-15T18:20:26Z,40.635425,-73.762566,210.9,407995,G-STBP,B77W,BOEING 777-300ER,0
landing,JFK,22L,1784139626.76,2026-07-15T18:20:26Z,40.635262,-73.762691,210.9,407995,G-STBP,B77W,BOEING 777-300ER,0
takeoff,JFK,22R,1784139635.44,2026-07-15T18:20:35Z,40.645283,-73.76741,210.9,4a2d24,YR-KID,A332,AIRBUS A-330-200,0
takeoff,LGA,31,1784139658.31,2026-07-15T18:20:58Z,40.772301,-73.857635,312.2,a05f95,N123HQ,E75L,EMBRAER ERJ-170-200 (long wing),0
landing,LGA,22,1784139694.21,2026-07-15T18:21:34Z,40.774876,-73.87941,213.8,a026e1,N109HQ,E75L,EMBRAER ERJ-170-200 (long wing),0
takeoff,LGA,31,1784139754.97,2026-07-15T18:22:34Z,40.7723,-73.857588,303.8,a21bea,N235JQ,E75L,EMBRAER ERJ-170-200 (long wing),0
landing,JFK,22L,1784139758.6,2026-07-15T18:22:38Z,40.635844,-73.762223,213.8,a02c40,N110AN,A321,AIRBUS A-321,0
landing,LGA,22,1784139772.8,2026-07-15T18:22:52Z,40.771477,-73.882217,213.8,a4bdb9,N404YX,E75L,EMBRAER ERJ-170-200 (long wing),0
takeoff,JFK,22R,1784139774.63,2026-07-15T18:22:54Z,40.647703,-73.765531,210.9,e80210,CC-CWV,B763,BOEING 767-300,0
landing,LGA,22,1784139825.74,2026-07-15T18:23:45Z,40.77443,-73.879779,213.8,a44cda,N3763D,B738,BOEING 737-800,0
landing,JFK,22L,1784139831.4,2026-07-15T18:23:51Z,40.635933,-73.762146,213.8,a19910,N2017J,A21N,AIRBUS A-321neo,0
takeoff,JFK,22R,1784139900.13,2026-07-15T18:25:00Z,40.646656,-73.766343,210.9,a36b50,N3195J,BCS3,,0
landing,JFK,22L,1784139908.13,2026-07-15T18:25:08Z,40.636482,-73.761719,210.9,a78cfc,N586JB,A320,AIRBUS A-320,0
landing,LGA,22,1784139933.13,2026-07-15T18:25:33Z,40.77656,-73.878016,213.8,a50900,N423YX,E75L,EMBRAER ERJ-170-200 (long wing),0
takeoff,JFK,22R,1784139957.33,2026-07-15T18:25:57Z,40.646679,-73.766343,210.9,a690a8,N522DA,A21N,AIRBUS A-321neo,0
landing,JFK,22L,1784139983.47,2026-07-15T18:26:23Z,40.635972,-73.762113,210.9,ad9ac9,N976JT,A321,AIRBUS A-321,0
landing,LGA,22,1784139998.19,2026-07-15T18:26:38Z,40.776036,-73.878469,210.9,a30961,N295PQ,CRJ9,BOMBARDIER Regional Jet CRJ-900,0
takeoff,LGA,31,1784140008.29,2026-07-15T18:26:48Z,40.77315,-73.859367,300.9,a45b96,N380DA,B738,BOEING 737-800,0
landing,JFK,22R,1784140028.71,2026-07-15T18:27:08Z,40.631608,-73.778109,210.9,a1d368,N2169J,A21N,AIRBUS A-321neo,0
landing,JFK,22L,1784140062.74,2026-07-15T18:27:42Z,40.633528,-73.764017,210.9,a3c60d,N342PM,B738,BOEING 737-800,0
landing,LGA,22,1784140081.97,2026-07-15T18:28:01Z,40.774139,-73.880014,210.9,a93d7c,N695CA,CRJ9,BOMBARDIER Regional Jet CRJ-900,0
takeoff,JFK,22R,1784140125.96,2026-07-15T18:28:45Z,40.646446,-73.766514,213.8,a3401a,N3085J,BCS3,AIRBUS A220-300,0
takeoff,LGA,31,1784140147.53,2026-07-15T18:29:07Z,40.772312,-73.857635,298.1,a08317,N132EV,CRJ9,BOMBARDIER Regional Jet CRJ-900,0
landing,JFK,22L,1784140149.5,2026-07-15T18:29:09Z,40.635887,-73.762177,213.8,a32814,N302PQ,CRJ9,BOMBARDIER Regional Jet CRJ-900,0
landing,LGA,22,1784140150.88,2026-07-15T18:29:10Z,40.776569,-73.878006,210.9,a47d11,N389DN,A321,AIRBUS A-321,0
landing,JFK,22L,1784140210.77,2026-07-15T18:30:10Z,40.634159,-73.763535,213.8,a4491f,N3753,B738,BOEING 737-800,0
landing,LGA,22,1784140222.67,2026-07-15T18:30:22Z,40.775408,-73.878921,210.9,a8f9a3,N678CA,CRJ9,BOMBARDIER Regional Jet CRJ-900,0
takeoff,LGA,31,1784140224.52,2026-07-15T18:30:24Z,40.772301,-73.857559,303.8,a3eeb0,N35204,B738,BOEING 737-800,0
takeoff,LGA,31,1784140272.6,2026-07-15T18:31:12Z,40.772242,-73.857495,303.8,ab282b,N818MD,E170,EMBRAER ERJ-170-100,0
landing,JFK,22L,1784140318.49,2026-07-15T18:31:58Z,40.634017,-73.76369,216.6,a53ba4,N436YX,E75L,EMBRAER ERJ-170-200 (long wing),0
landing,LGA,22,1784140334.32,2026-07-15T18:32:14Z,40.771323,-73.882308,210.9,a8a0d9,N655RW,E170,EMBRAER ERJ-170-100,0
landing,JFK,22R,1784140349.35,2026-07-15T18:32:29Z,40.633924,-73.776299,210.9,a4c5d8,N4064J,A21N,AIRBUS A-321neo,0
takeoff,LGA,31,1784140360.47,2026-07-15T18:32:40Z,40.772335,-73.857651,309.4,a30d18,N296PQ,CRJ9,BOMBARDIER Regional Jet CRJ-900,0
landing,LGA,22,1784140385.86,2026-07-15T18:33:05Z,40.777409,-73.877329,210.9,a77d89,N582CA,CRJ9,BOMBARDIER Regional Jet CRJ-900,0
takeoff,JFK,22R,1784140427.87,2026-07-15T18:33:47Z,40.646819,-73.766218,210.9,acb679,N918XJ,CRJ9,BOMBARDIER Regional Jet CRJ-900,0
takeoff,LGA,31,1784140428.66,2026-07-15T18:33:48Z,40.772289,-73.857573,298.1,a8f235,N676CA,CRJ9,BOMBARDIER Regional Jet CRJ-900,0
landing,JFK,22L,1784140440.94,2026-07-15T18:34:00Z,40.633575,-73.764145,222.2,a1acdb,N207JQ,E75L,EMBRAER ERJ-170-200 (long wing),0
takeoff,JFK,22L,1784140441.46,2026-07-15T18:34:01Z,40.633507,-73.764221,225.0,a1acdb,N207JQ,E75L,EMBRAER ERJ-170-200 (long wing),0
landing,JFK,22L,1784140442.99,2026-07-15T18:34:02Z,40.633301,-73.764481,227.8,a1acdb,N207JQ,E75L,EMBRAER ERJ-170-200 (long wing),0
landing,LGA,22,1784140465.38,2026-07-15T18:34:25Z,40.776141,-73.878359,210.9,a8aa87,N658AW,A320,AIRBUS A-320,0
takeoff,JFK,22R,1784140493.59,2026-07-15T18:34:53Z,40.646805,-73.766235,210.9,acba30,N919XJ,CRJ9,BOMBARDIER Regional Jet CRJ-900,0
landing,JFK,22L,1784140504.4,2026-07-15T18:35:04Z,40.634529,-73.763253,210.9,ad2445,N946JL,A321,AIRBUS A-321,0
landing,LGA,22,1784140559.18,2026-07-15T18:35:59Z,40.779178,-73.875878,213.8,c07b05,C-GUPG,BCS3,AIRBUS A220-300,0
landing,JFK,22L,1784140567.75,2026-07-15T18:36:07Z,40.636973,-73.761349,210.9,710110,HZ-AK38,B77W,BOEING 777-300ER,0
landing,LGA,22,1784140621.74,2026-07-15T18:37:01Z,40.777805,-73.877002,213.8,ad01c0,N937XJ,CRJ9,BOMBARDIER Regional Jet CRJ-900,0
landing,JFK,22L,1784140658.0,2026-07-15T18:37:38Z,40.638649,-73.760022,210.9,4843f3,PH-BQP,B772,BOEING 777-200,0
takeoff,JFK,22R,1784140677.55,2026-07-15T18:37:57Z,40.646726,-73.766311,213.8,a8021b,N615JB,A320,AIRBUS A-320,0
landing,LGA,22,1784140678.21,2026-07-15T18:37:58Z,40.775906,-73.878571,213.8,ad9edf,N977NN,B738,BOEING 737-800,0
takeoff,LGA,31,1784140681.96,2026-07-15T18:38:01Z,40.772347,-73.857682,303.8,ac5efa,N8967Q,B38M,BOEING 737 MAX 8,0
takeoff,JFK,31L,1784140732.55,2026-07-15T18:38:52Z,40.635437,-73.788175,300.9,a61173,N490PX,CRJ9,BOMBARDIER Regional Jet CRJ-900,0
takeoff,JFK,22R,1784140733.7,2026-07-15T18:38:53Z,40.646633,-73.766389,210.9,ac801e,N904XJ,CRJ9,BOMBARDIER Regional Jet CRJ-900,0
landing,LGA,22,1784140792.52,2026-07-15T18:39:52Z,40.777805,-73.877002,213.8,a33741,N306SW,B38M,BOEING 737 MAX 8,0
takeoff,LGA,31,1784140798.94,2026-07-15T18:39:58Z,40.772521,-73.858057,303.8,a04dfa,N119DN,A321,AIRBUS A-321,0
landing,JFK,22L,1784140799.45,2026-07-15T18:39:59Z,40.635798,-73.762238,210.9,acb2c2,N917XJ,CRJ9,BOMBARDIER Regional Jet CRJ-900,0
landing,JFK,22R,1784140829.46,2026-07-15T18:40:29Z,40.635763,-73.774863,210.9,ab398a,N822NW,A333,AIRBUS A-330-300,0
takeoff,LGA,31,1784140865.82,2026-07-15T18:41:05Z,40.772312,-73.85759,303.8,a3b529,N338ST,B38M,BOEING 737 MAX 8,0
landing,LGA,22,1784140872.23,2026-07-15T18:41:12Z,40.773848,-73.880248,213.8,ac82f8,N905NN,B738,BOEING 737-800,0
landing,JFK,22L,1784140885.85,2026-07-15T18:41:25Z,40.634866,-73.762987,213.8,a5e9f4,N480PX,CRJ9,BOMBARDIER Regional Jet CRJ-900,0
takeoff,LGA,31,1784140945.52,2026-07-15T18:42:25Z,40.772277,-73.857526,303.8,a23844,N242JQ,E75L,EMBRAER ERJ-170-200 (long wing),0
landing,LGA,22,1784140947.52,2026-07-15T18:42:27Z,40.776327,-73.878235,210.9,a654cb,N507JT,A320,AIRBUS A-320,0
takeoff,JFK,22R,1784140968.92,2026-07-15T18:42:48Z,40.646702,-73.766327,210.9,a19cc7,N2027J,A21N,AIRBUS A-321neo,0
landing,JFK,22L,1784140970.88,2026-07-15T18:42:50Z,40.635379,-73.762597,210.9,3c6717,D-AIXW,A359,AIRBUS A-350-900,0
takeoff,JFK,22L,1784140971.21,2026-07-15T18:42:51Z,40.635223,-73.762711,210.9,3c6717,D-AIXW,A359,AIRBUS A-350-900,0
landing,JFK,22L,1784140972.19,2026-07-15T18:42:52Z,40.634878,-73.762987,210.9,3c6717,D-AIXW,A359,AIRBUS A-350-900,0
takeoff,JFK,31L,1784141028.85,2026-07-15T18:43:48Z,40.635064,-73.787348,300.9,ab355c,N821JB,A320,AIRBUS A-320,0
landing,JFK,31L,1784141029.75,2026-07-15T18:43:49Z,40.635212,-73.787689,300.9,ab355c,N821JB,A320,AIRBUS A-320,0
takeoff,JFK,31L,1784141029.75,2026-07-15T18:43:49Z,40.635212,-73.787689,300.9,ab355c,N821JB,A320,AIRBUS A-320,0
takeoff,JFK,22R,1784141030.71,2026-07-15T18:43:50Z,40.646484,-73.766479,210.9,a5fc87,N485PX,CRJ9,BOMBARDIER Regional Jet CRJ-900,0
landing,LGA,22,1784141051.07,2026-07-15T18:44:11Z,40.77507,-73.879249,213.8,abdf3f,N864RW,E170,EMBRAER ERJ-170-100,0
takeoff,LGA,31,1784141058.27,2026-07-15T18:44:18Z,40.773136,-73.859344,300.9,a2e28f,N285WN,B737,BOEING 737-700,0
landing,JFK,22L,1784141064.17,2026-07-15T18:44:24Z,40.637124,-73.761224,210.9,346045,EC-MYA,A332,AIRBUS A-330-200,0
takeoff,JFK,22R,1784141103.92,2026-07-15T18:45:03Z,40.646004,-73.766861,210.9,a6c3ca,N535JB,A320,AIRBUS A-320,0
takeoff,LGA,31,1784141107.67,2026-07-15T18:45:07Z,40.772278,-73.857544,303.8,c03cf4,C-FXCD,A320,AIRBUS A-320,0
landing,LGA,22,1784141121.88,2026-07-15T18:45:21Z,40.77514,-73.879202,210.9,ad0851,N939NN,B738,BOEING 737-800,0
takeoff,JFK,31L,1784141168.76,2026-07-15T18:46:08Z,40.635402,-73.788112,300.9,abc91f,N859DN,B739,BOEING 737-900,0
landing,JFK,22L,1784141196.3,2026-07-15T18:46:36Z,40.635809,-73.762254,210.9,a01880,N105NN,A321,AIRBUS A-321,0
takeoff,JFK,22R,1784141215.69,2026-07-15T18:46:55Z,40.649426,-73.764189,213.8,a099a7,N138HQ,E75L,EMBRAER ERJ-170-200 (long wing),0
landing,LGA,22,1784141246.31,2026-07-15T18:47:26Z,40.774721,-73.87953,210.9,a4f7cb,N419YX,E75L,EMBRAER ERJ-170-200 (long wing),0
landing,JFK,22L,1784141277.59,2026-07-15T18:47:57Z,40.633423,-73.764127,212.4,ab8fcb,N844MC,B789,BOEING 787-9 Dreamliner,0
takeoff,JFK,22R,1784141289.72,2026-07-15T18:48:09Z,40.645924,-73.766907,210.9,a35592,N3139J,BCS3,AIRBUS A220-300,0
landing,LGA,22,1784141334.56,2026-07-15T18:48:54Z,40.776615,-73.877975,213.8,a7a1e8,N591JB,A320,AIRBUS A-320,0
takeoff,LGA,31,1784141339.5,2026-07-15T18:48:59Z,40.772324,-73.857604,300.9,a4e8ef,N415YX,E75L,EMBRAER ERJ-170-200 (long wing),0
landing,JFK,22L,1784141381.85,2026-07-15T18:49:41Z,40.634491,-73.76329,212.4,4ca9e7,EI-NUA,B789,BOEING 787-9 Dreamliner,0
takeoff,JFK,22L,1784141383.24,2026-07-15T18:49:43Z,40.633987,-73.763687,212.4,4ca9e7,EI-NUA,B789,BOEING 787-9 Dreamliner,0
landing,JFK,22L,1784141383.73,2026-07-15T18:49:43Z,40.633781,-73.763855,212.4,4ca9e7,EI-NUA,B789,BOEING 787-9 Dreamliner,0
takeoff,LGA,31,1784141439.37,2026-07-15T18:50:39Z,40.772289,-73.857542,300.9,a1f0b4,N224JQ,E75L,EMBRAER ERJ-170-200 (long wing),0
landing,LGA,22,1784141469.02,2026-07-15T18:51:09Z,40.775311,-73.879044,213.8,a06e71,N127HQ,E75L,EMBRAER ERJ-170-200 (long wing),0
takeoff,LGA,22,1784141469.02,2026-07-15T18:51:09Z,40.775311,-73.879044,213.8,a06e71,N127HQ,E75L,EMBRAER ERJ-170-200 (long wing),0
landing,LGA,22,1784141471.09,2026-07-15T18:51:11Z,40.774954,-73.879343,210.9,a06e71,N127HQ,E75L,EMBRAER ERJ-170-200 (long wing),0
takeoff,JFK,22R,1784141501.81,2026-07-15T18:51:41Z,40.6493,-73.764282,213.8,a51425,N426YX,E75L,EMBRAER ERJ-170-200 (long wing),0
landing,LGA,22,1784141548.47,2026-07-15T18:52:28Z,40.776798,-73.877853,210.9,a35e6f,N316PQ,CRJ9,BOMBARDIER Regional Jet CRJ-900,0
takeoff,LGA,31,1784141553.23,2026-07-15T18:52:33Z,40.772278,-73.857529,303.8,a2f6e9,N290QS,E545,EMBRAER EMB545 Praetor 500,0
landing,JFK,22L,1784141556.31,2026-07-15T18:52:36Z,40.640604,-73.758477,215.2,a821bf,N623DT,E50P,EMBRAER EMB-500 Phenom 100,8
takeoff,JFK,31L,1784141617.45,2026-07-15T18:53:37Z,40.633896,-73.78479,300.9,abc2e5,N857RW,E170,EMBRAER ERJ-170-100,0
landing,LGA,22,1784141619.34,2026-07-15T18:53:39Z,40.776118,-73.878391,210.9,a2af3e,N272PQ,CRJ9,BOMBARDIER Regional Jet CRJ-900,0
landing,JFK,22L,1784141628.32,2026-07-15T18:53:48Z,40.633965,-73.763702,212.4,7380c8,4X-EDJ,B789,BOEING 787-9 Dreamliner,0
takeoff,JFK,22L,1784141628.89,2026-07-15T18:53:48Z,40.633773,-73.763846,212.4,7380c8,4X-EDJ,B789,BOEING 787-9 Dreamliner,0
landing,JFK,22L,1784141629.44,2026-07-15T18:53:49Z,40.633563,-73.764017,212.4,7380c8,4X-EDJ,B789,BOEING 787-9 Dreamliner,0
takeoff,JFK,22R,1784141645.98,2026-07-15T18:54:05Z,40.646107,-73.766769,213.8,a6152a,N491PX,CRJ9,BOMBARDIER Regional Jet CRJ-900,0
takeoff,LGA,31,1784141694.21,2026-07-15T18:54:54Z,40.772312,-73.857604,300.9,ab40ce,N824MD,E170,EMBRAER ERJ-170-100,0
landing,LGA,22,1784141713.77,2026-07-15T18:55:13Z,40.77206,-73.88176,210.9,a1b449,N209JQ,E75L,EMBRAER ERJ-170-200 (long wing),0
takeoff,LGA,31,1784141767.02,2026-07-15T18:56:07Z,40.772255,-73.857498,303.8,a4e538,N414YX,E75L,EMBRAER ERJ-170-200 (long wing),0
landing,LGA,22,1784141781.19,2026-07-15T18:56:21Z,40.77499,-73.879303,210.9,a03f84,N115HQ,E75L,EMBRAER ERJ-170-200 (long wing),0
landing,JFK,22L,1784141783.7,2026-07-15T18:56:23Z,40.637352,-73.761047,210.9,a3c5ea,N342NB,A319,AIRBUS A-319,0
landing,LGA,22,1784141841.57,2026-07-15T18:57:21Z,40.776043,-73.878464,213.8,ac20a1,N8803L,B38M,BOEING 737 MAX 8,0
takeoff,LGA,31,1784141846.78,2026-07-15T18:57:26Z,40.772289,-73.85759,303.8,a05470,N120HQ,E75L,EMBRAER ERJ-170-200 (long wing),0
landing,JFK,22L,1784141854.07,2026-07-15T18:57:34Z,40.633472,-73.764084,213.8,addadb,N992JB,A321,AIRBUS A-321,0
landing,JFK,22R,1784141887.02,2026-07-15T18:58:07Z,40.630921,-73.778655,210.9,a4ccba,N4080J,A21N,,0
landing,JFK,22L,1784141930.31,2026-07-15T18:58:50Z,40.633447,-73.764095,210.9,ad2baa,N948JB,A321,AIRBUS A-321,0
takeoff,LGA,31,1784141941.02,2026-07-15T18:59:01Z,40.774132,-73.861435,298.1,a1094c,N166PQ,CRJ9,BOMBARDIER Regional Jet CRJ-900,0
landing,JFK,22L,1784142017.87,2026-07-15T19:00:17Z,40.634193,-73.763504,210.9,a0f4b5,N1605,B763,BOEING 767-300,0
takeoff,LGA,31,1784142049.86,2026-07-15T19:00:49Z,40.772301,-73.857574,300.9,aa5657,N765YX,E75L,EMBRAER ERJ-170-200 (long wing),0
takeoff,JFK,31L,1784142105.25,2026-07-15T19:01:45Z,40.633621,-73.784148,300.9,a01f73,N107HQ,E75L,EMBRAER ERJ-170-200 (long wing),0
takeoff,LGA,31,1784142114.63,2026-07-15T19:01:54Z,40.772289,-73.857573,303.8,ac83d5,N905XJ,CRJ9,BOMBARDIER Regional Jet CRJ-900,0
landing,JFK,22L,1784142121.86,2026-07-15T19:02:01Z,40.633319,-73.764189,210.9,44ccd1,OO-SFQ,A333,AIRBUS A-330-300,0
landing,LGA,22,1784142164.89,2026-07-15T19:02:44Z,40.778108,-73.876752,209.6,a39a19,N331FX,E55P,EMBRAER EMB-505 Phenom 300,0
landing,JFK,22L,1784142243.73,2026-07-15T19:04:03Z,40.634168,-73.763534,213.8,a9e8ce,N738AL,B39M,BOEING 737 MAX 9,0
landing,LGA,22,1784142245.4,2026-07-15T19:04:05Z,40.774109,-73.880051,213.8,a335fa,N306DU,BCS3,AIRBUS A220-300,0
takeoff,LGA,31,1784142264.0,2026-07-15T19:04:24Z,40.774109,-73.861374,298.1,a153de,N185GJ,CRJ9,BOMBARDIER Regional Jet CRJ-900,0
takeoff,JFK,22R,1784142280.16,2026-07-15T19:04:40Z,40.645352,-73.767357,210.9,780204,B-KPD,B77W,BOEING 777-300ER,0
landing,JFK,22L,1784142335.08,2026-07-15T19:05:35Z,40.635235,-73.762695,210.9,4005b9,G-VIIA,B772,BOEING 777-200,0
takeoff,JFK,22L,1784142335.08,2026-07-15T19:05:35Z,40.635235,-73.762695,210.9,4005b9,G-VIIA,B772,BOEING 777-200,0
landing,JFK,22L,1784142335.98,2026-07-15T19:05:35Z,40.634913,-73.76294,210.9,4005b9,G-VIIA,B772,BOEING 777-200,0
landing,LGA,22,1784142337.62,2026-07-15T19:05:37Z,40.777584,-73.877236,213.8,a320a6,N300PQ,CRJ9,BOMBARDIER Regional Jet CRJ-900,0
takeoff,LGA,31,1784142375.09,2026-07-15T19:06:15Z,40.772789,-73.858618,300.9,a445f8,N3747D,B738,BOEING 737-800,0
takeoff,JFK,22R,1784142429.28,2026-07-15T19:07:09Z,40.646255,-73.766647,213.8,a349be,N3104J,BCS3,AIRBUS A220-300,0
takeoff,JFK,22R,1784142432.23,2026-07-15T19:07:12Z,40.645131,-73.767529,213.8,a349be,N3104J,BCS3,AIRBUS A220-300,0
landing,LGA,22,1784142434.27,2026-07-15T19:07:14Z,40.776851,-73.877798,213.8,ac7c67,N903XJ,CRJ9,BOMBARDIER Regional Jet CRJ-900,0
takeoff,LGA,31,1784142439.06,2026-07-15T19:07:19Z,40.772346,-73.857712,303.8,a54cd9,N440YX,E75L,EMBRAER ERJ-170-200 (long wing),0
landing,JFK,22L,1784142468.44,2026-07-15T19:07:48Z,40.636265,-73.761887,213.8,a67452,N515DE,A21N,AIRBUS A-321neo,0
takeoff,JFK,31L,1784142486.68,2026-07-15T19:08:06Z,40.635018,-73.787238,300.9,a124b5,N173DZ,B763,BOEING 767-300,0
landing,JFK,31L,1784142487.5,2026-07-15T19:08:07Z,40.635166,-73.787582,300.9,a124b5,N173DZ,B763,BOEING 767-300,0
takeoff,JFK,31L,1784142487.5,2026-07-15T19:08:07Z,40.635166,-73.787582,300.9,a124b5,N173DZ,B763,BOEING 767-300,0
landing,LGA,22,1784142514.59,2026-07-15T19:08:34Z,40.776874,-73.877782,208.1,a0d6a8,N153PQ,CRJ9,BOMBARDIER Regional Jet CRJ-900,0
landing,JFK,22L,1784142550.96,2026-07-15T19:09:10Z,40.633935,-73.763768,219.4,a1c1c7,N212JQ,E75L,EMBRAER ERJ-170-200 (long wing),0
takeoff,JFK,22L,1784142551.4,2026-07-15T19:09:11Z,40.633877,-73.76383,219.4,a1c1c7,N212JQ,E75L,EMBRAER ERJ-170-200 (long wing),0
landing,JFK,22L,1784142552.38,2026-07-15T19:09:12Z,40.633724,-73.763992,222.2,a1c1c7,N212JQ,E75L,EMBRAER ERJ-170-200 (long wing),0
landing,LGA,22,1784142600.11,2026-07-15T19:10:00Z,40.774302,-73.879889,213.8,abc432,N8573Z,B738,BOEING 737-800,0
takeoff,LGA,31,1784142600.34,2026-07-15T19:10:00Z,40.772415,-73.857803,303.8,a008c5,N101DQ,A321,AIRBUS A-321,0
landing,JFK,22L,1784142636.9,2026-07-15T19:10:36Z,40.639469,-73.759384,215.2,ac6d1a,N90CW,HDJT,HONDA HondaJet,0
takeoff,LGA,31,1784142653.5,2026-07-15T19:10:53Z,40.772289,-73.85759,306.6,a03038,N111DC,A321,AIRBUS A-321,0
landing,JFK,22L,1784142707.53,2026-07-15T19:11:47Z,40.635086,-73.762833,212.4,48ae02,SP-LRC,B788,BOEING 787-8 Dreamliner,0
takeoff,JFK,22L,1784142707.89,2026-07-15T19:11:47Z,40.634949,-73.762939,212.4,48ae02,SP-LRC,B788,BOEING 787-8 Dreamliner,0
landing,JFK,22L,1784142708.39,2026-07-15T19:11:48Z,40.634773,-73.763081,212.4,48ae02,SP-LRC,B788,BOEING 787-8 Dreamliner,0
landing,JFK,22R,1784142749.18,2026-07-15T19:12:29Z,40.631061,-73.778515,210.9,a32f82,N304PQ,CRJ9,BOMBARDIER Regional Jet CRJ-900,0
takeoff,JFK,31L,1784142803.14,2026-07-15T19:13:23Z,40.634926,-73.787064,300.9,a32bba,N303NY,A21N,AIRBUS A-321neo,0
landing,JFK,31L,1784142803.49,2026-07-15T19:13:23Z,40.635017,-73.787292,300.9,a32bba,N303NY,A21N,AIRBUS A-321neo,0
takeoff,JFK,31L,1784142803.49,2026-07-15T19:13:23Z,40.635017,-73.787292,300.9,a32bba,N303NY,A21N,AIRBUS A-321neo,0
landing,JFK,22L,1784142810.7,2026-07-15T19:13:30Z,40.635972,-73.762129,210.9,a11d47,N171DZ,B763,BOEING 767-300,0
takeoff,JFK,22R,1784142811.36,2026-07-15T19:13:31Z,40.646283,-73.766639,210.9,acaf0b,N916XJ,CRJ9,BOMBARDIER Regional Jet CRJ-900,0
landing,LGA,22,1784142818.79,2026-07-15T19:13:38Z,40.774944,-73.879349,210.9,abbb77,N855RW,E170,EMBRAER ERJ-170-100,0
takeoff,LGA,31,1784142821.41,2026-07-15T19:13:41Z,40.774128,-73.861443,298.1,a6f98e,N549CA,CRJ9,BOMBARDIER Regional Jet CRJ-900,0
takeoff,LGA,31,1784142852.25,2026-07-15T19:14:12Z,40.772186,-73.857391,309.4,a24720,N246JQ,E75L,EMBRAER ERJ-170-200 (long wing),0
landing,JFK,22L,1784142901.88,2026-07-15T19:15:01Z,40.635786,-73.762285,213.8,a38ef5,N3284J,BCS3,AIRBUS A220-300,0
landing,LGA,22,1784142933.5,2026-07-15T19:15:33Z,40.775974,-73.878525,213.8,a3411f,N309DU,BCS3,AIRBUS A220-300,0
landing,JFK,22R,1784142959.12,2026-07-15T19:15:59Z,40.633796,-73.776408,210.9,abd3cf,N861NW,A332,AIRBUS A-330-200,0
landing,JFK,22L,1784143004.56,2026-07-15T19:16:44Z,40.635146,-73.762769,210.9,a67805,N516DA,A21N,AIRBUS A-321neo,0
landing,JFK,22L,1784143065.72,2026-07-15T19:17:45Z,40.635972,-73.762129,210.9,ab80f4,N840MH,B764,BOEING 767-400,0
landing,LGA,22,1784143072.43,2026-07-15T19:17:52Z,40.774407,-73.879717,202.5,a4c8de,N407YX,E75L,EMBRAER ERJ-170-200 (long wing),0
takeoff,JFK,22R,1784143073.42,2026-07-15T19:17:53Z,40.646347,-73.766586,213.8,abf6ae,N870DN,B739,BOEING 737-900,0
takeoff,JFK,22R,1784143134.62,2026-07-15T19:18:54Z,40.646702,-73.766327,213.8,a779eb,N581DA,A21N,,0
takeoff,LGA,31,1784143161.27,2026-07-15T19:19:21Z,40.772359,-73.857729,300.9,a00c7a,N102DN,A321,AIRBUS A-321,0
landing,JFK,22L,1784143188.52,2026-07-15T19:19:48Z,40.633907,-73.763718,210.9,ac878c,N906XJ,CRJ9,BOMBARDIER Regional Jet CRJ-900,0
takeoff,JFK,22R,1784143199.67,2026-07-15T19:19:59Z,40.647148,-73.765976,213.8,a61b43,N493AF,PC12,PILATUS PC-12,0
landing,LGA,22,1784143201.0,2026-07-15T19:20:01Z,40.773976,-73.880154,213.8,a3183d,N299PQ,CRJ9,BOMBARDIER Regional Jet CRJ-900,0
takeoff,JFK,31L,1784143203.71,2026-07-15T19:20:03Z,40.635612,-73.788559,300.9,a3311b,N3044J,BCS3,AIRBUS A220-300,0
landing,JFK,22L,1784143267.71,2026-07-15T19:21:07Z,40.63409,-73.763626,210.9,4a91af,SE-DMO,A21N,AIRBUS A-321neo,0
landing,LGA,22,1784143281.63,2026-07-15T19:21:21Z,40.775745,-73.878693,213.8,a445d9,N3746H,B738,BOEING 737-800,0
takeoff,JFK,22R,1784143322.84,2026-07-15T19:22:02Z,40.649025,-73.764481,210.9,a1d0a3,N216JQ,E75L,EMBRAER ERJ-170-200 (long wing),0
landing,JFK,22L,1784143347.75,2026-07-15T19:22:27Z,40.635134,-73.762784,210.9,a1a0c4,N2039J,A21N,AIRBUS A-321neo,0
takeoff,JFK,31L,1784143377.77,2026-07-15T19:22:57Z,40.635109,-73.78743,300.9,a16c3a,N191DN,B763,BOEING 767-300,0
landing,LGA,22,1784143384.82,2026-07-15T19:23:04Z,40.776513,-73.878047,213.8,abe448,N86534,B738,BOEING 737-800,0
takeoff,LGA,31,1784143392.04,2026-07-15T19:23:12Z,40.772335,-73.857697,300.9,a15c80,N187US,A321,AIRBUS A-321,0
landing,JFK,22L,1784143422.56,2026-07-15T19:23:42Z,40.636036,-73.7621,210.9,ab35d3,N821NW,A333,AIRBUS A-330-300,0
takeoff,LGA,31,1784143464.94,2026-07-15T19:24:24Z,40.772196,-73.857354,303.8,ac159a,N878RW,E170,EMBRAER ERJ-170-100,0
landing,LGA,22,1784143489.37,2026-07-15T19:24:49Z,40.772175,-73.881638,216.6,a2270f,N238JQ,E75L,EMBRAER ERJ-170-200 (long wing),0
takeoff,LGA,22,1784143489.37,2026-07-15T19:24:49Z,40.772175,-73.881638,216.6,a2270f,N238JQ,E75L,EMBRAER ERJ-170-200 (long wing),0
landing,LGA,22,1784143493.18,2026-07-15T19:24:53Z,40.771591,-73.882126,213.8,a2270f,N238JQ,E75L,EMBRAER ERJ-170-200 (long wing),0
landing,JFK,22L,1784143551.46,2026-07-15T19:25:51Z,40.633198,-73.764297,210.9,a03235,N111ZM,A321,AIRBUS A-321,0
landing,LGA,22,1784143566.12,2026-07-15T19:26:06Z,40.777199,-73.877533,210.9,a0dae2,N154UW,A321,AIRBUS A-321,0
takeoff,LGA,31,1784143571.35,2026-07-15T19:26:11Z,40.772556,-73.858135,303.8,acf2e4,N933XJ,CRJ9,BOMBARDIER Regional Jet CRJ-900,0
takeoff,JFK,31L,1784143607.59,2026-07-15T19:26:47Z,40.635029,-73.787277,300.9,a35aae,N315PE,B738,BOEING 737-800,0
landing,JFK,22L,1784143634.19,2026-07-15T19:27:14Z,40.637501,-73.760925,213.8,a34d98,N3115J,BCS3,AIRBUS A220-300,0
landing,LGA,22,1784143668.08,2026-07-15T19:27:48Z,40.774803,-73.879467,213.8,ad2ea4,N949AN,B738,BOEING 737-800,0
takeoff,LGA,31,1784143677.15,2026-07-15T19:27:57Z,40.772953,-73.858963,303.8,a8222c,N623JB,A320,AIRBUS A-320,0
landing,JFK,22R,1784143680.32,2026-07-15T19:28:00Z,40.634319,-73.776049,210.9,a12861,N174DN,B763,BOEING 767-300,0
landing,JFK,22L,1784143720.6,2026-07-15T19:28:40Z,40.634972,-73.762894,213.8,ade9c0,N996JL,A321,AIRBUS A-321,0
landing,LGA,22,1784143759.19,2026-07-15T19:29:19Z,40.776958,-73.877701,213.8,a34ae6,N311DU,BCS3,AIRBUS A220-300,0
takeoff,LGA,31,1784143763.57,2026-07-15T19:29:23Z,40.772161,-73.857276,300.9,a4bdb9,N404YX,E75L,EMBRAER ERJ-170-200 (long wing),0
takeoff,JFK,22R,1784143780.18,2026-07-15T19:29:40Z,40.646109,-73.766764,212.4,894098,A9C-FG,B789,BOEING 787-9 Dreamliner,0
takeoff,JFK,31L,1784143807.39,2026-07-15T19:30:07Z,40.635262,-73.787816,300.9,a13af4,N179DN,B763,BOEING 767-300,0
landing,JFK,22L,1784143812.4,2026-07-15T19:30:12Z,40.636059,-73.762054,208.1,a39723,N330PQ,CRJ9,BOMBARDIER Regional Jet CRJ-900,0
takeoff,LGA,31,1784143834.95,2026-07-15T19:30:34Z,40.772346,-73.857712,300.9,a72fe1,N562RT,CL60,BOMBARDIER CL-600 Challenger,8
landing,LGA,22,1784143838.4,2026-07-15T19:30:38Z,40.777828,-73.876986,213.8,a0b841,N14541,A21N,AIRBUS A-321neo,0
landing,JFK,22L,1784143866.88,2026-07-15T19:31:06Z,40.634171,-73.76355,212.4,4075c3,G-CKWS,B789,BOEING 787-9 Dreamliner,0
takeoff,JFK,22L,1784143866.88,2026-07-15T19:31:06Z,40.634171,-73.76355,212.4,4075c3,G-CKWS,B789,BOEING 787-9 Dreamliner,0
landing,JFK,22L,1784143867.53,2026-07-15T19:31:07Z,40.633942,-73.763733,212.4,4075c3,G-CKWS,B789,BOEING 787-9 Dreamliner,0
takeoff,JFK,22R,1784143895.7,2026-07-15T19:31:35Z,40.646062,-73.766811,210.9,a4d483,N410DZ,A339,AIRBUS A-330-900,0
takeoff,LGA,31,1784143938.85,2026-07-15T19:32:18Z,40.772209,-73.857407,303.8,a4e181,N413YX,E75L,EMBRAER ERJ-170-200 (long wing),0
landing,JFK,13R,1784143944.07,2026-07-15T19:32:24Z,40.635498,-73.781113,81.6,aca02f,N912XJ,CRJ9,BOMBARDIER Regional Jet CRJ-900,0
landing,LGA,22,1784143953.7,2026-07-15T19:32:33Z,40.77571,-73.878734,213.8,abd7d1,N862RW,E170,EMBRAER ERJ-170-100,0
landing,JFK,22L,1784143959.42,2026-07-15T19:32:39Z,40.63411,-73.76358,210.9,3965a0,F-GZNA,B77W,BOEING 777-300ER,0
takeoff,JFK,31L,1784143982.01,2026-07-15T19:33:02Z,40.635646,-73.788658,300.9,a34e01,N3118J,BCS3,AIRBUS A220-300,0
landing,LGA,22,1784144018.89,2026-07-15T19:33:38Z,40.777439,-73.877304,213.8,a4a0d9,N398DN,A321,AIRBUS A-321,0
takeoff,LGA,31,1784144020.72,2026-07-15T19:33:40Z,40.772359,-73.857713,303.8,a37265,N321DU,BCS3,AIRBUS A220-300,0
takeoff,JFK,22R,1784144054.53,2026-07-15T19:34:14Z,40.643612,-73.768738,218.1,a821bf,N623DT,E50P,EMBRAER EMB-500 Phenom 100,8
landing,JFK,22L,1784144090.11,2026-07-15T19:34:50Z,40.631294,-73.765796,213.8,a026fc,N109JS,B38M,BOEING 737 MAX 8,0
landing,LGA,22,1784144101.17,2026-07-15T19:35:01Z,40.775792,-73.878671,213.8,a32bcb,N303PQ,CRJ9,BOMBARDIER Regional Jet CRJ-900,0
takeoff,LGA,31,1784144105.18,2026-07-15T19:35:05Z,40.772392,-73.857773,303.8,a06a54,N126DN,A321,AIRBUS A-321,0
takeoff,JFK,22R,1784144156.16,2026-07-15T19:35:56Z,40.645411,-73.76731,213.8,a38b84,N3276J,BCS3,AIRBUS A220-300,0
landing,JFK,22L,1784144161.9,2026-07-15T19:36:01Z,40.634388,-73.763351,210.9,aced24,N932AN,B738,BOEING 737-800,0
takeoff,LGA,31,1784144180.57,2026-07-15T19:36:20Z,40.772289,-73.857573,300.9,a8f9a3,N678CA,CRJ9,BOMBARDIER Regional Jet CRJ-900,0
landing,LGA,22,1784144185.21,2026-07-15T19:36:25Z,40.775128,-73.879218,210.9,a31486,N298PQ,CRJ9,BOMBARDIER Regional Jet CRJ-900,0
landing,JFK,22R,1784144220.35,2026-07-15T19:37:00Z,40.631957,-73.777813,210.9,89639d,A6-EOD,A388,AIRBUS A-380-800,0
takeoff,JFK,31L,1784144238.29,2026-07-15T19:37:18Z,40.633528,-73.783961,300.9,a0232a,N108HQ,E75L,EMBRAER ERJ-170-200 (long wing),0
takeoff,LGA,31,1784144266.81,2026-07-15T19:37:46Z,40.772232,-73.857452,300.9,ac0a75,N875RW,E170,EMBRAER ERJ-170-100,0
landing,JFK,22L,1784144268.18,2026-07-15T19:37:48Z,40.631154,-73.765952,216.6,a22ac6,N239JQ,E75L,EMBRAER ERJ-170-200 (long wing),0
takeoff,JFK,22L,1784144268.18,2026-07-15T19:37:48Z,40.631154,-73.765952,216.6,a22ac6,N239JQ,E75L,EMBRAER ERJ-170-200 (long wing),0
landing,JFK,22L,1784144270.64,2026-07-15T19:37:50Z,40.630758,-73.766358,222.2,a22ac6,N239JQ,E75L,EMBRAER ERJ-170-200 (long wing),0
landing,LGA,22,1784144287.92,2026-07-15T19:38:07Z,40.774907,-73.879405,213.8,a1d45a,N217JQ,E75L,EMBRAER ERJ-170-200 (long wing),0
takeoff,JFK,22R,1784144319.51,2026-07-15T19:38:39Z,40.649139,-73.764404,213.8,a1acdb,N207JQ,E75L,EMBRAER ERJ-170-200 (long wing),0
landing,JFK,22L,1784144324.4,2026-07-15T19:38:44Z,40.633827,-73.76384,216.6,a20957,N230JQ,E75L,EMBRAER ERJ-170-200 (long wing),0
takeoff,JFK,22L,1784144330.93,2026-07-15T19:38:50Z,40.633051,-73.764876,233.4,a20957,N230JQ,E75L,EMBRAER ERJ-170-200 (long wing),0
landing,JFK,22L,1784144332.38,2026-07-15T19:38:52Z,40.632923,-73.765094,236.2,a20957,N230JQ,E75L,EMBRAER ERJ-170-200 (long wing),0
landing,JFK,13R,1784144377.93,2026-07-15T19:39:37Z,40.640709,-73.795962,163.1,0d12ac,XA-VMH,A20N,AIRBUS A-320neo,0
landing,JFK,22R,1784144395.01,2026-07-15T19:39:55Z,40.630875,-73.778687,210.9,8966d4,A6-XWL,A35K,AIRBUS A-350-1000,0
takeoff,LGA,31,1784144405.37,2026-07-15T19:40:05Z,40.772312,-73.85762,306.6,a0b820,N14533,A21N,AIRBUS A-321neo,0
landing,LGA,22,1784144408.43,2026-07-15T19:40:08Z,40.775757,-73.878677,213.8,c00b9c,C-FEKH,E75S,EMBRAER ERJ-170-200 (short wing),0
landing,JFK,22L,1784144420.33,2026-07-15T19:40:20Z,40.632993,-73.764439,210.9,ac791d,N9021H,A319,AIRBUS A-319,0
takeoff,JFK,31L,1784144441.39,2026-07-15T19:40:41Z,40.63546,-73.788222,300.9,a34978,N3102J,BCS3,AIRBUS A220-300,0
landing,JFK,22L,1784144520.6,2026-07-15T19:42:00Z,40.63979,-73.759125,212.4,a52fb2,N433QS,E55P,EMBRAER EMB-505 Phenom 300,0
landing,JFK,22R,1784144538.45,2026-07-15T19:42:18Z,40.632362,-73.777496,210.9,aaec9c,N8027D,A319,AIRBUS A-319,0
landing,JFK,22L,1784144597.58,2026-07-15T19:43:17Z,40.633074,-73.764376,213.8,a3915a,N329SL,B38M,BOEING 737 MAX 8,0
takeoff,LGA,31,1784144598.04,2026-07-15T19:43:18Z,40.772277,-73.857526,300.9,a0fbfa,N16234,B738,BOEING 737-800,0
landing,LGA,22,1784144604.36,2026-07-15T19:43:24Z,40.776059,-73.878437,213.8,a422f7,N366DX,A321,AIRBUS A-321,0
takeoff,JFK,31L,1784144632.04,2026-07-15T19:43:52Z,40.634913,-73.787036,300.9,0d12ac,XA-VMH,A20N,AIRBUS A-320neo,0
takeoff,JFK,22R,1784144639.22,2026-07-15T19:43:59Z,40.64637,-73.766556,213.8,0c20de,HP-9903CMP,B39M,BOEING 737 MAX 9,0
landing,LGA,04,1784144671.85,2026-07-15T19:44:31Z,40.772999,-73.882542,348.8,a46462,N382TA,C208,CESSNA 208 Caravan,8
landing,JFK,22L,1784144679.53,2026-07-15T19:44:39Z,40.631229,-73.765839,213.8,adb35c,N982JB,A321,AIRBUS A-321,0
landing,LGA,22,1784144694.46,2026-07-15T19:44:54Z,40.775299,-73.879059,210.9,a33e5e,N308PQ,CRJ9,BOMBARDIER Regional Jet CRJ-900,0
takeoff,JFK,22R,1784144716.42,2026-07-15T19:45:16Z,40.649402,-73.764189,213.8,a53ba4,N436YX,E75L,EMBRAER ERJ-170-200 (long wing),0
landing,LGA,22,1784144756.82,2026-07-15T19:45:56Z,40.77443,-73.879795,213.8,a4795a,N388DN,A321,AIRBUS A-321,0
landing,JFK,22L,1784144764.56,2026-07-15T19:46:04Z,40.632236,-73.765015,213.8,adf128,N998JE,A321,AIRBUS A-321,0
takeoff,LGA,31,1784144777.58,2026-07-15T19:46:17Z,40.774132,-73.861435,303.8,ac92b1,N909XJ,CRJ9,BOMBARDIER Regional Jet CRJ-900,0
takeoff,JFK,31L,1784144793.93,2026-07-15T19:46:33Z,40.635192,-73.78766,300.9,a3b79c,N339DU,,,0
landing,JFK,22L,1784144826.38,2026-07-15T19:47:06Z,40.633301,-73.764175,210.9,a2e806,N287AK,B739,BOEING 737-900,0
takeoff,LGA,31,1784144846.17,2026-07-15T19:47:26Z,40.772382,-73.85776,303.8,abf351,N8695D,B738,BOEING 737-800,0
landing,LGA,22,1784144846.44,2026-07-15T19:47:26Z,40.776187,-73.878344,210.9,a305aa,N294PQ,CRJ9,BOMBARDIER Regional Jet CRJ-900,0
landing,LGA,22,1784144924.67,2026-07-15T19:48:44Z,40.77791,-73.876924,213.8,c055f5,C-GGOI,DH8D,DE HAVILLAND DHC-8-400 Dash 8,0
landing,JFK,22L,1784144931.19,2026-07-15T19:48:51Z,40.636158,-73.761989,210.9,a4ee82,N417DX,A339,AIRBUS A-330-900,0
landing,JFK,22R,1784144995.1,2026-07-15T19:49:55Z,40.632888,-73.777126,213.8,a759eb,N573DT,A21N,AIRBUS A-321neo,0
landing,LGA,22,1784145023.65,2026-07-15T19:50:23Z,40.776443,-73.878128,213.8,a3b124,N337PQ,CRJ9,BOMBARDIER Regional Jet CRJ-900,0
takeoff,LGA,31,1784145025.09,2026-07-15T19:50:25Z,40.772335,-73.857681,303.8,a44cda,N3763D,B738,BOEING 737-800,0
landing,JFK,22L,1784145052.46,2026-07-15T19:50:52Z,40.633289,-73.764221,210.9,aca99c,N915DU,B739,BOEING 737-900,0
takeoff,JFK,31L,1784145059.1,2026-07-15T19:50:59Z,40.63496,-73.787129,300.9,a3c60d,N342PM,B738,BOEING 737-800,0
takeoff,JFK,22R,1784145068.34,2026-07-15T19:51:08Z,40.647424,-73.765749,210.9,ace5bd,N930AV,A20N,AIRBUS A-320neo,0
landing,JFK,22R,1784145069.49,2026-07-15T19:51:09Z,40.647045,-73.766037,210.9,ace5bd,N930AV,A20N,AIRBUS A-320neo,0
takeoff,JFK,22R,1784145069.49,2026-07-15T19:51:09Z,40.647045,-73.766037,210.9,ace5bd,N930AV,A20N,AIRBUS A-320neo,0
landing,LGA,22,1784145100.62,2026-07-15T19:51:40Z,40.774384,-73.879826,208.1,a18380,N197PQ,CRJ9,BOMBARDIER Regional Jet CRJ-900,0
takeoff,LGA,31,1784145101.93,2026-07-15T19:51:41Z,40.772335,-73.857682,303.8,a0fbb7,N16217,B738,BOEING 737-800,0
landing,JFK,22L,1784145119.44,2026-07-15T19:51:59Z,40.633244,-73.764267,213.8,a97608,N709AL,B39M,,0
landing,JFK,22L,1784145213.62,2026-07-15T19:53:33Z,40.633198,-73.764282,210.9,a18284,N197DN,B763,BOEING 767-300,0
landing,JFK,22L,1784145314.41,2026-07-15T19:55:14Z,40.633621,-73.76397,213.8,ad3581,N950JT,A321,AIRBUS A-321,0
takeoff,JFK,22R,1784145389.07,2026-07-15T19:56:29Z,40.645725,-73.767076,213.8,a01b5c,N106DU,BCS1,AIRBUS A220-100,0
takeoff,LGA,04,1784145391.27,2026-07-15T19:56:31Z,40.770172,-73.883301,33.8,a89d22,N654RW,E170,EMBRAER ERJ-170-100,0
landing,JFK,22L,1784145420.2,2026-07-15T19:57:00Z,40.634587,-73.763221,210.9,ab6162,N832SK,CRJ9,BOMBARDIER Regional Jet CRJ-900,0
takeoff,JFK,31L,1784145452.75,2026-07-15T19:57:32Z,40.63489,-73.786989,300.9,a02c40,N110AN,A321,AIRBUS A-321,0
landing,JFK,22L,1784145490.76,2026-07-15T19:58:10Z,40.632178,-73.765078,210.9,ac7e60,N904DN,B739,BOEING 737-900,0
landing,LGA,31,1784145526.68,2026-07-15T19:58:46Z,40.777393,-73.86824,298.1,a2c93f,N279PQ,CRJ9,BOMBARDIER Regional Jet CRJ-900,0
takeoff,LGA,04,1784145569.01,2026-07-15T19:59:29Z,40.773359,-73.880685,30.9,a4462e,N3748Y,B738,BOEING 737-800,0
takeoff,JFK,31L,1784145589.53,2026-07-15T19:59:49Z,40.635017,-73.787277,300.9,aac71d,N794CK,B77L,BOEING 777-200LR,0
landing,JFK,22L,1784145598.7,2026-07-15T19:59:58Z,40.632442,-73.764893,213.8,a3489f,N310UM,B38M,,0
takeoff,JFK,22R,1784145627.02,2026-07-15T20:00:27Z,40.645271,-73.767435,213.8,ab6b45,N835DN,B739,BOEING 737-900,0
landing,LGA,31,1784145629.4,2026-07-15T20:00:29Z,40.777293,-73.86806,303.8,a37e80,N324PQ,CRJ9,BOMBARDIER Regional Jet CRJ-900,0
landing,LGA,31,1784145690.15,2026-07-15T20:01:30Z,40.777199,-73.867859,300.9,a59f53,N461WN,B737,BOEING 737-700,0
takeoff,JFK,22R,1784145695.43,2026-07-15T20:01:35Z,40.645741,-73.767059,213.8,a78cfc,N586JB,A320,AIRBUS A-320,0
landing,LGA,31,1784145754.3,2026-07-15T20:02:34Z,40.777537,-73.868559,300.9,abfc97,N8711Q,B38M,BOEING 737 MAX 8,0
takeoff,JFK,22R,1784145759.87,2026-07-15T20:02:39Z,40.646393,-73.766571,213.8,a6709b,N514DE,A21N,AIRBUS A-321neo,0
landing,JFK,22L,1784145790.53,2026-07-15T20:03:10Z,40.630816,-73.76614,210.9,a76c79,N578DN,A21N,AIRBUS A-321neo,0
takeoff,JFK,31L,1784145844.84,2026-07-15T20:04:04Z,40.634777,-73.786743,298.1,a5e9f4,N480PX,CRJ9,BOMBARDIER Regional Jet CRJ-900,0
landing,LGA,31,1784145847.93,2026-07-15T20:04:07Z,40.775848,-73.865051,300.9,a63612,N5JM,C25C,CESSNA 525C Citation CJ4,0
landing,JFK,22L,1784145874.51,2026-07-15T20:04:34Z,40.633935,-73.763705,210.9,a35c97,N3156J,BCS3,AIRBUS A220-300,0
landing,LGA,31,1784145938.88,2026-07-15T20:05:38Z,40.776804,-73.867014,300.9,a47221,N386FR,A20N,AIRBUS A-320neo,0
landing,JFK,22L,1784145948.74,2026-07-15T20:05:48Z,40.630199,-73.766632,210.9,06a07a,A7-BAM,B77W,BOEING 777-300ER,0
takeoff,JFK,31L,1784145983.76,2026-07-15T20:06:23Z,40.634971,-73.787145,300.9,abe579,N866DN,B739,BOEING 737-900,0
takeoff,LGA,04,1784145988.59,2026-07-15T20:06:28Z,40.773941,-73.880201,30.9,a3a152,N333DU,BCS3,,0
landing,JFK,22R,1784146058.02,2026-07-15T20:07:38Z,40.631229,-73.778412,210.9,4cabd4,EI-LRH,A21N,AIRBUS A-321neo,0
landing,LGA,31,1784146074.89,2026-07-15T20:07:54Z,40.776828,-73.867092,300.9,a06a02,N126AF,PC24,PILATUS PC-24,0
landing,JFK,22L,1784146098.03,2026-07-15T20:08:18Z,40.633377,-73.764158,210.9,a7e198,N607DN,A21N,AIRBUS A-321neo,0
takeoff,JFK,22L,1784146098.03,2026-07-15T20:08:18Z,40.633377,-73.764158,210.9,a7e198,N607DN,A21N,AIRBUS A-321neo,0
landing,JFK,22L,1784146098.69,2026-07-15T20:08:18Z,40.633163,-73.764328,210.9,a7e198,N607DN,A21N,AIRBUS A-321neo,0
takeoff,JFK,22L,1784146098.69,2026-07-15T20:08:18Z,40.633163,-73.764328,210.9,a7e198,N607DN,A21N,AIRBUS A-321neo,0
landing,JFK,22L,1784146100.33,2026-07-15T20:08:20Z,40.632591,-73.764771,210.9,a7e198,N607DN,A21N,AIRBUS A-321neo,0
takeoff,LGA,04,1784146109.68,2026-07-15T20:08:29Z,40.774116,-73.88006,28.1,a30961,N295PQ,CRJ9,BOMBARDIER Regional Jet CRJ-900,0
takeoff,JFK,22R,1784146126.54,2026-07-15T20:08:46Z,40.645832,-73.766983,210.9,3c6517,D-AIHW,A346,AIRBUS A-340-600,0
landing,JFK,22L,1784146166.3,2026-07-15T20:09:26Z,40.634468,-73.763306,210.9,a173a8,N193DN,B763,BOEING 767-300,0
landing,LGA,31,1784146187.04,2026-07-15T20:09:47Z,40.778771,-73.871134,300.9,ac1f61,N880RW,E170,EMBRAER ERJ-170-100,0
takeoff,LGA,22,1784146201.26,2026-07-15T20:10:01Z,40.770927,-73.881184,210.9,a50900,N423YX,E75L,EMBRAER ERJ-170-200 (long wing),0
landing,LGA,31,1784146237.08,2026-07-15T20:10:37Z,40.777451,-73.868393,303.8,a9d5e7,N73278,B738,BOEING 737-800,0
landing,JFK,22R,1784146243.47,2026-07-15T20:10:43Z,40.627418,-73.781371,213.8,a4b64b,N402YX,E75L,EMBRAER ERJ-170-200 (long wing),0
takeoff,JFK,22R,1784146243.47,2026-07-15T20:10:43Z,40.627418,-73.781371,213.8,a4b64b,N402YX,E75L,EMBRAER ERJ-170-200 (long wing),0
landing,JFK,22R,1784146244.45,2026-07-15T20:10:44Z,40.627247,-73.781494,213.8,a4b64b,N402YX,E75L,EMBRAER ERJ-170-200 (long wing),0
landing,JFK,22L,1784146267.39,2026-07-15T20:11:07Z,40.632364,-73.764938,210.9,a33e85,N308RD,B38M,BOEING 737 MAX 8,0
takeoff,LGA,22,1784146268.47,2026-07-15T20:11:08Z,40.770367,-73.884521,188.4,a46462,N382TA,C208,CESSNA 208 Caravan,8
takeoff,LGA,04,1784146276.09,2026-07-15T20:11:16Z,40.772724,-73.881195,30.9,a8aa87,N658AW,A320,AIRBUS A-320,0
landing,LGA,04,1784146277.56,2026-07-15T20:11:17Z,40.773278,-73.880747,30.9,a8aa87,N658AW,A320,AIRBUS A-320,0
takeoff,LGA,04,1784146277.56,2026-07-15T20:11:17Z,40.773278,-73.880747,30.9,a8aa87,N658AW,A320,AIRBUS A-320,0
takeoff,JFK,31L,1784146289.95,2026-07-15T20:11:29Z,40.634766,-73.786697,298.1,ad9ac9,N976JT,A321,AIRBUS A-321,0
takeoff,JFK,22R,1784146304.67,2026-07-15T20:11:44Z,40.645775,-73.767044,210.9,8966d5,A6-XWN,A35K,AIRBUS A-350-1000,0
landing,JFK,22L,1784146352.62,2026-07-15T20:12:32Z,40.630979,-73.766093,216.6,a03816,N113HQ,E75L,EMBRAER ERJ-170-200 (long wing),0
landing,LGA,31,1784146361.16,2026-07-15T20:12:41Z,40.776798,-73.867035,298.1,a7cc00,N601LR,CRJ9,BOMBARDIER Regional Jet CRJ-900,0
landing,JFK,22L,1784146415.08,2026-07-15T20:13:35Z,40.634448,-73.763315,213.8,a360b7,N3169J,BCS3,AIRBUS A220-300,0
takeoff,JFK,31L,1784146441.96,2026-07-15T20:14:01Z,40.63512,-73.787476,300.9,acb2c2,N917XJ,CRJ9,BOMBARDIER Regional Jet CRJ-900,0
landing,LGA,31,1784146457.62,2026-07-15T20:14:17Z,40.778748,-73.871103,303.8,a00929,N101HQ,E75L,EMBRAER ERJ-170-200 (long wing),0
takeoff,LGA,04,1784146481.25,2026-07-15T20:14:41Z,40.771509,-73.882183,30.9,a3c2be,N341TR,B38M,BOEING 737 MAX 8,0
landing,JFK,22R,1784146496.69,2026-07-15T20:14:56Z,40.629734,-73.779576,213.8,a1a832,N2059J,A21N,AIRBUS A-321neo,0
landing,JFK,22L,1784146517.47,2026-07-15T20:15:17Z,40.63591,-73.762161,213.8,c03488,C-FTXF,B38M,BOEING 737 MAX 8,0
takeoff,JFK,31L,1784146519.02,2026-07-15T20:15:19Z,40.634482,-73.781261,300.9,a4b64b,N402YX,E75L,EMBRAER ERJ-170-200 (long wing),0
landing,JFK,31L,1784146520.58,2026-07-15T20:15:20Z,40.634482,-73.781277,300.9,a4b64b,N402YX,E75L,EMBRAER ERJ-170-200 (long wing),0
takeoff,JFK,31L,1784146520.58,2026-07-15T20:15:20Z,40.634482,-73.781277,300.9,a4b64b,N402YX,E75L,EMBRAER ERJ-170-200 (long wing),0
landing,JFK,31L,1784146528.6,2026-07-15T20:15:28Z,40.634517,-73.781355,300.9,a4b64b,N402YX,E75L,EMBRAER ERJ-170-200 (long wing),0
landing,LGA,31,1784146564.83,2026-07-15T20:16:04Z,40.777747,-73.869012,300.9,ad9645,N975AN,B738,BOEING 737-800,0
landing,JFK,22L,1784146594.33,2026-07-15T20:16:34Z,40.634983,-73.762894,213.8,a5f162,N482PX,CRJ9,BOMBARDIER Regional Jet CRJ-900,0
takeoff,JFK,31L,1784146595.97,2026-07-15T20:16:35Z,40.636205,-73.787067,300.9,a4b64b,N402YX,E75L,EMBRAER ERJ-170-200 (long wing),0
landing,JFK,31L,1784146598.15,2026-07-15T20:16:38Z,40.636311,-73.787308,300.9,a4b64b,N402YX,E75L,EMBRAER ERJ-170-200 (long wing),0
takeoff,LGA,04,1784146601.64,2026-07-15T20:16:41Z,40.773534,-73.880544,28.1,a93d7c,N695CA,CRJ9,BOMBARDIER Regional Jet CRJ-900,0
takeoff,JFK,22R,1784146633.63,2026-07-15T20:17:13Z,40.646622,-73.766388,213.8,a356f6,N314PD,B738,BOEING 737-800,0
landing,JFK,22L,1784146655.72,2026-07-15T20:17:35Z,40.633163,-73.764328,210.9,ab6851,N834MH,B764,BOEING 767-400,0
landing,LGA,31,1784146667.81,2026-07-15T20:17:47Z,40.777933,-73.869589,289.7,a20347,N229JQ,E75L,EMBRAER ERJ-170-200 (long wing),0
takeoff,JFK,31L,1784146691.23,2026-07-15T20:18:11Z,40.635098,-73.78743,298.1,a32f82,N304PQ,CRJ9,BOMBARDIER Regional Jet CRJ-900,0
landing,JFK,22L,1784146759.54,2026-07-15T20:19:19Z,40.633028,-73.764376,210.9,ad8bed,N972JT,A321,AIRBUS A-321,0
landing,LGA,31,1784146759.88,2026-07-15T20:19:19Z,40.777073,-73.867554,300.9,a14c70,N183GJ,CRJ9,BOMBARDIER Regional Jet CRJ-900,0
takeoff,LGA,04,1784146786.78,2026-07-15T20:19:46Z,40.770412,-73.883102,30.9,a026e1,N109HQ,E75L,EMBRAER ERJ-170-200 (long wing),0
landing,JFK,22L,1784146831.47,2026-07-15T20:20:31Z,40.635498,-73.762497,213.8,a5e02d,N478PX,CRJ9,BOMBARDIER Regional Jet CRJ-900,0
landing,LGA,31,1784146869.54,2026-07-15T20:21:09Z,40.777759,-73.869027,300.9,ac1951,N879RW,E170,EMBRAER ERJ-170-100,0
landing,JFK,22L,1784146897.27,2026-07-15T20:21:37Z,40.633621,-73.763947,210.9,ada5ee,N979JT,A321,AIRBUS A-321,0
landing,JFK,22L,1784146964.2,2026-07-15T20:22:44Z,40.633404,-73.76416,210.9,a4f5a7,N419AZ,B763,BOEING 767-300,0
landing,LGA,31,1784146980.79,2026-07-15T20:23:00Z,40.777611,-73.868729,298.1,a8a490,N656RW,E170,EMBRAER ERJ-170-100,0
takeoff,LGA,04,1784147022.35,2026-07-15T20:23:42Z,40.774919,-73.879405,33.8,c080db,C-GWUS,BCS3,AIRBUS A220-300,0
landing,JFK,22R,1784147030.03,2026-07-15T20:23:50Z,40.629959,-73.779404,212.4,ab9383,N845MD,B789,BOEING 787-9 Dreamliner,0
landing,JFK,22L,1784147073.7,2026-07-15T20:24:33Z,40.63269,-73.764704,213.8,ab0a9d,N810NW,A333,AIRBUS A-330-300,0
landing,LGA,31,1784147082.32,2026-07-15T20:24:42Z,40.777549,-73.86859,300.9,a062ef,N124DX,A321,AIRBUS A-321,0
takeoff,JFK,31L,1784147082.79,2026-07-15T20:24:42Z,40.635567,-73.788406,300.9,aafd1f,N807NW,A333,AIRBUS A-330-300,0
takeoff,LGA,04,1784147123.99,2026-07-15T20:25:23Z,40.774104,-73.88006,30.9,a77d89,N582CA,CRJ9,BOMBARDIER Regional Jet CRJ-900,0
landing,LGA,31,1784147191.52,2026-07-15T20:26:31Z,40.776828,-73.867061,303.8,aa7833,N774DE,B738,BOEING 737-800,0
takeoff,LGA,04,1784147222.56,2026-07-15T20:27:02Z,40.770103,-73.883362,30.9,a1b449,N209JQ,E75L,EMBRAER ERJ-170-200 (long wing),0
landing,JFK,22L,1784147229.19,2026-07-15T20:27:09Z,40.632694,-73.765594,241.9,a19a48,N202JQ,E75L,EMBRAER ERJ-170-200 (long wing),0
landing,JFK,22R,1784147254.62,2026-07-15T20:27:34Z,40.632306,-73.777594,213.8,ad846f,N970JB,A321,AIRBUS A-321,0
takeoff,LGA,04,1784147285.04,2026-07-15T20:28:05Z,40.769691,-73.883698,30.9,abdf3f,N864RW,E170,EMBRAER ERJ-170-100,0
landing,JFK,22L,1784147304.74,2026-07-15T20:28:24Z,40.632774,-73.764618,210.9,ab6fbf,N836MH,B764,BOEING 767-400,0
takeoff,JFK,22R,1784147325.37,2026-07-15T20:28:45Z,40.645878,-73.766968,210.9,aa8315,N777AN,B772,BOEING 777-200,0
takeoff,LGA,04,1784147326.38,2026-07-15T20:28:46Z,40.769379,-73.883946,14.1,a1dd2d,N219YX,E75L,EMBRAER ERJ-170-200 (long wing),0
landing,LGA,31,1784147363.06,2026-07-15T20:29:23Z,40.778352,-73.870276,300.9,acd120,N925DZ,B739,BOEING 737-900,0
landing,JFK,22L,1784147423.4,2026-07-15T20:30:23Z,40.63809,-73.760475,213.8,aa1d9c,N7509,GL7T,BOMBARDIER BD-700 Global 7000/7500,0
takeoff,LGA,04,1784147443.33,2026-07-15T20:30:43Z,40.771881,-73.881902,30.9,a2af3e,N272PQ,CRJ9,BOMBARDIER Regional Jet CRJ-900,0
takeoff,JFK,22R,1784147454.07,2026-07-15T20:30:54Z,40.648991,-73.764526,213.8,a1c1c7,N212JQ,E75L,EMBRAER ERJ-170-200 (long wing),0
takeoff,LGA,04,1784147485.2,2026-07-15T20:31:25Z,40.7742,-73.879974,30.9,a320a6,N300PQ,CRJ9,BOMBARDIER Regional Jet CRJ-900,0
landing,JFK,22L,1784147519.57,2026-07-15T20:31:59Z,40.633896,-73.763718,213.8,a6a3c2,N527JL,A320,AIRBUS A-320,0
takeoff,JFK,22L,1784147519.57,2026-07-15T20:31:59Z,40.633896,-73.763718,213.8,a6a3c2,N527JL,A320,AIRBUS A-320,0
landing,JFK,22L,1784147520.22,2026-07-15T20:32:00Z,40.633679,-73.763892,213.8,a6a3c2,N527JL,A320,AIRBUS A-320,0
takeoff,LGA,04,1784147528.75,2026-07-15T20:32:08Z,40.773617,-73.880478,30.9,ad9edf,N977NN,B738,BOEING 737-800,0
takeoff,JFK,22R,1784147530.05,2026-07-15T20:32:10Z,40.646061,-73.76683,210.9,ad2445,N946JL,A321,AIRBUS A-321,0
takeoff,LGA,04,1784147562.67,2026-07-15T20:32:42Z,40.7715,-73.882217,30.9,ac82f8,N905NN,B738,BOEING 737-800,0
takeoff,LGA,22,1784147665.4,2026-07-15T20:34:25Z,40.777281,-73.875925,213.8,a03f84,N115HQ,E75L,EMBRAER ERJ-170-200 (long wing),0
landing,LGA,22,1784147671.0,2026-07-15T20:34:31Z,40.777281,-73.875925,213.8,a03f84,N115HQ,E75L,EMBRAER ERJ-170-200 (long wing),0
landing,JFK,22L,1784147690.87,2026-07-15T20:34:50Z,40.634005,-73.763674,210.9,a3514f,N3125J,BCS3,,0
landing,LGA,31,1784147692.95,2026-07-15T20:34:52Z,40.777607,-73.868762,298.1,a1ff90,N228JQ,E75L,EMBRAER ERJ-170-200 (long wing),0
takeoff,LGA,04,1784147706.33,2026-07-15T20:35:06Z,40.769669,-73.883743,33.8,abdb88,N863RW,E170,EMBRAER ERJ-170-100,0
takeoff,LGA,04,1784147774.38,2026-07-15T20:36:14Z,40.769542,-73.883821,30.9,a4f7cb,N419YX,E75L,EMBRAER ERJ-170-200 (long wing),0
takeoff,JFK,22R,1784147781.19,2026-07-15T20:36:21Z,40.644631,-73.767934,210.9,3c7a51,D-ANRQ,A339,AIRBUS A-330-900,0
takeoff,LGA,22,1784147818.05,2026-07-15T20:36:58Z,40.769624,-73.882588,225.0,a06e71,N127HQ,E75L,EMBRAER ERJ-170-200 (long wing),0
landing,JFK,22L,1784147839.56,2026-07-15T20:37:19Z,40.634482,-73.763284,213.8,a05410,N120DU,BCS1,AIRBUS A220-100,0
takeoff,LGA,04,1784147870.49,2026-07-15T20:37:50Z,40.773627,-73.880466,30.9,aaffed,N808DN,B739,BOEING 737-900,0
takeoff,JFK,22R,1784147910.22,2026-07-15T20:38:30Z,40.644875,-73.767747,213.8,ad3cdf,N952JB,A321,AIRBUS A-321,0
landing,JFK,22L,1784147946.16,2026-07-15T20:39:06Z,40.633598,-73.76397,210.9,a3556f,N3138J,BCS3,AIRBUS A220-300,0
landing,LGA,31,1784147953.18,2026-07-15T20:39:13Z,40.777444,-73.868372,303.8,ada699,N979RP,E170,EMBRAER ERJ-170-100,0
takeoff,JFK,22R,1784147995.91,2026-07-15T20:39:55Z,40.64502,-73.767624,210.9,a38ef5,N3284J,BCS3,AIRBUS A220-300,0
takeoff,LGA,04,1784148039.01,2026-07-15T20:40:39Z,40.772068,-73.881746,30.9,a47d11,N389DN,A321,AIRBUS A-321,0
landing,JFK,22L,1784148070.4,2026-07-15T20:41:10Z,40.632481,-73.764876,213.8,ab4489,N825MH,B764,BOEING 767-400,0
takeoff,LGA,04,1784148095.16,2026-07-15T20:41:35Z,40.77379,-73.88031,30.9,c07b05,C-GUPG,BCS3,AIRBUS A220-300,0
takeoff,LGA,22,1784148098.01,2026-07-15T20:41:38Z,40.770846,-73.881231,210.9,a03f84,N115HQ,E75L,EMBRAER ERJ-170-200 (long wing),0
takeoff,LGA,04,1784148122.54,2026-07-15T20:42:02Z,40.771509,-73.882214,33.8,a33741,N306SW,B38M,BOEING 737 MAX 8,0
takeoff,JFK,31L,1784148123.85,2026-07-15T20:42:03Z,40.635157,-73.787566,300.9,acf906,N935JB,A321,AIRBUS A-321,0
takeoff,JFK,22R,1784148143.66,2026-07-15T20:42:23Z,40.644526,-73.768012,210.9,4caeb3,EI-TYD,A339,AIRBUS A-330-900,0
takeoff,LGA,04,1784148186.74,2026-07-15T20:43:06Z,40.771385,-73.882309,30.9,ad0851,N939NN,B738,BOEING 737-800,0
landing,JFK,22L,1784148191.04,2026-07-15T20:43:11Z,40.630991,-73.766015,212.4,7c8069,VH-ZNF,B789,BOEING 787-9 Dreamliner,0
landing,LGA,31,1784148262.05,2026-07-15T20:44:22Z,40.777782,-73.86911,303.8,a04e60,N119HQ,E75L,EMBRAER ERJ-170-200 (long wing),0
landing,LGA,31,1784148362.27,2026-07-15T20:46:02Z,40.777654,-73.868809,303.8,acf492,N934AN,B738,BOEING 737-800,0
takeoff,JFK,31L,1784148370.2,2026-07-15T20:46:10Z,40.635372,-73.78804,300.9,0c6062,9Y-JAM,B38M,BOEING 737 MAX 8,0
landing,JFK,31R,1784148402.51,2026-07-15T20:46:42Z,40.650387,-73.773956,300.9,a657f4,N508DA,A21N,AIRBUS A-321neo,0
takeoff,LGA,04,1784148407.92,2026-07-15T20:46:47Z,40.772929,-73.881028,30.9,a3183d,N299PQ,CRJ9,BOMBARDIER Regional Jet CRJ-900,0
landing,LGA,31,1784148478.19,2026-07-15T20:47:58Z,40.777302,-73.868042,303.8,a8c028,N663JB,A320,AIRBUS A-320,0
landing,JFK,31R,1784148485.75,2026-07-15T20:48:05Z,40.650639,-73.774521,302.4,740825,JY-BAE,B788,BOEING 787-8 Dreamliner,0
takeoff,LGA,04,1784148545.72,2026-07-15T20:49:05Z,40.772871,-73.881075,22.5,a0d6a8,N153PQ,CRJ9,BOMBARDIER Regional Jet CRJ-900,0
landing,JFK,31R,1784148611.14,2026-07-15T20:50:11Z,40.649065,-73.771055,300.9,484416,PH-BQM,B772,BOEING 777-200,0
takeoff,JFK,31L,1784148626.85,2026-07-15T20:50:26Z,40.6306,-73.777542,300.9,4b1886,HB-JHM,A333,AIRBUS A-330-300,0
landing,LGA,31,1784148629.52,2026-07-15T20:50:29Z,40.778829,-73.871321,303.8,abd063,N860RW,E170,EMBRAER ERJ-170-100,0
landing,LGA,31,1784148706.46,2026-07-15T20:51:46Z,40.777945,-73.869417,303.8,acdf9a,N929AA,A321,AIRBUS A-321,0
landing,JFK,31R,1784148735.93,2026-07-15T20:52:15Z,40.650496,-73.774255,300.9,4ac8a8,SE-REH,A333,AIRBUS A-330-300,0
takeoff,LGA,04,1784148754.69,2026-07-15T20:52:34Z,40.772277,-73.881574,33.8,a35701,N314PQ,CRJ9,BOMBARDIER Regional Jet CRJ-900,0
takeoff,JFK,31L,1784148759.98,2026-07-15T20:52:39Z,40.629707,-73.775543,300.9,a1d368,N2169J,A21N,AIRBUS A-321neo,0
takeoff,JFK,31L,1784148817.6,2026-07-15T20:53:37Z,40.628677,-73.77327,300.9,a22ac6,N239JQ,E75L,EMBRAER ERJ-170-200 (long wing),0
landing,LGA,31,1784148832.73,2026-07-15T20:53:52Z,40.777908,-73.869354,303.8,abd41a,N861RW,E170,EMBRAER ERJ-170-100,0
takeoff,JFK,31L,1784148884.86,2026-07-15T20:54:44Z,40.630293,-73.776845,300.9,a01880,N105NN,A321,AIRBUS A-321,0
landing,JFK,31R,1784148888.12,2026-07-15T20:54:48Z,40.65109,-73.775519,300.9,a57229,N450AN,A21N,AIRBUS A-321neo,0
takeoff,JFK,31R,1784148888.12,2026-07-15T20:54:48Z,40.65109,-73.775519,300.9,a57229,N450AN,A21N,AIRBUS A-321neo,0
landing,JFK,31R,1784148889.12,2026-07-15T20:54:49Z,40.651288,-73.775956,300.9,a57229,N450AN,A21N,AIRBUS A-321neo,0
landing,LGA,31,1784148912.0,2026-07-15T20:55:12Z,40.778492,-73.87056,303.8,a0634c,N124HQ,E75L,EMBRAER ERJ-170-200 (long wing),0
takeoff,LGA,04,1784148937.04,2026-07-15T20:55:37Z,40.772278,-73.881577,30.9,a06a02,N126AF,PC24,PILATUS PC-24,0
landing,JFK,31R,1784148986.96,2026-07-15T20:56:26Z,40.651966,-73.777405,300.9,a0275c,N109NN,A321,AIRBUS A-321,0
takeoff,LGA,22,1784148998.72,2026-07-15T20:56:38Z,40.770081,-73.883499,216.6,a4c8de,N407YX,E75L,EMBRAER ERJ-170-200 (long wing),0
landing,LGA,31,1784149035.1,2026-07-15T20:57:15Z,40.780357,-73.874435,303.8,c08852,C-GZQF,E295,EMBRAER ERJ-190-400,0
landing,JFK,31R,1784149072.37,2026-07-15T20:57:52Z,40.650261,-73.773666,303.8,a36b2d,N3194J,BCS3,,0
landing,LGA,31,1784149091.71,2026-07-15T20:58:11Z,40.777576,-73.868622,303.8,abae2c,N8515X,B738,BOEING 737-800,0
takeoff,LGA,31,1784149091.71,2026-07-15T20:58:11Z,40.777576,-73.868622,303.8,abae2c,N8515X,B738,BOEING 737-800,0
landing,LGA,31,1784149092.1,2026-07-15T20:58:12Z,40.777642,-73.868762,303.8,abae2c,N8515X,B738,BOEING 737-800,0
landing,JFK,31R,1784149184.35,2026-07-15T20:59:44Z,40.6497,-73.772507,300.9,a09a58,N138QS,,,0
takeoff,JFK,31L,1784149190.28,2026-07-15T20:59:50Z,40.630611,-73.777542,300.9,a3c5ea,N342NB,A319,AIRBUS A-319,0
landing,LGA,31,1784149219.07,2026-07-15T21:00:19Z,40.777908,-73.869324,300.9,a866c7,N640RW,E170,EMBRAER ERJ-170-100,0
takeoff,JFK,31L,1784149259.06,2026-07-15T21:00:59Z,40.630474,-73.777237,300.9,addadb,N992JB,A321,AIRBUS A-321,0
landing,LGA,31,1784149278.81,2026-07-15T21:01:18Z,40.777313,-73.868134,303.8,a3ad6d,N336PQ,CRJ9,BOMBARDIER Regional Jet CRJ-900,0
landing,JFK,31R,1784149326.95,2026-07-15T21:02:06Z,40.651451,-73.776283,300.9,aa6914,N770AN,B772,BOEING 777-200,0
takeoff,JFK,31L,1784149334.3,2026-07-15T21:02:14Z,40.630268,-73.776764,302.4,0d0a9b,XA-ADH,B789,BOEING 787-9 Dreamliner,0
landing,JFK,31L,1784149334.65,2026-07-15T21:02:14Z,40.630363,-73.776986,302.4,0d0a9b,XA-ADH,B789,BOEING 787-9 Dreamliner,0
takeoff,JFK,31L,1784149334.65,2026-07-15T21:02:14Z,40.630363,-73.776986,302.4,0d0a9b,XA-ADH,B789,BOEING 787-9 Dreamliner,0
landing,LGA,31,1784149394.08,2026-07-15T21:03:14Z,40.776352,-73.866089,303.8,aa3579,N757QS,CL35,BOMBARDIER BD-100 Challenger 350,0
takeoff,JFK,31L,1784149462.07,2026-07-15T21:04:22Z,40.63028,-73.776794,300.9,a9e8ce,N738AL,B39M,BOEING 737 MAX 9,0
landing,JFK,31R,1784149470.5,2026-07-15T21:04:30Z,40.651835,-73.777157,303.8,ad8fa4,N973JT,A321,AIRBUS A-321,0
landing,LGA,31,1784149472.97,2026-07-15T21:04:32Z,40.778946,-73.87154,303.8,c02e94,C-FRQP,E75S,EMBRAER ERJ-170-200 (short wing),0
landing,JFK,31L,1784149555.13,2026-07-15T21:05:55Z,40.64974,-73.810896,323.4,a6032d,N487FX,GLF4,GULFSTREAM 4,0
landing,JFK,31R,1784149579.92,2026-07-15T21:06:19Z,40.651371,-73.776154,300.9,aa7439,N773AN,B772,BOEING 777-200,0
landing,LGA,31,1784149588.65,2026-07-15T21:06:28Z,40.777828,-73.869171,303.8,a384f8,N326DU,BCS3,AIRBUS A220-300,0
takeoff,JFK,31L,1784149617.22,2026-07-15T21:06:57Z,40.628407,-73.772694,300.9,a20957,N230JQ,E75L,EMBRAER ERJ-170-200 (long wing),0
landing,JFK,31R,1784149690.43,2026-07-15T21:08:10Z,40.651393,-73.776158,300.9,780c5d,B-2093,B77L,BOEING 777-200LR,0
takeoff,JFK,31L,1784149723.77,2026-07-15T21:08:43Z,40.630543,-73.777359,300.9,4843f3,PH-BQP,B772,BOEING 777-200,0
landing,JFK,31R,1784149850.15,2026-07-15T21:10:50Z,40.650904,-73.775113,306.6,a08a85,N134EV,CRJ9,BOMBARDIER Regional Jet CRJ-900,0
takeoff,JFK,31L,1784149876.69,2026-07-15T21:11:16Z,40.630508,-73.777313,303.8,ac878c,N906XJ,CRJ9,BOMBARDIER Regional Jet CRJ-900,0
landing,JFK,31R,1784149953.31,2026-07-15T21:12:33Z,40.651265,-73.775909,300.9,71be27,HL7627,A388,AIRBUS A-380-800,0
takeoff,JFK,31L,1784149979.68,2026-07-15T21:12:59Z,40.630421,-73.777095,300.9,a67452,N515DE,A21N,AIRBUS A-321neo,0
landing,LGA,04,1784149992.86,2026-07-15T21:13:12Z,40.775665,-73.878784,28.1,a148b9,N182GJ,CRJ9,BOMBARDIER Regional Jet CRJ-900,0
takeoff,JFK,31L,1784150078.46,2026-07-15T21:14:38Z,40.630772,-73.777863,300.9,a11d47,N171DZ,B763,BOEING 767-300,0
landing,JFK,31R,1784150093.19,2026-07-15T21:14:53Z,40.652545,-73.778687,300.9,ab249e,N817NW,A333,AIRBUS A-330-300,0
landing,LGA,04,1784150119.26,2026-07-15T21:15:19Z,40.777496,-73.877228,33.8,a20d0e,N231JQ,E75L,EMBRAER ERJ-170-200 (long wing),0
takeoff,LGA,04,1784150143.21,2026-07-15T21:15:43Z,40.769554,-73.883806,33.8,a1d45a,N217JQ,E75L,EMBRAER ERJ-170-200 (long wing),0
takeoff,JFK,31L,1784150155.66,2026-07-15T21:15:55Z,40.63063,-73.777563,300.9,a32814,N302PQ,CRJ9,BOMBARDIER Regional Jet CRJ-900,0
landing,JFK,31R,1784150188.09,2026-07-15T21:16:28Z,40.650421,-73.773972,300.9,ab5d52,N831NW,A333,AIRBUS A-330-300,0
landing,LGA,04,1784150219.87,2026-07-15T21:16:59Z,40.777302,-73.877396,33.8,ac3e5d,N8883Q,B38M,BOEING 737 MAX 8,0
takeoff,JFK,31L,1784150244.65,2026-07-15T21:17:24Z,40.630723,-73.77775,300.9,a11380,N169DZ,B763,BOEING 767-300,0
takeoff,JFK,31L,1784150321.21,2026-07-15T21:18:41Z,40.630083,-73.776408,300.9,346045,EC-MYA,A332,AIRBUS A-330-200,0
landing,JFK,31L,1784150322.12,2026-07-15T21:18:42Z,40.630235,-73.77672,300.9,346045,EC-MYA,A332,AIRBUS A-330-200,0
takeoff,JFK,31L,1784150322.12,2026-07-15T21:18:42Z,40.630235,-73.77672,300.9,346045,EC-MYA,A332,AIRBUS A-330-200,0
landing,JFK,31R,1784150334.22,2026-07-15T21:18:54Z,40.652626,-73.778843,300.9,acd0ca,N925AN,B738,BOEING 737-800,0
landing,LGA,04,1784150352.6,2026-07-15T21:19:12Z,40.776025,-73.878484,30.9,ac36ef,N8863Q,B38M,BOEING 737 MAX 8,0
takeoff,JFK,31L,1784150404.26,2026-07-15T21:20:04Z,40.631012,-73.778381,300.9,a0563b,N1201P,B763,BOEING 767-300,0
landing,JFK,31R,1784150426.13,2026-07-15T21:20:26Z,40.650962,-73.775222,300.9,a77035,N579DT,A21N,AIRBUS A-321neo,0
takeoff,LGA,04,1784150442.16,2026-07-15T21:20:42Z,40.771265,-73.882401,33.8,a63612,N5JM,C25C,CESSNA 525C Citation CJ4,0
landing,JFK,31R,1784150506.93,2026-07-15T21:21:46Z,40.650729,-73.774707,300.9,4bb146,TC-LJF,B77W,BOEING 777-300ER,0
takeoff,JFK,31L,1784150533.53,2026-07-15T21:22:13Z,40.630688,-73.777719,300.9,781102,B-7882,B77W,BOEING 777-300ER,0
landing,LGA,04,1784150564.46,2026-07-15T21:22:44Z,40.776246,-73.878313,33.8,aca3e6,N913XJ,CRJ9,BOMBARDIER Regional Jet CRJ-900,0
landing,JFK,31R,1784150622.71,2026-07-15T21:23:42Z,40.650915,-73.775144,300.9,4b187a,HB-JHA,A333,AIRBUS A-330-300,0
landing,JFK,31L,1784150670.03,2026-07-15T21:24:30Z,40.640202,-73.798645,303.8,a44cca,N3762Y,B738,BOEING 737-800,0
takeoff,LGA,22,1784150740.63,2026-07-15T21:25:40Z,40.776874,-73.87541,213.8,abbb77,N855RW,E170,EMBRAER ERJ-170-100,0
landing,LGA,22,1784150752.07,2026-07-15T21:25:52Z,40.776867,-73.875412,213.8,abbb77,N855RW,E170,EMBRAER ERJ-170-100,0
takeoff,LGA,22,1784150752.07,2026-07-15T21:25:52Z,40.776867,-73.875412,213.8,abbb77,N855RW,E170,EMBRAER ERJ-170-100,0
landing,LGA,22,1784150757.54,2026-07-15T21:25:57Z,40.776874,-73.87541,213.8,abbb77,N855RW,E170,EMBRAER ERJ-170-100,0
landing,JFK,31R,1784150769.3,2026-07-15T21:26:09Z,40.64967,-73.772351,303.8,acc040,N920XJ,CRJ9,BOMBARDIER Regional Jet CRJ-900,0
takeoff,LGA,04,1784150791.01,2026-07-15T21:26:31Z,40.770321,-73.883194,30.9,a032bb,N1113R,GLF6,GULFSTREAM G650,8
landing,JFK,31R,1784150838.13,2026-07-15T21:27:18Z,40.650753,-73.774734,303.8,ab4840,N826MH,B764,BOEING 767-400,0
landing,JFK,31L,1784150917.56,2026-07-15T21:28:37Z,40.636682,-73.790937,300.9,aded77,N997JL,A321,AIRBUS A-321,0
landing,JFK,31R,1784150958.05,2026-07-15T21:29:18Z,40.651253,-73.775862,303.8,ad5329,N958JB,A321,AIRBUS A-321,0
takeoff,LGA,04,1784150972.0,2026-07-15T21:29:32Z,40.77277,-73.88118,30.9,a37e80,N324PQ,CRJ9,BOMBARDIER Regional Jet CRJ-900,0
landing,JFK,31R,1784151078.98,2026-07-15T21:31:18Z,40.649837,-73.77272,300.9,a5e3e4,N479PX,CRJ9,BOMBARDIER Regional Jet CRJ-900,0
takeoff,LGA,04,1784151113.82,2026-07-15T21:31:53Z,40.770112,-73.883353,30.9,abbb77,N855RW,E170,EMBRAER ERJ-170-100,0
landing,JFK,31R,1784151160.05,2026-07-15T21:32:40Z,40.651543,-73.776505,303.8,a97310,N708JB,A320,AIRBUS A-320,0
takeoff,LGA,04,1784151206.58,2026-07-15T21:33:26Z,40.773499,-73.88056,30.9,a4a0d9,N398DN,A321,AIRBUS A-321,0
landing,JFK,31R,1784151245.63,2026-07-15T21:34:05Z,40.650616,-73.774445,300.9,a64ce6,N505DZ,A21N,AIRBUS A-321neo,0
landing,JFK,31R,1784151348.7,2026-07-15T21:35:48Z,40.65088,-73.775019,300.9,a3401a,N3085J,BCS3,AIRBUS A220-300,0
landing,JFK,31R,1784151471.78,2026-07-15T21:37:51Z,40.650238,-73.773651,300.9,a35592,N3139J,BCS3,AIRBUS A220-300,0
landing,LGA,04,1784151740.6,2026-07-15T21:42:20Z,40.778515,-73.876377,33.8,a046f2,N117HQ,E75L,EMBRAER ERJ-170-200 (long wing),0
takeoff,LGA,04,1784151846.49,2026-07-15T21:44:06Z,40.772382,-73.88148,30.9,a305aa,N294PQ,CRJ9,BOMBARDIER Regional Jet CRJ-900,0
takeoff,LGA,04,1784151932.2,2026-07-15T21:45:32Z,40.772568,-73.881324,30.9,abfc97,N8711Q,B38M,BOEING 737 MAX 8,0
landing,JFK,31R,1784152266.3,2026-07-15T21:51:06Z,40.651772,-73.777039,300.9,ade609,N995JL,A321,AIRBUS A-321,0
landing,LGA,04,1784152394.69,2026-07-15T21:53:14Z,40.776176,-73.878359,30.9,a0267b,N109DN,A321,AIRBUS A-321,0
takeoff,JFK,31L,1784152433.43,2026-07-15T21:53:53Z,40.630486,-73.777267,300.9,aced24,N932AN,B738,BOEING 737-800,0
landing,JFK,31L,1784152433.73,2026-07-15T21:53:53Z,40.630607,-73.777532,300.9,aced24,N932AN,B738,BOEING 737-800,0
takeoff,JFK,31L,1784152433.73,2026-07-15T21:53:53Z,40.630607,-73.777532,300.9,aced24,N932AN,B738,BOEING 737-800,0
takeoff,LGA,04,1784152473.28,2026-07-15T21:54:33Z,40.77251,-73.881371,30.9,a9d5e7,N73278,B738,BOEING 737-800,0
takeoff,JFK,31L,1784152645.49,2026-07-15T21:57:25Z,40.631235,-73.778921,300.9,4ca74e,EI-EAV,A333,AIRBUS A-330-300,0
takeoff,JFK,31L,1784152712.31,2026-07-15T21:58:32Z,40.629897,-73.775956,300.9,3965b0,F-GZNQ,B77W,BOEING 777-300ER,0
takeoff,JFK,31L,1784152795.13,2026-07-15T21:59:55Z,40.630107,-73.776408,300.9,a759eb,N573DT,A21N,AIRBUS A-321neo,0
takeoff,JFK,31L,1784152856.13,2026-07-15T22:00:56Z,40.630657,-73.777664,300.9,ade9c0,N996JL,A321,AIRBUS A-321,0
takeoff,JFK,31L,1784152915.43,2026-07-15T22:01:55Z,40.630096,-73.776413,300.9,a67805,N516DA,A21N,AIRBUS A-321neo,0
takeoff,JFK,31L,1784152973.56,2026-07-15T22:02:53Z,40.628769,-73.773453,300.9,a6032d,N487FX,GLF4,GULFSTREAM 4,0
landing,JFK,31R,1784152979.53,2026-07-15T22:02:59Z,40.650904,-73.775082,300.9,a6981a,N524DE,A21N,AIRBUS A-321neo,0
landing,LGA,04,1784152981.8,2026-07-15T22:03:01Z,40.779539,-73.87555,30.9,a23844,N242JQ,E75L,EMBRAER ERJ-170-200 (long wing),0
landing,LGA,04,1784152985.5,2026-07-15T22:03:05Z,40.780179,-73.87502,30.9,a23844,N242JQ,E75L,EMBRAER ERJ-170-200 (long wing),0
takeoff,JFK,31L,1784153058.71,2026-07-15T22:04:18Z,40.631003,-73.778374,300.9,a4c703,N407DX,A339,AIRBUS A-330-900,0
takeoff,LGA,04,1784153072.75,2026-07-15T22:04:32Z,40.773365,-73.880676,30.9,a3411f,N309DU,BCS3,AIRBUS A220-300,0
takeoff,JFK,31L,1784153147.54,2026-07-15T22:05:47Z,40.630269,-73.776798,300.9,a03235,N111ZM,A321,AIRBUS A-321,0
landing,LGA,04,1784153184.11,2026-07-15T22:06:24Z,40.77713,-73.877579,30.9,ab0a73,N810MD,E170,EMBRAER ERJ-170-100,0
landing,JFK,31R,1784153189.9,2026-07-15T22:06:29Z,40.650508,-73.774192,300.9,a77645,N580DT,A21N,AIRBUS A-321neo,0
takeoff,JFK,31L,1784153209.67,2026-07-15T22:06:49Z,40.630463,-73.777206,300.9,aabf80,N792AN,B772,BOEING 777-200,0
landing,JFK,31L,1784153210.3,2026-07-15T22:06:50Z,40.630611,-73.777527,300.9,aabf80,N792AN,B772,BOEING 777-200,0
takeoff,JFK,31L,1784153210.3,2026-07-15T22:06:50Z,40.630611,-73.777527,300.9,aabf80,N792AN,B772,BOEING 777-200,0
takeoff,LGA,04,1784153264.17,2026-07-15T22:07:44Z,40.771946,-73.881851,30.9,abe448,N86534,B738,BOEING 737-800,0
landing,JFK,31R,1784153294.68,2026-07-15T22:08:14Z,40.650299,-73.773755,300.9,a6a33f,N527DE,A21N,AIRBUS A-321neo,0
takeoff,JFK,31L,1784153302.27,2026-07-15T22:08:22Z,40.630898,-73.77814,300.9,a97608,N709AL,B39M,,0
takeoff,LGA,04,1784153306.58,2026-07-15T22:08:26Z,40.771603,-73.882141,30.9,abc432,N8573Z,B738,BOEING 737-800,0
takeoff,JFK,31L,1784153372.05,2026-07-15T22:09:32Z,40.63063,-73.777563,300.9,a0f4b5,N1605,B763,BOEING 767-300,0
takeoff,LGA,04,1784153408.3,2026-07-15T22:10:08Z,40.772638,-73.881278,30.9,a35d79,N316DU,BCS3,AIRBUS A220-300,0
landing,JFK,31R,1784153418.79,2026-07-15T22:10:18Z,40.650927,-73.775144,300.9,a398bc,N3304J,BCS3,AIRBUS A220-300,0
takeoff,JFK,31L,1784153456.39,2026-07-15T22:10:56Z,40.631069,-73.778519,300.9,a2e806,N287AK,B739,BOEING 737-900,0
landing,JFK,31R,1784153520.16,2026-07-15T22:12:00Z,40.651323,-73.776018,300.9,ac1e2d,N880DN,B739,BOEING 737-900,0
takeoff,JFK,31L,1784153526.19,2026-07-15T22:12:06Z,40.631084,-73.778546,300.9,ab048d,N809NW,A333,AIRBUS A-330-300,0
landing,LGA,04,1784153562.22,2026-07-15T22:12:42Z,40.776169,-73.878357,30.9,ab83e8,N841DN,B739,BOEING 737-900,0
takeoff,JFK,31L,1784153604.39,2026-07-15T22:13:24Z,40.630165,-73.776517,300.9,aaec9c,N8027D,A319,AIRBUS A-319,0
takeoff,LGA,04,1784153633.52,2026-07-15T22:13:53Z,40.772587,-73.881317,30.9,a7a1e8,N591JB,A320,AIRBUS A-320,0
landing,JFK,31R,1784153657.59,2026-07-15T22:14:17Z,40.651486,-73.776377,300.9,a4421d,N3736C,B738,BOEING 737-800,0
takeoff,JFK,31L,1784153727.67,2026-07-15T22:15:27Z,40.630886,-73.77814,300.9,3c6717,D-AIXW,A359,AIRBUS A-350-900,0
landing,LGA,04,1784153779.29,2026-07-15T22:16:19Z,40.778355,-73.876526,30.9,ab3d17,N823MD,E170,EMBRAER ERJ-170-100,0
takeoff,LGA,04,1784153834.77,2026-07-15T22:17:14Z,40.772533,-73.881356,30.9,a445d9,N3746H,B738,BOEING 737-800,0
takeoff,JFK,31L,1784153884.16,2026-07-15T22:18:04Z,40.630595,-73.777469,300.9,a13748,N178DZ,B763,BOEING 767-300,0
landing,LGA,04,1784153938.82,2026-07-15T22:18:58Z,40.775608,-73.87883,33.8,a01f0d,N107DN,A321,AIRBUS A-321,0
takeoff,JFK,31L,1784153976.93,2026-07-15T22:19:36Z,40.628632,-73.773193,300.9,a4b64b,N402YX,E75L,EMBRAER ERJ-170-200 (long wing),0
takeoff,LGA,04,1784153998.02,2026-07-15T22:19:58Z,40.772655,-73.881256,30.9,a654cb,N507JT,A320,AIRBUS A-320,0
landing,JFK,31R,1784154020.63,2026-07-15T22:20:20Z,40.650322,-73.773786,300.9,a40455,N358UP,B763,BOEING 767-300,0
takeoff,JFK,31L,1784154059.35,2026-07-15T22:20:59Z,40.630828,-73.778031,302.4,7380c8,4X-EDJ,B789,BOEING 787-9 Dreamliner,0
takeoff,JFK,31L,1784154156.23,2026-07-15T22:22:36Z,40.630371,-73.777023,300.9,c03488,C-FTXF,B38M,BOEING 737 MAX 8,0
landing,LGA,04,1784154170.53,2026-07-15T22:22:50Z,40.776478,-73.878125,30.9,a0de99,N155UW,A321,AIRBUS A-321,0
landing,JFK,31R,1784154172.35,2026-07-15T22:22:52Z,40.65059,-73.774395,300.9,a1bc29,N2102J,A21N,AIRBUS A-321neo,0
takeoff,JFK,31L,1784154226.76,2026-07-15T22:23:46Z,40.631561,-73.779623,303.8,a3915a,N329SL,B38M,BOEING 737 MAX 8,0
landing,JFK,31L,1784154227.43,2026-07-15T22:23:47Z,40.631664,-73.779861,300.9,a3915a,N329SL,B38M,BOEING 737 MAX 8,0
takeoff,JFK,31L,1784154227.43,2026-07-15T22:23:47Z,40.631664,-73.779861,300.9,a3915a,N329SL,B38M,BOEING 737 MAX 8,0
takeoff,LGA,04,1784154235.33,2026-07-15T22:23:55Z,40.772545,-73.881356,25.3,a33e5e,N308PQ,CRJ9,BOMBARDIER Regional Jet CRJ-900,0
takeoff,LGA,04,1784154285.34,2026-07-15T22:24:45Z,40.773285,-73.880737,30.9,a32bcb,N303PQ,CRJ9,BOMBARDIER Regional Jet CRJ-900,0
takeoff,JFK,31L,1784154304.15,2026-07-15T22:25:04Z,40.630875,-73.778109,300.9,a35c97,N3156J,BCS3,AIRBUS A220-300,0
takeoff,JFK,31L,1784154373.11,2026-07-15T22:26:13Z,40.632748,-73.782245,300.9,a34d98,N3115J,BCS3,AIRBUS A220-300,0
landing,JFK,31R,1784154402.65,2026-07-15T22:26:42Z,40.650799,-73.774832,300.9,406a34,G-STBI,B77W,BOEING 777-300ER,0
takeoff,LGA,04,1784154452.27,2026-07-15T22:27:32Z,40.772449,-73.881439,30.9,a2c93f,N279PQ,CRJ9,BOMBARDIER Regional Jet CRJ-900,0
takeoff,LGA,04,1784154508.15,2026-07-15T22:28:28Z,40.771928,-73.881871,30.9,ad9645,N975AN,B738,BOEING 737-800,0
takeoff,LGA,22,1784154512.03,2026-07-15T22:28:32Z,40.771125,-73.884055,210.9,c00b9c,C-FEKH,E75S,EMBRAER ERJ-170-200 (short wing),0
takeoff,JFK,31L,1784154516.75,2026-07-15T22:28:36Z,40.630875,-73.778109,300.9,a360b7,N3169J,BCS3,AIRBUS A220-300,0
landing,JFK,31R,1784154550.83,2026-07-15T22:29:10Z,40.650508,-73.774223,300.9,a8aef3,N659JB,A320,AIRBUS A-320,0
takeoff,LGA,04,1784154579.67,2026-07-15T22:29:39Z,40.769669,-73.883728,30.9,a04e60,N119HQ,E75L,EMBRAER ERJ-170-200 (long wing),0
takeoff,JFK,31L,1784154662.01,2026-07-15T22:31:02Z,40.630165,-73.776517,300.9,a7e198,N607DN,A21N,AIRBUS A-321neo,0
landing,JFK,31R,1784154671.34,2026-07-15T22:31:11Z,40.649344,-73.771695,300.9,a3355e,N3058J,BCS3,AIRBUS A220-300,0
landing,LGA,04,1784154721.05,2026-07-15T22:32:01Z,40.777233,-73.877502,30.9,ac02b4,N873NN,B738,BOEING 737-800,0
takeoff,LGA,04,1784154763.37,2026-07-15T22:32:43Z,40.769531,-73.883835,30.9,a00929,N101HQ,E75L,EMBRAER ERJ-170-200 (long wing),0
takeoff,LGA,22,1784154784.79,2026-07-15T22:33:04Z,40.769165,-73.88356,255.9,ac1f61,N880RW,E170,EMBRAER ERJ-170-100,0
landing,JFK,31R,1784154797.27,2026-07-15T22:33:17Z,40.651417,-73.776245,299.6,485b42,PH-BKA,B78X,BOEING 787-10 Dreamliner,0
takeoff,JFK,31L,1784154812.74,2026-07-15T22:33:32Z,40.630898,-73.778172,300.9,a5e02d,N478PX,CRJ9,BOMBARDIER Regional Jet CRJ-900,0
takeoff,JFK,31L,1784154887.54,2026-07-15T22:34:47Z,40.630572,-73.777407,300.9,a33e85,N308RD,B38M,BOEING 737 MAX 8,0
takeoff,JFK,31L,1784154956.24,2026-07-15T22:35:56Z,40.630875,-73.778137,300.9,adf128,N998JE,A321,AIRBUS A-321,0
landing,JFK,31R,1784154969.5,2026-07-15T22:36:09Z,40.650217,-73.773615,300.9,a6c358,N535DN,A21N,AIRBUS A-321neo,0
landing,LGA,04,1784154971.25,2026-07-15T22:36:11Z,40.774931,-73.879389,30.9,a08317,N132EV,CRJ9,BOMBARDIER Regional Jet CRJ-900,0
takeoff,JFK,31L,1784155024.77,2026-07-15T22:37:04Z,40.630119,-73.776428,300.9,ad3581,N950JT,A321,AIRBUS A-321,0
takeoff,LGA,04,1784155061.13,2026-07-15T22:37:41Z,40.773336,-73.880716,30.9,a34ae6,N311DU,BCS3,AIRBUS A220-300,0
landing,JFK,31R,1784155071.38,2026-07-15T22:37:51Z,40.650403,-73.773974,300.9,a5325b,N434DX,A339,AIRBUS A-330-900,0
takeoff,JFK,31L,1784155095.36,2026-07-15T22:38:15Z,40.631189,-73.778796,300.9,ab35d3,N821NW,A333,AIRBUS A-330-300,0
takeoff,LGA,04,1784155104.94,2026-07-15T22:38:24Z,40.771935,-73.881851,33.8,a7cc00,N601LR,CRJ9,BOMBARDIER Regional Jet CRJ-900,0
takeoff,JFK,31L,1784155212.85,2026-07-15T22:40:12Z,40.628746,-73.773422,303.8,a19a48,N202JQ,E75L,EMBRAER ERJ-170-200 (long wing),0
landing,JFK,31R,1784155227.98,2026-07-15T22:40:27Z,40.651136,-73.775612,300.9,a19343,N200NV,B738,BOEING 737-800,0
landing,LGA,04,1784155231.84,2026-07-15T22:40:31Z,40.777199,-73.877502,30.9,a1f595,N225WN,B737,BOEING 737-700,0
takeoff,LGA,04,1784155272.25,2026-07-15T22:41:12Z,40.769669,-73.883713,30.9,a1ff90,N228JQ,E75L,EMBRAER ERJ-170-200 (long wing),0
takeoff,JFK,31L,1784155282.5,2026-07-15T22:41:22Z,40.630383,-73.777039,303.8,a5f162,N482PX,CRJ9,BOMBARDIER Regional Jet CRJ-900,0
takeoff,JFK,31L,1784155342.56,2026-07-15T22:42:22Z,40.630293,-73.776829,300.9,ab6162,N832SK,CRJ9,BOMBARDIER Regional Jet CRJ-900,0
landing,JFK,31R,1784155363.1,2026-07-15T22:42:43Z,40.65065,-73.774551,300.9,a3ca1a,N343SY,B38M,BOEING 737 MAX 8,0
landing,LGA,04,1784155397.81,2026-07-15T22:43:17Z,40.777456,-73.877314,33.8,a0b199,N144AN,A321,AIRBUS A-321,0
takeoff,JFK,31L,1784155403.7,2026-07-15T22:43:23Z,40.630886,-73.778137,300.9,a14104,N180DN,B763,BOEING 767-300,0
takeoff,LGA,22,1784155427.02,2026-07-15T22:43:47Z,40.77079,-73.884293,208.1,a8a0d9,N655RW,E170,EMBRAER ERJ-170-100,0
landing,JFK,31R,1784155441.6,2026-07-15T22:44:01Z,40.651718,-73.776876,302.4,ab5867,N830AN,B789,BOEING 787-9 Dreamliner,0
landing,JFK,31R,1784155442.09,2026-07-15T22:44:02Z,40.651846,-73.777157,302.4,ab5867,N830AN,B789,BOEING 787-9 Dreamliner,0
takeoff,LGA,04,1784155468.5,2026-07-15T22:44:28Z,40.773499,-73.88056,30.9,a59f53,N461WN,B737,BOEING 737-700,0
takeoff,JFK,31L,1784155491.85,2026-07-15T22:44:51Z,40.630153,-73.776533,303.8,ab53e4,N829SK,CRJ9,BOMBARDIER Regional Jet CRJ-900,0
takeoff,LGA,04,1784155521.7,2026-07-15T22:45:21Z,40.770287,-73.883209,30.9,a0634c,N124HQ,E75L,EMBRAER ERJ-170-200 (long wing),0
takeoff,JFK,31L,1784155598.34,2026-07-15T22:46:38Z,40.630554,-73.77739,303.8,a19910,N2017J,A21N,AIRBUS A-321neo,0
landing,JFK,31R,1784155606.78,2026-07-15T22:46:46Z,40.651016,-73.775314,300.9,acba30,N919XJ,CRJ9,BOMBARDIER Regional Jet CRJ-900,0
landing,LGA,04,1784155614.27,2026-07-15T22:46:54Z,40.777199,-73.877502,30.9,a426a5,N367DN,A321,AIRBUS A-321,0
takeoff,JFK,31L,1784155706.78,2026-07-15T22:48:26Z,40.630566,-73.77742,300.9,a36b2d,N3194J,BCS3,,0
landing,LGA,04,1784155742.85,2026-07-15T22:49:02Z,40.777328,-73.877407,30.9,a5cfa5,N47370,B38M,,0
takeoff,JFK,31L,1784155780.17,2026-07-15T22:49:40Z,40.63068,-73.777664,300.9,ad2baa,N948JB,A321,AIRBUS A-321,0
landing,JFK,31R,1784155794.24,2026-07-15T22:49:54Z,40.650171,-73.773474,300.9,a1a435,N2047J,A21N,AIRBUS A-321neo,0
takeoff,LGA,04,1784155879.52,2026-07-15T22:51:19Z,40.771299,-73.882386,30.9,a0b841,N14541,A21N,AIRBUS A-321neo,0
takeoff,JFK,31L,1784155882.89,2026-07-15T22:51:22Z,40.630712,-73.77775,300.9,aca99c,N915DU,B739,BOEING 737-900,0
takeoff,LGA,04,1784155910.79,2026-07-15T22:51:50Z,40.76968,-73.883698,30.9,abd063,N860RW,E170,EMBRAER ERJ-170-100,0
landing,JFK,31R,1784155949.8,2026-07-15T22:52:29Z,40.652,-73.777481,302.4,02013e,CN-RGZ,B789,BOEING 787-9 Dreamliner,0
takeoff,JFK,31L,1784155975.87,2026-07-15T22:52:55Z,40.630828,-73.778,302.4,ab8fcb,N844MC,B789,BOEING 787-9 Dreamliner,0
takeoff,LGA,04,1784156050.11,2026-07-15T22:54:10Z,40.773331,-73.880722,30.9,a1427f,N180US,A321,AIRBUS A-321,0
takeoff,JFK,31L,1784156080.42,2026-07-15T22:54:40Z,40.630772,-73.777908,302.4,4ca9e7,EI-NUA,B789,BOEING 787-9 Dreamliner,0
landing,JFK,31L,1784156080.9,2026-07-15T22:54:40Z,40.630875,-73.77814,302.4,4ca9e7,EI-NUA,B789,BOEING 787-9 Dreamliner,0
takeoff,JFK,31L,1784156081.84,2026-07-15T22:54:41Z,40.631096,-73.778608,302.4,4ca9e7,EI-NUA,B789,BOEING 787-9 Dreamliner,0
takeoff,LGA,04,1784156118.53,2026-07-15T22:55:18Z,40.772507,-73.881363,30.9,a422f7,N366DX,A321,AIRBUS A-321,0
landing,JFK,31R,1784156126.81,2026-07-15T22:55:26Z,40.651928,-73.777313,300.9,ac893a,N907AN,B738,BOEING 737-800,0
landing,LGA,31,1784156192.46,2026-07-15T22:56:32Z,40.777793,-73.86909,303.8,a4463e,N3749D,B738,BOEING 737-800,0
takeoff,LGA,22,1784156198.35,2026-07-15T22:56:38Z,40.770205,-73.884524,182.8,a8a490,N656RW,E170,EMBRAER ERJ-170-100,0
landing,JFK,31R,1784156212.67,2026-07-15T22:56:52Z,40.651028,-73.775375,300.9,adf4e9,N999JQ,A321,AIRBUS A-321,0
takeoff,LGA,04,1784156234.31,2026-07-15T22:57:14Z,40.771986,-73.881855,30.9,a0dae2,N154UW,A321,AIRBUS A-321,0
landing,JFK,31R,1784156321.25,2026-07-15T22:58:41Z,40.650856,-73.774948,300.9,4ca5c7,EI-DUZ,A333,AIRBUS A-330-300,0
landing,LGA,31,1784156339.34,2026-07-15T22:58:59Z,40.77905,-73.871836,292.5,abccf8,N86EX,C208,CESSNA 208 Caravan,0
takeoff,LGA,22,1784156377.02,2026-07-15T22:59:37Z,40.770205,-73.884539,182.8,a35e6f,N316PQ,CRJ9,BOMBARDIER Regional Jet CRJ-900,0
takeoff,JFK,31L,1784156395.45,2026-07-15T22:59:55Z,40.634052,-73.785147,302.4,ac6d1a,N90CW,HDJT,HONDA HondaJet,0
takeoff,LGA,04,1784156412.2,2026-07-15T23:00:12Z,40.769658,-73.883743,30.9,a2270f,N238JQ,E75L,EMBRAER ERJ-170-200 (long wing),0
landing,JFK,31R,1784156450.53,2026-07-15T23:00:50Z,40.651108,-73.775513,300.9,a1a3a9,N2043J,A21N,AIRBUS A-321neo,0
landing,LGA,31,1784156468.9,2026-07-15T23:01:08Z,40.777002,-73.867451,300.9,a36994,N319PQ,CRJ9,BOMBARDIER Regional Jet CRJ-900,0
takeoff,JFK,31L,1784156484.48,2026-07-15T23:01:24Z,40.630348,-73.776932,300.9,a76c79,N578DN,A21N,AIRBUS A-321neo,0
landing,JFK,31R,1784156554.79,2026-07-15T23:02:34Z,40.651113,-73.775565,303.8,a38836,N3269J,BCS3,AIRBUS A220-300,0
takeoff,JFK,31L,1784156591.68,2026-07-15T23:03:11Z,40.631733,-73.780029,300.9,aa1d9c,N7509,GL7T,BOMBARDIER BD-700 Global 7000/7500,0
landing,LGA,31,1784156611.1,2026-07-15T23:03:31Z,40.778904,-73.871384,303.8,ac159a,N878RW,E170,EMBRAER ERJ-170-100,0
takeoff,LGA,04,1784156651.5,2026-07-15T23:04:11Z,40.773193,-73.880814,33.8,a3b124,N337PQ,CRJ9,BOMBARDIER Regional Jet CRJ-900,0
takeoff,JFK,31L,1784156665.88,2026-07-15T23:04:25Z,40.630991,-73.778343,300.9,a3556f,N3138J,BCS3,AIRBUS A220-300,0
landing,JFK,31R,1784156690.09,2026-07-15T23:04:50Z,40.650427,-73.77402,300.9,34604e,EC-MXV,A359,AIRBUS A-350-900,0
landing,LGA,31,1784156716.96,2026-07-15T23:05:16Z,40.777325,-73.868103,303.8,a36661,N318UX,B38M,BOEING 737 MAX 8,0
takeoff,LGA,22,1784156727.28,2026-07-15T23:05:27Z,40.773262,-73.882248,213.8,a988ec,N713TS,E190,EMBRAER ERJ-190-100,8
takeoff,JFK,31L,1784156730.57,2026-07-15T23:05:30Z,40.631607,-73.779709,300.9,a05410,N120DU,BCS1,AIRBUS A220-100,0
takeoff,JFK,31L,1784156785.48,2026-07-15T23:06:25Z,40.630611,-73.777542,300.9,a1a832,N2059J,A21N,AIRBUS A-321neo,0
landing,LGA,31,1784156807.35,2026-07-15T23:06:47Z,40.777014,-73.867467,303.8,a353c8,N313UR,B38M,BOEING 737 MAX 8,0
landing,JFK,31R,1784156823.33,2026-07-15T23:07:03Z,40.652447,-73.778519,300.9,a53d80,N437DX,A339,AIRBUS A-330-900,0
takeoff,JFK,31L,1784156872.61,2026-07-15T23:07:52Z,40.63163,-73.779785,300.9,ac7e60,N904DN,B739,BOEING 737-900,0
takeoff,JFK,31L,1784156928.07,2026-07-15T23:08:48Z,40.631584,-73.779663,300.9,4cabd4,EI-LRH,A21N,AIRBUS A-321neo,0
landing,LGA,31,1784156931.41,2026-07-15T23:08:51Z,40.778666,-73.870931,300.9,a0433b,N116HQ,E75L,EMBRAER ERJ-170-200 (long wing),0
landing,JFK,31R,1784156940.45,2026-07-15T23:09:00Z,40.652241,-73.778061,303.8,ad2f71,N949JT,A321,AIRBUS A-321,0
takeoff,LGA,04,1784156968.95,2026-07-15T23:09:28Z,40.771385,-73.882309,28.1,a31486,N298PQ,CRJ9,BOMBARDIER Regional Jet CRJ-900,0
takeoff,JFK,31L,1784157021.6,2026-07-15T23:10:21Z,40.630623,-73.777557,302.4,a52fb2,N433QS,E55P,EMBRAER EMB-505 Phenom 300,0
landing,LGA,31,1784157024.44,2026-07-15T23:10:24Z,40.777794,-73.869095,303.8,a32367,N301DU,BCS3,AIRBUS A220-300,0
landing,JFK,31R,1784157034.84,2026-07-15T23:10:34Z,40.652405,-73.778359,300.9,461f0d,OH-LTT,A333,AIRBUS A-330-300,0
takeoff,JFK,31L,1784157100.84,2026-07-15T23:11:40Z,40.63091,-73.778203,303.8,a338ac,N3065J,BCS3,AIRBUS A220-300,0
landing,LGA,31,1784157128.74,2026-07-15T23:12:08Z,40.779202,-73.872055,303.8,a4e538,N414YX,E75L,EMBRAER ERJ-170-200 (long wing),0
takeoff,JFK,31L,1784157164.57,2026-07-15T23:12:44Z,40.630806,-73.777969,303.8,a026fc,N109JS,B38M,BOEING 737 MAX 8,0
landing,JFK,31R,1784157169.33,2026-07-15T23:12:49Z,40.650055,-73.773163,300.9,76cce5,9V-SGE,A359,AIRBUS A-350-900,0
takeoff,LGA,04,1784157171.68,2026-07-15T23:12:51Z,40.773348,-73.880685,30.9,ad1c67,N944DZ,B739,,0
takeoff,JFK,31L,1784157219.76,2026-07-15T23:13:39Z,40.631329,-73.779123,302.4,48ae02,SP-LRC,B788,BOEING 787-8 Dreamliner,0
landing,LGA,31,1784157237.8,2026-07-15T23:13:57Z,40.777235,-73.867935,300.9,a3e011,N349PQ,CRJ9,BOMBARDIER Regional Jet CRJ-900,0
landing,JFK,31R,1784157246.88,2026-07-15T23:14:06Z,40.651486,-73.776314,300.9,aaae4b,N788AN,B772,BOEING 777-200,0
landing,LGA,31,1784157332.5,2026-07-15T23:15:32Z,40.777409,-73.868294,300.9,a1094c,N166PQ,CRJ9,BOMBARDIER Regional Jet CRJ-900,0
takeoff,JFK,31L,1784157339.25,2026-07-15T23:15:39Z,40.630611,-73.777527,300.9,a0275c,N109NN,A321,AIRBUS A-321,0
landing,JFK,31R,1784157385.95,2026-07-15T23:16:25Z,40.651417,-73.776199,300.9,acf89f,N935DZ,B739,,0
takeoff,JFK,31L,1784157401.0,2026-07-15T23:16:41Z,40.630989,-73.778381,299.6,4075c3,G-CKWS,B789,BOEING 787-9 Dreamliner,0
landing,JFK,31L,1784157401.6,2026-07-15T23:16:41Z,40.631126,-73.778687,302.4,4075c3,G-CKWS,B789,BOEING 787-9 Dreamliner,0
takeoff,JFK,31L,1784157401.6,2026-07-15T23:16:41Z,40.631126,-73.778687,302.4,4075c3,G-CKWS,B789,BOEING 787-9 Dreamliner,0
landing,JFK,31L,1784157402.66,2026-07-15T23:16:42Z,40.631355,-73.77919,302.4,4075c3,G-CKWS,B789,BOEING 787-9 Dreamliner,0
takeoff,JFK,31L,1784157402.66,2026-07-15T23:16:42Z,40.631355,-73.77919,302.4,4075c3,G-CKWS,B789,BOEING 787-9 Dreamliner,0
takeoff,LGA,22,1784157404.05,2026-07-15T23:16:44Z,40.770172,-73.884552,185.6,ad2ea4,N949AN,B738,BOEING 737-800,0
landing,LGA,31,1784157414.9,2026-07-15T23:16:54Z,40.778069,-73.869675,303.8,a239e0,N24202,B738,BOEING 737-800,0
takeoff,JFK,31L,1784157472.01,2026-07-15T23:17:52Z,40.630549,-73.777407,300.9,aa77f0,N774AN,B772,BOEING 777-200,0
landing,LGA,31,1784157514.5,2026-07-15T23:18:34Z,40.778103,-73.86972,303.8,a41722,N36272,B738,BOEING 737-800,0
landing,JFK,31R,1784157518.16,2026-07-15T23:18:38Z,40.650845,-73.774979,300.9,acb679,N918XJ,CRJ9,BOMBARDIER Regional Jet CRJ-900,0
takeoff,JFK,31L,1784157572.31,2026-07-15T23:19:32Z,40.630619,-73.777532,300.9,a6a3c2,N527JL,A320,AIRBUS A-320,0
landing,JFK,31R,1784157595.2,2026-07-15T23:19:55Z,40.650927,-73.775144,300.9,4065de,G-STBF,B77W,BOEING 777-300ER,0
takeoff,JFK,31L,1784157632.7,2026-07-15T23:20:32Z,40.630491,-73.777282,303.8,a39723,N330PQ,CRJ9,BOMBARDIER Regional Jet CRJ-900,0
landing,LGA,31,1784157634.06,2026-07-15T23:20:34Z,40.777119,-73.867676,303.8,a091f3,N136EV,CRJ9,BOMBARDIER Regional Jet CRJ-900,0
takeoff,LGA,04,1784157670.12,2026-07-15T23:21:10Z,40.772649,-73.881262,28.1,a14c70,N183GJ,CRJ9,BOMBARDIER Regional Jet CRJ-900,0
takeoff,JFK,31L,1784157695.33,2026-07-15T23:21:35Z,40.630572,-73.7775,300.9,4a91af,SE-DMO,A21N,AIRBUS A-321neo,0
landing,JFK,31L,1784157695.84,2026-07-15T23:21:35Z,40.6307,-73.777781,300.9,4a91af,SE-DMO,A21N,AIRBUS A-321neo,0
takeoff,JFK,31L,1784157695.84,2026-07-15T23:21:35Z,40.6307,-73.777781,300.9,4a91af,SE-DMO,A21N,AIRBUS A-321neo,0
landing,JFK,31R,1784157719.83,2026-07-15T23:21:59Z,40.653111,-73.779922,300.9,3965a4,F-GZNE,B77W,BOEING 777-300ER,0
landing,LGA,31,1784157739.76,2026-07-15T23:22:19Z,40.778446,-73.870483,303.8,a1e1d8,N220JQ,E75L,EMBRAER ERJ-170-200 (long wing),0
takeoff,JFK,31L,1784157748.01,2026-07-15T23:22:28Z,40.630783,-73.777939,300.9,aca02f,N912XJ,CRJ9,BOMBARDIER Regional Jet CRJ-900,0
takeoff,LGA,04,1784157776.12,2026-07-15T23:22:56Z,40.772369,-73.8815,30.9,a47221,N386FR,A20N,AIRBUS A-320neo,0
takeoff,JFK,31L,1784157801.56,2026-07-15T23:23:21Z,40.630421,-73.77711,300.9,a173a8,N193DN,B763,BOEING 767-300,0
landing,LGA,31,1784157836.85,2026-07-15T23:23:56Z,40.77841,-73.870401,303.8,aaf111,N804DN,B739,BOEING 737-900,0
landing,JFK,31R,1784157844.41,2026-07-15T23:24:04Z,40.651078,-73.775487,300.9,4ca4b0,EI-TYH,A339,AIRBUS A-330-900,0
takeoff,JFK,31L,1784157881.11,2026-07-15T23:24:41Z,40.630383,-73.777039,300.9,a3489f,N310UM,B38M,,0
takeoff,JFK,31L,1784157932.58,2026-07-15T23:25:32Z,40.6306,-73.777466,300.9,a12fda,N176DZ,B763,BOEING 767-300,0
landing,LGA,31,1784157942.16,2026-07-15T23:25:42Z,40.778297,-73.870178,303.8,abfefd,N872NN,B738,BOEING 737-800,0
landing,JFK,31R,1784157984.84,2026-07-15T23:26:24Z,40.650364,-73.773895,300.9,a9607d,N703JB,A320,AIRBUS A-320,0
takeoff,LGA,04,1784157987.27,2026-07-15T23:26:27Z,40.771625,-73.88212,33.8,a4795a,N388DN,A321,AIRBUS A-321,0
takeoff,JFK,31L,1784157990.14,2026-07-15T23:26:30Z,40.630554,-73.777405,300.9,3965a3,F-GZND,B77W,BOEING 777-300ER,0
takeoff,LGA,04,1784158020.58,2026-07-15T23:27:00Z,40.769394,-73.883926,45.0,ada699,N979RP,E170,EMBRAER ERJ-170-100,0
landing,LGA,31,1784158052.34,2026-07-15T23:27:32Z,40.777863,-73.869202,300.9,a9c5c5,N729JB,A320,AIRBUS A-320,0
landing,JFK,31R,1784158082.11,2026-07-15T23:28:02Z,40.652358,-73.77825,302.4,040199,ET-AYC,B789,BOEING 787-9 Dreamliner,0
takeoff,JFK,31L,1784158104.69,2026-07-15T23:28:24Z,40.630531,-73.777344,300.9,ab80f4,N840MH,B764,BOEING 767-400,0
landing,JFK,31R,1784158169.57,2026-07-15T23:29:29Z,40.651268,-73.775864,299.6,440184,OE-LPM,B789,BOEING 787-9 Dreamliner,0
takeoff,JFK,31L,1784158173.14,2026-07-15T23:29:33Z,40.630646,-73.777588,300.9,ada5ee,N979JT,A321,AIRBUS A-321,0
landing,LGA,31,1784158179.45,2026-07-15T23:29:39Z,40.777451,-73.868393,306.6,a153de,N185GJ,CRJ9,BOMBARDIER Regional Jet CRJ-900,0
takeoff,LGA,04,1784158216.76,2026-07-15T23:30:16Z,40.76967,-73.883728,30.9,a20347,N229JQ,E75L,EMBRAER ERJ-170-200 (long wing),0
takeoff,JFK,31L,1784158226.03,2026-07-15T23:30:26Z,40.630619,-73.777547,300.9,acc040,N920XJ,CRJ9,BOMBARDIER Regional Jet CRJ-900,0
takeoff,JFK,31L,1784158279.1,2026-07-15T23:31:19Z,40.630817,-73.777969,300.9,4077d4,G-VRNB,A35K,AIRBUS A-350-1000,0
landing,JFK,31R,1784158285.33,2026-07-15T23:31:25Z,40.650683,-73.774567,300.9,a0b5c5,N145FE,B763,BOEING 767-300,0
takeoff,LGA,04,1784158290.35,2026-07-15T23:31:30Z,40.771462,-73.882245,30.9,acd120,N925DZ,B739,BOEING 737-900,0
landing,JFK,31R,1784158381.64,2026-07-15T23:33:01Z,40.650925,-73.775146,300.9,ad9712,N975JT,A321,AIRBUS A-321,0
takeoff,JFK,31L,1784158382.26,2026-07-15T23:33:02Z,40.630714,-73.777756,300.9,adb35c,N982JB,A321,AIRBUS A-321,0
landing,LGA,31,1784158389.1,2026-07-15T23:33:09Z,40.778812,-73.871246,303.8,a4e8ef,N415YX,E75L,EMBRAER ERJ-170-200 (long wing),0
takeoff,LGA,04,1784158416.0,2026-07-15T23:33:36Z,40.771374,-73.882339,30.9,aa3579,N757QS,CL35,BOMBARDIER BD-100 Challenger 350,0
takeoff,LGA,22,1784158429.97,2026-07-15T23:33:49Z,40.769497,-73.882767,225.0,abd41a,N861RW,E170,EMBRAER ERJ-170-100,0
landing,JFK,31L,1784158495.34,2026-07-15T23:34:55Z,40.640797,-73.799927,300.9,aa91b5,N780NC,E170,,0
landing,JFK,31R,1784158497.97,2026-07-15T23:34:57Z,40.651276,-73.775909,300.9,a32095,N300NY,A21N,AIRBUS A-321neo,0
takeoff,LGA,04,1784158520.49,2026-07-15T23:35:20Z,40.772987,-73.880981,33.8,abccf8,N86EX,C208,CESSNA 208 Caravan,0
takeoff,JFK,31L,1784158525.66,2026-07-15T23:35:25Z,40.62878,-73.773514,300.9,a03816,N113HQ,E75L,EMBRAER ERJ-170-200 (long wing),0
landing,JFK,31R,1784158605.86,2026-07-15T23:36:45Z,40.650438,-73.774083,300.9,3c64ee,D-AIGN,A343,AIRBUS A-340-300,0
takeoff,JFK,31L,1784158606.78,2026-07-15T23:36:46Z,40.630898,-73.778152,300.9,a12861,N174DN,B763,BOEING 767-300,0
landing,JFK,31L,1784158608.05,2026-07-15T23:36:48Z,40.631142,-73.778702,300.9,a12861,N174DN,B763,BOEING 767-300,0
takeoff,JFK,31L,1784158608.05,2026-07-15T23:36:48Z,40.631142,-73.778702,300.9,a12861,N174DN,B763,BOEING 767-300,0
takeoff,JFK,31L,1784158665.1,2026-07-15T23:37:45Z,40.630642,-73.777594,300.9,3965a0,F-GZNA,B77W,BOEING 777-300ER,0
landing,LGA,31,1784158665.24,2026-07-15T23:37:45Z,40.777572,-73.868621,300.9,ab40ce,N824MD,E170,EMBRAER ERJ-170-100,0
takeoff,LGA,04,1784158702.1,2026-07-15T23:38:22Z,40.771579,-73.882183,33.8,acf492,N934AN,B738,BOEING 737-800,0
landing,JFK,31R,1784158710.41,2026-07-15T23:38:30Z,40.651566,-73.776535,300.9,840a64,JA02WJ,A35K,AIRBUS A-350-1000,0
landing,LGA,31,1784158777.74,2026-07-15T23:39:37Z,40.777828,-73.869168,300.9,a1d45a,N217JQ,E75L,EMBRAER ERJ-170-200 (long wing),0
landing,JFK,31L,1784158806.55,2026-07-15T23:40:06Z,40.638531,-73.794983,300.9,a66ce0,N513DA,A21N,AIRBUS A-321neo,0
landing,LGA,31,1784158863.58,2026-07-15T23:41:03Z,40.778515,-73.870572,300.9,a4f414,N418YX,E75L,EMBRAER ERJ-170-200 (long wing),0
landing,JFK,31R,1784158865.93,2026-07-15T23:41:05Z,40.652591,-73.77878,300.9,a009a4,N101NN,A321,AIRBUS A-321,0
takeoff,JFK,31L,1784158874.9,2026-07-15T23:41:14Z,40.631329,-73.779077,300.9,abd3cf,N861NW,A332,AIRBUS A-330-200,0
landing,JFK,31R,1784158951.34,2026-07-15T23:42:31Z,40.651463,-73.776291,300.9,781a4b,B-220F,B77L,BOEING 777-200LR,0
landing,LGA,31,1784159000.33,2026-07-15T23:43:20Z,40.778515,-73.870575,303.8,aaa58b,N78501,B738,BOEING 737-800,0
takeoff,JFK,31L,1784159070.29,2026-07-15T23:44:30Z,40.631275,-73.778992,300.9,4cae80,EI-TYA,A339,AIRBUS A-330-900,0
landing,JFK,31R,1784159114.37,2026-07-15T23:45:14Z,40.650112,-73.773365,300.9,a69894,N524JB,A320,AIRBUS A-320,0
landing,LGA,31,1784159123.82,2026-07-15T23:45:23Z,40.777398,-73.868263,300.9,a8f235,N676CA,CRJ9,BOMBARDIER Regional Jet CRJ-900,0
takeoff,JFK,31L,1784159179.71,2026-07-15T23:46:19Z,40.630816,-73.777969,300.9,ab6fbf,N836MH,B764,BOEING 767-400,0
landing,JFK,31R,1784159189.7,2026-07-15T23:46:29Z,40.65187,-73.777188,300.9,ad4f72,N957JB,A321,AIRBUS A-321,0
takeoff,JFK,31L,1784159245.04,2026-07-15T23:47:25Z,40.631014,-73.77839,299.6,ab9383,N845MD,B789,BOEING 787-9 Dreamliner,0
landing,JFK,31R,1784159294.45,2026-07-15T23:48:14Z,40.651566,-73.776535,300.9,3481d5,EC-OJL,B772,BOEING 777-200,0
takeoff,JFK,31L,1784159323.82,2026-07-15T23:48:43Z,40.630758,-73.777859,300.9,407995,G-STBP,B77W,BOEING 777-300ER,0
landing,LGA,31,1784159329.81,2026-07-15T23:48:49Z,40.777256,-73.867966,300.9,a3183d,N299PQ,CRJ9,BOMBARDIER Regional Jet CRJ-900,0
takeoff,LGA,04,1784159374.28,2026-07-15T23:49:34Z,40.772906,-73.881059,28.1,a18380,N197PQ,CRJ9,BOMBARDIER Regional Jet CRJ-900,0
takeoff,JFK,31L,1784159395.61,2026-07-15T23:49:55Z,40.631252,-73.778915,300.9,4ac8a8,SE-REH,A333,AIRBUS A-330-300,0
takeoff,LGA,04,1784159407.14,2026-07-15T23:50:07Z,40.769394,-73.883881,354.4,c02e94,C-FRQP,E75S,EMBRAER ERJ-170-200 (short wing),0
landing,LGA,31,1784159438.29,2026-07-15T23:50:38Z,40.778015,-73.869558,303.8,ab1971,N814NN,B738,BOEING 737-800,0
landing,JFK,31R,1784159439.92,2026-07-15T23:50:39Z,40.65168,-73.776779,300.9,add734,N991JT,A321,AIRBUS A-321,0
takeoff,JFK,31L,1784159479.37,2026-07-15T23:51:19Z,40.630851,-73.778062,300.9,4005b9,G-VIIA,B772,BOEING 777-200,0
landing,LGA,31,1784159543.21,2026-07-15T23:52:23Z,40.777281,-73.868013,300.9,ac83d5,N905XJ,CRJ9,BOMBARDIER Regional Jet CRJ-900,0
landing,JFK,31R,1784159549.58,2026-07-15T23:52:29Z,40.652684,-73.779014,300.9,780a28,B-LJF,B748,BOEING 747-8,0
takeoff,LGA,04,1784159577.61,2026-07-15T23:52:57Z,40.770927,-73.882682,30.9,abae2c,N8515X,B738,BOEING 737-800,0
takeoff,JFK,31L,1784159583.76,2026-07-15T23:53:03Z,40.630211,-73.776657,300.9,a57229,N450AN,A21N,AIRBUS A-321neo,0
takeoff,JFK,31L,1784159640.54,2026-07-15T23:54:00Z,40.631107,-73.778624,300.9,a3514f,N3125J,BCS3,,0
landing,JFK,31R,1784159648.54,2026-07-15T23:54:08Z,40.650833,-73.774918,300.9,4951f0,CS-TOP,A332,AIRBUS A-330-200,0
takeoff,LGA,04,1784159653.52,2026-07-15T23:54:13Z,40.771442,-73.882263,30.9,a3ad6d,N336PQ,CRJ9,BOMBARDIER Regional Jet CRJ-900,0
takeoff,JFK,31L,1784159690.56,2026-07-15T23:54:50Z,40.630405,-73.777069,298.1,a5e3e4,N479PX,CRJ9,BOMBARDIER Regional Jet CRJ-900,0
landing,LGA,31,1784159716.11,2026-07-15T23:55:16Z,40.776695,-73.866821,303.8,aa5694,N76508,B738,BOEING 737-800,0
takeoff,LGA,22,1784159727.25,2026-07-15T23:55:27Z,40.7696,-73.882629,225.0,c055f5,C-GGOI,DH8D,DE HAVILLAND DHC-8-400 Dash 8,0
takeoff,JFK,31L,1784159749.95,2026-07-15T23:55:49Z,40.630525,-73.777344,300.9,a1a0c4,N2039J,A21N,AIRBUS A-321neo,0
takeoff,LGA,04,1784159751.69,2026-07-15T23:55:51Z,40.7718,-73.881964,30.9,aa7833,N774DE,B738,BOEING 737-800,0
landing,JFK,31R,1784159761.42,2026-07-15T23:56:01Z,40.651334,-73.776018,300.9,a4ffb7,N421DX,A339,AIRBUS A-330-900,0
landing,JFK,31L,1784159853.69,2026-07-15T23:57:33Z,40.635372,-73.78801,303.8,a7a28d,N591QS,C68A,CESSNA 680 Citation Latitude,0
takeoff,LGA,04,1784159875.08,2026-07-15T23:57:55Z,40.772847,-73.88109,30.9,a148b9,N182GJ,CRJ9,BOMBARDIER Regional Jet CRJ-900,0
landing,JFK,31R,1784159911.78,2026-07-15T23:58:31Z,40.650077,-73.773271,300.9,49526d,CS-TSM,A20N,AIRBUS A-320neo,0
takeoff,JFK,31L,1784159938.62,2026-07-15T23:58:58Z,40.630508,-73.777283,300.9,a657f4,N508DA,A21N,AIRBUS A-321neo,0
takeoff,LGA,04,1784159955.35,2026-07-15T23:59:15Z,40.772952,-73.881028,30.9,acdf9a,N929AA,A321,AIRBUS A-321,0
