type,airport,runway,timestamp,timestamp_iso,lat,lon,track_deg,icao,registration,aircraft_type,description,db_flags
takeoff,LGA,13,1786924810.21,2026-08-17T00:00:10Z,40.781459,-73.876768,123.8,a54312,N438YX,E75L,EMBRAER ERJ-170-200 (long wing),0
takeoff,JFK,22R,1786924859.2,2026-08-17T00:00:59Z,40.646141,-73.766754,210.9,a451cf,N378DA,B738,BOEING 737-800,0
takeoff,JFK,22R,1786924919.26,2026-08-17T00:01:59Z,40.646481,-73.766483,208.1,0c6008,9Y-CUB,B38M,BOEING 737 MAX 8,0
landing,JFK,22L,1786924928.8,2026-08-17T00:02:08Z,40.63738,-73.761005,210.9,a4f5f0,N419DX,A339,AIRBUS A-330-900,0
takeoff,LGA,13,1786924954.61,2026-08-17T00:02:34Z,40.781616,-73.87706,123.8,ac1f61,N880RW,E170,EMBRAER ERJ-170-100,0
takeoff,JFK,22R,1786924984.16,2026-08-17T00:03:04Z,40.646358,-73.766571,210.9,a752ea,N571JB,A320,AIRBUS A-320,0
landing,LGA,22,1786925034.77,2026-08-17T00:03:54Z,40.777549,-73.87722,210.9,a200ba,N228WN,B737,BOEING 737-700,0
takeoff,LGA,22,1786925035.28,2026-08-17T00:03:55Z,40.777351,-73.877392,210.9,a200ba,N228WN,B737,BOEING 737-700,0
landing,LGA,22,1786925035.63,2026-08-17T00:03:55Z,40.777279,-73.877457,210.9,a200ba,N228WN,B737,BOEING 737-700,0
takeoff,JFK,22R,1786925048.05,2026-08-17T00:04:08Z,40.646816,-73.766235,210.9,a6b470,N531DA,A21N,AIRBUS A-321neo,0
takeoff,LGA,13,1786925054.2,2026-08-17T00:04:14Z,40.7799,-73.873489,120.9,a32814,N302PQ,CRJ9,BOMBARDIER Regional Jet CRJ-900,0
landing,JFK,22L,1786925056.26,2026-08-17T00:04:16Z,40.635518,-73.762457,210.9,4952aa,CS-TUJ,A339,AIRBUS A-330-900,0
takeoff,LGA,13,1786925090.52,2026-08-17T00:04:50Z,40.781742,-73.877365,123.8,ab0a73,N810MD,E170,EMBRAER ERJ-170-100,0
takeoff,JFK,22R,1786925113.14,2026-08-17T00:05:13Z,40.646965,-73.766098,210.9,a69463,N523DE,A21N,,0
takeoff,LGA,13,1786925162.42,2026-08-17T00:06:02Z,40.779853,-73.873412,123.8,adc532,N987AN,B738,BOEING 737-800,0
landing,JFK,22L,1786925163.74,2026-08-17T00:06:03Z,40.635452,-73.762512,210.9,3965a7,F-GZNH,B77W,BOEING 777-300ER,0
takeoff,JFK,22R,1786925182.86,2026-08-17T00:06:22Z,40.645876,-73.766951,210.9,4d23c4,9H-VDC,A333,AIRBUS A-330-300,0
landing,LGA,22,1786925233.35,2026-08-17T00:07:13Z,40.775024,-73.87928,213.8,a0b8fb,N146AA,A321,AIRBUS A-321,0
takeoff,LGA,13,1786925241.16,2026-08-17T00:07:21Z,40.781605,-73.877075,123.8,a8a0d9,N655RW,E170,EMBRAER ERJ-170-100,0
landing,JFK,22L,1786925317.78,2026-08-17T00:08:37Z,40.635914,-73.76216,210.9,aaf8f1,N806JB,A320,AIRBUS A-320,0
landing,LGA,22,1786925396.26,2026-08-17T00:09:56Z,40.77824,-73.876648,213.8,ac8b43,N907XJ,CRJ9,BOMBARDIER Regional Jet CRJ-900,0
takeoff,JFK,22R,1786925402.93,2026-08-17T00:10:02Z,40.646484,-73.766479,210.9,a73dfe,N566JB,A320,AIRBUS A-320,0
landing,JFK,22L,1786925413.38,2026-08-17T00:10:13Z,40.638335,-73.760256,210.9,a022c6,N108DQ,BCS1,AIRBUS A220-100,0
takeoff,LGA,13,1786925416.09,2026-08-17T00:10:16Z,40.780587,-73.874942,120.9,c055f2,C-GGOF,DH8D,DE HAVILLAND DHC-8-400 Dash 8,0
takeoff,JFK,22R,1786925470.45,2026-08-17T00:11:10Z,40.646877,-73.766171,210.9,a198ed,N2016J,A21N,AIRBUS A-321neo,0
takeoff,LGA,13,1786925474.4,2026-08-17T00:11:14Z,40.779842,-73.873398,123.8,a008c5,N101DQ,A321,AIRBUS A-321,0
landing,JFK,22L,1786925481.75,2026-08-17T00:11:21Z,40.635518,-73.762472,210.9,acf54f,N934JB,A321,AIRBUS A-321,0
landing,LGA,22,1786925530.05,2026-08-17T00:12:10Z,40.777508,-73.877228,208.1,a2000d,N228PQ,CRJ9,BOMBARDIER Regional Jet CRJ-900,0
takeoff,JFK,22R,1786925573.64,2026-08-17T00:12:53Z,40.646318,-73.766623,210.9,a3711a,N3203J,BCS3,AIRBUS A220-300,0
landing,JFK,22L,1786925577.25,2026-08-17T00:12:57Z,40.635495,-73.762472,210.9,ab60e3,N832MH,B764,BOEING 767-400,0
landing,LGA,22,1786925612.28,2026-08-17T00:13:32Z,40.777679,-73.87709,210.9,c0885e,C-GZQR,E295,EMBRAER ERJ-190-400,0
takeoff,JFK,22R,1786925636.26,2026-08-17T00:13:56Z,40.64718,-73.765937,210.9,a0ddfb,N155NN,A321,AIRBUS A-321,0
landing,JFK,22L,1786925702.5,2026-08-17T00:15:02Z,40.633726,-73.763877,210.9,ad5329,N958JB,A321,AIRBUS A-321,0
takeoff,JFK,22R,1786925710.73,2026-08-17T00:15:10Z,40.645981,-73.766861,210.9,4d24fe,9H-HFJ,A332,AIRBUS A-330-200,0
landing,LGA,22,1786925763.52,2026-08-17T00:16:03Z,40.774942,-73.879343,210.9,a08acb,N134HQ,E75L,EMBRAER ERJ-170-200 (long wing),0
landing,JFK,22L,1786925778.37,2026-08-17T00:16:18Z,40.637192,-73.761169,210.9,ab84ab,N841MH,B764,BOEING 767-400,0
landing,LGA,22,1786925830.89,2026-08-17T00:17:10Z,40.7777,-73.87708,213.8,adb29f,N982AN,B738,BOEING 737-800,0
takeoff,JFK,22R,1786925866.76,2026-08-17T00:17:46Z,40.64718,-73.765937,210.9,a3c662,N342SX,B38M,BOEING 737 MAX 8,0
takeoff,LGA,13,1786925877.42,2026-08-17T00:17:57Z,40.781832,-73.877563,123.8,a4ddca,N412YX,E75L,EMBRAER ERJ-170-200 (long wing),0
takeoff,JFK,22R,1786925935.65,2026-08-17T00:18:55Z,40.647052,-73.76603,210.9,a9acb8,N722TW,B752,BOEING 757-200,0
landing,JFK,22L,1786925938.93,2026-08-17T00:18:58Z,40.635856,-73.762223,209.6,406f78,G-ZBKL,B789,BOEING 787-9 Dreamliner,0
landing,LGA,22,1786925945.51,2026-08-17T00:19:05Z,40.777945,-73.876892,210.9,a15b4c,N187GJ,CRJ9,BOMBARDIER Regional Jet CRJ-900,0
takeoff,LGA,13,1786925985.78,2026-08-17T00:19:45Z,40.779579,-73.872818,123.8,c06709,C-GNAM,BCS3,AIRBUS A220-300,0
takeoff,JFK,22R,1786926002.47,2026-08-17T00:20:02Z,40.646016,-73.766842,210.9,407699,G-VPRD,A35K,AIRBUS A-350-1000,0
landing,LGA,22,1786926055.16,2026-08-17T00:20:55Z,40.775373,-73.878999,210.9,a22ac6,N239JQ,E75L,EMBRAER ERJ-170-200 (long wing),0
landing,JFK,22L,1786926135.62,2026-08-17T00:22:15Z,40.636938,-73.761349,210.9,a51601,N427DX,A339,AIRBUS A-330-900,0
landing,LGA,22,1786926145.82,2026-08-17T00:22:25Z,40.777679,-73.877121,210.9,a42a5c,N368DN,A321,AIRBUS A-321,0
takeoff,JFK,22R,1786926161.01,2026-08-17T00:22:41Z,40.64716,-73.765961,210.9,a4c5d8,N4064J,A21N,AIRBUS A-321neo,0
takeoff,LGA,13,1786926170.84,2026-08-17T00:22:50Z,40.779991,-73.873688,123.8,a3dc5a,N348PQ,CRJ9,BOMBARDIER Regional Jet CRJ-900,0
takeoff,JFK,22R,1786926225.29,2026-08-17T00:23:45Z,40.647457,-73.765717,210.9,407995,G-STBP,B77W,BOEING 777-300ER,0
takeoff,LGA,13,1786926281.37,2026-08-17T00:24:41Z,40.780106,-73.873917,123.8,abd2e6,N861DN,B739,BOEING 737-900,0
takeoff,JFK,22R,1786926301.84,2026-08-17T00:25:01Z,40.64761,-73.765609,210.9,394a0b,F-GSQL,B77W,BOEING 777-300ER,0
landing,JFK,22L,1786926330.78,2026-08-17T00:25:30Z,40.636729,-73.761536,210.9,a1a0a1,N2038J,A21N,AIRBUS A-321neo,0
landing,LGA,22,1786926384.7,2026-08-17T00:26:24Z,40.782829,-73.872849,210.9,a2cce4,N28NX,PC12,PILATUS PC-12,0
takeoff,JFK,22R,1786926406.27,2026-08-17T00:26:46Z,40.647738,-73.765515,210.9,400773,G-VIIV,B772,BOEING 777-200,0
takeoff,LGA,13,1786926437.72,2026-08-17T00:27:17Z,40.77983,-73.87335,123.8,acf4e8,N934DZ,B739,,0
landing,JFK,22L,1786926450.44,2026-08-17T00:27:30Z,40.634401,-73.763377,210.9,a38ad5,N3271J,BCS3,,0
takeoff,JFK,22R,1786926478.1,2026-08-17T00:27:58Z,40.64677,-73.766266,210.9,47880d,LN-RKT,A333,AIRBUS A-330-300,0
landing,LGA,22,1786926539.05,2026-08-17T00:28:59Z,40.774733,-73.879467,210.9,a19dff,N203JQ,E75L,EMBRAER ERJ-170-200 (long wing),0
takeoff,LGA,13,1786926553.96,2026-08-17T00:29:13Z,40.780174,-73.874084,123.8,a4421d,N3736C,B738,BOEING 737-800,0
takeoff,JFK,22R,1786926554.94,2026-08-17T00:29:14Z,40.646736,-73.766296,209.6,7c8067,VH-ZND,B789,BOEING 787-9 Dreamliner,0
landing,JFK,22L,1786926599.97,2026-08-17T00:29:59Z,40.634594,-73.763199,210.9,ad1560,N942JB,A321,AIRBUS A-321,0
takeoff,LGA,13,1786926608.56,2026-08-17T00:30:08Z,40.779373,-73.872406,123.8,a32f82,N304PQ,CRJ9,BOMBARDIER Regional Jet CRJ-900,0
takeoff,JFK,22R,1786926614.69,2026-08-17T00:30:14Z,40.64661,-73.766388,210.9,ab2c0c,N819NW,A333,AIRBUS A-330-300,0
landing,LGA,22,1786926658.5,2026-08-17T00:30:58Z,40.774709,-73.879514,208.1,abe2f6,N865RW,E170,EMBRAER ERJ-170-100,0
landing,JFK,22L,1786926705.87,2026-08-17T00:31:45Z,40.636158,-73.761957,210.9,899018,B-18052,B77W,BOEING 777-300ER,0
landing,LGA,22,1786926764.8,2026-08-17T00:32:44Z,40.777933,-73.876892,210.9,a43ea2,N37273,B738,BOEING 737-800,0
takeoff,LGA,13,1786926775.48,2026-08-17T00:32:55Z,40.781708,-73.877289,123.8,a55f6c,N445YX,E75L,EMBRAER ERJ-170-200 (long wing),0
landing,JFK,22L,1786926814.96,2026-08-17T00:33:34Z,40.634583,-73.763214,210.9,a9b9e3,N726AN,B77W,BOEING 777-300ER,0
takeoff,JFK,22R,1786926821.02,2026-08-17T00:33:41Z,40.646795,-73.766233,209.6,abac2c,N851MK,B789,BOEING 787-9 Dreamliner,0
takeoff,JFK,22R,1786926822.0,2026-08-17T00:33:42Z,40.646446,-73.766514,209.6,abac2c,N851MK,B789,BOEING 787-9 Dreamliner,0
takeoff,LGA,13,1786926853.96,2026-08-17T00:34:13Z,40.781651,-73.877167,123.8,abc2e5,N857RW,E170,EMBRAER ERJ-170-100,0
landing,JFK,22L,1786926940.76,2026-08-17T00:35:40Z,40.633132,-73.764345,210.9,e80212,CC-CXC,B763,BOEING 767-300,0
takeoff,JFK,22R,1786926944.2,2026-08-17T00:35:44Z,40.646381,-73.766571,210.9,a3cd58,N344NB,A319,AIRBUS A-319,0
takeoff,JFK,22R,1786927017.81,2026-08-17T00:36:57Z,40.646484,-73.766495,210.9,a35109,N3123J,BCS3,AIRBUS A220-300,0
landing,JFK,22L,1786927022.11,2026-08-17T00:37:02Z,40.637404,-73.760974,210.9,3481d5,EC-OJL,B772,BOEING 777-200,0
takeoff,JFK,22R,1786927084.69,2026-08-17T00:38:04Z,40.646667,-73.766327,210.9,ab4489,N825MH,B764,BOEING 767-400,0
takeoff,LGA,13,1786927107.18,2026-08-17T00:38:27Z,40.781704,-73.877251,123.8,a075df,N129HQ,E75L,EMBRAER ERJ-170-200 (long wing),0
landing,LGA,22,1786927111.29,2026-08-17T00:38:31Z,40.774791,-73.879467,210.9,a8a490,N656RW,E170,EMBRAER ERJ-170-100,0
takeoff,JFK,22R,1786927168.31,2026-08-17T00:39:28Z,40.646393,-73.766556,210.9,4005c1,G-RAES,B772,BOEING 777-200,0
landing,JFK,22L,1786927183.08,2026-08-17T00:39:43Z,40.637846,-73.760646,210.9,a6bfa6,N534DT,A21N,AIRBUS A-321neo,0
landing,LGA,22,1786927184.61,2026-08-17T00:39:44Z,40.775373,-73.879015,210.9,a53ba4,N436YX,E75L,EMBRAER ERJ-170-200 (long wing),0
takeoff,LGA,13,1786927196.75,2026-08-17T00:39:56Z,40.779248,-73.872117,118.1,a14502,N181GJ,CRJ9,BOMBARDIER Regional Jet CRJ-900,0
takeoff,JFK,22R,1786927234.4,2026-08-17T00:40:34Z,40.646144,-73.766733,210.9,4ca4b0,EI-TYH,A339,AIRBUS A-330-900,0
landing,LGA,22,1786927288.61,2026-08-17T00:41:28Z,40.774727,-73.879456,205.3,a8847f,N648RW,E170,EMBRAER ERJ-170-100,0
landing,JFK,22L,1786927347.99,2026-08-17T00:42:27Z,40.632019,-73.765198,210.9,71ba03,HL7203,B77W,BOEING 777-300ER,0
takeoff,JFK,22R,1786927379.4,2026-08-17T00:42:59Z,40.646353,-73.766592,210.9,a99d87,N719AL,B39M,,0
landing,LGA,22,1786927414.4,2026-08-17T00:43:34Z,40.776489,-73.878082,213.8,acf2e4,N933XJ,CRJ9,BOMBARDIER Regional Jet CRJ-900,0
takeoff,JFK,22R,1786927436.08,2026-08-17T00:43:56Z,40.645958,-73.766891,210.9,acaf0b,N916XJ,CRJ9,BOMBARDIER Regional Jet CRJ-900,0
takeoff,LGA,13,1786927437.84,2026-08-17T00:43:57Z,40.780191,-73.87413,123.8,a75966,N57286,B38M,,0
takeoff,LGA,13,1786927502.0,2026-08-17T00:45:02Z,40.780506,-73.874756,122.5,a58267,N454QS,E55P,EMBRAER EMB-505 Phenom 300,0
takeoff,JFK,22R,1786927503.36,2026-08-17T00:45:03Z,40.645969,-73.766889,209.6,ab3856,N822AN,B789,BOEING 787-9 Dreamliner,0
landing,LGA,22,1786927566.33,2026-08-17T00:46:06Z,40.775036,-73.879288,210.9,abd77e,N862NN,B738,BOEING 737-800,0
takeoff,LGA,13,1786927584.16,2026-08-17T00:46:24Z,40.779774,-73.873215,106.9,a1584a,N186PQ,CRJ9,BOMBARDIER Regional Jet CRJ-900,0
landing,JFK,22L,1786927610.46,2026-08-17T00:46:50Z,40.633854,-73.763768,210.9,a38a3a,N327VP,B38M,BOEING 737 MAX 8,0
takeoff,JFK,22R,1786927634.57,2026-08-17T00:47:14Z,40.646365,-73.766577,210.9,ade609,N995JL,A321,AIRBUS A-321,0
landing,LGA,22,1786927650.04,2026-08-17T00:47:30Z,40.778445,-73.876471,210.9,a071c2,N128DN,A321,AIRBUS A-321,0
takeoff,LGA,13,1786927666.06,2026-08-17T00:47:46Z,40.780312,-73.87439,120.9,a08317,N132EV,CRJ9,BOMBARDIER Regional Jet CRJ-900,0
takeoff,JFK,22R,1786927694.5,2026-08-17T00:48:14Z,40.646353,-73.766592,208.1,adf128,N998JE,A321,AIRBUS A-321,0
takeoff,LGA,13,1786927726.31,2026-08-17T00:48:46Z,40.779423,-73.872523,123.8,a44291,N3739P,B738,BOEING 737-800,0
landing,JFK,22L,1786927727.36,2026-08-17T00:48:47Z,40.634502,-73.76326,205.3,a8f235,N676CA,CRJ9,BOMBARDIER Regional Jet CRJ-900,0
takeoff,JFK,22R,1786927761.18,2026-08-17T00:49:21Z,40.646237,-73.766686,210.9,4b1882,HB-JHI,A333,AIRBUS A-330-300,0
landing,LGA,22,1786927790.57,2026-08-17T00:49:50Z,40.778515,-73.87645,210.9,c07534,C-GSJZ,DH8D,DE HAVILLAND DHC-8-400 Dash 8,0
takeoff,LGA,13,1786927812.41,2026-08-17T00:50:12Z,40.780231,-73.874191,123.8,a4a0d9,N398DN,A321,AIRBUS A-321,0
landing,JFK,22L,1786927824.63,2026-08-17T00:50:24Z,40.638622,-73.759995,210.9,a9327a,N692DL,B752,BOEING 757-200,0
takeoff,LGA,13,1786927868.83,2026-08-17T00:51:08Z,40.779327,-73.872314,123.8,a2c93f,N279PQ,CRJ9,BOMBARDIER Regional Jet CRJ-900,0
landing,LGA,22,1786927907.71,2026-08-17T00:51:47Z,40.778515,-73.876424,210.9,a53287,N434FR,A20N,AIRBUS A-320neo,0
takeoff,LGA,13,1786927927.65,2026-08-17T00:52:07Z,40.779597,-73.872866,123.8,abdb35,N863NN,B738,BOEING 737-800,0
landing,JFK,22L,1786927939.45,2026-08-17T00:52:19Z,40.637043,-73.761286,210.9,a0428a,N116AN,A321,AIRBUS A-321,0
landing,LGA,22,1786927981.72,2026-08-17T00:53:01Z,40.777439,-73.877304,213.8,c0064c,C-FCJZ,CRJ9,BOMBARDIER Regional Jet CRJ-900,0
takeoff,JFK,22R,1786927988.33,2026-08-17T00:53:08Z,40.647191,-73.765921,210.9,a7b057,N595DT,A21N,,0
takeoff,LGA,13,1786928007.06,2026-08-17T00:53:27Z,40.779644,-73.872975,123.8,a3a8c0,N335DU,BCS3,AIRBUS A220-300,0
landing,JFK,22L,1786928013.56,2026-08-17T00:53:33Z,40.637157,-73.7612,210.9,ad6f93,N965JT,A321,AIRBUS A-321,0
takeoff,LGA,13,1786928069.79,2026-08-17T00:54:29Z,40.781529,-73.876908,123.8,ab282b,N818MD,E170,EMBRAER ERJ-170-100,0
landing,LGA,22,1786928114.02,2026-08-17T00:55:14Z,40.775471,-73.878922,213.8,a1c1c7,N212JQ,E75L,EMBRAER ERJ-170-200 (long wing),0
landing,JFK,22L,1786928125.05,2026-08-17T00:55:25Z,40.635796,-73.762238,210.9,a01880,N105NN,A321,AIRBUS A-321,0
landing,LGA,22,1786928173.85,2026-08-17T00:56:13Z,40.776466,-73.878098,210.9,ac4a44,N891NN,B738,BOEING 737-800,0
takeoff,LGA,13,1786928186.48,2026-08-17T00:56:26Z,40.779373,-73.872391,123.8,acda41,N927XJ,CRJ9,BOMBARDIER Regional Jet CRJ-900,0
takeoff,LGA,13,1786928224.54,2026-08-17T00:57:04Z,40.781696,-73.877243,123.8,abd063,N860RW,E170,EMBRAER ERJ-170-100,0
takeoff,JFK,22R,1786928264.54,2026-08-17T00:57:44Z,40.646644,-73.766358,210.9,adf4e9,N999JQ,A321,AIRBUS A-321,0
landing,LGA,22,1786928289.26,2026-08-17T00:58:09Z,40.775265,-73.879089,213.8,a0835d,N132HQ,E75L,EMBRAER ERJ-170-200 (long wing),0
takeoff,LGA,13,1786928301.41,2026-08-17T00:58:21Z,40.780447,-73.874661,123.8,aaa5d4,N78524,B738,BOEING 737-800,0
landing,JFK,22L,1786928305.09,2026-08-17T00:58:25Z,40.631468,-73.765671,213.8,a0634c,N124HQ,E75L,EMBRAER ERJ-170-200 (long wing),0
takeoff,JFK,22R,1786928338.88,2026-08-17T00:58:58Z,40.645969,-73.766889,210.9,a34d52,N3113J,BCS3,AIRBUS A220-300,0
takeoff,LGA,13,1786928370.95,2026-08-17T00:59:30Z,40.779446,-73.872538,120.9,a36994,N319PQ,CRJ9,BOMBARDIER Regional Jet CRJ-900,0
takeoff,JFK,22R,1786928393.43,2026-08-17T00:59:53Z,40.646854,-73.766202,210.9,a5bb17,N469AN,A21N,AIRBUS A-321neo,0
landing,LGA,22,1786928444.53,2026-08-17T01:00:44Z,40.778503,-73.876404,210.9,ad7da2,N969AN,B738,BOEING 737-800,0
landing,JFK,22L,1786928480.02,2026-08-17T01:01:20Z,40.634785,-73.763019,213.8,aab9a8,N790SU,LJ60,LEARJET 60,8
takeoff,LGA,13,1786928498.36,2026-08-17T01:01:38Z,40.780144,-73.874021,123.8,a44d1c,N3765,B738,BOEING 737-800,0
takeoff,JFK,22R,1786928500.09,2026-08-17T01:01:40Z,40.645889,-73.766968,210.9,ad3c48,N952CA,B744,BOEING 747-400,8
landing,LGA,22,1786928548.47,2026-08-17T01:02:28Z,40.779702,-73.875457,210.9,ab6eb9,N836AW,A319,AIRBUS A-319,0
takeoff,LGA,13,1786928551.72,2026-08-17T01:02:31Z,40.782134,-73.878172,120.9,a4ba02,N403YX,E75L,EMBRAER ERJ-170-200 (long wing),0
landing,LGA,22,1786928628.32,2026-08-17T01:03:48Z,40.776421,-73.878143,210.9,a466d2,N383DZ,A321,AIRBUS A-321,0
landing,JFK,22L,1786928633.37,2026-08-17T01:03:53Z,40.635532,-73.762482,210.9,a37eb0,N324RN,B38M,BOEING 737 MAX 8,0
takeoff,JFK,22R,1786928636.16,2026-08-17T01:03:56Z,40.646807,-73.766233,210.9,a6981a,N524DE,A21N,AIRBUS A-321neo,0
takeoff,LGA,13,1786928647.33,2026-08-17T01:04:07Z,40.77997,-73.873662,123.8,a0b823,N14536,A21N,,0
takeoff,JFK,22R,1786928710.3,2026-08-17T01:05:10Z,40.646427,-73.76651,210.9,781ed4,B-223A,B77L,BOEING 777-200LR,0
landing,LGA,22,1786928728.33,2026-08-17T01:05:28Z,40.774189,-73.879974,210.9,ad52c2,N958DZ,B739,,0
landing,JFK,22L,1786928734.98,2026-08-17T01:05:34Z,40.637695,-73.760787,210.9,3475d4,EC-ODB,A332,AIRBUS A-330-200,0
takeoff,LGA,13,1786928746.85,2026-08-17T01:05:46Z,40.779167,-73.871948,123.8,a359c2,N315DU,BCS3,AIRBUS A220-300,0
takeoff,JFK,22R,1786928826.41,2026-08-17T01:07:06Z,40.649437,-73.764158,210.9,a1e946,N222JQ,E75L,EMBRAER ERJ-170-200 (long wing),0
landing,LGA,22,1786928847.38,2026-08-17T01:07:27Z,40.777817,-73.876999,210.9,acfa52,N935XJ,CRJ9,BOMBARDIER Regional Jet CRJ-900,0
landing,JFK,22L,1786928871.16,2026-08-17T01:07:51Z,40.635216,-73.762722,210.9,aded77,N997JL,A321,AIRBUS A-321,0
takeoff,LGA,13,1786928877.55,2026-08-17T01:07:57Z,40.779411,-73.872476,123.8,a3cc88,N344DU,,,0
takeoff,JFK,22R,1786928901.07,2026-08-17T01:08:21Z,40.646381,-73.766571,210.9,adc238,N986JB,A321,AIRBUS A-321,0
takeoff,JFK,22R,1786928959.12,2026-08-17T01:09:19Z,40.646528,-73.766467,210.9,ab72b3,N837DN,B739,BOEING 737-900,0
takeoff,LGA,13,1786928974.11,2026-08-17T01:09:34Z,40.781628,-73.87709,123.8,a1b092,N208JQ,E75L,EMBRAER ERJ-170-200 (long wing),0
landing,JFK,22L,1786928980.44,2026-08-17T01:09:40Z,40.63607,-73.762039,210.9,acab54,N915XJ,CRJ9,BOMBARDIER Regional Jet CRJ-900,0
takeoff,JFK,22R,1786929036.8,2026-08-17T01:10:36Z,40.646586,-73.766405,212.4,740823,JY-BAC,B788,BOEING 787-8 Dreamliner,0
takeoff,LGA,13,1786929047.06,2026-08-17T01:10:47Z,40.779749,-73.873163,123.8,a4a0cd,N398DA,B738,BOEING 737-800,0
takeoff,LGA,13,1786929114.19,2026-08-17T01:11:54Z,40.779667,-73.872991,123.8,a2cce4,N28NX,PC12,PILATUS PC-12,0
landing,JFK,22L,1786929120.96,2026-08-17T01:12:00Z,40.637169,-73.761185,210.9,a35949,N3149J,BCS3,AIRBUS A220-300,0
landing,LGA,22,1786929189.75,2026-08-17T01:13:09Z,40.777508,-73.877243,210.9,a1057a,N165NN,A321,AIRBUS A-321,0
takeoff,JFK,22R,1786929192.48,2026-08-17T01:13:12Z,40.646586,-73.766405,210.9,ad4eb5,N957AN,B738,BOEING 737-800,0
landing,JFK,22L,1786929214.65,2026-08-17T01:13:34Z,40.63662,-73.761627,210.9,a033ae,N112AN,A321,AIRBUS A-321,0
takeoff,LGA,13,1786929246.81,2026-08-17T01:14:06Z,40.779877,-73.873444,123.8,a3b529,N338ST,B38M,BOEING 737 MAX 8,0
takeoff,JFK,22R,1786929255.7,2026-08-17T01:14:15Z,40.646439,-73.76651,210.9,aaf47a,N805AK,B38M,,0
landing,JFK,22L,1786929292.67,2026-08-17T01:14:52Z,40.63731,-73.761068,210.9,ab766a,N838DN,B739,BOEING 737-900,0
takeoff,LGA,13,1786929299.22,2026-08-17T01:14:59Z,40.779784,-73.873256,123.8,ad24ab,N946NN,B738,BOEING 737-800,0
takeoff,JFK,22R,1786929310.83,2026-08-17T01:15:10Z,40.647575,-73.765656,210.9,a7d673,N604DN,A21N,AIRBUS A-321neo,0
takeoff,LGA,13,1786929372.28,2026-08-17T01:16:12Z,40.779714,-73.873085,123.8,ac0843,N8745K,B38M,BOEING 737 MAX 8,0
takeoff,JFK,22R,1786929374.59,2026-08-17T01:16:14Z,40.647068,-73.766022,210.9,a19cc7,N2027J,A21N,AIRBUS A-321neo,0
landing,JFK,22L,1786929390.97,2026-08-17T01:16:30Z,40.637276,-73.761037,210.9,408121,G-VPIE,A339,AIRBUS A-330-900,0
takeoff,JFK,22R,1786929435.62,2026-08-17T01:17:15Z,40.646749,-73.76628,210.9,4077d3,G-VTEA,A35K,AIRBUS A-350-1000,0
landing,LGA,22,1786929446.49,2026-08-17T01:17:26Z,40.777702,-73.87709,210.9,a34bdc,N311PQ,CRJ9,BOMBARDIER Regional Jet CRJ-900,0
takeoff,LGA,13,1786929470.89,2026-08-17T01:17:50Z,40.779968,-73.873657,123.8,aa7e51,N77520,B738,BOEING 737-800,0
landing,JFK,22L,1786929536.16,2026-08-17T01:18:56Z,40.635487,-73.762512,210.9,a1aaae,N2060J,A21N,AIRBUS A-321neo,0
takeoff,JFK,22R,1786929541.24,2026-08-17T01:19:01Z,40.646249,-73.766655,210.9,348310,EC-OLG,A333,AIRBUS A-330-300,0
landing,LGA,22,1786929545.97,2026-08-17T01:19:05Z,40.776432,-73.878159,210.9,ab4ba6,N827JB,A320,AIRBUS A-320,0
takeoff,LGA,13,1786929562.9,2026-08-17T01:19:22Z,40.780005,-73.873709,123.8,a353d2,N313VA,B38M,BOEING 737 MAX 8,0
landing,LGA,22,1786929628.19,2026-08-17T01:20:28Z,40.777622,-73.877151,210.9,a7cc00,N601LR,CRJ9,BOMBARDIER Regional Jet CRJ-900,0
takeoff,JFK,22R,1786929633.98,2026-08-17T01:20:33Z,40.646633,-73.766358,212.4,e80445,CC-BGD,B789,BOEING 787-9 Dreamliner,0
takeoff,LGA,13,1786929638.67,2026-08-17T01:20:38Z,40.78157,-73.876999,123.8,ac1951,N879RW,E170,EMBRAER ERJ-170-100,0
landing,JFK,22L,1786929662.97,2026-08-17T01:21:02Z,40.640907,-73.758228,210.9,adce02,N989QS,C68A,,0
landing,LGA,22,1786929752.88,2026-08-17T01:22:32Z,40.778306,-73.876596,210.9,a74679,N568UW,A321,AIRBUS A-321,0
takeoff,LGA,13,1786929785.47,2026-08-17T01:23:05Z,40.779865,-73.873428,123.8,c050c0,C-GEPB,B38M,BOEING 737 MAX 8,0
takeoff,JFK,22R,1786929825.34,2026-08-17T01:23:45Z,40.64704,-73.766046,210.9,a6dbf3,N541DE,A21N,AIRBUS A-321neo,0
landing,JFK,22L,1786929825.51,2026-08-17T01:23:45Z,40.634273,-73.763502,213.8,a05f95,N123HQ,E75L,EMBRAER ERJ-170-200 (long wing),0
takeoff,JFK,22R,1786929880.04,2026-08-17T01:24:40Z,40.646772,-73.766249,210.9,ad9712,N975JT,A321,AIRBUS A-321,0
takeoff,LGA,13,1786929888.83,2026-08-17T01:24:48Z,40.780655,-73.875076,123.8,a3adce,N336TM,B38M,BOEING 737 MAX 8,0
landing,JFK,22L,1786929935.55,2026-08-17T01:25:35Z,40.637947,-73.760574,210.9,a657f4,N508DA,A21N,AIRBUS A-321neo,0
takeoff,JFK,22R,1786929939.27,2026-08-17T01:25:39Z,40.64645,-73.76651,210.9,ab1979,N814NW,A333,AIRBUS A-330-300,0
landing,LGA,22,1786929942.85,2026-08-17T01:25:42Z,40.778046,-73.876801,210.9,a6c3ca,N535JB,A320,AIRBUS A-320,0
landing,JFK,22L,1786930020.4,2026-08-17T01:27:00Z,40.634832,-73.763019,210.9,789219,B-LXG,A35K,AIRBUS A-350-1000,0
takeoff,LGA,13,1786930056.06,2026-08-17T01:27:36Z,40.779981,-73.873662,123.8,a78a52,N585UW,A321,AIRBUS A-321,0
takeoff,JFK,22R,1786930065.64,2026-08-17T01:27:45Z,40.646633,-73.766373,210.9,a5f162,N482PX,CRJ9,BOMBARDIER Regional Jet CRJ-900,0
takeoff,JFK,22R,1786930122.97,2026-08-17T01:28:42Z,40.646633,-73.766357,210.9,ab649a,N833MH,B764,BOEING 767-400,0
landing,JFK,22L,1786930160.26,2026-08-17T01:29:20Z,40.636054,-73.762035,210.9,a3661f,N318SF,B38M,BOEING 737 MAX 8,0
landing,LGA,22,1786930161.66,2026-08-17T01:29:21Z,40.777027,-73.877655,208.1,a21142,N232PQ,CRJ9,BOMBARDIER Regional Jet CRJ-900,0
takeoff,JFK,22R,1786930186.77,2026-08-17T01:29:46Z,40.648227,-73.765125,210.9,406b05,G-STBL,B77W,BOEING 777-300ER,0
landing,JFK,22L,1786930268.06,2026-08-17T01:31:08Z,40.637077,-73.761246,210.9,acb679,N918XJ,CRJ9,BOMBARDIER Regional Jet CRJ-900,0
takeoff,LGA,13,1786930281.11,2026-08-17T01:31:21Z,40.779625,-73.872925,123.8,a35254,N313DU,BCS3,AIRBUS A220-300,0
takeoff,JFK,22R,1786930335.95,2026-08-17T01:32:15Z,40.646877,-73.766186,210.9,4cc570,TF-IAA,A21N,AIRBUS A-321neo,0
landing,LGA,22,1786930346.87,2026-08-17T01:32:26Z,40.77933,-73.875738,210.9,a34ae6,N311DU,BCS3,AIRBUS A220-300,0
landing,JFK,22L,1786930347.26,2026-08-17T01:32:27Z,40.636551,-73.761658,210.9,a19910,N2017J,A21N,AIRBUS A-321neo,0
takeoff,LGA,13,1786930372.29,2026-08-17T01:32:52Z,40.779819,-73.873319,123.8,a2b45b,N27323,B38M,BOEING 737 MAX 8,0
takeoff,LGA,13,1786930373.02,2026-08-17T01:32:53Z,40.779694,-73.873047,123.8,a2b45b,N27323,B38M,BOEING 737 MAX 8,0
takeoff,JFK,22R,1786930392.67,2026-08-17T01:33:12Z,40.646816,-73.76622,210.9,a6d234,N539DN,A21N,,0
landing,JFK,22L,1786930432.86,2026-08-17T01:33:52Z,40.635189,-73.762726,210.9,ad4f72,N957JB,A321,AIRBUS A-321,0
takeoff,JFK,22R,1786930454.95,2026-08-17T01:34:14Z,40.647214,-73.765906,210.9,a7a59f,N592JB,A320,AIRBUS A-320,0
takeoff,JFK,22R,1786930527.41,2026-08-17T01:35:27Z,40.64629,-73.766632,210.9,ab8fd0,N844MH,B764,BOEING 767-400,0
landing,JFK,22L,1786930533.87,2026-08-17T01:35:33Z,40.63496,-73.762925,209.6,47ae38,LN-FNL,B789,BOEING 787-9 Dreamliner,0
landing,LGA,22,1786930549.47,2026-08-17T01:35:49Z,40.7745,-73.879717,210.9,a54cd9,N440YX,E75L,EMBRAER ERJ-170-200 (long wing),0
takeoff,JFK,22R,1786930601.7,2026-08-17T01:36:41Z,40.647156,-73.765952,210.9,a3999e,N331AZ,B763,BOEING 767-300,0
takeoff,LGA,13,1786930652.75,2026-08-17T01:37:32Z,40.779659,-73.872986,123.8,a15b4c,N187GJ,CRJ9,BOMBARDIER Regional Jet CRJ-900,0
landing,JFK,22L,1786930670.87,2026-08-17T01:37:50Z,40.635189,-73.762741,210.9,3c70ca,D-ALFJ,B77L,BOEING 777-200LR,0
takeoff,LGA,13,1786930709.8,2026-08-17T01:38:29Z,40.779714,-73.873085,118.1,a92ea0,N691CA,CRJ9,BOMBARDIER Regional Jet CRJ-900,0
takeoff,JFK,22R,1786930742.58,2026-08-17T01:39:02Z,40.646505,-73.766467,210.9,ac181d,N879DN,B739,BOEING 737-900,0
takeoff,LGA,13,1786930761.69,2026-08-17T01:39:21Z,40.780005,-73.87374,123.8,a36fa4,N320PQ,CRJ9,BOMBARDIER Regional Jet CRJ-900,0
takeoff,JFK,22R,1786930810.27,2026-08-17T01:40:10Z,40.646109,-73.766779,209.6,485f83,PH-BKP,B78X,BOEING 787-10 Dreamliner,0
takeoff,LGA,13,1786930820.4,2026-08-17T01:40:20Z,40.781506,-73.876846,123.8,a22ac6,N239JQ,E75L,EMBRAER ERJ-170-200 (long wing),0
landing,JFK,22L,1786930827.66,2026-08-17T01:40:27Z,40.635201,-73.762711,210.9,addadb,N992JB,A321,AIRBUS A-321,0
takeoff,JFK,22R,1786930887.27,2026-08-17T01:41:27Z,40.64669,-73.766327,209.6,e80493,CC-BMD,B789,BOEING 787-9 Dreamliner,0
landing,JFK,22L,1786930937.98,2026-08-17T01:42:17Z,40.63203,-73.765213,210.9,a1a1b6,N204JQ,E75L,EMBRAER ERJ-170-200 (long wing),0
takeoff,JFK,22R,1786930966.06,2026-08-17T01:42:46Z,40.646726,-73.76628,210.9,ab6c08,N835MH,B764,BOEING 767-400,0
landing,JFK,22L,1786931023.75,2026-08-17T01:43:43Z,40.634995,-73.762863,210.9,a13af4,N179DN,B763,BOEING 767-300,0
landing,JFK,22L,1786931118.02,2026-08-17T01:45:18Z,40.637043,-73.761286,210.9,4cae33,EI-XLV,A21N,AIRBUS A-321neo,0
landing,LGA,22,1786931132.63,2026-08-17T01:45:32Z,40.774086,-73.879913,191.2,a5106e,N425YX,E75L,EMBRAER ERJ-170-200 (long wing),0
takeoff,LGA,13,1786931137.43,2026-08-17T01:45:37Z,40.780266,-73.874252,123.8,a200ba,N228WN,B737,BOEING 737-700,0
takeoff,JFK,22R,1786931142.92,2026-08-17T01:45:42Z,40.645775,-73.767029,210.9,a37fd3,N3242J,BCS3,,0
takeoff,JFK,22R,1786931203.24,2026-08-17T01:46:43Z,40.64637,-73.766556,210.9,a11380,N169DZ,B763,BOEING 767-300,0
takeoff,LGA,13,1786931207.51,2026-08-17T01:46:47Z,40.781331,-73.876455,123.8,c0885e,C-GZQR,E295,EMBRAER ERJ-190-400,0
takeoff,JFK,31R,1786931232.57,2026-08-17T01:47:12Z,40.648448,-73.772944,261.6,addadb,N992JB,A321,AIRBUS A-321,0
takeoff,LGA,13,1786931255.95,2026-08-17T01:47:35Z,40.781696,-73.877258,123.8,ada699,N979RP,E170,EMBRAER ERJ-170-100,0
takeoff,JFK,22R,1786931264.82,2026-08-17T01:47:44Z,40.647205,-73.765915,210.9,346146,EC-NBE,A359,AIRBUS A-350-900,0
landing,JFK,22L,1786931295.84,2026-08-17T01:48:15Z,40.637334,-73.761052,210.9,4005bd,G-VIIE,B772,BOEING 777-200,0
takeoff,LGA,13,1786931321.97,2026-08-17T01:48:41Z,40.781834,-73.877518,123.8,abe2f6,N865RW,E170,EMBRAER ERJ-170-100,0
takeoff,JFK,22R,1786931417.16,2026-08-17T01:50:17Z,40.64704,-73.766046,210.9,a3e658,N350RV,B38M,BOEING 737 MAX 8,0
takeoff,LGA,22,1786931440.55,2026-08-17T01:50:40Z,40.784544,-73.87143,210.9,a08acb,N134HQ,E75L,EMBRAER ERJ-170-200 (long wing),0
landing,JFK,22L,1786931442.26,2026-08-17T01:50:42Z,40.636826,-73.761444,210.9,a98f6a,N715JB,A320,AIRBUS A-320,0
takeoff,JFK,22R,1786931477.07,2026-08-17T01:51:17Z,40.647057,-73.766037,210.9,a85887,N637JB,A320,AIRBUS A-320,0
landing,LGA,22,1786931524.66,2026-08-17T01:52:04Z,40.778732,-73.876236,210.9,ac03ff,N8731J,B38M,BOEING 737 MAX 8,0
takeoff,JFK,22R,1786931531.31,2026-08-17T01:52:11Z,40.647446,-73.765717,210.9,abd3cf,N861NW,A332,AIRBUS A-330-200,0
landing,JFK,22L,1786931557.88,2026-08-17T01:52:37Z,40.637306,-73.761093,212.4,40742e,G-CKOF,B789,BOEING 787-9 Dreamliner,0
takeoff,JFK,22L,1786931557.88,2026-08-17T01:52:37Z,40.637306,-73.761093,212.4,40742e,G-CKOF,B789,BOEING 787-9 Dreamliner,0
landing,JFK,22L,1786931558.37,2026-08-17T01:52:38Z,40.637136,-73.761239,212.4,40742e,G-CKOF,B789,BOEING 787-9 Dreamliner,0
takeoff,LGA,13,1786931594.18,2026-08-17T01:53:14Z,40.781479,-73.876801,123.8,a8847f,N648RW,E170,EMBRAER ERJ-170-100,0
takeoff,JFK,22R,1786931650.74,2026-08-17T01:54:10Z,40.646854,-73.766218,210.9,a4417d,N3731T,B738,BOEING 737-800,0
takeoff,LGA,13,1786931661.11,2026-08-17T01:54:21Z,40.779533,-73.872726,120.9,a2000d,N228PQ,CRJ9,BOMBARDIER Regional Jet CRJ-900,0
landing,JFK,22L,1786931700.06,2026-08-17T01:55:00Z,40.636814,-73.761475,208.1,ab4f5d,N828JB,A320,AIRBUS A-320,0
takeoff,LGA,13,1786931705.5,2026-08-17T01:55:05Z,40.781716,-73.877251,123.8,a07bef,N130HQ,E75L,EMBRAER ERJ-170-200 (long wing),0
takeoff,JFK,22R,1786931706.75,2026-08-17T01:55:06Z,40.647063,-73.766015,210.9,a1a435,N2047J,A21N,AIRBUS A-321neo,0
takeoff,JFK,22R,1786931760.36,2026-08-17T01:56:00Z,40.648134,-73.765203,210.9,a7a17b,N591DT,A21N,AIRBUS A-321neo,0
landing,LGA,22,1786931815.47,2026-08-17T01:56:55Z,40.774246,-73.879822,199.7,a01f73,N107HQ,E75L,EMBRAER ERJ-170-200 (long wing),0
takeoff,LGA,13,1786931820.04,2026-08-17T01:57:00Z,40.779728,-73.873123,123.8,a0b8fb,N146AA,A321,AIRBUS A-321,0
takeoff,JFK,22R,1786931827.5,2026-08-17T01:57:07Z,40.647114,-73.766006,210.9,710110,HZ-AK38,B77W,BOEING 777-300ER,0
landing,JFK,22L,1786931842.28,2026-08-17T01:57:22Z,40.633586,-73.764095,219.4,a03816,N113HQ,E75L,EMBRAER ERJ-170-200 (long wing),0
takeoff,LGA,13,1786931872.07,2026-08-17T01:57:52Z,40.781685,-73.877197,123.8,a53ba4,N436YX,E75L,EMBRAER ERJ-170-200 (long wing),0
takeoff,JFK,22R,1786931909.12,2026-08-17T01:58:29Z,40.646336,-73.766602,210.9,780233,B-LJC,B748,BOEING 747-8,0
landing,JFK,22L,1786931919.94,2026-08-17T01:58:39Z,40.634238,-73.763455,210.9,899032,B-16729,B77W,BOEING 777-300ER,0
landing,LGA,22,1786931949.14,2026-08-17T01:59:09Z,40.77777,-73.877017,210.9,abb54f,N8533S,B738,BOEING 737-800,0
takeoff,LGA,13,1786931959.1,2026-08-17T01:59:19Z,40.781541,-73.876939,123.8,a19dff,N203JQ,E75L,EMBRAER ERJ-170-200 (long wing),0
takeoff,LGA,04,1786931989.73,2026-08-17T01:59:49Z,40.7822,-73.878342,70.3,a53436,N434YX,E75L,EMBRAER ERJ-170-200 (long wing),0
takeoff,JFK,22R,1786931991.64,2026-08-17T01:59:51Z,40.647572,-73.76564,210.9,4b1880,HB-JHG,A333,AIRBUS A-330-300,0
landing,LGA,22,1786932058.08,2026-08-17T02:00:58Z,40.776839,-73.877735,210.9,a35e6f,N316PQ,CRJ9,BOMBARDIER Regional Jet CRJ-900,0
landing,JFK,22L,1786932076.27,2026-08-17T02:01:16Z,40.635132,-73.762726,210.9,4cc582,TF-ICJ,B38M,BOEING 737 MAX 8,0
takeoff,JFK,22R,1786932090.99,2026-08-17T02:01:30Z,40.647434,-73.765762,210.9,a6c70f,N536DN,A21N,AIRBUS A-321neo,0
takeoff,LGA,13,1786932140.59,2026-08-17T02:02:20Z,40.781639,-73.877136,123.8,a0835d,N132HQ,E75L,EMBRAER ERJ-170-200 (long wing),0
takeoff,JFK,22R,1786932157.5,2026-08-17T02:02:37Z,40.646784,-73.766249,210.9,a4c592,N4062J,A21N,AIRBUS A-321neo,0
landing,LGA,22,1786932170.71,2026-08-17T02:02:50Z,40.771102,-73.882386,196.9,a4eca6,N416YX,E75L,EMBRAER ERJ-170-200 (long wing),0
landing,JFK,22L,1786932190.82,2026-08-17T02:03:10Z,40.633819,-73.763783,210.9,780cb6,B-2485,B748,BOEING 747-8,0
takeoff,JFK,22R,1786932221.59,2026-08-17T02:03:41Z,40.646656,-73.766342,209.6,ab7fe6,N840AN,B789,BOEING 787-9 Dreamliner,0
landing,LGA,22,1786932221.99,2026-08-17T02:03:41Z,40.777782,-73.877014,213.8,a2b759,N274WN,B737,BOEING 737-700,0
takeoff,JFK,22R,1786932222.61,2026-08-17T02:03:42Z,40.646324,-73.766602,209.6,ab7fe6,N840AN,B789,BOEING 787-9 Dreamliner,0
takeoff,LGA,13,1786932228.9,2026-08-17T02:03:48Z,40.781708,-73.877274,123.8,a1be10,N211JQ,E75L,EMBRAER ERJ-170-200 (long wing),0
takeoff,LGA,13,1786932282.83,2026-08-17T02:04:42Z,40.781471,-73.876768,123.8,a1c935,N214JQ,E75L,EMBRAER ERJ-170-200 (long wing),0
takeoff,JFK,22R,1786932323.9,2026-08-17T02:05:23Z,40.646221,-73.766693,210.9,76cee2,9V-SWB,B77W,BOEING 777-300ER,0
landing,JFK,22L,1786932362.31,2026-08-17T02:06:02Z,40.633912,-73.763799,216.6,a1dd2d,N219YX,E75L,EMBRAER ERJ-170-200 (long wing),0
landing,LGA,22,1786932364.01,2026-08-17T02:06:04Z,40.776558,-73.878052,213.8,a385ee,N326PQ,CRJ9,BOMBARDIER Regional Jet CRJ-900,0
takeoff,LGA,22,1786932364.01,2026-08-17T02:06:04Z,40.776558,-73.878052,213.8,a385ee,N326PQ,CRJ9,BOMBARDIER Regional Jet CRJ-900,0
landing,LGA,22,1786932364.34,2026-08-17T02:06:04Z,40.776421,-73.878159,210.9,a385ee,N326PQ,CRJ9,BOMBARDIER Regional Jet CRJ-900,0
takeoff,LGA,13,1786932387.46,2026-08-17T02:06:27Z,40.779728,-73.873154,123.8,a42a5c,N368DN,A321,AIRBUS A-321,0
takeoff,JFK,22R,1786932397.06,2026-08-17T02:06:37Z,40.6464,-73.766545,210.9,4ca615,EI-FNH,A333,AIRBUS A-330-300,0
takeoff,LGA,13,1786932426.59,2026-08-17T02:07:06Z,40.78175,-73.877345,123.8,a8a490,N656RW,E170,EMBRAER ERJ-170-100,0
landing,JFK,22L,1786932434.83,2026-08-17T02:07:14Z,40.63599,-73.7621,210.9,a74f33,N570JB,A320,AIRBUS A-320,0
landing,LGA,22,1786932510.33,2026-08-17T02:08:30Z,40.777725,-73.877075,210.9,a41632,N36207,B738,BOEING 737-800,0
takeoff,JFK,22R,1786932539.72,2026-08-17T02:08:59Z,40.647005,-73.766077,210.9,a6152a,N491PX,CRJ9,BOMBARDIER Regional Jet CRJ-900,0
landing,JFK,22L,1786932548.73,2026-08-17T02:09:08Z,40.636368,-73.761786,208.1,a93d7c,N695CA,CRJ9,BOMBARDIER Regional Jet CRJ-900,0
takeoff,JFK,22R,1786932607.57,2026-08-17T02:10:07Z,40.647079,-73.766037,210.9,a32803,N302NY,A21N,AIRBUS A-321neo,0
landing,JFK,22L,1786932635.76,2026-08-17T02:10:35Z,40.636286,-73.761864,210.9,a38836,N3269J,BCS3,AIRBUS A220-300,0
takeoff,LGA,13,1786932653.09,2026-08-17T02:10:53Z,40.781762,-73.877361,126.6,a1c1c7,N212JQ,E75L,EMBRAER ERJ-170-200 (long wing),0
landing,LGA,22,1786932664.54,2026-08-17T02:11:04Z,40.774521,-73.879654,205.3,a4e181,N413YX,E75L,EMBRAER ERJ-170-200 (long wing),0
takeoff,JFK,22R,1786932678.44,2026-08-17T02:11:18Z,40.646912,-73.76614,208.1,a301f3,N293PQ,CRJ9,BOMBARDIER Regional Jet CRJ-900,0
landing,JFK,22L,1786932715.93,2026-08-17T02:11:55Z,40.634983,-73.762894,210.9,869210,JA787A,B77W,BOEING 777-300ER,0
landing,LGA,22,1786932739.01,2026-08-17T02:12:19Z,40.777444,-73.877298,210.9,a2b110,N27256,B38M,BOEING 737 MAX 8,0
takeoff,JFK,22R,1786932756.54,2026-08-17T02:12:36Z,40.646954,-73.766129,210.9,a1dab3,N2188J,A21N,AIRBUS A-321neo,0
takeoff,LGA,13,1786932758.64,2026-08-17T02:12:38Z,40.780109,-73.873943,123.8,ac8b43,N907XJ,CRJ9,BOMBARDIER Regional Jet CRJ-900,0
takeoff,JFK,22R,1786932833.54,2026-08-17T02:13:53Z,40.647274,-73.765869,209.6,ab79ca,N839AA,B789,BOEING 787-9 Dreamliner,0
takeoff,LGA,13,1786932834.65,2026-08-17T02:13:54Z,40.780266,-73.874268,123.8,acf2e4,N933XJ,CRJ9,BOMBARDIER Regional Jet CRJ-900,0
landing,JFK,22L,1786932868.82,2026-08-17T02:14:28Z,40.63512,-73.762772,210.9,aacf19,N796JB,A320,AIRBUS A-320,0
landing,LGA,22,1786932887.6,2026-08-17T02:14:47Z,40.776249,-73.878265,210.9,a2af3e,N272PQ,CRJ9,BOMBARDIER Regional Jet CRJ-900,0
takeoff,JFK,22R,1786932911.15,2026-08-17T02:15:11Z,40.646702,-73.766311,210.9,4005c0,G-VIIH,B772,BOEING 777-200,0
takeoff,LGA,13,1786932938.2,2026-08-17T02:15:38Z,40.779597,-73.872851,123.8,c0064c,C-FCJZ,CRJ9,BOMBARDIER Regional Jet CRJ-900,0
landing,JFK,22L,1786932973.92,2026-08-17T02:16:13Z,40.635956,-73.762131,210.9,ab03a4,N809DN,B739,BOEING 737-900,0
landing,LGA,22,1786933020.87,2026-08-17T02:17:00Z,40.776886,-73.877735,210.9,a8f9a3,N678CA,CRJ9,BOMBARDIER Regional Jet CRJ-900,0
takeoff,JFK,22R,1786933075.12,2026-08-17T02:17:55Z,40.647125,-73.765991,210.9,a1ddbb,N2193J,A21N,AIRBUS A-321neo,0
landing,JFK,22L,1786933084.6,2026-08-17T02:18:04Z,40.637146,-73.761185,210.9,a788d3,N585DN,A21N,,0
takeoff,JFK,22R,1786933129.55,2026-08-17T02:18:49Z,40.647005,-73.766077,210.9,a7b832,N597JB,A320,AIRBUS A-320,0
landing,LGA,22,1786933143.09,2026-08-17T02:19:03Z,40.775208,-73.87912,210.9,a210c5,N232JQ,E75L,EMBRAER ERJ-170-200 (long wing),0
takeoff,LGA,13,1786933151.73,2026-08-17T02:19:11Z,40.779807,-73.873319,123.8,a071c2,N128DN,A321,AIRBUS A-321,0
landing,JFK,22L,1786933176.24,2026-08-17T02:19:36Z,40.636775,-73.761474,210.9,06a0ea,A7-AMK,A359,AIRBUS A-350-900,0
takeoff,JFK,22R,1786933186.86,2026-08-17T02:19:46Z,40.6474,-73.765762,210.9,ad8fa4,N973JT,A321,AIRBUS A-321,0
landing,LGA,22,1786933247.13,2026-08-17T02:20:47Z,40.775536,-73.878874,210.9,a1f0b4,N224JQ,E75L,EMBRAER ERJ-170-200 (long wing),0
takeoff,JFK,22R,1786933249.89,2026-08-17T02:20:49Z,40.646095,-73.766769,210.9,a39243,N3291J,BCS3,AIRBUS A220-300,0
takeoff,LGA,13,1786933254.75,2026-08-17T02:20:54Z,40.779625,-73.87291,123.8,acfa52,N935XJ,CRJ9,BOMBARDIER Regional Jet CRJ-900,0
landing,JFK,22L,1786933314.9,2026-08-17T02:21:54Z,40.634983,-73.762894,210.9,a30f85,N297AK,B739,BOEING 737-900,0
takeoff,JFK,22R,1786933322.43,2026-08-17T02:22:02Z,40.646553,-73.766418,210.9,495266,CS-TSF,A21N,AIRBUS A-321neo,0
landing,LGA,22,1786933337.17,2026-08-17T02:22:17Z,40.77521,-73.87914,213.8,abdf3f,N864RW,E170,EMBRAER ERJ-170-100,0
takeoff,LGA,13,1786933350.9,2026-08-17T02:22:30Z,40.779682,-73.873001,123.8,ab6eb9,N836AW,A319,AIRBUS A-319,0
takeoff,JFK,22R,1786933375.55,2026-08-17T02:22:55Z,40.646644,-73.766358,210.9,ac92b1,N909XJ,CRJ9,BOMBARDIER Regional Jet CRJ-900,0
landing,JFK,22L,1786933419.79,2026-08-17T02:23:39Z,40.634832,-73.763003,198.4,4ba954,TC-JJT,B77W,BOEING 777-300ER,0
landing,LGA,22,1786933422.39,2026-08-17T02:23:42Z,40.77721,-73.877502,208.1,a14c70,N183GJ,CRJ9,BOMBARDIER Regional Jet CRJ-900,0
takeoff,LGA,13,1786933434.18,2026-08-17T02:23:54Z,40.78054,-73.874833,123.8,a43ea2,N37273,B738,BOEING 737-800,0
takeoff,JFK,22R,1786933453.29,2026-08-17T02:24:13Z,40.64612,-73.766779,210.9,4ba94c,TC-JJL,B77W,BOEING 777-300ER,0
landing,LGA,22,1786933533.06,2026-08-17T02:25:33Z,40.775594,-73.878812,210.9,abd41a,N861RW,E170,EMBRAER ERJ-170-100,0
takeoff,LGA,13,1786933541.63,2026-08-17T02:25:41Z,40.780482,-73.874739,120.9,a53287,N434FR,A20N,AIRBUS A-320neo,0
landing,JFK,22L,1786933571.62,2026-08-17T02:26:11Z,40.635437,-73.762535,208.1,4247d1,VP-CIX,B38M,BOEING 737 MAX 8,0
takeoff,JFK,22R,1786933604.9,2026-08-17T02:26:44Z,40.649449,-73.764173,210.9,a1a56d,N205JQ,E75L,EMBRAER ERJ-170-200 (long wing),0
landing,LGA,22,1786933617.49,2026-08-17T02:26:57Z,40.775757,-73.878718,210.9,ac67fc,N899NN,B738,BOEING 737-800,0
takeoff,LGA,13,1786933618.3,2026-08-17T02:26:58Z,40.781788,-73.877426,123.8,a34bdc,N311PQ,CRJ9,BOMBARDIER Regional Jet CRJ-900,0
takeoff,JFK,22R,1786933676.2,2026-08-17T02:27:56Z,40.646644,-73.766358,210.9,a9bf4b,N727TW,B752,BOEING 757-200,0
landing,LGA,22,1786933719.18,2026-08-17T02:28:39Z,40.779144,-73.875878,210.9,a42e48,N369FR,A20N,AIRBUS A-320neo,0
landing,JFK,22L,1786933732.01,2026-08-17T02:28:52Z,40.63908,-73.759659,210.9,a2efec,N289FE,B763,,0
takeoff,JFK,22R,1786933737.23,2026-08-17T02:28:57Z,40.646493,-73.766467,210.9,ad3cdf,N952JB,A321,AIRBUS A-321,0
takeoff,LGA,13,1786933741.57,2026-08-17T02:29:01Z,40.780272,-73.874286,123.8,a3b79c,N339DU,,,0
takeoff,JFK,22R,1786933794.52,2026-08-17T02:29:54Z,40.646381,-73.766556,210.9,a16883,N190DN,B763,BOEING 767-300,0
takeoff,LGA,13,1786933797.22,2026-08-17T02:29:57Z,40.781669,-73.877189,123.8,a54cd9,N440YX,E75L,EMBRAER ERJ-170-200 (long wing),0
landing,JFK,22L,1786933851.65,2026-08-17T02:30:51Z,40.63512,-73.762756,210.9,71be35,HL7635,A388,AIRBUS A-380-800,0
landing,LGA,22,1786933857.13,2026-08-17T02:30:57Z,40.774896,-73.879358,210.9,ab1d06,N815MD,E170,EMBRAER ERJ-170-100,0
takeoff,JFK,22R,1786933922.78,2026-08-17T02:32:02Z,40.646667,-73.766312,210.9,acf54f,N934JB,A321,AIRBUS A-321,0
landing,LGA,22,1786933938.7,2026-08-17T02:32:18Z,40.77499,-73.879272,208.1,a53f5b,N437YX,E75L,EMBRAER ERJ-170-200 (long wing),0
takeoff,JFK,22R,1786933990.57,2026-08-17T02:33:10Z,40.646233,-73.766693,209.6,486071,PH-BKL,B78X,BOEING 787-10 Dreamliner,0
landing,LGA,22,1786934021.59,2026-08-17T02:33:41Z,40.777027,-73.87764,210.9,ad0f29,N940WN,B737,BOEING 737-700,0
takeoff,LGA,13,1786934053.96,2026-08-17T02:34:13Z,40.780191,-73.874099,120.9,ab4ba6,N827JB,A320,AIRBUS A-320,0
landing,LGA,22,1786934116.01,2026-08-17T02:35:16Z,40.777702,-73.87706,213.8,a732d9,N563JB,A320,AIRBUS A-320,0
landing,JFK,22L,1786934121.71,2026-08-17T02:35:21Z,40.63765,-73.760788,210.9,ab6519,N833SK,CRJ9,BOMBARDIER Regional Jet CRJ-900,0
takeoff,LGA,13,1786934139.84,2026-08-17T02:35:39Z,40.780249,-73.874224,123.8,abd77e,N862NN,B738,BOEING 737-800,0
takeoff,JFK,22R,1786934143.34,2026-08-17T02:35:43Z,40.647412,-73.765734,208.1,aab9a8,N790SU,LJ60,LEARJET 60,8
takeoff,JFK,22R,1786934192.25,2026-08-17T02:36:32Z,40.649263,-73.764298,210.9,a0634c,N124HQ,E75L,EMBRAER ERJ-170-200 (long wing),0
landing,LGA,22,1786934196.75,2026-08-17T02:36:36Z,40.777668,-73.877121,210.9,a44187,N37313,B38M,BOEING 737 MAX 8,0
takeoff,LGA,13,1786934209.34,2026-08-17T02:36:49Z,40.781716,-73.877267,123.8,ac159a,N878RW,E170,EMBRAER ERJ-170-100,0
landing,JFK,22L,1786934212.9,2026-08-17T02:36:52Z,40.636985,-73.761333,210.9,a360b7,N3169J,BCS3,AIRBUS A220-300,0
takeoff,JFK,22R,1786934261.93,2026-08-17T02:37:41Z,40.646737,-73.766296,210.9,4cae80,EI-TYA,A339,AIRBUS A-330-900,0
takeoff,LGA,13,1786934288.24,2026-08-17T02:38:08Z,40.779842,-73.873381,123.8,a21142,N232PQ,CRJ9,BOMBARDIER Regional Jet CRJ-900,0
landing,JFK,22L,1786934334.82,2026-08-17T02:38:54Z,40.636826,-73.761459,210.9,a35fc2,N3162J,BCS3,AIRBUS A220-300,0
landing,LGA,22,1786934350.19,2026-08-17T02:39:10Z,40.775734,-73.878687,210.9,a8996b,N653RW,E170,EMBRAER ERJ-170-100,0
takeoff,JFK,22R,1786934416.83,2026-08-17T02:40:16Z,40.646912,-73.766155,208.1,a66576,N511DE,A21N,AIRBUS A-321neo,0
landing,JFK,22L,1786934431.84,2026-08-17T02:40:31Z,40.635887,-73.762161,210.9,a3311b,N3044J,BCS3,AIRBUS A220-300,0
takeoff,JFK,22R,1786934481.9,2026-08-17T02:41:21Z,40.646633,-73.766374,210.9,a014c9,N104NN,A321,AIRBUS A-321,0
takeoff,LGA,13,1786934524.52,2026-08-17T02:42:04Z,40.780128,-73.873962,123.8,a6c3ca,N535JB,A320,AIRBUS A-320,0
landing,JFK,22L,1786934533.83,2026-08-17T02:42:13Z,40.634102,-73.76358,210.9,a523c6,N430GT,B744,BOEING 747-400,0
takeoff,JFK,22R,1786934559.22,2026-08-17T02:42:39Z,40.646051,-73.766811,210.9,4c0223,YU-ARD,A332,AIRBUS A-330-200,0
landing,LGA,22,1786934599.11,2026-08-17T02:43:19Z,40.777107,-73.877579,213.8,a0ad1b,N14240,B738,BOEING 737-800,0
takeoff,JFK,22R,1786934668.04,2026-08-17T02:44:28Z,40.646656,-73.766357,210.9,ad1560,N942JB,A321,AIRBUS A-321,0
landing,JFK,22L,1786934726.53,2026-08-17T02:45:26Z,40.63686,-73.761414,210.9,a770a2,N579JB,A320,AIRBUS A-320,0
takeoff,JFK,22R,1786934730.14,2026-08-17T02:45:30Z,40.646759,-73.766251,210.9,a7f6f6,N612JB,A320,AIRBUS A-320,0
landing,LGA,22,1786934764.2,2026-08-17T02:46:04Z,40.77729,-73.877426,210.9,a34215,N309PQ,CRJ9,BOMBARDIER Regional Jet CRJ-900,0
takeoff,JFK,22R,1786934799.11,2026-08-17T02:46:39Z,40.646164,-73.766754,210.9,600bbe,4K-SW008,B744,BOEING 747-400,0
landing,JFK,22L,1786934807.8,2026-08-17T02:46:47Z,40.636507,-73.761723,210.9,ada227,N978JB,A321,AIRBUS A-321,0
landing,LGA,22,1786934902.87,2026-08-17T02:48:22Z,40.775723,-73.878677,208.1,a2147c,N233JQ,E75L,EMBRAER ERJ-170-200 (long wing),0
landing,JFK,22L,1786934929.15,2026-08-17T02:48:49Z,40.635448,-73.762504,208.1,abf6ae,N870DN,B739,BOEING 737-900,0
takeoff,JFK,22R,1786934949.38,2026-08-17T02:49:09Z,40.647238,-73.76589,210.9,a8e1f6,N6711M,B752,BOEING 757-200,0
takeoff,LGA,04,1786934950.27,2026-08-17T02:49:10Z,40.781937,-73.878616,14.1,a51425,N426YX,E75L,EMBRAER ERJ-170-200 (long wing),0
takeoff,JFK,22R,1786935007.51,2026-08-17T02:50:07Z,40.646516,-73.766483,208.1,a67883,N516JB,A320,AIRBUS A-320,0
landing,LGA,22,1786935017.48,2026-08-17T02:50:17Z,40.775517,-73.878891,210.9,a06aba,N126HQ,E75L,EMBRAER ERJ-170-200 (long wing),0
landing,JFK,22L,1786935019.37,2026-08-17T02:50:19Z,40.63599,-73.76207,210.9,ad846f,N970JB,A321,AIRBUS A-321,0
takeoff,JFK,22R,1786935069.45,2026-08-17T02:51:09Z,40.647284,-73.76589,210.9,06a072,A7-BAH,B77W,BOEING 777-300ER,0
landing,LGA,22,1786935128.54,2026-08-17T02:52:08Z,40.77734,-73.877392,210.9,accb65,N923XJ,CRJ9,BOMBARDIER Regional Jet CRJ-900,0
landing,JFK,22L,1786935136.41,2026-08-17T02:52:16Z,40.63567,-73.76236,210.9,0d0e2c,XA-MFN,B38M,BOEING 737 MAX 8,0
takeoff,JFK,22L,1786935136.41,2026-08-17T02:52:16Z,40.63567,-73.76236,210.9,0d0e2c,XA-MFN,B38M,BOEING 737 MAX 8,0
landing,JFK,22L,1786935136.57,2026-08-17T02:52:16Z,40.635565,-73.762441,210.9,0d0e2c,XA-MFN,B38M,BOEING 737 MAX 8,0
takeoff,LGA,13,1786935146.34,2026-08-17T02:52:26Z,40.780094,-73.873901,123.8,a7cc00,N601LR,CRJ9,BOMBARDIER Regional Jet CRJ-900,0
takeoff,JFK,22R,1786935155.7,2026-08-17T02:52:35Z,40.646493,-73.76653,208.1,a0428a,N116AN,A321,AIRBUS A-321,0
takeoff,JFK,22R,1786935209.59,2026-08-17T02:53:29Z,40.647125,-73.765976,205.3,a8f235,N676CA,CRJ9,BOMBARDIER Regional Jet CRJ-900,0
landing,JFK,22L,1786935236.81,2026-08-17T02:53:56Z,40.635876,-73.762207,210.9,a7816a,N583DT,A21N,,0
takeoff,JFK,22L,1786935236.81,2026-08-17T02:53:56Z,40.635876,-73.762207,210.9,a7816a,N583DT,A21N,,0
landing,JFK,22L,1786935237.47,2026-08-17T02:53:57Z,40.6356,-73.762426,210.9,a7816a,N583DT,A21N,,0
takeoff,JFK,22R,1786935264.86,2026-08-17T02:54:24Z,40.646656,-73.766358,208.1,acab54,N915XJ,CRJ9,BOMBARDIER Regional Jet CRJ-900,0
landing,LGA,22,1786935284.22,2026-08-17T02:54:44Z,40.776769,-73.87786,210.9,ad01c0,N937XJ,CRJ9,BOMBARDIER Regional Jet CRJ-900,0
takeoff,LGA,13,1786935304.82,2026-08-17T02:55:04Z,40.779888,-73.873474,123.8,a3962d,N330DU,BCS3,,0
takeoff,JFK,22R,1786935328.56,2026-08-17T02:55:28Z,40.646237,-73.766686,209.6,346384,EC-NGM,B789,BOEING 787-9 Dreamliner,0
landing,JFK,22L,1786935341.81,2026-08-17T02:55:41Z,40.634168,-73.763534,210.9,a3a9ff,N335SN,B38M,BOEING 737 MAX 8,0
takeoff,JFK,22R,1786935400.57,2026-08-17T02:56:40Z,40.645947,-73.766907,210.9,ab4866,N826NW,A333,AIRBUS A-330-300,0
landing,JFK,22L,1786935443.66,2026-08-17T02:57:23Z,40.636013,-73.762085,210.9,a3534a,N313PQ,CRJ9,BOMBARDIER Regional Jet CRJ-900,0
takeoff,JFK,22R,1786935465.89,2026-08-17T02:57:45Z,40.64653,-73.766449,210.9,71be09,HL7609,B748,BOEING 747-8,0
landing,LGA,22,1786935469.36,2026-08-17T02:57:49Z,40.776672,-73.877914,210.9,a3244a,N301NW,B738,BOEING 737-800,0
takeoff,LGA,13,1786935473.03,2026-08-17T02:57:53Z,40.781657,-73.877158,123.8,a4eca6,N416YX,E75L,EMBRAER ERJ-170-200 (long wing),0
landing,JFK,22L,1786935529.35,2026-08-17T02:58:49Z,40.633278,-73.764206,210.9,a70f11,N554JB,A320,AIRBUS A-320,0
takeoff,JFK,22L,1786935529.35,2026-08-17T02:58:49Z,40.633278,-73.764206,210.9,a70f11,N554JB,A320,AIRBUS A-320,0
landing,JFK,22L,1786935530.99,2026-08-17T02:58:50Z,40.632637,-73.764709,210.9,a70f11,N554JB,A320,AIRBUS A-320,0
takeoff,JFK,22R,1786935534.25,2026-08-17T02:58:54Z,40.645947,-73.766907,210.9,a519b8,N428DX,A339,,0
landing,LGA,22,1786935552.58,2026-08-17T02:59:12Z,40.777245,-73.877472,210.9,ab5c69,N831DN,B739,BOEING 737-900,0
takeoff,JFK,22R,1786935603.9,2026-08-17T03:00:03Z,40.645923,-73.76692,210.9,a17ecd,N196DN,B763,BOEING 767-300,0
landing,JFK,22L,1786935654.14,2026-08-17T03:00:54Z,40.631398,-73.765734,210.9,a4c527,N406YX,E75L,EMBRAER ERJ-170-200 (long wing),0
takeoff,JFK,22L,1786935654.47,2026-08-17T03:00:54Z,40.631329,-73.765796,210.9,a4c527,N406YX,E75L,EMBRAER ERJ-170-200 (long wing),0
landing,LGA,22,1786935656.36,2026-08-17T03:00:56Z,40.777188,-73.877501,208.1,a18380,N197PQ,CRJ9,BOMBARDIER Regional Jet CRJ-900,0
landing,JFK,22L,1786935656.44,2026-08-17T03:00:56Z,40.631023,-73.766083,216.6,a4c527,N406YX,E75L,EMBRAER ERJ-170-200 (long wing),0
takeoff,JFK,22L,1786935656.44,2026-08-17T03:00:56Z,40.631023,-73.766083,216.6,a4c527,N406YX,E75L,EMBRAER ERJ-170-200 (long wing),0
landing,JFK,22L,1786935657.45,2026-08-17T03:00:57Z,40.630863,-73.766249,219.4,a4c527,N406YX,E75L,EMBRAER ERJ-170-200 (long wing),0
landing,JFK,22L,1786935709.33,2026-08-17T03:01:49Z,40.636013,-73.762085,208.1,ad27f3,N947JB,A321,AIRBUS A-321,0
takeoff,JFK,22R,1786935721.1,2026-08-17T03:02:01Z,40.646633,-73.766374,210.9,a689b8,N520JB,A320,AIRBUS A-320,0
takeoff,JFK,22R,1786935784.12,2026-08-17T03:03:04Z,40.645981,-73.766876,208.1,a3845c,N3258J,BCS3,,0
takeoff,LGA,13,1786935811.39,2026-08-17T03:03:31Z,40.780266,-73.874252,123.8,a2b759,N274WN,B737,BOEING 737-700,0
landing,JFK,22L,1786935825.19,2026-08-17T03:03:45Z,40.634005,-73.763705,213.8,a1d811,N218JQ,E75S,EMBRAER ERJ-170-200 (short wing),0
takeoff,JFK,22R,1786935841.47,2026-08-17T03:04:01Z,40.646049,-73.766815,209.7,44019a,OE-EAU,PC12,PILATUS PC-12,0
landing,LGA,04,1786935869.61,2026-08-17T03:04:29Z,40.772114,-73.880201,33.8,a4bdb9,N404YX,E75L,EMBRAER ERJ-170-200 (long wing),0
landing,JFK,22L,1786935894.96,2026-08-17T03:04:54Z,40.637695,-73.760787,210.9,a38b61,N3275J,BCS3,AIRBUS A220-300,0
takeoff,JFK,22R,1786935905.78,2026-08-17T03:05:05Z,40.646132,-73.766764,210.9,394a18,F-GSQY,B77W,BOEING 777-300ER,0
landing,LGA,22,1786935925.67,2026-08-17T03:05:25Z,40.775826,-73.878616,210.9,abd7d1,N862RW,E170,EMBRAER ERJ-170-100,0
takeoff,LGA,22,1786935925.67,2026-08-17T03:05:25Z,40.775826,-73.878616,210.9,abd7d1,N862RW,E170,EMBRAER ERJ-170-100,0
landing,LGA,22,1786935932.64,2026-08-17T03:05:32Z,40.77467,-73.879532,208.1,abd7d1,N862RW,E170,EMBRAER ERJ-170-100,0
takeoff,LGA,13,1786935938.91,2026-08-17T03:05:38Z,40.779772,-73.873256,123.8,a385ee,N326PQ,CRJ9,BOMBARDIER Regional Jet CRJ-900,0
landing,JFK,22L,1786935999.93,2026-08-17T03:06:39Z,40.636228,-73.761911,209.6,aa9f76,N784AV,B788,BOEING 787-8 Dreamliner,0
landing,LGA,22,1786936000.43,2026-08-17T03:06:40Z,40.774104,-73.879982,194.1,ac5312,N89315,E75L,EMBRAER ERJ-170-200 (long wing),0
landing,JFK,22R,1786936056.93,2026-08-17T03:07:36Z,40.63052,-73.778961,210.9,ad8bed,N972JT,A321,AIRBUS A-321,0
landing,LGA,22,1786936101.69,2026-08-17T03:08:21Z,40.773511,-73.880513,213.8,a89d22,N654RW,E170,EMBRAER ERJ-170-100,0
takeoff,JFK,22R,1786936131.98,2026-08-17T03:08:51Z,40.646599,-73.766418,208.1,a37eb0,N324RN,B38M,BOEING 737 MAX 8,0
landing,JFK,22L,1786936150.66,2026-08-17T03:09:10Z,40.635099,-73.762831,210.9,ad2af4,N948AV,A320,AIRBUS A-320,0
landing,LGA,22,1786936183.12,2026-08-17T03:09:43Z,40.777393,-73.877335,213.8,ac98c1,N910XJ,CRJ9,BOMBARDIER Regional Jet CRJ-900,0
landing,JFK,22L,1786936221.22,2026-08-17T03:10:21Z,40.634285,-73.763428,210.9,a9b62a,N725AL,B39M,BOEING 737 MAX 9,0
landing,JFK,22R,1786936246.78,2026-08-17T03:10:46Z,40.627739,-73.781143,208.1,a0232a,N108HQ,E75L,EMBRAER ERJ-170-200 (long wing),0
landing,LGA,22,1786936256.66,2026-08-17T03:10:56Z,40.777468,-73.877283,213.8,acf69b,N934XJ,CRJ9,BOMBARDIER Regional Jet CRJ-900,0
takeoff,JFK,22R,1786936304.97,2026-08-17T03:11:44Z,40.645203,-73.767487,210.9,8963f7,A6-EOZ,A388,AIRBUS A-380-800,0
takeoff,JFK,22R,1786936305.3,2026-08-17T03:11:45Z,40.645054,-73.767593,210.9,8963f7,A6-EOZ,A388,AIRBUS A-380-800,0
landing,JFK,22L,1786936327.91,2026-08-17T03:12:07Z,40.632843,-73.764557,210.9,adc5ff,N987JT,A321,AIRBUS A-321,0
landing,LGA,22,1786936358.32,2026-08-17T03:12:38Z,40.77713,-73.877563,210.9,a39723,N330PQ,CRJ9,BOMBARDIER Regional Jet CRJ-900,0
landing,JFK,22L,1786936429.74,2026-08-17T03:13:49Z,40.634296,-73.763428,208.1,ad4bcb,N956JT,A321,AIRBUS A-321,0
takeoff,JFK,22R,1786936448.47,2026-08-17T03:14:08Z,40.646377,-73.766577,210.9,76cce7,9V-SGG,A359,AIRBUS A-350-900,0
landing,LGA,22,1786936452.86,2026-08-17T03:14:12Z,40.777933,-73.876908,210.9,a65104,N506JB,A320,AIRBUS A-320,0
takeoff,JFK,22R,1786936524.11,2026-08-17T03:15:24Z,40.645958,-73.766904,210.9,abac50,N851NW,A332,AIRBUS A-330-200,0
landing,JFK,22L,1786936551.97,2026-08-17T03:15:51Z,40.637753,-73.760771,208.1,c04681,C-GASE,E545,EMBRAER EMB545 Praetor 500,0
takeoff,JFK,22L,1786936551.97,2026-08-17T03:15:51Z,40.637753,-73.760771,208.1,c04681,C-GASE,E545,EMBRAER EMB545 Praetor 500,0
landing,JFK,22L,1786936552.45,2026-08-17T03:15:52Z,40.637569,-73.760925,208.1,c04681,C-GASE,E545,EMBRAER EMB545 Praetor 500,0
takeoff,JFK,22L,1786936552.45,2026-08-17T03:15:52Z,40.637569,-73.760925,208.1,c04681,C-GASE,E545,EMBRAER EMB545 Praetor 500,0
landing,JFK,22L,1786936552.94,2026-08-17T03:15:52Z,40.63738,-73.761068,208.1,c04681,C-GASE,E545,EMBRAER EMB545 Praetor 500,0
landing,LGA,22,1786936587.42,2026-08-17T03:16:27Z,40.775539,-73.878845,210.9,a1a924,N206JQ,E75L,EMBRAER ERJ-170-200 (long wing),0
takeoff,LGA,13,1786936613.28,2026-08-17T03:16:53Z,40.780266,-73.874252,123.8,ac03ff,N8731J,B38M,BOEING 737 MAX 8,0
takeoff,JFK,22R,1786936627.47,2026-08-17T03:17:07Z,40.647005,-73.766062,210.9,a1a458,N2048J,A21N,AIRBUS A-321neo,0
landing,JFK,22L,1786936647.62,2026-08-17T03:17:27Z,40.634193,-73.763504,210.9,a369ee,N319TE,B38M,BOEING 737 MAX 8,0
landing,LGA,22,1786936672.28,2026-08-17T03:17:52Z,40.776901,-73.877777,210.9,a3689e,N319DU,BCS3,,0
takeoff,LGA,13,1786936675.54,2026-08-17T03:17:55Z,40.781834,-73.877518,123.8,a1f0b4,N224JQ,E75L,EMBRAER ERJ-170-200 (long wing),0
takeoff,JFK,22R,1786936701.3,2026-08-17T03:18:21Z,40.647214,-73.765937,210.9,ab84ab,N841MH,B764,BOEING 767-400,0
landing,JFK,22L,1786936736.72,2026-08-17T03:18:56Z,40.634133,-73.763549,208.1,a38d8f,N328RR,B38M,BOEING 737 MAX 8,0
takeoff,LGA,22,1786936748.82,2026-08-17T03:19:08Z,40.782158,-73.873412,210.9,abb54f,N8533S,B738,BOEING 737-800,0
landing,JFK,22L,1786936824.02,2026-08-17T03:20:24Z,40.635098,-73.762817,210.9,a69894,N524JB,A320,AIRBUS A-320,0
takeoff,JFK,22L,1786936824.02,2026-08-17T03:20:24Z,40.635098,-73.762817,210.9,a69894,N524JB,A320,AIRBUS A-320,0
landing,JFK,22L,1786936825.33,2026-08-17T03:20:25Z,40.634587,-73.763221,210.9,a69894,N524JB,A320,AIRBUS A-320,0
landing,LGA,22,1786936827.84,2026-08-17T03:20:27Z,40.77585,-73.878593,213.8,a21bea,N235JQ,E75L,EMBRAER ERJ-170-200 (long wing),0
takeoff,JFK,22R,1786936858.95,2026-08-17T03:20:58Z,40.646749,-73.76628,210.9,adce02,N989QS,C68A,,0
takeoff,JFK,22R,1786936921.23,2026-08-17T03:22:01Z,40.646027,-73.766842,210.9,461f08,OH-LTO,A333,AIRBUS A-330-300,0
landing,JFK,22L,1786936921.4,2026-08-17T03:22:01Z,40.636837,-73.761444,210.9,a70463,N551NW,B752,BOEING 757-200,0
landing,LGA,22,1786936937.45,2026-08-17T03:22:17Z,40.774861,-73.879436,208.1,ac26cf,N882RW,E170,EMBRAER ERJ-170-100,0
takeoff,LGA,13,1786936981.57,2026-08-17T03:23:01Z,40.779533,-73.872742,118.1,a2af3e,N272PQ,CRJ9,BOMBARDIER Regional Jet CRJ-900,0
takeoff,JFK,22R,1786937001.95,2026-08-17T03:23:21Z,40.645901,-73.766922,210.9,8966cf,A6-XWH,A35K,AIRBUS A-350-1000,0
takeoff,JFK,22R,1786937002.12,2026-08-17T03:23:22Z,40.645795,-73.767014,210.9,8966cf,A6-XWH,A35K,AIRBUS A-350-1000,0
landing,JFK,22L,1786937024.13,2026-08-17T03:23:44Z,40.636449,-73.761754,216.6,ab4c76,N827SK,CRJ9,BOMBARDIER Regional Jet CRJ-900,0
landing,LGA,22,1786937068.06,2026-08-17T03:24:28Z,40.775299,-73.879074,210.9,ab3d17,N823MD,E170,EMBRAER ERJ-170-100,0
takeoff,JFK,22R,1786937111.78,2026-08-17T03:25:11Z,40.64637,-73.766571,210.9,acb679,N918XJ,CRJ9,BOMBARDIER Regional Jet CRJ-900,0
landing,JFK,22L,1786937114.38,2026-08-17T03:25:14Z,40.635796,-73.762283,210.9,a88774,N649JB,A320,AIRBUS A-320,0
takeoff,JFK,22R,1786937159.21,2026-08-17T03:25:59Z,40.649311,-73.764282,208.1,a03816,N113HQ,E75L,EMBRAER ERJ-170-200 (long wing),0
landing,LGA,22,1786937165.33,2026-08-17T03:26:05Z,40.778687,-73.876266,210.9,a03f1e,N115DN,A321,AIRBUS A-321,0
landing,JFK,22L,1786937212.35,2026-08-17T03:26:52Z,40.636528,-73.761673,210.9,aa7f65,N776AV,A20N,AIRBUS A-320neo,0
takeoff,JFK,22R,1786937224.92,2026-08-17T03:27:04Z,40.64647,-73.766483,210.9,a1bc29,N2102J,A21N,AIRBUS A-321neo,0
takeoff,JFK,22R,1786937272.64,2026-08-17T03:27:52Z,40.64938,-73.764221,208.1,a1a1b6,N204JQ,E75L,EMBRAER ERJ-170-200 (long wing),0
landing,JFK,22L,1786937301.04,2026-08-17T03:28:21Z,40.633761,-73.763861,208.1,ad60b7,N961JT,A321,AIRBUS A-321,0
landing,LGA,22,1786937341.48,2026-08-17T03:29:01Z,40.775333,-73.879044,210.9,a437ce,N371DA,B738,BOEING 737-800,0
takeoff,JFK,22R,1786937360.63,2026-08-17T03:29:20Z,40.646586,-73.766405,209.6,02013e,CN-RGZ,B789,BOEING 787-9 Dreamliner,0
takeoff,LGA,13,1786937362.39,2026-08-17T03:29:22Z,40.78182,-73.877517,123.8,ab1d06,N815MD,E170,EMBRAER ERJ-170-100,0
landing,JFK,22L,1786937416.17,2026-08-17T03:30:16Z,40.635844,-73.762238,210.9,a6f5fc,N548DN,A21N,AIRBUS A-321neo,0
takeoff,JFK,22R,1786937439.27,2026-08-17T03:30:39Z,40.646645,-73.766357,210.9,ab60e3,N832MH,B764,BOEING 767-400,0
landing,LGA,22,1786937498.78,2026-08-17T03:31:38Z,40.77721,-73.877487,213.8,c01b6c,C-FKJZ,CRJ9,BOMBARDIER Regional Jet CRJ-900,0
takeoff,JFK,22R,1786937539.22,2026-08-17T03:32:19Z,40.644871,-73.767761,210.9,3c64f8,D-AIGX,A343,AIRBUS A-340-300,0
landing,LGA,22,1786937573.96,2026-08-17T03:32:53Z,40.777153,-73.877533,210.9,c05bcf,C-GITY,A321,AIRBUS A-321,0
landing,JFK,22L,1786937590.63,2026-08-17T03:33:10Z,40.636496,-73.761692,208.1,a3ad6d,N336PQ,CRJ9,BOMBARDIER Regional Jet CRJ-900,0
takeoff,LGA,13,1786937609.35,2026-08-17T03:33:29Z,40.781529,-73.876908,123.8,a53f5b,N437YX,E75L,EMBRAER ERJ-170-200 (long wing),0
takeoff,JFK,22R,1786937625.23,2026-08-17T03:33:45Z,40.646283,-73.766639,209.6,4080bb,G-ZBLJ,B78X,BOEING 787-10 Dreamliner,0
landing,JFK,22L,1786937691.46,2026-08-17T03:34:51Z,40.633976,-73.763672,208.1,ab52a2,N829DN,B739,BOEING 737-900,0
landing,LGA,22,1786937699.4,2026-08-17T03:34:59Z,40.77697,-73.877701,208.1,a095aa,N137EV,CRJ9,BOMBARDIER Regional Jet CRJ-900,0
takeoff,JFK,22R,1786937703.35,2026-08-17T03:35:03Z,40.645317,-73.767426,210.9,896194,A6-EEU,A388,AIRBUS A-380-800,0
takeoff,JFK,22R,1786937704.02,2026-08-17T03:35:04Z,40.645096,-73.767591,210.9,896194,A6-EEU,A388,AIRBUS A-380-800,0
takeoff,LGA,13,1786937743.14,2026-08-17T03:35:43Z,40.779772,-73.873225,120.9,a14c70,N183GJ,CRJ9,BOMBARDIER Regional Jet CRJ-900,0
landing,JFK,22L,1786937806.71,2026-08-17T03:36:46Z,40.633784,-73.76383,210.9,0d112d,XA-GOS,B38M,BOEING 737 MAX 8,0
landing,LGA,22,1786937824.73,2026-08-17T03:37:04Z,40.777794,-73.877014,210.9,abef98,N8685B,B738,BOEING 737-800,0
takeoff,LGA,22,1786937824.73,2026-08-17T03:37:04Z,40.777794,-73.877014,210.9,abef98,N8685B,B738,BOEING 737-800,0
landing,LGA,22,1786937825.64,2026-08-17T03:37:05Z,40.777462,-73.877289,210.9,abef98,N8685B,B738,BOEING 737-800,0
takeoff,LGA,13,1786937851.77,2026-08-17T03:37:31Z,40.779922,-73.873581,123.8,ad0f29,N940WN,B737,BOEING 737-700,0
takeoff,JFK,22R,1786937900.87,2026-08-17T03:38:20Z,40.646435,-73.76653,208.1,aded77,N997JL,A321,AIRBUS A-321,0
landing,JFK,22L,1786937919.77,2026-08-17T03:38:39Z,40.634354,-73.763393,210.9,a00d5b,N102NN,A321,AIRBUS A-321,0
takeoff,LGA,13,1786937937.74,2026-08-17T03:38:57Z,40.779934,-73.873581,123.8,a41632,N36207,B738,BOEING 737-800,0
takeoff,JFK,22R,1786937972.6,2026-08-17T03:39:32Z,40.646072,-73.7668,210.9,a37842,N3221J,BCS3,,0
landing,LGA,22,1786937978.26,2026-08-17T03:39:38Z,40.773627,-73.880466,210.9,acdbee,N928AM,A321,AIRBUS A-321,0
takeoff,LGA,13,1786938016.25,2026-08-17T03:40:16Z,40.780424,-73.874583,123.8,a42e48,N369FR,A20N,AIRBUS A-320neo,0
landing,JFK,22L,1786938029.32,2026-08-17T03:40:29Z,40.635041,-73.7628,210.9,ada5ee,N979JT,A321,AIRBUS A-321,0
takeoff,JFK,22R,1786938071.97,2026-08-17T03:41:11Z,40.645888,-73.766936,210.9,a4f5f0,N419DX,A339,AIRBUS A-330-900,0
landing,LGA,22,1786938106.62,2026-08-17T03:41:46Z,40.775757,-73.878662,210.9,ac8577,N906AA,A321,AIRBUS A-321,0
takeoff,LGA,13,1786938115.88,2026-08-17T03:41:55Z,40.781731,-73.87735,123.8,a2147c,N233JQ,E75L,EMBRAER ERJ-170-200 (long wing),0
landing,JFK,22L,1786938137.4,2026-08-17T03:42:17Z,40.63702,-73.761302,210.9,a79386,N5879K,A333,AIRBUS A-330-300,0
takeoff,JFK,22R,1786938252.47,2026-08-17T03:44:12Z,40.646609,-73.766389,208.1,a93d7c,N695CA,CRJ9,BOMBARDIER Regional Jet CRJ-900,0
landing,LGA,22,1786938297.36,2026-08-17T03:44:57Z,40.774523,-73.879655,205.3,a52911,N431YX,E75L,EMBRAER ERJ-170-200 (long wing),0
takeoff,JFK,22R,1786938308.88,2026-08-17T03:45:08Z,40.647412,-73.765765,210.9,a19910,N2017J,A21N,AIRBUS A-321neo,0
landing,JFK,22L,1786938323.3,2026-08-17T03:45:23Z,40.635053,-73.762831,210.9,e80461,CC-BHD,A20N,AIRBUS A-320neo,0
takeoff,JFK,22R,1786938372.01,2026-08-17T03:46:12Z,40.646656,-73.766357,208.1,acc040,N920XJ,CRJ9,BOMBARDIER Regional Jet CRJ-900,0
landing,JFK,22L,1786938408.63,2026-08-17T03:46:48Z,40.636242,-73.761902,210.9,a3871e,N3261J,BCS3,,0
takeoff,LGA,22,1786938422.97,2026-08-17T03:47:02Z,40.776066,-73.873276,177.2,acdbee,N928AM,A321,AIRBUS A-321,0
takeoff,JFK,22R,1786938472.61,2026-08-17T03:47:52Z,40.646667,-73.766357,210.9,a9b9e3,N726AN,B77W,BOEING 777-300ER,0
landing,JFK,22L,1786938473.11,2026-08-17T03:47:53Z,40.635902,-73.762176,208.1,0c6061,9Y-TTO,B38M,BOEING 737 MAX 8,0
takeoff,JFK,22R,1786938553.01,2026-08-17T03:49:13Z,40.645981,-73.766889,209.6,406f78,G-ZBKL,B789,BOEING 787-9 Dreamliner,0
landing,JFK,22L,1786938569.63,2026-08-17T03:49:29Z,40.635555,-73.762482,208.1,a73690,N564JB,A320,AIRBUS A-320,0
landing,LGA,22,1786938572.72,2026-08-17T03:49:32Z,40.777444,-73.877298,210.9,a48e3a,N393DA,B738,BOEING 737-800,0
takeoff,LGA,13,1786938610.38,2026-08-17T03:50:10Z,40.781651,-73.877182,123.8,a06aba,N126HQ,E75L,EMBRAER ERJ-170-200 (long wing),0
landing,JFK,22L,1786938671.63,2026-08-17T03:51:11Z,40.634727,-73.763097,210.9,ad1c67,N944DZ,B739,,0
takeoff,JFK,22R,1786938696.07,2026-08-17T03:51:36Z,40.646365,-73.766592,210.9,a360b7,N3169J,BCS3,AIRBUS A220-300,0
takeoff,LGA,13,1786938697.11,2026-08-17T03:51:37Z,40.7803,-73.874344,123.8,a34215,N309PQ,CRJ9,BOMBARDIER Regional Jet CRJ-900,0
takeoff,JFK,22R,1786938751.12,2026-08-17T03:52:31Z,40.646609,-73.766405,208.1,ab4f5d,N828JB,A320,AIRBUS A-320,0
landing,LGA,22,1786938787.3,2026-08-17T03:53:07Z,40.776375,-73.878174,213.8,a1d45a,N217JQ,E75L,EMBRAER ERJ-170-200 (long wing),0
takeoff,LGA,13,1786938802.05,2026-08-17T03:53:22Z,40.780331,-73.874411,123.8,ac287c,N8826Q,B38M,BOEING 737 MAX 8,0
landing,JFK,22L,1786938822.5,2026-08-17T03:53:42Z,40.637077,-73.761246,208.1,a5e3e4,N479PX,CRJ9,BOMBARDIER Regional Jet CRJ-900,0
landing,LGA,22,1786938878.92,2026-08-17T03:54:38Z,40.77798,-73.87683,210.9,ac769b,N902AA,A321,AIRBUS A-321,0
takeoff,JFK,22R,1786938891.45,2026-08-17T03:54:51Z,40.646645,-73.766342,210.9,4cae33,EI-XLV,A21N,AIRBUS A-321neo,0
landing,JFK,22L,1786938921.95,2026-08-17T03:55:21Z,40.636263,-73.761832,208.1,ab6162,N832SK,CRJ9,BOMBARDIER Regional Jet CRJ-900,0
landing,LGA,22,1786939010.11,2026-08-17T03:56:50Z,40.778015,-73.876799,210.9,a3c163,N341DU,BCS3,AIRBUS A220-300,0
landing,JFK,22L,1786939014.79,2026-08-17T03:56:54Z,40.636438,-73.761754,210.9,a1a3cc,N2044J,A21N,AIRBUS A-321neo,0
takeoff,JFK,22R,1786939072.9,2026-08-17T03:57:52Z,40.646074,-73.766811,210.9,aaf8f1,N806JB,A320,AIRBUS A-320,0
landing,JFK,22L,1786939119.81,2026-08-17T03:58:39Z,40.636019,-73.762082,210.9,a67805,N516DA,A21N,AIRBUS A-321neo,0
takeoff,JFK,22R,1786939137.27,2026-08-17T03:58:57Z,40.646144,-73.766748,210.9,3475d4,EC-ODB,A332,AIRBUS A-330-200,0
landing,LGA,22,1786939168.68,2026-08-17T03:59:28Z,40.776653,-73.877969,210.9,a8a3ce,N656JB,A320,AIRBUS A-320,0
landing,JFK,22L,1786939213.15,2026-08-17T04:00:13Z,40.63596,-73.762113,210.9,ab1122,N812DN,B739,BOEING 737-900,0
takeoff,JFK,22R,1786939223.96,2026-08-17T04:00:23Z,40.645445,-73.767294,210.9,408121,G-VPIE,A339,AIRBUS A-330-900,0
takeoff,JFK,22R,1786939303.26,2026-08-17T04:01:43Z,40.647297,-73.765839,210.9,a98f6a,N715JB,A320,AIRBUS A-320,0
landing,LGA,22,1786939304.8,2026-08-17T04:01:44Z,40.777642,-73.877127,213.8,a9a419,N720FR,A321,AIRBUS A-321,0
landing,JFK,22L,1786939319.54,2026-08-17T04:01:59Z,40.636791,-73.761475,210.9,a414e8,N362NB,A319,AIRBUS A-319,0
takeoff,LGA,13,1786939358.35,2026-08-17T04:02:38Z,40.779934,-73.873566,118.1,a18380,N197PQ,CRJ9,BOMBARDIER Regional Jet CRJ-900,0
takeoff,JFK,22R,1786939361.67,2026-08-17T04:02:41Z,40.646416,-73.76651,210.9,a13748,N178DZ,B763,BOEING 767-300,0
landing,JFK,22L,1786939432.26,2026-08-17T04:03:52Z,40.637627,-73.760818,210.9,a93d9f,N695DL,B752,BOEING 757-200,0
landing,JFK,22R,1786939525.73,2026-08-17T04:05:25Z,40.632539,-73.777391,210.9,a3355e,N3058J,BCS3,AIRBUS A220-300,0
landing,JFK,22L,1786939542.77,2026-08-17T04:05:42Z,40.634727,-73.763097,210.9,aac7ab,N794JB,A320,AIRBUS A-320,0
landing,LGA,22,1786939577.93,2026-08-17T04:06:17Z,40.776798,-73.877808,210.9,a44214,N37354,B38M,,0
takeoff,JFK,22R,1786939647.11,2026-08-17T04:07:27Z,40.6491,-73.764439,208.1,a1dd2d,N219YX,E75L,EMBRAER ERJ-170-200 (long wing),0
landing,JFK,22L,1786939653.82,2026-08-17T04:07:33Z,40.634743,-73.763077,210.9,899137,B-16786,B77L,BOEING 777-200LR,0
takeoff,LGA,13,1786939685.54,2026-08-17T04:08:05Z,40.779865,-73.873428,123.8,ad01c0,N937XJ,CRJ9,BOMBARDIER Regional Jet CRJ-900,0
takeoff,JFK,22R,1786939719.72,2026-08-17T04:08:39Z,40.646656,-73.766358,210.9,a13af4,N179DN,B763,BOEING 767-300,0
landing,LGA,22,1786939756.42,2026-08-17T04:09:16Z,40.777943,-73.876892,210.9,a0103b,N103DY,A321,AIRBUS A-321,0
takeoff,JFK,22R,1786939788.8,2026-08-17T04:09:48Z,40.646267,-73.766663,208.1,a3534a,N313PQ,CRJ9,BOMBARDIER Regional Jet CRJ-900,0
landing,JFK,22L,1786939793.55,2026-08-17T04:09:53Z,40.63155,-73.765579,210.9,aaf183,N804JB,A320,AIRBUS A-320,0
takeoff,LGA,13,1786939814.35,2026-08-17T04:10:14Z,40.779774,-73.873215,120.9,ac98c1,N910XJ,CRJ9,BOMBARDIER Regional Jet CRJ-900,0
takeoff,JFK,22R,1786939846.34,2026-08-17T04:10:46Z,40.649162,-73.764404,210.9,a4c527,N406YX,E75L,EMBRAER ERJ-170-200 (long wing),0
landing,JFK,22L,1786939897.38,2026-08-17T04:11:37Z,40.638748,-73.759949,210.9,a3f4d7,N354NB,A319,AIRBUS A-319,0
landing,LGA,22,1786939946.29,2026-08-17T04:12:26Z,40.777988,-73.876846,213.8,a707a3,N552JB,A320,AIRBUS A-320,0
landing,JFK,22L,1786939988.6,2026-08-17T04:13:08Z,40.635541,-73.762472,210.9,a138b8,N178US,A321,AIRBUS A-321,0
landing,LGA,22,1786940046.21,2026-08-17T04:14:06Z,40.778343,-73.876526,210.9,ac4c8a,N8918Q,B38M,BOEING 737 MAX 8,0
takeoff,LGA,13,1786940067.47,2026-08-17T04:14:27Z,40.780168,-73.874068,120.9,accb65,N923XJ,CRJ9,BOMBARDIER Regional Jet CRJ-900,0
landing,JFK,22L,1786940088.25,2026-08-17T04:14:48Z,40.633701,-73.763901,209.6,407371,G-VNYL,B789,BOEING 787-9 Dreamliner,0
landing,LGA,22,1786940152.44,2026-08-17T04:15:52Z,40.776525,-73.878063,210.9,a44943,N3754A,B738,BOEING 737-800,0
takeoff,JFK,22R,1786940174.16,2026-08-17T04:16:14Z,40.649018,-73.764517,210.9,a0232a,N108HQ,E75L,EMBRAER ERJ-170-200 (long wing),0
landing,JFK,22L,1786940215.74,2026-08-17T04:16:55Z,40.635367,-73.762582,210.9,39cf00,F-HTYA,A359,AIRBUS A-350-900,0
landing,LGA,22,1786940257.69,2026-08-17T04:17:37Z,40.776292,-73.87825,210.9,a44308,N374DX,A321,AIRBUS A-321,0
takeoff,JFK,22R,1786940264.87,2026-08-17T04:17:44Z,40.649042,-73.764485,210.9,a4fddb,N420YX,E75L,EMBRAER ERJ-170-200 (long wing),0
takeoff,JFK,22R,1786940370.68,2026-08-17T04:19:30Z,40.646027,-73.766846,210.9,e80212,CC-CXC,B763,BOEING 767-300,0
landing,LGA,22,1786940391.54,2026-08-17T04:19:51Z,40.776455,-73.878128,210.9,a19357,N200PQ,CRJ9,BOMBARDIER Regional Jet CRJ-900,0
landing,JFK,22L,1786940394.06,2026-08-17T04:19:54Z,40.638107,-73.760452,210.9,a89fa3,N655DL,B752,BOEING 757-200,0
takeoff,LGA,13,1786940412.93,2026-08-17T04:20:12Z,40.780261,-73.874255,123.8,a35e6f,N316PQ,CRJ9,BOMBARDIER Regional Jet CRJ-900,0
landing,LGA,22,1786940489.74,2026-08-17T04:21:29Z,40.777235,-73.87747,210.9,ac6622,N8985Q,B38M,BOEING 737 MAX 8,0
landing,JFK,22L,1786940491.71,2026-08-17T04:21:31Z,40.633656,-73.763924,210.9,ab1971,N814NN,B738,BOEING 737-800,0
landing,JFK,22L,1786940614.76,2026-08-17T04:23:34Z,40.634857,-73.763,210.9,a8a017,N655JB,A320,AIRBUS A-320,0
takeoff,JFK,22R,1786940679.52,2026-08-17T04:24:39Z,40.64518,-73.767502,209.6,47ae38,LN-FNL,B789,BOEING 787-9 Dreamliner,0
takeoff,LGA,13,1786940710.16,2026-08-17T04:25:10Z,40.781662,-73.877197,123.8,ac5312,N89315,E75L,EMBRAER ERJ-170-200 (long wing),0
landing,LGA,22,1786940711.21,2026-08-17T04:25:11Z,40.775265,-73.879074,210.9,a19a48,N202JQ,E75L,EMBRAER ERJ-170-200 (long wing),0
landing,JFK,22L,1786940739.28,2026-08-17T04:25:39Z,40.636368,-73.76181,210.9,ab2728,N818AV,A20N,AIRBUS A-320neo,0
takeoff,JFK,22R,1786940822.91,2026-08-17T04:27:02Z,40.646118,-73.766754,208.1,ada227,N978JB,A321,AIRBUS A-321,0
landing,LGA,22,1786940847.75,2026-08-17T04:27:27Z,40.776134,-73.878372,210.9,a44969,N3755D,B738,BOEING 737-800,0
takeoff,LGA,13,1786940859.62,2026-08-17T04:27:39Z,40.781622,-73.877111,123.8,a210c5,N232JQ,E75L,EMBRAER ERJ-170-200 (long wing),0
landing,JFK,22L,1786940876.35,2026-08-17T04:27:56Z,40.634892,-73.762955,208.1,a34d52,N3113J,BCS3,AIRBUS A220-300,0
landing,JFK,22L,1786940973.13,2026-08-17T04:29:33Z,40.634983,-73.762894,208.1,a1a0c4,N2039J,A21N,AIRBUS A-321neo,0
landing,LGA,22,1786940995.8,2026-08-17T04:29:55Z,40.776878,-73.877777,210.9,a3a152,N333DU,BCS3,,0
takeoff,JFK,22R,1786941068.16,2026-08-17T04:31:08Z,40.646342,-73.766608,210.9,a70f11,N554JB,A320,AIRBUS A-320,0
landing,JFK,22L,1786941088.77,2026-08-17T04:31:28Z,40.635798,-73.762238,210.9,a81abe,N621JB,A320,AIRBUS A-320,0
landing,JFK,22L,1786941192.29,2026-08-17T04:33:12Z,40.635041,-73.762847,210.9,710103,HZ-AK74,B77L,BOEING 777-200LR,0
takeoff,JFK,22R,1786941194.97,2026-08-17T04:33:14Z,40.646244,-73.766678,208.1,4cc582,TF-ICJ,B38M,BOEING 737 MAX 8,0
landing,LGA,22,1786941357.34,2026-08-17T04:35:57Z,40.776071,-73.878437,210.9,ac45ac,N890DN,B739,BOEING 737-900,0
landing,JFK,22L,1786941406.4,2026-08-17T04:36:46Z,40.635483,-73.762504,210.9,a33ca9,N3077J,BCS3,AIRBUS A220-300,0
landing,LGA,22,1786941485.62,2026-08-17T04:38:05Z,40.77727,-73.877439,210.9,a057cc,N121DZ,A321,AIRBUS A-321,0
landing,JFK,22L,1786941534.43,2026-08-17T04:38:54Z,40.634063,-73.763627,210.9,0c21fa,HP-9818CMP,B38M,BOEING 737 MAX 8,0
takeoff,JFK,22R,1786941536.44,2026-08-17T04:38:56Z,40.646365,-73.766577,210.9,3c70ca,D-ALFJ,B77L,BOEING 777-200LR,0
takeoff,JFK,22R,1786941665.52,2026-08-17T04:41:05Z,40.645981,-73.766873,210.9,3965a7,F-GZNH,B77W,BOEING 777-300ER,0
landing,LGA,22,1786941668.89,2026-08-17T04:41:08Z,40.776874,-73.877798,210.9,aa7e7c,N77538,B738,BOEING 737-800,0
landing,JFK,22L,1786941673.44,2026-08-17T04:41:13Z,40.636705,-73.761552,210.9,a1b2a8,N2084J,A21N,AIRBUS A-321neo,0
landing,LGA,22,1786941782.74,2026-08-17T04:43:02Z,40.777027,-73.877655,210.9,aa56b6,N76517,B738,BOEING 737-800,0
landing,JFK,22L,1786941814.94,2026-08-17T04:43:34Z,40.632271,-73.765032,210.9,acdfa6,N929AN,B738,BOEING 737-800,0
landing,LGA,22,1786941865.91,2026-08-17T04:44:25Z,40.778038,-73.876783,210.9,ab62f8,N8326F,B738,BOEING 737-800,0
takeoff,JFK,22R,1786941890.17,2026-08-17T04:44:50Z,40.646301,-73.766632,209.6,40742e,G-CKOF,B789,BOEING 787-9 Dreamliner,0
landing,JFK,22R,1786941893.17,2026-08-17T04:44:53Z,40.645259,-73.767451,209.6,40742e,G-CKOF,B789,BOEING 787-9 Dreamliner,0
takeoff,JFK,22R,1786941893.17,2026-08-17T04:44:53Z,40.645259,-73.767451,209.6,40742e,G-CKOF,B789,BOEING 787-9 Dreamliner,0
landing,JFK,22R,1786941893.86,2026-08-17T04:44:53Z,40.644997,-73.767654,209.6,40742e,G-CKOF,B789,BOEING 787-9 Dreamliner,0
takeoff,JFK,22R,1786941893.86,2026-08-17T04:44:53Z,40.644997,-73.767654,209.6,40742e,G-CKOF,B789,BOEING 787-9 Dreamliner,0
landing,JFK,22L,1786942019.63,2026-08-17T04:46:59Z,40.634159,-73.76355,210.9,a0275c,N109NN,A321,AIRBUS A-321,0
landing,LGA,22,1786942020.32,2026-08-17T04:47:00Z,40.778057,-73.876801,210.9,a02c94,N110DX,A321,AIRBUS A-321,0
takeoff,JFK,22R,1786942075.91,2026-08-17T04:47:55Z,40.644922,-73.767716,210.9,a35fc2,N3162J,BCS3,AIRBUS A220-300,0
landing,JFK,22L,1786942144.26,2026-08-17T04:49:04Z,40.63583,-73.762238,208.1,ad6755,N963AK,B39M,BOEING 737 MAX 9,0
takeoff,JFK,22R,1786942145.43,2026-08-17T04:49:05Z,40.647034,-73.766052,210.9,c04681,C-GASE,E545,EMBRAER EMB545 Praetor 500,0
landing,LGA,22,1786942164.17,2026-08-17T04:49:24Z,40.77681,-73.877823,210.9,abf8e0,N8701Q,B38M,BOEING 737 MAX 8,0
landing,JFK,22L,1786942276.31,2026-08-17T04:51:16Z,40.632853,-73.764548,210.9,ad072c,N939AV,A320,AIRBUS A-320,0
landing,LGA,22,1786942284.76,2026-08-17T04:51:24Z,40.776455,-73.878082,210.9,a0c42c,N149AN,A321,AIRBUS A-321,0
landing,JFK,22L,1786942425.41,2026-08-17T04:53:45Z,40.634995,-73.762878,208.1,a65086,N506DA,A21N,AIRBUS A-321neo,0
takeoff,JFK,22R,1786942426.56,2026-08-17T04:53:46Z,40.645864,-73.766967,210.9,3481d5,EC-OJL,B772,BOEING 777-200,0
landing,LGA,22,1786942453.51,2026-08-17T04:54:13Z,40.778247,-73.876643,210.9,a54b2a,N440FR,A20N,AIRBUS A-320neo,0
landing,LGA,22,1786942576.35,2026-08-17T04:56:16Z,40.777405,-73.877319,208.1,a7dadc,N605LR,CRJ9,BOMBARDIER Regional Jet CRJ-900,0
takeoff,JFK,22R,1786942619.29,2026-08-17T04:56:59Z,40.645469,-73.767279,210.9,a51601,N427DX,A339,AIRBUS A-330-900,0
landing,LGA,22,1786942706.53,2026-08-17T04:58:26Z,40.77816,-73.876709,210.9,abc455,N8574Z,B738,BOEING 737-800,0
landing,JFK,22L,1786942708.86,2026-08-17T04:58:28Z,40.635134,-73.762784,210.9,adbe91,N985JT,A321,AIRBUS A-321,0
landing,JFK,22L,1786942835.89,2026-08-17T05:00:35Z,40.635192,-73.762722,210.9,aca94b,N915AN,B738,BOEING 737-800,0
landing,LGA,22,1786942872.09,2026-08-17T05:01:12Z,40.778445,-73.876471,210.9,a336e3,N306PB,B738,BOEING 737-800,0
takeoff,JFK,22R,1786942906.67,2026-08-17T05:01:46Z,40.646365,-73.766577,210.9,ab4c76,N827SK,CRJ9,BOMBARDIER Regional Jet CRJ-900,0
landing,LGA,22,1786942953.4,2026-08-17T05:02:33Z,40.775265,-73.879105,210.9,ab6339,N8328A,B738,BOEING 737-800,0
landing,JFK,22L,1786942954.26,2026-08-17T05:02:34Z,40.635761,-73.762283,210.9,ac7a33,N9029F,A319,AIRBUS A-319,0
takeoff,JFK,22R,1786943034.95,2026-08-17T05:03:54Z,40.646313,-73.766602,210.9,4952aa,CS-TUJ,A339,AIRBUS A-330-900,0
landing,JFK,22R,1786943038.78,2026-08-17T05:03:58Z,40.644905,-73.7677,210.9,4952aa,CS-TUJ,A339,AIRBUS A-330-900,0
takeoff,JFK,22R,1786943038.78,2026-08-17T05:03:58Z,40.644905,-73.7677,210.9,4952aa,CS-TUJ,A339,AIRBUS A-330-900,0
landing,JFK,22L,1786943074.19,2026-08-17T05:04:34Z,40.635251,-73.762691,210.9,0d0e69,XA-VBU,A321,AIRBUS A-321,0
landing,LGA,22,1786943094.96,2026-08-17T05:04:54Z,40.777611,-73.877151,213.8,a0b81e,N14531,A21N,AIRBUS A-321neo,0
landing,JFK,22L,1786943169.06,2026-08-17T05:06:09Z,40.633738,-73.76383,210.9,abd3c7,N861NN,B738,BOEING 737-800,0
landing,JFK,22L,1786943258.32,2026-08-17T05:07:38Z,40.634738,-73.763081,208.1,0c6060,9Y-BAR,B38M,BOEING 737 MAX 8,0
landing,JFK,22L,1786943368.48,2026-08-17T05:09:28Z,40.633295,-73.76422,210.9,abd69d,N862DN,B739,BOEING 737-900,0
landing,LGA,22,1786943395.55,2026-08-17T05:09:55Z,40.777293,-73.877423,210.9,a44db3,N3769L,B738,BOEING 737-800,0
landing,JFK,22L,1786943475.5,2026-08-17T05:11:15Z,40.636871,-73.761383,210.9,ad444d,N954JB,A321,AIRBUS A-321,0
landing,JFK,22L,1786943607.38,2026-08-17T05:13:27Z,40.634903,-73.762939,208.1,a83108,N627JB,A320,AIRBUS A-320,0
landing,LGA,22,1786943612.43,2026-08-17T05:13:32Z,40.777416,-73.877319,210.9,a44a6d,N376DN,A321,AIRBUS A-321,0
takeoff,LGA,13,1786943677.16,2026-08-17T05:14:37Z,40.781459,-73.876752,123.8,a01f73,N107HQ,E75L,EMBRAER ERJ-170-200 (long wing),0
landing,JFK,22L,1786943727.97,2026-08-17T05:15:27Z,40.635483,-73.762504,209.6,7380c9,4X-EDK,B789,BOEING 787-9 Dreamliner,0
takeoff,JFK,22R,1786943741.58,2026-08-17T05:15:41Z,40.646144,-73.766748,208.1,a88774,N649JB,A320,AIRBUS A-320,0
takeoff,LGA,13,1786943787.15,2026-08-17T05:16:27Z,40.781559,-73.876953,120.9,abd41a,N861RW,E170,EMBRAER ERJ-170-100,0
takeoff,JFK,22R,1786943853.09,2026-08-17T05:17:33Z,40.646027,-73.766861,208.1,a00d5b,N102NN,A321,AIRBUS A-321,0
takeoff,LGA,13,1786943887.05,2026-08-17T05:18:07Z,40.781553,-73.876939,123.8,a8996b,N653RW,E170,EMBRAER ERJ-170-100,0
landing,JFK,22L,1786943927.07,2026-08-17T05:18:47Z,40.634471,-73.763299,208.1,a3b8f5,N339TP,B38M,BOEING 737 MAX 8,0
takeoff,JFK,22R,1786943939.08,2026-08-17T05:18:59Z,40.646336,-73.766586,210.9,ad2af4,N948AV,A320,AIRBUS A-320,0
landing,JFK,22R,1786943939.58,2026-08-17T05:18:59Z,40.646107,-73.766769,210.9,ad2af4,N948AV,A320,AIRBUS A-320,0
takeoff,JFK,22R,1786943940.1,2026-08-17T05:19:00Z,40.645969,-73.766891,208.1,ad2af4,N948AV,A320,AIRBUS A-320,0
takeoff,JFK,22R,1786944037.2,2026-08-17T05:20:37Z,40.645283,-73.767419,210.9,ab6519,N833SK,CRJ9,BOMBARDIER Regional Jet CRJ-900,0
landing,JFK,22L,1786944086.33,2026-08-17T05:21:26Z,40.637444,-73.760971,210.9,a086ce,N133EV,CRJ9,BOMBARDIER Regional Jet CRJ-900,0
takeoff,LGA,13,1786944370.91,2026-08-17T05:26:10Z,40.780505,-73.874754,123.8,a9a419,N720FR,A321,AIRBUS A-321,0
landing,JFK,22L,1786944407.48,2026-08-17T05:26:47Z,40.633807,-73.763814,210.9,a7851c,N584DN,A21N,,0
landing,JFK,22L,1786944535.19,2026-08-17T05:28:55Z,40.63385,-73.763763,210.9,a0f44c,N1602,B763,BOEING 767-300,0
takeoff,JFK,22R,1786944673.72,2026-08-17T05:31:13Z,40.64518,-73.767502,210.9,06a0ea,A7-AMK,A359,AIRBUS A-350-900,0
landing,JFK,22R,1786944674.04,2026-08-17T05:31:14Z,40.645085,-73.767575,210.9,06a0ea,A7-AMK,A359,AIRBUS A-350-900,0
takeoff,JFK,22R,1786944674.04,2026-08-17T05:31:14Z,40.645085,-73.767575,210.9,06a0ea,A7-AMK,A359,AIRBUS A-350-900,0
landing,JFK,22L,1786944718.31,2026-08-17T05:31:58Z,40.635487,-73.762497,210.9,a337b9,N306XR,,,0
takeoff,JFK,22R,1786944837.83,2026-08-17T05:33:57Z,40.645981,-73.766876,210.9,aa7f65,N776AV,A20N,AIRBUS A-320neo,0
landing,LGA,22,1786944890.23,2026-08-17T05:34:50Z,40.777519,-73.877151,210.9,a07522,N129AA,A321,AIRBUS A-321,0
landing,JFK,22L,1786944903.42,2026-08-17T05:35:03Z,40.640045,-73.758914,208.1,adce02,N989QS,C68A,,0
takeoff,JFK,22R,1786944945.91,2026-08-17T05:35:45Z,40.646551,-73.766436,208.1,a3ad6d,N336PQ,CRJ9,BOMBARDIER Regional Jet CRJ-900,0
landing,JFK,22L,1786945028.65,2026-08-17T05:37:08Z,40.636996,-73.761318,210.9,a988f0,N713TW,B752,BOEING 757-200,0
landing,LGA,22,1786945154.66,2026-08-17T05:39:14Z,40.775268,-73.879077,210.9,ac159a,N878RW,E170,EMBRAER ERJ-170-100,0
takeoff,JFK,22R,1786945285.33,2026-08-17T05:41:25Z,40.644974,-73.767654,210.9,a523c6,N430GT,B744,BOEING 747-400,0
landing,JFK,22L,1786945355.4,2026-08-17T05:42:35Z,40.635841,-73.762207,210.9,aa5078,N764AV,A20N,AIRBUS A-320neo,0
landing,JFK,22L,1786945526.86,2026-08-17T05:45:26Z,40.631107,-73.765921,210.9,780aec,B-2042,B77L,BOEING 777-200LR,0
landing,LGA,22,1786945630.6,2026-08-17T05:47:10Z,40.777212,-73.877485,210.9,abb3b6,N853NN,B738,BOEING 737-800,0
takeoff,JFK,22R,1786946036.82,2026-08-17T05:53:56Z,40.645178,-73.767497,210.9,841520,JA05WJ,A35K,AIRBUS A-350-1000,0
takeoff,JFK,22R,1786946036.82,2026-08-17T05:53:56Z,40.645178,-73.767497,210.9,841520,JA05WJ,A35K,AIRBUS A-350-1000,0
takeoff,JFK,22R,1786946128.08,2026-08-17T05:55:28Z,40.644951,-73.76767,210.9,a34d52,N3113J,BCS3,AIRBUS A220-300,0
landing,LGA,04,1786946400.74,2026-08-17T06:00:00Z,40.770561,-73.881561,61.9,a4c8de,N407YX,E75L,EMBRAER ERJ-170-200 (long wing),0
takeoff,JFK,22R,1786946405.33,2026-08-17T06:00:05Z,40.646295,-73.766623,210.9,899018,B-18052,B77W,BOEING 777-300ER,0
takeoff,JFK,31R,1786946545.22,2026-08-17T06:02:25Z,40.654003,-73.788727,329.1,a74f33,N570JB,A320,AIRBUS A-320,0
takeoff,JFK,22R,1786946580.14,2026-08-17T06:03:00Z,40.644562,-73.76796,212.4,aa9f76,N784AV,B788,BOEING 787-8 Dreamliner,0
landing,JFK,22R,1786946580.55,2026-08-17T06:03:00Z,40.644413,-73.768082,212.4,aa9f76,N784AV,B788,BOEING 787-8 Dreamliner,0
takeoff,JFK,22R,1786946580.55,2026-08-17T06:03:00Z,40.644413,-73.768082,212.4,aa9f76,N784AV,B788,BOEING 787-8 Dreamliner,0
landing,JFK,31R,1786946709.42,2026-08-17T06:05:09Z,40.653992,-73.788712,329.1,a74f33,N570JB,A320,AIRBUS A-320,0
takeoff,JFK,31R,1786946709.42,2026-08-17T06:05:09Z,40.653992,-73.788712,329.1,a74f33,N570JB,A320,AIRBUS A-320,0
takeoff,JFK,22R,1786946723.78,2026-08-17T06:05:23Z,40.645923,-73.766904,210.9,869210,JA787A,B77W,BOEING 777-300ER,0
landing,JFK,31R,1786946805.65,2026-08-17T06:06:45Z,40.653999,-73.788721,329.1,a74f33,N570JB,A320,AIRBUS A-320,0
takeoff,JFK,22R,1786946874.21,2026-08-17T06:07:54Z,40.646347,-73.766586,210.9,e80461,CC-BHD,A20N,AIRBUS A-320neo,0
landing,JFK,22L,1786946915.55,2026-08-17T06:08:35Z,40.631433,-73.765656,210.9,71bc36,HL7436,B744,BOEING 747-400,0
takeoff,JFK,22R,1786947241.95,2026-08-17T06:14:01Z,40.644722,-73.767868,210.9,a79386,N5879K,A333,AIRBUS A-330-300,0
takeoff,JFK,22R,1786947674.22,2026-08-17T06:21:14Z,40.645329,-73.767357,210.9,789219,B-LXG,A35K,AIRBUS A-350-1000,0
takeoff,JFK,22R,1786947790.05,2026-08-17T06:23:10Z,40.646016,-73.766857,210.9,a33ca9,N3077J,BCS3,AIRBUS A220-300,0
takeoff,JFK,22R,1786948023.01,2026-08-17T06:27:03Z,40.646574,-73.766405,208.1,ab2728,N818AV,A20N,AIRBUS A-320neo,0
landing,JFK,22R,1786948023.66,2026-08-17T06:27:03Z,40.646342,-73.766577,208.1,ab2728,N818AV,A20N,AIRBUS A-320neo,0
takeoff,JFK,22R,1786948024.17,2026-08-17T06:27:04Z,40.646175,-73.766708,208.1,ab2728,N818AV,A20N,AIRBUS A-320neo,0
takeoff,JFK,22R,1786948143.27,2026-08-17T06:29:03Z,40.646097,-73.766779,210.9,0c20cf,HP-1855CMP,B738,BOEING 737-800,0
landing,JFK,22L,1786948196.22,2026-08-17T06:29:56Z,40.633423,-73.764111,210.9,a6319f,N499AZ,B763,BOEING 767-300,0
landing,LGA,22,1786948828.73,2026-08-17T06:40:28Z,40.779434,-73.87566,210.9,a3cc88,N344DU,,,0
landing,JFK,22L,1786949317.97,2026-08-17T06:48:37Z,40.636711,-73.761536,210.9,a68e7c,N521UW,A321,AIRBUS A-321,0
landing,JFK,22L,1786949559.42,2026-08-17T06:52:39Z,40.63607,-73.762024,210.9,a38fa4,N3289J,,,0
landing,LGA,22,1786949600.97,2026-08-17T06:53:20Z,40.776211,-73.878313,210.9,a3a8c0,N335DU,BCS3,AIRBUS A220-300,0
takeoff,JFK,22R,1786949939.78,2026-08-17T06:58:59Z,40.645981,-73.766876,210.9,4ba954,TC-JJT,B77W,BOEING 777-300ER,0
takeoff,JFK,22R,1786950487.25,2026-08-17T07:08:07Z,40.646381,-73.766571,210.9,899137,B-16786,B77L,BOEING 777-200LR,0
takeoff,JFK,22R,1786950613.63,2026-08-17T07:10:13Z,40.645958,-73.766891,210.9,ad072c,N939AV,A320,AIRBUS A-320,0
takeoff,JFK,22R,1786951019.44,2026-08-17T07:16:59Z,40.646039,-73.766826,210.9,899032,B-16729,B77W,BOEING 777-300ER,0
takeoff,JFK,22R,1786951307.63,2026-08-17T07:21:47Z,40.645783,-73.767014,210.9,39cf00,F-HTYA,A359,AIRBUS A-350-900,0
landing,JFK,22L,1786951343.81,2026-08-17T07:22:23Z,40.634605,-73.763199,210.9,ad56e0,N959JB,A321,AIRBUS A-321,0
landing,JFK,22L,1786951901.17,2026-08-17T07:31:41Z,40.636496,-73.761708,208.1,ad7284,N966AV,A20N,AIRBUS A-320neo,0
takeoff,JFK,22R,1786952086.01,2026-08-17T07:34:46Z,40.645271,-73.767419,210.9,aa5078,N764AV,A20N,AIRBUS A-320neo,0
landing,JFK,22L,1786952603.1,2026-08-17T07:43:23Z,40.629375,-73.767258,210.9,0c20ba,HP-1848CMP,B738,BOEING 737-800,0
landing,JFK,22L,1786953008.68,2026-08-17T07:50:08Z,40.633575,-73.764008,210.9,06a3b6,A7-BTC,B77L,BOEING 777-200LR,0
takeoff,JFK,22R,1786953276.9,2026-08-17T07:54:36Z,40.646167,-73.766748,208.1,0c6060,9Y-BAR,B38M,BOEING 737 MAX 8,0
takeoff,JFK,22R,1786953575.63,2026-08-17T07:59:35Z,40.645912,-73.766907,210.9,71ba03,HL7203,B77W,BOEING 777-300ER,0
landing,JFK,22L,1786953907.43,2026-08-17T08:05:07Z,40.635379,-73.762566,210.9,aa2cb0,N755AV,A320,AIRBUS A-320,0
takeoff,JFK,22R,1786954352.26,2026-08-17T08:12:32Z,40.645155,-73.767513,210.9,710103,HZ-AK74,B77L,BOEING 777-200LR,0
landing,JFK,22L,1786954654.98,2026-08-17T08:17:34Z,40.634715,-73.763097,209.6,4bb18b,TC-LLK,B789,BOEING 787-9 Dreamliner,0
takeoff,JFK,22L,1786954654.98,2026-08-17T08:17:34Z,40.634715,-73.763097,209.6,4bb18b,TC-LLK,B789,BOEING 787-9 Dreamliner,0
landing,JFK,22L,1786954655.53,2026-08-17T08:17:35Z,40.634482,-73.763284,209.6,4bb18b,TC-LLK,B789,BOEING 787-9 Dreamliner,0
landing,JFK,22L,1786954868.36,2026-08-17T08:21:08Z,40.636601,-73.76163,210.9,aa7bae,N775AV,A20N,AIRBUS A-320neo,0
landing,JFK,22L,1786954979.47,2026-08-17T08:22:59Z,40.63512,-73.762787,210.9,adb723,N983JT,A321,AIRBUS A-321,0
takeoff,JFK,22R,1786955223.2,2026-08-17T08:27:03Z,40.646187,-73.766708,210.9,0c21fa,HP-9818CMP,B38M,BOEING 737 MAX 8,0
takeoff,JFK,22R,1786955330.91,2026-08-17T08:28:50Z,40.646027,-73.76683,210.9,780aec,B-2042,B77L,BOEING 777-200LR,0
landing,JFK,22L,1786955456.57,2026-08-17T08:30:56Z,40.637192,-73.761154,210.9,a9b06f,N723TW,B752,BOEING 757-200,0
takeoff,JFK,22R,1786955484.84,2026-08-17T08:31:24Z,40.645387,-73.767326,209.6,7380c9,4X-EDK,B789,BOEING 787-9 Dreamliner,0
landing,JFK,22L,1786955650.56,2026-08-17T08:34:10Z,40.635355,-73.762582,210.9,7802fd,B-2422,B744,BOEING 747-400,0
landing,JFK,22L,1786956511.52,2026-08-17T08:48:31Z,40.634857,-73.76297,210.9,0c605c,9Y-GUY,B38M,BOEING 737 MAX 8,0
landing,JFK,22L,1786956987.28,2026-08-17T08:56:27Z,40.639603,-73.759273,210.9,a85887,N637JB,A320,AIRBUS A-320,0
landing,JFK,22L,1786957097.25,2026-08-17T08:58:17Z,40.635166,-73.762756,210.9,ad6bdc,N964JT,A321,AIRBUS A-321,0
landing,JFK,22L,1786957236.3,2026-08-17T09:00:36Z,40.638004,-73.760529,210.9,ad0d3c,N940AV,A20N,AIRBUS A-320neo,0
takeoff,JFK,22R,1786957327.75,2026-08-17T09:02:07Z,40.646353,-73.766577,210.9,0d0e69,XA-VBU,A321,AIRBUS A-321,0
landing,JFK,22L,1786957371.38,2026-08-17T09:02:51Z,40.635773,-73.762299,210.9,abd659,N862AV,A320,AIRBUS A-320,0
landing,JFK,22L,1786957774.38,2026-08-17T09:09:34Z,40.636276,-73.761856,210.9,a4dfa6,N413DX,A339,AIRBUS A-330-900,0
landing,JFK,22L,1786957938.11,2026-08-17T09:12:18Z,40.633121,-73.764361,208.1,a39b39,N331TK,B38M,BOEING 737 MAX 8,0
takeoff,JFK,22R,1786957995.92,2026-08-17T09:13:15Z,40.645855,-73.766983,210.9,aaf183,N804JB,A320,AIRBUS A-320,0
takeoff,JFK,22R,1786958166.31,2026-08-17T09:16:06Z,40.645643,-73.767138,210.9,ad5329,N958JB,A321,AIRBUS A-321,0
landing,JFK,22L,1786958300.55,2026-08-17T09:18:20Z,40.634564,-73.763237,208.1,a1ce99,N2151J,A21N,AIRBUS A-321neo,0
landing,JFK,22L,1786958425.43,2026-08-17T09:20:25Z,40.633435,-73.764095,209.6,ab4ae9,N827AN,B789,BOEING 787-9 Dreamliner,0
landing,JFK,22L,1786958814.66,2026-08-17T09:26:54Z,40.631641,-73.765518,210.9,a02c40,N110AN,A321,AIRBUS A-321,0
takeoff,JFK,22R,1786958895.46,2026-08-17T09:28:15Z,40.645294,-73.767395,210.9,71bc36,HL7436,B744,BOEING 747-400,0
landing,JFK,22L,1786958956.71,2026-08-17T09:29:16Z,40.633121,-73.764361,209.6,7380c7,4X-EDI,B789,BOEING 787-9 Dreamliner,0
takeoff,JFK,22R,1786959289.17,2026-08-17T09:34:49Z,40.645923,-73.766904,210.9,a19d0d,N2029J,A21N,AIRBUS A-321neo,0
landing,JFK,22L,1786959307.35,2026-08-17T09:35:07Z,40.632504,-73.764813,210.9,a2c087,N277AK,B739,BOEING 737-900,0
landing,JFK,22L,1786959428.38,2026-08-17T09:37:08Z,40.633095,-73.764374,208.1,a0b550,N145AN,A321,AIRBUS A-321,0
takeoff,JFK,22R,1786959514.04,2026-08-17T09:38:34Z,40.645259,-73.767419,210.9,0c6061,9Y-TTO,B38M,BOEING 737 MAX 8,0
landing,JFK,22R,1786959514.39,2026-08-17T09:38:34Z,40.645073,-73.767575,210.9,0c6061,9Y-TTO,B38M,BOEING 737 MAX 8,0
takeoff,JFK,22R,1786959514.39,2026-08-17T09:38:34Z,40.645073,-73.767575,210.9,0c6061,9Y-TTO,B38M,BOEING 737 MAX 8,0
landing,JFK,22L,1786959561.96,2026-08-17T09:39:21Z,40.636173,-73.761963,210.9,a383f3,N3255J,BCS3,,0
takeoff,JFK,22R,1786959682.26,2026-08-17T09:41:22Z,40.645855,-73.766968,208.1,ad7284,N966AV,A20N,AIRBUS A-320neo,0
landing,JFK,22L,1786959708.52,2026-08-17T09:41:48Z,40.636438,-73.761786,210.9,0ac9c3,HK-5352,A20N,AIRBUS A-320neo,0
landing,JFK,22L,1786959798.79,2026-08-17T09:43:18Z,40.635541,-73.762457,210.9,a36b73,N3196J,BCS3,AIRBUS A220-300,0
landing,JFK,22L,1786959914.88,2026-08-17T09:45:14Z,40.636507,-73.761723,210.9,a7fdf2,N614DN,,,0
takeoff,JFK,22R,1786959921.73,2026-08-17T09:45:21Z,40.645969,-73.766891,210.9,a1a0c4,N2039J,A21N,AIRBUS A-321neo,0
landing,JFK,22L,1786960018.26,2026-08-17T09:46:58Z,40.635902,-73.762176,210.9,a78cfc,N586JB,A320,AIRBUS A-320,0
landing,JFK,22L,1786960130.53,2026-08-17T09:48:50Z,40.636093,-73.762024,210.9,4d206e,9H-ALC,A332,AIRBUS A-330-200,0
takeoff,JFK,22R,1786960672.09,2026-08-17T09:57:52Z,40.645934,-73.76692,210.9,a770a2,N579JB,A320,AIRBUS A-320,0
landing,JFK,22L,1786960891.34,2026-08-17T10:01:31Z,40.634948,-73.762909,210.9,a69463,N523DE,A21N,,0
takeoff,LGA,13,1786961164.81,2026-08-17T10:06:04Z,40.779785,-73.873215,120.9,a1057a,N165NN,A321,AIRBUS A-321,0
takeoff,JFK,22R,1786961214.79,2026-08-17T10:06:54Z,40.646336,-73.766602,210.9,aa2cb0,N755AV,A320,AIRBUS A-320,0
landing,JFK,22R,1786961215.67,2026-08-17T10:06:55Z,40.645981,-73.766889,210.9,aa2cb0,N755AV,A320,AIRBUS A-320,0
takeoff,JFK,22R,1786961215.67,2026-08-17T10:06:55Z,40.645981,-73.766889,210.9,aa2cb0,N755AV,A320,AIRBUS A-320,0
takeoff,LGA,13,1786961232.47,2026-08-17T10:07:12Z,40.781662,-73.877182,120.9,ab3d17,N823MD,E170,EMBRAER ERJ-170-100,0
landing,JFK,22L,1786961274.65,2026-08-17T10:07:54Z,40.636482,-73.761719,210.9,a7b40e,N596DT,,,0
takeoff,LGA,13,1786961318.26,2026-08-17T10:08:38Z,40.780226,-73.874177,120.9,a02c94,N110DX,A321,AIRBUS A-321,0
landing,JFK,22L,1786961391.76,2026-08-17T10:09:51Z,40.635098,-73.762802,213.8,ab4c76,N827SK,CRJ9,BOMBARDIER Regional Jet CRJ-900,0
takeoff,JFK,22L,1786961391.76,2026-08-17T10:09:51Z,40.635098,-73.762802,213.8,ab4c76,N827SK,CRJ9,BOMBARDIER Regional Jet CRJ-900,0
landing,JFK,22L,1786961392.28,2026-08-17T10:09:52Z,40.63496,-73.762909,213.8,ab4c76,N827SK,CRJ9,BOMBARDIER Regional Jet CRJ-900,0
takeoff,LGA,13,1786961392.81,2026-08-17T10:09:52Z,40.780214,-73.874146,120.9,abb3b6,N853NN,B738,BOEING 737-800,0
takeoff,JFK,22R,1786961412.87,2026-08-17T10:10:12Z,40.64502,-73.767639,210.9,ab1971,N814NN,B738,BOEING 737-800,0
takeoff,LGA,13,1786961471.1,2026-08-17T10:11:11Z,40.779499,-73.872665,123.8,a3a8c0,N335DU,BCS3,AIRBUS A220-300,0
takeoff,JFK,22R,1786961500.55,2026-08-17T10:11:40Z,40.648979,-73.764542,210.9,a1d811,N218JQ,E75S,EMBRAER ERJ-170-200 (short wing),0
takeoff,LGA,13,1786961540.74,2026-08-17T10:12:20Z,40.780277,-73.874298,120.9,abab67,N851DN,B739,BOEING 737-900,0
takeoff,JFK,22R,1786961593.18,2026-08-17T10:13:13Z,40.645411,-73.76731,210.9,a6319f,N499AZ,B763,BOEING 767-300,0
takeoff,LGA,13,1786961613.53,2026-08-17T10:13:33Z,40.780128,-73.873978,120.9,a44a6d,N376DN,A321,AIRBUS A-321,0
takeoff,LGA,13,1786961678.34,2026-08-17T10:14:38Z,40.781616,-73.87709,120.9,abd7d1,N862RW,E170,EMBRAER ERJ-170-100,0
takeoff,JFK,22R,1786961682.31,2026-08-17T10:14:42Z,40.645969,-73.766889,210.9,a01112,N103NN,A321,AIRBUS A-321,0
landing,JFK,22L,1786961729.82,2026-08-17T10:15:29Z,40.636013,-73.762085,210.9,acc040,N920XJ,CRJ9,BOMBARDIER Regional Jet CRJ-900,0
takeoff,LGA,13,1786961758.8,2026-08-17T10:15:58Z,40.780231,-73.874191,120.9,a44214,N37354,B38M,,0
takeoff,JFK,22R,1786961790.5,2026-08-17T10:16:30Z,40.646336,-73.766571,210.9,ad27f3,N947JB,A321,AIRBUS A-321,0
takeoff,LGA,13,1786961816.1,2026-08-17T10:16:56Z,40.781811,-73.877472,123.8,a1a924,N206JQ,E75L,EMBRAER ERJ-170-200 (long wing),0
takeoff,JFK,22R,1786961863.56,2026-08-17T10:17:43Z,40.646051,-73.766795,210.9,a337b9,N306XR,,,0
takeoff,LGA,13,1786961896.64,2026-08-17T10:18:16Z,40.780226,-73.874193,120.9,aa7e7c,N77538,B738,BOEING 737-800,0
takeoff,JFK,22R,1786961929.56,2026-08-17T10:18:49Z,40.64626,-73.76667,210.9,a6f5fc,N548DN,A21N,AIRBUS A-321neo,0
takeoff,LGA,13,1786961963.03,2026-08-17T10:19:23Z,40.780156,-73.874021,120.9,ab6339,N8328A,B738,BOEING 737-800,0
takeoff,JFK,22R,1786961994.05,2026-08-17T10:19:54Z,40.646267,-73.766647,210.9,a9327a,N692DL,B752,BOEING 757-200,0
takeoff,LGA,13,1786962020.1,2026-08-17T10:20:20Z,40.77997,-73.873646,120.9,a707a3,N552JB,A320,AIRBUS A-320,0
landing,JFK,22L,1786962081.81,2026-08-17T10:21:21Z,40.633691,-73.763877,210.9,4bb46e,TC-MCN,A333,AIRBUS A-330-300,0
takeoff,JFK,22R,1786962137.95,2026-08-17T10:22:17Z,40.645364,-73.767372,210.9,aa7bae,N775AV,A20N,AIRBUS A-320neo,0
landing,LGA,22,1786962227.19,2026-08-17T10:23:47Z,40.776707,-73.87793,210.9,ac98c1,N910XJ,CRJ9,BOMBARDIER Regional Jet CRJ-900,0
takeoff,LGA,13,1786962274.34,2026-08-17T10:24:34Z,40.780025,-73.873779,120.9,a3244a,N301NW,B738,BOEING 737-800,0
takeoff,JFK,22R,1786962289.09,2026-08-17T10:24:49Z,40.645981,-73.766891,210.9,ad6bdc,N964JT,A321,AIRBUS A-321,0
landing,JFK,22L,1786962349.77,2026-08-17T10:25:49Z,40.633563,-73.764033,210.9,a04641,N117AN,A321,AIRBUS A-321,0
takeoff,LGA,13,1786962380.19,2026-08-17T10:26:20Z,40.781582,-73.877014,120.9,a5106e,N425YX,E75L,EMBRAER ERJ-170-200 (long wing),0
landing,JFK,22L,1786962495.26,2026-08-17T10:28:15Z,40.634832,-73.762987,210.9,adf4e9,N999JQ,A321,AIRBUS A-321,0
takeoff,LGA,13,1786962648.32,2026-08-17T10:30:48Z,40.780272,-73.874271,120.9,ac6622,N8985Q,B38M,BOEING 737 MAX 8,0
landing,JFK,22L,1786962652.55,2026-08-17T10:30:52Z,40.631882,-73.765335,210.9,a3489f,N310UM,B38M,,0
landing,JFK,22L,1786962842.63,2026-08-17T10:34:02Z,40.633202,-73.764283,210.9,a3572c,N314RH,B38M,BOEING 737 MAX 8,0
landing,LGA,22,1786962885.95,2026-08-17T10:34:45Z,40.774279,-73.879779,202.5,a01f73,N107HQ,E75L,EMBRAER ERJ-170-200 (long wing),0
landing,JFK,22L,1786962930.23,2026-08-17T10:35:30Z,40.634342,-73.763397,210.9,a1a435,N2047J,A21N,AIRBUS A-321neo,0
takeoff,JFK,22R,1786963028.64,2026-08-17T10:37:08Z,40.644951,-73.7677,210.9,a73690,N564JB,A320,AIRBUS A-320,0
landing,JFK,22L,1786963044.02,2026-08-17T10:37:24Z,40.633796,-73.76383,210.9,346195,EC-NBN,A332,AIRBUS A-330-200,0
takeoff,LGA,13,1786963053.27,2026-08-17T10:37:33Z,40.780128,-73.873993,120.9,a07522,N129AA,A321,AIRBUS A-321,0
takeoff,LGA,13,1786963162.68,2026-08-17T10:39:22Z,40.779694,-73.873093,120.9,c01b6c,C-FKJZ,CRJ9,BOMBARDIER Regional Jet CRJ-900,0
landing,JFK,22L,1786963194.15,2026-08-17T10:39:54Z,40.635216,-73.762691,210.9,a79821,N589JB,A320,AIRBUS A-320,0
takeoff,LGA,13,1786963228.72,2026-08-17T10:40:28Z,40.780214,-73.874161,120.9,ab62f8,N8326F,B738,BOEING 737-800,0
takeoff,LGA,13,1786963277.91,2026-08-17T10:41:17Z,40.781456,-73.876755,120.9,a52911,N431YX,E75L,EMBRAER ERJ-170-200 (long wing),0
landing,JFK,22L,1786963283.15,2026-08-17T10:41:23Z,40.634971,-73.762909,210.9,a37fd3,N3242J,BCS3,,0
takeoff,LGA,13,1786963324.06,2026-08-17T10:42:04Z,40.781696,-73.877258,120.9,a4e181,N413YX,E75L,EMBRAER ERJ-170-200 (long wing),0
takeoff,JFK,22R,1786963352.55,2026-08-17T10:42:32Z,40.645259,-73.767435,210.9,a022c6,N108DQ,BCS1,AIRBUS A220-100,0
landing,JFK,22L,1786963379.43,2026-08-17T10:42:59Z,40.636711,-73.761505,210.9,a6709b,N514DE,A21N,AIRBUS A-321neo,0
landing,JFK,22L,1786963520.33,2026-08-17T10:45:20Z,40.634552,-73.76319,212.4,ab5c12,N831AA,B789,BOEING 787-9 Dreamliner,0
landing,LGA,22,1786963567.97,2026-08-17T10:46:07Z,40.776031,-73.878464,208.1,a7cfb7,N602LR,CRJ9,BOMBARDIER Regional Jet CRJ-900,0
takeoff,LGA,13,1786963585.22,2026-08-17T10:46:25Z,40.779725,-73.873131,120.9,a7dadc,N605LR,CRJ9,BOMBARDIER Regional Jet CRJ-900,0
takeoff,JFK,22R,1786963637.1,2026-08-17T10:47:17Z,40.645108,-73.767513,210.9,a1d368,N2169J,A21N,AIRBUS A-321neo,0
takeoff,LGA,13,1786963648.2,2026-08-17T10:47:28Z,40.780051,-73.873834,118.1,a8f9a3,N678CA,CRJ9,BOMBARDIER Regional Jet CRJ-900,0
landing,JFK,22L,1786963668.52,2026-08-17T10:47:48Z,40.632481,-73.764844,210.9,aaed0c,N803AK,B38M,,0
landing,LGA,22,1786963722.54,2026-08-17T10:48:42Z,40.780014,-73.875153,212.5,a418e0,N363QS,E55P,EMBRAER EMB-505 Phenom 300,0
takeoff,LGA,13,1786963749.88,2026-08-17T10:49:09Z,40.780437,-73.874634,120.9,abf8e0,N8701Q,B38M,BOEING 737 MAX 8,0
takeoff,JFK,22R,1786963771.61,2026-08-17T10:49:31Z,40.64629,-73.766617,208.1,a369ee,N319TE,B38M,BOEING 737 MAX 8,0
landing,JFK,22L,1786963797.6,2026-08-17T10:49:57Z,40.63718,-73.761185,210.9,a34d52,N3113J,BCS3,AIRBUS A220-300,0
takeoff,JFK,22R,1786963927.96,2026-08-17T10:52:07Z,40.645981,-73.766876,210.9,a1a3a9,N2043J,A21N,AIRBUS A-321neo,0
landing,JFK,22L,1786963988.45,2026-08-17T10:53:08Z,40.634645,-73.76319,210.9,a21833,N234JQ,E75L,EMBRAER ERJ-170-200 (long wing),0
takeoff,LGA,13,1786963991.49,2026-08-17T10:53:11Z,40.780156,-73.874021,120.9,a54b2a,N440FR,A20N,AIRBUS A-320neo,0
takeoff,JFK,22R,1786964041.94,2026-08-17T10:54:01Z,40.645271,-73.767451,210.9,aac7ab,N794JB,A320,AIRBUS A-320,0
landing,JFK,22L,1786964079.11,2026-08-17T10:54:39Z,40.63596,-73.762129,210.9,a7a532,N592DT,A21N,AIRBUS A-321neo,0
landing,LGA,22,1786964112.76,2026-08-17T10:55:12Z,40.776397,-73.878172,210.9,a385ee,N326PQ,CRJ9,BOMBARDIER Regional Jet CRJ-900,0
takeoff,LGA,13,1786964164.08,2026-08-17T10:56:04Z,40.779621,-73.872913,123.8,a39723,N330PQ,CRJ9,BOMBARDIER Regional Jet CRJ-900,0
landing,JFK,22L,1786964173.55,2026-08-17T10:56:13Z,40.633919,-73.763733,210.9,ad9712,N975JT,A321,AIRBUS A-321,0
takeoff,JFK,22R,1786964274.95,2026-08-17T10:57:54Z,40.645329,-73.767395,210.9,a85887,N637JB,A320,AIRBUS A-320,0
landing,JFK,22L,1786964301.66,2026-08-17T10:58:21Z,40.63258,-73.764771,210.9,a44cda,N3763D,B738,BOEING 737-800,0
landing,LGA,22,1786964358.53,2026-08-17T10:59:18Z,40.774372,-73.879852,208.1,a34215,N309PQ,CRJ9,BOMBARDIER Regional Jet CRJ-900,0
takeoff,LGA,13,1786964371.32,2026-08-17T10:59:31Z,40.781704,-73.877236,123.8,a4c8de,N407YX,E75L,EMBRAER ERJ-170-200 (long wing),0
landing,JFK,22L,1786964432.84,2026-08-17T11:00:32Z,40.627744,-73.768559,208.1,a4da13,N411YX,E75L,EMBRAER ERJ-170-200 (long wing),0
landing,LGA,22,1786964474.52,2026-08-17T11:01:14Z,40.775711,-73.878738,210.9,ad01c0,N937XJ,CRJ9,BOMBARDIER Regional Jet CRJ-900,0
takeoff,JFK,22R,1786964477.71,2026-08-17T11:01:17Z,40.645259,-73.767419,210.9,a81abe,N621JB,A320,AIRBUS A-320,0
takeoff,JFK,22R,1786964532.67,2026-08-17T11:02:12Z,40.645224,-73.767466,210.9,a1a3cc,N2044J,A21N,AIRBUS A-321neo,0
landing,JFK,22L,1786964556.27,2026-08-17T11:02:36Z,40.636275,-73.761879,210.9,a479b2,N388HA,A332,AIRBUS A-330-200,0
takeoff,JFK,22R,1786964596.96,2026-08-17T11:03:16Z,40.645157,-73.767517,210.9,ad846f,N970JB,A321,AIRBUS A-321,0
takeoff,JFK,22R,1786964701.98,2026-08-17T11:05:01Z,40.645504,-73.767248,210.9,7802fd,B-2422,B744,BOEING 747-400,0
landing,JFK,22L,1786964719.6,2026-08-17T11:05:19Z,40.631363,-73.765749,210.9,a5255a,N430YX,E75L,EMBRAER ERJ-170-200 (long wing),0
landing,LGA,04,1786964765.03,2026-08-17T11:06:05Z,40.772141,-73.880188,33.8,a1f822,N226JQ,E75L,EMBRAER ERJ-170-200 (long wing),0
landing,JFK,22L,1786964819.69,2026-08-17T11:06:59Z,40.633644,-73.763955,210.9,a1cf48,N2156J,A21N,AIRBUS A-321neo,0
landing,LGA,22,1786964855.15,2026-08-17T11:07:35Z,40.777887,-73.876924,210.9,a3962d,N330DU,BCS3,,0
takeoff,JFK,22R,1786964874.44,2026-08-17T11:07:54Z,40.645065,-73.767609,210.9,a38b61,N3275J,BCS3,AIRBUS A220-300,0
takeoff,JFK,22R,1786964917.84,2026-08-17T11:08:37Z,40.649128,-73.764389,210.9,a05f95,N123HQ,E75L,EMBRAER ERJ-170-200 (long wing),0
landing,JFK,22L,1786964927.01,2026-08-17T11:08:47Z,40.635704,-73.762316,210.9,a392f2,N3296J,BCS3,AIRBUS A220-300,0
takeoff,LGA,13,1786964941.27,2026-08-17T11:09:01Z,40.780003,-73.873734,120.9,ad7da2,N969AN,B738,BOEING 737-800,0
landing,LGA,22,1786964985.02,2026-08-17T11:09:45Z,40.777724,-73.87708,205.3,a18380,N197PQ,CRJ9,BOMBARDIER Regional Jet CRJ-900,0
takeoff,LGA,13,1786965013.63,2026-08-17T11:10:13Z,40.779365,-73.872398,120.9,a3a152,N333DU,BCS3,,0
takeoff,JFK,22R,1786965063.25,2026-08-17T11:11:03Z,40.646016,-73.766857,210.9,a7851c,N584DN,A21N,,0
takeoff,LGA,13,1786965105.55,2026-08-17T11:11:45Z,40.780191,-73.874115,120.9,a74679,N568UW,A321,AIRBUS A-321,0
landing,JFK,22L,1786965122.47,2026-08-17T11:12:02Z,40.63212,-73.765141,210.9,ab4fae,N828MH,B764,BOEING 767-400,0
takeoff,JFK,22R,1786965123.13,2026-08-17T11:12:03Z,40.645214,-73.767471,210.9,a788d3,N585DN,A21N,,0
landing,LGA,04,1786965155.84,2026-08-17T11:12:35Z,40.772149,-73.880185,30.9,a1e946,N222JQ,E75L,EMBRAER ERJ-170-200 (long wing),0
takeoff,JFK,22R,1786965183.91,2026-08-17T11:13:03Z,40.645248,-73.767466,210.9,ac7a33,N9029F,A319,AIRBUS A-319,0
landing,LGA,22,1786965194.79,2026-08-17T11:13:14Z,40.774558,-73.879639,205.3,a05827,N121HQ,E75L,EMBRAER ERJ-170-200 (long wing),0
takeoff,LGA,13,1786965216.21,2026-08-17T11:13:36Z,40.779854,-73.873413,120.9,a0103b,N103DY,A321,AIRBUS A-321,0
landing,JFK,22L,1786965243.7,2026-08-17T11:14:03Z,40.633633,-73.763939,208.1,a98f6a,N715JB,A320,AIRBUS A-320,0
takeoff,JFK,22R,1786965248.11,2026-08-17T11:14:08Z,40.645224,-73.767466,210.9,06a3b6,A7-BTC,B77L,BOEING 777-200LR,0
takeoff,LGA,13,1786965314.78,2026-08-17T11:15:14Z,40.779667,-73.872991,120.9,a7d725,N604LR,CRJ9,BOMBARDIER Regional Jet CRJ-900,0
landing,JFK,22L,1786965320.42,2026-08-17T11:15:20Z,40.632397,-73.764923,210.9,4d0116,LX-VCL,B748,BOEING 747-8,0
landing,LGA,04,1786965362.63,2026-08-17T11:16:02Z,40.776409,-73.876648,30.9,a34bdc,N311PQ,CRJ9,BOMBARDIER Regional Jet CRJ-900,0
takeoff,JFK,22R,1786965366.05,2026-08-17T11:16:06Z,40.645351,-73.76738,210.9,abd659,N862AV,A320,AIRBUS A-320,0
takeoff,LGA,13,1786965378.56,2026-08-17T11:16:18Z,40.779912,-73.873506,120.9,ac45ac,N890DN,B739,BOEING 737-900,0
landing,LGA,04,1786965424.85,2026-08-17T11:17:04Z,40.772184,-73.880138,30.9,a8a490,N656RW,E170,EMBRAER ERJ-170-100,0
landing,LGA,22,1786965432.3,2026-08-17T11:17:12Z,40.775745,-73.878718,210.9,a145b7,N181PQ,CRJ9,BOMBARDIER Regional Jet CRJ-900,0
takeoff,JFK,22R,1786965446.74,2026-08-17T11:17:26Z,40.645341,-73.767388,210.9,a83108,N627JB,A320,AIRBUS A-320,0
landing,JFK,22L,1786965463.81,2026-08-17T11:17:43Z,40.634949,-73.762924,210.9,ab4f5d,N828JB,A320,AIRBUS A-320,0
takeoff,LGA,13,1786965539.34,2026-08-17T11:18:59Z,40.781479,-73.876801,123.8,a89d22,N654RW,E170,EMBRAER ERJ-170-100,0
landing,JFK,22L,1786965551.57,2026-08-17T11:19:11Z,40.636298,-73.761848,210.9,a3711a,N3203J,BCS3,AIRBUS A220-300,0
landing,LGA,04,1786965584.39,2026-08-17T11:19:44Z,40.772207,-73.880123,33.8,a1ba59,N210JQ,E75L,EMBRAER ERJ-170-200 (long wing),0
takeoff,JFK,22R,1786965604.14,2026-08-17T11:20:04Z,40.645969,-73.766873,210.9,a3a9ff,N335SN,B38M,BOEING 737 MAX 8,0
landing,LGA,22,1786965608.42,2026-08-17T11:20:08Z,40.773457,-73.880554,210.9,a1a1b6,N204JQ,E75L,EMBRAER ERJ-170-200 (long wing),0
landing,JFK,22L,1786965630.62,2026-08-17T11:20:30Z,40.634251,-73.763458,210.9,adc9b6,N988JT,A321,AIRBUS A-321,0
takeoff,JFK,22R,1786965671.17,2026-08-17T11:21:11Z,40.645899,-73.766951,210.9,a8a017,N655JB,A320,AIRBUS A-320,0
landing,LGA,22,1786965675.9,2026-08-17T11:21:15Z,40.776203,-73.878326,210.9,a36994,N319PQ,CRJ9,BOMBARDIER Regional Jet CRJ-900,0
takeoff,LGA,13,1786965720.43,2026-08-17T11:22:00Z,40.779613,-73.872894,120.9,a48e3a,N393DA,B738,BOEING 737-800,0
takeoff,JFK,22R,1786965722.51,2026-08-17T11:22:02Z,40.646249,-73.76667,210.9,a39b39,N331TK,B38M,BOEING 737 MAX 8,0
landing,JFK,22L,1786965728.5,2026-08-17T11:22:08Z,40.634548,-73.763229,210.9,a94c7b,N699DL,B752,BOEING 757-200,0
landing,LGA,22,1786965770.67,2026-08-17T11:22:50Z,40.775221,-73.87914,208.1,a7cc00,N601LR,CRJ9,BOMBARDIER Regional Jet CRJ-900,0
takeoff,LGA,13,1786965798.87,2026-08-17T11:23:18Z,40.78046,-73.87468,120.9,ac67fc,N899NN,B738,BOEING 737-800,0
landing,JFK,22L,1786965817.6,2026-08-17T11:23:37Z,40.633947,-73.76369,210.9,a12861,N174DN,B763,BOEING 767-300,0
takeoff,JFK,22R,1786965820.07,2026-08-17T11:23:40Z,40.646564,-73.766403,210.9,ad0d3c,N940AV,A20N,AIRBUS A-320neo,0
landing,LGA,22,1786965868.82,2026-08-17T11:24:28Z,40.773383,-73.880669,210.9,a06aba,N126HQ,E75L,EMBRAER ERJ-170-200 (long wing),0
takeoff,LGA,13,1786965872.06,2026-08-17T11:24:32Z,40.780186,-73.874084,120.9,a466d2,N383DZ,A321,AIRBUS A-321,0
takeoff,JFK,22R,1786965947.63,2026-08-17T11:25:47Z,40.645821,-73.766998,210.9,ad6755,N963AK,B39M,BOEING 737 MAX 9,0
takeoff,LGA,13,1786965959.04,2026-08-17T11:25:59Z,40.781471,-73.876783,120.9,ac159a,N878RW,E170,EMBRAER ERJ-170-100,0
landing,JFK,22L,1786965968.25,2026-08-17T11:26:08Z,40.632465,-73.764893,210.9,a03816,N113HQ,E75L,EMBRAER ERJ-170-200 (long wing),0
takeoff,LGA,13,1786966009.23,2026-08-17T11:26:49Z,40.779957,-73.873611,120.9,ad52c2,N958DZ,B739,,0
takeoff,JFK,22R,1786966012.48,2026-08-17T11:26:52Z,40.645397,-73.767334,210.9,0c605c,9Y-GUY,B38M,BOEING 737 MAX 8,0
landing,LGA,04,1786966025.78,2026-08-17T11:27:05Z,40.772221,-73.880112,33.8,abd41a,N861RW,E170,EMBRAER ERJ-170-100,0
landing,JFK,22L,1786966031.49,2026-08-17T11:27:11Z,40.631573,-73.765562,212.4,e8046f,CC-BGT,B789,BOEING 787-9 Dreamliner,0
landing,LGA,22,1786966042.41,2026-08-17T11:27:22Z,40.776874,-73.877782,210.9,a15795,N186GJ,CRJ9,BOMBARDIER Regional Jet CRJ-900,0
takeoff,LGA,13,1786966088.24,2026-08-17T11:28:08Z,40.78182,-73.877532,123.8,a1d45a,N217JQ,E75L,EMBRAER ERJ-170-200 (long wing),0
takeoff,JFK,22R,1786966099.07,2026-08-17T11:28:19Z,40.646539,-73.766436,210.9,a93d9f,N695DL,B752,BOEING 757-200,0
landing,JFK,22L,1786966127.14,2026-08-17T11:28:47Z,40.633862,-73.763763,209.6,04c119,5Y-KZC,B788,BOEING 787-8 Dreamliner,0
takeoff,JFK,22R,1786966163.19,2026-08-17T11:29:23Z,40.644642,-73.767934,210.9,ad1c67,N944DZ,B739,,0
landing,LGA,22,1786966220.21,2026-08-17T11:30:20Z,40.773499,-73.88056,210.9,a08e82,N135HQ,E75L,EMBRAER ERJ-170-200 (long wing),0
takeoff,LGA,13,1786966224.96,2026-08-17T11:30:24Z,40.780083,-73.873886,120.9,a65104,N506JB,A320,AIRBUS A-320,0
landing,JFK,22L,1786966244.56,2026-08-17T11:30:44Z,40.632632,-73.764751,210.9,a120fe,N172DZ,B763,BOEING 767-300,0
takeoff,LGA,13,1786966271.55,2026-08-17T11:31:11Z,40.779934,-73.873566,120.9,a0ad1b,N14240,B738,BOEING 737-800,0
landing,LGA,13,1786966301.15,2026-08-17T11:31:41Z,40.776909,-73.873303,95.6,acdbee,N928AM,A321,AIRBUS A-321,0
takeoff,JFK,22R,1786966312.04,2026-08-17T11:31:52Z,40.645143,-73.767544,210.9,ab1122,N812DN,B739,BOEING 737-900,0
landing,LGA,22,1786966323.43,2026-08-17T11:32:03Z,40.774464,-73.879761,210.9,a8a0d9,N655RW,E170,EMBRAER ERJ-170-100,0
takeoff,LGA,13,1786966329.98,2026-08-17T11:32:09Z,40.780071,-73.873856,120.9,a057cc,N121DZ,A321,AIRBUS A-321,0
landing,JFK,22L,1786966361.22,2026-08-17T11:32:41Z,40.634482,-73.763284,210.9,a4b294,N401YX,E75L,EMBRAER ERJ-170-200 (long wing),0
takeoff,JFK,22R,1786966373.04,2026-08-17T11:32:53Z,40.645123,-73.767548,210.9,a78cfc,N586JB,A320,AIRBUS A-320,0
landing,LGA,22,1786966397.43,2026-08-17T11:33:17Z,40.776272,-73.878281,210.9,c062b8,C-GLJZ,CRJ9,BOMBARDIER Regional Jet CRJ-900,0
takeoff,LGA,13,1786966412.32,2026-08-17T11:33:32Z,40.779774,-73.87323,120.9,acf69b,N934XJ,CRJ9,BOMBARDIER Regional Jet CRJ-900,0
takeoff,JFK,22R,1786966433.42,2026-08-17T11:33:53Z,40.646039,-73.766857,210.9,aca94b,N915AN,B738,BOEING 737-800,0
takeoff,LGA,13,1786966441.11,2026-08-17T11:34:01Z,40.781456,-73.876755,120.9,ac26cf,N882RW,E170,EMBRAER ERJ-170-100,0
landing,LGA,22,1786966480.4,2026-08-17T11:34:40Z,40.777222,-73.877686,210.9,c010e4,C-FGKH,A320,AIRBUS A-320,0
landing,JFK,22L,1786966488.82,2026-08-17T11:34:48Z,40.635235,-73.76268,208.1,a2af3e,N272PQ,CRJ9,BOMBARDIER Regional Jet CRJ-900,0
takeoff,JFK,22R,1786966500.81,2026-08-17T11:35:00Z,40.644104,-73.768356,210.9,a38fa4,N3289J,,,0
takeoff,LGA,13,1786966508.94,2026-08-17T11:35:08Z,40.780323,-73.874405,120.9,a44969,N3755D,B738,BOEING 737-800,0
landing,LGA,22,1786966579.99,2026-08-17T11:36:19Z,40.777153,-73.877532,210.9,a31486,N298PQ,CRJ9,BOMBARDIER Regional Jet CRJ-900,0
takeoff,LGA,13,1786966606.62,2026-08-17T11:36:46Z,40.779772,-73.873256,120.9,a732d9,N563JB,A320,AIRBUS A-320,0
takeoff,JFK,22R,1786966637.03,2026-08-17T11:37:17Z,40.646446,-73.766514,210.9,a7816a,N583DT,A21N,,0
landing,LGA,22,1786966679.75,2026-08-17T11:37:59Z,40.776059,-73.878453,208.1,a1584a,N186PQ,CRJ9,BOMBARDIER Regional Jet CRJ-900,0
takeoff,JFK,22R,1786966691.33,2026-08-17T11:38:11Z,40.646458,-73.766499,208.1,a086ce,N133EV,CRJ9,BOMBARDIER Regional Jet CRJ-900,0
takeoff,LGA,13,1786966696.03,2026-08-17T11:38:16Z,40.779935,-73.873553,120.9,c05bcf,C-GITY,A321,AIRBUS A-321,0
landing,JFK,22L,1786966737.62,2026-08-17T11:38:57Z,40.63603,-73.762082,210.9,a70f11,N554JB,A320,AIRBUS A-320,0
landing,LGA,22,1786966771.3,2026-08-17T11:39:31Z,40.775687,-73.878718,208.1,a92ea0,N691CA,CRJ9,BOMBARDIER Regional Jet CRJ-900,0
takeoff,LGA,13,1786966797.1,2026-08-17T11:39:57Z,40.779353,-73.872351,120.9,a3cc88,N344DU,,,0
takeoff,JFK,22R,1786966808.97,2026-08-17T11:40:08Z,40.646039,-73.766842,208.1,a0b550,N145AN,A321,AIRBUS A-321,0
landing,JFK,22L,1786966861.21,2026-08-17T11:41:01Z,40.632574,-73.764751,210.9,ad2095,N945JT,A321,AIRBUS A-321,0
takeoff,LGA,13,1786966866.42,2026-08-17T11:41:06Z,40.779784,-73.87321,120.9,acdbee,N928AM,A321,AIRBUS A-321,0
takeoff,JFK,22R,1786966866.48,2026-08-17T11:41:06Z,40.645155,-73.767513,210.9,abf6ae,N870DN,B739,BOEING 737-900,0
takeoff,JFK,22R,1786966925.11,2026-08-17T11:42:05Z,40.647343,-73.765808,210.9,a70463,N551NW,B752,BOEING 757-200,0
landing,LGA,22,1786966934.53,2026-08-17T11:42:14Z,40.773592,-73.879951,185.6,a4c527,N406YX,E75L,EMBRAER ERJ-170-200 (long wing),0
takeoff,LGA,13,1786966942.5,2026-08-17T11:42:22Z,40.780354,-73.874458,120.9,aa56b6,N76517,B738,BOEING 737-800,0
takeoff,JFK,22R,1786966993.32,2026-08-17T11:43:13Z,40.644759,-73.767825,210.9,a3871e,N3261J,BCS3,,0
landing,JFK,22L,1786966999.41,2026-08-17T11:43:19Z,40.633255,-73.764236,210.9,acf0d8,N933AK,B39M,,0
landing,LGA,22,1786967031.76,2026-08-17T11:43:51Z,40.776466,-73.878113,210.9,a20e38,N231WN,B737,BOEING 737-700,0
takeoff,JFK,22R,1786967052.85,2026-08-17T11:44:12Z,40.645992,-73.766876,210.9,a02c40,N110AN,A321,AIRBUS A-321,0
takeoff,LGA,13,1786967054.23,2026-08-17T11:44:14Z,40.779522,-73.872696,120.9,a3c163,N341DU,BCS3,AIRBUS A220-300,0
takeoff,JFK,22R,1786967116.69,2026-08-17T11:45:16Z,40.646016,-73.766857,210.9,a138b8,N178US,A321,AIRBUS A-321,0
landing,JFK,22L,1786967141.95,2026-08-17T11:45:41Z,40.635297,-73.762628,213.8,a6152a,N491PX,CRJ9,BOMBARDIER Regional Jet CRJ-900,0
takeoff,LGA,13,1786967170.26,2026-08-17T11:46:10Z,40.781529,-73.876924,120.9,a21bea,N235JQ,E75L,EMBRAER ERJ-170-200 (long wing),0
takeoff,JFK,22R,1786967202.21,2026-08-17T11:46:42Z,40.645981,-73.766876,210.9,0ac9c3,HK-5352,A20N,AIRBUS A-320neo,0
landing,LGA,04,1786967228.21,2026-08-17T11:47:08Z,40.772198,-73.880142,33.8,a8996b,N653RW,E170,EMBRAER ERJ-170-100,0
landing,LGA,22,1786967250.46,2026-08-17T11:47:30Z,40.773548,-73.880524,213.8,a53f5b,N437YX,E75L,EMBRAER ERJ-170-200 (long wing),0
takeoff,LGA,13,1786967257.32,2026-08-17T11:47:37Z,40.779597,-73.872882,120.9,ac98c1,N910XJ,CRJ9,BOMBARDIER Regional Jet CRJ-900,0
landing,JFK,22L,1786967282.53,2026-08-17T11:48:02Z,40.634365,-73.763351,210.9,ac92b1,N909XJ,CRJ9,BOMBARDIER Regional Jet CRJ-900,0
takeoff,JFK,22R,1786967319.44,2026-08-17T11:48:39Z,40.645123,-73.767532,210.9,a38836,N3269J,BCS3,AIRBUS A220-300,0
landing,LGA,22,1786967329.96,2026-08-17T11:48:49Z,40.77535,-73.87903,210.9,a36fa4,N320PQ,CRJ9,BOMBARDIER Regional Jet CRJ-900,0
takeoff,LGA,13,1786967348.8,2026-08-17T11:49:08Z,40.780357,-73.874466,120.9,a44943,N3754A,B738,BOEING 737-800,0
takeoff,JFK,22R,1786967383.51,2026-08-17T11:49:43Z,40.645947,-73.766907,210.9,a3661f,N318SF,B38M,BOEING 737 MAX 8,0
landing,JFK,22L,1786967415.51,2026-08-17T11:50:15Z,40.634389,-73.763331,210.9,a14502,N181GJ,CRJ9,BOMBARDIER Regional Jet CRJ-900,0
takeoff,LGA,13,1786967439.89,2026-08-17T11:50:39Z,40.779911,-73.873535,120.9,abc455,N8574Z,B738,BOEING 737-800,0
landing,LGA,22,1786967502.26,2026-08-17T11:51:42Z,40.775373,-73.878999,210.9,a47d11,N389DN,A321,AIRBUS A-321,0
takeoff,LGA,13,1786967515.86,2026-08-17T11:51:55Z,40.779784,-73.873256,120.9,a0c42c,N149AN,A321,AIRBUS A-321,0
takeoff,LGA,13,1786967567.44,2026-08-17T11:52:47Z,40.780016,-73.87374,120.9,a0b81e,N14531,A21N,AIRBUS A-321neo,0
takeoff,LGA,13,1786967621.32,2026-08-17T11:53:41Z,40.779749,-73.873178,120.9,a8a3ce,N656JB,A320,AIRBUS A-320,0
takeoff,JFK,22R,1786967668.23,2026-08-17T11:54:28Z,40.643828,-73.773724,177.2,a35949,N3149J,BCS3,AIRBUS A220-300,0
landing,LGA,04,1786967678.49,2026-08-17T11:54:38Z,40.772152,-73.880173,33.8,a210c5,N232JQ,E75L,EMBRAER ERJ-170-200 (long wing),0
landing,LGA,22,1786967688.32,2026-08-17T11:54:48Z,40.777037,-73.877626,213.8,acfe09,N936XJ,CRJ9,BOMBARDIER Regional Jet CRJ-900,0
takeoff,LGA,13,1786967708.53,2026-08-17T11:55:08Z,40.780254,-73.874268,120.9,abef98,N8685B,B738,BOEING 737-800,0
landing,LGA,13,1786967710.77,2026-08-17T11:55:10Z,40.779774,-73.873245,120.9,abef98,N8685B,B738,BOEING 737-800,0
takeoff,LGA,13,1786967710.77,2026-08-17T11:55:10Z,40.779774,-73.873245,120.9,abef98,N8685B,B738,BOEING 737-800,0
landing,LGA,22,1786967781.54,2026-08-17T11:56:21Z,40.775013,-73.879303,210.9,a4e8ef,N415YX,E75L,EMBRAER ERJ-170-200 (long wing),0
takeoff,LGA,13,1786967782.64,2026-08-17T11:56:22Z,40.781593,-73.877045,120.9,a01f73,N107HQ,E75L,EMBRAER ERJ-170-200 (long wing),0
takeoff,JFK,04L,1786967793.39,2026-08-17T11:56:33Z,40.625702,-73.78273,30.9,ad444d,N954JB,A321,AIRBUS A-321,0
landing,JFK,04R,1786967843.79,2026-08-17T11:57:23Z,40.63377,-73.76384,28.1,a8f235,N676CA,CRJ9,BOMBARDIER Regional Jet CRJ-900,0
landing,LGA,22,1786967870.98,2026-08-17T11:57:50Z,40.781433,-73.874008,213.8,a49d5d,N397FX,E55P,EMBRAER EMB-505 Phenom 300,0
takeoff,JFK,04L,1786967896.0,2026-08-17T11:58:16Z,40.627327,-73.781448,30.9,a383f3,N3255J,BCS3,,0
takeoff,LGA,13,1786967915.14,2026-08-17T11:58:35Z,40.779476,-73.87262,120.9,a44db3,N3769L,B738,BOEING 737-800,0
takeoff,JFK,04L,1786967967.03,2026-08-17T11:59:27Z,40.627132,-73.781601,30.9,a36b73,N3196J,BCS3,AIRBUS A220-300,0
landing,JFK,04R,1786967970.16,2026-08-17T11:59:30Z,40.636484,-73.761723,30.9,a198ed,N2016J,A21N,AIRBUS A-321neo,0
landing,LGA,22,1786967975.65,2026-08-17T11:59:35Z,40.775013,-73.879288,213.8,ab0a73,N810MD,E170,EMBRAER ERJ-170-100,0
landing,JFK,04L,1786968074.51,2026-08-17T12:01:14Z,40.632992,-73.776993,30.9,a1bc29,N2102J,A21N,AIRBUS A-321neo,0
takeoff,LGA,13,1786968099.94,2026-08-17T12:01:39Z,40.779795,-73.873288,120.9,ab5c69,N831DN,B739,BOEING 737-900,0
landing,LGA,04,1786968128.3,2026-08-17T12:02:08Z,40.772141,-73.880173,30.9,ab1d06,N815MD,E170,EMBRAER ERJ-170-100,0
takeoff,JFK,04L,1786968162.0,2026-08-17T12:02:42Z,40.625576,-73.782822,30.9,acc040,N920XJ,CRJ9,BOMBARDIER Regional Jet CRJ-900,0
takeoff,LGA,13,1786968179.63,2026-08-17T12:02:59Z,40.779749,-73.87321,120.9,a095aa,N137EV,CRJ9,BOMBARDIER Regional Jet CRJ-900,0
takeoff,JFK,04L,1786968221.93,2026-08-17T12:03:41Z,40.625952,-73.782525,30.9,a3f4d7,N354NB,A319,AIRBUS A-319,0
landing,JFK,04R,1786968229.53,2026-08-17T12:03:49Z,40.634445,-73.763336,28.1,a3ad6d,N336PQ,CRJ9,BOMBARDIER Regional Jet CRJ-900,0
takeoff,LGA,13,1786968307.48,2026-08-17T12:05:07Z,40.781433,-73.876724,120.9,a19a48,N202JQ,E75L,EMBRAER ERJ-170-200 (long wing),0
landing,JFK,04R,1786968381.87,2026-08-17T12:06:21Z,40.635418,-73.762558,30.9,a67883,N516JB,A320,AIRBUS A-320,0
takeoff,JFK,04L,1786968394.54,2026-08-17T12:06:34Z,40.625805,-73.782639,30.9,a657f4,N508DA,A21N,AIRBUS A-321neo,0
takeoff,JFK,04L,1786968448.09,2026-08-17T12:07:28Z,40.62608,-73.782432,33.8,ab4c76,N827SK,CRJ9,BOMBARDIER Regional Jet CRJ-900,0
landing,JFK,22R,1786968451.39,2026-08-17T12:07:31Z,40.643828,-73.773724,177.2,a35949,N3149J,BCS3,AIRBUS A220-300,0
landing,LGA,04,1786968467.51,2026-08-17T12:07:47Z,40.777428,-73.877304,30.9,a45b96,N380DA,B738,BOEING 737-800,0
takeoff,LGA,13,1786968495.68,2026-08-17T12:08:15Z,40.781456,-73.876755,120.9,a8a490,N656RW,E170,EMBRAER ERJ-170-100,0
takeoff,JFK,04L,1786968517.86,2026-08-17T12:08:37Z,40.625896,-73.782578,30.9,ad56e0,N959JB,A321,AIRBUS A-321,0
landing,JFK,04R,1786968553.47,2026-08-17T12:09:13Z,40.63464,-73.763153,30.9,a3534a,N313PQ,CRJ9,BOMBARDIER Regional Jet CRJ-900,0
landing,LGA,04,1786968562.29,2026-08-17T12:09:22Z,40.776374,-73.878188,33.8,add667,N991AN,B738,BOEING 737-800,0
takeoff,LGA,13,1786968610.19,2026-08-17T12:10:10Z,40.779808,-73.873291,120.9,ac769b,N902AA,A321,AIRBUS A-321,0
landing,JFK,04R,1786968668.45,2026-08-17T12:11:08Z,40.634541,-73.763253,30.9,a38af8,N3272J,BCS3,AIRBUS A220-300,0
landing,LGA,04,1786968701.67,2026-08-17T12:11:41Z,40.776676,-73.877922,30.9,ada699,N979RP,E170,EMBRAER ERJ-170-100,0
takeoff,LGA,13,1786968743.14,2026-08-17T12:12:23Z,40.779772,-73.873256,120.9,a44187,N37313,B38M,BOEING 737 MAX 8,0
takeoff,JFK,04L,1786968750.39,2026-08-17T12:12:30Z,40.625835,-73.782619,30.9,a0275c,N109NN,A321,AIRBUS A-321,0
landing,JFK,04R,1786968775.93,2026-08-17T12:12:55Z,40.634226,-73.763502,30.9,aafca8,N807JB,A320,AIRBUS A-320,0
landing,LGA,04,1786968806.96,2026-08-17T12:13:26Z,40.776237,-73.878311,30.9,a35e6f,N316PQ,CRJ9,BOMBARDIER Regional Jet CRJ-900,0
takeoff,JFK,04L,1786968814.09,2026-08-17T12:13:34Z,40.626801,-73.78187,32.5,4bb18b,TC-LLK,B789,BOEING 787-9 Dreamliner,0
takeoff,LGA,13,1786968844.03,2026-08-17T12:14:04Z,40.779659,-73.872986,120.9,ac8577,N906AA,A321,AIRBUS A-321,0
landing,JFK,04R,1786968887.56,2026-08-17T12:14:47Z,40.636288,-73.761856,30.9,a8c028,N663JB,A320,AIRBUS A-320,0
takeoff,LGA,13,1786968893.37,2026-08-17T12:14:53Z,40.779947,-73.873615,120.9,a385ee,N326PQ,CRJ9,BOMBARDIER Regional Jet CRJ-900,0
landing,LGA,04,1786968935.02,2026-08-17T12:15:35Z,40.778317,-73.87658,33.8,ac1951,N879RW,E170,EMBRAER ERJ-170-100,0
takeoff,JFK,04L,1786968949.63,2026-08-17T12:15:49Z,40.626313,-73.782229,30.9,adf194,N998NN,B738,BOEING 737-800,0
takeoff,LGA,13,1786968966.99,2026-08-17T12:16:06Z,40.779679,-73.873053,120.9,a03f1e,N115DN,A321,AIRBUS A-321,0
takeoff,JFK,04L,1786969003.54,2026-08-17T12:16:43Z,40.625987,-73.782494,30.9,ad6f93,N965JT,A321,AIRBUS A-321,0
takeoff,LGA,13,1786969014.29,2026-08-17T12:16:54Z,40.779385,-73.872421,120.9,a34ae6,N311DU,BCS3,AIRBUS A220-300,0
landing,LGA,04,1786969046.56,2026-08-17T12:17:26Z,40.777956,-73.876892,33.8,abe2f6,N865RW,E170,EMBRAER ERJ-170-100,0
landing,JFK,04R,1786969073.8,2026-08-17T12:17:53Z,40.637985,-73.760865,16.9,a1ff90,N228JQ,E75L,EMBRAER ERJ-170-200 (long wing),0
landing,LGA,04,1786969124.0,2026-08-17T12:18:44Z,40.777908,-73.876923,33.8,a04dfa,N119DN,A321,AIRBUS A-321,0
takeoff,JFK,04L,1786969130.51,2026-08-17T12:18:50Z,40.625987,-73.78251,30.9,adc5ff,N987JT,A321,AIRBUS A-321,0
takeoff,LGA,13,1786969153.02,2026-08-17T12:19:13Z,40.781513,-73.876877,120.9,a05827,N121HQ,E75L,EMBRAER ERJ-170-200 (long wing),0
landing,JFK,04R,1786969194.74,2026-08-17T12:19:54Z,40.635751,-73.762285,30.9,a05f37,N123DW,A321,AIRBUS A-321,0
takeoff,JFK,04L,1786969201.44,2026-08-17T12:20:01Z,40.625626,-73.782775,30.9,a1a0a1,N2038J,A21N,AIRBUS A-321neo,0
landing,LGA,04,1786969247.37,2026-08-17T12:20:47Z,40.778435,-73.87648,33.8,a54cd9,N440YX,E75L,EMBRAER ERJ-170-200 (long wing),0
takeoff,JFK,04L,1786969275.32,2026-08-17T12:21:15Z,40.626406,-73.782182,30.9,a033ae,N112AN,A321,AIRBUS A-321,0
takeoff,LGA,13,1786969294.89,2026-08-17T12:21:34Z,40.779423,-73.872507,115.3,a34215,N309PQ,CRJ9,BOMBARDIER Regional Jet CRJ-900,0
takeoff,JFK,04L,1786969345.18,2026-08-17T12:22:25Z,40.626464,-73.782135,30.9,a35eb0,N316SE,B38M,BOEING 737 MAX 8,0
landing,JFK,04R,1786969352.87,2026-08-17T12:22:32Z,40.632877,-73.764526,30.9,789202,B-LRU,A359,AIRBUS A-350-900,0
landing,LGA,04,1786969370.56,2026-08-17T12:22:50Z,40.778412,-73.876526,30.9,abc2e5,N857RW,E170,EMBRAER ERJ-170-100,0
takeoff,LGA,13,1786969393.09,2026-08-17T12:23:13Z,40.781529,-73.876908,120.9,a1f822,N226JQ,E75L,EMBRAER ERJ-170-200 (long wing),0
takeoff,JFK,04L,1786969456.57,2026-08-17T12:24:16Z,40.626138,-73.782385,30.9,a3489f,N310UM,B38M,,0
landing,LGA,04,1786969463.27,2026-08-17T12:24:23Z,40.776269,-73.878297,30.9,a15b4c,N187GJ,CRJ9,BOMBARDIER Regional Jet CRJ-900,0
takeoff,LGA,13,1786969505.15,2026-08-17T12:25:05Z,40.781681,-73.877236,120.9,a1ba59,N210JQ,E75L,EMBRAER ERJ-170-200 (long wing),0
takeoff,JFK,04L,1786969518.35,2026-08-17T12:25:18Z,40.626487,-73.782104,30.9,a44e1c,N377DE,B738,BOEING 737-800,0
landing,JFK,04R,1786969534.87,2026-08-17T12:25:34Z,40.636551,-73.761673,25.3,a7c849,N600LR,CRJ9,BOMBARDIER Regional Jet CRJ-900,0
landing,LGA,04,1786969604.85,2026-08-17T12:26:44Z,40.778352,-73.876549,30.9,a1c935,N214JQ,E75L,EMBRAER ERJ-170-200 (long wing),0
landing,JFK,04R,1786969640.68,2026-08-17T12:27:20Z,40.634634,-73.763175,30.9,a36799,N3185J,BCS3,AIRBUS A220-300,0
takeoff,LGA,13,1786969642.96,2026-08-17T12:27:22Z,40.779423,-73.872507,120.9,a34bdc,N311PQ,CRJ9,BOMBARDIER Regional Jet CRJ-900,0
takeoff,JFK,04L,1786969650.54,2026-08-17T12:27:30Z,40.62608,-73.782432,30.9,adb723,N983JT,A321,AIRBUS A-321,0
landing,LGA,04,1786969707.16,2026-08-17T12:28:27Z,40.778515,-73.87645,28.1,ac1f61,N880RW,E170,EMBRAER ERJ-170-100,0
takeoff,JFK,04L,1786969710.13,2026-08-17T12:28:30Z,40.625851,-73.782608,30.9,a65086,N506DA,A21N,AIRBUS A-321neo,0
landing,JFK,04R,1786969749.61,2026-08-17T12:29:09Z,40.634583,-73.763229,33.8,acb2c2,N917XJ,CRJ9,BOMBARDIER Regional Jet CRJ-900,0
takeoff,LGA,13,1786969763.65,2026-08-17T12:29:23Z,40.779528,-73.872726,118.1,a7cfb7,N602LR,CRJ9,BOMBARDIER Regional Jet CRJ-900,0
takeoff,JFK,04L,1786969783.21,2026-08-17T12:29:43Z,40.626359,-73.782213,30.9,4005bd,G-VIIE,B772,BOEING 777-200,0
landing,JFK,04R,1786969836.42,2026-08-17T12:30:36Z,40.635956,-73.762131,30.9,8990ef,B-18777,B77L,BOEING 777-200LR,0
landing,LGA,04,1786969845.4,2026-08-17T12:30:45Z,40.778515,-73.876404,30.9,a50549,N422YX,E75L,EMBRAER ERJ-170-200 (long wing),0
takeoff,JFK,04L,1786969870.99,2026-08-17T12:31:10Z,40.625917,-73.782541,30.9,a01880,N105NN,A321,AIRBUS A-321,0
takeoff,LGA,13,1786969876.93,2026-08-17T12:31:16Z,40.781548,-73.876968,120.9,a06aba,N126HQ,E75L,EMBRAER ERJ-170-200 (long wing),0
takeoff,JFK,04L,1786969941.64,2026-08-17T12:32:21Z,40.627178,-73.78157,30.9,a37fd3,N3242J,BCS3,,0
takeoff,LGA,13,1786969964.54,2026-08-17T12:32:44Z,40.78149,-73.876831,120.9,abdf3f,N864RW,E170,EMBRAER ERJ-170-100,0
landing,JFK,04R,1786969989.91,2026-08-17T12:33:09Z,40.634494,-73.763268,30.9,a776b2,N580JB,A320,AIRBUS A-320,0
takeoff,JFK,04L,1786969995.33,2026-08-17T12:33:15Z,40.626469,-73.782135,30.9,abd3c7,N861NN,B738,BOEING 737-800,0
landing,LGA,04,1786970023.97,2026-08-17T12:33:43Z,40.781681,-73.873803,33.8,a0835d,N132HQ,E75L,EMBRAER ERJ-170-200 (long wing),0
takeoff,JFK,04L,1786970040.82,2026-08-17T12:34:00Z,40.623217,-73.784663,30.9,a5255a,N430YX,E75L,EMBRAER ERJ-170-200 (long wing),0
takeoff,LGA,13,1786970064.31,2026-08-17T12:34:24Z,40.779968,-73.873642,120.9,adb29f,N982AN,B738,BOEING 737-800,0
landing,JFK,04R,1786970081.35,2026-08-17T12:34:41Z,40.635972,-73.762113,30.9,a12fda,N176DZ,B763,BOEING 767-300,0
landing,JFK,04L,1786970116.82,2026-08-17T12:35:16Z,40.632763,-73.777222,30.9,a689b8,N520JB,A320,AIRBUS A-320,0
landing,LGA,04,1786970162.82,2026-08-17T12:36:02Z,40.775943,-73.878547,30.9,a5ca89,N472WN,B737,BOEING 737-700,0
landing,JFK,04R,1786970185.46,2026-08-17T12:36:25Z,40.635212,-73.762711,30.9,adf128,N998JE,A321,AIRBUS A-321,0
takeoff,LGA,13,1786970209.4,2026-08-17T12:36:49Z,40.7799,-73.873506,120.9,ac4a44,N891NN,B738,BOEING 737-800,0
landing,JFK,04L,1786970232.36,2026-08-17T12:37:12Z,40.631195,-73.778458,30.9,a61173,N490PX,CRJ9,BOMBARDIER Regional Jet CRJ-900,0
landing,LGA,04,1786970245.61,2026-08-17T12:37:25Z,40.777863,-73.876955,30.9,add15f,N99MB,CL60,BOMBARDIER CL-600 Challenger,8
landing,JFK,04R,1786970269.45,2026-08-17T12:37:49Z,40.635239,-73.762706,29.6,02013f,CN-RGY,B789,BOEING 787-9 Dreamliner,0
takeoff,LGA,13,1786970285.36,2026-08-17T12:38:05Z,40.781506,-73.876861,120.9,abd41a,N861RW,E170,EMBRAER ERJ-170-100,0
landing,JFK,04L,1786970327.22,2026-08-17T12:38:47Z,40.632339,-73.777573,30.9,acb679,N918XJ,CRJ9,BOMBARDIER Regional Jet CRJ-900,0
landing,LGA,04,1786970351.47,2026-08-17T12:39:11Z,40.7767,-73.877922,33.8,acfa52,N935XJ,CRJ9,BOMBARDIER Regional Jet CRJ-900,0
landing,JFK,04R,1786970383.82,2026-08-17T12:39:43Z,40.636601,-73.761598,30.9,8964e2,A6-EVK,A388,AIRBUS A-380-800,0
takeoff,JFK,04R,1786970383.82,2026-08-17T12:39:43Z,40.636601,-73.761598,30.9,8964e2,A6-EVK,A388,AIRBUS A-380-800,0
landing,JFK,04R,1786970383.98,2026-08-17T12:39:43Z,40.636635,-73.761567,30.9,8964e2,A6-EVK,A388,AIRBUS A-380-800,0
takeoff,JFK,04L,1786970396.93,2026-08-17T12:39:56Z,40.626184,-73.782354,30.9,a403b3,N358NB,A319,AIRBUS A-319,0
landing,LGA,04,1786970477.79,2026-08-17T12:41:17Z,40.77464,-73.879623,30.9,a3b79c,N339DU,,,0
landing,JFK,04L,1786970493.97,2026-08-17T12:41:33Z,40.634811,-73.775635,30.9,a04aa9,N118HQ,E75L,EMBRAER ERJ-170-200 (long wing),0
takeoff,JFK,04L,1786970543.83,2026-08-17T12:42:23Z,40.625766,-73.782666,30.9,a414e8,N362NB,A319,AIRBUS A-319,0
landing,LGA,04,1786970598.4,2026-08-17T12:43:18Z,40.776083,-73.878422,33.8,a21142,N232PQ,CRJ9,BOMBARDIER Regional Jet CRJ-900,0
landing,JFK,04R,1786970601.72,2026-08-17T12:43:21Z,40.634075,-73.763596,30.9,a37842,N3221J,BCS3,,0
takeoff,JFK,04L,1786970603.16,2026-08-17T12:43:23Z,40.62594,-73.782541,30.9,a988f0,N713TW,B752,BOEING 757-200,0
takeoff,LGA,13,1786970642.54,2026-08-17T12:44:02Z,40.779714,-73.873116,120.9,a7cc00,N601LR,CRJ9,BOMBARDIER Regional Jet CRJ-900,0
takeoff,JFK,04L,1786970660.57,2026-08-17T12:44:20Z,40.626526,-73.782104,30.9,ab03a4,N809DN,B739,BOEING 737-900,0
landing,LGA,04,1786970698.4,2026-08-17T12:44:58Z,40.77535,-73.879046,33.8,a83876,N629JB,A320,AIRBUS A-320,0
landing,JFK,04R,1786970701.09,2026-08-17T12:45:01Z,40.635887,-73.762192,30.9,a1b449,N209JQ,E75L,EMBRAER ERJ-170-200 (long wing),0
takeoff,LGA,13,1786970746.2,2026-08-17T12:45:46Z,40.779705,-73.873108,118.1,a18380,N197PQ,CRJ9,BOMBARDIER Regional Jet CRJ-900,0
landing,JFK,04R,1786970772.33,2026-08-17T12:46:12Z,40.633959,-73.763705,30.9,a05671,N12028,A319,AIRBUS A-319,0
landing,LGA,04,1786970813.14,2026-08-17T12:46:53Z,40.778748,-73.876221,33.8,a4eca6,N416YX,E75L,EMBRAER ERJ-170-200 (long wing),0
landing,JFK,04R,1786970848.36,2026-08-17T12:47:28Z,40.634645,-73.763159,30.9,ade609,N995JL,A321,AIRBUS A-321,0
takeoff,JFK,04L,1786970848.52,2026-08-17T12:47:28Z,40.625859,-73.782604,30.9,a9b06f,N723TW,B752,BOEING 757-200,0
takeoff,LGA,13,1786970851.21,2026-08-17T12:47:31Z,40.779749,-73.873178,120.9,a15795,N186GJ,CRJ9,BOMBARDIER Regional Jet CRJ-900,0
takeoff,JFK,04R,1786970881.34,2026-08-17T12:48:01Z,40.639915,-73.760712,345.9,ade609,N995JL,A321,AIRBUS A-321,0
landing,LGA,04,1786970901.11,2026-08-17T12:48:21Z,40.776123,-73.878387,33.8,adcdcc,N989NN,B738,BOEING 737-800,0
takeoff,JFK,04L,1786970904.07,2026-08-17T12:48:24Z,40.625777,-73.782666,30.9,a69463,N523DE,A21N,,0
landing,JFK,04L,1786970905.32,2026-08-17T12:48:25Z,40.626173,-73.782354,30.9,a69463,N523DE,A21N,,0
takeoff,JFK,04L,1786970905.32,2026-08-17T12:48:25Z,40.626173,-73.782354,30.9,a69463,N523DE,A21N,,0
takeoff,LGA,13,1786970933.51,2026-08-17T12:48:53Z,40.781506,-73.876877,120.9,a8a0d9,N655RW,E170,EMBRAER ERJ-170-100,0
landing,JFK,04R,1786970939.1,2026-08-17T12:48:59Z,40.634215,-73.763502,30.9,a19cc7,N2027J,A21N,AIRBUS A-321neo,0
takeoff,JFK,04L,1786970963.56,2026-08-17T12:49:23Z,40.62608,-73.78244,30.9,a0f44c,N1602,B763,BOEING 767-300,0
takeoff,LGA,13,1786971013.23,2026-08-17T12:50:13Z,40.77933,-73.872336,115.3,a145b7,N181PQ,CRJ9,BOMBARDIER Regional Jet CRJ-900,0
takeoff,JFK,04L,1786971073.97,2026-08-17T12:51:13Z,40.624951,-73.783321,30.9,a68e7c,N521UW,A321,AIRBUS A-321,0
landing,LGA,04,1786971097.31,2026-08-17T12:51:37Z,40.775885,-73.878625,30.9,a46462,N382TA,C208,CESSNA 208 Caravan,8
takeoff,LGA,13,1786971131.71,2026-08-17T12:52:11Z,40.781483,-73.876814,120.9,a1a1b6,N204JQ,E75L,EMBRAER ERJ-170-200 (long wing),0
takeoff,JFK,04L,1786971140.54,2026-08-17T12:52:20Z,40.625919,-73.782562,30.9,0d112d,XA-GOS,B38M,BOEING 737 MAX 8,0
landing,LGA,04,1786971183.03,2026-08-17T12:53:03Z,40.775951,-73.87854,33.8,a32fa7,N304RB,B38M,BOEING 737 MAX 8,0
takeoff,JFK,04L,1786971191.36,2026-08-17T12:53:11Z,40.623081,-73.784775,30.9,a4da13,N411YX,E75L,EMBRAER ERJ-170-200 (long wing),0
landing,JFK,04R,1786971215.77,2026-08-17T12:53:35Z,40.638519,-73.760117,30.9,e8040c,CC-CXJ,B763,BOEING 767-300,0
takeoff,LGA,13,1786971224.85,2026-08-17T12:53:44Z,40.781576,-73.877002,120.9,a08e82,N135HQ,E75L,EMBRAER ERJ-170-200 (long wing),0
landing,LGA,04,1786971277.49,2026-08-17T12:54:37Z,40.777325,-73.877411,33.8,a3b124,N337PQ,CRJ9,BOMBARDIER Regional Jet CRJ-900,0
takeoff,JFK,04L,1786971281.11,2026-08-17T12:54:41Z,40.626615,-73.782011,30.9,ab52a2,N829DN,B739,BOEING 737-900,0
takeoff,LGA,13,1786971313.04,2026-08-17T12:55:13Z,40.779854,-73.873428,120.9,ad01c0,N937XJ,CRJ9,BOMBARDIER Regional Jet CRJ-900,0
landing,JFK,04R,1786971325.14,2026-08-17T12:55:25Z,40.637974,-73.760553,30.9,06a2b3,A7-BEO,B77W,BOEING 777-300ER,0
landing,LGA,04,1786971370.95,2026-08-17T12:56:10Z,40.776146,-73.878342,36.6,c06193,C-GKYS,E295,EMBRAER ERJ-190-400,0
takeoff,JFK,04L,1786971401.91,2026-08-17T12:56:41Z,40.625507,-73.782898,30.9,a6709b,N514DE,A21N,AIRBUS A-321neo,0
takeoff,LGA,13,1786971411.89,2026-08-17T12:56:51Z,40.78046,-73.87468,115.3,a1584a,N186PQ,CRJ9,BOMBARDIER Regional Jet CRJ-900,0
takeoff,JFK,04L,1786971450.56,2026-08-17T12:57:30Z,40.623138,-73.784729,30.9,a03816,N113HQ,E75L,EMBRAER ERJ-170-200 (long wing),0
landing,JFK,04R,1786971466.12,2026-08-17T12:57:46Z,40.634686,-73.763138,30.9,a3845c,N3258J,BCS3,,0
landing,LGA,04,1786971494.84,2026-08-17T12:58:14Z,40.77705,-73.877609,33.8,a55f6c,N445YX,E75L,EMBRAER ERJ-170-200 (long wing),0
takeoff,JFK,04L,1786971518.28,2026-08-17T12:58:38Z,40.625942,-73.782547,30.9,a67805,N516DA,A21N,AIRBUS A-321neo,0
takeoff,LGA,13,1786971521.91,2026-08-17T12:58:41Z,40.781529,-73.876924,120.9,a210c5,N232JQ,E75L,EMBRAER ERJ-170-200 (long wing),0
landing,JFK,04R,1786971543.56,2026-08-17T12:59:03Z,40.635189,-73.762726,30.9,a9b62c,N725AN,B77W,BOEING 777-300ER,0
landing,LGA,04,1786971581.59,2026-08-17T12:59:41Z,40.778641,-73.876312,33.8,a22ac6,N239JQ,E75L,EMBRAER ERJ-170-200 (long wing),0
takeoff,JFK,04L,1786971585.56,2026-08-17T12:59:45Z,40.626869,-73.781815,30.9,a392f2,N3296J,BCS3,AIRBUS A220-300,0
takeoff,LGA,13,1786971615.74,2026-08-17T13:00:15Z,40.780323,-73.874405,120.9,ac4c8a,N8918Q,B38M,BOEING 737 MAX 8,0
takeoff,JFK,04L,1786971643.45,2026-08-17T13:00:43Z,40.626569,-73.782073,29.6,407371,G-VNYL,B789,BOEING 787-9 Dreamliner,0
landing,JFK,04L,1786971644.33,2026-08-17T13:00:44Z,40.626732,-73.781937,29.6,407371,G-VNYL,B789,BOEING 787-9 Dreamliner,0
takeoff,JFK,04L,1786971644.43,2026-08-17T13:00:44Z,40.626918,-73.781808,29.6,407371,G-VNYL,B789,BOEING 787-9 Dreamliner,0
landing,LGA,04,1786971663.12,2026-08-17T13:01:03Z,40.776851,-73.877782,30.9,c0850c,C-GYJZ,DH8D,DE HAVILLAND DHC-8-400 Dash 8,0
takeoff,LGA,13,1786971700.97,2026-08-17T13:01:40Z,40.779705,-73.873093,120.9,c062b8,C-GLJZ,CRJ9,BOMBARDIER Regional Jet CRJ-900,0
landing,JFK,04R,1786971724.55,2026-08-17T13:02:04Z,40.639266,-73.759554,30.9,a1a56d,N205JQ,E75L,EMBRAER ERJ-170-200 (long wing),0
landing,LGA,04,1786971761.52,2026-08-17T13:02:41Z,40.776936,-73.877731,33.8,a32814,N302PQ,CRJ9,BOMBARDIER Regional Jet CRJ-900,0
takeoff,LGA,13,1786971806.07,2026-08-17T13:03:26Z,40.779797,-73.873276,120.9,a336e3,N306PB,B738,BOEING 737-800,0
takeoff,JFK,04L,1786971810.95,2026-08-17T13:03:30Z,40.625242,-73.783087,30.9,a74f33,N570JB,A320,AIRBUS A-320,0
landing,LGA,04,1786971839.88,2026-08-17T13:03:59Z,40.776592,-73.878006,33.8,aa7e79,N77535,B738,BOEING 737-800,0
takeoff,LGA,13,1786971870.46,2026-08-17T13:04:30Z,40.781611,-73.877095,120.9,a4c527,N406YX,E75L,EMBRAER ERJ-170-200 (long wing),0
takeoff,JFK,04L,1786971877.66,2026-08-17T13:04:37Z,40.625405,-73.782947,30.9,a7b40e,N596DT,,,0
takeoff,JFK,04L,1786971945.13,2026-08-17T13:05:45Z,40.625998,-73.782494,30.9,a44cda,N3763D,B738,BOEING 737-800,0
landing,JFK,04L,1786971947.57,2026-08-17T13:05:47Z,40.626961,-73.781738,30.9,a44cda,N3763D,B738,BOEING 737-800,0
takeoff,JFK,04L,1786971947.57,2026-08-17T13:05:47Z,40.626961,-73.781738,30.9,a44cda,N3763D,B738,BOEING 737-800,0
landing,LGA,04,1786971948.44,2026-08-17T13:05:48Z,40.776839,-73.877798,33.8,acda41,N927XJ,CRJ9,BOMBARDIER Regional Jet CRJ-900,0
takeoff,LGA,13,1786971995.04,2026-08-17T13:06:35Z,40.78047,-73.874848,120.9,c010e4,C-FGKH,A320,AIRBUS A-320,0
takeoff,JFK,04L,1786971996.01,2026-08-17T13:06:36Z,40.626102,-73.78241,30.9,a6bfa6,N534DT,A21N,AIRBUS A-321neo,0
landing,JFK,04R,1786972000.67,2026-08-17T13:06:40Z,40.635344,-73.762597,30.9,a9acb8,N722TW,B752,BOEING 757-200,0
landing,LGA,04,1786972045.73,2026-08-17T13:07:25Z,40.777456,-73.877267,33.8,a1a924,N206JQ,E75L,EMBRAER ERJ-170-200 (long wing),0
takeoff,JFK,04L,1786972057.57,2026-08-17T13:07:37Z,40.626638,-73.781995,28.1,a5e3e4,N479PX,CRJ9,BOMBARDIER Regional Jet CRJ-900,0
landing,JFK,04R,1786972074.87,2026-08-17T13:07:54Z,40.634308,-73.763424,30.9,a66576,N511DE,A21N,AIRBUS A-321neo,0
takeoff,LGA,13,1786972079.84,2026-08-17T13:07:59Z,40.780392,-73.874527,120.9,a20e38,N231WN,B737,BOEING 737-700,0
landing,LGA,04,1786972123.84,2026-08-17T13:08:43Z,40.777451,-73.877304,30.9,a46a7e,N384DN,A321,AIRBUS A-321,0
takeoff,LGA,13,1786972170.03,2026-08-17T13:09:30Z,40.780249,-73.874239,122.5,a418e0,N363QS,E55P,EMBRAER EMB-505 Phenom 300,0
landing,JFK,04R,1786972170.28,2026-08-17T13:09:30Z,40.635281,-73.762695,30.9,adc238,N986JB,A321,AIRBUS A-321,0
takeoff,JFK,04L,1786972193.25,2026-08-17T13:09:53Z,40.625942,-73.782547,30.9,a1ce99,N2151J,A21N,AIRBUS A-321neo,0
takeoff,JFK,04L,1786972245.39,2026-08-17T13:10:45Z,40.625874,-73.782593,30.9,a7a532,N592DT,A21N,AIRBUS A-321neo,0
landing,LGA,04,1786972246.81,2026-08-17T13:10:46Z,40.777968,-73.876861,30.9,abd7d1,N862RW,E170,EMBRAER ERJ-170-100,0
takeoff,LGA,13,1786972268.47,2026-08-17T13:11:08Z,40.781657,-73.877189,120.9,a4e8ef,N415YX,E75L,EMBRAER ERJ-170-200 (long wing),0
landing,JFK,04R,1786972288.14,2026-08-17T13:11:28Z,40.63361,-73.763955,30.9,71c381,HL8381,A359,AIRBUS A-350-900,0
takeoff,JFK,04L,1786972317.01,2026-08-17T13:11:57Z,40.627029,-73.781693,30.9,a38ad5,N3271J,BCS3,,0
landing,LGA,04,1786972323.69,2026-08-17T13:12:03Z,40.777199,-73.877502,33.8,ac4fd8,N8925Q,B38M,BOEING 737 MAX 8,0
takeoff,LGA,13,1786972356.29,2026-08-17T13:12:36Z,40.781502,-73.876862,120.9,a1e946,N222JQ,E75L,EMBRAER ERJ-170-200 (long wing),0
takeoff,JFK,04L,1786972376.09,2026-08-17T13:12:56Z,40.627075,-73.781662,30.9,a4dfa6,N413DX,A339,AIRBUS A-330-900,0
landing,JFK,04R,1786972400.39,2026-08-17T13:13:20Z,40.636288,-73.761871,30.9,71c226,HL8226,B77L,BOEING 777-200LR,0
landing,LGA,04,1786972423.57,2026-08-17T13:13:43Z,40.776595,-73.878,30.9,accb65,N923XJ,CRJ9,BOMBARDIER Regional Jet CRJ-900,0
takeoff,LGA,13,1786972458.11,2026-08-17T13:14:18Z,40.780106,-73.873932,120.9,a92ea0,N691CA,CRJ9,BOMBARDIER Regional Jet CRJ-900,0
takeoff,JFK,04L,1786972523.9,2026-08-17T13:15:23Z,40.626881,-73.781799,30.9,ab766a,N838DN,B739,BOEING 737-900,0
landing,LGA,04,1786972527.89,2026-08-17T13:15:27Z,40.776524,-73.878067,28.1,a14c70,N183GJ,CRJ9,BOMBARDIER Regional Jet CRJ-900,0
takeoff,LGA,13,1786972570.1,2026-08-17T13:16:10Z,40.779751,-73.873184,120.9,a36994,N319PQ,CRJ9,BOMBARDIER Regional Jet CRJ-900,0
landing,JFK,04R,1786972573.6,2026-08-17T13:16:13Z,40.634411,-73.763336,30.9,a825e3,N624JB,A320,AIRBUS A-320,0
takeoff,JFK,04L,1786972582.09,2026-08-17T13:16:22Z,40.626114,-73.78241,30.9,a1a435,N2047J,A21N,AIRBUS A-321neo,0
landing,LGA,04,1786972628.21,2026-08-17T13:17:08Z,40.77895,-73.876038,30.9,ab40ce,N824MD,E170,EMBRAER ERJ-170-100,0
takeoff,JFK,04L,1786972645.77,2026-08-17T13:17:25Z,40.625905,-73.782572,30.9,ab0361,N809AW,A319,AIRBUS A-319,0
takeoff,LGA,13,1786972659.75,2026-08-17T13:17:39Z,40.779671,-73.873047,118.1,a31486,N298PQ,CRJ9,BOMBARDIER Regional Jet CRJ-900,0
landing,LGA,04,1786972700.53,2026-08-17T13:18:20Z,40.776089,-73.878403,30.9,a68e7c,N521UW,A321,AIRBUS A-321,0
takeoff,JFK,04L,1786972712.34,2026-08-17T13:18:32Z,40.626343,-73.782227,30.9,a98f6a,N715JB,A320,AIRBUS A-320,0
takeoff,LGA,13,1786972737.83,2026-08-17T13:18:57Z,40.781525,-73.876923,120.9,a8996b,N653RW,E170,EMBRAER ERJ-170-100,0
takeoff,JFK,04L,1786972757.61,2026-08-17T13:19:17Z,40.623184,-73.784683,30.9,a21833,N234JQ,E75L,EMBRAER ERJ-170-200 (long wing),0
landing,LGA,04,1786972809.67,2026-08-17T13:20:09Z,40.778183,-73.876694,33.8,abd063,N860RW,E170,EMBRAER ERJ-170-100,0
takeoff,LGA,13,1786972840.32,2026-08-17T13:20:40Z,40.779853,-73.873412,120.9,a44308,N374DX,A321,AIRBUS A-321,0
landing,LGA,04,1786972887.31,2026-08-17T13:21:27Z,40.777554,-73.877197,30.9,aa0ca5,N747BA,GA7C,GULFSTREAM G700,0
takeoff,LGA,13,1786972930.88,2026-08-17T13:22:10Z,40.779533,-73.872742,120.9,a3962d,N330DU,BCS3,,0
landing,LGA,04,1786972966.46,2026-08-17T13:22:46Z,40.777393,-73.87735,33.8,a44d85,N3768,B738,BOEING 737-800,0
takeoff,JFK,04L,1786972979.82,2026-08-17T13:22:59Z,40.626941,-73.781745,28.1,a2af3e,N272PQ,CRJ9,BOMBARDIER Regional Jet CRJ-900,0
takeoff,LGA,13,1786973000.68,2026-08-17T13:23:20Z,40.780506,-73.874771,118.1,a36fa4,N320PQ,CRJ9,BOMBARDIER Regional Jet CRJ-900,0
takeoff,JFK,04L,1786973041.78,2026-08-17T13:24:01Z,40.625894,-73.782572,30.9,a79821,N589JB,A320,AIRBUS A-320,0
landing,JFK,04R,1786973065.07,2026-08-17T13:24:25Z,40.636414,-73.76178,30.9,a03f84,N115HQ,E75L,EMBRAER ERJ-170-200 (long wing),0
landing,LGA,04,1786973080.2,2026-08-17T13:24:40Z,40.773651,-73.880478,33.8,a35254,N313DU,BCS3,AIRBUS A220-300,0
takeoff,JFK,04L,1786973108.93,2026-08-17T13:25:08Z,40.626313,-73.78226,30.9,a4b6b6,N4022J,A21N,AIRBUS A-321neo,0
takeoff,LGA,13,1786973120.68,2026-08-17T13:25:20Z,40.780369,-73.874496,115.3,c07534,C-GSJZ,DH8D,DE HAVILLAND DHC-8-400 Dash 8,0
landing,LGA,04,1786973166.57,2026-08-17T13:26:06Z,40.776304,-73.878266,30.9,c01a52,C-FJZD,CRJ9,BOMBARDIER Regional Jet CRJ-900,0
takeoff,JFK,04L,1786973177.19,2026-08-17T13:26:17Z,40.627756,-73.781137,30.9,a3711a,N3203J,BCS3,AIRBUS A220-300,0
takeoff,LGA,13,1786973202.0,2026-08-17T13:26:42Z,40.781506,-73.876877,120.9,a54cd9,N440YX,E75L,EMBRAER ERJ-170-200 (long wing),0
landing,JFK,04R,1786973218.17,2026-08-17T13:26:58Z,40.634731,-73.763092,30.9,ab0416,N809JB,A320,AIRBUS A-320,0
takeoff,JFK,04L,1786973231.1,2026-08-17T13:27:11Z,40.626976,-73.78173,28.1,ab6162,N832SK,CRJ9,BOMBARDIER Regional Jet CRJ-900,0
landing,LGA,04,1786973265.56,2026-08-17T13:27:45Z,40.776793,-73.87786,33.8,ac8b43,N907XJ,CRJ9,BOMBARDIER Regional Jet CRJ-900,0
takeoff,JFK,04L,1786973288.71,2026-08-17T13:28:08Z,40.626068,-73.782432,30.9,a6152a,N491PX,CRJ9,BOMBARDIER Regional Jet CRJ-900,0
takeoff,LGA,13,1786973307.61,2026-08-17T13:28:27Z,40.781456,-73.876785,120.9,ab1d06,N815MD,E170,EMBRAER ERJ-170-100,0
landing,JFK,04R,1786973320.38,2026-08-17T13:28:40Z,40.633528,-73.764048,30.9,8015f7,VT-JRA,A359,AIRBUS A-350-900,0
takeoff,JFK,04L,1786973360.97,2026-08-17T13:29:20Z,40.626836,-73.781823,30.9,a14502,N181GJ,CRJ9,BOMBARDIER Regional Jet CRJ-900,0
landing,LGA,04,1786973392.29,2026-08-17T13:29:52Z,40.777153,-73.877518,33.8,a00ce0,N102HQ,E75L,EMBRAER ERJ-170-200 (long wing),0
takeoff,LGA,13,1786973419.38,2026-08-17T13:30:19Z,40.781506,-73.876861,120.9,a1c935,N214JQ,E75L,EMBRAER ERJ-170-200 (long wing),0
takeoff,JFK,04L,1786973425.73,2026-08-17T13:30:25Z,40.626606,-73.782028,30.9,adf4e9,N999JQ,A321,AIRBUS A-321,0
landing,JFK,04L,1786973426.77,2026-08-17T13:30:26Z,40.627011,-73.781714,30.9,adf4e9,N999JQ,A321,AIRBUS A-321,0
takeoff,JFK,04L,1786973426.77,2026-08-17T13:30:26Z,40.627011,-73.781714,30.9,adf4e9,N999JQ,A321,AIRBUS A-321,0
takeoff,LGA,22,1786973469.39,2026-08-17T13:31:09Z,40.776775,-73.875504,210.9,ac1951,N879RW,E170,EMBRAER ERJ-170-100,0
landing,LGA,04,1786973478.79,2026-08-17T13:31:18Z,40.777267,-73.877457,30.9,a008c5,N101DQ,A321,AIRBUS A-321,0
landing,JFK,04R,1786973520.96,2026-08-17T13:32:00Z,40.635544,-73.762466,30.9,a6d234,N539DN,A21N,,0
landing,LGA,22,1786973522.79,2026-08-17T13:32:02Z,40.776595,-73.87566,213.8,ac1951,N879RW,E170,EMBRAER ERJ-170-100,0
takeoff,LGA,13,1786973524.54,2026-08-17T13:32:04Z,40.779202,-73.87207,120.9,acfe09,N936XJ,CRJ9,BOMBARDIER Regional Jet CRJ-900,0
takeoff,JFK,04L,1786973533.08,2026-08-17T13:32:13Z,40.62715,-73.781589,30.9,780cb6,B-2485,B748,BOEING 747-8,0
landing,JFK,04R,1786973587.75,2026-08-17T13:33:07Z,40.634686,-73.763153,30.9,a883bd,N648JB,A320,AIRBUS A-320,0
landing,LGA,04,1786973611.47,2026-08-17T13:33:31Z,40.776558,-73.878052,33.8,a5fc87,N485PX,CRJ9,BOMBARDIER Regional Jet CRJ-900,0
takeoff,LGA,13,1786973641.79,2026-08-17T13:34:01Z,40.781879,-73.877625,120.9,a46462,N382TA,C208,CESSNA 208 Caravan,8
landing,JFK,04R,1786973667.35,2026-08-17T13:34:27Z,40.634983,-73.762909,30.9,a80d40,N618JB,A320,AIRBUS A-320,0
takeoff,JFK,04L,1786973728.18,2026-08-17T13:35:28Z,40.626423,-73.782166,28.1,ad60b7,N961JT,A321,AIRBUS A-321,0
landing,LGA,04,1786973747.47,2026-08-17T13:35:47Z,40.778446,-73.87648,30.9,a54312,N438YX,E75L,EMBRAER ERJ-170-200 (long wing),0
landing,JFK,04R,1786973753.04,2026-08-17T13:35:53Z,40.635297,-73.76266,30.9,89659b,A6-XWE,A35K,AIRBUS A-350-1000,0
takeoff,JFK,04R,1786973753.04,2026-08-17T13:35:53Z,40.635297,-73.76266,30.9,89659b,A6-XWE,A35K,AIRBUS A-350-1000,0
landing,JFK,04R,1786973753.36,2026-08-17T13:35:53Z,40.635418,-73.762558,30.9,89659b,A6-XWE,A35K,AIRBUS A-350-1000,0
takeoff,JFK,04L,1786973814.64,2026-08-17T13:36:54Z,40.626638,-73.781995,30.9,a70f11,N554JB,A320,AIRBUS A-320,0
landing,LGA,04,1786973849.54,2026-08-17T13:37:29Z,40.777223,-73.877501,30.9,a3a9eb,N335RT,B38M,BOEING 737 MAX 8,0
takeoff,LGA,13,1786973880.72,2026-08-17T13:38:00Z,40.781541,-73.876924,120.9,ab0a73,N810MD,E170,EMBRAER ERJ-170-100,0
takeoff,JFK,04L,1786973886.78,2026-08-17T13:38:06Z,40.625999,-73.782501,30.9,a7fdf2,N614DN,,,0
landing,JFK,04R,1786973913.16,2026-08-17T13:38:33Z,40.63377,-73.763855,30.9,a44988,N3756,B738,BOEING 737-800,0
takeoff,JFK,04L,1786973940.15,2026-08-17T13:39:00Z,40.62672,-73.781921,30.9,ad9712,N975JT,A321,AIRBUS A-321,0
landing,LGA,04,1786973985.29,2026-08-17T13:39:45Z,40.7784,-73.876511,33.8,a19dff,N203JQ,E75L,EMBRAER ERJ-170-200 (long wing),0
takeoff,JFK,04L,1786973996.37,2026-08-17T13:39:56Z,40.62679,-73.78187,30.9,a120fe,N172DZ,B763,BOEING 767-300,0
landing,JFK,04R,1786974007.37,2026-08-17T13:40:07Z,40.634571,-73.763199,28.1,a5f162,N482PX,CRJ9,BOMBARDIER Regional Jet CRJ-900,0
takeoff,LGA,13,1786974019.07,2026-08-17T13:40:19Z,40.779306,-73.872242,120.9,a35e6f,N316PQ,CRJ9,BOMBARDIER Regional Jet CRJ-900,0
takeoff,JFK,04L,1786974054.26,2026-08-17T13:40:54Z,40.626881,-73.781799,30.9,a12861,N174DN,B763,BOEING 767-300,0
landing,LGA,04,1786974081.54,2026-08-17T13:41:21Z,40.777235,-73.87747,33.8,a45f64,N381DZ,A321,AIRBUS A-321,0
landing,JFK,04R,1786974089.37,2026-08-17T13:41:29Z,40.636426,-73.761786,30.9,acfc56,N936DZ,B739,,0
takeoff,LGA,13,1786974109.32,2026-08-17T13:41:49Z,40.781553,-73.876955,120.9,abe2f6,N865RW,E170,EMBRAER ERJ-170-100,0
takeoff,LGA,13,1786974187.76,2026-08-17T13:43:07Z,40.779819,-73.873337,120.9,a45b96,N380DA,B738,BOEING 737-800,0
takeoff,JFK,04L,1786974202.22,2026-08-17T13:43:22Z,40.625896,-73.782562,30.9,ab4f5d,N828JB,A320,AIRBUS A-320,0
landing,LGA,04,1786974222.66,2026-08-17T13:43:42Z,40.777645,-73.877121,33.8,a0ddfb,N155NN,A321,AIRBUS A-321,0
takeoff,LGA,13,1786974254.66,2026-08-17T13:44:14Z,40.781459,-73.876783,120.9,ada699,N979RP,E170,EMBRAER ERJ-170-100,0
takeoff,JFK,04L,1786974266.23,2026-08-17T13:44:26Z,40.627441,-73.781372,30.9,a3355e,N3058J,BCS3,AIRBUS A220-300,0
takeoff,JFK,04L,1786974304.44,2026-08-17T13:45:04Z,40.623263,-73.784648,30.9,a4b294,N401YX,E75L,EMBRAER ERJ-170-200 (long wing),0
landing,LGA,04,1786974323.89,2026-08-17T13:45:23Z,40.777554,-73.877197,30.9,ab774b,N838NN,B738,BOEING 737-800,0
landing,JFK,04R,1786974361.49,2026-08-17T13:46:01Z,40.636473,-73.761739,30.9,aded77,N997JL,A321,AIRBUS A-321,0
takeoff,LGA,13,1786974367.27,2026-08-17T13:46:07Z,40.776839,-73.86987,165.9,a0ddfb,N155NN,A321,AIRBUS A-321,0
takeoff,JFK,04L,1786974415.61,2026-08-17T13:46:55Z,40.626184,-73.782354,25.3,a8f235,N676CA,CRJ9,BOMBARDIER Regional Jet CRJ-900,0
landing,LGA,04,1786974462.57,2026-08-17T13:47:42Z,40.7772,-73.877485,30.9,acf4e8,N934DZ,B739,,0
takeoff,JFK,04L,1786974476.77,2026-08-17T13:47:56Z,40.626324,-73.782245,30.9,acf0db,N933AN,B738,BOEING 737-800,0
takeoff,LGA,13,1786974501.05,2026-08-17T13:48:21Z,40.780312,-73.874359,120.9,add667,N991AN,B738,BOEING 737-800,0
landing,LGA,04,1786974563.8,2026-08-17T13:49:23Z,40.777084,-73.877594,30.9,abd2e6,N861DN,B739,BOEING 737-900,0
takeoff,LGA,13,1786974590.8,2026-08-17T13:49:50Z,40.781459,-73.876768,120.9,ac1951,N879RW,E170,EMBRAER ERJ-170-100,0
takeoff,JFK,04L,1786974592.15,2026-08-17T13:49:52Z,40.626377,-73.782196,30.9,a38d8f,N328RR,B38M,BOEING 737 MAX 8,0
landing,JFK,04R,1786974602.54,2026-08-17T13:50:02Z,40.635246,-73.762695,30.9,ad3cdf,N952JB,A321,AIRBUS A-321,0
takeoff,JFK,04L,1786974657.85,2026-08-17T13:50:57Z,40.626033,-73.782463,28.1,a3ad6d,N336PQ,CRJ9,BOMBARDIER Regional Jet CRJ-900,0
takeoff,JFK,04L,1786974713.58,2026-08-17T13:51:53Z,40.626366,-73.782211,30.9,a3534a,N313PQ,CRJ9,BOMBARDIER Regional Jet CRJ-900,0
takeoff,LGA,13,1786974715.87,2026-08-17T13:51:55Z,40.781548,-73.876953,120.9,a0835d,N132HQ,E75L,EMBRAER ERJ-170-200 (long wing),0
landing,JFK,04R,1786974760.36,2026-08-17T13:52:40Z,40.635132,-73.762756,30.9,ab72b3,N837DN,B739,BOEING 737-900,0
takeoff,JFK,04L,1786974772.02,2026-08-17T13:52:52Z,40.625975,-73.78251,28.1,a3b8f5,N339TP,B38M,BOEING 737 MAX 8,0
landing,LGA,04,1786974811.84,2026-08-17T13:53:31Z,40.777968,-73.876877,33.8,a08acb,N134HQ,E75L,EMBRAER ERJ-170-200 (long wing),0
takeoff,LGA,13,1786974841.26,2026-08-17T13:54:01Z,40.780563,-73.874895,120.9,a47d11,N389DN,A321,AIRBUS A-321,0
landing,JFK,04R,1786974884.44,2026-08-17T13:54:44Z,40.63456,-73.763245,30.9,adcd6d,N989JT,A321,AIRBUS A-321,0
landing,LGA,04,1786974888.74,2026-08-17T13:54:48Z,40.776489,-73.878098,30.9,a43e83,N37267,B738,BOEING 737-800,0
takeoff,LGA,13,1786974922.54,2026-08-17T13:55:22Z,40.781834,-73.877533,120.9,abc2e5,N857RW,E170,EMBRAER ERJ-170-100,0
takeoff,JFK,13R,1786974928.75,2026-08-17T13:55:28Z,40.644631,-73.808478,120.9,71be35,HL7635,A388,AIRBUS A-380-800,0
takeoff,LGA,13,1786975002.2,2026-08-17T13:56:42Z,40.779922,-73.87355,120.9,ad4fe1,N957NN,B738,BOEING 737-800,0
landing,LGA,04,1786975050.55,2026-08-17T13:57:30Z,40.777462,-73.877304,33.8,ad7bdf,N968WN,B737,BOEING 737-700,0
takeoff,LGA,13,1786975071.03,2026-08-17T13:57:51Z,40.781513,-73.876877,120.9,a4eca6,N416YX,E75L,EMBRAER ERJ-170-200 (long wing),0
landing,JFK,04L,1786975088.57,2026-08-17T13:58:08Z,40.644875,-73.772897,50.6,addadb,N992JB,A321,AIRBUS A-321,0
takeoff,LGA,13,1786975189.05,2026-08-17T13:59:49Z,40.779807,-73.873288,120.9,a15b4c,N187GJ,CRJ9,BOMBARDIER Regional Jet CRJ-900,0
takeoff,JFK,04L,1786975196.09,2026-08-17T13:59:56Z,40.625954,-73.782547,30.9,a1aaae,N2060J,A21N,AIRBUS A-321neo,0
landing,JFK,04R,1786975230.18,2026-08-17T14:00:30Z,40.636253,-73.761902,30.9,ad1fc8,N945AN,B738,BOEING 737-800,0
takeoff,LGA,13,1786975247.46,2026-08-17T14:00:47Z,40.781436,-73.876736,120.9,a50549,N422YX,E75L,EMBRAER ERJ-170-200 (long wing),0
takeoff,JFK,04L,1786975252.2,2026-08-17T14:00:52Z,40.626266,-73.782291,30.9,a1b2a8,N2084J,A21N,AIRBUS A-321neo,0
takeoff,JFK,04L,1786975308.16,2026-08-17T14:01:48Z,40.625894,-73.782604,30.9,a04641,N117AN,A321,AIRBUS A-321,0
landing,LGA,04,1786975345.06,2026-08-17T14:02:25Z,40.778271,-73.876627,33.8,a8847f,N648RW,E170,EMBRAER ERJ-170-100,0
landing,JFK,04R,1786975346.7,2026-08-17T14:02:26Z,40.63539,-73.762582,30.9,a7ac8f,N594DA,A21N,AIRBUS A-321neo,0
takeoff,LGA,13,1786975373.92,2026-08-17T14:02:53Z,40.7799,-73.873506,120.9,a5ca89,N472WN,B737,BOEING 737-700,0
takeoff,JFK,04L,1786975382.68,2026-08-17T14:03:02Z,40.62656,-73.782043,30.9,0c20ba,HP-1848CMP,B738,BOEING 737-800,0
takeoff,LGA,13,1786975439.77,2026-08-17T14:03:59Z,40.779762,-73.87323,120.9,a437ce,N371DA,B738,BOEING 737-800,0
landing,JFK,04R,1786975440.9,2026-08-17T14:04:00Z,40.634148,-73.763565,30.9,a8de7d,N6703D,B752,BOEING 757-200,0
takeoff,JFK,04L,1786975441.56,2026-08-17T14:04:01Z,40.626228,-73.782318,30.9,acf0d8,N933AK,B39M,,0
landing,LGA,04,1786975475.18,2026-08-17T14:04:35Z,40.776455,-73.878094,30.9,a8f9a3,N678CA,CRJ9,BOMBARDIER Regional Jet CRJ-900,0
takeoff,JFK,04L,1786975504.57,2026-08-17T14:05:04Z,40.626161,-73.782369,28.1,0d0e2c,XA-MFN,B38M,BOEING 737 MAX 8,0
landing,JFK,04L,1786975505.92,2026-08-17T14:05:05Z,40.626685,-73.781948,30.9,0d0e2c,XA-MFN,B38M,BOEING 737 MAX 8,0
takeoff,JFK,04L,1786975505.92,2026-08-17T14:05:05Z,40.626685,-73.781948,30.9,0d0e2c,XA-MFN,B38M,BOEING 737 MAX 8,0
takeoff,LGA,13,1786975517.94,2026-08-17T14:05:17Z,40.779469,-73.872617,115.3,a3b124,N337PQ,CRJ9,BOMBARDIER Regional Jet CRJ-900,0
landing,JFK,04R,1786975526.14,2026-08-17T14:05:26Z,40.634773,-73.763065,30.9,ad8836,N971JT,A321,AIRBUS A-321,0
takeoff,JFK,04L,1786975563.54,2026-08-17T14:06:03Z,40.626709,-73.781937,30.9,ac92b1,N909XJ,CRJ9,BOMBARDIER Regional Jet CRJ-900,0
landing,LGA,04,1786975583.37,2026-08-17T14:06:23Z,40.778108,-73.876768,33.8,a1e58f,N221JQ,E75L,EMBRAER ERJ-170-200 (long wing),0
takeoff,LGA,13,1786975599.69,2026-08-17T14:06:39Z,40.781611,-73.877064,120.9,ac1f61,N880RW,E170,EMBRAER ERJ-170-100,0
landing,JFK,04R,1786975642.81,2026-08-17T14:07:22Z,40.633773,-73.76383,30.9,acab54,N915XJ,CRJ9,BOMBARDIER Regional Jet CRJ-900,0
takeoff,JFK,04L,1786975672.02,2026-08-17T14:07:52Z,40.626115,-73.782401,30.9,a67883,N516JB,A320,AIRBUS A-320,0
takeoff,JFK,22R,1786975683.13,2026-08-17T14:08:03Z,40.630293,-73.781027,210.9,a1b449,N209JQ,E75L,EMBRAER ERJ-170-200 (long wing),0
landing,LGA,04,1786975685.7,2026-08-17T14:08:05Z,40.782063,-73.873474,33.8,a20957,N230JQ,E75L,EMBRAER ERJ-170-200 (long wing),0
landing,JFK,22R,1786975688.48,2026-08-17T14:08:08Z,40.630304,-73.781012,210.9,a1b449,N209JQ,E75L,EMBRAER ERJ-170-200 (long wing),0
takeoff,LGA,13,1786975690.56,2026-08-17T14:08:10Z,40.781471,-73.876783,120.9,a22ac6,N239JQ,E75L,EMBRAER ERJ-170-200 (long wing),0
takeoff,JFK,04L,1786975738.65,2026-08-17T14:08:58Z,40.626904,-73.781799,30.9,a34d52,N3113J,BCS3,AIRBUS A220-300,0
landing,LGA,04,1786975741.79,2026-08-17T14:09:01Z,40.776443,-73.878125,33.8,abc504,N8579Z,B738,BOEING 737-800,0
takeoff,LGA,13,1786975782.95,2026-08-17T14:09:42Z,40.779488,-73.87265,120.9,acda41,N927XJ,CRJ9,BOMBARDIER Regional Jet CRJ-900,0
landing,JFK,04R,1786975792.92,2026-08-17T14:09:52Z,40.636711,-73.761551,28.1,a1ecfd,N223JQ,E75L,EMBRAER ERJ-170-200 (long wing),0
takeoff,JFK,04L,1786975806.01,2026-08-17T14:10:06Z,40.627104,-73.78162,30.9,a9d286,N732AN,B77W,BOEING 777-300ER,0
landing,LGA,04,1786975854.94,2026-08-17T14:10:54Z,40.776958,-73.877701,28.1,a2000d,N228PQ,CRJ9,BOMBARDIER Regional Jet CRJ-900,0
takeoff,LGA,13,1786975892.8,2026-08-17T14:11:32Z,40.780715,-73.875207,120.9,a83876,N629JB,A320,AIRBUS A-320,0
takeoff,JFK,04L,1786975945.34,2026-08-17T14:12:25Z,40.625556,-73.782853,30.9,adc9b6,N988JT,A321,AIRBUS A-321,0
landing,LGA,04,1786975960.67,2026-08-17T14:12:40Z,40.778666,-73.876253,36.6,a1b092,N208JQ,E75L,EMBRAER ERJ-170-200 (long wing),0
landing,JFK,04R,1786975997.94,2026-08-17T14:13:17Z,40.63461,-73.76319,30.9,a1a458,N2048J,A21N,AIRBUS A-321neo,0
takeoff,JFK,04L,1786976008.88,2026-08-17T14:13:28Z,40.627116,-73.78162,30.9,a38af8,N3272J,BCS3,AIRBUS A220-300,0
takeoff,JFK,04L,1786976051.34,2026-08-17T14:14:11Z,40.623112,-73.784741,28.1,a1ff90,N228JQ,E75L,EMBRAER ERJ-170-200 (long wing),0
landing,LGA,04,1786976056.36,2026-08-17T14:14:16Z,40.778725,-73.876268,30.9,a52911,N431YX,E75L,EMBRAER ERJ-170-200 (long wing),0
landing,LGA,04,1786976141.29,2026-08-17T14:15:41Z,40.77594,-73.87854,33.8,a3dc5a,N348PQ,CRJ9,BOMBARDIER Regional Jet CRJ-900,0
landing,JFK,04R,1786976179.3,2026-08-17T14:16:19Z,40.634913,-73.762956,29.6,e80448,CC-BGF,B789,BOEING 787-9 Dreamliner,0
landing,LGA,04,1786976231.29,2026-08-17T14:17:11Z,40.776707,-73.877899,30.9,a39723,N330PQ,CRJ9,BOMBARDIER Regional Jet CRJ-900,0
takeoff,JFK,04L,1786976231.99,2026-08-17T14:17:11Z,40.626406,-73.782167,30.9,aaed0c,N803AK,B38M,,0
takeoff,JFK,04L,1786976305.61,2026-08-17T14:18:25Z,40.627197,-73.781558,30.9,acb2c2,N917XJ,CRJ9,BOMBARDIER Regional Jet CRJ-900,0
landing,LGA,04,1786976342.79,2026-08-17T14:19:02Z,40.776558,-73.878021,30.9,ad41cd,N953WN,B737,BOEING 737-700,0
takeoff,JFK,04L,1786976359.74,2026-08-17T14:19:19Z,40.62679,-73.78187,28.1,a7c849,N600LR,CRJ9,BOMBARDIER Regional Jet CRJ-900,0
landing,JFK,04R,1786976376.89,2026-08-17T14:19:36Z,40.634331,-73.763397,30.9,a85887,N637JB,A320,AIRBUS A-320,0
takeoff,LGA,13,1786976388.2,2026-08-17T14:19:48Z,40.780156,-73.874052,123.8,c0850c,C-GYJZ,DH8D,DE HAVILLAND DHC-8-400 Dash 8,0
takeoff,JFK,04L,1786976436.9,2026-08-17T14:20:36Z,40.627098,-73.781647,30.9,a479b2,N388HA,A332,AIRBUS A-330-200,0
landing,JFK,04R,1786976508.95,2026-08-17T14:21:48Z,40.634576,-73.763206,30.9,010283,SU-GGE,A359,AIRBUS A-350-900,0
landing,LGA,04,1786976511.78,2026-08-17T14:21:51Z,40.777561,-73.877127,42.2,a5307f,N433YX,E75L,EMBRAER ERJ-170-200 (long wing),0
takeoff,LGA,13,1786976539.25,2026-08-17T14:22:19Z,40.780179,-73.874099,120.9,a04dfa,N119DN,A321,AIRBUS A-321,0
landing,LGA,04,1786976597.04,2026-08-17T14:23:17Z,40.777462,-73.877304,33.8,a451db,N378DN,A321,AIRBUS A-321,0
takeoff,JFK,04L,1786976598.61,2026-08-17T14:23:18Z,40.626371,-73.782213,30.9,aafca8,N807JB,A320,AIRBUS A-320,0
takeoff,LGA,13,1786976631.53,2026-08-17T14:23:51Z,40.780517,-73.874786,120.9,adcdcc,N989NN,B738,BOEING 737-800,0
landing,JFK,04R,1786976650.01,2026-08-17T14:24:10Z,40.635395,-73.762589,30.9,a95ca4,N702GT,B77L,BOEING 777-200LR,0
takeoff,JFK,04L,1786976658.42,2026-08-17T14:24:18Z,40.626813,-73.781854,33.8,a61173,N490PX,CRJ9,BOMBARDIER Regional Jet CRJ-900,0
landing,LGA,04,1786976734.94,2026-08-17T14:25:34Z,40.773406,-73.880669,30.9,ac8a9c,N907QS,C68A,CESSNA 680 Citation Latitude,0
takeoff,LGA,13,1786976779.72,2026-08-17T14:26:19Z,40.779434,-73.872507,120.9,a21142,N232PQ,CRJ9,BOMBARDIER Regional Jet CRJ-900,0
takeoff,JFK,04L,1786976796.8,2026-08-17T14:26:36Z,40.625789,-73.78265,30.9,ab4fae,N828MH,B764,BOEING 767-400,0
landing,LGA,04,1786976844.45,2026-08-17T14:27:24Z,40.778119,-73.876768,33.8,aca3e6,N913XJ,CRJ9,BOMBARDIER Regional Jet CRJ-900,0
landing,JFK,04R,1786976883.98,2026-08-17T14:28:03Z,40.630806,-73.766174,30.9,ad1dd4,N944UP,CL30,BOMBARDIER BD-100 Challenger 300,0
takeoff,LGA,13,1786976885.37,2026-08-17T14:28:05Z,40.779556,-73.872787,120.9,acfa52,N935XJ,CRJ9,BOMBARDIER Regional Jet CRJ-900,0
takeoff,JFK,04L,1786976918.47,2026-08-17T14:28:38Z,40.625885,-73.782578,30.9,a05671,N12028,A319,AIRBUS A-319,0
landing,LGA,04,1786976960.75,2026-08-17T14:29:20Z,40.777258,-73.87747,30.9,a437da,N371DN,A321,AIRBUS A-321,0
takeoff,JFK,04L,1786976979.74,2026-08-17T14:29:39Z,40.626545,-73.782057,28.1,a3572c,N314RH,B38M,BOEING 737 MAX 8,0
landing,JFK,04R,1786976980.67,2026-08-17T14:29:40Z,40.636196,-73.761917,32.4,7380c8,4X-EDJ,B789,BOEING 787-9 Dreamliner,0
takeoff,LGA,13,1786977013.09,2026-08-17T14:30:13Z,40.779808,-73.873306,120.9,a32fa7,N304RB,B38M,BOEING 737 MAX 8,0
takeoff,JFK,04L,1786977050.06,2026-08-17T14:30:50Z,40.627011,-73.781714,30.9,a37842,N3221J,BCS3,,0
landing,LGA,04,1786977108.39,2026-08-17T14:31:48Z,40.775505,-73.878922,33.8,c012ed,C-FHEI,AS50,AEROSPATIALE AS-350 Ecureuil,0
takeoff,JFK,04L,1786977115.32,2026-08-17T14:31:55Z,40.626359,-73.782213,30.9,addadb,N992JB,A321,AIRBUS A-321,0
landing,JFK,22R,1786977122.3,2026-08-17T14:32:02Z,40.644047,-73.771286,168.8,ade609,N995JL,A321,AIRBUS A-321,0
takeoff,LGA,13,1786977139.76,2026-08-17T14:32:19Z,40.781651,-73.877151,120.9,a53f5b,N437YX,E75L,EMBRAER ERJ-170-200 (long wing),0
landing,LGA,04,1786977190.82,2026-08-17T14:33:10Z,40.776581,-73.878021,33.8,aab2bf,N789JB,A320,AIRBUS A-320,0
takeoff,JFK,04L,1786977193.35,2026-08-17T14:33:13Z,40.627007,-73.781708,30.9,4d0116,LX-VCL,B748,BOEING 747-8,0
landing,LGA,04,1786977304.71,2026-08-17T14:35:04Z,40.777863,-73.876939,30.9,ac26cf,N882RW,E170,EMBRAER ERJ-170-100,0
landing,LGA,04,1786977376.86,2026-08-17T14:36:16Z,40.776234,-73.878313,30.9,a12796,N17361,B38M,BOEING 737 MAX 8,0
landing,JFK,04R,1786977395.33,2026-08-17T14:36:35Z,40.634514,-73.763275,30.9,a06a5a,N126DU,BCS1,AIRBUS A220-100,0
takeoff,JFK,04L,1786977397.11,2026-08-17T14:36:37Z,40.626755,-73.781891,30.9,4bb46e,TC-MCN,A333,AIRBUS A-330-300,0
takeoff,LGA,13,1786977422.6,2026-08-17T14:37:02Z,40.780191,-73.874115,120.9,a55fe9,N44522,A21N,,0
takeoff,JFK,04L,1786977522.63,2026-08-17T14:38:42Z,40.623089,-73.784773,28.1,a1a56d,N205JQ,E75L,EMBRAER ERJ-170-200 (long wing),0
landing,LGA,04,1786977531.19,2026-08-17T14:38:51Z,40.778934,-73.876081,30.9,a6a2f7,N527AH,E190,EMBRAER ERJ-190-100,8
takeoff,LGA,13,1786977564.96,2026-08-17T14:39:24Z,40.780505,-73.874754,120.9,a2b110,N27256,B38M,BOEING 737 MAX 8,0
takeoff,JFK,04L,1786977598.15,2026-08-17T14:39:58Z,40.626125,-73.782394,30.9,adf128,N998JE,A321,AIRBUS A-321,0
landing,LGA,04,1786977626.57,2026-08-17T14:40:26Z,40.776525,-73.878047,33.8,aae6cd,N801NN,B738,BOEING 737-800,0
takeoff,LGA,13,1786977655.94,2026-08-17T14:40:55Z,40.781696,-73.877274,120.9,abd7d1,N862RW,E170,EMBRAER ERJ-170-100,0
takeoff,JFK,04L,1786977665.09,2026-08-17T14:41:05Z,40.626347,-73.782245,30.9,a1bc29,N2102J,A21N,AIRBUS A-321neo,0
landing,JFK,04R,1786977700.43,2026-08-17T14:41:40Z,40.634762,-73.76305,30.9,76cefa,9V-SWZ,B77W,BOEING 777-300ER,0
takeoff,LGA,04,1786977711.21,2026-08-17T14:41:51Z,40.776237,-73.880783,30.9,a1a924,N206JQ,E75L,EMBRAER ERJ-170-200 (long wing),0
landing,LGA,04,1786977716.88,2026-08-17T14:41:56Z,40.776234,-73.880778,30.9,a1a924,N206JQ,E75L,EMBRAER ERJ-170-200 (long wing),0
takeoff,LGA,04,1786977716.88,2026-08-17T14:41:56Z,40.776234,-73.880778,30.9,a1a924,N206JQ,E75L,EMBRAER ERJ-170-200 (long wing),0
landing,LGA,04,1786977725.68,2026-08-17T14:42:05Z,40.776226,-73.880783,30.9,a1a924,N206JQ,E75L,EMBRAER ERJ-170-200 (long wing),0
landing,LGA,04,1786977734.58,2026-08-17T14:42:14Z,40.77841,-73.876502,33.8,a01bbc,N106HQ,E75L,EMBRAER ERJ-170-200 (long wing),0
takeoff,JFK,04L,1786977764.27,2026-08-17T14:42:44Z,40.626278,-73.782291,30.9,a689b8,N520JB,A320,AIRBUS A-320,0
takeoff,LGA,13,1786977766.59,2026-08-17T14:42:46Z,40.781479,-73.876801,120.9,c06193,C-GKYS,E295,EMBRAER ERJ-190-400,0
takeoff,JFK,04L,1786977828.14,2026-08-17T14:43:48Z,40.62624,-73.782303,30.9,ab53e4,N829SK,CRJ9,BOMBARDIER Regional Jet CRJ-900,0
landing,LGA,04,1786977859.4,2026-08-17T14:44:19Z,40.777375,-73.877361,36.6,ab282b,N818MD,E170,EMBRAER ERJ-170-100,0
takeoff,JFK,04L,1786977886.86,2026-08-17T14:44:46Z,40.626801,-73.78186,30.9,acb679,N918XJ,CRJ9,BOMBARDIER Regional Jet CRJ-900,0
takeoff,LGA,13,1786977890.99,2026-08-17T14:44:50Z,40.781471,-73.876783,120.9,a55f6c,N445YX,E75L,EMBRAER ERJ-170-200 (long wing),0
takeoff,JFK,04L,1786977945.93,2026-08-17T14:45:45Z,40.626709,-73.781952,30.9,ade609,N995JL,A321,AIRBUS A-321,0
landing,LGA,04,1786977988.2,2026-08-17T14:46:28Z,40.777222,-73.877502,33.8,a89d22,N654RW,E170,EMBRAER ERJ-170-100,0
takeoff,LGA,13,1786978018.79,2026-08-17T14:46:58Z,40.781055,-73.875916,120.9,c01a52,C-FJZD,CRJ9,BOMBARDIER Regional Jet CRJ-900,0
landing,JFK,04R,1786978042.93,2026-08-17T14:47:22Z,40.633392,-73.764145,30.9,a35efa,N316VD,B38M,BOEING 737 MAX 8,0
takeoff,JFK,04L,1786978068.52,2026-08-17T14:47:48Z,40.626137,-73.782379,30.9,a94c7b,N699DL,B752,BOEING 757-200,0
takeoff,LGA,13,1786978085.95,2026-08-17T14:48:05Z,40.781445,-73.876755,120.9,a00ce0,N102HQ,E75L,EMBRAER ERJ-170-200 (long wing),0
landing,JFK,04R,1786978134.28,2026-08-17T14:48:54Z,40.633167,-73.764314,30.9,407f19,G-VBOB,A35K,AIRBUS A-350-1000,0
takeoff,JFK,04L,1786978147.41,2026-08-17T14:49:07Z,40.626429,-73.782151,30.9,789202,B-LRU,A359,AIRBUS A-350-900,0
landing,JFK,04L,1786978147.57,2026-08-17T14:49:07Z,40.626487,-73.782104,30.9,789202,B-LRU,A359,AIRBUS A-350-900,0
takeoff,JFK,04L,1786978147.57,2026-08-17T14:49:07Z,40.626487,-73.782104,30.9,789202,B-LRU,A359,AIRBUS A-350-900,0
takeoff,LGA,13,1786978168.66,2026-08-17T14:49:28Z,40.780655,-73.875061,120.9,a68e7c,N521UW,A321,AIRBUS A-321,0
takeoff,JFK,04L,1786978216.8,2026-08-17T14:50:16Z,40.626871,-73.781808,29.6,7380c7,4X-EDI,B789,BOEING 787-9 Dreamliner,0
takeoff,LGA,13,1786978249.1,2026-08-17T14:50:49Z,40.780094,-73.873917,120.9,add15f,N99MB,CL60,BOMBARDIER CL-600 Challenger,8
landing,JFK,04R,1786978269.09,2026-08-17T14:51:09Z,40.636205,-73.761973,30.9,aba2ef,N849SY,B738,BOEING 737-800,0
takeoff,JFK,04L,1786978297.49,2026-08-17T14:51:37Z,40.626394,-73.782198,30.9,8990ef,B-18777,B77L,BOEING 777-200LR,0
takeoff,LGA,13,1786978310.15,2026-08-17T14:51:50Z,40.781669,-73.877205,120.9,abd063,N860RW,E170,EMBRAER ERJ-170-100,0
landing,JFK,04R,1786978400.68,2026-08-17T14:53:20Z,40.636228,-73.761942,30.9,71be21,HL7621,A388,AIRBUS A-380-800,0
takeoff,JFK,04R,1786978400.68,2026-08-17T14:53:20Z,40.636228,-73.761942,30.9,71be21,HL7621,A388,AIRBUS A-380-800,0
landing,JFK,04R,1786978401.17,2026-08-17T14:53:21Z,40.636449,-73.76177,30.9,71be21,HL7621,A388,AIRBUS A-380-800,0
landing,LGA,04,1786978407.14,2026-08-17T14:53:27Z,40.778309,-73.876572,30.9,a0433b,N116HQ,E75L,EMBRAER ERJ-170-200 (long wing),0
takeoff,JFK,04L,1786978427.53,2026-08-17T14:53:47Z,40.626406,-73.782182,30.9,a05f37,N123DW,A321,AIRBUS A-321,0
takeoff,LGA,13,1786978444.82,2026-08-17T14:54:04Z,40.781529,-73.876908,120.9,a1a924,N206JQ,E75L,EMBRAER ERJ-170-200 (long wing),0
takeoff,JFK,04L,1786978488.5,2026-08-17T14:54:48Z,40.626537,-73.782089,30.9,a825e3,N624JB,A320,AIRBUS A-320,0
landing,LGA,04,1786978539.64,2026-08-17T14:55:39Z,40.7784,-73.876526,30.9,a8a490,N656RW,E170,EMBRAER ERJ-170-100,0
takeoff,JFK,04L,1786978550.43,2026-08-17T14:55:50Z,40.626137,-73.782379,30.9,a776b2,N580JB,A320,AIRBUS A-320,0
takeoff,LGA,13,1786978574.61,2026-08-17T14:56:14Z,40.779636,-73.872955,120.9,accb65,N923XJ,CRJ9,BOMBARDIER Regional Jet CRJ-900,0
takeoff,JFK,04L,1786978620.86,2026-08-17T14:57:00Z,40.626869,-73.78183,30.9,a19cc7,N2027J,A21N,AIRBUS A-321neo,0
landing,LGA,04,1786978631.98,2026-08-17T14:57:11Z,40.777805,-73.877002,33.8,a5468e,N439WN,B737,BOEING 737-700,0
takeoff,LGA,13,1786978677.29,2026-08-17T14:57:57Z,40.77943,-73.872482,115.3,a14c70,N183GJ,CRJ9,BOMBARDIER Regional Jet CRJ-900,0
takeoff,JFK,04L,1786978686.72,2026-08-17T14:58:06Z,40.626929,-73.781761,30.9,a3845c,N3258J,BCS3,,0
takeoff,JFK,04L,1786978752.26,2026-08-17T14:59:12Z,40.630223,-73.779186,30.9,ab0416,N809JB,A320,AIRBUS A-320,0
landing,LGA,04,1786978786.71,2026-08-17T14:59:46Z,40.776924,-73.877731,33.8,adc8e7,N988AL,A321,AIRBUS A-321,0
takeoff,LGA,13,1786978831.98,2026-08-17T15:00:31Z,40.779945,-73.873581,120.9,aa7e79,N77535,B738,BOEING 737-800,0
landing,JFK,04R,1786978878.33,2026-08-17T15:01:18Z,40.635285,-73.762675,30.9,acd0ca,N925AN,B738,BOEING 737-800,0
takeoff,JFK,04L,1786978901.11,2026-08-17T15:01:41Z,40.627174,-73.781589,30.9,a36799,N3185J,BCS3,AIRBUS A220-300,0
takeoff,LGA,13,1786978904.18,2026-08-17T15:01:44Z,40.780284,-73.874302,120.9,a3b79c,N339DU,,,0
takeoff,JFK,04L,1786978969.32,2026-08-17T15:02:49Z,40.626382,-73.782198,29.6,ab4ae9,N827AN,B789,BOEING 787-9 Dreamliner,0
landing,JFK,04R,1786978970.61,2026-08-17T15:02:50Z,40.632843,-73.764557,30.9,4006c4,G-VIIS,B772,BOEING 777-200,0
landing,JFK,04R,1786978971.09,2026-08-17T15:02:51Z,40.633063,-73.764392,30.9,4006c4,G-VIIS,B772,BOEING 777-200,0
takeoff,LGA,13,1786978979.81,2026-08-17T15:02:59Z,40.781548,-73.876953,120.9,a54312,N438YX,E75L,EMBRAER ERJ-170-200 (long wing),0
takeoff,JFK,04L,1786979038.65,2026-08-17T15:03:58Z,40.626091,-73.782416,29.6,02013f,CN-RGY,B789,BOEING 787-9 Dreamliner,0
takeoff,LGA,13,1786979057.1,2026-08-17T15:04:17Z,40.780622,-73.87502,123.8,a32814,N302PQ,CRJ9,BOMBARDIER Regional Jet CRJ-900,0
landing,JFK,04R,1786979099.62,2026-08-17T15:04:59Z,40.634168,-73.763534,30.9,a4bef6,N4048J,A21N,AIRBUS A-321neo,0
takeoff,LGA,13,1786979131.96,2026-08-17T15:05:31Z,40.779465,-73.872589,118.1,a19357,N200PQ,CRJ9,BOMBARDIER Regional Jet CRJ-900,0
landing,LGA,04,1786979181.29,2026-08-17T15:06:21Z,40.777508,-73.877197,36.6,abb59e,N85351,E75L,EMBRAER ERJ-170-200 (long wing),0
landing,JFK,04R,1786979208.88,2026-08-17T15:06:48Z,40.633423,-73.764127,30.9,846098,JA11WJ,A35K,AIRBUS A-350-1000,0
landing,LGA,04,1786979270.74,2026-08-17T15:07:50Z,40.777462,-73.877304,33.8,a44d1c,N3765,B738,BOEING 737-800,0
takeoff,JFK,04L,1786979304.72,2026-08-17T15:08:24Z,40.626583,-73.782028,28.1,a198ed,N2016J,A21N,AIRBUS A-321neo,0
landing,JFK,04R,1786979352.52,2026-08-17T15:09:12Z,40.63496,-73.762924,30.9,a6981a,N524DE,A21N,AIRBUS A-321neo,0
takeoff,JFK,04L,1786979353.17,2026-08-17T15:09:13Z,40.623333,-73.78457,30.9,a04aa9,N118HQ,E75L,EMBRAER ERJ-170-200 (long wing),0
landing,LGA,04,1786979354.08,2026-08-17T15:09:14Z,40.778091,-73.87674,30.9,a1f46b,N225JQ,E75L,EMBRAER ERJ-170-200 (long wing),0
takeoff,LGA,13,1786979376.03,2026-08-17T15:09:36Z,40.781529,-73.876939,120.9,ab40ce,N824MD,E170,EMBRAER ERJ-170-100,0
landing,LGA,04,1786979429.55,2026-08-17T15:10:29Z,40.776281,-73.878235,30.9,a095aa,N137EV,CRJ9,BOMBARDIER Regional Jet CRJ-900,0
landing,JFK,04R,1786979431.32,2026-08-17T15:10:31Z,40.636768,-73.761505,30.9,ad2baa,N948JB,A321,AIRBUS A-321,0
takeoff,LGA,13,1786979469.83,2026-08-17T15:11:09Z,40.779613,-73.87291,120.9,ac8b43,N907XJ,CRJ9,BOMBARDIER Regional Jet CRJ-900,0
takeoff,JFK,04L,1786979504.75,2026-08-17T15:11:44Z,40.627831,-73.781036,30.9,adce02,N989QS,C68A,,0
landing,LGA,04,1786979521.01,2026-08-17T15:12:01Z,40.77824,-73.876648,30.9,ab3982,N822NN,B738,BOEING 737-800,0
landing,JFK,04R,1786979534.24,2026-08-17T15:12:14Z,40.634704,-73.763112,28.1,a6587b,N508JL,A320,AIRBUS A-320,0
takeoff,LGA,13,1786979555.65,2026-08-17T15:12:35Z,40.780563,-73.874895,120.9,ac4fd8,N8925Q,B38M,BOEING 737 MAX 8,0
takeoff,JFK,04L,1786979566.7,2026-08-17T15:12:46Z,40.626208,-73.782323,28.1,a8c028,N663JB,A320,AIRBUS A-320,0
landing,LGA,04,1786979618.46,2026-08-17T15:13:38Z,40.776363,-73.878189,33.8,a39d9b,N332DU,BCS3,,0
takeoff,JFK,04L,1786979629.96,2026-08-17T15:13:49Z,40.626731,-73.781917,30.9,a44988,N3756,B738,BOEING 737-800,0
takeoff,LGA,13,1786979664.94,2026-08-17T15:14:24Z,40.779446,-73.872554,120.9,a35254,N313DU,BCS3,AIRBUS A220-300,0
landing,JFK,04R,1786979681.89,2026-08-17T15:14:41Z,40.635441,-73.762543,28.1,a08e3c,N135EV,CRJ9,BOMBARDIER Regional Jet CRJ-900,0
landing,LGA,04,1786979714.09,2026-08-17T15:15:14Z,40.776362,-73.878203,33.8,a1277a,N17358,B38M,,0
takeoff,LGA,13,1786979749.59,2026-08-17T15:15:49Z,40.781731,-73.877319,120.9,a08acb,N134HQ,E75L,EMBRAER ERJ-170-200 (long wing),0
takeoff,JFK,04L,1786979777.99,2026-08-17T15:16:17Z,40.626522,-73.782089,28.1,ad2095,N945JT,A321,AIRBUS A-321,0
landing,JFK,04R,1786979822.63,2026-08-17T15:17:02Z,40.634669,-73.763143,30.9,4ba952,TC-JJR,B77W,BOEING 777-300ER,0
landing,LGA,04,1786979843.58,2026-08-17T15:17:23Z,40.776592,-73.878006,33.8,ac98c1,N910XJ,CRJ9,BOMBARDIER Regional Jet CRJ-900,0
takeoff,JFK,04L,1786979884.69,2026-08-17T15:18:04Z,40.623252,-73.784632,28.1,a1b449,N209JQ,E75L,EMBRAER ERJ-170-200 (long wing),0
takeoff,LGA,13,1786979892.98,2026-08-17T15:18:12Z,40.779737,-73.873178,115.3,a5fc87,N485PX,CRJ9,BOMBARDIER Regional Jet CRJ-900,0
takeoff,JFK,04L,1786979959.37,2026-08-17T15:19:19Z,40.62616,-73.782364,30.9,abd69d,N862DN,B739,BOEING 737-900,0
landing,LGA,04,1786979966.47,2026-08-17T15:19:26Z,40.776339,-73.878203,33.8,a7d725,N604LR,CRJ9,BOMBARDIER Regional Jet CRJ-900,0
landing,JFK,04R,1786979978.44,2026-08-17T15:19:38Z,40.633678,-73.763916,30.9,a81abe,N621JB,A320,AIRBUS A-320,0
takeoff,LGA,13,1786979993.28,2026-08-17T15:19:53Z,40.781588,-73.877033,120.9,a19dff,N203JQ,E75L,EMBRAER ERJ-170-200 (long wing),0
landing,LGA,04,1786980076.62,2026-08-17T15:21:16Z,40.777176,-73.877533,33.8,a546c9,N439YX,E75L,EMBRAER ERJ-170-200 (long wing),0
landing,JFK,04R,1786980095.94,2026-08-17T15:21:35Z,40.633713,-73.763855,30.9,acc040,N920XJ,CRJ9,BOMBARDIER Regional Jet CRJ-900,0
landing,LGA,04,1786980130.03,2026-08-17T15:22:10Z,40.776352,-73.878204,33.8,ab5bd4,N8308K,B738,BOEING 737-800,0
takeoff,LGA,13,1786980171.78,2026-08-17T15:22:51Z,40.780186,-73.874115,120.9,a46a7e,N384DN,A321,AIRBUS A-321,0
landing,JFK,04R,1786980212.41,2026-08-17T15:23:32Z,40.635623,-73.762394,30.9,a37eb0,N324RN,B38M,BOEING 737 MAX 8,0
takeoff,JFK,04L,1786980217.73,2026-08-17T15:23:37Z,40.626217,-73.782318,30.9,adcd6d,N989JT,A321,AIRBUS A-321,0
landing,LGA,04,1786980231.96,2026-08-17T15:23:51Z,40.776059,-73.878437,30.9,a062ef,N124DX,A321,AIRBUS A-321,0
takeoff,LGA,13,1786980274.57,2026-08-17T15:24:34Z,40.779888,-73.873474,120.9,ad7bdf,N968WN,B737,BOEING 737-700,0
landing,LGA,13,1786980274.67,2026-08-17T15:24:34Z,40.779785,-73.87326,120.9,ad7bdf,N968WN,B737,BOEING 737-700,0
takeoff,LGA,13,1786980274.67,2026-08-17T15:24:34Z,40.779785,-73.87326,120.9,ad7bdf,N968WN,B737,BOEING 737-700,0
takeoff,JFK,04L,1786980286.44,2026-08-17T15:24:46Z,40.626475,-73.78212,30.9,a5f162,N482PX,CRJ9,BOMBARDIER Regional Jet CRJ-900,0
landing,JFK,04R,1786980313.25,2026-08-17T15:25:13Z,40.635887,-73.762192,30.9,a0f4f6,N16065,B763,BOEING 767-300,0
landing,LGA,04,1786980341.46,2026-08-17T15:25:41Z,40.777863,-73.876955,33.8,a4e181,N413YX,E75L,EMBRAER ERJ-170-200 (long wing),0
takeoff,JFK,04L,1786980344.63,2026-08-17T15:25:44Z,40.623161,-73.784698,30.9,a03f84,N115HQ,E75L,EMBRAER ERJ-170-200 (long wing),0
takeoff,LGA,13,1786980374.65,2026-08-17T15:26:14Z,40.779528,-73.872726,120.9,a49d5d,N397FX,E55P,EMBRAER EMB-505 Phenom 300,0
landing,LGA,04,1786980420.19,2026-08-17T15:27:00Z,40.778911,-73.876097,33.8,a486cc,N391DA,B738,BOEING 737-800,0
landing,JFK,04R,1786980460.24,2026-08-17T15:27:40Z,40.637497,-73.760927,30.9,869582,JA796A,B77W,BOEING 777-300ER,0
takeoff,JFK,04L,1786980465.62,2026-08-17T15:27:45Z,40.625759,-73.782684,30.9,a883bd,N648JB,A320,AIRBUS A-320,0
takeoff,JFK,04L,1786980519.97,2026-08-17T15:28:39Z,40.623299,-73.784592,28.1,a1ecfd,N223JQ,E75L,EMBRAER ERJ-170-200 (long wing),0
landing,LGA,04,1786980528.44,2026-08-17T15:28:48Z,40.776222,-73.878313,33.8,aceb76,N931XJ,CRJ9,BOMBARDIER Regional Jet CRJ-900,0
takeoff,JFK,04L,1786980594.42,2026-08-17T15:29:54Z,40.625999,-73.782486,30.9,ad3cdf,N952JB,A321,AIRBUS A-321,0
landing,LGA,04,1786980598.71,2026-08-17T15:29:58Z,40.776981,-73.87767,30.9,acf69b,N934XJ,CRJ9,BOMBARDIER Regional Jet CRJ-900,0
landing,JFK,04R,1786980601.92,2026-08-17T15:30:01Z,40.634494,-73.763284,25.3,a18380,N197PQ,CRJ9,BOMBARDIER Regional Jet CRJ-900,0
takeoff,LGA,13,1786980649.99,2026-08-17T15:30:49Z,40.779807,-73.873288,120.9,a45f64,N381DZ,A321,AIRBUS A-321,0
landing,LGA,31,1786980668.03,2026-08-17T15:31:08Z,40.777176,-73.871506,300.9,a47d05,N389DA,B738,BOEING 737-800,0
landing,JFK,04R,1786980680.88,2026-08-17T15:31:20Z,40.63489,-73.762987,30.9,a7fe27,N614FR,A21N,AIRBUS A-321neo,0
takeoff,JFK,04R,1786980680.88,2026-08-17T15:31:20Z,40.63489,-73.762987,30.9,a7fe27,N614FR,A21N,AIRBUS A-321neo,0
landing,JFK,04R,1786980681.37,2026-08-17T15:31:21Z,40.635076,-73.762831,30.9,a7fe27,N614FR,A21N,AIRBUS A-321neo,0
landing,LGA,04,1786980692.06,2026-08-17T15:31:32Z,40.77649,-73.87811,33.8,a02c94,N110DX,A321,AIRBUS A-321,0
takeoff,LGA,13,1786980723.68,2026-08-17T15:32:03Z,40.781467,-73.876801,120.9,a4bdb9,N404YX,E75L,EMBRAER ERJ-170-200 (long wing),0
takeoff,JFK,04L,1786980726.4,2026-08-17T15:32:06Z,40.626549,-73.782059,30.9,acdfa6,N929AN,B738,BOEING 737-800,0
landing,LGA,04,1786980803.4,2026-08-17T15:33:23Z,40.777359,-73.87738,33.8,a38237,N325PQ,CRJ9,BOMBARDIER Regional Jet CRJ-900,0
takeoff,LGA,13,1786980848.36,2026-08-17T15:34:08Z,40.78014,-73.874008,120.9,a44d85,N3768,B738,BOEING 737-800,0
takeoff,JFK,04L,1786980859.85,2026-08-17T15:34:19Z,40.626469,-73.78212,28.1,acfc56,N936DZ,B739,,0
landing,JFK,04R,1786980879.87,2026-08-17T15:34:39Z,40.636105,-73.762024,30.9,3965a2,F-GZNC,B77W,BOEING 777-300ER,0
landing,LGA,04,1786980899.74,2026-08-17T15:34:59Z,40.778026,-73.876814,33.8,a24369,N245JQ,E75L,EMBRAER ERJ-170-200 (long wing),0
takeoff,JFK,04L,1786980922.6,2026-08-17T15:35:22Z,40.625736,-73.7827,30.9,a66576,N511DE,A21N,AIRBUS A-321neo,0
takeoff,LGA,13,1786980928.31,2026-08-17T15:35:28Z,40.781506,-73.876861,120.9,a6a2f7,N527AH,E190,EMBRAER ERJ-190-100,8
takeoff,LGA,13,1786981008.07,2026-08-17T15:36:48Z,40.780587,-73.874926,120.9,ab774b,N838NN,B738,BOEING 737-800,0
takeoff,JFK,04L,1786981046.52,2026-08-17T15:37:26Z,40.627338,-73.781494,30.9,8964e2,A6-EVK,A388,AIRBUS A-380-800,0
landing,LGA,04,1786981057.64,2026-08-17T15:37:37Z,40.778329,-73.87658,33.8,a05827,N121HQ,E75L,EMBRAER ERJ-170-200 (long wing),0
takeoff,LGA,13,1786981098.55,2026-08-17T15:38:18Z,40.780086,-73.873912,120.9,a3a9eb,N335RT,B38M,BOEING 737 MAX 8,0
landing,JFK,04R,1786981107.11,2026-08-17T15:38:27Z,40.635786,-73.762269,30.9,ac2952,N883DN,B739,BOEING 737-900,0
takeoff,JFK,04L,1786981202.91,2026-08-17T15:40:02Z,40.626545,-73.782057,28.1,acab54,N915XJ,CRJ9,BOMBARDIER Regional Jet CRJ-900,0
landing,LGA,04,1786981210.5,2026-08-17T15:40:10Z,40.778526,-73.876404,30.9,abd41a,N861RW,E170,EMBRAER ERJ-170-100,0
takeoff,LGA,13,1786981244.69,2026-08-17T15:40:44Z,40.779958,-73.873646,120.9,a008c5,N101DQ,A321,AIRBUS A-321,0
landing,LGA,04,1786981297.93,2026-08-17T15:41:37Z,40.778899,-73.876097,33.8,a046f2,N117HQ,E75L,EMBRAER ERJ-170-200 (long wing),0
takeoff,LGA,13,1786981323.16,2026-08-17T15:42:03Z,40.781536,-73.876923,120.9,a8847f,N648RW,E170,EMBRAER ERJ-170-100,0
takeoff,JFK,04L,1786981349.6,2026-08-17T15:42:29Z,40.626354,-73.782211,30.9,adbe91,N985JT,A321,AIRBUS A-321,0
landing,LGA,04,1786981368.33,2026-08-17T15:42:48Z,40.777531,-73.877228,30.9,a15795,N186GJ,CRJ9,BOMBARDIER Regional Jet CRJ-900,0
takeoff,JFK,04L,1786981407.49,2026-08-17T15:43:27Z,40.625828,-73.782608,30.9,aded77,N997JL,A321,AIRBUS A-321,0
takeoff,LGA,13,1786981409.1,2026-08-17T15:43:29Z,40.779737,-73.873163,120.9,a39723,N330PQ,CRJ9,BOMBARDIER Regional Jet CRJ-900,0
landing,LGA,04,1786981465.11,2026-08-17T15:44:25Z,40.776455,-73.878113,30.9,ab8fee,N844NN,B738,BOEING 737-800,0
landing,JFK,04R,1786981492.52,2026-08-17T15:44:52Z,40.638462,-73.760712,8.4,a026e1,N109HQ,E75L,EMBRAER ERJ-170-200 (long wing),0
takeoff,LGA,13,1786981505.47,2026-08-17T15:45:05Z,40.781536,-73.876923,120.9,a1e58f,N221JQ,E75L,EMBRAER ERJ-170-200 (long wing),0
takeoff,JFK,04L,1786981537.79,2026-08-17T15:45:37Z,40.625839,-73.782608,30.9,a7ac8f,N594DA,A21N,AIRBUS A-321neo,0
landing,LGA,04,1786981550.08,2026-08-17T15:45:50Z,40.776385,-73.878172,33.8,a3fcd6,N356TX,B38M,,0
takeoff,LGA,13,1786981602.68,2026-08-17T15:46:42Z,40.779516,-73.87271,120.9,ac8a9c,N907QS,C68A,CESSNA 680 Citation Latitude,0
landing,JFK,04R,1786981603.25,2026-08-17T15:46:43Z,40.635212,-73.762726,30.9,acaf0b,N916XJ,CRJ9,BOMBARDIER Regional Jet CRJ-900,0
takeoff,JFK,04L,1786981623.74,2026-08-17T15:47:03Z,40.626125,-73.78241,30.9,ad1fc8,N945AN,B738,BOEING 737-800,0
landing,LGA,04,1786981662.51,2026-08-17T15:47:42Z,40.778899,-73.876097,33.8,abdf3f,N864RW,E170,EMBRAER ERJ-170-100,0
landing,JFK,04R,1786981675.39,2026-08-17T15:47:55Z,40.634704,-73.763112,30.9,a15ebc,N188DN,B763,BOEING 767-300,0
takeoff,JFK,04L,1786981701.23,2026-08-17T15:48:21Z,40.626926,-73.781769,30.9,aacf19,N796JB,A320,AIRBUS A-320,0
takeoff,LGA,13,1786981702.29,2026-08-17T15:48:22Z,40.77998,-73.873688,120.9,acf4e8,N934DZ,B739,,0
landing,LGA,04,1786981751.19,2026-08-17T15:49:11Z,40.778282,-73.876596,30.9,a09239,N136HQ,E75L,EMBRAER ERJ-170-200 (long wing),0
takeoff,JFK,04L,1786981756.25,2026-08-17T15:49:16Z,40.625928,-73.782557,30.9,a9acb8,N722TW,B752,BOEING 757-200,0
takeoff,LGA,13,1786981787.49,2026-08-17T15:49:47Z,40.780226,-73.874224,120.9,abc504,N8579Z,B738,BOEING 737-800,0
takeoff,JFK,04L,1786981814.61,2026-08-17T15:50:14Z,40.626685,-73.781964,30.9,ab72b3,N837DN,B739,BOEING 737-900,0
landing,JFK,04R,1786981831.4,2026-08-17T15:50:31Z,40.632946,-73.764481,30.9,a3e9b2,N351NB,A319,AIRBUS A-319,0
takeoff,LGA,13,1786981862.68,2026-08-17T15:51:02Z,40.779579,-73.872833,109.7,ac95d4,N91RL,PC12,PILATUS PC-12,0
landing,JFK,04R,1786981931.76,2026-08-17T15:52:11Z,40.633796,-73.76383,28.1,a1a0c4,N2039J,A21N,AIRBUS A-321neo,0
takeoff,JFK,04L,1786981994.54,2026-08-17T15:53:14Z,40.625963,-73.782525,30.9,a80d40,N618JB,A320,AIRBUS A-320,0
landing,JFK,04R,1786982021.41,2026-08-17T15:53:41Z,40.634285,-73.763443,30.9,4c0221,YU-ARB,A332,AIRBUS A-330-200,0
takeoff,LGA,13,1786982057.82,2026-08-17T15:54:17Z,40.779993,-73.873678,120.9,a43e83,N37267,B738,BOEING 737-800,0
landing,LGA,13,1786982058.86,2026-08-17T15:54:18Z,40.779728,-73.873123,120.9,a43e83,N37267,B738,BOEING 737-800,0
takeoff,LGA,13,1786982058.86,2026-08-17T15:54:18Z,40.779728,-73.873123,120.9,a43e83,N37267,B738,BOEING 737-800,0
takeoff,JFK,04L,1786982110.53,2026-08-17T15:55:10Z,40.625638,-73.782791,30.9,a8de7d,N6703D,B752,BOEING 757-200,0
takeoff,LGA,13,1786982116.86,2026-08-17T15:55:16Z,40.781502,-73.876862,120.9,a52911,N431YX,E75L,EMBRAER ERJ-170-200 (long wing),0
landing,JFK,04R,1786982164.37,2026-08-17T15:56:04Z,40.63607,-73.762039,30.9,aa7f5e,N776AN,B772,BOEING 777-200,0
takeoff,LGA,13,1786982200.81,2026-08-17T15:56:40Z,40.779716,-73.873123,120.9,a47d05,N389DA,B738,BOEING 737-800,0
takeoff,JFK,04L,1786982211.13,2026-08-17T15:56:51Z,40.626115,-73.782401,30.9,a12fda,N176DZ,B763,BOEING 767-300,0
landing,JFK,04L,1786982212.1,2026-08-17T15:56:52Z,40.626423,-73.782166,30.9,a12fda,N176DZ,B763,BOEING 767-300,0
takeoff,JFK,04L,1786982212.1,2026-08-17T15:56:52Z,40.626423,-73.782166,30.9,a12fda,N176DZ,B763,BOEING 767-300,0
landing,LGA,04,1786982249.17,2026-08-17T15:57:29Z,40.776981,-73.877686,30.9,ab1d06,N815MD,E170,EMBRAER ERJ-170-100,0
takeoff,LGA,13,1786982288.13,2026-08-17T15:58:08Z,40.779772,-73.873225,120.9,ad41cd,N953WN,B737,BOEING 737-700,0
landing,JFK,04R,1786982328.44,2026-08-17T15:58:48Z,40.635926,-73.76216,30.9,acc23f,N921DU,B739,BOEING 737-900,0
takeoff,LGA,13,1786982360.66,2026-08-17T15:59:20Z,40.780563,-73.874895,120.9,abd2e6,N861DN,B739,BOEING 737-900,0
takeoff,LGA,13,1786982415.03,2026-08-17T16:00:15Z,40.781708,-73.877289,120.9,ab282b,N818MD,E170,EMBRAER ERJ-170-100,0
takeoff,JFK,04L,1786982432.31,2026-08-17T16:00:32Z,40.626231,-73.782338,30.9,06a2b3,A7-BEO,B77W,BOEING 777-300ER,0
landing,JFK,04R,1786982462.24,2026-08-17T16:01:02Z,40.634285,-73.763471,30.9,a790b3,N587JB,A320,AIRBUS A-320,0
landing,LGA,04,1786982475.96,2026-08-17T16:01:15Z,40.777503,-73.877251,30.9,a320a6,N300PQ,CRJ9,BOMBARDIER Regional Jet CRJ-900,0
takeoff,LGA,13,1786982525.76,2026-08-17T16:02:05Z,40.779236,-73.872086,120.9,c012ed,C-FHEI,AS50,AEROSPATIALE AS-350 Ecureuil,0
takeoff,JFK,04L,1786982551.13,2026-08-17T16:02:31Z,40.626022,-73.782471,30.9,a6d234,N539DN,A21N,,0
takeoff,JFK,04L,1786982606.22,2026-08-17T16:03:26Z,40.626196,-73.782338,30.9,ad8836,N971JT,A321,AIRBUS A-321,0
landing,LGA,04,1786982606.22,2026-08-17T16:03:26Z,40.777279,-73.877411,33.8,ac045e,N87339,E75L,EMBRAER ERJ-170-200 (long wing),0
takeoff,LGA,13,1786982637.91,2026-08-17T16:03:57Z,40.779539,-73.872757,118.1,a2000d,N228PQ,CRJ9,BOMBARDIER Regional Jet CRJ-900,0
takeoff,JFK,04L,1786982693.38,2026-08-17T16:04:53Z,40.626918,-73.781776,30.9,a35949,N3149J,BCS3,AIRBUS A220-300,0
landing,JFK,04L,1786982693.79,2026-08-17T16:04:53Z,40.627057,-73.781667,30.9,a35949,N3149J,BCS3,AIRBUS A220-300,0
takeoff,JFK,04L,1786982693.79,2026-08-17T16:04:53Z,40.627057,-73.781667,30.9,a35949,N3149J,BCS3,AIRBUS A220-300,0
takeoff,LGA,13,1786982695.5,2026-08-17T16:04:55Z,40.78149,-73.876831,120.9,a0433b,N116HQ,E75L,EMBRAER ERJ-170-200 (long wing),0
landing,JFK,04R,1786982719.83,2026-08-17T16:05:19Z,40.636833,-73.761474,28.1,a21833,N234JQ,E75L,EMBRAER ERJ-170-200 (long wing),0
takeoff,LGA,13,1786982792.72,2026-08-17T16:06:32Z,40.77976,-73.87321,118.1,a3dc5a,N348PQ,CRJ9,BOMBARDIER Regional Jet CRJ-900,0
landing,JFK,04R,1786982800.71,2026-08-17T16:06:40Z,40.631802,-73.765366,30.9,a02681,N109DU,BCS1,AIRBUS A220-100,0
landing,LGA,04,1786982817.71,2026-08-17T16:06:57Z,40.776653,-73.877954,30.9,aa7e7c,N77538,B738,BOEING 737-800,0
takeoff,LGA,13,1786982855.04,2026-08-17T16:07:35Z,40.781616,-73.877106,120.9,a20957,N230JQ,E75L,EMBRAER ERJ-170-200 (long wing),0
landing,LGA,13,1786982856.06,2026-08-17T16:07:36Z,40.781467,-73.876801,120.9,a20957,N230JQ,E75L,EMBRAER ERJ-170-200 (long wing),0
takeoff,LGA,13,1786982856.06,2026-08-17T16:07:36Z,40.781467,-73.876801,120.9,a20957,N230JQ,E75L,EMBRAER ERJ-170-200 (long wing),0
takeoff,JFK,04L,1786982860.6,2026-08-17T16:07:40Z,40.626161,-73.782369,30.9,adc238,N986JB,A321,AIRBUS A-321,0
landing,JFK,04L,1786982861.14,2026-08-17T16:07:41Z,40.626452,-73.782135,30.9,adc238,N986JB,A321,AIRBUS A-321,0
takeoff,JFK,04L,1786982861.14,2026-08-17T16:07:41Z,40.626452,-73.782135,30.9,adc238,N986JB,A321,AIRBUS A-321,0
landing,JFK,04R,1786982880.99,2026-08-17T16:08:00Z,40.635372,-73.762589,28.1,ac89f7,N907JB,A321,AIRBUS A-321,0
takeoff,JFK,04L,1786982915.03,2026-08-17T16:08:35Z,40.626137,-73.782379,30.9,a35efa,N316VD,B38M,BOEING 737 MAX 8,0
landing,LGA,04,1786982924.75,2026-08-17T16:08:44Z,40.77706,-73.877595,30.9,abe2f6,N865RW,E170,EMBRAER ERJ-170-100,0
takeoff,LGA,13,1786982961.11,2026-08-17T16:09:21Z,40.779625,-73.872955,120.9,a451db,N378DN,A321,AIRBUS A-321,0
takeoff,JFK,04L,1786982978.83,2026-08-17T16:09:38Z,40.626629,-73.781998,30.9,71c226,HL8226,B77L,BOEING 777-200LR,0
landing,JFK,04R,1786983000.08,2026-08-17T16:10:00Z,40.634098,-73.76358,29.6,7812bd,B-1357,B789,BOEING 787-9 Dreamliner,0
landing,LGA,04,1786983043.07,2026-08-17T16:10:43Z,40.777302,-73.877426,33.8,abbb77,N855RW,E170,EMBRAER ERJ-170-100,0
takeoff,LGA,13,1786983068.55,2026-08-17T16:11:08Z,40.781525,-73.876907,120.9,a1b092,N208JQ,E75L,EMBRAER ERJ-170-200 (long wing),0
takeoff,JFK,04L,1786983082.76,2026-08-17T16:11:22Z,40.626514,-73.782089,30.9,8015f7,VT-JRA,A359,AIRBUS A-350-900,0
landing,LGA,04,1786983140.17,2026-08-17T16:12:20Z,40.778412,-73.876511,30.9,a1f0b4,N224JQ,E75L,EMBRAER ERJ-170-200 (long wing),0
landing,JFK,04R,1786983149.83,2026-08-17T16:12:29Z,40.635693,-73.762363,30.9,a39b39,N331TK,B38M,BOEING 737 MAX 8,0
takeoff,LGA,13,1786983166.53,2026-08-17T16:12:46Z,40.781479,-73.876801,120.9,ac26cf,N882RW,E170,EMBRAER ERJ-170-100,0
landing,LGA,04,1786983221.26,2026-08-17T16:13:41Z,40.778858,-73.876144,33.8,a8996b,N653RW,E170,EMBRAER ERJ-170-100,0
landing,JFK,04R,1786983231.48,2026-08-17T16:13:51Z,40.632993,-73.764454,30.9,a6dbf3,N541DE,A21N,AIRBUS A-321neo,0
takeoff,LGA,13,1786983252.75,2026-08-17T16:14:12Z,40.779728,-73.873138,120.9,aca3e6,N913XJ,CRJ9,BOMBARDIER Regional Jet CRJ-900,0
takeoff,JFK,04L,1786983264.57,2026-08-17T16:14:24Z,40.626034,-73.782471,30.9,a9b62a,N725AL,B39M,BOEING 737 MAX 9,0
landing,LGA,04,1786983310.66,2026-08-17T16:15:10Z,40.77816,-73.876724,33.8,a1d45a,N217JQ,E75L,EMBRAER ERJ-170-200 (long wing),0
takeoff,LGA,13,1786983337.69,2026-08-17T16:15:37Z,40.781448,-73.876736,120.9,a5307f,N433YX,E75L,EMBRAER ERJ-170-200 (long wing),0
takeoff,JFK,04L,1786983356.46,2026-08-17T16:15:56Z,40.626011,-73.782486,30.9,a06a5a,N126DU,BCS1,AIRBUS A220-100,0
landing,LGA,04,1786983397.91,2026-08-17T16:16:37Z,40.777645,-73.877121,30.9,a8a0d9,N655RW,E170,EMBRAER ERJ-170-100,0
landing,JFK,04R,1786983422.05,2026-08-17T16:17:02Z,40.638084,-73.760849,14.1,ade569,N995CA,P212,TECNAM P-2012 Traveller,0
takeoff,LGA,13,1786983429.33,2026-08-17T16:17:09Z,40.779785,-73.87326,120.9,a437da,N371DN,A321,AIRBUS A-321,0
landing,LGA,04,1786983483.45,2026-08-17T16:18:03Z,40.775384,-73.879015,33.8,a3472f,N310DU,BCS3,AIRBUS A220-300,0
takeoff,JFK,04L,1786983489.61,2026-08-17T16:18:09Z,40.625553,-73.782852,30.9,a2c087,N277AK,B739,BOEING 737-900,0
takeoff,LGA,13,1786983521.82,2026-08-17T16:18:41Z,40.780179,-73.874068,118.1,a8f9a3,N678CA,CRJ9,BOMBARDIER Regional Jet CRJ-900,0
landing,LGA,04,1786983560.81,2026-08-17T16:19:20Z,40.780724,-73.874603,30.9,a41722,N36272,B738,BOEING 737-800,0
takeoff,LGA,13,1786983580.85,2026-08-17T16:19:40Z,40.781459,-73.876736,120.9,a89d22,N654RW,E170,EMBRAER ERJ-170-100,0
landing,LGA,04,1786983644.19,2026-08-17T16:20:44Z,40.778643,-73.876315,33.8,a44291,N3739P,B738,BOEING 737-800,0
landing,JFK,04R,1786983673.82,2026-08-17T16:21:13Z,40.637171,-73.761177,30.9,ab5975,N830MH,B764,BOEING 767-400,0
takeoff,LGA,13,1786983678.04,2026-08-17T16:21:18Z,40.780028,-73.873725,120.9,aae6cd,N801NN,B738,BOEING 737-800,0
landing,LGA,04,1786983744.31,2026-08-17T16:22:24Z,40.775873,-73.878593,33.8,a0103b,N103DY,A321,AIRBUS A-321,0
takeoff,LGA,13,1786983780.64,2026-08-17T16:23:00Z,40.781739,-73.877329,120.9,a8a490,N656RW,E170,EMBRAER ERJ-170-100,0
landing,JFK,04R,1786983827.86,2026-08-17T16:23:47Z,40.63472,-73.763107,30.9,a38b61,N3275J,BCS3,AIRBUS A220-300,0
landing,LGA,04,1786983862.64,2026-08-17T16:24:22Z,40.776676,-73.877954,33.8,a34ae6,N311DU,BCS3,AIRBUS A220-300,0
takeoff,JFK,04L,1786983865.73,2026-08-17T16:24:25Z,40.626022,-73.782471,30.9,aba2ef,N849SY,B738,BOEING 737-800,0
takeoff,LGA,13,1786983901.42,2026-08-17T16:25:01Z,40.781467,-73.876785,123.8,a01bbc,N106HQ,E75L,EMBRAER ERJ-170-200 (long wing),0
landing,JFK,04R,1786983917.78,2026-08-17T16:25:17Z,40.633495,-73.764053,30.9,a78cfc,N586JB,A320,AIRBUS A-320,0
takeoff,JFK,04L,1786983932.66,2026-08-17T16:25:32Z,40.626183,-73.782349,30.9,a69894,N524JB,A320,AIRBUS A-320,0
landing,LGA,04,1786983952.33,2026-08-17T16:25:52Z,40.776956,-73.87772,36.6,a35ab8,N315PQ,CRJ9,BOMBARDIER Regional Jet CRJ-900,0
takeoff,LGA,13,1786983985.72,2026-08-17T16:26:25Z,40.781622,-73.877111,120.9,abb59e,N85351,E75L,EMBRAER ERJ-170-200 (long wing),0
landing,JFK,04R,1786984012.67,2026-08-17T16:26:52Z,40.633759,-73.763855,30.9,ab20e7,N816NW,A333,AIRBUS A-330-300,0
landing,LGA,04,1786984052.88,2026-08-17T16:27:32Z,40.778515,-73.876409,30.9,abef98,N8685B,B738,BOEING 737-800,0
takeoff,LGA,13,1786984092.01,2026-08-17T16:28:12Z,40.779728,-73.873123,120.9,aab2bf,N789JB,A320,AIRBUS A-320,0
takeoff,LGA,04,1786984100.09,2026-08-17T16:28:20Z,40.779819,-73.87883,33.8,a05827,N121HQ,E75L,EMBRAER ERJ-170-200 (long wing),0
landing,LGA,04,1786984106.07,2026-08-17T16:28:26Z,40.779819,-73.87883,33.8,a05827,N121HQ,E75L,EMBRAER ERJ-170-200 (long wing),0
takeoff,LGA,13,1786984173.35,2026-08-17T16:29:33Z,40.781685,-73.877213,120.9,a546c9,N439YX,E75L,EMBRAER ERJ-170-200 (long wing),0
takeoff,LGA,13,1786984251.51,2026-08-17T16:30:51Z,40.780272,-73.874286,120.9,a5468e,N439WN,B737,BOEING 737-700,0
landing,LGA,04,1786984285.18,2026-08-17T16:31:25Z,40.776711,-73.877891,28.1,a7cfb7,N602LR,CRJ9,BOMBARDIER Regional Jet CRJ-900,0
takeoff,LGA,13,1786984326.41,2026-08-17T16:32:06Z,40.779656,-73.872991,120.9,a095aa,N137EV,CRJ9,BOMBARDIER Regional Jet CRJ-900,0
landing,LGA,04,1786984365.91,2026-08-17T16:32:45Z,40.777526,-73.877236,30.9,a36fa4,N320PQ,CRJ9,BOMBARDIER Regional Jet CRJ-900,0
landing,JFK,04R,1786984380.63,2026-08-17T16:33:00Z,40.636926,-73.76138,30.9,a173a8,N193DN,B763,BOEING 767-300,0
takeoff,JFK,04L,1786984387.7,2026-08-17T16:33:07Z,40.626583,-73.782028,30.9,71c381,HL8381,A359,AIRBUS A-350-900,0
takeoff,LGA,13,1786984397.05,2026-08-17T16:33:17Z,40.781576,-73.877002,120.9,a05827,N121HQ,E75L,EMBRAER ERJ-170-200 (long wing),0
landing,LGA,04,1786984466.45,2026-08-17T16:34:26Z,40.776525,-73.878078,33.8,a04edb,N119NN,A321,AIRBUS A-321,0
takeoff,LGA,13,1786984513.1,2026-08-17T16:35:13Z,40.77983,-73.87335,120.9,adc8e7,N988AL,A321,AIRBUS A-321,0
takeoff,JFK,04L,1786984516.96,2026-08-17T16:35:16Z,40.626301,-73.78226,30.9,ad8bed,N972JT,A321,AIRBUS A-321,0
landing,JFK,04R,1786984561.89,2026-08-17T16:36:01Z,40.636322,-73.761856,28.1,a54cd9,N440YX,E75L,EMBRAER ERJ-170-200 (long wing),0
takeoff,JFK,04R,1786984561.89,2026-08-17T16:36:01Z,40.636322,-73.761856,28.1,a54cd9,N440YX,E75L,EMBRAER ERJ-170-200 (long wing),0
landing,JFK,04R,1786984562.71,2026-08-17T16:36:02Z,40.636436,-73.761765,28.1,a54cd9,N440YX,E75L,EMBRAER ERJ-170-200 (long wing),0
landing,LGA,04,1786984571.57,2026-08-17T16:36:11Z,40.777956,-73.876877,33.8,ac159a,N878RW,E170,EMBRAER ERJ-170-100,0
takeoff,JFK,04L,1786984584.19,2026-08-17T16:36:24Z,40.626022,-73.782463,30.9,acd0ca,N925AN,B738,BOEING 737-800,0
takeoff,LGA,13,1786984611.87,2026-08-17T16:36:51Z,40.779739,-73.873154,123.8,a7d725,N604LR,CRJ9,BOMBARDIER Regional Jet CRJ-900,0
landing,LGA,04,1786984661.37,2026-08-17T16:37:41Z,40.778481,-73.87645,33.8,a4eca6,N416YX,E75L,EMBRAER ERJ-170-200 (long wing),0
landing,JFK,04R,1786984669.89,2026-08-17T16:37:49Z,40.634079,-73.76358,28.1,a8f235,N676CA,CRJ9,BOMBARDIER Regional Jet CRJ-900,0
takeoff,LGA,13,1786984699.74,2026-08-17T16:38:19Z,40.780197,-73.874115,120.9,ac98c1,N910XJ,CRJ9,BOMBARDIER Regional Jet CRJ-900,0
takeoff,JFK,04L,1786984700.3,2026-08-17T16:38:20Z,40.62624,-73.782303,28.1,a08e3c,N135EV,CRJ9,BOMBARDIER Regional Jet CRJ-900,0
takeoff,JFK,04L,1786984762.54,2026-08-17T16:39:22Z,40.626708,-73.781932,30.9,acc040,N920XJ,CRJ9,BOMBARDIER Regional Jet CRJ-900,0
landing,LGA,04,1786984762.91,2026-08-17T16:39:22Z,40.778721,-73.876251,30.9,a06aba,N126HQ,E75L,EMBRAER ERJ-170-200 (long wing),0
landing,JFK,04R,1786984784.99,2026-08-17T16:39:44Z,40.634663,-73.763168,30.9,a15397,N185DN,B763,BOEING 767-300,0
takeoff,LGA,13,1786984799.92,2026-08-17T16:39:59Z,40.780412,-73.874583,120.9,aceb76,N931XJ,CRJ9,BOMBARDIER Regional Jet CRJ-900,0
landing,LGA,04,1786984876.4,2026-08-17T16:41:16Z,40.77663,-73.877969,30.9,a3ad6d,N336PQ,CRJ9,BOMBARDIER Regional Jet CRJ-900,0
takeoff,JFK,04L,1786984878.6,2026-08-17T16:41:18Z,40.625591,-73.782806,25.3,a18380,N197PQ,CRJ9,BOMBARDIER Regional Jet CRJ-900,0
takeoff,LGA,13,1786984911.76,2026-08-17T16:41:51Z,40.781506,-73.876861,120.9,a4e181,N413YX,E75L,EMBRAER ERJ-170-200 (long wing),0
landing,JFK,04R,1786984940.46,2026-08-17T16:42:20Z,40.634502,-73.763245,30.9,3965b0,F-GZNQ,B77W,BOEING 777-300ER,0
takeoff,JFK,04L,1786984960.79,2026-08-17T16:42:40Z,40.62561,-73.782791,30.9,a01fee,N107NN,A321,AIRBUS A-321,0
landing,LGA,04,1786985066.54,2026-08-17T16:44:26Z,40.778271,-73.876627,33.8,abc2e5,N857RW,E170,EMBRAER ERJ-170-100,0
takeoff,JFK,04L,1786985080.75,2026-08-17T16:44:40Z,40.625882,-73.782588,30.9,a81abe,N621JB,A320,AIRBUS A-320,0
landing,JFK,04R,1786985087.65,2026-08-17T16:44:47Z,40.635441,-73.762543,30.9,a37fd3,N3242J,BCS3,,0
takeoff,LGA,13,1786985093.35,2026-08-17T16:44:53Z,40.781483,-73.87683,120.9,ac045e,N87339,E75L,EMBRAER ERJ-170-200 (long wing),0
takeoff,LGA,13,1786985170.24,2026-08-17T16:46:10Z,40.779545,-73.872742,120.9,acf69b,N934XJ,CRJ9,BOMBARDIER Regional Jet CRJ-900,0
landing,JFK,04R,1786985186.51,2026-08-17T16:46:26Z,40.633942,-73.763718,30.9,a36b73,N3196J,BCS3,AIRBUS A220-300,0
landing,LGA,04,1786985249.43,2026-08-17T16:47:29Z,40.776548,-73.878063,30.9,c05f0f,C-GJZY,DH8D,DE HAVILLAND DHC-8-400 Dash 8,0
landing,JFK,04R,1786985252.65,2026-08-17T16:47:32Z,40.635297,-73.762675,29.6,abac2c,N851MK,B789,BOEING 787-9 Dreamliner,0
takeoff,JFK,04L,1786985265.26,2026-08-17T16:47:45Z,40.625824,-73.782635,30.9,a85887,N637JB,A320,AIRBUS A-320,0
takeoff,LGA,13,1786985297.29,2026-08-17T16:48:17Z,40.77997,-73.873646,120.9,a44d1c,N3765,B738,BOEING 737-800,0
takeoff,JFK,04L,1786985309.22,2026-08-17T16:48:29Z,40.623287,-73.784607,30.9,a026e1,N109HQ,E75L,EMBRAER ERJ-170-200 (long wing),0
landing,LGA,04,1786985382.63,2026-08-17T16:49:42Z,40.77681,-73.877823,28.1,a31486,N298PQ,CRJ9,BOMBARDIER Regional Jet CRJ-900,0
takeoff,LGA,13,1786985423.31,2026-08-17T16:50:23Z,40.780179,-73.874083,120.9,a12796,N17361,B38M,BOEING 737 MAX 8,0
landing,JFK,04R,1786985423.9,2026-08-17T16:50:23Z,40.633051,-73.764423,30.9,a36b50,N3195J,BCS3,,0
landing,JFK,04R,1786985493.44,2026-08-17T16:51:33Z,40.634599,-73.76319,30.9,780204,B-KPD,B77W,BOEING 777-300ER,0
landing,LGA,04,1786985502.7,2026-08-17T16:51:42Z,40.777565,-73.877213,33.8,aa7e51,N77520,B738,BOEING 737-800,0
takeoff,LGA,13,1786985539.55,2026-08-17T16:52:19Z,40.781593,-73.877045,120.9,a1f46b,N225JQ,E75L,EMBRAER ERJ-170-200 (long wing),0
landing,JFK,04R,1786985589.88,2026-08-17T16:53:09Z,40.634434,-73.763336,30.9,400776,G-VIIY,B772,BOEING 777-200,0
takeoff,JFK,04R,1786985589.88,2026-08-17T16:53:09Z,40.634434,-73.763336,30.9,400776,G-VIIY,B772,BOEING 777-200,0
landing,JFK,04R,1786985590.21,2026-08-17T16:53:10Z,40.63456,-73.763229,30.9,400776,G-VIIY,B772,BOEING 777-200,0
landing,LGA,04,1786985605.96,2026-08-17T16:53:25Z,40.776141,-73.878375,33.8,a36994,N319PQ,CRJ9,BOMBARDIER Regional Jet CRJ-900,0
takeoff,LGA,13,1786985639.54,2026-08-17T16:53:59Z,40.781599,-73.87708,120.9,a09239,N136HQ,E75L,EMBRAER ERJ-170-200 (long wing),0
takeoff,LGA,13,1786985672.51,2026-08-17T16:54:32Z,40.782177,-73.878296,92.8,abd41a,N861RW,E170,EMBRAER ERJ-170-100,0
landing,LGA,04,1786985687.93,2026-08-17T16:54:47Z,40.776352,-73.878189,30.9,ad01c0,N937XJ,CRJ9,BOMBARDIER Regional Jet CRJ-900,0
landing,JFK,04R,1786985733.41,2026-08-17T16:55:33Z,40.632748,-73.764642,28.1,a9ecde,N739E,CL30,BOMBARDIER BD-100 Challenger 300,8
landing,LGA,04,1786985764.55,2026-08-17T16:56:04Z,40.776478,-73.878113,33.8,a32f82,N304PQ,CRJ9,BOMBARDIER Regional Jet CRJ-900,0
takeoff,LGA,13,1786985809.69,2026-08-17T16:56:49Z,40.779504,-73.872679,120.9,a3689e,N319DU,BCS3,,0
landing,JFK,04R,1786985849.43,2026-08-17T16:57:29Z,40.638998,-73.760662,2.8,a4d04c,N409YX,E75L,EMBRAER ERJ-170-200 (long wing),0
landing,LGA,04,1786985882.84,2026-08-17T16:58:02Z,40.778549,-73.876404,33.8,a4c8de,N407YX,E75L,EMBRAER ERJ-170-200 (long wing),0
takeoff,JFK,04L,1786985904.51,2026-08-17T16:58:24Z,40.625894,-73.782588,30.9,a6981a,N524DE,A21N,AIRBUS A-321neo,0
takeoff,LGA,13,1786985911.0,2026-08-17T16:58:31Z,40.779295,-73.872226,120.9,a15795,N186GJ,CRJ9,BOMBARDIER Regional Jet CRJ-900,0
landing,LGA,04,1786985969.1,2026-08-17T16:59:29Z,40.776752,-73.877869,33.8,a2bec7,N276WN,B737,BOEING 737-700,0
takeoff,JFK,04L,1786985979.22,2026-08-17T16:59:39Z,40.624901,-73.783356,30.9,ad1dd4,N944UP,CL30,BOMBARDIER BD-100 Challenger 300,0
landing,JFK,04R,1786985988.43,2026-08-17T16:59:48Z,40.636665,-73.761566,30.9,abfe1c,N872DN,B739,BOEING 737-900,0
takeoff,LGA,13,1786986011.47,2026-08-17T17:00:11Z,40.779762,-73.873215,120.9,ab3982,N822NN,B738,BOEING 737-800,0
takeoff,JFK,04L,1786986055.68,2026-08-17T17:00:55Z,40.626125,-73.782394,30.9,4247d1,VP-CIX,B38M,BOEING 737 MAX 8,0
takeoff,LGA,13,1786986069.86,2026-08-17T17:01:09Z,40.780144,-73.874021,120.9,ab5bd4,N8308K,B738,BOEING 737-800,0
landing,LGA,04,1786986153.5,2026-08-17T17:02:33Z,40.781822,-73.873688,30.9,a4c527,N406YX,E75L,EMBRAER ERJ-170-200 (long wing),0
landing,JFK,04R,1786986165.54,2026-08-17T17:02:45Z,40.633484,-73.764084,30.9,a5e3e4,N479PX,CRJ9,BOMBARDIER Regional Jet CRJ-900,0
takeoff,LGA,13,1786986167.34,2026-08-17T17:02:47Z,40.77997,-73.873631,120.9,ab8fee,N844NN,B738,BOEING 737-800,0
takeoff,JFK,04L,1786986234.81,2026-08-17T17:03:54Z,40.625928,-73.782541,30.9,acaf0b,N916XJ,CRJ9,BOMBARDIER Regional Jet CRJ-900,0
landing,LGA,04,1786986251.89,2026-08-17T17:04:11Z,40.780964,-73.874405,30.9,ace1af,N929XJ,CRJ9,BOMBARDIER Regional Jet CRJ-900,0
landing,JFK,04R,1786986252.7,2026-08-17T17:04:12Z,40.635246,-73.76268,30.9,aca79d,N914XJ,CRJ9,BOMBARDIER Regional Jet CRJ-900,0
takeoff,LGA,13,1786986271.68,2026-08-17T17:04:31Z,40.78046,-73.874695,120.9,a1277a,N17358,B38M,,0
landing,LGA,04,1786986325.25,2026-08-17T17:05:25Z,40.779237,-73.875816,30.9,ac1f61,N880RW,E170,EMBRAER ERJ-170-100,0
landing,JFK,04R,1786986343.63,2026-08-17T17:05:43Z,40.634541,-73.763237,30.9,a777bf,N580UW,A321,AIRBUS A-321,0
landing,LGA,04,1786986405.88,2026-08-17T17:06:45Z,40.777164,-73.877548,33.8,ad5fea,N961AN,B738,BOEING 737-800,0
landing,JFK,04R,1786986430.71,2026-08-17T17:07:10Z,40.633039,-73.764454,30.9,4a2d24,YR-KID,A332,AIRBUS A-330-200,0
takeoff,LGA,13,1786986453.82,2026-08-17T17:07:33Z,40.781433,-73.876709,120.9,abbb77,N855RW,E170,EMBRAER ERJ-170-100,0
takeoff,JFK,04L,1786986490.76,2026-08-17T17:08:10Z,40.625793,-73.782654,30.9,ada5ee,N979JT,A321,AIRBUS A-321,0
landing,LGA,04,1786986516.57,2026-08-17T17:08:36Z,40.778835,-73.876129,33.8,a53f5b,N437YX,E75L,EMBRAER ERJ-170-200 (long wing),0
takeoff,LGA,13,1786986547.11,2026-08-17T17:09:07Z,40.781518,-73.876892,120.9,ab1d06,N815MD,E170,EMBRAER ERJ-170-100,0
landing,JFK,04R,1786986568.53,2026-08-17T17:09:28Z,40.634063,-73.763612,30.9,ab4c76,N827SK,CRJ9,BOMBARDIER Regional Jet CRJ-900,0
landing,LGA,04,1786986622.97,2026-08-17T17:10:22Z,40.778732,-73.876236,30.9,c00b7e,C-FEJD,E75S,EMBRAER ERJ-170-200 (short wing),0
landing,JFK,04R,1786986653.26,2026-08-17T17:10:53Z,40.634411,-73.763351,30.9,4b1883,HB-JHJ,A333,AIRBUS A-330-300,0
takeoff,LGA,13,1786986653.75,2026-08-17T17:10:53Z,40.779968,-73.873642,120.9,a062ef,N124DX,A321,AIRBUS A-321,0
takeoff,JFK,04L,1786986682.29,2026-08-17T17:11:22Z,40.625725,-73.7827,30.9,a37eb0,N324RN,B38M,BOEING 737 MAX 8,0
takeoff,LGA,13,1786986719.84,2026-08-17T17:11:59Z,40.779714,-73.873116,115.3,a38237,N325PQ,CRJ9,BOMBARDIER Regional Jet CRJ-900,0
takeoff,JFK,04L,1786986755.89,2026-08-17T17:12:35Z,40.623135,-73.784726,30.9,ade569,N995CA,P212,TECNAM P-2012 Traveller,0
landing,LGA,04,1786986767.53,2026-08-17T17:12:47Z,40.776257,-73.878266,33.8,a3c163,N341DU,BCS3,AIRBUS A220-300,0
landing,JFK,04R,1786986803.48,2026-08-17T17:13:23Z,40.637404,-73.761005,28.1,a03816,N113HQ,E75L,EMBRAER ERJ-170-200 (long wing),0
takeoff,LGA,13,1786986816.0,2026-08-17T17:13:36Z,40.780197,-73.87413,120.9,a3fcd6,N356TX,B38M,,0
landing,JFK,04R,1786986862.74,2026-08-17T17:14:22Z,40.634377,-73.763382,30.9,a3871e,N3261J,BCS3,,0
landing,LGA,04,1786986883.81,2026-08-17T17:14:43Z,40.777657,-73.877136,33.8,a466d2,N383DZ,A321,AIRBUS A-321,0
landing,JFK,04L,1786986891.08,2026-08-17T17:14:51Z,40.6329,-73.7771,30.9,a3c259,N341PQ,CRJ9,BOMBARDIER Regional Jet CRJ-900,0
takeoff,LGA,13,1786986910.73,2026-08-17T17:15:10Z,40.781525,-73.876907,120.9,abdf3f,N864RW,E170,EMBRAER ERJ-170-100,0
takeoff,JFK,13L,1786986914.94,2026-08-17T17:15:14Z,40.652324,-73.783961,165.9,4a2d24,YR-KID,A332,AIRBUS A-330-200,0
landing,JFK,04R,1786986947.19,2026-08-17T17:15:47Z,40.632446,-73.764876,30.9,addadb,N992JB,A321,AIRBUS A-321,0
takeoff,JFK,04R,1786986947.19,2026-08-17T17:15:47Z,40.632446,-73.764876,30.9,addadb,N992JB,A321,AIRBUS A-321,0
landing,JFK,04R,1786986948.18,2026-08-17T17:15:48Z,40.632809,-73.764587,30.9,addadb,N992JB,A321,AIRBUS A-321,0
landing,LGA,04,1786986959.56,2026-08-17T17:15:59Z,40.777631,-73.877142,28.1,a086ce,N133EV,CRJ9,BOMBARDIER Regional Jet CRJ-900,0
takeoff,JFK,04L,1786986967.7,2026-08-17T17:16:07Z,40.630316,-73.779108,30.9,a30f85,N297AK,B739,BOEING 737-900,0
takeoff,JFK,04R,1786986981.71,2026-08-17T17:16:21Z,40.63937,-73.760631,0.0,addadb,N992JB,A321,AIRBUS A-321,0
takeoff,LGA,13,1786987000.79,2026-08-17T17:16:40Z,40.779808,-73.873306,120.9,a486cc,N391DA,B738,BOEING 737-800,0
landing,JFK,04R,1786987017.62,2026-08-17T17:16:57Z,40.635933,-73.762146,30.9,a13748,N178DZ,B763,BOEING 767-300,0
landing,LGA,04,1786987038.64,2026-08-17T17:17:18Z,40.775459,-73.878937,33.8,a6a00b,N526JL,A320,AIRBUS A-320,0
takeoff,LGA,13,1786987065.84,2026-08-17T17:17:45Z,40.782154,-73.878235,120.9,a1f0b4,N224JQ,E75L,EMBRAER ERJ-170-200 (long wing),0
landing,JFK,31R,1786987093.47,2026-08-17T17:18:13Z,40.642617,-73.766077,320.6,addadb,N992JB,A321,AIRBUS A-321,0
landing,LGA,04,1786987123.83,2026-08-17T17:18:43Z,40.777689,-73.877095,33.8,a0b7b7,N14503,A21N,AIRBUS A-321neo,0
landing,JFK,04R,1786987140.14,2026-08-17T17:19:00Z,40.639708,-73.759258,25.3,a1ccec,N215JQ,E75L,EMBRAER ERJ-170-200 (long wing),0
takeoff,JFK,04L,1786987150.03,2026-08-17T17:19:10Z,40.625668,-73.782761,30.9,a781d7,N583JB,A320,AIRBUS A-320,0
takeoff,LGA,13,1786987161.12,2026-08-17T17:19:21Z,40.7799,-73.873522,120.9,a02c94,N110DX,A321,AIRBUS A-321,0
landing,JFK,04R,1786987216.47,2026-08-17T17:20:16Z,40.636894,-73.761398,30.9,44ccd0,OO-SFP,A333,AIRBUS A-330-300,0
landing,LGA,04,1786987229.58,2026-08-17T17:20:29Z,40.778387,-73.876518,33.8,a897f4,N653AW,A320,AIRBUS A-320,0
takeoff,JFK,04L,1786987252.1,2026-08-17T17:20:52Z,40.626629,-73.782013,30.9,010283,SU-GGE,A359,AIRBUS A-350-900,0
landing,JFK,04L,1786987252.59,2026-08-17T17:20:52Z,40.626801,-73.781886,30.9,010283,SU-GGE,A359,AIRBUS A-350-900,0
takeoff,JFK,04L,1786987252.59,2026-08-17T17:20:52Z,40.626801,-73.781886,30.9,010283,SU-GGE,A359,AIRBUS A-350-900,0
takeoff,LGA,13,1786987256.15,2026-08-17T17:20:56Z,40.78139,-73.876627,120.9,a8996b,N653RW,E170,EMBRAER ERJ-170-100,0
landing,LGA,04,1786987320.11,2026-08-17T17:22:00Z,40.778282,-73.87658,36.6,a3b124,N337PQ,CRJ9,BOMBARDIER Regional Jet CRJ-900,0
takeoff,LGA,13,1786987351.14,2026-08-17T17:22:31Z,40.781536,-73.876938,120.9,a8a0d9,N655RW,E170,EMBRAER ERJ-170-100,0
landing,JFK,04R,1786987388.22,2026-08-17T17:23:08Z,40.63056,-73.766389,30.9,a69cb2,N525NE,C25B,CESSNA 525B Citation CJ3,0
landing,LGA,04,1786987408.79,2026-08-17T17:23:28Z,40.777107,-73.877595,33.8,a426a5,N367DN,A321,AIRBUS A-321,0
takeoff,JFK,04L,1786987445.35,2026-08-17T17:24:05Z,40.626359,-73.782213,30.9,ac2952,N883DN,B739,BOEING 737-900,0
landing,JFK,04R,1786987480.52,2026-08-17T17:24:40Z,40.633307,-73.764189,30.9,0d0b7c,XA-VIH,A20N,AIRBUS A-320neo,0
takeoff,JFK,04L,1786987512.12,2026-08-17T17:25:12Z,40.625917,-73.782557,30.9,a7fe27,N614FR,A21N,AIRBUS A-321neo,0
landing,LGA,04,1786987518.31,2026-08-17T17:25:18Z,40.778096,-73.876752,30.9,a210c5,N232JQ,E75L,EMBRAER ERJ-170-200 (long wing),0
landing,JFK,04R,1786987546.44,2026-08-17T17:25:46Z,40.6348,-73.763046,30.9,a19d0d,N2029J,A21N,AIRBUS A-321neo,0
landing,LGA,04,1786987589.02,2026-08-17T17:26:29Z,40.778847,-73.87616,33.8,abd063,N860RW,E170,EMBRAER ERJ-170-100,0
landing,JFK,04L,1786987606.6,2026-08-17T17:26:46Z,40.63333,-73.776751,30.9,ac45ac,N890DN,B739,BOEING 737-900,0
landing,JFK,04R,1786987618.42,2026-08-17T17:26:58Z,40.63411,-73.763612,30.9,a7816a,N583DT,A21N,,0
landing,LGA,04,1786987666.92,2026-08-17T17:27:46Z,40.779007,-73.876007,33.8,a0c42c,N149AN,A321,AIRBUS A-321,0
takeoff,JFK,04L,1786987672.37,2026-08-17T17:27:52Z,40.62331,-73.784592,30.9,a21833,N234JQ,E75L,EMBRAER ERJ-170-200 (long wing),0
landing,JFK,04R,1786987693.32,2026-08-17T17:28:13Z,40.635926,-73.76216,29.6,ab6ea5,N836AA,B789,BOEING 787-9 Dreamliner,0
takeoff,LGA,13,1786987699.85,2026-08-17T17:28:19Z,40.779797,-73.873276,120.9,c05f0f,C-GJZY,DH8D,DE HAVILLAND DHC-8-400 Dash 8,0
landing,LGA,04,1786987749.82,2026-08-17T17:29:09Z,40.777503,-73.877267,30.9,ac1a44,N8791D,B38M,,0
landing,JFK,04R,1786987840.78,2026-08-17T17:30:40Z,40.633038,-73.764404,30.9,a6c70f,N536DN,A21N,AIRBUS A-321neo,0
landing,LGA,04,1786987860.51,2026-08-17T17:31:00Z,40.77879,-73.876175,33.8,a1f822,N226JQ,E75L,EMBRAER ERJ-170-200 (long wing),0
landing,JFK,04L,1786987870.21,2026-08-17T17:31:10Z,40.63155,-73.778172,30.9,ac92b1,N909XJ,CRJ9,BOMBARDIER Regional Jet CRJ-900,0
landing,LGA,04,1786987924.02,2026-08-17T17:32:04Z,40.777188,-73.877517,33.8,a42e13,N369DN,A321,AIRBUS A-321,0
landing,JFK,04R,1786987927.1,2026-08-17T17:32:07Z,40.636798,-73.761489,30.9,4ca5c7,EI-DUZ,A333,AIRBUS A-330-300,0
takeoff,JFK,04L,1786987936.0,2026-08-17T17:32:16Z,40.626194,-73.782349,30.9,ad2baa,N948JB,A321,AIRBUS A-321,0
takeoff,LGA,13,1786987960.83,2026-08-17T17:32:40Z,40.781436,-73.876705,120.9,a24369,N245JQ,E75L,EMBRAER ERJ-170-200 (long wing),0
landing,LGA,04,1786988008.95,2026-08-17T17:33:28Z,40.776409,-73.878344,33.8,c010e4,C-FGKH,A320,AIRBUS A-320,0
landing,JFK,04R,1786988011.45,2026-08-17T17:33:31Z,40.637054,-73.761286,29.6,0d09d0,XA-ADL,B789,BOEING 787-9 Dreamliner,0
takeoff,JFK,04R,1786988011.45,2026-08-17T17:33:31Z,40.637054,-73.761286,29.6,0d09d0,XA-ADL,B789,BOEING 787-9 Dreamliner,0
landing,JFK,04R,1786988011.94,2026-08-17T17:33:31Z,40.637249,-73.761124,29.6,0d09d0,XA-ADL,B789,BOEING 787-9 Dreamliner,0
takeoff,JFK,04R,1786988011.94,2026-08-17T17:33:31Z,40.637249,-73.761124,29.6,0d09d0,XA-ADL,B789,BOEING 787-9 Dreamliner,0
landing,JFK,04R,1786988012.43,2026-08-17T17:33:32Z,40.637478,-73.760956,29.6,0d09d0,XA-ADL,B789,BOEING 787-9 Dreamliner,0
landing,JFK,04L,1786988034.44,2026-08-17T17:33:54Z,40.634762,-73.775643,30.9,ad5329,N958JB,A321,AIRBUS A-321,0
landing,LGA,04,1786988126.0,2026-08-17T17:35:26Z,40.779419,-73.875671,33.8,a08e82,N135HQ,E75L,EMBRAER ERJ-170-200 (long wing),0
landing,JFK,04R,1786988143.56,2026-08-17T17:35:43Z,40.634413,-73.763346,30.9,a38836,N3269J,BCS3,AIRBUS A220-300,0
landing,LGA,04,1786988205.55,2026-08-17T17:36:45Z,40.776816,-73.877829,33.8,a88d4d,N650FX,GLF6,GULFSTREAM G650,0
landing,JFK,04R,1786988240.13,2026-08-17T17:37:20Z,40.635623,-73.762394,30.9,acb679,N918XJ,CRJ9,BOMBARDIER Regional Jet CRJ-900,0
takeoff,LGA,13,1786988252.85,2026-08-17T17:37:32Z,40.779632,-73.872944,118.1,a36fa4,N320PQ,CRJ9,BOMBARDIER Regional Jet CRJ-900,0
landing,LGA,04,1786988287.25,2026-08-17T17:38:07Z,40.776758,-73.877891,30.9,a48e3a,N393DA,B738,BOEING 737-800,0
takeoff,LGA,13,1786988332.31,2026-08-17T17:38:52Z,40.780323,-73.874405,120.9,a320a6,N300PQ,CRJ9,BOMBARDIER Regional Jet CRJ-900,0
landing,JFK,04R,1786988358.79,2026-08-17T17:39:18Z,40.637169,-73.761246,25.3,a0345f,N112HQ,E75L,EMBRAER ERJ-170-200 (long wing),0
landing,LGA,04,1786988378.78,2026-08-17T17:39:38Z,40.777061,-73.877625,30.9,a46310,N382DN,A321,AIRBUS A-321,0
landing,JFK,04L,1786988398.67,2026-08-17T17:39:58Z,40.63575,-73.774887,28.1,3c6517,D-AIHW,A346,AIRBUS A-340-600,0
takeoff,LGA,13,1786988415.1,2026-08-17T17:40:15Z,40.781513,-73.876892,120.9,a06aba,N126HQ,E75L,EMBRAER ERJ-170-200 (long wing),0
landing,LGA,04,1786988462.5,2026-08-17T17:41:02Z,40.777897,-73.876923,30.9,a09188,N136AN,A321,AIRBUS A-321,0
takeoff,LGA,13,1786988494.51,2026-08-17T17:41:34Z,40.78149,-73.876831,120.9,abe2f6,N865RW,E170,EMBRAER ERJ-170-100,0
landing,JFK,04R,1786988504.53,2026-08-17T17:41:44Z,40.633621,-73.763939,30.9,acffbe,N937AV,A20N,AIRBUS A-320neo,0
takeoff,JFK,04L,1786988522.93,2026-08-17T17:42:02Z,40.626537,-73.782059,29.6,7380c8,4X-EDJ,B789,BOEING 787-9 Dreamliner,0
landing,LGA,04,1786988556.12,2026-08-17T17:42:36Z,40.778224,-73.876643,33.8,a1a1b6,N204JQ,E75L,EMBRAER ERJ-170-200 (long wing),0
takeoff,LGA,13,1786988588.52,2026-08-17T17:43:08Z,40.780529,-73.874817,120.9,aa7e7c,N77538,B738,BOEING 737-800,0
landing,JFK,04R,1786988618.94,2026-08-17T17:43:38Z,40.636894,-73.761368,28.1,0c2160,HP-9915CMP,B39M,BOEING 737 MAX 9,0
landing,LGA,04,1786988624.66,2026-08-17T17:43:44Z,40.776031,-73.878464,30.9,ab1122,N812DN,B739,BOEING 737-900,0
takeoff,LGA,13,1786988646.06,2026-08-17T17:44:06Z,40.777279,-73.870361,120.9,a1a1b6,N204JQ,E75L,EMBRAER ERJ-170-200 (long wing),0
landing,LGA,13,1786988647.24,2026-08-17T17:44:07Z,40.77727,-73.870338,120.9,a1a1b6,N204JQ,E75L,EMBRAER ERJ-170-200 (long wing),0
takeoff,JFK,04L,1786988659.44,2026-08-17T17:44:19Z,40.623147,-73.78471,30.9,a54cd9,N440YX,E75L,EMBRAER ERJ-170-200 (long wing),0
takeoff,LGA,13,1786988665.4,2026-08-17T17:44:25Z,40.781448,-73.876752,120.9,a4eca6,N416YX,E75L,EMBRAER ERJ-170-200 (long wing),0
landing,JFK,04R,1786988730.61,2026-08-17T17:45:30Z,40.636426,-73.761754,30.9,ad1c67,N944DZ,B739,,0
landing,LGA,04,1786988743.07,2026-08-17T17:45:43Z,40.778835,-73.876144,30.9,ab2496,N817NN,B738,BOEING 737-800,0
landing,JFK,04R,1786988815.33,2026-08-17T17:46:55Z,40.634808,-73.763034,30.9,a387f0,N3267J,BCS3,,0
landing,LGA,04,1786988837.85,2026-08-17T17:47:17Z,40.779144,-73.875894,33.8,ada699,N979RP,E170,EMBRAER ERJ-170-100,0
takeoff,JFK,04L,1786988905.05,2026-08-17T17:48:25Z,40.626308,-73.782257,30.9,a1a0c4,N2039J,A21N,AIRBUS A-321neo,0
landing,LGA,04,1786988922.16,2026-08-17T17:48:42Z,40.778457,-73.876487,33.8,a0835d,N132HQ,E75L,EMBRAER ERJ-170-200 (long wing),0
landing,JFK,04R,1786988932.32,2026-08-17T17:48:52Z,40.637124,-73.761286,25.3,a00ce0,N102HQ,E75L,EMBRAER ERJ-170-200 (long wing),0
takeoff,JFK,04L,1786988965.99,2026-08-17T17:49:25Z,40.625885,-73.782578,30.9,4ba952,TC-JJR,B77W,BOEING 777-300ER,0
landing,LGA,04,1786989013.82,2026-08-17T17:50:13Z,40.778469,-73.87645,33.8,a1a924,N206JQ,E75L,EMBRAER ERJ-170-200 (long wing),0
takeoff,LGA,04,1786989013.82,2026-08-17T17:50:13Z,40.778469,-73.87645,33.8,a1a924,N206JQ,E75L,EMBRAER ERJ-170-200 (long wing),0
landing,JFK,04R,1786989014.21,2026-08-17T17:50:14Z,40.633713,-73.763885,30.9,ab53e4,N829SK,CRJ9,BOMBARDIER Regional Jet CRJ-900,0
landing,LGA,04,1786989016.01,2026-08-17T17:50:16Z,40.778748,-73.876221,33.8,a1a924,N206JQ,E75L,EMBRAER ERJ-170-200 (long wing),0
takeoff,LGA,13,1786989046.2,2026-08-17T17:50:46Z,40.780296,-73.874318,120.9,abef98,N8685B,B738,BOEING 737-800,0
takeoff,JFK,04L,1786989089.93,2026-08-17T17:51:29Z,40.62608,-73.782432,30.9,a790b3,N587JB,A320,AIRBUS A-320,0
landing,JFK,04R,1786989098.62,2026-08-17T17:51:38Z,40.631864,-73.765328,30.9,a414e8,N362NB,A319,AIRBUS A-319,0
landing,LGA,04,1786989105.8,2026-08-17T17:51:45Z,40.776409,-73.878156,30.9,ac136d,N8775Q,B38M,BOEING 737 MAX 8,0
landing,JFK,04R,1786989171.06,2026-08-17T17:52:51Z,40.634605,-73.763199,30.9,a13386,N177DN,B763,BOEING 767-300,0
landing,LGA,04,1786989195.24,2026-08-17T17:53:15Z,40.777073,-73.877594,33.8,accb65,N923XJ,CRJ9,BOMBARDIER Regional Jet CRJ-900,0
landing,JFK,04L,1786989213.99,2026-08-17T17:53:33Z,40.635395,-73.775146,30.9,ac2dea,N884NN,B738,BOEING 737-800,0
takeoff,JFK,04L,1786989278.7,2026-08-17T17:54:38Z,40.62632,-73.782227,30.9,acc23f,N921DU,B739,BOEING 737-900,0
landing,LGA,04,1786989280.77,2026-08-17T17:54:40Z,40.776627,-73.877975,30.9,a35e6f,N316PQ,CRJ9,BOMBARDIER Regional Jet CRJ-900,0
landing,JFK,04R,1786989290.5,2026-08-17T17:54:50Z,40.633284,-73.764205,28.1,adde95,N993JE,A321,AIRBUS A-321,0
landing,LGA,04,1786989352.72,2026-08-17T17:55:52Z,40.778375,-73.876534,33.8,a38367,N3251J,BCS3,,0
takeoff,JFK,04L,1786989364.61,2026-08-17T17:56:04Z,40.626173,-73.782354,30.9,846098,JA11WJ,A35K,AIRBUS A-350-1000,0
takeoff,LGA,13,1786989384.58,2026-08-17T17:56:24Z,40.779591,-73.872849,120.9,a35ab8,N315PQ,CRJ9,BOMBARDIER Regional Jet CRJ-900,0
landing,LGA,04,1786989425.65,2026-08-17T17:57:05Z,40.777668,-73.877121,33.8,a0ad1b,N14240,B738,BOEING 737-800,0
takeoff,LGA,13,1786989469.15,2026-08-17T17:57:49Z,40.779609,-73.872913,118.1,a7cfb7,N602LR,CRJ9,BOMBARDIER Regional Jet CRJ-900,0
landing,JFK,04R,1786989502.43,2026-08-17T17:58:22Z,40.634674,-73.763153,30.9,a34d98,N3115J,BCS3,AIRBUS A220-300,0
takeoff,JFK,04L,1786989504.23,2026-08-17T17:58:24Z,40.626675,-73.781967,30.9,a02681,N109DU,BCS1,AIRBUS A220-100,0
landing,LGA,04,1786989505.24,2026-08-17T17:58:25Z,40.77903,-73.875977,33.8,abf6ae,N870DN,B739,BOEING 737-900,0
takeoff,LGA,13,1786989557.29,2026-08-17T17:59:17Z,40.77912,-73.871852,120.9,a34ae6,N311DU,BCS3,AIRBUS A220-300,0
takeoff,JFK,04L,1786989574.9,2026-08-17T17:59:34Z,40.62672,-73.781937,29.6,04c119,5Y-KZC,B788,BOEING 787-8 Dreamliner,0
landing,JFK,04L,1786989575.39,2026-08-17T17:59:35Z,40.626869,-73.781815,29.6,04c119,5Y-KZC,B788,BOEING 787-8 Dreamliner,0
takeoff,JFK,04L,1786989575.39,2026-08-17T17:59:35Z,40.626869,-73.781815,29.6,04c119,5Y-KZC,B788,BOEING 787-8 Dreamliner,0
landing,JFK,04L,1786989575.88,2026-08-17T17:59:35Z,40.627087,-73.781647,29.6,04c119,5Y-KZC,B788,BOEING 787-8 Dreamliner,0
takeoff,JFK,04L,1786989575.88,2026-08-17T17:59:35Z,40.627087,-73.781647,29.6,04c119,5Y-KZC,B788,BOEING 787-8 Dreamliner,0
landing,LGA,04,1786989623.71,2026-08-17T18:00:23Z,40.776947,-73.877731,33.8,a3cc88,N344DU,,,0
landing,JFK,04R,1786989630.63,2026-08-17T18:00:30Z,40.633816,-73.763794,30.9,a32803,N302NY,A21N,AIRBUS A-321neo,0
takeoff,LGA,13,1786989650.75,2026-08-17T18:00:50Z,40.781445,-73.87674,120.9,c00b7e,C-FEJD,E75S,EMBRAER ERJ-170-200 (short wing),0
takeoff,JFK,04L,1786989692.15,2026-08-17T18:01:32Z,40.626603,-73.782026,25.3,a8f235,N676CA,CRJ9,BOMBARDIER Regional Jet CRJ-900,0
landing,LGA,04,1786989720.06,2026-08-17T18:02:00Z,40.778858,-73.876114,30.9,a075df,N129HQ,E75L,EMBRAER ERJ-170-200 (long wing),0
takeoff,LGA,04,1786989720.41,2026-08-17T18:02:00Z,40.778927,-73.876068,30.9,a075df,N129HQ,E75L,EMBRAER ERJ-170-200 (long wing),0
landing,LGA,04,1786989721.11,2026-08-17T18:02:01Z,40.778858,-73.876114,30.9,a075df,N129HQ,E75L,EMBRAER ERJ-170-200 (long wing),0
landing,JFK,04R,1786989722.31,2026-08-17T18:02:02Z,40.634583,-73.763214,28.1,a5f162,N482PX,CRJ9,BOMBARDIER Regional Jet CRJ-900,0
landing,LGA,04,1786989787.37,2026-08-17T18:03:07Z,40.778015,-73.87683,33.8,acfe09,N936XJ,CRJ9,BOMBARDIER Regional Jet CRJ-900,0
takeoff,LGA,13,1786989825.71,2026-08-17T18:03:45Z,40.779648,-73.872986,120.9,a3472f,N310DU,BCS3,AIRBUS A220-300,0
landing,JFK,04R,1786989843.76,2026-08-17T18:04:03Z,40.634401,-73.763331,30.9,4077d4,G-VRNB,A35K,AIRBUS A-350-1000,0
takeoff,JFK,04L,1786989876.01,2026-08-17T18:04:36Z,40.626126,-73.782416,30.9,a1a458,N2048J,A21N,AIRBUS A-321neo,0
landing,LGA,04,1786989897.43,2026-08-17T18:04:57Z,40.777348,-73.877396,33.8,ab40ce,N824MD,E170,EMBRAER ERJ-170-100,0
takeoff,LGA,13,1786989923.53,2026-08-17T18:05:23Z,40.780121,-73.873959,120.9,a44291,N3739P,B738,BOEING 737-800,0
takeoff,JFK,04L,1786989940.92,2026-08-17T18:05:40Z,40.625475,-73.7829,30.9,a89fa3,N655DL,B752,BOEING 757-200,0
landing,JFK,04R,1786989972.68,2026-08-17T18:06:12Z,40.636275,-73.761895,30.9,ad52c2,N958DZ,B739,,0
landing,LGA,04,1786989989.11,2026-08-17T18:06:29Z,40.778126,-73.87674,33.8,a4e8ef,N415YX,E75L,EMBRAER ERJ-170-200 (long wing),0
takeoff,JFK,04L,1786990056.23,2026-08-17T18:07:36Z,40.625556,-73.782838,30.9,869582,JA796A,B77W,BOEING 777-300ER,0
landing,LGA,04,1786990059.96,2026-08-17T18:07:39Z,40.778252,-73.876617,33.8,a1b449,N209JQ,E75L,EMBRAER ERJ-170-200 (long wing),0
landing,JFK,04R,1786990076.14,2026-08-17T18:07:56Z,40.632725,-73.764657,30.9,ab2c0c,N819NW,A333,AIRBUS A-330-300,0
takeoff,LGA,13,1786990092.9,2026-08-17T18:08:12Z,40.78047,-73.874723,120.9,a04edb,N119NN,A321,AIRBUS A-321,0
landing,LGA,04,1786990122.53,2026-08-17T18:08:42Z,40.777072,-73.87761,33.8,a057cc,N121DZ,A321,AIRBUS A-321,0
takeoff,LGA,13,1786990164.9,2026-08-17T18:09:24Z,40.780528,-73.874817,120.9,a31486,N298PQ,CRJ9,BOMBARDIER Regional Jet CRJ-900,0
landing,JFK,04R,1786990209.95,2026-08-17T18:10:09Z,40.634205,-73.763519,30.9,a19910,N2017J,A21N,AIRBUS A-321neo,0
takeoff,JFK,04L,1786990215.51,2026-08-17T18:10:15Z,40.627235,-73.781555,30.9,71be21,HL7621,A388,AIRBUS A-380-800,0
landing,JFK,04L,1786990216.01,2026-08-17T18:10:16Z,40.627488,-73.781355,30.9,71be21,HL7621,A388,AIRBUS A-380-800,0
takeoff,JFK,04L,1786990216.01,2026-08-17T18:10:16Z,40.627488,-73.781355,30.9,71be21,HL7621,A388,AIRBUS A-380-800,0
landing,JFK,04L,1786990216.78,2026-08-17T18:10:16Z,40.627693,-73.781189,30.9,71be21,HL7621,A388,AIRBUS A-380-800,0
takeoff,JFK,04L,1786990216.78,2026-08-17T18:10:16Z,40.627693,-73.781189,30.9,71be21,HL7621,A388,AIRBUS A-380-800,0
landing,LGA,04,1786990219.52,2026-08-17T18:10:19Z,40.776292,-73.878266,33.8,a3183d,N299PQ,CRJ9,BOMBARDIER Regional Jet CRJ-900,0
takeoff,LGA,13,1786990261.18,2026-08-17T18:11:01Z,40.779522,-73.872711,120.9,ad01c0,N937XJ,CRJ9,BOMBARDIER Regional Jet CRJ-900,0
landing,LGA,04,1786990293.54,2026-08-17T18:11:33Z,40.77706,-73.87761,33.8,a2b060,N27205,B738,BOEING 737-800,0
landing,JFK,04R,1786990305.25,2026-08-17T18:11:45Z,40.63567,-73.762379,29.6,ab5257,N829AN,B789,BOEING 787-9 Dreamliner,0
takeoff,LGA,13,1786990319.5,2026-08-17T18:11:59Z,40.78149,-73.876846,123.8,ac1f61,N880RW,E170,EMBRAER ERJ-170-100,0
landing,LGA,04,1786990364.74,2026-08-17T18:12:44Z,40.776695,-73.877899,33.8,a38682,N326VN,B38M,BOEING 737 MAX 8,0
landing,JFK,04L,1786990365.57,2026-08-17T18:12:45Z,40.635786,-73.775128,0.0,a1a56d,N205JQ,E75L,EMBRAER ERJ-170-200 (long wing),0
takeoff,LGA,13,1786990396.1,2026-08-17T18:13:16Z,40.781605,-73.87706,120.9,a53f5b,N437YX,E75L,EMBRAER ERJ-170-200 (long wing),0
takeoff,JFK,04L,1786990407.47,2026-08-17T18:13:27Z,40.625633,-73.782776,30.9,a6dbf3,N541DE,A21N,AIRBUS A-321neo,0
landing,JFK,04L,1786990408.06,2026-08-17T18:13:28Z,40.625977,-73.782501,30.9,a6dbf3,N541DE,A21N,AIRBUS A-321neo,0
takeoff,JFK,04L,1786990408.06,2026-08-17T18:13:28Z,40.625977,-73.782501,30.9,a6dbf3,N541DE,A21N,AIRBUS A-321neo,0
landing,LGA,04,1786990461.5,2026-08-17T18:14:21Z,40.778119,-73.876752,30.9,a145b7,N181PQ,CRJ9,BOMBARDIER Regional Jet CRJ-900,0
landing,JFK,04R,1786990465.62,2026-08-17T18:14:25Z,40.634583,-73.763229,28.1,a38af8,N3272J,BCS3,AIRBUS A220-300,0
takeoff,LGA,13,1786990489.18,2026-08-17T18:14:49Z,40.780483,-73.874725,120.9,a0103b,N103DY,A321,AIRBUS A-321,0
takeoff,JFK,04L,1786990504.04,2026-08-17T18:15:04Z,40.623368,-73.784554,30.9,a4d04c,N409YX,E75L,EMBRAER ERJ-170-200 (long wing),0
landing,JFK,04R,1786990557.46,2026-08-17T18:15:57Z,40.633656,-73.763947,30.9,a3845c,N3258J,BCS3,,0
landing,LGA,04,1786990559.92,2026-08-17T18:15:59Z,40.775873,-73.878609,33.8,c031ba,C-FSVP,DH3T,DE HAVILLAND DHC-3 Turbo Otter,0
takeoff,JFK,04L,1786990590.69,2026-08-17T18:16:30Z,40.626766,-73.781891,30.9,a36b73,N3196J,BCS3,AIRBUS A220-300,0
takeoff,LGA,13,1786990601.07,2026-08-17T18:16:41Z,40.78054,-73.874848,120.9,a3ad6d,N336PQ,CRJ9,BOMBARDIER Regional Jet CRJ-900,0
landing,LGA,04,1786990641.31,2026-08-17T18:17:21Z,40.778562,-73.876393,33.8,ac1951,N879RW,E170,EMBRAER ERJ-170-100,0
landing,JFK,04R,1786990650.59,2026-08-17T18:17:30Z,40.638114,-73.760459,30.9,a1286c,N174DZ,B763,BOEING 767-300,0
takeoff,JFK,04L,1786990657.48,2026-08-17T18:17:37Z,40.626549,-73.782059,30.9,a38b61,N3275J,BCS3,AIRBUS A220-300,0
landing,LGA,04,1786990693.34,2026-08-17T18:18:13Z,40.777737,-73.877075,33.8,a44943,N3754A,B738,BOEING 737-800,0
takeoff,JFK,04L,1786990714.34,2026-08-17T18:18:34Z,40.62569,-73.78273,30.9,ac89f7,N907JB,A321,AIRBUS A-321,0
takeoff,LGA,13,1786990728.89,2026-08-17T18:18:48Z,40.779691,-73.873069,118.1,a32f82,N304PQ,CRJ9,BOMBARDIER Regional Jet CRJ-900,0
landing,JFK,04R,1786990767.61,2026-08-17T18:19:27Z,40.634205,-73.763519,28.1,a2af3e,N272PQ,CRJ9,BOMBARDIER Regional Jet CRJ-900,0
landing,LGA,04,1786990795.8,2026-08-17T18:19:55Z,40.778126,-73.87674,30.9,a14c70,N183GJ,CRJ9,BOMBARDIER Regional Jet CRJ-900,0
landing,JFK,04L,1786990803.41,2026-08-17T18:20:03Z,40.632597,-73.777344,30.9,acf54f,N934JB,A321,AIRBUS A-321,0
takeoff,LGA,13,1786990825.96,2026-08-17T18:20:25Z,40.781483,-73.876814,120.9,a4c8de,N407YX,E75L,EMBRAER ERJ-170-200 (long wing),0
landing,JFK,04R,1786990853.43,2026-08-17T18:20:53Z,40.635786,-73.762254,30.9,a16ff1,N192DN,B763,BOEING 767-300,0
takeoff,JFK,04L,1786990855.55,2026-08-17T18:20:55Z,40.625812,-73.782635,28.1,a5e3e4,N479PX,CRJ9,BOMBARDIER Regional Jet CRJ-900,0
landing,LGA,04,1786990898.66,2026-08-17T18:21:38Z,40.778629,-73.876312,30.9,a55f6c,N445YX,E75L,EMBRAER ERJ-170-200 (long wing),0
takeoff,JFK,04L,1786990918.15,2026-08-17T18:21:58Z,40.626941,-73.781761,30.9,4c0221,YU-ARB,A332,AIRBUS A-330-200,0
landing,JFK,04L,1786990918.64,2026-08-17T18:21:58Z,40.627178,-73.781586,30.9,4c0221,YU-ARB,A332,AIRBUS A-330-200,0
takeoff,JFK,04L,1786990918.64,2026-08-17T18:21:58Z,40.627178,-73.781586,30.9,4c0221,YU-ARB,A332,AIRBUS A-330-200,0
takeoff,LGA,13,1786990923.52,2026-08-17T18:22:03Z,40.781634,-73.877111,123.8,a41722,N36272,B738,BOEING 737-800,0
landing,JFK,04R,1786990970.44,2026-08-17T18:22:50Z,40.634159,-73.76355,28.1,ab6162,N832SK,CRJ9,BOMBARDIER Regional Jet CRJ-900,0
landing,LGA,04,1786990985.35,2026-08-17T18:23:05Z,40.778061,-73.876799,33.8,abd7d1,N862RW,E170,EMBRAER ERJ-170-100,0
takeoff,LGA,13,1786991015.1,2026-08-17T18:23:35Z,40.779691,-73.8731,120.9,a36994,N319PQ,CRJ9,BOMBARDIER Regional Jet CRJ-900,0
landing,LGA,04,1786991043.05,2026-08-17T18:24:03Z,40.776956,-73.877704,30.9,a4996b,N396DN,A321,AIRBUS A-321,0
landing,JFK,04R,1786991057.89,2026-08-17T18:24:17Z,40.63401,-73.763657,30.9,a1ddbb,N2193J,A21N,AIRBUS A-321neo,0
takeoff,JFK,04L,1786991072.76,2026-08-17T18:24:32Z,40.626278,-73.782291,30.9,a6587b,N508JL,A320,AIRBUS A-320,0
landing,LGA,04,1786991120.34,2026-08-17T18:25:20Z,40.77586,-73.878647,33.8,c080db,C-GWUS,BCS3,AIRBUS A220-300,0
takeoff,JFK,04L,1786991124.75,2026-08-17T18:25:24Z,40.625905,-73.782572,30.9,a78cfc,N586JB,A320,AIRBUS A-320,0
landing,JFK,04R,1786991161.37,2026-08-17T18:26:01Z,40.638137,-73.760849,14.1,a4da13,N411YX,E75L,EMBRAER ERJ-170-200 (long wing),0
landing,LGA,04,1786991198.82,2026-08-17T18:26:38Z,40.776546,-73.878036,33.8,a20e38,N231WN,B737,BOEING 737-700,0
landing,JFK,04R,1786991228.63,2026-08-17T18:27:08Z,40.633749,-73.763877,30.9,a3f4d7,N354NB,A319,AIRBUS A-319,0
landing,JFK,04L,1786991276.39,2026-08-17T18:27:56Z,40.635972,-73.774707,28.1,a1ecfd,N223JQ,E75L,EMBRAER ERJ-170-200 (long wing),0
landing,LGA,04,1786991281.51,2026-08-17T18:28:01Z,40.777004,-73.87764,28.1,a1584a,N186PQ,CRJ9,BOMBARDIER Regional Jet CRJ-900,0
landing,JFK,04R,1786991306.4,2026-08-17T18:28:26Z,40.635281,-73.762665,30.9,a4bf95,N405DX,A339,AIRBUS A-330-900,0
takeoff,LGA,13,1786991326.53,2026-08-17T18:28:46Z,40.779739,-73.873154,123.8,a086ce,N133EV,CRJ9,BOMBARDIER Regional Jet CRJ-900,0
takeoff,JFK,04L,1786991328.52,2026-08-17T18:28:48Z,40.626685,-73.781964,29.6,7812bd,B-1357,B789,BOEING 787-9 Dreamliner,0
landing,LGA,04,1786991364.97,2026-08-17T18:29:24Z,40.778736,-73.876237,33.8,a2147c,N233JQ,E75L,EMBRAER ERJ-170-200 (long wing),0
takeoff,LGA,13,1786991394.06,2026-08-17T18:29:54Z,40.779667,-73.873007,120.9,ace1af,N929XJ,CRJ9,BOMBARDIER Regional Jet CRJ-900,0
landing,JFK,04R,1786991407.08,2026-08-17T18:30:07Z,40.635204,-73.762722,30.9,abc651,N858NW,A332,AIRBUS A-330-200,0
landing,JFK,04L,1786991420.26,2026-08-17T18:30:20Z,40.633063,-73.776986,30.9,a392f2,N3296J,BCS3,AIRBUS A220-300,0
landing,LGA,04,1786991428.64,2026-08-17T18:30:28Z,40.777142,-73.877548,33.8,a74923,N569JB,A320,AIRBUS A-320,0
takeoff,LGA,13,1786991471.39,2026-08-17T18:31:11Z,40.780266,-73.874252,120.9,a2bec7,N276WN,B737,BOEING 737-700,0
landing,JFK,04R,1786991495.39,2026-08-17T18:31:35Z,40.636461,-73.761754,30.9,89639e,A6-EOE,A388,AIRBUS A-380-800,0
landing,JFK,04R,1786991496.3,2026-08-17T18:31:36Z,40.63678,-73.761505,30.9,89639e,A6-EOE,A388,AIRBUS A-380-800,0
landing,JFK,04R,1786991497.03,2026-08-17T18:31:37Z,40.637124,-73.761239,30.9,89639e,A6-EOE,A388,AIRBUS A-380-800,0
landing,LGA,04,1786991508.85,2026-08-17T18:31:48Z,40.777363,-73.877361,33.8,a3962d,N330DU,BCS3,,0
landing,JFK,04L,1786991524.4,2026-08-17T18:32:04Z,40.631618,-73.778122,30.9,a014c9,N104NN,A321,AIRBUS A-321,0
takeoff,LGA,13,1786991538.46,2026-08-17T18:32:18Z,40.781662,-73.877182,120.9,ac159a,N878RW,E170,EMBRAER ERJ-170-100,0
takeoff,JFK,04L,1786991584.52,2026-08-17T18:33:04Z,40.626627,-73.781995,30.9,aca79d,N914XJ,CRJ9,BOMBARDIER Regional Jet CRJ-900,0
landing,LGA,04,1786991607.98,2026-08-17T18:33:27Z,40.77919,-73.875847,33.8,a5307f,N433YX,E75L,EMBRAER ERJ-170-200 (long wing),0
takeoff,LGA,13,1786991646.63,2026-08-17T18:34:06Z,40.780075,-73.873865,120.9,ad5fea,N961AN,B738,BOEING 737-800,0
landing,JFK,04R,1786991648.91,2026-08-17T18:34:08Z,40.634846,-73.763016,30.9,4cadc6,EI-HJN,A339,AIRBUS A-330-900,0
landing,LGA,04,1786991680.6,2026-08-17T18:34:40Z,40.777279,-73.877426,33.8,a0433b,N116HQ,E75L,EMBRAER ERJ-170-200 (long wing),0
takeoff,LGA,13,1786991700.24,2026-08-17T18:35:00Z,40.782028,-73.87796,120.9,abd063,N860RW,E170,EMBRAER ERJ-170-100,0
landing,JFK,04L,1786991703.91,2026-08-17T18:35:03Z,40.632516,-73.777422,30.9,acb2c2,N917XJ,CRJ9,BOMBARDIER Regional Jet CRJ-900,0
landing,LGA,04,1786991763.94,2026-08-17T18:36:03Z,40.778172,-73.876694,33.8,a20957,N230JQ,E75L,EMBRAER ERJ-170-200 (long wing),0
landing,JFK,04R,1786991810.26,2026-08-17T18:36:50Z,40.63091,-73.766077,30.9,a93eb8,N695QS,C68A,CESSNA 680 Citation Latitude,0
landing,JFK,04L,1786991823.5,2026-08-17T18:37:03Z,40.632155,-73.777688,30.9,a44e1c,N377DE,B738,BOEING 737-800,0
landing,LGA,04,1786991873.99,2026-08-17T18:37:53Z,40.776192,-73.878357,30.9,a89597,N652QS,C68A,CESSNA 680 Citation Latitude,0
landing,JFK,04R,1786991880.21,2026-08-17T18:38:00Z,40.636368,-73.761832,30.9,a124b5,N173DZ,B763,BOEING 767-300,0
takeoff,JFK,04L,1786991887.16,2026-08-17T18:38:07Z,40.626343,-73.782227,30.9,ab5975,N830MH,B764,BOEING 767-400,0
landing,LGA,04,1786991946.48,2026-08-17T18:39:06Z,40.777451,-73.877304,30.9,a08317,N132EV,CRJ9,BOMBARDIER Regional Jet CRJ-900,0
landing,JFK,04R,1786991961.9,2026-08-17T18:39:21Z,40.636798,-73.761474,30.9,aaaa92,N787AL,B772,BOEING 777-200,0
takeoff,LGA,13,1786991991.05,2026-08-17T18:39:51Z,40.780312,-73.874374,120.9,a466d2,N383DZ,A321,AIRBUS A-321,0
landing,LGA,04,1786992056.37,2026-08-17T18:40:56Z,40.778271,-73.876627,30.9,a34bdc,N311PQ,CRJ9,BOMBARDIER Regional Jet CRJ-900,0
landing,JFK,04R,1786992058.24,2026-08-17T18:40:58Z,40.635555,-73.762451,30.9,ab1979,N814NW,A333,AIRBUS A-330-300,0
takeoff,LGA,13,1786992088.31,2026-08-17T18:41:28Z,40.780552,-73.874863,120.9,a897f4,N653AW,A320,AIRBUS A-320,0
landing,JFK,04L,1786992114.08,2026-08-17T18:41:54Z,40.637497,-73.773505,30.9,a1ff90,N228JQ,E75L,EMBRAER ERJ-170-200 (long wing),0
landing,LGA,04,1786992122.92,2026-08-17T18:42:02Z,40.778631,-73.876331,33.8,ac4a44,N891NN,B738,BOEING 737-800,0
takeoff,LGA,13,1786992142.79,2026-08-17T18:42:22Z,40.781867,-73.877626,120.9,a1a924,N206JQ,E75L,EMBRAER ERJ-170-200 (long wing),0
landing,JFK,04R,1786992183.78,2026-08-17T18:43:03Z,40.633896,-73.763733,30.9,a0428a,N116AN,A321,AIRBUS A-321,0
landing,LGA,04,1786992208.36,2026-08-17T18:43:28Z,40.778229,-73.876663,28.1,a7cc00,N601LR,CRJ9,BOMBARDIER Regional Jet CRJ-900,0
takeoff,LGA,13,1786992228.25,2026-08-17T18:43:48Z,40.781704,-73.877298,120.9,a4c527,N406YX,E75L,EMBRAER ERJ-170-200 (long wing),0
landing,JFK,04R,1786992257.36,2026-08-17T18:44:17Z,40.633935,-73.763705,30.9,4b1882,HB-JHI,A333,AIRBUS A-330-300,0
landing,JFK,04L,1786992280.84,2026-08-17T18:44:40Z,40.633144,-73.776923,29.6,485b43,PH-BKC,B78X,BOEING 787-10 Dreamliner,0
landing,LGA,04,1786992302.43,2026-08-17T18:45:02Z,40.776606,-73.877969,30.9,acfa52,N935XJ,CRJ9,BOMBARDIER Regional Jet CRJ-900,0
takeoff,LGA,13,1786992347.79,2026-08-17T18:45:47Z,40.779935,-73.873568,120.9,a6a00b,N526JL,A320,AIRBUS A-320,0
landing,JFK,04R,1786992363.83,2026-08-17T18:46:03Z,40.634226,-73.763502,30.9,4caeb8,EI-TYB,A339,AIRBUS A-330-900,0
takeoff,JFK,04L,1786992367.13,2026-08-17T18:46:07Z,40.625839,-73.782623,30.9,abfe1c,N872DN,B739,BOEING 737-900,0
landing,LGA,04,1786992408.14,2026-08-17T18:46:48Z,40.778229,-73.876648,33.8,a8a490,N656RW,E170,EMBRAER ERJ-170-100,0
landing,LGA,04,1786992461.62,2026-08-17T18:47:41Z,40.775955,-73.878547,33.8,a5a30a,N462WN,B737,BOEING 737-700,0
landing,JFK,04R,1786992464.59,2026-08-17T18:47:44Z,40.635338,-73.762604,30.9,abd3cf,N861NW,A332,AIRBUS A-330-200,0
landing,JFK,04L,1786992483.68,2026-08-17T18:48:03Z,40.632305,-73.777588,30.9,ac74f9,N901XJ,CRJ9,BOMBARDIER Regional Jet CRJ-900,0
takeoff,LGA,13,1786992497.73,2026-08-17T18:48:17Z,40.781616,-73.877106,120.9,a88d4d,N650FX,GLF6,GULFSTREAM G650,0
takeoff,JFK,13R,1786992504.46,2026-08-17T18:48:24Z,40.641769,-73.794052,165.9,4cadc6,EI-HJN,A339,AIRBUS A-330-900,0
takeoff,JFK,04L,1786992537.96,2026-08-17T18:48:57Z,40.626673,-73.781979,28.1,a3c259,N341PQ,CRJ9,BOMBARDIER Regional Jet CRJ-900,0
landing,LGA,04,1786992554.67,2026-08-17T18:49:14Z,40.778224,-73.876643,28.1,a15b4c,N187GJ,CRJ9,BOMBARDIER Regional Jet CRJ-900,0
landing,JFK,04R,1786992557.24,2026-08-17T18:49:17Z,40.636551,-73.761673,30.9,ab5365,N829MH,B764,BOEING 767-400,0
takeoff,LGA,13,1786992589.36,2026-08-17T18:49:49Z,40.78061,-73.875129,120.9,c010e4,C-FGKH,A320,AIRBUS A-320,0
takeoff,JFK,04L,1786992590.28,2026-08-17T18:49:50Z,40.625952,-73.782541,30.9,a777bf,N580UW,A321,AIRBUS A-321,0
landing,LGA,04,1786992646.7,2026-08-17T18:50:46Z,40.780827,-73.874512,30.9,adb29f,N982AN,B738,BOEING 737-800,0
takeoff,JFK,04L,1786992649.92,2026-08-17T18:50:49Z,40.623287,-73.784607,30.9,a0345f,N112HQ,E75L,EMBRAER ERJ-170-200 (long wing),0
landing,JFK,04R,1786992650.36,2026-08-17T18:50:50Z,40.634377,-73.763351,30.9,4005c1,G-RAES,B772,BOEING 777-200,0
takeoff,LGA,13,1786992681.48,2026-08-17T18:51:21Z,40.779935,-73.873568,120.9,aa7e51,N77520,B738,BOEING 737-800,0
takeoff,JFK,04L,1786992720.32,2026-08-17T18:52:00Z,40.627281,-73.781494,30.9,a37fd3,N3242J,BCS3,,0
landing,LGA,04,1786992729.25,2026-08-17T18:52:09Z,40.776569,-73.878036,30.9,c066f4,C-GMZR,BCS3,AIRBUS A220-300,0
takeoff,LGA,13,1786992770.5,2026-08-17T18:52:50Z,40.781445,-73.876694,120.9,a08e82,N135HQ,E75L,EMBRAER ERJ-170-200 (long wing),0
takeoff,JFK,04L,1786992777.69,2026-08-17T18:52:57Z,40.626709,-73.781952,30.9,acb679,N918XJ,CRJ9,BOMBARDIER Regional Jet CRJ-900,0
landing,JFK,04R,1786992782.25,2026-08-17T18:53:02Z,40.635576,-73.762441,30.9,a4ccba,N4080J,A21N,,0
landing,LGA,04,1786992826.18,2026-08-17T18:53:46Z,40.776828,-73.877829,33.8,a63b04,N500MA,F2TH,DASSAULT Falcon 2000,0
landing,JFK,04R,1786992858.76,2026-08-17T18:54:18Z,40.633575,-73.763986,30.9,a5fef4,N486AS,B739,BOEING 737-900,0
takeoff,JFK,31L,1786992884.95,2026-08-17T18:54:44Z,40.633896,-73.78476,300.9,a03816,N113HQ,E75L,EMBRAER ERJ-170-200 (long wing),0
landing,LGA,04,1786992903.78,2026-08-17T18:55:03Z,40.77816,-73.876694,33.8,a50549,N422YX,E75L,EMBRAER ERJ-170-200 (long wing),0
landing,JFK,04R,1786992950.79,2026-08-17T18:55:50Z,40.632574,-73.764782,30.9,a403b3,N358NB,A319,AIRBUS A-319,0
landing,LGA,04,1786992974.98,2026-08-17T18:56:14Z,40.777165,-73.877532,33.8,aa56d4,N76522,B738,BOEING 737-800,0
takeoff,LGA,13,1786993014.18,2026-08-17T18:56:54Z,40.779613,-73.872894,120.9,a3b124,N337PQ,CRJ9,BOMBARDIER Regional Jet CRJ-900,0
landing,JFK,04R,1786993041.72,2026-08-17T18:57:21Z,40.63553,-73.762488,30.9,a13af4,N179DN,B763,BOEING 767-300,0
landing,LGA,04,1786993066.47,2026-08-17T18:57:46Z,40.777735,-73.877048,30.9,a39723,N330PQ,CRJ9,BOMBARDIER Regional Jet CRJ-900,0
takeoff,JFK,31L,1786993068.37,2026-08-17T18:57:48Z,40.633505,-73.78393,303.8,a00ce0,N102HQ,E75L,EMBRAER ERJ-170-200 (long wing),0
landing,LGA,04,1786993162.37,2026-08-17T18:59:22Z,40.776199,-73.878359,30.9,aca3a3,N913US,A321,AIRBUS A-321,0
landing,JFK,04R,1786993169.08,2026-08-17T18:59:29Z,40.636505,-73.761719,30.9,a01f73,N107HQ,E75L,EMBRAER ERJ-170-200 (long wing),0
takeoff,LGA,13,1786993199.76,2026-08-17T18:59:59Z,40.780003,-73.873734,120.9,a35e6f,N316PQ,CRJ9,BOMBARDIER Regional Jet CRJ-900,0
takeoff,JFK,04L,1786993221.55,2026-08-17T19:00:21Z,40.626789,-73.781876,30.9,ac92b1,N909XJ,CRJ9,BOMBARDIER Regional Jet CRJ-900,0
landing,JFK,04R,1786993237.59,2026-08-17T19:00:37Z,40.634564,-73.763237,30.9,a1dab3,N2188J,A21N,AIRBUS A-321neo,0
landing,LGA,04,1786993240.13,2026-08-17T19:00:40Z,40.776595,-73.878,33.8,a3a9eb,N335RT,B38M,BOEING 737 MAX 8,0
takeoff,JFK,04L,1786993263.43,2026-08-17T19:01:03Z,40.626503,-73.782104,28.1,ab53e4,N829SK,CRJ9,BOMBARDIER Regional Jet CRJ-900,0
takeoff,LGA,13,1786993267.5,2026-08-17T19:01:07Z,40.781696,-73.877258,120.9,a075df,N129HQ,E75L,EMBRAER ERJ-170-200 (long wing),0
landing,JFK,04R,1786993318.69,2026-08-17T19:01:58Z,40.633807,-73.76383,30.9,ad1927,N943JT,A321,AIRBUS A-321,0
landing,LGA,04,1786993337.8,2026-08-17T19:02:17Z,40.777222,-73.877487,33.8,a44969,N3755D,B738,BOEING 737-800,0
landing,JFK,04L,1786993355.86,2026-08-17T19:02:35Z,40.634098,-73.776174,30.9,a74f33,N570JB,A320,AIRBUS A-320,0
takeoff,LGA,13,1786993377.16,2026-08-17T19:02:57Z,40.780174,-73.8741,120.9,ac1a44,N8791D,B38M,,0
landing,JFK,04R,1786993400.77,2026-08-17T19:03:20Z,40.634913,-73.762956,30.9,a4c592,N4062J,A21N,AIRBUS A-321neo,0
landing,LGA,04,1786993493.5,2026-08-17T19:04:53Z,40.77879,-73.876205,30.9,a05827,N121HQ,E75L,EMBRAER ERJ-170-200 (long wing),0
landing,JFK,04R,1786993505.42,2026-08-17T19:05:05Z,40.638748,-73.760696,5.6,a04aa9,N118HQ,E75L,EMBRAER ERJ-170-200 (long wing),0
takeoff,LGA,13,1786993527.43,2026-08-17T19:05:27Z,40.780331,-73.874396,120.9,a0c42c,N149AN,A321,AIRBUS A-321,0
landing,JFK,04R,1786993559.27,2026-08-17T19:05:59Z,40.632911,-73.764501,30.9,344305,EC-LUK,A333,AIRBUS A-330-300,0
landing,LGA,04,1786993615.42,2026-08-17T19:06:55Z,40.778934,-73.876065,33.8,acda41,N927XJ,CRJ9,BOMBARDIER Regional Jet CRJ-900,0
takeoff,LGA,13,1786993636.1,2026-08-17T19:07:16Z,40.781708,-73.877319,120.9,a1b449,N209JQ,E75L,EMBRAER ERJ-170-200 (long wing),0
landing,JFK,04R,1786993682.88,2026-08-17T19:08:02Z,40.63393,-73.763733,30.9,ad5c33,N960AN,B738,BOEING 737-800,0
takeoff,LGA,13,1786993713.01,2026-08-17T19:08:33Z,40.781657,-73.877189,120.9,abc2e5,N857RW,E170,EMBRAER ERJ-170-100,0
landing,JFK,04L,1786993715.09,2026-08-17T19:08:35Z,40.633747,-73.776428,30.9,a1a3cc,N2044J,A21N,AIRBUS A-321neo,0
takeoff,LGA,04,1786993782.82,2026-08-17T19:09:42Z,40.78004,-73.880201,70.3,a210c5,N232JQ,E75L,EMBRAER ERJ-170-200 (long wing),0
landing,JFK,04R,1786993784.98,2026-08-17T19:09:44Z,40.634594,-73.763199,30.9,aaa326,N785AN,B772,BOEING 777-200,0
takeoff,JFK,04R,1786993784.98,2026-08-17T19:09:44Z,40.634594,-73.763199,30.9,aaa326,N785AN,B772,BOEING 777-200,0
landing,JFK,04R,1786993785.47,2026-08-17T19:09:45Z,40.634731,-73.763092,30.9,aaa326,N785AN,B772,BOEING 777-200,0
landing,LGA,13,1786993796.85,2026-08-17T19:09:56Z,40.780094,-73.879852,81.6,a210c5,N232JQ,E75L,EMBRAER ERJ-170-200 (long wing),0
landing,LGA,04,1786993801.18,2026-08-17T19:10:01Z,40.77841,-73.876502,30.9,ac2bd4,N88330,E75L,EMBRAER ERJ-170-200 (long wing),0
takeoff,LGA,13,1786993848.65,2026-08-17T19:10:48Z,40.779155,-73.87193,120.9,a3c163,N341DU,BCS3,AIRBUS A220-300,0
landing,JFK,04R,1786993857.84,2026-08-17T19:10:57Z,40.63475,-73.763065,30.9,7103d8,HZ-AK42,B77W,BOEING 777-300ER,0
takeoff,JFK,04L,1786993916.74,2026-08-17T19:11:56Z,40.626755,-73.781921,30.9,a387f0,N3267J,BCS3,,0
landing,LGA,04,1786993920.12,2026-08-17T19:12:00Z,40.776059,-73.878453,33.8,a32ad5,N303DU,BCS3,AIRBUS A220-300,0
landing,JFK,04R,1786993948.17,2026-08-17T19:12:28Z,40.632318,-73.764969,30.9,407994,G-STBO,B77W,BOEING 777-300ER,0
takeoff,LGA,13,1786993963.43,2026-08-17T19:12:43Z,40.780016,-73.87374,120.9,accb65,N923XJ,CRJ9,BOMBARDIER Regional Jet CRJ-900,0
landing,JFK,04L,1786994008.29,2026-08-17T19:13:28Z,40.632545,-73.777374,28.1,a09961,N138EV,CRJ9,BOMBARDIER Regional Jet CRJ-900,0
takeoff,JFK,31L,1786994011.23,2026-08-17T19:13:31Z,40.635132,-73.78746,300.9,ac2dea,N884NN,B738,BOEING 737-800,0
landing,LGA,04,1786994021.91,2026-08-17T19:13:41Z,40.777759,-73.877048,33.8,a1d811,N218JQ,E75S,EMBRAER ERJ-170-200 (short wing),0
takeoff,LGA,13,1786994042.87,2026-08-17T19:14:02Z,40.781553,-73.877002,120.9,a210c5,N232JQ,E75L,EMBRAER ERJ-170-200 (long wing),0
takeoff,JFK,04L,1786994070.8,2026-08-17T19:14:30Z,40.626457,-73.782135,30.9,a3871e,N3261J,BCS3,,0
landing,JFK,04R,1786994089.21,2026-08-17T19:14:49Z,40.63599,-73.762115,30.9,a3b8e1,N339SU,B38M,BOEING 737 MAX 8,0
takeoff,JFK,04L,1786994127.59,2026-08-17T19:15:27Z,40.627167,-73.78157,30.9,a38836,N3269J,BCS3,AIRBUS A220-300,0
landing,JFK,04R,1786994177.71,2026-08-17T19:16:17Z,40.635693,-73.762363,30.9,3c7a47,D-ANRG,A339,AIRBUS A-330-900,0
takeoff,LGA,13,1786994185.0,2026-08-17T19:16:25Z,40.780598,-73.874939,120.9,ab2496,N817NN,B738,BOEING 737-800,0
landing,LGA,04,1786994215.22,2026-08-17T19:16:55Z,40.776798,-73.877853,30.9,a245fb,N24573,,,0
landing,JFK,04L,1786994226.64,2026-08-17T19:17:06Z,40.637287,-73.77413,5.6,a53436,N434YX,E75L,EMBRAER ERJ-170-200 (long wing),0
takeoff,LGA,13,1786994287.23,2026-08-17T19:18:07Z,40.780028,-73.873771,120.9,a09188,N136AN,A321,AIRBUS A-321,0
landing,JFK,04R,1786994288.27,2026-08-17T19:18:08Z,40.635344,-73.762582,30.9,a17ecd,N196DN,B763,BOEING 767-300,0
takeoff,JFK,04L,1786994288.44,2026-08-17T19:18:08Z,40.625977,-73.782516,30.9,a7816a,N583DT,A21N,,0
landing,LGA,04,1786994335.81,2026-08-17T19:18:55Z,40.778343,-73.876556,33.8,ab1203,N812NN,B738,BOEING 737-800,0
takeoff,JFK,31L,1786994345.29,2026-08-17T19:19:05Z,40.635773,-73.78891,300.9,a15397,N185DN,B763,BOEING 767-300,0
landing,JFK,04R,1786994368.26,2026-08-17T19:19:28Z,40.635967,-73.762131,30.9,06a2af,A7-BEK,B77W,BOEING 777-300ER,0
takeoff,LGA,13,1786994378.61,2026-08-17T19:19:38Z,40.780331,-73.874442,120.9,a42e13,N369DN,A321,AIRBUS A-321,0
landing,JFK,04L,1786994435.79,2026-08-17T19:20:35Z,40.632469,-73.777469,30.9,a83108,N627JB,A320,AIRBUS A-320,0
landing,LGA,04,1786994452.55,2026-08-17T19:20:52Z,40.778271,-73.876612,33.8,a00929,N101HQ,E75L,EMBRAER ERJ-170-200 (long wing),0
takeoff,LGA,13,1786994477.04,2026-08-17T19:21:17Z,40.781599,-73.877033,120.9,ada699,N979RP,E170,EMBRAER ERJ-170-100,0
landing,JFK,04R,1786994508.12,2026-08-17T19:21:48Z,40.634529,-73.763253,30.9,aac7ab,N794JB,A320,AIRBUS A-320,0
landing,LGA,04,1786994537.16,2026-08-17T19:22:17Z,40.778096,-73.876783,33.8,a89d22,N654RW,E170,EMBRAER ERJ-170-100,0
landing,JFK,04R,1786994599.87,2026-08-17T19:23:19Z,40.634331,-73.763409,30.9,4a91b2,SE-DMR,A21N,AIRBUS A-321neo,0
takeoff,JFK,04L,1786994606.96,2026-08-17T19:23:26Z,40.626161,-73.782354,30.9,a39b39,N331TK,B38M,BOEING 737 MAX 8,0
takeoff,JFK,31L,1786994608.05,2026-08-17T19:23:28Z,40.636275,-73.790032,300.9,a34d98,N3115J,BCS3,AIRBUS A220-300,0
takeoff,LGA,13,1786994633.31,2026-08-17T19:23:53Z,40.779636,-73.872955,120.9,a48e3a,N393DA,B738,BOEING 737-800,0
takeoff,JFK,04L,1786994670.95,2026-08-17T19:24:30Z,40.627167,-73.781601,30.9,780204,B-KPD,B77W,BOEING 777-300ER,0
landing,JFK,04R,1786994688.59,2026-08-17T19:24:48Z,40.633461,-73.764069,25.3,a2000d,N228PQ,CRJ9,BOMBARDIER Regional Jet CRJ-900,0
takeoff,LGA,13,1786994698.9,2026-08-17T19:24:58Z,40.779912,-73.873537,120.9,a426a5,N367DN,A321,AIRBUS A-321,0
takeoff,JFK,31L,1786994765.59,2026-08-17T19:26:05Z,40.635727,-73.788803,300.9,addadb,N992JB,A321,AIRBUS A-321,0
takeoff,LGA,13,1786994768.4,2026-08-17T19:26:08Z,40.779667,-73.873007,120.9,a38367,N3251J,BCS3,,0
landing,JFK,04L,1786994773.27,2026-08-17T19:26:13Z,40.632545,-73.77739,30.9,ac7a33,N9029F,A319,AIRBUS A-319,0
landing,LGA,04,1786994816.73,2026-08-17T19:26:56Z,40.776339,-73.878235,33.8,a264a4,N253WN,B737,BOEING 737-700,0
landing,JFK,04R,1786994831.13,2026-08-17T19:27:11Z,40.63306,-73.764389,30.9,4066ab,G-VRAY,A333,AIRBUS A-330-300,0
takeoff,LGA,13,1786994849.31,2026-08-17T19:27:29Z,40.781628,-73.877121,120.9,abd7d1,N862RW,E170,EMBRAER ERJ-170-100,0
landing,JFK,04L,1786994893.59,2026-08-17T19:28:13Z,40.631806,-73.777953,30.9,a788d3,N585DN,A21N,,0
takeoff,JFK,31L,1786994917.92,2026-08-17T19:28:37Z,40.635326,-73.787933,300.9,0d0b7c,XA-VIH,A20N,AIRBUS A-320neo,0
landing,LGA,04,1786994939.57,2026-08-17T19:28:59Z,40.776793,-73.87786,33.8,a377a2,N322VJ,B38M,BOEING 737 MAX 8,0
landing,JFK,04R,1786994964.33,2026-08-17T19:29:24Z,40.635251,-73.762691,30.9,3c6713,D-AIXS,A359,AIRBUS A-350-900,0
takeoff,JFK,04L,1786994966.25,2026-08-17T19:29:26Z,40.626423,-73.782166,30.9,89659b,A6-XWE,A35K,AIRBUS A-350-1000,0
takeoff,LGA,13,1786994988.48,2026-08-17T19:29:48Z,40.780025,-73.873764,120.9,ab1122,N812DN,B739,BOEING 737-900,0
takeoff,LGA,13,1786995061.0,2026-08-17T19:31:01Z,40.781657,-73.877173,120.9,a0835d,N132HQ,E75L,EMBRAER ERJ-170-200 (long wing),0
landing,JFK,04R,1786995072.82,2026-08-17T19:31:12Z,40.634388,-73.763367,30.9,a4f5f0,N419DX,A339,AIRBUS A-330-900,0
takeoff,JFK,31L,1786995077.63,2026-08-17T19:31:17Z,40.633644,-73.784241,300.9,a1a56d,N205JQ,E75L,EMBRAER ERJ-170-200 (long wing),0
landing,LGA,04,1786995108.93,2026-08-17T19:31:48Z,40.777107,-73.877594,33.8,a0540a,N120DN,A321,AIRBUS A-321,0
takeoff,JFK,04L,1786995149.87,2026-08-17T19:32:29Z,40.626171,-73.782349,30.9,a414e8,N362NB,A319,AIRBUS A-319,0
takeoff,LGA,13,1786995156.85,2026-08-17T19:32:36Z,40.779981,-73.873678,120.9,ac136d,N8775Q,B38M,BOEING 737 MAX 8,0
landing,JFK,04R,1786995197.37,2026-08-17T19:33:17Z,40.63404,-73.763643,30.9,a16273,N189DN,B763,BOEING 767-300,0
takeoff,JFK,04L,1786995202.42,2026-08-17T19:33:22Z,40.626638,-73.782011,33.8,ab4c76,N827SK,CRJ9,BOMBARDIER Regional Jet CRJ-900,0
landing,LGA,04,1786995256.78,2026-08-17T19:34:16Z,40.77816,-73.876709,28.1,a7d725,N604LR,CRJ9,BOMBARDIER Regional Jet CRJ-900,0
landing,JFK,04R,1786995274.84,2026-08-17T19:34:34Z,40.6348,-73.763046,30.9,a1863b,N198DN,B763,BOEING 767-300,0
takeoff,LGA,13,1786995290.06,2026-08-17T19:34:50Z,40.781041,-73.875894,120.9,a89597,N652QS,C68A,CESSNA 680 Citation Latitude,0
landing,JFK,04L,1786995316.67,2026-08-17T19:35:16Z,40.635235,-73.775284,30.9,ab03a4,N809DN,B739,BOEING 737-900,0
takeoff,LGA,13,1786995368.77,2026-08-17T19:36:08Z,40.779842,-73.873398,123.8,a3183d,N299PQ,CRJ9,BOMBARDIER Regional Jet CRJ-900,0
landing,JFK,04R,1786995393.09,2026-08-17T19:36:33Z,40.635541,-73.762457,30.9,a00d5b,N102NN,A321,AIRBUS A-321,0
landing,LGA,04,1786995407.1,2026-08-17T19:36:47Z,40.776618,-73.877954,30.9,a21142,N232PQ,CRJ9,BOMBARDIER Regional Jet CRJ-900,0
landing,JFK,04L,1786995441.99,2026-08-17T19:37:21Z,40.633703,-73.776471,30.9,a38fa4,N3289J,,,0
takeoff,LGA,13,1786995453.91,2026-08-17T19:37:33Z,40.779934,-73.87355,120.9,acfe09,N936XJ,CRJ9,BOMBARDIER Regional Jet CRJ-900,0
takeoff,JFK,04L,1786995496.05,2026-08-17T19:38:16Z,40.626592,-73.782026,30.9,0c2160,HP-9915CMP,B39M,BOEING 737 MAX 9,0
landing,JFK,04R,1786995499.82,2026-08-17T19:38:19Z,40.63702,-73.761307,28.1,a24720,N246JQ,E75L,EMBRAER ERJ-170-200 (long wing),0
landing,LGA,04,1786995552.51,2026-08-17T19:39:12Z,40.776958,-73.877701,30.9,abd41a,N861RW,E170,EMBRAER ERJ-170-100,0
landing,JFK,04R,1786995569.02,2026-08-17T19:39:29Z,40.636601,-73.761645,30.9,394a04,F-GSQE,B77W,BOEING 777-300ER,0
takeoff,LGA,13,1786995589.5,2026-08-17T19:39:49Z,40.779853,-73.873412,120.9,a46310,N382DN,A321,AIRBUS A-321,0
takeoff,JFK,04L,1786995641.76,2026-08-17T19:40:41Z,40.626457,-73.782135,30.9,ad1c67,N944DZ,B739,,0
landing,LGA,04,1786995668.9,2026-08-17T19:41:08Z,40.776187,-73.878344,30.9,a591d5,N458WN,B737,BOEING 737-700,0
takeoff,JFK,31L,1786995701.93,2026-08-17T19:41:41Z,40.636368,-73.790237,303.8,a392f2,N3296J,BCS3,AIRBUS A220-300,0
takeoff,LGA,13,1786995703.56,2026-08-17T19:41:43Z,40.781605,-73.877075,120.9,a046f2,N117HQ,E75L,EMBRAER ERJ-170-200 (long wing),0
landing,JFK,04R,1786995718.57,2026-08-17T19:41:58Z,40.634811,-73.763016,30.9,aca948,N915AK,B39M,BOEING 737 MAX 9,0
landing,JFK,04L,1786995749.65,2026-08-17T19:42:29Z,40.633924,-73.776299,28.1,a3a9ff,N335SN,B38M,BOEING 737 MAX 8,0
landing,LGA,04,1786995798.08,2026-08-17T19:43:18Z,40.778606,-73.876343,30.9,a1b092,N208JQ,E75L,EMBRAER ERJ-170-200 (long wing),0
takeoff,LGA,13,1786995825.19,2026-08-17T19:43:45Z,40.781742,-73.877365,120.9,a2147c,N233JQ,E75L,EMBRAER ERJ-170-200 (long wing),0
landing,JFK,04R,1786995855.19,2026-08-17T19:44:15Z,40.634056,-73.763611,30.9,738075,4X-ECE,B772,BOEING 777-200,0
landing,LGA,04,1786995866.91,2026-08-17T19:44:26Z,40.776537,-73.878016,30.9,abe7c5,N8662F,B738,BOEING 737-800,0
takeoff,JFK,04L,1786995889.6,2026-08-17T19:44:49Z,40.625987,-73.78251,30.9,acffbe,N937AV,A20N,AIRBUS A-320neo,0
takeoff,LGA,13,1786995898.62,2026-08-17T19:44:58Z,40.781685,-73.877228,120.9,a4e8ef,N415YX,E75L,EMBRAER ERJ-170-200 (long wing),0
landing,LGA,04,1786995970.87,2026-08-17T19:46:10Z,40.777966,-73.876877,30.9,a095aa,N137EV,CRJ9,BOMBARDIER Regional Jet CRJ-900,0
landing,JFK,04R,1786995973.87,2026-08-17T19:46:13Z,40.634378,-73.763377,30.9,ab6c08,N835MH,B764,BOEING 767-400,0
landing,JFK,04L,1786996008.79,2026-08-17T19:46:48Z,40.634514,-73.775833,25.3,a18380,N197PQ,CRJ9,BOMBARDIER Regional Jet CRJ-900,0
takeoff,LGA,13,1786996010.29,2026-08-17T19:46:50Z,40.780083,-73.873901,120.9,a38682,N326VN,B38M,BOEING 737 MAX 8,0
landing,LGA,04,1786996052.52,2026-08-17T19:47:32Z,40.777119,-73.877563,30.9,a96ba2,N706JB,A320,AIRBUS A-320,0
takeoff,JFK,04L,1786996070.26,2026-08-17T19:47:50Z,40.626492,-73.782104,30.9,ac45ac,N890DN,B739,BOEING 737-900,0
takeoff,LGA,13,1786996082.0,2026-08-17T19:48:02Z,40.781822,-73.877518,120.9,ab40ce,N824MD,E170,EMBRAER ERJ-170-100,0
landing,JFK,04R,1786996085.47,2026-08-17T19:48:05Z,40.637217,-73.761146,30.9,8966d3,A6-XWJ,A35K,AIRBUS A-350-1000,0
landing,JFK,04R,1786996085.8,2026-08-17T19:48:05Z,40.637352,-73.761047,30.9,8966d3,A6-XWJ,A35K,AIRBUS A-350-1000,0
takeoff,JFK,04L,1786996128.14,2026-08-17T19:48:48Z,40.626406,-73.782198,30.9,a19d0d,N2029J,A21N,AIRBUS A-321neo,0
takeoff,LGA,13,1786996129.88,2026-08-17T19:48:49Z,40.782108,-73.878128,120.9,a1d45a,N217JQ,E75L,EMBRAER ERJ-170-200 (long wing),0
landing,LGA,04,1786996149.22,2026-08-17T19:49:09Z,40.778927,-73.876099,30.9,a4bdb9,N404YX,E75L,EMBRAER ERJ-170-200 (long wing),0
landing,JFK,04R,1786996161.9,2026-08-17T19:49:21Z,40.634628,-73.763184,29.6,4075c1,G-CKWN,B789,BOEING 787-9 Dreamliner,0
landing,JFK,04R,1786996163.54,2026-08-17T19:49:23Z,40.635201,-73.762741,29.6,4075c1,G-CKWN,B789,BOEING 787-9 Dreamliner,0
landing,LGA,04,1786996254.64,2026-08-17T19:50:54Z,40.779015,-73.876003,33.8,a4cc95,N408YX,E75L,EMBRAER ERJ-170-200 (long wing),0
takeoff,JFK,04L,1786996261.38,2026-08-17T19:51:01Z,40.626289,-73.782276,30.9,a3f4d7,N354NB,A319,AIRBUS A-319,0
takeoff,LGA,13,1786996278.15,2026-08-17T19:51:18Z,40.781708,-73.877274,120.9,ac1951,N879RW,E170,EMBRAER ERJ-170-100,0
landing,JFK,04R,1786996322.09,2026-08-17T19:52:02Z,40.633586,-73.76397,28.1,a801a9,N615DN,A21N,AIRBUS A-321neo,0
landing,LGA,04,1786996354.88,2026-08-17T19:52:34Z,40.777293,-73.877423,33.8,a7de93,N606LR,CRJ9,BOMBARDIER Regional Jet CRJ-900,0
takeoff,LGA,13,1786996391.28,2026-08-17T19:53:11Z,40.780249,-73.874255,120.9,a44943,N3754A,B738,BOEING 737-800,0
landing,JFK,04R,1786996409.14,2026-08-17T19:53:29Z,40.634517,-73.763253,28.1,a81abe,N621JB,A320,AIRBUS A-320,0
takeoff,JFK,04L,1786996450.86,2026-08-17T19:54:10Z,40.62672,-73.781948,30.9,a3845c,N3258J,BCS3,,0
landing,LGA,04,1786996464.88,2026-08-17T19:54:24Z,40.776466,-73.878113,33.8,ab6eb9,N836AW,A319,AIRBUS A-319,0
takeoff,JFK,04L,1786996487.4,2026-08-17T19:54:47Z,40.622984,-73.784851,30.9,a1ccec,N215JQ,E75L,EMBRAER ERJ-170-200 (long wing),0
landing,JFK,04R,1786996491.44,2026-08-17T19:54:51Z,40.636112,-73.76202,30.9,a58c2e,N457AS,B739,BOEING 737-900,0
takeoff,LGA,13,1786996514.68,2026-08-17T19:55:14Z,40.780133,-73.87399,120.9,a0b7b7,N14503,A21N,AIRBUS A-321neo,0
landing,LGA,04,1786996548.3,2026-08-17T19:55:48Z,40.778725,-73.876253,33.8,a288e4,N26208,B738,BOEING 737-800,0
takeoff,LGA,13,1786996590.13,2026-08-17T19:56:30Z,40.780426,-73.874603,120.9,a057cc,N121DZ,A321,AIRBUS A-321,0
landing,JFK,04R,1786996596.6,2026-08-17T19:56:36Z,40.632795,-73.76461,30.9,a641bf,N502DX,A21N,AIRBUS A-321neo,0
landing,JFK,04L,1786996636.93,2026-08-17T19:57:16Z,40.632434,-73.777469,30.9,a383f3,N3255J,BCS3,,0
takeoff,LGA,13,1786996664.33,2026-08-17T19:57:44Z,40.780071,-73.87381,120.9,a0ad1b,N14240,B738,BOEING 737-800,0
takeoff,JFK,04L,1786996680.57,2026-08-17T19:58:00Z,40.623505,-73.784454,30.9,a4da13,N411YX,E75L,EMBRAER ERJ-170-200 (long wing),0
landing,LGA,04,1786996717.61,2026-08-17T19:58:37Z,40.777084,-73.877594,36.6,a8f9a3,N678CA,CRJ9,BOMBARDIER Regional Jet CRJ-900,0
landing,JFK,04R,1786996728.54,2026-08-17T19:58:48Z,40.633796,-73.763814,30.9,ab8f0d,N844DN,B739,BOEING 737-900,0
takeoff,LGA,13,1786996748.45,2026-08-17T19:59:08Z,40.781529,-73.876908,123.8,a1f822,N226JQ,E75L,EMBRAER ERJ-170-200 (long wing),0
takeoff,JFK,31L,1786996776.24,2026-08-17T19:59:36Z,40.633804,-73.784561,300.9,a1ff90,N228JQ,E75L,EMBRAER ERJ-170-200 (long wing),0
landing,JFK,04L,1786996800.63,2026-08-17T20:00:00Z,40.63212,-73.777703,30.9,ad846f,N970JB,A321,AIRBUS A-321,0
landing,LGA,04,1786996818.1,2026-08-17T20:00:18Z,40.77911,-73.875931,33.8,a52911,N431YX,E75L,EMBRAER ERJ-170-200 (long wing),0
landing,JFK,04R,1786996850.41,2026-08-17T20:00:50Z,40.633738,-73.763877,30.9,a52aed,N432DX,A339,AIRBUS A-330-900,0
takeoff,LGA,13,1786996853.1,2026-08-17T20:00:53Z,40.779751,-73.873184,120.9,a14c70,N183GJ,CRJ9,BOMBARDIER Regional Jet CRJ-900,0
takeoff,JFK,04L,1786996897.71,2026-08-17T20:01:37Z,40.625963,-73.78251,30.9,a6c70f,N536DN,A21N,AIRBUS A-321neo,0
landing,LGA,04,1786996898.35,2026-08-17T20:01:38Z,40.777898,-73.876924,33.8,a1e58f,N221JQ,E75L,EMBRAER ERJ-170-200 (long wing),0
takeoff,LGA,13,1786996933.45,2026-08-17T20:02:13Z,40.779725,-73.873147,120.9,a3cc88,N344DU,,,0
landing,LGA,04,1786996962.22,2026-08-17T20:02:42Z,40.777576,-73.877197,33.8,aceb76,N931XJ,CRJ9,BOMBARDIER Regional Jet CRJ-900,0
landing,JFK,04R,1786996985.59,2026-08-17T20:03:05Z,40.634434,-73.763321,30.9,0d0dda,XA-CCO,B38M,BOEING 737 MAX 8,0
takeoff,JFK,31L,1786996997.95,2026-08-17T20:03:17Z,40.635075,-73.787384,300.9,ad52c2,N958DZ,B739,,0
takeoff,LGA,13,1786996997.96,2026-08-17T20:03:17Z,40.780357,-73.874451,120.9,a20e38,N231WN,B737,BOEING 737-700,0
landing,LGA,04,1786997050.33,2026-08-17T20:04:10Z,40.777542,-73.877243,33.8,a33339,N305PQ,CRJ9,BOMBARDIER Regional Jet CRJ-900,0
landing,JFK,04R,1786997085.65,2026-08-17T20:04:45Z,40.633714,-73.763892,30.9,a63df3,N501DA,A21N,,0
takeoff,LGA,13,1786997088.04,2026-08-17T20:04:48Z,40.779597,-73.872882,120.9,a7cc00,N601LR,CRJ9,BOMBARDIER Regional Jet CRJ-900,0
takeoff,JFK,31L,1786997131.2,2026-08-17T20:05:31Z,40.635887,-73.789185,303.8,acb2c2,N917XJ,CRJ9,BOMBARDIER Regional Jet CRJ-900,0
landing,LGA,04,1786997139.83,2026-08-17T20:05:39Z,40.778247,-73.876643,33.8,ac72f0,N901AN,B738,BOEING 737-800,0
takeoff,LGA,13,1786997169.84,2026-08-17T20:06:09Z,40.781685,-73.877228,120.9,a55f6c,N445YX,E75L,EMBRAER ERJ-170-200 (long wing),0
landing,JFK,04R,1786997177.63,2026-08-17T20:06:17Z,40.636298,-73.761864,30.9,ab35cb,N821NN,B738,BOEING 737-800,0
landing,LGA,04,1786997241.39,2026-08-17T20:07:21Z,40.78228,-73.873276,45.0,a1e946,N222JQ,E75L,EMBRAER ERJ-170-200 (long wing),0
landing,JFK,04L,1786997246.61,2026-08-17T20:07:26Z,40.634855,-73.775565,30.9,a0144e,N104HQ,E75L,EMBRAER ERJ-170-200 (long wing),0
takeoff,LGA,13,1786997258.37,2026-08-17T20:07:38Z,40.779947,-73.873615,120.9,c080db,C-GWUS,BCS3,AIRBUS A220-300,0
takeoff,LGA,04,1786997268.82,2026-08-17T20:07:48Z,40.779819,-73.878828,33.8,a0433b,N116HQ,E75L,EMBRAER ERJ-170-200 (long wing),0
landing,LGA,04,1786997271.31,2026-08-17T20:07:51Z,40.779819,-73.87883,33.8,a0433b,N116HQ,E75L,EMBRAER ERJ-170-200 (long wing),0
landing,JFK,04R,1786997280.64,2026-08-17T20:08:00Z,40.635853,-73.762207,30.9,a3661f,N318SF,B38M,BOEING 737 MAX 8,0
takeoff,JFK,04L,1786997299.15,2026-08-17T20:08:19Z,40.626629,-73.781998,30.9,a38af8,N3272J,BCS3,AIRBUS A220-300,0
landing,LGA,04,1786997303.72,2026-08-17T20:08:23Z,40.778631,-73.876299,30.9,abd3c7,N861NN,B738,BOEING 737-800,0
takeoff,JFK,31L,1786997315.17,2026-08-17T20:08:35Z,40.635933,-73.789276,300.9,adde95,N993JE,A321,AIRBUS A-321,0
takeoff,LGA,13,1786997340.34,2026-08-17T20:09:00Z,40.780098,-73.873881,120.9,a2b060,N27205,B738,BOEING 737-800,0
landing,JFK,04R,1786997362.99,2026-08-17T20:09:22Z,40.634605,-73.763199,30.9,aace5c,N796AN,B772,BOEING 777-200,0
takeoff,LGA,04,1786997403.27,2026-08-17T20:10:03Z,40.779087,-73.878433,33.8,a8a490,N656RW,E170,EMBRAER ERJ-170-100,0
takeoff,LGA,13,1786997411.64,2026-08-17T20:10:11Z,40.779774,-73.873245,118.1,a15b4c,N187GJ,CRJ9,BOMBARDIER Regional Jet CRJ-900,0
landing,LGA,04,1786997411.83,2026-08-17T20:10:11Z,40.779099,-73.878418,33.8,a8a490,N656RW,E170,EMBRAER ERJ-170-100,0
landing,JFK,04L,1786997413.97,2026-08-17T20:10:13Z,40.63262,-73.777329,30.9,adabfe,N980JT,A321,AIRBUS A-321,0
takeoff,LGA,04,1786997414.64,2026-08-17T20:10:14Z,40.779099,-73.878418,33.8,a8a490,N656RW,E170,EMBRAER ERJ-170-100,0
landing,LGA,04,1786997421.18,2026-08-17T20:10:21Z,40.779087,-73.878433,33.8,a8a490,N656RW,E170,EMBRAER ERJ-170-100,0
landing,JFK,04R,1786997480.77,2026-08-17T20:11:20Z,40.633412,-73.764111,29.6,7c806e,VH-ZNK,B789,BOEING 787-9 Dreamliner,0
takeoff,JFK,31L,1786997491.26,2026-08-17T20:11:31Z,40.636036,-73.78949,300.9,a2af3e,N272PQ,CRJ9,BOMBARDIER Regional Jet CRJ-900,0
landing,LGA,04,1786997513.33,2026-08-17T20:11:53Z,40.778271,-73.876627,30.9,a486d8,N391DN,A321,AIRBUS A-321,0
takeoff,LGA,13,1786997550.61,2026-08-17T20:12:30Z,40.779522,-73.872711,118.1,a08317,N132EV,CRJ9,BOMBARDIER Regional Jet CRJ-900,0
landing,JFK,04R,1786997580.99,2026-08-17T20:13:00Z,40.635472,-73.762504,30.9,40621c,G-STBB,B77W,BOEING 777-300ER,0
landing,JFK,04R,1786997581.31,2026-08-17T20:13:01Z,40.635601,-73.762405,30.9,40621c,G-STBB,B77W,BOEING 777-300ER,0
takeoff,LGA,13,1786997588.75,2026-08-17T20:13:08Z,40.782188,-73.878311,118.1,a0433b,N116HQ,E75L,EMBRAER ERJ-170-200 (long wing),0
landing,LGA,04,1786997600.67,2026-08-17T20:13:20Z,40.778023,-73.876831,33.8,a49d22,N397DN,A321,AIRBUS A-321,0
takeoff,JFK,31L,1786997612.31,2026-08-17T20:13:32Z,40.633726,-73.784414,303.8,a1ecfd,N223JQ,E75L,EMBRAER ERJ-170-200 (long wing),0
takeoff,JFK,04L,1786997667.22,2026-08-17T20:14:27Z,40.626652,-73.781967,30.9,ac74f9,N901XJ,CRJ9,BOMBARDIER Regional Jet CRJ-900,0
takeoff,LGA,13,1786997680.1,2026-08-17T20:14:40Z,40.782143,-73.878174,123.8,a50549,N422YX,E75L,EMBRAER ERJ-170-200 (long wing),0
landing,JFK,04R,1786997741.18,2026-08-17T20:15:41Z,40.634448,-73.763331,30.9,a1574e,N186DN,B763,BOEING 767-300,0
takeoff,LGA,04,1786997743.63,2026-08-17T20:15:43Z,40.778212,-73.879155,33.8,a1d811,N218JQ,E75S,EMBRAER ERJ-170-200 (short wing),0
landing,LGA,04,1786997745.64,2026-08-17T20:15:45Z,40.778212,-73.879155,33.8,a1d811,N218JQ,E75S,EMBRAER ERJ-170-200 (short wing),0
takeoff,LGA,04,1786997746.64,2026-08-17T20:15:46Z,40.778217,-73.87915,33.8,a1d811,N218JQ,E75S,EMBRAER ERJ-170-200 (short wing),0
landing,LGA,04,1786997747.49,2026-08-17T20:15:47Z,40.778224,-73.87914,33.8,a1d811,N218JQ,E75S,EMBRAER ERJ-170-200 (short wing),0
takeoff,LGA,13,1786997766.9,2026-08-17T20:16:06Z,40.78075,-73.875285,120.9,a39723,N330PQ,CRJ9,BOMBARDIER Regional Jet CRJ-900,0
landing,LGA,04,1786997806.54,2026-08-17T20:16:46Z,40.777223,-73.877485,30.9,abc478,N8575Z,B738,BOEING 737-800,0
takeoff,JFK,31L,1786997810.55,2026-08-17T20:16:50Z,40.635949,-73.789283,302.5,0d09d0,XA-ADL,B789,BOEING 787-9 Dreamliner,0
landing,JFK,31L,1786997811.11,2026-08-17T20:16:51Z,40.63607,-73.789551,302.5,0d09d0,XA-ADL,B789,BOEING 787-9 Dreamliner,0
takeoff,JFK,31L,1786997811.11,2026-08-17T20:16:51Z,40.63607,-73.789551,302.5,0d09d0,XA-ADL,B789,BOEING 787-9 Dreamliner,0
takeoff,LGA,13,1786997842.82,2026-08-17T20:17:22Z,40.781559,-73.876968,120.9,a8a490,N656RW,E170,EMBRAER ERJ-170-100,0
landing,JFK,04R,1786997846.24,2026-08-17T20:17:26Z,40.636391,-73.761786,30.9,ab6fbf,N836MH,B764,BOEING 767-400,0
takeoff,LGA,22,1786997872.73,2026-08-17T20:17:52Z,40.776134,-73.876114,239.1,a5307f,N433YX,E75L,EMBRAER ERJ-170-200 (long wing),0
landing,LGA,04,1786997908.6,2026-08-17T20:18:28Z,40.77734,-73.877392,30.9,a45b96,N380DA,B738,BOEING 737-800,0
landing,LGA,22,1786997935.29,2026-08-17T20:18:55Z,40.776048,-73.876768,255.9,a5307f,N433YX,E75L,EMBRAER ERJ-170-200 (long wing),0
takeoff,LGA,13,1786997952.82,2026-08-17T20:19:12Z,40.779865,-73.873428,120.9,a145b7,N181PQ,CRJ9,BOMBARDIER Regional Jet CRJ-900,0
landing,JFK,04R,1786997978.3,2026-08-17T20:19:38Z,40.63456,-73.763229,30.9,4cabd4,EI-LRH,A21N,AIRBUS A-321neo,0
landing,LGA,04,1786998006.07,2026-08-17T20:20:06Z,40.778366,-73.876572,30.9,ac26cf,N882RW,E170,EMBRAER ERJ-170-100,0
takeoff,LGA,13,1786998048.6,2026-08-17T20:20:48Z,40.779865,-73.873444,120.9,abf6ae,N870DN,B739,BOEING 737-900,0
landing,JFK,04R,1786998090.17,2026-08-17T20:21:30Z,40.636356,-73.761856,30.9,a21833,N234JQ,E75L,EMBRAER ERJ-170-200 (long wing),0
landing,LGA,04,1786998092.67,2026-08-17T20:21:32Z,40.778247,-73.876658,33.8,a45f64,N381DZ,A321,AIRBUS A-321,0
takeoff,LGA,13,1786998137.23,2026-08-17T20:22:17Z,40.7799,-73.87349,120.9,a1584a,N186PQ,CRJ9,BOMBARDIER Regional Jet CRJ-900,0
takeoff,LGA,04,1786998167.4,2026-08-17T20:22:47Z,40.778911,-73.878578,33.8,a1d811,N218JQ,E75S,EMBRAER ERJ-170-200 (short wing),0
takeoff,JFK,31L,1786998170.29,2026-08-17T20:22:50Z,40.635292,-73.787827,300.9,a0428a,N116AN,A321,AIRBUS A-321,0
landing,LGA,04,1786998173.97,2026-08-17T20:22:53Z,40.778911,-73.878578,33.8,a1d811,N218JQ,E75S,EMBRAER ERJ-170-200 (short wing),0
landing,JFK,04R,1786998188.62,2026-08-17T20:23:08Z,40.634617,-73.763184,30.9,a3795a,N3229J,BCS3,AIRBUS A220-300,0
landing,LGA,04,1786998196.74,2026-08-17T20:23:16Z,40.776066,-73.878433,30.9,a36516,N318FR,A20N,AIRBUS A-320neo,0
takeoff,LGA,13,1786998227.93,2026-08-17T20:23:47Z,40.781762,-73.877376,120.9,a1a1b6,N204JQ,E75L,EMBRAER ERJ-170-200 (long wing),0
landing,JFK,04R,1786998281.38,2026-08-17T20:24:41Z,40.632015,-73.765235,30.9,c06b6a,C-GORP,B38M,BOEING 737 MAX 8,0
landing,LGA,04,1786998295.22,2026-08-17T20:24:55Z,40.778458,-73.876465,33.8,a546c9,N439YX,E75L,EMBRAER ERJ-170-200 (long wing),0
takeoff,LGA,13,1786998330.34,2026-08-17T20:25:30Z,40.779632,-73.872975,120.9,acda41,N927XJ,CRJ9,BOMBARDIER Regional Jet CRJ-900,0
takeoff,JFK,04L,1786998338.91,2026-08-17T20:25:38Z,40.623287,-73.784607,30.9,a04aa9,N118HQ,E75L,EMBRAER ERJ-170-200 (long wing),0
landing,LGA,04,1786998361.99,2026-08-17T20:26:01Z,40.776141,-73.878391,33.8,a83876,N629JB,A320,AIRBUS A-320,0
landing,JFK,04R,1786998383.26,2026-08-17T20:26:23Z,40.634193,-73.763504,30.9,a3355e,N3058J,BCS3,AIRBUS A220-300,0
takeoff,JFK,31L,1786998393.7,2026-08-17T20:26:33Z,40.635727,-73.788803,300.9,acf54f,N934JB,A321,AIRBUS A-321,0
takeoff,LGA,13,1786998405.48,2026-08-17T20:26:45Z,40.781541,-73.876939,120.9,a1d811,N218JQ,E75S,EMBRAER ERJ-170-200 (short wing),0
landing,LGA,04,1786998449.9,2026-08-17T20:27:29Z,40.776478,-73.878098,33.8,ab3982,N822NN,B738,BOEING 737-800,0
landing,JFK,04R,1786998468.78,2026-08-17T20:27:48Z,40.635763,-73.762285,30.9,adb35c,N982JB,A321,AIRBUS A-321,0
takeoff,JFK,31L,1786998517.22,2026-08-17T20:28:37Z,40.635338,-73.787918,300.9,a1ddbb,N2193J,A21N,AIRBUS A-321neo,0
takeoff,LGA,13,1786998518.28,2026-08-17T20:28:38Z,40.779922,-73.87352,120.9,ac4a44,N891NN,B738,BOEING 737-800,0
landing,LGA,04,1786998557.36,2026-08-17T20:29:17Z,40.776237,-73.878311,30.9,a08e3c,N135EV,CRJ9,BOMBARDIER Regional Jet CRJ-900,0
landing,JFK,04R,1786998572.96,2026-08-17T20:29:32Z,40.634971,-73.762909,29.6,48ae00,SP-LRA,B788,BOEING 787-8 Dreamliner,0
landing,JFK,04L,1786998598.35,2026-08-17T20:29:58Z,40.630955,-73.778641,30.9,ac754b,N9010R,A319,AIRBUS A-319,0
takeoff,LGA,13,1786998603.6,2026-08-17T20:30:03Z,40.779888,-73.873489,123.8,a34bdc,N311PQ,CRJ9,BOMBARDIER Regional Jet CRJ-900,0
takeoff,JFK,31L,1786998665.55,2026-08-17T20:31:05Z,40.635309,-73.787863,300.9,a014c9,N104NN,A321,AIRBUS A-321,0
landing,LGA,04,1786998669.57,2026-08-17T20:31:09Z,40.777654,-73.877142,30.9,a3c775,N34222,B738,BOEING 737-800,0
takeoff,JFK,04L,1786998675.44,2026-08-17T20:31:15Z,40.627098,-73.781647,30.9,3c6517,D-AIHW,A346,AIRBUS A-340-600,0
landing,JFK,04R,1786998675.93,2026-08-17T20:31:15Z,40.634857,-73.762985,30.9,a1fb1a,N227AZ,B763,BOEING 767-300,0
takeoff,LGA,13,1786998714.34,2026-08-17T20:31:54Z,40.779488,-73.87265,120.9,a3962d,N330DU,BCS3,,0
landing,JFK,04R,1786998756.87,2026-08-17T20:32:36Z,40.633132,-73.764361,30.9,a0f4a2,N1604R,B763,BOEING 767-300,0
landing,JFK,04R,1786998757.85,2026-08-17T20:32:37Z,40.633495,-73.764069,30.9,a0f4a2,N1604R,B763,BOEING 767-300,0
landing,LGA,04,1786998783.67,2026-08-17T20:33:03Z,40.777508,-73.877228,33.8,c060be,C-GKQN,E295,EMBRAER ERJ-190-400,0
takeoff,JFK,31L,1786998789.18,2026-08-17T20:33:09Z,40.634972,-73.787155,300.9,a32803,N302NY,A21N,AIRBUS A-321neo,0
takeoff,JFK,04L,1786998808.01,2026-08-17T20:33:28Z,40.626171,-73.782349,30.9,a19910,N2017J,A21N,AIRBUS A-321neo,0
takeoff,LGA,13,1786998827.03,2026-08-17T20:33:47Z,40.779865,-73.873428,120.9,a74923,N569JB,A320,AIRBUS A-320,0
landing,JFK,04R,1786998866.57,2026-08-17T20:34:26Z,40.634552,-73.763221,30.9,a35109,N3123J,BCS3,AIRBUS A220-300,0
landing,JFK,04L,1786998895.64,2026-08-17T20:34:55Z,40.634122,-73.776143,30.9,a38ad5,N3271J,BCS3,,0
takeoff,LGA,13,1786998952.49,2026-08-17T20:35:52Z,40.779716,-73.873108,120.9,c066f4,C-GMZR,BCS3,AIRBUS A220-300,0
landing,JFK,04R,1786998975.02,2026-08-17T20:36:15Z,40.636677,-73.761581,30.9,a030a8,N111HQ,E75L,EMBRAER ERJ-170-200 (long wing),0
takeoff,JFK,31L,1786998986.67,2026-08-17T20:36:26Z,40.635704,-73.788752,298.1,ab6162,N832SK,CRJ9,BOMBARDIER Regional Jet CRJ-900,0
takeoff,JFK,04L,1786999017.49,2026-08-17T20:36:57Z,40.625221,-73.783112,30.9,a9ecde,N739E,CL30,BOMBARDIER BD-100 Challenger 300,8
landing,JFK,04R,1786999031.93,2026-08-17T20:37:11Z,40.635784,-73.762283,30.9,ab772d,N838MH,B764,BOEING 767-400,0
landing,JFK,04R,1786999124.59,2026-08-17T20:38:44Z,40.634594,-73.763229,30.9,aacf19,N796JB,A320,AIRBUS A-320,0
takeoff,LGA,13,1786999168.43,2026-08-17T20:39:28Z,40.780266,-73.874237,120.9,aa56d4,N76522,B738,BOEING 737-800,0
landing,JFK,04R,1786999186.82,2026-08-17T20:39:46Z,40.636642,-73.761612,29.6,ab9383,N845MD,B789,BOEING 787-9 Dreamliner,0
landing,JFK,04R,1786999187.47,2026-08-17T20:39:47Z,40.63686,-73.761444,29.6,ab9383,N845MD,B789,BOEING 787-9 Dreamliner,0
landing,LGA,04,1786999219.82,2026-08-17T20:40:19Z,40.777348,-73.877365,33.8,abdf3f,N864RW,E170,EMBRAER ERJ-170-100,0
landing,JFK,04L,1786999237.86,2026-08-17T20:40:37Z,40.632283,-73.777594,30.9,a34d52,N3113J,BCS3,AIRBUS A220-300,0
takeoff,JFK,04L,1786999289.95,2026-08-17T20:41:29Z,40.623612,-73.784367,30.9,a53436,N434YX,E75L,EMBRAER ERJ-170-200 (long wing),0
landing,LGA,04,1786999312.87,2026-08-17T20:41:52Z,40.776546,-73.878036,33.8,aa735a,N7724A,B737,BOEING 737-700,0
landing,JFK,04R,1786999344.16,2026-08-17T20:42:24Z,40.634133,-73.763565,30.9,a01f13,N107DU,BCS1,AIRBUS A220-100,0
takeoff,JFK,31L,1786999349.62,2026-08-17T20:42:29Z,40.63596,-73.78933,300.9,a13386,N177DN,B763,BOEING 767-300,0
landing,LGA,04,1786999411.52,2026-08-17T20:43:31Z,40.777771,-73.877029,33.8,c00b78,C-FEIX,E75S,EMBRAER ERJ-170-200 (short wing),0
landing,JFK,04R,1786999424.44,2026-08-17T20:43:44Z,40.63681,-73.761474,30.9,781d8d,B-221W,B77L,BOEING 777-200LR,0
landing,LGA,04,1786999486.54,2026-08-17T20:44:46Z,40.776638,-73.877975,30.9,a05f37,N123DW,A321,AIRBUS A-321,0
takeoff,LGA,13,1786999531.11,2026-08-17T20:45:31Z,40.781681,-73.87722,120.9,ac2bd4,N88330,E75L,EMBRAER ERJ-170-200 (long wing),0
takeoff,JFK,04L,1786999547.62,2026-08-17T20:45:47Z,40.626953,-73.781761,30.9,a5fef4,N486AS,B739,BOEING 737-900,0
landing,JFK,04R,1786999579.99,2026-08-17T20:46:19Z,40.634215,-73.763518,30.9,a69bcd,N525DA,A21N,AIRBUS A-321neo,0
landing,LGA,04,1786999621.02,2026-08-17T20:47:01Z,40.779213,-73.875839,33.8,ac1f61,N880RW,E170,EMBRAER ERJ-170-100,0
takeoff,JFK,04L,1786999626.25,2026-08-17T20:47:06Z,40.626469,-73.782135,30.9,a16ff1,N192DN,B763,BOEING 767-300,0
takeoff,LGA,13,1786999660.96,2026-08-17T20:47:40Z,40.780063,-73.873849,120.9,adb29f,N982AN,B738,BOEING 737-800,0
landing,JFK,04R,1786999662.31,2026-08-17T20:47:42Z,40.637226,-73.761154,30.9,478854,LN-RKS,A333,AIRBUS A-330-300,0
landing,LGA,04,1786999726.11,2026-08-17T20:48:46Z,40.777576,-73.877182,33.8,ad01c0,N937XJ,CRJ9,BOMBARDIER Regional Jet CRJ-900,0
takeoff,JFK,04L,1786999761.95,2026-08-17T20:49:21Z,40.626469,-73.782135,30.9,a3b8e1,N339SU,B38M,BOEING 737 MAX 8,0
landing,JFK,04R,1786999762.6,2026-08-17T20:49:22Z,40.634983,-73.762925,30.9,a4caba,N408DX,A339,AIRBUS A-330-900,0
takeoff,JFK,31L,1786999821.73,2026-08-17T20:50:21Z,40.636356,-73.790188,298.1,a09961,N138EV,CRJ9,BOMBARDIER Regional Jet CRJ-900,0
takeoff,LGA,13,1786999890.16,2026-08-17T20:51:30Z,40.779656,-73.872991,120.9,a264a4,N253WN,B737,BOEING 737-700,0
landing,JFK,04R,1786999909.68,2026-08-17T20:51:49Z,40.634331,-73.763412,30.9,a3244c,N301NY,A21N,AIRBUS A-321neo,0
takeoff,LGA,13,1786999958.06,2026-08-17T20:52:38Z,40.780586,-73.874939,120.9,a5a30a,N462WN,B737,BOEING 737-700,0
takeoff,JFK,04L,1786999997.69,2026-08-17T20:53:17Z,40.626417,-73.782182,30.9,ad5c33,N960AN,B738,BOEING 737-800,0
landing,JFK,04R,1787000014.89,2026-08-17T20:53:34Z,40.634571,-73.763229,30.9,acaf0b,N916XJ,CRJ9,BOMBARDIER Regional Jet CRJ-900,0
takeoff,LGA,13,1787000019.29,2026-08-17T20:53:39Z,40.781681,-73.877251,120.9,a5307f,N433YX,E75L,EMBRAER ERJ-170-200 (long wing),0
takeoff,JFK,04L,1787000075.16,2026-08-17T20:54:35Z,40.626629,-73.782028,30.9,a4ccba,N4080J,A21N,,0
landing,JFK,04R,1787000079.89,2026-08-17T20:54:39Z,40.63567,-73.76236,30.9,ab84ab,N841MH,B764,BOEING 767-400,0
landing,LGA,04,1787000135.62,2026-08-17T20:55:35Z,40.776339,-73.878219,33.8,a32814,N302PQ,CRJ9,BOMBARDIER Regional Jet CRJ-900,0
takeoff,LGA,13,1787000174.52,2026-08-17T20:56:14Z,40.779968,-73.873627,120.9,ab1203,N812NN,B738,BOEING 737-800,0
landing,JFK,04R,1787000194.02,2026-08-17T20:56:34Z,40.634342,-73.763412,30.9,a65086,N506DA,A21N,AIRBUS A-321neo,0
takeoff,LGA,13,1787000239.53,2026-08-17T20:57:19Z,40.779679,-73.873038,120.9,a4996b,N396DN,A321,AIRBUS A-321,0
takeoff,JFK,04L,1787000239.82,2026-08-17T20:57:19Z,40.62339,-73.784531,30.9,a24720,N246JQ,E75L,EMBRAER ERJ-170-200 (long wing),0
landing,JFK,04R,1787000281.96,2026-08-17T20:58:01Z,40.634972,-73.762924,30.9,ad6f93,N965JT,A321,AIRBUS A-321,0
landing,LGA,04,1787000287.17,2026-08-17T20:58:07Z,40.776641,-73.877969,33.8,aaad6d,N7874B,B737,BOEING 737-700,0
takeoff,JFK,04L,1787000305.23,2026-08-17T20:58:25Z,40.627069,-73.781667,30.9,4ca5c7,EI-DUZ,A333,AIRBUS A-330-300,0
landing,LGA,04,1787000353.44,2026-08-17T20:59:13Z,40.776909,-73.877751,33.8,a3b79c,N339DU,,,0
takeoff,JFK,04L,1787000389.32,2026-08-17T20:59:49Z,40.626475,-73.782135,30.9,781100,B-7868,B77W,BOEING 777-300ER,0
takeoff,LGA,13,1787000393.27,2026-08-17T20:59:53Z,40.779922,-73.873535,120.9,ab6eb9,N836AW,A319,AIRBUS A-319,0
landing,LGA,04,1787000452.29,2026-08-17T21:00:52Z,40.779236,-73.875809,33.8,ab282b,N818MD,E170,EMBRAER ERJ-170-100,0
takeoff,LGA,13,1787000483.02,2026-08-17T21:01:23Z,40.7799,-73.873505,120.9,a3a9eb,N335RT,B38M,BOEING 737 MAX 8,0
landing,JFK,04R,1787000498.36,2026-08-17T21:01:38Z,40.633354,-73.764173,30.9,a3b4b5,N338NB,A319,AIRBUS A-319,0
takeoff,JFK,04L,1787000513.16,2026-08-17T21:01:53Z,40.626184,-73.782354,30.9,ab5365,N829MH,B764,BOEING 767-400,0
landing,LGA,04,1787000527.49,2026-08-17T21:02:07Z,40.778584,-73.876358,30.9,a4e181,N413YX,E75L,EMBRAER ERJ-170-200 (long wing),0
takeoff,LGA,13,1787000548.52,2026-08-17T21:02:28Z,40.781867,-73.877642,120.9,a00929,N101HQ,E75L,EMBRAER ERJ-170-200 (long wing),0
takeoff,JFK,04L,1787000571.4,2026-08-17T21:02:51Z,40.626308,-73.782257,30.9,a173a8,N193DN,B763,BOEING 767-300,0
landing,JFK,04R,1787000614.34,2026-08-17T21:03:34Z,40.633819,-73.763846,30.9,a8a017,N655JB,A320,AIRBUS A-320,0
landing,LGA,04,1787000637.88,2026-08-17T21:03:57Z,40.778767,-73.876205,33.8,abe2f6,N865RW,E170,EMBRAER ERJ-170-100,0
takeoff,LGA,13,1787000659.98,2026-08-17T21:04:19Z,40.781506,-73.876877,120.9,a05827,N121HQ,E75L,EMBRAER ERJ-170-200 (long wing),0
takeoff,JFK,04L,1787000726.56,2026-08-17T21:05:26Z,40.626394,-73.782182,30.9,ad1927,N943JT,A321,AIRBUS A-321,0
landing,LGA,04,1787000749.7,2026-08-17T21:05:49Z,40.774361,-73.879868,35.3,a3c9e2,N343QS,E55P,EMBRAER EMB-505 Phenom 300,0
landing,JFK,04R,1787000772.21,2026-08-17T21:06:12Z,40.635258,-73.76268,30.9,a19cc7,N2027J,A21N,AIRBUS A-321neo,0
takeoff,JFK,04L,1787000792.14,2026-08-17T21:06:32Z,40.62686,-73.781839,32.5,485b43,PH-BKC,B78X,BOEING 787-10 Dreamliner,0
takeoff,LGA,13,1787000793.6,2026-08-17T21:06:33Z,40.779947,-73.8736,120.9,a591d5,N458WN,B737,BOEING 737-700,0
landing,LGA,04,1787000826.72,2026-08-17T21:07:06Z,40.778812,-73.876175,33.8,a44db3,N3769L,B738,BOEING 737-800,0
landing,JFK,04R,1787000850.92,2026-08-17T21:07:30Z,40.634651,-73.763168,29.6,740828,JY-BAH,B788,BOEING 787-8 Dreamliner,0
takeoff,LGA,13,1787000859.89,2026-08-17T21:07:39Z,40.779469,-73.872601,120.9,a7d725,N604LR,CRJ9,BOMBARDIER Regional Jet CRJ-900,0
takeoff,JFK,04L,1787000872.85,2026-08-17T21:07:52Z,40.626359,-73.782229,30.9,aaaa92,N787AL,B772,BOEING 777-200,0
takeoff,JFK,04L,1787000939.91,2026-08-17T21:08:59Z,40.626615,-73.782011,30.9,a4bf95,N405DX,A339,AIRBUS A-330-900,0
landing,LGA,04,1787000946.3,2026-08-17T21:09:06Z,40.777363,-73.877345,36.6,a01bbc,N106HQ,E75L,EMBRAER ERJ-170-200 (long wing),0
landing,JFK,04R,1787001002.34,2026-08-17T21:10:02Z,40.636822,-73.761474,30.9,ad9712,N975JT,A321,AIRBUS A-321,0
landing,LGA,04,1787001055.32,2026-08-17T21:10:55Z,40.777428,-73.877319,30.9,a15795,N186GJ,CRJ9,BOMBARDIER Regional Jet CRJ-900,0
takeoff,JFK,04L,1787001070.19,2026-08-17T21:11:10Z,40.626022,-73.782486,30.9,3965a2,F-GZNC,B77W,BOEING 777-300ER,0
takeoff,LGA,13,1787001078.99,2026-08-17T21:11:18Z,40.781593,-73.877045,120.9,abd41a,N861RW,E170,EMBRAER ERJ-170-100,0
landing,JFK,04R,1787001086.44,2026-08-17T21:11:26Z,40.635553,-73.762472,30.9,4b187f,HB-JHF,A333,AIRBUS A-330-300,0
landing,LGA,04,1787001151.01,2026-08-17T21:12:31Z,40.778584,-73.876373,33.8,a1f0b4,N224JQ,E75L,EMBRAER ERJ-170-200 (long wing),0
landing,JFK,04L,1787001165.2,2026-08-17T21:12:45Z,40.635853,-73.774796,30.9,a898a9,N653JB,A320,AIRBUS A-320,0
landing,JFK,04R,1787001203.91,2026-08-17T21:13:23Z,40.634571,-73.763229,30.9,a7a4e6,N592AS,B738,BOEING 737-800,0
takeoff,JFK,04L,1787001229.2,2026-08-17T21:13:49Z,40.626457,-73.78215,30.9,a124b5,N173DZ,B763,BOEING 767-300,0
landing,LGA,04,1787001239.82,2026-08-17T21:13:59Z,40.777514,-73.877251,30.9,aca3e6,N913XJ,CRJ9,BOMBARDIER Regional Jet CRJ-900,0
landing,JFK,04R,1787001277.83,2026-08-17T21:14:37Z,40.635704,-73.762332,30.9,ab8fd0,N844MH,B764,BOEING 767-400,0
landing,LGA,04,1787001317.88,2026-08-17T21:15:17Z,40.777305,-73.877423,30.9,a2fe3c,N292PQ,CRJ9,BOMBARDIER Regional Jet CRJ-900,0
takeoff,JFK,31L,1787001325.34,2026-08-17T21:15:25Z,40.635123,-73.787488,295.3,a2000d,N228PQ,CRJ9,BOMBARDIER Regional Jet CRJ-900,0
landing,JFK,04R,1787001351.09,2026-08-17T21:15:51Z,40.635693,-73.76236,29.6,485344,PH-BHL,B789,BOEING 787-9 Dreamliner,0
landing,LGA,04,1787001405.39,2026-08-17T21:16:45Z,40.777549,-73.877158,39.4,a8a0d9,N655RW,E170,EMBRAER ERJ-170-100,0
landing,JFK,04L,1787001418.41,2026-08-17T21:16:58Z,40.633482,-73.776658,30.9,a6709b,N514DE,A21N,AIRBUS A-321neo,0
takeoff,LGA,13,1787001444.93,2026-08-17T21:17:24Z,40.780179,-73.874068,120.9,a245fb,N24573,,,0
takeoff,JFK,04L,1787001479.22,2026-08-17T21:17:59Z,40.626778,-73.781876,30.9,a5f162,N482PX,CRJ9,BOMBARDIER Regional Jet CRJ-900,0
landing,LGA,04,1787001493.16,2026-08-17T21:18:13Z,40.776798,-73.877823,33.8,a44211,N37351,B38M,BOEING 737 MAX 8,0
landing,JFK,04R,1787001495.85,2026-08-17T21:18:15Z,40.634193,-73.763519,30.9,acab54,N915XJ,CRJ9,BOMBARDIER Regional Jet CRJ-900,0
takeoff,JFK,04L,1787001532.47,2026-08-17T21:18:52Z,40.626766,-73.781921,30.9,344305,EC-LUK,A333,AIRBUS A-330-300,0
landing,JFK,04R,1787001559.71,2026-08-17T21:19:19Z,40.634366,-73.763377,33.8,a36b73,N3196J,BCS3,AIRBUS A220-300,0
landing,LGA,04,1787001571.57,2026-08-17T21:19:31Z,40.777267,-73.877472,33.8,a45586,N379DA,B738,BOEING 737-800,0
takeoff,JFK,04L,1787001601.24,2026-08-17T21:20:01Z,40.627395,-73.781417,30.9,ab2c0c,N819NW,A333,AIRBUS A-330-300,0
landing,JFK,04R,1787001630.69,2026-08-17T21:20:30Z,40.635132,-73.762787,28.1,a44cda,N3763D,B738,BOEING 737-800,0
landing,LGA,04,1787001683.94,2026-08-17T21:21:23Z,40.776944,-73.877735,33.8,a00037,N1CC,GLF5,GULFSTREAM 5,8
landing,JFK,04R,1787001719.89,2026-08-17T21:21:59Z,40.631721,-73.765442,30.9,a9bf4b,N727TW,B752,BOEING 757-200,0
takeoff,JFK,04L,1787001733.15,2026-08-17T21:22:13Z,40.626652,-73.781998,30.9,4caeb8,EI-TYB,A339,AIRBUS A-330-900,0
landing,LGA,04,1787001768.18,2026-08-17T21:22:48Z,40.778864,-73.876143,33.8,a4eca6,N416YX,E75L,EMBRAER ERJ-170-200 (long wing),0
takeoff,JFK,31L,1787001775.61,2026-08-17T21:22:55Z,40.635418,-73.788132,300.9,a00d5b,N102NN,A321,AIRBUS A-321,0
landing,JFK,31L,1787001776.49,2026-08-17T21:22:56Z,40.635576,-73.788487,300.9,a00d5b,N102NN,A321,AIRBUS A-321,0
takeoff,JFK,31L,1787001776.49,2026-08-17T21:22:56Z,40.635576,-73.788487,300.9,a00d5b,N102NN,A321,AIRBUS A-321,0
takeoff,LGA,13,1787001797.53,2026-08-17T21:23:17Z,40.780296,-73.874333,115.3,a095aa,N137EV,CRJ9,BOMBARDIER Regional Jet CRJ-900,0
landing,JFK,04R,1787001802.4,2026-08-17T21:23:22Z,40.636356,-73.761841,29.6,ab436f,N825AA,B789,BOEING 787-9 Dreamliner,0
takeoff,JFK,04L,1787001821.15,2026-08-17T21:23:41Z,40.62553,-73.782883,30.9,ac7a33,N9029F,A319,AIRBUS A-319,0
landing,LGA,04,1787001828.35,2026-08-17T21:23:48Z,40.778481,-73.876419,30.9,aa4c1a,N76254,B738,BOEING 737-800,0
landing,JFK,04L,1787001889.89,2026-08-17T21:24:49Z,40.632729,-73.777237,30.9,a7a532,N592DT,A21N,AIRBUS A-321neo,0
landing,LGA,04,1787001911.55,2026-08-17T21:25:11Z,40.775931,-73.878562,30.9,ad36a8,N950WN,B737,BOEING 737-700,0
takeoff,JFK,31L,1787001922.64,2026-08-17T21:25:22Z,40.635578,-73.788513,300.9,a69cb2,N525NE,C25B,CESSNA 525B Citation CJ3,0
takeoff,LGA,04,1787001924.73,2026-08-17T21:25:24Z,40.778423,-73.878967,33.8,a52911,N431YX,E75L,EMBRAER ERJ-170-200 (long wing),0
landing,LGA,04,1787001930.08,2026-08-17T21:25:30Z,40.778422,-73.878984,33.8,a52911,N431YX,E75L,EMBRAER ERJ-170-200 (long wing),0
landing,JFK,04R,1787001932.38,2026-08-17T21:25:32Z,40.63464,-73.763184,30.9,a61173,N490PX,CRJ9,BOMBARDIER Regional Jet CRJ-900,0
landing,LGA,04,1787001996.42,2026-08-17T21:26:36Z,40.778561,-73.876389,33.8,a44d85,N3768,B738,BOEING 737-800,0
landing,JFK,04R,1787002006.35,2026-08-17T21:26:46Z,40.632729,-73.764664,30.9,a7bf22,N599DA,A21N,AIRBUS A-321neo,0
takeoff,LGA,13,1787002030.79,2026-08-17T21:27:10Z,40.780459,-73.874692,120.9,abe7c5,N8662F,B738,BOEING 737-800,0
landing,LGA,13,1787002032.73,2026-08-17T21:27:12Z,40.780028,-73.873771,120.9,abe7c5,N8662F,B738,BOEING 737-800,0
takeoff,LGA,13,1787002032.73,2026-08-17T21:27:12Z,40.780028,-73.873771,120.9,abe7c5,N8662F,B738,BOEING 737-800,0
takeoff,JFK,04L,1787002036.91,2026-08-17T21:27:16Z,40.626526,-73.782089,30.9,a403b3,N358NB,A319,AIRBUS A-319,0
landing,JFK,04R,1787002088.24,2026-08-17T21:28:08Z,40.633098,-73.764392,30.9,a67805,N516DA,A21N,AIRBUS A-321neo,0
takeoff,JFK,04L,1787002094.96,2026-08-17T21:28:14Z,40.627302,-73.78148,30.9,a44e1c,N377DE,B738,BOEING 737-800,0
takeoff,LGA,13,1787002123.53,2026-08-17T21:28:43Z,40.779831,-73.873352,120.9,a8f9a3,N678CA,CRJ9,BOMBARDIER Regional Jet CRJ-900,0
takeoff,JFK,04L,1787002150.56,2026-08-17T21:29:10Z,40.626825,-73.781854,30.9,a58c2e,N457AS,B739,BOEING 737-900,0
landing,JFK,04R,1787002167.62,2026-08-17T21:29:27Z,40.634697,-73.763153,30.9,a5e3e4,N479PX,CRJ9,BOMBARDIER Regional Jet CRJ-900,0
landing,LGA,04,1787002203.43,2026-08-17T21:30:03Z,40.778713,-73.876268,30.9,ab1d06,N815MD,E170,EMBRAER ERJ-170-100,0
takeoff,JFK,04L,1787002205.25,2026-08-17T21:30:05Z,40.626371,-73.782245,30.9,ab20e7,N816NW,A333,AIRBUS A-330-300,0
landing,JFK,04R,1787002251.02,2026-08-17T21:30:51Z,40.635246,-73.762711,33.8,acc040,N920XJ,CRJ9,BOMBARDIER Regional Jet CRJ-900,0
landing,LGA,04,1787002255.2,2026-08-17T21:30:55Z,40.777665,-73.877142,33.8,a06e0b,N127DN,A321,AIRBUS A-321,0
takeoff,LGA,13,1787002281.97,2026-08-17T21:31:21Z,40.781506,-73.876861,120.9,a89d22,N654RW,E170,EMBRAER ERJ-170-100,0
takeoff,LGA,04,1787002298.55,2026-08-17T21:31:38Z,40.779007,-73.878494,33.8,a52911,N431YX,E75L,EMBRAER ERJ-170-200 (long wing),0
landing,LGA,04,1787002305.39,2026-08-17T21:31:45Z,40.779007,-73.878494,33.8,a52911,N431YX,E75L,EMBRAER ERJ-170-200 (long wing),0
landing,JFK,04R,1787002323.27,2026-08-17T21:32:03Z,40.635521,-73.762482,30.9,ab52a2,N829DN,B739,BOEING 737-900,0
takeoff,JFK,04L,1787002332.56,2026-08-17T21:32:12Z,40.626266,-73.782276,30.9,a38fa4,N3289J,,,0
landing,LGA,04,1787002390.13,2026-08-17T21:33:10Z,40.778084,-73.876799,33.8,ad495b,N955XV,A21N,,0
landing,JFK,04R,1787002423.11,2026-08-17T21:33:43Z,40.63553,-73.762457,30.9,a1a435,N2047J,A21N,AIRBUS A-321neo,0
takeoff,LGA,13,1787002429.56,2026-08-17T21:33:49Z,40.779632,-73.872944,120.9,a7de93,N606LR,CRJ9,BOMBARDIER Regional Jet CRJ-900,0
takeoff,LGA,13,1787002481.33,2026-08-17T21:34:41Z,40.781518,-73.876908,120.9,a4bdb9,N404YX,E75L,EMBRAER ERJ-170-200 (long wing),0
landing,JFK,04L,1787002481.93,2026-08-17T21:34:41Z,40.627968,-73.78096,29.6,a3f7f3,N355FX,E55P,EMBRAER EMB-505 Phenom 300,0
takeoff,JFK,31L,1787002520.98,2026-08-17T21:35:20Z,40.63567,-73.788681,300.9,aac7ab,N794JB,A320,AIRBUS A-320,0
landing,JFK,04R,1787002541.81,2026-08-17T21:35:41Z,40.634445,-73.763336,30.9,a6b470,N531DA,A21N,AIRBUS A-321neo,0
takeoff,JFK,04L,1787002571.48,2026-08-17T21:36:11Z,40.62632,-73.782242,30.9,aca948,N915AK,B39M,BOEING 737 MAX 9,0
landing,LGA,04,1787002595.84,2026-08-17T21:36:35Z,40.778446,-73.87648,33.8,a06aba,N126HQ,E75L,EMBRAER ERJ-170-200 (long wing),0
takeoff,JFK,04L,1787002630.99,2026-08-17T21:37:10Z,40.626662,-73.781995,30.9,aaa326,N785AN,B772,BOEING 777-200,0
takeoff,LGA,13,1787002636.77,2026-08-17T21:37:16Z,40.779446,-73.87257,126.6,a33339,N305PQ,CRJ9,BOMBARDIER Regional Jet CRJ-900,0
landing,JFK,04R,1787002639.62,2026-08-17T21:37:19Z,40.636871,-73.761429,30.9,a79821,N589JB,A320,AIRBUS A-320,0
takeoff,JFK,04L,1787002702.31,2026-08-17T21:38:22Z,40.627337,-73.781464,30.9,4b1882,HB-JHI,A333,AIRBUS A-330-300,0
landing,LGA,04,1787002702.66,2026-08-17T21:38:22Z,40.778026,-73.876814,30.9,a46a7e,N384DN,A321,AIRBUS A-321,0
landing,JFK,04R,1787002731.73,2026-08-17T21:38:51Z,40.637345,-73.761052,30.9,ad444d,N954JB,A321,AIRBUS A-321,0
takeoff,JFK,31L,1787002759.95,2026-08-17T21:39:19Z,40.633691,-73.784336,303.8,a01f73,N107HQ,E75L,EMBRAER ERJ-170-200 (long wing),0
landing,LGA,04,1787002798.91,2026-08-17T21:39:58Z,40.777142,-73.877579,30.9,a36fa4,N320PQ,CRJ9,BOMBARDIER Regional Jet CRJ-900,0
landing,JFK,04R,1787002815.36,2026-08-17T21:40:15Z,40.635041,-73.762847,30.9,ab7ae4,N839MH,B764,BOEING 767-400,0
takeoff,LGA,13,1787002835.62,2026-08-17T21:40:35Z,40.780109,-73.873943,120.9,a0540a,N120DN,A321,AIRBUS A-321,0
takeoff,JFK,04L,1787002844.32,2026-08-17T21:40:44Z,40.626278,-73.782291,30.9,ad5329,N958JB,A321,AIRBUS A-321,0
landing,LGA,04,1787002892.48,2026-08-17T21:41:32Z,40.776592,-73.878006,33.8,a3534a,N313PQ,CRJ9,BOMBARDIER Regional Jet CRJ-900,0
takeoff,JFK,04L,1787002929.68,2026-08-17T21:42:09Z,40.626961,-73.781738,30.9,a93eb8,N695QS,C68A,CESSNA 680 Citation Latitude,0
landing,JFK,04R,1787002940.68,2026-08-17T21:42:20Z,40.634529,-73.763284,30.9,a0e7f4,N158AN,A321,AIRBUS A-321,0
takeoff,JFK,04L,1787002992.65,2026-08-17T21:43:12Z,40.626254,-73.782307,30.9,a1286c,N174DZ,B763,BOEING 767-300,0
landing,LGA,04,1787002993.01,2026-08-17T21:43:13Z,40.777712,-73.877111,30.9,aa5691,N76505,B738,BOEING 737-800,0
takeoff,LGA,13,1787003020.06,2026-08-17T21:43:40Z,40.781662,-73.877167,120.9,a1b092,N208JQ,E75L,EMBRAER ERJ-170-200 (long wing),0
landing,JFK,04R,1787003036.28,2026-08-17T21:43:56Z,40.632832,-73.764587,30.9,a7ac8f,N594DA,A21N,AIRBUS A-321neo,0
landing,LGA,04,1787003102.18,2026-08-17T21:45:02Z,40.779015,-73.876003,33.8,a1a924,N206JQ,E75L,EMBRAER ERJ-170-200 (long wing),0
landing,JFK,04R,1787003104.25,2026-08-17T21:45:04Z,40.633819,-73.763814,30.9,40808c,G-VNVR,A35K,AIRBUS A-350-1000,0
takeoff,JFK,04L,1787003111.13,2026-08-17T21:45:11Z,40.626394,-73.782198,30.9,a81abe,N621JB,A320,AIRBUS A-320,0
takeoff,LGA,13,1787003125.46,2026-08-17T21:45:25Z,40.781785,-73.877454,120.9,a1e58f,N221JQ,E75L,EMBRAER ERJ-170-200 (long wing),0
takeoff,JFK,04L,1787003170.33,2026-08-17T21:46:10Z,40.625656,-73.782761,30.9,a788d3,N585DN,A21N,,0
takeoff,LGA,13,1787003213.97,2026-08-17T21:46:53Z,40.779774,-73.87323,115.3,a21142,N232PQ,CRJ9,BOMBARDIER Regional Jet CRJ-900,0
landing,JFK,04R,1787003234.25,2026-08-17T21:47:14Z,40.634273,-73.763455,30.9,a69463,N523DE,A21N,,0
landing,LGA,04,1787003252.72,2026-08-17T21:47:32Z,40.777025,-73.877642,33.8,aaadb2,N7876A,B737,BOEING 737-700,0
takeoff,LGA,13,1787003290.41,2026-08-17T21:48:10Z,40.781541,-73.876924,120.9,a546c9,N439YX,E75L,EMBRAER ERJ-170-200 (long wing),0
landing,JFK,04R,1787003312.52,2026-08-17T21:48:32Z,40.63456,-73.763229,30.9,ad646e,N962JT,A321,AIRBUS A-321,0
landing,LGA,04,1787003346.91,2026-08-17T21:49:06Z,40.777256,-73.877457,33.8,a437ce,N371DA,B738,BOEING 737-800,0
landing,JFK,04R,1787003385.81,2026-08-17T21:49:45Z,40.634594,-73.763199,30.9,a6bfa6,N534DT,A21N,AIRBUS A-321neo,0
takeoff,JFK,04L,1787003387.78,2026-08-17T21:49:47Z,40.625812,-73.78265,30.9,a641bf,N502DX,A21N,AIRBUS A-321neo,0
takeoff,LGA,13,1787003430.36,2026-08-17T21:50:30Z,40.782131,-73.87822,120.9,a52911,N431YX,E75L,EMBRAER ERJ-170-200 (long wing),0
landing,LGA,04,1787003433.05,2026-08-17T21:50:33Z,40.782211,-73.873367,33.8,acf4e8,N934DZ,B739,,0
landing,JFK,04R,1787003466.64,2026-08-17T21:51:06Z,40.630085,-73.766739,30.9,ab9f00,N848QS,C700,CESSNA 700 Citation Longitude,0
takeoff,JFK,04L,1787003483.15,2026-08-17T21:51:23Z,40.626949,-73.781754,30.9,3c7a47,D-ANRG,A339,AIRBUS A-330-900,0
landing,LGA,04,1787003531.51,2026-08-17T21:52:11Z,40.778759,-73.876221,30.9,a54cd9,N440YX,E75L,EMBRAER ERJ-170-200 (long wing),0
takeoff,LGA,13,1787003549.64,2026-08-17T21:52:29Z,40.781662,-73.877197,120.9,a4cc95,N408YX,E75L,EMBRAER ERJ-170-200 (long wing),0
landing,JFK,04R,1787003565.32,2026-08-17T21:52:45Z,40.632865,-73.764595,30.9,a1d368,N2169J,A21N,AIRBUS A-321neo,0
landing,LGA,04,1787003600.85,2026-08-17T21:53:20Z,40.7761,-73.878448,33.8,a41090,N361FR,A20N,AIRBUS A-320neo,0
takeoff,JFK,04L,1787003615.44,2026-08-17T21:53:35Z,40.626205,-73.782349,30.9,ac754b,N9010R,A319,AIRBUS A-319,0
takeoff,LGA,13,1787003649.87,2026-08-17T21:54:09Z,40.779819,-73.873337,120.9,aca3a3,N913US,A321,AIRBUS A-321,0
takeoff,JFK,04L,1787003675.51,2026-08-17T21:54:35Z,40.626057,-73.782455,30.9,c06b6a,C-GORP,B38M,BOEING 737 MAX 8,0
landing,JFK,04R,1787003684.63,2026-08-17T21:54:44Z,40.630646,-73.766296,33.8,a44a1b,N376AF,,,0
landing,LGA,04,1787003717.42,2026-08-17T21:55:17Z,40.776524,-73.878067,33.8,acf69b,N934XJ,CRJ9,BOMBARDIER Regional Jet CRJ-900,0
takeoff,JFK,04L,1787003743.88,2026-08-17T21:55:43Z,40.625731,-73.782744,30.9,4a91b2,SE-DMR,A21N,AIRBUS A-321neo,0
takeoff,LGA,13,1787003759.51,2026-08-17T21:55:59Z,40.780447,-73.874645,120.9,a288e4,N26208,B738,BOEING 737-800,0
landing,JFK,04R,1787003781.4,2026-08-17T21:56:21Z,40.635727,-73.762314,30.9,a44988,N3756,B738,BOEING 737-800,0
takeoff,JFK,04L,1787003806.77,2026-08-17T21:56:46Z,40.626196,-73.782354,30.9,3965b0,F-GZNQ,B77W,BOEING 777-300ER,0
landing,LGA,04,1787003810.62,2026-08-17T21:56:50Z,40.777691,-73.87709,30.9,a8847f,N648RW,E170,EMBRAER ERJ-170-100,0
takeoff,JFK,31L,1787003846.23,2026-08-17T21:57:26Z,40.63567,-73.788712,300.9,a3a9ff,N335SN,B38M,BOEING 737 MAX 8,0
landing,JFK,04R,1787003863.54,2026-08-17T21:57:43Z,40.635738,-73.762314,30.9,ab60e3,N832MH,B764,BOEING 767-400,0
landing,LGA,04,1787003887.6,2026-08-17T21:58:07Z,40.777977,-73.876877,30.9,a6bd01,N533QS,C68A,CESSNA 680 Citation Latitude,0
takeoff,LGA,13,1787003910.34,2026-08-17T21:58:30Z,40.7803,-73.874329,120.9,ac72f0,N901AN,B738,BOEING 737-800,0
landing,LGA,04,1787003947.56,2026-08-17T21:59:07Z,40.778549,-73.876389,30.9,abd2e6,N861DN,B739,BOEING 737-900,0
takeoff,LGA,13,1787003973.9,2026-08-17T21:59:33Z,40.781387,-73.876617,120.9,c00b78,C-FEIX,E75S,EMBRAER ERJ-170-200 (short wing),0
takeoff,JFK,31L,1787003975.17,2026-08-17T21:59:35Z,40.634743,-73.786636,300.9,ab6c08,N835MH,B764,BOEING 767-400,0
landing,JFK,04R,1787003978.42,2026-08-17T21:59:38Z,40.635751,-73.762301,30.9,acfc56,N936DZ,B739,,0
takeoff,JFK,04L,1787003994.08,2026-08-17T21:59:54Z,40.626308,-73.782257,30.9,a83108,N627JB,A320,AIRBUS A-320,0
landing,LGA,04,1787004031.92,2026-08-17T22:00:31Z,40.775951,-73.87854,36.6,a38237,N325PQ,CRJ9,BOMBARDIER Regional Jet CRJ-900,0
takeoff,JFK,04L,1787004061.63,2026-08-17T22:01:01Z,40.626336,-73.782245,30.9,a74f33,N570JB,A320,AIRBUS A-320,0
takeoff,LGA,13,1787004066.12,2026-08-17T22:01:06Z,40.779957,-73.873596,120.9,a44969,N3755D,B738,BOEING 737-800,0
landing,JFK,04R,1787004080.55,2026-08-17T22:01:20Z,40.63662,-73.761627,30.9,ab4866,N826NW,A333,AIRBUS A-330-300,0
landing,LGA,04,1787004098.05,2026-08-17T22:01:38Z,40.778252,-73.876648,33.8,a451db,N378DN,A321,AIRBUS A-321,0
takeoff,LGA,13,1787004136.03,2026-08-17T22:02:16Z,40.780254,-73.874252,120.9,aceb76,N931XJ,CRJ9,BOMBARDIER Regional Jet CRJ-900,0
landing,JFK,13R,1787004136.99,2026-08-17T22:02:16Z,40.641117,-73.793396,106.9,4cadc6,EI-HJN,A339,AIRBUS A-330-900,0
takeoff,JFK,31L,1787004166.37,2026-08-17T22:02:46Z,40.635521,-73.788361,300.9,ab8f0d,N844DN,B739,BOEING 737-900,0
landing,LGA,04,1787004200.21,2026-08-17T22:03:20Z,40.776129,-73.878406,33.8,a3689e,N319DU,BCS3,,0
takeoff,LGA,13,1787004236.36,2026-08-17T22:03:56Z,40.780552,-73.874863,120.9,abc478,N8575Z,B738,BOEING 737-800,0
landing,LGA,04,1787004311.36,2026-08-17T22:05:11Z,40.778166,-73.876721,33.8,abbb77,N855RW,E170,EMBRAER ERJ-170-100,0
takeoff,LGA,13,1787004341.27,2026-08-17T22:05:41Z,40.780738,-73.875269,120.9,ab3982,N822NN,B738,BOEING 737-800,0
landing,JFK,04R,1787004362.71,2026-08-17T22:06:02Z,40.63401,-73.763672,30.9,a337b9,N306XR,,,0
landing,LGA,04,1787004380.4,2026-08-17T22:06:20Z,40.777782,-73.877048,33.8,ad857e,N970UY,A321,AIRBUS A-321,0
takeoff,LGA,13,1787004414.76,2026-08-17T22:06:54Z,40.780191,-73.87413,120.9,a486d8,N391DN,A321,AIRBUS A-321,0
takeoff,JFK,04L,1787004443.64,2026-08-17T22:07:23Z,40.626289,-73.782276,30.9,a63df3,N501DA,A21N,,0
landing,LGA,04,1787004490.46,2026-08-17T22:08:10Z,40.777382,-73.87738,30.9,a89442,N652BA,GLF6,GULFSTREAM G650,0
landing,JFK,04R,1787004507.49,2026-08-17T22:08:27Z,40.636647,-73.76163,30.9,4bb147,TC-LJG,B77W,BOEING 777-300ER,0
takeoff,LGA,13,1787004524.85,2026-08-17T22:08:44Z,40.78054,-73.874847,120.9,a96ba2,N706JB,A320,AIRBUS A-320,0
takeoff,JFK,04L,1787004542.23,2026-08-17T22:09:02Z,40.626755,-73.781917,30.9,3c6713,D-AIXS,A359,AIRBUS A-350-900,0
takeoff,LGA,13,1787004585.0,2026-08-17T22:09:45Z,40.781459,-73.876768,120.9,ac26cf,N882RW,E170,EMBRAER ERJ-170-100,0
takeoff,JFK,04L,1787004624.47,2026-08-17T22:10:24Z,40.626137,-73.78241,30.9,aa28f2,N754AN,B772,BOEING 777-200,0
landing,LGA,04,1787004649.27,2026-08-17T22:10:49Z,40.776363,-73.878204,30.9,a0d6a8,N153PQ,CRJ9,BOMBARDIER Regional Jet CRJ-900,0
landing,JFK,04R,1787004652.57,2026-08-17T22:10:52Z,40.633152,-73.764328,30.9,a657f4,N508DA,A21N,AIRBUS A-321neo,0
landing,JFK,04R,1787004728.29,2026-08-17T22:12:08Z,40.633994,-73.763658,30.9,ab53e4,N829SK,CRJ9,BOMBARDIER Regional Jet CRJ-900,0
takeoff,LGA,13,1787004736.91,2026-08-17T22:12:16Z,40.780003,-73.873703,120.9,abd3c7,N861NN,B738,BOEING 737-800,0
landing,JFK,04R,1787004803.39,2026-08-17T22:13:23Z,40.635349,-73.762619,30.9,34520f,EC-MNL,A332,AIRBUS A-330-200,0
takeoff,LGA,13,1787004840.34,2026-08-17T22:14:00Z,40.781448,-73.876736,120.9,a1e946,N222JQ,E75L,EMBRAER ERJ-170-200 (long wing),0
takeoff,JFK,04L,1787004930.31,2026-08-17T22:15:30Z,40.626243,-73.782307,30.9,ad846f,N970JB,A321,AIRBUS A-321,0
landing,JFK,04R,1787004935.59,2026-08-17T22:15:35Z,40.635053,-73.762862,30.9,a98f6a,N715JB,A320,AIRBUS A-320,0
takeoff,LGA,13,1787004945.4,2026-08-17T22:15:45Z,40.781518,-73.876861,120.9,abdf3f,N864RW,E170,EMBRAER ERJ-170-100,0
landing,JFK,04R,1787005010.58,2026-08-17T22:16:50Z,40.634029,-73.763658,30.9,a7a17b,N591DT,A21N,AIRBUS A-321neo,0
landing,LGA,04,1787005012.8,2026-08-17T22:16:52Z,40.778378,-73.876556,33.8,acc5a5,N922AN,B738,BOEING 737-800,0
takeoff,JFK,04L,1787005063.65,2026-08-17T22:17:43Z,40.626858,-73.78183,30.9,a16273,N189DN,B763,BOEING 767-300,0
landing,JFK,04R,1787005092.57,2026-08-17T22:18:12Z,40.636299,-73.761887,30.9,acf0db,N933AN,B738,BOEING 737-800,0
landing,LGA,04,1787005121.65,2026-08-17T22:18:41Z,40.78038,-73.874863,30.9,a32893,N302US,B38M,BOEING 737 MAX 8,0
takeoff,LGA,13,1787005136.31,2026-08-17T22:18:56Z,40.781611,-73.87708,120.9,abe2f6,N865RW,E170,EMBRAER ERJ-170-100,0
takeoff,JFK,31L,1787005142.6,2026-08-17T22:19:02Z,40.635853,-73.789093,300.9,a1cf48,N2156J,A21N,AIRBUS A-321neo,0
landing,JFK,04R,1787005172.22,2026-08-17T22:19:32Z,40.635448,-73.76255,30.9,406947,G-STBG,B77W,BOEING 777-300ER,0
landing,LGA,04,1787005214.2,2026-08-17T22:20:14Z,40.777084,-73.877642,33.8,a7178c,N556UW,A321,AIRBUS A-321,0
takeoff,LGA,13,1787005259.53,2026-08-17T22:20:59Z,40.781681,-73.877236,120.9,ac1f61,N880RW,E170,EMBRAER ERJ-170-100,0
landing,JFK,04R,1787005313.77,2026-08-17T22:21:53Z,40.636585,-73.761658,30.9,ad2f71,N949JT,A321,AIRBUS A-321,0
landing,LGA,04,1787005326.88,2026-08-17T22:22:06Z,40.777887,-73.876924,28.1,a320a6,N300PQ,CRJ9,BOMBARDIER Regional Jet CRJ-900,0
takeoff,JFK,04L,1787005338.96,2026-08-17T22:22:18Z,40.627613,-73.781235,30.9,4cadc6,EI-HJN,A339,AIRBUS A-330-900,0
landing,JFK,04R,1787005391.2,2026-08-17T22:23:11Z,40.63448,-73.763306,30.9,acb679,N918XJ,CRJ9,BOMBARDIER Regional Jet CRJ-900,0
landing,LGA,04,1787005406.83,2026-08-17T22:23:26Z,40.777233,-73.877472,30.9,a38141,N325DU,BCS3,AIRBUS A220-300,0
takeoff,LGA,13,1787005449.69,2026-08-17T22:24:09Z,40.779648,-73.872971,120.9,a08e3c,N135EV,CRJ9,BOMBARDIER Regional Jet CRJ-900,0
landing,JFK,04R,1787005465.25,2026-08-17T22:24:25Z,40.634926,-73.762955,30.9,a3871e,N3261J,BCS3,,0
takeoff,JFK,04L,1787005477.24,2026-08-17T22:24:37Z,40.62743,-73.781371,30.9,a38ad5,N3271J,BCS3,,0
landing,LGA,04,1787005496.93,2026-08-17T22:24:56Z,40.778469,-73.876465,33.8,ac10af,N877DN,B739,BOEING 737-900,0
takeoff,LGA,13,1787005537.58,2026-08-17T22:25:37Z,40.779667,-73.873053,120.9,a45b96,N380DA,B738,BOEING 737-800,0
landing,JFK,04R,1787005556.98,2026-08-17T22:25:56Z,40.634715,-73.763097,30.9,a35949,N3149J,BCS3,AIRBUS A220-300,0
landing,LGA,04,1787005579.01,2026-08-17T22:26:19Z,40.777897,-73.876923,30.9,accb65,N923XJ,CRJ9,BOMBARDIER Regional Jet CRJ-900,0
landing,JFK,04L,1787005619.84,2026-08-17T22:26:59Z,40.635611,-73.77505,28.1,a19691,N201JQ,E75L,EMBRAER ERJ-170-200 (long wing),0
landing,JFK,04R,1787005643.07,2026-08-17T22:27:23Z,40.634564,-73.763237,30.9,a01112,N103NN,A321,AIRBUS A-321,0
takeoff,JFK,04L,1787005660.62,2026-08-17T22:27:40Z,40.62615,-73.782369,30.9,4cabd4,EI-LRH,A21N,AIRBUS A-321neo,0
landing,LGA,04,1787005670.84,2026-08-17T22:27:50Z,40.778503,-73.87644,30.9,ab5383,N829NN,B738,BOEING 737-800,0
takeoff,JFK,31L,1787005716.41,2026-08-17T22:28:36Z,40.635624,-73.788589,300.9,a34d52,N3113J,BCS3,AIRBUS A220-300,0
landing,JFK,04R,1787005718.99,2026-08-17T22:28:38Z,40.638067,-73.76049,30.9,ad63a1,N962AN,B738,BOEING 737-800,0
landing,LGA,04,1787005773.18,2026-08-17T22:29:33Z,40.77824,-73.876663,30.9,a03816,N113HQ,E75L,EMBRAER ERJ-170-200 (long wing),0
landing,JFK,04L,1787005781.08,2026-08-17T22:29:41Z,40.636426,-73.774379,30.9,ad56e0,N959JB,A321,AIRBUS A-321,0
takeoff,LGA,13,1787005799.16,2026-08-17T22:29:59Z,40.781878,-73.877657,120.9,a20957,N230JQ,E75L,EMBRAER ERJ-170-200 (long wing),0
landing,JFK,04R,1787005810.11,2026-08-17T22:30:10Z,40.63488,-73.76297,30.9,ac7c67,N903XJ,CRJ9,BOMBARDIER Regional Jet CRJ-900,0
landing,LGA,04,1787005852.84,2026-08-17T22:30:52Z,40.777531,-73.877182,42.2,a09239,N136HQ,E75L,EMBRAER ERJ-170-200 (long wing),0
landing,JFK,04R,1787005873.24,2026-08-17T22:31:13Z,40.636436,-73.761765,30.9,acb824,N919AK,B39M,BOEING 737 MAX 9,0
takeoff,LGA,13,1787005886.15,2026-08-17T22:31:26Z,40.780016,-73.87374,120.9,aaad6d,N7874B,B737,BOEING 737-700,0
landing,LGA,04,1787005930.19,2026-08-17T22:32:10Z,40.778864,-73.876128,33.8,a00ce0,N102HQ,E75L,EMBRAER ERJ-170-200 (long wing),0
takeoff,JFK,04L,1787005934.44,2026-08-17T22:32:14Z,40.625931,-73.782547,30.9,a3661f,N318SF,B38M,BOEING 737 MAX 8,0
takeoff,LGA,13,1787005956.98,2026-08-17T22:32:36Z,40.781273,-73.876389,120.9,c060be,C-GKQN,E295,EMBRAER ERJ-190-400,0
takeoff,JFK,31L,1787005965.99,2026-08-17T22:32:45Z,40.635332,-73.787956,300.9,acaf0b,N916XJ,CRJ9,BOMBARDIER Regional Jet CRJ-900,0
landing,JFK,04R,1787005969.81,2026-08-17T22:32:49Z,40.634832,-73.763019,30.9,aced24,N932AN,B738,BOEING 737-800,0
takeoff,JFK,04L,1787005993.97,2026-08-17T22:33:13Z,40.623205,-73.784679,30.9,a0144e,N104HQ,E75L,EMBRAER ERJ-170-200 (long wing),0
landing,LGA,04,1787006011.84,2026-08-17T22:33:31Z,40.779419,-73.875671,36.6,a35ab8,N315PQ,CRJ9,BOMBARDIER Regional Jet CRJ-900,0
takeoff,LGA,13,1787006037.08,2026-08-17T22:33:57Z,40.78046,-73.87468,122.5,a3c9e2,N343QS,E55P,EMBRAER EMB-505 Phenom 300,0
landing,JFK,04R,1787006056.3,2026-08-17T22:34:16Z,40.635053,-73.762847,30.9,4075b4,G-VPOP,A35K,AIRBUS A-350-1000,0
landing,LGA,04,1787006074.35,2026-08-17T22:34:34Z,40.778212,-73.87669,33.8,c08497,C-GYFM,A321,AIRBUS A-321,0
takeoff,JFK,04L,1787006076.4,2026-08-17T22:34:36Z,40.626778,-73.781876,30.9,a35109,N3123J,BCS3,AIRBUS A220-300,0
landing,LGA,04,1787006167.26,2026-08-17T22:36:07Z,40.777584,-73.877173,30.9,a39723,N330PQ,CRJ9,BOMBARDIER Regional Jet CRJ-900,0
landing,JFK,04R,1787006200.63,2026-08-17T22:36:40Z,40.634674,-73.763153,30.9,ad3581,N950JT,A321,AIRBUS A-321,0
takeoff,LGA,13,1787006222.13,2026-08-17T22:37:02Z,40.779465,-73.872574,120.9,aca3e6,N913XJ,CRJ9,BOMBARDIER Regional Jet CRJ-900,0
landing,LGA,04,1787006255.85,2026-08-17T22:37:35Z,40.776572,-73.878016,33.8,acba30,N919XJ,CRJ9,BOMBARDIER Regional Jet CRJ-900,0
landing,JFK,04R,1787006276.07,2026-08-17T22:37:56Z,40.636496,-73.761723,30.9,ad945a,N974UY,A321,AIRBUS A-321,0
landing,LGA,04,1787006333.63,2026-08-17T22:38:53Z,40.780784,-73.874552,33.8,aae6cd,N801NN,B738,BOEING 737-800,0
takeoff,LGA,13,1787006364.71,2026-08-17T22:39:24Z,40.77951,-73.872681,120.9,acfa52,N935XJ,CRJ9,BOMBARDIER Regional Jet CRJ-900,0
landing,JFK,04R,1787006387.24,2026-08-17T22:39:47Z,40.634651,-73.763153,33.8,ab4c76,N827SK,CRJ9,BOMBARDIER Regional Jet CRJ-900,0
landing,LGA,04,1787006420.28,2026-08-17T22:40:20Z,40.78133,-73.874084,33.8,a1c1c7,N212JQ,E75L,EMBRAER ERJ-170-200 (long wing),0
takeoff,LGA,13,1787006473.5,2026-08-17T22:41:13Z,40.781891,-73.87767,120.9,ab282b,N818MD,E170,EMBRAER ERJ-170-100,0
landing,JFK,04R,1787006475.55,2026-08-17T22:41:15Z,40.637043,-73.761286,30.9,a35ef1,N316UV,B38M,BOEING 737 MAX 8,0
landing,LGA,04,1787006516.1,2026-08-17T22:41:56Z,40.777153,-73.877548,33.8,ab0a73,N810MD,E170,EMBRAER ERJ-170-100,0
landing,JFK,04R,1787006553.48,2026-08-17T22:42:33Z,40.633575,-73.764002,30.9,a8712a,N643JB,A320,AIRBUS A-320,0
takeoff,JFK,04L,1787006557.25,2026-08-17T22:42:37Z,40.626697,-73.781948,30.9,acab54,N915XJ,CRJ9,BOMBARDIER Regional Jet CRJ-900,0
landing,LGA,04,1787006590.83,2026-08-17T22:43:10Z,40.778698,-73.876297,33.8,a08e82,N135HQ,E75L,EMBRAER ERJ-170-200 (long wing),0
takeoff,LGA,13,1787006616.68,2026-08-17T22:43:36Z,40.781483,-73.876814,120.9,a00037,N1CC,GLF5,GULFSTREAM 5,8
takeoff,JFK,04L,1787006647.12,2026-08-17T22:44:07Z,40.627034,-73.781683,30.9,ab03a4,N809DN,B739,BOEING 737-900,0
landing,JFK,04R,1787006666.18,2026-08-17T22:44:26Z,40.636768,-73.76152,30.9,a4da13,N411YX,E75L,EMBRAER ERJ-170-200 (long wing),0
takeoff,JFK,31L,1787006669.76,2026-08-17T22:44:29Z,40.63496,-73.787114,302.5,a3f7f3,N355FX,E55P,EMBRAER EMB-505 Phenom 300,0
landing,LGA,04,1787006672.69,2026-08-17T22:44:32Z,40.78139,-73.874037,33.8,a1ecfd,N223JQ,E75L,EMBRAER ERJ-170-200 (long wing),0
takeoff,LGA,13,1787006686.32,2026-08-17T22:44:46Z,40.781809,-73.877501,120.9,a4e181,N413YX,E75L,EMBRAER ERJ-170-200 (long wing),0
landing,JFK,04R,1787006734.56,2026-08-17T22:45:34Z,40.633051,-73.764407,30.9,a9b06f,N723TW,B752,BOEING 757-200,0
takeoff,JFK,04L,1787006744.63,2026-08-17T22:45:44Z,40.626869,-73.78183,32.5,abac2c,N851MK,B789,BOEING 787-9 Dreamliner,0
landing,JFK,04L,1787006745.29,2026-08-17T22:45:45Z,40.627075,-73.781662,32.5,abac2c,N851MK,B789,BOEING 787-9 Dreamliner,0
takeoff,JFK,04L,1787006745.29,2026-08-17T22:45:45Z,40.627075,-73.781662,32.5,abac2c,N851MK,B789,BOEING 787-9 Dreamliner,0
takeoff,JFK,04L,1787006804.52,2026-08-17T22:46:44Z,40.626429,-73.782151,30.9,a4f5f0,N419DX,A339,AIRBUS A-330-900,0
landing,JFK,04R,1787006814.37,2026-08-17T22:46:54Z,40.63567,-73.76236,30.9,3965a7,F-GZNH,B77W,BOEING 777-300ER,0
landing,LGA,04,1787006871.85,2026-08-17T22:47:51Z,40.780505,-73.874754,30.9,ac045e,N87339,E75L,EMBRAER ERJ-170-200 (long wing),0
takeoff,JFK,31L,1787006944.16,2026-08-17T22:49:04Z,40.636205,-73.789845,300.9,ab35cb,N821NN,B738,BOEING 737-800,0
takeoff,JFK,04L,1787006971.22,2026-08-17T22:49:31Z,40.627034,-73.781698,30.9,a3795a,N3229J,BCS3,AIRBUS A220-300,0
takeoff,LGA,13,1787007025.73,2026-08-17T22:50:25Z,40.780426,-73.874603,120.9,a49d22,N397DN,A321,AIRBUS A-321,0
takeoff,JFK,04L,1787007028.07,2026-08-17T22:50:28Z,40.626675,-73.781967,30.9,a1863b,N198DN,B763,BOEING 767-300,0
landing,LGA,13,1787007028.71,2026-08-17T22:50:28Z,40.779751,-73.873184,120.9,a49d22,N397DN,A321,AIRBUS A-321,0
takeoff,LGA,13,1787007028.71,2026-08-17T22:50:28Z,40.779751,-73.873184,120.9,a49d22,N397DN,A321,AIRBUS A-321,0
landing,JFK,04R,1787007041.82,2026-08-17T22:50:41Z,40.63496,-73.762924,30.9,ab4489,N825MH,B764,BOEING 767-400,0
landing,LGA,04,1787007075.55,2026-08-17T22:51:15Z,40.777782,-73.877029,33.8,a48321,N390DN,A321,AIRBUS A-321,0
takeoff,LGA,13,1787007099.83,2026-08-17T22:51:39Z,40.781673,-73.877213,120.9,a8a0d9,N655RW,E170,EMBRAER ERJ-170-100,0
landing,JFK,04L,1787007162.62,2026-08-17T22:52:42Z,40.634045,-73.776215,30.9,4cc578,TF-IAB,A21N,AIRBUS A-321neo,0
landing,LGA,04,1787007205.88,2026-08-17T22:53:25Z,40.778927,-73.876083,33.8,ac1951,N879RW,E170,EMBRAER ERJ-170-100,0
takeoff,LGA,13,1787007248.23,2026-08-17T22:54:08Z,40.779737,-73.873163,120.9,a44db3,N3769L,B738,BOEING 737-800,0
landing,JFK,04R,1787007254.34,2026-08-17T22:54:14Z,40.634972,-73.762909,30.9,a38af8,N3272J,BCS3,AIRBUS A220-300,0
takeoff,JFK,04L,1787007282.51,2026-08-17T22:54:42Z,40.626441,-73.782182,30.9,aace5c,N796AN,B772,BOEING 777-200,0
takeoff,LGA,13,1787007325.72,2026-08-17T22:55:25Z,40.779935,-73.873553,120.9,aa4c1a,N76254,B738,BOEING 737-800,0
takeoff,JFK,04L,1787007365.31,2026-08-17T22:56:05Z,40.62608,-73.78244,30.9,a0f4f6,N16065,B763,BOEING 767-300,0
landing,LGA,04,1787007398.3,2026-08-17T22:56:38Z,40.777588,-73.877182,33.8,a3183d,N299PQ,CRJ9,BOMBARDIER Regional Jet CRJ-900,0
landing,JFK,04R,1787007404.47,2026-08-17T22:56:44Z,40.634727,-73.763112,30.9,ab398a,N822NW,A333,AIRBUS A-330-300,0
landing,JFK,04R,1787007498.38,2026-08-17T22:58:18Z,40.633761,-73.763846,33.8,4ca842,EI-ELA,A333,AIRBUS A-330-300,0
landing,LGA,04,1787007579.83,2026-08-17T22:59:39Z,40.77792,-73.876907,30.9,a44d1c,N3765,B738,BOEING 737-800,0
landing,JFK,04R,1787007622.44,2026-08-17T23:00:22Z,40.633278,-73.764252,30.9,a781d7,N583JB,A320,AIRBUS A-320,0
takeoff,LGA,13,1787007647.98,2026-08-17T23:00:47Z,40.779774,-73.873199,120.9,a39d9b,N332DU,BCS3,,0
takeoff,JFK,04L,1787007700.91,2026-08-17T23:01:40Z,40.626572,-73.782059,30.9,a898a9,N653JB,A320,AIRBUS A-320,0
landing,LGA,04,1787007701.23,2026-08-17T23:01:41Z,40.777084,-73.877609,33.8,c05ed8,C-GJXV,BCS3,AIRBUS A220-300,0
landing,JFK,04R,1787007730.43,2026-08-17T23:02:10Z,40.633278,-73.764221,30.9,76cce1,9V-SGA,A359,AIRBUS A-350-900,0
takeoff,JFK,31L,1787007750.77,2026-08-17T23:02:30Z,40.636139,-73.789734,300.9,a01f13,N107DU,BCS1,AIRBUS A220-100,0
takeoff,JFK,04L,1787007756.87,2026-08-17T23:02:36Z,40.625952,-73.782541,30.9,a5e3e4,N479PX,CRJ9,BOMBARDIER Regional Jet CRJ-900,0
landing,LGA,04,1787007783.73,2026-08-17T23:03:03Z,40.776958,-73.877701,30.9,abd627,N8619F,B738,BOEING 737-800,0
takeoff,LGA,13,1787007819.37,2026-08-17T23:03:39Z,40.781456,-73.87677,120.9,ab1d06,N815MD,E170,EMBRAER ERJ-170-100,0
landing,JFK,04R,1787007840.45,2026-08-17T23:04:00Z,40.635088,-73.762816,30.9,4cae80,EI-TYA,A339,AIRBUS A-330-900,0
landing,JFK,04L,1787007862.01,2026-08-17T23:04:22Z,40.635309,-73.775222,30.9,adf128,N998JE,A321,AIRBUS A-321,0
landing,LGA,04,1787007887.58,2026-08-17T23:04:47Z,40.777956,-73.876877,28.1,a1584a,N186PQ,CRJ9,BOMBARDIER Regional Jet CRJ-900,0
takeoff,LGA,13,1787007929.57,2026-08-17T23:05:29Z,40.779545,-73.872772,120.9,a15795,N186GJ,CRJ9,BOMBARDIER Regional Jet CRJ-900,0
takeoff,JFK,31L,1787007935.11,2026-08-17T23:05:35Z,40.635796,-73.788986,300.9,a38a3a,N327VP,B38M,BOEING 737 MAX 8,0
landing,JFK,04R,1787007969.31,2026-08-17T23:06:09Z,40.635053,-73.762862,30.9,acca19,N923JB,A321,AIRBUS A-321,0
takeoff,JFK,04L,1787008000.2,2026-08-17T23:06:40Z,40.626313,-73.78226,30.9,adb35c,N982JB,A321,AIRBUS A-321,0
landing,JFK,04R,1787008030.29,2026-08-17T23:07:10Z,40.633392,-73.764145,29.6,c8243a,ZK-NZM,B789,BOEING 787-9 Dreamliner,0
landing,LGA,04,1787008030.97,2026-08-17T23:07:10Z,40.777622,-73.877167,33.8,a8a490,N656RW,E170,EMBRAER ERJ-170-100,0
takeoff,JFK,04L,1787008073.06,2026-08-17T23:07:53Z,40.626894,-73.781792,30.9,407f19,G-VBOB,A35K,AIRBUS A-350-1000,0
takeoff,LGA,13,1787008074.63,2026-08-17T23:07:54Z,40.779854,-73.873413,120.9,a44211,N37351,B38M,BOEING 737 MAX 8,0
landing,LGA,04,1787008102.38,2026-08-17T23:08:22Z,40.775582,-73.878859,33.8,ab6394,N833AW,A319,AIRBUS A-319,0
takeoff,JFK,04L,1787008147.1,2026-08-17T23:09:07Z,40.626254,-73.782307,30.9,400776,G-VIIY,B772,BOEING 777-200,0
landing,JFK,04R,1787008161.63,2026-08-17T23:09:21Z,40.634846,-73.763016,30.9,a1bc29,N2102J,A21N,AIRBUS A-321neo,0
landing,LGA,04,1787008218.85,2026-08-17T23:10:18Z,40.777748,-73.87706,30.9,a08317,N132EV,CRJ9,BOMBARDIER Regional Jet CRJ-900,0
landing,JFK,04R,1787008245.22,2026-08-17T23:10:45Z,40.634564,-73.763237,30.9,461f08,OH-LTO,A333,AIRBUS A-330-300,0
takeoff,JFK,04L,1787008302.1,2026-08-17T23:11:42Z,40.62624,-73.782318,30.9,a19cc7,N2027J,A21N,AIRBUS A-321neo,0
takeoff,JFK,04L,1787008369.88,2026-08-17T23:12:49Z,40.626514,-73.782089,30.9,4077d4,G-VRNB,A35K,AIRBUS A-350-1000,0
takeoff,LGA,13,1787008373.02,2026-08-17T23:12:53Z,40.779795,-73.873288,120.9,aa735a,N7724A,B737,BOEING 737-700,0
landing,JFK,04R,1787008379.21,2026-08-17T23:12:59Z,40.634482,-73.763284,28.1,a8f235,N676CA,CRJ9,BOMBARDIER Regional Jet CRJ-900,0
takeoff,LGA,13,1787008436.51,2026-08-17T23:13:56Z,40.781479,-73.876801,120.9,aa0ca5,N747BA,GA7C,GULFSTREAM G700,0
landing,JFK,04R,1787008464.49,2026-08-17T23:14:24Z,40.632865,-73.764548,30.9,a423c4,N366NB,A319,AIRBUS A-319,0
takeoff,JFK,04L,1787008471.05,2026-08-17T23:14:31Z,40.626557,-73.782057,30.9,a13af4,N179DN,B763,BOEING 767-300,0
landing,JFK,04L,1787008472.03,2026-08-17T23:14:32Z,40.626915,-73.781769,30.9,a13af4,N179DN,B763,BOEING 767-300,0
takeoff,JFK,04L,1787008472.03,2026-08-17T23:14:32Z,40.626915,-73.781769,30.9,a13af4,N179DN,B763,BOEING 767-300,0
landing,JFK,04R,1787008537.48,2026-08-17T23:15:37Z,40.637124,-73.761224,29.6,485f82,PH-BKO,B78X,BOEING 787-10 Dreamliner,0
takeoff,JFK,04L,1787008561.43,2026-08-17T23:16:01Z,40.625919,-73.782562,30.9,a3244c,N301NY,A21N,AIRBUS A-321neo,0
takeoff,JFK,04L,1787008610.35,2026-08-17T23:16:50Z,40.623356,-73.784561,30.9,a21833,N234JQ,E75L,EMBRAER ERJ-170-200 (long wing),0
takeoff,LGA,13,1787008627.5,2026-08-17T23:17:07Z,40.780174,-73.874084,120.9,ad36a8,N950WN,B737,BOEING 737-700,0
landing,JFK,04R,1787008677.19,2026-08-17T23:17:57Z,40.634506,-73.763284,30.9,a36799,N3185J,BCS3,AIRBUS A220-300,0
takeoff,JFK,04L,1787008678.52,2026-08-17T23:17:58Z,40.626557,-73.782057,30.9,acc040,N920XJ,CRJ9,BOMBARDIER Regional Jet CRJ-900,0
landing,JFK,04R,1787008756.16,2026-08-17T23:19:16Z,40.634098,-73.76358,30.9,495267,CS-TSG,A21N,AIRBUS A-321neo,0
landing,JFK,04R,1787008836.96,2026-08-17T23:20:36Z,40.633807,-73.76383,30.9,a6ffc3,N550DN,A21N,AIRBUS A-321neo,0
takeoff,JFK,04L,1787008837.81,2026-08-17T23:20:37Z,40.625812,-73.78265,30.9,a69bcd,N525DA,A21N,AIRBUS A-321neo,0
landing,JFK,04R,1787008926.44,2026-08-17T23:22:06Z,40.634878,-73.762972,30.9,a51601,N427DX,A339,AIRBUS A-330-900,0
takeoff,LGA,13,1787008947.19,2026-08-17T23:22:27Z,40.781628,-73.877136,120.9,a54cd9,N440YX,E75L,EMBRAER ERJ-170-200 (long wing),0
landing,JFK,04L,1787008962.07,2026-08-17T23:22:42Z,40.634983,-73.775467,30.9,a38836,N3269J,BCS3,AIRBUS A220-300,0
landing,LGA,04,1787009011.65,2026-08-17T23:23:31Z,40.77564,-73.878812,33.8,a12710,N17327,B38M,BOEING 737 MAX 8,0
takeoff,LGA,13,1787009045.6,2026-08-17T23:24:05Z,40.781651,-73.877136,120.9,a89442,N652BA,GLF6,GULFSTREAM G650,0
landing,JFK,04R,1787009077.86,2026-08-17T23:24:37Z,40.637009,-73.761337,30.9,a20347,N229JQ,E75L,EMBRAER ERJ-170-200 (long wing),0
takeoff,JFK,04L,1787009112.61,2026-08-17T23:25:12Z,40.626171,-73.782379,30.9,394a04,F-GSQE,B77W,BOEING 777-300ER,0
landing,JFK,04R,1787009135.4,2026-08-17T23:25:35Z,40.635029,-73.762862,30.9,a33328,N305NY,A21N,AIRBUS A-321neo,0
takeoff,JFK,04L,1787009187.98,2026-08-17T23:26:27Z,40.626161,-73.782369,30.9,407994,G-STBO,B77W,BOEING 777-300ER,0
landing,JFK,04R,1787009207.49,2026-08-17T23:26:47Z,40.634506,-73.763268,30.9,4951ee,CS-TON,A332,AIRBUS A-330-200,0
landing,LGA,04,1787009234.41,2026-08-17T23:27:14Z,40.781832,-73.873709,30.9,a1ccec,N215JQ,E75L,EMBRAER ERJ-170-200 (long wing),0
landing,JFK,04R,1787009336.7,2026-08-17T23:28:56Z,40.634033,-73.763611,30.9,a38b61,N3275J,BCS3,AIRBUS A220-300,0
landing,LGA,04,1787009355.48,2026-08-17T23:29:15Z,40.776581,-73.878021,33.8,ab774b,N838NN,B738,BOEING 737-800,0
landing,LGA,04,1787009356.0,2026-08-17T23:29:16Z,40.77673,-73.877899,30.9,ab774b,N838NN,B738,BOEING 737-800,0
takeoff,LGA,13,1787009388.29,2026-08-17T23:29:48Z,40.781639,-73.877136,120.9,a8847f,N648RW,E170,EMBRAER ERJ-170-100,0
landing,JFK,04R,1787009410.3,2026-08-17T23:30:10Z,40.635972,-73.762113,30.9,a449e5,N3758Y,B738,BOEING 737-800,0
takeoff,JFK,04L,1787009437.0,2026-08-17T23:30:37Z,40.626347,-73.782229,30.9,738075,4X-ECE,B772,BOEING 777-200,0
landing,LGA,04,1787009484.21,2026-08-17T23:31:24Z,40.777233,-73.877472,30.9,a49206,N394DX,A321,AIRBUS A-321,0
landing,JFK,04R,1787009487.68,2026-08-17T23:31:27Z,40.63385,-73.763779,29.6,02013d,CN-RGX,B789,BOEING 787-9 Dreamliner,0
takeoff,LGA,13,1787009527.5,2026-08-17T23:32:07Z,40.780151,-73.874039,120.9,aaadb2,N7876A,B737,BOEING 737-700,0
landing,JFK,04L,1787009558.31,2026-08-17T23:32:38Z,40.633038,-73.776993,30.9,a02681,N109DU,BCS1,AIRBUS A220-100,0
landing,LGA,04,1787009619.08,2026-08-17T23:33:39Z,40.778309,-73.876587,33.8,a1dd2d,N219YX,E75L,EMBRAER ERJ-170-200 (long wing),0
takeoff,JFK,04L,1787009630.57,2026-08-17T23:33:50Z,40.62743,-73.781357,30.9,ab1979,N814NW,A333,AIRBUS A-330-300,0
landing,JFK,04R,1787009634.7,2026-08-17T23:33:54Z,40.635728,-73.762301,30.9,a776b2,N580JB,A320,AIRBUS A-320,0
takeoff,LGA,13,1787009691.61,2026-08-17T23:34:51Z,40.779797,-73.873276,123.8,a32814,N302PQ,CRJ9,BOMBARDIER Regional Jet CRJ-900,0
landing,JFK,04R,1787009715.58,2026-08-17T23:35:15Z,40.634936,-73.762925,30.9,a70f11,N554JB,A320,AIRBUS A-320,0
takeoff,JFK,04L,1787009742.21,2026-08-17T23:35:42Z,40.626929,-73.781776,28.1,a18380,N197PQ,CRJ9,BOMBARDIER Regional Jet CRJ-900,0
takeoff,LGA,04,1787009772.6,2026-08-17T23:36:12Z,40.778969,-73.878515,30.9,a06aba,N126HQ,E75L,EMBRAER ERJ-170-200 (long wing),0
landing,LGA,04,1787009779.79,2026-08-17T23:36:19Z,40.778969,-73.878515,30.9,a06aba,N126HQ,E75L,EMBRAER ERJ-170-200 (long wing),0
takeoff,LGA,04,1787009779.79,2026-08-17T23:36:19Z,40.778969,-73.878515,30.9,a06aba,N126HQ,E75L,EMBRAER ERJ-170-200 (long wing),0
landing,LGA,04,1787009785.49,2026-08-17T23:36:25Z,40.778973,-73.87851,30.9,a06aba,N126HQ,E75L,EMBRAER ERJ-170-200 (long wing),0
takeoff,LGA,04,1787009785.49,2026-08-17T23:36:25Z,40.778973,-73.87851,30.9,a06aba,N126HQ,E75L,EMBRAER ERJ-170-200 (long wing),0
landing,LGA,04,1787009795.71,2026-08-17T23:36:35Z,40.778969,-73.878515,30.9,a06aba,N126HQ,E75L,EMBRAER ERJ-170-200 (long wing),0
takeoff,JFK,04L,1787009809.06,2026-08-17T23:36:49Z,40.627705,-73.781189,30.9,4066ab,G-VRAY,A333,AIRBUS A-330-300,0
landing,LGA,04,1787009831.77,2026-08-17T23:37:11Z,40.77721,-73.877472,33.8,a3b124,N337PQ,CRJ9,BOMBARDIER Regional Jet CRJ-900,0
takeoff,LGA,13,1787009882.31,2026-08-17T23:38:02Z,40.779528,-73.872741,120.9,a3689e,N319DU,BCS3,,0
landing,JFK,04R,1787009884.33,2026-08-17T23:38:04Z,40.637671,-73.760803,29.6,040088,ET-ARF,B788,BOEING 787-8 Dreamliner,0
landing,JFK,04L,1787009909.86,2026-08-17T23:38:29Z,40.631298,-73.778366,30.9,a8c028,N663JB,A320,AIRBUS A-320,0
takeoff,LGA,13,1787009943.74,2026-08-17T23:39:03Z,40.780261,-73.874255,120.9,a45586,N379DA,B738,BOEING 737-800,0
landing,LGA,04,1787009982.32,2026-08-17T23:39:42Z,40.77776,-73.87706,33.8,abd063,N860RW,E170,EMBRAER ERJ-170-100,0
takeoff,JFK,04L,1787010061.78,2026-08-17T23:41:01Z,40.627373,-73.781418,30.9,478854,LN-RKS,A333,AIRBUS A-330-300,0
takeoff,LGA,13,1787010075.25,2026-08-17T23:41:15Z,40.781634,-73.877127,120.9,a06aba,N126HQ,E75L,EMBRAER ERJ-170-200 (long wing),0
landing,JFK,04R,1787010077.18,2026-08-17T23:41:17Z,40.632271,-73.765016,30.9,a417af,N363CM,B763,BOEING 767-300,0
landing,JFK,04L,1787010128.73,2026-08-17T23:42:08Z,40.631584,-73.778137,30.9,a3c259,N341PQ,CRJ9,BOMBARDIER Regional Jet CRJ-900,0
landing,JFK,04R,1787010194.21,2026-08-17T23:43:14Z,40.636147,-73.761942,30.9,8963f3,A6-EOV,A388,AIRBUS A-380-800,0
takeoff,JFK,04L,1787010197.71,2026-08-17T23:43:17Z,40.627384,-73.781418,30.9,a36b73,N3196J,BCS3,AIRBUS A220-300,0
landing,JFK,04L,1787010281.62,2026-08-17T23:44:41Z,40.635361,-73.775177,30.9,adf4e9,N999JQ,A321,AIRBUS A-321,0
landing,LGA,04,1787010285.91,2026-08-17T23:44:45Z,40.778698,-73.876251,33.8,a0232a,N108HQ,E75L,EMBRAER ERJ-170-200 (long wing),0
takeoff,LGA,13,1787010320.02,2026-08-17T23:45:20Z,40.780197,-73.87413,120.9,ad495b,N955XV,A21N,,0
takeoff,JFK,04L,1787010366.84,2026-08-17T23:46:06Z,40.627022,-73.781698,30.9,4d206e,9H-ALC,A332,AIRBUS A-330-200,0
landing,JFK,04R,1787010384.24,2026-08-17T23:46:24Z,40.633901,-73.763736,30.9,a919cd,N686DA,B752,BOEING 757-200,0
landing,LGA,04,1787010390.2,2026-08-17T23:46:30Z,40.777852,-73.87697,33.8,abbd0a,N8555Z,B738,BOEING 737-800,0
takeoff,JFK,04L,1787010475.75,2026-08-17T23:47:55Z,40.625894,-73.782557,30.9,a65086,N506DA,A21N,AIRBUS A-321neo,0
landing,JFK,04R,1787010486.59,2026-08-17T23:48:06Z,40.637192,-73.761246,25.3,a21fa1,N236JQ,E75L,EMBRAER ERJ-170-200 (long wing),0
landing,LGA,04,1787010501.59,2026-08-17T23:48:21Z,40.776764,-73.877884,30.9,a3ad6d,N336PQ,CRJ9,BOMBARDIER Regional Jet CRJ-900,0
landing,JFK,04R,1787010539.62,2026-08-17T23:48:59Z,40.63475,-73.763081,30.9,aa77f0,N774AN,B772,BOEING 777-200,0
landing,JFK,04L,1787010574.51,2026-08-17T23:49:34Z,40.631401,-73.778275,30.9,ac92b1,N909XJ,CRJ9,BOMBARDIER Regional Jet CRJ-900,0
takeoff,LGA,13,1787010593.78,2026-08-17T23:49:53Z,40.779922,-73.873535,120.9,a3c775,N34222,B738,BOEING 737-800,0
landing,LGA,04,1787010638.27,2026-08-17T23:50:38Z,40.779027,-73.876034,30.9,acb953,N919NN,B738,BOEING 737-800,0
landing,JFK,04R,1787010687.15,2026-08-17T23:51:27Z,40.63393,-73.763733,30.9,aca02f,N912XJ,CRJ9,BOMBARDIER Regional Jet CRJ-900,0
landing,LGA,04,1787010758.08,2026-08-17T23:52:38Z,40.777503,-73.877283,30.9,ac0ba7,N87527,B738,BOEING 737-800,0
landing,JFK,04R,1787010777.93,2026-08-17T23:52:57Z,40.636425,-73.76178,30.9,a04aa9,N118HQ,E75L,EMBRAER ERJ-170-200 (long wing),0
landing,JFK,04L,1787010783.3,2026-08-17T23:53:03Z,40.629967,-73.779373,30.9,ac791d,N9021H,A319,AIRBUS A-319,0
takeoff,LGA,13,1787010802.56,2026-08-17T23:53:22Z,40.779659,-73.873016,120.9,a44d85,N3768,B738,BOEING 737-800,0
landing,JFK,04R,1787010840.4,2026-08-17T23:54:00Z,40.634686,-73.763107,30.9,a1a0a1,N2038J,A21N,AIRBUS A-321neo,0
landing,LGA,04,1787010899.34,2026-08-17T23:54:59Z,40.779259,-73.875824,33.8,c00b71,C-FEIQ,E75S,EMBRAER ERJ-170-200 (short wing),0
landing,JFK,04R,1787010919.35,2026-08-17T23:55:19Z,40.633358,-73.764145,30.9,a033ae,N112AN,A321,AIRBUS A-321,0
takeoff,JFK,04L,1787010947.36,2026-08-17T23:55:47Z,40.626881,-73.781799,33.8,a44a1b,N376AF,,,0
takeoff,LGA,13,1787010959.22,2026-08-17T23:55:59Z,40.779465,-73.872604,120.9,a2fe3c,N292PQ,CRJ9,BOMBARDIER Regional Jet CRJ-900,0
landing,JFK,04R,1787011000.67,2026-08-17T23:56:40Z,40.635367,-73.762582,30.9,a36661,N318UX,B38M,BOEING 737 MAX 8,0
landing,LGA,04,1787011024.54,2026-08-17T23:57:04Z,40.777247,-73.877454,30.9,adeddd,N997NN,B738,BOEING 737-800,0
takeoff,LGA,13,1787011060.59,2026-08-17T23:57:40Z,40.780369,-73.874481,120.9,a45f64,N381DZ,A321,AIRBUS A-321,0
landing,JFK,04R,1787011082.35,2026-08-17T23:58:02Z,40.633982,-73.763705,30.9,a02c40,N110AN,A321,AIRBUS A-321,0
takeoff,LGA,13,1787011123.7,2026-08-17T23:58:43Z,40.779877,-73.873444,120.9,a0d6a8,N153PQ,CRJ9,BOMBARDIER Regional Jet CRJ-900,0
takeoff,JFK,04L,1787011128.21,2026-08-17T23:58:48Z,40.626441,-73.782151,30.9,abd3cf,N861NW,A332,AIRBUS A-330-200,0
landing,JFK,04R,1787011175.84,2026-08-17T23:59:35Z,40.635739,-73.762301,30.9,a24720,N246JQ,E75L,EMBRAER ERJ-170-200 (long wing),0
landing,LGA,04,1787011179.97,2026-08-17T23:59:39Z,40.777922,-73.876892,30.9,a1ba59,N210JQ,E75L,EMBRAER ERJ-170-200 (long wing),0
