type,airport,runway,timestamp,timestamp_iso,lat,lon,track_deg,icao,registration,aircraft_type,description,db_flags
takeoff,JFK,31L,1790640038.06,2026-09-29T00:00:38Z,40.628689,-73.773315,300.9,a19a48,N202JQ,E75L,EMBRAER ERJ-170-200 (long wing),0
takeoff,JFK,31L,1790640118.06,2026-09-29T00:01:58Z,40.630409,-73.777064,300.9,a38682,N326VN,B38M,BOEING 737 MAX 8,0
landing,JFK,31R,1790640123.85,2026-09-29T00:02:03Z,40.652081,-73.77771,300.9,acaf0b,N916XJ,CRJ9,BOMBARDIER Regional Jet CRJ-900,0
landing,LGA,31,1790640145.66,2026-09-29T00:02:25Z,40.776723,-73.866874,303.8,a3a8c0,N335DU,BCS3,AIRBUS A220-300,0
takeoff,JFK,31L,1790640183.14,2026-09-29T00:03:03Z,40.631038,-73.778452,300.9,ab772d,N838MH,B764,BOEING 767-400,0
landing,JFK,31R,1790640218.8,2026-09-29T00:03:38Z,40.65033,-73.773819,300.9,a47364,N386UP,B763,,0
landing,LGA,31,1790640249.45,2026-09-29T00:04:09Z,40.776558,-73.866516,303.8,a1244d,N17296,B38M,BOEING 737 MAX 8,0
takeoff,JFK,31L,1790640264.86,2026-09-29T00:04:24Z,40.631235,-73.778936,300.9,4d22a0,9H-HFA,A333,AIRBUS A-330-300,0
takeoff,JFK,31R,1790640281.77,2026-09-29T00:04:41Z,40.653603,-73.78447,258.8,a47364,N386UP,B763,,0
landing,JFK,31R,1790640292.1,2026-09-29T00:04:52Z,40.65045,-73.774067,300.9,789217,B-LXE,A35K,AIRBUS A-350-1000,0
takeoff,LGA,04,1790640293.14,2026-09-29T00:04:53Z,40.771893,-73.881871,30.9,ac0b61,N87507,B738,BOEING 737-800,0
landing,LGA,31,1790640339.48,2026-09-29T00:05:39Z,40.777725,-73.868896,300.9,acfc00,N936AN,B738,BOEING 737-800,0
landing,JFK,31L,1790640357.66,2026-09-29T00:05:57Z,40.639137,-73.796356,300.9,a3897f,N327NB,A319,AIRBUS A-319,0
takeoff,LGA,04,1790640376.83,2026-09-29T00:06:16Z,40.7718,-73.88198,30.9,a14c70,N183GJ,CRJ9,BOMBARDIER Regional Jet CRJ-900,0
takeoff,JFK,31L,1790640425.8,2026-09-29T00:07:05Z,40.630816,-73.777953,299.6,ab7268,N837AN,B789,BOEING 787-9 Dreamliner,0
takeoff,JFK,31L,1790640426.4,2026-09-29T00:07:06Z,40.630956,-73.778265,299.6,ab7268,N837AN,B789,BOEING 787-9 Dreamliner,0
landing,JFK,31R,1790640446.81,2026-09-29T00:07:26Z,40.650543,-73.77427,300.9,ac760d,N9016,A319,AIRBUS A-319,0
landing,LGA,31,1790640468.89,2026-09-29T00:07:48Z,40.777642,-73.868778,303.8,a4c170,N405YX,E75L,EMBRAER ERJ-170-200 (long wing),0
takeoff,JFK,31L,1790640499.59,2026-09-29T00:08:19Z,40.631001,-73.778381,300.9,4b1880,HB-JHG,A333,AIRBUS A-330-300,0
landing,LGA,31,1790640530.66,2026-09-29T00:08:50Z,40.778073,-73.869667,300.9,a3a9af,N335PH,B738,BOEING 737-800,0
takeoff,LGA,04,1790640558.91,2026-09-29T00:09:18Z,40.77031,-73.883197,30.9,a1be10,N211JQ,E75L,EMBRAER ERJ-170-200 (long wing),0
takeoff,JFK,31L,1790640598.15,2026-09-29T00:09:58Z,40.630577,-73.777466,303.8,ab5dab,N831SK,CRJ9,BOMBARDIER Regional Jet CRJ-900,0
landing,JFK,31R,1790640603.07,2026-09-29T00:10:03Z,40.651737,-73.776917,300.9,ab485e,N826NN,B738,BOEING 737-800,0
landing,LGA,31,1790640632.05,2026-09-29T00:10:32Z,40.777759,-73.86909,303.8,a4c8de,N407YX,E75L,EMBRAER ERJ-170-200 (long wing),0
takeoff,JFK,31L,1790640646.93,2026-09-29T00:10:46Z,40.630235,-73.776689,300.9,a4c2ad,N4058J,A21N,AIRBUS A-321neo,0
takeoff,LGA,04,1790640661.86,2026-09-29T00:11:01Z,40.772766,-73.881184,30.9,a15516,N185UW,A321,AIRBUS A-321,0
landing,JFK,31R,1790640687.31,2026-09-29T00:11:27Z,40.650787,-73.774848,300.9,a198ed,N2016J,A21N,AIRBUS A-321neo,0
takeoff,JFK,31L,1790640708.47,2026-09-29T00:11:48Z,40.629583,-73.775269,300.9,a1c616,N213QS,,,0
takeoff,LGA,22,1790640712.87,2026-09-29T00:11:52Z,40.770676,-73.881393,213.8,a51425,N426YX,E75L,EMBRAER ERJ-170-200 (long wing),0
landing,LGA,31,1790640724.44,2026-09-29T00:12:04Z,40.778445,-73.870432,300.9,a1b449,N209JQ,E75L,EMBRAER ERJ-170-200 (long wing),0
takeoff,LGA,04,1790640759.56,2026-09-29T00:12:39Z,40.774109,-73.880066,30.9,c05ed9,C-GJXW,BCS3,AIRBUS A220-300,0
landing,JFK,31R,1790640771.57,2026-09-29T00:12:51Z,40.651265,-73.775878,300.9,3949f8,F-GSPY,B772,BOEING 777-200,0
takeoff,LGA,22,1790640779.61,2026-09-29T00:12:59Z,40.769714,-73.882492,225.0,a4ddca,N412YX,E75L,EMBRAER ERJ-170-200 (long wing),0
landing,JFK,31L,1790640806.86,2026-09-29T00:13:26Z,40.638542,-73.795029,300.9,a53d80,N437DX,A339,AIRBUS A-330-900,0
landing,LGA,31,1790640816.07,2026-09-29T00:13:36Z,40.776695,-73.866806,300.9,c05efa,C-GJZD,DH8D,DE HAVILLAND DHC-8-400 Dash 8,0
takeoff,LGA,04,1790640853.86,2026-09-29T00:14:13Z,40.77322,-73.880809,30.9,a3c8d1,N343DU,,,0
takeoff,JFK,31L,1790640876.56,2026-09-29T00:14:36Z,40.630107,-73.776408,300.9,738075,4X-ECE,B772,BOEING 777-200,0
landing,JFK,31R,1790640917.59,2026-09-29T00:15:17Z,40.652277,-73.778203,295.3,a1d811,N218JQ,E75S,EMBRAER ERJ-170-200 (short wing),0
landing,LGA,31,1790640928.6,2026-09-29T00:15:28Z,40.778423,-73.870392,300.9,a4cc95,N408YX,E75L,EMBRAER ERJ-170-200 (long wing),0
takeoff,JFK,31L,1790640945.86,2026-09-29T00:15:45Z,40.629932,-73.776018,300.9,485000,PH-BVK,B77W,BOEING 777-300ER,0
landing,JFK,31R,1790640992.02,2026-09-29T00:16:32Z,40.649542,-73.772085,302.4,48ae04,SP-LRE,B788,BOEING 787-8 Dreamliner,0
takeoff,LGA,22,1790641019.91,2026-09-29T00:16:59Z,40.77047,-73.881561,213.8,a53f5b,N437YX,E75L,EMBRAER ERJ-170-200 (long wing),0
landing,LGA,31,1790641029.74,2026-09-29T00:17:09Z,40.777247,-73.867935,300.9,a0835d,N132HQ,E75L,EMBRAER ERJ-170-200 (long wing),0
takeoff,JFK,31L,1790641042.75,2026-09-29T00:17:22Z,40.630177,-73.776581,302.5,e8043a,CC-BBC,B788,BOEING 787-8 Dreamliner,0
landing,LGA,31,1790641121.14,2026-09-29T00:18:41Z,40.777679,-73.868835,295.3,a130cb,N176PQ,CRJ9,BOMBARDIER Regional Jet CRJ-900,0
takeoff,LGA,04,1790641158.46,2026-09-29T00:19:18Z,40.771346,-73.882354,28.1,a92ea0,N691CA,CRJ9,BOMBARDIER Regional Jet CRJ-900,0
takeoff,JFK,31L,1790641167.66,2026-09-29T00:19:27Z,40.63056,-73.777438,300.9,ad56e0,N959JB,A321,AIRBUS A-321,0
landing,JFK,31R,1790641229.62,2026-09-29T00:20:29Z,40.650461,-73.774114,299.6,40797c,G-ZBLE,B78X,BOEING 787-10 Dreamliner,0
takeoff,JFK,31L,1790641237.55,2026-09-29T00:20:37Z,40.63013,-73.776471,300.9,4005c0,G-VIIH,B772,BOEING 777-200,0
landing,LGA,31,1790641264.03,2026-09-29T00:21:04Z,40.777491,-73.868419,303.8,a866c7,N640RW,E170,EMBRAER ERJ-170-100,0
takeoff,JFK,31L,1790641338.74,2026-09-29T00:22:18Z,40.630339,-73.776923,300.9,a6b833,N532DN,A21N,AIRBUS A-321neo,0
landing,LGA,31,1790641343.91,2026-09-29T00:22:23Z,40.77912,-73.871867,306.6,a1f822,N226JQ,E75L,EMBRAER ERJ-170-200 (long wing),0
takeoff,LGA,04,1790641391.8,2026-09-29T00:23:11Z,40.773615,-73.880482,30.9,a339b1,N307DU,BCS3,AIRBUS A220-300,0
landing,JFK,31R,1790641392.4,2026-09-29T00:23:12Z,40.650415,-73.774005,300.9,a32bba,N303NY,A21N,AIRBUS A-321neo,0
takeoff,JFK,31L,1790641401.42,2026-09-29T00:23:21Z,40.630712,-73.77775,300.9,a44591,N3744F,B738,BOEING 737-800,0
landing,LGA,31,1790641447.12,2026-09-29T00:24:07Z,40.77816,-73.869858,303.8,a6ec56,N545UW,A321,AIRBUS A-321,0
takeoff,JFK,31L,1790641469.85,2026-09-29T00:24:29Z,40.631154,-73.778733,300.9,a38b61,N3275J,BCS3,AIRBUS A220-300,0
landing,JFK,31R,1790641500.01,2026-09-29T00:25:00Z,40.652378,-73.778336,300.9,addadb,N992JB,A321,AIRBUS A-321,0
takeoff,JFK,31L,1790641527.31,2026-09-29T00:25:27Z,40.630363,-73.776986,300.9,a6c70f,N536DN,A21N,AIRBUS A-321neo,0
landing,LGA,31,1790641568.15,2026-09-29T00:26:08Z,40.777267,-73.867966,300.9,a37a02,N323FR,A20N,AIRBUS A-320neo,0
takeoff,JFK,31L,1790641594.48,2026-09-29T00:26:34Z,40.631329,-73.779077,300.9,a38082,N3247J,BCS3,,0
takeoff,LGA,22,1790641595.45,2026-09-29T00:26:35Z,40.77095,-73.881153,213.8,ab282b,N818MD,E170,EMBRAER ERJ-170-100,0
takeoff,LGA,22,1790641603.7,2026-09-29T00:26:43Z,40.769926,-73.88223,225.0,ac5378,N89342,E75L,EMBRAER ERJ-170-200 (long wing),0
takeoff,LGA,04,1790641612.14,2026-09-29T00:26:52Z,40.771786,-73.881973,30.9,accb50,N923WN,B737,BOEING 737-700,0
landing,JFK,31R,1790641627.49,2026-09-29T00:27:07Z,40.650581,-73.774368,300.9,a1a0a1,N2038J,A21N,AIRBUS A-321neo,0
takeoff,JFK,31L,1790641641.42,2026-09-29T00:27:21Z,40.630072,-73.77633,300.9,a34825,N310PQ,CRJ9,BOMBARDIER Regional Jet CRJ-900,0
landing,LGA,31,1790641704.02,2026-09-29T00:28:24Z,40.77737,-73.868225,300.9,a22358,N237JQ,E75L,EMBRAER ERJ-170-200 (long wing),0
takeoff,JFK,31L,1790641710.14,2026-09-29T00:28:30Z,40.630016,-73.776215,300.9,a7b0c4,N595JB,A320,AIRBUS A-320,0
landing,JFK,31R,1790641741.71,2026-09-29T00:29:01Z,40.651005,-73.775299,300.9,acc5fb,N922DZ,B739,BOEING 737-900,0
takeoff,JFK,31L,1790641762.28,2026-09-29T00:29:22Z,40.630304,-73.776861,300.9,a7650b,N576DN,A21N,AIRBUS A-321neo,0
landing,LGA,31,1790641767.27,2026-09-29T00:29:27Z,40.776979,-73.867357,300.9,ac6289,N8976K,B38M,BOEING 737 MAX 8,0
takeoff,LGA,04,1790641814.61,2026-09-29T00:30:14Z,40.77187,-73.881917,30.9,ac83d5,N905XJ,CRJ9,BOMBARDIER Regional Jet CRJ-900,0
takeoff,JFK,31L,1790641817.98,2026-09-29T00:30:17Z,40.630875,-73.778109,300.9,a441c9,N3733Z,B738,BOEING 737-800,0
takeoff,JFK,31L,1790641878.96,2026-09-29T00:31:18Z,40.630828,-73.778015,300.9,ab321c,N820NW,A333,AIRBUS A-330-300,0
landing,LGA,31,1790641895.79,2026-09-29T00:31:35Z,40.776676,-73.866749,300.9,a301f3,N293PQ,CRJ9,BOMBARDIER Regional Jet CRJ-900,0
landing,JFK,31R,1790641913.58,2026-09-29T00:31:53Z,40.650461,-73.774098,300.9,a16ff1,N192DN,B763,BOEING 767-300,0
takeoff,JFK,31L,1790641948.87,2026-09-29T00:32:28Z,40.630467,-73.777204,300.9,407f19,G-VBOB,A35K,AIRBUS A-350-1000,0
takeoff,JFK,31L,1790641950.56,2026-09-29T00:32:30Z,40.630795,-73.777924,300.9,407f19,G-VBOB,A35K,AIRBUS A-350-1000,0
takeoff,JFK,31L,1790641951.29,2026-09-29T00:32:31Z,40.630968,-73.778312,300.9,407f19,G-VBOB,A35K,AIRBUS A-350-1000,0
takeoff,JFK,31L,1790641951.29,2026-09-29T00:32:31Z,40.630968,-73.778312,300.9,407f19,G-VBOB,A35K,AIRBUS A-350-1000,0
landing,LGA,31,1790641988.47,2026-09-29T00:33:08Z,40.777531,-73.868546,300.9,a2c93f,N279PQ,CRJ9,BOMBARDIER Regional Jet CRJ-900,0
takeoff,JFK,31L,1790642056.34,2026-09-29T00:34:16Z,40.630955,-73.77829,300.9,abb3be,N853NW,A332,AIRBUS A-330-200,0
landing,LGA,31,1790642057.62,2026-09-29T00:34:17Z,40.777061,-73.867584,303.8,ac2c33,N8836Q,B38M,BOEING 737 MAX 8,0
takeoff,LGA,04,1790642105.82,2026-09-29T00:35:05Z,40.77269,-73.881241,30.9,a98445,N712JB,A320,AIRBUS A-320,0
takeoff,LGA,22,1790642126.95,2026-09-29T00:35:26Z,40.770813,-73.884293,210.9,a09239,N136HQ,E75L,EMBRAER ERJ-170-200 (long wing),0
takeoff,JFK,31L,1790642168.09,2026-09-29T00:36:08Z,40.630325,-73.776871,300.9,a69bcd,N525DA,A21N,AIRBUS A-321neo,0
landing,LGA,31,1790642193.27,2026-09-29T00:36:33Z,40.77776,-73.869003,298.1,a08714,N133HQ,E75L,EMBRAER ERJ-170-200 (long wing),0
landing,JFK,31R,1790642207.64,2026-09-29T00:36:47Z,40.650799,-73.774841,300.9,a58873,N456AN,A21N,AIRBUS A-321neo,0
takeoff,JFK,31L,1790642234.95,2026-09-29T00:37:14Z,40.630607,-73.777532,300.9,a708b0,N552UW,A321,AIRBUS A-321,0
takeoff,JFK,31L,1790642275.69,2026-09-29T00:37:55Z,40.628698,-73.773303,300.9,a4f414,N418YX,E75L,EMBRAER ERJ-170-200 (long wing),0
landing,LGA,31,1790642289.11,2026-09-29T00:38:09Z,40.777887,-73.869324,298.1,abd41a,N861RW,E170,EMBRAER ERJ-170-100,0
takeoff,LGA,04,1790642314.55,2026-09-29T00:38:34Z,40.772021,-73.881777,30.9,a08e3c,N135EV,CRJ9,BOMBARDIER Regional Jet CRJ-900,0
landing,JFK,31R,1790642317.01,2026-09-29T00:38:37Z,40.65144,-73.776215,300.9,71ba04,HL7204,B77W,BOEING 777-300ER,0
takeoff,JFK,31L,1790642343.37,2026-09-29T00:39:03Z,40.630737,-73.777802,300.9,adbe91,N985JT,A321,AIRBUS A-321,0
takeoff,LGA,22,1790642376.67,2026-09-29T00:39:36Z,40.777281,-73.87594,213.8,a0144e,N104HQ,E75L,EMBRAER ERJ-170-200 (long wing),0
landing,LGA,31,1790642379.33,2026-09-29T00:39:39Z,40.777016,-73.867447,300.9,a7b0c4,N595JB,A320,AIRBUS A-320,0
takeoff,JFK,31L,1790642403.27,2026-09-29T00:40:03Z,40.630537,-73.777344,300.9,406947,G-STBG,B77W,BOEING 777-300ER,0
takeoff,LGA,04,1790642412.62,2026-09-29T00:40:12Z,40.772438,-73.881439,30.9,ab00ce,N808NN,B738,BOEING 737-800,0
takeoff,LGA,22,1790642431.34,2026-09-29T00:40:31Z,40.77689,-73.876251,210.9,a0144e,N104HQ,E75L,EMBRAER ERJ-170-200 (long wing),0
landing,JFK,31R,1790642451.05,2026-09-29T00:40:51Z,40.650473,-73.77413,300.9,adafb5,N981JT,A321,AIRBUS A-321,0
landing,LGA,31,1790642475.93,2026-09-29T00:41:15Z,40.778149,-73.869827,303.8,a451db,N378DN,A321,AIRBUS A-321,0
takeoff,JFK,31L,1790642506.13,2026-09-29T00:41:46Z,40.630572,-73.777454,300.9,ad402f,N953DZ,B739,,0
takeoff,LGA,04,1790642520.69,2026-09-29T00:42:00Z,40.771729,-73.882034,30.9,a353d2,N313VA,B38M,BOEING 737 MAX 8,0
landing,JFK,31R,1790642572.76,2026-09-29T00:42:52Z,40.651176,-73.775696,300.9,a716f6,N556NW,B752,BOEING 757-200,0
takeoff,JFK,31L,1790642579.64,2026-09-29T00:42:59Z,40.630211,-73.776642,300.9,a00d5b,N102NN,A321,AIRBUS A-321,0
landing,LGA,31,1790642586.69,2026-09-29T00:43:06Z,40.776764,-73.866943,303.8,ac92b1,N909XJ,CRJ9,BOMBARDIER Regional Jet CRJ-900,0
takeoff,LGA,04,1790642626.44,2026-09-29T00:43:46Z,40.77356,-73.880524,30.9,aca3e6,N913XJ,CRJ9,BOMBARDIER Regional Jet CRJ-900,0
takeoff,JFK,31L,1790642634.16,2026-09-29T00:43:54Z,40.630688,-73.777672,300.9,ab6020,N832DN,B739,BOEING 737-900,0
takeoff,JFK,31L,1790642636.09,2026-09-29T00:43:56Z,40.631126,-73.778641,300.9,ab6020,N832DN,B739,BOEING 737-900,0
takeoff,LGA,22,1790642652.55,2026-09-29T00:44:12Z,40.770653,-73.884399,208.1,a1c935,N214JQ,E75L,EMBRAER ERJ-170-200 (long wing),0
landing,LGA,31,1790642686.25,2026-09-29T00:44:46Z,40.778434,-73.870416,303.8,a53ba4,N436YX,E75L,EMBRAER ERJ-170-200 (long wing),0
takeoff,JFK,31L,1790642709.17,2026-09-29T00:45:09Z,40.63084,-73.77803,300.9,a39289,N3293J,BCS3,AIRBUS A220-300,0
takeoff,LGA,22,1790642742.16,2026-09-29T00:45:42Z,40.769961,-73.882167,225.0,abbb77,N855RW,E170,EMBRAER ERJ-170-100,0
takeoff,JFK,31L,1790642781.63,2026-09-29T00:46:21Z,40.630397,-73.777064,300.9,a66576,N511DE,A21N,AIRBUS A-321neo,0
landing,JFK,31R,1790642784.22,2026-09-29T00:46:24Z,40.652561,-73.778793,300.9,a4e181,N413YX,E75L,EMBRAER ERJ-170-200 (long wing),0
landing,LGA,31,1790642806.83,2026-09-29T00:46:46Z,40.776641,-73.866671,300.9,a4491f,N3753,B738,BOEING 737-800,0
takeoff,LGA,22,1790642826.03,2026-09-29T00:47:06Z,40.770321,-73.881729,219.4,a20347,N229JQ,E75L,EMBRAER ERJ-170-200 (long wing),0
takeoff,JFK,31L,1790642843.21,2026-09-29T00:47:23Z,40.630657,-73.777634,300.9,acf846,N935AK,B39M,BOEING 737 MAX 9,0
takeoff,LGA,04,1790642856.03,2026-09-29T00:47:36Z,40.773651,-73.880432,30.9,a3ad6d,N336PQ,CRJ9,BOMBARDIER Regional Jet CRJ-900,0
landing,JFK,31R,1790642859.37,2026-09-29T00:47:39Z,40.649483,-73.771927,300.9,a39be7,N3310J,,,0
takeoff,LGA,22,1790642875.83,2026-09-29T00:47:55Z,40.774954,-73.87786,210.9,a0144e,N104HQ,E75L,EMBRAER ERJ-170-200 (long wing),0
landing,LGA,31,1790642906.61,2026-09-29T00:48:26Z,40.777405,-73.868301,300.9,a305aa,N294PQ,CRJ9,BOMBARDIER Regional Jet CRJ-900,0
takeoff,JFK,31L,1790642912.57,2026-09-29T00:48:32Z,40.630851,-73.778047,300.9,aaee43,N803NW,A333,AIRBUS A-330-300,0
landing,JFK,31R,1790642959.81,2026-09-29T00:49:19Z,40.651325,-73.776047,300.9,ad4f72,N957JB,A321,AIRBUS A-321,0
takeoff,LGA,22,1790642993.53,2026-09-29T00:49:53Z,40.774326,-73.878372,210.9,a0144e,N104HQ,E75L,EMBRAER ERJ-170-200 (long wing),0
takeoff,JFK,31L,1790643011.75,2026-09-29T00:50:11Z,40.629925,-73.776031,300.9,a42665,N367AZ,B763,BOEING 767-300,0
landing,LGA,31,1790643030.72,2026-09-29T00:50:30Z,40.778183,-73.869934,300.9,a230d6,N240JQ,E75L,EMBRAER ERJ-170-200 (long wing),0
landing,JFK,31R,1790643074.14,2026-09-29T00:51:14Z,40.650299,-73.77374,300.9,a014c9,N104NN,A321,AIRBUS A-321,0
takeoff,JFK,31L,1790643096.65,2026-09-29T00:51:36Z,40.631149,-73.778748,302.5,e49849,PS-LAA,B789,BOEING 787-9 Dreamliner,0
landing,LGA,31,1790643110.3,2026-09-29T00:51:50Z,40.777305,-73.868075,300.9,acd68a,N926XJ,CRJ9,BOMBARDIER Regional Jet CRJ-900,0
takeoff,LGA,04,1790643152.32,2026-09-29T00:52:32Z,40.772475,-73.881402,30.9,aaf111,N804DN,B739,BOEING 737-900,0
takeoff,JFK,13L,1790643154.59,2026-09-29T00:52:34Z,40.647727,-73.776018,160.3,ad4f72,N957JB,A321,AIRBUS A-321,0
landing,JFK,31R,1790643154.91,2026-09-29T00:52:34Z,40.651005,-73.775314,300.9,a35854,N3142J,BCS3,AIRBUS A220-300,0
takeoff,LGA,22,1790643214.88,2026-09-29T00:53:34Z,40.773837,-73.878796,210.9,a0144e,N104HQ,E75L,EMBRAER ERJ-170-200 (long wing),0
takeoff,LGA,22,1790643220.31,2026-09-29T00:53:40Z,40.773837,-73.878796,210.9,a0144e,N104HQ,E75L,EMBRAER ERJ-170-200 (long wing),0
takeoff,JFK,31L,1790643230.34,2026-09-29T00:53:50Z,40.63068,-73.777695,300.9,4cc50e,TF-ICE,B38M,BOEING 737 MAX 8,0
landing,LGA,31,1790643262.36,2026-09-29T00:54:22Z,40.777642,-73.86884,298.1,ab3d17,N823MD,E170,EMBRAER ERJ-170-100,0
landing,JFK,31R,1790643262.99,2026-09-29T00:54:22Z,40.651299,-73.776018,300.9,a20957,N230JQ,E75L,EMBRAER ERJ-170-200 (long wing),0
takeoff,JFK,31L,1790643284.27,2026-09-29T00:54:44Z,40.628746,-73.773468,300.9,abc2e5,N857RW,E170,EMBRAER ERJ-170-100,0
landing,LGA,31,1790643317.08,2026-09-29T00:55:17Z,40.776958,-73.86734,300.9,ac794d,N9022W,,,0
landing,JFK,31R,1790643358.79,2026-09-29T00:55:58Z,40.650925,-73.775131,300.9,ad6f93,N965JT,A321,AIRBUS A-321,0
takeoff,JFK,31L,1790643453.32,2026-09-29T00:57:33Z,40.630328,-73.776923,299.6,ab5867,N830AN,B789,BOEING 787-9 Dreamliner,0
landing,JFK,31R,1790643462.53,2026-09-29T00:57:42Z,40.649574,-73.772171,303.8,ab4c76,N827SK,CRJ9,BOMBARDIER Regional Jet CRJ-900,0
landing,LGA,31,1790643545.09,2026-09-29T00:59:05Z,40.776688,-73.86678,295.3,a2000d,N228PQ,CRJ9,BOMBARDIER Regional Jet CRJ-900,0
takeoff,JFK,31L,1790643566.68,2026-09-29T00:59:26Z,40.630491,-73.777266,303.8,a38237,N325PQ,CRJ9,BOMBARDIER Regional Jet CRJ-900,0
landing,JFK,31R,1790643570.66,2026-09-29T00:59:30Z,40.650215,-73.773544,300.9,a87898,N645JB,A320,AIRBUS A-320,0
takeoff,JFK,31L,1790643634.43,2026-09-29T01:00:34Z,40.630712,-73.777766,300.9,ab5975,N830MH,B764,BOEING 767-400,0
landing,LGA,31,1790643659.88,2026-09-29T01:00:59Z,40.7777,-73.868856,300.9,aa1f97,N751UW,A319,AIRBUS A-319,0
takeoff,JFK,31L,1790643700.61,2026-09-29T01:01:40Z,40.630898,-73.778172,300.9,4ba94b,TC-JJK,B77W,BOEING 777-300ER,0
landing,JFK,31R,1790643704.08,2026-09-29T01:01:44Z,40.650694,-73.774613,300.9,a11eb7,N171US,A321,AIRBUS A-321,0
landing,LGA,31,1790643751.86,2026-09-29T01:02:31Z,40.776958,-73.867355,303.8,a3411f,N309DU,BCS3,AIRBUS A220-300,0
takeoff,LGA,04,1790643797.0,2026-09-29T01:03:17Z,40.771282,-73.882401,30.9,acfd2c,N936NN,B738,BOEING 737-800,0
landing,JFK,31R,1790643807.63,2026-09-29T01:03:27Z,40.652591,-73.778733,300.9,a124b5,N173DZ,B763,BOEING 767-300,0
takeoff,JFK,31L,1790643808.91,2026-09-29T01:03:28Z,40.630374,-73.777017,300.9,ad27f3,N947JB,A321,AIRBUS A-321,0
takeoff,JFK,31L,1790643868.2,2026-09-29T01:04:28Z,40.630363,-73.77697,300.9,a16c3a,N191DN,B763,BOEING 767-300,0
landing,JFK,31R,1790643892.44,2026-09-29T01:04:52Z,40.650845,-73.774948,300.9,a39fe4,N3322J,,,0
landing,LGA,31,1790643898.38,2026-09-29T01:04:58Z,40.77879,-73.871201,300.9,a1f0b4,N224JQ,E75L,EMBRAER ERJ-170-200 (long wing),0
takeoff,LGA,22,1790643905.62,2026-09-29T01:05:05Z,40.770729,-73.881356,210.9,a1dd2d,N219YX,E75L,EMBRAER ERJ-170-200 (long wing),0
takeoff,LGA,04,1790643932.64,2026-09-29T01:05:32Z,40.77166,-73.882065,30.9,a426a5,N367DN,A321,AIRBUS A-321,0
takeoff,JFK,31L,1790643965.44,2026-09-29T01:06:05Z,40.630245,-73.776733,299.6,ab4ae9,N827AN,B789,BOEING 787-9 Dreamliner,0
landing,JFK,31R,1790643967.59,2026-09-29T01:06:07Z,40.650415,-73.77402,300.9,408121,G-VPIE,A339,AIRBUS A-330-900,0
landing,LGA,31,1790643982.55,2026-09-29T01:06:22Z,40.777439,-73.868362,300.9,a33339,N305PQ,CRJ9,BOMBARDIER Regional Jet CRJ-900,0
takeoff,LGA,04,1790644033.72,2026-09-29T01:07:13Z,40.773697,-73.880388,30.9,ab1890,N814DN,B739,BOEING 737-900,0
takeoff,JFK,31L,1790644059.89,2026-09-29T01:07:39Z,40.630726,-73.777786,300.9,ab9387,N845MH,B764,BOEING 767-400,0
landing,LGA,31,1790644099.07,2026-09-29T01:08:19Z,40.777782,-73.869064,300.9,a3efa2,N35271,B738,BOEING 737-800,0
landing,JFK,31R,1790644114.56,2026-09-29T01:08:34Z,40.650927,-73.775128,300.9,a320a6,N300PQ,CRJ9,BOMBARDIER Regional Jet CRJ-900,0
takeoff,JFK,31L,1790644142.14,2026-09-29T01:09:02Z,40.630188,-73.776627,300.9,345109,EC-MKI,A332,AIRBUS A-330-200,0
takeoff,LGA,04,1790644144.09,2026-09-29T01:09:04Z,40.773262,-73.880768,30.9,a33243,N305DU,BCS3,AIRBUS A220-300,0
landing,JFK,31R,1790644205.57,2026-09-29T01:10:05Z,40.650433,-73.773972,300.9,a5e02d,N478PX,CRJ9,BOMBARDIER Regional Jet CRJ-900,0
landing,LGA,31,1790644205.86,2026-09-29T01:10:05Z,40.777118,-73.867654,300.9,a33aa7,N307PQ,CRJ9,BOMBARDIER Regional Jet CRJ-900,0
takeoff,JFK,31L,1790644235.28,2026-09-29T01:10:35Z,40.631235,-73.778905,300.9,4ca842,EI-ELA,A333,AIRBUS A-330-300,0
takeoff,LGA,22,1790644253.43,2026-09-29T01:10:53Z,40.770613,-73.881434,213.8,a4b294,N401YX,E75L,EMBRAER ERJ-170-200 (long wing),0
landing,JFK,31R,1790644290.91,2026-09-29T01:11:30Z,40.650959,-73.775223,300.9,a707a3,N552JB,A320,AIRBUS A-320,0
landing,LGA,31,1790644298.4,2026-09-29T01:11:38Z,40.777313,-73.868088,303.8,a8299a,N625JB,A320,AIRBUS A-320,0
takeoff,LGA,04,1790644334.72,2026-09-29T01:12:14Z,40.771786,-73.881973,30.9,ace7bf,N930XJ,CRJ9,BOMBARDIER Regional Jet CRJ-900,0
takeoff,JFK,31L,1790644346.09,2026-09-29T01:12:26Z,40.631035,-73.778458,300.9,a38836,N3269J,BCS3,AIRBUS A220-300,0
landing,JFK,31R,1790644379.71,2026-09-29T01:12:59Z,40.651602,-73.776595,300.9,ade9c0,N996JL,A321,AIRBUS A-321,0
landing,LGA,31,1790644397.88,2026-09-29T01:13:17Z,40.77798,-73.86948,300.9,aa7e7d,N77539,B738,BOEING 737-800,0
takeoff,JFK,31L,1790644408.68,2026-09-29T01:13:28Z,40.630851,-73.778047,300.9,76ceec,9V-SWL,B77W,BOEING 777-300ER,0
landing,JFK,31R,1790644467.47,2026-09-29T01:14:27Z,40.650985,-73.775238,300.9,a02c40,N110AN,A321,AIRBUS A-321,0
landing,LGA,31,1790644472.02,2026-09-29T01:14:32Z,40.776734,-73.866905,295.3,a148b9,N182GJ,CRJ9,BOMBARDIER Regional Jet CRJ-900,0
takeoff,LGA,04,1790644504.08,2026-09-29T01:15:04Z,40.770504,-73.883041,30.9,a0144e,N104HQ,E75L,EMBRAER ERJ-170-200 (long wing),0
takeoff,JFK,31L,1790644546.77,2026-09-29T01:15:46Z,40.631241,-73.778931,300.9,a38af8,N3272J,BCS3,AIRBUS A220-300,0
landing,JFK,31R,1790644562.28,2026-09-29T01:16:02Z,40.650496,-73.774192,300.9,ab6162,N832SK,CRJ9,BOMBARDIER Regional Jet CRJ-900,0
takeoff,LGA,22,1790644598.26,2026-09-29T01:16:38Z,40.770676,-73.881393,213.8,ab1d06,N815MD,E170,EMBRAER ERJ-170-100,0
landing,LGA,31,1790644598.61,2026-09-29T01:16:38Z,40.777654,-73.868746,300.9,a51b93,N428YX,E75L,EMBRAER ERJ-170-200 (long wing),0
takeoff,JFK,31L,1790644608.04,2026-09-29T01:16:48Z,40.630723,-73.777766,300.9,400684,G-VIIL,B772,BOEING 777-200,0
takeoff,LGA,04,1790644628.63,2026-09-29T01:17:08Z,40.773972,-73.880188,30.9,c05edb,C-GJXY,BCS3,AIRBUS A220-300,0
landing,JFK,31R,1790644656.16,2026-09-29T01:17:36Z,40.650904,-73.775082,300.9,a7bb77,N598DN,A21N,AIRBUS A-321neo,0
landing,LGA,31,1790644672.75,2026-09-29T01:17:52Z,40.777002,-73.86742,303.8,a689b8,N520JB,A320,AIRBUS A-320,0
takeoff,LGA,13,1790644716.01,2026-09-29T01:18:36Z,40.776036,-73.874021,132.2,aa1f97,N751UW,A319,AIRBUS A-319,0
takeoff,JFK,31L,1790644735.19,2026-09-29T01:18:55Z,40.63044,-73.77713,300.9,a7a532,N592DT,A21N,AIRBUS A-321neo,0
takeoff,LGA,22,1790644756.94,2026-09-29T01:19:16Z,40.769705,-73.882495,225.0,ac1951,N879RW,E170,EMBRAER ERJ-170-100,0
takeoff,JFK,31L,1790644795.7,2026-09-29T01:19:55Z,40.630463,-73.777191,300.9,a3244c,N301NY,A21N,AIRBUS A-321neo,0
landing,JFK,31R,1790644803.51,2026-09-29T01:20:03Z,40.651136,-73.775628,300.9,a01c37,N106NN,A321,AIRBUS A-321,0
landing,LGA,31,1790644803.85,2026-09-29T01:20:03Z,40.778457,-73.870494,303.8,abd7d1,N862RW,E170,EMBRAER ERJ-170-100,0
landing,LGA,31,1790644856.34,2026-09-29T01:20:56Z,40.778194,-73.869904,300.9,a0d374,N152UW,A321,AIRBUS A-321,0
takeoff,JFK,31L,1790644872.1,2026-09-29T01:21:12Z,40.630863,-73.778122,299.6,02013f,CN-RGY,B789,BOEING 787-9 Dreamliner,0
takeoff,LGA,04,1790644892.49,2026-09-29T01:21:32Z,40.771832,-73.881943,30.9,a36994,N319PQ,CRJ9,BOMBARDIER Regional Jet CRJ-900,0
landing,JFK,31R,1790644912.1,2026-09-29T01:21:52Z,40.650683,-73.774613,300.9,acb2c2,N917XJ,CRJ9,BOMBARDIER Regional Jet CRJ-900,0
takeoff,JFK,31L,1790644960.6,2026-09-29T01:22:40Z,40.630325,-73.776886,300.9,a13386,N177DN,B763,BOEING 767-300,0
landing,LGA,31,1790644976.58,2026-09-29T01:22:56Z,40.778252,-73.870041,300.9,a52cc8,N432YX,E75L,EMBRAER ERJ-170-200 (long wing),0
landing,LGA,31,1790645037.9,2026-09-29T01:23:57Z,40.77824,-73.870041,303.8,ad1142,N941DZ,B739,,0
takeoff,JFK,31L,1790645053.51,2026-09-29T01:24:13Z,40.630508,-73.777313,300.9,acba30,N919XJ,CRJ9,BOMBARDIER Regional Jet CRJ-900,0
landing,JFK,31R,1790645069.31,2026-09-29T01:24:29Z,40.649803,-73.772675,300.9,aca79d,N914XJ,CRJ9,BOMBARDIER Regional Jet CRJ-900,0
takeoff,JFK,31L,1790645094.19,2026-09-29T01:24:54Z,40.628746,-73.773438,300.9,a046f2,N117HQ,E75L,EMBRAER ERJ-170-200 (long wing),0
landing,LGA,31,1790645127.16,2026-09-29T01:25:27Z,40.776641,-73.866671,303.8,c05edd,C-GJYA,BCS3,AIRBUS A220-300,0
landing,JFK,31R,1790645186.67,2026-09-29T01:26:26Z,40.650706,-73.77466,300.9,a61797,N492AS,B739,BOEING 737-900,0
landing,LGA,31,1790645210.1,2026-09-29T01:26:50Z,40.77737,-73.86821,303.8,ad8769,N971AN,B738,BOEING 737-800,0
takeoff,JFK,31L,1790645261.43,2026-09-29T01:27:41Z,40.631252,-73.778946,300.9,407e21,G-VLDY,A339,AIRBUS A-330-900,0
landing,LGA,31,1790645309.51,2026-09-29T01:28:29Z,40.777258,-73.867997,300.9,a8996b,N653RW,E170,EMBRAER ERJ-170-100,0
landing,JFK,31R,1790645315.89,2026-09-29T01:28:35Z,40.651777,-73.777001,300.9,a32893,N302US,B38M,BOEING 737 MAX 8,0
takeoff,LGA,04,1790645342.5,2026-09-29T01:29:02Z,40.773205,-73.880814,30.9,a123e2,N17264,B38M,BOEING 737 MAX 8,0
takeoff,JFK,31L,1790645352.67,2026-09-29T01:29:12Z,40.630816,-73.777969,300.9,a15397,N185DN,B763,BOEING 767-300,0
landing,LGA,31,1790645388.68,2026-09-29T01:29:48Z,40.77635,-73.866015,300.9,a149f1,N182UW,A321,AIRBUS A-321,0
landing,JFK,31R,1790645392.68,2026-09-29T01:29:52Z,40.650159,-73.773412,299.6,7380c2,4X-EDC,B789,BOEING 787-9 Dreamliner,0
takeoff,JFK,31L,1790645418.91,2026-09-29T01:30:18Z,40.631084,-73.778577,300.9,a544ee,N439DX,A339,AIRBUS A-330-900,0
takeoff,LGA,22,1790645421.18,2026-09-29T01:30:21Z,40.770378,-73.881638,222.2,a06703,N125HQ,E75L,EMBRAER ERJ-170-200 (long wing),0
landing,LGA,31,1790645472.26,2026-09-29T01:31:12Z,40.777554,-73.868591,300.9,ac3558,N886NN,B738,BOEING 737-800,0
takeoff,LGA,04,1790645507.79,2026-09-29T01:31:47Z,40.772541,-73.881363,30.9,a3e011,N349PQ,CRJ9,BOMBARDIER Regional Jet CRJ-900,0
takeoff,JFK,31L,1790645528.18,2026-09-29T01:32:08Z,40.63044,-73.777145,300.9,a37f12,N324VL,B38M,BOEING 737 MAX 8,0
landing,JFK,31R,1790645541.07,2026-09-29T01:32:21Z,40.650021,-73.773148,300.9,aca29a,N913JB,A321,AIRBUS A-321,0
landing,LGA,31,1790645586.38,2026-09-29T01:33:06Z,40.777863,-73.869247,298.1,a93d7c,N695CA,CRJ9,BOMBARDIER Regional Jet CRJ-900,0
takeoff,JFK,31L,1790645591.56,2026-09-29T01:33:11Z,40.630428,-73.77713,300.9,a6ee8e,N546DN,A21N,AIRBUS A-321neo,0
landing,JFK,31R,1790645646.03,2026-09-29T01:34:06Z,40.648879,-73.770618,300.9,a37517,N3215J,BCS3,AIRBUS A220-300,0
landing,LGA,31,1790645649.51,2026-09-29T01:34:09Z,40.777305,-73.868013,300.9,a958d2,N701FR,A321,AIRBUS A-321,0
takeoff,JFK,31L,1790645651.54,2026-09-29T01:34:11Z,40.630723,-73.777781,300.9,ac7b1b,N903JB,A321,AIRBUS A-321,0
takeoff,LGA,04,1790645696.15,2026-09-29T01:34:56Z,40.771786,-73.881989,30.9,a445d9,N3746H,B738,BOEING 737-800,0
takeoff,JFK,31L,1790645704.09,2026-09-29T01:35:04Z,40.630154,-73.776535,300.9,a988f0,N713TW,B752,BOEING 757-200,0
landing,JFK,31R,1790645717.17,2026-09-29T01:35:17Z,40.651806,-73.777084,300.9,4cc573,TF-ICF,B38M,BOEING 737 MAX 8,0
landing,LGA,31,1790645748.88,2026-09-29T01:35:48Z,40.777665,-73.868809,300.9,aa56b6,N76517,B738,BOEING 737-800,0
takeoff,JFK,31L,1790645777.06,2026-09-29T01:36:17Z,40.630293,-73.776845,300.9,a4c98f,N4074J,A21N,AIRBUS A-321neo,0
takeoff,LGA,04,1790645790.69,2026-09-29T01:36:30Z,40.772626,-73.881293,30.9,a44308,N374DX,A321,AIRBUS A-321,0
landing,JFK,31R,1790645816.58,2026-09-29T01:36:56Z,40.650857,-73.774972,300.9,a7b057,N595DT,A21N,,0
takeoff,JFK,31L,1790645839.85,2026-09-29T01:37:19Z,40.630245,-73.776718,300.9,a1cf48,N2156J,A21N,AIRBUS A-321neo,0
landing,JFK,31R,1790645896.52,2026-09-29T01:38:16Z,40.652458,-73.778549,300.9,3c70c6,D-ALFF,B77L,BOEING 777-200LR,0
landing,LGA,31,1790645899.43,2026-09-29T01:38:19Z,40.777142,-73.867737,303.8,acddf8,N928XJ,CRJ9,BOMBARDIER Regional Jet CRJ-900,0
takeoff,JFK,31L,1790645919.39,2026-09-29T01:38:39Z,40.63044,-73.777176,300.9,495267,CS-TSG,A21N,AIRBUS A-321neo,0
takeoff,LGA,04,1790645922.07,2026-09-29T01:38:42Z,40.770217,-73.883275,30.9,a19691,N201JQ,E75L,EMBRAER ERJ-170-200 (long wing),0
takeoff,JFK,31L,1790645963.46,2026-09-29T01:39:23Z,40.628722,-73.773349,300.9,a1d811,N218JQ,E75S,EMBRAER ERJ-170-200 (short wing),0
landing,LGA,31,1790645998.17,2026-09-29T01:39:58Z,40.77713,-73.867691,300.9,a35701,N314PQ,CRJ9,BOMBARDIER Regional Jet CRJ-900,0
landing,JFK,31R,1790646014.46,2026-09-29T01:40:14Z,40.650764,-73.774723,300.9,781e4d,B-32CE,A359,AIRBUS A-350-900,0
takeoff,LGA,04,1790646032.11,2026-09-29T01:40:32Z,40.771602,-73.882136,33.8,ac2be9,N8834L,B38M,BOEING 737 MAX 8,0
takeoff,JFK,31L,1790646036.19,2026-09-29T01:40:36Z,40.630316,-73.776876,300.9,a1de8d,N2199J,A21N,AIRBUS A-321neo,0
takeoff,JFK,31L,1790646099.89,2026-09-29T01:41:39Z,40.630852,-73.778061,303.8,a61173,N490PX,CRJ9,BOMBARDIER Regional Jet CRJ-900,0
landing,LGA,31,1790646133.28,2026-09-29T01:42:13Z,40.777142,-73.867752,303.8,a35cba,N3157J,BCS3,AIRBUS A220-300,0
takeoff,JFK,31L,1790646146.76,2026-09-29T01:42:26Z,40.628687,-73.773271,300.9,a1c1c7,N212JQ,E75L,EMBRAER ERJ-170-200 (long wing),0
takeoff,LGA,04,1790646161.78,2026-09-29T01:42:41Z,40.770424,-73.883102,30.9,ac159a,N878RW,E170,EMBRAER ERJ-170-100,0
takeoff,LGA,04,1790646202.58,2026-09-29T01:43:22Z,40.770566,-73.882979,30.9,a05f95,N123HQ,E75L,EMBRAER ERJ-170-200 (long wing),0
takeoff,JFK,31L,1790646221.32,2026-09-29T01:43:41Z,40.630852,-73.778076,300.9,ac801e,N904XJ,CRJ9,BOMBARDIER Regional Jet CRJ-900,0
takeoff,LGA,04,1790646237.21,2026-09-29T01:43:57Z,40.77045,-73.883088,30.9,abd063,N860RW,E170,EMBRAER ERJ-170-100,0
takeoff,JFK,31L,1790646293.99,2026-09-29T01:44:53Z,40.631023,-73.778473,302.5,4075c3,G-CKWS,B789,BOEING 787-9 Dreamliner,0
takeoff,LGA,04,1790646329.62,2026-09-29T01:45:29Z,40.77159,-73.882152,30.9,a37e80,N324PQ,CRJ9,BOMBARDIER Regional Jet CRJ-900,0
takeoff,LGA,04,1790646387.94,2026-09-29T01:46:27Z,40.773697,-73.880417,30.9,a34bdc,N311PQ,CRJ9,BOMBARDIER Regional Jet CRJ-900,0
takeoff,JFK,31L,1790646429.1,2026-09-29T01:47:09Z,40.630956,-73.778281,300.9,acaf0b,N916XJ,CRJ9,BOMBARDIER Regional Jet CRJ-900,0
landing,JFK,31R,1790646435.42,2026-09-29T01:47:15Z,40.651325,-73.776001,300.9,8990e6,B-16725,B77W,BOEING 777-300ER,0
landing,LGA,31,1790646468.96,2026-09-29T01:47:48Z,40.778492,-73.87056,303.8,a5307f,N433YX,E75L,EMBRAER ERJ-170-200 (long wing),0
takeoff,JFK,31L,1790646486.85,2026-09-29T01:48:06Z,40.630991,-73.77839,300.9,a38ad5,N3271J,BCS3,,0
takeoff,LGA,04,1790646495.63,2026-09-29T01:48:15Z,40.771694,-73.88205,30.9,a0669d,N125DN,A321,AIRBUS A-321,0
takeoff,JFK,31L,1790646555.23,2026-09-29T01:49:15Z,40.630316,-73.776861,300.9,a01112,N103NN,A321,AIRBUS A-321,0
takeoff,LGA,04,1790646574.66,2026-09-29T01:49:34Z,40.771835,-73.881949,30.9,ab1d28,N815NN,B738,BOEING 737-800,0
landing,JFK,31R,1790646577.8,2026-09-29T01:49:37Z,40.650845,-73.774933,300.9,a35592,N3139J,BCS3,AIRBUS A220-300,0
takeoff,JFK,31L,1790646621.89,2026-09-29T01:50:21Z,40.630623,-73.777573,299.6,485f83,PH-BKP,B78X,BOEING 787-10 Dreamliner,0
landing,LGA,31,1790646648.31,2026-09-29T01:50:48Z,40.777348,-73.868179,300.9,a77d89,N582CA,CRJ9,BOMBARDIER Regional Jet CRJ-900,0
takeoff,LGA,04,1790646684.08,2026-09-29T01:51:24Z,40.77142,-73.882278,30.9,ac2412,N8811L,B38M,BOEING 737 MAX 8,0
landing,JFK,31R,1790646715.89,2026-09-29T01:51:55Z,40.650415,-73.773989,300.9,acf54f,N934JB,A321,AIRBUS A-321,0
takeoff,JFK,31L,1790646719.59,2026-09-29T01:51:59Z,40.630165,-73.776549,300.9,3965b1,F-GZNR,B77W,BOEING 777-300ER,0
takeoff,LGA,22,1790646721.33,2026-09-29T01:52:01Z,40.769705,-73.88251,225.0,a4c170,N405YX,E75L,EMBRAER ERJ-170-200 (long wing),0
takeoff,LGA,22,1790646735.72,2026-09-29T01:52:15Z,40.770355,-73.881683,219.4,a4cc95,N408YX,E75L,EMBRAER ERJ-170-200 (long wing),0
landing,LGA,31,1790646763.43,2026-09-29T01:52:43Z,40.777473,-73.868423,300.9,ab0a73,N810MD,E170,EMBRAER ERJ-170-100,0
takeoff,LGA,04,1790646790.39,2026-09-29T01:53:10Z,40.770744,-73.882843,30.9,c060be,C-GKQN,E295,EMBRAER ERJ-190-400,0
takeoff,LGA,22,1790646833.53,2026-09-29T01:53:53Z,40.770596,-73.881454,213.8,a89d22,N654RW,E170,EMBRAER ERJ-170-100,0
takeoff,JFK,31L,1790646847.22,2026-09-29T01:54:07Z,40.630235,-73.77672,300.9,a7167f,N556JB,A320,AIRBUS A-320,0
landing,LGA,31,1790646862.58,2026-09-29T01:54:22Z,40.777554,-73.868607,300.9,a04e60,N119HQ,E75L,EMBRAER ERJ-170-200 (long wing),0
takeoff,JFK,31L,1790646907.62,2026-09-29T01:55:07Z,40.630199,-73.776596,300.9,a72b6b,N561JB,A320,AIRBUS A-320,0
landing,LGA,31,1790646943.27,2026-09-29T01:55:43Z,40.777386,-73.8682,303.8,abfb46,N871NN,B738,BOEING 737-800,0
takeoff,JFK,31L,1790646971.04,2026-09-29T01:56:11Z,40.631026,-73.778452,300.9,a35c0b,N3152J,BCS3,AIRBUS A220-300,0
landing,JFK,31R,1790646982.38,2026-09-29T01:56:22Z,40.651337,-73.776031,300.9,4005bc,G-VIID,B772,BOEING 777-200,0
takeoff,LGA,04,1790646988.55,2026-09-29T01:56:28Z,40.771672,-73.882073,30.9,a1244d,N17296,B38M,BOEING 737 MAX 8,0
landing,LGA,31,1790647051.11,2026-09-29T01:57:31Z,40.777526,-73.868543,298.1,a0be05,N147PQ,CRJ9,BOMBARDIER Regional Jet CRJ-900,0
landing,JFK,31L,1790647054.03,2026-09-29T01:57:34Z,40.637821,-73.793442,300.9,a3d10f,N345NB,A319,AIRBUS A-319,0
takeoff,JFK,31L,1790647125.87,2026-09-29T01:58:45Z,40.630497,-73.777267,300.9,adafb5,N981JT,A321,AIRBUS A-321,0
landing,LGA,31,1790647164.54,2026-09-29T01:59:24Z,40.777503,-73.868528,300.9,ac26cf,N882RW,E170,EMBRAER ERJ-170-100,0
landing,JFK,31R,1790647167.05,2026-09-29T01:59:27Z,40.650455,-73.774124,302.4,4bb18f,TC-LLO,B789,BOEING 787-9 Dreamliner,0
takeoff,JFK,31L,1790647219.02,2026-09-29T02:00:19Z,40.630669,-73.777679,300.9,a24314,N245FE,B763,BOEING 767-300,0
landing,LGA,31,1790647254.82,2026-09-29T02:00:54Z,40.777014,-73.867451,300.9,a0acbb,N14219,B738,BOEING 737-800,0
takeoff,LGA,04,1790647291.79,2026-09-29T02:01:31Z,40.771625,-73.88212,30.9,a3b50f,N338RS,B38M,BOEING 737 MAX 8,0
takeoff,JFK,31L,1790647297.15,2026-09-29T02:01:37Z,40.630371,-73.777008,300.9,06a078,A7-BAK,B77W,BOEING 777-300ER,0
landing,LGA,31,1790647357.41,2026-09-29T02:02:37Z,40.776718,-73.866852,295.3,a17c12,N195PQ,CRJ9,BOMBARDIER Regional Jet CRJ-900,0
landing,JFK,31R,1790647357.68,2026-09-29T02:02:37Z,40.65223,-73.77839,278.4,a07fa6,N131HQ,E75L,EMBRAER ERJ-170-200 (long wing),0
takeoff,JFK,31L,1790647386.6,2026-09-29T02:03:06Z,40.630703,-73.777695,300.9,a120fe,N172DZ,B763,BOEING 767-300,0
takeoff,LGA,04,1790647393.04,2026-09-29T02:03:13Z,40.77198,-73.881805,28.1,a130cb,N176PQ,CRJ9,BOMBARDIER Regional Jet CRJ-900,0
landing,JFK,31R,1790647396.56,2026-09-29T02:03:16Z,40.650496,-73.774192,299.6,47ae38,LN-FNL,B789,BOEING 787-9 Dreamliner,0
takeoff,JFK,31L,1790647453.34,2026-09-29T02:04:13Z,40.630646,-73.777588,300.9,406b05,G-STBL,B77W,BOEING 777-300ER,0
landing,LGA,31,1790647482.72,2026-09-29T02:04:42Z,40.775396,-73.864096,303.8,adbf26,N985QS,C68A,,0
landing,LGA,31,1790647555.68,2026-09-29T02:05:55Z,40.775654,-73.864609,303.8,a3a509,N334DU,BCS3,,0
landing,JFK,31R,1790647579.44,2026-09-29T02:06:19Z,40.651119,-73.775543,300.9,a336e3,N306PB,B738,BOEING 737-800,0
takeoff,LGA,04,1790647586.02,2026-09-29T02:06:26Z,40.773262,-73.880768,30.9,a79821,N589JB,A320,AIRBUS A-320,0
landing,JFK,31L,1790647613.44,2026-09-29T02:06:53Z,40.639138,-73.796352,300.9,acad53,N916DU,B739,BOEING 737-900,0
landing,LGA,31,1790647670.46,2026-09-29T02:07:50Z,40.778748,-73.871072,303.8,ac6f8a,N900DU,B739,BOEING 737-900,0
takeoff,JFK,31L,1790647693.23,2026-09-29T02:08:13Z,40.630783,-73.777924,300.9,4cadc8,EI-HJP,A339,AIRBUS A-330-900,0
takeoff,LGA,04,1790647701.89,2026-09-29T02:08:21Z,40.770287,-73.883213,30.9,a866c7,N640RW,E170,EMBRAER ERJ-170-100,0
landing,JFK,31R,1790647790.41,2026-09-29T02:09:50Z,40.6516,-73.776611,300.9,ab38a1,N822DN,B739,BOEING 737-900,0
landing,LGA,31,1790647791.61,2026-09-29T02:09:51Z,40.777267,-73.868011,300.9,a8a0d9,N655RW,E170,EMBRAER ERJ-170-100,0
takeoff,JFK,31L,1790647808.58,2026-09-29T02:10:08Z,40.630723,-73.777781,299.6,440184,OE-LPM,B789,BOEING 787-9 Dreamliner,0
takeoff,LGA,04,1790647809.72,2026-09-29T02:10:09Z,40.771935,-73.881851,33.8,a301f3,N293PQ,CRJ9,BOMBARDIER Regional Jet CRJ-900,0
landing,LGA,31,1790647859.66,2026-09-29T02:10:59Z,40.776921,-73.867264,303.8,abc07b,N8563Z,B738,BOEING 737-800,0
takeoff,LGA,04,1790647889.64,2026-09-29T02:11:29Z,40.770481,-73.883041,30.9,a0835d,N132HQ,E75L,EMBRAER ERJ-170-200 (long wing),0
takeoff,JFK,31L,1790647904.13,2026-09-29T02:11:44Z,40.628733,-73.773381,300.9,a20957,N230JQ,E75L,EMBRAER ERJ-170-200 (long wing),0
landing,JFK,31R,1790647970.8,2026-09-29T02:12:50Z,40.651276,-73.775893,300.9,abc1bc,N857DZ,B739,BOEING 737-900,0
takeoff,JFK,31L,1790647985.56,2026-09-29T02:13:05Z,40.63077,-73.777844,300.9,ab4fae,N828MH,B764,BOEING 767-400,0
landing,LGA,31,1790647996.53,2026-09-29T02:13:16Z,40.77776,-73.869156,295.3,a546c9,N439YX,E75L,EMBRAER ERJ-170-200 (long wing),0
takeoff,LGA,04,1790648013.44,2026-09-29T02:13:33Z,40.772417,-73.881449,30.9,a37a02,N323FR,A20N,AIRBUS A-320neo,0
landing,LGA,31,1790648057.01,2026-09-29T02:14:17Z,40.777004,-73.867416,303.8,a0ad1d,N14242,B738,BOEING 737-800,0
takeoff,LGA,22,1790648061.43,2026-09-29T02:14:21Z,40.770664,-73.881393,210.9,a08714,N133HQ,E75L,EMBRAER ERJ-170-200 (long wing),0
takeoff,LGA,22,1790648076.07,2026-09-29T02:14:36Z,40.769705,-73.882495,225.0,a1f822,N226JQ,E75L,EMBRAER ERJ-170-200 (long wing),0
landing,JFK,31R,1790648077.73,2026-09-29T02:14:37Z,40.650616,-73.77446,300.9,06a0e5,A7-AMF,A359,AIRBUS A-350-900,0
takeoff,JFK,31R,1790648077.73,2026-09-29T02:14:37Z,40.650616,-73.77446,300.9,06a0e5,A7-AMF,A359,AIRBUS A-350-900,0
landing,JFK,31R,1790648078.22,2026-09-29T02:14:38Z,40.650719,-73.774689,300.9,06a0e5,A7-AMF,A359,AIRBUS A-350-900,0
takeoff,LGA,04,1790648095.4,2026-09-29T02:14:55Z,40.771928,-73.881839,30.9,ac6289,N8976K,B38M,BOEING 737 MAX 8,0
takeoff,LGA,22,1790648136.06,2026-09-29T02:15:36Z,40.770683,-73.881402,210.9,a230d6,N240JQ,E75L,EMBRAER ERJ-170-200 (long wing),0
landing,LGA,31,1790648147.44,2026-09-29T02:15:47Z,40.776944,-73.867295,303.8,a2b47f,N27334,B38M,BOEING 737 MAX 8,0
landing,JFK,31L,1790648154.76,2026-09-29T02:15:54Z,40.637811,-73.793418,300.9,a788d3,N585DN,A21N,,0
landing,JFK,31R,1790648192.37,2026-09-29T02:16:32Z,40.650856,-73.774963,300.9,71be40,HL7640,A388,AIRBUS A-380-800,0
takeoff,JFK,31L,1790648231.93,2026-09-29T02:17:11Z,40.630371,-73.776993,300.9,a03235,N111ZM,A321,AIRBUS A-321,0
takeoff,LGA,04,1790648236.77,2026-09-29T02:17:16Z,40.773778,-73.880326,30.9,a2c93f,N279PQ,CRJ9,BOMBARDIER Regional Jet CRJ-900,0
landing,LGA,31,1790648282.07,2026-09-29T02:18:02Z,40.776665,-73.866749,300.9,a15b4c,N187GJ,CRJ9,BOMBARDIER Regional Jet CRJ-900,0
takeoff,JFK,31L,1790648317.82,2026-09-29T02:18:37Z,40.631504,-73.77951,300.9,3c64f6,D-AIGV,A343,AIRBUS A-340-300,0
landing,JFK,31R,1790648340.73,2026-09-29T02:19:00Z,40.651823,-73.777079,300.9,8695a4,JA797A,B77W,BOEING 777-300ER,0
takeoff,LGA,22,1790648361.61,2026-09-29T02:19:21Z,40.770671,-73.881387,210.9,abd41a,N861RW,E170,EMBRAER ERJ-170-100,0
landing,LGA,31,1790648372.54,2026-09-29T02:19:32Z,40.776501,-73.866425,303.8,abd90c,N8623F,B738,BOEING 737-800,0
takeoff,JFK,31L,1790648414.93,2026-09-29T02:20:14Z,40.630863,-73.778078,300.9,a5237f,N430DX,A339,,0
landing,LGA,31,1790648471.13,2026-09-29T02:21:11Z,40.779694,-73.873032,300.9,adcca6,N989AU,A321,AIRBUS A-321,0
landing,JFK,31R,1790648495.23,2026-09-29T02:21:35Z,40.649845,-73.772741,300.9,a919cd,N686DA,B752,BOEING 757-200,0
takeoff,LGA,04,1790648510.3,2026-09-29T02:21:50Z,40.771753,-73.882011,30.9,a3a9af,N335PH,B738,BOEING 737-800,0
takeoff,JFK,31L,1790648523.63,2026-09-29T02:22:03Z,40.630577,-73.777466,300.9,ac8efa,N908XJ,CRJ9,BOMBARDIER Regional Jet CRJ-900,0
landing,LGA,31,1790648593.6,2026-09-29T02:23:13Z,40.777409,-73.868278,303.8,a14502,N181GJ,CRJ9,BOMBARDIER Regional Jet CRJ-900,0
landing,JFK,31R,1790648616.42,2026-09-29T02:23:36Z,40.651508,-73.776398,300.9,a05614,N1200K,B763,BOEING 767-300,0
takeoff,JFK,31L,1790648678.71,2026-09-29T02:24:38Z,40.63131,-73.779068,302.5,040125,ET-ATI,B788,BOEING 787-8 Dreamliner,0
takeoff,JFK,31L,1790648679.15,2026-09-29T02:24:39Z,40.631422,-73.779326,299.6,040125,ET-ATI,B788,BOEING 787-8 Dreamliner,0
takeoff,LGA,04,1790648680.06,2026-09-29T02:24:40Z,40.773994,-73.880157,30.9,a2000d,N228PQ,CRJ9,BOMBARDIER Regional Jet CRJ-900,0
takeoff,LGA,04,1790648709.99,2026-09-29T02:25:09Z,40.770836,-73.882751,30.9,a53ba4,N436YX,E75L,EMBRAER ERJ-170-200 (long wing),0
landing,LGA,31,1790648778.17,2026-09-29T02:26:18Z,40.777634,-73.868759,303.8,a7d725,N604LR,CRJ9,BOMBARDIER Regional Jet CRJ-900,0
takeoff,JFK,31L,1790648800.27,2026-09-29T02:26:40Z,40.630258,-73.776736,300.9,a85887,N637JB,A320,AIRBUS A-320,0
takeoff,LGA,04,1790648809.25,2026-09-29T02:26:49Z,40.771905,-73.881871,30.9,acd68a,N926XJ,CRJ9,BOMBARDIER Regional Jet CRJ-900,0
landing,JFK,31R,1790648835.86,2026-09-29T02:27:15Z,40.651005,-73.77533,300.9,a3578a,N314VB,B38M,BOEING 737 MAX 8,0
takeoff,JFK,31L,1790648854.8,2026-09-29T02:27:34Z,40.628986,-73.773941,300.9,a4e181,N413YX,E75L,EMBRAER ERJ-170-200 (long wing),0
landing,LGA,31,1790648920.91,2026-09-29T02:28:40Z,40.776558,-73.866486,303.8,a77b76,N581UW,A321,AIRBUS A-321,0
takeoff,JFK,31L,1790648949.18,2026-09-29T02:29:09Z,40.6307,-73.777719,300.9,addadb,N992JB,A321,AIRBUS A-321,0
takeoff,LGA,04,1790648964.14,2026-09-29T02:29:24Z,40.772507,-73.881363,33.8,a3dc5a,N348PQ,CRJ9,BOMBARDIER Regional Jet CRJ-900,0
takeoff,JFK,31L,1790649019.03,2026-09-29T02:30:19Z,40.631049,-73.778515,300.9,a39fe4,N3322J,,,0
landing,LGA,31,1790649048.99,2026-09-29T02:30:48Z,40.77649,-73.866374,300.9,a3ada3,N336RU,B38M,BOEING 737 MAX 8,0
landing,JFK,31R,1790649082.73,2026-09-29T02:31:22Z,40.65152,-73.776428,300.9,71c077,HL8077,B77L,BOEING 777-200LR,0
takeoff,LGA,04,1790649084.97,2026-09-29T02:31:24Z,40.77261,-73.881302,30.9,ac794d,N9022W,,,0
takeoff,JFK,31L,1790649095.14,2026-09-29T02:31:35Z,40.630165,-73.776533,300.9,aca79d,N914XJ,CRJ9,BOMBARDIER Regional Jet CRJ-900,0
takeoff,LGA,04,1790649134.7,2026-09-29T02:32:14Z,40.772463,-73.881418,30.9,a305aa,N294PQ,CRJ9,BOMBARDIER Regional Jet CRJ-900,0
landing,LGA,31,1790649201.31,2026-09-29T02:33:21Z,40.776558,-73.866501,303.8,ac1698,N8781Q,B38M,BOEING 737 MAX 8,0
takeoff,JFK,31L,1790649212.42,2026-09-29T02:33:32Z,40.631527,-73.779526,300.9,8963eb,A6-EON,A388,AIRBUS A-380-800,0
takeoff,LGA,04,1790649240.04,2026-09-29T02:34:00Z,40.770648,-73.882901,30.9,a1f0b4,N224JQ,E75L,EMBRAER ERJ-170-200 (long wing),0
landing,JFK,31R,1790649246.33,2026-09-29T02:34:06Z,40.650543,-73.774286,300.9,a6aaba,N529DT,A21N,AIRBUS A-321neo,0
landing,LGA,31,1790649328.66,2026-09-29T02:35:28Z,40.776466,-73.866257,300.9,a43f51,N373DX,A321,AIRBUS A-321,0
landing,JFK,31R,1790649369.67,2026-09-29T02:36:09Z,40.64986,-73.772766,300.9,a434f9,N370NB,A319,AIRBUS A-319,0
takeoff,JFK,31L,1790649369.98,2026-09-29T02:36:09Z,40.630991,-73.778359,300.9,76cce6,9V-SGF,A359,AIRBUS A-350-900,0
takeoff,LGA,04,1790649374.75,2026-09-29T02:36:14Z,40.773546,-73.880544,33.8,ac92b1,N909XJ,CRJ9,BOMBARDIER Regional Jet CRJ-900,0
landing,LGA,31,1790649444.76,2026-09-29T02:37:24Z,40.776967,-73.867326,298.1,a39723,N330PQ,CRJ9,BOMBARDIER Regional Jet CRJ-900,0
takeoff,JFK,31L,1790649448.31,2026-09-29T02:37:28Z,40.630314,-73.776871,300.9,a16ff1,N192DN,B763,BOEING 767-300,0
takeoff,LGA,04,1790649476.05,2026-09-29T02:37:56Z,40.772449,-73.881424,30.9,ac2c33,N8836Q,B38M,BOEING 737 MAX 8,0
takeoff,JFK,31L,1790649539.55,2026-09-29T02:38:59Z,40.630016,-73.776199,300.9,aac3f4,N793JB,A320,AIRBUS A-320,0
landing,LGA,31,1790649575.43,2026-09-29T02:39:35Z,40.778229,-73.87001,303.8,abdb88,N863RW,E170,EMBRAER ERJ-170-100,0
landing,JFK,31R,1790649587.96,2026-09-29T02:39:47Z,40.651314,-73.775955,300.9,a324ce,N301UC,B38M,BOEING 737 MAX 8,0
takeoff,JFK,31L,1790649614.67,2026-09-29T02:40:14Z,40.630304,-73.776861,300.9,a8b8ba,N661JB,A320,AIRBUS A-320,0
takeoff,LGA,13,1790649630.1,2026-09-29T02:40:30Z,40.775431,-73.866515,120.9,a39723,N330PQ,CRJ9,BOMBARDIER Regional Jet CRJ-900,0
landing,LGA,31,1790649635.77,2026-09-29T02:40:35Z,40.776688,-73.866811,303.8,c05edf,C-GJYC,BCS3,AIRBUS A220-300,0
takeoff,JFK,31L,1790649692.58,2026-09-29T02:41:32Z,40.630955,-73.778305,300.9,a39be7,N3310J,,,0
landing,LGA,31,1790649707.65,2026-09-29T02:41:47Z,40.777416,-73.868286,300.9,a43b91,N372DN,A321,AIRBUS A-321,0
landing,JFK,31R,1790649716.91,2026-09-29T02:41:56Z,40.651119,-73.775558,300.9,a4df56,N413AS,B739,BOEING 737-900,0
takeoff,LGA,04,1790649725.8,2026-09-29T02:42:05Z,40.76988,-73.883556,30.9,a22358,N237JQ,E75L,EMBRAER ERJ-170-200 (long wing),0
takeoff,JFK,31L,1790649775.12,2026-09-29T02:42:55Z,40.630723,-73.777781,303.8,ab4c76,N827SK,CRJ9,BOMBARDIER Regional Jet CRJ-900,0
landing,LGA,31,1790649795.26,2026-09-29T02:43:15Z,40.776981,-73.867386,300.9,a7faad,N613JB,A320,AIRBUS A-320,0
takeoff,LGA,04,1790649835.07,2026-09-29T02:43:55Z,40.772038,-73.881775,30.9,a7b0c4,N595JB,A320,AIRBUS A-320,0
takeoff,JFK,31L,1790649852.92,2026-09-29T02:44:12Z,40.630141,-73.776486,298.1,a320a6,N300PQ,CRJ9,BOMBARDIER Regional Jet CRJ-900,0
takeoff,LGA,22,1790649861.16,2026-09-29T02:44:21Z,40.770412,-73.881622,216.6,a51b93,N428YX,E75L,EMBRAER ERJ-170-200 (long wing),0
landing,LGA,31,1790649922.41,2026-09-29T02:45:22Z,40.777898,-73.869308,303.8,a44969,N3755D,B738,BOEING 737-800,0
takeoff,JFK,31L,1790649935.23,2026-09-29T02:45:35Z,40.630956,-73.77825,300.9,a53d80,N437DX,A339,AIRBUS A-330-900,0
landing,JFK,31R,1790649957.75,2026-09-29T02:45:57Z,40.653751,-73.781387,300.9,845f9f,JA11KZ,B748,BOEING 747-8,0
takeoff,LGA,04,1790649964.76,2026-09-29T02:46:04Z,40.771998,-73.881793,30.9,a33aa7,N307PQ,CRJ9,BOMBARDIER Regional Jet CRJ-900,0
takeoff,JFK,31L,1790650091.75,2026-09-29T02:48:11Z,40.633819,-73.784632,300.9,a09e70,N139UP,A306,AIRBUS A-300-600,0
landing,JFK,13R,1790650105.65,2026-09-29T02:48:25Z,40.640755,-73.795962,163.1,a47364,N386UP,B763,,0
landing,LGA,31,1790650181.15,2026-09-29T02:49:41Z,40.777004,-73.867447,300.9,c066fb,C-GMZY,BCS3,AIRBUS A220-300,0
landing,JFK,31R,1790650189.53,2026-09-29T02:49:49Z,40.651543,-73.776489,300.9,ad646e,N962JT,A321,AIRBUS A-321,0
takeoff,LGA,04,1790650223.0,2026-09-29T02:50:23Z,40.773628,-73.880463,30.9,a33339,N305PQ,CRJ9,BOMBARDIER Regional Jet CRJ-900,0
takeoff,JFK,31L,1790650236.91,2026-09-29T02:50:36Z,40.630371,-73.777023,300.9,4951f0,CS-TOP,A332,AIRBUS A-330-200,0
landing,LGA,31,1790650293.19,2026-09-29T02:51:33Z,40.776781,-73.866952,300.9,a39fb1,N33203,B738,BOEING 737-800,0
takeoff,JFK,31L,1790650314.51,2026-09-29T02:51:54Z,40.631072,-73.778515,299.6,48ae04,SP-LRE,B788,BOEING 787-8 Dreamliner,0
takeoff,LGA,04,1790650334.36,2026-09-29T02:52:14Z,40.771866,-73.881897,30.9,aa7e7d,N77539,B738,BOEING 737-800,0
landing,JFK,31R,1790650344.04,2026-09-29T02:52:24Z,40.651823,-73.77711,300.9,a45051,N3771K,B738,BOEING 737-800,0
takeoff,JFK,31L,1790650398.71,2026-09-29T02:53:18Z,40.630642,-73.777625,299.6,40797c,G-ZBLE,B78X,BOEING 787-10 Dreamliner,0
landing,JFK,31L,1790650400.12,2026-09-29T02:53:20Z,40.630943,-73.778305,299.6,40797c,G-ZBLE,B78X,BOEING 787-10 Dreamliner,0
takeoff,JFK,31L,1790650400.12,2026-09-29T02:53:20Z,40.630943,-73.778305,299.6,40797c,G-ZBLE,B78X,BOEING 787-10 Dreamliner,0
takeoff,LGA,04,1790650402.63,2026-09-29T02:53:22Z,40.77187,-73.881902,28.1,a148b9,N182GJ,CRJ9,BOMBARDIER Regional Jet CRJ-900,0
takeoff,JFK,31L,1790650476.39,2026-09-29T02:54:36Z,40.630828,-73.778031,300.9,461f09,OH-LTP,A333,AIRBUS A-330-300,0
takeoff,LGA,04,1790650486.16,2026-09-29T02:54:46Z,40.773953,-73.880185,30.9,a4995f,N396DA,B738,BOEING 737-800,0
landing,JFK,31R,1790650493.97,2026-09-29T02:54:53Z,40.651051,-73.775436,299.6,aabf87,N792AV,B788,BOEING 787-8 Dreamliner,0
takeoff,JFK,31L,1790650545.69,2026-09-29T02:55:45Z,40.630607,-73.777532,300.9,896598,A6-XWC,A35K,AIRBUS A-350-1000,0
landing,LGA,31,1790650556.96,2026-09-29T02:55:56Z,40.778091,-73.86972,300.9,a085a4,N13248,B738,BOEING 737-800,0
takeoff,LGA,04,1790650595.75,2026-09-29T02:56:35Z,40.773441,-73.880607,30.9,a93d7c,N695CA,CRJ9,BOMBARDIER Regional Jet CRJ-900,0
takeoff,JFK,31L,1790650632.48,2026-09-29T02:57:12Z,40.629879,-73.775925,300.9,a47364,N386UP,B763,,0
landing,LGA,31,1790650669.07,2026-09-29T02:57:49Z,40.777668,-73.868805,303.8,a0b826,N14539,A21N,,0
takeoff,LGA,04,1790650714.41,2026-09-29T02:58:34Z,40.773546,-73.880529,30.9,a35701,N314PQ,CRJ9,BOMBARDIER Regional Jet CRJ-900,0
takeoff,LGA,22,1790650726.6,2026-09-29T02:58:46Z,40.76917,-73.883587,255.9,ab0a73,N810MD,E170,EMBRAER ERJ-170-100,0
takeoff,JFK,31L,1790650743.44,2026-09-29T02:59:03Z,40.630793,-73.777969,300.9,ab7ae4,N839MH,B764,BOEING 767-400,0
takeoff,JFK,31L,1790650816.96,2026-09-29T03:00:16Z,40.630188,-73.776596,300.9,a75659,N572FE,MD11,MCDONNELL-DOUGLAS MD-11,0
landing,JFK,31R,1790650833.73,2026-09-29T03:00:33Z,40.649998,-73.77301,300.9,a12861,N174DN,B763,BOEING 767-300,0
landing,LGA,31,1790650836.6,2026-09-29T03:00:36Z,40.777409,-73.868341,300.9,a4b64b,N402YX,E75L,EMBRAER ERJ-170-200 (long wing),0
takeoff,JFK,31L,1790650890.63,2026-09-29T03:01:30Z,40.630428,-73.777145,299.6,c8234f,ZK-NZJ,B789,BOEING 787-9 Dreamliner,0
takeoff,LGA,04,1790650931.72,2026-09-29T03:02:11Z,40.773895,-73.880232,30.9,acddf8,N928XJ,CRJ9,BOMBARDIER Regional Jet CRJ-900,0
takeoff,JFK,31L,1790651001.11,2026-09-29T03:03:21Z,40.630584,-73.777454,300.9,a1863b,N198DN,B763,BOEING 767-300,0
landing,LGA,31,1790651057.58,2026-09-29T03:04:17Z,40.7767,-73.86678,300.9,a32e8c,N304DU,BCS3,AIRBUS A220-300,0
takeoff,JFK,31L,1790651095.55,2026-09-29T03:04:55Z,40.630337,-73.776932,298.1,ab6162,N832SK,CRJ9,BOMBARDIER Regional Jet CRJ-900,0
takeoff,LGA,04,1790651098.43,2026-09-29T03:04:58Z,40.771877,-73.881882,30.9,acc5a5,N922AN,B738,BOEING 737-800,0
takeoff,LGA,04,1790651146.49,2026-09-29T03:05:46Z,40.772713,-73.88121,30.9,a77d89,N582CA,CRJ9,BOMBARDIER Regional Jet CRJ-900,0
takeoff,JFK,31L,1790651167.88,2026-09-29T03:06:07Z,40.630909,-73.778168,300.9,a491f1,N394DA,B738,BOEING 737-800,0
landing,JFK,31R,1790651185.27,2026-09-29T03:06:25Z,40.65081,-73.774841,300.9,ab8b56,N843DN,B739,BOEING 737-900,0
takeoff,JFK,31L,1790651232.05,2026-09-29T03:07:12Z,40.629913,-73.775986,300.9,acb2c2,N917XJ,CRJ9,BOMBARDIER Regional Jet CRJ-900,0
landing,LGA,31,1790651248.4,2026-09-29T03:07:28Z,40.776661,-73.86673,300.9,a44d85,N3768,B738,BOEING 737-800,0
landing,JFK,31R,1790651336.23,2026-09-29T03:08:56Z,40.650593,-73.774399,300.9,4cabd4,EI-LRH,A21N,AIRBUS A-321neo,0
landing,LGA,31,1790651423.38,2026-09-29T03:10:23Z,40.777212,-73.867872,300.9,ac69fc,N8996Q,B38M,BOEING 737 MAX 8,0
landing,JFK,31R,1790651527.65,2026-09-29T03:12:07Z,40.651039,-73.775391,300.9,ab355c,N821JB,A320,AIRBUS A-320,0
landing,LGA,31,1790651565.95,2026-09-29T03:12:45Z,40.777188,-73.86781,300.9,a01b56,N106DN,A321,AIRBUS A-321,0
landing,LGA,31,1790651727.6,2026-09-29T03:15:27Z,40.777382,-73.868225,300.9,a14c70,N183GJ,CRJ9,BOMBARDIER Regional Jet CRJ-900,0
landing,JFK,31R,1790651792.39,2026-09-29T03:16:32Z,40.651485,-73.776352,300.9,0c605d,9Y-BAH,B38M,BOEING 737 MAX 8,0
landing,LGA,31,1790651832.92,2026-09-29T03:17:12Z,40.778434,-73.870416,303.8,a1ff90,N228JQ,E75L,EMBRAER ERJ-170-200 (long wing),0
takeoff,LGA,13,1790651892.27,2026-09-29T03:18:12Z,40.774086,-73.865463,154.7,a14c70,N183GJ,CRJ9,BOMBARDIER Regional Jet CRJ-900,0
takeoff,JFK,31L,1790651908.68,2026-09-29T03:18:28Z,40.630782,-73.777875,300.9,a707a3,N552JB,A320,AIRBUS A-320,0
landing,JFK,31R,1790651909.32,2026-09-29T03:18:29Z,40.650904,-73.775113,302.4,345352,EC-MPE,B788,BOEING 787-8 Dreamliner,0
landing,LGA,31,1790651926.85,2026-09-29T03:18:46Z,40.776707,-73.866837,303.8,a3c51a,N342DU,,,0
takeoff,JFK,31L,1790652014.82,2026-09-29T03:20:14Z,40.630955,-73.77829,300.9,4cc573,TF-ICF,B38M,BOEING 737 MAX 8,0
landing,LGA,31,1790652022.94,2026-09-29T03:20:22Z,40.777119,-73.867661,300.9,a45f64,N381DZ,A321,AIRBUS A-321,0
landing,JFK,31R,1790652092.19,2026-09-29T03:21:32Z,40.649414,-73.771804,300.9,e8045c,CC-BHA,A20N,AIRBUS A-320neo,0
landing,LGA,31,1790652135.83,2026-09-29T03:22:15Z,40.777782,-73.869058,303.8,adb29f,N982AN,B738,BOEING 737-800,0
takeoff,LGA,22,1790652171.47,2026-09-29T03:22:51Z,40.769775,-73.882417,225.0,abdb88,N863RW,E170,EMBRAER ERJ-170-100,0
landing,JFK,31R,1790652189.73,2026-09-29T03:23:09Z,40.650508,-73.774208,300.9,ad2445,N946JL,A321,AIRBUS A-321,0
takeoff,LGA,04,1790652206.85,2026-09-29T03:23:26Z,40.77379,-73.880326,28.1,a7d725,N604LR,CRJ9,BOMBARDIER Regional Jet CRJ-900,0
landing,JFK,31R,1790652286.64,2026-09-29T03:24:46Z,40.649449,-73.771851,300.9,a79046,N587DT,A21N,AIRBUS A-321neo,0
landing,LGA,31,1790652288.5,2026-09-29T03:24:48Z,40.777267,-73.86795,300.9,a09239,N136HQ,E75L,EMBRAER ERJ-170-200 (long wing),0
landing,LGA,31,1790652358.98,2026-09-29T03:25:58Z,40.778469,-73.870494,303.8,ac267c,N882NN,B738,BOEING 737-800,0
takeoff,JFK,31L,1790652383.25,2026-09-29T03:26:23Z,40.631493,-73.779526,300.9,8963e4,A6-EOG,A388,AIRBUS A-380-800,0
landing,JFK,31R,1790652404.63,2026-09-29T03:26:44Z,40.65057,-73.774323,300.9,a33328,N305NY,A21N,AIRBUS A-321neo,0
landing,JFK,31R,1790652509.68,2026-09-29T03:28:29Z,40.649775,-73.772585,300.9,a3dcc2,N348TU,B38M,,0
landing,LGA,31,1790652512.89,2026-09-29T03:28:32Z,40.776723,-73.866842,298.1,a7e24a,N607LR,CRJ9,BOMBARDIER Regional Jet CRJ-900,0
takeoff,JFK,31L,1790652549.16,2026-09-29T03:29:09Z,40.630257,-73.776733,300.9,a413f8,N362CM,B763,BOEING 767-300,0
landing,LGA,31,1790652592.02,2026-09-29T03:29:52Z,40.776627,-73.866669,300.9,ac2c79,N8838Q,B38M,BOEING 737 MAX 8,0
landing,JFK,31R,1790652609.63,2026-09-29T03:30:09Z,40.651265,-73.775878,300.9,a3c291,N341RW,B38M,BOEING 737 MAX 8,0
landing,LGA,31,1790652695.62,2026-09-29T03:31:35Z,40.778492,-73.870544,300.9,ac0941,N875DN,B739,BOEING 737-900,0
landing,JFK,31L,1790652787.04,2026-09-29T03:33:07Z,40.638645,-73.795227,300.9,a5b2b0,N4663K,A333,,0
landing,LGA,31,1790652830.05,2026-09-29T03:33:50Z,40.777863,-73.86923,303.8,a34e9d,N312DU,BCS3,AIRBUS A220-300,0
takeoff,JFK,31L,1790652875.37,2026-09-29T03:34:35Z,40.630491,-73.777282,300.9,aa57df,N766AN,B772,BOEING 777-200,0
landing,JFK,31R,1790652971.3,2026-09-29T03:36:11Z,40.650811,-73.774879,300.9,a362b2,N317VE,B38M,BOEING 737 MAX 8,0
takeoff,JFK,31L,1790652980.44,2026-09-29T03:36:20Z,40.630921,-73.778234,300.9,346195,EC-NBN,A332,AIRBUS A-330-200,0
landing,LGA,31,1790653010.22,2026-09-29T03:36:50Z,40.778492,-73.870541,300.9,abdcfd,N86344,E75L,EMBRAER ERJ-170-200 (long wing),0
landing,LGA,31,1790653116.15,2026-09-29T03:38:36Z,40.777496,-73.868454,300.9,abb222,N8527Q,B738,BOEING 737-800,0
takeoff,JFK,31L,1790653120.89,2026-09-29T03:38:40Z,40.628652,-73.773225,300.9,a07fa6,N131HQ,E75L,EMBRAER ERJ-170-200 (long wing),0
landing,JFK,31R,1790653209.15,2026-09-29T03:40:09Z,40.650295,-73.773758,300.9,a6ffc3,N550DN,A21N,AIRBUS A-321neo,0
takeoff,JFK,31L,1790653232.92,2026-09-29T03:40:32Z,40.631287,-73.779022,300.9,a3549d,N3132J,BCS3,AIRBUS A220-300,0
landing,LGA,31,1790653341.91,2026-09-29T03:42:21Z,40.777363,-73.8682,300.9,ac79b1,N9025R,,,0
takeoff,JFK,31L,1790653482.0,2026-09-29T03:44:42Z,40.630281,-73.776783,300.9,3949f8,F-GSPY,B772,BOEING 777-200,0
landing,LGA,31,1790653957.13,2026-09-29T03:52:37Z,40.777421,-73.868309,303.8,ac9ff2,N912UY,A321,AIRBUS A-321,0
landing,JFK,31R,1790653964.2,2026-09-29T03:52:44Z,40.649048,-73.770966,300.9,a37e5a,N324NB,A319,AIRBUS A-319,0
landing,LGA,31,1790654174.33,2026-09-29T03:56:14Z,40.777549,-73.868559,300.9,a071c2,N128DN,A321,AIRBUS A-321,0
landing,JFK,04R,1790654353.99,2026-09-29T03:59:13Z,40.636286,-73.761879,30.9,0d113a,XA-AMH,B38M,BOEING 737 MAX 8,0
landing,LGA,31,1790654528.09,2026-09-29T04:02:08Z,40.777782,-73.869058,300.9,a486cc,N391DA,B738,BOEING 737-800,0
landing,JFK,04R,1790654556.45,2026-09-29T04:02:36Z,40.636042,-73.762082,30.9,ad8fa4,N973JT,A321,AIRBUS A-321,0
landing,JFK,04R,1790654644.75,2026-09-29T04:04:04Z,40.635841,-73.762192,29.6,406d4d,G-VSPY,B789,BOEING 787-9 Dreamliner,0
takeoff,JFK,31L,1790654688.27,2026-09-29T04:04:48Z,40.634995,-73.787207,300.9,a124b5,N173DZ,B763,BOEING 767-300,0
landing,JFK,04R,1790654798.33,2026-09-29T04:06:38Z,40.635292,-73.76265,30.9,a19d0d,N2029J,A21N,AIRBUS A-321neo,0
landing,JFK,04R,1790654934.83,2026-09-29T04:08:54Z,40.638897,-73.759842,30.9,4d0128,LX-SCV,B744,BOEING 747-400,0
takeoff,JFK,31L,1790654943.57,2026-09-29T04:09:03Z,40.634762,-73.786677,300.9,e80244,CC-CXH,B763,BOEING 767-300,0
takeoff,JFK,31L,1790655093.89,2026-09-29T04:11:33Z,40.635818,-73.788986,299.6,7380c2,4X-EDC,B789,BOEING 787-9 Dreamliner,0
landing,JFK,04R,1790655133.55,2026-09-29T04:12:13Z,40.635612,-73.762405,30.9,a35b81,N315XR,,,0
landing,JFK,04R,1790655313.48,2026-09-29T04:15:13Z,40.63369,-73.763885,30.9,0d12ac,XA-VMH,A20N,AIRBUS A-320neo,0
landing,JFK,04R,1790655498.25,2026-09-29T04:18:18Z,40.637113,-73.761224,30.9,acdfa3,N929AK,B39M,BOEING 737 MAX 9,0
landing,LGA,31,1790655598.76,2026-09-29T04:19:58Z,40.777398,-73.868247,300.9,a06461,N124US,A320,AIRBUS A-320,0
landing,JFK,04R,1790655855.32,2026-09-29T04:24:15Z,40.638245,-73.760345,30.9,acc23f,N921DU,B739,BOEING 737-900,0
takeoff,JFK,04R,1790655855.32,2026-09-29T04:24:15Z,40.638245,-73.760345,30.9,acc23f,N921DU,B739,BOEING 737-900,0
landing,JFK,04R,1790655855.97,2026-09-29T04:24:15Z,40.638416,-73.76021,30.9,acc23f,N921DU,B739,BOEING 737-900,0
landing,JFK,04R,1790656001.47,2026-09-29T04:26:41Z,40.635052,-73.762833,30.9,a19910,N2017J,A21N,AIRBUS A-321neo,0
takeoff,JFK,31L,1790656075.38,2026-09-29T04:27:55Z,40.634564,-73.786255,300.9,a919cd,N686DA,B752,BOEING 757-200,0
landing,JFK,04R,1790656113.42,2026-09-29T04:28:33Z,40.634832,-73.763019,30.9,a7133f,N555NW,B752,BOEING 757-200,0
landing,JFK,04R,1790656223.69,2026-09-29T04:30:23Z,40.636857,-73.761427,30.9,0c20ce,HP-1854CMP,B738,BOEING 737-800,0
takeoff,JFK,13R,1790656252.95,2026-09-29T04:30:52Z,40.641895,-73.79541,81.6,0d12ac,XA-VMH,A20N,AIRBUS A-320neo,0
landing,JFK,04R,1790656330.34,2026-09-29T04:32:10Z,40.634903,-73.762955,30.9,a9acb8,N722TW,B752,BOEING 757-200,0
takeoff,JFK,31L,1790656348.94,2026-09-29T04:32:28Z,40.634506,-73.78613,300.9,3c70c6,D-ALFF,B77L,BOEING 777-200LR,0
landing,JFK,04R,1790656553.41,2026-09-29T04:35:53Z,40.638462,-73.760193,30.9,adbef0,N985NN,B738,BOEING 737-800,0
landing,JFK,04R,1790656674.22,2026-09-29T04:37:54Z,40.635681,-73.76236,30.9,a6692d,N512DE,A21N,AIRBUS A-321neo,0
takeoff,JFK,31L,1790656682.3,2026-09-29T04:38:02Z,40.635979,-73.789352,299.6,47ae38,LN-FNL,B789,BOEING 787-9 Dreamliner,0
landing,JFK,04R,1790656831.53,2026-09-29T04:40:31Z,40.63546,-73.76255,30.9,a721a4,N559JB,A320,AIRBUS A-320,0
landing,JFK,04R,1790657000.62,2026-09-29T04:43:20Z,40.636837,-73.761429,30.9,ad3cdf,N952JB,A321,AIRBUS A-321,0
takeoff,JFK,31L,1790657297.77,2026-09-29T04:48:17Z,40.635157,-73.787582,300.9,4cabd4,EI-LRH,A21N,AIRBUS A-321neo,0
takeoff,JFK,31L,1790657374.42,2026-09-29T04:49:34Z,40.634238,-73.785569,300.9,a87898,N645JB,A320,AIRBUS A-320,0
landing,JFK,31L,1790657488.75,2026-09-29T04:51:28Z,40.640464,-73.79927,300.9,a736c1,N564LA,B763,BOEING 767-300,0
takeoff,JFK,13R,1790657756.96,2026-09-29T04:55:56Z,40.641644,-73.796692,81.6,a736c1,N564LA,B763,BOEING 767-300,0
landing,JFK,13R,1790657761.77,2026-09-29T04:56:01Z,40.641686,-73.79643,78.8,a736c1,N564LA,B763,BOEING 767-300,0
takeoff,JFK,31L,1790657767.66,2026-09-29T04:56:07Z,40.635798,-73.788986,302.5,4bb18f,TC-LLO,B789,BOEING 787-9 Dreamliner,0
takeoff,JFK,31L,1790658017.08,2026-09-29T05:00:17Z,40.634457,-73.786026,300.9,71ba04,HL7204,B77W,BOEING 777-300ER,0
landing,JFK,31L,1790658254.27,2026-09-29T05:04:14Z,40.638346,-73.794573,300.9,ad1560,N942JB,A321,AIRBUS A-321,0
landing,JFK,31L,1790658673.24,2026-09-29T05:11:13Z,40.637627,-73.793015,300.9,39cf11,F-HTYR,A359,AIRBUS A-350-900,0
takeoff,JFK,31L,1790659047.2,2026-09-29T05:17:27Z,40.631149,-73.778702,302.5,345352,EC-MPE,B788,BOEING 787-8 Dreamliner,0
takeoff,JFK,13L,1790659101.92,2026-09-29T05:18:21Z,40.652871,-73.788159,143.4,ad9712,N975JT,A321,AIRBUS A-321,0
takeoff,JFK,13L,1790659397.32,2026-09-29T05:23:17Z,40.652882,-73.788159,143.4,ad9712,N975JT,A321,AIRBUS A-321,0
takeoff,JFK,13L,1790659454.94,2026-09-29T05:24:14Z,40.652882,-73.788159,143.4,ad9712,N975JT,A321,AIRBUS A-321,0
landing,JFK,31L,1790660058.74,2026-09-29T05:34:18Z,40.638588,-73.795135,300.9,ad63a8,N962AV,A20N,AIRBUS A-320neo,0
takeoff,JFK,31L,1790660553.19,2026-09-29T05:42:33Z,40.630921,-73.778203,300.9,06a0e5,A7-AMF,A359,AIRBUS A-350-900,0
takeoff,JFK,31L,1790660705.43,2026-09-29T05:45:05Z,40.630886,-73.778156,299.7,aabf87,N792AV,B788,BOEING 787-8 Dreamliner,0
takeoff,JFK,31L,1790660862.42,2026-09-29T05:47:42Z,40.630328,-73.776907,300.9,e8045c,CC-BHA,A20N,AIRBUS A-320neo,0
takeoff,JFK,31L,1790660997.83,2026-09-29T05:49:57Z,40.630758,-73.777828,300.9,71c077,HL8077,B77L,BOEING 777-200LR,0
takeoff,JFK,31L,1790661151.54,2026-09-29T05:52:31Z,40.631172,-73.778748,300.9,408121,G-VPIE,A339,AIRBUS A-330-900,0
takeoff,JFK,31L,1790661301.24,2026-09-29T05:55:01Z,40.631012,-73.778427,300.9,8406d0,JA01WJ,A35K,AIRBUS A-350-1000,0
takeoff,JFK,31L,1790661301.61,2026-09-29T05:55:01Z,40.631126,-73.778687,300.9,8406d0,JA01WJ,A35K,AIRBUS A-350-1000,0
takeoff,JFK,31L,1790661432.88,2026-09-29T05:57:12Z,40.630444,-73.777188,300.9,8990e6,B-16725,B77W,BOEING 777-300ER,0
takeoff,JFK,31L,1790661539.65,2026-09-29T05:58:59Z,40.630956,-73.778281,300.9,781e4d,B-32CE,A359,AIRBUS A-350-900,0
landing,JFK,13R,1790661825.29,2026-09-29T06:03:45Z,40.640831,-73.79599,165.9,0d12ac,XA-VMH,A20N,AIRBUS A-320neo,0
takeoff,LGA,13,1790661834.46,2026-09-29T06:03:54Z,40.775002,-73.869003,165.9,a085a4,N13248,B738,BOEING 737-800,0
takeoff,JFK,31L,1790661902.5,2026-09-29T06:05:02Z,40.63155,-73.779623,300.9,845f9f,JA11KZ,B748,BOEING 747-8,0
takeoff,JFK,31L,1790662087.34,2026-09-29T06:08:07Z,40.634738,-73.78663,300.9,a5b2b0,N4663K,A333,,0
takeoff,JFK,31L,1790662354.37,2026-09-29T06:12:34Z,40.630386,-73.776986,300.9,0d12ac,XA-VMH,A20N,AIRBUS A-320neo,0
landing,JFK,31L,1790662480.19,2026-09-29T06:14:40Z,40.63932,-73.796738,300.9,a47cd1,N389AZ,B763,BOEING 767-300,0
takeoff,JFK,31L,1790662586.42,2026-09-29T06:16:26Z,40.630463,-73.777191,300.9,8695a4,JA797A,B77W,BOEING 777-300ER,0
takeoff,JFK,31L,1790662874.37,2026-09-29T06:21:14Z,40.635937,-73.789298,300.9,4d0128,LX-SCV,B744,BOEING 747-400,0
takeoff,JFK,31L,1790663171.93,2026-09-29T06:26:11Z,40.63141,-73.779202,300.9,71be40,HL7640,A388,AIRBUS A-380-800,0
landing,JFK,31L,1790663172.97,2026-09-29T06:26:12Z,40.631631,-73.779685,300.9,71be40,HL7640,A388,AIRBUS A-380-800,0
takeoff,JFK,31L,1790663172.97,2026-09-29T06:26:12Z,40.631631,-73.779685,300.9,71be40,HL7640,A388,AIRBUS A-380-800,0
takeoff,JFK,31L,1790663414.0,2026-09-29T06:30:14Z,40.630566,-73.77739,300.9,0c203a,HP-1534CMP,B738,BOEING 737-800,0
takeoff,JFK,31L,1790663700.65,2026-09-29T06:35:00Z,40.630966,-73.77829,300.9,789217,B-LXE,A35K,AIRBUS A-350-1000,0
landing,JFK,31L,1790664206.5,2026-09-29T06:43:26Z,40.638719,-73.795416,300.9,a1de8d,N2199J,A21N,AIRBUS A-321neo,0
landing,JFK,31L,1790665034.42,2026-09-29T06:57:14Z,40.638519,-73.794937,300.9,aa7bae,N775AV,A20N,AIRBUS A-320neo,0
landing,JFK,31L,1790666395.14,2026-09-29T07:19:55Z,40.640831,-73.800095,300.9,a8bf91,N663CA,B744,BOEING 747-400,8
landing,JFK,31L,1790666757.91,2026-09-29T07:25:57Z,40.639114,-73.796258,300.9,0c20b4,HP-1844CMP,B738,BOEING 737-800,0
takeoff,JFK,31L,1790666854.09,2026-09-29T07:27:34Z,40.635944,-73.789291,300.9,39cf11,F-HTYR,A359,AIRBUS A-350-900,0
takeoff,JFK,31L,1790667241.84,2026-09-29T07:34:01Z,40.630339,-73.776939,300.9,ad63a8,N962AV,A20N,AIRBUS A-320neo,0
takeoff,JFK,31L,1790667365.4,2026-09-29T07:36:05Z,40.634571,-73.786224,300.9,a736c1,N564LA,B763,BOEING 767-300,0
takeoff,JFK,31L,1790668887.64,2026-09-29T08:01:27Z,40.630806,-73.777939,300.9,0c20ce,HP-1854CMP,B738,BOEING 737-800,0
landing,JFK,31L,1790670349.12,2026-09-29T08:25:49Z,40.642804,-73.804264,312.2,adc238,N986JB,A321,AIRBUS A-321,0
landing,JFK,31L,1790670915.9,2026-09-29T08:35:15Z,40.637558,-73.792847,300.9,a70f11,N554JB,A320,AIRBUS A-320,0
landing,JFK,31L,1790671261.27,2026-09-29T08:41:01Z,40.639355,-73.796814,300.9,a4a095,N398AV,A320,AIRBUS A-320,0
landing,JFK,31L,1790671610.53,2026-09-29T08:46:50Z,40.640934,-73.800278,300.9,407ea1,G-DHLO,B763,BOEING 767-300,0
landing,JFK,31L,1790671735.81,2026-09-29T08:48:55Z,40.638917,-73.795853,300.9,ac7e1c,N904AV,A20N,,0
landing,JFK,31L,1790671862.39,2026-09-29T08:51:02Z,40.639103,-73.796234,300.9,a12fda,N176DZ,B763,BOEING 767-300,0
landing,JFK,31L,1790671997.38,2026-09-29T08:53:17Z,40.639941,-73.798084,300.9,adcd6d,N989JT,A321,AIRBUS A-321,0
landing,JFK,31L,1790672211.28,2026-09-29T08:56:51Z,40.637718,-73.793231,300.9,a9b06f,N723TW,B752,BOEING 757-200,0
landing,JFK,31L,1790672510.8,2026-09-29T09:01:50Z,40.638714,-73.795441,300.9,4d206e,9H-ALC,A332,AIRBUS A-330-200,0
landing,JFK,31L,1790672657.14,2026-09-29T09:04:17Z,40.640301,-73.79888,300.9,a4eacb,N416DX,A339,AIRBUS A-330-900,0
landing,JFK,31L,1790672804.96,2026-09-29T09:06:44Z,40.63876,-73.795502,300.9,a39243,N3291J,BCS3,AIRBUS A220-300,0
landing,JFK,31L,1790672903.64,2026-09-29T09:08:23Z,40.63816,-73.794183,300.9,a40e1c,N360UP,B763,BOEING 767-300,0
landing,JFK,31L,1790673351.66,2026-09-29T09:15:51Z,40.64043,-73.799225,299.6,ab6ea5,N836AA,B789,BOEING 787-9 Dreamliner,0
takeoff,JFK,31L,1790673436.53,2026-09-29T09:17:16Z,40.630749,-73.777832,300.9,aa7bae,N775AV,A20N,AIRBUS A-320neo,0
takeoff,JFK,31L,1790673529.47,2026-09-29T09:18:49Z,40.630909,-73.778168,300.9,0c605d,9Y-BAH,B38M,BOEING 737 MAX 8,0
landing,JFK,31L,1790673672.11,2026-09-29T09:21:12Z,40.639522,-73.797179,300.9,a98386,N712AL,B39M,,0
landing,JFK,31L,1790673883.38,2026-09-29T09:24:43Z,40.638588,-73.79509,300.9,a01fee,N107NN,A321,AIRBUS A-321,0
landing,JFK,31L,1790674055.31,2026-09-29T09:27:35Z,40.638498,-73.794916,300.9,a50a88,N424AN,A21N,AIRBUS A-321neo,0
landing,JFK,31L,1790674165.49,2026-09-29T09:29:25Z,40.639572,-73.797256,300.9,adb35c,N982JB,A321,AIRBUS A-321,0
landing,JFK,31L,1790674345.22,2026-09-29T09:32:25Z,40.638336,-73.794571,300.9,a8222c,N623JB,A320,AIRBUS A-320,0
landing,JFK,31L,1790674526.65,2026-09-29T09:35:26Z,40.63821,-73.794281,300.9,789244,B-LQF,A359,AIRBUS A-350-900,0
landing,JFK,31L,1790674679.48,2026-09-29T09:37:59Z,40.637066,-73.791763,300.9,a7ef16,N610DN,,,0
landing,JFK,31L,1790674841.36,2026-09-29T09:40:41Z,40.639183,-73.796448,300.9,a47e89,N389UP,B763,BOEING 767-300,0
landing,JFK,31L,1790674995.08,2026-09-29T09:43:15Z,40.638451,-73.794838,300.9,0aca28,HK-5378,A20N,AIRBUS A-320neo,0
landing,JFK,31R,1790675090.56,2026-09-29T09:44:50Z,40.651577,-73.776566,300.9,a1412e,N180FE,B763,BOEING 767-300,0
landing,JFK,31L,1790675434.54,2026-09-29T09:50:34Z,40.640464,-73.799239,300.9,a75da2,N574DT,A21N,AIRBUS A-321neo,0
takeoff,JFK,31L,1790675575.93,2026-09-29T09:52:55Z,40.63084,-73.778047,300.9,a19d0d,N2029J,A21N,AIRBUS A-321neo,0
landing,JFK,31R,1790675720.55,2026-09-29T09:55:20Z,40.652603,-73.778827,300.9,7804c6,B-2071,B77L,BOEING 777-200LR,0
landing,JFK,31R,1790675903.35,2026-09-29T09:58:23Z,40.651241,-73.775862,300.9,acb2c2,N917XJ,CRJ9,BOMBARDIER Regional Jet CRJ-900,0
landing,JFK,31L,1790676061.12,2026-09-29T10:01:01Z,40.637729,-73.793262,300.9,a797b4,N589DT,A21N,AIRBUS A-321neo,0
takeoff,JFK,31L,1790676128.04,2026-09-29T10:02:08Z,40.630654,-73.77761,300.9,adbef0,N985NN,B738,BOEING 737-800,0
landing,JFK,31R,1790676219.24,2026-09-29T10:03:39Z,40.650822,-73.77491,300.9,3c68cb,D-AJFK,A333,AIRBUS A-330-300,0
takeoff,LGA,31,1790676250.69,2026-09-29T10:04:10Z,40.772495,-73.857971,303.8,a0ad1d,N14242,B738,BOEING 737-800,0
landing,JFK,31L,1790676292.22,2026-09-29T10:04:52Z,40.638183,-73.794245,300.9,a6d83c,N540DE,A21N,AIRBUS A-321neo,0
takeoff,LGA,31,1790676320.68,2026-09-29T10:05:20Z,40.772381,-73.857742,303.8,a017a8,N105DX,A321,AIRBUS A-321,0
landing,JFK,31R,1790676363.24,2026-09-29T10:06:03Z,40.651113,-73.775534,300.9,a3b186,N337TN,B38M,BOEING 737 MAX 8,0
takeoff,JFK,31L,1790676370.52,2026-09-29T10:06:10Z,40.63077,-73.777891,300.9,ad2445,N946JL,A321,AIRBUS A-321,0
takeoff,LGA,31,1790676398.68,2026-09-29T10:06:38Z,40.772484,-73.857956,300.9,a39fb1,N33203,B738,BOEING 737-800,0
takeoff,JFK,31L,1790676434.12,2026-09-29T10:07:14Z,40.630806,-73.777939,300.9,ad1560,N942JB,A321,AIRBUS A-321,0
landing,JFK,31R,1790676462.26,2026-09-29T10:07:42Z,40.647686,-73.776199,261.6,ad4f72,N957JB,A321,AIRBUS A-321,0
landing,JFK,31R,1790676472.27,2026-09-29T10:07:52Z,40.64768,-73.768028,298.1,a08826,N133UP,A306,AIRBUS A-300-600,0
takeoff,LGA,31,1790676474.77,2026-09-29T10:07:54Z,40.77244,-73.857869,300.9,abdcfd,N86344,E75L,EMBRAER ERJ-170-200 (long wing),0
takeoff,JFK,31L,1790676483.62,2026-09-29T10:08:03Z,40.628735,-73.773392,300.9,a210c5,N232JQ,E75L,EMBRAER ERJ-170-200 (long wing),0
takeoff,LGA,31,1790676530.18,2026-09-29T10:08:50Z,40.772346,-73.85762,320.6,ac9ff2,N912UY,A321,AIRBUS A-321,0
takeoff,LGA,31,1790676625.51,2026-09-29T10:10:25Z,40.772254,-73.857495,303.8,a22ac6,N239JQ,E75L,EMBRAER ERJ-170-200 (long wing),0
landing,JFK,31R,1790676639.1,2026-09-29T10:10:39Z,40.651176,-73.775696,300.9,a38e69,N3280J,BCS3,AIRBUS A220-300,0
takeoff,LGA,31,1790676727.74,2026-09-29T10:12:07Z,40.772312,-73.857604,300.9,a3a509,N334DU,BCS3,,0
landing,JFK,31L,1790676740.6,2026-09-29T10:12:20Z,40.63937,-73.796836,300.9,a01880,N105NN,A321,AIRBUS A-321,0
takeoff,LGA,31,1790676794.04,2026-09-29T10:13:14Z,40.772278,-73.857529,303.8,abd7d1,N862RW,E170,EMBRAER ERJ-170-100,0
takeoff,JFK,31L,1790676808.45,2026-09-29T10:13:28Z,40.63036,-73.776993,300.9,a716f6,N556NW,B752,BOEING 757-200,0
takeoff,LGA,31,1790676878.01,2026-09-29T10:14:38Z,40.772487,-73.857978,300.9,a3ada3,N336RU,B38M,BOEING 737 MAX 8,0
takeoff,JFK,31L,1790676879.93,2026-09-29T10:14:39Z,40.630386,-73.777032,300.9,a32bba,N303NY,A21N,AIRBUS A-321neo,0
takeoff,JFK,31L,1790676935.2,2026-09-29T10:15:35Z,40.630409,-73.777079,300.9,a788d3,N585DN,A21N,,0
landing,JFK,31R,1790676950.01,2026-09-29T10:15:50Z,40.650639,-73.774506,300.9,a2796f,N259FE,B763,BOEING 767-300,0
landing,LGA,22,1790676976.11,2026-09-29T10:16:16Z,40.778561,-73.876373,210.9,a33aa7,N307PQ,CRJ9,BOMBARDIER Regional Jet CRJ-900,0
takeoff,LGA,31,1790676976.56,2026-09-29T10:16:16Z,40.772533,-73.858057,303.8,a45f64,N381DZ,A321,AIRBUS A-321,0
takeoff,LGA,31,1790677056.4,2026-09-29T10:17:36Z,40.772312,-73.857635,303.8,abb222,N8527Q,B738,BOEING 737-800,0
landing,JFK,31L,1790677075.71,2026-09-29T10:17:55Z,40.637398,-73.792496,300.9,aa8315,N777AN,B772,BOEING 777-200,0
takeoff,LGA,31,1790677139.66,2026-09-29T10:18:59Z,40.772461,-73.857941,303.8,ac79b1,N9025R,,,0
takeoff,JFK,31L,1790677150.93,2026-09-29T10:19:10Z,40.630851,-73.778047,300.9,aafca8,N807JB,A320,AIRBUS A-320,0
takeoff,LGA,31,1790677221.12,2026-09-29T10:20:21Z,40.77251,-73.858025,303.8,a6ec56,N545UW,A321,AIRBUS A-321,0
takeoff,JFK,31L,1790677317.28,2026-09-29T10:21:57Z,40.630623,-73.777573,300.9,a47cd1,N389AZ,B763,BOEING 767-300,0
landing,JFK,31R,1790677400.99,2026-09-29T10:23:20Z,40.65176,-73.776932,300.9,adabfe,N980JT,A321,AIRBUS A-321,0
takeoff,JFK,31L,1790677409.81,2026-09-29T10:23:29Z,40.630816,-73.777953,300.9,ad4f72,N957JB,A321,AIRBUS A-321,0
takeoff,JFK,31L,1790677489.03,2026-09-29T10:24:49Z,40.63084,-73.778047,300.9,acf54f,N934JB,A321,AIRBUS A-321,0
takeoff,LGA,31,1790677855.15,2026-09-29T10:30:55Z,40.772312,-73.857605,303.8,ac26cf,N882RW,E170,EMBRAER ERJ-170-100,0
landing,JFK,31R,1790677876.18,2026-09-29T10:31:16Z,40.650215,-73.773544,300.9,a45fb1,N381HA,A332,AIRBUS A-330-200,0
landing,LGA,22,1790678127.87,2026-09-29T10:35:27Z,40.775906,-73.878571,208.1,a77d89,N582CA,CRJ9,BOMBARDIER Regional Jet CRJ-900,0
takeoff,LGA,31,1790678134.31,2026-09-29T10:35:34Z,40.772615,-73.858228,300.9,c066fb,C-GMZY,BCS3,AIRBUS A220-300,0
landing,JFK,31R,1790678136.88,2026-09-29T10:35:36Z,40.651531,-73.776459,300.9,aca79d,N914XJ,CRJ9,BOMBARDIER Regional Jet CRJ-900,0
takeoff,LGA,31,1790678165.82,2026-09-29T10:36:05Z,40.772221,-73.857407,315.0,a5307f,N433YX,E75L,EMBRAER ERJ-170-200 (long wing),0
takeoff,LGA,31,1790678257.82,2026-09-29T10:37:37Z,40.772324,-73.857635,303.8,a0be05,N147PQ,CRJ9,BOMBARDIER Regional Jet CRJ-900,0
landing,JFK,31R,1790678330.13,2026-09-29T10:38:50Z,40.65237,-73.778296,300.9,a801d3,N615FE,MD11,MCDONNELL-DOUGLAS MD-11,0
takeoff,LGA,31,1790678352.93,2026-09-29T10:39:12Z,40.772417,-73.857854,300.9,a958d2,N701FR,A321,AIRBUS A-321,0
landing,JFK,31R,1790678449.13,2026-09-29T10:40:49Z,40.651039,-73.775391,300.9,aad213,N797AN,B772,BOEING 777-200,0
takeoff,LGA,31,1790678508.83,2026-09-29T10:41:48Z,40.77244,-73.857885,303.8,abd90c,N8623F,B738,BOEING 737-800,0
takeoff,JFK,31L,1790678540.1,2026-09-29T10:42:20Z,40.631235,-73.778905,300.9,a336e3,N306PB,B738,BOEING 737-800,0
landing,JFK,31R,1790678603.0,2026-09-29T10:43:23Z,40.65109,-73.775472,300.9,a1b2a8,N2084J,A21N,AIRBUS A-321neo,0
takeoff,JFK,31L,1790678604.3,2026-09-29T10:43:24Z,40.630642,-73.777579,300.9,ac7e1c,N904AV,A20N,,0
landing,LGA,22,1790678649.15,2026-09-29T10:44:09Z,40.776878,-73.877762,210.9,a320a6,N300PQ,CRJ9,BOMBARDIER Regional Jet CRJ-900,0
landing,JFK,31R,1790678727.25,2026-09-29T10:45:27Z,40.650936,-73.775177,300.9,a1d2dc,N2165J,A21N,AIRBUS A-321neo,0
landing,LGA,22,1790678776.0,2026-09-29T10:46:16Z,40.775862,-73.878593,210.9,ac92b1,N909XJ,CRJ9,BOMBARDIER Regional Jet CRJ-900,0
takeoff,LGA,31,1790678785.63,2026-09-29T10:46:25Z,40.772475,-73.857947,300.9,c05edd,C-GJYA,BCS3,AIRBUS A220-300,0
landing,JFK,31R,1790678828.15,2026-09-29T10:47:08Z,40.652335,-73.77825,300.9,a4fddb,N420YX,E75L,EMBRAER ERJ-170-200 (long wing),0
landing,JFK,31R,1790678910.75,2026-09-29T10:48:30Z,40.650707,-73.774673,300.9,a39be7,N3310J,,,0
landing,LGA,22,1790678958.3,2026-09-29T10:49:18Z,40.777631,-73.877142,210.9,a305aa,N294PQ,CRJ9,BOMBARDIER Regional Jet CRJ-900,0
landing,JFK,31R,1790679023.56,2026-09-29T10:50:23Z,40.649494,-73.771973,300.9,a9607d,N703JB,A320,AIRBUS A-320,0
landing,JFK,31L,1790679087.78,2026-09-29T10:51:27Z,40.638554,-73.795029,300.9,a64578,N503DZ,A21N,AIRBUS A-321neo,0
landing,LGA,22,1790679089.74,2026-09-29T10:51:29Z,40.775617,-73.878812,213.8,ada699,N979RP,E170,EMBRAER ERJ-170-100,0
takeoff,JFK,31L,1790679149.01,2026-09-29T10:52:29Z,40.630782,-73.777906,300.9,aaf53a,N805JB,A320,AIRBUS A-320,0
takeoff,JFK,31L,1790679220.91,2026-09-29T10:53:40Z,40.63068,-73.77771,300.9,a4a095,N398AV,A320,AIRBUS A-320,0
takeoff,LGA,31,1790679228.82,2026-09-29T10:53:48Z,40.772427,-73.857849,300.9,a04e60,N119HQ,E75L,EMBRAER ERJ-170-200 (long wing),0
landing,JFK,31R,1790679247.75,2026-09-29T10:54:07Z,40.650936,-73.775162,300.9,a38af8,N3272J,BCS3,AIRBUS A220-300,0
landing,JFK,31R,1790679351.71,2026-09-29T10:55:51Z,40.651288,-73.77594,300.9,a39fe4,N3322J,,,0
takeoff,LGA,31,1790679357.87,2026-09-29T10:55:57Z,40.772335,-73.857698,303.8,a43f51,N373DX,A321,AIRBUS A-321,0
landing,LGA,22,1790679374.15,2026-09-29T10:56:14Z,40.775047,-73.87928,210.9,a4bdb9,N404YX,E75L,EMBRAER ERJ-170-200 (long wing),0
landing,JFK,31R,1790679467.1,2026-09-29T10:57:47Z,40.648797,-73.770447,300.9,a85887,N637JB,A320,AIRBUS A-320,0
takeoff,LGA,31,1790679481.35,2026-09-29T10:58:01Z,40.7723,-73.857588,303.8,a09239,N136HQ,E75L,EMBRAER ERJ-170-200 (long wing),0
landing,LGA,22,1790679492.88,2026-09-29T10:58:12Z,40.775185,-73.879166,210.9,a52911,N431YX,E75L,EMBRAER ERJ-170-200 (long wing),0
takeoff,JFK,31L,1790679517.0,2026-09-29T10:58:37Z,40.63092,-73.778259,300.9,a3578a,N314VB,B38M,BOEING 737 MAX 8,0
landing,JFK,31R,1790679560.49,2026-09-29T10:59:20Z,40.651288,-73.775924,300.9,a0f4a2,N1604R,B763,BOEING 767-300,0
landing,LGA,22,1790679581.79,2026-09-29T10:59:41Z,40.774674,-73.879561,213.8,a1ba59,N210JQ,E75L,EMBRAER ERJ-170-200 (long wing),0
landing,LGA,22,1790679670.46,2026-09-29T11:01:10Z,40.774864,-73.87941,213.8,ab1d06,N815MD,E170,EMBRAER ERJ-170-100,0
landing,JFK,31R,1790679683.78,2026-09-29T11:01:23Z,40.650455,-73.774109,298.1,ac8efa,N908XJ,CRJ9,BOMBARDIER Regional Jet CRJ-900,0
landing,LGA,22,1790679744.38,2026-09-29T11:02:24Z,40.775326,-73.879046,210.9,a866c7,N640RW,E170,EMBRAER ERJ-170-100,0
takeoff,JFK,31L,1790679752.54,2026-09-29T11:02:32Z,40.630828,-73.778,300.9,a198ed,N2016J,A21N,AIRBUS A-321neo,0
landing,JFK,13R,1790679783.47,2026-09-29T11:03:03Z,40.640854,-73.797287,120.9,a1a56d,N205JQ,E75L,EMBRAER ERJ-170-200 (long wing),0
landing,JFK,31R,1790679787.39,2026-09-29T11:03:07Z,40.651302,-73.775986,300.9,ad7631,N967AK,B39M,BOEING 737 MAX 9,0
takeoff,LGA,31,1790679807.61,2026-09-29T11:03:27Z,40.772265,-73.85751,303.8,a4b64b,N402YX,E75L,EMBRAER ERJ-170-200 (long wing),0
landing,LGA,22,1790679818.99,2026-09-29T11:03:38Z,40.775454,-73.878937,210.9,a1f822,N226JQ,E75L,EMBRAER ERJ-170-200 (long wing),0
takeoff,JFK,31L,1790679832.04,2026-09-29T11:03:52Z,40.630955,-73.778275,300.9,a1a0a1,N2038J,A21N,AIRBUS A-321neo,0
takeoff,JFK,31L,1790679891.18,2026-09-29T11:04:51Z,40.630234,-73.776703,300.9,a37e5a,N324NB,A319,AIRBUS A-319,0
landing,LGA,22,1790679914.95,2026-09-29T11:05:14Z,40.778103,-73.876755,210.9,c0440e,C-FZUB,A320,AIRBUS A-320,0
landing,JFK,31R,1790679918.57,2026-09-29T11:05:18Z,40.65144,-73.776291,300.9,a0428a,N116AN,A321,AIRBUS A-321,0
takeoff,LGA,31,1790679921.72,2026-09-29T11:05:21Z,40.772461,-73.857925,300.9,adb29f,N982AN,B738,BOEING 737-800,0
takeoff,JFK,31L,1790679959.99,2026-09-29T11:05:59Z,40.630816,-73.777969,300.9,ab8b56,N843DN,B739,BOEING 737-900,0
takeoff,LGA,31,1790679984.66,2026-09-29T11:06:24Z,40.772243,-73.857468,300.9,a52cc8,N432YX,E75L,EMBRAER ERJ-170-200 (long wing),0
landing,JFK,31R,1790680003.71,2026-09-29T11:06:43Z,40.650461,-73.774098,300.9,adde95,N993JE,A321,AIRBUS A-321,0
landing,LGA,22,1790680029.29,2026-09-29T11:07:09Z,40.778904,-73.876099,210.9,a2c93f,N279PQ,CRJ9,BOMBARDIER Regional Jet CRJ-900,0
takeoff,JFK,31L,1790680054.72,2026-09-29T11:07:34Z,40.630955,-73.77829,300.9,acc23f,N921DU,B739,BOEING 737-900,0
takeoff,LGA,31,1790680081.25,2026-09-29T11:08:01Z,40.772289,-73.857557,303.8,a1ff90,N228JQ,E75L,EMBRAER ERJ-170-200 (long wing),0
landing,JFK,31R,1790680118.16,2026-09-29T11:08:38Z,40.651989,-73.777481,300.9,a4e181,N413YX,E75L,EMBRAER ERJ-170-200 (long wing),0
landing,LGA,22,1790680203.47,2026-09-29T11:10:03Z,40.77791,-73.876892,213.8,a3bdac,N340DU,BCS3,AIRBUS A220-300,0
landing,JFK,31R,1790680207.83,2026-09-29T11:10:07Z,40.651532,-73.776486,300.9,a39289,N3293J,BCS3,AIRBUS A220-300,0
takeoff,JFK,31L,1790680213.84,2026-09-29T11:10:13Z,40.630978,-73.778336,300.9,adcd6d,N989JT,A321,AIRBUS A-321,0
takeoff,LGA,31,1790680219.22,2026-09-29T11:10:19Z,40.77412,-73.861404,298.1,a15b4c,N187GJ,CRJ9,BOMBARDIER Regional Jet CRJ-900,0
takeoff,JFK,31L,1790680272.55,2026-09-29T11:11:12Z,40.630726,-73.777771,300.9,a05614,N1200K,B763,BOEING 767-300,0
takeoff,LGA,31,1790680280.86,2026-09-29T11:11:20Z,40.772507,-73.858032,303.8,a149f1,N182UW,A321,AIRBUS A-321,0
landing,JFK,31R,1790680317.79,2026-09-29T11:11:57Z,40.649461,-73.771898,300.9,a37c1c,N3232J,BCS3,,0
takeoff,JFK,31L,1790680357.93,2026-09-29T11:12:37Z,40.630177,-73.776566,300.9,a02c40,N110AN,A321,AIRBUS A-321,0
takeoff,LGA,31,1790680400.68,2026-09-29T11:13:20Z,40.772243,-73.857498,303.8,a32e8c,N304DU,BCS3,AIRBUS A220-300,0
landing,LGA,22,1790680407.86,2026-09-29T11:13:27Z,40.775288,-73.879044,213.8,a19691,N201JQ,E75L,EMBRAER ERJ-170-200 (long wing),0
landing,JFK,31R,1790680425.93,2026-09-29T11:13:45Z,40.650318,-73.773788,300.9,a7e5c1,N608JB,A320,AIRBUS A-320,0
landing,LGA,22,1790680481.86,2026-09-29T11:14:41Z,40.77848,-73.876424,210.9,a33339,N305PQ,CRJ9,BOMBARDIER Regional Jet CRJ-900,0
takeoff,LGA,31,1790680489.1,2026-09-29T11:14:49Z,40.772382,-73.85776,303.8,ac2c79,N8838Q,B38M,BOEING 737 MAX 8,0
landing,JFK,31L,1790680502.47,2026-09-29T11:15:02Z,40.63894,-73.795899,300.9,a4417d,N3731T,B738,BOEING 737-800,0
landing,JFK,31R,1790680540.42,2026-09-29T11:15:40Z,40.649752,-73.772538,300.9,a8de56,N6702,B752,BOEING 757-200,0
takeoff,JFK,31L,1790680557.27,2026-09-29T11:15:57Z,40.628838,-73.77363,300.9,a095f0,N137HQ,E75L,EMBRAER ERJ-170-200 (long wing),0
takeoff,LGA,31,1790680596.24,2026-09-29T11:16:36Z,40.772816,-73.858643,303.8,a1b449,N209JQ,E75L,EMBRAER ERJ-170-200 (long wing),0
landing,LGA,22,1790680600.92,2026-09-29T11:16:40Z,40.775024,-73.879272,208.1,a5255a,N430YX,E75L,EMBRAER ERJ-170-200 (long wing),0
landing,JFK,31R,1790680636.9,2026-09-29T11:17:16Z,40.651439,-73.776268,300.9,a349be,N3104J,BCS3,AIRBUS A220-300,0
takeoff,JFK,31L,1790680637.72,2026-09-29T11:17:17Z,40.630665,-73.777641,300.9,a79046,N587DT,A21N,AIRBUS A-321neo,0
takeoff,LGA,31,1790680661.08,2026-09-29T11:17:41Z,40.772452,-73.8579,303.8,a8a0d9,N655RW,E170,EMBRAER ERJ-170-100,0
takeoff,JFK,31L,1790680710.41,2026-09-29T11:18:30Z,40.630829,-73.778,300.9,a324ce,N301UC,B38M,BOEING 737 MAX 8,0
takeoff,LGA,31,1790680726.02,2026-09-29T11:18:46Z,40.772324,-73.85762,298.1,ac69fc,N8996Q,B38M,BOEING 737 MAX 8,0
takeoff,JFK,31L,1790680774.44,2026-09-29T11:19:34Z,40.631092,-73.77858,300.9,a02681,N109DU,BCS1,AIRBUS A220-100,0
landing,LGA,22,1790680821.73,2026-09-29T11:20:21Z,40.776821,-73.877808,210.9,a34bdc,N311PQ,CRJ9,BOMBARDIER Regional Jet CRJ-900,0
takeoff,LGA,31,1790680833.47,2026-09-29T11:20:33Z,40.772487,-73.857978,303.8,ac6f8a,N900DU,B739,BOEING 737-900,0
takeoff,JFK,31L,1790680856.83,2026-09-29T11:20:56Z,40.630371,-73.776993,300.9,a7bb77,N598DN,A21N,AIRBUS A-321neo,0
landing,JFK,31R,1790680871.52,2026-09-29T11:21:11Z,40.652309,-73.778198,300.9,ad4afb,N956AK,B39M,BOEING 737 MAX 9,0
takeoff,LGA,31,1790680903.4,2026-09-29T11:21:43Z,40.772487,-73.857963,300.9,ad8769,N971AN,B738,BOEING 737-800,0
takeoff,LGA,31,1790680967.41,2026-09-29T11:22:47Z,40.772359,-73.857713,300.9,a071c2,N128DN,A321,AIRBUS A-321,0
landing,JFK,31R,1790680979.26,2026-09-29T11:22:59Z,40.650478,-73.774155,302.4,e80474,CC-BGY,B789,BOEING 787-9 Dreamliner,0
takeoff,JFK,31L,1790681022.93,2026-09-29T11:23:42Z,40.631023,-73.778442,300.9,adc238,N986JB,A321,AIRBUS A-321,0
takeoff,LGA,31,1790681046.95,2026-09-29T11:24:06Z,40.772382,-73.857729,303.8,aa56b6,N76517,B738,BOEING 737-800,0
takeoff,JFK,31L,1790681114.01,2026-09-29T11:25:14Z,40.630909,-73.778183,300.9,a4bf95,N405DX,A339,AIRBUS A-330-900,0
takeoff,LGA,31,1790681122.29,2026-09-29T11:25:22Z,40.772498,-73.857947,300.9,ac0941,N875DN,B739,BOEING 737-900,0
landing,JFK,31R,1790681135.49,2026-09-29T11:25:35Z,40.649414,-73.771759,300.9,a7167f,N556JB,A320,AIRBUS A-320,0
takeoff,LGA,31,1790681147.79,2026-09-29T11:25:47Z,40.772266,-73.857498,337.5,c05edf,C-GJYC,BCS3,AIRBUS A220-300,0
takeoff,LGA,31,1790681247.75,2026-09-29T11:27:27Z,40.772346,-73.857605,320.6,a01b56,N106DN,A321,AIRBUS A-321,0
landing,JFK,31R,1790681251.73,2026-09-29T11:27:31Z,40.653053,-73.780289,281.2,a046f2,N117HQ,E75L,EMBRAER ERJ-170-200 (long wing),0
landing,JFK,31L,1790681254.51,2026-09-29T11:27:34Z,40.638754,-73.795494,300.9,a15ebc,N188DN,B763,BOEING 767-300,0
landing,LGA,22,1790681303.11,2026-09-29T11:28:23Z,40.77784,-73.876968,213.8,a3b124,N337PQ,CRJ9,BOMBARDIER Regional Jet CRJ-900,0
takeoff,JFK,31L,1790681316.71,2026-09-29T11:28:36Z,40.630863,-73.778076,300.9,a45051,N3771K,B738,BOEING 737-800,0
landing,JFK,31R,1790681317.52,2026-09-29T11:28:37Z,40.650959,-73.775177,300.9,738076,4X-ECF,B772,BOEING 777-200,0
takeoff,JFK,31L,1790681388.25,2026-09-29T11:29:48Z,40.630085,-73.776398,300.9,407ea1,G-DHLO,B763,BOEING 767-300,0
landing,LGA,22,1790681396.15,2026-09-29T11:29:56Z,40.776066,-73.878433,213.8,ab0a73,N810MD,E170,EMBRAER ERJ-170-100,0
takeoff,LGA,31,1790681400.76,2026-09-29T11:30:00Z,40.772463,-73.857916,303.8,a486cc,N391DA,B738,BOEING 737-800,0
takeoff,LGA,31,1790681469.82,2026-09-29T11:31:09Z,40.772507,-73.858002,303.8,a3a8c0,N335DU,BCS3,AIRBUS A220-300,0
landing,LGA,22,1790681474.54,2026-09-29T11:31:14Z,40.775253,-73.879074,210.9,a1fbd9,N227JQ,E75L,EMBRAER ERJ-170-200 (long wing),0
landing,JFK,31R,1790681483.33,2026-09-29T11:31:23Z,40.65041,-73.773987,300.9,a61173,N490PX,CRJ9,BOMBARDIER Regional Jet CRJ-900,0
takeoff,LGA,13,1790681483.61,2026-09-29T11:31:23Z,40.771649,-73.858587,123.8,a7faad,N613JB,A320,AIRBUS A-320,0
landing,JFK,31L,1790681512.68,2026-09-29T11:31:52Z,40.6383,-73.794495,300.9,ab6162,N832SK,CRJ9,BOMBARDIER Regional Jet CRJ-900,0
landing,LGA,22,1790681543.68,2026-09-29T11:32:23Z,40.775815,-73.878656,213.8,a8847f,N648RW,E170,EMBRAER ERJ-170-100,0
takeoff,LGA,31,1790681545.21,2026-09-29T11:32:25Z,40.772487,-73.857947,300.9,a44d85,N3768,B738,BOEING 737-800,0
landing,JFK,31R,1790681579.26,2026-09-29T11:32:59Z,40.650811,-73.774894,300.9,a08317,N132EV,CRJ9,BOMBARDIER Regional Jet CRJ-900,0
landing,JFK,31R,1790681651.42,2026-09-29T11:34:11Z,40.650993,-73.775253,300.9,0c6008,9Y-CUB,B38M,BOEING 737 MAX 8,0
landing,LGA,22,1790681662.17,2026-09-29T11:34:22Z,40.771881,-73.881902,210.9,a4ddca,N412YX,E75L,EMBRAER ERJ-170-200 (long wing),0
landing,JFK,13R,1790681709.07,2026-09-29T11:35:09Z,40.642501,-73.799973,129.4,a50192,N421YX,E75L,EMBRAER ERJ-170-200 (long wing),0
landing,LGA,22,1790681709.22,2026-09-29T11:35:09Z,40.775652,-73.878781,213.8,c062b8,C-GLJZ,CRJ9,BOMBARDIER Regional Jet CRJ-900,0
landing,JFK,31R,1790681773.32,2026-09-29T11:36:13Z,40.651886,-73.777252,300.9,aa4932,N762CK,B763,BOEING 767-300,0
landing,LGA,22,1790681838.65,2026-09-29T11:37:18Z,40.777235,-73.87747,210.9,abd41a,N861RW,E170,EMBRAER ERJ-170-100,0
takeoff,LGA,31,1790681839.46,2026-09-29T11:37:19Z,40.772347,-73.857682,303.8,a158c9,N186US,A321,AIRBUS A-321,0
takeoff,JFK,13L,1790681847.0,2026-09-29T11:37:27Z,40.655303,-73.781979,120.9,aa4932,N762CK,B763,BOEING 767-300,0
landing,JFK,13L,1790681868.82,2026-09-29T11:37:48Z,40.654655,-73.780533,118.1,aa4932,N762CK,B763,BOEING 767-300,0
landing,JFK,31R,1790681881.11,2026-09-29T11:38:01Z,40.650478,-73.774139,300.9,ad8bed,N972JT,A321,AIRBUS A-321,0
takeoff,JFK,31L,1790681935.16,2026-09-29T11:38:55Z,40.631184,-73.778824,300.9,a70f11,N554JB,A320,AIRBUS A-320,0
landing,LGA,22,1790681964.21,2026-09-29T11:39:24Z,40.775837,-73.878616,213.8,abd063,N860RW,E170,EMBRAER ERJ-170-100,0
takeoff,JFK,31L,1790682006.66,2026-09-29T11:40:06Z,40.630432,-73.777126,300.9,a6ffc3,N550DN,A21N,AIRBUS A-321neo,0
landing,JFK,31R,1790682012.48,2026-09-29T11:40:12Z,40.652207,-73.778015,292.5,a00ce0,N102HQ,E75L,EMBRAER ERJ-170-200 (long wing),0
landing,LGA,22,1790682042.08,2026-09-29T11:40:42Z,40.777004,-73.87767,213.8,a3c259,N341PQ,CRJ9,BOMBARDIER Regional Jet CRJ-900,0
takeoff,LGA,31,1790682052.49,2026-09-29T11:40:52Z,40.772701,-73.858429,300.9,abc07b,N8563Z,B738,BOEING 737-800,0
takeoff,JFK,31L,1790682075.33,2026-09-29T11:41:15Z,40.631058,-73.778503,300.9,a5e02d,N478PX,CRJ9,BOMBARDIER Regional Jet CRJ-900,0
landing,LGA,13,1790682076.55,2026-09-29T11:41:16Z,40.775093,-73.869058,163.1,a085a4,N13248,B738,BOEING 737-800,0
landing,JFK,31R,1790682102.81,2026-09-29T11:41:42Z,40.650421,-73.774033,300.9,a3711a,N3203J,BCS3,AIRBUS A220-300,0
takeoff,LGA,31,1790682129.88,2026-09-29T11:42:09Z,40.772521,-73.858041,300.9,a77b76,N581UW,A321,AIRBUS A-321,0
landing,LGA,22,1790682131.37,2026-09-29T11:42:11Z,40.775792,-73.878656,213.8,a89d22,N654RW,E170,EMBRAER ERJ-170-100,0
takeoff,JFK,31L,1790682135.6,2026-09-29T11:42:15Z,40.629839,-73.775831,300.9,a01880,N105NN,A321,AIRBUS A-321,0
takeoff,LGA,31,1790682197.68,2026-09-29T11:43:17Z,40.772381,-73.857773,300.9,ad1142,N941DZ,B739,,0
landing,LGA,22,1790682200.76,2026-09-29T11:43:20Z,40.775047,-73.87928,210.9,a51b93,N428YX,E75L,EMBRAER ERJ-170-200 (long wing),0
takeoff,JFK,31L,1790682215.28,2026-09-29T11:43:35Z,40.630451,-73.777161,300.9,a11eb7,N171US,A321,AIRBUS A-321,0
landing,JFK,31R,1790682217.03,2026-09-29T11:43:37Z,40.650846,-73.774957,300.9,a38237,N325PQ,CRJ9,BOMBARDIER Regional Jet CRJ-900,0
takeoff,JFK,31L,1790682290.98,2026-09-29T11:44:50Z,40.63028,-73.776794,300.9,a58873,N456AN,A21N,AIRBUS A-321neo,0
takeoff,LGA,31,1790682307.1,2026-09-29T11:45:07Z,40.772254,-73.857495,300.9,a4c8de,N407YX,E75L,EMBRAER ERJ-170-200 (long wing),0
landing,LGA,22,1790682312.34,2026-09-29T11:45:12Z,40.776048,-73.878469,210.9,acfa52,N935XJ,CRJ9,BOMBARDIER Regional Jet CRJ-900,0
landing,JFK,31R,1790682313.59,2026-09-29T11:45:13Z,40.65152,-73.776443,300.9,ab6c26,N835NN,B738,BOEING 737-800,0
takeoff,JFK,31L,1790682368.66,2026-09-29T11:46:08Z,40.630421,-73.777079,300.9,a98386,N712AL,B39M,,0
landing,LGA,22,1790682419.02,2026-09-29T11:46:59Z,40.777665,-73.877095,213.8,ace7bf,N930XJ,CRJ9,BOMBARDIER Regional Jet CRJ-900,0
takeoff,LGA,31,1790682423.81,2026-09-29T11:47:03Z,40.772463,-73.857947,303.8,a8996b,N653RW,E170,EMBRAER ERJ-170-100,0
takeoff,JFK,31L,1790682449.3,2026-09-29T11:47:29Z,40.630863,-73.778078,300.9,ab485e,N826NN,B738,BOEING 737-800,0
takeoff,LGA,31,1790682480.13,2026-09-29T11:48:00Z,40.772335,-73.857666,300.9,a8299a,N625JB,A320,AIRBUS A-320,0
landing,LGA,22,1790682516.54,2026-09-29T11:48:36Z,40.774899,-73.87941,210.9,a230d6,N240JQ,E75L,EMBRAER ERJ-170-200 (long wing),0
takeoff,JFK,31L,1790682536.38,2026-09-29T11:48:56Z,40.630726,-73.777756,300.9,a3d10f,N345NB,A319,AIRBUS A-319,0
landing,JFK,31R,1790682564.59,2026-09-29T11:49:24Z,40.651951,-73.777344,300.9,80159f,VT-AEP,B77W,BOEING 777-300ER,0
takeoff,JFK,31L,1790682619.07,2026-09-29T11:50:19Z,40.630383,-73.777023,300.9,a7133f,N555NW,B752,BOEING 757-200,0
landing,LGA,22,1790682638.82,2026-09-29T11:50:38Z,40.77523,-73.87912,210.9,a4cc95,N408YX,E75L,EMBRAER ERJ-170-200 (long wing),0
takeoff,LGA,31,1790682639.64,2026-09-29T11:50:39Z,40.772533,-73.858041,303.8,a43b91,N372DN,A321,AIRBUS A-321,0
takeoff,JFK,31L,1790682690.77,2026-09-29T11:51:30Z,40.630314,-73.776871,300.9,0aca28,HK-5378,A20N,AIRBUS A-320neo,0
landing,LGA,22,1790682713.34,2026-09-29T11:51:53Z,40.775986,-73.87851,213.8,a4795a,N388DN,A321,AIRBUS A-321,0
landing,JFK,31R,1790682718.62,2026-09-29T11:51:58Z,40.650822,-73.774918,300.9,a0f4f6,N16065,B763,BOEING 767-300,0
landing,JFK,31R,1790682849.24,2026-09-29T11:54:09Z,40.651276,-73.775924,298.1,a2000d,N228PQ,CRJ9,BOMBARDIER Regional Jet CRJ-900,0
takeoff,JFK,31L,1790682859.15,2026-09-29T11:54:19Z,40.631069,-73.778534,300.9,ad2baa,N948JB,A321,AIRBUS A-321,0
takeoff,JFK,31L,1790682922.42,2026-09-29T11:55:22Z,40.630339,-73.776923,306.6,a15795,N186GJ,CRJ9,BOMBARDIER Regional Jet CRJ-900,0
takeoff,LGA,22,1790682967.05,2026-09-29T11:56:07Z,40.771065,-73.881073,213.8,ab3d17,N823MD,E170,EMBRAER ERJ-170-100,0
landing,JFK,31R,1790682980.44,2026-09-29T11:56:20Z,40.651531,-73.776443,300.9,a1a924,N206JQ,E75L,EMBRAER ERJ-170-200 (long wing),0
takeoff,LGA,04,1790682992.06,2026-09-29T11:56:32Z,40.773594,-73.880508,33.8,a14502,N181GJ,CRJ9,BOMBARDIER Regional Jet CRJ-900,0
takeoff,JFK,31L,1790683039.5,2026-09-29T11:57:19Z,40.630176,-73.776549,300.9,a721a4,N559JB,A320,AIRBUS A-320,0
landing,JFK,31R,1790683070.12,2026-09-29T11:57:50Z,40.651337,-73.776016,300.9,add734,N991JT,A321,AIRBUS A-321,0
landing,LGA,31,1790683073.95,2026-09-29T11:57:53Z,40.776676,-73.866749,300.9,ac83d5,N905XJ,CRJ9,BOMBARDIER Regional Jet CRJ-900,0
takeoff,JFK,31L,1790683122.14,2026-09-29T11:58:42Z,40.63036,-73.776962,300.9,aca79d,N914XJ,CRJ9,BOMBARDIER Regional Jet CRJ-900,0
takeoff,LGA,04,1790683152.76,2026-09-29T11:59:12Z,40.7738,-73.88031,33.8,a33aa7,N307PQ,CRJ9,BOMBARDIER Regional Jet CRJ-900,0
landing,JFK,31R,1790683156.71,2026-09-29T11:59:16Z,40.650948,-73.775177,300.9,a1574e,N186DN,B763,BOEING 767-300,0
takeoff,JFK,31L,1790683198.54,2026-09-29T11:59:58Z,40.630623,-73.777542,300.9,a6aaba,N529DT,A21N,AIRBUS A-321neo,0
landing,LGA,31,1790683225.68,2026-09-29T12:00:25Z,40.778172,-73.871078,270.0,a07fa6,N131HQ,E75L,EMBRAER ERJ-170-200 (long wing),0
takeoff,LGA,04,1790683234.9,2026-09-29T12:00:34Z,40.77364,-73.880447,33.8,a3c51a,N342DU,,,0
landing,JFK,31R,1790683270.59,2026-09-29T12:01:10Z,40.651532,-73.776486,300.9,a81abe,N621JB,A320,AIRBUS A-320,0
takeoff,JFK,31L,1790683286.31,2026-09-29T12:01:26Z,40.630363,-73.77697,300.9,acb2c2,N917XJ,CRJ9,BOMBARDIER Regional Jet CRJ-900,0
landing,LGA,31,1790683298.84,2026-09-29T12:01:38Z,40.777491,-73.868528,300.9,abe2f6,N865RW,E170,EMBRAER ERJ-170-100,0
takeoff,LGA,04,1790683325.42,2026-09-29T12:02:05Z,40.773534,-73.880544,30.9,a320a6,N300PQ,CRJ9,BOMBARDIER Regional Jet CRJ-900,0
landing,LGA,31,1790683388.5,2026-09-29T12:03:08Z,40.776638,-73.866653,300.9,ab628c,N8323C,B738,BOEING 737-800,0
landing,JFK,31R,1790683389.42,2026-09-29T12:03:09Z,40.650902,-73.775101,300.9,ac801e,N904XJ,CRJ9,BOMBARDIER Regional Jet CRJ-900,0
takeoff,LGA,04,1790683428.09,2026-09-29T12:03:48Z,40.771843,-73.881943,30.9,a085a4,N13248,B738,BOEING 737-800,0
takeoff,JFK,31L,1790683437.92,2026-09-29T12:03:57Z,40.630428,-73.777145,300.9,a40e1c,N360UP,B763,BOEING 767-300,0
landing,JFK,31R,1790683476.67,2026-09-29T12:04:36Z,40.650433,-73.774017,298.1,a8b8ba,N661JB,A320,AIRBUS A-320,0
landing,LGA,31,1790683493.41,2026-09-29T12:04:53Z,40.777485,-73.868454,300.9,a23844,N242JQ,E75L,EMBRAER ERJ-170-200 (long wing),0
takeoff,LGA,22,1790683530.11,2026-09-29T12:05:30Z,40.770321,-73.881729,222.2,ada699,N979RP,E170,EMBRAER ERJ-170-100,0
landing,LGA,31,1790683551.74,2026-09-29T12:05:51Z,40.777256,-73.867966,303.8,a448db,N3751B,B738,BOEING 737-800,0
landing,JFK,31R,1790683558.36,2026-09-29T12:05:58Z,40.64978,-73.772598,300.9,a06e0b,N127DN,A321,AIRBUS A-321,0
takeoff,LGA,04,1790683596.55,2026-09-29T12:06:36Z,40.773685,-73.880419,30.9,a4491f,N3753,B738,BOEING 737-800,0
takeoff,JFK,31L,1790683610.21,2026-09-29T12:06:50Z,40.630726,-73.777756,300.9,adcdcc,N989NN,B738,BOEING 737-800,0
landing,LGA,31,1790683645.79,2026-09-29T12:07:25Z,40.776676,-73.866749,300.9,a301f3,N293PQ,CRJ9,BOMBARDIER Regional Jet CRJ-900,0
landing,JFK,31R,1790683658.61,2026-09-29T12:07:38Z,40.651497,-73.776377,300.9,ab4c76,N827SK,CRJ9,BOMBARDIER Regional Jet CRJ-900,0
takeoff,LGA,04,1790683692.91,2026-09-29T12:08:12Z,40.771788,-73.881964,30.9,a44969,N3755D,B738,BOEING 737-800,0
landing,JFK,31R,1790683737.84,2026-09-29T12:08:57Z,40.651405,-73.776184,300.9,ac8289,N905JB,A321,AIRBUS A-321,0
takeoff,JFK,31L,1790683756.91,2026-09-29T12:09:16Z,40.630747,-73.777813,300.9,4005bc,G-VIID,B772,BOEING 777-200,0
landing,LGA,31,1790683780.21,2026-09-29T12:09:40Z,40.7767,-73.866811,300.9,ab3d39,N823NN,B738,BOEING 737-800,0
landing,JFK,31R,1790683856.78,2026-09-29T12:10:56Z,40.650578,-73.774364,302.4,04c11c,5Y-KZF,B788,BOEING 787-8 Dreamliner,0
takeoff,JFK,31L,1790683881.03,2026-09-29T12:11:21Z,40.631061,-73.778515,300.9,a39be7,N3310J,,,0
landing,LGA,31,1790683904.56,2026-09-29T12:11:44Z,40.778096,-73.870806,278.4,abbb77,N855RW,E170,EMBRAER ERJ-170-100,0
takeoff,LGA,04,1790683923.69,2026-09-29T12:12:03Z,40.773441,-73.880607,30.9,a3411f,N309DU,BCS3,AIRBUS A220-300,0
takeoff,JFK,31L,1790683959.15,2026-09-29T12:12:39Z,40.630589,-73.777481,300.9,a3dcc2,N348TU,B38M,,0
landing,LGA,31,1790683973.71,2026-09-29T12:12:53Z,40.776649,-73.86673,298.1,a09961,N138EV,CRJ9,BOMBARDIER Regional Jet CRJ-900,0
takeoff,LGA,04,1790684016.39,2026-09-29T12:13:36Z,40.77329,-73.880716,30.9,a06461,N124US,A320,AIRBUS A-320,0
landing,JFK,31R,1790684021.3,2026-09-29T12:13:41Z,40.649903,-73.772897,300.9,acaf0b,N916XJ,CRJ9,BOMBARDIER Regional Jet CRJ-900,0
takeoff,JFK,31L,1790684070.04,2026-09-29T12:14:30Z,40.630712,-73.77775,300.9,a1ddbb,N2193J,A21N,AIRBUS A-321neo,0
landing,LGA,31,1790684105.76,2026-09-29T12:15:05Z,40.776661,-73.866714,303.8,a36994,N319PQ,CRJ9,BOMBARDIER Regional Jet CRJ-900,0
landing,JFK,31R,1790684125.23,2026-09-29T12:15:25Z,40.650307,-73.773788,300.9,aaa02c,N784JB,A320,AIRBUS A-320,0
takeoff,LGA,04,1790684129.06,2026-09-29T12:15:29Z,40.771122,-73.882523,30.9,abfb46,N871NN,B738,BOEING 737-800,0
takeoff,JFK,31L,1790684140.82,2026-09-29T12:15:40Z,40.630302,-73.77684,300.9,a014c9,N104NN,A321,AIRBUS A-321,0
takeoff,LGA,04,1790684196.86,2026-09-29T12:16:36Z,40.772541,-73.881363,30.9,a77d89,N582CA,CRJ9,BOMBARDIER Regional Jet CRJ-900,0
takeoff,LGA,04,1790684229.08,2026-09-29T12:17:09Z,40.770607,-73.88295,30.9,a2270f,N238JQ,E75L,EMBRAER ERJ-170-200 (long wing),0
landing,JFK,31L,1790684266.49,2026-09-29T12:17:46Z,40.63797,-73.793762,300.9,a9bf4b,N727TW,B752,BOEING 757-200,0
landing,LGA,31,1790684331.47,2026-09-29T12:18:51Z,40.778457,-73.870479,303.8,a03bcd,N114HQ,E75L,EMBRAER ERJ-170-200 (long wing),0
takeoff,LGA,04,1790684368.4,2026-09-29T12:19:28Z,40.773743,-73.880386,30.9,ac267c,N882NN,B738,BOEING 737-800,0
takeoff,JFK,31L,1790684369.25,2026-09-29T12:19:29Z,40.631352,-73.779155,300.9,a35592,N3139J,BCS3,AIRBUS A220-300,0
landing,LGA,31,1790684424.87,2026-09-29T12:20:24Z,40.777258,-73.867935,300.9,a08e3c,N135EV,CRJ9,BOMBARDIER Regional Jet CRJ-900,0
takeoff,JFK,31L,1790684444.68,2026-09-29T12:20:44Z,40.631142,-73.778718,300.9,a37517,N3215J,BCS3,AIRBUS A220-300,0
takeoff,LGA,04,1790684451.0,2026-09-29T12:20:51Z,40.770504,-73.883026,30.9,ab1d06,N815MD,E170,EMBRAER ERJ-170-100,0
takeoff,LGA,04,1790684497.59,2026-09-29T12:21:37Z,40.771998,-73.881808,30.9,ac3558,N886NN,B738,BOEING 737-800,0
landing,JFK,31R,1790684526.02,2026-09-29T12:22:06Z,40.651131,-73.775589,300.9,a72b6b,N561JB,A320,AIRBUS A-320,0
takeoff,LGA,22,1790684534.12,2026-09-29T12:22:14Z,40.770515,-73.881516,210.9,c05efa,C-GJZD,DH8D,DE HAVILLAND DHC-8-400 Dash 8,0
takeoff,LGA,04,1790684535.54,2026-09-29T12:22:15Z,40.771843,-73.881943,30.9,ac92b1,N909XJ,CRJ9,BOMBARDIER Regional Jet CRJ-900,0
takeoff,JFK,31L,1790684551.13,2026-09-29T12:22:31Z,40.630095,-73.776424,300.9,a47e89,N389UP,B763,BOEING 767-300,0
takeoff,JFK,31L,1790684640.35,2026-09-29T12:24:00Z,40.631115,-73.778656,300.9,a38e69,N3280J,BCS3,AIRBUS A220-300,0
landing,LGA,31,1790684664.89,2026-09-29T12:24:24Z,40.777689,-73.868871,300.9,a008c5,N101DQ,A321,AIRBUS A-321,0
takeoff,LGA,22,1790684686.44,2026-09-29T12:24:46Z,40.770447,-73.881577,219.4,a1f822,N226JQ,E75L,EMBRAER ERJ-170-200 (long wing),0
takeoff,LGA,04,1790684697.53,2026-09-29T12:24:57Z,40.772266,-73.881577,30.9,a451db,N378DN,A321,AIRBUS A-321,0
takeoff,JFK,31L,1790684713.74,2026-09-29T12:25:13Z,40.63028,-73.776764,300.9,a9b06f,N723TW,B752,BOEING 757-200,0
takeoff,JFK,31L,1790684787.31,2026-09-29T12:26:27Z,40.630543,-73.777374,300.9,ab38a1,N822DN,B739,BOEING 737-900,0
landing,LGA,31,1790684813.17,2026-09-29T12:26:53Z,40.777631,-73.868778,300.9,a23fb2,N244JQ,E75L,EMBRAER ERJ-170-200 (long wing),0
takeoff,LGA,04,1790684848.86,2026-09-29T12:27:28Z,40.773522,-73.88056,30.9,a689b8,N520JB,A320,AIRBUS A-320,0
landing,JFK,31R,1790684858.18,2026-09-29T12:27:38Z,40.6523,-73.778499,275.6,a19a48,N202JQ,E75L,EMBRAER ERJ-170-200 (long wing),0
takeoff,JFK,31L,1790684885.87,2026-09-29T12:28:05Z,40.630085,-73.776382,300.9,a1412e,N180FE,B763,BOEING 767-300,0
landing,LGA,31,1790684962.43,2026-09-29T12:29:22Z,40.776758,-73.866936,295.3,a130cb,N176PQ,CRJ9,BOMBARDIER Regional Jet CRJ-900,0
takeoff,LGA,04,1790684995.84,2026-09-29T12:29:55Z,40.772358,-73.881531,30.9,adcca6,N989AU,A321,AIRBUS A-321,0
landing,JFK,31R,1790684999.27,2026-09-29T12:29:59Z,40.651358,-73.776096,298.1,a1094c,N166PQ,CRJ9,BOMBARDIER Regional Jet CRJ-900,0
takeoff,JFK,31L,1790685013.92,2026-09-29T12:30:13Z,40.63077,-73.777859,300.9,a32893,N302US,B38M,BOEING 737 MAX 8,0
takeoff,LGA,04,1790685034.0,2026-09-29T12:30:34Z,40.771843,-73.881927,30.9,a2b47f,N27334,B38M,BOEING 737 MAX 8,0
takeoff,LGA,04,1790685079.66,2026-09-29T12:31:19Z,40.772564,-73.881332,28.1,a17c12,N195PQ,CRJ9,BOMBARDIER Regional Jet CRJ-900,0
takeoff,JFK,31L,1790685102.31,2026-09-29T12:31:42Z,40.630428,-73.77713,300.9,a64578,N503DZ,A21N,AIRBUS A-321neo,0
takeoff,LGA,22,1790685144.42,2026-09-29T12:32:24Z,40.770159,-73.881917,225.0,a8847f,N648RW,E170,EMBRAER ERJ-170-100,0
takeoff,LGA,04,1790685151.42,2026-09-29T12:32:31Z,40.773445,-73.880615,30.9,a2c93f,N279PQ,CRJ9,BOMBARDIER Regional Jet CRJ-900,0
takeoff,JFK,31L,1790685189.42,2026-09-29T12:33:09Z,40.630783,-73.777893,300.9,0d113a,XA-AMH,B38M,BOEING 737 MAX 8,0
takeoff,LGA,04,1790685219.52,2026-09-29T12:33:39Z,40.772369,-73.881485,30.9,a0b826,N14539,A21N,,0
landing,JFK,31R,1790685221.42,2026-09-29T12:33:41Z,40.649632,-73.772293,298.1,a31486,N298PQ,CRJ9,BOMBARDIER Regional Jet CRJ-900,0
takeoff,JFK,31L,1790685310.69,2026-09-29T12:35:10Z,40.631387,-73.779217,299.6,406d4d,G-VSPY,B789,BOEING 787-9 Dreamliner,0
landing,JFK,31R,1790685320.67,2026-09-29T12:35:20Z,40.651288,-73.775893,300.9,896476,A6-EUL,A388,AIRBUS A-380-800,0
landing,LGA,31,1790685327.93,2026-09-29T12:35:27Z,40.776711,-73.866827,300.9,a33e5e,N308PQ,CRJ9,BOMBARDIER Regional Jet CRJ-900,0
takeoff,LGA,04,1790685368.34,2026-09-29T12:36:08Z,40.773594,-73.880493,30.9,a34e9d,N312DU,BCS3,AIRBUS A220-300,0
takeoff,LGA,22,1790685381.14,2026-09-29T12:36:21Z,40.769703,-73.882492,225.0,a89d22,N654RW,E170,EMBRAER ERJ-170-100,0
takeoff,LGA,04,1790685434.94,2026-09-29T12:37:14Z,40.771032,-73.882604,30.9,a34bdc,N311PQ,CRJ9,BOMBARDIER Regional Jet CRJ-900,0
takeoff,JFK,31L,1790685447.24,2026-09-29T12:37:27Z,40.630005,-73.776199,300.9,adb35c,N982JB,A321,AIRBUS A-321,0
landing,JFK,31R,1790685498.28,2026-09-29T12:38:18Z,40.652355,-73.778244,300.9,e8040c,CC-CXJ,B763,BOEING 767-300,0
takeoff,LGA,22,1790685510.93,2026-09-29T12:38:30Z,40.77047,-73.881561,213.8,a866c7,N640RW,E170,EMBRAER ERJ-170-100,0
takeoff,JFK,31L,1790685529.62,2026-09-29T12:38:49Z,40.630537,-73.777344,300.9,a01fee,N107NN,A321,AIRBUS A-321,0
landing,LGA,31,1790685532.79,2026-09-29T12:38:52Z,40.778445,-73.870479,300.9,a4b294,N401YX,E75L,EMBRAER ERJ-170-200 (long wing),0
landing,JFK,31R,1790685591.29,2026-09-29T12:39:51Z,40.651497,-73.776393,300.9,06a1bb,A7-BEE,B77W,BOEING 777-300ER,0
takeoff,JFK,31L,1790685610.89,2026-09-29T12:40:10Z,40.63056,-73.777407,300.9,a9acb8,N722TW,B752,BOEING 757-200,0
landing,LGA,31,1790685632.59,2026-09-29T12:40:32Z,40.777898,-73.869527,292.5,a50549,N422YX,E75L,EMBRAER ERJ-170-200 (long wing),0
takeoff,LGA,04,1790685661.29,2026-09-29T12:41:01Z,40.772358,-73.8815,30.9,ac1698,N8781Q,B38M,BOEING 737 MAX 8,0
takeoff,LGA,22,1790685693.32,2026-09-29T12:41:33Z,40.769714,-73.882477,225.0,a230d6,N240JQ,E75L,EMBRAER ERJ-170-200 (long wing),0
takeoff,JFK,31L,1790685696.47,2026-09-29T12:41:36Z,40.630747,-73.777813,300.9,7804c6,B-2071,B77L,BOEING 777-200LR,0
takeoff,LGA,31,1790685715.73,2026-09-29T12:41:55Z,40.777164,-73.87149,303.8,a50549,N422YX,E75L,EMBRAER ERJ-170-200 (long wing),0
landing,LGA,31,1790685717.33,2026-09-29T12:41:57Z,40.77721,-73.871582,303.8,a50549,N422YX,E75L,EMBRAER ERJ-170-200 (long wing),0
landing,LGA,31,1790685721.83,2026-09-29T12:42:01Z,40.777456,-73.868341,303.8,c060bb,C-GKQK,E295,EMBRAER ERJ-190-400,0
landing,JFK,31R,1790685762.72,2026-09-29T12:42:42Z,40.651265,-73.775909,300.9,a21bea,N235JQ,E75L,EMBRAER ERJ-170-200 (long wing),0
landing,LGA,31,1790685786.68,2026-09-29T12:43:06Z,40.776979,-73.867389,303.8,a445d9,N3746H,B738,BOEING 737-800,0
landing,JFK,31L,1790685837.96,2026-09-29T12:43:57Z,40.638195,-73.794245,299.6,a47227,N386FX,E55P,EMBRAER EMB-505 Phenom 300,0
takeoff,JFK,31L,1790685885.46,2026-09-29T12:44:45Z,40.628815,-73.773575,300.9,a046f2,N117HQ,E75L,EMBRAER ERJ-170-200 (long wing),0
landing,LGA,31,1790685887.17,2026-09-29T12:44:47Z,40.776676,-73.866749,303.8,c0850c,C-GYJZ,DH8D,DE HAVILLAND DHC-8-400 Dash 8,0
landing,JFK,31R,1790685915.91,2026-09-29T12:45:15Z,40.65024,-73.773615,300.9,a0ba4e,N146PQ,CRJ9,BOMBARDIER Regional Jet CRJ-900,0
takeoff,JFK,31L,1790685964.65,2026-09-29T12:46:04Z,40.630293,-73.776845,300.9,a797b4,N589DT,A21N,AIRBUS A-321neo,0
landing,LGA,31,1790685971.38,2026-09-29T12:46:11Z,40.77673,-73.866882,300.9,a37e80,N324PQ,CRJ9,BOMBARDIER Regional Jet CRJ-900,0
takeoff,JFK,31L,1790686037.71,2026-09-29T12:47:17Z,40.630817,-73.777985,300.9,a85887,N637JB,A320,AIRBUS A-320,0
landing,LGA,31,1790686052.48,2026-09-29T12:47:32Z,40.77895,-73.87149,303.8,a24369,N245JQ,E75L,EMBRAER ERJ-170-200 (long wing),0
landing,JFK,31R,1790686079.31,2026-09-29T12:47:59Z,40.652335,-73.778218,300.9,a01805,N105HQ,E75L,EMBRAER ERJ-170-200 (long wing),0
landing,LGA,31,1790686103.68,2026-09-29T12:48:23Z,40.776909,-73.867279,303.8,ad3098,N949WN,B737,BOEING 737-700,0
takeoff,JFK,31L,1790686111.26,2026-09-29T12:48:31Z,40.628733,-73.773381,300.9,a4e181,N413YX,E75L,EMBRAER ERJ-170-200 (long wing),0
takeoff,LGA,04,1790686143.55,2026-09-29T12:49:03Z,40.773813,-73.88031,33.8,a305aa,N294PQ,CRJ9,BOMBARDIER Regional Jet CRJ-900,0
takeoff,LGA,22,1790686164.63,2026-09-29T12:49:24Z,40.770641,-73.884415,208.1,a52911,N431YX,E75L,EMBRAER ERJ-170-200 (long wing),0
landing,JFK,31R,1790686181.41,2026-09-29T12:49:41Z,40.648808,-73.770493,300.9,ab53e4,N829SK,CRJ9,BOMBARDIER Regional Jet CRJ-900,0
takeoff,JFK,31L,1790686183.49,2026-09-29T12:49:43Z,40.630486,-73.777252,300.9,a75da2,N574DT,A21N,AIRBUS A-321neo,0
landing,LGA,31,1790686204.96,2026-09-29T12:50:04Z,40.777267,-73.868027,303.8,ac159a,N878RW,E170,EMBRAER ERJ-170-100,0
takeoff,LGA,04,1790686226.15,2026-09-29T12:50:26Z,40.771253,-73.882417,33.8,a3b124,N337PQ,CRJ9,BOMBARDIER Regional Jet CRJ-900,0
takeoff,JFK,31L,1790686256.34,2026-09-29T12:50:56Z,40.630549,-73.777391,300.9,a0428a,N116AN,A321,AIRBUS A-321,0
takeoff,LGA,22,1790686275.93,2026-09-29T12:51:15Z,40.770415,-73.881621,216.6,a546c9,N439YX,E75L,EMBRAER ERJ-170-200 (long wing),0
takeoff,LGA,22,1790686281.34,2026-09-29T12:51:21Z,40.769705,-73.882495,225.0,a1ba59,N210JQ,E75L,EMBRAER ERJ-170-200 (long wing),0
landing,LGA,31,1790686288.28,2026-09-29T12:51:28Z,40.777072,-73.867592,303.8,a32c3e,N303UE,B38M,,0
takeoff,LGA,04,1790686325.41,2026-09-29T12:52:05Z,40.771637,-73.882105,30.9,a0d374,N152UW,A321,AIRBUS A-321,0
takeoff,JFK,31L,1790686336.01,2026-09-29T12:52:16Z,40.630758,-73.777875,300.9,acc5fb,N922DZ,B739,BOEING 737-900,0
takeoff,LGA,22,1790686372.11,2026-09-29T12:52:52Z,40.770648,-73.881418,213.8,ab0a73,N810MD,E170,EMBRAER ERJ-170-100,0
landing,LGA,31,1790686405.91,2026-09-29T12:53:25Z,40.776641,-73.866686,303.8,a3b3e5,N338DU,BCS3,AIRBUS A220-300,0
takeoff,JFK,31L,1790686428.29,2026-09-29T12:53:48Z,40.630456,-73.777188,300.9,a3897f,N327NB,A319,AIRBUS A-319,0
landing,JFK,31R,1790686480.75,2026-09-29T12:54:40Z,40.649821,-73.772663,299.6,e8027a,CC-BBF,B788,BOEING 787-8 Dreamliner,0
takeoff,JFK,31L,1790686496.05,2026-09-29T12:54:56Z,40.630979,-73.778359,300.9,3c68cb,D-AJFK,A333,AIRBUS A-330-300,0
takeoff,JFK,31L,1790686604.84,2026-09-29T12:56:44Z,40.630829,-73.777969,300.9,abc1bc,N857DZ,B739,BOEING 737-900,0
landing,LGA,31,1790686623.12,2026-09-29T12:57:03Z,40.776979,-73.867373,303.8,a3dc5a,N348PQ,CRJ9,BOMBARDIER Regional Jet CRJ-900,0
takeoff,JFK,31L,1790686655.24,2026-09-29T12:57:35Z,40.628815,-73.77356,300.9,a50192,N421YX,E75L,EMBRAER ERJ-170-200 (long wing),0
landing,JFK,31R,1790686682.08,2026-09-29T12:58:02Z,40.649658,-73.772335,300.9,acfe09,N936XJ,CRJ9,BOMBARDIER Regional Jet CRJ-900,0
landing,LGA,31,1790686704.59,2026-09-29T12:58:24Z,40.77784,-73.869171,303.8,a35b42,N315VC,B38M,BOEING 737 MAX 8,0
takeoff,JFK,31L,1790686730.25,2026-09-29T12:58:50Z,40.630642,-73.777594,300.9,acad53,N916DU,B739,BOEING 737-900,0
takeoff,LGA,04,1790686743.3,2026-09-29T12:59:03Z,40.772021,-73.881777,30.9,c0440e,C-FZUB,A320,AIRBUS A-320,0
takeoff,JFK,31L,1790686821.46,2026-09-29T13:00:21Z,40.630428,-73.777115,300.9,a6d83c,N540DE,A21N,AIRBUS A-321neo,0
landing,LGA,31,1790686839.49,2026-09-29T13:00:39Z,40.777491,-73.868481,300.9,abd7d1,N862RW,E170,EMBRAER ERJ-170-100,0
landing,LGA,31,1790686905.79,2026-09-29T13:01:45Z,40.777398,-73.868216,300.9,a05dbc,N12218,B738,BOEING 737-800,0
takeoff,LGA,04,1790686937.41,2026-09-29T13:02:17Z,40.772644,-73.881271,30.9,acfa52,N935XJ,CRJ9,BOMBARDIER Regional Jet CRJ-900,0
takeoff,JFK,31L,1790686961.65,2026-09-29T13:02:41Z,40.630223,-73.776689,300.9,a0f4a2,N1604R,B763,BOEING 767-300,0
landing,LGA,31,1790687023.54,2026-09-29T13:03:43Z,40.778149,-73.869858,300.9,a4ba02,N403YX,E75L,EMBRAER ERJ-170-200 (long wing),0
takeoff,LGA,04,1790687059.76,2026-09-29T13:04:19Z,40.773743,-73.880372,30.9,c062b8,C-GLJZ,CRJ9,BOMBARDIER Regional Jet CRJ-900,0
takeoff,JFK,31L,1790687065.56,2026-09-29T13:04:25Z,40.630268,-73.776779,300.9,a6692d,N512DE,A21N,AIRBUS A-321neo,0
takeoff,LGA,22,1790687080.85,2026-09-29T13:04:40Z,40.770683,-73.881387,210.9,a5255a,N430YX,E75L,EMBRAER ERJ-170-200 (long wing),0
takeoff,LGA,22,1790687101.14,2026-09-29T13:05:01Z,40.771032,-73.881075,210.9,abe2f6,N865RW,E170,EMBRAER ERJ-170-100,0
landing,LGA,31,1790687111.12,2026-09-29T13:05:11Z,40.777305,-73.868075,300.9,ab2496,N817NN,B738,BOEING 737-800,0
takeoff,LGA,04,1790687142.51,2026-09-29T13:05:42Z,40.771963,-73.881839,33.8,a3c259,N341PQ,CRJ9,BOMBARDIER Regional Jet CRJ-900,0
takeoff,JFK,31L,1790687144.69,2026-09-29T13:05:44Z,40.628666,-73.773224,300.9,a4fddb,N420YX,E75L,EMBRAER ERJ-170-200 (long wing),0
takeoff,JFK,22L,1790687215.93,2026-09-29T13:06:55Z,40.629373,-73.770946,210.9,a1a56d,N205JQ,E75L,EMBRAER ERJ-170-200 (long wing),0
landing,JFK,22L,1790687218.55,2026-09-29T13:06:58Z,40.629364,-73.770966,210.9,a1a56d,N205JQ,E75L,EMBRAER ERJ-170-200 (long wing),0
takeoff,JFK,31L,1790687219.81,2026-09-29T13:06:59Z,40.630314,-73.776871,300.9,a4c9f8,N4077J,A21N,AIRBUS A-321neo,0
takeoff,LGA,04,1790687220.09,2026-09-29T13:07:00Z,40.772428,-73.881449,30.9,ace7bf,N930XJ,CRJ9,BOMBARDIER Regional Jet CRJ-900,0
landing,JFK,31R,1790687235.26,2026-09-29T13:07:15Z,40.649961,-73.77299,300.9,a6152a,N491PX,CRJ9,BOMBARDIER Regional Jet CRJ-900,0
takeoff,LGA,04,1790687262.89,2026-09-29T13:07:42Z,40.770596,-73.88295,30.9,a1fbd9,N227JQ,E75L,EMBRAER ERJ-170-200 (long wing),0
takeoff,LGA,22,1790687279.62,2026-09-29T13:07:59Z,40.770368,-73.881652,219.4,a4cc95,N408YX,E75L,EMBRAER ERJ-170-200 (long wing),0
takeoff,JFK,31L,1790687321.61,2026-09-29T13:08:41Z,40.631012,-73.778412,300.9,ab6162,N832SK,CRJ9,BOMBARDIER Regional Jet CRJ-900,0
landing,LGA,31,1790687367.69,2026-09-29T13:09:27Z,40.777118,-73.867623,300.9,a44e18,N377DA,B738,BOEING 737-800,0
takeoff,LGA,22,1790687381.97,2026-09-29T13:09:41Z,40.770664,-73.881393,213.8,a4ddca,N412YX,E75L,EMBRAER ERJ-170-200 (long wing),0
takeoff,JFK,31L,1790687387.09,2026-09-29T13:09:47Z,40.628735,-73.773407,300.9,a1a56d,N205JQ,E75L,EMBRAER ERJ-170-200 (long wing),0
takeoff,LGA,22,1790687387.98,2026-09-29T13:09:47Z,40.770149,-73.881912,225.0,abd063,N860RW,E170,EMBRAER ERJ-170-100,0
landing,JFK,31R,1790687442.27,2026-09-29T13:10:42Z,40.649666,-73.772339,300.9,ac791d,N9021H,A319,AIRBUS A-319,0
takeoff,JFK,31L,1790687469.1,2026-09-29T13:11:09Z,40.630363,-73.77697,300.9,a7c7a2,N600DZ,A21N,AIRBUS A-321neo,0
landing,LGA,31,1790687501.05,2026-09-29T13:11:41Z,40.778562,-73.870681,300.9,a22ac6,N239JQ,E75L,EMBRAER ERJ-170-200 (long wing),0
takeoff,JFK,31L,1790687541.6,2026-09-29T13:12:21Z,40.630268,-73.776764,303.8,a61173,N490PX,CRJ9,BOMBARDIER Regional Jet CRJ-900,0
landing,LGA,31,1790687576.64,2026-09-29T13:12:56Z,40.777405,-73.868271,300.9,a0669d,N125DN,A321,AIRBUS A-321,0
takeoff,JFK,31L,1790687606.28,2026-09-29T13:13:26Z,40.630165,-73.776533,303.8,a38237,N325PQ,CRJ9,BOMBARDIER Regional Jet CRJ-900,0
takeoff,JFK,31L,1790687686.73,2026-09-29T13:14:46Z,40.630669,-73.777649,300.9,a12861,N174DN,B763,BOEING 767-300,0
landing,JFK,31R,1790687710.1,2026-09-29T13:15:10Z,40.650455,-73.774063,300.9,71c382,HL8382,A359,AIRBUS A-350-900,0
takeoff,LGA,04,1790687753.79,2026-09-29T13:15:53Z,40.772873,-73.881073,30.9,ac83d5,N905XJ,CRJ9,BOMBARDIER Regional Jet CRJ-900,0
takeoff,JFK,31L,1790687780.77,2026-09-29T13:16:20Z,40.630302,-73.77684,300.9,a08317,N132EV,CRJ9,BOMBARDIER Regional Jet CRJ-900,0
landing,LGA,31,1790687799.48,2026-09-29T13:16:39Z,40.776672,-73.86673,300.9,a46a7e,N384DN,A321,AIRBUS A-321,0
takeoff,JFK,31L,1790687843.0,2026-09-29T13:17:23Z,40.630669,-73.777649,300.9,a4417d,N3731T,B738,BOEING 737-800,0
takeoff,LGA,04,1790687858.42,2026-09-29T13:17:38Z,40.773525,-73.880539,30.9,a3bdac,N340DU,BCS3,AIRBUS A220-300,0
takeoff,LGA,22,1790687876.41,2026-09-29T13:17:56Z,40.770687,-73.884384,210.9,a4bdb9,N404YX,E75L,EMBRAER ERJ-170-200 (long wing),0
landing,LGA,31,1790687899.42,2026-09-29T13:18:19Z,40.777233,-73.86792,298.1,a148b9,N182GJ,CRJ9,BOMBARDIER Regional Jet CRJ-900,0
takeoff,JFK,31L,1790687909.65,2026-09-29T13:18:29Z,40.629792,-73.775706,300.9,ac8efa,N908XJ,CRJ9,BOMBARDIER Regional Jet CRJ-900,0
takeoff,LGA,04,1790687934.89,2026-09-29T13:18:54Z,40.772603,-73.881309,28.1,a33339,N305PQ,CRJ9,BOMBARDIER Regional Jet CRJ-900,0
takeoff,LGA,22,1790687993.9,2026-09-29T13:19:53Z,40.770412,-73.881622,216.6,a23844,N242JQ,E75L,EMBRAER ERJ-170-200 (long wing),0
landing,LGA,31,1790687999.06,2026-09-29T13:19:59Z,40.778899,-73.87143,300.9,ac1951,N879RW,E170,EMBRAER ERJ-170-100,0
takeoff,JFK,31L,1790688000.37,2026-09-29T13:20:00Z,40.629936,-73.776047,300.9,a15ebc,N188DN,B763,BOEING 767-300,0
takeoff,LGA,04,1790688014.14,2026-09-29T13:20:14Z,40.770322,-73.883181,30.9,a51b93,N428YX,E75L,EMBRAER ERJ-170-200 (long wing),0
landing,LGA,31,1790688076.55,2026-09-29T13:21:16Z,40.7777,-73.868934,303.8,ab282b,N818MD,E170,EMBRAER ERJ-170-100,0
takeoff,JFK,31L,1790688097.29,2026-09-29T13:21:37Z,40.630165,-73.776549,300.9,a1b2a8,N2084J,A21N,AIRBUS A-321neo,0
landing,JFK,31R,1790688115.75,2026-09-29T13:21:55Z,40.651998,-73.777469,300.9,a1c1c7,N212JQ,E75L,EMBRAER ERJ-170-200 (long wing),0
takeoff,LGA,22,1790688116.99,2026-09-29T13:21:56Z,40.770322,-73.88173,222.2,a19691,N201JQ,E75L,EMBRAER ERJ-170-200 (long wing),0
landing,LGA,31,1790688129.98,2026-09-29T13:22:09Z,40.776707,-73.866806,303.8,a03038,N111DC,A321,AIRBUS A-321,0
takeoff,LGA,04,1790688163.64,2026-09-29T13:22:43Z,40.771797,-73.881973,30.9,ab628c,N8323C,B738,BOEING 737-800,0
takeoff,JFK,31L,1790688170.97,2026-09-29T13:22:50Z,40.630234,-73.776718,300.9,acaf0b,N916XJ,CRJ9,BOMBARDIER Regional Jet CRJ-900,0
landing,JFK,31R,1790688201.87,2026-09-29T13:23:21Z,40.651334,-73.776018,300.9,896596,A6-XWA,A35K,AIRBUS A-350-1000,0
takeoff,JFK,31L,1790688237.59,2026-09-29T13:23:57Z,40.630502,-73.777266,300.9,a9607d,N703JB,A320,AIRBUS A-320,0
landing,LGA,31,1790688237.94,2026-09-29T13:23:57Z,40.778503,-73.870588,298.1,ac0a75,N875RW,E170,EMBRAER ERJ-170-100,0
takeoff,LGA,04,1790688260.3,2026-09-29T13:24:20Z,40.770974,-73.882651,30.9,a3efa2,N35271,B738,BOEING 737-800,0
landing,LGA,31,1790688318.41,2026-09-29T13:25:18Z,40.777444,-73.868325,300.9,c0192e,C-FJNX,A321,AIRBUS A-321,0
takeoff,JFK,31L,1790688321.15,2026-09-29T13:25:21Z,40.630085,-73.776337,300.9,a50a88,N424AN,A21N,AIRBUS A-321neo,0
landing,JFK,31R,1790688411.74,2026-09-29T13:26:51Z,40.651136,-73.775612,300.9,a38b61,N3275J,BCS3,AIRBUS A220-300,0
landing,LGA,31,1790688416.59,2026-09-29T13:26:56Z,40.776672,-73.866745,303.8,acddf8,N928XJ,CRJ9,BOMBARDIER Regional Jet CRJ-900,0
takeoff,JFK,31L,1790688427.48,2026-09-29T13:27:07Z,40.631212,-73.778843,300.9,a45fb1,N381HA,A332,AIRBUS A-330-200,0
takeoff,JFK,31L,1790688553.63,2026-09-29T13:29:13Z,40.63063,-73.777547,300.9,a1a0c4,N2039J,A21N,AIRBUS A-321neo,0
takeoff,JFK,31R,1790688572.5,2026-09-29T13:29:32Z,40.648413,-73.776939,264.4,a38b61,N3275J,BCS3,AIRBUS A220-300,0
landing,LGA,31,1790688587.42,2026-09-29T13:29:47Z,40.778212,-73.87232,303.8,ab4b30,N827DJ,SR22,,0
landing,LGA,31,1790688619.96,2026-09-29T13:30:19Z,40.777771,-73.869049,300.9,ad402f,N953DZ,B739,,0
landing,JFK,31R,1790688632.26,2026-09-29T13:30:32Z,40.650925,-73.775131,300.9,ab6020,N832DN,B739,BOEING 737-900,0
takeoff,JFK,31L,1790688657.32,2026-09-29T13:30:57Z,40.630428,-73.77713,300.9,a362b2,N317VE,B38M,BOEING 737 MAX 8,0
takeoff,LGA,04,1790688661.59,2026-09-29T13:31:01Z,40.771486,-73.88223,30.9,addb4a,N992NN,B738,BOEING 737-800,0
takeoff,JFK,31L,1790688720.48,2026-09-29T13:32:00Z,40.630348,-73.776962,295.3,a2000d,N228PQ,CRJ9,BOMBARDIER Regional Jet CRJ-900,0
landing,LGA,31,1790688760.83,2026-09-29T13:32:40Z,40.777737,-73.869064,298.1,a4f7cb,N419YX,E75L,EMBRAER ERJ-170-200 (long wing),0
takeoff,JFK,31L,1790688782.25,2026-09-29T13:33:02Z,40.630258,-73.776736,300.9,a3b186,N337TN,B38M,BOEING 737 MAX 8,0
landing,JFK,31R,1790688783.69,2026-09-29T13:33:03Z,40.650867,-73.775009,300.9,a7bfa0,N599JB,A320,AIRBUS A-320,0
landing,LGA,31,1790688815.42,2026-09-29T13:33:35Z,40.776581,-73.866547,300.9,ab1890,N814DN,B739,BOEING 737-900,0
takeoff,LGA,04,1790688855.12,2026-09-29T13:34:15Z,40.771043,-73.882588,30.9,acfc00,N936AN,B738,BOEING 737-800,0
takeoff,LGA,22,1790688887.82,2026-09-29T13:34:47Z,40.770473,-73.881543,213.8,a07fa6,N131HQ,E75L,EMBRAER ERJ-170-200 (long wing),0
landing,LGA,31,1790688909.01,2026-09-29T13:35:09Z,40.776606,-73.86664,303.8,c07e32,C-GVUN,BCS3,AIRBUS A220-300,0
takeoff,LGA,04,1790688945.22,2026-09-29T13:35:45Z,40.771397,-73.882278,30.9,a4795a,N388DN,A321,AIRBUS A-321,0
takeoff,JFK,31L,1790688954.03,2026-09-29T13:35:54Z,40.631023,-73.778427,300.9,ac801e,N904XJ,CRJ9,BOMBARDIER Regional Jet CRJ-900,0
landing,LGA,31,1790689011.2,2026-09-29T13:36:51Z,40.777771,-73.86908,300.9,ac5312,N89315,E75L,EMBRAER ERJ-170-200 (long wing),0
takeoff,LGA,04,1790689033.98,2026-09-29T13:37:13Z,40.771323,-73.882354,30.9,a301f3,N293PQ,CRJ9,BOMBARDIER Regional Jet CRJ-900,0
takeoff,LGA,22,1790689048.87,2026-09-29T13:37:28Z,40.770706,-73.881356,213.8,a03bcd,N114HQ,E75L,EMBRAER ERJ-170-200 (long wing),0
takeoff,JFK,31L,1790689052.72,2026-09-29T13:37:32Z,40.630486,-73.777206,300.9,ab6c26,N835NN,B738,BOEING 737-800,0
landing,JFK,31R,1790689076.15,2026-09-29T13:37:56Z,40.649391,-73.771742,300.9,a441c9,N3733Z,B738,BOEING 737-800,0
takeoff,JFK,31L,1790689119.18,2026-09-29T13:38:39Z,40.630703,-73.77774,300.9,0c6008,9Y-CUB,B38M,BOEING 737 MAX 8,0
landing,LGA,31,1790689129.62,2026-09-29T13:38:49Z,40.777336,-73.868149,300.9,a4c170,N405YX,E75L,EMBRAER ERJ-170-200 (long wing),0
takeoff,JFK,31L,1790689170.19,2026-09-29T13:39:30Z,40.630304,-73.776845,300.9,a37c1c,N3232J,BCS3,,0
landing,LGA,31,1790689177.55,2026-09-29T13:39:37Z,40.776909,-73.867233,300.9,a3e011,N349PQ,CRJ9,BOMBARDIER Regional Jet CRJ-900,0
takeoff,JFK,31L,1790689235.81,2026-09-29T13:40:35Z,40.630421,-73.777095,300.9,adde95,N993JE,A321,AIRBUS A-321,0
landing,LGA,31,1790689266.59,2026-09-29T13:41:06Z,40.777537,-73.868575,303.8,aca594,N914AN,B738,BOEING 737-800,0
takeoff,LGA,04,1790689281.06,2026-09-29T13:41:21Z,40.769497,-73.883865,30.9,abbb77,N855RW,E170,EMBRAER ERJ-170-100,0
takeoff,JFK,31L,1790689310.6,2026-09-29T13:41:50Z,40.630314,-73.77684,300.9,0c20b4,HP-1844CMP,B738,BOEING 737-800,0
landing,LGA,31,1790689347.39,2026-09-29T13:42:27Z,40.776501,-73.866394,303.8,a3b79c,N339DU,,,0
takeoff,JFK,31L,1790689359.87,2026-09-29T13:42:39Z,40.629913,-73.77597,300.9,adabfe,N980JT,A321,AIRBUS A-321,0
landing,LGA,31,1790689425.78,2026-09-29T13:43:45Z,40.777084,-73.867599,303.8,ac3a38,N8870K,B38M,BOEING 737 MAX 8,0
takeoff,JFK,31L,1790689473.63,2026-09-29T13:44:33Z,40.633796,-73.784523,300.9,a8de56,N6702,B752,BOEING 757-200,0
landing,JFK,31R,1790689489.93,2026-09-29T13:44:49Z,40.650982,-73.775208,300.9,a68d6f,N521JB,A320,AIRBUS A-320,0
landing,LGA,31,1790689523.43,2026-09-29T13:45:23Z,40.777771,-73.869064,300.9,a33afd,N307TA,B38M,BOEING 737 MAX 8,0
takeoff,LGA,22,1790689529.48,2026-09-29T13:45:29Z,40.770664,-73.881393,213.8,a23fb2,N244JQ,E75L,EMBRAER ERJ-170-200 (long wing),0
takeoff,LGA,04,1790689556.51,2026-09-29T13:45:56Z,40.772644,-73.881287,30.9,a09961,N138EV,CRJ9,BOMBARDIER Regional Jet CRJ-900,0
takeoff,LGA,22,1790689562.79,2026-09-29T13:46:02Z,40.773319,-73.882401,174.4,ab4b30,N827DJ,SR22,,0
takeoff,JFK,31L,1790689580.1,2026-09-29T13:46:20Z,40.633839,-73.784653,299.6,a47227,N386FX,E55P,EMBRAER EMB-505 Phenom 300,0
landing,LGA,31,1790689618.3,2026-09-29T13:46:58Z,40.776661,-73.86673,303.8,ab6519,N833SK,CRJ9,BOMBARDIER Regional Jet CRJ-900,0
takeoff,JFK,31L,1790689641.43,2026-09-29T13:47:21Z,40.630374,-73.777017,300.9,ad6f93,N965JT,A321,AIRBUS A-321,0
takeoff,JFK,31L,1790689699.08,2026-09-29T13:48:19Z,40.630188,-73.776595,300.9,a06e0b,N127DN,A321,AIRBUS A-321,0
landing,LGA,31,1790689734.08,2026-09-29T13:48:54Z,40.777142,-73.867737,303.8,a53ba4,N436YX,E75L,EMBRAER ERJ-170-200 (long wing),0
takeoff,JFK,31L,1790689831.73,2026-09-29T13:50:31Z,40.630817,-73.777985,300.9,ab4c76,N827SK,CRJ9,BOMBARDIER Regional Jet CRJ-900,0
landing,LGA,31,1790689836.81,2026-09-29T13:50:36Z,40.777677,-73.868887,300.9,ac1f61,N880RW,E170,EMBRAER ERJ-170-100,0
takeoff,LGA,04,1790689870.81,2026-09-29T13:51:10Z,40.771946,-73.881851,30.9,ab3d39,N823NN,B738,BOEING 737-800,0
landing,LGA,31,1790690002.83,2026-09-29T13:53:22Z,40.778515,-73.870588,300.9,a53436,N434YX,E75L,EMBRAER ERJ-170-200 (long wing),0
takeoff,LGA,31,1790690002.83,2026-09-29T13:53:22Z,40.778515,-73.870588,300.9,a53436,N434YX,E75L,EMBRAER ERJ-170-200 (long wing),0
landing,LGA,31,1790690007.19,2026-09-29T13:53:27Z,40.778876,-73.871368,300.9,a53436,N434YX,E75L,EMBRAER ERJ-170-200 (long wing),0
landing,LGA,31,1790690127.24,2026-09-29T13:55:27Z,40.777386,-73.868231,300.9,ab40ce,N824MD,E170,EMBRAER ERJ-170-100,0
takeoff,JFK,31L,1790690160.53,2026-09-29T13:56:00Z,40.630772,-73.777863,300.9,aad213,N797AN,B772,BOEING 777-200,0
takeoff,LGA,04,1790690170.87,2026-09-29T13:56:10Z,40.773476,-73.880591,30.9,ad3098,N949WN,B737,BOEING 737-700,0
landing,LGA,31,1790690236.32,2026-09-29T13:57:16Z,40.776707,-73.866837,300.9,a1d13b,N216QS,CL60,BOMBARDIER CL-600 Challenger,0
takeoff,JFK,31L,1790690277.43,2026-09-29T13:57:57Z,40.630451,-73.777191,295.3,a0ba4e,N146PQ,CRJ9,BOMBARDIER Regional Jet CRJ-900,0
takeoff,JFK,31L,1790690306.54,2026-09-29T13:58:26Z,40.628712,-73.773346,300.9,a21bea,N235JQ,E75L,EMBRAER ERJ-170-200 (long wing),0
landing,LGA,31,1790690316.26,2026-09-29T13:58:36Z,40.776676,-73.866749,300.9,a35701,N314PQ,CRJ9,BOMBARDIER Regional Jet CRJ-900,0
takeoff,LGA,04,1790690343.79,2026-09-29T13:59:03Z,40.77187,-73.881902,30.9,a33e5e,N308PQ,CRJ9,BOMBARDIER Regional Jet CRJ-900,0
takeoff,JFK,31L,1790690364.17,2026-09-29T13:59:24Z,40.630107,-73.776408,298.1,a31486,N298PQ,CRJ9,BOMBARDIER Regional Jet CRJ-900,0
landing,LGA,31,1790690391.78,2026-09-29T13:59:51Z,40.77673,-73.866837,300.9,a44a61,N376DA,B738,BOEING 737-800,0
takeoff,JFK,31L,1790690397.49,2026-09-29T13:59:57Z,40.62878,-73.773499,300.9,a19a48,N202JQ,E75L,EMBRAER ERJ-170-200 (long wing),0
takeoff,LGA,04,1790690430.56,2026-09-29T14:00:30Z,40.77198,-73.881821,28.1,a130cb,N176PQ,CRJ9,BOMBARDIER Regional Jet CRJ-900,0
landing,JFK,31R,1790690457.96,2026-09-29T14:00:57Z,40.650352,-73.773834,300.9,ad83b2,N970AN,B738,BOEING 737-800,0
takeoff,JFK,31L,1790690461.39,2026-09-29T14:01:01Z,40.630269,-73.776783,300.9,a1a3cc,N2044J,A21N,AIRBUS A-321neo,0
landing,LGA,31,1790690489.45,2026-09-29T14:01:29Z,40.777245,-73.867935,303.8,a38b84,N3276J,BCS3,AIRBUS A220-300,0
takeoff,LGA,04,1790690518.96,2026-09-29T14:01:58Z,40.771474,-73.88223,30.9,adbf26,N985QS,C68A,,0
takeoff,JFK,31L,1790690520.26,2026-09-29T14:02:00Z,40.630772,-73.777863,300.9,ad2f71,N949JT,A321,AIRBUS A-321,0
takeoff,LGA,22,1790690559.6,2026-09-29T14:02:39Z,40.770741,-73.88134,213.8,abd41a,N861RW,E170,EMBRAER ERJ-170-100,0
landing,JFK,31R,1790690578.63,2026-09-29T14:02:58Z,40.649918,-73.772888,300.9,ab92c4,N845DN,B739,BOEING 737-900,0
landing,LGA,31,1790690605.59,2026-09-29T14:03:25Z,40.778922,-73.871462,300.9,a20957,N230JQ,E75L,EMBRAER ERJ-170-200 (long wing),0
takeoff,LGA,04,1790690620.65,2026-09-29T14:03:40Z,40.770508,-73.883041,30.9,a4b294,N401YX,E75L,EMBRAER ERJ-170-200 (long wing),0
takeoff,JFK,31L,1790690668.73,2026-09-29T14:04:28Z,40.630829,-73.77803,300.9,ad8bed,N972JT,A321,AIRBUS A-321,0
landing,JFK,31R,1790690700.69,2026-09-29T14:05:00Z,40.651288,-73.775956,300.9,adbaca,N984JB,A321,AIRBUS A-321,0
landing,LGA,31,1790690706.53,2026-09-29T14:05:06Z,40.778069,-73.87027,284.1,abdb88,N863RW,E170,EMBRAER ERJ-170-100,0
takeoff,JFK,31L,1790690721.73,2026-09-29T14:05:21Z,40.630258,-73.776751,303.8,ab53e4,N829SK,CRJ9,BOMBARDIER Regional Jet CRJ-900,0
landing,LGA,31,1790690774.03,2026-09-29T14:06:14Z,40.778224,-73.869979,303.8,a3ef7e,N35260,B738,BOEING 737-800,0
takeoff,JFK,31L,1790690779.51,2026-09-29T14:06:19Z,40.630886,-73.77814,300.9,a1094c,N166PQ,CRJ9,BOMBARDIER Regional Jet CRJ-900,0
takeoff,LGA,04,1790690806.97,2026-09-29T14:06:46Z,40.7718,-73.881964,30.9,a448db,N3751B,B738,BOEING 737-800,0
takeoff,JFK,31L,1790690842.02,2026-09-29T14:07:22Z,40.630657,-73.777603,300.9,a1574e,N186DN,B763,BOEING 767-300,0
landing,LGA,31,1790690872.42,2026-09-29T14:07:52Z,40.776638,-73.866669,303.8,acf2e4,N933XJ,CRJ9,BOMBARDIER Regional Jet CRJ-900,0
landing,JFK,31R,1790690929.68,2026-09-29T14:08:49Z,40.649042,-73.770977,300.9,a8e247,N6713Y,B752,BOEING 757-200,0
landing,LGA,31,1790690972.6,2026-09-29T14:09:32Z,40.77663,-73.866655,303.8,a5fd2d,N485WN,B737,BOEING 737-700,0
takeoff,LGA,04,1790691009.71,2026-09-29T14:10:09Z,40.773685,-73.880404,30.9,a32c3e,N303UE,B38M,,0
takeoff,JFK,31L,1790691054.63,2026-09-29T14:10:54Z,40.631058,-73.778519,300.9,ad7631,N967AK,B39M,BOEING 737 MAX 9,0
landing,JFK,31R,1790691075.4,2026-09-29T14:11:15Z,40.651299,-73.775924,300.9,71be19,HL7619,A388,AIRBUS A-380-800,0
landing,LGA,31,1790691076.48,2026-09-29T14:11:16Z,40.77699,-73.867435,300.9,a3adce,N336TM,B38M,BOEING 737 MAX 8,0
takeoff,LGA,04,1790691110.23,2026-09-29T14:11:50Z,40.771625,-73.88212,30.9,a008c5,N101DQ,A321,AIRBUS A-321,0
takeoff,JFK,31L,1790691117.05,2026-09-29T14:11:57Z,40.630025,-73.776252,300.9,adf4e9,N999JQ,A321,AIRBUS A-321,0
landing,LGA,31,1790691183.71,2026-09-29T14:13:03Z,40.776672,-73.866745,303.8,a5540c,N442WN,B737,BOEING 737-700,0
takeoff,JFK,31L,1790691186.68,2026-09-29T14:13:06Z,40.630293,-73.776845,300.9,ac760d,N9016,A319,AIRBUS A-319,0
takeoff,LGA,04,1790691222.41,2026-09-29T14:13:42Z,40.771923,-73.881866,30.9,a37e80,N324PQ,CRJ9,BOMBARDIER Regional Jet CRJ-900,0
takeoff,JFK,31L,1790691247.68,2026-09-29T14:14:07Z,40.630737,-73.777786,300.9,789244,B-LQF,A359,AIRBUS A-350-900,0
takeoff,LGA,04,1790691256.75,2026-09-29T14:14:16Z,40.771067,-73.882573,33.8,c0850c,C-GYJZ,DH8D,DE HAVILLAND DHC-8-400 Dash 8,0
landing,JFK,31R,1790691268.47,2026-09-29T14:14:28Z,40.650822,-73.774887,300.9,a80560,N616DN,,,0
takeoff,LGA,04,1790691320.92,2026-09-29T14:15:20Z,40.772621,-73.881287,30.9,a0b801,N14527,A21N,AIRBUS A-321neo,0
takeoff,JFK,31L,1790691345.09,2026-09-29T14:15:45Z,40.62871,-73.773334,300.9,a01805,N105HQ,E75L,EMBRAER ERJ-170-200 (long wing),0
landing,LGA,31,1790691384.51,2026-09-29T14:16:24Z,40.776535,-73.866425,303.8,a3a509,N334DU,BCS3,,0
landing,JFK,31R,1790691393.45,2026-09-29T14:16:33Z,40.6493,-73.77153,300.9,a38082,N3247J,BCS3,,0
takeoff,JFK,31L,1790691416.03,2026-09-29T14:16:56Z,40.630234,-73.776688,300.9,aca29a,N913JB,A321,AIRBUS A-321,0
takeoff,LGA,04,1790691423.18,2026-09-29T14:17:03Z,40.770729,-73.882854,33.8,c060bb,C-GKQK,E295,EMBRAER ERJ-190-400,0
takeoff,LGA,22,1790691456.97,2026-09-29T14:17:36Z,40.77031,-73.88173,222.2,a24369,N245JQ,E75L,EMBRAER ERJ-170-200 (long wing),0
takeoff,LGA,04,1790691470.87,2026-09-29T14:17:50Z,40.769428,-73.883926,30.9,ac159a,N878RW,E170,EMBRAER ERJ-170-100,0
takeoff,JFK,31L,1790691486.37,2026-09-29T14:18:06Z,40.631218,-73.778885,300.9,a39289,N3293J,BCS3,AIRBUS A220-300,0
landing,JFK,31R,1790691495.56,2026-09-29T14:18:15Z,40.650205,-73.773505,302.4,7380ca,4X-EDL,B789,BOEING 787-9 Dreamliner,0
takeoff,LGA,04,1790691577.93,2026-09-29T14:19:37Z,40.773511,-73.880544,30.9,a35b42,N315VC,B38M,BOEING 737 MAX 8,0
takeoff,JFK,31L,1790691583.4,2026-09-29T14:19:43Z,40.630432,-73.777126,300.9,aaa02c,N784JB,A320,AIRBUS A-320,0
landing,JFK,31R,1790691664.55,2026-09-29T14:21:04Z,40.650648,-73.774535,300.9,ab5dab,N831SK,CRJ9,BOMBARDIER Regional Jet CRJ-900,0
takeoff,LGA,04,1790691664.66,2026-09-29T14:21:04Z,40.773615,-73.880482,30.9,a445d9,N3746H,B738,BOEING 737-800,0
landing,JFK,31R,1790691757.72,2026-09-29T14:22:37Z,40.650962,-73.775191,300.9,76cefa,9V-SWZ,B77W,BOEING 777-300ER,0
landing,LGA,31,1790691792.87,2026-09-29T14:23:12Z,40.777491,-73.868434,300.9,a0232a,N108HQ,E75L,EMBRAER ERJ-170-200 (long wing),0
takeoff,LGA,04,1790691818.85,2026-09-29T14:23:38Z,40.772541,-73.881348,30.9,a05dbc,N12218,B738,BOEING 737-800,0
landing,JFK,31R,1790691851.45,2026-09-29T14:24:11Z,40.650627,-73.774475,300.9,86951c,JA793A,B77W,BOEING 777-300ER,0
takeoff,JFK,31R,1790691851.45,2026-09-29T14:24:11Z,40.650627,-73.774475,300.9,86951c,JA793A,B77W,BOEING 777-300ER,0
landing,JFK,31R,1790691853.38,2026-09-29T14:24:13Z,40.65097,-73.775223,300.9,86951c,JA793A,B77W,BOEING 777-300ER,0
landing,LGA,31,1790691871.17,2026-09-29T14:24:31Z,40.776661,-73.866699,300.9,a48e46,N393DN,A321,AIRBUS A-321,0
takeoff,LGA,04,1790691907.83,2026-09-29T14:25:07Z,40.771385,-73.882309,30.9,a3dc5a,N348PQ,CRJ9,BOMBARDIER Regional Jet CRJ-900,0
takeoff,JFK,31L,1790691920.5,2026-09-29T14:25:20Z,40.630177,-73.776581,300.9,aa4932,N762CK,B763,BOEING 767-300,0
landing,JFK,31R,1790691980.84,2026-09-29T14:26:20Z,40.650229,-73.773583,300.9,845d04,JA10WJ,A35K,AIRBUS A-350-1000,0
landing,LGA,31,1790692001.67,2026-09-29T14:26:41Z,40.778515,-73.870619,303.8,a1c935,N214JQ,E75L,EMBRAER ERJ-170-200 (long wing),0
takeoff,JFK,31L,1790692062.65,2026-09-29T14:27:42Z,40.628803,-73.773552,300.9,a1c1c7,N212JQ,E75L,EMBRAER ERJ-170-200 (long wing),0
landing,LGA,31,1790692131.1,2026-09-29T14:28:51Z,40.778812,-73.871231,303.8,a09239,N136HQ,E75L,EMBRAER ERJ-170-200 (long wing),0
landing,JFK,31R,1790692136.45,2026-09-29T14:28:56Z,40.651062,-73.775436,300.9,a523c6,N430GT,B744,BOEING 747-400,0
takeoff,LGA,22,1790692148.99,2026-09-29T14:29:08Z,40.770985,-73.881134,210.9,abd7d1,N862RW,E170,EMBRAER ERJ-170-100,0
takeoff,JFK,31L,1790692158.67,2026-09-29T14:29:18Z,40.628698,-73.773287,300.9,a00ce0,N102HQ,E75L,EMBRAER ERJ-170-200 (long wing),0
landing,LGA,31,1790692227.01,2026-09-29T14:30:27Z,40.777305,-73.868075,303.8,a03b67,N114DN,A321,AIRBUS A-321,0
landing,JFK,31R,1790692309.72,2026-09-29T14:31:49Z,40.650892,-73.77505,299.6,507c55,UK-78705,B788,BOEING 787-8 Dreamliner,0
landing,LGA,31,1790692372.02,2026-09-29T14:32:52Z,40.778423,-73.870407,303.8,abdf3f,N864RW,E170,EMBRAER ERJ-170-100,0
takeoff,JFK,31L,1790692395.25,2026-09-29T14:33:15Z,40.6302,-73.776642,300.9,a33328,N305NY,A21N,AIRBUS A-321neo,0
takeoff,LGA,22,1790692411.75,2026-09-29T14:33:31Z,40.770392,-73.881652,216.6,a22ac6,N239JQ,E75L,EMBRAER ERJ-170-200 (long wing),0
takeoff,LGA,22,1790692449.61,2026-09-29T14:34:09Z,40.77047,-73.881561,213.8,a50549,N422YX,E75L,EMBRAER ERJ-170-200 (long wing),0
landing,LGA,31,1790692468.17,2026-09-29T14:34:28Z,40.777473,-73.868439,303.8,abf025,N8689C,B738,BOEING 737-800,0
takeoff,JFK,31L,1790692480.7,2026-09-29T14:34:40Z,40.630642,-73.777532,299.6,ab3c0d,N823AN,B789,BOEING 787-9 Dreamliner,0
takeoff,LGA,04,1790692510.38,2026-09-29T14:35:10Z,40.77253,-73.881378,30.9,a67883,N516JB,A320,AIRBUS A-320,0
landing,JFK,31R,1790692528.92,2026-09-29T14:35:28Z,40.653033,-73.780481,281.2,a0144e,N104HQ,E75L,EMBRAER ERJ-170-200 (long wing),0
takeoff,LGA,22,1790692531.21,2026-09-29T14:35:31Z,40.77045,-73.881574,213.8,ac5312,N89315,E75L,EMBRAER ERJ-170-200 (long wing),0
landing,JFK,31R,1790692578.07,2026-09-29T14:36:18Z,40.64946,-73.771896,300.9,acee50,N932NN,B738,BOEING 737-800,0
landing,LGA,31,1790692602.24,2026-09-29T14:36:42Z,40.776958,-73.867355,300.9,aca3e6,N913XJ,CRJ9,BOMBARDIER Regional Jet CRJ-900,0
landing,JFK,31L,1790692678.46,2026-09-29T14:37:58Z,40.63781,-73.793381,300.9,710119,HZ-AK41,B77W,BOEING 777-300ER,0
takeoff,LGA,22,1790692752.02,2026-09-29T14:39:12Z,40.770756,-73.881332,210.9,ac1951,N879RW,E170,EMBRAER ERJ-170-100,0
landing,JFK,31R,1790692754.25,2026-09-29T14:39:14Z,40.650444,-73.774063,300.9,a062ec,N124DU,BCS1,AIRBUS A220-100,0
takeoff,JFK,31L,1790692775.72,2026-09-29T14:39:35Z,40.63092,-73.778214,300.9,a3711a,N3203J,BCS3,AIRBUS A220-300,0
landing,JFK,31R,1790692838.42,2026-09-29T14:40:38Z,40.650671,-73.774551,300.9,a35109,N3123J,BCS3,AIRBUS A220-300,0
takeoff,JFK,31L,1790692842.97,2026-09-29T14:40:42Z,40.630281,-73.776814,300.9,ac791d,N9021H,A319,AIRBUS A-319,0
landing,LGA,31,1790692883.33,2026-09-29T14:41:23Z,40.7777,-73.868934,298.1,a4b64b,N402YX,E75L,EMBRAER ERJ-170-200 (long wing),0
takeoff,LGA,04,1790692915.65,2026-09-29T14:41:55Z,40.773348,-73.880669,30.9,c0192e,C-FJNX,A321,AIRBUS A-321,0
takeoff,JFK,31L,1790692916.81,2026-09-29T14:41:56Z,40.630096,-73.776398,300.9,a72b6b,N561JB,A320,AIRBUS A-320,0
landing,JFK,31R,1790692970.47,2026-09-29T14:42:50Z,40.650959,-73.775208,300.9,010283,SU-GGE,A359,AIRBUS A-350-900,0
takeoff,JFK,31L,1790693000.32,2026-09-29T14:43:20Z,40.630531,-73.777344,300.9,a898a9,N653JB,A320,AIRBUS A-320,0
landing,LGA,31,1790693044.24,2026-09-29T14:44:04Z,40.776981,-73.867416,300.9,a15b4c,N187GJ,CRJ9,BOMBARDIER Regional Jet CRJ-900,0
takeoff,LGA,04,1790693084.12,2026-09-29T14:44:44Z,40.772026,-73.881775,30.9,a46a7e,N384DN,A321,AIRBUS A-321,0
landing,JFK,31R,1790693091.1,2026-09-29T14:44:51Z,40.649368,-73.771637,300.9,408120,G-VEYR,A339,AIRBUS A-330-900,0
landing,LGA,31,1790693187.6,2026-09-29T14:46:27Z,40.778131,-73.870385,275.6,a4d65c,N410YX,E75L,EMBRAER ERJ-170-200 (long wing),0
takeoff,JFK,31L,1790693215.05,2026-09-29T14:46:55Z,40.631119,-73.778655,300.9,738076,4X-ECF,B772,BOEING 777-200,0
landing,LGA,31,1790693252.11,2026-09-29T14:47:32Z,40.777328,-73.868122,300.9,c05d56,C-GJIZ,CRJ9,BOMBARDIER Regional Jet CRJ-900,0
takeoff,LGA,04,1790693293.35,2026-09-29T14:48:13Z,40.77379,-73.880326,30.9,a148b9,N182GJ,CRJ9,BOMBARDIER Regional Jet CRJ-900,0
takeoff,LGA,04,1790693327.41,2026-09-29T14:48:47Z,40.77194,-73.881839,28.1,a7e24a,N607LR,CRJ9,BOMBARDIER Regional Jet CRJ-900,0
takeoff,LGA,22,1790693344.29,2026-09-29T14:49:04Z,40.770706,-73.881371,208.1,ac0a75,N875RW,E170,EMBRAER ERJ-170-100,0
takeoff,JFK,31L,1790693350.33,2026-09-29T14:49:10Z,40.63068,-73.777679,300.9,acfe09,N936XJ,CRJ9,BOMBARDIER Regional Jet CRJ-900,0
landing,JFK,31R,1790693398.76,2026-09-29T14:49:58Z,40.650925,-73.775146,300.9,a4c9d5,N4076J,A21N,AIRBUS A-321neo,0
takeoff,JFK,22R,1790693399.07,2026-09-29T14:49:59Z,40.640648,-73.774246,250.3,408120,G-VEYR,A339,AIRBUS A-330-900,0
takeoff,LGA,04,1790693410.93,2026-09-29T14:50:10Z,40.774221,-73.879982,30.9,a3b3e5,N338DU,BCS3,AIRBUS A220-300,0
landing,LGA,31,1790693477.09,2026-09-29T14:51:17Z,40.778881,-73.871368,300.9,ab3d17,N823MD,E170,EMBRAER ERJ-170-100,0
takeoff,LGA,04,1790693513.82,2026-09-29T14:51:53Z,40.774011,-73.880154,30.9,c07e32,C-GVUN,BCS3,AIRBUS A220-300,0
landing,LGA,31,1790693576.38,2026-09-29T14:52:56Z,40.778562,-73.870697,300.9,a8a0d9,N655RW,E170,EMBRAER ERJ-170-100,0
landing,JFK,31R,1790693600.65,2026-09-29T14:53:20Z,40.651634,-73.776688,299.6,47c968,LN-LNO,B789,BOEING 787-9 Dreamliner,0
takeoff,JFK,31L,1790693634.01,2026-09-29T14:53:54Z,40.630657,-73.777634,300.9,a81abe,N621JB,A320,AIRBUS A-320,0
takeoff,LGA,04,1790693640.99,2026-09-29T14:54:00Z,40.773511,-73.88056,30.9,acddf8,N928XJ,CRJ9,BOMBARDIER Regional Jet CRJ-900,0
takeoff,LGA,04,1790693682.23,2026-09-29T14:54:42Z,40.773615,-73.880466,30.9,a08e3c,N135EV,CRJ9,BOMBARDIER Regional Jet CRJ-900,0
landing,LGA,31,1790693736.54,2026-09-29T14:55:36Z,40.778015,-73.869573,298.1,a7dadc,N605LR,CRJ9,BOMBARDIER Regional Jet CRJ-900,0
landing,JFK,31R,1790693740.92,2026-09-29T14:55:40Z,40.650536,-73.774277,300.9,400685,G-VIIM,B772,BOEING 777-200,0
takeoff,JFK,31L,1790693766.97,2026-09-29T14:56:06Z,40.631352,-73.779186,300.9,a35949,N3149J,BCS3,AIRBUS A220-300,0
takeoff,LGA,04,1790693780.58,2026-09-29T14:56:20Z,40.771271,-73.882385,30.9,ab2496,N817NN,B738,BOEING 737-800,0
takeoff,LGA,04,1790693831.56,2026-09-29T14:57:11Z,40.773615,-73.880451,30.9,a0acbb,N14219,B738,BOEING 737-800,0
landing,JFK,31R,1790693892.94,2026-09-29T14:58:12Z,40.649609,-73.772247,300.9,ab975c,N846NN,B738,BOEING 737-800,0
landing,LGA,31,1790693965.44,2026-09-29T14:59:25Z,40.778561,-73.870697,303.8,ada699,N979RP,E170,EMBRAER ERJ-170-100,0
takeoff,LGA,04,1790693992.06,2026-09-29T14:59:52Z,40.771788,-73.881964,30.9,a44e18,N377DA,B738,BOEING 737-800,0
landing,JFK,31R,1790694010.99,2026-09-29T15:00:10Z,40.651485,-73.776428,300.9,a075df,N129HQ,E75L,EMBRAER ERJ-170-200 (long wing),0
landing,LGA,31,1790694069.5,2026-09-29T15:01:09Z,40.777142,-73.867748,300.9,a77d89,N582CA,CRJ9,BOMBARDIER Regional Jet CRJ-900,0
takeoff,LGA,04,1790694100.41,2026-09-29T15:01:40Z,40.77187,-73.881886,30.9,a3e011,N349PQ,CRJ9,BOMBARDIER Regional Jet CRJ-900,0
landing,LGA,31,1790694153.75,2026-09-29T15:02:33Z,40.77713,-73.867722,300.9,a33aa7,N307PQ,CRJ9,BOMBARDIER Regional Jet CRJ-900,0
takeoff,LGA,04,1790694181.95,2026-09-29T15:03:01Z,40.770205,-73.883275,30.9,a4ba02,N403YX,E75L,EMBRAER ERJ-170-200 (long wing),0
landing,JFK,31R,1790694196.17,2026-09-29T15:03:16Z,40.649949,-73.772975,300.9,a3ca1a,N343SY,B38M,BOEING 737 MAX 8,0
landing,LGA,31,1790694263.26,2026-09-29T15:04:23Z,40.77903,-73.871735,300.9,a8847f,N648RW,E170,EMBRAER ERJ-170-100,0
takeoff,LGA,04,1790694296.11,2026-09-29T15:04:56Z,40.772015,-73.881775,30.9,a0669d,N125DN,A321,AIRBUS A-321,0
landing,JFK,31R,1790694307.61,2026-09-29T15:05:07Z,40.649845,-73.772756,298.1,a5e9f4,N480PX,CRJ9,BOMBARDIER Regional Jet CRJ-900,0
landing,LGA,31,1790694361.75,2026-09-29T15:06:01Z,40.777771,-73.869095,298.1,a01097,N103HQ,E75L,EMBRAER ERJ-170-200 (long wing),0
landing,LGA,31,1790694411.93,2026-09-29T15:06:51Z,40.77776,-73.869003,303.8,a441ac,N37325,B38M,BOEING 737 MAX 8,0
takeoff,LGA,04,1790694463.84,2026-09-29T15:07:43Z,40.773754,-73.880356,33.8,a3b79c,N339DU,,,0
takeoff,JFK,31L,1790694478.45,2026-09-29T15:07:58Z,40.630572,-73.777438,300.9,a6152a,N491PX,CRJ9,BOMBARDIER Regional Jet CRJ-900,0
landing,JFK,31R,1790694478.62,2026-09-29T15:07:58Z,40.650892,-73.77505,300.9,a6b833,N532DN,A21N,AIRBUS A-321neo,0
takeoff,LGA,04,1790694515.77,2026-09-29T15:08:35Z,40.771823,-73.881949,30.9,ab6519,N833SK,CRJ9,BOMBARDIER Regional Jet CRJ-900,0
takeoff,LGA,22,1790694540.17,2026-09-29T15:09:00Z,40.770415,-73.881621,219.4,ac1f61,N880RW,E170,EMBRAER ERJ-170-100,0
takeoff,LGA,04,1790694542.23,2026-09-29T15:09:02Z,40.770206,-73.88327,30.9,a4f7cb,N419YX,E75L,EMBRAER ERJ-170-200 (long wing),0
takeoff,JFK,31L,1790694561.74,2026-09-29T15:09:21Z,40.630607,-73.777516,300.9,a0f4f6,N16065,B763,BOEING 767-300,0
landing,LGA,31,1790694623.98,2026-09-29T15:10:23Z,40.776618,-73.866655,303.8,a38c66,N328DU,BCS3,,0
landing,JFK,31R,1790694624.7,2026-09-29T15:10:24Z,40.650787,-73.774832,300.9,a13748,N178DZ,B763,BOEING 767-300,0
takeoff,LGA,04,1790694660.87,2026-09-29T15:11:00Z,40.772438,-73.881439,30.9,ac3a38,N8870K,B38M,BOEING 737 MAX 8,0
takeoff,JFK,31L,1790694718.04,2026-09-29T15:11:58Z,40.63036,-73.776993,300.9,abab67,N851DN,B739,BOEING 737-900,0
takeoff,LGA,04,1790694721.7,2026-09-29T15:12:01Z,40.771928,-73.881855,30.9,a36994,N319PQ,CRJ9,BOMBARDIER Regional Jet CRJ-900,0
landing,JFK,31R,1790694771.12,2026-09-29T15:12:51Z,40.650936,-73.775177,300.9,4bb141,TC-LJA,B77W,BOEING 777-300ER,0
landing,LGA,31,1790694828.25,2026-09-29T15:13:48Z,40.776718,-73.866837,300.9,a92ea0,N691CA,CRJ9,BOMBARDIER Regional Jet CRJ-900,0
takeoff,JFK,31L,1790694848.0,2026-09-29T15:14:08Z,40.630095,-73.776377,300.9,a35b81,N315XR,,,0
landing,LGA,31,1790694894.6,2026-09-29T15:14:54Z,40.777014,-73.867467,303.8,ac2bc6,N8833L,B38M,BOEING 737 MAX 8,0
takeoff,LGA,04,1790694938.71,2026-09-29T15:15:38Z,40.771374,-73.882309,30.9,a33afd,N307TA,B38M,BOEING 737 MAX 8,0
takeoff,LGA,22,1790694997.31,2026-09-29T15:16:37Z,40.770985,-73.881137,213.8,ab282b,N818MD,E170,EMBRAER ERJ-170-100,0
takeoff,JFK,31L,1790695002.3,2026-09-29T15:16:42Z,40.628815,-73.77356,300.9,a5b7e6,N468FX,GLF4,,0
landing,LGA,31,1790695002.8,2026-09-29T15:16:42Z,40.778154,-73.869854,303.8,acc1ee,N921AN,B738,BOEING 737-800,0
takeoff,LGA,04,1790695045.79,2026-09-29T15:17:25Z,40.773205,-73.880814,30.9,a03038,N111DC,A321,AIRBUS A-321,0
landing,LGA,31,1790695100.24,2026-09-29T15:18:20Z,40.777002,-73.867451,303.8,a445f8,N3747D,B738,BOEING 737-800,0
landing,JFK,31R,1790695122.29,2026-09-29T15:18:42Z,40.649868,-73.772772,300.9,a417fe,N363FR,A20N,AIRBUS A-320neo,0
takeoff,JFK,31L,1790695127.47,2026-09-29T15:18:47Z,40.633884,-73.784744,300.9,ab6020,N832DN,B739,BOEING 737-900,0
takeoff,LGA,04,1790695133.51,2026-09-29T15:18:53Z,40.771451,-73.882261,30.9,a5fd2d,N485WN,B737,BOEING 737-700,0
landing,LGA,31,1790695186.26,2026-09-29T15:19:46Z,40.777316,-73.868122,303.8,a123e2,N17264,B38M,BOEING 737 MAX 8,0
landing,JFK,31R,1790695227.63,2026-09-29T15:20:27Z,40.651218,-73.775784,300.9,781e95,B-222S,B77L,BOEING 777-200LR,0
takeoff,LGA,04,1790695230.71,2026-09-29T15:20:30Z,40.774453,-73.879764,30.9,a38b84,N3276J,BCS3,AIRBUS A220-300,0
landing,LGA,04,1790695230.71,2026-09-29T15:20:30Z,40.774453,-73.879764,30.9,a38b84,N3276J,BCS3,AIRBUS A220-300,0
takeoff,LGA,04,1790695230.71,2026-09-29T15:20:30Z,40.774453,-73.879764,30.9,a38b84,N3276J,BCS3,AIRBUS A220-300,0
takeoff,JFK,31L,1790695253.17,2026-09-29T15:20:53Z,40.630304,-73.776829,300.9,ab80f4,N840MH,B764,BOEING 767-400,0
takeoff,LGA,22,1790695258.06,2026-09-29T15:20:58Z,40.770046,-73.88205,210.9,a4c170,N405YX,E75L,EMBRAER ERJ-170-200 (long wing),0
landing,LGA,31,1790695274.74,2026-09-29T15:21:14Z,40.777107,-73.867661,298.1,a7cc00,N601LR,CRJ9,BOMBARDIER Regional Jet CRJ-900,0
landing,LGA,31,1790695363.5,2026-09-29T15:22:43Z,40.776723,-73.866858,303.8,a06a54,N126DN,A321,AIRBUS A-321,0
takeoff,LGA,22,1790695367.5,2026-09-29T15:22:47Z,40.770321,-73.881714,222.2,abdb88,N863RW,E170,EMBRAER ERJ-170-100,0
takeoff,LGA,04,1790695402.68,2026-09-29T15:23:22Z,40.7718,-73.881949,30.9,aca594,N914AN,B738,BOEING 737-800,0
takeoff,JFK,31L,1790695407.16,2026-09-29T15:23:27Z,40.630714,-73.777756,300.9,a7ef16,N610DN,,,0
landing,JFK,31R,1790695480.96,2026-09-29T15:24:40Z,40.649949,-73.772975,300.9,ab2c0c,N819NW,A333,AIRBUS A-330-300,0
takeoff,JFK,31L,1790695484.26,2026-09-29T15:24:44Z,40.630955,-73.77829,300.9,a441c9,N3733Z,B738,BOEING 737-800,0
landing,LGA,31,1790695500.33,2026-09-29T15:25:00Z,40.778957,-73.871571,303.8,ab1d06,N815MD,E170,EMBRAER ERJ-170-100,0
landing,LGA,31,1790695558.83,2026-09-29T15:25:58Z,40.778527,-73.87065,303.8,a1dd2d,N219YX,E75L,EMBRAER ERJ-170-200 (long wing),0
takeoff,JFK,31L,1790695583.8,2026-09-29T15:26:23Z,40.630955,-73.778275,300.9,ab92c4,N845DN,B739,BOEING 737-900,0
landing,LGA,31,1790695636.16,2026-09-29T15:27:16Z,40.777679,-73.868866,303.8,a46a72,N384DA,B738,BOEING 737-800,0
landing,JFK,31R,1790695685.33,2026-09-29T15:28:05Z,40.652355,-73.77832,300.9,a4c8de,N407YX,E75L,EMBRAER ERJ-170-200 (long wing),0
takeoff,JFK,31L,1790695711.81,2026-09-29T15:28:31Z,40.631596,-73.779654,300.9,896476,A6-EUL,A388,AIRBUS A-380-800,0
landing,LGA,31,1790695743.58,2026-09-29T15:29:03Z,40.777931,-73.869705,292.5,a5307f,N433YX,E75L,EMBRAER ERJ-170-200 (long wing),0
landing,LGA,31,1790695778.37,2026-09-29T15:29:38Z,40.775536,-73.864439,300.9,a6ec95,N545XJ,CL30,BOMBARDIER BD-100 Challenger 300,0
takeoff,LGA,04,1790695809.27,2026-09-29T15:30:09Z,40.771521,-73.882198,33.8,a35701,N314PQ,CRJ9,BOMBARDIER Regional Jet CRJ-900,0
takeoff,JFK,31L,1790695846.52,2026-09-29T15:30:46Z,40.630502,-73.777298,300.9,06a1bb,A7-BEE,B77W,BOEING 777-300ER,0
landing,LGA,31,1790695860.67,2026-09-29T15:31:00Z,40.776958,-73.867325,300.9,a39723,N330PQ,CRJ9,BOMBARDIER Regional Jet CRJ-900,0
landing,JFK,31R,1790695891.96,2026-09-29T15:31:31Z,40.651451,-73.776321,300.9,a189f2,N199DN,B763,BOEING 767-300,0
takeoff,JFK,31R,1790695891.96,2026-09-29T15:31:31Z,40.651451,-73.776321,300.9,a189f2,N199DN,B763,BOEING 767-300,0
landing,JFK,31R,1790695892.4,2026-09-29T15:31:32Z,40.651588,-73.776611,300.9,a189f2,N199DN,B763,BOEING 767-300,0
landing,LGA,31,1790695947.87,2026-09-29T15:32:27Z,40.776775,-73.866974,303.8,abbd2d,N8556Z,B738,BOEING 737-800,0
takeoff,JFK,31L,1790695966.62,2026-09-29T15:32:46Z,40.630188,-73.776611,300.9,a38af8,N3272J,BCS3,AIRBUS A220-300,0
takeoff,LGA,22,1790695986.46,2026-09-29T15:33:06Z,40.77047,-73.881546,213.8,ab40ce,N824MD,E170,EMBRAER ERJ-170-100,0
takeoff,JFK,31L,1790696026.16,2026-09-29T15:33:46Z,40.630268,-73.776779,300.9,a80560,N616DN,,,0
landing,LGA,31,1790696039.33,2026-09-29T15:33:59Z,40.776723,-73.866858,303.8,a4c6af,N407AN,A21N,AIRBUS A-321neo,0
takeoff,LGA,04,1790696078.53,2026-09-29T15:34:38Z,40.773239,-73.880737,30.9,ab1890,N814DN,B739,BOEING 737-900,0
landing,JFK,31R,1790696089.08,2026-09-29T15:34:49Z,40.652344,-73.778259,300.9,ab2b23,N819DN,B739,BOEING 737-900,0
takeoff,JFK,31L,1790696107.9,2026-09-29T15:35:07Z,40.630943,-73.778244,300.9,80159f,VT-AEP,B77W,BOEING 777-300ER,0
landing,LGA,31,1790696125.07,2026-09-29T15:35:25Z,40.777281,-73.867997,300.9,a486d8,N391DN,A321,AIRBUS A-321,0
takeoff,LGA,04,1790696167.09,2026-09-29T15:36:07Z,40.771912,-73.881851,30.9,a3ef7e,N35260,B738,BOEING 737-800,0
landing,JFK,31R,1790696172.2,2026-09-29T15:36:12Z,40.650264,-73.773677,300.9,ad8836,N971JT,A321,AIRBUS A-321,0
landing,LGA,31,1790696231.8,2026-09-29T15:37:11Z,40.77727,-73.868028,303.8,a082ac,N132AN,A321,AIRBUS A-321,0
takeoff,JFK,31L,1790696252.24,2026-09-29T15:37:32Z,40.630531,-73.777344,300.9,adbaca,N984JB,A321,AIRBUS A-321,0
landing,JFK,31R,1790696321.85,2026-09-29T15:38:41Z,40.651043,-73.775378,300.9,ac98c1,N910XJ,CRJ9,BOMBARDIER Regional Jet CRJ-900,0
landing,LGA,31,1790696376.79,2026-09-29T15:39:36Z,40.778212,-73.869979,300.9,a866c7,N640RW,E170,EMBRAER ERJ-170-100,0
takeoff,JFK,31L,1790696393.97,2026-09-29T15:39:53Z,40.630463,-73.777222,300.9,ad83b2,N970AN,B738,BOEING 737-800,0
takeoff,LGA,04,1790696408.53,2026-09-29T15:40:08Z,40.77182,-73.881958,30.9,ad402f,N953DZ,B739,,0
takeoff,JFK,31L,1790696462.5,2026-09-29T15:41:02Z,40.630199,-73.776611,300.9,a8e247,N6713Y,B752,BOEING 757-200,0
landing,LGA,31,1790696491.09,2026-09-29T15:41:31Z,40.776718,-73.866867,300.9,a38af8,N3272J,BCS3,AIRBUS A220-300,0
takeoff,LGA,04,1790696523.92,2026-09-29T15:42:03Z,40.771288,-73.882386,30.9,a5540c,N442WN,B737,BOEING 737-700,0
takeoff,JFK,31L,1790696528.4,2026-09-29T15:42:08Z,40.630374,-73.777017,300.9,a9bf4b,N727TW,B752,BOEING 757-200,0
takeoff,LGA,04,1790696576.41,2026-09-29T15:42:56Z,40.77364,-73.880447,30.9,a44a61,N376DA,B738,BOEING 737-800,0
takeoff,LGA,22,1790696600.02,2026-09-29T15:43:20Z,40.77045,-73.881574,213.8,a0232a,N108HQ,E75L,EMBRAER ERJ-170-200 (long wing),0
takeoff,JFK,31L,1790696601.02,2026-09-29T15:43:21Z,40.630793,-73.777922,300.9,ac8289,N905JB,A321,AIRBUS A-321,0
landing,JFK,31R,1790696663.0,2026-09-29T15:44:23Z,40.651325,-73.776031,300.9,a38836,N3269J,BCS3,AIRBUS A220-300,0
takeoff,JFK,31L,1790696674.73,2026-09-29T15:44:34Z,40.628654,-73.773224,300.9,a1a924,N206JQ,E75L,EMBRAER ERJ-170-200 (long wing),0
landing,LGA,31,1790696684.7,2026-09-29T15:44:44Z,40.77784,-73.869202,300.9,a3b50f,N338RS,B38M,BOEING 737 MAX 8,0
takeoff,LGA,04,1790696714.62,2026-09-29T15:45:14Z,40.770596,-73.882965,30.9,a20957,N230JQ,E75L,EMBRAER ERJ-170-200 (long wing),0
takeoff,LGA,04,1790696768.9,2026-09-29T15:46:08Z,40.771404,-73.882308,30.9,a48e46,N393DN,A321,AIRBUS A-321,0
takeoff,LGA,22,1790696792.43,2026-09-29T15:46:32Z,40.770683,-73.881387,213.8,a53ba4,N436YX,E75L,EMBRAER ERJ-170-200 (long wing),0
landing,JFK,31R,1790696806.68,2026-09-29T15:46:46Z,40.651417,-73.776199,300.9,ad4bcb,N956JT,A321,AIRBUS A-321,0
takeoff,JFK,31L,1790696837.56,2026-09-29T15:47:17Z,40.630537,-73.77736,300.9,ad4afb,N956AK,B39M,BOEING 737 MAX 9,0
takeoff,LGA,04,1790696852.42,2026-09-29T15:47:32Z,40.771148,-73.882495,33.8,acf2e4,N933XJ,CRJ9,BOMBARDIER Regional Jet CRJ-900,0
takeoff,LGA,04,1790696890.21,2026-09-29T15:48:10Z,40.771282,-73.882385,30.9,a3adce,N336TM,B38M,BOEING 737 MAX 8,0
landing,JFK,31R,1790696973.47,2026-09-29T15:49:33Z,40.64967,-73.772366,300.9,a414e8,N362NB,A319,AIRBUS A-319,0
takeoff,JFK,31L,1790697003.9,2026-09-29T15:50:03Z,40.630302,-73.776871,300.9,ab5dab,N831SK,CRJ9,BOMBARDIER Regional Jet CRJ-900,0
takeoff,LGA,22,1790697064.62,2026-09-29T15:51:04Z,40.770584,-73.881454,210.9,a09239,N136HQ,E75L,EMBRAER ERJ-170-200 (long wing),0
landing,LGA,31,1790697068.28,2026-09-29T15:51:08Z,40.778387,-73.870338,303.8,a230d6,N240JQ,E75L,EMBRAER ERJ-170-200 (long wing),0
takeoff,LGA,04,1790697100.54,2026-09-29T15:51:40Z,40.772463,-73.881418,30.9,abf025,N8689C,B738,BOEING 737-800,0
landing,JFK,31R,1790697113.39,2026-09-29T15:51:53Z,40.651474,-73.776346,300.9,0c6063,9Y-GRN,B38M,BOEING 737 MAX 8,0
takeoff,LGA,04,1790697155.32,2026-09-29T15:52:35Z,40.771893,-73.881886,30.9,c05d56,C-GJIZ,CRJ9,BOMBARDIER Regional Jet CRJ-900,0
landing,LGA,31,1790697223.54,2026-09-29T15:53:43Z,40.778818,-73.871228,300.9,a23844,N242JQ,E75L,EMBRAER ERJ-170-200 (long wing),0
landing,JFK,31R,1790697242.61,2026-09-29T15:54:02Z,40.651055,-73.775409,300.9,aa5428,N765AN,B772,BOEING 777-200,0
takeoff,LGA,04,1790697248.13,2026-09-29T15:54:08Z,40.772033,-73.881777,30.9,a3a509,N334DU,BCS3,,0
takeoff,LGA,22,1790697323.33,2026-09-29T15:55:23Z,40.770664,-73.881393,210.9,a1c935,N214JQ,E75L,EMBRAER ERJ-170-200 (long wing),0
landing,LGA,31,1790697342.66,2026-09-29T15:55:42Z,40.778378,-73.870346,303.8,a5255a,N430YX,E75L,EMBRAER ERJ-170-200 (long wing),0
landing,JFK,31R,1790697387.42,2026-09-29T15:56:27Z,40.651245,-73.775848,300.9,a026e1,N109HQ,E75L,EMBRAER ERJ-170-200 (long wing),0
landing,LGA,31,1790697450.3,2026-09-29T15:57:30Z,40.777943,-73.86969,289.7,a51b93,N428YX,E75L,EMBRAER ERJ-170-200 (long wing),0
landing,JFK,31R,1790697486.24,2026-09-29T15:58:06Z,40.65166,-73.776767,300.9,ac45ac,N890DN,B739,BOEING 737-900,0
takeoff,LGA,22,1790697506.28,2026-09-29T15:58:26Z,40.770415,-73.881621,213.8,a4d65c,N410YX,E75L,EMBRAER ERJ-170-200 (long wing),0
takeoff,LGA,04,1790697514.44,2026-09-29T15:58:34Z,40.771786,-73.881973,28.1,a7dadc,N605LR,CRJ9,BOMBARDIER Regional Jet CRJ-900,0
landing,LGA,31,1790697588.38,2026-09-29T15:59:48Z,40.77841,-73.870385,303.8,a1b449,N209JQ,E75L,EMBRAER ERJ-170-200 (long wing),0
takeoff,LGA,04,1790697614.7,2026-09-29T16:00:14Z,40.77187,-73.881902,30.9,a03b67,N114DN,A321,AIRBUS A-321,0
landing,LGA,31,1790697675.97,2026-09-29T16:01:15Z,40.776981,-73.867371,298.1,a320a6,N300PQ,CRJ9,BOMBARDIER Regional Jet CRJ-900,0
landing,JFK,31L,1790697700.11,2026-09-29T16:01:40Z,40.638714,-73.795425,300.9,ab0a9d,N810NW,A333,AIRBUS A-330-300,0
landing,LGA,31,1790697761.05,2026-09-29T16:02:41Z,40.776718,-73.866867,300.9,a0fbfa,N16234,B738,BOEING 737-800,0
takeoff,LGA,22,1790697781.96,2026-09-29T16:03:01Z,40.770555,-73.88148,213.8,ab3d17,N823MD,E170,EMBRAER ERJ-170-100,0
landing,JFK,31R,1790697812.08,2026-09-29T16:03:32Z,40.650531,-73.774286,303.8,a38237,N325PQ,CRJ9,BOMBARDIER Regional Jet CRJ-900,0
takeoff,JFK,31L,1790697858.03,2026-09-29T16:04:18Z,40.628803,-73.773521,300.9,a075df,N129HQ,E75L,EMBRAER ERJ-170-200 (long wing),0
landing,LGA,31,1790697874.75,2026-09-29T16:04:34Z,40.778189,-73.869932,300.9,abd063,N860RW,E170,EMBRAER ERJ-170-100,0
landing,JFK,31R,1790697924.62,2026-09-29T16:05:24Z,40.650856,-73.774963,300.9,a69bcd,N525DA,A21N,AIRBUS A-321neo,0
landing,LGA,31,1790697962.56,2026-09-29T16:06:02Z,40.777084,-73.867615,303.8,a14502,N181GJ,CRJ9,BOMBARDIER Regional Jet CRJ-900,0
takeoff,JFK,31L,1790697974.35,2026-09-29T16:06:14Z,40.628712,-73.773361,300.9,a0144e,N104HQ,E75L,EMBRAER ERJ-170-200 (long wing),0
landing,JFK,31R,1790698038.37,2026-09-29T16:07:18Z,40.652344,-73.778244,300.9,157717,RA-96023,IL96,ILYUSHIN Il-96,1
landing,LGA,31,1790698044.62,2026-09-29T16:07:24Z,40.776711,-73.866842,303.8,a35e6f,N316PQ,CRJ9,BOMBARDIER Regional Jet CRJ-900,0
takeoff,JFK,31L,1790698086.39,2026-09-29T16:08:06Z,40.631229,-73.778885,300.9,a349be,N3104J,BCS3,AIRBUS A220-300,0
landing,LGA,31,1790698173.74,2026-09-29T16:09:33Z,40.777668,-73.86882,300.9,a8996b,N653RW,E170,EMBRAER ERJ-170-100,0
takeoff,JFK,31L,1790698175.54,2026-09-29T16:09:35Z,40.630566,-73.777435,300.9,a062ec,N124DU,BCS1,AIRBUS A220-100,0
takeoff,LGA,04,1790698197.01,2026-09-29T16:09:57Z,40.772644,-73.881271,30.9,aca3e6,N913XJ,CRJ9,BOMBARDIER Regional Jet CRJ-900,0
takeoff,LGA,22,1790698203.62,2026-09-29T16:10:03Z,40.77059,-73.881465,210.9,abdf3f,N864RW,E170,EMBRAER ERJ-170-100,0
landing,LGA,31,1790698256.31,2026-09-29T16:10:56Z,40.777514,-73.868528,300.9,a89d22,N654RW,E170,EMBRAER ERJ-170-100,0
takeoff,LGA,04,1790698279.7,2026-09-29T16:11:19Z,40.770241,-73.883255,30.9,a8a0d9,N655RW,E170,EMBRAER ERJ-170-100,0
takeoff,JFK,31L,1790698284.16,2026-09-29T16:11:24Z,40.630665,-73.777672,300.9,71c382,HL8382,A359,AIRBUS A-350-900,0
landing,LGA,31,1790698340.57,2026-09-29T16:12:20Z,40.777267,-73.867996,300.9,a2c93f,N279PQ,CRJ9,BOMBARDIER Regional Jet CRJ-900,0
takeoff,LGA,04,1790698370.46,2026-09-29T16:12:50Z,40.77194,-73.881839,30.9,a15b4c,N187GJ,CRJ9,BOMBARDIER Regional Jet CRJ-900,0
takeoff,JFK,31L,1790698393.49,2026-09-29T16:13:13Z,40.630188,-73.776581,300.9,a7b057,N595DT,A21N,,0
landing,JFK,31R,1790698401.78,2026-09-29T16:13:21Z,40.652277,-73.778234,292.5,a1a56d,N205JQ,E75L,EMBRAER ERJ-170-200 (long wing),0
landing,LGA,31,1790698454.05,2026-09-29T16:14:14Z,40.776524,-73.866455,303.8,a35254,N313DU,BCS3,AIRBUS A220-300,0
takeoff,JFK,31L,1790698469.72,2026-09-29T16:14:29Z,40.630566,-73.777466,300.9,ab975c,N846NN,B738,BOEING 737-800,0
takeoff,JFK,31L,1790698553.6,2026-09-29T16:15:53Z,40.630712,-73.77775,300.9,a4df56,N413AS,B739,BOEING 737-900,0
takeoff,LGA,04,1790698571.43,2026-09-29T16:16:11Z,40.771276,-73.882401,33.8,ac2bc6,N8833L,B38M,BOEING 737 MAX 8,0
landing,LGA,31,1790698645.91,2026-09-29T16:17:25Z,40.778114,-73.869781,303.8,a44291,N3739P,B738,BOEING 737-800,0
landing,JFK,31R,1790698698.17,2026-09-29T16:18:18Z,40.650939,-73.775175,300.9,acb2c2,N917XJ,CRJ9,BOMBARDIER Regional Jet CRJ-900,0
takeoff,JFK,31L,1790698700.99,2026-09-29T16:18:20Z,40.630747,-73.777875,300.9,acee50,N932NN,B738,BOEING 737-800,0
landing,LGA,31,1790698777.89,2026-09-29T16:19:37Z,40.778748,-73.871134,303.8,a4bdb9,N404YX,E75L,EMBRAER ERJ-170-200 (long wing),0
takeoff,LGA,04,1790698801.1,2026-09-29T16:20:01Z,40.771416,-73.882276,30.9,a33aa7,N307PQ,CRJ9,BOMBARDIER Regional Jet CRJ-900,0
landing,JFK,31R,1790698815.15,2026-09-29T16:20:15Z,40.651279,-73.775925,298.1,a2000d,N228PQ,CRJ9,BOMBARDIER Regional Jet CRJ-900,0
takeoff,JFK,31L,1790698821.47,2026-09-29T16:20:21Z,40.633564,-73.784058,300.9,a5e9f4,N480PX,CRJ9,BOMBARDIER Regional Jet CRJ-900,0
takeoff,LGA,22,1790698882.94,2026-09-29T16:21:22Z,40.770985,-73.881119,213.8,a4b64b,N402YX,E75L,EMBRAER ERJ-170-200 (long wing),0
landing,LGA,31,1790698885.43,2026-09-29T16:21:25Z,40.776734,-73.866874,300.9,a30961,N295PQ,CRJ9,BOMBARDIER Regional Jet CRJ-900,0
takeoff,JFK,31L,1790698889.14,2026-09-29T16:21:29Z,40.62973,-73.775604,300.9,a36b50,N3195J,BCS3,,0
landing,LGA,31,1790698949.82,2026-09-29T16:22:29Z,40.776569,-73.866577,303.8,a9d626,N73291,B738,BOEING 737-800,0
landing,JFK,31R,1790698965.03,2026-09-29T16:22:45Z,40.65173,-73.77697,300.9,44ccd1,OO-SFQ,A333,AIRBUS A-330-300,0
takeoff,LGA,31,1790699018.0,2026-09-29T16:23:38Z,40.777702,-73.873672,300.9,a77d89,N582CA,CRJ9,BOMBARDIER Regional Jet CRJ-900,0
takeoff,JFK,31L,1790699057.66,2026-09-29T16:24:17Z,40.630688,-73.777703,300.9,a7e5c1,N608JB,A320,AIRBUS A-320,0
landing,LGA,31,1790699087.92,2026-09-29T16:24:47Z,40.778824,-73.871262,303.8,a1f822,N226JQ,E75L,EMBRAER ERJ-170-200 (long wing),0
landing,JFK,31R,1790699105.83,2026-09-29T16:25:05Z,40.650124,-73.773412,300.9,a37842,N3221J,BCS3,,0
landing,LGA,31,1790699171.39,2026-09-29T16:26:11Z,40.776944,-73.867326,303.8,c055f2,C-GGOF,DH8D,DE HAVILLAND DHC-8-400 Dash 8,0
takeoff,JFK,31L,1790699192.09,2026-09-29T16:26:32Z,40.630554,-73.777405,300.9,ab355c,N821JB,A320,AIRBUS A-320,0
landing,JFK,31R,1790699236.61,2026-09-29T16:27:16Z,40.650345,-73.773849,300.9,400776,G-VIIY,B772,BOEING 777-200,0
landing,LGA,31,1790699258.22,2026-09-29T16:27:38Z,40.777537,-73.868559,303.8,a471ec,N386DN,A321,AIRBUS A-321,0
landing,LGA,31,1790699334.44,2026-09-29T16:28:54Z,40.776718,-73.866837,303.8,a69894,N524JB,A320,AIRBUS A-320,0
landing,JFK,31R,1790699407.03,2026-09-29T16:30:07Z,40.653802,-73.781558,300.9,a030a8,N111HQ,E75L,EMBRAER ERJ-170-200 (long wing),0
landing,JFK,31L,1790699448.99,2026-09-29T16:30:48Z,40.638874,-73.795761,300.9,a13af4,N179DN,B763,BOEING 767-300,0
landing,LGA,31,1790699483.52,2026-09-29T16:31:23Z,40.776981,-73.867432,303.8,ace7bf,N930XJ,CRJ9,BOMBARDIER Regional Jet CRJ-900,0
takeoff,LGA,04,1790699521.8,2026-09-29T16:32:01Z,40.773182,-73.880814,30.9,a445f8,N3747D,B738,BOEING 737-800,0
landing,JFK,31R,1790699525.56,2026-09-29T16:32:05Z,40.650694,-73.774629,300.9,a071c8,N128DU,BCS1,AIRBUS A220-100,0
takeoff,JFK,31L,1790699538.5,2026-09-29T16:32:18Z,40.630863,-73.778091,300.9,ad3cdf,N952JB,A321,AIRBUS A-321,0
takeoff,LGA,04,1790699587.12,2026-09-29T16:33:07Z,40.771854,-73.881912,30.9,acc1ee,N921AN,B738,BOEING 737-800,0
landing,JFK,31R,1790699616.05,2026-09-29T16:33:36Z,40.651008,-73.775316,300.9,a3244c,N301NY,A21N,AIRBUS A-321neo,0
takeoff,JFK,31L,1790699627.32,2026-09-29T16:33:47Z,40.63076,-73.777893,300.9,a3ca1a,N343SY,B38M,BOEING 737 MAX 8,0
landing,LGA,31,1790699653.4,2026-09-29T16:34:13Z,40.777325,-73.868118,300.9,abe2f6,N865RW,E170,EMBRAER ERJ-170-100,0
takeoff,JFK,31L,1790699700.45,2026-09-29T16:35:00Z,40.630737,-73.777786,300.9,a3c291,N341RW,B38M,BOEING 737 MAX 8,0
landing,JFK,31R,1790699716.17,2026-09-29T16:35:16Z,40.649963,-73.77301,300.9,ac801e,N904XJ,CRJ9,BOMBARDIER Regional Jet CRJ-900,0
takeoff,LGA,22,1790699725.56,2026-09-29T16:35:25Z,40.770664,-73.881393,213.8,ab1d06,N815MD,E170,EMBRAER ERJ-170-100,0
takeoff,LGA,22,1790699754.28,2026-09-29T16:35:54Z,40.770664,-73.881393,213.8,a01097,N103HQ,E75L,EMBRAER ERJ-170-200 (long wing),0
takeoff,JFK,31L,1790699765.8,2026-09-29T16:36:05Z,40.630371,-73.776993,300.9,ad9712,N975JT,A321,AIRBUS A-321,0
landing,LGA,31,1790699799.03,2026-09-29T16:36:39Z,40.776649,-73.866714,300.9,a385ee,N326PQ,CRJ9,BOMBARDIER Regional Jet CRJ-900,0
landing,JFK,31R,1790699801.04,2026-09-29T16:36:41Z,40.65097,-73.775253,300.9,394a06,F-GSQG,B77W,BOEING 777-300ER,0
takeoff,LGA,04,1790699882.41,2026-09-29T16:38:02Z,40.773476,-73.880575,25.3,a92ea0,N691CA,CRJ9,BOMBARDIER Regional Jet CRJ-900,0
landing,JFK,31R,1790699935.82,2026-09-29T16:38:55Z,40.650333,-73.773864,300.9,4b1883,HB-JHJ,A333,AIRBUS A-330-300,0
landing,LGA,31,1790699959.09,2026-09-29T16:39:19Z,40.776769,-73.866952,300.9,a2fb32,N291WN,B737,BOEING 737-700,0
takeoff,JFK,31L,1790699962.74,2026-09-29T16:39:22Z,40.630806,-73.777969,300.9,add734,N991JT,A321,AIRBUS A-321,0
takeoff,LGA,22,1790699962.86,2026-09-29T16:39:22Z,40.770345,-73.881699,222.2,a8847f,N648RW,E170,EMBRAER ERJ-170-100,0
takeoff,LGA,22,1790700016.27,2026-09-29T16:40:16Z,40.770275,-73.88176,219.4,a7cc00,N601LR,CRJ9,BOMBARDIER Regional Jet CRJ-900,0
takeoff,LGA,04,1790700036.46,2026-09-29T16:40:36Z,40.77244,-73.881434,30.9,a441ac,N37325,B38M,BOEING 737 MAX 8,0
takeoff,LGA,04,1790700121.47,2026-09-29T16:42:01Z,40.770218,-73.88327,30.9,aa0ca5,N747BA,GA7C,GULFSTREAM G700,0
takeoff,LGA,22,1790700195.92,2026-09-29T16:43:15Z,40.769775,-73.882417,225.0,a1dd2d,N219YX,E75L,EMBRAER ERJ-170-200 (long wing),0
landing,LGA,31,1790700199.17,2026-09-29T16:43:19Z,40.777142,-73.867767,303.8,a07177,N128AN,A321,AIRBUS A-321,0
landing,JFK,31R,1790700226.4,2026-09-29T16:43:46Z,40.650719,-73.774689,300.9,a38e69,N3280J,BCS3,AIRBUS A220-300,0
landing,LGA,31,1790700333.81,2026-09-29T16:45:33Z,40.777428,-73.868317,303.8,acfa52,N935XJ,CRJ9,BOMBARDIER Regional Jet CRJ-900,0
landing,JFK,31R,1790700341.36,2026-09-29T16:45:41Z,40.651474,-73.776408,300.9,acaf0b,N916XJ,CRJ9,BOMBARDIER Regional Jet CRJ-900,0
landing,JFK,31R,1790700439.44,2026-09-29T16:47:19Z,40.651634,-73.776718,299.6,ab5c12,N831AA,B789,BOEING 787-9 Dreamliner,0
takeoff,LGA,04,1790700441.36,2026-09-29T16:47:21Z,40.771684,-73.882073,28.1,a6ec95,N545XJ,CL30,BOMBARDIER BD-100 Challenger 300,0
landing,LGA,31,1790700509.13,2026-09-29T16:48:29Z,40.77832,-73.870209,300.9,a52cc8,N432YX,E75L,EMBRAER ERJ-170-200 (long wing),0
takeoff,LGA,04,1790700530.95,2026-09-29T16:48:50Z,40.772545,-73.88134,28.1,a39723,N330PQ,CRJ9,BOMBARDIER Regional Jet CRJ-900,0
takeoff,JFK,31L,1790700594.99,2026-09-29T16:49:54Z,40.630772,-73.777893,300.9,a19910,N2017J,A21N,AIRBUS A-321neo,0
landing,LGA,31,1790700610.34,2026-09-29T16:50:10Z,40.777689,-73.868918,298.1,a09961,N138EV,CRJ9,BOMBARDIER Regional Jet CRJ-900,0
takeoff,LGA,04,1790700673.61,2026-09-29T16:51:13Z,40.772312,-73.881531,30.9,a123e2,N17264,B38M,BOEING 737 MAX 8,0
takeoff,JFK,31L,1790700677.21,2026-09-29T16:51:17Z,40.630383,-73.777039,300.9,710119,HZ-AK41,B77W,BOEING 777-300ER,0
takeoff,LGA,22,1790700691.26,2026-09-29T16:51:31Z,40.770659,-73.881402,210.9,a53436,N434YX,E75L,EMBRAER ERJ-170-200 (long wing),0
landing,JFK,31R,1790700764.57,2026-09-29T16:52:44Z,40.650318,-73.773788,300.9,4ca74e,EI-EAV,A333,AIRBUS A-330-300,0
takeoff,JFK,31L,1790700800.26,2026-09-29T16:53:20Z,40.630723,-73.777781,300.9,ac98c1,N910XJ,CRJ9,BOMBARDIER Regional Jet CRJ-900,0
landing,JFK,31R,1790700957.34,2026-09-29T16:55:57Z,40.651241,-73.775831,300.9,acc9b2,N923DZ,B739,BOEING 737-900,0
landing,LGA,31,1790701027.04,2026-09-29T16:57:07Z,40.777977,-73.869522,300.9,aa56b6,N76517,B738,BOEING 737-800,0
landing,JFK,31L,1790701075.34,2026-09-29T16:57:55Z,40.642651,-73.804108,303.8,a17b16,N195DN,B763,BOEING 767-300,0
landing,LGA,31,1790701096.06,2026-09-29T16:58:16Z,40.777645,-73.86879,303.8,ac878c,N906XJ,CRJ9,BOMBARDIER Regional Jet CRJ-900,0
landing,JFK,31R,1790701123.96,2026-09-29T16:58:43Z,40.651268,-73.775894,300.9,3965b4,F-GZNU,B77W,BOEING 777-300ER,0
takeoff,LGA,04,1790701129.23,2026-09-29T16:58:49Z,40.772475,-73.881402,30.9,a082ac,N132AN,A321,AIRBUS A-321,0
takeoff,JFK,31L,1790701170.32,2026-09-29T16:59:30Z,40.631329,-73.779092,299.6,507c55,UK-78705,B788,BOEING 787-8 Dreamliner,0
landing,LGA,31,1790701213.32,2026-09-29T17:00:13Z,40.777607,-73.8687,303.8,a55f6c,N445YX,E75L,EMBRAER ERJ-170-200 (long wing),0
landing,JFK,31R,1790701276.75,2026-09-29T17:01:16Z,40.651032,-73.775378,300.9,a198ed,N2016J,A21N,AIRBUS A-321neo,0
landing,LGA,31,1790701290.55,2026-09-29T17:01:30Z,40.776901,-73.867218,300.9,a562e8,N446WN,B737,BOEING 737-700,0
takeoff,LGA,04,1790701328.2,2026-09-29T17:02:08Z,40.771866,-73.881912,30.9,abbd2d,N8556Z,B738,BOEING 737-800,0
takeoff,JFK,31L,1790701372.13,2026-09-29T17:02:52Z,40.630474,-73.777237,300.9,a414e8,N362NB,A319,AIRBUS A-319,0
landing,JFK,31R,1790701373.59,2026-09-29T17:02:53Z,40.652561,-73.778732,300.9,a124b5,N173DZ,B763,BOEING 767-300,0
landing,JFK,31L,1790701490.78,2026-09-29T17:04:50Z,40.639394,-73.796898,300.9,ad10ec,N941AN,B738,BOEING 737-800,0
landing,JFK,31R,1790701491.93,2026-09-29T17:04:51Z,40.65184,-73.777161,300.9,aca79d,N914XJ,CRJ9,BOMBARDIER Regional Jet CRJ-900,0
landing,LGA,31,1790701504.18,2026-09-29T17:05:04Z,40.77699,-73.867404,303.8,a34e9d,N312DU,BCS3,AIRBUS A220-300,0
takeoff,LGA,04,1790701533.5,2026-09-29T17:05:33Z,40.771346,-73.882339,30.9,a06a54,N126DN,A321,AIRBUS A-321,0
landing,JFK,31R,1790701566.59,2026-09-29T17:06:06Z,40.650718,-73.774676,300.9,a324ce,N301UC,B38M,BOEING 737 MAX 8,0
takeoff,JFK,31L,1790701569.04,2026-09-29T17:06:09Z,40.6306,-73.777512,300.9,a417fe,N363FR,A20N,AIRBUS A-320neo,0
landing,LGA,31,1790701596.98,2026-09-29T17:06:36Z,40.775482,-73.864212,303.8,c04688,C-GASL,E545,EMBRAER EMB545 Praetor 500,0
takeoff,LGA,04,1790701653.88,2026-09-29T17:07:33Z,40.770264,-73.883228,33.8,ada699,N979RP,E170,EMBRAER ERJ-170-100,0
landing,JFK,31R,1790701657.69,2026-09-29T17:07:37Z,40.6516,-73.776627,300.9,aae6d5,N801NW,A333,AIRBUS A-330-300,0
takeoff,LGA,04,1790701692.04,2026-09-29T17:08:12Z,40.77038,-73.883135,30.9,abd063,N860RW,E170,EMBRAER ERJ-170-100,0
landing,JFK,31L,1790701749.07,2026-09-29T17:09:09Z,40.638195,-73.794261,298.1,accb65,N923XJ,CRJ9,BOMBARDIER Regional Jet CRJ-900,0
takeoff,LGA,04,1790701788.75,2026-09-29T17:09:48Z,40.774151,-73.880029,30.9,a38af8,N3272J,BCS3,AIRBUS A220-300,0
landing,JFK,31R,1790701801.14,2026-09-29T17:10:01Z,40.649414,-73.77182,300.9,a7b40e,N596DT,,,0
landing,LGA,31,1790701830.5,2026-09-29T17:10:30Z,40.777428,-73.868317,300.9,a0cc06,N150UW,A321,AIRBUS A-321,0
landing,JFK,31R,1790701875.84,2026-09-29T17:11:15Z,40.652929,-73.779545,300.9,a9a399,N720AN,B77W,BOEING 777-300ER,0
takeoff,JFK,31L,1790701881.49,2026-09-29T17:11:21Z,40.631172,-73.778763,300.9,ab2b23,N819DN,B739,BOEING 737-900,0
takeoff,LGA,04,1790701911.55,2026-09-29T17:11:51Z,40.772049,-73.88176,30.9,a486d8,N391DN,A321,AIRBUS A-321,0
landing,JFK,31R,1790701974.72,2026-09-29T17:12:54Z,40.651055,-73.775425,300.9,300a62,I-ITYF,A339,AIRBUS A-330-900,0
landing,LGA,31,1790701975.65,2026-09-29T17:12:55Z,40.777565,-73.868607,300.9,a01b56,N106DN,A321,AIRBUS A-321,0
takeoff,LGA,04,1790702004.79,2026-09-29T17:13:24Z,40.770229,-73.883255,30.9,a230d6,N240JQ,E75L,EMBRAER ERJ-170-200 (long wing),0
takeoff,LGA,04,1790702046.31,2026-09-29T17:14:06Z,40.770195,-73.883286,33.8,a23844,N242JQ,E75L,EMBRAER ERJ-170-200 (long wing),0
landing,JFK,31R,1790702080.2,2026-09-29T17:14:40Z,40.650948,-73.775177,300.9,aa7468,N773CK,B77L,BOEING 777-200LR,0
landing,LGA,31,1790702109.75,2026-09-29T17:15:09Z,40.7784,-73.870392,300.9,a24369,N245JQ,E75L,EMBRAER ERJ-170-200 (long wing),0
takeoff,LGA,04,1790702136.12,2026-09-29T17:15:36Z,40.77251,-73.881371,28.1,a320a6,N300PQ,CRJ9,BOMBARDIER Regional Jet CRJ-900,0
takeoff,LGA,22,1790702178.72,2026-09-29T17:16:18Z,40.769775,-73.882401,225.0,a5307f,N433YX,E75L,EMBRAER ERJ-170-200 (long wing),0
landing,JFK,31R,1790702183.7,2026-09-29T17:16:23Z,40.650927,-73.77516,300.9,780a61,B-KQM,B77W,BOEING 777-300ER,0
landing,LGA,31,1790702191.75,2026-09-29T17:16:31Z,40.777014,-73.867529,303.8,a34bdc,N311PQ,CRJ9,BOMBARDIER Regional Jet CRJ-900,0
takeoff,LGA,04,1790702226.97,2026-09-29T17:17:06Z,40.771148,-73.882495,30.9,a4c6af,N407AN,A21N,AIRBUS A-321neo,0
landing,LGA,31,1790702272.61,2026-09-29T17:17:52Z,40.777118,-73.867685,300.9,a451db,N378DN,A321,AIRBUS A-321,0
takeoff,LGA,22,1790702337.54,2026-09-29T17:18:57Z,40.770019,-73.882089,225.0,c055f2,C-GGOF,DH8D,DE HAVILLAND DHC-8-400 Dash 8,0
landing,JFK,31L,1790702351.93,2026-09-29T17:19:11Z,40.638725,-73.795441,298.1,a15795,N186GJ,CRJ9,BOMBARDIER Regional Jet CRJ-900,0
landing,LGA,31,1790702384.49,2026-09-29T17:19:44Z,40.778629,-73.870865,303.8,ac159a,N878RW,E170,EMBRAER ERJ-170-100,0
takeoff,JFK,31L,1790702401.96,2026-09-29T17:20:01Z,40.628735,-73.773392,300.9,a026e1,N109HQ,E75L,EMBRAER ERJ-170-200 (long wing),0
landing,LGA,31,1790702463.71,2026-09-29T17:21:03Z,40.778812,-73.871277,300.9,a1fbd9,N227JQ,E75L,EMBRAER ERJ-170-200 (long wing),0
takeoff,JFK,31L,1790702486.88,2026-09-29T17:21:26Z,40.630909,-73.778183,300.9,a35109,N3123J,BCS3,AIRBUS A220-300,0
takeoff,LGA,04,1790702496.79,2026-09-29T17:21:36Z,40.771823,-73.881949,30.9,a3b50f,N338RS,B38M,BOEING 737 MAX 8,0
landing,JFK,31R,1790702574.07,2026-09-29T17:22:54Z,40.651672,-73.776783,300.9,ac9ff2,N912UY,A321,AIRBUS A-321,0
landing,JFK,31L,1790702578.17,2026-09-29T17:22:58Z,40.63816,-73.794167,300.9,a61173,N490PX,CRJ9,BOMBARDIER Regional Jet CRJ-900,0
landing,LGA,31,1790702578.6,2026-09-29T17:22:58Z,40.77824,-73.870056,303.8,a3c9c5,N343PN,B738,BOEING 737-800,0
takeoff,LGA,04,1790702604.87,2026-09-29T17:23:24Z,40.77024,-73.883228,30.9,a51b93,N428YX,E75L,EMBRAER ERJ-170-200 (long wing),0
takeoff,LGA,22,1790702662.92,2026-09-29T17:24:22Z,40.770195,-73.881851,219.4,a5255a,N430YX,E75L,EMBRAER ERJ-170-200 (long wing),0
landing,LGA,31,1790702672.11,2026-09-29T17:24:32Z,40.77706,-73.867592,298.1,a33e5e,N308PQ,CRJ9,BOMBARDIER Regional Jet CRJ-900,0
landing,JFK,31R,1790702684.94,2026-09-29T17:24:44Z,40.652309,-73.778183,300.9,a20347,N229JQ,E75L,EMBRAER ERJ-170-200 (long wing),0
landing,JFK,31L,1790702750.67,2026-09-29T17:25:50Z,40.638335,-73.794557,300.9,a79046,N587DT,A21N,AIRBUS A-321neo,0
landing,JFK,31R,1790702757.93,2026-09-29T17:25:57Z,40.651829,-73.77713,300.9,aabf80,N792AN,B772,BOEING 777-200,0
landing,LGA,31,1790702787.85,2026-09-29T17:26:27Z,40.777549,-73.86859,300.9,a4ddca,N412YX,E75L,EMBRAER ERJ-170-200 (long wing),0
takeoff,LGA,04,1790702812.53,2026-09-29T17:26:52Z,40.771523,-73.882187,33.8,a30961,N295PQ,CRJ9,BOMBARDIER Regional Jet CRJ-900,0
landing,JFK,31R,1790702852.4,2026-09-29T17:27:32Z,40.653866,-73.781601,300.9,3c6519,D-AIHY,A346,AIRBUS A-340-600,0
landing,LGA,31,1790702892.28,2026-09-29T17:28:12Z,40.777677,-73.868918,300.9,ab3d39,N823NN,B738,BOEING 737-800,0
landing,JFK,31L,1790702948.74,2026-09-29T17:29:08Z,40.638882,-73.795759,300.9,a39be7,N3310J,,,0
landing,LGA,31,1790702964.52,2026-09-29T17:29:24Z,40.777508,-73.868515,303.8,ac249e,N8815L,B38M,BOEING 737 MAX 8,0
landing,JFK,31R,1790702976.6,2026-09-29T17:29:36Z,40.651369,-73.77608,298.1,ab120b,N812NW,A333,AIRBUS A-330-300,0
landing,JFK,31L,1790703053.14,2026-09-29T17:30:53Z,40.639056,-73.79618,300.9,a3845c,N3258J,BCS3,,0
landing,LGA,31,1790703099.15,2026-09-29T17:31:39Z,40.777316,-73.868075,300.9,a3e011,N349PQ,CRJ9,BOMBARDIER Regional Jet CRJ-900,0
landing,JFK,31R,1790703108.68,2026-09-29T17:31:48Z,40.651532,-73.776471,300.9,ad1927,N943JT,A321,AIRBUS A-321,0
takeoff,LGA,04,1790703133.28,2026-09-29T17:32:13Z,40.77258,-73.881324,33.8,a2c93f,N279PQ,CRJ9,BOMBARDIER Regional Jet CRJ-900,0
landing,JFK,31L,1790703167.07,2026-09-29T17:32:47Z,40.639927,-73.79805,300.9,a4e181,N413YX,E75L,EMBRAER ERJ-170-200 (long wing),0
landing,JFK,31R,1790703180.44,2026-09-29T17:33:00Z,40.651463,-73.776337,300.9,ab772d,N838MH,B764,BOEING 767-400,0
landing,LGA,31,1790703191.76,2026-09-29T17:33:11Z,40.778643,-73.870884,300.9,a046f2,N117HQ,E75L,EMBRAER ERJ-170-200 (long wing),0
takeoff,JFK,31L,1790703208.36,2026-09-29T17:33:28Z,40.628757,-73.773453,300.9,a1a56d,N205JQ,E75L,EMBRAER ERJ-170-200 (long wing),0
takeoff,LGA,04,1790703209.64,2026-09-29T17:33:29Z,40.770241,-73.883255,30.9,a89d22,N654RW,E170,EMBRAER ERJ-170-100,0
landing,LGA,31,1790703277.96,2026-09-29T17:34:37Z,40.777073,-73.867615,303.8,a486cc,N391DA,B738,BOEING 737-800,0
landing,JFK,31R,1790703301.42,2026-09-29T17:35:01Z,40.651085,-73.775497,300.9,aa542f,N765AV,A20N,AIRBUS A-320neo,0
landing,JFK,31L,1790703310.2,2026-09-29T17:35:10Z,40.639297,-73.796692,298.1,0c2179,HP-9923CMP,B39M,BOEING 737 MAX 9,0
takeoff,LGA,04,1790703331.88,2026-09-29T17:35:31Z,40.771579,-73.882136,30.9,a35e6f,N316PQ,CRJ9,BOMBARDIER Regional Jet CRJ-900,0
takeoff,JFK,31L,1790703370.09,2026-09-29T17:36:10Z,40.630383,-73.777054,300.9,ac45ac,N890DN,B739,BOEING 737-900,0
landing,LGA,31,1790703398.2,2026-09-29T17:36:38Z,40.776944,-73.867342,303.8,c07973,C-GTZU,BCS3,AIRBUS A220-300,0
landing,JFK,31R,1790703403.4,2026-09-29T17:36:43Z,40.651567,-73.776611,300.9,4caeb3,EI-TYD,A339,AIRBUS A-330-900,0
takeoff,LGA,04,1790703427.1,2026-09-29T17:37:07Z,40.771786,-73.881989,30.9,a14502,N181GJ,CRJ9,BOMBARDIER Regional Jet CRJ-900,0
takeoff,LGA,22,1790703461.95,2026-09-29T17:37:41Z,40.770427,-73.881605,213.8,a1f822,N226JQ,E75L,EMBRAER ERJ-170-200 (long wing),0
landing,JFK,31L,1790703465.32,2026-09-29T17:37:45Z,40.638276,-73.794448,298.1,a31486,N298PQ,CRJ9,BOMBARDIER Regional Jet CRJ-900,0
landing,LGA,31,1790703486.68,2026-09-29T17:38:06Z,40.778378,-73.870346,300.9,a1ba59,N210JQ,E75L,EMBRAER ERJ-170-200 (long wing),0
landing,JFK,13L,1790703508.11,2026-09-29T17:38:28Z,40.648402,-73.77672,165.9,a38b61,N3275J,BCS3,AIRBUS A220-300,0
takeoff,JFK,31L,1790703526.28,2026-09-29T17:38:46Z,40.630966,-73.778351,300.9,4bb141,TC-LJA,B77W,BOEING 777-300ER,0
landing,JFK,31R,1790703534.64,2026-09-29T17:38:54Z,40.651852,-73.777206,300.9,a1cf48,N2156J,A21N,AIRBUS A-321neo,0
landing,LGA,31,1790703551.84,2026-09-29T17:39:11Z,40.777177,-73.867794,300.9,a3dc5a,N348PQ,CRJ9,BOMBARDIER Regional Jet CRJ-900,0
takeoff,LGA,04,1790703591.04,2026-09-29T17:39:51Z,40.771265,-73.882401,30.9,a0fbfa,N16234,B738,BOEING 737-800,0
takeoff,LGA,22,1790703595.44,2026-09-29T17:39:55Z,40.770378,-73.881653,219.4,a8996b,N653RW,E170,EMBRAER ERJ-170-100,0
takeoff,JFK,31L,1790703612.41,2026-09-29T17:40:12Z,40.630886,-73.778137,300.9,010283,SU-GGE,A359,AIRBUS A-350-900,0
landing,JFK,31R,1790703615.71,2026-09-29T17:40:15Z,40.650648,-73.77452,300.9,a6152a,N491PX,CRJ9,BOMBARDIER Regional Jet CRJ-900,0
landing,LGA,31,1790703663.38,2026-09-29T17:41:03Z,40.777828,-73.869324,295.3,ab0a73,N810MD,E170,EMBRAER ERJ-170-100,0
takeoff,LGA,22,1790703676.45,2026-09-29T17:41:16Z,40.770309,-73.881729,222.2,a1b449,N209JQ,E75L,EMBRAER ERJ-170-200 (long wing),0
takeoff,LGA,04,1790703689.14,2026-09-29T17:41:29Z,40.77187,-73.881902,30.9,a38c66,N328DU,BCS3,,0
landing,JFK,31L,1790703689.21,2026-09-29T17:41:29Z,40.639452,-73.797039,300.9,a45051,N3771K,B738,BOEING 737-800,0
landing,JFK,31R,1790703702.28,2026-09-29T17:41:42Z,40.651369,-73.776127,300.9,a12c23,N175DZ,B763,BOEING 767-300,0
takeoff,JFK,31L,1790703755.8,2026-09-29T17:42:35Z,40.630782,-73.777891,298.1,acdfa3,N929AK,B39M,BOEING 737 MAX 9,0
landing,LGA,31,1790703814.86,2026-09-29T17:43:34Z,40.77791,-73.869339,298.1,a01805,N105HQ,E75L,EMBRAER ERJ-170-200 (long wing),0
landing,JFK,31R,1790703819.62,2026-09-29T17:43:39Z,40.651451,-73.776352,300.9,ab4c76,N827SK,CRJ9,BOMBARDIER Regional Jet CRJ-900,0
takeoff,JFK,31L,1790703840.99,2026-09-29T17:44:00Z,40.630479,-73.777235,300.9,86951c,JA793A,B77W,BOEING 777-300ER,0
landing,LGA,31,1790703897.59,2026-09-29T17:44:57Z,40.777386,-73.868216,300.9,a0b88f,N14569,A21N,AIRBUS A-321neo,0
landing,JFK,31R,1790703918.77,2026-09-29T17:45:18Z,40.652458,-73.778503,300.9,a1c1c7,N212JQ,E75L,EMBRAER ERJ-170-200 (long wing),0
takeoff,JFK,31L,1790703930.15,2026-09-29T17:45:30Z,40.630943,-73.778259,299.6,7380ca,4X-EDL,B789,BOEING 787-9 Dreamliner,0
landing,JFK,31R,1790703993.82,2026-09-29T17:46:33Z,40.650799,-73.774863,299.6,0d085c,XA-AMX,B788,BOEING 787-8 Dreamliner,0
landing,LGA,31,1790703995.29,2026-09-29T17:46:35Z,40.777565,-73.868607,303.8,a77b76,N581UW,A321,AIRBUS A-321,0
takeoff,JFK,31L,1790704010.95,2026-09-29T17:46:50Z,40.631584,-73.779663,300.9,71be19,HL7619,A388,AIRBUS A-380-800,0
takeoff,LGA,04,1790704035.82,2026-09-29T17:47:15Z,40.771889,-73.881897,30.9,ace7bf,N930XJ,CRJ9,BOMBARDIER Regional Jet CRJ-900,0
landing,LGA,31,1790704122.25,2026-09-29T17:48:42Z,40.777084,-73.867607,303.8,a3a8c0,N335DU,BCS3,AIRBUS A220-300,0
landing,JFK,31R,1790704130.5,2026-09-29T17:48:50Z,40.651428,-73.776215,300.9,a4c02d,N405KZ,B744,BOEING 747-400,0
takeoff,JFK,31L,1790704171.35,2026-09-29T17:49:31Z,40.631023,-73.778458,299.6,47c968,LN-LNO,B789,BOEING 787-9 Dreamliner,0
landing,LGA,31,1790704192.86,2026-09-29T17:49:52Z,40.77727,-73.868013,303.8,a3b124,N337PQ,CRJ9,BOMBARDIER Regional Jet CRJ-900,0
takeoff,LGA,04,1790704238.63,2026-09-29T17:50:38Z,40.772417,-73.881449,30.9,a69894,N524JB,A320,AIRBUS A-320,0
landing,JFK,31R,1790704285.44,2026-09-29T17:51:25Z,40.650387,-73.773941,298.1,ac8efa,N908XJ,CRJ9,BOMBARDIER Regional Jet CRJ-900,0
takeoff,JFK,31L,1790704294.62,2026-09-29T17:51:34Z,40.630537,-73.77736,303.8,a38237,N325PQ,CRJ9,BOMBARDIER Regional Jet CRJ-900,0
landing,LGA,31,1790704322.36,2026-09-29T17:52:02Z,40.777351,-73.868169,300.9,a43b91,N372DN,A321,AIRBUS A-321,0
takeoff,JFK,31L,1790704351.28,2026-09-29T17:52:31Z,40.63056,-73.777422,300.9,acb2c2,N917XJ,CRJ9,BOMBARDIER Regional Jet CRJ-900,0
landing,JFK,31R,1790704361.21,2026-09-29T17:52:41Z,40.650915,-73.775113,300.9,407e21,G-VLDY,A339,AIRBUS A-330-900,0
takeoff,LGA,04,1790704365.71,2026-09-29T17:52:45Z,40.772575,-73.881332,30.9,a2fb32,N291WN,B737,BOEING 737-700,0
takeoff,JFK,31L,1790704396.95,2026-09-29T17:53:16Z,40.630486,-73.777252,300.9,a38633,N326SJ,B38M,BOEING 737 MAX 8,0
landing,LGA,31,1790704418.16,2026-09-29T17:53:38Z,40.777619,-73.868731,300.9,ac0941,N875DN,B739,BOEING 737-900,0
takeoff,JFK,31L,1790704460.91,2026-09-29T17:54:20Z,40.631561,-73.779623,300.9,a38836,N3269J,BCS3,AIRBUS A220-300,0
landing,JFK,31R,1790704518.69,2026-09-29T17:55:18Z,40.650799,-73.774841,300.9,a3d10f,N345NB,A319,AIRBUS A-319,0
landing,JFK,31L,1790704527.51,2026-09-29T17:55:27Z,40.639103,-73.796258,300.9,a0f46f,N1603,B763,BOEING 767-300,0
landing,LGA,31,1790704563.98,2026-09-29T17:56:03Z,40.778713,-73.871025,300.9,aa5a0e,N766YX,E75L,EMBRAER ERJ-170-200 (long wing),0
landing,JFK,31R,1790704608.16,2026-09-29T17:56:48Z,40.652573,-73.778763,300.9,a546c9,N439YX,E75L,EMBRAER ERJ-170-200 (long wing),0
takeoff,JFK,31L,1790704611.27,2026-09-29T17:56:51Z,40.631081,-73.778595,298.1,a38b61,N3275J,BCS3,AIRBUS A220-300,0
landing,LGA,31,1790704629.19,2026-09-29T17:57:09Z,40.777281,-73.868028,303.8,aaea84,N802NN,B738,BOEING 737-800,0
takeoff,JFK,31L,1790704646.19,2026-09-29T17:57:26Z,40.628872,-73.773682,300.9,a030a8,N111HQ,E75L,EMBRAER ERJ-170-200 (long wing),0
landing,LGA,31,1790704697.92,2026-09-29T17:58:17Z,40.777258,-73.867997,303.8,abdd91,N8639B,B738,BOEING 737-800,0
takeoff,JFK,31L,1790704707.11,2026-09-29T17:58:27Z,40.630921,-73.778218,300.9,ac801e,N904XJ,CRJ9,BOMBARDIER Regional Jet CRJ-900,0
takeoff,JFK,31L,1790704760.08,2026-09-29T17:59:20Z,40.629982,-73.776123,300.9,845d04,JA10WJ,A35K,AIRBUS A-350-1000,0
landing,JFK,31R,1790704767.46,2026-09-29T17:59:27Z,40.650648,-73.774551,300.9,a37517,N3215J,BCS3,AIRBUS A220-300,0
landing,LGA,31,1790704822.77,2026-09-29T18:00:22Z,40.776833,-73.867126,300.9,a0acf8,N14230,B738,BOEING 737-800,0
takeoff,LGA,04,1790704845.75,2026-09-29T18:00:45Z,40.770161,-73.883316,30.9,a55f6c,N445YX,E75L,EMBRAER ERJ-170-200 (long wing),0
landing,JFK,31R,1790704870.98,2026-09-29T18:01:10Z,40.650764,-73.774841,300.9,abca08,N859NW,A332,AIRBUS A-330-200,0
landing,JFK,31L,1790704877.48,2026-09-29T18:01:17Z,40.639904,-73.79805,300.9,a4b294,N401YX,E75L,EMBRAER ERJ-170-200 (long wing),0
takeoff,JFK,31L,1790704933.51,2026-09-29T18:02:13Z,40.631161,-73.778793,299.6,04c11c,5Y-KZF,B788,BOEING 787-8 Dreamliner,0
landing,LGA,31,1790704940.77,2026-09-29T18:02:20Z,40.777565,-73.868622,300.9,ac1951,N879RW,E170,EMBRAER ERJ-170-100,0
landing,JFK,31R,1790704959.94,2026-09-29T18:02:39Z,40.650902,-73.775116,300.9,780f3c,B-7369,B77W,BOEING 777-300ER,0
takeoff,LGA,22,1790704971.97,2026-09-29T18:02:51Z,40.770822,-73.884274,210.9,a4bdb9,N404YX,E75L,EMBRAER ERJ-170-200 (long wing),0
takeoff,LGA,04,1790704975.01,2026-09-29T18:02:55Z,40.77379,-73.880326,30.9,acfa52,N935XJ,CRJ9,BOMBARDIER Regional Jet CRJ-900,0
takeoff,JFK,31L,1790705041.17,2026-09-29T18:04:01Z,40.631001,-73.778381,298.1,a071c8,N128DU,BCS1,AIRBUS A220-100,0
landing,LGA,31,1790705044.02,2026-09-29T18:04:04Z,40.777782,-73.869136,298.1,a1a1b6,N204JQ,E75L,EMBRAER ERJ-170-200 (long wing),0
landing,JFK,31R,1790705080.78,2026-09-29T18:04:40Z,40.651966,-73.777466,299.6,485f85,PH-BKS,B78X,BOEING 787-10 Dreamliner,0
takeoff,JFK,31L,1790705092.71,2026-09-29T18:04:52Z,40.630257,-73.776764,300.9,a69bcd,N525DA,A21N,AIRBUS A-321neo,0
landing,LGA,31,1790705156.61,2026-09-29T18:05:56Z,40.778119,-73.871087,261.6,a03bcd,N114HQ,E75L,EMBRAER ERJ-170-200 (long wing),0
takeoff,LGA,04,1790705175.28,2026-09-29T18:06:15Z,40.773331,-73.880707,30.9,a07177,N128AN,A321,AIRBUS A-321,0
landing,JFK,31L,1790705197.6,2026-09-29T18:06:37Z,40.639324,-73.796789,300.9,abb007,N852NW,A332,AIRBUS A-330-200,0
landing,LGA,31,1790705216.22,2026-09-29T18:06:56Z,40.777119,-73.867706,300.9,a39fb1,N33203,B738,BOEING 737-800,0
landing,JFK,31R,1790705230.39,2026-09-29T18:07:10Z,40.65049,-73.774216,300.9,ab6162,N832SK,CRJ9,BOMBARDIER Regional Jet CRJ-900,0
takeoff,LGA,04,1790705245.26,2026-09-29T18:07:25Z,40.77031,-73.883197,30.9,a52cc8,N432YX,E75L,EMBRAER ERJ-170-200 (long wing),0
takeoff,JFK,31L,1790705299.6,2026-09-29T18:08:19Z,40.630619,-73.777579,300.9,a6b833,N532DN,A21N,AIRBUS A-321neo,0
landing,LGA,31,1790705318.45,2026-09-29T18:08:38Z,40.776329,-73.866013,300.9,a3411f,N309DU,BCS3,AIRBUS A220-300,0
landing,JFK,31R,1790705320.36,2026-09-29T18:08:40Z,40.650974,-73.775285,300.9,406b0a,G-STBK,B77W,BOEING 777-300ER,0
landing,LGA,31,1790705387.31,2026-09-29T18:09:47Z,40.777393,-73.868271,300.9,a301f3,N293PQ,CRJ9,BOMBARDIER Regional Jet CRJ-900,0
landing,JFK,31L,1790705411.43,2026-09-29T18:10:11Z,40.642284,-73.803314,300.9,a97c49,N710CK,B744,BOEING 747-400,0
takeoff,LGA,04,1790705430.54,2026-09-29T18:10:30Z,40.773594,-73.880508,30.9,a35254,N313DU,BCS3,AIRBUS A220-300,0
landing,LGA,31,1790705508.02,2026-09-29T18:11:48Z,40.778824,-73.871262,303.8,a1f46b,N225JQ,E75L,EMBRAER ERJ-170-200 (long wing),0
takeoff,LGA,04,1790705530.1,2026-09-29T18:12:10Z,40.771832,-73.881943,30.9,a44291,N3739P,B738,BOEING 737-800,0
landing,JFK,31L,1790705561.44,2026-09-29T18:12:41Z,40.639927,-73.798111,300.9,4b1880,HB-JHG,A333,AIRBUS A-330-300,0
landing,JFK,31R,1790705580.26,2026-09-29T18:13:00Z,40.651073,-73.775482,300.9,0d0f49,XA-VXO,A21N,AIRBUS A-321neo,0
landing,LGA,31,1790705585.32,2026-09-29T18:13:05Z,40.777468,-73.86845,303.8,a07fa6,N131HQ,E75L,EMBRAER ERJ-170-200 (long wing),0
takeoff,LGA,04,1790705612.0,2026-09-29T18:13:32Z,40.771846,-73.881917,28.1,a09961,N138EV,CRJ9,BOMBARDIER Regional Jet CRJ-900,0
takeoff,JFK,31L,1790705653.49,2026-09-29T18:14:13Z,40.62992,-73.776034,295.3,a2000d,N228PQ,CRJ9,BOMBARDIER Regional Jet CRJ-900,0
landing,LGA,31,1790705676.06,2026-09-29T18:14:36Z,40.777188,-73.867841,303.8,a4cc95,N408YX,E75L,EMBRAER ERJ-170-200 (long wing),0
takeoff,LGA,04,1790705694.95,2026-09-29T18:14:54Z,40.77244,-73.881449,30.9,a385ee,N326PQ,CRJ9,BOMBARDIER Regional Jet CRJ-900,0
landing,JFK,31L,1790705725.5,2026-09-29T18:15:25Z,40.639405,-73.796914,300.9,ab9387,N845MH,B764,BOEING 767-400,0
landing,JFK,31R,1790705735.49,2026-09-29T18:15:35Z,40.648487,-73.769791,300.9,a4fe01,N4200K,C560,CESSNA 560 Citation Ultra,0
landing,LGA,31,1790705738.4,2026-09-29T18:15:38Z,40.776936,-73.867294,300.9,a1f94c,N226WN,B737,BOEING 737-700,0
takeoff,LGA,04,1790705783.16,2026-09-29T18:16:23Z,40.771486,-73.882214,33.8,a9d626,N73291,B738,BOEING 737-800,0
takeoff,JFK,31L,1790705825.13,2026-09-29T18:17:05Z,40.630816,-73.777984,300.9,a6a6f6,N528DE,A21N,AIRBUS A-321neo,0
landing,LGA,31,1790705839.39,2026-09-29T18:17:19Z,40.777897,-73.869354,300.9,abd7d1,N862RW,E170,EMBRAER ERJ-170-100,0
takeoff,LGA,04,1790705868.66,2026-09-29T18:17:48Z,40.771276,-73.882401,30.9,a46a72,N384DA,B738,BOEING 737-800,0
landing,JFK,31R,1790705889.51,2026-09-29T18:18:09Z,40.653145,-73.78125,270.0,a05827,N121HQ,E75L,EMBRAER ERJ-170-200 (long wing),0
takeoff,LGA,13,1790705899.41,2026-09-29T18:18:19Z,40.775443,-73.86653,120.9,a1f94c,N226WN,B737,BOEING 737-700,0
landing,LGA,31,1790705920.07,2026-09-29T18:18:40Z,40.777002,-73.867435,303.8,a3bdac,N340DU,BCS3,AIRBUS A220-300,0
landing,JFK,31R,1790705951.6,2026-09-29T18:19:11Z,40.651497,-73.776428,300.9,a009a4,N101NN,A321,AIRBUS A-321,0
takeoff,LGA,04,1790705952.02,2026-09-29T18:19:12Z,40.771113,-73.882542,30.9,a34bdc,N311PQ,CRJ9,BOMBARDIER Regional Jet CRJ-900,0
landing,LGA,31,1790706011.14,2026-09-29T18:20:11Z,40.77727,-73.867982,303.8,ac83d5,N905XJ,CRJ9,BOMBARDIER Regional Jet CRJ-900,0
landing,JFK,31R,1790706037.72,2026-09-29T18:20:37Z,40.651154,-73.775681,300.9,a1286c,N174DZ,B763,BOEING 767-300,0
takeoff,LGA,04,1790706056.61,2026-09-29T18:20:56Z,40.771488,-73.882217,30.9,a562e8,N446WN,B737,BOEING 737-700,0
takeoff,LGA,22,1790706097.01,2026-09-29T18:21:37Z,40.769646,-73.882584,216.6,a24369,N245JQ,E75L,EMBRAER ERJ-170-200 (long wing),0
landing,LGA,31,1790706118.76,2026-09-29T18:21:58Z,40.777677,-73.868965,298.1,ac1f61,N880RW,E170,EMBRAER ERJ-170-100,0
landing,JFK,31R,1790706140.24,2026-09-29T18:22:20Z,40.650915,-73.775097,298.1,a1a0a1,N2038J,A21N,AIRBUS A-321neo,0
takeoff,LGA,04,1790706163.19,2026-09-29T18:22:43Z,40.772598,-73.881317,30.9,a471ec,N386DN,A321,AIRBUS A-321,0
landing,JFK,31R,1790706232.02,2026-09-29T18:23:52Z,40.651279,-73.77594,300.9,a382ca,N325VM,B38M,BOEING 737 MAX 8,0
landing,LGA,31,1790706236.31,2026-09-29T18:23:56Z,40.7767,-73.866811,303.8,a45ba2,N380DN,A321,AIRBUS A-321,0
landing,JFK,31L,1790706261.13,2026-09-29T18:24:21Z,40.637764,-73.793293,300.9,a6ee8e,N546DN,A21N,AIRBUS A-321neo,0
landing,LGA,31,1790706315.09,2026-09-29T18:25:15Z,40.776615,-73.866638,303.8,c05edb,C-GJXY,BCS3,AIRBUS A220-300,0
landing,JFK,31R,1790706319.53,2026-09-29T18:25:19Z,40.650857,-73.775035,300.9,a37ea4,N324RA,B38M,BOEING 737 MAX 8,0
takeoff,JFK,31L,1790706330.82,2026-09-29T18:25:30Z,40.630817,-73.777985,300.9,a61173,N490PX,CRJ9,BOMBARDIER Regional Jet CRJ-900,0
landing,LGA,31,1790706403.51,2026-09-29T18:26:43Z,40.778469,-73.870544,300.9,a35781,N314UT,B38M,BOEING 737 MAX 8,0
takeoff,JFK,31L,1790706419.26,2026-09-29T18:26:59Z,40.629902,-73.775955,300.9,acaf0b,N916XJ,CRJ9,BOMBARDIER Regional Jet CRJ-900,0
landing,JFK,31R,1790706426.44,2026-09-29T18:27:06Z,40.64981,-73.77271,300.9,0c605f,9Y-ANT,B38M,BOEING 737 MAX 8,0
takeoff,LGA,04,1790706443.18,2026-09-29T18:27:23Z,40.773662,-73.880435,30.9,ab3d39,N823NN,B738,BOEING 737-800,0
landing,LGA,31,1790706495.61,2026-09-29T18:28:15Z,40.777267,-73.867996,303.8,ab8b56,N843DN,B739,BOEING 737-900,0
landing,JFK,31R,1790706531.7,2026-09-29T18:28:51Z,40.650601,-73.774442,300.9,3c7a48,D-ANRH,A339,AIRBUS A-330-900,0
landing,JFK,31L,1790706552.97,2026-09-29T18:29:12Z,40.640476,-73.799301,300.9,aaf1f2,N804NN,B738,BOEING 737-800,0
landing,LGA,31,1790706597.19,2026-09-29T18:29:57Z,40.77734,-73.868138,300.9,ac0a75,N875RW,E170,EMBRAER ERJ-170-100,0
takeoff,LGA,04,1790706623.7,2026-09-29T18:30:23Z,40.772495,-73.881393,30.9,a34e9d,N312DU,BCS3,AIRBUS A220-300,0
landing,JFK,31L,1790706637.43,2026-09-29T18:30:37Z,40.639984,-73.798233,300.9,ab5975,N830MH,B764,BOEING 767-400,0
takeoff,LGA,22,1790706658.58,2026-09-29T18:30:58Z,40.770275,-73.881777,222.2,a866c7,N640RW,E170,EMBRAER ERJ-170-100,0
landing,JFK,31R,1790706660.88,2026-09-29T18:31:00Z,40.650959,-73.775208,300.9,aafca8,N807JB,A320,AIRBUS A-320,0
landing,LGA,31,1790706671.14,2026-09-29T18:31:11Z,40.777142,-73.867752,300.9,a145b7,N181PQ,CRJ9,BOMBARDIER Regional Jet CRJ-900,0
landing,LGA,31,1790706738.82,2026-09-29T18:32:18Z,40.777351,-73.868169,303.8,ac92b1,N909XJ,CRJ9,BOMBARDIER Regional Jet CRJ-900,0
landing,JFK,31R,1790706753.69,2026-09-29T18:32:33Z,40.652009,-73.777516,300.9,a4c98f,N4074J,A21N,AIRBUS A-321neo,0
landing,JFK,31L,1790706795.73,2026-09-29T18:33:15Z,40.640316,-73.798996,300.9,448465,OO-ACE,B744,BOEING 747-400,0
takeoff,LGA,22,1790706798.51,2026-09-29T18:33:18Z,40.770504,-73.881531,213.8,a4ddca,N412YX,E75L,EMBRAER ERJ-170-200 (long wing),0
landing,LGA,31,1790706808.12,2026-09-29T18:33:28Z,40.777267,-73.867981,303.8,a4491f,N3753,B738,BOEING 737-800,0
takeoff,LGA,04,1790706859.04,2026-09-29T18:34:19Z,40.771683,-73.882065,30.9,aa56b6,N76517,B738,BOEING 737-800,0
landing,JFK,31R,1790706861.4,2026-09-29T18:34:21Z,40.650433,-73.774048,300.9,a3711a,N3203J,BCS3,AIRBUS A220-300,0
takeoff,JFK,31L,1790706896.17,2026-09-29T18:34:56Z,40.633877,-73.784726,300.9,157717,RA-96023,IL96,ILYUSHIN Il-96,1
landing,LGA,31,1790706906.81,2026-09-29T18:35:06Z,40.776695,-73.866806,300.9,a2998d,N267FT,CL35,,8
landing,JFK,31R,1790706987.41,2026-09-29T18:36:27Z,40.651932,-73.777359,300.9,710110,HZ-AK38,B77W,BOEING 777-300ER,0
landing,JFK,31L,1790706998.47,2026-09-29T18:36:38Z,40.637904,-73.793621,295.3,a0ba4e,N146PQ,CRJ9,BOMBARDIER Regional Jet CRJ-900,0
landing,LGA,31,1790707014.11,2026-09-29T18:36:54Z,40.776979,-73.867389,303.8,ac267c,N882NN,B738,BOEING 737-800,0
takeoff,LGA,04,1790707058.81,2026-09-29T18:37:38Z,40.771282,-73.882401,30.9,a3c9c5,N343PN,B738,BOEING 737-800,0
takeoff,JFK,31L,1790707066.64,2026-09-29T18:37:46Z,40.630339,-73.776923,300.9,0c6063,9Y-GRN,B38M,BOEING 737 MAX 8,0
takeoff,LGA,22,1790707068.97,2026-09-29T18:37:48Z,40.770415,-73.881621,216.6,ac159a,N878RW,E170,EMBRAER ERJ-170-100,0
landing,JFK,31R,1790707113.94,2026-09-29T18:38:33Z,40.652344,-73.778259,300.9,ada227,N978JB,A321,AIRBUS A-321,0
landing,LGA,31,1790707164.67,2026-09-29T18:39:24Z,40.777954,-73.869431,303.8,a4f7cb,N419YX,E75L,EMBRAER ERJ-170-200 (long wing),0
landing,JFK,31R,1790707202.73,2026-09-29T18:40:02Z,40.650613,-73.774442,300.9,738073,4X-ECC,B772,BOEING 777-200,0
landing,JFK,31L,1790707250.14,2026-09-29T18:40:50Z,40.639685,-73.797522,300.9,acc23f,N921DU,B739,BOEING 737-900,0
landing,LGA,31,1790707256.63,2026-09-29T18:40:56Z,40.776649,-73.866699,300.9,a3c259,N341PQ,CRJ9,BOMBARDIER Regional Jet CRJ-900,0
takeoff,LGA,04,1790707288.44,2026-09-29T18:41:28Z,40.773802,-73.88031,30.9,ac878c,N906XJ,CRJ9,BOMBARDIER Regional Jet CRJ-900,0
landing,LGA,31,1790707345.44,2026-09-29T18:42:25Z,40.777607,-73.868684,303.8,a08e3c,N135EV,CRJ9,BOMBARDIER Regional Jet CRJ-900,0
landing,JFK,31R,1790707350.2,2026-09-29T18:42:30Z,40.652321,-73.778229,300.9,a21bea,N235JQ,E75L,EMBRAER ERJ-170-200 (long wing),0
landing,JFK,31L,1790707383.71,2026-09-29T18:43:03Z,40.638485,-73.794876,300.9,a6a6f6,N528DE,A21N,AIRBUS A-321neo,0
landing,JFK,31R,1790707421.03,2026-09-29T18:43:41Z,40.651337,-73.776047,300.9,348547,EC-ORE,A21N,AIRBUS A-321neo,0
landing,LGA,31,1790707422.74,2026-09-29T18:43:42Z,40.776513,-73.866405,300.9,c05ea2,C-GJVT,A320,AIRBUS A-320,0
landing,LGA,04,1790707458.47,2026-09-29T18:44:18Z,40.770332,-73.883194,30.9,ac159a,N878RW,E170,EMBRAER ERJ-170-100,0
takeoff,LGA,04,1790707458.47,2026-09-29T18:44:18Z,40.770332,-73.883194,30.9,ac159a,N878RW,E170,EMBRAER ERJ-170-100,0
landing,JFK,31R,1790707507.0,2026-09-29T18:45:07Z,40.650915,-73.775128,300.9,a4bef6,N4048J,A21N,AIRBUS A-321neo,0
landing,JFK,31L,1790707511.91,2026-09-29T18:45:11Z,40.642943,-73.804233,320.6,ac6f8a,N900DU,B739,BOEING 737-900,0
landing,LGA,31,1790707531.85,2026-09-29T18:45:31Z,40.777177,-73.867794,300.9,a071c2,N128DN,A321,AIRBUS A-321,0
takeoff,JFK,31L,1790707543.94,2026-09-29T18:45:43Z,40.630723,-73.777766,300.9,781e95,B-222S,B77L,BOEING 777-200LR,0
takeoff,LGA,04,1790707567.84,2026-09-29T18:46:07Z,40.772463,-73.881418,30.9,ac249e,N8815L,B38M,BOEING 737 MAX 8,0
landing,JFK,31R,1790707587.99,2026-09-29T18:46:27Z,40.651382,-73.776154,300.9,3c6714,D-AIXT,A359,AIRBUS A-350-900,0
landing,LGA,31,1790707602.83,2026-09-29T18:46:42Z,40.777096,-73.867645,300.9,a310cf,N297PQ,CRJ9,BOMBARDIER Regional Jet CRJ-900,0
landing,JFK,31L,1790707636.9,2026-09-29T18:47:16Z,40.638544,-73.794994,300.9,a66576,N511DE,A21N,AIRBUS A-321neo,0
takeoff,LGA,04,1790707640.34,2026-09-29T18:47:20Z,40.773313,-73.880731,30.9,a0cc06,N150UW,A321,AIRBUS A-321,0
landing,JFK,31R,1790707679.45,2026-09-29T18:47:59Z,40.652358,-73.778374,300.9,aaee43,N803NW,A333,AIRBUS A-330-300,0
takeoff,JFK,31L,1790707688.21,2026-09-29T18:48:08Z,40.630199,-73.776611,300.9,aca79d,N914XJ,CRJ9,BOMBARDIER Regional Jet CRJ-900,0
landing,LGA,31,1790707726.9,2026-09-29T18:48:46Z,40.776921,-73.867233,300.9,ad2fd0,N949NN,B738,BOEING 737-800,0
takeoff,LGA,04,1790707772.09,2026-09-29T18:49:32Z,40.773823,-73.88028,30.9,c07973,C-GTZU,BCS3,AIRBUS A220-300,0
landing,JFK,31L,1790707772.74,2026-09-29T18:49:32Z,40.640167,-73.798584,300.9,89639e,A6-EOE,A388,AIRBUS A-380-800,0
landing,JFK,31R,1790707837.58,2026-09-29T18:50:37Z,40.653202,-73.780182,300.9,a4e8ef,N415YX,E75L,EMBRAER ERJ-170-200 (long wing),0
takeoff,JFK,31L,1790707859.45,2026-09-29T18:50:59Z,40.63056,-73.777438,300.9,a3244c,N301NY,A21N,AIRBUS A-321neo,0
landing,LGA,31,1790707859.95,2026-09-29T18:50:59Z,40.777691,-73.868896,303.8,aa1f97,N751UW,A319,AIRBUS A-319,0
takeoff,LGA,04,1790707898.76,2026-09-29T18:51:38Z,40.772598,-73.881317,30.9,a451db,N378DN,A321,AIRBUS A-321,0
landing,JFK,31R,1790707919.96,2026-09-29T18:51:59Z,40.652521,-73.778702,300.9,a095f0,N137HQ,E75L,EMBRAER ERJ-170-200 (long wing),0
landing,LGA,31,1790707949.05,2026-09-29T18:52:29Z,40.777199,-73.867844,303.8,a366a1,N318XL,C56X,CESSNA 560XL Citation XLS,0
landing,JFK,31L,1790707964.74,2026-09-29T18:52:44Z,40.638451,-73.794823,300.9,ab53e4,N829SK,CRJ9,BOMBARDIER Regional Jet CRJ-900,0
takeoff,LGA,04,1790707983.45,2026-09-29T18:53:03Z,40.772254,-73.88159,30.9,a33e5e,N308PQ,CRJ9,BOMBARDIER Regional Jet CRJ-900,0
landing,JFK,31R,1790707985.66,2026-09-29T18:53:05Z,40.650904,-73.775066,300.9,406591,G-STBE,B77W,BOEING 777-300ER,0
takeoff,LGA,22,1790707990.93,2026-09-29T18:53:10Z,40.779341,-73.874239,191.2,a366a1,N318XL,C56X,CESSNA 560XL Citation XLS,0
landing,LGA,22,1790707993.05,2026-09-29T18:53:13Z,40.779247,-73.874313,210.9,a366a1,N318XL,C56X,CESSNA 560XL Citation XLS,0
takeoff,LGA,22,1790708011.6,2026-09-29T18:53:31Z,40.769703,-73.882492,225.0,ab0a73,N810MD,E170,EMBRAER ERJ-170-100,0
landing,LGA,31,1790708077.05,2026-09-29T18:54:37Z,40.77656,-73.866546,298.1,a7e24a,N607LR,CRJ9,BOMBARDIER Regional Jet CRJ-900,0
landing,JFK,31L,1790708095.26,2026-09-29T18:54:55Z,40.639254,-73.796649,300.9,a37e5a,N324NB,A319,AIRBUS A-319,0
takeoff,LGA,04,1790708115.59,2026-09-29T18:55:15Z,40.771866,-73.881897,33.8,a3dc5a,N348PQ,CRJ9,BOMBARDIER Regional Jet CRJ-900,0
landing,JFK,31R,1790708136.39,2026-09-29T18:55:36Z,40.652653,-73.778976,300.9,06a2c6,A7-BEW,B77W,BOEING 777-300ER,0
landing,LGA,31,1790708218.15,2026-09-29T18:56:58Z,40.778446,-73.870483,300.9,a04e60,N119HQ,E75L,EMBRAER ERJ-170-200 (long wing),0
takeoff,JFK,31L,1790708240.46,2026-09-29T18:57:20Z,40.630258,-73.776767,300.9,ac9ff2,N912UY,A321,AIRBUS A-321,0
takeoff,LGA,04,1790708284.53,2026-09-29T18:58:04Z,40.775116,-73.87442,56.2,aa1f97,N751UW,A319,AIRBUS A-319,0
landing,JFK,31R,1790708299.6,2026-09-29T18:58:19Z,40.652607,-73.778839,300.9,ab649a,N833MH,B764,BOEING 767-400,0
landing,LGA,31,1790708311.5,2026-09-29T18:58:31Z,40.777887,-73.869511,292.5,a09239,N136HQ,E75L,EMBRAER ERJ-170-200 (long wing),0
takeoff,JFK,31L,1790708337.97,2026-09-29T18:58:57Z,40.630806,-73.777939,300.9,a198ed,N2016J,A21N,AIRBUS A-321neo,0
landing,LGA,31,1790708373.17,2026-09-29T18:59:33Z,40.777908,-73.869324,303.8,adb656,N983AN,B738,BOEING 737-800,0
takeoff,LGA,04,1790708414.01,2026-09-29T19:00:14Z,40.771777,-73.881995,30.9,a3e011,N349PQ,CRJ9,BOMBARDIER Regional Jet CRJ-900,0
takeoff,LGA,22,1790708421.73,2026-09-29T19:00:21Z,40.770787,-73.881309,210.9,a046f2,N117HQ,E75L,EMBRAER ERJ-170-200 (long wing),0
takeoff,JFK,31L,1790708442.64,2026-09-29T19:00:42Z,40.63448,-73.786072,298.1,a4fe01,N4200K,C560,CESSNA 560 Citation Ultra,0
landing,LGA,31,1790708476.6,2026-09-29T19:01:16Z,40.778096,-73.869745,300.9,ace6e2,N930NN,B738,BOEING 737-800,0
landing,LGA,31,1790708539.7,2026-09-29T19:02:19Z,40.777222,-73.867889,300.9,a3efa2,N35271,B738,BOEING 737-800,0
takeoff,JFK,22L,1790708552.52,2026-09-29T19:02:32Z,40.630444,-73.770103,210.9,a4c8de,N407YX,E75L,EMBRAER ERJ-170-200 (long wing),0
takeoff,JFK,31L,1790708554.38,2026-09-29T19:02:34Z,40.630795,-73.777924,300.9,ad8836,N971JT,A321,AIRBUS A-321,0
landing,JFK,31R,1790708556.45,2026-09-29T19:02:36Z,40.652533,-73.778687,300.9,acf0d8,N933AK,B39M,,0
landing,JFK,22L,1790708558.91,2026-09-29T19:02:38Z,40.630451,-73.770096,210.9,a4c8de,N407YX,E75L,EMBRAER ERJ-170-200 (long wing),0
takeoff,LGA,04,1790708581.06,2026-09-29T19:03:01Z,40.773662,-73.880435,33.8,a3b124,N337PQ,CRJ9,BOMBARDIER Regional Jet CRJ-900,0
takeoff,JFK,31L,1790708616.61,2026-09-29T19:03:36Z,40.628769,-73.773468,300.9,a20347,N229JQ,E75L,EMBRAER ERJ-170-200 (long wing),0
landing,LGA,31,1790708651.7,2026-09-29T19:04:11Z,40.778824,-73.871246,300.9,a20957,N230JQ,E75L,EMBRAER ERJ-170-200 (long wing),0
landing,JFK,31R,1790708691.51,2026-09-29T19:04:51Z,40.651451,-73.776283,300.9,a2c43e,N278AK,B739,BOEING 737-900,0
takeoff,LGA,04,1790708692.08,2026-09-29T19:04:52Z,40.773674,-73.880435,30.9,a3a8c0,N335DU,BCS3,AIRBUS A220-300,0
takeoff,LGA,22,1790708715.81,2026-09-29T19:05:15Z,40.770415,-73.881621,216.6,a01805,N105HQ,E75L,EMBRAER ERJ-170-200 (long wing),0
landing,LGA,31,1790708733.17,2026-09-29T19:05:33Z,40.777735,-73.86898,303.8,ac32f2,N8851Q,B38M,BOEING 737 MAX 8,0
landing,JFK,31L,1790708750.41,2026-09-29T19:05:50Z,40.638302,-73.794449,300.9,a6f23d,N547DE,A21N,AIRBUS A-321neo,0
takeoff,JFK,22L,1790708790.62,2026-09-29T19:06:30Z,40.629373,-73.770946,210.9,a4c8de,N407YX,E75L,EMBRAER ERJ-170-200 (long wing),0
landing,JFK,22L,1790708796.67,2026-09-29T19:06:36Z,40.629307,-73.770996,210.9,a4c8de,N407YX,E75L,EMBRAER ERJ-170-200 (long wing),0
takeoff,JFK,31L,1790708811.31,2026-09-29T19:06:51Z,40.630703,-73.77774,300.9,acc9b2,N923DZ,B739,BOEING 737-900,0
landing,LGA,31,1790708847.51,2026-09-29T19:07:27Z,40.77689,-73.867218,303.8,a11eb7,N171US,A321,AIRBUS A-321,0
takeoff,JFK,31L,1790708868.49,2026-09-29T19:07:48Z,40.63077,-73.777875,298.1,a15795,N186GJ,CRJ9,BOMBARDIER Regional Jet CRJ-900,0
takeoff,LGA,04,1790708896.5,2026-09-29T19:08:16Z,40.771969,-73.881851,30.9,a77b76,N581UW,A321,AIRBUS A-321,0
landing,JFK,31R,1790708910.24,2026-09-29T19:08:30Z,40.651439,-73.776268,300.9,40771a,G-VDOT,A35K,AIRBUS A-350-1000,0
takeoff,LGA,04,1790708933.55,2026-09-29T19:08:53Z,40.771788,-73.881995,30.9,a1d13b,N216QS,CL60,BOMBARDIER CL-600 Challenger,0
landing,JFK,31L,1790708987.8,2026-09-29T19:09:47Z,40.638577,-73.795105,300.9,a17ecd,N196DN,B763,BOEING 767-300,0
takeoff,JFK,31L,1790709039.81,2026-09-29T19:10:39Z,40.628803,-73.773552,300.9,a4c8de,N407YX,E75L,EMBRAER ERJ-170-200 (long wing),0
landing,LGA,31,1790709071.77,2026-09-29T19:11:11Z,40.777153,-73.867767,303.8,a44d85,N3768,B738,BOEING 737-800,0
takeoff,JFK,31L,1790709103.96,2026-09-29T19:11:43Z,40.630584,-73.777454,300.9,ac8efa,N908XJ,CRJ9,BOMBARDIER Regional Jet CRJ-900,0
landing,LGA,31,1790709152.47,2026-09-29T19:12:32Z,40.777496,-73.868515,295.3,a148b9,N182GJ,CRJ9,BOMBARDIER Regional Jet CRJ-900,0
takeoff,JFK,31L,1790709165.72,2026-09-29T19:12:45Z,40.630793,-73.777937,300.9,a173a8,N193DN,B763,BOEING 767-300,0
takeoff,LGA,04,1790709181.85,2026-09-29T19:13:01Z,40.771168,-73.882477,30.9,aaea84,N802NN,B738,BOEING 737-800,0
landing,LGA,31,1790709249.43,2026-09-29T19:14:09Z,40.777439,-73.868378,303.8,a8299a,N625JB,A320,AIRBUS A-320,0
takeoff,JFK,31L,1790709268.64,2026-09-29T19:14:28Z,40.630508,-73.777328,303.8,ab4c76,N827SK,CRJ9,BOMBARDIER Regional Jet CRJ-900,0
takeoff,LGA,04,1790709281.25,2026-09-29T19:14:41Z,40.772009,-73.881808,30.9,a01b56,N106DN,A321,AIRBUS A-321,0
landing,JFK,31R,1790709287.86,2026-09-29T19:14:47Z,40.65024,-73.773677,303.8,ad60b7,N961JT,A321,AIRBUS A-321,0
takeoff,JFK,31L,1790709325.85,2026-09-29T19:15:25Z,40.630657,-73.777634,300.9,a17b16,N195DN,B763,BOEING 767-300,0
landing,LGA,31,1790709333.68,2026-09-29T19:15:33Z,40.776501,-73.866348,300.9,ad6595,N962WN,B737,BOEING 737-700,0
takeoff,LGA,04,1790709371.96,2026-09-29T19:16:11Z,40.771241,-73.882432,30.9,a486cc,N391DA,B738,BOEING 737-800,0
landing,JFK,31R,1790709424.24,2026-09-29T19:17:04Z,40.65052,-73.774208,300.9,a3897f,N327NB,A319,AIRBUS A-319,0
takeoff,JFK,31L,1790709432.04,2026-09-29T19:17:12Z,40.630154,-73.776535,300.9,a770a2,N579JB,A320,AIRBUS A-320,0
landing,LGA,31,1790709434.85,2026-09-29T19:17:14Z,40.777305,-73.86806,300.9,a008c5,N101DQ,A321,AIRBUS A-321,0
takeoff,LGA,04,1790709465.43,2026-09-29T19:17:45Z,40.771788,-73.88198,33.8,a301f3,N293PQ,CRJ9,BOMBARDIER Regional Jet CRJ-900,0
landing,LGA,22,1790709479.84,2026-09-29T19:17:59Z,40.77705,-73.875275,216.6,a1f94c,N226WN,B737,BOEING 737-700,0
takeoff,JFK,31L,1790709498.91,2026-09-29T19:18:18Z,40.630657,-73.777664,300.9,a324ce,N301UC,B38M,BOEING 737 MAX 8,0
landing,JFK,31R,1790709504.32,2026-09-29T19:18:24Z,40.651032,-73.775378,300.9,aaf53a,N805JB,A320,AIRBUS A-320,0
landing,LGA,31,1790709521.79,2026-09-29T19:18:41Z,40.77713,-73.867706,300.9,a3adce,N336TM,B38M,BOEING 737 MAX 8,0
takeoff,JFK,31L,1790709564.12,2026-09-29T19:19:24Z,40.631138,-73.778671,300.9,780a61,B-KQM,B77W,BOEING 777-300ER,0
landing,LGA,31,1790709609.37,2026-09-29T19:20:09Z,40.777451,-73.868393,300.9,a80d40,N618JB,A320,AIRBUS A-320,0
landing,JFK,31R,1790709625.1,2026-09-29T19:20:25Z,40.649624,-73.774894,264.4,add7a5,N991PF,SR20,,0
takeoff,LGA,04,1790709636.09,2026-09-29T19:20:36Z,40.771893,-73.881902,30.9,ac0941,N875DN,B739,BOEING 737-900,0
takeoff,LGA,22,1790709655.21,2026-09-29T19:20:55Z,40.77047,-73.881546,213.8,a1ba59,N210JQ,E75L,EMBRAER ERJ-170-200 (long wing),0
landing,JFK,31R,1790709664.2,2026-09-29T19:21:04Z,40.651943,-73.777359,300.9,a03765,N113AN,A321,AIRBUS A-321,0
takeoff,JFK,31L,1790709680.51,2026-09-29T19:21:20Z,40.630154,-73.77652,300.9,a79046,N587DT,A21N,AIRBUS A-321neo,0
takeoff,LGA,22,1790709685.9,2026-09-29T19:21:25Z,40.77047,-73.881561,213.8,aa5a0e,N766YX,E75L,EMBRAER ERJ-170-200 (long wing),0
landing,LGA,31,1790709689.67,2026-09-29T19:21:29Z,40.777725,-73.868988,298.1,a7dadc,N605LR,CRJ9,BOMBARDIER Regional Jet CRJ-900,0
takeoff,LGA,04,1790709722.48,2026-09-29T19:22:02Z,40.770927,-73.88269,30.9,abdd91,N8639B,B738,BOEING 737-800,0
takeoff,JFK,31L,1790709748.06,2026-09-29T19:22:28Z,40.630852,-73.778061,300.9,a6152a,N491PX,CRJ9,BOMBARDIER Regional Jet CRJ-900,0
takeoff,LGA,22,1790709748.47,2026-09-29T19:22:28Z,40.770939,-73.881184,210.9,a1a1b6,N204JQ,E75L,EMBRAER ERJ-170-200 (long wing),0
landing,JFK,31R,1790709756.45,2026-09-29T19:22:36Z,40.651485,-73.776382,300.9,3965b1,F-GZNR,B77W,BOEING 777-300ER,0
landing,LGA,31,1790709784.82,2026-09-29T19:23:04Z,40.77869,-73.870978,303.8,ad237f,N946AN,B738,BOEING 737-800,0
takeoff,JFK,31L,1790709790.93,2026-09-29T19:23:10Z,40.62878,-73.773505,300.9,a1c1c7,N212JQ,E75L,EMBRAER ERJ-170-200 (long wing),0
landing,JFK,31R,1790709850.85,2026-09-29T19:24:10Z,40.652568,-73.778749,302.4,40742e,G-CKOF,B789,BOEING 787-9 Dreamliner,0
landing,LGA,31,1790709860.28,2026-09-29T19:24:20Z,40.776844,-73.867111,300.9,abb172,N8522P,B738,BOEING 737-800,0
takeoff,LGA,04,1790709888.65,2026-09-29T19:24:48Z,40.770435,-73.883087,30.9,a1fbd9,N227JQ,E75L,EMBRAER ERJ-170-200 (long wing),0
landing,LGA,31,1790709974.37,2026-09-29T19:26:14Z,40.777611,-73.868729,298.1,a4ba02,N403YX,E75L,EMBRAER ERJ-170-200 (long wing),0
takeoff,JFK,31L,1790709979.19,2026-09-29T19:26:19Z,40.631235,-73.778921,300.9,ab0a9d,N810NW,A333,AIRBUS A-330-300,0
landing,JFK,31R,1790709993.01,2026-09-29T19:26:33Z,40.650913,-73.775146,300.9,a5e9f4,N480PX,CRJ9,BOMBARDIER Regional Jet CRJ-900,0
landing,JFK,31L,1790710005.34,2026-09-29T19:26:45Z,40.639568,-73.794464,300.9,a9b342,,,,
landing,LGA,31,1790710023.42,2026-09-29T19:27:03Z,40.777235,-73.867904,298.1,a15b4c,N187GJ,CRJ9,BOMBARDIER Regional Jet CRJ-900,0
landing,JFK,31L,1790710062.85,2026-09-29T19:27:42Z,40.638737,-73.795456,300.9,a6c70f,N536DN,A21N,AIRBUS A-321neo,0
landing,JFK,31R,1790710108.71,2026-09-29T19:28:28Z,40.651055,-73.775441,300.9,4a91b2,SE-DMR,A21N,AIRBUS A-321neo,0
landing,LGA,31,1790710131.29,2026-09-29T19:28:51Z,40.777828,-73.869217,295.3,a53ba4,N436YX,E75L,EMBRAER ERJ-170-200 (long wing),0
takeoff,JFK,31L,1790710137.74,2026-09-29T19:28:57Z,40.631445,-73.779373,300.9,a37517,N3215J,BCS3,AIRBUS A220-300,0
takeoff,JFK,31L,1790710190.58,2026-09-29T19:29:50Z,40.629816,-73.775753,298.1,a31486,N298PQ,CRJ9,BOMBARDIER Regional Jet CRJ-900,0
landing,JFK,31R,1790710195.44,2026-09-29T19:29:55Z,40.65152,-73.776443,298.1,a35701,N314PQ,CRJ9,BOMBARDIER Regional Jet CRJ-900,0
landing,LGA,31,1790710238.73,2026-09-29T19:30:38Z,40.777508,-73.868576,300.9,a8a0d9,N655RW,E170,EMBRAER ERJ-170-100,0
takeoff,LGA,31,1790710238.73,2026-09-29T19:30:38Z,40.777508,-73.868576,300.9,a8a0d9,N655RW,E170,EMBRAER ERJ-170-100,0
landing,LGA,31,1790710242.01,2026-09-29T19:30:42Z,40.777793,-73.869261,298.1,a8a0d9,N655RW,E170,EMBRAER ERJ-170-100,0
landing,JFK,31R,1790710285.73,2026-09-29T19:31:25Z,40.652275,-73.778107,300.9,a13386,N177DN,B763,BOEING 767-300,0
landing,LGA,31,1790710287.78,2026-09-29T19:31:27Z,40.777451,-73.868378,298.1,a0be05,N147PQ,CRJ9,BOMBARDIER Regional Jet CRJ-900,0
landing,JFK,31L,1790710311.89,2026-09-29T19:31:51Z,40.638125,-73.794089,300.9,ac402d,N889KH,GLF5,GULFSTREAM 5,8
landing,LGA,31,1790710380.4,2026-09-29T19:33:00Z,40.777336,-73.868149,300.9,c06081,C-GKOE,A320,AIRBUS A-320,0
takeoff,JFK,31L,1790710384.52,2026-09-29T19:33:04Z,40.630421,-73.77711,300.9,ad646e,N962JT,A321,AIRBUS A-321,0
landing,JFK,31R,1790710386.0,2026-09-29T19:33:06Z,40.651323,-73.775987,300.9,a01112,N103NN,A321,AIRBUS A-321,0
takeoff,LGA,04,1790710410.32,2026-09-29T19:33:30Z,40.772068,-73.881746,30.9,a3411f,N309DU,BCS3,AIRBUS A220-300,0
landing,JFK,31L,1790710466.4,2026-09-29T19:34:26Z,40.638276,-73.794448,300.9,a7a532,N592DT,A21N,AIRBUS A-321neo,0
landing,LGA,31,1790710474.3,2026-09-29T19:34:34Z,40.776665,-73.866718,300.9,a33aa7,N307PQ,CRJ9,BOMBARDIER Regional Jet CRJ-900,0
takeoff,JFK,31L,1790710521.12,2026-09-29T19:35:21Z,40.630386,-73.777032,300.9,a3d10f,N345NB,A319,AIRBUS A-319,0
landing,LGA,31,1790710553.69,2026-09-29T19:35:53Z,40.777351,-73.868169,300.9,ad6758,N963AN,B738,BOEING 737-800,0
landing,JFK,31R,1790710560.63,2026-09-29T19:36:00Z,40.651016,-73.775299,299.6,48ae07,SP-LRH,B788,BOEING 787-8 Dreamliner,0
takeoff,LGA,04,1790710599.06,2026-09-29T19:36:39Z,40.771497,-73.882214,30.9,a43b91,N372DN,A321,AIRBUS A-321,0
landing,JFK,31L,1790710600.83,2026-09-29T19:36:40Z,40.638599,-73.795135,300.9,ab4840,N826MH,B764,BOEING 767-400,0
takeoff,LGA,22,1790710612.01,2026-09-29T19:36:52Z,40.769775,-73.882401,225.0,ac1951,N879RW,E170,EMBRAER ERJ-170-100,0
takeoff,JFK,31L,1790710671.45,2026-09-29T19:37:51Z,40.630351,-73.776954,300.9,a45051,N3771K,B738,BOEING 737-800,0
landing,LGA,31,1790710674.79,2026-09-29T19:37:54Z,40.776981,-73.867401,303.8,a32814,N302PQ,CRJ9,BOMBARDIER Regional Jet CRJ-900,0
takeoff,LGA,22,1790710689.16,2026-09-29T19:38:09Z,40.77038,-73.881652,219.4,a03bcd,N114HQ,E75L,EMBRAER ERJ-170-200 (long wing),0
landing,JFK,31R,1790710690.26,2026-09-29T19:38:10Z,40.651073,-73.775482,300.9,89672f,A6-XWO,A35K,AIRBUS A-350-1000,0
takeoff,LGA,04,1790710703.3,2026-09-29T19:38:23Z,40.771253,-73.882417,30.9,a1f94c,N226WN,B737,BOEING 737-700,0
takeoff,LGA,22,1790710743.21,2026-09-29T19:39:03Z,40.770566,-73.88148,210.9,a07fa6,N131HQ,E75L,EMBRAER ERJ-170-200 (long wing),0
takeoff,JFK,31L,1790710745.45,2026-09-29T19:39:05Z,40.631413,-73.779297,300.9,a37842,N3221J,BCS3,,0
landing,LGA,31,1790710755.59,2026-09-29T19:39:15Z,40.777014,-73.867498,303.8,a0b7fe,N14524,A21N,AIRBUS A-321neo,0
takeoff,JFK,31L,1790710810.96,2026-09-29T19:40:10Z,40.631189,-73.77878,300.9,a38e69,N3280J,BCS3,AIRBUS A220-300,0
landing,JFK,31R,1790710850.58,2026-09-29T19:40:50Z,40.650787,-73.774811,300.9,ad4f72,N957JB,A321,AIRBUS A-321,0
landing,LGA,31,1790710854.02,2026-09-29T19:40:54Z,40.778957,-73.871509,298.1,a22ac6,N239JQ,E75L,EMBRAER ERJ-170-200 (long wing),0
takeoff,JFK,31L,1790710856.64,2026-09-29T19:40:56Z,40.62885,-73.773677,300.9,a4b294,N401YX,E75L,EMBRAER ERJ-170-200 (long wing),0
takeoff,LGA,04,1790710878.66,2026-09-29T19:41:18Z,40.774128,-73.880045,30.9,a145b7,N181PQ,CRJ9,BOMBARDIER Regional Jet CRJ-900,0
landing,LGA,31,1790710931.4,2026-09-29T19:42:11Z,40.776909,-73.867295,300.9,c05efa,C-GJZD,DH8D,DE HAVILLAND DHC-8-400 Dash 8,0
takeoff,JFK,31L,1790710932.85,2026-09-29T19:42:12Z,40.630211,-73.776672,300.9,0c2179,HP-9923CMP,B39M,BOEING 737 MAX 9,0
landing,JFK,31R,1790710946.52,2026-09-29T19:42:26Z,40.649135,-73.771211,300.9,a70f11,N554JB,A320,AIRBUS A-320,0
takeoff,JFK,31L,1790710988.91,2026-09-29T19:43:08Z,40.629936,-73.776047,300.9,ab6162,N832SK,CRJ9,BOMBARDIER Regional Jet CRJ-900,0
landing,LGA,31,1790711015.87,2026-09-29T19:43:35Z,40.777084,-73.867623,300.9,a8c759,N665FR,A21N,AIRBUS A-321neo,0
takeoff,JFK,31L,1790711051.01,2026-09-29T19:44:11Z,40.630898,-73.778168,300.9,aa7468,N773CK,B77L,BOEING 777-200LR,0
landing,JFK,31R,1790711080.14,2026-09-29T19:44:40Z,40.652252,-73.778137,295.3,a22358,N237JQ,E75L,EMBRAER ERJ-170-200 (long wing),0
landing,LGA,31,1790711102.19,2026-09-29T19:45:02Z,40.776758,-73.866952,300.9,a49d22,N397DN,A321,AIRBUS A-321,0
takeoff,JFK,31R,1790711127.44,2026-09-29T19:45:27Z,40.647924,-73.76848,300.9,add7a5,N991PF,SR20,,0
takeoff,LGA,04,1790711151.49,2026-09-29T19:45:51Z,40.774023,-73.880123,30.9,c05edb,C-GJXY,BCS3,AIRBUS A220-300,0
takeoff,JFK,31L,1790711151.87,2026-09-29T19:45:51Z,40.628733,-73.773396,300.9,a546c9,N439YX,E75L,EMBRAER ERJ-170-200 (long wing),0
landing,LGA,31,1790711205.55,2026-09-29T19:46:45Z,40.777256,-73.867981,298.1,a92ea0,N691CA,CRJ9,BOMBARDIER Regional Jet CRJ-900,0
takeoff,LGA,22,1790711227.81,2026-09-29T19:47:07Z,40.770683,-73.884383,210.9,a4cc95,N408YX,E75L,EMBRAER ERJ-170-200 (long wing),0
takeoff,LGA,04,1790711241.62,2026-09-29T19:47:21Z,40.772487,-73.881402,30.9,a0b88f,N14569,A21N,AIRBUS A-321neo,0
landing,JFK,31L,1790711267.41,2026-09-29T19:47:47Z,40.6388,-73.795587,300.9,ab599b,N830NW,A333,AIRBUS A-330-300,0
landing,LGA,31,1790711323.34,2026-09-29T19:48:43Z,40.777747,-73.86909,298.1,abbb77,N855RW,E170,EMBRAER ERJ-170-100,0
takeoff,JFK,31L,1790711332.44,2026-09-29T19:48:52Z,40.628768,-73.773505,300.9,a05827,N121HQ,E75L,EMBRAER ERJ-170-200 (long wing),0
landing,LGA,31,1790711392.61,2026-09-29T19:49:52Z,40.777549,-73.868621,300.9,a1c935,N214JQ,E75L,EMBRAER ERJ-170-200 (long wing),0
takeoff,JFK,31L,1790711404.15,2026-09-29T19:50:04Z,40.630405,-73.777023,300.9,aa542f,N765AV,A20N,AIRBUS A-320neo,0
takeoff,LGA,04,1790711419.06,2026-09-29T19:50:19Z,40.772621,-73.881287,30.9,a39fb1,N33203,B738,BOEING 737-800,0
landing,JFK,31R,1790711422.68,2026-09-29T19:50:22Z,40.651314,-73.775986,300.9,a16ff1,N192DN,B763,BOEING 767-300,0
takeoff,LGA,22,1790711470.17,2026-09-29T19:51:10Z,40.769703,-73.882492,225.0,a1f46b,N225JQ,E75L,EMBRAER ERJ-170-200 (long wing),0
takeoff,JFK,31L,1790711474.92,2026-09-29T19:51:14Z,40.630966,-73.77829,300.9,a4eacb,N416DX,A339,AIRBUS A-330-900,0
landing,LGA,31,1790711480.15,2026-09-29T19:51:20Z,40.777142,-73.867722,300.9,a3b02e,N337DU,BCS3,AIRBUS A220-300,0
takeoff,LGA,04,1790711519.99,2026-09-29T19:51:59Z,40.77261,-73.881302,30.9,a35781,N314UT,B38M,BOEING 737 MAX 8,0
takeoff,JFK,31R,1790711536.53,2026-09-29T19:52:16Z,40.648029,-73.768646,298.1,a9b342,,,,
takeoff,LGA,22,1790711543.82,2026-09-29T19:52:23Z,40.770813,-73.884293,210.9,ac1f61,N880RW,E170,EMBRAER ERJ-170-100,0
landing,LGA,31,1790711586.6,2026-09-29T19:53:06Z,40.777468,-73.86845,295.3,a130cb,N176PQ,CRJ9,BOMBARDIER Regional Jet CRJ-900,0
takeoff,JFK,31L,1790711599.6,2026-09-29T19:53:19Z,40.630692,-73.777725,300.9,aaf1f2,N804NN,B738,BOEING 737-800,0
landing,JFK,31R,1790711652.44,2026-09-29T19:54:12Z,40.651405,-73.776215,300.9,a01820,N105JS,B38M,BOEING 737 MAX 8,0
landing,JFK,31R,1790711745.38,2026-09-29T19:55:45Z,40.649775,-73.772585,300.9,4ca9bc,EI-LRC,A21N,AIRBUS A-321neo,0
landing,LGA,31,1790711780.32,2026-09-29T19:56:20Z,40.777702,-73.868942,300.9,a4f414,N418YX,E75L,EMBRAER ERJ-170-200 (long wing),0
landing,JFK,31R,1790711850.55,2026-09-29T19:57:30Z,40.651148,-73.775628,300.9,a4afbe,N4005X,A319,AIRBUS A-319,0
takeoff,LGA,04,1790711868.42,2026-09-29T19:57:48Z,40.7723,-73.881559,30.9,a45ba2,N380DN,A321,AIRBUS A-321,0
takeoff,JFK,31L,1790711908.95,2026-09-29T19:58:28Z,40.634514,-73.786118,295.3,a0ba4e,N146PQ,CRJ9,BOMBARDIER Regional Jet CRJ-900,0
landing,JFK,31R,1790711933.34,2026-09-29T19:58:53Z,40.651032,-73.775378,300.9,a1a924,N206JQ,E75L,EMBRAER ERJ-170-200 (long wing),0
landing,LGA,31,1790711943.16,2026-09-29T19:59:03Z,40.777313,-73.868073,300.9,ac0b61,N87507,B738,BOEING 737-800,0
takeoff,LGA,04,1790711988.58,2026-09-29T19:59:48Z,40.77194,-73.881855,30.9,ab8b56,N843DN,B739,BOEING 737-900,0
landing,JFK,31R,1790712003.0,2026-09-29T20:00:03Z,40.650659,-73.774551,300.9,4b1882,HB-JHI,A333,AIRBUS A-330-300,0
landing,LGA,31,1790712042.69,2026-09-29T20:00:42Z,40.777328,-73.868122,300.9,a06e0b,N127DN,A321,AIRBUS A-321,0
takeoff,LGA,04,1790712082.83,2026-09-29T20:01:22Z,40.77251,-73.881387,30.9,ac83d5,N905XJ,CRJ9,BOMBARDIER Regional Jet CRJ-900,0
takeoff,JFK,22R,1790712147.18,2026-09-29T20:02:27Z,40.637636,-73.776393,255.9,a1a924,N206JQ,E75L,EMBRAER ERJ-170-200 (long wing),0
landing,JFK,31R,1790712149.65,2026-09-29T20:02:29Z,40.651279,-73.775894,300.9,a682ef,N519AS,B738,BOEING 737-800,0
landing,LGA,31,1790712175.85,2026-09-29T20:02:55Z,40.77673,-73.866882,300.9,a37e80,N324PQ,CRJ9,BOMBARDIER Regional Jet CRJ-900,0
landing,JFK,31L,1790712194.42,2026-09-29T20:03:14Z,40.638905,-73.795837,300.9,ab52a2,N829DN,B739,BOEING 737-900,0
takeoff,LGA,04,1790712211.42,2026-09-29T20:03:31Z,40.773514,-73.880554,30.9,a310cf,N297PQ,CRJ9,BOMBARDIER Regional Jet CRJ-900,0
takeoff,LGA,22,1790712231.74,2026-09-29T20:03:51Z,40.770566,-73.881496,213.8,abe2f6,N865RW,E170,EMBRAER ERJ-170-100,0
landing,JFK,31R,1790712248.6,2026-09-29T20:04:08Z,40.650578,-73.774364,300.9,a6ffc3,N550DN,A21N,AIRBUS A-321neo,0
landing,LGA,31,1790712249.49,2026-09-29T20:04:09Z,40.776793,-73.866998,300.9,ad8cec,N972UY,A321,AIRBUS A-321,0
takeoff,LGA,04,1790712297.15,2026-09-29T20:04:57Z,40.771053,-73.882584,30.9,a0acf8,N14230,B738,BOEING 737-800,0
takeoff,JFK,31L,1790712298.7,2026-09-29T20:04:58Z,40.634251,-73.785553,300.9,a382ca,N325VM,B38M,BOEING 737 MAX 8,0
landing,JFK,31R,1790712320.09,2026-09-29T20:05:20Z,40.651474,-73.776346,300.9,40621d,G-STBC,B77W,BOEING 777-300ER,0
landing,LGA,31,1790712348.36,2026-09-29T20:05:48Z,40.777622,-73.868744,300.9,a302a0,N293WN,B737,BOEING 737-700,0
landing,JFK,31R,1790712440.38,2026-09-29T20:07:20Z,40.650543,-73.774286,300.9,a15397,N185DN,B763,BOEING 767-300,0
landing,LGA,31,1790712477.61,2026-09-29T20:07:57Z,40.776851,-73.867123,303.8,a2b759,N274WN,B737,BOEING 737-700,0
takeoff,JFK,31L,1790712479.39,2026-09-29T20:07:59Z,40.633427,-73.783737,300.9,a21bea,N235JQ,E75L,EMBRAER ERJ-170-200 (long wing),0
landing,LGA,31,1790712574.3,2026-09-29T20:09:34Z,40.77721,-73.867844,300.9,a44e24,N377DN,A321,AIRBUS A-321,0
landing,JFK,31R,1790712584.79,2026-09-29T20:09:44Z,40.652184,-73.778,298.1,a0144e,N104HQ,E75L,EMBRAER ERJ-170-200 (long wing),0
takeoff,LGA,04,1790712612.86,2026-09-29T20:10:12Z,40.773285,-73.880737,30.9,a7e24a,N607LR,CRJ9,BOMBARDIER Regional Jet CRJ-900,0
landing,JFK,31R,1790712642.72,2026-09-29T20:10:42Z,40.64981,-73.772647,300.9,a6dbf3,N541DE,A21N,AIRBUS A-321neo,0
takeoff,LGA,04,1790712653.09,2026-09-29T20:10:53Z,40.770653,-73.882919,30.9,ac0a75,N875RW,E170,EMBRAER ERJ-170-100,0
takeoff,JFK,22R,1790712699.06,2026-09-29T20:11:39Z,40.646645,-73.766357,213.8,a434f9,N370NB,A319,AIRBUS A-319,0
landing,LGA,31,1790712723.37,2026-09-29T20:12:03Z,40.7767,-73.866811,298.1,a77d89,N582CA,CRJ9,BOMBARDIER Regional Jet CRJ-900,0
landing,JFK,22L,1790712777.96,2026-09-29T20:12:57Z,40.636461,-73.761708,210.9,a721a4,N559JB,A320,AIRBUS A-320,0
landing,LGA,31,1790712809.03,2026-09-29T20:13:29Z,40.778114,-73.870651,278.4,a0232a,N108HQ,E75L,EMBRAER ERJ-170-200 (long wing),0
takeoff,LGA,04,1790712834.1,2026-09-29T20:13:54Z,40.771877,-73.881897,30.9,a4491f,N3753,B738,BOEING 737-800,0
landing,JFK,22L,1790712876.44,2026-09-29T20:14:36Z,40.635269,-73.76268,210.9,a4ce71,N409DX,A339,AIRBUS A-330-900,0
takeoff,JFK,31L,1790712958.55,2026-09-29T20:15:58Z,40.633438,-73.783752,300.9,ada227,N978JB,A321,AIRBUS A-321,0
landing,LGA,31,1790712968.38,2026-09-29T20:16:08Z,40.77855,-73.87065,303.8,abdb88,N863RW,E170,EMBRAER ERJ-170-100,0
takeoff,JFK,22R,1790712969.53,2026-09-29T20:16:09Z,40.648304,-73.76506,210.9,a4e8ef,N415YX,E75L,EMBRAER ERJ-170-200 (long wing),0
takeoff,LGA,04,1790712984.58,2026-09-29T20:16:24Z,40.771809,-73.881958,30.9,a071c2,N128DN,A321,AIRBUS A-321,0
landing,JFK,22L,1790713005.2,2026-09-29T20:16:45Z,40.636379,-73.76181,213.8,a35592,N3139J,BCS3,AIRBUS A220-300,0
landing,LGA,31,1790713045.75,2026-09-29T20:17:25Z,40.777142,-73.867748,300.9,c07966,C-GTZH,BCS3,AIRBUS A220-300,0
takeoff,LGA,04,1790713071.24,2026-09-29T20:17:51Z,40.771854,-73.881927,30.9,a366a1,N318XL,C56X,CESSNA 560XL Citation XLS,0
landing,JFK,22L,1790713092.04,2026-09-29T20:18:12Z,40.632027,-73.765203,210.9,ad27f3,N947JB,A321,AIRBUS A-321,0
takeoff,JFK,22R,1790713118.46,2026-09-29T20:18:38Z,40.646519,-73.766464,210.9,a37ea4,N324RA,B38M,BOEING 737 MAX 8,0
landing,LGA,31,1790713127.18,2026-09-29T20:18:47Z,40.777302,-73.868088,300.9,a49206,N394DX,A321,AIRBUS A-321,0
takeoff,LGA,04,1790713160.2,2026-09-29T20:19:20Z,40.771671,-73.882065,30.9,a3c259,N341PQ,CRJ9,BOMBARDIER Regional Jet CRJ-900,0
takeoff,JFK,31L,1790713171.84,2026-09-29T20:19:31Z,40.633505,-73.783914,300.9,a009a4,N101NN,A321,AIRBUS A-321,0
takeoff,JFK,22R,1790713180.9,2026-09-29T20:19:40Z,40.645189,-73.767497,210.9,ad1927,N943JT,A321,AIRBUS A-321,0
landing,JFK,22L,1790713182.32,2026-09-29T20:19:42Z,40.632454,-73.764862,210.9,ab5365,N829MH,B764,BOEING 767-400,0
landing,LGA,31,1790713247.34,2026-09-29T20:20:47Z,40.777759,-73.869105,298.1,abd063,N860RW,E170,EMBRAER ERJ-170-100,0
takeoff,JFK,22R,1790713266.88,2026-09-29T20:21:06Z,40.645364,-73.767357,210.9,a6ee8e,N546DN,A21N,AIRBUS A-321neo,0
landing,JFK,22L,1790713275.72,2026-09-29T20:21:15Z,40.63361,-73.763947,210.9,ab38a1,N822DN,B739,BOEING 737-900,0
landing,LGA,31,1790713321.25,2026-09-29T20:22:01Z,40.778915,-73.87146,300.9,a1ecfd,N223JQ,E75L,EMBRAER ERJ-170-200 (long wing),0
takeoff,LGA,04,1790713339.32,2026-09-29T20:22:19Z,40.771358,-73.882323,30.9,c05ea2,C-GJVT,A320,AIRBUS A-320,0
landing,JFK,22R,1790713339.86,2026-09-29T20:22:19Z,40.631081,-73.778503,210.9,aacaa5,N795AN,B772,BOEING 777-200,0
landing,JFK,22L,1790713375.29,2026-09-29T20:22:55Z,40.635169,-73.762784,210.9,a35949,N3149J,BCS3,AIRBUS A220-300,0
landing,LGA,31,1790713420.01,2026-09-29T20:23:40Z,40.77562,-73.864548,300.9,acf2e4,N933XJ,CRJ9,BOMBARDIER Regional Jet CRJ-900,0
takeoff,JFK,22R,1790713430.76,2026-09-29T20:23:50Z,40.644642,-73.767903,210.9,3c6519,D-AIHY,A346,AIRBUS A-340-600,0
takeoff,LGA,04,1790713455.43,2026-09-29T20:24:15Z,40.771765,-73.88198,30.9,ad2fd0,N949NN,B738,BOEING 737-800,0
landing,JFK,22L,1790713474.2,2026-09-29T20:24:34Z,40.633796,-73.76383,210.9,ad9e73,N977JE,A321,AIRBUS A-321,0
landing,JFK,22R,1790713518.47,2026-09-29T20:25:18Z,40.63044,-73.779053,210.9,a16c3a,N191DN,B763,BOEING 767-300,0
landing,LGA,31,1790713523.56,2026-09-29T20:25:23Z,40.777382,-73.86821,300.9,ab40ce,N824MD,E170,EMBRAER ERJ-170-100,0
takeoff,LGA,04,1790713542.02,2026-09-29T20:25:42Z,40.771043,-73.882604,30.9,ac92b1,N909XJ,CRJ9,BOMBARDIER Regional Jet CRJ-900,0
takeoff,JFK,31L,1790713557.76,2026-09-29T20:25:57Z,40.633633,-73.784211,300.9,0d0f49,XA-VXO,A21N,AIRBUS A-321neo,0
landing,JFK,22L,1790713570.85,2026-09-29T20:26:10Z,40.634605,-73.763199,210.9,a4dfa6,N413DX,A339,AIRBUS A-330-900,0
landing,LGA,31,1790713594.34,2026-09-29T20:26:34Z,40.777142,-73.867722,303.8,a037b9,N113DX,A321,AIRBUS A-321,0
takeoff,LGA,04,1790713634.88,2026-09-29T20:27:14Z,40.772452,-73.881402,30.9,adb656,N983AN,B738,BOEING 737-800,0
takeoff,JFK,22R,1790713666.19,2026-09-29T20:27:46Z,40.645725,-73.767076,210.9,a3711a,N3203J,BCS3,AIRBUS A220-300,0
landing,JFK,22L,1790713700.74,2026-09-29T20:28:20Z,40.634914,-73.762939,210.9,a3d767,N347AZ,B763,BOEING 767-300,0
takeoff,JFK,31L,1790713717.66,2026-09-29T20:28:37Z,40.633518,-73.783951,300.9,a4e181,N413YX,E75L,EMBRAER ERJ-170-200 (long wing),0
landing,LGA,31,1790713718.76,2026-09-29T20:28:38Z,40.776958,-73.867371,303.8,ac98c1,N910XJ,CRJ9,BOMBARDIER Regional Jet CRJ-900,0
takeoff,JFK,22R,1790713728.07,2026-09-29T20:28:48Z,40.645585,-73.767185,210.9,a1a0a1,N2038J,A21N,AIRBUS A-321neo,0
takeoff,LGA,04,1790713748.48,2026-09-29T20:29:08Z,40.77095,-73.882675,30.9,ac32f2,N8851Q,B38M,BOEING 737 MAX 8,0
takeoff,JFK,22R,1790713811.84,2026-09-29T20:30:11Z,40.64512,-73.767544,210.9,acc23f,N921DU,B739,BOEING 737-900,0
landing,LGA,31,1790713834.25,2026-09-29T20:30:34Z,40.777875,-73.869433,292.5,ab282b,N818MD,E170,EMBRAER ERJ-170-100,0
landing,JFK,22L,1790713867.82,2026-09-29T20:31:07Z,40.634727,-73.763081,210.9,aa5b92,N767AJ,B772,BOEING 777-200,0
landing,LGA,31,1790713890.41,2026-09-29T20:31:30Z,40.77808,-73.869705,300.9,a085a4,N13248,B738,BOEING 737-800,0
takeoff,JFK,22R,1790713897.43,2026-09-29T20:31:37Z,40.645457,-73.767294,210.9,a61797,N492AS,B739,BOEING 737-900,0
takeoff,LGA,04,1790713915.68,2026-09-29T20:31:55Z,40.77244,-73.881449,28.1,a7dadc,N605LR,CRJ9,BOMBARDIER Regional Jet CRJ-900,0
takeoff,LGA,22,1790713916.41,2026-09-29T20:31:56Z,40.770309,-73.881744,222.2,ad6595,N962WN,B737,BOEING 737-700,0
takeoff,JFK,31L,1790713950.12,2026-09-29T20:32:30Z,40.633804,-73.784592,300.9,ac6f8a,N900DU,B739,BOEING 737-900,0
landing,LGA,31,1790714008.06,2026-09-29T20:33:28Z,40.776649,-73.866745,300.9,a36fa4,N320PQ,CRJ9,BOMBARDIER Regional Jet CRJ-900,0
landing,JFK,22L,1790714010.21,2026-09-29T20:33:30Z,40.634063,-73.763612,210.9,ab485e,N826NN,B738,BOEING 737-800,0
takeoff,LGA,04,1790714032.07,2026-09-29T20:33:52Z,40.77158,-73.882141,30.9,ac267c,N882NN,B738,BOEING 737-800,0
landing,JFK,22R,1790714045.36,2026-09-29T20:34:05Z,40.630978,-73.778595,210.9,4ac8a8,SE-REH,A333,AIRBUS A-330-300,0
landing,JFK,22L,1790714090.88,2026-09-29T20:34:50Z,40.63624,-73.761911,213.8,a35109,N3123J,BCS3,AIRBUS A220-300,0
landing,LGA,31,1790714106.23,2026-09-29T20:35:06Z,40.777852,-73.869433,292.5,abd41a,N861RW,E170,EMBRAER ERJ-170-100,0
takeoff,JFK,31L,1790714129.38,2026-09-29T20:35:29Z,40.633759,-73.784485,300.9,a1cf48,N2156J,A21N,AIRBUS A-321neo,0
takeoff,JFK,22R,1790714145.03,2026-09-29T20:35:45Z,40.645992,-73.766846,210.9,896596,A6-XWA,A35K,AIRBUS A-350-1000,0
takeoff,LGA,22,1790714161.28,2026-09-29T20:36:01Z,40.770624,-73.881434,208.1,a15b4c,N187GJ,CRJ9,BOMBARDIER Regional Jet CRJ-900,0
landing,LGA,31,1790714170.08,2026-09-29T20:36:10Z,40.776684,-73.86676,298.1,a320a6,N300PQ,CRJ9,BOMBARDIER Regional Jet CRJ-900,0
landing,JFK,22L,1790714170.76,2026-09-29T20:36:10Z,40.635361,-73.762604,212.4,7c8065,VH-ZNB,B789,BOEING 787-9 Dreamliner,0
takeoff,LGA,04,1790714205.85,2026-09-29T20:36:45Z,40.773571,-73.880524,30.9,a3bdac,N340DU,BCS3,AIRBUS A220-300,0
landing,JFK,22R,1790714249.59,2026-09-29T20:37:29Z,40.630886,-73.778687,210.9,ad8bed,N972JT,A321,AIRBUS A-321,0
landing,LGA,31,1790714267.59,2026-09-29T20:37:47Z,40.778736,-73.871087,303.8,a517dc,N427YX,E75L,EMBRAER ERJ-170-200 (long wing),0
takeoff,LGA,04,1790714286.71,2026-09-29T20:38:06Z,40.77182,-73.881943,30.9,ace6e2,N930NN,B738,BOEING 737-800,0
landing,JFK,22L,1790714297.16,2026-09-29T20:38:17Z,40.633667,-73.763916,210.9,ab4fae,N828MH,B764,BOEING 767-400,0
takeoff,LGA,13,1790714313.82,2026-09-29T20:38:33Z,40.774235,-73.863983,118.1,a320a6,N300PQ,CRJ9,BOMBARDIER Regional Jet CRJ-900,0
takeoff,JFK,31L,1790714327.39,2026-09-29T20:38:47Z,40.633761,-73.784476,300.9,ab53e4,N829SK,CRJ9,BOMBARDIER Regional Jet CRJ-900,0
landing,LGA,31,1790714331.87,2026-09-29T20:38:51Z,40.777037,-73.867498,300.9,adac5d,N980NN,B738,BOEING 737-800,0
takeoff,LGA,04,1790714362.23,2026-09-29T20:39:22Z,40.770996,-73.882629,33.8,a33aa7,N307PQ,CRJ9,BOMBARDIER Regional Jet CRJ-900,0
takeoff,LGA,22,1790714367.42,2026-09-29T20:39:27Z,40.770412,-73.881592,213.8,a09239,N136HQ,E75L,EMBRAER ERJ-170-200 (long wing),0
takeoff,LGA,22,1790714379.76,2026-09-29T20:39:39Z,40.770973,-73.881149,213.8,a04e60,N119HQ,E75L,EMBRAER ERJ-170-200 (long wing),0
landing,JFK,22R,1790714379.76,2026-09-29T20:39:39Z,40.633807,-73.776408,210.9,a02681,N109DU,BCS1,AIRBUS A220-100,0
takeoff,LGA,22,1790714397.38,2026-09-29T20:39:57Z,40.769775,-73.882401,225.0,a4ba02,N403YX,E75L,EMBRAER ERJ-170-200 (long wing),0
landing,JFK,22L,1790714412.21,2026-09-29T20:40:12Z,40.634296,-73.763412,209.6,abafe4,N852ML,B789,BOEING 787-9 Dreamliner,0
landing,LGA,31,1790714466.8,2026-09-29T20:41:06Z,40.777725,-73.869095,295.3,a01097,N103HQ,E75L,EMBRAER ERJ-170-200 (long wing),0
takeoff,JFK,22R,1790714479.71,2026-09-29T20:41:19Z,40.646347,-73.766602,210.9,ab772d,N838MH,B764,BOEING 767-400,0
landing,LGA,31,1790714535.78,2026-09-29T20:42:15Z,40.778549,-73.870697,303.8,ab3d17,N823MD,E170,EMBRAER ERJ-170-100,0
takeoff,LGA,31,1790714535.78,2026-09-29T20:42:15Z,40.778549,-73.870697,303.8,ab3d17,N823MD,E170,EMBRAER ERJ-170-100,0
landing,LGA,31,1790714537.56,2026-09-29T20:42:17Z,40.778701,-73.871009,300.9,ab3d17,N823MD,E170,EMBRAER ERJ-170-100,0
takeoff,JFK,22R,1790714557.4,2026-09-29T20:42:37Z,40.645329,-73.767388,210.9,aafca8,N807JB,A320,AIRBUS A-320,0
landing,JFK,22L,1790714557.45,2026-09-29T20:42:37Z,40.633896,-73.763748,213.8,a35ef1,N316UV,B38M,BOEING 737 MAX 8,0
landing,LGA,31,1790714605.62,2026-09-29T20:43:25Z,40.776295,-73.865952,303.8,a445d9,N3746H,B738,BOEING 737-800,0
takeoff,JFK,22R,1790714612.4,2026-09-29T20:43:32Z,40.646473,-73.766495,210.9,a66576,N511DE,A21N,AIRBUS A-321neo,0
landing,JFK,22L,1790714658.84,2026-09-29T20:44:18Z,40.634548,-73.763245,210.9,a4bbde,N404DX,A339,AIRBUS A-330-900,0
takeoff,JFK,31L,1790714667.74,2026-09-29T20:44:27Z,40.633912,-73.784835,302.5,0d085c,XA-AMX,B788,BOEING 787-8 Dreamliner,0
landing,LGA,31,1790714709.75,2026-09-29T20:45:09Z,40.777363,-73.868231,300.9,ada699,N979RP,E170,EMBRAER ERJ-170-100,0
landing,JFK,22R,1790714713.54,2026-09-29T20:45:13Z,40.630898,-73.778671,210.9,acfe09,N936XJ,CRJ9,BOMBARDIER Regional Jet CRJ-900,0
takeoff,LGA,31,1790714764.2,2026-09-29T20:46:04Z,40.775245,-73.867638,300.9,c06081,C-GKOE,A320,AIRBUS A-320,0
takeoff,JFK,22R,1790714813.62,2026-09-29T20:46:53Z,40.645248,-73.767451,210.9,a189f2,N199DN,B763,BOEING 767-300,0
landing,JFK,22L,1790714815.26,2026-09-29T20:46:55Z,40.636007,-73.762113,210.9,ac756c,N9011P,A319,AIRBUS A-319,0
landing,LGA,31,1790714817.3,2026-09-29T20:46:57Z,40.777748,-73.869125,295.3,a89d22,N654RW,E170,EMBRAER ERJ-170-100,0
takeoff,LGA,04,1790714841.44,2026-09-29T20:47:21Z,40.773891,-73.880249,33.8,a08e3c,N135EV,CRJ9,BOMBARDIER Regional Jet CRJ-900,0
takeoff,JFK,31L,1790714855.26,2026-09-29T20:47:35Z,40.633167,-73.783165,300.9,a22358,N237JQ,E75L,EMBRAER ERJ-170-200 (long wing),0
landing,JFK,22L,1790714897.07,2026-09-29T20:48:17Z,40.63607,-73.76207,210.9,ab249e,N817NW,A333,AIRBUS A-330-300,0
takeoff,JFK,22R,1790714903.81,2026-09-29T20:48:23Z,40.645042,-73.767624,210.9,a39fe4,N3322J,,,0
landing,LGA,31,1790714939.99,2026-09-29T20:48:59Z,40.778143,-73.871196,261.6,c061a2,,,,
landing,LGA,31,1790714967.39,2026-09-29T20:49:27Z,40.776512,-73.866409,300.9,ac2f18,N8840Q,B38M,BOEING 737 MAX 8,0
takeoff,JFK,22R,1790714969.75,2026-09-29T20:49:29Z,40.644922,-73.7677,210.9,4caeb3,EI-TYD,A339,AIRBUS A-330-900,0
landing,JFK,22L,1790715012.38,2026-09-29T20:50:12Z,40.635844,-73.762223,210.9,ab7ae4,N839MH,B764,BOEING 767-400,0
takeoff,JFK,22R,1790715027.75,2026-09-29T20:50:27Z,40.644992,-73.767638,210.9,aab812,N790AN,B772,BOEING 777-200,0
takeoff,JFK,31L,1790715044.9,2026-09-29T20:50:44Z,40.634843,-73.786864,300.9,acf0d8,N933AK,B39M,,0
landing,LGA,31,1790715116.83,2026-09-29T20:51:56Z,40.775466,-73.864268,303.8,a63f16,N501QS,C68A,CESSNA 680 Citation Latitude,0
landing,JFK,22L,1790715144.44,2026-09-29T20:52:24Z,40.634506,-73.763253,210.9,a64578,N503DZ,A21N,AIRBUS A-321neo,0
takeoff,JFK,22R,1790715146.73,2026-09-29T20:52:26Z,40.649042,-73.764485,210.9,a095f0,N137HQ,E75L,EMBRAER ERJ-170-200 (long wing),0
takeoff,LGA,04,1790715156.28,2026-09-29T20:52:36Z,40.77142,-73.882278,30.9,abb172,N8522P,B738,BOEING 737-800,0
takeoff,JFK,31L,1790715167.61,2026-09-29T20:52:47Z,40.63393,-73.784836,298.1,a35701,N314PQ,CRJ9,BOMBARDIER Regional Jet CRJ-900,0
landing,LGA,31,1790715219.3,2026-09-29T20:53:39Z,40.777689,-73.868949,298.1,a5307f,N433YX,E75L,EMBRAER ERJ-170-200 (long wing),0
takeoff,JFK,22R,1790715219.42,2026-09-29T20:53:39Z,40.64518,-73.767502,210.9,3c7a48,D-ANRH,A339,AIRBUS A-330-900,0
landing,JFK,22L,1790715245.33,2026-09-29T20:54:05Z,40.634937,-73.762924,209.6,ab79ca,N839AA,B789,BOEING 787-9 Dreamliner,0
takeoff,LGA,04,1790715246.02,2026-09-29T20:54:06Z,40.772475,-73.881402,30.9,a008c5,N101DQ,A321,AIRBUS A-321,0
takeoff,JFK,22R,1790715284.99,2026-09-29T20:54:44Z,40.644619,-73.767934,210.9,4b1880,HB-JHG,A333,AIRBUS A-330-300,0
takeoff,LGA,04,1790715311.45,2026-09-29T20:55:11Z,40.771753,-73.88198,30.9,ad237f,N946AN,B738,BOEING 737-800,0
takeoff,JFK,31L,1790715326.71,2026-09-29T20:55:26Z,40.633896,-73.784775,300.9,aae6d5,N801NW,A333,AIRBUS A-330-300,0
takeoff,JFK,22R,1790715351.73,2026-09-29T20:55:51Z,40.645038,-73.767622,210.9,4ca74e,EI-EAV,A333,AIRBUS A-330-300,0
landing,LGA,31,1790715402.04,2026-09-29T20:56:42Z,40.77729,-73.868073,300.9,a67883,N516JB,A320,AIRBUS A-320,0
takeoff,LGA,04,1790715437.22,2026-09-29T20:57:17Z,40.771088,-73.882568,30.9,a3efa2,N35271,B738,BOEING 737-800,0
landing,JFK,22L,1790715466.54,2026-09-29T20:57:46Z,40.634773,-73.76305,213.8,a38237,N325PQ,CRJ9,BOMBARDIER Regional Jet CRJ-900,0
landing,LGA,31,1790715488.58,2026-09-29T20:58:08Z,40.777634,-73.868805,298.1,a1ff90,N228JQ,E75L,EMBRAER ERJ-170-200 (long wing),0
takeoff,JFK,22R,1790715501.79,2026-09-29T20:58:21Z,40.646336,-73.766617,210.9,a4189f,N363NB,A319,AIRBUS A-319,0
takeoff,LGA,04,1790715517.93,2026-09-29T20:58:37Z,40.773487,-73.880591,30.9,a80d40,N618JB,A320,AIRBUS A-320,0
landing,LGA,31,1790715567.07,2026-09-29T20:59:27Z,40.77706,-73.867576,298.1,a93d7c,N695CA,CRJ9,BOMBARDIER Regional Jet CRJ-900,0
landing,JFK,22L,1790715581.84,2026-09-29T20:59:41Z,40.632888,-73.764517,212.4,740825,JY-BAE,B788,BOEING 787-8 Dreamliner,0
takeoff,JFK,22R,1790715583.62,2026-09-29T20:59:43Z,40.645271,-73.767435,213.8,0c605f,9Y-ANT,B38M,BOEING 737 MAX 8,0
takeoff,JFK,22R,1790715649.7,2026-09-29T21:00:49Z,40.645512,-73.767227,210.9,3965b4,F-GZNU,B77W,BOEING 777-300ER,0
landing,LGA,31,1790715675.83,2026-09-29T21:01:15Z,40.77727,-73.867997,298.1,a30961,N295PQ,CRJ9,BOMBARDIER Regional Jet CRJ-900,0
landing,JFK,22L,1790715708.43,2026-09-29T21:01:48Z,40.635192,-73.762722,210.9,ac89f7,N907JB,A321,AIRBUS A-321,0
takeoff,LGA,04,1790715710.15,2026-09-29T21:01:50Z,40.773615,-73.880466,28.1,a148b9,N182GJ,CRJ9,BOMBARDIER Regional Jet CRJ-900,0
takeoff,JFK,22R,1790715734.09,2026-09-29T21:02:14Z,40.645958,-73.766891,212.4,485f85,PH-BKS,B78X,BOEING 787-10 Dreamliner,0
takeoff,LGA,22,1790715761.52,2026-09-29T21:02:41Z,40.770195,-73.881882,210.9,abd7d1,N862RW,E170,EMBRAER ERJ-170-100,0
landing,LGA,31,1790715769.16,2026-09-29T21:02:49Z,40.777348,-73.868195,300.9,a3b3e5,N338DU,BCS3,AIRBUS A220-300,0
landing,JFK,22L,1790715805.89,2026-09-29T21:03:25Z,40.635914,-73.762176,213.8,ab5dab,N831SK,CRJ9,BOMBARDIER Regional Jet CRJ-900,0
takeoff,LGA,04,1790715813.32,2026-09-29T21:03:33Z,40.77379,-73.880326,33.8,a0be05,N147PQ,CRJ9,BOMBARDIER Regional Jet CRJ-900,0
takeoff,LGA,22,1790715858.12,2026-09-29T21:04:18Z,40.770392,-73.881621,213.8,ad6758,N963AN,B738,BOEING 737-800,0
landing,LGA,31,1790715860.14,2026-09-29T21:04:20Z,40.77729,-73.868057,303.8,a0b86a,N14557,A21N,AIRBUS A-321neo,0
takeoff,JFK,22R,1790715869.43,2026-09-29T21:04:29Z,40.646015,-73.766846,210.9,a12c23,N175DZ,B763,BOEING 767-300,0
takeoff,LGA,04,1790715899.6,2026-09-29T21:04:59Z,40.771877,-73.881882,30.9,a11eb7,N171US,A321,AIRBUS A-321,0
landing,JFK,22L,1790715924.31,2026-09-29T21:05:24Z,40.635086,-73.762817,210.9,a6d83c,N540DE,A21N,AIRBUS A-321neo,0
landing,LGA,31,1790715968.58,2026-09-29T21:06:08Z,40.776944,-73.867311,300.9,a44e18,N377DA,B738,BOEING 737-800,0
takeoff,JFK,22R,1790715983.01,2026-09-29T21:06:23Z,40.645736,-73.767076,210.9,a6f23d,N547DE,A21N,AIRBUS A-321neo,0
landing,JFK,22L,1790716026.02,2026-09-29T21:07:06Z,40.634052,-73.763627,210.9,a36799,N3185J,BCS3,AIRBUS A220-300,0
takeoff,JFK,22R,1790716053.16,2026-09-29T21:07:33Z,40.645702,-73.767107,210.9,348547,EC-ORE,A21N,AIRBUS A-321neo,0
landing,LGA,31,1790716059.26,2026-09-29T21:07:39Z,40.77656,-73.86653,300.9,a33e5e,N308PQ,CRJ9,BOMBARDIER Regional Jet CRJ-900,0
takeoff,JFK,22R,1790716115.25,2026-09-29T21:08:35Z,40.646358,-73.766571,210.9,a124b5,N173DZ,B763,BOEING 767-300,0
landing,LGA,31,1790716127.09,2026-09-29T21:08:47Z,40.776665,-73.866764,303.8,a36994,N319PQ,CRJ9,BOMBARDIER Regional Jet CRJ-900,0
landing,JFK,22L,1790716179.42,2026-09-29T21:09:39Z,40.636286,-73.761879,210.9,a349be,N3104J,BCS3,AIRBUS A220-300,0
takeoff,JFK,22R,1790716248.18,2026-09-29T21:10:48Z,40.644699,-73.767883,210.9,a3845c,N3258J,BCS3,,0
landing,LGA,31,1790716249.28,2026-09-29T21:10:49Z,40.777572,-73.868668,300.9,a8847f,N648RW,E170,EMBRAER ERJ-170-100,0
landing,JFK,22L,1790716294.3,2026-09-29T21:11:34Z,40.634308,-73.763428,210.9,a1373d,N178DN,B763,BOEING 767-300,0
takeoff,LGA,31,1790716308.95,2026-09-29T21:11:48Z,40.772255,-73.857483,331.9,a32814,N302PQ,CRJ9,BOMBARDIER Regional Jet CRJ-900,0
takeoff,JFK,22R,1790716323.14,2026-09-29T21:12:03Z,40.646015,-73.766846,210.9,ad60b7,N961JT,A321,AIRBUS A-321,0
takeoff,JFK,22R,1790716390.8,2026-09-29T21:13:10Z,40.645806,-73.767029,210.9,a01112,N103NN,A321,AIRBUS A-321,0
landing,JFK,22L,1790716395.32,2026-09-29T21:13:15Z,40.63603,-73.762082,210.9,a3a990,N335NB,A319,AIRBUS A-319,0
takeoff,LGA,31,1790716428.67,2026-09-29T21:13:48Z,40.772278,-73.857559,300.9,a130cb,N176PQ,CRJ9,BOMBARDIER Regional Jet CRJ-900,0
takeoff,JFK,22R,1790716450.28,2026-09-29T21:14:10Z,40.646004,-73.766876,210.9,aabbc9,N791AN,B772,BOEING 777-200,0
takeoff,LGA,31,1790716539.7,2026-09-29T21:15:39Z,40.772324,-73.857651,303.8,a49d22,N397DN,A321,AIRBUS A-321,0
landing,LGA,22,1790716544.9,2026-09-29T21:15:44Z,40.776595,-73.878016,213.8,ab3d39,N823NN,B738,BOEING 737-800,0
landing,JFK,22L,1790716575.64,2026-09-29T21:16:15Z,40.635773,-73.762253,213.8,ac801e,N904XJ,CRJ9,BOMBARDIER Regional Jet CRJ-900,0
takeoff,JFK,22R,1790716576.11,2026-09-29T21:16:16Z,40.644957,-73.767685,210.9,a5e9f4,N480PX,CRJ9,BOMBARDIER Regional Jet CRJ-900,0
takeoff,LGA,31,1790716607.93,2026-09-29T21:16:47Z,40.7723,-73.857557,312.2,a8c759,N665FR,A21N,AIRBUS A-321neo,0
landing,LGA,22,1790716621.36,2026-09-29T21:17:01Z,40.775127,-73.879227,213.8,a542d7,N438WN,B737,BOEING 737-700,0
takeoff,JFK,31L,1790716624.63,2026-09-29T21:17:04Z,40.633377,-73.78368,303.8,a4afbe,N4005X,A319,AIRBUS A-319,0
takeoff,LGA,31,1790716680.32,2026-09-29T21:18:00Z,40.772335,-73.857666,300.9,a0b7fe,N14524,A21N,AIRBUS A-321neo,0
landing,LGA,22,1790716685.78,2026-09-29T21:18:05Z,40.777279,-73.877441,213.8,aca760,N914UY,A321,AIRBUS A-321,0
landing,LGA,22,1790716808.32,2026-09-29T21:20:08Z,40.778492,-73.876358,212.5,a3f43c,N354FX,E55P,EMBRAER EMB-505 Phenom 300,0
landing,LGA,22,1790716856.68,2026-09-29T21:20:56Z,40.77656,-73.878016,213.8,ac5765,N8946L,B38M,BOEING 737 MAX 8,0
takeoff,JFK,31L,1790716859.17,2026-09-29T21:20:59Z,40.633773,-73.784523,300.9,a34d98,N3115J,BCS3,AIRBUS A220-300,0
landing,JFK,22L,1790716909.41,2026-09-29T21:21:49Z,40.632271,-73.765016,210.9,acc5fb,N922DZ,B739,BOEING 737-900,0
landing,LGA,22,1790716922.06,2026-09-29T21:22:02Z,40.77514,-73.879202,213.8,a44969,N3755D,B738,BOEING 737-800,0
landing,JFK,22L,1790716988.19,2026-09-29T21:23:08Z,40.634525,-73.763245,213.8,a61173,N490PX,CRJ9,BOMBARDIER Regional Jet CRJ-900,0
takeoff,LGA,31,1790717003.41,2026-09-29T21:23:23Z,40.772265,-73.857526,300.9,a2b759,N274WN,B737,BOEING 737-700,0
landing,LGA,22,1790717010.51,2026-09-29T21:23:30Z,40.775315,-73.879062,210.9,a51b93,N428YX,E75L,EMBRAER ERJ-170-200 (long wing),0
landing,LGA,22,1790717093.35,2026-09-29T21:24:53Z,40.775059,-73.879264,213.8,a0ad3e,N14250,B738,BOEING 737-800,0
landing,JFK,22L,1790717101.47,2026-09-29T21:25:01Z,40.6348,-73.763046,210.9,a988f0,N713TW,B752,BOEING 757-200,0
takeoff,LGA,31,1790717109.57,2026-09-29T21:25:09Z,40.77507,-73.863403,300.9,a1c935,N214JQ,E75L,EMBRAER ERJ-170-200 (long wing),0
takeoff,JFK,22R,1790717129.12,2026-09-29T21:25:29Z,40.649128,-73.764404,210.9,a0144e,N104HQ,E75L,EMBRAER ERJ-170-200 (long wing),0
takeoff,JFK,31L,1790717134.97,2026-09-29T21:25:34Z,40.63488,-73.786942,300.9,a7a532,N592DT,A21N,AIRBUS A-321neo,0
landing,LGA,22,1790717184.74,2026-09-29T21:26:24Z,40.777596,-73.877173,213.8,aca3e6,N913XJ,CRJ9,BOMBARDIER Regional Jet CRJ-900,0
landing,JFK,22L,1790717191.59,2026-09-29T21:26:31Z,40.634903,-73.76297,208.1,a1094c,N166PQ,CRJ9,BOMBARDIER Regional Jet CRJ-900,0
takeoff,LGA,31,1790717211.0,2026-09-29T21:26:51Z,40.77626,-73.865906,303.8,ad8cec,N972UY,A321,AIRBUS A-321,0
landing,LGA,22,1790717259.12,2026-09-29T21:27:39Z,40.775299,-73.879074,213.8,a44d3f,N3766,B738,BOEING 737-800,0
takeoff,LGA,31,1790717268.84,2026-09-29T21:27:48Z,40.772278,-73.857559,300.9,a37e80,N324PQ,CRJ9,BOMBARDIER Regional Jet CRJ-900,0
landing,JFK,22L,1790717285.78,2026-09-29T21:28:05Z,40.631631,-73.765531,213.8,a4e538,N414YX,E75L,EMBRAER ERJ-170-200 (long wing),0
takeoff,LGA,31,1790717305.68,2026-09-29T21:28:25Z,40.772277,-73.857588,317.8,a4f7cb,N419YX,E75L,EMBRAER ERJ-170-200 (long wing),0
landing,JFK,22L,1790717348.15,2026-09-29T21:29:08Z,40.635053,-73.762847,210.9,a75da2,N574DT,A21N,AIRBUS A-321neo,0
takeoff,JFK,22R,1790717355.9,2026-09-29T21:29:15Z,40.645489,-73.767258,210.9,a0f46f,N1603,B763,BOEING 767-300,0
landing,LGA,22,1790717389.1,2026-09-29T21:29:49Z,40.781124,-73.874252,213.8,ad48a9,N955QS,C68A,CESSNA 680 Citation Latitude,0
takeoff,JFK,22R,1790717427.61,2026-09-29T21:30:27Z,40.646027,-73.766846,210.9,a13386,N177DN,B763,BOEING 767-300,0
landing,JFK,22L,1790717436.35,2026-09-29T21:30:36Z,40.634052,-73.763612,213.8,a5e02d,N478PX,CRJ9,BOMBARDIER Regional Jet CRJ-900,0
takeoff,JFK,31L,1790717461.64,2026-09-29T21:31:01Z,40.631836,-73.775299,300.9,a4e538,N414YX,E75L,EMBRAER ERJ-170-200 (long wing),0
landing,JFK,31L,1790717469.31,2026-09-29T21:31:09Z,40.63187,-73.775391,300.9,a4e538,N414YX,E75L,EMBRAER ERJ-170-200 (long wing),0
takeoff,JFK,31L,1790717469.31,2026-09-29T21:31:09Z,40.63187,-73.775391,300.9,a4e538,N414YX,E75L,EMBRAER ERJ-170-200 (long wing),0
landing,JFK,31L,1790717475.21,2026-09-29T21:31:15Z,40.63195,-73.775574,300.9,a4e538,N414YX,E75L,EMBRAER ERJ-170-200 (long wing),0
takeoff,JFK,31L,1790717476.03,2026-09-29T21:31:16Z,40.631973,-73.775604,300.9,a4e538,N414YX,E75L,EMBRAER ERJ-170-200 (long wing),0
landing,JFK,31L,1790717476.85,2026-09-29T21:31:16Z,40.63198,-73.775643,300.9,a4e538,N414YX,E75L,EMBRAER ERJ-170-200 (long wing),0
landing,JFK,22L,1790717518.16,2026-09-29T21:31:58Z,40.633152,-73.764313,210.9,4ba95a,TC-JJZ,B77W,BOEING 777-300ER,0
takeoff,LGA,31,1790717552.34,2026-09-29T21:32:32Z,40.772277,-73.857557,300.9,a53ba4,N436YX,E75L,EMBRAER ERJ-170-200 (long wing),0
landing,LGA,22,1790717569.35,2026-09-29T21:32:49Z,40.777943,-73.876892,210.9,a44308,N374DX,A321,AIRBUS A-321,0
landing,JFK,22L,1790717648.96,2026-09-29T21:34:08Z,40.632585,-73.764798,210.9,ad3581,N950JT,A321,AIRBUS A-321,0
takeoff,LGA,31,1790717687.84,2026-09-29T21:34:47Z,40.772475,-73.857947,300.9,a302a0,N293WN,B737,BOEING 737-700,0
landing,LGA,22,1790717691.22,2026-09-29T21:34:51Z,40.777336,-73.877411,213.8,a3a509,N334DU,BCS3,,0
takeoff,LGA,31,1790717768.31,2026-09-29T21:36:08Z,40.772449,-73.85791,303.8,ac0b61,N87507,B738,BOEING 737-800,0
takeoff,JFK,22R,1790717786.86,2026-09-29T21:36:26Z,40.645672,-73.76712,210.9,ac402d,N889KH,GLF5,GULFSTREAM 5,8
landing,JFK,22L,1790717791.99,2026-09-29T21:36:31Z,40.633167,-73.764329,210.9,a36636,N318TD,B38M,BOEING 737 MAX 8,0
landing,LGA,22,1790717866.6,2026-09-29T21:37:46Z,40.775002,-73.879303,213.8,ab1d06,N815MD,E170,EMBRAER ERJ-170-100,0
landing,JFK,22L,1790717879.73,2026-09-29T21:37:59Z,40.632492,-73.764844,210.9,ad00e3,N937NN,B738,BOEING 737-800,0
landing,LGA,22,1790717908.15,2026-09-29T21:38:28Z,40.776604,-73.877991,213.8,ac53b2,N8936Q,B38M,BOEING 737 MAX 8,0
takeoff,LGA,31,1790717909.57,2026-09-29T21:38:29Z,40.772335,-73.857713,303.8,a44e24,N377DN,A321,AIRBUS A-321,0
takeoff,JFK,22R,1790717974.73,2026-09-29T21:39:34Z,40.645294,-73.76741,210.9,a68d6f,N521JB,A320,AIRBUS A-320,0
landing,JFK,22L,1790717980.92,2026-09-29T21:39:40Z,40.634548,-73.763229,210.9,a138b8,N178US,A321,AIRBUS A-321,0
takeoff,LGA,31,1790718005.96,2026-09-29T21:40:05Z,40.772242,-73.857432,295.3,ab282b,N818MD,E170,EMBRAER ERJ-170-100,0
landing,LGA,22,1790718024.89,2026-09-29T21:40:24Z,40.778057,-73.876801,210.9,a39723,N330PQ,CRJ9,BOMBARDIER Regional Jet CRJ-900,0
takeoff,JFK,31L,1790718094.49,2026-09-29T21:41:34Z,40.633564,-73.784058,300.9,a03765,N113AN,A321,AIRBUS A-321,0
takeoff,JFK,22R,1790718096.44,2026-09-29T21:41:36Z,40.644791,-73.767792,210.9,aaee43,N803NW,A333,AIRBUS A-330-300,0
landing,LGA,22,1790718108.47,2026-09-29T21:41:48Z,40.776215,-73.878342,213.8,a04edb,N119NN,A321,AIRBUS A-321,0
takeoff,LGA,31,1790718111.25,2026-09-29T21:41:51Z,40.77261,-73.8582,300.9,ab40ce,N824MD,E170,EMBRAER ERJ-170-100,0
landing,JFK,22L,1790718119.7,2026-09-29T21:41:59Z,40.635395,-73.762573,210.9,a77dae,N582DN,A21N,,0
landing,JFK,22L,1790718199.28,2026-09-29T21:43:19Z,40.634098,-73.76358,210.9,a441c9,N3733Z,B738,BOEING 737-800,0
takeoff,LGA,31,1790718233.8,2026-09-29T21:43:53Z,40.772184,-73.85737,303.8,a0232a,N108HQ,E75L,EMBRAER ERJ-170-200 (long wing),0
landing,LGA,22,1790718245.54,2026-09-29T21:44:05Z,40.777336,-73.877396,213.8,a0669d,N125DN,A321,AIRBUS A-321,0
takeoff,LGA,13,1790718266.07,2026-09-29T21:44:26Z,40.775512,-73.866671,123.8,a63f16,N501QS,C68A,CESSNA 680 Citation Latitude,0
takeoff,LGA,31,1790718305.89,2026-09-29T21:45:05Z,40.772265,-73.857526,303.8,a20957,N230JQ,E75L,EMBRAER ERJ-170-200 (long wing),0
landing,JFK,22L,1790718315.49,2026-09-29T21:45:15Z,40.635315,-73.76265,213.8,a6692d,N512DE,A21N,AIRBUS A-321neo,0
takeoff,JFK,22R,1790718320.08,2026-09-29T21:45:20Z,40.644562,-73.768005,210.9,3c6714,D-AIXT,A359,AIRBUS A-350-900,0
landing,LGA,22,1790718341.21,2026-09-29T21:45:41Z,40.77649,-73.878094,213.8,a722b1,N559UW,A321,AIRBUS A-321,0
takeoff,JFK,22R,1790718402.79,2026-09-29T21:46:42Z,40.645248,-73.767456,210.9,738073,4X-ECC,B772,BOEING 777-200,0
takeoff,LGA,31,1790718410.37,2026-09-29T21:46:50Z,40.772312,-73.85762,303.8,c07966,C-GTZH,BCS3,AIRBUS A220-300,0
landing,JFK,22L,1790718415.08,2026-09-29T21:46:55Z,40.636414,-73.76178,210.9,400610,G-VIIJ,B772,BOEING 777-200,0
landing,LGA,22,1790718428.87,2026-09-29T21:47:08Z,40.778387,-73.876549,210.9,c012ed,C-FHEI,AS50,AEROSPATIALE AS-350 Ecureuil,0
takeoff,JFK,31L,1790718458.88,2026-09-29T21:47:38Z,40.633819,-73.784601,300.9,ab52a2,N829DN,B739,BOEING 737-900,0
takeoff,LGA,31,1790718497.45,2026-09-29T21:48:17Z,40.772242,-73.857479,303.8,a4f414,N418YX,E75L,EMBRAER ERJ-170-200 (long wing),0
takeoff,JFK,22R,1790718498.06,2026-09-29T21:48:18Z,40.646301,-73.766617,210.9,394a06,F-GSQG,B77W,BOEING 777-300ER,0
landing,LGA,22,1790718533.44,2026-09-29T21:48:53Z,40.77372,-73.879929,185.6,a1f822,N226JQ,E75L,EMBRAER ERJ-170-200 (long wing),0
landing,JFK,22L,1790718547.32,2026-09-29T21:49:07Z,40.633901,-73.763721,210.9,acad53,N916DU,B739,BOEING 737-900,0
landing,LGA,22,1790718562.14,2026-09-29T21:49:22Z,40.778038,-73.876814,213.8,a52b19,N432FR,A20N,AIRBUS A-320neo,0
takeoff,LGA,13,1790718637.7,2026-09-29T21:50:37Z,40.775299,-73.866226,120.9,a39723,N330PQ,CRJ9,BOMBARDIER Regional Jet CRJ-900,0
landing,JFK,22L,1790718643.2,2026-09-29T21:50:43Z,40.634017,-73.763643,210.9,40641d,G-VLUV,A333,AIRBUS A-330-300,0
landing,LGA,22,1790718649.03,2026-09-29T21:50:49Z,40.774853,-73.879425,210.9,abdf3f,N864RW,E170,EMBRAER ERJ-170-100,0
landing,LGA,22,1790718698.45,2026-09-29T21:51:38Z,40.775185,-73.87915,210.9,a19691,N201JQ,E75L,EMBRAER ERJ-170-200 (long wing),0
takeoff,LGA,31,1790718704.31,2026-09-29T21:51:44Z,40.773138,-73.859367,303.8,a44d85,N3768,B738,BOEING 737-800,0
landing,JFK,22L,1790718779.77,2026-09-29T21:52:59Z,40.635509,-73.762482,210.9,ab92c4,N845DN,B739,BOEING 737-900,0
takeoff,LGA,31,1790718804.6,2026-09-29T21:53:24Z,40.772266,-73.857529,303.8,abdb88,N863RW,E170,EMBRAER ERJ-170-100,0
landing,LGA,22,1790718813.69,2026-09-29T21:53:33Z,40.77467,-73.879593,213.8,aa56da,N76528,B738,BOEING 737-800,0
takeoff,JFK,31L,1790718829.46,2026-09-29T21:53:49Z,40.633884,-73.784729,300.9,ab5975,N830MH,B764,BOEING 767-400,0
takeoff,JFK,22R,1790718865.73,2026-09-29T21:54:25Z,40.645294,-73.767404,210.9,a17ecd,N196DN,B763,BOEING 767-300,0
landing,JFK,22L,1790718876.24,2026-09-29T21:54:36Z,40.63472,-73.763107,213.8,ad2ea1,N949AK,B39M,BOEING 737 MAX 9,0
takeoff,LGA,31,1790718918.13,2026-09-29T21:55:18Z,40.772266,-73.857544,306.6,abbb77,N855RW,E170,EMBRAER ERJ-170-100,0
landing,LGA,22,1790718941.72,2026-09-29T21:55:41Z,40.775606,-73.878781,213.8,a4d65c,N410YX,E75L,EMBRAER ERJ-170-200 (long wing),0
landing,JFK,22L,1790718976.4,2026-09-29T21:56:16Z,40.633575,-73.763986,210.9,ad56e0,N959JB,A321,AIRBUS A-321,0
takeoff,LGA,31,1790718995.8,2026-09-29T21:56:35Z,40.7723,-73.85762,300.9,a36fa4,N320PQ,CRJ9,BOMBARDIER Regional Jet CRJ-900,0
takeoff,LGA,31,1790719060.0,2026-09-29T21:57:40Z,40.772312,-73.857604,300.9,abd063,N860RW,E170,EMBRAER ERJ-170-100,0
landing,JFK,22L,1790719072.41,2026-09-29T21:57:52Z,40.634972,-73.762909,210.9,a51d6f,N429DX,A339,,0
takeoff,JFK,22R,1790719096.12,2026-09-29T21:58:16Z,40.644724,-73.767856,210.9,300a62,I-ITYF,A339,AIRBUS A-330-900,0
takeoff,LGA,13,1790719149.7,2026-09-29T21:59:09Z,40.775256,-73.866125,120.9,acf2e4,N933XJ,CRJ9,BOMBARDIER Regional Jet CRJ-900,0
landing,LGA,22,1790719191.58,2026-09-29T21:59:51Z,40.774337,-73.879889,210.9,ad402f,N953DZ,B739,,0
landing,JFK,22L,1790719217.55,2026-09-29T22:00:17Z,40.635041,-73.762862,210.9,a80560,N616DN,,,0
landing,LGA,22,1790719284.43,2026-09-29T22:01:24Z,40.776249,-73.878235,213.8,a3244f,N301PA,B738,BOEING 737-800,0
takeoff,LGA,31,1790719284.76,2026-09-29T22:01:24Z,40.772603,-73.858228,300.9,a3b02e,N337DU,BCS3,AIRBUS A220-300,0
takeoff,LGA,31,1790719341.66,2026-09-29T22:02:21Z,40.772359,-73.857713,300.9,a77d89,N582CA,CRJ9,BOMBARDIER Regional Jet CRJ-900,0
landing,JFK,22L,1790719342.42,2026-09-29T22:02:22Z,40.632108,-73.765141,210.9,a1acdb,N207JQ,E75L,EMBRAER ERJ-170-200 (long wing),0
takeoff,JFK,22R,1790719347.11,2026-09-29T22:02:27Z,40.645969,-73.766873,210.9,aa8315,N777AN,B772,BOEING 777-200,0
landing,LGA,22,1790719355.46,2026-09-29T22:02:35Z,40.775024,-73.879303,210.9,a1be10,N211JQ,E75L,EMBRAER ERJ-170-200 (long wing),0
takeoff,LGA,31,1790719415.42,2026-09-29T22:03:35Z,40.772231,-73.857417,300.9,a8a0d9,N655RW,E170,EMBRAER ERJ-170-100,0
landing,JFK,22L,1790719419.65,2026-09-29T22:03:39Z,40.636723,-73.76152,210.9,ab6851,N834MH,B764,BOEING 767-400,0
landing,LGA,22,1790719430.14,2026-09-29T22:03:50Z,40.776979,-73.877704,210.9,a2c93f,N279PQ,CRJ9,BOMBARDIER Regional Jet CRJ-900,0
takeoff,LGA,31,1790719479.91,2026-09-29T22:04:39Z,40.772312,-73.85762,309.4,ac98c1,N910XJ,CRJ9,BOMBARDIER Regional Jet CRJ-900,0
landing,LGA,22,1790719486.94,2026-09-29T22:04:46Z,40.777714,-73.87709,210.9,ace0d2,N929NN,B738,BOEING 737-800,0
takeoff,JFK,22R,1790719503.64,2026-09-29T22:05:03Z,40.644805,-73.767794,210.9,a35949,N3149J,BCS3,AIRBUS A220-300,0
takeoff,LGA,31,1790719564.43,2026-09-29T22:06:04Z,40.77237,-73.857729,315.0,a037b9,N113DX,A321,AIRBUS A-321,0
landing,JFK,22L,1790719577.89,2026-09-29T22:06:17Z,40.634925,-73.762956,210.9,76cce3,9V-SGC,A359,AIRBUS A-350-900,0
landing,LGA,22,1790719648.04,2026-09-29T22:07:28Z,40.775303,-73.879046,213.8,a4c170,N405YX,E75L,EMBRAER ERJ-170-200 (long wing),0
landing,JFK,22L,1790719662.79,2026-09-29T22:07:42Z,40.63393,-73.763718,212.4,3482d5,EC-OMB,B789,BOEING 787-9 Dreamliner,0
takeoff,JFK,22R,1790719688.49,2026-09-29T22:08:08Z,40.64583,-73.766998,210.9,4a91b2,SE-DMR,A21N,AIRBUS A-321neo,0
landing,LGA,22,1790719697.51,2026-09-29T22:08:17Z,40.77705,-73.87764,213.8,ab1890,N814DN,B739,BOEING 737-900,0
takeoff,JFK,31L,1790719697.65,2026-09-29T22:08:17Z,40.634296,-73.785662,300.9,a1de8d,N2199J,A21N,AIRBUS A-321neo,0
takeoff,JFK,22R,1790719747.85,2026-09-29T22:09:07Z,40.645958,-73.766891,210.9,a6ffc3,N550DN,A21N,AIRBUS A-321neo,0
takeoff,LGA,31,1790719774.77,2026-09-29T22:09:34Z,40.772312,-73.85762,306.6,a06e0b,N127DN,A321,AIRBUS A-321,0
takeoff,JFK,22R,1790719808.55,2026-09-29T22:10:08Z,40.645958,-73.766907,210.9,a32886,N302UD,B38M,BOEING 737 MAX 8,0
landing,JFK,22L,1790719841.27,2026-09-29T22:10:41Z,40.637741,-73.760757,212.4,a3f161,N353QS,E55P,EMBRAER EMB-505 Phenom 300,0
takeoff,LGA,31,1790719847.33,2026-09-29T22:10:47Z,40.772277,-73.857495,298.1,ab3d17,N823MD,E170,EMBRAER ERJ-170-100,0
landing,JFK,22L,1790719907.24,2026-09-29T22:11:47Z,40.635204,-73.762738,210.9,a4417d,N3731T,B738,BOEING 737-800,0
landing,LGA,22,1790719922.56,2026-09-29T22:12:02Z,40.775642,-73.878799,213.8,a35b42,N315VC,B38M,BOEING 737 MAX 8,0
takeoff,LGA,31,1790719933.68,2026-09-29T22:12:13Z,40.77412,-73.861404,298.1,a93d7c,N695CA,CRJ9,BOMBARDIER Regional Jet CRJ-900,0
takeoff,LGA,13,1790719953.01,2026-09-29T22:12:33Z,40.771998,-73.859305,120.9,abd41a,N861RW,E170,EMBRAER ERJ-170-100,0
landing,JFK,22R,1790719960.54,2026-09-29T22:12:40Z,40.642033,-73.775177,168.8,a1a924,N206JQ,E75L,EMBRAER ERJ-170-200 (long wing),0
landing,JFK,22L,1790720003.57,2026-09-29T22:13:23Z,40.634983,-73.762894,210.9,a3500f,N312UP,B763,BOEING 767-300,0
takeoff,JFK,22R,1790720005.18,2026-09-29T22:13:25Z,40.645434,-73.76731,210.9,ac756c,N9011P,A319,AIRBUS A-319,0
takeoff,JFK,22R,1790720069.6,2026-09-29T22:14:29Z,40.645191,-73.767502,210.9,ad9e73,N977JE,A321,AIRBUS A-321,0
takeoff,LGA,31,1790720079.46,2026-09-29T22:14:39Z,40.774933,-73.863098,303.8,c061a2,,,,
landing,JFK,22L,1790720133.88,2026-09-29T22:15:33Z,40.635303,-73.76265,210.9,aca79d,N914XJ,CRJ9,BOMBARDIER Regional Jet CRJ-900,0
landing,LGA,22,1790720194.64,2026-09-29T22:16:34Z,40.775322,-73.879044,210.9,a8996b,N653RW,E170,EMBRAER ERJ-170-100,0
takeoff,JFK,22R,1790720224.79,2026-09-29T22:17:04Z,40.645329,-73.767388,210.9,4ca9bc,EI-LRC,A21N,AIRBUS A-321neo,0
landing,LGA,22,1790720278.89,2026-09-29T22:17:58Z,40.776746,-73.877876,210.9,a310cf,N297PQ,CRJ9,BOMBARDIER Regional Jet CRJ-900,0
takeoff,LGA,13,1790720286.91,2026-09-29T22:18:06Z,40.774849,-73.86536,87.2,a30961,N295PQ,CRJ9,BOMBARDIER Regional Jet CRJ-900,0
takeoff,LGA,31,1790720289.84,2026-09-29T22:18:09Z,40.772621,-73.858261,300.9,ac2f18,N8840Q,B38M,BOEING 737 MAX 8,0
landing,JFK,22L,1790720298.43,2026-09-29T22:18:18Z,40.634017,-73.763643,210.9,ad1560,N942JB,A321,AIRBUS A-321,0
takeoff,JFK,22R,1790720299.25,2026-09-29T22:18:19Z,40.645798,-73.767029,210.9,ab4840,N826MH,B764,BOEING 767-400,0
takeoff,JFK,31L,1790720343.95,2026-09-29T22:19:03Z,40.633831,-73.784632,300.9,ab38a1,N822DN,B739,BOEING 737-900,0
takeoff,LGA,31,1790720367.6,2026-09-29T22:19:27Z,40.772495,-73.858002,303.8,adac5d,N980NN,B738,BOEING 737-800,0
landing,LGA,22,1790720368.21,2026-09-29T22:19:28Z,40.774628,-73.879639,210.9,a03b67,N114DN,A321,AIRBUS A-321,0
takeoff,LGA,31,1790720429.07,2026-09-29T22:20:29Z,40.772198,-73.857391,320.6,a517dc,N427YX,E75L,EMBRAER ERJ-170-200 (long wing),0
takeoff,JFK,22R,1790720441.19,2026-09-29T22:20:41Z,40.64896,-73.764563,210.9,a1a924,N206JQ,E75L,EMBRAER ERJ-170-200 (long wing),0
landing,JFK,22L,1790720473.55,2026-09-29T22:21:13Z,40.631363,-73.765749,213.8,a1c1c7,N212JQ,E75L,EMBRAER ERJ-170-200 (long wing),0
takeoff,LGA,31,1790720475.6,2026-09-29T22:21:15Z,40.772243,-73.857407,345.9,a36994,N319PQ,CRJ9,BOMBARDIER Regional Jet CRJ-900,0
landing,JFK,22L,1790720536.71,2026-09-29T22:22:16Z,40.63472,-73.763107,210.9,a39289,N3293J,BCS3,AIRBUS A220-300,0
takeoff,LGA,31,1790720577.12,2026-09-29T22:22:57Z,40.772301,-73.857559,300.9,a49206,N394DX,A321,AIRBUS A-321,0
landing,JFK,22L,1790720630.21,2026-09-29T22:23:50Z,40.633873,-73.763763,210.9,346456,EC-NJM,A359,AIRBUS A-350-900,0
landing,LGA,22,1790720671.12,2026-09-29T22:24:31Z,40.775443,-73.878968,213.8,ac878c,N906XJ,CRJ9,BOMBARDIER Regional Jet CRJ-900,0
takeoff,JFK,31L,1790720684.52,2026-09-29T22:24:44Z,40.634056,-73.785095,300.9,a6dbf3,N541DE,A21N,AIRBUS A-321neo,0
landing,LGA,22,1790720736.14,2026-09-29T22:25:36Z,40.777084,-73.877594,213.8,a34e9d,N312DU,BCS3,AIRBUS A220-300,0
takeoff,LGA,31,1790720747.3,2026-09-29T22:25:47Z,40.772484,-73.857971,303.8,a445d9,N3746H,B738,BOEING 737-800,0
landing,JFK,22L,1790720779.5,2026-09-29T22:26:19Z,40.633907,-73.763733,210.9,a32bba,N303NY,A21N,AIRBUS A-321neo,0
takeoff,LGA,31,1790720805.73,2026-09-29T22:26:45Z,40.772266,-73.857513,303.8,a1ff90,N228JQ,E75L,EMBRAER ERJ-170-200 (long wing),0
landing,JFK,22L,1790720861.72,2026-09-29T22:27:41Z,40.635088,-73.762831,210.9,3965af,F-GZNP,B77W,BOEING 777-300ER,0
takeoff,LGA,31,1790720882.17,2026-09-29T22:28:02Z,40.772335,-73.857666,300.9,a8299a,N625JB,A320,AIRBUS A-320,0
takeoff,LGA,31,1790720931.95,2026-09-29T22:28:51Z,40.772335,-73.857605,320.6,aca760,N914UY,A321,AIRBUS A-321,0
landing,LGA,22,1790720955.42,2026-09-29T22:29:15Z,40.775862,-73.878609,210.9,a34bdc,N311PQ,CRJ9,BOMBARDIER Regional Jet CRJ-900,0
landing,JFK,22L,1790720987.42,2026-09-29T22:29:47Z,40.635052,-73.762848,210.9,4cadc8,EI-HJP,A339,AIRBUS A-330-900,0
takeoff,JFK,31L,1790720988.75,2026-09-29T22:29:48Z,40.635914,-73.789236,295.3,acfe09,N936XJ,CRJ9,BOMBARDIER Regional Jet CRJ-900,0
takeoff,JFK,22R,1790721067.18,2026-09-29T22:31:07Z,40.646307,-73.766639,213.8,ab5dab,N831SK,CRJ9,BOMBARDIER Regional Jet CRJ-900,0
takeoff,LGA,31,1790721076.1,2026-09-29T22:31:16Z,40.772836,-73.858696,303.8,ac5765,N8946L,B38M,BOEING 737 MAX 8,0
landing,LGA,22,1790721076.43,2026-09-29T22:31:16Z,40.774807,-73.879456,210.9,ac1951,N879RW,E170,EMBRAER ERJ-170-100,0
takeoff,JFK,31L,1790721126.7,2026-09-29T22:32:06Z,40.634892,-73.786957,300.9,a35ef1,N316UV,B38M,BOEING 737 MAX 8,0
takeoff,JFK,22R,1790721140.05,2026-09-29T22:32:20Z,40.644852,-73.767763,210.9,44ccd1,OO-SFQ,A333,AIRBUS A-330-300,0
landing,JFK,22L,1790721140.88,2026-09-29T22:32:20Z,40.634494,-73.763299,210.9,a546c9,N439YX,E75L,EMBRAER ERJ-170-200 (long wing),0
takeoff,LGA,31,1790721141.14,2026-09-29T22:32:21Z,40.772324,-73.857635,303.8,a542d7,N438WN,B737,BOEING 737-700,0
landing,LGA,22,1790721145.76,2026-09-29T22:32:25Z,40.775361,-73.878984,210.9,a19dff,N203JQ,E75L,EMBRAER ERJ-170-200 (long wing),0
landing,JFK,22L,1790721207.89,2026-09-29T22:33:27Z,40.635029,-73.762878,210.9,407da5,G-VJAZ,A339,AIRBUS A-330-900,0
landing,LGA,22,1790721230.06,2026-09-29T22:33:50Z,40.77521,-73.879124,213.8,a1a1b6,N204JQ,E75L,EMBRAER ERJ-170-200 (long wing),0
takeoff,JFK,22R,1790721240.44,2026-09-29T22:34:00Z,40.644619,-73.76796,209.6,48ae07,SP-LRH,B788,BOEING 787-8 Dreamliner,0
takeoff,LGA,31,1790721284.91,2026-09-29T22:34:44Z,40.772301,-73.85759,300.9,a33e5e,N308PQ,CRJ9,BOMBARDIER Regional Jet CRJ-900,0
landing,LGA,22,1790721305.8,2026-09-29T22:35:05Z,40.776306,-73.878235,210.9,a017a8,N105DX,A321,AIRBUS A-321,0
takeoff,LGA,13,1790721305.86,2026-09-29T22:35:05Z,40.774907,-73.865422,120.9,ad48a9,N955QS,C68A,CESSNA 680 Citation Latitude,0
landing,JFK,22L,1790721352.18,2026-09-29T22:35:52Z,40.635807,-73.762253,210.9,4ca7d8,EI-GAJ,A333,AIRBUS A-330-300,0
landing,LGA,22,1790721410.34,2026-09-29T22:36:50Z,40.775256,-73.879108,213.8,a51f4a,N429YX,E75L,EMBRAER ERJ-170-200 (long wing),0
takeoff,LGA,31,1790721414.51,2026-09-29T22:36:54Z,40.772804,-73.858627,300.9,a0ad3e,N14250,B738,BOEING 737-800,0
takeoff,LGA,13,1790721421.94,2026-09-29T22:37:01Z,40.775127,-73.865875,120.9,a1a1b6,N204JQ,E75L,EMBRAER ERJ-170-200 (long wing),0
takeoff,LGA,31,1790721461.12,2026-09-29T22:37:41Z,40.772209,-73.857407,303.8,ada699,N979RP,E170,EMBRAER ERJ-170-100,0
landing,JFK,22L,1790721475.11,2026-09-29T22:37:55Z,40.634913,-73.762956,210.9,407992,G-STBM,B77W,BOEING 777-300ER,0
takeoff,JFK,22R,1790721488.94,2026-09-29T22:38:08Z,40.645489,-73.767273,210.9,a1a435,N2047J,A21N,AIRBUS A-321neo,0
takeoff,JFK,22R,1790721554.0,2026-09-29T22:39:14Z,40.645386,-73.767349,210.9,ad8bed,N972JT,A321,AIRBUS A-321,0
takeoff,LGA,31,1790721571.63,2026-09-29T22:39:31Z,40.772301,-73.857605,303.8,c05efa,C-GJZD,DH8D,DE HAVILLAND DHC-8-400 Dash 8,0
landing,LGA,22,1790721580.62,2026-09-29T22:39:40Z,40.775652,-73.878765,213.8,a01805,N105HQ,E75L,EMBRAER ERJ-170-200 (long wing),0
landing,JFK,22L,1790721620.25,2026-09-29T22:40:20Z,40.636116,-73.762024,210.9,ace1af,N929XJ,CRJ9,BOMBARDIER Regional Jet CRJ-900,0
takeoff,JFK,31L,1790721637.46,2026-09-29T22:40:37Z,40.633919,-73.784821,300.9,a01820,N105JS,B38M,BOEING 737 MAX 8,0
takeoff,LGA,31,1790721654.37,2026-09-29T22:40:54Z,40.772498,-73.85801,303.8,a085a4,N13248,B738,BOEING 737-800,0
landing,JFK,22L,1790721691.76,2026-09-29T22:41:31Z,40.634762,-73.763065,210.9,4cc52b,TF-ICA,B39M,BOEING 737 MAX 9,0
takeoff,JFK,22R,1790721750.84,2026-09-29T22:42:30Z,40.645283,-73.767426,210.9,ac89f7,N907JB,A321,AIRBUS A-321,0
takeoff,JFK,31L,1790721779.55,2026-09-29T22:42:59Z,40.636368,-73.790161,300.9,a02681,N109DU,BCS1,AIRBUS A220-100,0
takeoff,LGA,31,1790721799.46,2026-09-29T22:43:19Z,40.772207,-73.857385,303.8,a8847f,N648RW,E170,EMBRAER ERJ-170-100,0
landing,LGA,22,1790721804.1,2026-09-29T22:43:24Z,40.779224,-73.875824,213.8,a3dc5a,N348PQ,CRJ9,BOMBARDIER Regional Jet CRJ-900,0
takeoff,JFK,22R,1790721814.81,2026-09-29T22:43:34Z,40.644997,-73.767654,210.9,40771a,G-VDOT,A35K,AIRBUS A-350-1000,0
landing,JFK,22L,1790721818.93,2026-09-29T22:43:38Z,40.634797,-73.76305,210.9,896457,A6-EUB,A388,AIRBUS A-380-800,0
takeoff,LGA,31,1790721875.67,2026-09-29T22:44:35Z,40.7723,-73.857604,303.8,a3b3e5,N338DU,BCS3,AIRBUS A220-300,0
takeoff,JFK,31L,1790721942.41,2026-09-29T22:45:42Z,40.633415,-73.783707,300.9,accb65,N923XJ,CRJ9,BOMBARDIER Regional Jet CRJ-900,0
landing,JFK,22L,1790721947.33,2026-09-29T22:45:47Z,40.634789,-73.763031,212.4,02013f,CN-RGY,B789,BOEING 787-9 Dreamliner,0
takeoff,LGA,31,1790721958.3,2026-09-29T22:45:58Z,40.7723,-73.857588,303.8,a01097,N103HQ,E75L,EMBRAER ERJ-170-200 (long wing),0
landing,LGA,22,1790721974.52,2026-09-29T22:46:14Z,40.775185,-73.879181,213.8,abb537,N85323,E75L,EMBRAER ERJ-170-200 (long wing),0
takeoff,JFK,22R,1790721975.4,2026-09-29T22:46:15Z,40.64583,-73.766982,210.9,3965b1,F-GZNR,B77W,BOEING 777-300ER,0
takeoff,LGA,31,1790722031.27,2026-09-29T22:47:11Z,40.772312,-73.857604,303.8,a04edb,N119NN,A321,AIRBUS A-321,0
takeoff,JFK,31L,1790722090.53,2026-09-29T22:48:10Z,40.633518,-73.783951,300.9,a01c37,N106NN,A321,AIRBUS A-321,0
landing,JFK,22L,1790722094.49,2026-09-29T22:48:14Z,40.635192,-73.762738,213.8,a6152a,N491PX,CRJ9,BOMBARDIER Regional Jet CRJ-900,0
takeoff,LGA,31,1790722100.9,2026-09-29T22:48:20Z,40.772289,-73.857588,306.6,a0b86a,N14557,A21N,AIRBUS A-321neo,0
takeoff,JFK,22R,1790722159.91,2026-09-29T22:49:19Z,40.645341,-73.767388,210.9,a9e167,N736AT,B77W,BOEING 777-300ER,0
landing,JFK,22L,1790722167.28,2026-09-29T22:49:27Z,40.633633,-73.763939,210.9,ad2f71,N949JT,A321,AIRBUS A-321,0
takeoff,LGA,31,1790722189.48,2026-09-29T22:49:49Z,40.772484,-73.857986,303.8,ac53b2,N8936Q,B38M,BOEING 737 MAX 8,0
landing,LGA,22,1790722194.91,2026-09-29T22:49:54Z,40.773617,-73.880447,213.8,a1ba59,N210JQ,E75L,EMBRAER ERJ-170-200 (long wing),0
takeoff,LGA,31,1790722260.78,2026-09-29T22:51:00Z,40.772484,-73.858002,303.8,a44969,N3755D,B738,BOEING 737-800,0
takeoff,JFK,22R,1790722262.09,2026-09-29T22:51:02Z,40.64637,-73.766571,210.9,406b0a,G-STBK,B77W,BOEING 777-300ER,0
landing,JFK,22L,1790722271.13,2026-09-29T22:51:11Z,40.632191,-73.765121,210.9,a4e8ef,N415YX,E75L,EMBRAER ERJ-170-200 (long wing),0
takeoff,JFK,31L,1790722274.74,2026-09-29T22:51:14Z,40.633901,-73.784788,300.9,ab485e,N826NN,B738,BOEING 737-800,0
takeoff,LGA,31,1790722304.0,2026-09-29T22:51:44Z,40.7723,-73.857526,317.8,aca3e6,N913XJ,CRJ9,BOMBARDIER Regional Jet CRJ-900,0
takeoff,JFK,22R,1790722341.17,2026-09-29T22:52:21Z,40.644676,-73.767883,212.4,40742e,G-CKOF,B789,BOEING 787-9 Dreamliner,0
landing,JFK,22L,1790722343.47,2026-09-29T22:52:23Z,40.63623,-73.761932,210.9,a1a3cc,N2044J,A21N,AIRBUS A-321neo,0
takeoff,LGA,31,1790722389.25,2026-09-29T22:53:09Z,40.772289,-73.857542,300.9,a1ecfd,N223JQ,E75L,EMBRAER ERJ-170-200 (long wing),0
landing,JFK,22L,1790722427.3,2026-09-29T22:53:47Z,40.636519,-73.761676,213.8,acf54f,N934JB,A321,AIRBUS A-321,0
landing,JFK,31L,1790722453.33,2026-09-29T22:54:13Z,40.630932,-73.773315,300.9,a4e8ef,N415YX,E75L,EMBRAER ERJ-170-200 (long wing),0
takeoff,LGA,31,1790722505.09,2026-09-29T22:55:05Z,40.772369,-73.857742,306.6,a722b1,N559UW,A321,AIRBUS A-321,0
landing,LGA,22,1790722508.05,2026-09-29T22:55:08Z,40.775187,-73.879124,213.8,a35e6f,N316PQ,CRJ9,BOMBARDIER Regional Jet CRJ-900,0
landing,JFK,22L,1790722512.99,2026-09-29T22:55:12Z,40.637043,-73.761286,213.8,ab4c76,N827SK,CRJ9,BOMBARDIER Regional Jet CRJ-900,0
takeoff,JFK,22R,1790722571.56,2026-09-29T22:56:11Z,40.645214,-73.767487,210.9,ad27f3,N947JB,A321,AIRBUS A-321,0
landing,JFK,22L,1790722614.43,2026-09-29T22:56:54Z,40.634514,-73.76326,210.9,a4c34c,N406DX,A339,AIRBUS A-330-900,0
landing,LGA,22,1790722621.25,2026-09-29T22:57:01Z,40.775528,-73.878876,210.9,aa0aab,N746UW,A319,AIRBUS A-319,0
takeoff,LGA,31,1790722623.9,2026-09-29T22:57:03Z,40.772472,-73.857925,300.9,a44e18,N377DA,B738,BOEING 737-800,0
takeoff,JFK,22R,1790722638.09,2026-09-29T22:57:18Z,40.644584,-73.767981,210.9,ab599b,N830NW,A333,AIRBUS A-330-300,0
landing,LGA,22,1790722699.81,2026-09-29T22:58:19Z,40.777037,-73.877642,210.9,a385ee,N326PQ,CRJ9,BOMBARDIER Regional Jet CRJ-900,0
takeoff,LGA,31,1790722707.21,2026-09-29T22:58:27Z,40.772382,-73.85776,303.8,a0669d,N125DN,A321,AIRBUS A-321,0
landing,JFK,22L,1790722752.55,2026-09-29T22:59:12Z,40.633976,-73.763702,210.9,a6aaba,N529DT,A21N,AIRBUS A-321neo,0
takeoff,JFK,22R,1790722824.18,2026-09-29T23:00:24Z,40.645178,-73.767513,210.9,406591,G-STBE,B77W,BOEING 777-300ER,0
landing,LGA,22,1790722835.74,2026-09-29T23:00:35Z,40.776129,-73.878406,213.8,a4c8de,N407YX,E75L,EMBRAER ERJ-170-200 (long wing),0
landing,JFK,22L,1790722848.37,2026-09-29T23:00:48Z,40.635239,-73.762706,210.9,a770a2,N579JB,A320,AIRBUS A-320,0
landing,JFK,22L,1790722911.51,2026-09-29T23:01:51Z,40.632737,-73.764657,212.4,485e2e,PH-BKH,B78X,BOEING 787-10 Dreamliner,0
landing,LGA,22,1790722913.29,2026-09-29T23:01:53Z,40.775963,-73.87851,213.8,ace7bf,N930XJ,CRJ9,BOMBARDIER Regional Jet CRJ-900,0
takeoff,LGA,31,1790722921.68,2026-09-29T23:02:01Z,40.772495,-73.857986,300.9,a44d3f,N3766,B738,BOEING 737-800,0
takeoff,JFK,22R,1790722924.45,2026-09-29T23:02:04Z,40.645667,-73.767138,210.9,a3897f,N327NB,A319,AIRBUS A-319,0
landing,LGA,22,1790723003.2,2026-09-29T23:03:23Z,40.776924,-73.877747,210.9,a2b150,N27270,B38M,,0
takeoff,LGA,31,1790723007.43,2026-09-29T23:03:27Z,40.772346,-73.857666,315.0,a44308,N374DX,A321,AIRBUS A-321,0
landing,JFK,22L,1790723036.35,2026-09-29T23:03:56Z,40.634251,-73.763474,210.9,a1412e,N180FE,B763,BOEING 767-300,0
takeoff,LGA,31,1790723055.1,2026-09-29T23:04:15Z,40.772196,-73.857385,315.0,a5307f,N433YX,E75L,EMBRAER ERJ-170-200 (long wing),0
takeoff,JFK,22R,1790723092.91,2026-09-29T23:04:52Z,40.645899,-73.766951,210.9,a64578,N503DZ,A21N,AIRBUS A-321neo,0
landing,LGA,22,1790723100.46,2026-09-29T23:05:00Z,40.775245,-73.879108,210.9,a4b64b,N402YX,E75L,EMBRAER ERJ-170-200 (long wing),0
takeoff,LGA,31,1790723196.52,2026-09-29T23:06:36Z,40.772484,-73.857971,303.8,ab3d39,N823NN,B738,BOEING 737-800,0
takeoff,JFK,31L,1790723220.07,2026-09-29T23:07:00Z,40.63385,-73.784668,300.9,a39be7,N3310J,,,0
landing,JFK,22L,1790723259.31,2026-09-29T23:07:39Z,40.633942,-73.763733,213.8,a707a3,N552JB,A320,AIRBUS A-320,0
takeoff,JFK,22R,1790723296.12,2026-09-29T23:08:16Z,40.64427,-73.7682,210.9,4d206e,9H-ALC,A332,AIRBUS A-330-200,0
landing,LGA,22,1790723298.67,2026-09-29T23:08:18Z,40.776752,-73.877884,213.8,a55f6c,N445YX,E75L,EMBRAER ERJ-170-200 (long wing),0
takeoff,LGA,31,1790723301.51,2026-09-29T23:08:21Z,40.772472,-73.857941,303.8,a3adce,N336TM,B38M,BOEING 737 MAX 8,0
landing,JFK,22L,1790723338.72,2026-09-29T23:08:58Z,40.635223,-73.762741,210.9,a2f95c,N291BT,B39M,BOEING 737 MAX 9,0
takeoff,JFK,22R,1790723372.97,2026-09-29T23:09:32Z,40.644287,-73.768204,210.9,4ac8a8,SE-REH,A333,AIRBUS A-330-300,0
landing,LGA,22,1790723376.88,2026-09-29T23:09:36Z,40.775291,-73.879077,213.8,abe2f6,N865RW,E170,EMBRAER ERJ-170-100,0
takeoff,LGA,31,1790723395.26,2026-09-29T23:09:55Z,40.77475,-73.862671,300.9,ab1d06,N815MD,E170,EMBRAER ERJ-170-100,0
landing,JFK,22L,1790723426.19,2026-09-29T23:10:26Z,40.635235,-73.762726,210.9,aca29a,N913JB,A321,AIRBUS A-321,0
takeoff,LGA,31,1790723431.96,2026-09-29T23:10:31Z,40.772335,-73.857635,300.9,a52b19,N432FR,A20N,AIRBUS A-320neo,0
landing,LGA,22,1790723448.83,2026-09-29T23:10:48Z,40.777863,-73.876968,213.8,ac13d6,N8778Q,B38M,BOEING 737 MAX 8,0
takeoff,JFK,31L,1790723479.16,2026-09-29T23:11:19Z,40.633714,-73.784383,300.9,a7bfa0,N599JB,A320,AIRBUS A-320,0
takeoff,JFK,22R,1790723493.85,2026-09-29T23:11:33Z,40.645306,-73.767426,208.1,a1094c,N166PQ,CRJ9,BOMBARDIER Regional Jet CRJ-900,0
takeoff,LGA,31,1790723517.99,2026-09-29T23:11:57Z,40.772266,-73.857483,300.9,abdf3f,N864RW,E170,EMBRAER ERJ-170-100,0
landing,LGA,22,1790723525.49,2026-09-29T23:12:05Z,40.775173,-73.879181,210.9,a37b0c,N323SG,B38M,BOEING 737 MAX 8,0
landing,JFK,22L,1790723525.69,2026-09-29T23:12:05Z,40.636803,-73.761459,210.9,a9b06f,N723TW,B752,BOEING 757-200,0
takeoff,JFK,22R,1790723538.88,2026-09-29T23:12:18Z,40.648991,-73.764526,210.9,a4e538,N414YX,E75L,EMBRAER ERJ-170-200 (long wing),0
takeoff,JFK,22R,1790723599.36,2026-09-29T23:13:19Z,40.645341,-73.767388,213.8,a5e02d,N478PX,CRJ9,BOMBARDIER Regional Jet CRJ-900,0
landing,JFK,22L,1790723609.36,2026-09-29T23:13:29Z,40.632694,-73.764679,210.9,780aa8,B-LJN,B748,BOEING 747-8,0
landing,LGA,22,1790723626.98,2026-09-29T23:13:46Z,40.776146,-73.878387,210.9,c0885e,C-GZQR,E295,EMBRAER ERJ-190-400,0
takeoff,JFK,22R,1790723664.79,2026-09-29T23:14:24Z,40.644997,-73.767654,210.9,aa5428,N765AN,B772,BOEING 777-200,0
landing,LGA,22,1790723690.72,2026-09-29T23:14:50Z,40.775986,-73.878494,210.9,ac159a,N878RW,E170,EMBRAER ERJ-170-100,0
takeoff,LGA,31,1790723691.07,2026-09-29T23:14:51Z,40.772615,-73.858228,303.8,a3a509,N334DU,BCS3,,0
takeoff,LGA,31,1790723725.81,2026-09-29T23:15:25Z,40.772198,-73.857346,331.9,a89d22,N654RW,E170,EMBRAER ERJ-170-100,0
takeoff,JFK,22R,1790723727.21,2026-09-29T23:15:27Z,40.644333,-73.768143,210.9,a523c6,N430GT,B744,BOEING 747-400,0
landing,LGA,22,1790723750.98,2026-09-29T23:15:50Z,40.777863,-73.876939,213.8,a43eed,N37298,B738,BOEING 737-800,0
landing,JFK,22L,1790723768.28,2026-09-29T23:16:08Z,40.633621,-73.763962,210.9,a356f6,N314PD,B738,BOEING 737-800,0
takeoff,JFK,22R,1790723803.89,2026-09-29T23:16:43Z,40.645054,-73.767609,210.9,abb007,N852NW,A332,AIRBUS A-330-200,0
landing,LGA,22,1790723833.43,2026-09-29T23:17:13Z,40.779533,-73.87558,210.9,c07d20,C-GVJZ,DH8D,DE HAVILLAND DHC-8-400 Dash 8,0
landing,JFK,22L,1790723879.7,2026-09-29T23:17:59Z,40.636391,-73.761801,210.9,a36fff,N320TF,B38M,BOEING 737 MAX 8,0
landing,LGA,22,1790723906.28,2026-09-29T23:18:26Z,40.776513,-73.878078,213.8,a042d5,N116DN,A321,AIRBUS A-321,0
takeoff,JFK,22R,1790723917.6,2026-09-29T23:18:37Z,40.646187,-73.766708,210.9,a38237,N325PQ,CRJ9,BOMBARDIER Regional Jet CRJ-900,0
takeoff,JFK,22R,1790723969.21,2026-09-29T23:19:29Z,40.646027,-73.76683,210.9,a988f0,N713TW,B752,BOEING 757-200,0
landing,LGA,22,1790724015.39,2026-09-29T23:20:15Z,40.775253,-73.879105,210.9,a4ddca,N412YX,E75L,EMBRAER ERJ-170-200 (long wing),0
takeoff,JFK,22R,1790724019.7,2026-09-29T23:20:19Z,40.646061,-73.76683,210.9,a138b8,N178US,A321,AIRBUS A-321,0
landing,LGA,22,1790724085.53,2026-09-29T23:21:25Z,40.775617,-73.878812,210.9,ac0a75,N875RW,E170,EMBRAER ERJ-170-100,0
takeoff,JFK,22R,1790724088.43,2026-09-29T23:21:28Z,40.644305,-73.7682,210.9,448465,OO-ACE,B744,BOEING 747-400,0
landing,JFK,22L,1790724102.85,2026-09-29T23:21:42Z,40.635972,-73.762129,210.9,a7e5c1,N608JB,A320,AIRBUS A-320,0
takeoff,LGA,31,1790724130.05,2026-09-29T23:22:10Z,40.772172,-73.857307,300.9,a19dff,N203JQ,E75L,EMBRAER ERJ-170-200 (long wing),0
landing,LGA,22,1790724170.16,2026-09-29T23:22:50Z,40.777793,-73.877033,213.8,a3c259,N341PQ,CRJ9,BOMBARDIER Regional Jet CRJ-900,0
takeoff,JFK,31L,1790724218.87,2026-09-29T23:23:38Z,40.633427,-73.783768,300.9,a36636,N318TD,B38M,BOEING 737 MAX 8,0
landing,LGA,22,1790724249.14,2026-09-29T23:24:09Z,40.778824,-73.87616,213.8,c05edb,C-GJXY,BCS3,AIRBUS A220-300,0
takeoff,JFK,22R,1790724258.07,2026-09-29T23:24:18Z,40.645065,-73.767593,209.6,abafe4,N852ML,B789,BOEING 787-9 Dreamliner,0
landing,JFK,22L,1790724276.44,2026-09-29T23:24:36Z,40.634743,-73.763092,210.9,acb2c2,N917XJ,CRJ9,BOMBARDIER Regional Jet CRJ-900,0
landing,LGA,22,1790724332.44,2026-09-29T23:25:32Z,40.776787,-73.877869,210.9,a56c9f,N449FX,E545,EMBRAER EMB545 Praetor 500,0
takeoff,JFK,22R,1790724336.54,2026-09-29T23:25:36Z,40.646004,-73.766873,210.9,a12fda,N176DZ,B763,BOEING 767-300,0
landing,JFK,22L,1790724367.53,2026-09-29T23:26:07Z,40.635763,-73.762285,210.9,a4bf95,N405DX,A339,AIRBUS A-330-900,0
landing,LGA,22,1790724401.92,2026-09-29T23:26:41Z,40.775315,-73.879062,213.8,a43423,N370DN,A321,AIRBUS A-321,0
takeoff,JFK,22R,1790724447.43,2026-09-29T23:27:27Z,40.64534,-73.76738,213.8,a61173,N490PX,CRJ9,BOMBARDIER Regional Jet CRJ-900,0
landing,JFK,22L,1790724489.13,2026-09-29T23:28:09Z,40.635076,-73.762816,210.9,3c64f5,D-AIGU,A343,AIRBUS A-340-300,0
landing,LGA,22,1790724493.25,2026-09-29T23:28:13Z,40.778618,-73.876343,213.8,a47221,N386FR,A20N,AIRBUS A-320neo,0
takeoff,LGA,31,1790724505.39,2026-09-29T23:28:25Z,40.772428,-73.857854,300.9,aa56da,N76528,B738,BOEING 737-800,0
landing,JFK,22R,1790724539.93,2026-09-29T23:28:59Z,40.633807,-73.776408,210.9,a1a3a9,N2043J,A21N,AIRBUS A-321neo,0
landing,LGA,22,1790724577.42,2026-09-29T23:29:37Z,40.777897,-73.876938,210.9,a0b7ba,N14506,A21N,AIRBUS A-321neo,0
takeoff,LGA,31,1790724589.98,2026-09-29T23:29:49Z,40.772498,-73.85801,303.8,ace0d2,N929NN,B738,BOEING 737-800,0
landing,JFK,22L,1790724623.29,2026-09-29T23:30:23Z,40.63409,-73.763596,210.9,a544ee,N439DX,A339,AIRBUS A-330-900,0
takeoff,LGA,31,1790724631.79,2026-09-29T23:30:31Z,40.772232,-73.857437,300.9,a1f822,N226JQ,E75L,EMBRAER ERJ-170-200 (long wing),0
landing,LGA,22,1790724664.39,2026-09-29T23:31:04Z,40.776237,-73.878311,210.9,ac92b1,N909XJ,CRJ9,BOMBARDIER Regional Jet CRJ-900,0
landing,JFK,22R,1790724707.12,2026-09-29T23:31:47Z,40.630304,-73.779123,210.9,a1ddbb,N2193J,A21N,AIRBUS A-321neo,0
takeoff,JFK,31L,1790724712.19,2026-09-29T23:31:52Z,40.633198,-73.783188,298.1,ade9c0,N996JL,A321,AIRBUS A-321,0
takeoff,LGA,31,1790724753.33,2026-09-29T23:32:33Z,40.772265,-73.857479,300.9,a19691,N201JQ,E75L,EMBRAER ERJ-170-200 (long wing),0
landing,LGA,22,1790724764.08,2026-09-29T23:32:44Z,40.776618,-73.878,210.9,a866c7,N640RW,E170,EMBRAER ERJ-170-100,0
landing,JFK,22L,1790724768.67,2026-09-29T23:32:48Z,40.637066,-73.761271,210.9,a4076a,N359NB,A319,AIRBUS A-319,0
landing,LGA,22,1790724824.55,2026-09-29T23:33:44Z,40.777398,-73.877345,213.8,a301f3,N293PQ,CRJ9,BOMBARDIER Regional Jet CRJ-900,0
takeoff,LGA,31,1790724831.86,2026-09-29T23:33:51Z,40.772518,-73.858032,303.8,ad402f,N953DZ,B739,,0
landing,JFK,22L,1790724848.16,2026-09-29T23:34:08Z,40.636705,-73.761583,210.9,461f0c,OH-LTS,A333,AIRBUS A-330-300,0
takeoff,JFK,22R,1790724884.75,2026-09-29T23:34:44Z,40.644514,-73.768028,210.9,a25188,N249BA,BLCF,BOEING 747-400LCF Dreamlifter,0
takeoff,LGA,31,1790724915.7,2026-09-29T23:35:15Z,40.772209,-73.857376,300.9,a51b93,N428YX,E75L,EMBRAER ERJ-170-200 (long wing),0
landing,LGA,22,1790724927.52,2026-09-29T23:35:27Z,40.778103,-73.876755,213.8,a145b7,N181PQ,CRJ9,BOMBARDIER Regional Jet CRJ-900,0
takeoff,JFK,22R,1790724964.87,2026-09-29T23:36:04Z,40.644759,-73.767841,210.9,ab249e,N817NW,A333,AIRBUS A-330-300,0
landing,JFK,22L,1790724973.4,2026-09-29T23:36:13Z,40.634448,-73.763315,210.9,a44e1c,N377DE,B738,BOEING 737-800,0
landing,LGA,22,1790724989.15,2026-09-29T23:36:29Z,40.77834,-73.876565,213.8,ac754d,N9010T,B38M,BOEING 737 MAX 8,0
landing,JFK,22L,1790725064.32,2026-09-29T23:37:44Z,40.636298,-73.761864,210.9,a36b73,N3196J,BCS3,AIRBUS A220-300,0
landing,LGA,22,1790725079.73,2026-09-29T23:37:59Z,40.777398,-73.877361,210.9,adcdcc,N989NN,B738,BOEING 737-800,0
takeoff,LGA,31,1790725083.6,2026-09-29T23:38:03Z,40.772301,-73.857544,326.2,a2c93f,N279PQ,CRJ9,BOMBARDIER Regional Jet CRJ-900,0
takeoff,JFK,22R,1790725118.8,2026-09-29T23:38:38Z,40.645992,-73.766876,210.9,a3a990,N335NB,A319,AIRBUS A-319,0
takeoff,JFK,31L,1790725143.47,2026-09-29T23:39:03Z,40.633347,-73.783539,292.5,aca79d,N914XJ,CRJ9,BOMBARDIER Regional Jet CRJ-900,0
landing,LGA,22,1790725160.25,2026-09-29T23:39:20Z,40.777223,-73.877501,210.9,a08e3c,N135EV,CRJ9,BOMBARDIER Regional Jet CRJ-900,0
landing,JFK,22L,1790725163.52,2026-09-29T23:39:23Z,40.631847,-73.76535,210.9,a0345f,N112HQ,E75L,EMBRAER ERJ-170-200 (long wing),0
takeoff,LGA,31,1790725220.11,2026-09-29T23:40:20Z,40.772289,-73.857573,303.8,a1be10,N211JQ,E75L,EMBRAER ERJ-170-200 (long wing),0
landing,LGA,22,1790725231.09,2026-09-29T23:40:31Z,40.77713,-73.877548,208.1,a1584a,N186PQ,CRJ9,BOMBARDIER Regional Jet CRJ-900,0
landing,JFK,22L,1790725236.49,2026-09-29T23:40:36Z,40.635258,-73.76268,210.9,a1dab3,N2188J,A21N,AIRBUS A-321neo,0
takeoff,JFK,31L,1790725304.05,2026-09-29T23:41:44Z,40.634743,-73.786652,299.6,7c8065,VH-ZNB,B789,BOEING 787-9 Dreamliner,0
landing,JFK,22L,1790725312.4,2026-09-29T23:41:52Z,40.633541,-73.764008,210.9,a014c9,N104NN,A321,AIRBUS A-321,0
landing,LGA,22,1790725315.0,2026-09-29T23:41:55Z,40.776141,-73.878391,210.9,a52cc8,N432YX,E75L,EMBRAER ERJ-170-200 (long wing),0
takeoff,LGA,31,1790725324.96,2026-09-29T23:42:04Z,40.774887,-73.862976,303.8,a4d65c,N410YX,E75L,EMBRAER ERJ-170-200 (long wing),0
takeoff,JFK,22R,1790725360.46,2026-09-29T23:42:40Z,40.64413,-73.768293,210.9,4b1882,HB-JHI,A333,AIRBUS A-330-300,0
landing,JFK,22L,1790725381.97,2026-09-29T23:43:01Z,40.635495,-73.762472,212.4,4080bb,G-ZBLJ,B78X,BOEING 787-10 Dreamliner,0
landing,LGA,22,1790725401.81,2026-09-29T23:43:21Z,40.775665,-73.878769,213.8,a4f7cb,N419YX,E75L,EMBRAER ERJ-170-200 (long wing),0
takeoff,LGA,31,1790725449.35,2026-09-29T23:44:09Z,40.772289,-73.857544,300.9,a1ba59,N210JQ,E75L,EMBRAER ERJ-170-200 (long wing),0
landing,LGA,22,1790725470.59,2026-09-29T23:44:30Z,40.77602,-73.878464,210.9,abf17f,N869NN,B738,BOEING 737-800,0
landing,JFK,22L,1790725493.28,2026-09-29T23:44:53Z,40.634491,-73.763306,210.9,78921a,B-LXH,A35K,AIRBUS A-350-1000,0
takeoff,JFK,22R,1790725508.08,2026-09-29T23:45:08Z,40.644859,-73.767761,210.9,a35109,N3123J,BCS3,AIRBUS A220-300,0
landing,LGA,22,1790725547.64,2026-09-29T23:45:47Z,40.776043,-73.878479,213.8,ab0416,N809JB,A320,AIRBUS A-320,0
takeoff,LGA,31,1790725561.44,2026-09-29T23:46:01Z,40.774109,-73.861389,300.9,a4c170,N405YX,E75L,EMBRAER ERJ-170-200 (long wing),0
takeoff,JFK,22R,1790725568.81,2026-09-29T23:46:08Z,40.645341,-73.767388,210.9,a4bef6,N4048J,A21N,AIRBUS A-321neo,0
landing,LGA,22,1790725619.46,2026-09-29T23:46:59Z,40.775436,-73.878967,213.8,a0634c,N124HQ,E75L,EMBRAER ERJ-170-200 (long wing),0
takeoff,JFK,22R,1790725620.25,2026-09-29T23:47:00Z,40.646481,-73.766499,210.9,ac801e,N904XJ,CRJ9,BOMBARDIER Regional Jet CRJ-900,0
landing,JFK,22L,1790725635.95,2026-09-29T23:47:15Z,40.635967,-73.762131,210.9,a071c8,N128DU,BCS1,AIRBUS A220-100,0
takeoff,JFK,22R,1790725663.81,2026-09-29T23:47:43Z,40.648842,-73.764648,210.9,a1acdb,N207JQ,E75L,EMBRAER ERJ-170-200 (long wing),0
landing,JFK,22L,1790725701.96,2026-09-29T23:48:21Z,40.634594,-73.763168,210.9,a01880,N105NN,A321,AIRBUS A-321,0
takeoff,JFK,22R,1790725740.84,2026-09-29T23:49:00Z,40.644026,-73.768418,210.9,a97c49,N710CK,B744,BOEING 747-400,0
landing,JFK,22L,1790725781.15,2026-09-29T23:49:41Z,40.635786,-73.762285,213.8,acab54,N915XJ,CRJ9,BOMBARDIER Regional Jet CRJ-900,0
landing,LGA,22,1790725830.88,2026-09-29T23:50:30Z,40.775675,-73.878734,213.8,ab0a73,N810MD,E170,EMBRAER ERJ-170-100,0
landing,JFK,22L,1790725858.13,2026-09-29T23:50:58Z,40.634866,-73.763003,208.1,a2000d,N228PQ,CRJ9,BOMBARDIER Regional Jet CRJ-900,0
takeoff,JFK,22R,1790725907.14,2026-09-29T23:51:47Z,40.645741,-73.767059,210.9,acad53,N916DU,B739,BOEING 737-900,0
landing,LGA,22,1790725938.49,2026-09-29T23:52:18Z,40.774818,-73.879486,213.8,a1d0a3,N216JQ,E75L,EMBRAER ERJ-170-200 (long wing),0
landing,JFK,22L,1790725944.88,2026-09-29T23:52:24Z,40.63306,-73.76442,210.9,a22358,N237JQ,E75L,EMBRAER ERJ-170-200 (long wing),0
takeoff,JFK,31L,1790725949.01,2026-09-29T23:52:29Z,40.633377,-73.783633,300.9,a546c9,N439YX,E75L,EMBRAER ERJ-170-200 (long wing),0
takeoff,JFK,22R,1790725971.44,2026-09-29T23:52:51Z,40.64576,-73.76706,210.9,a6d83c,N540DE,A21N,AIRBUS A-321neo,0
landing,LGA,22,1790726002.65,2026-09-29T23:53:22Z,40.776816,-73.877829,213.8,a445f8,N3747D,B738,BOEING 737-800,0
landing,JFK,22L,1790726020.44,2026-09-29T23:53:40Z,40.635402,-73.762566,210.9,a05827,N121HQ,E75L,EMBRAER ERJ-170-200 (long wing),0
landing,JFK,22R,1790726052.6,2026-09-29T23:54:12Z,40.630758,-73.778796,210.9,3965b3,F-GZNT,B77W,BOEING 777-300ER,0
landing,JFK,22L,1790726093.83,2026-09-29T23:54:53Z,40.635285,-73.76266,210.9,ac763e,N9017P,A319,AIRBUS A-319,0
takeoff,JFK,22R,1790726151.35,2026-09-29T23:55:51Z,40.64875,-73.764709,210.9,a1c1c7,N212JQ,E75L,EMBRAER ERJ-170-200 (long wing),0
takeoff,LGA,31,1790726153.12,2026-09-29T23:55:53Z,40.772278,-73.857681,337.5,a310cf,N297PQ,CRJ9,BOMBARDIER Regional Jet CRJ-900,0
landing,JFK,22L,1790726159.87,2026-09-29T23:55:59Z,40.633907,-73.763733,210.9,a05614,N1200K,B763,BOEING 767-300,0
landing,JFK,22R,1790726229.38,2026-09-29T23:57:09Z,40.631184,-73.778442,210.9,4952a1,CS-TUA,A339,AIRBUS A-330-900,0
landing,LGA,22,1790726252.97,2026-09-29T23:57:32Z,40.778126,-73.87674,213.8,a38c66,N328DU,BCS3,,0
takeoff,LGA,31,1790726259.11,2026-09-29T23:57:39Z,40.772347,-73.857666,300.9,a03b67,N114DN,A321,AIRBUS A-321,0
landing,JFK,22L,1790726264.7,2026-09-29T23:57:44Z,40.636624,-73.76163,210.9,a3711a,N3203J,BCS3,AIRBUS A220-300,0
landing,JFK,22L,1790726321.63,2026-09-29T23:58:41Z,40.635624,-73.76239,210.9,a02c40,N110AN,A321,AIRBUS A-321,0
takeoff,JFK,22R,1790726344.68,2026-09-29T23:59:04Z,40.645168,-73.767517,212.4,ab6ea5,N836AA,B789,BOEING 787-9 Dreamliner,0
landing,LGA,22,1790726370.77,2026-09-29T23:59:30Z,40.777599,-73.877182,213.8,ac27cf,N8821S,B38M,,0
landing,LGA,22,1790726371.27,2026-09-29T23:59:31Z,40.777421,-73.877329,213.8,ac27cf,N8821S,B38M,,0
