type,airport,runway,timestamp,timestamp_iso,lat,lon,track_deg,icao,registration,aircraft_type,description,db_flags
takeoff,LGA,13,1787097613.28,2026-08-19T00:00:13Z,40.781616,-73.87709,123.8,a0433b,N116HQ,E75L,EMBRAER ERJ-170-200 (long wing),0
takeoff,LGA,13,1787097689.88,2026-08-19T00:01:29Z,40.779749,-73.873194,118.1,a091f3,N136EV,CRJ9,BOMBARDIER Regional Jet CRJ-900,0
takeoff,JFK,22R,1787097725.67,2026-08-19T00:02:05Z,40.646015,-73.766846,210.9,a38019,N3244J,BCS3,,0
takeoff,LGA,13,1787097760.56,2026-08-19T00:02:40Z,40.780296,-73.874318,123.8,ab4c15,N827NN,B738,BOEING 737-800,0
landing,LGA,22,1787097805.2,2026-08-19T00:03:25Z,40.777118,-73.877548,210.9,ac62f3,N8979L,B38M,BOEING 737 MAX 8,0
landing,JFK,22L,1787097819.71,2026-08-19T00:03:39Z,40.635578,-73.762421,210.9,ab5365,N829MH,B764,BOEING 767-400,0
takeoff,LGA,13,1787097831.41,2026-08-19T00:03:51Z,40.780128,-73.873993,120.9,ac3477,N886DN,B739,BOEING 737-900,0
takeoff,LGA,13,1787097892.99,2026-08-19T00:04:52Z,40.780289,-73.874329,120.9,a15795,N186GJ,CRJ9,BOMBARDIER Regional Jet CRJ-900,0
takeoff,JFK,22R,1787097903.14,2026-08-19T00:05:03Z,40.646873,-73.766174,210.9,a4b6b6,N4022J,A21N,AIRBUS A-321neo,0
landing,JFK,22L,1787097911.99,2026-08-19T00:05:11Z,40.635867,-73.762191,209.6,408092,G-ZBLH,B78X,BOEING 787-10 Dreamliner,0
takeoff,LGA,13,1787097965.1,2026-08-19T00:06:05Z,40.780075,-73.873865,123.8,ab4383,N825AW,A319,AIRBUS A-319,0
takeoff,JFK,22R,1787097980.77,2026-08-19T00:06:20Z,40.645214,-73.767487,210.9,4b187b,HB-JHB,A333,AIRBUS A-330-300,0
landing,LGA,22,1787098053.03,2026-08-19T00:07:33Z,40.774452,-73.87973,199.7,a2348d,N241JQ,E75L,EMBRAER ERJ-170-200 (long wing),0
takeoff,JFK,22R,1787098060.07,2026-08-19T00:07:40Z,40.64716,-73.765945,210.9,4077d4,G-VRNB,A35K,AIRBUS A-350-1000,0
landing,JFK,22L,1787098083.33,2026-08-19T00:08:03Z,40.634855,-73.763003,210.9,a009a4,N101NN,A321,AIRBUS A-321,0
takeoff,JFK,31L,1787098121.37,2026-08-19T00:08:41Z,40.635402,-73.788081,300.9,a6dbf3,N541DE,A21N,AIRBUS A-321neo,0
landing,JFK,22L,1787098162.52,2026-08-19T00:09:22Z,40.635902,-73.762207,210.9,a3795a,N3229J,BCS3,AIRBUS A220-300,0
landing,LGA,22,1787098177.83,2026-08-19T00:09:37Z,40.777398,-73.877329,213.8,a32814,N302PQ,CRJ9,BOMBARDIER Regional Jet CRJ-900,0
takeoff,LGA,13,1787098188.4,2026-08-19T00:09:48Z,40.781611,-73.877095,120.9,a230d6,N240JQ,E75L,EMBRAER ERJ-170-200 (long wing),0
landing,JFK,22R,1787098210.77,2026-08-19T00:10:10Z,40.634548,-73.775818,210.9,a3355e,N3058J,BCS3,AIRBUS A220-300,0
landing,JFK,22L,1787098288.71,2026-08-19T00:11:28Z,40.634704,-73.763097,210.9,8963f2,A6-EOU,A388,AIRBUS A-380-800,0
landing,LGA,22,1787098288.71,2026-08-19T00:11:28Z,40.774616,-73.879608,210.9,a4ddca,N412YX,E75L,EMBRAER ERJ-170-200 (long wing),0
takeoff,LGA,13,1787098297.59,2026-08-19T00:11:37Z,40.779911,-73.87352,123.8,ac536c,N8934Q,B38M,BOEING 737 MAX 8,0
takeoff,JFK,22R,1787098378.6,2026-08-19T00:12:58Z,40.646097,-73.766779,210.9,acc23f,N921DU,B739,BOEING 737-900,0
landing,LGA,22,1787098393.54,2026-08-19T00:13:13Z,40.777336,-73.877411,210.9,abd3c7,N861NN,B738,BOEING 737-800,0
takeoff,LGA,22,1787098393.54,2026-08-19T00:13:13Z,40.777336,-73.877411,210.9,abd3c7,N861NN,B738,BOEING 737-800,0
landing,LGA,22,1787098394.0,2026-08-19T00:13:14Z,40.77721,-73.877518,210.9,abd3c7,N861NN,B738,BOEING 737-800,0
takeoff,LGA,13,1787098411.95,2026-08-19T00:13:31Z,40.780334,-73.87442,118.1,a7c849,N600LR,CRJ9,BOMBARDIER Regional Jet CRJ-900,0
takeoff,JFK,22R,1787098439.69,2026-08-19T00:13:59Z,40.646267,-73.766647,210.9,acf4e8,N934DZ,B739,,0
takeoff,LGA,13,1787098473.41,2026-08-19T00:14:33Z,40.781662,-73.877197,120.9,a5106e,N425YX,E75L,EMBRAER ERJ-170-200 (long wing),0
takeoff,JFK,22R,1787098501.26,2026-08-19T00:15:01Z,40.64629,-73.766632,210.9,a1373d,N178DN,B763,BOEING 767-300,0
takeoff,LGA,13,1787098555.41,2026-08-19T00:15:55Z,40.779842,-73.873398,123.8,a2af3e,N272PQ,CRJ9,BOMBARDIER Regional Jet CRJ-900,0
landing,JFK,22L,1787098557.3,2026-08-19T00:15:57Z,40.636963,-73.761322,210.9,acfc56,N936DZ,B739,,0
takeoff,JFK,22R,1787098589.6,2026-08-19T00:16:29Z,40.646109,-73.766779,210.9,a78cfc,N586JB,A320,AIRBUS A-320,0
takeoff,LGA,13,1787098618.83,2026-08-19T00:16:58Z,40.776054,-73.874069,132.2,abd3c7,N861NN,B738,BOEING 737-800,0
takeoff,LGA,13,1787098619.43,2026-08-19T00:16:59Z,40.781576,-73.877002,123.8,ac1951,N879RW,E170,EMBRAER ERJ-170-100,0
landing,JFK,22L,1787098646.51,2026-08-19T00:17:26Z,40.634834,-73.762985,210.9,acf54f,N934JB,A321,AIRBUS A-321,0
takeoff,JFK,22R,1787098704.07,2026-08-19T00:18:24Z,40.649356,-73.76422,210.9,ab3d17,N823MD,E170,EMBRAER ERJ-170-100,0
landing,LGA,22,1787098728.08,2026-08-19T00:18:48Z,40.777037,-73.877626,213.8,ac74f9,N901XJ,CRJ9,BOMBARDIER Regional Jet CRJ-900,0
takeoff,LGA,13,1787098736.49,2026-08-19T00:18:56Z,40.781445,-73.87674,123.8,ada699,N979RP,E170,EMBRAER ERJ-170-100,0
landing,JFK,22L,1787098741.02,2026-08-19T00:19:01Z,40.635773,-73.762253,210.9,ace1af,N929XJ,CRJ9,BOMBARDIER Regional Jet CRJ-900,0
takeoff,JFK,22R,1787098788.07,2026-08-19T00:19:48Z,40.647412,-73.765781,212.4,e8040f,CC-BBB,B788,BOEING 787-8 Dreamliner,0
takeoff,JFK,31L,1787098807.29,2026-08-19T00:20:07Z,40.635716,-73.788799,300.9,a03235,N111ZM,A321,AIRBUS A-321,0
takeoff,LGA,13,1787098816.94,2026-08-19T00:20:16Z,40.779911,-73.873535,123.8,a422f7,N366DX,A321,AIRBUS A-321,0
landing,JFK,22L,1787098831.95,2026-08-19T00:20:31Z,40.63475,-73.763065,210.9,add376,N990JL,A321,AIRBUS A-321,0
takeoff,JFK,22R,1787098874.28,2026-08-19T00:21:14Z,40.646656,-73.766357,210.9,a4ce71,N409DX,A339,AIRBUS A-330-900,0
takeoff,LGA,13,1787098889.34,2026-08-19T00:21:29Z,40.779476,-73.87262,118.1,a7cc00,N601LR,CRJ9,BOMBARDIER Regional Jet CRJ-900,0
landing,JFK,22L,1787098923.78,2026-08-19T00:22:03Z,40.635123,-73.762769,210.9,a1b2ee,N2086J,A21N,AIRBUS A-321neo,0
takeoff,LGA,13,1787098962.84,2026-08-19T00:22:42Z,40.779385,-73.872421,123.8,a44d1c,N3765,B738,BOEING 737-800,0
takeoff,JFK,22R,1787098995.03,2026-08-19T00:23:15Z,40.647145,-73.765968,210.9,a7178c,N556UW,A321,AIRBUS A-321,0
landing,LGA,22,1787098997.91,2026-08-19T00:23:17Z,40.778771,-73.87619,213.8,a3c163,N341DU,BCS3,AIRBUS A220-300,0
landing,JFK,22L,1787099008.27,2026-08-19T00:23:28Z,40.636345,-73.761848,210.9,a02c40,N110AN,A321,AIRBUS A-321,0
takeoff,LGA,13,1787099019.71,2026-08-19T00:23:39Z,40.781506,-73.876846,123.8,ab40ce,N824MD,E170,EMBRAER ERJ-170-100,0
takeoff,JFK,22R,1787099057.03,2026-08-19T00:24:17Z,40.646144,-73.766748,210.9,a34d98,N3115J,BCS3,AIRBUS A220-300,0
landing,LGA,22,1787099084.17,2026-08-19T00:24:44Z,40.776909,-73.87772,210.9,a145b7,N181PQ,CRJ9,BOMBARDIER Regional Jet CRJ-900,0
landing,JFK,22L,1787099099.34,2026-08-19T00:24:59Z,40.636379,-73.76181,210.9,ad444d,N954JB,A321,AIRBUS A-321,0
takeoff,LGA,13,1787099101.64,2026-08-19T00:25:01Z,40.780086,-73.873912,123.8,aceb76,N931XJ,CRJ9,BOMBARDIER Regional Jet CRJ-900,0
takeoff,JFK,22R,1787099115.04,2026-08-19T00:25:15Z,40.646965,-73.766113,210.9,a7d673,N604DN,A21N,AIRBUS A-321neo,0
takeoff,JFK,31L,1787099128.63,2026-08-19T00:25:28Z,40.636065,-73.789564,300.9,a61173,N490PX,CRJ9,BOMBARDIER Regional Jet CRJ-900,0
landing,LGA,22,1787099177.46,2026-08-19T00:26:17Z,40.77515,-73.879181,210.9,a075df,N129HQ,E75L,EMBRAER ERJ-170-200 (long wing),0
takeoff,JFK,22R,1787099177.79,2026-08-19T00:26:17Z,40.646313,-73.766602,209.6,738101,4X-ERB,B788,BOEING 787-8 Dreamliner,0
takeoff,LGA,13,1787099184.04,2026-08-19T00:26:24Z,40.780518,-73.874802,123.8,acf69b,N934XJ,CRJ9,BOMBARDIER Regional Jet CRJ-900,0
landing,JFK,22L,1787099198.65,2026-08-19T00:26:38Z,40.634605,-73.763184,210.9,a36a19,N319UY,B38M,BOEING 737 MAX 8,0
landing,LGA,22,1787099251.35,2026-08-19T00:27:31Z,40.77499,-73.879288,210.9,a4e538,N414YX,E75L,EMBRAER ERJ-170-200 (long wing),0
takeoff,LGA,13,1787099261.79,2026-08-19T00:27:41Z,40.779739,-73.873184,123.8,a41743,N36280,B738,BOEING 737-800,0
takeoff,LGA,04,1787099267.77,2026-08-19T00:27:47Z,40.776054,-73.876755,67.5,a075df,N129HQ,E75L,EMBRAER ERJ-170-200 (long wing),0
landing,JFK,22L,1787099280.68,2026-08-19T00:28:00Z,40.635949,-73.762145,210.9,a66576,N511DE,A21N,AIRBUS A-321neo,0
takeoff,LGA,13,1787099308.95,2026-08-19T00:28:28Z,40.782158,-73.87825,120.9,a06aba,N126HQ,E75L,EMBRAER ERJ-170-200 (long wing),0
takeoff,JFK,22R,1787099317.88,2026-08-19T00:28:37Z,40.646097,-73.766795,212.4,740826,JY-BAF,B788,BOEING 787-8 Dreamliner,0
landing,LGA,22,1787099326.14,2026-08-19T00:28:46Z,40.777561,-73.877205,208.1,a15b4c,N187GJ,CRJ9,BOMBARDIER Regional Jet CRJ-900,0
takeoff,LGA,04,1787099347.38,2026-08-19T00:29:07Z,40.776071,-73.876736,70.3,a4e538,N414YX,E75L,EMBRAER ERJ-170-200 (long wing),0
landing,JFK,22L,1787099348.68,2026-08-19T00:29:08Z,40.633335,-73.764206,210.9,394a05,F-GSQF,B77W,BOEING 777-300ER,0
takeoff,JFK,22R,1787099412.06,2026-08-19T00:30:12Z,40.64633,-73.766592,210.9,781e95,B-222S,B77L,BOEING 777-200LR,0
landing,LGA,22,1787099434.55,2026-08-19T00:30:34Z,40.775012,-73.879311,210.9,a1f46b,N225JQ,E75L,EMBRAER ERJ-170-200 (long wing),0
takeoff,LGA,13,1787099435.41,2026-08-19T00:30:35Z,40.779739,-73.873169,123.8,a3534a,N313PQ,CRJ9,BOMBARDIER Regional Jet CRJ-900,0
landing,JFK,22L,1787099487.01,2026-08-19T00:31:27Z,40.633839,-73.763794,210.9,a32bf5,N303RG,B38M,BOEING 737 MAX 8,0
landing,LGA,22,1787099496.44,2026-08-19T00:31:36Z,40.774784,-73.879501,210.9,a8785b,N645FR,A21N,,0
takeoff,JFK,22R,1787099535.34,2026-08-19T00:32:15Z,40.647005,-73.766062,210.9,a7e198,N607DN,A21N,AIRBUS A-321neo,0
landing,JFK,22L,1787099590.78,2026-08-19T00:33:10Z,40.633842,-73.763783,210.9,ad4f72,N957JB,A321,AIRBUS A-321,0
landing,LGA,22,1787099625.6,2026-08-19T00:33:45Z,40.775827,-73.878625,210.9,a24720,N246JQ,E75L,EMBRAER ERJ-170-200 (long wing),0
takeoff,LGA,13,1787099639.08,2026-08-19T00:33:59Z,40.779737,-73.873131,123.8,a5cf41,N47345,B38M,,0
landing,LGA,22,1787099684.48,2026-08-19T00:34:44Z,40.776432,-73.878143,210.9,a44969,N3755D,B738,BOEING 737-800,0
landing,JFK,22L,1787099701.48,2026-08-19T00:35:01Z,40.632981,-73.764454,210.9,780233,B-LJC,B748,BOEING 747-8,0
takeoff,JFK,22R,1787099708.2,2026-08-19T00:35:08Z,40.646358,-73.766586,210.9,4ba946,TC-JJF,B77W,BOEING 777-300ER,0
landing,LGA,22,1787099794.9,2026-08-19T00:36:34Z,40.778275,-73.876602,213.8,a3962d,N330DU,BCS3,,0
landing,JFK,22L,1787099846.07,2026-08-19T00:37:26Z,40.633873,-73.763763,210.9,ac76a7,N902AN,B738,BOEING 737-800,0
takeoff,LGA,04,1787099861.08,2026-08-19T00:37:41Z,40.776083,-73.876752,64.7,a44969,N3755D,B738,BOEING 737-800,0
landing,LGA,22,1787099874.11,2026-08-19T00:37:54Z,40.776901,-73.877762,210.9,a732d9,N563JB,A320,AIRBUS A-320,0
takeoff,LGA,13,1787099879.55,2026-08-19T00:37:59Z,40.781622,-73.877095,123.8,a546c9,N439YX,E75L,EMBRAER ERJ-170-200 (long wing),0
landing,JFK,22L,1787099933.81,2026-08-19T00:38:53Z,40.634913,-73.76294,210.9,a4f5f0,N419DX,A339,AIRBUS A-330-900,0
landing,LGA,22,1787099994.21,2026-08-19T00:39:54Z,40.775265,-73.879059,210.9,a52911,N431YX,E75L,EMBRAER ERJ-170-200 (long wing),0
takeoff,LGA,13,1787099998.78,2026-08-19T00:39:58Z,40.780346,-73.874435,123.8,c05ed8,C-GJXV,BCS3,AIRBUS A220-300,0
takeoff,LGA,13,1787100000.85,2026-08-19T00:40:00Z,40.776798,-73.870728,123.8,a3962d,N330DU,BCS3,,0
takeoff,LGA,04,1787100037.04,2026-08-19T00:40:37Z,40.776089,-73.876617,73.1,a732d9,N563JB,A320,AIRBUS A-320,0
takeoff,JFK,22R,1787100041.6,2026-08-19T00:40:41Z,40.646039,-73.766826,210.9,ad8bed,N972JT,A321,AIRBUS A-321,0
landing,LGA,22,1787100046.61,2026-08-19T00:40:46Z,40.777039,-73.877625,210.9,c05dd8,C-GJNZ,CRJ9,BOMBARDIER Regional Jet CRJ-900,0
takeoff,LGA,13,1787100057.63,2026-08-19T00:40:57Z,40.782053,-73.878,123.8,a08714,N133HQ,E75L,EMBRAER ERJ-170-200 (long wing),0
landing,JFK,22L,1787100058.11,2026-08-19T00:40:58Z,40.636608,-73.761627,210.9,add734,N991JT,A321,AIRBUS A-321,0
takeoff,JFK,22R,1787100111.49,2026-08-19T00:41:51Z,40.645203,-73.767502,210.9,348310,EC-OLG,A333,AIRBUS A-330-300,0
landing,JFK,22L,1787100142.68,2026-08-19T00:42:22Z,40.63718,-73.761185,210.9,a1a0a1,N2038J,A21N,AIRBUS A-321neo,0
landing,LGA,22,1787100147.85,2026-08-19T00:42:27Z,40.778038,-73.876814,210.9,a086ce,N133EV,CRJ9,BOMBARDIER Regional Jet CRJ-900,0
takeoff,JFK,31L,1787100169.66,2026-08-19T00:42:49Z,40.635146,-73.787519,300.9,a788d3,N585DN,A21N,,0
landing,LGA,22,1787100227.15,2026-08-19T00:43:47Z,40.775175,-73.879155,210.9,abc2e5,N857RW,E170,EMBRAER ERJ-170-100,0
landing,JFK,22L,1787100228.86,2026-08-19T00:43:48Z,40.634971,-73.762894,210.9,899018,B-18052,B77W,BOEING 777-300ER,0
landing,JFK,22R,1787100272.06,2026-08-19T00:44:32Z,40.631035,-73.77858,210.9,a9a399,N720AN,B77W,BOEING 777-300ER,0
landing,LGA,22,1787100314.43,2026-08-19T00:45:14Z,40.774453,-73.879701,202.5,ab1d06,N815MD,E170,EMBRAER ERJ-170-100,0
takeoff,LGA,13,1787100320.61,2026-08-19T00:45:20Z,40.780296,-73.874333,118.1,a08317,N132EV,CRJ9,BOMBARDIER Regional Jet CRJ-900,0
takeoff,LGA,13,1787100332.27,2026-08-19T00:45:32Z,40.774337,-73.865812,120.9,c05dd8,C-GJNZ,CRJ9,BOMBARDIER Regional Jet CRJ-900,0
landing,JFK,22L,1787100358.37,2026-08-19T00:45:58Z,40.635487,-73.762497,210.9,a79821,N589JB,A320,AIRBUS A-320,0
takeoff,JFK,31L,1787100362.59,2026-08-19T00:46:02Z,40.634005,-73.785022,300.9,a1a1b6,N204JQ,E75L,EMBRAER ERJ-170-200 (long wing),0
takeoff,JFK,22R,1787100364.11,2026-08-19T00:46:04Z,40.646283,-73.766639,210.9,ab4bf7,N827MH,B764,BOEING 767-400,0
landing,LGA,22,1787100370.55,2026-08-19T00:46:10Z,40.777677,-73.877111,210.9,ac3f2f,N8889Q,B38M,BOEING 737 MAX 8,0
takeoff,LGA,13,1787100392.82,2026-08-19T00:46:32Z,40.780028,-73.873756,120.9,a49d22,N397DN,A321,AIRBUS A-321,0
takeoff,JFK,31L,1787100440.09,2026-08-19T00:47:20Z,40.633866,-73.78471,300.9,a4c527,N406YX,E75L,EMBRAER ERJ-170-200 (long wing),0
landing,JFK,22L,1787100440.95,2026-08-19T00:47:20Z,40.635914,-73.762145,210.9,780aa2,B-LRB,A359,AIRBUS A-350-900,0
landing,LGA,22,1787100445.37,2026-08-19T00:47:25Z,40.777508,-73.877228,210.9,a98445,N712JB,A320,AIRBUS A-320,0
takeoff,LGA,13,1787100464.38,2026-08-19T00:47:44Z,40.779632,-73.872929,123.8,a08a85,N134EV,CRJ9,BOMBARDIER Regional Jet CRJ-900,0
landing,JFK,22R,1787100486.39,2026-08-19T00:48:06Z,40.632504,-73.777407,210.9,a87898,N645JB,A320,AIRBUS A-320,0
landing,LGA,22,1787100529.77,2026-08-19T00:48:49Z,40.779248,-73.875769,213.8,a5cc19,N47288,B38M,BOEING 737 MAX 8,0
takeoff,JFK,31L,1787100541.5,2026-08-19T00:49:01Z,40.634773,-73.786755,300.9,a80952,N617FX,E550,EMBRAER EMB-550 Praetor 600,0
takeoff,LGA,13,1787100545.64,2026-08-19T00:49:05Z,40.780505,-73.87477,123.8,a3615f,N317FR,A20N,AIRBUS A-320neo,0
landing,JFK,22L,1787100556.43,2026-08-19T00:49:16Z,40.635166,-73.762741,210.9,acca19,N923JB,A321,AIRBUS A-321,0
takeoff,JFK,22R,1787100594.63,2026-08-19T00:49:54Z,40.646272,-73.766655,210.9,a9d9f2,N734AL,B39M,BOEING 737 MAX 9,0
takeoff,JFK,31L,1787100627.54,2026-08-19T00:50:27Z,40.635472,-73.788253,300.9,ac75a5,N9013A,A319,AIRBUS A-319,0
landing,LGA,22,1787100629.4,2026-08-19T00:50:29Z,40.777187,-73.877518,210.9,a44308,N374DX,A321,AIRBUS A-321,0
landing,JFK,22L,1787100639.71,2026-08-19T00:50:39Z,40.635189,-73.762741,210.9,a776b2,N580JB,A320,AIRBUS A-320,0
takeoff,LGA,13,1787100649.03,2026-08-19T00:50:49Z,40.780494,-73.87477,123.8,acf5be,N934NN,B738,BOEING 737-800,0
takeoff,JFK,22R,1787100669.94,2026-08-19T00:51:09Z,40.645855,-73.766953,210.9,3461cb,EC-NCX,A359,AIRBUS A-350-900,0
landing,LGA,22,1787100701.15,2026-08-19T00:51:41Z,40.778069,-73.87677,210.9,a36994,N319PQ,CRJ9,BOMBARDIER Regional Jet CRJ-900,0
takeoff,LGA,13,1787100718.07,2026-08-19T00:51:58Z,40.781506,-73.876861,123.8,c0619f,C-GKZE,B738,BOEING 737-800,0
landing,JFK,22L,1787100728.16,2026-08-19T00:52:08Z,40.635029,-73.762847,210.9,aa4d77,N763JB,A320,AIRBUS A-320,0
landing,LGA,22,1787100783.53,2026-08-19T00:53:03Z,40.777898,-73.876924,210.9,ab282b,N818MD,E170,EMBRAER ERJ-170-100,0
takeoff,LGA,13,1787100797.63,2026-08-19T00:53:17Z,40.780296,-73.874318,120.9,a39723,N330PQ,CRJ9,BOMBARDIER Regional Jet CRJ-900,0
takeoff,LGA,13,1787100807.07,2026-08-19T00:53:27Z,40.776909,-73.870962,123.8,a5cc19,N47288,B38M,BOEING 737 MAX 8,0
takeoff,LGA,13,1787100838.88,2026-08-19T00:53:58Z,40.776804,-73.870728,120.9,a44308,N374DX,A321,AIRBUS A-321,0
landing,LGA,22,1787100843.76,2026-08-19T00:54:03Z,40.778725,-73.876237,210.9,ac3030,N8848Q,B38M,BOEING 737 MAX 8,0
landing,JFK,22L,1787100862.78,2026-08-19T00:54:22Z,40.635413,-73.762566,210.9,71c011,HL8011,B77W,BOEING 777-300ER,0
takeoff,LGA,13,1787100867.87,2026-08-19T00:54:27Z,40.780366,-73.874489,120.9,a14502,N181GJ,CRJ9,BOMBARDIER Regional Jet CRJ-900,0
landing,LGA,22,1787100939.73,2026-08-19T00:55:39Z,40.777153,-73.877548,213.8,ad9f7f,N977UY,A321,AIRBUS A-321,0
landing,JFK,22R,1787100970.65,2026-08-19T00:56:10Z,40.634113,-73.776184,210.9,3481d5,EC-OJL,B772,BOEING 777-200,0
landing,LGA,22,1787101022.78,2026-08-19T00:57:02Z,40.777177,-73.877517,213.8,acdbef,N928AN,B738,BOEING 737-800,0
landing,JFK,22L,1787101025.4,2026-08-19T00:57:05Z,40.633901,-73.763783,213.8,ab6519,N833SK,CRJ9,BOMBARDIER Regional Jet CRJ-900,0
landing,LGA,22,1787101113.05,2026-08-19T00:58:33Z,40.774006,-73.880142,210.9,a06db4,N127AA,A321,AIRBUS A-321,0
takeoff,JFK,22R,1787101116.64,2026-08-19T00:58:36Z,40.646214,-73.766686,210.9,4cc581,TF-IAD,A21N,AIRBUS A-321neo,0
landing,JFK,22L,1787101117.34,2026-08-19T00:58:37Z,40.636242,-73.761902,210.9,a8e1f6,N6711M,B752,BOEING 757-200,0
takeoff,JFK,22R,1787101180.01,2026-08-19T00:59:40Z,40.646388,-73.766561,210.9,ab20e7,N816NW,A333,AIRBUS A-330-300,0
landing,LGA,22,1787101214.24,2026-08-19T01:00:14Z,40.774841,-73.879425,210.9,ada521,N979AN,B738,BOEING 737-800,0
takeoff,LGA,13,1787101222.83,2026-08-19T01:00:22Z,40.780884,-73.875549,123.8,a3b124,N337PQ,CRJ9,BOMBARDIER Regional Jet CRJ-900,0
landing,JFK,22L,1787101231.86,2026-08-19T01:00:31Z,40.636729,-73.761552,210.9,ab3982,N822NN,B738,BOEING 737-800,0
takeoff,JFK,22R,1787101302.12,2026-08-19T01:01:42Z,40.646358,-73.766586,210.9,ab0416,N809JB,A320,AIRBUS A-320,0
landing,JFK,22L,1787101323.29,2026-08-19T01:02:03Z,40.635716,-73.762316,210.9,acaec8,N916US,A321,AIRBUS A-321,0
landing,LGA,22,1787101353.94,2026-08-19T01:02:33Z,40.775814,-73.878632,210.9,a7456c,N568JB,A320,AIRBUS A-320,0
takeoff,JFK,31L,1787101354.71,2026-08-19T01:02:34Z,40.635786,-73.788924,300.9,adf128,N998JE,A321,AIRBUS A-321,0
takeoff,JFK,22R,1787101363.57,2026-08-19T01:02:43Z,40.645981,-73.766876,210.9,ad3cdf,N952JB,A321,AIRBUS A-321,0
landing,JFK,22L,1787101412.91,2026-08-19T01:03:32Z,40.636996,-73.761318,210.9,a392f2,N3296J,BCS3,AIRBUS A220-300,0
takeoff,JFK,22R,1787101417.66,2026-08-19T01:03:37Z,40.647121,-73.765968,210.9,a83876,N629JB,A320,AIRBUS A-320,0
takeoff,LGA,13,1787101480.29,2026-08-19T01:04:40Z,40.779632,-73.872944,123.8,a399e4,N331DU,BCS3,,0
landing,JFK,22L,1787101493.84,2026-08-19T01:04:53Z,40.635751,-73.762301,210.9,ad6f93,N965JT,A321,AIRBUS A-321,0
takeoff,LGA,13,1787101537.89,2026-08-19T01:05:37Z,40.781506,-73.876846,123.8,abd063,N860RW,E170,EMBRAER ERJ-170-100,0
takeoff,JFK,22R,1787101539.07,2026-08-19T01:05:39Z,40.646416,-73.766541,210.9,a3a65f,N334TL,B38M,BOEING 737 MAX 8,0
landing,LGA,04,1787101541.95,2026-08-19T01:05:41Z,40.772184,-73.880138,30.9,a22ac6,N239JQ,E75L,EMBRAER ERJ-170-200 (long wing),0
landing,LGA,22,1787101543.7,2026-08-19T01:05:43Z,40.774779,-73.879483,208.1,a1b092,N208JQ,E75L,EMBRAER ERJ-170-200 (long wing),0
landing,JFK,22L,1787101584.42,2026-08-19T01:06:24Z,40.636414,-73.761765,213.8,acc040,N920XJ,CRJ9,BOMBARDIER Regional Jet CRJ-900,0
takeoff,JFK,22R,1787101601.54,2026-08-19T01:06:41Z,40.645912,-73.766937,210.9,abbee3,N856NW,A332,AIRBUS A-330-200,0
takeoff,LGA,13,1787101601.75,2026-08-19T01:06:41Z,40.781669,-73.877189,120.9,abdf3f,N864RW,E170,EMBRAER ERJ-170-100,0
landing,JFK,22L,1787101664.3,2026-08-19T01:07:44Z,40.636205,-73.761942,210.9,ad1927,N943JT,A321,AIRBUS A-321,0
takeoff,JFK,22R,1787101710.66,2026-08-19T01:08:30Z,40.646439,-73.76651,209.7,02013c,CN-RAM,B789,BOEING 787-9 Dreamliner,0
landing,LGA,22,1787101741.68,2026-08-19T01:09:01Z,40.776924,-73.877701,210.9,a34bdc,N311PQ,CRJ9,BOMBARDIER Regional Jet CRJ-900,0
takeoff,LGA,13,1787101765.98,2026-08-19T01:09:25Z,40.779819,-73.873319,123.8,a46310,N382DN,A321,AIRBUS A-321,0
landing,JFK,22L,1787101782.59,2026-08-19T01:09:42Z,40.633703,-73.763986,219.4,a04aa9,N118HQ,E75L,EMBRAER ERJ-170-200 (long wing),0
landing,LGA,22,1787101820.6,2026-08-19T01:10:20Z,40.776489,-73.878098,210.9,a44213,N37353,B38M,,0
takeoff,LGA,13,1787101826.15,2026-08-19T01:10:26Z,40.781657,-73.877173,123.8,a2348d,N241JQ,E75L,EMBRAER ERJ-170-200 (long wing),0
takeoff,LGA,13,1787101826.68,2026-08-19T01:10:26Z,40.775517,-73.868042,123.8,a1b092,N208JQ,E75L,EMBRAER ERJ-170-200 (long wing),0
landing,JFK,22R,1787101867.07,2026-08-19T01:11:07Z,40.632411,-73.777469,210.9,a52aed,N432DX,A339,AIRBUS A-330-900,0
landing,JFK,22L,1787101882.64,2026-08-19T01:11:22Z,40.634892,-73.76297,210.9,ad2f71,N949JT,A321,AIRBUS A-321,0
takeoff,JFK,31L,1787101917.88,2026-08-19T01:11:57Z,40.634354,-73.785797,300.9,ab6fbf,N836MH,B764,BOEING 767-400,0
landing,LGA,22,1787101923.34,2026-08-19T01:12:03Z,40.777142,-73.877548,210.9,ac5b66,N8958Q,B38M,,0
takeoff,LGA,13,1787101935.38,2026-08-19T01:12:15Z,40.7799,-73.873506,123.8,ac62f3,N8979L,B38M,BOEING 737 MAX 8,0
takeoff,JFK,22R,1787101968.41,2026-08-19T01:12:48Z,40.645397,-73.767319,210.9,4b187d,HB-JHD,A333,AIRBUS A-330-300,0
takeoff,JFK,22R,1787101969.23,2026-08-19T01:12:49Z,40.645054,-73.767578,210.9,4b187d,HB-JHD,A333,AIRBUS A-330-300,0
landing,JFK,22L,1787101976.44,2026-08-19T01:12:56Z,40.636986,-73.761322,210.9,a36b2d,N3194J,BCS3,,0
takeoff,LGA,13,1787101977.8,2026-08-19T01:12:57Z,40.775414,-73.867874,126.6,a34bdc,N311PQ,CRJ9,BOMBARDIER Regional Jet CRJ-900,0
landing,LGA,22,1787102024.47,2026-08-19T01:13:44Z,40.776257,-73.878281,210.9,abc1bc,N857DZ,B739,BOEING 737-900,0
takeoff,LGA,13,1787102028.92,2026-08-19T01:13:48Z,40.781599,-73.87708,120.9,a8a0d9,N655RW,E170,EMBRAER ERJ-170-100,0
takeoff,JFK,22R,1787102035.75,2026-08-19T01:13:55Z,40.646358,-73.766586,209.6,ab5257,N829AN,B789,BOEING 787-9 Dreamliner,0
landing,JFK,22L,1787102052.87,2026-08-19T01:14:12Z,40.633889,-73.763752,210.9,aca99c,N915DU,B739,BOEING 737-900,0
landing,LGA,22,1787102125.96,2026-08-19T01:15:25Z,40.778585,-73.876362,210.9,ab15ba,N813NN,B738,BOEING 737-800,0
takeoff,LGA,13,1787102137.31,2026-08-19T01:15:37Z,40.781433,-73.87674,123.8,a1f822,N226JQ,E75L,EMBRAER ERJ-170-200 (long wing),0
landing,JFK,22R,1787102153.32,2026-08-19T01:15:53Z,40.633202,-73.776861,210.9,4063e6,G-VSXY,A333,AIRBUS A-330-300,0
landing,JFK,22L,1787102179.52,2026-08-19T01:16:19Z,40.636182,-73.761973,210.9,a00d5b,N102NN,A321,AIRBUS A-321,0
takeoff,LGA,13,1787102194.06,2026-08-19T01:16:34Z,40.774116,-73.865516,149.1,ac5b66,N8958Q,B38M,,0
takeoff,LGA,13,1787102209.87,2026-08-19T01:16:49Z,40.78022,-73.874176,123.8,a3ad6d,N336PQ,CRJ9,BOMBARDIER Regional Jet CRJ-900,0
takeoff,JFK,22R,1787102244.48,2026-08-19T01:17:24Z,40.647526,-73.765656,210.9,406b05,G-STBL,B77W,BOEING 777-300ER,0
landing,LGA,22,1787102252.73,2026-08-19T01:17:32Z,40.777316,-73.877407,210.9,a3183d,N299PQ,CRJ9,BOMBARDIER Regional Jet CRJ-900,0
landing,JFK,22L,1787102260.54,2026-08-19T01:17:40Z,40.637077,-73.761261,210.9,a7f2d2,N611DT,A21N,AIRBUS A-321neo,0
takeoff,LGA,13,1787102262.6,2026-08-19T01:17:42Z,40.78149,-73.876816,120.9,a05f95,N123HQ,E75L,EMBRAER ERJ-170-200 (long wing),0
takeoff,JFK,22R,1787102316.74,2026-08-19T01:18:36Z,40.645866,-73.766953,212.4,e80471,CC-BGV,B789,BOEING 787-9 Dreamliner,0
takeoff,JFK,22R,1787102318.05,2026-08-19T01:18:38Z,40.645422,-73.767294,212.4,e80471,CC-BGV,B789,BOEING 787-9 Dreamliner,0
takeoff,LGA,13,1787102323.01,2026-08-19T01:18:43Z,40.777061,-73.871292,123.8,abc1bc,N857DZ,B739,BOEING 737-900,0
takeoff,LGA,13,1787102341.99,2026-08-19T01:19:01Z,40.780357,-73.874481,120.9,a2fe3c,N292PQ,CRJ9,BOMBARDIER Regional Jet CRJ-900,0
landing,JFK,22L,1787102358.87,2026-08-19T01:19:18Z,40.634159,-73.763535,210.9,a120fe,N172DZ,B763,BOEING 767-300,0
landing,LGA,04,1787102373.43,2026-08-19T01:19:33Z,40.770543,-73.881512,75.9,a9a419,N720FR,A321,AIRBUS A-321,0
takeoff,JFK,22R,1787102390.96,2026-08-19T01:19:50Z,40.646393,-73.766556,210.9,4005c0,G-VIIH,B772,BOEING 777-200,0
landing,LGA,22,1787102439.88,2026-08-19T01:20:39Z,40.777462,-73.877274,210.9,a77d89,N582CA,CRJ9,BOMBARDIER Regional Jet CRJ-900,0
takeoff,LGA,13,1787102448.51,2026-08-19T01:20:48Z,40.781692,-73.877251,123.8,a8847f,N648RW,E170,EMBRAER ERJ-170-100,0
takeoff,JFK,22R,1787102461.73,2026-08-19T01:21:01Z,40.6455,-73.767258,210.9,4ca5c7,EI-DUZ,A333,AIRBUS A-330-300,0
takeoff,JFK,31L,1787102523.72,2026-08-19T01:22:03Z,40.635355,-73.788019,300.9,a7e5c1,N608JB,A320,AIRBUS A-320,0
takeoff,JFK,22R,1787102568.62,2026-08-19T01:22:48Z,40.646931,-73.766129,210.9,a198ed,N2016J,A21N,AIRBUS A-321neo,0
landing,LGA,22,1787102602.95,2026-08-19T01:23:22Z,40.776118,-73.878406,210.9,a37ea4,N324RA,B38M,BOEING 737 MAX 8,0
takeoff,JFK,22R,1787102615.99,2026-08-19T01:23:35Z,40.649402,-73.764189,210.9,a4b64b,N402YX,E75L,EMBRAER ERJ-170-200 (long wing),0
landing,LGA,22,1787102669.45,2026-08-19T01:24:29Z,40.776787,-73.877853,210.9,aa56d4,N76522,B738,BOEING 737-800,0
takeoff,LGA,13,1787102676.82,2026-08-19T01:24:36Z,40.781467,-73.876785,123.8,a5255a,N430YX,E75L,EMBRAER ERJ-170-200 (long wing),0
landing,JFK,22L,1787102693.35,2026-08-19T01:24:53Z,40.634457,-73.763321,210.9,ad4804,N955JB,A321,AIRBUS A-321,0
takeoff,LGA,04,1787102700.24,2026-08-19T01:25:00Z,40.776089,-73.876785,61.9,a37ea4,N324RA,B38M,BOEING 737 MAX 8,0
takeoff,JFK,31L,1787102740.81,2026-08-19T01:25:40Z,40.635418,-73.788162,300.9,a9b06f,N723TW,B752,BOEING 757-200,0
takeoff,JFK,22R,1787102800.12,2026-08-19T01:26:40Z,40.645934,-73.76692,210.9,a4ccba,N4080J,A21N,,0
landing,JFK,22L,1787102815.68,2026-08-19T01:26:55Z,40.636757,-73.76152,210.9,a4c5d8,N4064J,A21N,AIRBUS A-321neo,0
takeoff,JFK,22R,1787102861.94,2026-08-19T01:27:41Z,40.646202,-73.766701,210.9,a1a3cc,N2044J,A21N,AIRBUS A-321neo,0
landing,LGA,22,1787102874.8,2026-08-19T01:27:54Z,40.777222,-73.877487,210.9,ac5b20,N8956Q,B38M,,0
takeoff,LGA,13,1787102904.75,2026-08-19T01:28:24Z,40.776798,-73.870697,120.9,aa56d4,N76522,B738,BOEING 737-800,0
landing,JFK,22L,1787102926.96,2026-08-19T01:28:46Z,40.635704,-73.762314,213.8,ac801e,N904XJ,CRJ9,BOMBARDIER Regional Jet CRJ-900,0
takeoff,JFK,22R,1787102927.12,2026-08-19T01:28:47Z,40.6455,-73.767242,210.9,76ceea,9V-SWJ,B77W,BOEING 777-300ER,0
landing,LGA,22,1787102964.17,2026-08-19T01:29:24Z,40.775093,-73.879211,210.9,a1acdb,N207JQ,E75L,EMBRAER ERJ-170-200 (long wing),0
takeoff,LGA,13,1787102976.98,2026-08-19T01:29:36Z,40.779667,-73.872975,123.8,a3c163,N341DU,BCS3,AIRBUS A220-300,0
takeoff,JFK,22R,1787103001.86,2026-08-19T01:30:01Z,40.646015,-73.766861,209.6,ab4ae9,N827AN,B789,BOEING 787-9 Dreamliner,0
landing,LGA,22,1787103018.1,2026-08-19T01:30:18Z,40.778194,-73.876694,210.9,a65104,N506JB,A320,AIRBUS A-320,0
takeoff,JFK,31L,1787103060.59,2026-08-19T01:31:00Z,40.636219,-73.789902,300.9,a3355e,N3058J,BCS3,AIRBUS A220-300,0
takeoff,JFK,22R,1787103069.15,2026-08-19T01:31:09Z,40.645853,-73.766982,210.9,a4caba,N408DX,A339,AIRBUS A-330-900,0
landing,LGA,22,1787103102.4,2026-08-19T01:31:42Z,40.778011,-73.876831,210.9,c01a5a,C-FJZL,CRJ9,BOMBARDIER Regional Jet CRJ-900,0
takeoff,LGA,13,1787103148.18,2026-08-19T01:32:28Z,40.78014,-73.873993,120.9,ac0ba7,N87527,B738,BOEING 737-800,0
takeoff,LGA,13,1787103160.32,2026-08-19T01:32:40Z,40.776798,-73.870712,123.8,ac5b20,N8956Q,B38M,,0
takeoff,JFK,31L,1787103181.18,2026-08-19T01:33:01Z,40.635704,-73.788773,300.9,ab4c76,N827SK,CRJ9,BOMBARDIER Regional Jet CRJ-900,0
takeoff,JFK,22R,1787103197.35,2026-08-19T01:33:17Z,40.646272,-73.766639,210.9,a4462e,N3748Y,B738,BOEING 737-800,0
takeoff,LGA,13,1787103205.73,2026-08-19T01:33:25Z,40.776502,-73.870104,123.8,a1acdb,N207JQ,E75L,EMBRAER ERJ-170-200 (long wing),0
landing,LGA,22,1787103211.05,2026-08-19T01:33:31Z,40.778503,-73.876424,210.9,a37e80,N324PQ,CRJ9,BOMBARDIER Regional Jet CRJ-900,0
takeoff,LGA,13,1787103225.16,2026-08-19T01:33:45Z,40.779656,-73.872991,123.8,a32814,N302PQ,CRJ9,BOMBARDIER Regional Jet CRJ-900,0
takeoff,JFK,22R,1787103259.72,2026-08-19T01:34:19Z,40.646377,-73.766577,210.9,a1ddbb,N2193J,A21N,AIRBUS A-321neo,0
takeoff,LGA,13,1787103275.7,2026-08-19T01:34:35Z,40.781834,-73.877533,123.8,a4ddca,N412YX,E75L,EMBRAER ERJ-170-200 (long wing),0
landing,JFK,22L,1787103288.4,2026-08-19T01:34:48Z,40.635521,-73.762466,210.9,4cc510,TF-ICU,B38M,BOEING 737 MAX 8,0
landing,LGA,22,1787103328.19,2026-08-19T01:35:28Z,40.778446,-73.876511,210.9,aa7e51,N77520,B738,BOEING 737-800,0
takeoff,LGA,13,1787103341.87,2026-08-19T01:35:41Z,40.776804,-73.870744,120.9,c01a5a,C-FJZL,CRJ9,BOMBARDIER Regional Jet CRJ-900,0
takeoff,LGA,13,1787103343.64,2026-08-19T01:35:43Z,40.781529,-73.876908,123.8,a24720,N246JQ,E75L,EMBRAER ERJ-170-200 (long wing),0
takeoff,JFK,31L,1787103368.89,2026-08-19T01:36:08Z,40.633819,-73.784632,300.9,a1d45a,N217JQ,E75L,EMBRAER ERJ-170-200 (long wing),0
takeoff,JFK,22R,1787103383.18,2026-08-19T01:36:23Z,40.647182,-73.76593,210.9,ad2baa,N948JB,A321,AIRBUS A-321,0
takeoff,LGA,13,1787103428.59,2026-08-19T01:37:08Z,40.781506,-73.876846,123.8,a0232a,N108HQ,E75L,EMBRAER ERJ-170-200 (long wing),0
landing,JFK,22L,1787103431.46,2026-08-19T01:37:11Z,40.635109,-73.762787,210.9,a39289,N3293J,BCS3,AIRBUS A220-300,0
takeoff,JFK,22R,1787103449.48,2026-08-19T01:37:29Z,40.646598,-73.766389,208.1,a09961,N138EV,CRJ9,BOMBARDIER Regional Jet CRJ-900,0
takeoff,JFK,31L,1787103487.68,2026-08-19T01:38:07Z,40.633896,-73.784775,298.1,a4e8ef,N415YX,E75L,EMBRAER ERJ-170-200 (long wing),0
landing,JFK,22L,1787103511.44,2026-08-19T01:38:31Z,40.635178,-73.762741,210.9,aac7ab,N794JB,A320,AIRBUS A-320,0
takeoff,JFK,22R,1787103517.17,2026-08-19T01:38:37Z,40.646336,-73.766617,210.9,a1ce99,N2151J,A21N,AIRBUS A-321neo,0
takeoff,LGA,13,1787103556.71,2026-08-19T01:39:16Z,40.776798,-73.870697,123.8,aa7e51,N77520,B738,BOEING 737-800,0
takeoff,JFK,22R,1787103566.81,2026-08-19T01:39:26Z,40.646423,-73.766514,210.9,ab4489,N825MH,B764,BOEING 767-400,0
takeoff,JFK,31L,1787103584.34,2026-08-19T01:39:44Z,40.635297,-73.787863,300.9,a01fee,N107NN,A321,AIRBUS A-321,0
landing,JFK,22L,1787103621.02,2026-08-19T01:40:21Z,40.635355,-73.762582,210.9,ab8c37,N843NN,B738,BOEING 737-800,0
takeoff,JFK,22R,1787103625.99,2026-08-19T01:40:25Z,40.645923,-73.76692,210.9,4075b3,G-VLUX,A35K,AIRBUS A-350-1000,0
takeoff,JFK,31L,1787103674.45,2026-08-19T01:41:14Z,40.63567,-73.788674,300.9,a7858e,N584JB,A320,AIRBUS A-320,0
takeoff,JFK,22R,1787103690.3,2026-08-19T01:41:30Z,40.647079,-73.766006,210.9,3965af,F-GZNP,B77W,BOEING 777-300ER,0
landing,JFK,22L,1787103698.16,2026-08-19T01:41:38Z,40.63539,-73.762582,210.9,3475d3,EC-ODA,A332,AIRBUS A-330-200,0
landing,LGA,22,1787103717.03,2026-08-19T01:41:57Z,40.777247,-73.87747,210.9,aa739d,N77258,B738,BOEING 737-800,0
takeoff,JFK,31L,1787103793.81,2026-08-19T01:43:13Z,40.636196,-73.789856,300.9,a38082,N3247J,BCS3,,0
landing,LGA,22,1787103813.95,2026-08-19T01:43:33Z,40.775551,-73.87886,213.8,ad574f,N959NN,B738,BOEING 737-800,0
takeoff,JFK,22R,1787103830.68,2026-08-19T01:43:50Z,40.646381,-73.766556,208.1,a31486,N298PQ,CRJ9,BOMBARDIER Regional Jet CRJ-900,0
landing,JFK,22L,1787103850.89,2026-08-19T01:44:10Z,40.636345,-73.761817,208.1,4cabd2,EI-LRF,A21N,AIRBUS A-321neo,0
takeoff,JFK,31L,1787103883.06,2026-08-19T01:44:43Z,40.635452,-73.788223,300.9,a009a4,N101NN,A321,AIRBUS A-321,0
landing,JFK,22L,1787103931.52,2026-08-19T01:45:31Z,40.63631,-73.761848,210.9,a13386,N177DN,B763,BOEING 767-300,0
landing,JFK,22L,1787104040.07,2026-08-19T01:47:20Z,40.635658,-73.762394,210.9,3c64ef,D-AIGO,A343,AIRBUS A-340-300,0
landing,LGA,22,1787104046.96,2026-08-19T01:47:26Z,40.775402,-73.878967,210.9,a23844,N242JQ,E75L,EMBRAER ERJ-170-200 (long wing),0
takeoff,JFK,22R,1787104068.64,2026-08-19T01:47:48Z,40.646505,-73.766467,210.9,a83108,N627JB,A320,AIRBUS A-320,0
takeoff,JFK,22R,1787104129.91,2026-08-19T01:48:49Z,40.646805,-73.766235,210.9,a14104,N180DN,B763,BOEING 767-300,0
takeoff,JFK,31L,1787104161.69,2026-08-19T01:49:21Z,40.635832,-73.789017,299.6,7c8069,VH-ZNF,B789,BOEING 787-9 Dreamliner,0
takeoff,LGA,13,1787104189.52,2026-08-19T01:49:49Z,40.781553,-73.876955,123.8,a22ac6,N239JQ,E75L,EMBRAER ERJ-170-200 (long wing),0
landing,JFK,22L,1787104190.69,2026-08-19T01:49:50Z,40.636322,-73.761856,210.9,ab53e4,N829SK,CRJ9,BOMBARDIER Regional Jet CRJ-900,0
takeoff,JFK,22R,1787104208.74,2026-08-19T01:50:08Z,40.645981,-73.766889,209.6,485e2e,PH-BKH,B78X,BOEING 787-10 Dreamliner,0
takeoff,LGA,13,1787104225.0,2026-08-19T01:50:25Z,40.77673,-73.870575,120.9,a23844,N242JQ,E75L,EMBRAER ERJ-170-200 (long wing),0
landing,JFK,22L,1787104283.92,2026-08-19T01:51:23Z,40.633713,-73.76387,210.9,a3ca01,N343RY,B38M,BOEING 737 MAX 8,0
takeoff,LGA,13,1787104335.42,2026-08-19T01:52:15Z,40.779808,-73.873306,123.8,ac3f2f,N8889Q,B38M,BOEING 737 MAX 8,0
takeoff,JFK,22R,1787104354.51,2026-08-19T01:52:34Z,40.646819,-73.766233,210.9,a6152a,N491PX,CRJ9,BOMBARDIER Regional Jet CRJ-900,0
takeoff,JFK,22R,1787104428.89,2026-08-19T01:53:48Z,40.645899,-73.766936,210.9,a383f3,N3255J,BCS3,,0
takeoff,JFK,31L,1787104488.33,2026-08-19T01:54:48Z,40.635693,-73.788742,300.9,add376,N990JL,A321,AIRBUS A-321,0
takeoff,JFK,22R,1787104500.52,2026-08-19T01:55:00Z,40.646446,-73.766499,208.1,ab6162,N832SK,CRJ9,BOMBARDIER Regional Jet CRJ-900,0
landing,JFK,22L,1787104523.75,2026-08-19T01:55:23Z,40.635483,-73.762519,210.9,acb84d,N919CA,B744,BOEING 747-400,8
takeoff,JFK,22R,1787104574.74,2026-08-19T01:56:14Z,40.645213,-73.767466,210.9,a3401a,N3085J,BCS3,AIRBUS A220-300,0
takeoff,LGA,13,1787104595.48,2026-08-19T01:56:35Z,40.780307,-73.874349,120.9,a15b4c,N187GJ,CRJ9,BOMBARDIER Regional Jet CRJ-900,0
takeoff,JFK,22R,1787104647.26,2026-08-19T01:57:27Z,40.645008,-73.767639,210.9,4cacb9,EI-TYG,A339,AIRBUS A-330-900,0
landing,JFK,22L,1787104759.6,2026-08-19T01:59:19Z,40.635784,-73.762268,210.9,ac8efa,N908XJ,CRJ9,BOMBARDIER Regional Jet CRJ-900,0
takeoff,JFK,22R,1787104763.07,2026-08-19T01:59:23Z,40.646038,-73.766846,210.9,ab8fd0,N844MH,B764,BOEING 767-400,0
landing,LGA,22,1787104767.35,2026-08-19T01:59:27Z,40.777531,-73.877228,210.9,a32e8c,N304DU,BCS3,AIRBUS A220-300,0
takeoff,LGA,13,1787104784.86,2026-08-19T01:59:44Z,40.779728,-73.873138,120.9,a145b7,N181PQ,CRJ9,BOMBARDIER Regional Jet CRJ-900,0
landing,LGA,22,1787104875.52,2026-08-19T02:01:15Z,40.775242,-73.879105,210.9,a03816,N113HQ,E75L,EMBRAER ERJ-170-200 (long wing),0
landing,JFK,22L,1787104884.78,2026-08-19T02:01:24Z,40.636894,-73.761414,210.9,a7a8ed,N593DX,A21N,,0
takeoff,LGA,13,1787104886.97,2026-08-19T02:01:26Z,40.780254,-73.874252,123.8,ac3030,N8848Q,B38M,BOEING 737 MAX 8,0
takeoff,LGA,13,1787104954.05,2026-08-19T02:02:34Z,40.780117,-73.873947,123.8,ac74f9,N901XJ,CRJ9,BOMBARDIER Regional Jet CRJ-900,0
landing,JFK,22L,1787104958.1,2026-08-19T02:02:38Z,40.634731,-73.763092,212.4,7380c4,4X-EDE,B789,BOEING 787-9 Dreamliner,0
takeoff,JFK,22R,1787104969.58,2026-08-19T02:02:49Z,40.645912,-73.766937,210.9,acf54f,N934JB,A321,AIRBUS A-321,0
takeoff,JFK,31L,1787105032.56,2026-08-19T02:03:52Z,40.635853,-73.789108,300.9,a0d98d,N154FE,B763,BOEING 767-300,0
takeoff,LGA,13,1787105046.88,2026-08-19T02:04:06Z,40.781433,-73.876709,120.9,ab1d06,N815MD,E170,EMBRAER ERJ-170-100,0
landing,JFK,22L,1787105176.47,2026-08-19T02:06:16Z,40.636135,-73.761989,210.9,a845f4,N632JB,A320,AIRBUS A-320,0
landing,LGA,22,1787105199.7,2026-08-19T02:06:39Z,40.77649,-73.878094,213.8,a45592,N379DN,A321,AIRBUS A-321,0
takeoff,LGA,13,1787105220.05,2026-08-19T02:07:00Z,40.779465,-73.872589,118.1,a36994,N319PQ,CRJ9,BOMBARDIER Regional Jet CRJ-900,0
takeoff,JFK,22R,1787105228.16,2026-08-19T02:07:08Z,40.64583,-73.766998,210.9,a53d80,N437DX,A339,AIRBUS A-330-900,0
landing,JFK,22L,1787105284.47,2026-08-19T02:08:04Z,40.636368,-73.761817,210.9,a3f4d7,N354NB,A319,AIRBUS A-319,0
takeoff,JFK,31L,1787105302.08,2026-08-19T02:08:22Z,40.633738,-73.784445,300.9,a50192,N421YX,E75L,EMBRAER ERJ-170-200 (long wing),0
landing,LGA,22,1787105333.12,2026-08-19T02:08:53Z,40.776327,-73.878203,210.9,ac048d,N8735L,B38M,BOEING 737 MAX 8,0
takeoff,LGA,13,1787105359.87,2026-08-19T02:09:19Z,40.7799,-73.873506,120.9,a06db4,N127AA,A321,AIRBUS A-321,0
takeoff,JFK,22R,1787105416.52,2026-08-19T02:10:16Z,40.645031,-73.767609,210.9,ab538b,N829NW,A333,AIRBUS A-330-300,0
landing,LGA,04,1787105516.92,2026-08-19T02:11:56Z,40.772163,-73.880157,30.9,a50cb7,N424YX,E75L,EMBRAER ERJ-170-200 (long wing),0
landing,LGA,22,1787105517.77,2026-08-19T02:11:57Z,40.777817,-73.877017,210.9,ac81d2,N905AU,A321,AIRBUS A-321,0
takeoff,LGA,13,1787105538.08,2026-08-19T02:12:18Z,40.781536,-73.876923,120.9,a1f46b,N225JQ,E75L,EMBRAER ERJ-170-200 (long wing),0
takeoff,LGA,13,1787105565.46,2026-08-19T02:12:45Z,40.774465,-73.869495,123.8,aa739d,N77258,B738,BOEING 737-800,0
landing,JFK,22L,1787105584.54,2026-08-19T02:13:04Z,40.637823,-73.760678,210.9,a80d40,N618JB,A320,AIRBUS A-320,0
takeoff,LGA,04,1787105595.63,2026-08-19T02:13:15Z,40.776077,-73.876724,70.3,a50cb7,N424YX,E75L,EMBRAER ERJ-170-200 (long wing),0
takeoff,LGA,13,1787105611.17,2026-08-19T02:13:31Z,40.775311,-73.867722,129.4,a45592,N379DN,A321,AIRBUS A-321,0
takeoff,JFK,22R,1787105615.6,2026-08-19T02:13:35Z,40.646278,-73.766647,210.9,06a19f,A7-BED,B77W,BOEING 777-300ER,0
takeoff,LGA,13,1787105625.03,2026-08-19T02:13:45Z,40.780369,-73.874481,120.9,a3183d,N299PQ,CRJ9,BOMBARDIER Regional Jet CRJ-900,0
takeoff,LGA,13,1787105646.35,2026-08-19T02:14:06Z,40.775402,-73.867859,126.6,ac048d,N8735L,B38M,BOEING 737 MAX 8,0
landing,JFK,22L,1787105667.09,2026-08-19T02:14:27Z,40.634594,-73.763214,210.9,0c2073,HP-1821CMP,B738,BOEING 737-800,0
takeoff,LGA,13,1787105755.6,2026-08-19T02:15:55Z,40.779714,-73.8731,123.8,a086ce,N133EV,CRJ9,BOMBARDIER Regional Jet CRJ-900,0
landing,JFK,22L,1787105819.19,2026-08-19T02:16:59Z,40.635611,-73.762394,210.9,a5320b,N434AS,B739,BOEING 737-900,0
takeoff,LGA,13,1787105842.58,2026-08-19T02:17:22Z,40.779785,-73.87326,120.9,a3621e,N317PG,B738,BOEING 737-800,0
takeoff,JFK,22R,1787105866.21,2026-08-19T02:17:46Z,40.645958,-73.766904,210.9,a66576,N511DE,A21N,AIRBUS A-321neo,0
landing,LGA,22,1787105882.16,2026-08-19T02:18:02Z,40.775606,-73.878812,210.9,a486cc,N391DA,B738,BOEING 737-800,0
takeoff,LGA,13,1787105912.27,2026-08-19T02:18:32Z,40.780203,-73.874161,120.9,a98445,N712JB,A320,AIRBUS A-320,0
landing,JFK,22L,1787105917.17,2026-08-19T02:18:37Z,40.636147,-73.76202,212.4,4075c1,G-CKWN,B789,BOEING 787-9 Dreamliner,0
takeoff,JFK,22R,1787105955.43,2026-08-19T02:19:15Z,40.646267,-73.766663,210.9,aa4d77,N763JB,A320,AIRBUS A-320,0
landing,LGA,22,1787106006.19,2026-08-19T02:20:06Z,40.778631,-73.876315,213.8,a3c259,N341PQ,CRJ9,BOMBARDIER Regional Jet CRJ-900,0
takeoff,LGA,13,1787106029.72,2026-08-19T02:20:29Z,40.779934,-73.873566,120.9,a8785b,N645FR,A21N,,0
landing,JFK,22L,1787106038.57,2026-08-19T02:20:38Z,40.633866,-73.763768,210.9,89902f,B-16726,B77W,BOEING 777-300ER,0
takeoff,LGA,13,1787106106.26,2026-08-19T02:21:46Z,40.781662,-73.877167,123.8,ac2c23,N88359,E75L,EMBRAER ERJ-170-200 (long wing),0
takeoff,LGA,13,1787106228.0,2026-08-19T02:23:48Z,40.776723,-73.870572,120.9,a3c259,N341PQ,CRJ9,BOMBARDIER Regional Jet CRJ-900,0
landing,LGA,22,1787106245.57,2026-08-19T02:24:05Z,40.778759,-73.876221,210.9,a3560b,N314DU,BCS3,AIRBUS A220-300,0
takeoff,LGA,13,1787106246.73,2026-08-19T02:24:06Z,40.772369,-73.861694,120.9,a486cc,N391DA,B738,BOEING 737-800,0
landing,JFK,22L,1787106248.45,2026-08-19T02:24:08Z,40.636926,-73.761364,210.9,ab8f0d,N844DN,B739,BOEING 737-900,0
takeoff,JFK,22R,1787106256.83,2026-08-19T02:24:16Z,40.646633,-73.766373,210.9,76cce4,9V-SGD,A359,AIRBUS A-350-900,0
landing,JFK,22L,1787106319.18,2026-08-19T02:25:19Z,40.634704,-73.763128,210.9,ad56e0,N959JB,A321,AIRBUS A-321,0
landing,LGA,22,1787106378.09,2026-08-19T02:26:18Z,40.775002,-73.879349,210.9,a057cc,N121DZ,A321,AIRBUS A-321,0
takeoff,JFK,22R,1787106432.42,2026-08-19T02:27:12Z,40.645855,-73.766983,210.9,4951f0,CS-TOP,A332,AIRBUS A-330-200,0
takeoff,LGA,13,1787106470.08,2026-08-19T02:27:50Z,40.776723,-73.870572,120.9,a3560b,N314DU,BCS3,AIRBUS A220-300,0
landing,LGA,22,1787106474.61,2026-08-19T02:27:54Z,40.776723,-73.877891,213.8,ac3eba,N8886C,B38M,BOEING 737 MAX 8,0
landing,JFK,22L,1787106486.98,2026-08-19T02:28:06Z,40.636345,-73.761826,210.9,71be34,HL7634,A388,AIRBUS A-380-800,0
takeoff,LGA,13,1787106518.99,2026-08-19T02:28:38Z,40.779935,-73.873584,120.9,a7456c,N568JB,A320,AIRBUS A-320,0
landing,JFK,22R,1787106537.45,2026-08-19T02:28:57Z,40.632465,-73.77742,210.9,ab1ffe,N816DN,B739,BOEING 737-900,0
landing,LGA,22,1787106561.1,2026-08-19T02:29:21Z,40.774521,-73.879715,213.8,abfe1c,N872DN,B739,BOEING 737-900,0
takeoff,LGA,04,1787106597.33,2026-08-19T02:29:57Z,40.776059,-73.876674,70.3,ac3eba,N8886C,B38M,BOEING 737 MAX 8,0
takeoff,LGA,13,1787106599.92,2026-08-19T02:29:59Z,40.775288,-73.867691,132.2,a057cc,N121DZ,A321,AIRBUS A-321,0
landing,JFK,22L,1787106632.69,2026-08-19T02:30:32Z,40.635541,-73.762472,212.4,4072ea,G-VWOO,B789,BOEING 787-9 Dreamliner,0
landing,LGA,22,1787106668.06,2026-08-19T02:31:08Z,40.77585,-73.878625,210.9,ac6596,N8981Q,B38M,BOEING 737 MAX 8,0
takeoff,JFK,22R,1787106669.55,2026-08-19T02:31:09Z,40.646062,-73.766826,212.4,346291,EC-NCY,B789,BOEING 787-9 Dreamliner,0
takeoff,LGA,13,1787106689.71,2026-08-19T02:31:29Z,40.779993,-73.873693,123.8,a37e80,N324PQ,CRJ9,BOMBARDIER Regional Jet CRJ-900,0
landing,LGA,22,1787106758.13,2026-08-19T02:32:38Z,40.774841,-73.879456,210.9,a45b96,N380DA,B738,BOEING 737-800,0
landing,JFK,22L,1787106772.11,2026-08-19T02:32:52Z,40.633381,-73.76416,210.9,a3c662,N342SX,B38M,BOEING 737 MAX 8,0
takeoff,LGA,13,1787106774.86,2026-08-19T02:32:54Z,40.776723,-73.870572,120.9,abfe1c,N872DN,B739,BOEING 737-900,0
takeoff,JFK,22R,1787106805.54,2026-08-19T02:33:25Z,40.645876,-73.766951,210.9,add734,N991JT,A321,AIRBUS A-321,0
takeoff,LGA,04,1787106806.5,2026-08-19T02:33:26Z,40.776066,-73.87674,67.5,ac6596,N8981Q,B38M,BOEING 737 MAX 8,0
landing,JFK,22L,1787106859.99,2026-08-19T02:34:19Z,40.63591,-73.762177,210.9,a35109,N3123J,BCS3,AIRBUS A220-300,0
landing,LGA,22,1787106890.58,2026-08-19T02:34:50Z,40.777631,-73.877142,210.9,c07b09,C-GUPK,BCS3,AIRBUS A220-300,0
takeoff,JFK,22R,1787106932.6,2026-08-19T02:35:32Z,40.646027,-73.766842,210.9,8966d5,A6-XWN,A35K,AIRBUS A-350-1000,0
landing,JFK,22L,1787106960.72,2026-08-19T02:36:00Z,40.635064,-73.762847,210.9,ab0a73,N810MD,E170,EMBRAER ERJ-170-100,0
landing,LGA,22,1787106971.57,2026-08-19T02:36:11Z,40.776684,-73.87796,210.9,a70c67,N553UW,A321,AIRBUS A-321,0
takeoff,JFK,22R,1787107031.57,2026-08-19T02:37:11Z,40.646862,-73.76619,210.9,a79821,N589JB,A320,AIRBUS A-320,0
landing,JFK,22L,1787107033.77,2026-08-19T02:37:13Z,40.636379,-73.761801,210.9,ac45ac,N890DN,B739,BOEING 737-900,0
landing,JFK,22L,1787107119.43,2026-08-19T02:38:39Z,40.636892,-73.761411,210.9,a37fd3,N3242J,BCS3,,0
landing,LGA,22,1787107201.76,2026-08-19T02:40:01Z,40.776432,-73.878125,210.9,a042d5,N116DN,A321,AIRBUS A-321,0
landing,JFK,22R,1787107210.33,2026-08-19T02:40:10Z,40.634514,-73.775818,210.9,acaf0b,N916XJ,CRJ9,BOMBARDIER Regional Jet CRJ-900,0
landing,JFK,22L,1787107259.76,2026-08-19T02:40:59Z,40.63591,-73.762161,210.9,39d2a4,F-HUVE,A359,AIRBUS A-350-900,0
takeoff,JFK,22L,1787107259.76,2026-08-19T02:40:59Z,40.63591,-73.762161,210.9,39d2a4,F-HUVE,A359,AIRBUS A-350-900,0
landing,JFK,22L,1787107260.09,2026-08-19T02:41:00Z,40.635773,-73.762268,210.9,39d2a4,F-HUVE,A359,AIRBUS A-350-900,0
takeoff,JFK,22R,1787107275.0,2026-08-19T02:41:15Z,40.645876,-73.766936,210.9,a36b2d,N3194J,BCS3,,0
takeoff,JFK,22R,1787107348.4,2026-08-19T02:42:28Z,40.646027,-73.76683,210.9,a30c46,N296FE,B763,BOEING 767-300,0
landing,JFK,22L,1787107392.64,2026-08-19T02:43:12Z,40.633827,-73.763794,210.9,abd69d,N862DN,B739,BOEING 737-900,0
takeoff,LGA,13,1787107409.54,2026-08-19T02:43:29Z,40.775299,-73.867691,129.4,a042d5,N116DN,A321,AIRBUS A-321,0
takeoff,JFK,22R,1787107415.77,2026-08-19T02:43:35Z,40.646049,-73.76683,210.9,a16ff1,N192DN,B763,BOEING 767-300,0
landing,LGA,22,1787107442.7,2026-08-19T02:44:02Z,40.775943,-73.878531,213.8,abd90c,N8623F,B738,BOEING 737-800,0
takeoff,LGA,13,1787107479.18,2026-08-19T02:44:39Z,40.7799,-73.873489,123.8,a77d89,N582CA,CRJ9,BOMBARDIER Regional Jet CRJ-900,0
takeoff,JFK,22R,1787107483.16,2026-08-19T02:44:43Z,40.646132,-73.766748,210.9,a2fd6a,N292FE,B763,BOEING 767-300,0
landing,JFK,22L,1787107511.53,2026-08-19T02:45:11Z,40.638346,-73.760256,210.9,a3e9b2,N351NB,A319,AIRBUS A-319,0
takeoff,JFK,22R,1787107609.81,2026-08-19T02:46:49Z,40.638897,-73.77243,210.9,a10611,N165UP,A306,AIRBUS A-300-600,0
landing,JFK,22L,1787107643.64,2026-08-19T02:47:23Z,40.635956,-73.762146,210.9,a81abe,N621JB,A320,AIRBUS A-320,0
landing,LGA,22,1787107682.13,2026-08-19T02:48:02Z,40.777176,-73.877502,213.8,abc3ec,N8571Z,B738,BOEING 737-800,0
takeoff,JFK,22R,1787107704.01,2026-08-19T02:48:24Z,40.64946,-73.764145,210.9,a04aa9,N118HQ,E75L,EMBRAER ERJ-170-200 (long wing),0
takeoff,JFK,22R,1787107750.64,2026-08-19T02:49:10Z,40.637867,-73.776093,210.9,abd69d,N862DN,B739,BOEING 737-900,0
takeoff,JFK,22R,1787107771.19,2026-08-19T02:49:31Z,40.646295,-73.766639,210.9,acc040,N920XJ,CRJ9,BOMBARDIER Regional Jet CRJ-900,0
landing,JFK,22L,1787107812.31,2026-08-19T02:50:12Z,40.635251,-73.762691,210.9,adf4e9,N999JQ,A321,AIRBUS A-321,0
takeoff,LGA,13,1787107853.99,2026-08-19T02:50:53Z,40.776798,-73.870728,123.8,abc3ec,N8571Z,B738,BOEING 737-800,0
takeoff,JFK,22R,1787107857.21,2026-08-19T02:50:57Z,40.646214,-73.766686,210.9,ab5365,N829MH,B764,BOEING 767-400,0
landing,JFK,22L,1787107914.11,2026-08-19T02:51:54Z,40.633358,-73.764145,210.9,869582,JA796A,B77W,BOEING 777-300ER,0
landing,LGA,22,1787108034.12,2026-08-19T02:53:54Z,40.777782,-73.877033,213.8,a0b821,N14534,A21N,AIRBUS A-321neo,0
takeoff,JFK,22R,1787108074.73,2026-08-19T02:54:34Z,40.646336,-73.766602,210.9,a32c47,N303UP,B763,BOEING 767-300,0
landing,JFK,22L,1787108101.58,2026-08-19T02:55:01Z,40.63461,-73.76319,210.9,adafb5,N981JT,A321,AIRBUS A-321,0
landing,LGA,22,1787108131.38,2026-08-19T02:55:31Z,40.776804,-73.877829,213.8,a3a8c0,N335DU,BCS3,AIRBUS A220-300,0
landing,JFK,22L,1787108226.97,2026-08-19T02:57:06Z,40.63667,-73.761598,212.4,aa9808,N782AV,B788,BOEING 787-8 Dreamliner,0
landing,LGA,22,1787108335.24,2026-08-19T02:58:55Z,40.774967,-73.879333,210.9,abb537,N85323,E75L,EMBRAER ERJ-170-200 (long wing),0
takeoff,LGA,13,1787108347.45,2026-08-19T02:59:07Z,40.780005,-73.873725,120.9,a9a419,N720FR,A321,AIRBUS A-321,0
takeoff,LGA,13,1787108380.52,2026-08-19T02:59:40Z,40.775368,-73.867783,126.6,a0b821,N14534,A21N,AIRBUS A-321neo,0
landing,LGA,22,1787108400.16,2026-08-19T03:00:00Z,40.776862,-73.877782,213.8,a12732,N17336,B38M,BOEING 737 MAX 8,0
takeoff,JFK,22R,1787108421.61,2026-08-19T03:00:21Z,40.645376,-73.767357,210.9,a15397,N185DN,B763,BOEING 767-300,0
takeoff,LGA,13,1787108424.2,2026-08-19T03:00:24Z,40.775396,-73.867826,129.4,a3a8c0,N335DU,BCS3,AIRBUS A220-300,0
landing,JFK,22L,1787108432.04,2026-08-19T03:00:32Z,40.635495,-73.762488,210.9,a61b4e,N493AS,B739,BOEING 737-900,0
takeoff,JFK,13L,1787108435.02,2026-08-19T03:00:35Z,40.646885,-73.773346,160.3,adafb5,N981JT,A321,AIRBUS A-321,0
landing,LGA,22,1787108499.95,2026-08-19T03:01:39Z,40.776572,-73.878032,213.8,ac8b43,N907XJ,CRJ9,BOMBARDIER Regional Jet CRJ-900,0
takeoff,LGA,13,1787108519.45,2026-08-19T03:01:59Z,40.776746,-73.870603,120.9,abb537,N85323,E75L,EMBRAER ERJ-170-200 (long wing),0
landing,JFK,22L,1787108610.55,2026-08-19T03:03:30Z,40.636665,-73.761581,210.9,a661bf,N510DE,A21N,AIRBUS A-321neo,0
takeoff,LGA,13,1787108641.09,2026-08-19T03:04:01Z,40.776089,-73.869431,151.9,a12732,N17336,B38M,BOEING 737 MAX 8,0
takeoff,JFK,22R,1787108647.85,2026-08-19T03:04:07Z,40.645888,-73.766951,210.9,ac8efa,N908XJ,CRJ9,BOMBARDIER Regional Jet CRJ-900,0
takeoff,JFK,22R,1787108728.78,2026-08-19T03:05:28Z,40.645969,-73.766889,210.9,a392f2,N3296J,BCS3,AIRBUS A220-300,0
takeoff,LGA,13,1787108746.28,2026-08-19T03:05:46Z,40.77689,-73.870911,123.8,ac8b43,N907XJ,CRJ9,BOMBARDIER Regional Jet CRJ-900,0
takeoff,JFK,22R,1787108794.35,2026-08-19T03:06:34Z,40.645088,-73.767578,210.9,461f09,OH-LTP,A333,AIRBUS A-330-300,0
takeoff,JFK,22R,1787108794.67,2026-08-19T03:06:34Z,40.644968,-73.767669,210.9,461f09,OH-LTP,A333,AIRBUS A-330-300,0
landing,JFK,22L,1787108796.15,2026-08-19T03:06:36Z,40.635155,-73.762772,210.9,a13748,N178DZ,B763,BOEING 767-300,0
landing,LGA,22,1787108818.32,2026-08-19T03:06:58Z,40.775803,-73.878647,213.8,a19dff,N203JQ,E75L,EMBRAER ERJ-170-200 (long wing),0
landing,LGA,22,1787108882.68,2026-08-19T03:08:02Z,40.777359,-73.877365,210.9,a3a152,N333DU,BCS3,,0
takeoff,LGA,13,1787108996.13,2026-08-19T03:09:56Z,40.775425,-73.866486,120.9,a19dff,N203JQ,E75L,EMBRAER ERJ-170-200 (long wing),0
landing,LGA,22,1787109007.42,2026-08-19T03:10:07Z,40.77656,-73.878032,210.9,a44943,N3754A,B738,BOEING 737-800,0
landing,JFK,22L,1787109027.63,2026-08-19T03:10:27Z,40.634587,-73.763237,210.9,0acac2,HK-5425,A320,AIRBUS A-320,0
takeoff,LGA,13,1787109105.84,2026-08-19T03:11:45Z,40.775384,-73.86639,120.9,a3a152,N333DU,BCS3,,0
landing,LGA,22,1787109125.02,2026-08-19T03:12:05Z,40.7742,-73.879974,210.9,a51f4a,N429YX,E75L,EMBRAER ERJ-170-200 (long wing),0
landing,JFK,22L,1787109187.46,2026-08-19T03:13:07Z,40.634365,-73.763382,210.9,a1a0c4,N2039J,A21N,AIRBUS A-321neo,0
takeoff,LGA,04,1787109227.62,2026-08-19T03:13:47Z,40.776059,-73.876705,73.1,a51f4a,N429YX,E75L,EMBRAER ERJ-170-200 (long wing),0
takeoff,LGA,13,1787109259.75,2026-08-19T03:14:19Z,40.775443,-73.866546,120.9,a44943,N3754A,B738,BOEING 737-800,0
takeoff,JFK,22R,1787109282.57,2026-08-19T03:14:42Z,40.643108,-73.769135,210.9,a437c0,N371CM,B763,BOEING 767-300,0
takeoff,JFK,22R,1787109446.06,2026-08-19T03:17:26Z,40.644287,-73.768219,210.9,8963f2,A6-EOU,A388,AIRBUS A-380-800,0
landing,JFK,22L,1787109449.43,2026-08-19T03:17:29Z,40.636147,-73.761989,210.9,a1a435,N2047J,A21N,AIRBUS A-321neo,0
landing,LGA,22,1787109599.76,2026-08-19T03:19:59Z,40.775951,-73.878586,210.9,a18403,N197UW,A321,AIRBUS A-321,0
landing,JFK,22L,1787109603.18,2026-08-19T03:20:03Z,40.635956,-73.762161,208.1,ad9ac9,N976JT,A321,AIRBUS A-321,0
takeoff,JFK,22R,1787109644.14,2026-08-19T03:20:44Z,40.646318,-73.766623,210.9,ac801e,N904XJ,CRJ9,BOMBARDIER Regional Jet CRJ-900,0
landing,LGA,22,1787109694.94,2026-08-19T03:21:34Z,40.776398,-73.878174,213.8,a06a09,N126AN,A321,AIRBUS A-321,0
takeoff,JFK,22R,1787109697.38,2026-08-19T03:21:37Z,40.646598,-73.766389,210.9,ab53e4,N829SK,CRJ9,BOMBARDIER Regional Jet CRJ-900,0
takeoff,JFK,22R,1787109763.3,2026-08-19T03:22:43Z,40.645283,-73.767451,209.6,408092,G-ZBLH,B78X,BOEING 787-10 Dreamliner,0
landing,JFK,22L,1787109798.88,2026-08-19T03:23:18Z,40.636973,-73.761349,210.9,aa7f65,N776AV,A20N,AIRBUS A-320neo,0
takeoff,JFK,22R,1787109857.78,2026-08-19T03:24:17Z,40.644468,-73.768122,210.9,8963e9,A6-EOL,A388,AIRBUS A-380-800,0
landing,LGA,22,1787109889.97,2026-08-19T03:24:49Z,40.774624,-73.879623,210.9,ab9a32,N847DN,B739,BOEING 737-900,0
landing,JFK,22L,1787109904.78,2026-08-19T03:25:04Z,40.634136,-73.76358,210.9,ad646e,N962JT,A321,AIRBUS A-321,0
landing,JFK,22L,1787110020.44,2026-08-19T03:27:00Z,40.635751,-73.762316,210.9,a01112,N103NN,A321,AIRBUS A-321,0
takeoff,JFK,22R,1787110030.47,2026-08-19T03:27:10Z,40.6464,-73.766561,210.9,a5fc87,N485PX,CRJ9,BOMBARDIER Regional Jet CRJ-900,0
landing,LGA,22,1787110046.66,2026-08-19T03:27:26Z,40.775871,-73.878632,210.9,ab84c9,N841NN,B738,BOEING 737-800,0
takeoff,JFK,22R,1787110092.64,2026-08-19T03:28:12Z,40.645981,-73.766876,210.9,a1b2ee,N2086J,A21N,AIRBUS A-321neo,0
takeoff,LGA,13,1787110113.16,2026-08-19T03:28:33Z,40.776909,-73.869573,120.9,ab9a32,N847DN,B739,BOEING 737-900,0
landing,LGA,22,1787110135.15,2026-08-19T03:28:55Z,40.775013,-73.879333,210.9,a6d9c3,N540UW,A321,AIRBUS A-321,0
landing,JFK,22L,1787110150.46,2026-08-19T03:29:10Z,40.635716,-73.762332,210.9,75883f,RP-C3511,A359,AIRBUS A-350-900,0
takeoff,JFK,22R,1787110151.41,2026-08-19T03:29:11Z,40.646164,-73.766724,210.9,4cc510,TF-ICU,B38M,BOEING 737 MAX 8,0
landing,JFK,22L,1787110269.6,2026-08-19T03:31:09Z,40.635406,-73.762558,210.9,a5a38e,N4621K,A333,,0
takeoff,JFK,22R,1787110277.38,2026-08-19T03:31:17Z,40.64502,-73.767639,210.9,a4f5f0,N419DX,A339,AIRBUS A-330-900,0
takeoff,JFK,22R,1787110356.3,2026-08-19T03:32:36Z,40.644779,-73.767822,210.9,780233,B-LJC,B748,BOEING 747-8,0
takeoff,JFK,22R,1787110435.3,2026-08-19T03:33:55Z,40.646358,-73.766602,210.9,a9b9e3,N726AN,B77W,BOEING 777-300ER,0
landing,JFK,22L,1787110577.97,2026-08-19T03:36:17Z,40.634926,-73.762939,210.9,0c6008,9Y-CUB,B38M,BOEING 737 MAX 8,0
takeoff,JFK,22R,1787110626.93,2026-08-19T03:37:06Z,40.645992,-73.766873,210.9,ad4804,N955JB,A321,AIRBUS A-321,0
landing,JFK,22L,1787110723.98,2026-08-19T03:38:43Z,40.633412,-73.764111,210.9,a389eb,N327SK,B38M,BOEING 737 MAX 8,0
landing,JFK,22R,1787110831.08,2026-08-19T03:40:31Z,40.634343,-73.775987,210.9,a37517,N3215J,BCS3,AIRBUS A220-300,0
takeoff,JFK,22R,1787110918.22,2026-08-19T03:41:58Z,40.646175,-73.766724,210.9,394a05,F-GSQF,B77W,BOEING 777-300ER,0
landing,LGA,22,1787110937.2,2026-08-19T03:42:17Z,40.776758,-73.877907,210.9,a38527,N326FR,A20N,AIRBUS A-320neo,0
landing,JFK,22L,1787110969.33,2026-08-19T03:42:49Z,40.636414,-73.76177,210.9,aaf53a,N805JB,A320,AIRBUS A-320,0
takeoff,JFK,22R,1787111039.51,2026-08-19T03:43:59Z,40.645003,-73.767653,210.9,a35109,N3123J,BCS3,AIRBUS A220-300,0
takeoff,JFK,22R,1787111098.47,2026-08-19T03:44:58Z,40.646404,-73.766571,210.9,aaf8f1,N806JB,A320,AIRBUS A-320,0
takeoff,LGA,13,1787111139.03,2026-08-19T03:45:39Z,40.776711,-73.870541,120.9,a38527,N326FR,A20N,AIRBUS A-320neo,0
takeoff,JFK,22R,1787111184.62,2026-08-19T03:46:24Z,40.644905,-73.767731,210.9,a52aed,N432DX,A339,AIRBUS A-330-900,0
takeoff,JFK,22R,1787111296.39,2026-08-19T03:48:16Z,40.64505,-73.767638,210.9,3475d3,EC-ODA,A332,AIRBUS A-330-200,0
landing,JFK,22L,1787111331.47,2026-08-19T03:48:51Z,40.636768,-73.76149,210.9,a9bf4b,N727TW,B752,BOEING 757-200,0
takeoff,JFK,22R,1787111417.51,2026-08-19T03:50:17Z,40.64629,-73.766647,210.9,4cabd2,EI-LRF,A21N,AIRBUS A-321neo,0
landing,JFK,22L,1787111432.76,2026-08-19T03:50:32Z,40.635704,-73.762316,210.9,a8021b,N615JB,A320,AIRBUS A-320,0
landing,JFK,22L,1787111584.3,2026-08-19T03:53:04Z,40.636275,-73.761864,210.9,a1a3a9,N2043J,A21N,AIRBUS A-321neo,0
takeoff,JFK,22R,1787111671.41,2026-08-19T03:54:31Z,40.64612,-73.766779,210.9,3481d5,EC-OJL,B772,BOEING 777-200,0
takeoff,JFK,22R,1787111972.04,2026-08-19T03:59:32Z,40.645798,-73.767029,210.9,a32bba,N303NY,A21N,AIRBUS A-321neo,0
takeoff,JFK,22R,1787112053.74,2026-08-19T04:00:53Z,40.644363,-73.768137,210.9,4063e6,G-VSXY,A333,AIRBUS A-330-300,0
takeoff,JFK,04L,1787112055.69,2026-08-19T04:00:55Z,40.641827,-73.773895,59.1,aacf19,N796JB,A320,AIRBUS A-320,0
takeoff,JFK,22R,1787112137.63,2026-08-19T04:02:17Z,40.645443,-73.767303,210.9,a17ecd,N196DN,B763,BOEING 767-300,0
takeoff,JFK,22R,1787112256.96,2026-08-19T04:04:16Z,40.644676,-73.767914,210.9,3c64ef,D-AIGO,A343,AIRBUS A-340-300,0
landing,JFK,22L,1787112450.34,2026-08-19T04:07:30Z,40.635123,-73.762784,210.9,a69463,N523DE,A21N,,0
takeoff,JFK,22R,1787112685.03,2026-08-19T04:11:25Z,40.645876,-73.766967,210.9,adf4e9,N999JQ,A321,AIRBUS A-321,0
landing,JFK,22L,1787112792.68,2026-08-19T04:13:12Z,40.633854,-73.763768,210.9,ad27f3,N947JB,A321,AIRBUS A-321,0
takeoff,JFK,22R,1787112798.18,2026-08-19T04:13:18Z,40.645352,-73.767357,210.9,a13af4,N179DN,B763,BOEING 767-300,0
landing,JFK,22L,1787112973.3,2026-08-19T04:16:13Z,40.633587,-73.763977,210.9,ad8836,N971JT,A321,AIRBUS A-321,0
takeoff,JFK,22R,1787113035.2,2026-08-19T04:17:15Z,40.644817,-73.767794,210.9,e8040b,CC-CXI,B763,BOEING 767-300,0
landing,JFK,22L,1787113206.64,2026-08-19T04:20:06Z,40.634401,-73.763362,210.9,0d0b92,XA-VIQ,A20N,AIRBUS A-320neo,0
landing,JFK,22L,1787113295.08,2026-08-19T04:21:35Z,40.63282,-73.764603,210.9,a3e658,N350RV,B38M,BOEING 737 MAX 8,0
landing,JFK,22L,1787113557.43,2026-08-19T04:25:57Z,40.63496,-73.762894,210.9,a6b470,N531DA,A21N,AIRBUS A-321neo,0
landing,JFK,22L,1787113705.42,2026-08-19T04:28:25Z,40.63738,-73.761052,210.9,ab2728,N818AV,A20N,AIRBUS A-320neo,0
landing,JFK,22L,1787113807.33,2026-08-19T04:30:07Z,40.63347,-73.764111,210.9,0c2082,HP-1826CMP,B738,BOEING 737-800,0
landing,JFK,22L,1787114061.34,2026-08-19T04:34:21Z,40.636436,-73.761749,210.9,a7e20a,N607JB,A320,AIRBUS A-320,0
landing,JFK,22L,1787114177.42,2026-08-19T04:36:17Z,40.633507,-73.764038,210.9,4ba95a,TC-JJZ,B77W,BOEING 777-300ER,0
takeoff,JFK,22R,1787114275.4,2026-08-19T04:37:55Z,40.644759,-73.767841,209.6,4075c1,G-CKWN,B789,BOEING 787-9 Dreamliner,0
landing,JFK,22L,1787114336.07,2026-08-19T04:38:56Z,40.632481,-73.76486,210.9,ac5488,N894DN,B739,BOEING 737-900,0
landing,LGA,22,1787114385.17,2026-08-19T04:39:45Z,40.775093,-73.879249,210.9,a683a8,N519JB,A320,AIRBUS A-320,0
landing,JFK,22L,1787114419.17,2026-08-19T04:40:19Z,40.635192,-73.762738,210.9,a8b8ba,N661JB,A320,AIRBUS A-320,0
takeoff,JFK,22R,1787114745.08,2026-08-19T04:45:45Z,40.644665,-73.767914,212.4,7380c4,4X-EDE,B789,BOEING 787-9 Dreamliner,0
takeoff,JFK,22R,1787115875.58,2026-08-19T05:04:35Z,40.644997,-73.767654,210.9,71c011,HL8011,B77W,BOEING 777-300ER,0
takeoff,JFK,22R,1787116063.91,2026-08-19T05:07:43Z,40.645134,-73.767548,210.9,0acac2,HK-5425,A320,AIRBUS A-320,0
landing,JFK,22L,1787116818.72,2026-08-19T05:20:18Z,40.632748,-73.764657,210.9,aded77,N997JL,A321,AIRBUS A-321,0
landing,JFK,22L,1787117062.08,2026-08-19T05:24:22Z,40.632591,-73.764755,210.9,ad763b,N967AV,A20N,AIRBUS A-320neo,0
takeoff,JFK,22R,1787117087.67,2026-08-19T05:24:47Z,40.645615,-73.767166,210.9,aa7f65,N776AV,A20N,AIRBUS A-320neo,0
takeoff,JFK,22R,1787117286.83,2026-08-19T05:28:06Z,40.644573,-73.767981,210.9,39d2a4,F-HUVE,A359,AIRBUS A-350-900,0
landing,JFK,22L,1787117538.74,2026-08-19T05:32:18Z,40.633736,-73.763885,210.9,a04641,N117AN,A321,AIRBUS A-321,0
takeoff,JFK,22R,1787117870.07,2026-08-19T05:37:50Z,40.645422,-73.767294,210.9,899018,B-18052,B77W,BOEING 777-300ER,0
landing,JFK,22L,1787118396.29,2026-08-19T05:46:36Z,40.635588,-73.762426,210.9,e8045c,CC-BHA,A20N,AIRBUS A-320neo,0
takeoff,JFK,22R,1787118432.71,2026-08-19T05:47:12Z,40.646038,-73.76683,210.9,4d0213,LX-DIO,B739,BOEING 737-900,8
takeoff,JFK,22R,1787118693.94,2026-08-19T05:51:33Z,40.644898,-73.767731,210.9,842370,JA09WJ,A35K,AIRBUS A-350-1000,0
takeoff,JFK,22R,1787118816.3,2026-08-19T05:53:36Z,40.644573,-73.767944,212.4,aa9808,N782AV,B788,BOEING 787-8 Dreamliner,0
takeoff,JFK,22R,1787118987.45,2026-08-19T05:56:27Z,40.645397,-73.767334,210.9,89902f,B-16726,B77W,BOEING 777-300ER,0
takeoff,JFK,22R,1787119605.58,2026-08-19T06:06:45Z,40.646255,-73.766663,210.9,869582,JA796A,B77W,BOEING 777-300ER,0
landing,JFK,22L,1787119828.53,2026-08-19T06:10:28Z,40.634017,-73.763643,210.9,71be45,HL7645,B744,BOEING 747-400,0
takeoff,JFK,22R,1787119830.48,2026-08-19T06:10:30Z,40.645166,-73.767513,210.9,780aa2,B-LRB,A359,AIRBUS A-350-900,0
landing,JFK,22L,1787120029.64,2026-08-19T06:13:49Z,40.633854,-73.763768,210.9,a233ce,N241AZ,B763,BOEING 767-300,0
takeoff,JFK,22R,1787120120.85,2026-08-19T06:15:20Z,40.644665,-73.767899,210.9,a5a38e,N4621K,A333,,0
landing,JFK,22L,1787120228.28,2026-08-19T06:17:08Z,40.633098,-73.764376,210.9,a5810c,N454AV,A320,AIRBUS A-320,0
landing,JFK,22L,1787120431.44,2026-08-19T06:20:31Z,40.633074,-73.764392,210.9,ade609,N995JL,A321,AIRBUS A-321,0
landing,JFK,22L,1787120563.36,2026-08-19T06:22:43Z,40.633976,-73.763687,210.9,a1b2a8,N2084J,A21N,AIRBUS A-321neo,0
takeoff,JFK,22R,1787120564.51,2026-08-19T06:22:44Z,40.646061,-73.766815,210.9,0d0b92,XA-VIQ,A20N,AIRBUS A-320neo,0
landing,JFK,22L,1787121263.72,2026-08-19T06:34:23Z,40.633804,-73.763794,210.9,a37842,N3221J,BCS3,,0
takeoff,JFK,22R,1787121708.39,2026-08-19T06:41:48Z,40.64439,-73.768097,210.9,71be34,HL7634,A388,AIRBUS A-380-800,0
takeoff,JFK,22R,1787121922.94,2026-08-19T06:45:22Z,40.646016,-73.766842,210.9,ab2728,N818AV,A20N,AIRBUS A-320neo,0
landing,JFK,22L,1787122046.14,2026-08-19T06:47:26Z,40.633854,-73.763768,210.9,ad14aa,N942AV,A20N,AIRBUS A-320neo,0
takeoff,JFK,04L,1787122391.73,2026-08-19T06:53:11Z,40.627155,-73.78157,30.9,75883f,RP-C3511,A359,AIRBUS A-350-900,0
landing,JFK,04R,1787122594.14,2026-08-19T06:56:34Z,40.635098,-73.762817,30.9,a19d0d,N2029J,A21N,AIRBUS A-321neo,0
takeoff,JFK,04L,1787122659.19,2026-08-19T06:57:39Z,40.626883,-73.781792,30.9,0c2082,HP-1826CMP,B738,BOEING 737-800,0
takeoff,JFK,04L,1787123275.88,2026-08-19T07:07:55Z,40.626789,-73.781876,30.9,4ba95a,TC-JJZ,B77W,BOEING 777-300ER,0
takeoff,JFK,04L,1787123792.02,2026-08-19T07:16:32Z,40.628048,-73.780899,30.9,a523c6,N430GT,B744,BOEING 747-400,0
takeoff,JFK,04L,1787124115.07,2026-08-19T07:21:55Z,40.63409,-73.776154,30.9,ad763b,N967AV,A20N,AIRBUS A-320neo,0
landing,JFK,04R,1787124250.46,2026-08-19T07:24:10Z,40.635204,-73.762722,30.9,0c21fd,HP-9821CMP,B38M,BOEING 737 MAX 8,0
takeoff,JFK,04L,1787124729.83,2026-08-19T07:32:09Z,40.642159,-73.774139,59.1,ad1927,N943JT,A321,AIRBUS A-321,0
landing,JFK,04R,1787124758.05,2026-08-19T07:32:38Z,40.635715,-73.762344,30.9,7802fd,B-2422,B744,BOEING 747-400,0
takeoff,JFK,04L,1787125821.56,2026-08-19T07:50:21Z,40.626274,-73.782272,30.9,e8045c,CC-BHA,A20N,AIRBUS A-320neo,0
landing,JFK,04R,1787126723.67,2026-08-19T08:05:23Z,40.638288,-73.760303,30.9,ad7701,N967JT,A321,AIRBUS A-321,0
takeoff,JFK,04L,1787127374.38,2026-08-19T08:16:14Z,40.626836,-73.781823,28.1,a5810c,N454AV,A320,AIRBUS A-320,0
landing,JFK,04R,1787127618.34,2026-08-19T08:20:18Z,40.636002,-73.762085,30.9,adbe91,N985JT,A321,AIRBUS A-321,0
landing,JFK,04R,1787127986.82,2026-08-19T08:26:26Z,40.634576,-73.763409,30.9,a20883,N230AC,A320,AIRBUS A-320,0
takeoff,JFK,04L,1787128126.61,2026-08-19T08:28:46Z,40.626138,-73.782385,30.9,ad14aa,N942AV,A20N,AIRBUS A-320neo,0
landing,JFK,04L,1787128127.13,2026-08-19T08:28:47Z,40.626394,-73.782167,30.9,ad14aa,N942AV,A20N,AIRBUS A-320neo,0
takeoff,JFK,04L,1787128127.13,2026-08-19T08:28:47Z,40.626394,-73.782167,30.9,ad14aa,N942AV,A20N,AIRBUS A-320neo,0
landing,JFK,04R,1787128180.72,2026-08-19T08:29:40Z,40.637648,-73.760803,28.1,0c6064,9Y-SUR,B38M,BOEING 737 MAX 8,0
landing,JFK,04R,1787128346.29,2026-08-19T08:32:26Z,40.634411,-73.763351,30.9,aa7bae,N775AV,A20N,AIRBUS A-320neo,0
landing,JFK,04R,1787128500.33,2026-08-19T08:35:00Z,40.636047,-73.762054,30.9,a97dcb,N710TW,B752,BOEING 757-200,0
landing,JFK,04R,1787129040.48,2026-08-19T08:44:00Z,40.636162,-73.761978,30.9,0ac98a,HK-5335,A320,AIRBUS A-320,0
landing,JFK,04R,1787129174.66,2026-08-19T08:46:14Z,40.636379,-73.76181,30.9,407ea1,G-DHLO,B763,BOEING 767-300,0
landing,JFK,04R,1787129355.12,2026-08-19T08:49:15Z,40.635864,-73.762222,30.9,a38b61,N3275J,BCS3,AIRBUS A220-300,0
landing,JFK,04R,1787129536.07,2026-08-19T08:52:16Z,40.635146,-73.762784,30.9,ac72f7,N901AV,A20N,AIRBUS A-320neo,0
takeoff,JFK,31R,1787129553.23,2026-08-19T08:52:33Z,40.653662,-73.778015,340.3,407ea1,G-DHLO,B763,BOEING 767-300,0
landing,JFK,04R,1787129679.43,2026-08-19T08:54:39Z,40.637008,-73.761302,30.9,a47e89,N389UP,B763,BOEING 767-300,0
landing,JFK,04R,1787129780.41,2026-08-19T08:56:20Z,40.635809,-73.762254,30.9,ab6c08,N835MH,B764,BOEING 767-400,0
takeoff,JFK,31R,1787130009.8,2026-08-19T09:00:09Z,40.653568,-73.784515,261.6,a47e89,N389UP,B763,BOEING 767-300,0
landing,JFK,04R,1787130056.3,2026-08-19T09:00:56Z,40.635258,-73.762695,30.9,4d206e,9H-ALC,A332,AIRBUS A-330-200,0
takeoff,JFK,04L,1787130514.17,2026-08-19T09:08:34Z,40.626698,-73.781952,30.9,aded77,N997JL,A321,AIRBUS A-321,0
takeoff,JFK,04L,1787130727.8,2026-08-19T09:12:07Z,40.626743,-73.781921,30.9,a883bd,N648JB,A320,AIRBUS A-320,0
landing,JFK,04R,1787130730.18,2026-08-19T09:12:10Z,40.635285,-73.762691,30.9,a27f07,N260AK,B739,BOEING 737-900,0
takeoff,JFK,04L,1787130813.28,2026-08-19T09:13:33Z,40.626545,-73.782057,30.9,a8021b,N615JB,A320,AIRBUS A-320,0
takeoff,JFK,04L,1787130925.34,2026-08-19T09:15:25Z,40.626336,-73.782229,30.9,0c6008,9Y-CUB,B38M,BOEING 737 MAX 8,0
takeoff,JFK,04L,1787131101.61,2026-08-19T09:18:21Z,40.626778,-73.781906,30.9,ad6f93,N965JT,A321,AIRBUS A-321,0
landing,JFK,04R,1787131167.5,2026-08-19T09:19:27Z,40.633726,-73.763892,30.9,a4ee2e,N417AN,A21N,AIRBUS A-321neo,0
landing,JFK,04R,1787131409.49,2026-08-19T09:23:29Z,40.633678,-73.763916,30.9,0ac9de,HK-5360,A20N,AIRBUS A-320neo,0
landing,JFK,04R,1787131548.37,2026-08-19T09:25:48Z,40.636368,-73.761817,30.9,a38019,N3244J,BCS3,,0
landing,JFK,04R,1787131629.53,2026-08-19T09:27:09Z,40.63607,-73.762054,30.9,a36636,N318TD,B38M,BOEING 737 MAX 8,0
landing,JFK,04R,1787131713.74,2026-08-19T09:28:33Z,40.636024,-73.762115,30.9,a01c37,N106NN,A321,AIRBUS A-321,0
landing,JFK,04R,1787131812.54,2026-08-19T09:30:12Z,40.637272,-73.761124,30.9,a01880,N105NN,A321,AIRBUS A-321,0
landing,JFK,04L,1787131901.38,2026-08-19T09:31:41Z,40.63179,-73.778,30.9,acd589,N926MB,GLF5,GULFSTREAM 5,0
landing,JFK,04R,1787131949.24,2026-08-19T09:32:29Z,40.635487,-73.762497,30.9,a36b73,N3196J,BCS3,AIRBUS A220-300,0
landing,JFK,04R,1787132044.6,2026-08-19T09:34:04Z,40.634436,-73.763346,30.9,a3355e,N3058J,BCS3,AIRBUS A220-300,0
landing,JFK,04R,1787132132.49,2026-08-19T09:35:32Z,40.635876,-73.762207,29.6,7380ca,4X-EDL,B789,BOEING 787-9 Dreamliner,0
landing,JFK,04L,1787132260.48,2026-08-19T09:37:40Z,40.633598,-73.776564,30.9,a382b3,N325UP,B763,BOEING 767-300,0
landing,JFK,04R,1787132340.3,2026-08-19T09:39:00Z,40.634715,-73.763128,30.9,a6c70f,N536DN,A21N,AIRBUS A-321neo,0
landing,JFK,04R,1787132436.94,2026-08-19T09:40:36Z,40.636848,-73.761444,30.9,a29980,N267FE,B763,BOEING 767-300,0
landing,JFK,04R,1787132557.33,2026-08-19T09:42:37Z,40.636951,-73.761353,30.9,a7a532,N592DT,A21N,AIRBUS A-321neo,0
landing,JFK,04R,1787132684.01,2026-08-19T09:44:44Z,40.636717,-73.761536,30.9,7802fe,B-2423,B744,BOEING 747-400,0
landing,JFK,04R,1787132853.64,2026-08-19T09:47:33Z,40.630692,-73.766235,30.9,a12622,N173UP,A306,AIRBUS A-300-600,0
landing,JFK,04R,1787133344.48,2026-08-19T09:55:44Z,40.636682,-73.761583,30.9,a38a3a,N327VP,B38M,BOEING 737 MAX 8,0
landing,JFK,04R,1787133487.26,2026-08-19T09:58:07Z,40.634525,-73.76326,30.9,ac801e,N904XJ,CRJ9,BOMBARDIER Regional Jet CRJ-900,0
takeoff,LGA,13,1787133549.34,2026-08-19T09:59:09Z,40.776804,-73.870744,120.9,abc2e5,N857RW,E170,EMBRAER ERJ-170-100,0
takeoff,JFK,04L,1787133561.7,2026-08-19T09:59:21Z,40.627739,-73.781128,30.9,71be45,HL7645,B744,BOEING 747-400,0
landing,JFK,04R,1787133733.32,2026-08-19T10:02:13Z,40.636986,-73.761368,30.9,3c68cb,D-AJFK,A333,AIRBUS A-330-300,0
takeoff,JFK,04L,1787133811.57,2026-08-19T10:03:31Z,40.62743,-73.781357,30.9,7802fd,B-2422,B744,BOEING 747-400,0
landing,JFK,04R,1787133879.8,2026-08-19T10:04:39Z,40.635178,-73.762772,30.9,a338ac,N3065J,BCS3,AIRBUS A220-300,0
landing,JFK,04R,1787133969.48,2026-08-19T10:06:09Z,40.637008,-73.761318,30.9,a2b5da,N274FE,B763,BOEING 767-300,0
takeoff,LGA,13,1787133990.54,2026-08-19T10:06:30Z,40.775384,-73.866421,123.8,acdbef,N928AN,B738,BOEING 737-800,0
takeoff,JFK,04L,1787134080.12,2026-08-19T10:08:00Z,40.626308,-73.782257,30.9,a69463,N523DE,A21N,,0
landing,JFK,04R,1787134107.84,2026-08-19T10:08:27Z,40.63686,-73.761429,30.9,789213,B-LXA,A35K,AIRBUS A-350-1000,0
landing,JFK,04R,1787134219.55,2026-08-19T10:10:19Z,40.635251,-73.762706,30.9,a0f44c,N1602,B763,BOEING 767-300,0
takeoff,JFK,04L,1787134232.14,2026-08-19T10:10:32Z,40.626446,-73.782166,30.9,acca19,N923JB,A321,AIRBUS A-321,0
landing,LGA,22,1787134277.56,2026-08-19T10:11:17Z,40.777689,-73.877111,210.9,a3183d,N299PQ,CRJ9,BOMBARDIER Regional Jet CRJ-900,0
landing,JFK,04R,1787134356.58,2026-08-19T10:12:36Z,40.635052,-73.762833,30.9,a23f5d,N244FE,B763,BOEING 767-300,0
takeoff,JFK,04L,1787134396.01,2026-08-19T10:13:16Z,40.626068,-73.782608,30.9,a20883,N230AC,A320,AIRBUS A-320,0
takeoff,LGA,13,1787134439.99,2026-08-19T10:13:59Z,40.772209,-73.859772,123.8,a06a09,N126AN,A321,AIRBUS A-321,0
landing,JFK,04R,1787134447.18,2026-08-19T10:14:07Z,40.636822,-73.761442,30.9,a44357,N374HA,A332,AIRBUS A-330-200,0
takeoff,JFK,04L,1787134448.66,2026-08-19T10:14:08Z,40.625824,-73.782635,30.9,a32f71,N304NY,,,0
takeoff,LGA,13,1787134454.84,2026-08-19T10:14:14Z,40.776718,-73.87056,120.9,a3183d,N299PQ,CRJ9,BOMBARDIER Regional Jet CRJ-900,0
takeoff,JFK,31L,1787134502.94,2026-08-19T10:15:02Z,40.635338,-73.782776,340.3,a0f44c,N1602,B763,BOEING 767-300,0
takeoff,JFK,04L,1787134517.82,2026-08-19T10:15:17Z,40.62648,-73.782135,30.9,a8b8ba,N661JB,A320,AIRBUS A-320,0
landing,JFK,04R,1787134568.81,2026-08-19T10:16:08Z,40.635798,-73.762285,29.6,ab6ea5,N836AA,B789,BOEING 787-9 Dreamliner,0
takeoff,JFK,04L,1787134578.52,2026-08-19T10:16:18Z,40.626595,-73.782043,30.9,a04641,N117AN,A321,AIRBUS A-321,0
takeoff,JFK,04L,1787134635.6,2026-08-19T10:17:15Z,40.626686,-73.781952,30.9,a924fc,N689DL,B752,BOEING 757-200,0
landing,JFK,04R,1787134751.73,2026-08-19T10:19:11Z,40.636162,-73.761963,30.9,ad2baa,N948JB,A321,AIRBUS A-321,0
takeoff,JFK,04L,1787134754.85,2026-08-19T10:19:14Z,40.626789,-73.781876,30.9,ab3982,N822NN,B738,BOEING 737-800,0
takeoff,JFK,04L,1787134825.65,2026-08-19T10:20:25Z,40.626938,-73.781754,30.9,a1b2a8,N2084J,A21N,AIRBUS A-321neo,0
landing,JFK,04R,1787134847.86,2026-08-19T10:20:47Z,40.633365,-73.764173,28.1,a5fc87,N485PX,CRJ9,BOMBARDIER Regional Jet CRJ-900,0
takeoff,LGA,13,1787134877.96,2026-08-19T10:21:17Z,40.776793,-73.869355,120.9,a03816,N113HQ,E75L,EMBRAER ERJ-170-200 (long wing),0
landing,JFK,04R,1787134936.73,2026-08-19T10:22:16Z,40.634251,-73.763474,30.9,a3fcd6,N356TX,B38M,,0
landing,LGA,22,1787134990.69,2026-08-19T10:23:10Z,40.775943,-73.878547,210.9,a4ddca,N412YX,E75L,EMBRAER ERJ-170-200 (long wing),0
takeoff,JFK,04L,1787134999.47,2026-08-19T10:23:19Z,40.626366,-73.782211,30.9,0c21fd,HP-9821CMP,B38M,BOEING 737 MAX 8,0
landing,JFK,04R,1787135039.44,2026-08-19T10:23:59Z,40.634901,-73.762987,30.9,a4c592,N4062J,A21N,AIRBUS A-321neo,0
takeoff,JFK,04L,1787135069.13,2026-08-19T10:24:29Z,40.626514,-73.782074,30.9,ad27f3,N947JB,A321,AIRBUS A-321,0
takeoff,JFK,31R,1787135096.4,2026-08-19T10:24:56Z,40.65358,-73.784546,260.2,ab6ea5,N836AA,B789,BOEING 787-9 Dreamliner,0
landing,JFK,04R,1787135188.56,2026-08-19T10:26:28Z,40.634766,-73.763077,30.9,a7bb77,N598DN,A21N,AIRBUS A-321neo,0
takeoff,JFK,04L,1787135209.26,2026-08-19T10:26:49Z,40.626663,-73.781967,30.9,a233ce,N241AZ,B763,BOEING 767-300,0
takeoff,JFK,04L,1787135302.48,2026-08-19T10:28:22Z,40.625975,-73.782525,30.9,aac7ab,N794JB,A320,AIRBUS A-320,0
landing,JFK,04R,1787135355.71,2026-08-19T10:29:15Z,40.635483,-73.762488,25.3,a145b7,N181PQ,CRJ9,BOMBARDIER Regional Jet CRJ-900,0
landing,JFK,04L,1787135443.77,2026-08-19T10:30:43Z,40.638847,-73.77246,30.9,a9b62c,N725AN,B77W,BOEING 777-300ER,0
landing,JFK,04R,1787135587.08,2026-08-19T10:33:07Z,40.636449,-73.76177,30.9,a033ae,N112AN,A321,AIRBUS A-321,0
takeoff,LGA,13,1787135606.51,2026-08-19T10:33:26Z,40.775035,-73.867279,126.6,a70c67,N553UW,A321,AIRBUS A-321,0
takeoff,JFK,04L,1787135648.21,2026-08-19T10:34:08Z,40.623425,-73.7845,30.9,acd589,N926MB,GLF5,GULFSTREAM 5,0
landing,JFK,04R,1787135691.16,2026-08-19T10:34:51Z,40.636322,-73.761841,30.9,ab1842,N814AK,B38M,BOEING 737 MAX 8,0
takeoff,JFK,04L,1787135754.93,2026-08-19T10:35:54Z,40.626138,-73.782385,30.9,aa7bae,N775AV,A20N,AIRBUS A-320neo,0
landing,LGA,22,1787135786.12,2026-08-19T10:36:26Z,40.775265,-73.879105,210.9,a086ce,N133EV,CRJ9,BOMBARDIER Regional Jet CRJ-900,0
landing,JFK,04R,1787135869.56,2026-08-19T10:37:49Z,40.633924,-73.763736,30.9,a69bcd,N525DA,A21N,AIRBUS A-321neo,0
takeoff,JFK,04L,1787135899.88,2026-08-19T10:38:19Z,40.627395,-73.781402,30.9,a38b61,N3275J,BCS3,AIRBUS A220-300,0
takeoff,JFK,04L,1787135984.17,2026-08-19T10:39:44Z,40.626173,-73.782354,30.9,ad56e0,N959JB,A321,AIRBUS A-321,0
takeoff,JFK,31R,1787136005.88,2026-08-19T10:40:05Z,40.653615,-73.784492,258.8,a033ae,N112AN,A321,AIRBUS A-321,0
landing,JFK,31R,1787136016.42,2026-08-19T10:40:16Z,40.647011,-73.774231,258.8,adafb5,N981JT,A321,AIRBUS A-321,0
takeoff,LGA,13,1787136039.5,2026-08-19T10:40:39Z,40.772335,-73.860038,123.8,a7da9c,N605JB,A320,AIRBUS A-320,0
takeoff,JFK,04L,1787136042.89,2026-08-19T10:40:42Z,40.626801,-73.781854,30.9,a80d40,N618JB,A320,AIRBUS A-320,0
landing,JFK,04R,1787136119.7,2026-08-19T10:41:59Z,40.636826,-73.761475,29.6,738102,4X-ERC,B788,BOEING 787-8 Dreamliner,0
landing,LGA,22,1787136153.79,2026-08-19T10:42:33Z,40.775536,-73.878874,213.8,a1f46b,N225JQ,E75L,EMBRAER ERJ-170-200 (long wing),0
takeoff,LGA,13,1787136165.4,2026-08-19T10:42:45Z,40.774256,-73.865641,120.9,a086ce,N133EV,CRJ9,BOMBARDIER Regional Jet CRJ-900,0
landing,JFK,04R,1787136268.98,2026-08-19T10:44:28Z,40.634274,-73.763458,30.9,a7a59f,N592JB,A320,AIRBUS A-320,0
takeoff,JFK,04L,1787136286.38,2026-08-19T10:44:46Z,40.62715,-73.781605,30.9,a3e658,N350RV,B38M,BOEING 737 MAX 8,0
takeoff,LGA,13,1787136340.96,2026-08-19T10:45:40Z,40.77681,-73.870743,120.9,a1f46b,N225JQ,E75L,EMBRAER ERJ-170-200 (long wing),0
landing,JFK,04R,1787136367.78,2026-08-19T10:46:07Z,40.636635,-73.761692,25.3,a1be10,N211JQ,E75L,EMBRAER ERJ-170-200 (long wing),0
landing,LGA,22,1787136394.81,2026-08-19T10:46:34Z,40.776958,-73.877701,208.1,a15b4c,N187GJ,CRJ9,BOMBARDIER Regional Jet CRJ-900,0
landing,JFK,04R,1787136444.49,2026-08-19T10:47:24Z,40.635555,-73.762421,30.9,a38fa4,N3289J,,,0
takeoff,LGA,13,1787136533.5,2026-08-19T10:48:53Z,40.777025,-73.871212,118.1,a15b4c,N187GJ,CRJ9,BOMBARDIER Regional Jet CRJ-900,0
landing,JFK,04R,1787136562.5,2026-08-19T10:49:22Z,40.635532,-73.762466,30.9,a437ce,N371DA,B738,BOEING 737-800,0
landing,JFK,31R,1787136579.73,2026-08-19T10:49:39Z,40.657409,-73.780746,258.8,407ea1,G-DHLO,B763,BOEING 767-300,0
landing,LGA,22,1787136614.65,2026-08-19T10:50:14Z,40.777061,-73.877609,210.9,ac8efa,N908XJ,CRJ9,BOMBARDIER Regional Jet CRJ-900,0
takeoff,JFK,31R,1787136630.88,2026-08-19T10:50:30Z,40.657425,-73.780212,278.4,407ea1,G-DHLO,B763,BOEING 767-300,0
landing,JFK,04R,1787136677.0,2026-08-19T10:51:17Z,40.636414,-73.761765,30.9,a52cc8,N432YX,E75L,EMBRAER ERJ-170-200 (long wing),0
takeoff,JFK,04L,1787136688.96,2026-08-19T10:51:28Z,40.627029,-73.781693,30.9,a1a0c4,N2039J,A21N,AIRBUS A-321neo,0
takeoff,LGA,04,1787136714.14,2026-08-19T10:51:54Z,40.776077,-73.876617,73.1,ac8efa,N908XJ,CRJ9,BOMBARDIER Regional Jet CRJ-900,0
takeoff,JFK,22R,1787136758.28,2026-08-19T10:52:38Z,40.637671,-73.776517,251.8,738102,4X-ERC,B788,BOEING 787-8 Dreamliner,0
landing,JFK,04R,1787136766.43,2026-08-19T10:52:46Z,40.636173,-73.761963,30.9,ad7e6f,N969JT,A321,AIRBUS A-321,0
takeoff,JFK,04L,1787136828.07,2026-08-19T10:53:48Z,40.627174,-73.781574,30.9,a37517,N3215J,BCS3,AIRBUS A220-300,0
landing,JFK,04R,1787136869.23,2026-08-19T10:54:29Z,40.63425,-73.763455,30.9,a71aad,N557NW,B752,BOEING 757-200,0
takeoff,LGA,13,1787136919.21,2026-08-19T10:55:19Z,40.775466,-73.866577,120.9,a52911,N431YX,E75L,EMBRAER ERJ-170-200 (long wing),0
landing,JFK,04L,1787136951.54,2026-08-19T10:55:51Z,40.63155,-73.778168,30.9,a38367,N3251J,BCS3,,0
landing,JFK,04R,1787136986.77,2026-08-19T10:56:26Z,40.63617,-73.761957,30.9,4cc4f1,TF-ISP,B763,BOEING 767-300,0
takeoff,JFK,04L,1787137017.82,2026-08-19T10:56:57Z,40.62648,-73.78212,30.9,a1a3a9,N2043J,A21N,AIRBUS A-321neo,0
landing,LGA,22,1787137040.01,2026-08-19T10:57:20Z,40.775024,-73.879272,208.1,ada699,N979RP,E170,EMBRAER ERJ-170-100,0
takeoff,JFK,04L,1787137084.99,2026-08-19T10:58:04Z,40.62648,-73.78212,30.9,adafb5,N981JT,A321,AIRBUS A-321,0
landing,JFK,04R,1787137121.25,2026-08-19T10:58:41Z,40.634308,-73.763428,30.9,aaf8f1,N806JB,A320,AIRBUS A-320,0
landing,LGA,22,1787137150.62,2026-08-19T10:59:10Z,40.775489,-73.878937,210.9,a50549,N422YX,E75L,EMBRAER ERJ-170-200 (long wing),0
landing,JFK,04R,1787137205.39,2026-08-19T11:00:05Z,40.636903,-73.761396,30.9,a12c23,N175DZ,B763,BOEING 767-300,0
takeoff,JFK,04L,1787137221.27,2026-08-19T11:00:21Z,40.623263,-73.784648,30.9,a4eca6,N416YX,E75L,EMBRAER ERJ-170-200 (long wing),0
takeoff,JFK,04L,1787137292.53,2026-08-19T11:01:32Z,40.626336,-73.782213,30.9,0ac98a,HK-5335,A320,AIRBUS A-320,0
landing,JFK,04L,1787137293.06,2026-08-19T11:01:33Z,40.626469,-73.78212,30.9,0ac98a,HK-5335,A320,AIRBUS A-320,0
takeoff,JFK,04L,1787137293.06,2026-08-19T11:01:33Z,40.626469,-73.78212,30.9,0ac98a,HK-5335,A320,AIRBUS A-320,0
landing,JFK,13L,1787137310.42,2026-08-19T11:01:50Z,40.653918,-73.778874,165.9,407ea1,G-DHLO,B763,BOEING 767-300,0
landing,JFK,04R,1787137310.63,2026-08-19T11:01:50Z,40.635041,-73.762862,30.9,a36b2d,N3194J,BCS3,,0
takeoff,LGA,31,1787137369.32,2026-08-19T11:02:49Z,40.77491,-73.871338,329.1,a50549,N422YX,E75L,EMBRAER ERJ-170-200 (long wing),0
takeoff,LGA,31,1787137375.39,2026-08-19T11:02:55Z,40.772417,-73.857869,303.8,ad9f7f,N977UY,A321,AIRBUS A-321,0
landing,JFK,04R,1787137417.13,2026-08-19T11:03:37Z,40.637404,-73.761161,22.5,a04aa9,N118HQ,E75L,EMBRAER ERJ-170-200 (long wing),0
takeoff,JFK,04L,1787137428.65,2026-08-19T11:03:48Z,40.627372,-73.781417,30.9,a35949,N3149J,BCS3,AIRBUS A220-300,0
landing,LGA,22,1787137451.42,2026-08-19T11:04:11Z,40.774931,-73.879343,208.1,a21833,N234JQ,E75L,EMBRAER ERJ-170-200 (long wing),0
landing,JFK,04R,1787137462.73,2026-08-19T11:04:22Z,40.636528,-73.761703,30.9,ad3581,N950JT,A321,AIRBUS A-321,0
takeoff,JFK,04L,1787137484.9,2026-08-19T11:04:44Z,40.626522,-73.782089,30.9,ab6c08,N835MH,B764,BOEING 767-400,0
landing,LGA,22,1787137530.59,2026-08-19T11:05:30Z,40.779015,-73.876003,210.9,a37e80,N324PQ,CRJ9,BOMBARDIER Regional Jet CRJ-900,0
landing,JFK,04R,1787137540.76,2026-08-19T11:05:40Z,40.636822,-73.761474,32.4,e80468,CC-BGP,B789,BOEING 787-9 Dreamliner,0
takeoff,LGA,13,1787137580.6,2026-08-19T11:06:20Z,40.777073,-73.869919,123.8,a21833,N234JQ,E75L,EMBRAER ERJ-170-200 (long wing),0
landing,LGA,22,1787137639.47,2026-08-19T11:07:19Z,40.778229,-73.876663,210.9,a3c163,N341DU,BCS3,AIRBUS A220-300,0
takeoff,JFK,04L,1787137732.38,2026-08-19T11:08:52Z,40.626045,-73.782455,30.9,ac72f7,N901AV,A20N,AIRBUS A-320neo,0
takeoff,LGA,13,1787137732.55,2026-08-19T11:08:52Z,40.775512,-73.866655,120.9,a37e80,N324PQ,CRJ9,BOMBARDIER Regional Jet CRJ-900,0
takeoff,LGA,13,1787137753.59,2026-08-19T11:09:13Z,40.772324,-73.860016,123.8,a65104,N506JB,A320,AIRBUS A-320,0
landing,JFK,04R,1787137770.2,2026-08-19T11:09:30Z,40.634388,-73.763336,30.9,acc040,N920XJ,CRJ9,BOMBARDIER Regional Jet CRJ-900,0
takeoff,LGA,13,1787137778.35,2026-08-19T11:09:38Z,40.775459,-73.866562,123.8,a8996b,N653RW,E170,EMBRAER ERJ-170-100,0
takeoff,JFK,04L,1787137791.38,2026-08-19T11:09:51Z,40.625679,-73.782745,30.9,a81abe,N621JB,A320,AIRBUS A-320,0
landing,LGA,04,1787137844.05,2026-08-19T11:10:44Z,40.771488,-73.880707,33.8,a5106e,N425YX,E75L,EMBRAER ERJ-170-200 (long wing),0
landing,LGA,22,1787137879.1,2026-08-19T11:11:19Z,40.777794,-73.877014,210.9,a08a85,N134EV,CRJ9,BOMBARDIER Regional Jet CRJ-900,0
landing,JFK,04R,1787137879.7,2026-08-19T11:11:19Z,40.636402,-73.76178,28.1,a4e8ef,N415YX,E75L,EMBRAER ERJ-170-200 (long wing),0
takeoff,JFK,04L,1787137938.89,2026-08-19T11:12:18Z,40.63063,-73.778889,30.9,ab8f0d,N844DN,B739,BOEING 737-900,0
landing,LGA,22,1787137952.2,2026-08-19T11:12:32Z,40.777375,-73.877345,213.8,acfe09,N936XJ,CRJ9,BOMBARDIER Regional Jet CRJ-900,0
takeoff,LGA,13,1787137964.5,2026-08-19T11:12:44Z,40.776661,-73.870438,120.9,a18403,N197UW,A321,AIRBUS A-321,0
takeoff,JFK,04L,1787138007.47,2026-08-19T11:13:27Z,40.626709,-73.781937,30.9,ab8c37,N843NN,B738,BOEING 737-800,0
landing,LGA,22,1787138053.58,2026-08-19T11:14:13Z,40.77585,-73.878593,210.9,a20d0e,N231JQ,E75L,EMBRAER ERJ-170-200 (long wing),0
takeoff,JFK,04L,1787138072.76,2026-08-19T11:14:32Z,40.627523,-73.781308,30.9,a36b73,N3196J,BCS3,AIRBUS A220-300,0
takeoff,LGA,13,1787138117.92,2026-08-19T11:15:17Z,40.775494,-73.866623,123.8,a08a85,N134EV,CRJ9,BOMBARDIER Regional Jet CRJ-900,0
takeoff,LGA,13,1787138118.42,2026-08-19T11:15:18Z,40.776897,-73.869589,123.8,acfe09,N936XJ,CRJ9,BOMBARDIER Regional Jet CRJ-900,0
landing,LGA,22,1787138153.68,2026-08-19T11:15:53Z,40.77784,-73.877142,210.9,c010e4,C-FGKH,A320,AIRBUS A-320,0
takeoff,JFK,04L,1787138155.39,2026-08-19T11:15:55Z,40.627511,-73.781324,30.9,a3355e,N3058J,BCS3,AIRBUS A220-300,0
takeoff,JFK,04L,1787138211.97,2026-08-19T11:16:51Z,40.62665,-73.781979,30.9,a3c662,N342SX,B38M,BOEING 737 MAX 8,0
landing,JFK,04R,1787138255.21,2026-08-19T11:17:35Z,40.635544,-73.762466,30.9,a1aaae,N2060J,A21N,AIRBUS A-321neo,0
takeoff,JFK,04L,1787138265.44,2026-08-19T11:17:45Z,40.625963,-73.78251,30.9,a3e9b2,N351NB,A319,AIRBUS A-319,0
takeoff,LGA,13,1787138327.55,2026-08-19T11:18:47Z,40.776878,-73.869537,120.9,a20d0e,N231JQ,E75L,EMBRAER ERJ-170-200 (long wing),0
landing,LGA,04,1787138329.92,2026-08-19T11:18:49Z,40.772487,-73.879889,30.9,a0144e,N104HQ,E75L,EMBRAER ERJ-170-200 (long wing),0
landing,LGA,22,1787138353.28,2026-08-19T11:19:13Z,40.773514,-73.879929,185.6,a21fa1,N236JQ,E75L,EMBRAER ERJ-170-200 (long wing),0
landing,JFK,04R,1787138361.78,2026-08-19T11:19:21Z,40.636193,-73.761942,30.9,a01097,N103HQ,E75L,EMBRAER ERJ-170-200 (long wing),0
takeoff,LGA,13,1787138402.0,2026-08-19T11:20:02Z,40.77535,-73.866499,123.8,c010e4,C-FGKH,A320,AIRBUS A-320,0
takeoff,JFK,04L,1787138407.3,2026-08-19T11:20:07Z,40.626545,-73.782057,30.9,a36636,N318TD,B38M,BOEING 737 MAX 8,0
landing,LGA,22,1787138412.85,2026-08-19T11:20:12Z,40.774063,-73.87999,191.2,abd7d1,N862RW,E170,EMBRAER ERJ-170-100,0
landing,JFK,04R,1787138437.83,2026-08-19T11:20:37Z,40.63418,-73.763549,30.9,a3401a,N3085J,BCS3,AIRBUS A220-300,0
landing,LGA,22,1787138463.23,2026-08-19T11:21:03Z,40.77634,-73.87822,213.8,a3534a,N313PQ,CRJ9,BOMBARDIER Regional Jet CRJ-900,0
takeoff,JFK,04L,1787138465.19,2026-08-19T11:21:05Z,40.626487,-73.78212,30.9,407ea1,G-DHLO,B763,BOEING 767-300,0
landing,JFK,04R,1787138511.79,2026-08-19T11:21:51Z,40.636275,-73.761895,30.9,ad4afb,N956AK,B39M,BOEING 737 MAX 9,0
takeoff,JFK,04L,1787138526.52,2026-08-19T11:22:06Z,40.625862,-73.782608,30.9,a51601,N427DX,A339,AIRBUS A-330-900,0
takeoff,LGA,31,1787138541.64,2026-08-19T11:22:21Z,40.772324,-73.857651,303.8,abd90c,N8623F,B738,BOEING 737-800,0
landing,LGA,22,1787138545.37,2026-08-19T11:22:25Z,40.775539,-73.87886,210.9,a8847f,N648RW,E170,EMBRAER ERJ-170-100,0
takeoff,LGA,13,1787138565.11,2026-08-19T11:22:45Z,40.775454,-73.866562,123.8,ad574f,N959NN,B738,BOEING 737-800,0
landing,JFK,04R,1787138608.47,2026-08-19T11:23:28Z,40.634583,-73.763214,30.9,a37c1c,N3232J,BCS3,,0
landing,LGA,22,1787138613.69,2026-08-19T11:23:33Z,40.778084,-73.876783,213.8,a3b124,N337PQ,CRJ9,BOMBARDIER Regional Jet CRJ-900,0
takeoff,JFK,04L,1787138644.54,2026-08-19T11:24:04Z,40.626652,-73.781998,30.9,acfc56,N936DZ,B739,,0
landing,JFK,04R,1787138683.59,2026-08-19T11:24:43Z,40.633518,-73.764038,30.9,a1de8d,N2199J,A21N,AIRBUS A-321neo,0
takeoff,JFK,04L,1787138702.73,2026-08-19T11:25:02Z,40.626629,-73.781998,30.9,a661bf,N510DE,A21N,AIRBUS A-321neo,0
takeoff,LGA,13,1787138713.94,2026-08-19T11:25:13Z,40.775501,-73.866655,123.8,a21fa1,N236JQ,E75L,EMBRAER ERJ-170-200 (long wing),0
landing,JFK,04R,1787138757.43,2026-08-19T11:25:57Z,40.633226,-73.764267,28.1,a095aa,N137EV,CRJ9,BOMBARDIER Regional Jet CRJ-900,0
takeoff,JFK,04L,1787138759.13,2026-08-19T11:25:59Z,40.626331,-73.782242,30.9,a7f2d2,N611DT,A21N,AIRBUS A-321neo,0
takeoff,LGA,13,1787138797.0,2026-08-19T11:26:37Z,40.775466,-73.866577,118.1,a3534a,N313PQ,CRJ9,BOMBARDIER Regional Jet CRJ-900,0
landing,LGA,22,1787138799.27,2026-08-19T11:26:39Z,40.777302,-73.877426,210.9,a08e3c,N135EV,CRJ9,BOMBARDIER Regional Jet CRJ-900,0
takeoff,JFK,04L,1787138810.97,2026-08-19T11:26:50Z,40.626429,-73.782151,30.9,ac45ac,N890DN,B739,BOEING 737-900,0
takeoff,LGA,31,1787138812.39,2026-08-19T11:26:52Z,40.772463,-73.857932,303.8,a45b96,N380DA,B738,BOEING 737-800,0
landing,JFK,13R,1787138827.55,2026-08-19T11:27:07Z,40.640942,-73.794948,163.1,a47e89,N389UP,B763,BOEING 767-300,0
landing,JFK,04R,1787138829.51,2026-08-19T11:27:09Z,40.634834,-73.762985,30.9,ad2095,N945JT,A321,AIRBUS A-321,0
takeoff,JFK,04L,1787138877.27,2026-08-19T11:27:57Z,40.625987,-73.782494,30.9,a7a8ed,N593DX,A21N,,0
landing,JFK,04R,1787138890.15,2026-08-19T11:28:10Z,40.633807,-73.763799,32.4,04c119,5Y-KZC,B788,BOEING 787-8 Dreamliner,0
landing,LGA,22,1787138898.88,2026-08-19T11:28:18Z,40.777677,-73.877095,208.1,a7dadc,N605LR,CRJ9,BOMBARDIER Regional Jet CRJ-900,0
takeoff,JFK,04L,1787138921.33,2026-08-19T11:28:41Z,40.623001,-73.784836,30.9,ab0a73,N810MD,E170,EMBRAER ERJ-170-100,0
takeoff,LGA,13,1787138956.16,2026-08-19T11:29:16Z,40.775501,-73.866655,123.8,a3b124,N337PQ,CRJ9,BOMBARDIER Regional Jet CRJ-900,0
takeoff,LGA,04,1787139007.8,2026-08-19T11:30:07Z,40.776071,-73.876534,73.1,a7dadc,N605LR,CRJ9,BOMBARDIER Regional Jet CRJ-900,0
landing,JFK,04R,1787139012.63,2026-08-19T11:30:12Z,40.633365,-73.764142,30.9,aa4d77,N763JB,A320,AIRBUS A-320,0
takeoff,LGA,13,1787139015.65,2026-08-19T11:30:15Z,40.775582,-73.866827,120.9,a08e3c,N135EV,CRJ9,BOMBARDIER Regional Jet CRJ-900,0
takeoff,LGA,31,1787139018.92,2026-08-19T11:30:18Z,40.772324,-73.857651,303.8,c07b09,C-GUPK,BCS3,AIRBUS A220-300,0
takeoff,JFK,04L,1787139076.31,2026-08-19T11:31:16Z,40.62632,-73.782227,30.9,0c6064,9Y-SUR,B38M,BOEING 737 MAX 8,0
landing,JFK,04R,1787139088.28,2026-08-19T11:31:28Z,40.634226,-73.763487,30.9,a392f2,N3296J,BCS3,AIRBUS A220-300,0
takeoff,JFK,04L,1787139143.26,2026-08-19T11:32:23Z,40.626263,-73.782288,30.9,a01f13,N107DU,BCS1,AIRBUS A220-100,0
landing,JFK,04R,1787139160.69,2026-08-19T11:32:40Z,40.634191,-73.763518,25.3,a15795,N186GJ,CRJ9,BOMBARDIER Regional Jet CRJ-900,0
takeoff,JFK,04L,1787139214.76,2026-08-19T11:33:34Z,40.626114,-73.782394,30.9,ab6519,N833SK,CRJ9,BOMBARDIER Regional Jet CRJ-900,0
takeoff,JFK,31R,1787139234.56,2026-08-19T11:33:54Z,40.648579,-73.777374,258.8,ad2095,N945JT,A321,AIRBUS A-321,0
takeoff,JFK,04L,1787139272.95,2026-08-19T11:34:32Z,40.62615,-73.782369,30.9,a87898,N645JB,A320,AIRBUS A-320,0
landing,LGA,22,1787139354.93,2026-08-19T11:35:54Z,40.775322,-73.879028,208.1,a14c70,N183GJ,CRJ9,BOMBARDIER Regional Jet CRJ-900,0
landing,JFK,04R,1787139360.85,2026-08-19T11:36:00Z,40.635053,-73.762862,28.1,a09961,N138EV,CRJ9,BOMBARDIER Regional Jet CRJ-900,0
takeoff,JFK,04L,1787139376.97,2026-08-19T11:36:16Z,40.626603,-73.782011,30.9,a4ee2e,N417AN,A21N,AIRBUS A-321neo,0
takeoff,JFK,04L,1787139431.47,2026-08-19T11:37:11Z,40.626731,-73.781932,30.9,ace1af,N929XJ,CRJ9,BOMBARDIER Regional Jet CRJ-900,0
landing,LGA,22,1787139467.79,2026-08-19T11:37:47Z,40.776932,-73.877688,213.8,aceb76,N931XJ,CRJ9,BOMBARDIER Regional Jet CRJ-900,0
landing,JFK,04R,1787139500.44,2026-08-19T11:38:20Z,40.634674,-73.763138,30.9,adc238,N986JB,A321,AIRBUS A-321,0
landing,LGA,22,1787139560.24,2026-08-19T11:39:20Z,40.777805,-73.876968,210.9,c0187a,C-FJGZ,CRJ9,BOMBARDIER Regional Jet CRJ-900,0
takeoff,JFK,04L,1787139562.03,2026-08-19T11:39:22Z,40.626592,-73.782026,30.9,a7e20a,N607JB,A320,AIRBUS A-320,0
takeoff,JFK,04L,1787139616.88,2026-08-19T11:40:16Z,40.626115,-73.782385,30.9,a389eb,N327SK,B38M,BOEING 737 MAX 8,0
landing,JFK,04R,1787139636.65,2026-08-19T11:40:36Z,40.633889,-73.763752,30.9,a19cc7,N2027J,A21N,AIRBUS A-321neo,0
takeoff,LGA,04,1787139642.1,2026-08-19T11:40:42Z,40.77599,-73.876892,53.4,c0187a,C-FJGZ,CRJ9,BOMBARDIER Regional Jet CRJ-900,0
landing,LGA,22,1787139666.42,2026-08-19T11:41:06Z,40.774523,-73.879686,208.1,abdf3f,N864RW,E170,EMBRAER ERJ-170-100,0
takeoff,LGA,13,1787139676.07,2026-08-19T11:41:16Z,40.772324,-73.860001,123.8,ac81d2,N905AU,A321,AIRBUS A-321,0
takeoff,LGA,13,1787139694.8,2026-08-19T11:41:34Z,40.775494,-73.866623,120.9,aceb76,N931XJ,CRJ9,BOMBARDIER Regional Jet CRJ-900,0
takeoff,LGA,04,1787139753.86,2026-08-19T11:42:33Z,40.776066,-73.87674,67.5,abdf3f,N864RW,E170,EMBRAER ERJ-170-100,0
landing,LGA,22,1787139754.46,2026-08-19T11:42:34Z,40.775368,-73.878998,210.9,a0232a,N108HQ,E75L,EMBRAER ERJ-170-200 (long wing),0
takeoff,JFK,04L,1787139754.62,2026-08-19T11:42:34Z,40.626137,-73.782379,30.9,ad444d,N954JB,A321,AIRBUS A-321,0
takeoff,JFK,04L,1787139817.97,2026-08-19T11:43:37Z,40.62672,-73.781921,30.9,a27f07,N260AK,B739,BOEING 737-900,0
landing,LGA,22,1787139839.64,2026-08-19T11:43:59Z,40.776537,-73.878047,213.8,ac74f9,N901XJ,CRJ9,BOMBARDIER Regional Jet CRJ-900,0
takeoff,JFK,04L,1787139877.77,2026-08-19T11:44:37Z,40.626091,-73.782416,30.9,a47e89,N389UP,B763,BOEING 767-300,0
landing,LGA,22,1787139942.71,2026-08-19T11:45:42Z,40.776828,-73.877813,210.9,aa7bea,N775DE,B738,BOEING 737-800,0
takeoff,LGA,13,1787139980.9,2026-08-19T11:46:20Z,40.776711,-73.870557,123.8,ac74f9,N901XJ,CRJ9,BOMBARDIER Regional Jet CRJ-900,0
takeoff,JFK,04L,1787140000.89,2026-08-19T11:46:40Z,40.626278,-73.782276,30.9,ad646e,N962JT,A321,AIRBUS A-321,0
landing,LGA,22,1787140023.05,2026-08-19T11:47:03Z,40.778149,-73.876724,213.8,abe450,N8654B,B738,BOEING 737-800,0
takeoff,JFK,04L,1787140100.46,2026-08-19T11:48:20Z,40.626359,-73.782213,30.9,a8e1f6,N6711M,B752,BOEING 757-200,0
landing,LGA,22,1787140126.99,2026-08-19T11:48:46Z,40.775815,-73.87864,210.9,ac1f61,N880RW,E170,EMBRAER ERJ-170-100,0
takeoff,LGA,13,1787140132.03,2026-08-19T11:48:52Z,40.776909,-73.869605,123.8,aa7bea,N775DE,B738,BOEING 737-800,0
takeoff,JFK,04L,1787140161.34,2026-08-19T11:49:21Z,40.626514,-73.782074,30.9,ad8836,N971JT,A321,AIRBUS A-321,0
landing,JFK,04R,1787140200.92,2026-08-19T11:50:00Z,40.636368,-73.76181,30.9,a198ed,N2016J,A21N,AIRBUS A-321neo,0
landing,LGA,22,1787140200.95,2026-08-19T11:50:00Z,40.775551,-73.87883,210.9,ab1d06,N815MD,E170,EMBRAER ERJ-170-100,0
takeoff,JFK,04L,1787140228.12,2026-08-19T11:50:28Z,40.626929,-73.781745,30.9,7802fe,B-2423,B744,BOEING 747-400,0
landing,LGA,22,1787140267.27,2026-08-19T11:51:07Z,40.775128,-73.879202,210.9,ac608e,N897NN,B738,BOEING 737-800,0
landing,LGA,22,1787140341.43,2026-08-19T11:52:21Z,40.776661,-73.877945,210.9,a36994,N319PQ,CRJ9,BOMBARDIER Regional Jet CRJ-900,0
landing,JFK,04R,1787140354.27,2026-08-19T11:52:34Z,40.635541,-73.762457,30.9,a12861,N174DN,B763,BOEING 767-300,0
takeoff,LGA,13,1787140361.35,2026-08-19T11:52:41Z,40.776793,-73.870728,120.9,ab1d06,N815MD,E170,EMBRAER ERJ-170-100,0
takeoff,JFK,04L,1787140380.6,2026-08-19T11:53:00Z,40.626331,-73.782227,30.9,a01880,N105NN,A321,AIRBUS A-321,0
takeoff,LGA,04,1787140404.16,2026-08-19T11:53:24Z,40.776094,-73.876658,70.3,ac608e,N897NN,B738,BOEING 737-800,0
landing,LGA,22,1787140418.61,2026-08-19T11:53:38Z,40.775791,-73.878662,210.9,abd063,N860RW,E170,EMBRAER ERJ-170-100,0
takeoff,JFK,04L,1787140450.07,2026-08-19T11:54:10Z,40.627581,-73.781246,30.9,a37842,N3221J,BCS3,,0
landing,JFK,04R,1787140475.65,2026-08-19T11:54:35Z,40.634541,-73.763253,30.9,a7e5c1,N608JB,A320,AIRBUS A-320,0
landing,LGA,22,1787140489.65,2026-08-19T11:54:49Z,40.77729,-73.877426,210.9,a49d22,N397DN,A321,AIRBUS A-321,0
takeoff,LGA,13,1787140512.17,2026-08-19T11:55:12Z,40.776746,-73.870635,120.9,a36994,N319PQ,CRJ9,BOMBARDIER Regional Jet CRJ-900,0
takeoff,JFK,04L,1787140542.09,2026-08-19T11:55:42Z,40.625998,-73.782494,30.9,0ac9de,HK-5360,A20N,AIRBUS A-320neo,0
landing,JFK,04R,1787140558.31,2026-08-19T11:55:58Z,40.634692,-73.763112,30.9,a519b8,N428DX,A339,,0
takeoff,LGA,13,1787140596.24,2026-08-19T11:56:36Z,40.775326,-73.867716,129.4,a683a8,N519JB,A320,AIRBUS A-320,0
takeoff,JFK,04L,1787140599.22,2026-08-19T11:56:39Z,40.626219,-73.782323,30.9,a29980,N267FE,B763,BOEING 767-300,0
landing,LGA,22,1787140611.3,2026-08-19T11:56:51Z,40.775012,-73.87928,213.8,a8a0d9,N655RW,E170,EMBRAER ERJ-170-100,0
takeoff,LGA,13,1787140636.98,2026-08-19T11:57:16Z,40.775408,-73.867857,129.4,abd063,N860RW,E170,EMBRAER ERJ-170-100,0
landing,JFK,04R,1787140694.32,2026-08-19T11:58:14Z,40.633284,-73.76422,25.3,a31486,N298PQ,CRJ9,BOMBARDIER Regional Jet CRJ-900,0
landing,LGA,22,1787140700.83,2026-08-19T11:58:20Z,40.77734,-73.877376,208.1,a7c849,N600LR,CRJ9,BOMBARDIER Regional Jet CRJ-900,0
takeoff,LGA,04,1787140709.4,2026-08-19T11:58:29Z,40.776071,-73.876705,75.9,a8a0d9,N655RW,E170,EMBRAER ERJ-170-100,0
takeoff,JFK,04L,1787140730.4,2026-08-19T11:58:50Z,40.6264,-73.782181,30.9,acaec8,N916US,A321,AIRBUS A-321,0
landing,JFK,04R,1787140759.21,2026-08-19T11:59:19Z,40.636763,-73.761505,30.9,ad4804,N955JB,A321,AIRBUS A-321,0
takeoff,JFK,31L,1787140761.53,2026-08-19T11:59:21Z,40.635361,-73.782761,343.1,a12861,N174DN,B763,BOEING 767-300,0
takeoff,LGA,13,1787140817.36,2026-08-19T12:00:17Z,40.775448,-73.866547,120.9,a49d22,N397DN,A321,AIRBUS A-321,0
landing,JFK,04R,1787140853.25,2026-08-19T12:00:53Z,40.632614,-73.764755,33.8,a6152a,N491PX,CRJ9,BOMBARDIER Regional Jet CRJ-900,0
takeoff,LGA,13,1787140857.74,2026-08-19T12:00:57Z,40.77673,-73.870575,118.1,a7c849,N600LR,CRJ9,BOMBARDIER Regional Jet CRJ-900,0
takeoff,JFK,04L,1787140866.32,2026-08-19T12:01:06Z,40.62672,-73.781921,30.9,ac801e,N904XJ,CRJ9,BOMBARDIER Regional Jet CRJ-900,0
landing,LGA,22,1787140897.96,2026-08-19T12:01:37Z,40.777863,-73.876955,210.9,a310cf,N297PQ,CRJ9,BOMBARDIER Regional Jet CRJ-900,0
takeoff,LGA,13,1787140911.29,2026-08-19T12:01:51Z,40.776684,-73.870483,120.9,ab15ba,N813NN,B738,BOEING 737-800,0
landing,JFK,04R,1787140932.52,2026-08-19T12:02:12Z,40.635155,-73.762772,30.9,addadb,N992JB,A321,AIRBUS A-321,0
takeoff,LGA,04,1787140998.96,2026-08-19T12:03:18Z,40.775436,-73.877304,56.2,a310cf,N297PQ,CRJ9,BOMBARDIER Regional Jet CRJ-900,0
landing,JFK,04R,1787141041.47,2026-08-19T12:04:01Z,40.632614,-73.764755,30.9,ab6162,N832SK,CRJ9,BOMBARDIER Regional Jet CRJ-900,0
landing,LGA,22,1787141091.01,2026-08-19T12:04:51Z,40.777679,-73.87709,208.1,a1584a,N186PQ,CRJ9,BOMBARDIER Regional Jet CRJ-900,0
takeoff,JFK,04L,1787141108.65,2026-08-19T12:05:08Z,40.627602,-73.781235,30.9,a338ac,N3065J,BCS3,AIRBUS A220-300,0
landing,JFK,04R,1787141130.53,2026-08-19T12:05:30Z,40.634541,-73.763221,30.9,a7858e,N584JB,A320,AIRBUS A-320,0
takeoff,JFK,31L,1787141159.92,2026-08-19T12:05:59Z,40.634855,-73.786895,300.9,a382b3,N325UP,B763,BOEING 767-300,0
landing,LGA,22,1787141182.39,2026-08-19T12:06:22Z,40.775414,-73.878952,210.9,a5307f,N433YX,E75L,EMBRAER ERJ-170-200 (long wing),0
landing,JFK,04R,1787141206.54,2026-08-19T12:06:46Z,40.634552,-73.763237,30.9,a422f7,N366DX,A321,AIRBUS A-321,0
takeoff,JFK,04L,1787141251.74,2026-08-19T12:07:31Z,40.645409,-73.771881,0.0,addadb,N992JB,A321,AIRBUS A-321,0
takeoff,LGA,13,1787141261.22,2026-08-19T12:07:41Z,40.776909,-73.870947,115.3,a1584a,N186PQ,CRJ9,BOMBARDIER Regional Jet CRJ-900,0
landing,LGA,22,1787141275.0,2026-08-19T12:07:55Z,40.777256,-73.877457,210.9,abd41a,N861RW,E170,EMBRAER ERJ-170-100,0
takeoff,JFK,31L,1787141299.38,2026-08-19T12:08:19Z,40.635355,-73.788003,300.9,a01c37,N106NN,A321,AIRBUS A-321,0
takeoff,LGA,04,1787141320.99,2026-08-19T12:08:40Z,40.775471,-73.877441,73.1,abd41a,N861RW,E170,EMBRAER ERJ-170-100,0
landing,JFK,04R,1787141343.29,2026-08-19T12:09:03Z,40.632481,-73.76486,30.9,ab53e4,N829SK,CRJ9,BOMBARDIER Regional Jet CRJ-900,0
landing,LGA,22,1787141367.15,2026-08-19T12:09:27Z,40.776455,-73.878098,210.9,a8a490,N656RW,E170,EMBRAER ERJ-170-100,0
landing,JFK,04R,1787141420.96,2026-08-19T12:10:20Z,40.634434,-73.763321,30.9,a69894,N524JB,A320,AIRBUS A-320,0
landing,LGA,22,1787141455.04,2026-08-19T12:10:55Z,40.774686,-73.879561,210.9,a50192,N421YX,E75L,EMBRAER ERJ-170-200 (long wing),0
takeoff,JFK,31L,1787141490.67,2026-08-19T12:11:30Z,40.635475,-73.788239,300.9,a01112,N103NN,A321,AIRBUS A-321,0
takeoff,LGA,04,1787141542.1,2026-08-19T12:12:22Z,40.775448,-73.877289,67.5,a50192,N421YX,E75L,EMBRAER ERJ-170-200 (long wing),0
takeoff,LGA,13,1787141581.59,2026-08-19T12:13:01Z,40.776775,-73.870697,120.9,ada699,N979RP,E170,EMBRAER ERJ-170-100,0
landing,LGA,22,1787141597.0,2026-08-19T12:13:17Z,40.775311,-73.879059,213.8,ab40ce,N824MD,E170,EMBRAER ERJ-170-100,0
takeoff,JFK,31L,1787141645.67,2026-08-19T12:14:05Z,40.635344,-73.787972,300.9,ad9ac9,N976JT,A321,AIRBUS A-321,0
landing,LGA,22,1787141711.36,2026-08-19T12:15:11Z,40.77562,-73.878799,213.8,a3a084,N33264,B738,BOEING 737-800,0
takeoff,JFK,04L,1787141756.86,2026-08-19T12:15:56Z,40.626606,-73.782028,28.1,a145b7,N181PQ,CRJ9,BOMBARDIER Regional Jet CRJ-900,0
takeoff,LGA,13,1787141777.28,2026-08-19T12:16:17Z,40.775408,-73.867857,129.4,ab40ce,N824MD,E170,EMBRAER ERJ-170-100,0
takeoff,JFK,31L,1787141800.76,2026-08-19T12:16:40Z,40.635509,-73.78833,300.9,ac76a7,N902AN,B738,BOEING 737-800,0
takeoff,JFK,04L,1787141863.71,2026-08-19T12:17:43Z,40.626743,-73.781906,30.9,a4421d,N3736C,B738,BOEING 737-800,0
landing,LGA,22,1787141912.9,2026-08-19T12:18:32Z,40.777409,-73.877329,210.9,a2fe3c,N292PQ,CRJ9,BOMBARDIER Regional Jet CRJ-900,0
takeoff,JFK,31L,1787141947.48,2026-08-19T12:19:07Z,40.635716,-73.788783,300.9,ab9eca,N848NN,B738,BOEING 737-800,0
takeoff,JFK,04L,1787142030.54,2026-08-19T12:20:30Z,40.626698,-73.781937,30.9,a3484e,N310RF,B38M,BOEING 737 MAX 8,0
landing,LGA,22,1787142071.68,2026-08-19T12:21:11Z,40.776688,-73.877922,210.9,a2af3e,N272PQ,CRJ9,BOMBARDIER Regional Jet CRJ-900,0
takeoff,LGA,13,1787142082.72,2026-08-19T12:21:22Z,40.774967,-73.869507,143.4,a3a084,N33264,B738,BOEING 737-800,0
takeoff,JFK,04L,1787142092.4,2026-08-19T12:21:32Z,40.626549,-73.782074,30.9,adbe91,N985JT,A321,AIRBUS A-321,0
takeoff,LGA,13,1787142093.21,2026-08-19T12:21:33Z,40.775512,-73.866655,120.9,a2fe3c,N292PQ,CRJ9,BOMBARDIER Regional Jet CRJ-900,0
takeoff,JFK,31L,1787142103.91,2026-08-19T12:21:43Z,40.635402,-73.788128,300.9,a7a59f,N592JB,A320,AIRBUS A-320,0
takeoff,JFK,04L,1787142113.57,2026-08-19T12:21:53Z,40.644173,-73.770218,354.4,a1a0a1,N2038J,A21N,AIRBUS A-321neo,0
landing,JFK,04R,1787142122.38,2026-08-19T12:22:02Z,40.633493,-73.764033,30.9,a83876,N629JB,A320,AIRBUS A-320,0
landing,LGA,22,1787142171.21,2026-08-19T12:22:51Z,40.777037,-73.877626,210.9,a071c2,N128DN,A321,AIRBUS A-321,0
takeoff,JFK,04L,1787142221.46,2026-08-19T12:23:41Z,40.62331,-73.784607,30.9,a04aa9,N118HQ,E75L,EMBRAER ERJ-170-200 (long wing),0
takeoff,JFK,31L,1787142279.42,2026-08-19T12:24:39Z,40.635413,-73.788128,300.9,a97dcb,N710TW,B752,BOEING 757-200,0
takeoff,LGA,13,1787142289.43,2026-08-19T12:24:49Z,40.775459,-73.866547,120.9,a2af3e,N272PQ,CRJ9,BOMBARDIER Regional Jet CRJ-900,0
takeoff,LGA,04,1787142310.2,2026-08-19T12:25:10Z,40.774779,-73.874442,70.3,ab84c9,N841NN,B738,BOEING 737-800,0
landing,JFK,04R,1787142336.04,2026-08-19T12:25:36Z,40.636228,-73.761942,30.9,a4d65c,N410YX,E75L,EMBRAER ERJ-170-200 (long wing),0
landing,LGA,22,1787142354.44,2026-08-19T12:25:54Z,40.777223,-73.87747,210.9,a046f2,N117HQ,E75L,EMBRAER ERJ-170-200 (long wing),0
takeoff,LGA,22,1787142365.68,2026-08-19T12:26:05Z,40.775966,-73.878328,188.4,a046f2,N117HQ,E75L,EMBRAER ERJ-170-200 (long wing),0
takeoff,JFK,04L,1787142394.39,2026-08-19T12:26:34Z,40.627052,-73.781677,30.9,acc040,N920XJ,CRJ9,BOMBARDIER Regional Jet CRJ-900,0
takeoff,JFK,31L,1787142430.25,2026-08-19T12:27:10Z,40.635372,-73.78804,300.9,a3f4d7,N354NB,A319,AIRBUS A-319,0
landing,JFK,04R,1787142431.39,2026-08-19T12:27:11Z,40.635189,-73.762741,30.9,aab2bf,N789JB,A320,AIRBUS A-320,0
takeoff,JFK,04L,1787142514.98,2026-08-19T12:28:34Z,40.627407,-73.781387,30.9,acaf0b,N916XJ,CRJ9,BOMBARDIER Regional Jet CRJ-900,0
landing,LGA,04,1787142557.45,2026-08-19T12:29:17Z,40.772186,-73.880142,30.9,c0618c,C-GKYL,E295,EMBRAER ERJ-190-400,0
takeoff,JFK,31L,1787142564.48,2026-08-19T12:29:24Z,40.635623,-73.78858,300.9,a36a19,N319UY,B38M,BOEING 737 MAX 8,0
landing,LGA,22,1787142569.48,2026-08-19T12:29:29Z,40.778806,-73.87619,210.9,c05efa,C-GJZD,DH8D,DE HAVILLAND DHC-8-400 Dash 8,0
takeoff,JFK,04L,1787142571.56,2026-08-19T12:29:31Z,40.626297,-73.782288,30.9,4cc4f1,TF-ISP,B763,BOEING 767-300,0
landing,JFK,04R,1787142571.73,2026-08-19T12:29:31Z,40.636147,-73.76202,28.1,a1a924,N206JQ,E75L,EMBRAER ERJ-170-200 (long wing),0
takeoff,JFK,04R,1787142572.38,2026-08-19T12:29:32Z,40.636251,-73.761942,28.1,a1a924,N206JQ,E75L,EMBRAER ERJ-170-200 (long wing),0
landing,JFK,04R,1787142573.36,2026-08-19T12:29:33Z,40.636461,-73.761786,28.1,a1a924,N206JQ,E75L,EMBRAER ERJ-170-200 (long wing),0
takeoff,JFK,31R,1787142587.43,2026-08-19T12:29:47Z,40.653627,-73.784305,264.4,a4d65c,N410YX,E75L,EMBRAER ERJ-170-200 (long wing),0
takeoff,JFK,04L,1787142645.73,2026-08-19T12:30:45Z,40.627081,-73.781636,29.6,4072ea,G-VWOO,B789,BOEING 787-9 Dreamliner,0
landing,JFK,04R,1787142664.1,2026-08-19T12:31:04Z,40.633935,-73.763705,30.9,acab54,N915XJ,CRJ9,BOMBARDIER Regional Jet CRJ-900,0
landing,LGA,22,1787142715.27,2026-08-19T12:31:55Z,40.775268,-73.879077,210.9,ac26cf,N882RW,E170,EMBRAER ERJ-170-100,0
landing,LGA,22,1787142795.53,2026-08-19T12:33:15Z,40.777782,-73.877029,213.8,aaa68a,N7858A,B737,BOEING 737-700,0
takeoff,JFK,04L,1787142807.57,2026-08-19T12:33:27Z,40.626068,-73.782432,30.9,a6c70f,N536DN,A21N,AIRBUS A-321neo,0
takeoff,LGA,13,1787142811.34,2026-08-19T12:33:31Z,40.776653,-73.870447,120.9,a6d9c3,N540UW,A321,AIRBUS A-321,0
takeoff,LGA,13,1787142864.81,2026-08-19T12:34:24Z,40.775368,-73.867798,132.2,a0144e,N104HQ,E75L,EMBRAER ERJ-170-200 (long wing),0
takeoff,LGA,13,1787142866.6,2026-08-19T12:34:26Z,40.776947,-73.869675,120.9,a4ddca,N412YX,E75L,EMBRAER ERJ-170-200 (long wing),0
takeoff,JFK,31L,1787142868.79,2026-08-19T12:34:28Z,40.635635,-73.788605,300.9,ac5488,N894DN,B739,BOEING 737-900,0
takeoff,JFK,04L,1787142877.79,2026-08-19T12:34:37Z,40.626446,-73.782135,30.9,a38a3a,N327VP,B38M,BOEING 737 MAX 8,0
takeoff,LGA,04,1787142878.42,2026-08-19T12:34:38Z,40.775436,-73.877258,75.9,aaa68a,N7858A,B737,BOEING 737-700,0
landing,JFK,04R,1787142890.53,2026-08-19T12:34:50Z,40.634913,-73.762972,30.9,ac7c67,N903XJ,CRJ9,BOMBARDIER Regional Jet CRJ-900,0
landing,LGA,22,1787142914.14,2026-08-19T12:35:14Z,40.774761,-73.879456,205.3,a5255a,N430YX,E75L,EMBRAER ERJ-170-200 (long wing),0
takeoff,LGA,13,1787142918.46,2026-08-19T12:35:18Z,40.775505,-73.866669,123.8,ac26cf,N882RW,E170,EMBRAER ERJ-170-100,0
takeoff,JFK,04L,1787142937.28,2026-08-19T12:35:37Z,40.626366,-73.782211,30.9,a69bcd,N525DA,A21N,AIRBUS A-321neo,0
takeoff,JFK,31L,1787142989.17,2026-08-19T12:36:29Z,40.633703,-73.784367,300.9,a4e8ef,N415YX,E75L,EMBRAER ERJ-170-200 (long wing),0
landing,LGA,22,1787143013.05,2026-08-19T12:36:53Z,40.777607,-73.877158,210.9,a77d89,N582CA,CRJ9,BOMBARDIER Regional Jet CRJ-900,0
landing,JFK,04R,1787143036.27,2026-08-19T12:37:16Z,40.636612,-73.761614,28.1,a1e58f,N221JQ,E75L,EMBRAER ERJ-170-200 (long wing),0
takeoff,JFK,04L,1787143067.47,2026-08-19T12:37:47Z,40.627953,-73.780965,30.9,a38019,N3244J,BCS3,,0
takeoff,LGA,13,1787143094.25,2026-08-19T12:38:14Z,40.777049,-73.869886,122.5,a52fb2,N433QS,E55P,EMBRAER EMB-505 Phenom 300,0
takeoff,LGA,04,1787143120.51,2026-08-19T12:38:40Z,40.775459,-73.877197,73.1,a77d89,N582CA,CRJ9,BOMBARDIER Regional Jet CRJ-900,0
landing,LGA,22,1787143135.58,2026-08-19T12:38:55Z,40.775951,-73.878525,210.9,a24720,N246JQ,E75L,EMBRAER ERJ-170-200 (long wing),0
takeoff,JFK,31L,1787143159.22,2026-08-19T12:39:19Z,40.635464,-73.788223,300.9,a437ce,N371DA,B738,BOEING 737-800,0
takeoff,LGA,13,1787143181.21,2026-08-19T12:39:41Z,40.775505,-73.866653,120.9,a8847f,N648RW,E170,EMBRAER ERJ-170-100,0
takeoff,JFK,04L,1787143182.95,2026-08-19T12:39:42Z,40.627155,-73.781586,30.9,ab1ffe,N816DN,B739,BOEING 737-900,0
landing,JFK,04R,1787143192.35,2026-08-19T12:39:52Z,40.633816,-73.763809,30.9,ac754b,N9010R,A319,AIRBUS A-319,0
landing,LGA,22,1787143214.0,2026-08-19T12:40:14Z,40.776306,-73.878235,210.9,a6ce58,N538CA,CRJ9,BOMBARDIER Regional Jet CRJ-900,0
takeoff,JFK,04L,1787143247.43,2026-08-19T12:40:47Z,40.625942,-73.782532,30.9,a7bb77,N598DN,A21N,AIRBUS A-321neo,0
landing,LGA,22,1787143293.01,2026-08-19T12:41:33Z,40.777956,-73.876892,213.8,a14502,N181GJ,CRJ9,BOMBARDIER Regional Jet CRJ-900,0
takeoff,JFK,31L,1787143308.51,2026-08-19T12:41:48Z,40.635292,-73.787842,300.9,aca99c,N915DU,B739,BOEING 737-900,0
takeoff,JFK,04L,1787143309.12,2026-08-19T12:41:49Z,40.627636,-73.781219,30.9,a38367,N3251J,BCS3,,0
landing,JFK,04R,1787143326.32,2026-08-19T12:42:06Z,40.637867,-73.760635,30.9,e80242,CC-CXG,B763,BOEING 767-300,0
takeoff,LGA,13,1787143337.64,2026-08-19T12:42:17Z,40.775505,-73.866638,120.9,a24720,N246JQ,E75L,EMBRAER ERJ-170-200 (long wing),0
landing,LGA,22,1787143377.6,2026-08-19T12:42:57Z,40.775311,-73.879074,210.9,ab129a,N812UP,B38M,BOEING 737 MAX 8,0
takeoff,LGA,13,1787143381.6,2026-08-19T12:43:01Z,40.772265,-73.859867,123.8,a5106e,N425YX,E75L,EMBRAER ERJ-170-200 (long wing),0
takeoff,LGA,13,1787143414.44,2026-08-19T12:43:34Z,40.775454,-73.866546,123.8,abd7d1,N862RW,E170,EMBRAER ERJ-170-100,0
takeoff,JFK,04L,1787143429.11,2026-08-19T12:43:49Z,40.623531,-73.784429,30.9,a52cc8,N432YX,E75L,EMBRAER ERJ-170-200 (long wing),0
takeoff,LGA,13,1787143431.95,2026-08-19T12:43:51Z,40.775608,-73.866867,118.1,a6ce58,N538CA,CRJ9,BOMBARDIER Regional Jet CRJ-900,0
landing,JFK,04R,1787143454.0,2026-08-19T12:44:14Z,40.634983,-73.762909,30.9,a34d98,N3115J,BCS3,AIRBUS A220-300,0
landing,LGA,22,1787143466.12,2026-08-19T12:44:26Z,40.777735,-73.877064,210.9,a7a956,N593JB,A320,AIRBUS A-320,0
takeoff,JFK,31L,1787143477.63,2026-08-19T12:44:37Z,40.635509,-73.788345,300.9,a13748,N178DZ,B763,BOEING 767-300,0
takeoff,JFK,04L,1787143497.92,2026-08-19T12:44:57Z,40.626434,-73.78215,30.9,a6b470,N531DA,A21N,AIRBUS A-321neo,0
takeoff,JFK,04L,1787143587.18,2026-08-19T12:46:27Z,40.627523,-73.781324,30.9,a37c1c,N3232J,BCS3,,0
takeoff,LGA,13,1787143590.11,2026-08-19T12:46:30Z,40.775494,-73.866638,123.8,a14502,N181GJ,CRJ9,BOMBARDIER Regional Jet CRJ-900,0
landing,LGA,22,1787143603.36,2026-08-19T12:46:43Z,40.776013,-73.878484,210.9,ad5fea,N961AN,B738,BOEING 737-800,0
takeoff,JFK,31L,1787143634.89,2026-08-19T12:47:14Z,40.636059,-73.789551,300.9,a38fa4,N3289J,,,0
landing,LGA,22,1787143702.48,2026-08-19T12:48:22Z,40.77656,-73.878047,210.9,a20957,N230JQ,E75L,EMBRAER ERJ-170-200 (long wing),0
takeoff,JFK,04L,1787143731.8,2026-08-19T12:48:51Z,40.626583,-73.782028,30.9,a6b833,N532DN,A21N,AIRBUS A-321neo,0
landing,LGA,22,1787143786.87,2026-08-19T12:49:46Z,40.776292,-73.878266,210.9,a41743,N36280,B738,BOEING 737-800,0
takeoff,LGA,13,1787143811.57,2026-08-19T12:50:11Z,40.772255,-73.859848,120.9,ada521,N979AN,B738,BOEING 737-800,0
takeoff,JFK,31L,1787143818.77,2026-08-19T12:50:18Z,40.634308,-73.78569,300.9,a7816a,N583DT,A21N,,0
takeoff,JFK,22R,1787143823.06,2026-08-19T12:50:23Z,40.637661,-73.776474,253.1,e80242,CC-CXG,B763,BOEING 767-300,0
takeoff,JFK,04L,1787143834.08,2026-08-19T12:50:34Z,40.627046,-73.781667,30.9,a1a458,N2048J,A21N,AIRBUS A-321neo,0
takeoff,JFK,22R,1787143841.1,2026-08-19T12:50:41Z,40.644344,-73.7724,255.9,a34d98,N3115J,BCS3,AIRBUS A220-300,0
takeoff,JFK,31L,1787143941.45,2026-08-19T12:52:21Z,40.635192,-73.78766,300.9,a36b2d,N3194J,BCS3,,0
takeoff,JFK,04L,1787143943.37,2026-08-19T12:52:23Z,40.626487,-73.78212,30.9,a7a532,N592DT,A21N,AIRBUS A-321neo,0
takeoff,LGA,13,1787143953.12,2026-08-19T12:52:33Z,40.775482,-73.866608,123.8,a20957,N230JQ,E75L,EMBRAER ERJ-170-200 (long wing),0
takeoff,JFK,13L,1787144010.44,2026-08-19T12:53:30Z,40.646702,-73.772912,160.3,a83876,N629JB,A320,AIRBUS A-320,0
takeoff,LGA,13,1787144030.83,2026-08-19T12:53:50Z,40.775425,-73.866486,120.9,abe450,N8654B,B738,BOEING 737-800,0
takeoff,JFK,31L,1787144067.7,2026-08-19T12:54:27Z,40.633724,-73.784409,300.9,a1be10,N211JQ,E75L,EMBRAER ERJ-170-200 (long wing),0
takeoff,LGA,13,1787144073.0,2026-08-19T12:54:33Z,40.775505,-73.866653,120.9,a3c163,N341DU,BCS3,AIRBUS A220-300,0
landing,JFK,04R,1787144096.34,2026-08-19T12:54:56Z,40.636173,-73.762024,29.6,e8020d,CC-BBI,B788,BOEING 787-8 Dreamliner,0
takeoff,LGA,13,1787144112.32,2026-08-19T12:55:12Z,40.775501,-73.866655,123.8,a0232a,N108HQ,E75L,EMBRAER ERJ-170-200 (long wing),0
takeoff,JFK,04L,1787144130.18,2026-08-19T12:55:30Z,40.627132,-73.781601,25.3,a095aa,N137EV,CRJ9,BOMBARDIER Regional Jet CRJ-900,0
landing,LGA,22,1787144184.42,2026-08-19T12:56:24Z,40.775035,-73.87928,210.9,abc2e5,N857RW,E170,EMBRAER ERJ-170-100,0
takeoff,JFK,04L,1787144205.6,2026-08-19T12:56:45Z,40.626964,-73.78173,30.9,ad3581,N950JT,A321,AIRBUS A-321,0
takeoff,LGA,13,1787144215.73,2026-08-19T12:56:55Z,40.775489,-73.866608,123.8,a14c70,N183GJ,CRJ9,BOMBARDIER Regional Jet CRJ-900,0
takeoff,JFK,04L,1787144261.01,2026-08-19T12:57:41Z,40.626906,-73.781776,30.9,a15795,N186GJ,CRJ9,BOMBARDIER Regional Jet CRJ-900,0
landing,JFK,04R,1787144266.09,2026-08-19T12:57:46Z,40.634319,-73.763424,30.9,a5e3e4,N479PX,CRJ9,BOMBARDIER Regional Jet CRJ-900,0
landing,JFK,04R,1787144364.99,2026-08-19T12:59:24Z,40.636333,-73.761879,30.9,adf128,N998JE,A321,AIRBUS A-321,0
takeoff,JFK,04L,1787144451.35,2026-08-19T13:00:51Z,40.62679,-73.781901,25.3,a09961,N138EV,CRJ9,BOMBARDIER Regional Jet CRJ-900,0
landing,JFK,04R,1787144524.05,2026-08-19T13:02:04Z,40.636007,-73.762082,30.9,a06aba,N126HQ,E75L,EMBRAER ERJ-170-200 (long wing),0
takeoff,JFK,31L,1787144524.96,2026-08-19T13:02:04Z,40.634949,-73.787109,300.9,a1d99b,N2180J,A21N,AIRBUS A-321neo,0
takeoff,JFK,22R,1787144533.85,2026-08-19T13:02:13Z,40.640662,-73.774098,250.3,a5e3e4,N479PX,CRJ9,BOMBARDIER Regional Jet CRJ-900,0
takeoff,JFK,04L,1787144564.63,2026-08-19T13:02:44Z,40.627558,-73.781261,30.9,3c68cb,D-AJFK,A333,AIRBUS A-330-300,0
takeoff,JFK,31L,1787144678.35,2026-08-19T13:04:38Z,40.636311,-73.7901,300.9,a35cba,N3157J,BCS3,AIRBUS A220-300,0
takeoff,LGA,22,1787144682.52,2026-08-19T13:04:42Z,40.776816,-73.876315,210.9,abc2e5,N857RW,E170,EMBRAER ERJ-170-100,0
landing,LGA,22,1787144696.1,2026-08-19T13:04:56Z,40.777142,-73.877563,208.1,a35e6f,N316PQ,CRJ9,BOMBARDIER Regional Jet CRJ-900,0
landing,JFK,04R,1787144742.39,2026-08-19T13:05:42Z,40.636803,-73.761444,30.9,8964b6,A6-EVH,A388,AIRBUS A-380-800,0
takeoff,LGA,04,1787144786.17,2026-08-19T13:06:26Z,40.775482,-73.877182,73.1,a35e6f,N316PQ,CRJ9,BOMBARDIER Regional Jet CRJ-900,0
landing,LGA,22,1787144788.88,2026-08-19T13:06:28Z,40.776653,-73.877954,210.9,a3ad6d,N336PQ,CRJ9,BOMBARDIER Regional Jet CRJ-900,0
takeoff,JFK,04L,1787144841.36,2026-08-19T13:07:21Z,40.627533,-73.781296,30.9,a44357,N374HA,A332,AIRBUS A-330-200,0
takeoff,JFK,22R,1787144878.9,2026-08-19T13:07:58Z,40.644421,-73.771414,255.9,aab2bf,N789JB,A320,AIRBUS A-320,0
takeoff,LGA,13,1787144890.54,2026-08-19T13:08:10Z,40.776758,-73.870635,120.9,a5307f,N433YX,E75L,EMBRAER ERJ-170-200 (long wing),0
landing,JFK,04R,1787144908.93,2026-08-19T13:08:28Z,40.634541,-73.763253,30.9,acb679,N918XJ,CRJ9,BOMBARDIER Regional Jet CRJ-900,0
landing,LGA,22,1787144916.55,2026-08-19T13:08:36Z,40.774733,-73.879499,210.9,a09239,N136HQ,E75L,EMBRAER ERJ-170-200 (long wing),0
takeoff,JFK,04L,1787144917.94,2026-08-19T13:08:37Z,40.626617,-73.782013,30.9,a120fe,N172DZ,B763,BOEING 767-300,0
takeoff,JFK,31R,1787144949.84,2026-08-19T13:09:09Z,40.653604,-73.784351,261.6,a06aba,N126HQ,E75L,EMBRAER ERJ-170-200 (long wing),0
takeoff,LGA,13,1787144967.03,2026-08-19T13:09:27Z,40.776993,-73.871124,120.9,a3ad6d,N336PQ,CRJ9,BOMBARDIER Regional Jet CRJ-900,0
landing,JFK,04R,1787144982.51,2026-08-19T13:09:42Z,40.634948,-73.762909,30.9,aca29a,N913JB,A321,AIRBUS A-321,0
landing,LGA,22,1787144991.69,2026-08-19T13:09:51Z,40.775,-73.879311,210.9,ac2c23,N88359,E75L,EMBRAER ERJ-170-200 (long wing),0
landing,JFK,04R,1787145061.47,2026-08-19T13:11:01Z,40.634925,-73.762956,30.9,a97310,N708JB,A320,AIRBUS A-320,0
takeoff,JFK,04L,1787145066.45,2026-08-19T13:11:06Z,40.626492,-73.782104,30.9,aaf8f1,N806JB,A320,AIRBUS A-320,0
landing,LGA,22,1787145099.92,2026-08-19T13:11:39Z,40.780941,-73.874435,213.8,acacfb,N916AF,PC12,PILATUS PC-12,0
takeoff,JFK,22R,1787145110.33,2026-08-19T13:11:50Z,40.640694,-73.774124,253.1,acb679,N918XJ,CRJ9,BOMBARDIER Regional Jet CRJ-900,0
takeoff,LGA,13,1787145158.1,2026-08-19T13:12:38Z,40.775517,-73.866699,120.9,a8a490,N656RW,E170,EMBRAER ERJ-170-100,0
landing,LGA,22,1787145193.35,2026-08-19T13:13:13Z,40.775288,-73.879059,213.8,a210c5,N232JQ,E75L,EMBRAER ERJ-170-200 (long wing),0
landing,JFK,04R,1787145199.8,2026-08-19T13:13:19Z,40.636577,-73.761645,30.9,a1a1b6,N204JQ,E75L,EMBRAER ERJ-170-200 (long wing),0
takeoff,JFK,04L,1787145216.52,2026-08-19T13:13:36Z,40.623543,-73.784414,30.9,a01097,N103HQ,E75L,EMBRAER ERJ-170-200 (long wing),0
takeoff,JFK,22R,1787145243.11,2026-08-19T13:14:03Z,40.644352,-73.772335,253.1,a97310,N708JB,A320,AIRBUS A-320,0
landing,LGA,22,1787145302.74,2026-08-19T13:15:02Z,40.777519,-73.877243,210.9,a7cc00,N601LR,CRJ9,BOMBARDIER Regional Jet CRJ-900,0
takeoff,JFK,04L,1787145304.64,2026-08-19T13:15:04Z,40.627953,-73.780981,30.9,a3401a,N3085J,BCS3,AIRBUS A220-300,0
takeoff,LGA,13,1787145348.89,2026-08-19T13:15:48Z,40.777142,-73.870087,123.8,a210c5,N232JQ,E75L,EMBRAER ERJ-170-200 (long wing),0
takeoff,JFK,04L,1787145367.88,2026-08-19T13:16:07Z,40.627808,-73.781082,30.9,a392f2,N3296J,BCS3,AIRBUS A220-300,0
landing,JFK,04R,1787145380.72,2026-08-19T13:16:20Z,40.638451,-73.760193,30.9,06a064,A7-BAO,B77W,BOEING 777-300ER,0
landing,LGA,22,1787145382.33,2026-08-19T13:16:22Z,40.778309,-73.876541,208.1,a148b9,N182GJ,CRJ9,BOMBARDIER Regional Jet CRJ-900,0
landing,LGA,22,1787145466.86,2026-08-19T13:17:46Z,40.776257,-73.878281,210.9,a4e181,N413YX,E75L,EMBRAER ERJ-170-200 (long wing),0
landing,JFK,04R,1787145492.78,2026-08-19T13:18:12Z,40.634692,-73.763081,30.9,8015f7,VT-JRA,A359,AIRBUS A-350-900,0
takeoff,LGA,13,1787145509.38,2026-08-19T13:18:29Z,40.776734,-73.870588,118.1,a7cc00,N601LR,CRJ9,BOMBARDIER Regional Jet CRJ-900,0
takeoff,JFK,04L,1787145526.06,2026-08-19T13:18:46Z,40.627281,-73.781494,30.9,a13386,N177DN,B763,BOEING 767-300,0
takeoff,LGA,13,1787145537.18,2026-08-19T13:18:57Z,40.776718,-73.870575,118.1,a148b9,N182GJ,CRJ9,BOMBARDIER Regional Jet CRJ-900,0
landing,LGA,22,1787145543.35,2026-08-19T13:19:03Z,40.777177,-73.877532,210.9,a451db,N378DN,A321,AIRBUS A-321,0
takeoff,LGA,13,1787145558.17,2026-08-19T13:19:18Z,40.775436,-73.866486,123.8,ac1f61,N880RW,E170,EMBRAER ERJ-170-100,0
takeoff,LGA,04,1787145573.62,2026-08-19T13:19:33Z,40.775459,-73.877289,75.9,a4e181,N413YX,E75L,EMBRAER ERJ-170-200 (long wing),0
takeoff,JFK,22R,1787145637.19,2026-08-19T13:20:37Z,40.637683,-73.776377,250.3,a1a1b6,N204JQ,E75L,EMBRAER ERJ-170-200 (long wing),0
landing,LGA,22,1787145645.45,2026-08-19T13:20:45Z,40.778189,-73.876674,210.9,a0f73c,N161UW,A321,AIRBUS A-321,0
landing,JFK,04R,1787145650.7,2026-08-19T13:20:50Z,40.637124,-73.761255,25.3,a4c527,N406YX,E75L,EMBRAER ERJ-170-200 (long wing),0
landing,JFK,04R,1787145699.52,2026-08-19T13:21:39Z,40.634159,-73.76355,30.9,a7ad0d,N594JB,A320,AIRBUS A-320,0
landing,LGA,22,1787145725.37,2026-08-19T13:22:05Z,40.778759,-73.87619,210.9,ab4383,N825AW,A319,AIRBUS A-319,0
takeoff,LGA,13,1787145744.27,2026-08-19T13:22:24Z,40.775326,-73.867732,129.4,a451db,N378DN,A321,AIRBUS A-321,0
landing,LGA,22,1787145784.87,2026-08-19T13:23:04Z,40.774663,-73.879592,210.9,a44533,N3741S,B738,BOEING 737-800,0
takeoff,LGA,04,1787145812.85,2026-08-19T13:23:32Z,40.776077,-73.87677,56.2,a0f73c,N161UW,A321,AIRBUS A-321,0
landing,JFK,04R,1787145830.49,2026-08-19T13:23:50Z,40.634708,-73.763123,30.9,a66576,N511DE,A21N,AIRBUS A-321neo,0
takeoff,JFK,04L,1787145869.77,2026-08-19T13:24:29Z,40.626801,-73.78187,30.9,aaf53a,N805JB,A320,AIRBUS A-320,0
takeoff,LGA,04,1787145873.86,2026-08-19T13:24:33Z,40.775478,-73.87722,70.3,ab4383,N825AW,A319,AIRBUS A-319,0
takeoff,JFK,13L,1787145879.6,2026-08-19T13:24:39Z,40.647459,-73.774567,154.7,adf128,N998JE,A321,AIRBUS A-321,0
takeoff,LGA,04,1787145879.65,2026-08-19T13:24:39Z,40.774349,-73.878359,30.9,a44533,N3741S,B738,BOEING 737-800,0
takeoff,JFK,22R,1787145880.5,2026-08-19T13:24:40Z,40.627325,-73.783337,208.1,a31486,N298PQ,CRJ9,BOMBARDIER Regional Jet CRJ-900,0
takeoff,JFK,31R,1787145882.49,2026-08-19T13:24:42Z,40.647594,-73.770706,315.0,a7ad0d,N594JB,A320,AIRBUS A-320,0
takeoff,JFK,04L,1787145882.49,2026-08-19T13:24:42Z,40.622344,-73.78535,39.4,ab53e4,N829SK,CRJ9,BOMBARDIER Regional Jet CRJ-900,0
takeoff,JFK,04L,1787146178.3,2026-08-19T13:29:38Z,40.626557,-73.782057,30.9,ade609,N995JL,A321,AIRBUS A-321,0
landing,LGA,04,1787146190.25,2026-08-19T13:29:50Z,40.772163,-73.880173,33.8,ac1951,N879RW,E170,EMBRAER ERJ-170-100,0
landing,LGA,13,1787146199.94,2026-08-19T13:29:59Z,40.777375,-73.870588,120.9,a39723,N330PQ,CRJ9,BOMBARDIER Regional Jet CRJ-900,0
landing,JFK,04R,1787146202.19,2026-08-19T13:30:02Z,40.634995,-73.762878,30.9,a65086,N506DA,A21N,AIRBUS A-321neo,0
landing,LGA,22,1787146223.85,2026-08-19T13:30:23Z,40.777654,-73.877127,210.9,ac536c,N8934Q,B38M,BOEING 737 MAX 8,0
landing,LGA,22,1787146303.36,2026-08-19T13:31:43Z,40.776512,-73.878067,210.9,a475a3,N387DN,A321,AIRBUS A-321,0
takeoff,JFK,04L,1787146312.59,2026-08-19T13:31:52Z,40.626869,-73.781815,30.9,a19cc7,N2027J,A21N,AIRBUS A-321neo,0
takeoff,LGA,13,1787146315.29,2026-08-19T13:31:55Z,40.775494,-73.866608,123.8,a377a2,N322VJ,B38M,BOEING 737 MAX 8,0
landing,JFK,04R,1787146324.44,2026-08-19T13:32:04Z,40.634482,-73.763284,30.9,aca79d,N914XJ,CRJ9,BOMBARDIER Regional Jet CRJ-900,0
landing,JFK,04R,1787146405.49,2026-08-19T13:33:25Z,40.633965,-73.763718,30.9,a85c3e,N638JB,A320,AIRBUS A-320,0
landing,LGA,22,1787146462.38,2026-08-19T13:34:22Z,40.777735,-73.877048,210.9,a5b954,N468WN,B737,BOEING 737-700,0
takeoff,JFK,04L,1787146467.23,2026-08-19T13:34:27Z,40.626789,-73.781876,30.9,aa4d77,N763JB,A320,AIRBUS A-320,0
landing,LGA,04,1787146470.26,2026-08-19T13:34:30Z,40.772417,-73.879951,33.8,a53f5b,N437YX,E75L,EMBRAER ERJ-170-200 (long wing),0
landing,JFK,04R,1787146495.98,2026-08-19T13:34:55Z,40.635984,-73.762098,30.9,acf4e8,N934DZ,B739,,0
landing,LGA,22,1787146540.58,2026-08-19T13:35:40Z,40.776512,-73.878067,210.9,a466d2,N383DZ,A321,AIRBUS A-321,0
takeoff,LGA,04,1787146561.56,2026-08-19T13:36:01Z,40.775436,-73.877304,67.5,a5b954,N468WN,B737,BOEING 737-700,0
landing,JFK,04R,1787146593.68,2026-08-19T13:36:33Z,40.635281,-73.762665,30.9,a449e5,N3758Y,B738,BOEING 737-800,0
takeoff,LGA,13,1787146597.97,2026-08-19T13:36:37Z,40.77663,-73.870369,120.9,ac536c,N8934Q,B38M,BOEING 737 MAX 8,0
landing,LGA,22,1787146613.22,2026-08-19T13:36:53Z,40.778114,-73.87677,213.8,a2ce2d,N280C,G280,GULFSTREAM G280,8
takeoff,JFK,04L,1787146637.69,2026-08-19T13:37:17Z,40.626915,-73.781784,30.9,ad2f71,N949JT,A321,AIRBUS A-321,0
takeoff,LGA,31,1787146646.85,2026-08-19T13:37:26Z,40.774899,-73.871353,329.1,a53f5b,N437YX,E75L,EMBRAER ERJ-170-200 (long wing),0
landing,LGA,22,1787146693.78,2026-08-19T13:38:13Z,40.777187,-73.877502,213.8,c013c3,C-FHMO,B06,BELL 206 JetRanger,0
takeoff,JFK,22R,1787146699.41,2026-08-19T13:38:19Z,40.637638,-73.776489,250.3,aca79d,N914XJ,CRJ9,BOMBARDIER Regional Jet CRJ-900,0
takeoff,JFK,04L,1787146718.32,2026-08-19T13:38:38Z,40.626662,-73.781964,30.9,a3fcd6,N356TX,B38M,,0
landing,JFK,04R,1787146723.58,2026-08-19T13:38:43Z,40.635728,-73.762301,32.4,020122,CN-RGT,B788,BOEING 787-8 Dreamliner,0
takeoff,JFK,04L,1787146779.16,2026-08-19T13:39:39Z,40.626801,-73.781876,30.9,ad2baa,N948JB,A321,AIRBUS A-321,0
takeoff,LGA,04,1787146799.8,2026-08-19T13:39:59Z,40.775425,-73.877228,70.3,c013c3,C-FHMO,B06,BELL 206 JetRanger,0
takeoff,LGA,13,1787146826.86,2026-08-19T13:40:26Z,40.776397,-73.869886,120.9,a466d2,N383DZ,A321,AIRBUS A-321,0
takeoff,JFK,04L,1787146835.3,2026-08-19T13:40:35Z,40.626686,-73.781967,28.1,a5fc87,N485PX,CRJ9,BOMBARDIER Regional Jet CRJ-900,0
landing,LGA,22,1787146851.21,2026-08-19T13:40:51Z,40.774487,-73.87973,210.9,ad7634,N967AN,B738,BOEING 737-800,0
takeoff,LGA,13,1787146860.61,2026-08-19T13:41:00Z,40.775489,-73.866608,120.9,a39723,N330PQ,CRJ9,BOMBARDIER Regional Jet CRJ-900,0
takeoff,JFK,04L,1787146892.12,2026-08-19T13:41:32Z,40.626984,-73.781708,30.9,acf0db,N933AN,B738,BOEING 737-800,0
takeoff,LGA,13,1787146898.83,2026-08-19T13:41:38Z,40.775396,-73.866437,123.8,ac1951,N879RW,E170,EMBRAER ERJ-170-100,0
takeoff,LGA,13,1787146923.25,2026-08-19T13:42:03Z,40.775482,-73.866608,120.9,a475a3,N387DN,A321,AIRBUS A-321,0
landing,LGA,22,1787146931.36,2026-08-19T13:42:11Z,40.775419,-73.878937,210.9,ab3d17,N823MD,E170,EMBRAER ERJ-170-100,0
takeoff,JFK,04L,1787146943.32,2026-08-19T13:42:23Z,40.627155,-73.781601,30.9,a6152a,N491PX,CRJ9,BOMBARDIER Regional Jet CRJ-900,0
landing,JFK,04R,1787146948.88,2026-08-19T13:42:28Z,40.636024,-73.762054,30.9,a1a3cc,N2044J,A21N,AIRBUS A-321neo,0
landing,LGA,22,1787146989.25,2026-08-19T13:43:09Z,40.777165,-73.877501,210.9,ab52a2,N829DN,B739,BOEING 737-900,0
takeoff,LGA,04,1787147011.88,2026-08-19T13:43:31Z,40.775373,-73.877517,39.4,ab3d17,N823MD,E170,EMBRAER ERJ-170-100,0
takeoff,LGA,04,1787147057.64,2026-08-19T13:44:17Z,40.774965,-73.874754,75.9,ad7634,N967AN,B738,BOEING 737-800,0
takeoff,LGA,13,1787147132.05,2026-08-19T13:45:32Z,40.77832,-73.873917,78.8,ab52a2,N829DN,B739,BOEING 737-900,0
landing,JFK,04R,1787147133.22,2026-08-19T13:45:33Z,40.635635,-73.762379,30.9,aaed5a,N803DN,B739,BOEING 737-900,0
takeoff,JFK,04L,1787147141.28,2026-08-19T13:45:41Z,40.62253,-73.785225,30.9,ad7e6f,N969JT,A321,AIRBUS A-321,0
takeoff,JFK,22R,1787147142.73,2026-08-19T13:45:42Z,40.636624,-73.777064,210.9,acf4e8,N934DZ,B739,,0
landing,LGA,22,1787147206.86,2026-08-19T13:46:46Z,40.774944,-73.879364,210.9,a22ac6,N239JQ,E75L,EMBRAER ERJ-170-200 (long wing),0
takeoff,JFK,04L,1787147209.89,2026-08-19T13:46:49Z,40.622417,-73.785278,28.1,a02c40,N110AN,A321,AIRBUS A-321,0
takeoff,JFK,13R,1787147210.14,2026-08-19T13:46:50Z,40.636196,-73.781677,81.6,a449e5,N3758Y,B738,BOEING 737-800,0
landing,JFK,04R,1787147279.36,2026-08-19T13:47:59Z,40.639522,-73.760678,357.2,ad3cdf,N952JB,A321,AIRBUS A-321,0
landing,LGA,22,1787147296.33,2026-08-19T13:48:16Z,40.774864,-73.879425,208.1,a1ccec,N215JQ,E75L,EMBRAER ERJ-170-200 (long wing),0
takeoff,JFK,04L,1787147309.15,2026-08-19T13:48:29Z,40.627029,-73.781677,30.9,0c2073,HP-1821CMP,B738,BOEING 737-800,0
takeoff,JFK,22R,1787147337.78,2026-08-19T13:48:57Z,40.622646,-73.786774,171.6,a198ed,N2016J,A21N,AIRBUS A-321neo,0
takeoff,LGA,13,1787147368.43,2026-08-19T13:49:28Z,40.776862,-73.86948,120.9,a22ac6,N239JQ,E75L,EMBRAER ERJ-170-200 (long wing),0
takeoff,JFK,04L,1787147369.97,2026-08-19T13:49:29Z,40.626629,-73.781998,28.1,ab6162,N832SK,CRJ9,BOMBARDIER Regional Jet CRJ-900,0
landing,LGA,22,1787147374.96,2026-08-19T13:49:34Z,40.776909,-73.877751,210.9,a3c259,N341PQ,CRJ9,BOMBARDIER Regional Jet CRJ-900,0
landing,LGA,22,1787147464.12,2026-08-19T13:51:04Z,40.775379,-73.879013,210.9,a7178c,N556UW,A321,AIRBUS A-321,0
landing,LGA,22,1787147542.77,2026-08-19T13:52:22Z,40.775454,-73.878921,210.9,aa7e7c,N77538,B738,BOEING 737-800,0
takeoff,JFK,04L,1787147554.95,2026-08-19T13:52:34Z,40.626881,-73.781799,30.9,a9b62c,N725AN,B77W,BOEING 777-300ER,0
takeoff,LGA,13,1787147623.88,2026-08-19T13:53:43Z,40.776246,-73.869558,123.8,a3c259,N341PQ,CRJ9,BOMBARDIER Regional Jet CRJ-900,0
landing,LGA,22,1787147624.57,2026-08-19T13:53:44Z,40.777665,-73.877111,210.9,a44db3,N3769L,B738,BOEING 737-800,0
takeoff,JFK,04L,1787147625.61,2026-08-19T13:53:45Z,40.62236,-73.785324,30.9,a8a017,N655JB,A320,AIRBUS A-320,0
takeoff,LGA,04,1787147626.47,2026-08-19T13:53:46Z,40.773033,-73.879425,33.8,aa7e7c,N77538,B738,BOEING 737-800,0
takeoff,JFK,22R,1787147627.82,2026-08-19T13:53:47Z,40.645466,-73.770813,210.9,aaed5a,N803DN,B739,BOEING 737-900,0
landing,LGA,22,1787147804.5,2026-08-19T13:56:44Z,40.774093,-73.880029,210.9,ac9e26,N912AN,B738,BOEING 737-800,0
landing,LGA,04,1787147823.26,2026-08-19T13:57:03Z,40.776106,-73.876736,61.9,acc23f,N921DU,B739,BOEING 737-900,0
landing,JFK,22R,1787147842.17,2026-08-19T13:57:22Z,40.643452,-73.768784,251.8,89409f,A9C-FH,B789,BOEING 787-9 Dreamliner,0
takeoff,LGA,13,1787147847.94,2026-08-19T13:57:27Z,40.775093,-73.867373,126.6,a1ccec,N215JQ,E75L,EMBRAER ERJ-170-200 (long wing),0
landing,LGA,22,1787147899.03,2026-08-19T13:58:19Z,40.778687,-73.876282,210.9,a2c635,N278WN,B737,BOEING 737-700,0
takeoff,JFK,13L,1787147994.4,2026-08-19T13:59:54Z,40.647238,-73.774177,160.3,ad3cdf,N952JB,A321,AIRBUS A-321,0
landing,LGA,22,1787148003.4,2026-08-19T14:00:03Z,40.776176,-73.878375,213.8,a55f6c,N445YX,E75L,EMBRAER ERJ-170-200 (long wing),0
takeoff,JFK,22R,1787148028.96,2026-08-19T14:00:28Z,40.645329,-73.76738,210.9,a845f4,N632JB,A320,AIRBUS A-320,0
takeoff,LGA,22,1787148029.18,2026-08-19T14:00:29Z,40.773127,-73.879936,213.8,a55f6c,N445YX,E75L,EMBRAER ERJ-170-200 (long wing),0
takeoff,LGA,04,1787148052.94,2026-08-19T14:00:52Z,40.775436,-73.877274,73.1,a2c635,N278WN,B737,BOEING 737-700,0
landing,LGA,22,1787148095.61,2026-08-19T14:01:35Z,40.775536,-73.878859,210.9,a4b294,N401YX,E75L,EMBRAER ERJ-170-200 (long wing),0
takeoff,LGA,31,1787148105.72,2026-08-19T14:01:45Z,40.77261,-73.858246,300.9,a32e8c,N304DU,BCS3,AIRBUS A220-300,0
takeoff,JFK,22R,1787148112.54,2026-08-19T14:01:52Z,40.64633,-73.766608,210.9,a1de8d,N2199J,A21N,AIRBUS A-321neo,0
takeoff,LGA,22,1787148142.43,2026-08-19T14:02:22Z,40.776129,-73.873272,177.2,ac9e26,N912AN,B738,BOEING 737-800,0
takeoff,LGA,13,1787148170.43,2026-08-19T14:02:50Z,40.771951,-73.859243,123.8,a44db3,N3769L,B738,BOEING 737-800,0
takeoff,JFK,22R,1787148185.79,2026-08-19T14:03:05Z,40.645454,-73.767288,210.9,a1a435,N2047J,A21N,AIRBUS A-321neo,0
landing,JFK,22L,1787148190.32,2026-08-19T14:03:10Z,40.635132,-73.762787,210.9,acd838,N927AN,B738,BOEING 737-800,0
takeoff,LGA,31,1787148213.7,2026-08-19T14:03:33Z,40.772552,-73.858109,303.8,a071c2,N128DN,A321,AIRBUS A-321,0
landing,LGA,22,1787148238.16,2026-08-19T14:03:58Z,40.771078,-73.882448,194.1,a095f0,N137HQ,E75L,EMBRAER ERJ-170-200 (long wing),0
takeoff,JFK,22R,1787148243.26,2026-08-19T14:04:03Z,40.646062,-73.766811,210.9,a71aad,N557NW,B752,BOEING 757-200,0
takeoff,LGA,31,1787148285.49,2026-08-19T14:04:45Z,40.772277,-73.857573,303.8,ad5fea,N961AN,B738,BOEING 737-800,0
landing,JFK,22L,1787148297.15,2026-08-19T14:04:57Z,40.635715,-73.762314,210.9,71c308,HL8308,A359,AIRBUS A-350-900,0
takeoff,JFK,22R,1787148310.85,2026-08-19T14:05:10Z,40.646347,-73.766586,210.9,a7858e,N584JB,A320,AIRBUS A-320,0
takeoff,JFK,22R,1787148371.56,2026-08-19T14:06:11Z,40.646528,-73.766436,210.9,a69894,N524JB,A320,AIRBUS A-320,0
takeoff,LGA,31,1787148382.03,2026-08-19T14:06:22Z,40.774921,-73.868393,312.2,a44213,N37353,B38M,,0
takeoff,LGA,22,1787148402.14,2026-08-19T14:06:42Z,40.775288,-73.875443,168.8,a4b294,N401YX,E75L,EMBRAER ERJ-170-200 (long wing),0
takeoff,LGA,31,1787148411.25,2026-08-19T14:06:51Z,40.772278,-73.857544,300.9,c05efa,C-GJZD,DH8D,DE HAVILLAND DHC-8-400 Dash 8,0
landing,LGA,22,1787148420.0,2026-08-19T14:07:00Z,40.774814,-73.879467,210.9,ac159a,N878RW,E170,EMBRAER ERJ-170-100,0
takeoff,JFK,22R,1787148432.11,2026-08-19T14:07:12Z,40.64619,-73.766717,210.9,a4c5d8,N4064J,A21N,AIRBUS A-321neo,0
landing,JFK,22L,1787148435.48,2026-08-19T14:07:15Z,40.635332,-73.762628,210.9,a7ac8f,N594DA,A21N,AIRBUS A-321neo,0
takeoff,JFK,22R,1787148470.74,2026-08-19T14:07:50Z,40.649105,-73.764435,210.9,a1a924,N206JQ,E75L,EMBRAER ERJ-170-200 (long wing),0
takeoff,LGA,31,1787148523.74,2026-08-19T14:08:43Z,40.772766,-73.858556,300.9,c0618c,C-GKYL,E295,EMBRAER ERJ-190-400,0
landing,JFK,31L,1787148587.29,2026-08-19T14:09:47Z,40.629757,-73.770728,303.8,a1b092,N208JQ,E75L,EMBRAER ERJ-170-200 (long wing),0
takeoff,LGA,13,1787148596.02,2026-08-19T14:09:56Z,40.772221,-73.859802,120.9,a3d302,N34551,A21N,AIRBUS A-321neo,0
landing,JFK,22R,1787148605.85,2026-08-19T14:10:05Z,40.629711,-73.779576,210.9,06a1db,A7-CHB,GA7C,GULFSTREAM G700,0
takeoff,JFK,31L,1787148625.43,2026-08-19T14:10:25Z,40.630875,-73.773178,300.9,a1b092,N208JQ,E75L,EMBRAER ERJ-170-200 (long wing),0
landing,JFK,31L,1787148626.37,2026-08-19T14:10:26Z,40.630898,-73.773224,300.9,a1b092,N208JQ,E75L,EMBRAER ERJ-170-200 (long wing),0
takeoff,LGA,13,1787148630.61,2026-08-19T14:10:30Z,40.77523,-73.866074,123.8,ac159a,N878RW,E170,EMBRAER ERJ-170-100,0
takeoff,JFK,31L,1787148635.29,2026-08-19T14:10:35Z,40.631092,-73.773666,300.9,a1b092,N208JQ,E75L,EMBRAER ERJ-170-200 (long wing),0
landing,JFK,31L,1787148635.95,2026-08-19T14:10:35Z,40.631104,-73.773712,300.9,a1b092,N208JQ,E75L,EMBRAER ERJ-170-200 (long wing),0
takeoff,LGA,31,1787148638.92,2026-08-19T14:10:38Z,40.772255,-73.857498,303.8,a2ce2d,N280C,G280,GULFSTREAM G280,8
takeoff,JFK,22R,1787148640.48,2026-08-19T14:10:40Z,40.649996,-73.763736,210.9,ad4804,N955JB,A321,AIRBUS A-321,0
landing,JFK,22L,1787148703.1,2026-08-19T14:11:43Z,40.629261,-73.769104,244.7,8966d4,A6-XWL,A35K,AIRBUS A-350-1000,0
landing,LGA,22,1787148703.1,2026-08-19T14:11:43Z,40.774558,-73.879577,208.1,a0d6a8,N153PQ,CRJ9,BOMBARDIER Regional Jet CRJ-900,0
takeoff,JFK,22R,1787148759.31,2026-08-19T14:12:39Z,40.645911,-73.76692,210.9,a422f7,N366DX,A321,AIRBUS A-321,0
landing,LGA,22,1787148765.5,2026-08-19T14:12:45Z,40.775803,-73.878647,210.9,a00c7a,N102DN,A321,AIRBUS A-321,0
takeoff,LGA,31,1787148769.19,2026-08-19T14:12:49Z,40.772518,-73.858078,303.8,a7a956,N593JB,A320,AIRBUS A-320,0
takeoff,JFK,22R,1787148770.76,2026-08-19T14:12:50Z,40.650124,-73.763596,199.7,a1aaae,N2060J,A21N,AIRBUS A-321neo,0
takeoff,JFK,22R,1787148885.7,2026-08-19T14:14:45Z,40.646342,-73.766592,210.9,a19d0d,N2029J,A21N,AIRBUS A-321neo,0
landing,LGA,04,1787148891.35,2026-08-19T14:14:51Z,40.773182,-73.879333,36.6,a1a56d,N205JQ,E75L,EMBRAER ERJ-170-200 (long wing),0
takeoff,LGA,13,1787148895.22,2026-08-19T14:14:55Z,40.772163,-73.85968,123.8,a09239,N136HQ,E75L,EMBRAER ERJ-170-200 (long wing),0
landing,JFK,22L,1787148903.27,2026-08-19T14:15:03Z,40.632729,-73.764648,210.9,71c076,HL8076,B77L,BOEING 777-200LR,0
takeoff,JFK,22L,1787148903.27,2026-08-19T14:15:03Z,40.632729,-73.764648,210.9,71c076,HL8076,B77L,BOEING 777-200LR,0
landing,JFK,22L,1787148903.6,2026-08-19T14:15:03Z,40.632603,-73.76474,210.9,71c076,HL8076,B77L,BOEING 777-200LR,0
takeoff,LGA,31,1787148933.81,2026-08-19T14:15:33Z,40.77261,-73.858185,300.9,ab129a,N812UP,B38M,BOEING 737 MAX 8,0
landing,LGA,22,1787148936.57,2026-08-19T14:15:36Z,40.771986,-73.881839,210.9,acad02,N916AN,B738,BOEING 737-800,0
takeoff,JFK,04L,1787148941.91,2026-08-19T14:15:41Z,40.651028,-73.765015,75.9,a1e58f,N221JQ,E75L,EMBRAER ERJ-170-200 (long wing),0
takeoff,LGA,13,1787148969.37,2026-08-19T14:16:09Z,40.775208,-73.866043,120.9,a41743,N36280,B738,BOEING 737-800,0
takeoff,JFK,04L,1787148978.47,2026-08-19T14:16:18Z,40.649391,-73.766514,30.9,ac7c67,N903XJ,CRJ9,BOMBARDIER Regional Jet CRJ-900,0
takeoff,LGA,31,1787148978.56,2026-08-19T14:16:18Z,40.772242,-73.857479,303.8,a5255a,N430YX,E75L,EMBRAER ERJ-170-200 (long wing),0
takeoff,LGA,13,1787148982.5,2026-08-19T14:16:22Z,40.776292,-73.868294,126.6,acacfb,N916AF,PC12,PILATUS PC-12,0
takeoff,JFK,22R,1787148986.27,2026-08-19T14:16:26Z,40.647446,-73.765732,210.9,ac754b,N9010R,A319,AIRBUS A-319,0
takeoff,JFK,04L,1787148986.71,2026-08-19T14:16:26Z,40.651032,-73.765016,64.7,acab54,N915XJ,CRJ9,BOMBARDIER Regional Jet CRJ-900,0
landing,LGA,13,1787149175.81,2026-08-19T14:19:35Z,40.777898,-73.87168,120.9,a230d6,N240JQ,E75L,EMBRAER ERJ-170-200 (long wing),0
landing,JFK,22L,1787149176.97,2026-08-19T14:19:36Z,40.629292,-73.769011,247.5,ad8fa4,N973JT,A321,AIRBUS A-321,0
landing,JFK,04L,1787149177.39,2026-08-19T14:19:37Z,40.637066,-73.76915,0.0,a6f2b7,N547JB,A320,AIRBUS A-320,0
landing,LGA,04,1787149177.55,2026-08-19T14:19:37Z,40.774186,-73.878484,30.9,a51f4a,N429YX,E75L,EMBRAER ERJ-170-200 (long wing),0
landing,LGA,22,1787149195.69,2026-08-19T14:19:55Z,40.779602,-73.875488,210.9,a067f8,N125TK,FA50,DASSAULT Falcon 50,8
takeoff,LGA,04,1787149217.42,2026-08-19T14:20:17Z,40.775896,-73.875051,70.3,a095f0,N137HQ,E75L,EMBRAER ERJ-170-200 (long wing),0
takeoff,JFK,04L,1787149226.48,2026-08-19T14:20:26Z,40.65088,-73.765359,30.9,a3795a,N3229J,BCS3,AIRBUS A220-300,0
takeoff,LGA,31,1787149246.0,2026-08-19T14:20:46Z,40.772278,-73.857529,300.9,a1dd2d,N219YX,E75L,EMBRAER ERJ-170-200 (long wing),0
takeoff,LGA,04,1787149259.98,2026-08-19T14:20:59Z,40.775454,-73.874505,75.9,a7178c,N556UW,A321,AIRBUS A-321,0
takeoff,JFK,13L,1787149261.29,2026-08-19T14:21:01Z,40.646039,-73.772413,165.9,a70f11,N554JB,A320,AIRBUS A-320,0
takeoff,JFK,04L,1787149262.89,2026-08-19T14:21:02Z,40.650284,-73.765823,30.9,ab1842,N814AK,B38M,BOEING 737 MAX 8,0
takeoff,LGA,13,1787149263.29,2026-08-19T14:21:03Z,40.775219,-73.867584,132.2,ac2c23,N88359,E75L,EMBRAER ERJ-170-200 (long wing),0
takeoff,JFK,13L,1787149264.05,2026-08-19T14:21:04Z,40.650524,-73.771439,120.9,a37fd3,N3242J,BCS3,,0
takeoff,JFK,13L,1787149264.05,2026-08-19T14:21:04Z,40.648933,-73.767929,120.9,a3ca01,N343RY,B38M,BOEING 737 MAX 8,0
takeoff,JFK,04L,1787149264.05,2026-08-19T14:21:04Z,40.633953,-73.778015,42.2,a1b092,N208JQ,E75L,EMBRAER ERJ-170-200 (long wing),0
takeoff,JFK,13L,1787149264.05,2026-08-19T14:21:04Z,40.649357,-73.76886,120.9,ad4f72,N957JB,A321,AIRBUS A-321,0
takeoff,JFK,13L,1787149264.46,2026-08-19T14:21:04Z,40.649734,-73.769699,120.9,a4c527,N406YX,E75L,EMBRAER ERJ-170-200 (long wing),0
landing,LGA,22,1787153809.6,2026-08-19T15:36:49Z,40.777817,-73.876999,210.9,a11b00,N170US,A321,AIRBUS A-321,0
landing,LGA,13,1787153812.72,2026-08-19T15:36:52Z,40.776947,-73.871048,120.9,acfe09,N936XJ,CRJ9,BOMBARDIER Regional Jet CRJ-900,0
landing,LGA,04,1787153828.39,2026-08-19T15:37:08Z,40.77412,-73.878555,30.9,abb19c,N8523W,B738,BOEING 737-800,0
takeoff,JFK,22R,1787153840.89,2026-08-19T15:37:20Z,40.646622,-73.766373,210.9,a7ac8f,N594DA,A21N,AIRBUS A-321neo,0
takeoff,LGA,31,1787153958.87,2026-08-19T15:39:18Z,40.772266,-73.857529,303.8,a51f4a,N429YX,E75L,EMBRAER ERJ-170-200 (long wing),0
landing,LGA,22,1787153961.78,2026-08-19T15:39:21Z,40.778103,-73.876755,210.9,abc0c1,N8565Z,B738,BOEING 737-800,0
takeoff,JFK,22R,1787153988.84,2026-08-19T15:39:48Z,40.646416,-73.766525,210.9,acd838,N927AN,B738,BOEING 737-800,0
landing,LGA,31,1787154009.09,2026-08-19T15:40:09Z,40.772231,-73.857401,331.9,c05dd8,C-GJNZ,CRJ9,BOMBARDIER Regional Jet CRJ-900,0
landing,JFK,22L,1787154014.81,2026-08-19T15:40:14Z,40.636566,-73.761645,210.9,4ba94f,TC-JJO,B77W,BOEING 777-300ER,0
landing,LGA,22,1787154044.0,2026-08-19T15:40:44Z,40.775608,-73.878799,210.9,abfefd,N872NN,B738,BOEING 737-800,0
takeoff,LGA,31,1787154046.29,2026-08-19T15:40:46Z,40.772463,-73.857916,300.9,c05dd8,C-GJNZ,CRJ9,BOMBARDIER Regional Jet CRJ-900,0
takeoff,JFK,22R,1787154071.82,2026-08-19T15:41:11Z,40.6491,-73.764439,210.9,06a1db,A7-CHB,GA7C,GULFSTREAM G700,0
landing,LGA,04,1787154117.77,2026-08-19T15:41:57Z,40.775345,-73.873703,14.1,acf5be,N934NN,B738,BOEING 737-800,0
landing,JFK,22L,1787154144.11,2026-08-19T15:42:24Z,40.636848,-73.761444,210.9,400773,G-VIIV,B772,BOEING 777-200,0
landing,JFK,22L,1787154144.62,2026-08-19T15:42:24Z,40.636677,-73.761581,210.9,400773,G-VIIV,B772,BOEING 777-200,0
landing,LGA,22,1787154155.31,2026-08-19T15:42:35Z,40.775734,-73.878703,213.8,abd063,N860RW,E170,EMBRAER ERJ-170-100,0
takeoff,LGA,31,1787154162.9,2026-08-19T15:42:42Z,40.774143,-73.86145,300.9,a0d6a8,N153PQ,CRJ9,BOMBARDIER Regional Jet CRJ-900,0
landing,LGA,04,1787154279.56,2026-08-19T15:44:39Z,40.777004,-73.87616,30.9,a4e538,N414YX,E75L,EMBRAER ERJ-170-200 (long wing),0
landing,JFK,22L,1787154280.28,2026-08-19T15:44:40Z,40.634857,-73.763016,210.9,ab477d,N826DN,B739,BOEING 737-900,0
takeoff,JFK,22R,1787154361.27,2026-08-19T15:46:01Z,40.646702,-73.766311,210.9,a66576,N511DE,A21N,AIRBUS A-321neo,0
landing,LGA,13,1787154457.5,2026-08-19T15:47:37Z,40.775974,-73.867676,115.3,a01f73,N107HQ,E75L,EMBRAER ERJ-170-200 (long wing),0
takeoff,JFK,22R,1787154485.82,2026-08-19T15:48:05Z,40.646645,-73.766373,210.9,a9bf4b,N727TW,B752,BOEING 757-200,0
landing,JFK,22L,1787154488.28,2026-08-19T15:48:08Z,40.638027,-73.760513,210.9,a390ed,N329NB,A319,AIRBUS A-319,0
takeoff,LGA,31,1787154492.79,2026-08-19T15:48:12Z,40.772277,-73.857542,303.8,a230d6,N240JQ,E75L,EMBRAER ERJ-170-200 (long wing),0
landing,LGA,13,1787154519.01,2026-08-19T15:48:39Z,40.776329,-73.871689,165.9,a8996b,N653RW,E170,EMBRAER ERJ-170-100,0
takeoff,JFK,22R,1787154574.85,2026-08-19T15:49:34Z,40.646842,-73.766202,210.9,a85c3e,N638JB,A320,AIRBUS A-320,0
landing,LGA,22,1787154578.2,2026-08-19T15:49:38Z,40.77599,-73.878469,210.9,a085a4,N13248,B738,BOEING 737-800,0
takeoff,LGA,31,1787154611.13,2026-08-19T15:50:11Z,40.7723,-73.857604,303.8,a01f73,N107HQ,E75L,EMBRAER ERJ-170-200 (long wing),0
landing,JFK,22L,1787154625.66,2026-08-19T15:50:25Z,40.634777,-73.763062,210.9,aa1a16,N750AN,B772,BOEING 777-200,0
takeoff,JFK,22R,1787154682.35,2026-08-19T15:51:22Z,40.645236,-73.767497,210.9,8964b6,A6-EVH,A388,AIRBUS A-380-800,0
landing,JFK,22L,1787154784.88,2026-08-19T15:53:04Z,40.633703,-73.763924,216.6,a08714,N133HQ,E75L,EMBRAER ERJ-170-200 (long wing),0
landing,JFK,22R,1787154805.87,2026-08-19T15:53:25Z,40.636682,-73.779623,241.9,a0757f,N129DU,BCS1,AIRBUS A220-100,0
landing,JFK,22L,1787154845.53,2026-08-19T15:54:05Z,40.63662,-73.761581,210.9,a72f22,N562JB,A320,AIRBUS A-320,0
takeoff,LGA,31,1787154880.09,2026-08-19T15:54:40Z,40.772724,-73.858475,303.8,a00c7a,N102DN,A321,AIRBUS A-321,0
landing,LGA,22,1787154884.47,2026-08-19T15:54:44Z,40.775082,-73.879218,210.9,abd7d1,N862RW,E170,EMBRAER ERJ-170-100,0
takeoff,JFK,22R,1787154899.28,2026-08-19T15:54:59Z,40.646633,-73.766358,210.9,a1a3cc,N2044J,A21N,AIRBUS A-321neo,0
landing,LGA,31,1787154929.29,2026-08-19T15:55:29Z,40.77499,-73.871338,295.3,abdf3f,N864RW,E170,EMBRAER ERJ-170-100,0
takeoff,JFK,22R,1787154973.93,2026-08-19T15:56:13Z,40.646714,-73.766311,210.9,a65086,N506DA,A21N,AIRBUS A-321neo,0
landing,JFK,22L,1787154976.73,2026-08-19T15:56:16Z,40.633907,-73.763748,213.8,a1be10,N211JQ,E75L,EMBRAER ERJ-170-200 (long wing),0
landing,LGA,22,1787155004.03,2026-08-19T15:56:44Z,40.772044,-73.881761,210.9,a23844,N242JQ,E75L,EMBRAER ERJ-170-200 (long wing),0
landing,JFK,22L,1787155064.74,2026-08-19T15:57:44Z,40.637329,-73.761063,210.9,a6dbf3,N541DE,A21N,AIRBUS A-321neo,0
landing,LGA,22,1787155120.94,2026-08-19T15:58:40Z,40.777107,-73.877563,210.9,a36799,N3185J,BCS3,AIRBUS A220-300,0
takeoff,LGA,31,1787155129.09,2026-08-19T15:58:49Z,40.772789,-73.858618,300.9,a8996b,N653RW,E170,EMBRAER ERJ-170-100,0
takeoff,JFK,22R,1787155152.71,2026-08-19T15:59:12Z,40.646225,-73.76667,209.6,020122,CN-RGT,B788,BOEING 787-8 Dreamliner,0
landing,JFK,22L,1787155157.78,2026-08-19T15:59:17Z,40.635041,-73.762847,210.9,a173a8,N193DN,B763,BOEING 767-300,0
landing,LGA,22,1787155208.11,2026-08-19T16:00:08Z,40.775173,-73.879166,210.9,a075df,N129HQ,E75L,EMBRAER ERJ-170-200 (long wing),0
takeoff,LGA,31,1787155209.56,2026-08-19T16:00:09Z,40.772603,-73.858213,300.9,acc23f,N921DU,B739,BOEING 737-900,0
landing,LGA,22,1787155304.4,2026-08-19T16:01:44Z,40.779481,-73.875597,210.9,a08317,N132EV,CRJ9,BOMBARDIER Regional Jet CRJ-900,0
landing,LGA,13,1787155316.56,2026-08-19T16:01:56Z,40.77618,-73.869492,98.4,abdb88,N863RW,E170,EMBRAER ERJ-170-100,0
takeoff,JFK,22R,1787155390.5,2026-08-19T16:03:10Z,40.646621,-73.766358,210.9,06a064,A7-BAO,B77W,BOEING 777-300ER,0
landing,JFK,31L,1787155425.86,2026-08-19T16:03:45Z,40.649231,-73.810364,343.1,a7b13f,N595P,F2TH,DASSAULT Falcon 2000,8
landing,JFK,22L,1787155439.38,2026-08-19T16:03:59Z,40.635429,-73.762527,210.9,4c0223,YU-ARD,A332,AIRBUS A-330-200,0
takeoff,LGA,31,1787155522.41,2026-08-19T16:05:22Z,40.772243,-73.857468,300.9,abdf3f,N864RW,E170,EMBRAER ERJ-170-100,0
takeoff,JFK,22R,1787155533.21,2026-08-19T16:05:33Z,40.646461,-73.766495,210.9,a61b4e,N493AS,B739,BOEING 737-900,0
takeoff,LGA,13,1787155546.65,2026-08-19T16:05:46Z,40.775002,-73.867203,123.8,a08317,N132EV,CRJ9,BOMBARDIER Regional Jet CRJ-900,0
landing,LGA,22,1787155549.08,2026-08-19T16:05:49Z,40.775494,-73.878906,210.9,a52911,N431YX,E75L,EMBRAER ERJ-170-200 (long wing),0
takeoff,JFK,22R,1787155608.02,2026-08-19T16:06:48Z,40.646342,-73.766608,210.9,ad4afb,N956AK,B39M,BOEING 737 MAX 9,0
takeoff,LGA,31,1787155644.86,2026-08-19T16:07:24Z,40.772255,-73.857498,300.9,abdb88,N863RW,E170,EMBRAER ERJ-170-100,0
landing,LGA,22,1787155667.53,2026-08-19T16:07:47Z,40.774899,-73.879364,210.9,abbb77,N855RW,E170,EMBRAER ERJ-170-100,0
takeoff,JFK,22R,1787155688.4,2026-08-19T16:08:08Z,40.645958,-73.766889,210.9,a0757f,N129DU,BCS1,AIRBUS A220-100,0
takeoff,JFK,22R,1787155756.38,2026-08-19T16:09:16Z,40.64612,-73.766764,210.9,8015f7,VT-JRA,A359,AIRBUS A-350-900,0
landing,LGA,13,1787155788.2,2026-08-19T16:09:48Z,40.772415,-73.860214,123.8,a1ecfd,N223JQ,E75L,EMBRAER ERJ-170-200 (long wing),0
landing,LGA,22,1787155804.88,2026-08-19T16:10:04Z,40.775127,-73.879211,210.9,ab40ce,N824MD,E170,EMBRAER ERJ-170-100,0
landing,LGA,22,1787155830.5,2026-08-19T16:10:30Z,40.776066,-73.874863,171.6,a00ce0,N102HQ,E75L,EMBRAER ERJ-170-200 (long wing),0
takeoff,JFK,22R,1787155878.55,2026-08-19T16:11:18Z,40.646365,-73.766561,210.9,a6f2b7,N547JB,A320,AIRBUS A-320,0
landing,JFK,13L,1787155898.4,2026-08-19T16:11:38Z,40.654872,-73.781027,112.5,ac90a8,N909AN,B738,BOEING 737-800,0
landing,LGA,22,1787155931.55,2026-08-19T16:12:11Z,40.775152,-73.879155,213.8,a8a490,N656RW,E170,EMBRAER ERJ-170-100,0
landing,JFK,22L,1787155934.78,2026-08-19T16:12:14Z,40.636461,-73.761723,210.9,a3c662,N342SX,B38M,BOEING 737 MAX 8,0
takeoff,JFK,22R,1787155944.14,2026-08-19T16:12:24Z,40.646313,-73.766617,208.1,a776b2,N580JB,A320,AIRBUS A-320,0
takeoff,LGA,31,1787155957.21,2026-08-19T16:12:37Z,40.772747,-73.858536,300.9,acad02,N916AN,B738,BOEING 737-800,0
takeoff,JFK,22R,1787156013.28,2026-08-19T16:13:33Z,40.64697,-73.766093,210.9,aca29a,N913JB,A321,AIRBUS A-321,0
landing,JFK,22L,1787156026.61,2026-08-19T16:13:46Z,40.636631,-73.761627,210.9,a81abe,N621JB,A320,AIRBUS A-320,0
landing,LGA,22,1787156059.49,2026-08-19T16:14:19Z,40.776272,-73.878281,210.9,a44262,N3738B,B738,BOEING 737-800,0
takeoff,LGA,31,1787156061.54,2026-08-19T16:14:21Z,40.772484,-73.857971,300.9,ab282b,N818MD,E170,EMBRAER ERJ-170-100,0
landing,JFK,22L,1787156109.45,2026-08-19T16:15:09Z,40.635429,-73.762558,210.9,a4ce71,N409DX,A339,AIRBUS A-330-900,0
takeoff,LGA,31,1787156169.62,2026-08-19T16:16:09Z,40.772415,-73.857849,300.9,a1a56d,N205JQ,E75L,EMBRAER ERJ-170-200 (long wing),0
landing,LGA,22,1787156171.75,2026-08-19T16:16:11Z,40.775291,-73.879077,210.9,a5307f,N433YX,E75L,EMBRAER ERJ-170-200 (long wing),0
takeoff,JFK,22R,1787156185.09,2026-08-19T16:16:25Z,40.64647,-73.766499,210.9,ac90a8,N909AN,B738,BOEING 737-800,0
takeoff,LGA,31,1787156242.81,2026-08-19T16:17:22Z,40.772498,-73.85801,300.9,a1ecfd,N223JQ,E75L,EMBRAER ERJ-170-200 (long wing),0
landing,JFK,22L,1787156248.15,2026-08-19T16:17:28Z,40.635509,-73.762482,210.9,a3355e,N3058J,BCS3,AIRBUS A220-300,0
takeoff,JFK,22R,1787156255.5,2026-08-19T16:17:35Z,40.648879,-73.764595,210.9,a7b13f,N595P,F2TH,DASSAULT Falcon 2000,8
landing,LGA,13,1787156270.36,2026-08-19T16:17:50Z,40.77198,-73.859299,120.9,a689b8,N520JB,A320,AIRBUS A-320,0
takeoff,LGA,31,1787156343.3,2026-08-19T16:19:03Z,40.772405,-73.857822,303.8,a33aa7,N307PQ,CRJ9,BOMBARDIER Regional Jet CRJ-900,0
landing,LGA,22,1787156363.41,2026-08-19T16:19:23Z,40.771404,-73.882261,208.1,a5106e,N425YX,E75L,EMBRAER ERJ-170-200 (long wing),0
landing,JFK,22L,1787156368.71,2026-08-19T16:19:28Z,40.635773,-73.762268,210.9,a11380,N169DZ,B763,BOEING 767-300,0
takeoff,LGA,31,1787156417.35,2026-08-19T16:20:17Z,40.772312,-73.857635,298.1,a7d725,N604LR,CRJ9,BOMBARDIER Regional Jet CRJ-900,0
landing,JFK,13R,1787156467.26,2026-08-19T16:21:07Z,40.636517,-73.782242,84.4,a7133f,N555NW,B752,BOEING 757-200,0
landing,JFK,13L,1787156469.89,2026-08-19T16:21:09Z,40.647594,-73.774857,163.1,a6c013,N534JB,A320,AIRBUS A-320,0
landing,JFK,22L,1787156474.98,2026-08-19T16:21:14Z,40.634168,-73.763534,210.9,ac76f2,N902DN,B739,BOEING 737-900,0
landing,LGA,22,1787156516.88,2026-08-19T16:21:56Z,40.775242,-73.87912,210.9,a0acf9,N14231,B738,BOEING 737-800,0
takeoff,LGA,31,1787156529.91,2026-08-19T16:22:09Z,40.77277,-73.858582,303.8,a689b8,N520JB,A320,AIRBUS A-320,0
landing,JFK,22L,1787156566.88,2026-08-19T16:22:46Z,40.635738,-73.762283,210.9,a38367,N3251J,BCS3,,0
landing,LGA,22,1787156632.24,2026-08-19T16:23:52Z,40.7767,-73.877922,213.8,acda41,N927XJ,CRJ9,BOMBARDIER Regional Jet CRJ-900,0
landing,JFK,22L,1787156668.42,2026-08-19T16:24:28Z,40.632912,-73.764496,210.9,899017,B-18780,B77L,BOEING 777-200LR,0
landing,LGA,13,1787156689.58,2026-08-19T16:24:49Z,40.774887,-73.869431,146.2,a2b154,N27274,B38M,,0
landing,LGA,22,1787156734.2,2026-08-19T16:25:34Z,40.774907,-73.879374,210.9,a50192,N421YX,E75L,EMBRAER ERJ-170-200 (long wing),0
takeoff,LGA,31,1787156734.2,2026-08-19T16:25:34Z,40.772839,-73.858719,300.9,acf5be,N934NN,B738,BOEING 737-800,0
landing,JFK,22R,1787156782.57,2026-08-19T16:26:22Z,40.640278,-73.774208,182.8,a32f82,N304PQ,CRJ9,BOMBARDIER Regional Jet CRJ-900,0
landing,LGA,22,1787156812.68,2026-08-19T16:26:52Z,40.778259,-73.876627,213.8,c07a7c,C-GUJZ,DH8D,DE HAVILLAND DHC-8-400 Dash 8,0
landing,JFK,13L,1787156812.68,2026-08-19T16:26:52Z,40.651334,-73.776002,120.9,ab6162,N832SK,CRJ9,BOMBARDIER Regional Jet CRJ-900,0
takeoff,LGA,31,1787156816.95,2026-08-19T16:26:56Z,40.772463,-73.857916,303.8,a00ce0,N102HQ,E75L,EMBRAER ERJ-170-200 (long wing),0
landing,LGA,22,1787156881.36,2026-08-19T16:28:01Z,40.777496,-73.877258,213.8,a057cc,N121DZ,A321,AIRBUS A-321,0
landing,JFK,31L,1787156899.19,2026-08-19T16:28:19Z,40.641582,-73.796695,264.4,acf849,N935AN,B738,BOEING 737-800,0
takeoff,JFK,13R,1787156904.2,2026-08-19T16:28:24Z,40.645535,-73.810455,120.9,ad8fa4,N973JT,A321,AIRBUS A-321,0
landing,JFK,13L,1787156935.91,2026-08-19T16:28:55Z,40.650939,-73.775128,123.8,a338ac,N3065J,BCS3,AIRBUS A220-300,0
landing,LGA,04,1787156957.49,2026-08-19T16:29:17Z,40.775436,-73.874619,75.9,a8847f,N648RW,E170,EMBRAER ERJ-170-100,0
landing,LGA,22,1787156989.01,2026-08-19T16:29:49Z,40.771323,-73.882323,210.9,a1c1c7,N212JQ,E75L,EMBRAER ERJ-170-200 (long wing),0
landing,LGA,22,1787157039.07,2026-08-19T16:30:39Z,40.776315,-73.878235,213.8,ab6247,N8321D,B738,BOEING 737-800,0
landing,LGA,31,1787157068.31,2026-08-19T16:31:08Z,40.772232,-73.857391,340.3,a48e3a,N393DA,B738,BOEING 737-800,0
landing,JFK,22R,1787157121.3,2026-08-19T16:32:01Z,40.640373,-73.77417,171.6,a086ce,N133EV,CRJ9,BOMBARDIER Regional Jet CRJ-900,0
landing,JFK,13L,1787157121.44,2026-08-19T16:32:01Z,40.651508,-73.776428,120.9,a5fc87,N485PX,CRJ9,BOMBARDIER Regional Jet CRJ-900,0
landing,LGA,22,1787157138.12,2026-08-19T16:32:18Z,40.776901,-73.877747,213.8,a37e80,N324PQ,CRJ9,BOMBARDIER Regional Jet CRJ-900,0
takeoff,LGA,31,1787157145.18,2026-08-19T16:32:25Z,40.772777,-73.858603,303.8,a48e3a,N393DA,B738,BOEING 737-800,0
landing,LGA,31,1787157177.61,2026-08-19T16:32:57Z,40.772266,-73.857422,326.2,a145b7,N181PQ,CRJ9,BOMBARDIER Regional Jet CRJ-900,0
takeoff,LGA,31,1787157222.53,2026-08-19T16:33:42Z,40.772463,-73.857947,300.9,a145b7,N181PQ,CRJ9,BOMBARDIER Regional Jet CRJ-900,0
landing,LGA,22,1787157227.42,2026-08-19T16:33:47Z,40.774069,-73.880092,213.8,ad4747,N955AN,B738,BOEING 737-800,0
takeoff,JFK,13R,1787157252.49,2026-08-19T16:34:12Z,40.645981,-73.811447,120.9,a7133f,N555NW,B752,BOEING 757-200,0
landing,JFK,22L,1787157313.25,2026-08-19T16:35:13Z,40.632374,-73.766388,247.5,a2957a,N266CA,P212,TECNAM P-2012 Traveller,0
landing,JFK,13L,1787157314.4,2026-08-19T16:35:14Z,40.65244,-73.778468,120.9,ab4c76,N827SK,CRJ9,BOMBARDIER Regional Jet CRJ-900,0
takeoff,JFK,13R,1787157315.92,2026-08-19T16:35:15Z,40.646049,-73.811569,120.9,acf849,N935AN,B738,BOEING 737-800,0
landing,LGA,22,1787157358.55,2026-08-19T16:35:58Z,40.774779,-73.879514,213.8,ac7a52,N903AA,A321,AIRBUS A-321,0
takeoff,JFK,13R,1787157393.18,2026-08-19T16:36:33Z,40.646237,-73.812004,120.9,71c076,HL8076,B77L,BOEING 777-200LR,0
landing,LGA,31,1787157423.08,2026-08-19T16:37:03Z,40.772277,-73.857557,298.1,a3183d,N299PQ,CRJ9,BOMBARDIER Regional Jet CRJ-900,0
landing,LGA,13,1787157431.07,2026-08-19T16:37:11Z,40.77507,-73.869034,163.1,a12711,N17328,B38M,BOEING 737 MAX 8,0
landing,JFK,31L,1787157443.61,2026-08-19T16:37:23Z,40.64164,-73.796742,261.6,a50549,N422YX,E75L,EMBRAER ERJ-170-200 (long wing),0
takeoff,LGA,31,1787157459.52,2026-08-19T16:37:39Z,40.772452,-73.857932,300.9,a3183d,N299PQ,CRJ9,BOMBARDIER Regional Jet CRJ-900,0
landing,LGA,22,1787157463.79,2026-08-19T16:37:43Z,40.775559,-73.878859,213.8,a0232a,N108HQ,E75L,EMBRAER ERJ-170-200 (long wing),0
landing,JFK,13L,1787157480.47,2026-08-19T16:38:00Z,40.650776,-73.774796,120.9,a0f4f6,N16065,B763,BOEING 767-300,0
takeoff,LGA,31,1787157517.76,2026-08-19T16:38:37Z,40.772207,-73.857385,300.9,abd063,N860RW,E170,EMBRAER ERJ-170-100,0
takeoff,JFK,13R,1787157527.89,2026-08-19T16:38:47Z,40.646061,-73.81163,120.9,a6c013,N534JB,A320,AIRBUS A-320,0
landing,LGA,22,1787157568.39,2026-08-19T16:39:28Z,40.779716,-73.875397,216.6,acdd2e,N928PG,PC12,PILATUS PC-12,0
takeoff,JFK,13R,1787157597.89,2026-08-19T16:39:57Z,40.646342,-73.812239,118.1,a32f82,N304PQ,CRJ9,BOMBARDIER Regional Jet CRJ-900,0
landing,JFK,13L,1787157622.34,2026-08-19T16:40:22Z,40.65102,-73.775316,118.1,a31486,N298PQ,CRJ9,BOMBARDIER Regional Jet CRJ-900,0
landing,LGA,22,1787157667.9,2026-08-19T16:41:07Z,40.778343,-73.876541,213.8,a35ab8,N315PQ,CRJ9,BOMBARDIER Regional Jet CRJ-900,0
takeoff,LGA,31,1787157676.93,2026-08-19T16:41:16Z,40.772603,-73.858244,300.9,a4e538,N414YX,E75L,EMBRAER ERJ-170-200 (long wing),0
takeoff,JFK,13R,1787157718.22,2026-08-19T16:41:58Z,40.645763,-73.810989,120.9,a7e5c1,N608JB,A320,AIRBUS A-320,0
landing,JFK,13L,1787157737.08,2026-08-19T16:42:17Z,40.651337,-73.776016,120.9,a5cc4c,N473AN,A21N,AIRBUS A-321neo,0
landing,LGA,22,1787157752.28,2026-08-19T16:42:32Z,40.777235,-73.877454,213.8,a399e4,N331DU,BCS3,,0
takeoff,LGA,31,1787157763.64,2026-08-19T16:42:43Z,40.77277,-73.858582,300.9,a2b154,N27274,B38M,,0
landing,JFK,22R,1787157764.63,2026-08-19T16:42:44Z,40.637322,-73.776439,171.6,a6893e,N520DE,A21N,AIRBUS A-321neo,0
landing,LGA,22,1787157780.25,2026-08-19T16:43:00Z,40.776665,-73.882308,255.9,a66e03,N513QS,C68A,CESSNA 680 Citation Latitude,0
takeoff,JFK,13R,1787157798.88,2026-08-19T16:43:18Z,40.646187,-73.81189,120.9,a086ce,N133EV,CRJ9,BOMBARDIER Regional Jet CRJ-900,0
landing,LGA,22,1787157820.91,2026-08-19T16:43:40Z,40.777444,-73.877298,213.8,a59f53,N461WN,B737,BOEING 737-700,0
takeoff,LGA,31,1787157825.43,2026-08-19T16:43:45Z,40.772324,-73.857529,317.8,a11b00,N170US,A321,AIRBUS A-321,0
landing,JFK,13L,1787157844.89,2026-08-19T16:44:04Z,40.650387,-73.773926,120.9,ab048d,N809NW,A333,AIRBUS A-330-300,0
takeoff,JFK,13R,1787157849.6,2026-08-19T16:44:09Z,40.648064,-73.81604,120.9,a50549,N422YX,E75L,EMBRAER ERJ-170-200 (long wing),0
landing,LGA,22,1787157903.5,2026-08-19T16:45:03Z,40.779109,-73.875925,213.8,a3962d,N330DU,BCS3,,0
takeoff,LGA,13,1787157920.49,2026-08-19T16:45:20Z,40.775268,-73.86614,123.8,a35ab8,N315PQ,CRJ9,BOMBARDIER Regional Jet CRJ-900,0
takeoff,JFK,13R,1787157968.98,2026-08-19T16:46:08Z,40.645306,-73.809952,120.9,71c308,HL8308,A359,AIRBUS A-350-900,0
takeoff,LGA,31,1787157977.1,2026-08-19T16:46:17Z,40.772254,-73.85751,300.9,a8847f,N648RW,E170,EMBRAER ERJ-170-100,0
landing,LGA,22,1787157992.77,2026-08-19T16:46:32Z,40.775288,-73.879089,213.8,abd41a,N861RW,E170,EMBRAER ERJ-170-100,0
landing,JFK,13L,1787158006.37,2026-08-19T16:46:46Z,40.652,-73.777496,118.1,a095aa,N137EV,CRJ9,BOMBARDIER Regional Jet CRJ-900,0
landing,LGA,22,1787158061.25,2026-08-19T16:47:41Z,40.777107,-73.87761,208.1,a15b4c,N187GJ,CRJ9,BOMBARDIER Regional Jet CRJ-900,0
takeoff,LGA,31,1787158065.2,2026-08-19T16:47:45Z,40.77277,-73.858597,303.8,abc0c1,N8565Z,B738,BOEING 737-800,0
landing,JFK,04L,1787158068.23,2026-08-19T16:47:48Z,40.64491,-73.772366,11.2,adf4e9,N999JQ,A321,AIRBUS A-321,0
landing,LGA,22,1787158148.88,2026-08-19T16:49:08Z,40.77784,-73.876953,213.8,aceb76,N931XJ,CRJ9,BOMBARDIER Regional Jet CRJ-900,0
takeoff,LGA,31,1787158211.57,2026-08-19T16:50:11Z,40.772289,-73.857559,303.8,acfe09,N936XJ,CRJ9,BOMBARDIER Regional Jet CRJ-900,0
landing,LGA,22,1787158232.23,2026-08-19T16:50:32Z,40.777805,-73.876999,210.9,a14c70,N183GJ,CRJ9,BOMBARDIER Regional Jet CRJ-900,0
landing,JFK,13L,1787158270.92,2026-08-19T16:51:10Z,40.649321,-73.77157,120.9,44ccd0,OO-SFP,A333,AIRBUS A-330-300,0
landing,LGA,22,1787158305.58,2026-08-19T16:51:45Z,40.775826,-73.878632,213.8,aa739d,N77258,B738,BOEING 737-800,0
takeoff,LGA,31,1787158320.72,2026-08-19T16:52:00Z,40.772621,-73.858261,300.9,a12711,N17328,B38M,BOEING 737 MAX 8,0
landing,JFK,22R,1787158320.9,2026-08-19T16:52:00Z,40.640406,-73.774177,168.8,ab6519,N833SK,CRJ9,BOMBARDIER Regional Jet CRJ-900,0
takeoff,LGA,31,1787158402.73,2026-08-19T16:53:22Z,40.773903,-73.860962,300.9,a66e03,N513QS,C68A,CESSNA 680 Citation Latitude,0
takeoff,JFK,13R,1787158406.05,2026-08-19T16:53:26Z,40.645798,-73.81105,120.9,a6893e,N520DE,A21N,AIRBUS A-321neo,0
landing,JFK,13L,1787158461.51,2026-08-19T16:54:21Z,40.647587,-73.767794,123.8,ac5bf6,N896DN,B739,BOEING 737-900,0
landing,LGA,22,1787158474.9,2026-08-19T16:54:34Z,40.776746,-73.877876,213.8,a39ada,N331PQ,CRJ9,BOMBARDIER Regional Jet CRJ-900,0
landing,JFK,13L,1787158542.74,2026-08-19T16:55:42Z,40.651812,-73.777095,123.8,a3795a,N3229J,BCS3,AIRBUS A220-300,0
takeoff,LGA,31,1787158565.71,2026-08-19T16:56:05Z,40.77277,-73.858582,300.9,abb19c,N8523W,B738,BOEING 737-800,0
landing,JFK,13L,1787158631.44,2026-08-19T16:57:11Z,40.651234,-73.775818,123.8,a0433b,N116HQ,E75L,EMBRAER ERJ-170-200 (long wing),0
landing,JFK,13L,1787158703.79,2026-08-19T16:58:23Z,40.651695,-73.776798,120.9,a39243,N3291J,BCS3,AIRBUS A220-300,0
landing,JFK,31L,1787158711.99,2026-08-19T16:58:31Z,40.64164,-73.796727,261.6,a3a65f,N334TL,B38M,BOEING 737 MAX 8,0
landing,JFK,13L,1787158781.94,2026-08-19T16:59:41Z,40.65065,-73.774521,120.9,a69894,N524JB,A320,AIRBUS A-320,0
takeoff,JFK,13L,1787158782.6,2026-08-19T16:59:42Z,40.650513,-73.7742,120.9,a69894,N524JB,A320,AIRBUS A-320,0
landing,JFK,13L,1787158783.5,2026-08-19T16:59:43Z,40.650357,-73.773896,120.9,a69894,N524JB,A320,AIRBUS A-320,0
landing,LGA,13,1787158784.69,2026-08-19T16:59:44Z,40.775524,-73.866718,123.8,ada699,N979RP,E170,EMBRAER ERJ-170-100,0
takeoff,JFK,31L,1787158821.41,2026-08-19T17:00:21Z,40.649472,-73.815594,264.4,ab6519,N833SK,CRJ9,BOMBARDIER Regional Jet CRJ-900,0
takeoff,LGA,31,1787158850.62,2026-08-19T17:00:50Z,40.772804,-73.858643,300.9,abd7d1,N862RW,E170,EMBRAER ERJ-170-100,0
landing,LGA,22,1787158853.76,2026-08-19T17:00:53Z,40.77467,-73.879593,210.9,a1a924,N206JQ,E75L,EMBRAER ERJ-170-200 (long wing),0
landing,JFK,13L,1787158862.8,2026-08-19T17:01:02Z,40.651881,-73.777235,123.8,acab54,N915XJ,CRJ9,BOMBARDIER Regional Jet CRJ-900,0
landing,JFK,13L,1787158931.4,2026-08-19T17:02:11Z,40.651989,-73.777496,120.9,400776,G-VIIY,B772,BOEING 777-200,0
landing,JFK,31R,1787158942.78,2026-08-19T17:02:22Z,40.652487,-73.784133,345.9,a2090d,N230FR,A320,AIRBUS A-320,0
landing,LGA,31,1787158955.23,2026-08-19T17:02:35Z,40.772289,-73.857495,345.9,a06e0b,N127DN,A321,AIRBUS A-321,0
takeoff,LGA,31,1787158990.47,2026-08-19T17:03:10Z,40.772743,-73.85854,300.9,a06e0b,N127DN,A321,AIRBUS A-321,0
landing,JFK,13L,1787159040.46,2026-08-19T17:04:00Z,40.650055,-73.773209,120.9,3965b0,F-GZNQ,B77W,BOEING 777-300ER,0
takeoff,LGA,31,1787159063.02,2026-08-19T17:04:23Z,40.772495,-73.857986,300.9,ada699,N979RP,E170,EMBRAER ERJ-170-100,0
takeoff,JFK,13R,1787159105.02,2026-08-19T17:05:05Z,40.645864,-73.811177,120.9,adf4e9,N999JQ,A321,AIRBUS A-321,0
landing,LGA,22,1787159135.82,2026-08-19T17:05:35Z,40.77578,-73.878687,210.9,a45592,N379DN,A321,AIRBUS A-321,0
takeoff,JFK,13R,1787159169.58,2026-08-19T17:06:09Z,40.645678,-73.810756,120.9,a3a65f,N334TL,B38M,BOEING 737 MAX 8,0
landing,JFK,13L,1787159171.01,2026-08-19T17:06:11Z,40.651579,-73.776564,120.9,ac801e,N904XJ,CRJ9,BOMBARDIER Regional Jet CRJ-900,0
landing,JFK,13L,1787159228.43,2026-08-19T17:07:08Z,40.651416,-73.776205,120.9,a17ecd,N196DN,B763,BOEING 767-300,0
landing,LGA,22,1787159277.99,2026-08-19T17:07:57Z,40.775139,-73.879196,210.9,ac1951,N879RW,E170,EMBRAER ERJ-170-100,0
takeoff,LGA,31,1787159278.5,2026-08-19T17:07:58Z,40.772452,-73.857932,300.9,a23844,N242JQ,E75L,EMBRAER ERJ-170-200 (long wing),0
landing,JFK,13L,1787159345.99,2026-08-19T17:09:05Z,40.650974,-73.775206,123.8,acc040,N920XJ,CRJ9,BOMBARDIER Regional Jet CRJ-900,0
landing,LGA,22,1787159371.4,2026-08-19T17:09:31Z,40.774931,-73.879358,213.8,a707a3,N552JB,A320,AIRBUS A-320,0
landing,JFK,13L,1787159425.34,2026-08-19T17:10:25Z,40.650078,-73.77327,122.4,abafe4,N852ML,B789,BOEING 787-9 Dreamliner,0
landing,LGA,22,1787159476.7,2026-08-19T17:11:16Z,40.778217,-73.876663,213.8,a3a152,N333DU,BCS3,,0
takeoff,JFK,13R,1787159527.79,2026-08-19T17:12:07Z,40.645958,-73.81138,120.9,a2090d,N230FR,A320,AIRBUS A-320,0
landing,JFK,13L,1787159540.23,2026-08-19T17:12:20Z,40.651928,-73.777329,123.8,a36b73,N3196J,BCS3,AIRBUS A220-300,0
landing,LGA,22,1787159560.83,2026-08-19T17:12:40Z,40.774715,-73.879532,210.9,a50cb7,N424YX,E75L,EMBRAER ERJ-170-200 (long wing),0
takeoff,JFK,13R,1787159599.47,2026-08-19T17:13:19Z,40.645615,-73.810684,120.9,ab4f5d,N828JB,A320,AIRBUS A-320,0
landing,JFK,13L,1787159616.96,2026-08-19T17:13:36Z,40.65065,-73.774521,120.9,4a2d24,YR-KID,A332,AIRBUS A-330-200,0
landing,LGA,22,1787159629.66,2026-08-19T17:13:49Z,40.77578,-73.878677,213.8,ab3d17,N823MD,E170,EMBRAER ERJ-170-100,0
landing,JFK,31L,1787159680.76,2026-08-19T17:14:40Z,40.641014,-73.792068,309.4,010283,SU-GGE,A359,AIRBUS A-350-900,0
landing,LGA,22,1787159710.77,2026-08-19T17:15:10Z,40.774395,-73.879795,213.8,ad574f,N959NN,B738,BOEING 737-800,0
landing,JFK,22L,1787159730.03,2026-08-19T17:15:30Z,40.635076,-73.762816,210.9,ab1979,N814NW,A333,AIRBUS A-330-300,0
takeoff,JFK,13R,1787159746.18,2026-08-19T17:15:46Z,40.645783,-73.811006,120.9,acb824,N919AK,B39M,BOEING 737 MAX 9,0
landing,JFK,13L,1787159755.06,2026-08-19T17:15:55Z,40.649597,-73.772202,120.9,a4e8ef,N415YX,E75L,EMBRAER ERJ-170-200 (long wing),0
landing,LGA,22,1787159786.67,2026-08-19T17:16:26Z,40.77713,-73.877731,210.9,c010e4,C-FGKH,A320,AIRBUS A-320,0
takeoff,LGA,31,1787159790.86,2026-08-19T17:16:30Z,40.772758,-73.858566,300.9,ab40ce,N824MD,E170,EMBRAER ERJ-170-100,0
landing,JFK,13L,1787159843.63,2026-08-19T17:17:23Z,40.649519,-73.77207,120.9,a099a7,N138HQ,E75L,EMBRAER ERJ-170-200 (long wing),0
landing,LGA,22,1787159859.27,2026-08-19T17:17:39Z,40.776649,-73.87793,208.1,a7dadc,N605LR,CRJ9,BOMBARDIER Regional Jet CRJ-900,0
landing,JFK,13L,1787159909.57,2026-08-19T17:18:29Z,40.650055,-73.773224,120.9,300a62,I-ITYF,A339,AIRBUS A-330-900,0
landing,LGA,22,1787159943.23,2026-08-19T17:19:03Z,40.776211,-73.878313,210.9,a8bf73,N663AW,A320,AIRBUS A-320,0
takeoff,JFK,31L,1787159978.33,2026-08-19T17:19:38Z,40.649483,-73.815521,258.8,a1be10,N211JQ,E75L,EMBRAER ERJ-170-200 (long wing),0
landing,LGA,22,1787160016.14,2026-08-19T17:20:16Z,40.777485,-73.877258,213.8,a0b889,N14563,A21N,AIRBUS A-321neo,0
landing,JFK,13L,1787160027.71,2026-08-19T17:20:27Z,40.651051,-73.783539,160.3,869232,JA788A,B77W,BOEING 777-300ER,0
landing,JFK,13L,1787160065.65,2026-08-19T17:21:05Z,40.649208,-73.771454,126.6,a1c935,N214JQ,E75L,EMBRAER ERJ-170-200 (long wing),0
landing,JFK,22L,1787160084.92,2026-08-19T17:21:24Z,40.636597,-73.761642,210.9,ab7ae4,N839MH,B764,BOEING 767-400,0
landing,LGA,22,1787160097.41,2026-08-19T17:21:37Z,40.776432,-73.878141,213.8,a3534a,N313PQ,CRJ9,BOMBARDIER Regional Jet CRJ-900,0
takeoff,LGA,31,1787160102.63,2026-08-19T17:21:42Z,40.772861,-73.858765,303.8,abfefd,N872NN,B738,BOEING 737-800,0
landing,JFK,13L,1787160106.52,2026-08-19T17:21:46Z,40.65136,-73.776093,120.9,a7a8ed,N593DX,A21N,,0
takeoff,JFK,13R,1787160114.58,2026-08-19T17:21:54Z,40.645924,-73.811325,120.9,ad7701,N967JT,A321,AIRBUS A-321,0
landing,JFK,13L,1787160160.52,2026-08-19T17:22:40Z,40.650275,-73.773693,120.9,0c218b,HP-9930CMP,B39M,BOEING 737 MAX 9,0
landing,LGA,22,1787160171.13,2026-08-19T17:22:51Z,40.775873,-73.878609,213.8,a4795a,N388DN,A321,AIRBUS A-321,0
takeoff,JFK,31L,1787160177.19,2026-08-19T17:22:57Z,40.641128,-73.795821,303.8,a2957a,N266CA,P212,TECNAM P-2012 Traveller,0
landing,JFK,13L,1787160222.32,2026-08-19T17:23:42Z,40.651463,-73.776306,120.9,ad6f93,N965JT,A321,AIRBUS A-321,0
landing,LGA,22,1787160231.36,2026-08-19T17:23:51Z,40.776967,-73.87772,213.8,ad0f29,N940WN,B737,BOEING 737-700,0
takeoff,LGA,31,1787160243.01,2026-08-19T17:24:03Z,40.772463,-73.857932,300.9,a5106e,N425YX,E75L,EMBRAER ERJ-170-200 (long wing),0
takeoff,JFK,13R,1787160257.42,2026-08-19T17:24:17Z,40.645855,-73.811172,120.9,ab477d,N826DN,B739,BOEING 737-900,0
landing,JFK,13L,1787160309.9,2026-08-19T17:25:09Z,40.651334,-73.776018,123.8,a35949,N3149J,BCS3,AIRBUS A220-300,0
takeoff,JFK,13R,1787160316.19,2026-08-19T17:25:16Z,40.645809,-73.811081,120.9,a390ed,N329NB,A319,AIRBUS A-319,0
landing,LGA,22,1787160320.85,2026-08-19T17:25:20Z,40.775276,-73.879089,208.1,a148b9,N182GJ,CRJ9,BOMBARDIER Regional Jet CRJ-900,0
takeoff,LGA,31,1787160325.34,2026-08-19T17:25:25Z,40.772207,-73.857354,334.7,a8a490,N656RW,E170,EMBRAER ERJ-170-100,0
landing,LGA,22,1787160405.53,2026-08-19T17:26:45Z,40.774965,-73.879343,210.9,a0144e,N104HQ,E75L,EMBRAER ERJ-170-200 (long wing),0
landing,JFK,13L,1787160414.24,2026-08-19T17:26:54Z,40.652344,-73.778229,120.9,a89fa3,N655DL,B752,BOEING 757-200,0
landing,JFK,22L,1787160450.78,2026-08-19T17:27:30Z,40.634205,-73.763519,210.9,a15ebc,N188DN,B763,BOEING 767-300,0
landing,LGA,22,1787160470.58,2026-08-19T17:27:50Z,40.775654,-73.878784,213.8,abc1bc,N857DZ,B739,BOEING 737-900,0
landing,JFK,13L,1787160485.83,2026-08-19T17:28:05Z,40.651299,-73.776002,120.9,a883bd,N648JB,A320,AIRBUS A-320,0
takeoff,LGA,31,1787160504.71,2026-08-19T17:28:24Z,40.77412,-73.861404,300.9,a36799,N3185J,BCS3,AIRBUS A220-300,0
landing,JFK,13L,1787160550.97,2026-08-19T17:29:10Z,40.649734,-73.772522,123.8,ac45ac,N890DN,B739,BOEING 737-900,0
takeoff,LGA,31,1787160560.78,2026-08-19T17:29:20Z,40.772209,-73.857391,303.8,a075df,N129HQ,E75L,EMBRAER ERJ-170-200 (long wing),0
landing,LGA,22,1787160575.44,2026-08-19T17:29:35Z,40.774841,-73.87944,210.9,a06e71,N127HQ,E75L,EMBRAER ERJ-170-200 (long wing),0
landing,JFK,22L,1787160637.43,2026-08-19T17:30:37Z,40.637329,-73.761063,210.9,ab398a,N822NW,A333,AIRBUS A-330-300,0
landing,JFK,13L,1787160643.29,2026-08-19T17:30:43Z,40.651102,-73.775565,120.9,a6833b,N519DT,A21N,AIRBUS A-321neo,0
landing,LGA,22,1787160650.82,2026-08-19T17:30:50Z,40.77673,-73.877884,213.8,a310cf,N297PQ,CRJ9,BOMBARDIER Regional Jet CRJ-900,0
takeoff,LGA,31,1787160652.39,2026-08-19T17:30:52Z,40.772638,-73.858322,300.9,a085a4,N13248,B738,BOEING 737-800,0
landing,JFK,13L,1787160707.35,2026-08-19T17:31:47Z,40.651521,-73.776486,120.9,78023d,B-KPQ,B77W,BOEING 777-300ER,0
landing,LGA,22,1787160726.31,2026-08-19T17:32:06Z,40.775221,-73.879124,213.8,ac81d2,N905AU,A321,AIRBUS A-321,0
takeoff,LGA,31,1787160731.77,2026-08-19T17:32:11Z,40.772598,-73.858215,300.9,abbb77,N855RW,E170,EMBRAER ERJ-170-100,0
takeoff,JFK,13R,1787160741.27,2026-08-19T17:32:21Z,40.645736,-73.810896,120.9,010283,SU-GGE,A359,AIRBUS A-350-900,0
landing,JFK,13L,1787160784.57,2026-08-19T17:33:04Z,40.65045,-73.774083,122.4,0d08d1,XA-DHM,B789,BOEING 787-9 Dreamliner,0
takeoff,LGA,31,1787160787.68,2026-08-19T17:33:07Z,40.772254,-73.857526,300.9,c07a7c,C-GUJZ,DH8D,DE HAVILLAND DHC-8-400 Dash 8,0
landing,LGA,22,1787160806.91,2026-08-19T17:33:26Z,40.775512,-73.87889,208.1,a77d89,N582CA,CRJ9,BOMBARDIER Regional Jet CRJ-900,0
landing,LGA,31,1787160854.53,2026-08-19T17:34:14Z,40.772243,-73.857391,340.3,a35254,N313DU,BCS3,AIRBUS A220-300,0
landing,LGA,22,1787160892.79,2026-08-19T17:34:52Z,40.775291,-73.879093,210.9,ab1d06,N815MD,E170,EMBRAER ERJ-170-100,0
landing,JFK,13L,1787160931.3,2026-08-19T17:35:31Z,40.650182,-73.773521,123.8,aa5078,N764AV,A20N,AIRBUS A-320neo,0
takeoff,LGA,31,1787160979.08,2026-08-19T17:36:19Z,40.772507,-73.858032,300.9,a35254,N313DU,BCS3,AIRBUS A220-300,0
landing,LGA,22,1787160980.55,2026-08-19T17:36:20Z,40.775512,-73.878906,213.8,a8a0d9,N655RW,E170,EMBRAER ERJ-170-100,0
landing,JFK,31R,1787161010.32,2026-08-19T17:36:50Z,40.652573,-73.784149,341.8,47ae38,LN-FNL,B789,BOEING 787-9 Dreamliner,0
landing,JFK,13L,1787161013.59,2026-08-19T17:36:53Z,40.651136,-73.775597,120.9,a09239,N136HQ,E75L,EMBRAER ERJ-170-200 (long wing),0
takeoff,JFK,13R,1787161029.67,2026-08-19T17:37:09Z,40.647812,-73.815491,120.9,a08714,N133HQ,E75L,EMBRAER ERJ-170-200 (long wing),0
landing,JFK,22L,1787161030.47,2026-08-19T17:37:10Z,40.63575,-73.762299,210.9,4ca5c7,EI-DUZ,A333,AIRBUS A-330-300,0
landing,LGA,22,1787161038.7,2026-08-19T17:37:18Z,40.777416,-73.877319,210.9,a21142,N232PQ,CRJ9,BOMBARDIER Regional Jet CRJ-900,0
landing,JFK,13L,1787161094.49,2026-08-19T17:38:14Z,40.651039,-73.775391,120.9,0d0b7c,XA-VIH,A20N,AIRBUS A-320neo,0
landing,JFK,22L,1787161127.96,2026-08-19T17:38:47Z,40.633994,-73.763674,210.9,a4e7c9,N415MC,B744,BOEING 747-400,0
landing,LGA,22,1787161131.44,2026-08-19T17:38:51Z,40.775242,-73.879105,210.9,ac2bd4,N88330,E75L,EMBRAER ERJ-170-200 (long wing),0
takeoff,JFK,13R,1787161157.4,2026-08-19T17:39:17Z,40.645667,-73.81074,120.9,869232,JA788A,B77W,BOEING 777-300ER,0
landing,JFK,13L,1787161176.68,2026-08-19T17:39:36Z,40.650357,-73.773864,120.9,aded77,N997JL,A321,AIRBUS A-321,0
takeoff,LGA,31,1787161197.18,2026-08-19T17:39:57Z,40.772243,-73.857468,303.8,a5307f,N433YX,E75L,EMBRAER ERJ-170-200 (long wing),0
landing,LGA,22,1787161235.36,2026-08-19T17:40:35Z,40.774861,-73.879452,210.9,a21833,N234JQ,E75L,EMBRAER ERJ-170-200 (long wing),0
landing,JFK,13L,1787161260.05,2026-08-19T17:41:00Z,40.651325,-73.776016,120.9,a37fb0,N3241J,BCS3,AIRBUS A220-300,0
landing,JFK,22L,1787161273.77,2026-08-19T17:41:13Z,40.636566,-73.76163,210.9,a4dfa6,N413DX,A339,AIRBUS A-330-900,0
landing,LGA,22,1787161294.96,2026-08-19T17:41:34Z,40.776292,-73.878266,213.8,ac541b,N8939Q,B38M,BOEING 737 MAX 8,0
landing,JFK,13L,1787161337.65,2026-08-19T17:42:17Z,40.650284,-73.773697,123.8,acfc56,N936DZ,B739,,0
landing,LGA,22,1787161388.61,2026-08-19T17:43:08Z,40.776524,-73.878067,213.8,a022c4,N108DN,A321,AIRBUS A-321,0
takeoff,LGA,31,1787161401.14,2026-08-19T17:43:21Z,40.772736,-73.85849,300.9,ab6247,N8321D,B738,BOEING 737-800,0
takeoff,JFK,13R,1787161422.76,2026-08-19T17:43:42Z,40.64576,-73.810959,119.6,7380ca,4X-EDL,B789,BOEING 787-9 Dreamliner,0
landing,JFK,22L,1787161426.12,2026-08-19T17:43:46Z,40.637985,-73.760553,210.9,a3514f,N3125J,BCS3,,0
landing,LGA,22,1787161502.39,2026-08-19T17:45:02Z,40.771305,-73.88237,205.3,a20d0e,N231JQ,E75L,EMBRAER ERJ-170-200 (long wing),0
landing,JFK,13L,1787161503.15,2026-08-19T17:45:03Z,40.650205,-73.773583,120.9,ad44bc,N954NN,B738,BOEING 737-800,0
landing,JFK,31L,1787161505.58,2026-08-19T17:45:05Z,40.641593,-73.797086,258.8,846098,JA11WJ,A35K,AIRBUS A-350-1000,0
landing,JFK,22L,1787161554.57,2026-08-19T17:45:54Z,40.634459,-73.763268,210.9,3c6518,D-AIHX,A346,AIRBUS A-340-600,0
landing,LGA,22,1787161583.68,2026-08-19T17:46:23Z,40.771339,-73.882309,210.9,a210c5,N232JQ,E75L,EMBRAER ERJ-170-200 (long wing),0
takeoff,JFK,13R,1787161587.4,2026-08-19T17:46:27Z,40.645329,-73.809991,120.9,a3355e,N3058J,BCS3,AIRBUS A220-300,0
landing,JFK,13L,1787161592.89,2026-08-19T17:46:32Z,40.650879,-73.775024,126.6,a6152a,N491PX,CRJ9,BOMBARDIER Regional Jet CRJ-900,0
landing,LGA,22,1787161640.52,2026-08-19T17:47:20Z,40.776718,-73.877914,210.9,a04dfa,N119DN,A321,AIRBUS A-321,0
takeoff,JFK,13R,1787161650.18,2026-08-19T17:47:30Z,40.645364,-73.810069,120.9,a38367,N3251J,BCS3,,0
takeoff,LGA,31,1787161652.49,2026-08-19T17:47:32Z,40.772824,-73.858681,303.8,a59f53,N461WN,B737,BOEING 737-700,0
landing,JFK,13L,1787161685.04,2026-08-19T17:48:05Z,40.65045,-73.774098,120.9,acaf0b,N916XJ,CRJ9,BOMBARDIER Regional Jet CRJ-900,0
landing,LGA,22,1787161724.83,2026-08-19T17:48:44Z,40.775978,-73.8785,210.9,a13c73,N179UW,A321,AIRBUS A-321,0
landing,JFK,31L,1787161781.35,2026-08-19T17:49:41Z,40.641663,-73.796898,258.8,71be27,HL7627,A388,AIRBUS A-380-800,0
takeoff,JFK,13R,1787161781.58,2026-08-19T17:49:41Z,40.64542,-73.810196,122.5,47ae38,LN-FNL,B789,BOEING 787-9 Dreamliner,0
landing,JFK,13L,1787161815.3,2026-08-19T17:50:15Z,40.650696,-73.774628,123.8,a7a59f,N592JB,A320,AIRBUS A-320,0
takeoff,LGA,31,1787161841.42,2026-08-19T17:50:41Z,40.772184,-73.85737,306.6,a52911,N431YX,E75L,EMBRAER ERJ-170-200 (long wing),0
landing,LGA,22,1787161841.53,2026-08-19T17:50:41Z,40.780415,-73.874847,213.8,ada683,N979QS,C68A,CESSNA 680 Citation Latitude,0
takeoff,JFK,13R,1787161870.99,2026-08-19T17:51:10Z,40.645523,-73.81044,120.9,846098,JA11WJ,A35K,AIRBUS A-350-1000,0
landing,LGA,22,1787161906.74,2026-08-19T17:51:46Z,40.774635,-73.879623,210.9,a486cc,N391DA,B738,BOEING 737-800,0
landing,JFK,13L,1787161911.18,2026-08-19T17:51:51Z,40.649682,-73.772366,120.9,abfe1c,N872DN,B739,BOEING 737-900,0
takeoff,LGA,31,1787161977.52,2026-08-19T17:52:57Z,40.772277,-73.857542,300.9,acda41,N927XJ,CRJ9,BOMBARDIER Regional Jet CRJ-900,0
takeoff,JFK,13R,1787161992.06,2026-08-19T17:53:12Z,40.646144,-73.811802,120.9,ab6162,N832SK,CRJ9,BOMBARDIER Regional Jet CRJ-900,0
landing,LGA,22,1787161996.87,2026-08-19T17:53:16Z,40.778503,-73.87644,213.8,a39723,N330PQ,CRJ9,BOMBARDIER Regional Jet CRJ-900,0
landing,JFK,13L,1787162038.69,2026-08-19T17:53:58Z,40.650593,-73.774384,123.8,0c605d,9Y-BAH,B38M,BOEING 737 MAX 8,0
takeoff,JFK,13R,1787162074.81,2026-08-19T17:54:34Z,40.646295,-73.812129,120.9,a72f22,N562JB,A320,AIRBUS A-320,0
landing,LGA,22,1787162077.76,2026-08-19T17:54:37Z,40.774942,-73.879343,210.9,a3861f,N326RP,B38M,BOEING 737 MAX 8,0
landing,JFK,13L,1787162137.79,2026-08-19T17:55:37Z,40.651916,-73.777313,120.9,a3e9b2,N351NB,A319,AIRBUS A-319,0
takeoff,LGA,31,1787162153.06,2026-08-19T17:55:53Z,40.772278,-73.857544,300.9,a37e80,N324PQ,CRJ9,BOMBARDIER Regional Jet CRJ-900,0
landing,LGA,22,1787162153.92,2026-08-19T17:55:53Z,40.77824,-73.876617,213.8,ab4383,N825AW,A319,AIRBUS A-319,0
landing,JFK,22L,1787162181.07,2026-08-19T17:56:21Z,40.635223,-73.762695,210.9,a1286c,N174DZ,B763,BOEING 767-300,0
takeoff,JFK,13R,1787162200.25,2026-08-19T17:56:40Z,40.646118,-73.811737,120.9,ac76f2,N902DN,B739,BOEING 737-900,0
landing,LGA,22,1787162214.8,2026-08-19T17:56:54Z,40.776036,-73.878484,210.9,a45ba2,N380DN,A321,AIRBUS A-321,0
landing,JFK,13L,1787162222.5,2026-08-19T17:57:02Z,40.650375,-73.773895,120.9,ada5ee,N979JT,A321,AIRBUS A-321,0
landing,LGA,22,1787162303.28,2026-08-19T17:58:23Z,40.776281,-73.878266,208.1,a1584a,N186PQ,CRJ9,BOMBARDIER Regional Jet CRJ-900,0
takeoff,LGA,31,1787162306.61,2026-08-19T17:58:26Z,40.772498,-73.858025,303.8,a399e4,N331DU,BCS3,,0
landing,JFK,13L,1787162322.36,2026-08-19T17:58:42Z,40.65049,-73.77417,120.9,a36b2d,N3194J,BCS3,,0
landing,JFK,22L,1787162362.72,2026-08-19T17:59:22Z,40.635338,-73.762634,210.9,440251,OE-LRI,B744,BOEING 747-400,0
takeoff,JFK,13R,1787162365.14,2026-08-19T17:59:25Z,40.644814,-73.808899,120.9,71be27,HL7627,A388,AIRBUS A-380-800,0
landing,LGA,22,1787162388.34,2026-08-19T17:59:48Z,40.775291,-73.879108,213.8,abc2e5,N857RW,E170,EMBRAER ERJ-170-100,0
landing,JFK,13L,1787162398.88,2026-08-19T17:59:58Z,40.650229,-73.773568,123.8,aca79d,N914XJ,CRJ9,BOMBARDIER Regional Jet CRJ-900,0
landing,LGA,22,1787162435.18,2026-08-19T18:00:35Z,40.777817,-73.876999,213.8,abb12d,N8520Q,B738,BOEING 737-800,0
landing,JFK,22L,1787162488.33,2026-08-19T18:01:28Z,40.633854,-73.763783,209.6,ab6afa,N835AN,B789,BOEING 787-9 Dreamliner,0
landing,JFK,13L,1787162499.11,2026-08-19T18:01:39Z,40.649868,-73.772819,123.8,a1a1b6,N204JQ,E75L,EMBRAER ERJ-170-200 (long wing),0
takeoff,JFK,13R,1787162528.96,2026-08-19T18:02:08Z,40.64613,-73.811752,123.8,ab4c76,N827SK,CRJ9,BOMBARDIER Regional Jet CRJ-900,0
landing,JFK,22R,1787162550.34,2026-08-19T18:02:30Z,40.639498,-73.777454,241.9,e80242,CC-CXG,B763,BOEING 767-300,0
landing,JFK,13L,1787162580.41,2026-08-19T18:03:00Z,40.650501,-73.7742,120.9,a03235,N111ZM,A321,AIRBUS A-321,0
takeoff,LGA,31,1787162590.94,2026-08-19T18:03:10Z,40.7723,-73.857604,303.8,abd41a,N861RW,E170,EMBRAER ERJ-170-100,0
landing,LGA,22,1787162591.97,2026-08-19T18:03:11Z,40.777863,-73.876938,213.8,a9d5e7,N73278,B738,BOEING 737-800,0
landing,JFK,22L,1787162631.03,2026-08-19T18:03:51Z,40.634743,-73.763092,210.9,a1373d,N178DN,B763,BOEING 767-300,0
landing,JFK,13L,1787162647.71,2026-08-19T18:04:07Z,40.651474,-73.776314,120.9,ad0074,N937JB,A321,AIRBUS A-321,0
takeoff,JFK,13R,1787162654.38,2026-08-19T18:04:14Z,40.645432,-73.810211,123.8,a44988,N3756,B738,BOEING 737-800,0
landing,LGA,22,1787162697.04,2026-08-19T18:04:57Z,40.776535,-73.878036,210.9,ab0a73,N810MD,E170,EMBRAER ERJ-170-100,0
takeoff,JFK,31R,1787162699.16,2026-08-19T18:04:59Z,40.648436,-73.772866,270.0,ad0074,N937JB,A321,AIRBUS A-321,0
landing,JFK,13L,1787162737.81,2026-08-19T18:05:37Z,40.64974,-73.772554,120.9,a38db4,N328TC,B38M,BOEING 737 MAX 8,0
landing,LGA,22,1787162745.4,2026-08-19T18:05:45Z,40.776798,-73.877838,213.8,ab8f0d,N844DN,B739,BOEING 737-900,0
takeoff,LGA,31,1787162755.13,2026-08-19T18:05:55Z,40.772836,-73.858696,300.9,a44262,N3738B,B738,BOEING 737-800,0
landing,JFK,22L,1787162791.84,2026-08-19T18:06:31Z,40.635132,-73.762756,210.9,aab202,N789AN,B772,BOEING 777-200,0
takeoff,LGA,31,1787162849.24,2026-08-19T18:07:29Z,40.772812,-73.858665,300.9,a3962d,N330DU,BCS3,,0
takeoff,JFK,13R,1787162849.43,2026-08-19T18:07:29Z,40.644928,-73.809097,122.5,04c119,5Y-KZC,B788,BOEING 787-8 Dreamliner,0
landing,JFK,13R,1787162849.97,2026-08-19T18:07:29Z,40.644805,-73.808852,122.5,04c119,5Y-KZC,B788,BOEING 787-8 Dreamliner,0
takeoff,JFK,13R,1787162849.97,2026-08-19T18:07:29Z,40.644805,-73.808852,122.5,04c119,5Y-KZC,B788,BOEING 787-8 Dreamliner,0
landing,LGA,22,1787162852.38,2026-08-19T18:07:32Z,40.774337,-73.879873,213.8,ac26cf,N882RW,E170,EMBRAER ERJ-170-100,0
landing,JFK,13L,1787162857.01,2026-08-19T18:07:37Z,40.649025,-73.770935,120.9,ac1190,N877NN,B738,BOEING 737-800,0
takeoff,LGA,31,1787162913.44,2026-08-19T18:08:33Z,40.77261,-73.858231,300.9,a50192,N421YX,E75L,EMBRAER ERJ-170-200 (long wing),0
takeoff,JFK,13R,1787162922.05,2026-08-19T18:08:42Z,40.648157,-73.816265,120.9,a0433b,N116HQ,E75L,EMBRAER ERJ-170-200 (long wing),0
landing,LGA,22,1787162924.56,2026-08-19T18:08:44Z,40.772102,-73.881715,210.9,aa56d8,N76526,B738,BOEING 737-800,0
landing,JFK,22L,1787162955.43,2026-08-19T18:09:15Z,40.631355,-73.765732,210.9,a1b092,N208JQ,E75L,EMBRAER ERJ-170-200 (long wing),0
landing,JFK,13L,1787162967.9,2026-08-19T18:09:27Z,40.649926,-73.772959,123.8,a1e58f,N221JQ,E75L,EMBRAER ERJ-170-200 (long wing),0
landing,LGA,22,1787163002.26,2026-08-19T18:10:02Z,40.776374,-73.878203,213.8,a44969,N3755D,B738,BOEING 737-800,0
takeoff,LGA,31,1787163022.17,2026-08-19T18:10:22Z,40.775482,-73.864258,303.8,a1c1c7,N212JQ,E75L,EMBRAER ERJ-170-200 (long wing),0
landing,JFK,22L,1787163039.65,2026-08-19T18:10:39Z,40.635879,-73.762176,210.9,abca08,N859NW,A332,AIRBUS A-330-200,0
takeoff,JFK,13R,1787163050.32,2026-08-19T18:10:50Z,40.646621,-73.812863,120.9,a338ac,N3065J,BCS3,AIRBUS A220-300,0
landing,JFK,13L,1787163082.25,2026-08-19T18:11:22Z,40.65152,-73.776443,120.9,acf54f,N934JB,A321,AIRBUS A-321,0
takeoff,LGA,31,1787163103.89,2026-08-19T18:11:43Z,40.772507,-73.858017,300.9,aceb76,N931XJ,CRJ9,BOMBARDIER Regional Jet CRJ-900,0
landing,LGA,22,1787163108.1,2026-08-19T18:11:48Z,40.774698,-73.879592,210.9,a5255a,N430YX,E75L,EMBRAER ERJ-170-200 (long wing),0
landing,JFK,22L,1787163185.14,2026-08-19T18:13:05Z,40.635588,-73.762426,210.9,3c7a46,D-ANRF,A339,AIRBUS A-330-900,0
landing,JFK,13L,1787163212.5,2026-08-19T18:13:32Z,40.651577,-73.77655,120.9,a6981a,N524DE,A21N,AIRBUS A-321neo,0
landing,LGA,22,1787163288.2,2026-08-19T18:14:48Z,40.776315,-73.87825,213.8,a3c163,N341DU,BCS3,AIRBUS A220-300,0
takeoff,LGA,31,1787163288.93,2026-08-19T18:14:48Z,40.772661,-73.858337,295.3,a15b4c,N187GJ,CRJ9,BOMBARDIER Regional Jet CRJ-900,0
landing,JFK,13L,1787163332.98,2026-08-19T18:15:32Z,40.649906,-73.772873,120.9,a15795,N186GJ,CRJ9,BOMBARDIER Regional Jet CRJ-900,0
landing,JFK,22L,1787163389.8,2026-08-19T18:16:29Z,40.635192,-73.762738,210.9,406b05,G-STBL,B77W,BOEING 777-300ER,0
landing,JFK,13L,1787163407.64,2026-08-19T18:16:47Z,40.650501,-73.774185,123.8,a01fee,N107NN,A321,AIRBUS A-321,0
landing,LGA,22,1787163408.11,2026-08-19T18:16:48Z,40.777359,-73.87735,216.6,a14502,N181GJ,CRJ9,BOMBARDIER Regional Jet CRJ-900,0
takeoff,JFK,13R,1787163411.39,2026-08-19T18:16:51Z,40.644951,-73.809174,120.9,4c0223,YU-ARD,A332,AIRBUS A-330-200,0
landing,JFK,13R,1787163411.59,2026-08-19T18:16:51Z,40.644905,-73.809067,120.9,4c0223,YU-ARD,A332,AIRBUS A-330-200,0
takeoff,JFK,13R,1787163411.59,2026-08-19T18:16:51Z,40.644905,-73.809067,120.9,4c0223,YU-ARD,A332,AIRBUS A-330-200,0
takeoff,LGA,31,1787163413.54,2026-08-19T18:16:53Z,40.772487,-73.857978,303.8,a2270f,N238JQ,E75L,EMBRAER ERJ-170-200 (long wing),0
takeoff,JFK,13R,1787163420.39,2026-08-19T18:17:00Z,40.648192,-73.816358,146.2,a31486,N298PQ,CRJ9,BOMBARDIER Regional Jet CRJ-900,0
landing,JFK,22L,1787163496.59,2026-08-19T18:18:16Z,40.636705,-73.761552,210.9,4b187b,HB-JHB,A333,AIRBUS A-330-300,0
landing,LGA,22,1787163502.91,2026-08-19T18:18:22Z,40.776947,-73.877716,213.8,a19f29,N203WN,B737,BOEING 737-700,0
takeoff,LGA,31,1787163513.08,2026-08-19T18:18:33Z,40.772758,-73.858566,300.9,a0232a,N108HQ,E75L,EMBRAER ERJ-170-200 (long wing),0
landing,JFK,13L,1787163532.0,2026-08-19T18:18:52Z,40.651714,-73.776917,118.1,a2000d,N228PQ,CRJ9,BOMBARDIER Regional Jet CRJ-900,0
landing,JFK,22L,1787163618.31,2026-08-19T18:20:18Z,40.636088,-73.762035,210.9,a124b5,N173DZ,B763,BOEING 767-300,0
landing,LGA,22,1787163624.61,2026-08-19T18:20:24Z,40.78132,-73.874115,213.8,a8bfb6,N663DN,B752,BOEING 757-200,0
takeoff,JFK,13R,1787163627.47,2026-08-19T18:20:27Z,40.645911,-73.811302,120.9,a6dbf3,N541DE,A21N,AIRBUS A-321neo,0
landing,JFK,13L,1787163646.59,2026-08-19T18:20:46Z,40.650799,-73.774872,123.8,a1b2ee,N2086J,A21N,AIRBUS A-321neo,0
takeoff,LGA,31,1787163651.73,2026-08-19T18:20:51Z,40.77412,-73.86142,298.1,a14c70,N183GJ,CRJ9,BOMBARDIER Regional Jet CRJ-900,0
takeoff,JFK,13R,1787163673.33,2026-08-19T18:21:13Z,40.646342,-73.812239,120.9,a5fc87,N485PX,CRJ9,BOMBARDIER Regional Jet CRJ-900,0
takeoff,LGA,31,1787163708.5,2026-08-19T18:21:48Z,40.772475,-73.857963,300.9,a1a924,N206JQ,E75L,EMBRAER ERJ-170-200 (long wing),0
landing,JFK,13L,1787163758.56,2026-08-19T18:22:38Z,40.650124,-73.773381,123.8,a4421d,N3736C,B738,BOEING 737-800,0
takeoff,LGA,31,1787163782.88,2026-08-19T18:23:02Z,40.772598,-73.858231,300.9,a0acf9,N14231,B738,BOEING 737-800,0
takeoff,JFK,13R,1787163788.14,2026-08-19T18:23:08Z,40.645376,-73.810101,120.9,4ba94f,TC-JJO,B77W,BOEING 777-300ER,0
landing,JFK,13L,1787163846.78,2026-08-19T18:24:06Z,40.649551,-73.772095,120.9,a52cc8,N432YX,E75L,EMBRAER ERJ-170-200 (long wing),0
landing,LGA,22,1787163917.53,2026-08-19T18:25:17Z,40.775642,-73.878784,210.9,a091f3,N136EV,CRJ9,BOMBARDIER Regional Jet CRJ-900,0
takeoff,LGA,31,1787163926.5,2026-08-19T18:25:26Z,40.77285,-73.858749,300.9,ac7a52,N903AA,A321,AIRBUS A-321,0
landing,JFK,13L,1787163928.05,2026-08-19T18:25:28Z,40.650543,-73.77427,120.9,a06703,N125HQ,E75L,EMBRAER ERJ-170-200 (long wing),0
takeoff,JFK,13L,1787163928.05,2026-08-19T18:25:28Z,40.650543,-73.77427,120.9,a06703,N125HQ,E75L,EMBRAER ERJ-170-200 (long wing),0
landing,JFK,13L,1787163929.14,2026-08-19T18:25:29Z,40.650421,-73.773987,120.9,a06703,N125HQ,E75L,EMBRAER ERJ-170-200 (long wing),0
takeoff,JFK,13L,1787163929.65,2026-08-19T18:25:29Z,40.650345,-73.773833,120.9,a06703,N125HQ,E75L,EMBRAER ERJ-170-200 (long wing),0
landing,JFK,13L,1787163931.82,2026-08-19T18:25:31Z,40.650089,-73.773239,123.8,a06703,N125HQ,E75L,EMBRAER ERJ-170-200 (long wing),0
landing,JFK,22L,1787163958.39,2026-08-19T18:25:58Z,40.63539,-73.762582,210.9,4079cc,G-VLIB,A35K,AIRBUS A-350-1000,0
takeoff,JFK,22L,1787163959.04,2026-08-19T18:25:59Z,40.635132,-73.762787,210.9,4079cc,G-VLIB,A35K,AIRBUS A-350-1000,0
landing,JFK,22L,1787163959.86,2026-08-19T18:25:59Z,40.634846,-73.763016,210.9,4079cc,G-VLIB,A35K,AIRBUS A-350-1000,0
takeoff,JFK,13R,1787163968.37,2026-08-19T18:26:08Z,40.645603,-73.810623,120.9,e80242,CC-CXG,B763,BOEING 767-300,0
takeoff,LGA,13,1787163978.33,2026-08-19T18:26:18Z,40.772163,-73.859665,123.8,aa739d,N77258,B738,BOEING 737-800,0
landing,LGA,22,1787163986.94,2026-08-19T18:26:26Z,40.774715,-73.879547,210.9,ab84c9,N841NN,B738,BOEING 737-800,0
takeoff,LGA,31,1787163988.44,2026-08-19T18:26:28Z,40.77285,-73.858734,300.9,ad4747,N955AN,B738,BOEING 737-800,0
landing,JFK,22R,1787163989.46,2026-08-19T18:26:29Z,40.636659,-73.776892,253.1,a1cce1,N215JD,P32R,PIPER PA-32R-300/301/301T,0
takeoff,LGA,31,1787164029.66,2026-08-19T18:27:09Z,40.772335,-73.857635,315.0,a057cc,N121DZ,A321,AIRBUS A-321,0
landing,JFK,13L,1787164050.8,2026-08-19T18:27:30Z,40.650066,-73.773193,120.9,aca02f,N912XJ,CRJ9,BOMBARDIER Regional Jet CRJ-900,0
landing,LGA,22,1787164061.92,2026-08-19T18:27:41Z,40.778091,-73.876801,210.9,c066dd,C-GMYU,BCS3,AIRBUS A220-300,0
landing,JFK,22L,1787164065.59,2026-08-19T18:27:45Z,40.635763,-73.762285,210.9,ab20e7,N816NW,A333,AIRBUS A-330-300,0
landing,LGA,22,1787164144.3,2026-08-19T18:29:04Z,40.777496,-73.877258,210.9,a4996b,N396DN,A321,AIRBUS A-321,0
takeoff,JFK,31L,1787164197.24,2026-08-19T18:29:57Z,40.641651,-73.796976,303.8,a1cce1,N215JD,P32R,PIPER PA-32R-300/301/301T,0
landing,LGA,22,1787164224.1,2026-08-19T18:30:24Z,40.775517,-73.878891,213.8,ac74f9,N901XJ,CRJ9,BOMBARDIER Regional Jet CRJ-900,0
landing,JFK,22L,1787164234.05,2026-08-19T18:30:34Z,40.637287,-73.761099,210.9,407ed8,G-VEII,A339,AIRBUS A-330-900,0
landing,LGA,22,1787164304.83,2026-08-19T18:31:44Z,40.77602,-73.878479,210.9,a7c849,N600LR,CRJ9,BOMBARDIER Regional Jet CRJ-900,0
landing,LGA,22,1787164381.01,2026-08-19T18:33:01Z,40.775688,-73.878754,210.9,a3c259,N341PQ,CRJ9,BOMBARDIER Regional Jet CRJ-900,0
landing,JFK,13L,1787164425.44,2026-08-19T18:33:45Z,40.651393,-73.776158,120.9,4caeb8,EI-TYB,A339,AIRBUS A-330-900,0
landing,JFK,22L,1787164427.74,2026-08-19T18:33:47Z,40.635541,-73.762457,210.9,7103d8,HZ-AK42,B77W,BOEING 777-300ER,0
takeoff,JFK,13R,1787164434.77,2026-08-19T18:33:54Z,40.646051,-73.811583,120.9,a81abe,N621JB,A320,AIRBUS A-320,0
landing,LGA,22,1787164453.36,2026-08-19T18:34:13Z,40.776769,-73.877844,213.8,a8b8ba,N661JB,A320,AIRBUS A-320,0
takeoff,JFK,13R,1787164492.42,2026-08-19T18:34:52Z,40.648075,-73.81604,126.6,a09239,N136HQ,E75L,EMBRAER ERJ-170-200 (long wing),0
landing,LGA,22,1787164537.39,2026-08-19T18:35:37Z,40.777061,-73.87764,213.8,ad7634,N967AN,B738,BOEING 737-800,0
landing,LGA,22,1787164600.91,2026-08-19T18:36:40Z,40.77784,-73.876968,210.9,a80d40,N618JB,A320,AIRBUS A-320,0
landing,JFK,13L,1787164635.79,2026-08-19T18:37:15Z,40.649984,-73.773037,122.4,485e2f,PH-BKI,B78X,BOEING 787-10 Dreamliner,0
takeoff,LGA,31,1787164653.75,2026-08-19T18:37:33Z,40.772231,-73.857417,300.9,ab3d17,N823MD,E170,EMBRAER ERJ-170-100,0
landing,LGA,22,1787164703.28,2026-08-19T18:38:23Z,40.774884,-73.879421,210.9,abd3c7,N861NN,B738,BOEING 737-800,0
takeoff,JFK,13R,1787164737.27,2026-08-19T18:38:57Z,40.645911,-73.811287,123.8,ac801e,N904XJ,CRJ9,BOMBARDIER Regional Jet CRJ-900,0
takeoff,JFK,13R,1787164784.25,2026-08-19T18:39:44Z,40.645878,-73.811218,120.9,ad4bcb,N956JT,A321,AIRBUS A-321,0
landing,LGA,22,1787164802.24,2026-08-19T18:40:02Z,40.774887,-73.879395,210.9,abdf3f,N864RW,E170,EMBRAER ERJ-170-100,0
landing,JFK,22L,1787164810.41,2026-08-19T18:40:10Z,40.632981,-73.765016,230.6,a46462,N382TA,C208,CESSNA 208 Caravan,8
landing,JFK,13L,1787164834.36,2026-08-19T18:40:34Z,40.651311,-73.776018,120.9,a37c1c,N3232J,BCS3,,0
takeoff,JFK,13R,1787164838.7,2026-08-19T18:40:38Z,40.646015,-73.811508,120.9,899017,B-18780,B77L,BOEING 777-200LR,0
landing,LGA,22,1787164871.01,2026-08-19T18:41:11Z,40.77649,-73.878078,210.9,a2af3e,N272PQ,CRJ9,BOMBARDIER Regional Jet CRJ-900,0
landing,JFK,22L,1787164931.16,2026-08-19T18:42:11Z,40.634422,-73.763336,210.9,34810b,EC-OIL,A21N,AIRBUS A-321neo,0
takeoff,LGA,31,1787164945.33,2026-08-19T18:42:25Z,40.772404,-73.857849,300.9,a39ada,N331PQ,CRJ9,BOMBARDIER Regional Jet CRJ-900,0
landing,JFK,13L,1787164946.86,2026-08-19T18:42:26Z,40.651171,-73.77569,120.9,a65454,N507DZ,A21N,AIRBUS A-321neo,0
landing,LGA,22,1787164951.8,2026-08-19T18:42:31Z,40.774841,-73.87944,210.9,a046f2,N117HQ,E75L,EMBRAER ERJ-170-200 (long wing),0
takeoff,JFK,13R,1787164963.59,2026-08-19T18:42:43Z,40.645189,-73.809695,123.8,a35949,N3149J,BCS3,AIRBUS A220-300,0
takeoff,LGA,13,1787164971.05,2026-08-19T18:42:51Z,40.771957,-73.859253,146.2,a21142,N232PQ,CRJ9,BOMBARDIER Regional Jet CRJ-900,0
takeoff,JFK,31L,1787164991.05,2026-08-19T18:43:11Z,40.63567,-73.78389,300.9,a46462,N382TA,C208,CESSNA 208 Caravan,8
landing,LGA,22,1787165031.53,2026-08-19T18:43:51Z,40.777554,-73.877213,213.8,c00757,C-FCUG,A320,AIRBUS A-320,0
takeoff,LGA,31,1787165035.28,2026-08-19T18:43:55Z,40.772587,-73.858215,303.8,ac1951,N879RW,E170,EMBRAER ERJ-170-100,0
landing,JFK,31L,1787165042.99,2026-08-19T18:44:02Z,40.63951,-73.792373,298.1,a46462,N382TA,C208,CESSNA 208 Caravan,8
landing,JFK,22L,1787165072.4,2026-08-19T18:44:32Z,40.63546,-73.762519,209.6,4ca9e7,EI-NUA,B789,BOEING 787-9 Dreamliner,0
takeoff,JFK,13R,1787165084.26,2026-08-19T18:44:44Z,40.645783,-73.811021,120.9,a5cc4c,N473AN,A21N,AIRBUS A-321neo,0
landing,LGA,22,1787165110.95,2026-08-19T18:45:10Z,40.774849,-73.879452,213.8,a3cd7d,N344PP,B738,BOEING 737-800,0
takeoff,LGA,31,1787165121.1,2026-08-19T18:45:21Z,40.774075,-73.861313,298.1,a3534a,N313PQ,CRJ9,BOMBARDIER Regional Jet CRJ-900,0
landing,JFK,13L,1787165122.62,2026-08-19T18:45:22Z,40.651695,-73.776845,120.9,a3f4d7,N354NB,A319,AIRBUS A-319,0
takeoff,JFK,31L,1787165131.99,2026-08-19T18:45:31Z,40.644701,-73.802672,300.9,a46462,N382TA,C208,CESSNA 208 Caravan,8
takeoff,JFK,13R,1787165135.25,2026-08-19T18:45:35Z,40.647459,-73.814689,120.9,a4e8ef,N415YX,E75L,EMBRAER ERJ-170-200 (long wing),0
landing,JFK,31L,1787165179.31,2026-08-19T18:46:19Z,40.64819,-73.810349,298.1,a46462,N382TA,C208,CESSNA 208 Caravan,8
landing,JFK,13L,1787165200.52,2026-08-19T18:46:40Z,40.649517,-73.772003,123.8,a98386,N712AL,B39M,,0
landing,LGA,22,1787165226.37,2026-08-19T18:47:06Z,40.776106,-73.878422,210.9,acf975,N935NN,B738,BOEING 737-800,0
takeoff,JFK,31L,1787165249.96,2026-08-19T18:47:29Z,40.649437,-73.815625,261.6,acc040,N920XJ,CRJ9,BOMBARDIER Regional Jet CRJ-900,0
landing,LGA,22,1787165292.78,2026-08-19T18:48:12Z,40.776595,-73.878,213.8,a08a85,N134EV,CRJ9,BOMBARDIER Regional Jet CRJ-900,0
takeoff,LGA,31,1787165293.12,2026-08-19T18:48:13Z,40.772731,-73.858462,300.9,a8bf73,N663AW,A320,AIRBUS A-320,0
landing,JFK,13L,1787165334.89,2026-08-19T18:48:54Z,40.650019,-73.773147,120.9,a06aba,N126HQ,E75L,EMBRAER ERJ-170-200 (long wing),0
takeoff,LGA,31,1787165360.11,2026-08-19T18:49:20Z,40.772507,-73.858047,298.1,a7dadc,N605LR,CRJ9,BOMBARDIER Regional Jet CRJ-900,0
landing,JFK,13L,1787165423.15,2026-08-19T18:50:23Z,40.650742,-73.77475,120.9,acba30,N919XJ,CRJ9,BOMBARDIER Regional Jet CRJ-900,0
takeoff,LGA,31,1787165444.18,2026-08-19T18:50:44Z,40.772621,-73.858261,303.8,a210c5,N232JQ,E75L,EMBRAER ERJ-170-200 (long wing),0
landing,LGA,22,1787165446.72,2026-08-19T18:50:46Z,40.774509,-73.879684,205.3,a1a56d,N205JQ,E75L,EMBRAER ERJ-170-200 (long wing),0
takeoff,JFK,13R,1787165452.37,2026-08-19T18:50:52Z,40.646272,-73.812082,120.9,acab54,N915XJ,CRJ9,BOMBARDIER Regional Jet CRJ-900,0
landing,LGA,22,1787165507.49,2026-08-19T18:51:47Z,40.776455,-73.87811,213.8,a3b124,N337PQ,CRJ9,BOMBARDIER Regional Jet CRJ-900,0
takeoff,LGA,31,1787165515.21,2026-08-19T18:51:55Z,40.772801,-73.858821,303.8,c010e4,C-FGKH,A320,AIRBUS A-320,0
takeoff,JFK,13R,1787165520.46,2026-08-19T18:52:00Z,40.645191,-73.809708,120.9,a387f0,N3267J,BCS3,,0
landing,JFK,13L,1787165524.45,2026-08-19T18:52:04Z,40.651966,-73.777405,123.8,a1cf48,N2156J,A21N,AIRBUS A-321neo,0
landing,LGA,22,1787165605.69,2026-08-19T18:53:25Z,40.774281,-73.879913,210.9,a22ac6,N239JQ,E75L,EMBRAER ERJ-170-200 (long wing),0
landing,JFK,13L,1787165634.07,2026-08-19T18:53:54Z,40.652607,-73.77887,120.9,a1ddbb,N2193J,A21N,AIRBUS A-321neo,0
landing,LGA,22,1787165655.62,2026-08-19T18:54:15Z,40.776141,-73.878375,213.8,a3a084,N33264,B738,BOEING 737-800,0
takeoff,LGA,31,1787165677.61,2026-08-19T18:54:37Z,40.775338,-73.86408,300.9,a77d89,N582CA,CRJ9,BOMBARDIER Regional Jet CRJ-900,0
takeoff,JFK,13L,1787165708.59,2026-08-19T18:55:08Z,40.654826,-73.783743,120.9,a95ca4,N702GT,B77L,BOEING 777-200LR,0
takeoff,LGA,31,1787165752.78,2026-08-19T18:55:52Z,40.772392,-73.857788,303.8,a45592,N379DN,A321,AIRBUS A-321,0
takeoff,JFK,13R,1787165771.14,2026-08-19T18:56:11Z,40.647575,-73.814969,120.9,a1c935,N214JQ,E75L,EMBRAER ERJ-170-200 (long wing),0
landing,LGA,22,1787165772.07,2026-08-19T18:56:12Z,40.771957,-73.881836,213.8,a4da13,N411YX,E75L,EMBRAER ERJ-170-200 (long wing),0
takeoff,LGA,31,1787165827.73,2026-08-19T18:57:07Z,40.772219,-73.857385,303.8,a50cb7,N424YX,E75L,EMBRAER ERJ-170-200 (long wing),0
takeoff,JFK,13R,1787165864.1,2026-08-19T18:57:44Z,40.646283,-73.812098,120.9,acb2c2,N917XJ,CRJ9,BOMBARDIER Regional Jet CRJ-900,0
landing,JFK,22L,1787165876.17,2026-08-19T18:57:56Z,40.633678,-73.763885,210.9,a4ccba,N4080J,A21N,,0
landing,LGA,22,1787165893.56,2026-08-19T18:58:13Z,40.774738,-73.879517,213.8,a32ad5,N303DU,BCS3,AIRBUS A220-300,0
landing,JFK,13L,1787165901.22,2026-08-19T18:58:21Z,40.649938,-73.77299,120.9,06a2b6,A7-BER,B77W,BOEING 777-300ER,0
takeoff,JFK,13R,1787165924.97,2026-08-19T18:58:44Z,40.646118,-73.811752,120.9,ac5bf6,N896DN,B739,BOEING 737-900,0
landing,LGA,22,1787166000.82,2026-08-19T19:00:00Z,40.774593,-73.879639,213.8,a00ce0,N102HQ,E75L,EMBRAER ERJ-170-200 (long wing),0
takeoff,LGA,31,1787166007.41,2026-08-19T19:00:07Z,40.774143,-73.861465,295.3,a310cf,N297PQ,CRJ9,BOMBARDIER Regional Jet CRJ-900,0
landing,JFK,13L,1787166023.85,2026-08-19T19:00:23Z,40.651346,-73.776018,120.9,a014c9,N104NN,A321,AIRBUS A-321,0
landing,JFK,22L,1787166038.29,2026-08-19T19:00:38Z,40.636642,-73.761597,210.9,406a35,G-STBJ,B77W,BOEING 777-300ER,0
landing,LGA,22,1787166074.46,2026-08-19T19:01:14Z,40.777267,-73.877457,213.8,aa7e16,N7751A,B737,BOEING 737-700,0
takeoff,LGA,31,1787166078.55,2026-08-19T19:01:18Z,40.772655,-73.858337,300.9,ad574f,N959NN,B738,BOEING 737-800,0
landing,JFK,13L,1787166119.47,2026-08-19T19:01:59Z,40.649666,-73.772339,120.9,a1b2a8,N2084J,A21N,AIRBUS A-321neo,0
takeoff,LGA,22,1787166142.4,2026-08-19T19:02:22Z,40.771889,-73.881866,219.4,acdd2e,N928PG,PC12,PILATUS PC-12,0
landing,JFK,22L,1787166154.07,2026-08-19T19:02:34Z,40.63662,-73.761612,210.9,3c6716,D-AIXV,A359,AIRBUS A-350-900,0
landing,LGA,22,1787166209.49,2026-08-19T19:03:29Z,40.777611,-73.877182,213.8,a28c23,N263WN,B737,BOEING 737-700,0
landing,JFK,13L,1787166213.68,2026-08-19T19:03:33Z,40.650008,-73.7731,123.8,a026e1,N109HQ,E75L,EMBRAER ERJ-170-200 (long wing),0
takeoff,LGA,31,1787166214.82,2026-08-19T19:03:34Z,40.772626,-73.858306,300.9,a707a3,N552JB,A320,AIRBUS A-320,0
landing,JFK,22L,1787166277.75,2026-08-19T19:04:37Z,40.63681,-73.761442,210.9,a4c9d5,N4076J,A21N,AIRBUS A-321neo,0
landing,LGA,22,1787166295.91,2026-08-19T19:04:55Z,40.777409,-73.877329,213.8,ad22e1,N94556,A21N,AIRBUS A-321neo,0
takeoff,LGA,31,1787166309.99,2026-08-19T19:05:09Z,40.772827,-73.858673,300.9,ac541b,N8939Q,B38M,BOEING 737 MAX 8,0
landing,JFK,13L,1787166313.46,2026-08-19T19:05:13Z,40.651016,-73.77533,120.9,a1863b,N198DN,B763,BOEING 767-300,0
takeoff,JFK,13R,1787166322.25,2026-08-19T19:05:22Z,40.645065,-73.809448,120.9,4a2d24,YR-KID,A332,AIRBUS A-330-200,0
landing,JFK,13L,1787166427.85,2026-08-19T19:07:07Z,40.650566,-73.774333,120.9,a5f3cf,N483AS,B739,BOEING 737-900,0
landing,LGA,22,1787166456.12,2026-08-19T19:07:36Z,40.774803,-73.879483,210.9,a1d45a,N217JQ,E75L,EMBRAER ERJ-170-200 (long wing),0
takeoff,LGA,31,1787166456.12,2026-08-19T19:07:36Z,40.772696,-73.858431,300.9,ab1d06,N815MD,E170,EMBRAER ERJ-170-100,0
takeoff,JFK,13R,1787166458.08,2026-08-19T19:07:38Z,40.646167,-73.811848,120.9,acaf0b,N916XJ,CRJ9,BOMBARDIER Regional Jet CRJ-900,0
takeoff,JFK,13R,1787166514.97,2026-08-19T19:08:34Z,40.645853,-73.811177,120.9,a3c662,N342SX,B38M,BOEING 737 MAX 8,0
landing,JFK,13L,1787166544.54,2026-08-19T19:09:04Z,40.650433,-73.774063,120.9,a13af4,N179DN,B763,BOEING 767-300,0
landing,LGA,22,1787166546.06,2026-08-19T19:09:06Z,40.775253,-73.879105,213.8,a3ad6d,N336PQ,CRJ9,BOMBARDIER Regional Jet CRJ-900,0
takeoff,JFK,13R,1787166566.27,2026-08-19T19:09:26Z,40.645798,-73.811035,120.9,ad44bc,N954NN,B738,BOEING 737-800,0
landing,LGA,22,1787166609.41,2026-08-19T19:10:09Z,40.77467,-73.879578,213.8,a45b96,N380DA,B738,BOEING 737-800,0
takeoff,LGA,31,1787166614.04,2026-08-19T19:10:14Z,40.772673,-73.858369,300.9,ad0f29,N940WN,B737,BOEING 737-700,0
takeoff,JFK,13R,1787166631.88,2026-08-19T19:10:31Z,40.645422,-73.810225,120.9,a11380,N169DZ,B763,BOEING 767-300,0
takeoff,LGA,31,1787166680.52,2026-08-19T19:11:20Z,40.772472,-73.857925,300.9,a06e71,N127HQ,E75L,EMBRAER ERJ-170-200 (long wing),0
landing,JFK,22L,1787166748.6,2026-08-19T19:12:28Z,40.636276,-73.761887,210.9,a32bba,N303NY,A21N,AIRBUS A-321neo,0
takeoff,LGA,31,1787166753.25,2026-08-19T19:12:33Z,40.772626,-73.858291,295.3,a148b9,N182GJ,CRJ9,BOMBARDIER Regional Jet CRJ-900,0
landing,JFK,13L,1787166810.53,2026-08-19T19:13:30Z,40.651148,-73.775628,120.9,aa781f,N774CK,B77L,BOEING 777-200LR,0
takeoff,JFK,13R,1787166820.73,2026-08-19T19:13:40Z,40.645329,-73.809991,120.9,a39243,N3291J,BCS3,AIRBUS A220-300,0
takeoff,LGA,31,1787166839.39,2026-08-19T19:13:59Z,40.77507,-73.863464,300.9,a0144e,N104HQ,E75L,EMBRAER ERJ-170-200 (long wing),0
takeoff,LGA,31,1787166918.34,2026-08-19T19:15:18Z,40.773891,-73.860931,300.9,ac81d2,N905AU,A321,AIRBUS A-321,0
landing,JFK,22L,1787166932.21,2026-08-19T19:15:32Z,40.635565,-73.762441,210.9,a16ff1,N192DN,B763,BOEING 767-300,0
takeoff,JFK,13R,1787166949.48,2026-08-19T19:15:49Z,40.645294,-73.809906,120.9,a36b73,N3196J,BCS3,AIRBUS A220-300,0
landing,JFK,13L,1787166966.56,2026-08-19T19:16:06Z,40.651978,-73.777466,120.9,ad56e0,N959JB,A321,AIRBUS A-321,0
takeoff,LGA,31,1787167001.96,2026-08-19T19:16:41Z,40.774693,-73.862595,300.9,a3a152,N333DU,BCS3,,0
takeoff,JFK,13R,1787167019.79,2026-08-19T19:16:59Z,40.645445,-73.810272,120.9,ac45ac,N890DN,B739,BOEING 737-900,0
takeoff,JFK,13R,1787167094.87,2026-08-19T19:18:14Z,40.645271,-73.809891,122.5,89409f,A9C-FH,B789,BOEING 787-9 Dreamliner,0
takeoff,LGA,31,1787167106.12,2026-08-19T19:18:26Z,40.772484,-73.857971,303.8,a13c73,N179UW,A321,AIRBUS A-321,0
landing,JFK,13L,1787167151.62,2026-08-19T19:19:11Z,40.651543,-73.77652,118.1,a35701,N314PQ,CRJ9,BOMBARDIER Regional Jet CRJ-900,0
landing,JFK,22L,1787167173.1,2026-08-19T19:19:33Z,40.635891,-73.762191,210.9,4a91af,SE-DMO,A21N,AIRBUS A-321neo,0
takeoff,JFK,13R,1787167188.34,2026-08-19T19:19:48Z,40.645786,-73.810989,120.9,a7a8ed,N593DX,A21N,,0
takeoff,LGA,31,1787167192.33,2026-08-19T19:19:52Z,40.775384,-73.864018,300.9,a20d0e,N231JQ,E75L,EMBRAER ERJ-170-200 (long wing),0
landing,LGA,22,1787167273.93,2026-08-19T19:21:13Z,40.776641,-73.877969,213.8,ac8b43,N907XJ,CRJ9,BOMBARDIER Regional Jet CRJ-900,0
takeoff,LGA,31,1787167282.96,2026-08-19T19:21:22Z,40.772626,-73.858275,303.8,abc1bc,N857DZ,B739,BOEING 737-900,0
takeoff,JFK,13R,1787167296.06,2026-08-19T19:21:36Z,40.64825,-73.816468,140.6,a1a1b6,N204JQ,E75L,EMBRAER ERJ-170-200 (long wing),0
landing,JFK,13L,1787167312.93,2026-08-19T19:21:52Z,40.652012,-73.777573,123.8,a3871e,N3261J,BCS3,,0
takeoff,LGA,31,1787167360.54,2026-08-19T19:22:40Z,40.772633,-73.858292,300.9,ac2bd4,N88330,E75L,EMBRAER ERJ-170-200 (long wing),0
landing,LGA,22,1787167435.54,2026-08-19T19:23:55Z,40.777689,-73.877095,210.9,a6ce58,N538CA,CRJ9,BOMBARDIER Regional Jet CRJ-900,0
takeoff,LGA,31,1787167437.34,2026-08-19T19:23:57Z,40.772556,-73.858135,303.8,a8a0d9,N655RW,E170,EMBRAER ERJ-170-100,0
landing,JFK,13L,1787167446.56,2026-08-19T19:24:06Z,40.651154,-73.77562,120.9,a7b40e,N596DT,,,0
landing,JFK,22L,1787167468.71,2026-08-19T19:24:28Z,40.634537,-73.763229,210.9,aacaa5,N795AN,B772,BOEING 777-200,0
takeoff,JFK,13R,1787167506.88,2026-08-19T19:25:06Z,40.645603,-73.810593,120.9,a3514f,N3125J,BCS3,,0
landing,LGA,22,1787167524.11,2026-08-19T19:25:24Z,40.777468,-73.877267,213.8,a48a8f,N392DN,A321,AIRBUS A-321,0
takeoff,LGA,31,1787167530.13,2026-08-19T19:25:30Z,40.772472,-73.857971,300.9,abc2e5,N857RW,E170,EMBRAER ERJ-170-100,0
landing,JFK,13L,1787167545.29,2026-08-19T19:25:45Z,40.651566,-73.776581,120.9,ab6fbf,N836MH,B764,BOEING 767-400,0
landing,JFK,22L,1787167621.73,2026-08-19T19:27:01Z,40.634274,-73.763443,209.6,7380c1,4X-EDB,B789,BOEING 787-9 Dreamliner,0
takeoff,JFK,13R,1787167650.63,2026-08-19T19:27:30Z,40.646167,-73.81188,120.9,a6152a,N491PX,CRJ9,BOMBARDIER Regional Jet CRJ-900,0
landing,LGA,22,1787167671.3,2026-08-19T19:27:51Z,40.77776,-73.877029,210.9,acf2e4,N933XJ,CRJ9,BOMBARDIER Regional Jet CRJ-900,0
takeoff,LGA,31,1787167678.97,2026-08-19T19:27:58Z,40.772827,-73.858704,300.9,a04dfa,N119DN,A321,AIRBUS A-321,0
takeoff,JFK,13R,1787167710.32,2026-08-19T19:28:30Z,40.645166,-73.809648,120.9,a37fb0,N3241J,BCS3,AIRBUS A220-300,0
landing,JFK,13L,1787167722.63,2026-08-19T19:28:42Z,40.651119,-73.775574,120.9,a788d3,N585DN,A21N,,0
landing,LGA,22,1787167763.62,2026-08-19T19:29:23Z,40.775139,-73.879196,213.8,abdb88,N863RW,E170,EMBRAER ERJ-170-100,0
landing,JFK,22L,1787167801.08,2026-08-19T19:30:01Z,40.635635,-73.762379,210.9,896194,A6-EEU,A388,AIRBUS A-380-800,0
landing,JFK,13L,1787167815.6,2026-08-19T19:30:15Z,40.650764,-73.774765,123.8,add376,N990JL,A321,AIRBUS A-321,0
landing,LGA,22,1787167844.64,2026-08-19T19:30:44Z,40.778666,-73.876315,210.9,ab039a,N809DC,GLEX,BOMBARDIER BD-700 Global 6000/6500,8
takeoff,LGA,31,1787167853.35,2026-08-19T19:30:53Z,40.772587,-73.858185,298.1,a1584a,N186PQ,CRJ9,BOMBARDIER Regional Jet CRJ-900,0
landing,JFK,13L,1787167916.29,2026-08-19T19:31:56Z,40.650364,-73.773865,120.9,a36636,N318TD,B38M,BOEING 737 MAX 8,0
takeoff,LGA,31,1787167946.44,2026-08-19T19:32:26Z,40.772472,-73.857956,303.8,a19f29,N203WN,B737,BOEING 737-700,0
takeoff,JFK,13R,1787167994.52,2026-08-19T19:33:14Z,40.648169,-73.816234,123.8,a46462,N382TA,C208,CESSNA 208 Caravan,8
landing,JFK,22L,1787168004.38,2026-08-19T19:33:24Z,40.63686,-73.761444,210.9,a6c013,N534JB,A320,AIRBUS A-320,0
landing,LGA,22,1787168031.34,2026-08-19T19:33:51Z,40.776385,-73.878172,210.9,a05f37,N123DW,A321,AIRBUS A-321,0
landing,JFK,13L,1787168036.58,2026-08-19T19:33:56Z,40.651657,-73.776764,120.9,adbdc1,N985AK,B39M,BOEING 737 MAX 9,0
takeoff,LGA,31,1787168039.9,2026-08-19T19:33:59Z,40.772789,-73.858603,300.9,a486cc,N391DA,B738,BOEING 737-800,0
landing,LGA,22,1787168109.56,2026-08-19T19:35:09Z,40.77475,-73.879517,210.9,a2fe3c,N292PQ,CRJ9,BOMBARDIER Regional Jet CRJ-900,0
takeoff,LGA,31,1787168112.17,2026-08-19T19:35:12Z,40.772347,-73.857698,306.6,a022c4,N108DN,A321,AIRBUS A-321,0
landing,JFK,22L,1787168132.86,2026-08-19T19:35:32Z,40.634215,-73.763502,210.9,3965b3,F-GZNT,B77W,BOEING 777-300ER,0
takeoff,LGA,31,1787168203.27,2026-08-19T19:36:43Z,40.772461,-73.857925,303.8,a4795a,N388DN,A321,AIRBUS A-321,0
landing,LGA,22,1787168204.49,2026-08-19T19:36:44Z,40.775152,-73.879202,213.8,a33aa7,N307PQ,CRJ9,BOMBARDIER Regional Jet CRJ-900,0
landing,JFK,13L,1787168242.55,2026-08-19T19:37:22Z,40.650333,-73.773802,123.8,ab1ffe,N816DN,B739,BOEING 737-900,0
landing,JFK,22L,1787168278.73,2026-08-19T19:37:58Z,40.633862,-73.763763,210.9,8966cf,A6-XWH,A35K,AIRBUS A-350-1000,0
landing,LGA,22,1787168294.49,2026-08-19T19:38:14Z,40.77618,-73.878326,213.8,a3ed91,N352PS,B738,BOEING 737-800,0
takeoff,JFK,13R,1787168308.71,2026-08-19T19:38:28Z,40.645725,-73.810881,120.9,8966d4,A6-XWL,A35K,AIRBUS A-350-1000,0
landing,LGA,22,1787168355.32,2026-08-19T19:39:15Z,40.776956,-73.877704,213.8,ac5b43,N8957Q,B38M,,0
landing,JFK,13L,1787168357.43,2026-08-19T19:39:17Z,40.649448,-73.771881,120.9,a4c527,N406YX,E75L,EMBRAER ERJ-170-200 (long wing),0
takeoff,LGA,31,1787168371.09,2026-08-19T19:39:31Z,40.772777,-73.858571,300.9,a21833,N234JQ,E75L,EMBRAER ERJ-170-200 (long wing),0
landing,LGA,22,1787168462.42,2026-08-19T19:41:02Z,40.776804,-73.877813,213.8,abe2f6,N865RW,E170,EMBRAER ERJ-170-100,0
takeoff,LGA,31,1787168463.84,2026-08-19T19:41:03Z,40.772404,-73.857834,300.9,ac26cf,N882RW,E170,EMBRAER ERJ-170-100,0
landing,JFK,13L,1787168478.57,2026-08-19T19:41:18Z,40.65089,-73.77504,120.9,a661bf,N510DE,A21N,AIRBUS A-321neo,0
landing,JFK,22L,1787168484.44,2026-08-19T19:41:24Z,40.63385,-73.763824,216.6,a1f822,N226JQ,E75L,EMBRAER ERJ-170-200 (long wing),0
takeoff,JFK,13R,1787168517.49,2026-08-19T19:41:57Z,40.645729,-73.810883,120.9,ab7ae4,N839MH,B764,BOEING 767-400,0
landing,LGA,22,1787168555.4,2026-08-19T19:42:35Z,40.774887,-73.87941,210.9,abf78f,N870NN,B738,BOEING 737-800,0
takeoff,LGA,31,1787168557.75,2026-08-19T19:42:37Z,40.77261,-73.858231,300.9,abb12d,N8520Q,B738,BOEING 737-800,0
landing,JFK,13L,1787168613.71,2026-08-19T19:43:33Z,40.652321,-73.778214,120.9,a8c796,N665JB,A320,AIRBUS A-320,0
landing,JFK,22L,1787168628.75,2026-08-19T19:43:48Z,40.635297,-73.762644,209.6,48ae24,SP-LSE,B789,BOEING 787-9 Dreamliner,0
takeoff,LGA,31,1787168646.46,2026-08-19T19:44:06Z,40.77261,-73.858246,300.9,a5255a,N430YX,E75L,EMBRAER ERJ-170-200 (long wing),0
landing,LGA,22,1787168650.1,2026-08-19T19:44:10Z,40.775597,-73.878815,213.8,abd063,N860RW,E170,EMBRAER ERJ-170-100,0
takeoff,JFK,13R,1787168657.23,2026-08-19T19:44:17Z,40.648064,-73.816046,123.8,a099a7,N138HQ,E75L,EMBRAER ERJ-170-200 (long wing),0
landing,JFK,13L,1787168707.83,2026-08-19T19:45:07Z,40.651405,-73.776184,120.9,a32f82,N304PQ,CRJ9,BOMBARDIER Regional Jet CRJ-900,0
landing,LGA,22,1787168735.88,2026-08-19T19:45:35Z,40.777233,-73.877472,216.6,a3dc5a,N348PQ,CRJ9,BOMBARDIER Regional Jet CRJ-900,0
takeoff,JFK,13R,1787168758.47,2026-08-19T19:45:58Z,40.645841,-73.811193,120.9,ac1190,N877NN,B738,BOEING 737-800,0
landing,JFK,13L,1787168791.77,2026-08-19T19:46:31Z,40.650364,-73.773987,123.8,a19cc7,N2027J,A21N,AIRBUS A-321neo,0
landing,LGA,22,1787168802.68,2026-08-19T19:46:42Z,40.777514,-73.877236,210.9,a7d725,N604LR,CRJ9,BOMBARDIER Regional Jet CRJ-900,0
takeoff,LGA,31,1787168811.37,2026-08-19T19:46:51Z,40.772487,-73.857963,300.9,a3861f,N326RP,B38M,BOEING 737 MAX 8,0
takeoff,JFK,13R,1787168841.53,2026-08-19T19:47:21Z,40.645729,-73.810913,120.9,a69894,N524JB,A320,AIRBUS A-320,0
takeoff,JFK,13R,1787168879.46,2026-08-19T19:47:59Z,40.647657,-73.815157,120.9,a52cc8,N432YX,E75L,EMBRAER ERJ-170-200 (long wing),0
landing,JFK,13L,1787168885.82,2026-08-19T19:48:05Z,40.651405,-73.776184,123.8,a7e20a,N607JB,A320,AIRBUS A-320,0
landing,LGA,22,1787168896.07,2026-08-19T19:48:16Z,40.774956,-73.879333,210.9,a230d6,N240JQ,E75L,EMBRAER ERJ-170-200 (long wing),0
takeoff,LGA,31,1787168957.34,2026-08-19T19:49:17Z,40.772289,-73.857574,300.9,a9d5e7,N73278,B738,BOEING 737-800,0
landing,LGA,22,1787168968.31,2026-08-19T19:49:28Z,40.772072,-73.881729,213.8,a095f0,N137HQ,E75L,EMBRAER ERJ-170-200 (long wing),0
landing,JFK,22L,1787168989.87,2026-08-19T19:49:49Z,40.635944,-73.762146,210.9,ab2c0c,N819NW,A333,AIRBUS A-330-300,0
landing,JFK,13L,1787168991.97,2026-08-19T19:49:51Z,40.650673,-73.774551,120.9,ab60e3,N832MH,B764,BOEING 767-400,0
takeoff,JFK,13R,1787169008.78,2026-08-19T19:50:08Z,40.64576,-73.810959,120.9,a519b8,N428DX,A339,,0
takeoff,LGA,31,1787169023.24,2026-08-19T19:50:23Z,40.772301,-73.85762,300.9,a15027,N184GJ,CRJ9,BOMBARDIER Regional Jet CRJ-900,0
takeoff,LGA,13,1787169037.69,2026-08-19T19:50:37Z,40.77507,-73.867357,126.6,a2fe3c,N292PQ,CRJ9,BOMBARDIER Regional Jet CRJ-900,0
landing,LGA,22,1787169048.1,2026-08-19T19:50:48Z,40.775288,-73.879074,213.8,ac159a,N878RW,E170,EMBRAER ERJ-170-100,0
takeoff,LGA,13,1787169108.09,2026-08-19T19:51:48Z,40.77514,-73.867467,132.2,a3dc5a,N348PQ,CRJ9,BOMBARDIER Regional Jet CRJ-900,0
landing,JFK,13L,1787169112.46,2026-08-19T19:51:52Z,40.651579,-73.776564,120.9,a5e3e4,N479PX,CRJ9,BOMBARDIER Regional Jet CRJ-900,0
takeoff,JFK,13R,1787169114.44,2026-08-19T19:51:54Z,40.645454,-73.810287,123.8,a39289,N3293J,BCS3,AIRBUS A220-300,0
takeoff,LGA,31,1787169118.8,2026-08-19T19:51:58Z,40.772265,-73.857557,298.1,a3c259,N341PQ,CRJ9,BOMBARDIER Regional Jet CRJ-900,0
landing,LGA,22,1787169125.89,2026-08-19T19:52:05Z,40.77592,-73.878531,213.8,a35e6f,N316PQ,CRJ9,BOMBARDIER Regional Jet CRJ-900,0
takeoff,LGA,13,1787169144.65,2026-08-19T19:52:24Z,40.772083,-73.861115,126.6,a33aa7,N307PQ,CRJ9,BOMBARDIER Regional Jet CRJ-900,0
landing,JFK,22L,1787169186.36,2026-08-19T19:53:06Z,40.635285,-73.762644,209.6,40742e,G-CKOF,B789,BOEING 787-9 Dreamliner,0
landing,JFK,13L,1787169187.67,2026-08-19T19:53:07Z,40.650867,-73.774948,123.8,add734,N991JT,A321,AIRBUS A-321,0
takeoff,LGA,31,1787169208.26,2026-08-19T19:53:28Z,40.772277,-73.857557,300.9,a39723,N330PQ,CRJ9,BOMBARDIER Regional Jet CRJ-900,0
takeoff,JFK,13R,1787169210.3,2026-08-19T19:53:30Z,40.645981,-73.811432,120.9,0c218b,HP-9930CMP,B39M,BOEING 737 MAX 9,0
takeoff,LGA,04,1787169225.41,2026-08-19T19:53:45Z,40.776077,-73.876602,73.1,a35e6f,N316PQ,CRJ9,BOMBARDIER Regional Jet CRJ-900,0
landing,LGA,22,1787169248.12,2026-08-19T19:54:08Z,40.774523,-73.879701,210.9,a24720,N246JQ,E75L,EMBRAER ERJ-170-200 (long wing),0
landing,JFK,13L,1787169273.0,2026-08-19T19:54:33Z,40.64962,-73.772263,120.9,0d112e,XA-GRS,B38M,BOEING 737 MAX 8,0
takeoff,JFK,13R,1787169282.5,2026-08-19T19:54:42Z,40.645876,-73.811209,120.9,0d0b7c,XA-VIH,A20N,AIRBUS A-320neo,0
landing,LGA,22,1787169306.19,2026-08-19T19:55:06Z,40.777619,-73.877142,213.8,a60852,N488WN,B737,BOEING 737-700,0
takeoff,LGA,31,1787169329.18,2026-08-19T19:55:29Z,40.773848,-73.86085,303.8,a0b889,N14563,A21N,AIRBUS A-321neo,0
landing,JFK,13L,1787169371.89,2026-08-19T19:56:11Z,40.650776,-73.774826,120.9,a37842,N3221J,BCS3,,0
landing,LGA,22,1787169379.22,2026-08-19T19:56:19Z,40.774279,-73.87992,210.9,a3ef7e,N35260,B738,BOEING 737-800,0
landing,JFK,22L,1787169382.39,2026-08-19T19:56:22Z,40.636112,-73.762035,210.9,4b1882,HB-JHI,A333,AIRBUS A-330-300,0
takeoff,LGA,31,1787169388.53,2026-08-19T19:56:28Z,40.77251,-73.858057,303.8,a45ba2,N380DN,A321,AIRBUS A-321,0
takeoff,JFK,13R,1787169438.69,2026-08-19T19:57:18Z,40.645878,-73.811218,120.9,a6833b,N519DT,A21N,AIRBUS A-321neo,0
landing,JFK,13L,1787169460.37,2026-08-19T19:57:40Z,40.651199,-73.775742,120.9,acb679,N918XJ,CRJ9,BOMBARDIER Regional Jet CRJ-900,0
landing,LGA,22,1787169464.4,2026-08-19T19:57:44Z,40.779259,-73.875793,213.8,c0850c,C-GYJZ,DH8D,DE HAVILLAND DHC-8-400 Dash 8,0
takeoff,LGA,31,1787169479.02,2026-08-19T19:57:59Z,40.772591,-73.858197,300.9,ab0a73,N810MD,E170,EMBRAER ERJ-170-100,0
takeoff,LGA,31,1787169512.31,2026-08-19T19:58:32Z,40.772277,-73.857604,306.6,c066dd,C-GMYU,BCS3,AIRBUS A220-300,0
landing,JFK,13L,1787169533.26,2026-08-19T19:58:53Z,40.651253,-73.775893,120.9,782377,B-228C,B77L,BOEING 777-200LR,0
landing,LGA,22,1787169535.2,2026-08-19T19:58:55Z,40.777164,-73.877518,210.9,a145b7,N181PQ,CRJ9,BOMBARDIER Regional Jet CRJ-900,0
landing,JFK,22L,1787169571.48,2026-08-19T19:59:31Z,40.634506,-73.763299,210.9,aa4548,N761AJ,B772,BOEING 777-200,0
takeoff,JFK,13R,1787169614.94,2026-08-19T20:00:14Z,40.645741,-73.810883,120.9,78023d,B-KPQ,B77W,BOEING 777-300ER,0
landing,LGA,22,1787169616.85,2026-08-19T20:00:16Z,40.774097,-73.880081,210.9,ab4c15,N827NN,B738,BOEING 737-800,0
landing,JFK,13L,1787169677.34,2026-08-19T20:01:17Z,40.651055,-73.775425,120.9,a6ee8e,N546DN,A21N,AIRBUS A-321neo,0
takeoff,JFK,13R,1787169693.71,2026-08-19T20:01:33Z,40.648224,-73.816391,126.6,a06703,N125HQ,E75L,EMBRAER ERJ-170-200 (long wing),0
takeoff,LGA,31,1787169698.32,2026-08-19T20:01:38Z,40.772587,-73.8582,300.9,aa56d8,N76526,B738,BOEING 737-800,0
landing,LGA,22,1787169716.32,2026-08-19T20:01:56Z,40.77103,-73.882462,188.4,a51f4a,N429YX,E75L,EMBRAER ERJ-170-200 (long wing),0
takeoff,LGA,13,1787169743.72,2026-08-19T20:02:23Z,40.77521,-73.866047,118.1,a2af3e,N272PQ,CRJ9,BOMBARDIER Regional Jet CRJ-900,0
landing,JFK,13L,1787169771.82,2026-08-19T20:02:51Z,40.649402,-73.771789,120.9,ad4873,N955NN,B738,BOEING 737-800,0
landing,JFK,22L,1787169779.35,2026-08-19T20:02:59Z,40.635155,-73.762772,210.9,ab6519,N833SK,CRJ9,BOMBARDIER Regional Jet CRJ-900,0
landing,LGA,22,1787169782.7,2026-08-19T20:03:02Z,40.775652,-73.878812,213.8,c00b9d,C-FEKI,E75S,EMBRAER ERJ-170-200 (short wing),0
takeoff,JFK,13R,1787169827.06,2026-08-19T20:03:47Z,40.645574,-73.810506,120.9,aca79d,N914XJ,CRJ9,BOMBARDIER Regional Jet CRJ-900,0
landing,LGA,22,1787169847.37,2026-08-19T20:04:07Z,40.775322,-73.879044,213.8,a1ccec,N215JQ,E75L,EMBRAER ERJ-170-200 (long wing),0
takeoff,LGA,31,1787169856.63,2026-08-19T20:04:16Z,40.774931,-73.863128,300.9,a14502,N181GJ,CRJ9,BOMBARDIER Regional Jet CRJ-900,0
landing,JFK,13L,1787169856.89,2026-08-19T20:04:16Z,40.650845,-73.774979,120.9,ab4c1d,N827NW,A333,AIRBUS A-330-300,0
takeoff,JFK,31L,1787169858.67,2026-08-19T20:04:18Z,40.64946,-73.815567,267.2,a3e9b2,N351NB,A319,AIRBUS A-319,0
takeoff,JFK,13R,1787169891.07,2026-08-19T20:04:51Z,40.64583,-73.811115,120.9,ad6f93,N965JT,A321,AIRBUS A-321,0
takeoff,LGA,31,1787169918.27,2026-08-19T20:05:18Z,40.772255,-73.857544,306.6,a046f2,N117HQ,E75L,EMBRAER ERJ-170-200 (long wing),0
landing,LGA,22,1787169926.96,2026-08-19T20:05:26Z,40.774761,-73.879486,210.9,a4fddb,N420YX,E75L,EMBRAER ERJ-170-200 (long wing),0
landing,JFK,13L,1787169949.86,2026-08-19T20:05:49Z,40.650867,-73.774963,120.9,c01cb7,C-FKWS,B737,BOEING 737-700,0
takeoff,LGA,31,1787169964.39,2026-08-19T20:06:04Z,40.772278,-73.857513,309.4,a7c849,N600LR,CRJ9,BOMBARDIER Regional Jet CRJ-900,0
landing,LGA,22,1787169986.75,2026-08-19T20:06:26Z,40.776329,-73.87822,213.8,a82d14,N626FR,A21N,AIRBUS A-321neo,0
takeoff,JFK,13R,1787170018.06,2026-08-19T20:06:58Z,40.645409,-73.810181,120.9,a7a59f,N592JB,A320,AIRBUS A-320,0
landing,JFK,13L,1787170035.13,2026-08-19T20:07:15Z,40.651211,-73.775726,123.8,a3401a,N3085J,BCS3,AIRBUS A220-300,0
takeoff,LGA,13,1787170037.47,2026-08-19T20:07:17Z,40.775013,-73.867218,123.8,ada683,N979QS,C68A,CESSNA 680 Citation Latitude,0
landing,LGA,22,1787170070.37,2026-08-19T20:07:50Z,40.776077,-73.878433,210.9,a32e8c,N304DU,BCS3,AIRBUS A220-300,0
takeoff,JFK,13R,1787170080.13,2026-08-19T20:08:00Z,40.646039,-73.811583,120.9,abfe1c,N872DN,B739,BOEING 737-900,0
landing,JFK,13L,1787170103.02,2026-08-19T20:08:23Z,40.650054,-73.773271,120.9,ad444d,N954JB,A321,AIRBUS A-321,0
landing,LGA,22,1787170138.11,2026-08-19T20:08:58Z,40.775838,-73.878625,213.8,adc531,N987AM,A321,AIRBUS A-321,0
takeoff,LGA,31,1787170138.97,2026-08-19T20:08:58Z,40.772655,-73.858322,300.9,a44969,N3755D,B738,BOEING 737-800,0
landing,JFK,22L,1787170142.03,2026-08-19T20:09:02Z,40.635332,-73.762613,210.9,a0f4a2,N1604R,B763,BOEING 767-300,0
takeoff,JFK,13R,1787170151.35,2026-08-19T20:09:11Z,40.64566,-73.810745,120.9,a883bd,N648JB,A320,AIRBUS A-320,0
landing,JFK,13L,1787170192.48,2026-08-19T20:09:52Z,40.651142,-73.77562,123.8,a392f2,N3296J,BCS3,AIRBUS A220-300,0
takeoff,JFK,13R,1787170218.88,2026-08-19T20:10:18Z,40.645924,-73.81134,120.9,ada5ee,N979JT,A321,AIRBUS A-321,0
takeoff,LGA,31,1787170248.71,2026-08-19T20:10:48Z,40.774612,-73.862457,298.1,a091f3,N136EV,CRJ9,BOMBARDIER Regional Jet CRJ-900,0
landing,JFK,13L,1787170254.23,2026-08-19T20:10:54Z,40.650578,-73.774333,120.9,a38fa4,N3289J,,,0
takeoff,JFK,13R,1787170279.47,2026-08-19T20:11:19Z,40.646187,-73.811905,120.9,a38db4,N328TC,B38M,BOEING 737 MAX 8,0
landing,LGA,22,1787170305.29,2026-08-19T20:11:45Z,40.776513,-73.878063,210.9,a086ce,N133EV,CRJ9,BOMBARDIER Regional Jet CRJ-900,0
takeoff,LGA,31,1787170316.02,2026-08-19T20:11:56Z,40.772847,-73.858759,300.9,ab8f0d,N844DN,B739,BOEING 737-900,0
landing,JFK,13L,1787170322.93,2026-08-19T20:12:02Z,40.650043,-73.773178,120.9,a389eb,N327SK,B38M,BOEING 737 MAX 8,0
takeoff,JFK,13R,1787170334.78,2026-08-19T20:12:14Z,40.645841,-73.811146,120.9,a15ebc,N188DN,B763,BOEING 767-300,0
takeoff,LGA,31,1787170342.79,2026-08-19T20:12:22Z,40.772219,-73.85751,329.1,a22ac6,N239JQ,E75L,EMBRAER ERJ-170-200 (long wing),0
landing,JFK,22L,1787170363.94,2026-08-19T20:12:43Z,40.638567,-73.760116,210.9,abc651,N858NW,A332,AIRBUS A-330-200,0
landing,JFK,13L,1787170387.22,2026-08-19T20:13:07Z,40.65187,-73.77722,120.9,a1a3a9,N2043J,A21N,AIRBUS A-321neo,0
landing,LGA,22,1787170387.39,2026-08-19T20:13:07Z,40.775326,-73.87903,213.8,abd7d1,N862RW,E170,EMBRAER ERJ-170-100,0
landing,LGA,22,1787170447.13,2026-08-19T20:14:07Z,40.776146,-73.878372,213.8,a46e40,N385DZ,A321,AIRBUS A-321,0
takeoff,JFK,13R,1787170448.89,2026-08-19T20:14:08Z,40.645775,-73.810989,120.9,acfc56,N936DZ,B739,,0
takeoff,LGA,31,1787170453.67,2026-08-19T20:14:13Z,40.772816,-73.858704,300.9,c00757,C-FCUG,A320,AIRBUS A-320,0
takeoff,JFK,31L,1787170469.69,2026-08-19T20:14:29Z,40.649472,-73.815609,264.4,a3711a,N3203J,BCS3,AIRBUS A220-300,0
landing,JFK,13L,1787170472.64,2026-08-19T20:14:32Z,40.651485,-73.776382,119.6,7c8070,VH-ZNM,B789,BOEING 787-9 Dreamliner,0
takeoff,JFK,13R,1787170515.02,2026-08-19T20:15:15Z,40.645523,-73.810455,120.9,a03235,N111ZM,A321,AIRBUS A-321,0
landing,LGA,22,1787170536.92,2026-08-19T20:15:36Z,40.777875,-73.876955,210.9,a93d7c,N695CA,CRJ9,BOMBARDIER Regional Jet CRJ-900,0
landing,JFK,13L,1787170611.02,2026-08-19T20:16:51Z,40.651765,-73.77697,123.8,a0a30e,N140DU,BCS1,AIRBUS A220-100,0
takeoff,LGA,31,1787170614.04,2026-08-19T20:16:54Z,40.772824,-73.858696,300.9,ab4383,N825AW,A319,AIRBUS A-319,0
landing,JFK,22L,1787170651.64,2026-08-19T20:17:31Z,40.633736,-73.763962,219.4,a1be10,N211JQ,E75L,EMBRAER ERJ-170-200 (long wing),0
takeoff,JFK,13R,1787170673.18,2026-08-19T20:17:53Z,40.646179,-73.81188,120.9,aca02f,N912XJ,CRJ9,BOMBARDIER Regional Jet CRJ-900,0
takeoff,LGA,31,1787170677.58,2026-08-19T20:17:57Z,40.772449,-73.85791,300.9,abdf3f,N864RW,E170,EMBRAER ERJ-170-100,0
landing,JFK,13L,1787170743.85,2026-08-19T20:19:03Z,40.650867,-73.774994,123.8,a38ad5,N3271J,BCS3,,0
landing,JFK,22L,1787170778.24,2026-08-19T20:19:38Z,40.636228,-73.761911,210.9,407992,G-STBM,B77W,BOEING 777-300ER,0
takeoff,JFK,13R,1787170795.18,2026-08-19T20:19:55Z,40.645085,-73.809461,120.9,3c6518,D-AIHX,A346,AIRBUS A-340-600,0
landing,LGA,22,1787170807.94,2026-08-19T20:20:07Z,40.775402,-73.879013,210.9,aa56d4,N76522,B738,BOEING 737-800,0
takeoff,LGA,31,1787170815.82,2026-08-19T20:20:15Z,40.772827,-73.858688,300.9,aa7e16,N7751A,B737,BOEING 737-700,0
takeoff,LGA,13,1787170846.3,2026-08-19T20:20:46Z,40.772172,-73.859679,123.8,a1d45a,N217JQ,E75L,EMBRAER ERJ-170-200 (long wing),0
landing,LGA,22,1787170893.24,2026-08-19T20:21:33Z,40.776169,-73.878342,210.9,ac765b,N9018H,,,0
takeoff,LGA,31,1787170894.76,2026-08-19T20:21:34Z,40.772568,-73.858181,300.9,acf975,N935NN,B738,BOEING 737-800,0
takeoff,JFK,13R,1787170898.55,2026-08-19T20:21:38Z,40.647652,-73.815125,120.9,a1e58f,N221JQ,E75L,EMBRAER ERJ-170-200 (long wing),0
takeoff,LGA,31,1787170944.93,2026-08-19T20:22:24Z,40.772198,-73.857376,303.8,a1a56d,N205JQ,E75L,EMBRAER ERJ-170-200 (long wing),0
landing,JFK,13L,1787170957.29,2026-08-19T20:22:37Z,40.65095,-73.775175,123.8,a337b9,N306XR,,,0
takeoff,JFK,13R,1787170971.19,2026-08-19T20:22:51Z,40.64583,-73.811131,120.9,aa5078,N764AV,A20N,AIRBUS A-320neo,0
landing,JFK,13R,1787170971.75,2026-08-19T20:22:51Z,40.645718,-73.810867,120.9,aa5078,N764AV,A20N,AIRBUS A-320neo,0
takeoff,JFK,13R,1787170971.75,2026-08-19T20:22:51Z,40.645718,-73.810867,120.9,aa5078,N764AV,A20N,AIRBUS A-320neo,0
landing,LGA,22,1787170977.04,2026-08-19T20:22:57Z,40.775221,-73.87914,210.9,a422f7,N366DX,A321,AIRBUS A-321,0
takeoff,JFK,13R,1787170997.66,2026-08-19T20:23:17Z,40.648235,-73.816483,123.8,a1b092,N208JQ,E75L,EMBRAER ERJ-170-200 (long wing),0
takeoff,LGA,31,1787171059.71,2026-08-19T20:24:19Z,40.772533,-73.858088,300.9,a4996b,N396DN,A321,AIRBUS A-321,0
takeoff,JFK,13R,1787171071.82,2026-08-19T20:24:31Z,40.646318,-73.812192,118.1,a2000d,N228PQ,CRJ9,BOMBARDIER Regional Jet CRJ-900,0
landing,LGA,22,1787171072.76,2026-08-19T20:24:32Z,40.774475,-73.87973,213.8,ab282b,N818MD,E170,EMBRAER ERJ-170-100,0
landing,JFK,13L,1787171130.02,2026-08-19T20:25:30Z,40.650787,-73.774801,123.8,aacf19,N796JB,A320,AIRBUS A-320,0
landing,LGA,22,1787171134.55,2026-08-19T20:25:34Z,40.776397,-73.878172,213.8,aa7bea,N775DE,B738,BOEING 737-800,0
takeoff,LGA,31,1787171174.68,2026-08-19T20:26:14Z,40.772198,-73.857361,326.2,a067f8,N125TK,FA50,DASSAULT Falcon 50,8
landing,JFK,22L,1787171191.3,2026-08-19T20:26:31Z,40.635498,-73.762497,210.9,4b1880,HB-JHG,A333,AIRBUS A-330-300,0
takeoff,JFK,13R,1787171217.84,2026-08-19T20:26:57Z,40.646084,-73.811676,120.9,a15795,N186GJ,CRJ9,BOMBARDIER Regional Jet CRJ-900,0
takeoff,JFK,31L,1787171258.0,2026-08-19T20:27:38Z,40.64953,-73.815609,270.0,a3cd58,N344NB,A319,AIRBUS A-319,0
landing,LGA,22,1787171276.27,2026-08-19T20:27:56Z,40.775585,-73.87883,213.8,a475a3,N387DN,A321,AIRBUS A-321,0
takeoff,LGA,31,1787171277.76,2026-08-19T20:27:57Z,40.772521,-73.858088,300.9,ac74f9,N901XJ,CRJ9,BOMBARDIER Regional Jet CRJ-900,0
takeoff,LGA,31,1787171352.25,2026-08-19T20:29:12Z,40.772277,-73.857573,303.8,a08a85,N134EV,CRJ9,BOMBARDIER Regional Jet CRJ-900,0
landing,JFK,31L,1787171387.49,2026-08-19T20:29:47Z,40.640774,-73.792816,345.9,3965aa,F-GZNK,B77W,BOEING 777-300ER,0
landing,LGA,22,1787171388.58,2026-08-19T20:29:48Z,40.774773,-73.879486,210.9,a50549,N422YX,E75L,EMBRAER ERJ-170-200 (long wing),0
takeoff,JFK,13R,1787171442.26,2026-08-19T20:30:42Z,40.645399,-73.810163,122.5,0d08d1,XA-DHM,B789,BOEING 787-9 Dreamliner,0
takeoff,LGA,31,1787171447.16,2026-08-19T20:30:47Z,40.772816,-73.858688,303.8,ad7634,N967AN,B738,BOEING 737-800,0
takeoff,LGA,31,1787171521.4,2026-08-19T20:32:01Z,40.772615,-73.858244,300.9,ab84c9,N841NN,B738,BOEING 737-800,0
takeoff,JFK,13R,1787171538.85,2026-08-19T20:32:18Z,40.645143,-73.809601,120.9,4b187b,HB-JHB,A333,AIRBUS A-330-300,0
landing,LGA,22,1787171547.78,2026-08-19T20:32:27Z,40.770997,-73.882495,196.9,c060bb,C-GKQK,E295,EMBRAER ERJ-190-400,0
takeoff,JFK,13R,1787171552.97,2026-08-19T20:32:32Z,40.648215,-73.816358,165.9,acba30,N919XJ,CRJ9,BOMBARDIER Regional Jet CRJ-900,0
takeoff,LGA,31,1787171574.35,2026-08-19T20:32:54Z,40.772219,-73.857463,306.6,a32ad5,N303DU,BCS3,AIRBUS A220-300,0
landing,JFK,13L,1787171582.97,2026-08-19T20:33:02Z,40.649014,-73.77092,123.8,ad3c78,N952DZ,B739,,0
landing,LGA,22,1787171598.79,2026-08-19T20:33:18Z,40.774532,-73.879684,205.3,a23844,N242JQ,E75L,EMBRAER ERJ-170-200 (long wing),0
takeoff,LGA,31,1787171682.88,2026-08-19T20:34:42Z,40.772615,-73.858259,300.9,a8b8ba,N661JB,A320,AIRBUS A-320,0
landing,LGA,22,1787171683.19,2026-08-19T20:34:43Z,40.775117,-73.879218,213.8,abbb77,N855RW,E170,EMBRAER ERJ-170-100,0
landing,JFK,13L,1787171699.11,2026-08-19T20:34:59Z,40.651028,-73.77536,120.9,4cabd4,EI-LRH,A21N,AIRBUS A-321neo,0
takeoff,JFK,13R,1787171714.51,2026-08-19T20:35:14Z,40.645958,-73.811396,120.9,a6981a,N524DE,A21N,AIRBUS A-321neo,0
takeoff,LGA,31,1787171754.76,2026-08-19T20:35:54Z,40.77277,-73.858551,300.9,a28c23,N263WN,B737,BOEING 737-700,0
takeoff,JFK,13R,1787171777.25,2026-08-19T20:36:17Z,40.646175,-73.811874,120.9,a5320b,N434AS,B739,BOEING 737-900,0
landing,JFK,13L,1787171789.97,2026-08-19T20:36:29Z,40.651195,-73.775753,120.9,a34d98,N3115J,BCS3,AIRBUS A220-300,0
takeoff,JFK,13R,1787171853.99,2026-08-19T20:37:33Z,40.646015,-73.811508,120.9,a98386,N712AL,B39M,,0
takeoff,LGA,31,1787171874.45,2026-08-19T20:37:54Z,40.772221,-73.857437,303.8,a4da13,N411YX,E75L,EMBRAER ERJ-170-200 (long wing),0
landing,LGA,22,1787171876.25,2026-08-19T20:37:56Z,40.777245,-73.877472,210.9,a63388,N499WN,B737,BOEING 737-700,0
landing,JFK,13L,1787171894.59,2026-08-19T20:38:14Z,40.650982,-73.775269,120.9,ab8fd0,N844MH,B764,BOEING 767-400,0
takeoff,JFK,13R,1787171938.16,2026-08-19T20:38:58Z,40.646793,-73.813248,120.9,0c605d,9Y-BAH,B38M,BOEING 737 MAX 8,0
landing,JFK,13L,1787171999.72,2026-08-19T20:39:59Z,40.650648,-73.774551,120.9,a5d4c3,N475MC,B744,BOEING 747-400,0
takeoff,LGA,31,1787172000.57,2026-08-19T20:40:00Z,40.772301,-73.85762,300.9,a3ad6d,N336PQ,CRJ9,BOMBARDIER Regional Jet CRJ-900,0
takeoff,LGA,13,1787172029.0,2026-08-19T20:40:29Z,40.77194,-73.859211,123.8,a80d40,N618JB,A320,AIRBUS A-320,0
takeoff,LGA,31,1787172072.15,2026-08-19T20:41:12Z,40.77258,-73.858197,300.9,a3c163,N341DU,BCS3,AIRBUS A220-300,0
takeoff,LGA,31,1787172109.15,2026-08-19T20:41:49Z,40.772278,-73.857544,303.8,a3b124,N337PQ,CRJ9,BOMBARDIER Regional Jet CRJ-900,0
landing,JFK,13L,1787172131.45,2026-08-19T20:42:11Z,40.653266,-73.780294,123.8,a7bf69,N599FX,CL35,BOMBARDIER BD-100 Challenger 350,0
landing,LGA,22,1787172156.85,2026-08-19T20:42:36Z,40.778224,-73.87669,213.8,a7a956,N593JB,A320,AIRBUS A-320,0
takeoff,JFK,13R,1787172206.24,2026-08-19T20:43:26Z,40.645432,-73.810242,120.9,780d9c,B-2020,B77W,BOEING 777-300ER,0
landing,JFK,13L,1787172209.51,2026-08-19T20:43:29Z,40.650089,-73.773287,120.9,ab4bf7,N827MH,B764,BOEING 767-400,0
takeoff,LGA,31,1787172310.36,2026-08-19T20:45:10Z,40.772777,-73.858556,300.9,a3ed91,N352PS,B738,BOEING 737-800,0
landing,JFK,13L,1787172322.93,2026-08-19T20:45:22Z,40.650227,-73.773605,120.9,ab5365,N829MH,B764,BOEING 767-400,0
takeoff,JFK,13R,1787172356.54,2026-08-19T20:45:56Z,40.645237,-73.809814,120.9,3c7a46,D-ANRF,A339,AIRBUS A-330-900,0
landing,LGA,22,1787172398.36,2026-08-19T20:46:38Z,40.776246,-73.878313,213.8,a149f1,N182UW,A321,AIRBUS A-321,0
takeoff,LGA,31,1787172405.46,2026-08-19T20:46:45Z,40.772847,-73.858743,300.9,a3a084,N33264,B738,BOEING 737-800,0
landing,JFK,13L,1787172427.15,2026-08-19T20:47:07Z,40.650496,-73.774177,123.8,a1463a,N181UW,A321,AIRBUS A-321,0
takeoff,JFK,13R,1787172435.78,2026-08-19T20:47:15Z,40.645832,-73.811111,120.9,aab202,N789AN,B772,BOEING 777-200,0
takeoff,LGA,31,1787172487.62,2026-08-19T20:48:07Z,40.774601,-73.862411,300.9,ac8b43,N907XJ,CRJ9,BOMBARDIER Regional Jet CRJ-900,0
landing,JFK,13L,1787172518.22,2026-08-19T20:48:38Z,40.651463,-73.776337,120.9,a42665,N367AZ,B763,BOEING 767-300,0
takeoff,JFK,13R,1787172554.17,2026-08-19T20:49:14Z,40.646086,-73.811692,120.9,3965aa,F-GZNK,B77W,BOEING 777-300ER,0
landing,LGA,22,1787172563.95,2026-08-19T20:49:23Z,40.774977,-73.879327,210.9,c00b78,C-FEIX,E75S,EMBRAER ERJ-170-200 (short wing),0
landing,JFK,13L,1787172587.34,2026-08-19T20:49:47Z,40.649554,-73.772132,122.4,ab8b0b,N843AN,B789,BOEING 787-9 Dreamliner,0
takeoff,JFK,13R,1787172644.97,2026-08-19T20:50:44Z,40.645492,-73.810381,120.9,a173a8,N193DN,B763,BOEING 767-300,0
takeoff,LGA,31,1787172651.32,2026-08-19T20:50:51Z,40.772289,-73.857574,303.8,a00ce0,N102HQ,E75L,EMBRAER ERJ-170-200 (long wing),0
landing,LGA,22,1787172662.17,2026-08-19T20:51:02Z,40.775471,-73.878937,210.9,ada699,N979RP,E170,EMBRAER ERJ-170-100,0
takeoff,LGA,31,1787172722.47,2026-08-19T20:52:02Z,40.772278,-73.857529,300.9,abdb88,N863RW,E170,EMBRAER ERJ-170-100,0
takeoff,JFK,13R,1787172733.9,2026-08-19T20:52:13Z,40.64768,-73.815188,120.9,a1f822,N226JQ,E75L,EMBRAER ERJ-170-200 (long wing),0
landing,JFK,13L,1787172744.76,2026-08-19T20:52:24Z,40.651195,-73.775721,123.8,a36a19,N319UY,B38M,BOEING 737 MAX 8,0
landing,LGA,22,1787172745.45,2026-08-19T20:52:25Z,40.776752,-73.877884,210.9,ad41ed,N953XV,A21N,,0
landing,JFK,13L,1787172828.68,2026-08-19T20:53:48Z,40.651291,-73.77597,120.9,a67805,N516DA,A21N,AIRBUS A-321neo,0
landing,LGA,22,1787172850.18,2026-08-19T20:54:10Z,40.775896,-73.878593,213.8,a3b3e5,N338DU,BCS3,AIRBUS A220-300,0
takeoff,LGA,31,1787172861.74,2026-08-19T20:54:21Z,40.772861,-73.858765,303.8,ac5b43,N8957Q,B38M,,0
landing,JFK,22L,1787172888.97,2026-08-19T20:54:48Z,40.635201,-73.762726,210.9,a4bf95,N405DX,A339,AIRBUS A-330-900,0
landing,JFK,13L,1787172904.68,2026-08-19T20:55:04Z,40.65033,-73.773865,120.9,ab4489,N825MH,B764,BOEING 767-400,0
takeoff,JFK,13R,1787172920.48,2026-08-19T20:55:20Z,40.645864,-73.811209,120.9,a3f4d7,N354NB,A319,AIRBUS A-319,0
takeoff,JFK,13R,1787172987.6,2026-08-19T20:56:27Z,40.645341,-73.810038,120.9,a4dfa6,N413DX,A339,AIRBUS A-330-900,0
landing,LGA,22,1787173018.95,2026-08-19T20:56:58Z,40.774907,-73.879374,210.9,a8996b,N653RW,E170,EMBRAER ERJ-170-100,0
landing,LGA,22,1787173082.06,2026-08-19T20:58:02Z,40.775997,-73.87851,213.8,a2b10d,N27253,B38M,BOEING 737 MAX 8,0
landing,JFK,22L,1787173083.67,2026-08-19T20:58:03Z,40.635521,-73.762482,209.6,4851b0,PH-BHE,B789,BOEING 787-9 Dreamliner,0
takeoff,JFK,13R,1787173097.3,2026-08-19T20:58:17Z,40.646175,-73.811874,118.1,a35701,N314PQ,CRJ9,BOMBARDIER Regional Jet CRJ-900,0
landing,JFK,13L,1787173111.08,2026-08-19T20:58:31Z,40.649996,-73.773131,120.9,a0f4b5,N1605,B763,BOEING 767-300,0
takeoff,JFK,13R,1787173160.19,2026-08-19T20:59:20Z,40.645888,-73.81124,119.6,485e2f,PH-BKI,B78X,BOEING 787-10 Dreamliner,0
landing,LGA,22,1787173168.65,2026-08-19T20:59:28Z,40.773537,-73.880524,213.8,a44533,N3741S,B738,BOEING 737-800,0
landing,JFK,13L,1787173205.48,2026-08-19T21:00:05Z,40.651218,-73.775784,123.8,a38367,N3251J,BCS3,,0
takeoff,LGA,31,1787173231.41,2026-08-19T21:00:31Z,40.772472,-73.857941,303.8,c00b9d,C-FEKI,E75S,EMBRAER ERJ-170-200 (short wing),0
landing,LGA,22,1787173232.28,2026-08-19T21:00:32Z,40.776798,-73.877838,213.8,a45586,N379DA,B738,BOEING 737-800,0
landing,JFK,13L,1787173275.14,2026-08-19T21:01:15Z,40.651302,-73.775955,123.8,ad9712,N975JT,A321,AIRBUS A-321,0
takeoff,JFK,13R,1787173305.05,2026-08-19T21:01:45Z,40.645763,-73.810974,120.9,a32bba,N303NY,A21N,AIRBUS A-321neo,0
landing,JFK,22L,1787173323.58,2026-08-19T21:02:03Z,40.637823,-73.760662,210.9,a338ac,N3065J,BCS3,AIRBUS A220-300,0
landing,LGA,22,1787173358.79,2026-08-19T21:02:38Z,40.77514,-73.879186,213.8,ab3d17,N823MD,E170,EMBRAER ERJ-170-100,0
takeoff,JFK,13R,1787173362.07,2026-08-19T21:02:42Z,40.645969,-73.81138,120.9,acf54f,N934JB,A321,AIRBUS A-321,0
landing,JFK,13L,1787173374.87,2026-08-19T21:02:54Z,40.651206,-73.775784,120.9,ac79c7,N9026C,A319,AIRBUS A-319,0
landing,LGA,22,1787173439.61,2026-08-19T21:03:59Z,40.775253,-73.879105,213.8,a8a490,N656RW,E170,EMBRAER ERJ-170-100,0
takeoff,JFK,13R,1787173444.23,2026-08-19T21:04:04Z,40.645259,-73.809866,120.9,ab1979,N814NW,A333,AIRBUS A-330-300,0
landing,JFK,13L,1787173446.52,2026-08-19T21:04:06Z,40.651427,-73.776252,120.9,ab9387,N845MH,B764,BOEING 767-400,0
landing,LGA,22,1787173485.66,2026-08-19T21:04:45Z,40.777316,-73.877407,213.8,ac7188,N9000D,B38M,BOEING 737 MAX 8,0
takeoff,LGA,31,1787173504.69,2026-08-19T21:05:04Z,40.772827,-73.858704,303.8,a3cd7d,N344PP,B738,BOEING 737-800,0
takeoff,JFK,13R,1787173566.48,2026-08-19T21:06:06Z,40.64534,-73.810028,120.9,a36b2d,N3194J,BCS3,,0
landing,LGA,22,1787173611.41,2026-08-19T21:06:51Z,40.772068,-73.88173,213.8,a4e538,N414YX,E75L,EMBRAER ERJ-170-200 (long wing),0
takeoff,JFK,13R,1787173621.61,2026-08-19T21:07:01Z,40.64548,-73.810366,120.9,a124b5,N173DZ,B763,BOEING 767-300,0
takeoff,LGA,31,1787173623.49,2026-08-19T21:07:03Z,40.774093,-73.861349,303.8,ad22e1,N94556,A21N,AIRBUS A-321neo,0
landing,JFK,13L,1787173659.62,2026-08-19T21:07:39Z,40.650009,-73.773117,120.9,a437ce,N371DA,B738,BOEING 737-800,0
landing,LGA,22,1787173696.64,2026-08-19T21:08:16Z,40.777386,-73.877376,210.9,aa56da,N76528,B738,BOEING 737-800,0
takeoff,LGA,31,1787173704.77,2026-08-19T21:08:24Z,40.772673,-73.8584,303.8,a095f0,N137HQ,E75L,EMBRAER ERJ-170-200 (long wing),0
takeoff,LGA,13,1787173730.15,2026-08-19T21:08:50Z,40.771998,-73.859305,123.8,a7d725,N604LR,CRJ9,BOMBARDIER Regional Jet CRJ-900,0
landing,JFK,22L,1787173760.21,2026-08-19T21:09:20Z,40.634205,-73.763519,212.4,740822,JY-BAB,B788,BOEING 787-8 Dreamliner,0
landing,JFK,13L,1787173774.9,2026-08-19T21:09:34Z,40.651039,-73.775391,123.8,a0ae33,N143DU,BCS1,AIRBUS A220-100,0
takeoff,LGA,31,1787173777.72,2026-08-19T21:09:37Z,40.772243,-73.857468,300.9,abe2f6,N865RW,E170,EMBRAER ERJ-170-100,0
takeoff,JFK,13R,1787173787.86,2026-08-19T21:09:47Z,40.645667,-73.810772,120.9,aded77,N997JL,A321,AIRBUS A-321,0
landing,LGA,22,1787173790.0,2026-08-19T21:09:50Z,40.777187,-73.877502,213.8,acfe09,N936XJ,CRJ9,BOMBARDIER Regional Jet CRJ-900,0
landing,JFK,13L,1787173828.8,2026-08-19T21:10:28Z,40.650659,-73.774567,120.9,a8ab3c,N658JB,A320,AIRBUS A-320,0
takeoff,JFK,13R,1787173843.3,2026-08-19T21:10:43Z,40.646027,-73.811569,120.9,a65454,N507DZ,A21N,AIRBUS A-321neo,0
takeoff,LGA,31,1787173844.16,2026-08-19T21:10:44Z,40.772335,-73.857604,315.0,a48a8f,N392DN,A321,AIRBUS A-321,0
landing,LGA,22,1787173875.17,2026-08-19T21:11:15Z,40.776249,-73.878281,213.8,a301f3,N293PQ,CRJ9,BOMBARDIER Regional Jet CRJ-900,0
landing,JFK,31L,1787173893.75,2026-08-19T21:11:33Z,40.635402,-73.783228,267.2,a16273,N189DN,B763,BOEING 767-300,0
landing,JFK,13L,1787173905.09,2026-08-19T21:11:45Z,40.650135,-73.773407,120.9,a6b470,N531DA,A21N,AIRBUS A-321neo,0
takeoff,JFK,13R,1787173949.56,2026-08-19T21:12:29Z,40.646318,-73.812176,120.9,a5e3e4,N479PX,CRJ9,BOMBARDIER Regional Jet CRJ-900,0
landing,LGA,22,1787173962.63,2026-08-19T21:12:42Z,40.775187,-73.879171,213.8,a4a484,N399DA,B738,BOEING 737-800,0
landing,JFK,22L,1787173974.39,2026-08-19T21:12:54Z,40.637558,-73.760895,210.9,ac791d,N9021H,A319,AIRBUS A-319,0
landing,JFK,13L,1787174005.02,2026-08-19T21:13:25Z,40.650997,-73.775269,120.9,ad4804,N955JB,A321,AIRBUS A-321,0
takeoff,JFK,13R,1787174017.31,2026-08-19T21:13:37Z,40.645317,-73.809976,120.9,a17ecd,N196DN,B763,BOEING 767-300,0
takeoff,LGA,31,1787174030.44,2026-08-19T21:13:50Z,40.772463,-73.857932,300.9,abf78f,N870NN,B738,BOEING 737-800,0
landing,JFK,13L,1787174091.9,2026-08-19T21:14:51Z,40.650055,-73.773193,120.9,ab6162,N832SK,CRJ9,BOMBARDIER Regional Jet CRJ-900,0
takeoff,JFK,13R,1787174111.85,2026-08-19T21:15:11Z,40.64576,-73.810974,120.9,a01fee,N107NN,A321,AIRBUS A-321,0
takeoff,JFK,13R,1787174151.37,2026-08-19T21:15:51Z,40.648134,-73.816218,120.9,a06aba,N126HQ,E75L,EMBRAER ERJ-170-200 (long wing),0
landing,LGA,22,1787174151.63,2026-08-19T21:15:51Z,40.774315,-73.879883,210.9,a1ff90,N228JQ,E75L,EMBRAER ERJ-170-200 (long wing),0
takeoff,LGA,22,1787174152.49,2026-08-19T21:15:52Z,40.774209,-73.879982,210.9,a1ff90,N228JQ,E75L,EMBRAER ERJ-170-200 (long wing),0
landing,LGA,22,1787174154.21,2026-08-19T21:15:54Z,40.773871,-73.880263,213.8,a1ff90,N228JQ,E75L,EMBRAER ERJ-170-200 (long wing),0
takeoff,LGA,31,1787174160.0,2026-08-19T21:16:00Z,40.774162,-73.86149,298.1,a6ce58,N538CA,CRJ9,BOMBARDIER Regional Jet CRJ-900,0
landing,JFK,13L,1787174193.3,2026-08-19T21:16:33Z,40.650636,-73.774504,123.8,a7c7a2,N600DZ,A21N,AIRBUS A-321neo,0
takeoff,LGA,31,1787174225.63,2026-08-19T21:17:05Z,40.773743,-73.860616,300.9,a05f37,N123DW,A321,AIRBUS A-321,0
takeoff,JFK,13R,1787174226.7,2026-08-19T21:17:06Z,40.64548,-73.81035,120.9,4caeb8,EI-TYB,A339,AIRBUS A-330-900,0
landing,JFK,13L,1787174277.98,2026-08-19T21:17:57Z,40.651051,-73.775421,120.9,ad90a3,N973UY,A321,AIRBUS A-321,0
takeoff,LGA,31,1787174281.79,2026-08-19T21:18:01Z,40.772463,-73.857916,300.9,a230d6,N240JQ,E75L,EMBRAER ERJ-170-200 (long wing),0
takeoff,LGA,31,1787174356.17,2026-08-19T21:19:16Z,40.772591,-73.858197,303.8,a60852,N488WN,B737,BOEING 737-700,0
landing,JFK,13L,1787174378.8,2026-08-19T21:19:38Z,40.651846,-73.777173,120.9,a9b06f,N723TW,B752,BOEING 757-200,0
landing,JFK,22L,1787174389.31,2026-08-19T21:19:49Z,40.636276,-73.761887,210.9,ab538b,N829NW,A333,AIRBUS A-330-300,0
takeoff,JFK,13R,1787174396.42,2026-08-19T21:19:56Z,40.645672,-73.81076,120.9,add376,N990JL,A321,AIRBUS A-321,0
takeoff,LGA,31,1787174420.39,2026-08-19T21:20:20Z,40.772289,-73.857573,303.8,acf2e4,N933XJ,CRJ9,BOMBARDIER Regional Jet CRJ-900,0
landing,LGA,22,1787174430.41,2026-08-19T21:20:30Z,40.777247,-73.877485,213.8,a495bf,N395DZ,A321,AIRBUS A-321,0
landing,LGA,22,1787174518.15,2026-08-19T21:21:58Z,40.777642,-73.877127,213.8,a08317,N132EV,CRJ9,BOMBARDIER Regional Jet CRJ-900,0
takeoff,LGA,31,1787174524.53,2026-08-19T21:22:04Z,40.772836,-73.858728,300.9,a45b96,N380DA,B738,BOEING 737-800,0
takeoff,JFK,13R,1787174526.98,2026-08-19T21:22:06Z,40.645809,-73.81105,120.9,34810b,EC-OIL,A21N,AIRBUS A-321neo,0
takeoff,JFK,13R,1787174588.95,2026-08-19T21:23:08Z,40.645363,-73.810089,123.8,a4421d,N3736C,B738,BOEING 737-800,0
landing,JFK,13L,1787174609.16,2026-08-19T21:23:29Z,40.651695,-73.776845,123.8,ac7c67,N903XJ,CRJ9,BOMBARDIER Regional Jet CRJ-900,0
landing,LGA,22,1787174624.02,2026-08-19T21:23:44Z,40.775562,-73.878891,213.8,ac90a8,N909AN,B738,BOEING 737-800,0
takeoff,JFK,13R,1787174645.81,2026-08-19T21:24:05Z,40.645795,-73.811037,120.9,a7b40e,N596DT,,,0
takeoff,LGA,31,1787174687.52,2026-08-19T21:24:47Z,40.772335,-73.857697,300.9,adc531,N987AM,A321,AIRBUS A-321,0
takeoff,JFK,13R,1787174697.38,2026-08-19T21:24:57Z,40.645672,-73.810776,120.9,ad56e0,N959JB,A321,AIRBUS A-321,0
landing,JFK,13L,1787174715.44,2026-08-19T21:25:15Z,40.650856,-73.774994,123.8,a6c70f,N536DN,A21N,AIRBUS A-321neo,0
landing,JFK,13L,1787174716.62,2026-08-19T21:25:16Z,40.650624,-73.774473,123.8,a6c70f,N536DN,A21N,AIRBUS A-321neo,0
takeoff,JFK,13R,1787174732.3,2026-08-19T21:25:32Z,40.648111,-73.816124,123.8,a4c527,N406YX,E75L,EMBRAER ERJ-170-200 (long wing),0
takeoff,LGA,31,1787174733.96,2026-08-19T21:25:33Z,40.772209,-73.857422,300.9,ac159a,N878RW,E170,EMBRAER ERJ-170-100,0
landing,LGA,22,1787174780.44,2026-08-19T21:26:20Z,40.776741,-73.877884,213.8,a451db,N378DN,A321,AIRBUS A-321,0
landing,JFK,13L,1787174802.56,2026-08-19T21:26:42Z,40.650718,-73.774676,120.9,a7a532,N592DT,A21N,AIRBUS A-321neo,0
takeoff,JFK,13R,1787174818.07,2026-08-19T21:26:58Z,40.645466,-73.810318,120.9,a014c9,N104NN,A321,AIRBUS A-321,0
landing,JFK,13L,1787174880.4,2026-08-19T21:28:00Z,40.650902,-73.775101,120.9,a6f96c,N549AS,B738,BOEING 737-800,0
takeoff,JFK,13R,1787174883.77,2026-08-19T21:28:03Z,40.645317,-73.809982,120.9,a16273,N189DN,B763,BOEING 767-300,0
landing,LGA,22,1787174899.19,2026-08-19T21:28:19Z,40.774727,-73.879547,213.8,abb9b2,N8548P,B738,BOEING 737-800,0
takeoff,JFK,13R,1787174955.34,2026-08-19T21:29:15Z,40.645515,-73.810413,120.9,440251,OE-LRI,B744,BOEING 747-400,0
landing,JFK,13R,1787174956.62,2026-08-19T21:29:16Z,40.645226,-73.809799,120.9,440251,OE-LRI,B744,BOEING 747-400,0
takeoff,JFK,13R,1787174957.99,2026-08-19T21:29:17Z,40.644951,-73.809189,120.9,440251,OE-LRI,B744,BOEING 747-400,0
landing,JFK,13L,1787174992.36,2026-08-19T21:29:52Z,40.651102,-73.775534,120.9,ad8836,N971JT,A321,AIRBUS A-321,0
landing,LGA,22,1787175004.67,2026-08-19T21:30:04Z,40.775333,-73.879059,213.8,ab40ce,N824MD,E170,EMBRAER ERJ-170-100,0
takeoff,LGA,31,1787175060.28,2026-08-19T21:31:00Z,40.772209,-73.857407,303.8,abd7d1,N862RW,E170,EMBRAER ERJ-170-100,0
landing,LGA,22,1787175076.04,2026-08-19T21:31:16Z,40.776304,-73.878266,210.9,a715bb,N556AF,PC24,PILATUS PC-24,0
takeoff,JFK,13R,1787175109.38,2026-08-19T21:31:49Z,40.645031,-73.809341,120.9,a37c1c,N3232J,BCS3,,0
landing,JFK,22L,1787175120.35,2026-08-19T21:32:00Z,40.636448,-73.761749,210.9,a69bcd,N525DA,A21N,AIRBUS A-321neo,0
landing,JFK,13L,1787175140.36,2026-08-19T21:32:20Z,40.650776,-73.774785,123.8,a6b833,N532DN,A21N,AIRBUS A-321neo,0
landing,LGA,22,1787175190.66,2026-08-19T21:33:10Z,40.779784,-73.875379,212.5,a44416,N374QS,E55P,EMBRAER EMB-505 Phenom 300,0
takeoff,JFK,13R,1787175194.47,2026-08-19T21:33:14Z,40.645248,-73.80982,120.9,a1b2a8,N2084J,A21N,AIRBUS A-321neo,0
takeoff,LGA,31,1787175199.8,2026-08-19T21:33:19Z,40.772816,-73.858673,300.9,ab4c15,N827NN,B738,BOEING 737-800,0
takeoff,LGA,31,1787175242.53,2026-08-19T21:34:02Z,40.772289,-73.857574,300.9,a24720,N246JQ,E75L,EMBRAER ERJ-170-200 (long wing),0
takeoff,JFK,13R,1787175257.69,2026-08-19T21:34:17Z,40.645434,-73.810241,122.5,4ca9e7,EI-NUA,B789,BOEING 787-9 Dreamliner,0
landing,JFK,13R,1787175259.24,2026-08-19T21:34:19Z,40.6451,-73.809494,119.6,4ca9e7,EI-NUA,B789,BOEING 787-9 Dreamliner,0
takeoff,JFK,13R,1787175259.24,2026-08-19T21:34:19Z,40.6451,-73.809494,119.6,4ca9e7,EI-NUA,B789,BOEING 787-9 Dreamliner,0
landing,LGA,22,1787175268.86,2026-08-19T21:34:28Z,40.776665,-73.877954,208.1,a8f9a3,N678CA,CRJ9,BOMBARDIER Regional Jet CRJ-900,0
landing,JFK,13L,1787175274.58,2026-08-19T21:34:34Z,40.650566,-73.774364,120.9,a7ac8f,N594DA,A21N,AIRBUS A-321neo,0
takeoff,LGA,31,1787175333.67,2026-08-19T21:35:33Z,40.772207,-73.857417,303.8,a1ccec,N215JQ,E75L,EMBRAER ERJ-170-200 (long wing),0
takeoff,JFK,13R,1787175336.07,2026-08-19T21:35:36Z,40.645523,-73.810455,120.9,ab20e7,N816NW,A333,AIRBUS A-330-300,0
landing,LGA,22,1787175366.58,2026-08-19T21:36:06Z,40.774395,-73.879842,213.8,a210c5,N232JQ,E75L,EMBRAER ERJ-170-200 (long wing),0
landing,JFK,22L,1787175424.82,2026-08-19T21:37:04Z,40.636042,-73.762067,210.9,aa7c64,N775JB,A320,AIRBUS A-320,0
landing,LGA,22,1787175444.23,2026-08-19T21:37:24Z,40.7757,-73.878754,210.9,a075df,N129HQ,E75L,EMBRAER ERJ-170-200 (long wing),0
takeoff,LGA,31,1787175451.88,2026-08-19T21:37:31Z,40.774143,-73.861481,298.1,a93d7c,N695CA,CRJ9,BOMBARDIER Regional Jet CRJ-900,0
takeoff,LGA,13,1787175456.26,2026-08-19T21:37:36Z,40.775082,-73.867355,126.6,a8f9a3,N678CA,CRJ9,BOMBARDIER Regional Jet CRJ-900,0
takeoff,JFK,13R,1787175477.09,2026-08-19T21:37:57Z,40.645866,-73.811172,123.8,a1cf48,N2156J,A21N,AIRBUS A-321neo,0
landing,JFK,13L,1787175488.99,2026-08-19T21:38:08Z,40.650333,-73.773818,120.9,a39f0d,N332UP,B763,BOEING 767-300,0
landing,LGA,22,1787175516.63,2026-08-19T21:38:36Z,40.777542,-73.877243,213.8,acad02,N916AN,B738,BOEING 737-800,0
takeoff,LGA,31,1787175523.14,2026-08-19T21:38:43Z,40.772747,-73.858521,300.9,a3ef7e,N35260,B738,BOEING 737-800,0
takeoff,JFK,13R,1787175558.15,2026-08-19T21:39:18Z,40.64526,-73.809891,120.9,a37842,N3221J,BCS3,,0
takeoff,LGA,31,1787175598.08,2026-08-19T21:39:58Z,40.772475,-73.857963,300.9,a51f4a,N429YX,E75L,EMBRAER ERJ-170-200 (long wing),0
landing,JFK,13L,1787175619.66,2026-08-19T21:40:19Z,40.651085,-73.775497,123.8,a35cba,N3157J,BCS3,AIRBUS A220-300,0
takeoff,JFK,13R,1787175623.09,2026-08-19T21:40:23Z,40.646049,-73.811584,120.9,a36636,N318TD,B38M,BOEING 737 MAX 8,0
takeoff,LGA,31,1787175638.55,2026-08-19T21:40:38Z,40.7723,-73.857604,306.6,a086ce,N133EV,CRJ9,BOMBARDIER Regional Jet CRJ-900,0
landing,JFK,13L,1787175712.28,2026-08-19T21:41:52Z,40.651136,-73.775643,123.8,adafb5,N981JT,A321,AIRBUS A-321,0
landing,JFK,22L,1787175727.38,2026-08-19T21:42:07Z,40.637192,-73.761169,210.9,47c1c2,LN-RKU,A333,AIRBUS A-330-300,0
takeoff,JFK,13R,1787175727.39,2026-08-19T21:42:07Z,40.646377,-73.812301,123.8,ab6519,N833SK,CRJ9,BOMBARDIER Regional Jet CRJ-900,0
takeoff,LGA,31,1787175759.04,2026-08-19T21:42:39Z,40.772463,-73.857932,300.9,abbb77,N855RW,E170,EMBRAER ERJ-170-100,0
takeoff,JFK,13R,1787175793.92,2026-08-19T21:43:13Z,40.644825,-73.808899,120.9,a392f2,N3296J,BCS3,AIRBUS A220-300,0
landing,LGA,22,1787175847.26,2026-08-19T21:44:07Z,40.777073,-73.877625,210.9,a406c9,N359FR,A20N,AIRBUS A-320neo,0
takeoff,JFK,13R,1787175850.98,2026-08-19T21:44:10Z,40.645855,-73.811188,120.9,a788d3,N585DN,A21N,,0
takeoff,LGA,31,1787175863.22,2026-08-19T21:44:23Z,40.77261,-73.858246,300.9,a32e8c,N304DU,BCS3,AIRBUS A220-300,0
landing,JFK,13L,1787175869.04,2026-08-19T21:44:29Z,40.650659,-73.774551,120.9,acab54,N915XJ,CRJ9,BOMBARDIER Regional Jet CRJ-900,0
landing,LGA,04,1787175897.82,2026-08-19T21:44:57Z,40.776169,-73.88089,19.7,a54185,N438H,A139,AGUSTA AW-139,8
landing,JFK,13L,1787175978.91,2026-08-19T21:46:18Z,40.650627,-73.77446,123.8,aaed5a,N803DN,B739,BOEING 737-900,0
landing,JFK,22L,1787175985.75,2026-08-19T21:46:25Z,40.637856,-73.760635,210.9,ab4c76,N827SK,CRJ9,BOMBARDIER Regional Jet CRJ-900,0
takeoff,LGA,31,1787175987.3,2026-08-19T21:46:27Z,40.773937,-73.861023,300.9,a82d14,N626FR,A21N,AIRBUS A-321neo,0
takeoff,JFK,13R,1787175990.83,2026-08-19T21:46:30Z,40.645615,-73.810669,120.9,aa7f5e,N776AN,B772,BOEING 777-200,0
landing,LGA,22,1787176059.47,2026-08-19T21:47:39Z,40.774069,-73.880045,213.8,aa56b4,N76515,B738,BOEING 737-800,0
takeoff,JFK,13R,1787176064.76,2026-08-19T21:47:44Z,40.645134,-73.809555,120.9,4ca5c7,EI-DUZ,A333,AIRBUS A-330-300,0
landing,JFK,13L,1787176123.98,2026-08-19T21:48:43Z,40.650272,-73.773727,120.9,ad2445,N946JL,A321,AIRBUS A-321,0
landing,LGA,22,1787176136.63,2026-08-19T21:48:56Z,40.773883,-73.880232,213.8,acc23f,N921DU,B739,BOEING 737-900,0
takeoff,LGA,31,1787176141.27,2026-08-19T21:49:01Z,40.772758,-73.858551,303.8,abd3c7,N861NN,B738,BOEING 737-800,0
takeoff,JFK,13R,1787176181.89,2026-08-19T21:49:41Z,40.645364,-73.810085,120.9,adbdc1,N985AK,B39M,BOEING 737 MAX 9,0
landing,JFK,13L,1787176193.52,2026-08-19T21:49:53Z,40.651234,-73.775833,120.9,a449e5,N3758Y,B738,BOEING 737-800,0
takeoff,JFK,13R,1787176220.67,2026-08-19T21:50:20Z,40.64819,-73.816315,120.9,a1be10,N211JQ,E75L,EMBRAER ERJ-170-200 (long wing),0
landing,LGA,22,1787176234.92,2026-08-19T21:50:34Z,40.777176,-73.877518,213.8,c05ed8,C-GJXV,BCS3,AIRBUS A220-300,0
takeoff,LGA,31,1787176243.13,2026-08-19T21:50:43Z,40.772603,-73.858228,300.9,ac765b,N9018H,,,0
landing,JFK,13L,1787176289.73,2026-08-19T21:51:29Z,40.648634,-73.770135,120.9,a4f2ee,N418MC,B744,BOEING 747-400,0
takeoff,JFK,13R,1787176290.07,2026-08-19T21:51:30Z,40.64621,-73.811951,123.8,acb679,N918XJ,CRJ9,BOMBARDIER Regional Jet CRJ-900,0
takeoff,LGA,31,1787176342.7,2026-08-19T21:52:22Z,40.772266,-73.857498,300.9,c00b78,C-FEIX,E75S,EMBRAER ERJ-170-200 (short wing),0
landing,LGA,22,1787176350.72,2026-08-19T21:52:30Z,40.776192,-73.878342,213.8,a448fc,N3752,B738,BOEING 737-800,0
takeoff,JFK,13R,1787176361.85,2026-08-19T21:52:41Z,40.645775,-73.811005,123.8,c01cb7,C-FKWS,B737,BOEING 737-700,0
takeoff,JFK,13R,1787176428.05,2026-08-19T21:53:48Z,40.645042,-73.809418,120.9,3c6716,D-AIXV,A359,AIRBUS A-350-900,0
landing,JFK,13L,1787176433.58,2026-08-19T21:53:53Z,40.649996,-73.7731,120.9,ad2f71,N949JT,A321,AIRBUS A-321,0
takeoff,LGA,31,1787176449.38,2026-08-19T21:54:09Z,40.772207,-73.857448,303.8,a63388,N499WN,B737,BOEING 737-700,0
landing,LGA,22,1787176453.67,2026-08-19T21:54:13Z,40.775036,-73.879288,213.8,a8847f,N648RW,E170,EMBRAER ERJ-170-100,0
takeoff,JFK,13R,1787176506.31,2026-08-19T21:55:06Z,40.646336,-73.81221,120.9,3965b0,F-GZNQ,B77W,BOEING 777-300ER,0
landing,JFK,13L,1787176506.93,2026-08-19T21:55:06Z,40.651737,-73.776917,123.8,ac801e,N904XJ,CRJ9,BOMBARDIER Regional Jet CRJ-900,0
landing,LGA,22,1787176548.14,2026-08-19T21:55:48Z,40.77564,-73.878796,213.8,a38237,N325PQ,CRJ9,BOMBARDIER Regional Jet CRJ-900,0
landing,JFK,13L,1787176579.43,2026-08-19T21:56:19Z,40.6496,-73.772273,122.4,ab6380,N833AA,B789,BOEING 787-9 Dreamliner,0
takeoff,JFK,13R,1787176625.71,2026-08-19T21:57:05Z,40.645934,-73.811333,120.9,ab60e3,N832MH,B764,BOEING 767-400,0
landing,LGA,22,1787176660.64,2026-08-19T21:57:40Z,40.771916,-73.881839,213.8,ac1f61,N880RW,E170,EMBRAER ERJ-170-100,0
landing,LGA,22,1787176704.42,2026-08-19T21:58:24Z,40.776661,-73.877945,213.8,ab52a2,N829DN,B739,BOEING 737-900,0
takeoff,LGA,31,1787176707.97,2026-08-19T21:58:27Z,40.772758,-73.858536,300.9,aa56d4,N76522,B738,BOEING 737-800,0
landing,JFK,13L,1787176713.59,2026-08-19T21:58:33Z,40.651714,-73.776871,120.9,a6709b,N514DE,A21N,AIRBUS A-321neo,0
takeoff,JFK,13R,1787176739.58,2026-08-19T21:58:59Z,40.645492,-73.810366,123.8,a38fa4,N3289J,,,0
takeoff,LGA,22,1787176774.21,2026-08-19T21:59:34Z,40.776025,-73.880887,241.9,a54185,N438H,A139,AGUSTA AW-139,8
takeoff,LGA,13,1787176784.71,2026-08-19T21:59:44Z,40.775116,-73.867416,129.4,a38237,N325PQ,CRJ9,BOMBARDIER Regional Jet CRJ-900,0
landing,JFK,13L,1787176802.74,2026-08-19T22:00:02Z,40.649883,-73.772827,120.9,a3b11e,N337PJ,B738,BOEING 737-800,0
landing,LGA,22,1787176807.01,2026-08-19T22:00:07Z,40.774853,-73.879425,210.9,a4e8ef,N415YX,E75L,EMBRAER ERJ-170-200 (long wing),0
landing,JFK,22L,1787176844.43,2026-08-19T22:00:44Z,40.636996,-73.761318,210.9,4065de,G-STBF,B77W,BOEING 777-300ER,0
landing,LGA,22,1787176868.26,2026-08-19T22:01:08Z,40.777177,-73.877548,213.8,a7869b,N584UW,A321,AIRBUS A-321,0
takeoff,JFK,13R,1787176872.0,2026-08-19T22:01:12Z,40.645806,-73.811021,120.9,a7e20a,N607JB,A320,AIRBUS A-320,0
landing,JFK,13L,1787176891.32,2026-08-19T22:01:31Z,40.650822,-73.774957,120.9,a32f71,N304NY,,,0
takeoff,JFK,13R,1787176930.87,2026-08-19T22:02:10Z,40.645422,-73.81021,120.9,a1286c,N174DZ,B763,BOEING 767-300,0
takeoff,JFK,31L,1787176931.48,2026-08-19T22:02:11Z,40.649426,-73.815641,258.8,aa781f,N774CK,B77L,BOEING 777-200LR,0
landing,LGA,22,1787176951.38,2026-08-19T22:02:31Z,40.772056,-73.881761,213.8,a01f73,N107HQ,E75L,EMBRAER ERJ-170-200 (long wing),0
landing,LGA,22,1787177013.87,2026-08-19T22:03:33Z,40.777351,-73.877392,210.9,ad0d35,N940AN,B738,BOEING 737-800,0
takeoff,LGA,31,1787177016.5,2026-08-19T22:03:36Z,40.772242,-73.857495,303.8,c060bb,C-GKQK,E295,EMBRAER ERJ-190-400,0
landing,JFK,13L,1787177017.15,2026-08-19T22:03:37Z,40.65301,-73.779716,122.4,a3b8ad,N339QS,C680,CESSNA 680 Citation Sovereign,0
landing,JFK,22L,1787177049.08,2026-08-19T22:04:09Z,40.634645,-73.763175,210.9,4bb143,TC-LJC,B77W,BOEING 777-300ER,0
landing,LGA,22,1787177085.57,2026-08-19T22:04:45Z,40.77618,-73.878357,210.9,a00c7a,N102DN,A321,AIRBUS A-321,0
takeoff,LGA,31,1787177105.69,2026-08-19T22:05:05Z,40.774097,-73.861374,300.9,a149f1,N182UW,A321,AIRBUS A-321,0
landing,JFK,13L,1787177140.61,2026-08-19T22:05:40Z,40.649938,-73.772928,120.9,a1e946,N222JQ,E75L,EMBRAER ERJ-170-200 (long wing),0
landing,JFK,13L,1787177142.97,2026-08-19T22:05:42Z,40.649705,-73.772444,123.8,a1e946,N222JQ,E75L,EMBRAER ERJ-170-200 (long wing),0
takeoff,JFK,13R,1787177167.54,2026-08-19T22:06:07Z,40.645947,-73.811401,120.9,aa8a83,N779AN,B772,BOEING 777-200,0
takeoff,LGA,31,1787177181.83,2026-08-19T22:06:21Z,40.772243,-73.857483,300.9,ab3d17,N823MD,E170,EMBRAER ERJ-170-100,0
landing,LGA,22,1787177187.76,2026-08-19T22:06:27Z,40.775117,-73.879218,213.8,a1c935,N214JQ,E75L,EMBRAER ERJ-170-200 (long wing),0
landing,LGA,22,1787177274.67,2026-08-19T22:07:54Z,40.774884,-73.879389,210.9,ac2c23,N88359,E75L,EMBRAER ERJ-170-200 (long wing),0
takeoff,LGA,31,1787177277.46,2026-08-19T22:07:57Z,40.772839,-73.858704,300.9,ac7188,N9000D,B38M,BOEING 737 MAX 8,0
landing,JFK,22L,1787177278.1,2026-08-19T22:07:58Z,40.63468,-73.763128,210.9,346456,EC-NJM,A359,AIRBUS A-350-900,0
takeoff,JFK,13R,1787177335.87,2026-08-19T22:08:55Z,40.645713,-73.810865,120.9,aacaa5,N795AN,B772,BOEING 777-200,0
takeoff,LGA,31,1787177363.06,2026-08-19T22:09:23Z,40.77253,-73.858078,303.8,a422f7,N366DX,A321,AIRBUS A-321,0
landing,JFK,22L,1787177445.0,2026-08-19T22:10:45Z,40.635088,-73.7628,210.9,a39243,N3291J,BCS3,AIRBUS A220-300,0
landing,LGA,22,1787177454.74,2026-08-19T22:10:54Z,40.775826,-73.878616,210.9,ab129a,N812UP,B38M,BOEING 737 MAX 8,0
takeoff,JFK,13R,1787177458.61,2026-08-19T22:10:58Z,40.646004,-73.811478,120.9,4a91af,SE-DMO,A21N,AIRBUS A-321neo,0
takeoff,LGA,31,1787177471.7,2026-08-19T22:11:11Z,40.774384,-73.861954,300.9,a46e40,N385DZ,A321,AIRBUS A-321,0
takeoff,JFK,13R,1787177524.9,2026-08-19T22:12:04Z,40.645678,-73.810772,123.8,a389eb,N327SK,B38M,BOEING 737 MAX 8,0
takeoff,LGA,31,1787177534.03,2026-08-19T22:12:14Z,40.772793,-73.858643,300.9,a8bfb6,N663DN,B752,BOEING 757-200,0
landing,JFK,13L,1787177540.47,2026-08-19T22:12:20Z,40.650444,-73.774139,120.9,ad2baa,N948JB,A321,AIRBUS A-321,0
landing,LGA,22,1787177625.15,2026-08-19T22:13:45Z,40.776653,-73.877954,210.9,a7c849,N600LR,CRJ9,BOMBARDIER Regional Jet CRJ-900,0
takeoff,LGA,31,1787177634.25,2026-08-19T22:13:54Z,40.772667,-73.858353,300.9,a475a3,N387DN,A321,AIRBUS A-321,0
landing,JFK,22L,1787177642.92,2026-08-19T22:14:02Z,40.636868,-73.761427,210.9,4077d3,G-VTEA,A35K,AIRBUS A-350-1000,0
takeoff,JFK,13R,1787177672.13,2026-08-19T22:14:32Z,40.645866,-73.811172,120.9,a0a30e,N140DU,BCS1,AIRBUS A220-100,0
landing,JFK,04L,1787177682.98,2026-08-19T22:14:42Z,40.641395,-73.775144,351.6,407698,G-VJAM,A35K,AIRBUS A-350-1000,0
takeoff,LGA,31,1787177693.37,2026-08-19T22:14:53Z,40.772219,-73.857448,303.8,ada699,N979RP,E170,EMBRAER ERJ-170-100,0
landing,JFK,13L,1787177712.94,2026-08-19T22:15:12Z,40.651508,-73.776413,118.1,a320a6,N300PQ,CRJ9,BOMBARDIER Regional Jet CRJ-900,0
takeoff,JFK,13R,1787177724.69,2026-08-19T22:15:24Z,40.646004,-73.811508,120.9,a6ee8e,N546DN,A21N,AIRBUS A-321neo,0
landing,LGA,22,1787177732.91,2026-08-19T22:15:32Z,40.774768,-73.879514,210.9,acc31a,N921NN,B738,BOEING 737-800,0
takeoff,JFK,13R,1787177791.02,2026-08-19T22:16:31Z,40.645741,-73.810898,120.9,ac79c7,N9026C,A319,AIRBUS A-319,0
takeoff,LGA,31,1787177823.85,2026-08-19T22:17:03Z,40.772873,-73.858795,300.9,aa7bea,N775DE,B738,BOEING 737-800,0
landing,LGA,22,1787177825.24,2026-08-19T22:17:05Z,40.774761,-73.879471,208.1,a5255a,N430YX,E75L,EMBRAER ERJ-170-200 (long wing),0
takeoff,LGA,31,1787177878.42,2026-08-19T22:17:58Z,40.772232,-73.857452,300.9,a50549,N422YX,E75L,EMBRAER ERJ-170-200 (long wing),0
landing,JFK,22L,1787177880.3,2026-08-19T22:18:00Z,40.634727,-73.763112,209.6,02013c,CN-RAM,B789,BOEING 787-9 Dreamliner,0
takeoff,JFK,13R,1787177896.31,2026-08-19T22:18:16Z,40.645702,-73.810834,120.9,a1863b,N198DN,B763,BOEING 767-300,0
landing,JFK,13L,1787177902.46,2026-08-19T22:18:22Z,40.65052,-73.774255,120.9,a3d87d,N347NB,A319,AIRBUS A-319,0
landing,LGA,22,1787177907.15,2026-08-19T22:18:27Z,40.775162,-73.879166,210.9,a4b294,N401YX,E75L,EMBRAER ERJ-170-200 (long wing),0
takeoff,LGA,31,1787177977.81,2026-08-19T22:19:37Z,40.772266,-73.857498,303.8,a1ff90,N228JQ,E75L,EMBRAER ERJ-170-200 (long wing),0
takeoff,JFK,13R,1787177982.38,2026-08-19T22:19:42Z,40.646097,-73.811724,120.9,ad3c78,N952DZ,B739,,0
takeoff,LGA,31,1787178067.19,2026-08-19T22:21:07Z,40.77261,-73.858246,303.8,abd063,N860RW,E170,EMBRAER ERJ-170-100,0
takeoff,JFK,13R,1787178087.89,2026-08-19T22:21:27Z,40.645283,-73.809913,120.9,a6c013,N534JB,A320,AIRBUS A-320,0
landing,JFK,22L,1787178118.28,2026-08-19T22:21:58Z,40.633656,-73.764023,219.4,a21fa1,N236JQ,E75L,EMBRAER ERJ-170-200 (long wing),0
landing,JFK,22L,1787178119.92,2026-08-19T22:21:59Z,40.633438,-73.764282,222.2,a21fa1,N236JQ,E75L,EMBRAER ERJ-170-200 (long wing),0
takeoff,LGA,31,1787178151.19,2026-08-19T22:22:31Z,40.773976,-73.861084,300.9,a301f3,N293PQ,CRJ9,BOMBARDIER Regional Jet CRJ-900,0
landing,JFK,13L,1787178159.18,2026-08-19T22:22:39Z,40.651299,-73.775956,120.9,a526e6,N431AS,B739,BOEING 737-900,0
takeoff,JFK,13R,1787178169.02,2026-08-19T22:22:49Z,40.645031,-73.809402,120.9,a38ad5,N3271J,BCS3,,0
takeoff,LGA,31,1787178215.39,2026-08-19T22:23:35Z,40.772472,-73.857941,300.9,a4fddb,N420YX,E75L,EMBRAER ERJ-170-200 (long wing),0
takeoff,JFK,13R,1787178227.19,2026-08-19T22:23:47Z,40.645397,-73.810165,120.9,300a62,I-ITYF,A339,AIRBUS A-330-900,0
landing,LGA,22,1787178319.04,2026-08-19T22:25:19Z,40.774535,-73.879701,213.8,abfa65,N871DN,B739,BOEING 737-900,0
takeoff,LGA,31,1787178331.33,2026-08-19T22:25:31Z,40.774166,-73.861511,298.1,a145b7,N181PQ,CRJ9,BOMBARDIER Regional Jet CRJ-900,0
takeoff,JFK,13R,1787178336.23,2026-08-19T22:25:36Z,40.645969,-73.811401,120.9,a661bf,N510DE,A21N,AIRBUS A-321neo,0
takeoff,JFK,13R,1787178394.87,2026-08-19T22:26:34Z,40.645271,-73.809875,120.9,ab1ffe,N816DN,B739,BOEING 737-900,0
landing,JFK,13L,1787178406.97,2026-08-19T22:26:46Z,40.650948,-73.775177,123.8,acc040,N920XJ,CRJ9,BOMBARDIER Regional Jet CRJ-900,0
landing,LGA,22,1787178434.46,2026-08-19T22:27:14Z,40.776466,-73.878082,208.1,a148b9,N182GJ,CRJ9,BOMBARDIER Regional Jet CRJ-900,0
takeoff,LGA,31,1787178435.73,2026-08-19T22:27:15Z,40.772603,-73.858228,300.9,a23844,N242JQ,E75L,EMBRAER ERJ-170-200 (long wing),0
takeoff,JFK,13R,1787178455.49,2026-08-19T22:27:35Z,40.645818,-73.811068,120.9,ad444d,N954JB,A321,AIRBUS A-321,0
takeoff,LGA,31,1787178512.28,2026-08-19T22:28:32Z,40.772232,-73.857437,303.8,a8996b,N653RW,E170,EMBRAER ERJ-170-100,0
takeoff,JFK,13R,1787178514.04,2026-08-19T22:28:34Z,40.64566,-73.810715,123.8,a36a19,N319UY,B38M,BOEING 737 MAX 8,0
landing,LGA,22,1787178531.99,2026-08-19T22:28:51Z,40.777247,-73.877485,210.9,acda41,N927XJ,CRJ9,BOMBARDIER Regional Jet CRJ-900,0
takeoff,LGA,04,1787178546.39,2026-08-19T22:29:06Z,40.776077,-73.876602,70.3,a148b9,N182GJ,CRJ9,BOMBARDIER Regional Jet CRJ-900,0
takeoff,JFK,13R,1787178577.53,2026-08-19T22:29:37Z,40.645643,-73.810756,120.9,ab6fbf,N836MH,B764,BOEING 767-400,0
landing,LGA,22,1787178606.45,2026-08-19T22:30:06Z,40.77528,-73.879077,208.1,a7dadc,N605LR,CRJ9,BOMBARDIER Regional Jet CRJ-900,0
takeoff,LGA,31,1787178616.47,2026-08-19T22:30:16Z,40.772859,-73.858774,300.9,a3b3e5,N338DU,BCS3,AIRBUS A220-300,0
landing,LGA,22,1787178694.35,2026-08-19T22:31:34Z,40.776855,-73.877792,210.9,a7cfb7,N602LR,CRJ9,BOMBARDIER Regional Jet CRJ-900,0
takeoff,LGA,31,1787178707.57,2026-08-19T22:31:47Z,40.772661,-73.858337,303.8,ad41ed,N953XV,A21N,,0
landing,JFK,22L,1787178712.45,2026-08-19T22:31:52Z,40.634517,-73.763284,210.9,300a9d,I-ITYI,A339,AIRBUS A-330-900,0
takeoff,JFK,13R,1787178743.76,2026-08-19T22:32:23Z,40.645649,-73.810684,122.5,abafe4,N852ML,B789,BOEING 787-9 Dreamliner,0
takeoff,LGA,31,1787178791.86,2026-08-19T22:33:11Z,40.772346,-73.857712,303.8,c0850c,C-GYJZ,DH8D,DE HAVILLAND DHC-8-400 Dash 8,0
landing,LGA,22,1787178800.94,2026-08-19T22:33:20Z,40.778503,-73.87645,210.9,a9b088,N723UW,A319,AIRBUS A-319,0
landing,JFK,13L,1787178830.8,2026-08-19T22:33:50Z,40.649529,-73.772125,120.9,a845f4,N632JB,A320,AIRBUS A-320,0
landing,LGA,22,1787178900.9,2026-08-19T22:35:00Z,40.774558,-73.879655,208.1,a1a924,N206JQ,E75L,EMBRAER ERJ-170-200 (long wing),0
landing,JFK,13L,1787178902.11,2026-08-19T22:35:02Z,40.650543,-73.774239,120.9,abac48,N851NN,B738,BOEING 737-800,0
landing,JFK,22L,1787178937.89,2026-08-19T22:35:37Z,40.635355,-73.762613,210.9,394a05,F-GSQF,B77W,BOEING 777-300ER,0
takeoff,JFK,13R,1787178953.98,2026-08-19T22:35:53Z,40.645889,-73.811218,120.9,ac791d,N9021H,A319,AIRBUS A-319,0
landing,JFK,13L,1787179011.85,2026-08-19T22:36:51Z,40.649926,-73.772819,123.8,a362b2,N317VE,B38M,BOEING 737 MAX 8,0
takeoff,JFK,13R,1787179021.47,2026-08-19T22:37:01Z,40.645213,-73.809726,122.5,48ae24,SP-LSE,B789,BOEING 787-9 Dreamliner,0
landing,JFK,13R,1787179021.47,2026-08-19T22:37:01Z,40.645213,-73.809726,122.5,48ae24,SP-LSE,B789,BOEING 787-9 Dreamliner,0
takeoff,JFK,13R,1787179022.1,2026-08-19T22:37:02Z,40.645054,-73.809357,122.4,48ae24,SP-LSE,B789,BOEING 787-9 Dreamliner,0
landing,LGA,22,1787179058.67,2026-08-19T22:37:38Z,40.778183,-73.876694,213.8,ac379a,N8868L,B38M,BOEING 737 MAX 8,0
landing,JFK,13L,1787179119.95,2026-08-19T22:38:39Z,40.649565,-73.772148,123.8,a06703,N125HQ,E75L,EMBRAER ERJ-170-200 (long wing),0
takeoff,JFK,13R,1787179121.34,2026-08-19T22:38:41Z,40.645546,-73.810501,120.9,add734,N991JT,A321,AIRBUS A-321,0
landing,LGA,22,1787179166.57,2026-08-19T22:39:26Z,40.777712,-73.87708,213.8,a3534a,N313PQ,CRJ9,BOMBARDIER Regional Jet CRJ-900,0
takeoff,LGA,31,1787179172.86,2026-08-19T22:39:32Z,40.772495,-73.857986,300.9,ac90a8,N909AN,B738,BOEING 737-800,0
takeoff,JFK,13R,1787179190.88,2026-08-19T22:39:50Z,40.644875,-73.809024,123.8,a3401a,N3085J,BCS3,AIRBUS A220-300,0
landing,JFK,13L,1787179211.75,2026-08-19T22:40:11Z,40.650696,-73.774628,120.9,a37fd3,N3242J,BCS3,,0
takeoff,JFK,13R,1787179255.99,2026-08-19T22:40:55Z,40.645294,-73.809921,120.9,a4e7c9,N415MC,B744,BOEING 747-400,0
takeoff,LGA,31,1787179257.49,2026-08-19T22:40:57Z,40.772696,-73.8584,300.9,a2b10d,N27253,B38M,BOEING 737 MAX 8,0
landing,JFK,13L,1787179288.62,2026-08-19T22:41:28Z,40.64967,-73.772319,120.9,a04641,N117AN,A321,AIRBUS A-321,0
takeoff,LGA,31,1787179333.26,2026-08-19T22:42:13Z,40.772882,-73.858821,300.9,a45586,N379DA,B738,BOEING 737-800,0
takeoff,JFK,13R,1787179345.85,2026-08-19T22:42:25Z,40.645283,-73.809906,120.9,407698,G-VJAM,A35K,AIRBUS A-350-1000,0
landing,JFK,13L,1787179388.02,2026-08-19T22:43:08Z,40.64986,-73.772781,120.9,a776b2,N580JB,A320,AIRBUS A-320,0
takeoff,LGA,13,1787179411.28,2026-08-19T22:43:31Z,40.775256,-73.866125,120.9,a3534a,N313PQ,CRJ9,BOMBARDIER Regional Jet CRJ-900,0
landing,LGA,22,1787179436.6,2026-08-19T22:43:56Z,40.777634,-73.877136,213.8,a310cf,N297PQ,CRJ9,BOMBARDIER Regional Jet CRJ-900,0
takeoff,LGA,31,1787179441.99,2026-08-19T22:44:01Z,40.772816,-73.858673,300.9,abb9b2,N8548P,B738,BOEING 737-800,0
takeoff,JFK,13R,1787179454.63,2026-08-19T22:44:14Z,40.645741,-73.810883,120.9,a1463a,N181UW,A321,AIRBUS A-321,0
landing,JFK,13L,1787179508.41,2026-08-19T22:45:08Z,40.651817,-73.777054,120.9,a5fc87,N485PX,CRJ9,BOMBARDIER Regional Jet CRJ-900,0
takeoff,JFK,13R,1787179517.19,2026-08-19T22:45:17Z,40.645504,-73.810366,120.9,ad4873,N955NN,B738,BOEING 737-800,0
takeoff,LGA,31,1787179517.5,2026-08-19T22:45:17Z,40.772475,-73.857963,300.9,a4e538,N414YX,E75L,EMBRAER ERJ-170-200 (long wing),0
landing,LGA,22,1787179524.34,2026-08-19T22:45:24Z,40.774512,-73.879701,208.1,a0144e,N104HQ,E75L,EMBRAER ERJ-170-200 (long wing),0
takeoff,JFK,13R,1787179570.62,2026-08-19T22:46:10Z,40.645434,-73.810225,118.1,a32f82,N304PQ,CRJ9,BOMBARDIER Regional Jet CRJ-900,0
landing,LGA,22,1787179584.56,2026-08-19T22:46:24Z,40.777061,-73.877625,210.9,a15027,N184GJ,CRJ9,BOMBARDIER Regional Jet CRJ-900,0
takeoff,LGA,31,1787179596.22,2026-08-19T22:46:36Z,40.772801,-73.858587,300.9,aa56da,N76528,B738,BOEING 737-800,0
landing,JFK,13L,1787179603.58,2026-08-19T22:46:43Z,40.651439,-73.776268,120.9,ab649a,N833MH,B764,BOEING 767-400,0
takeoff,JFK,13R,1787179641.24,2026-08-19T22:47:21Z,40.646667,-73.812943,118.1,ab6162,N832SK,CRJ9,BOMBARDIER Regional Jet CRJ-900,0
takeoff,LGA,31,1787179657.54,2026-08-19T22:47:37Z,40.772278,-73.857544,302.5,a44416,N374QS,E55P,EMBRAER EMB-505 Phenom 300,0
landing,LGA,22,1787179672.8,2026-08-19T22:47:52Z,40.77514,-73.879218,210.9,a1b092,N208JQ,E75L,EMBRAER ERJ-170-200 (long wing),0
landing,JFK,13L,1787179683.49,2026-08-19T22:48:03Z,40.651788,-73.777017,120.9,adf128,N998JE,A321,AIRBUS A-321,0
takeoff,JFK,13R,1787179711.37,2026-08-19T22:48:31Z,40.645178,-73.809664,120.9,a16ff1,N192DN,B763,BOEING 767-300,0
landing,LGA,22,1787179738.22,2026-08-19T22:48:58Z,40.777691,-73.87709,213.8,a43ea3,N37274,B738,BOEING 737-800,0
takeoff,LGA,31,1787179754.21,2026-08-19T22:49:14Z,40.77412,-73.861404,300.9,acfe09,N936XJ,CRJ9,BOMBARDIER Regional Jet CRJ-900,0
landing,JFK,13L,1787179774.8,2026-08-19T22:49:34Z,40.651531,-73.776459,123.8,a19d0d,N2029J,A21N,AIRBUS A-321neo,0
takeoff,JFK,13R,1787179785.07,2026-08-19T22:49:45Z,40.646118,-73.811768,120.9,782377,B-228C,B77L,BOEING 777-200LR,0
landing,LGA,22,1787179846.98,2026-08-19T22:50:46Z,40.777462,-73.877289,213.8,c00a0d,C-FDUY,BCS3,,0
takeoff,LGA,31,1787179851.85,2026-08-19T22:50:51Z,40.772789,-73.858618,300.9,a406c9,N359FR,A20N,AIRBUS A-320neo,0
takeoff,JFK,13R,1787179878.55,2026-08-19T22:51:18Z,40.645329,-73.809982,120.9,a13af4,N179DN,B763,BOEING 767-300,0
landing,JFK,13L,1787179917.96,2026-08-19T22:51:57Z,40.65088,-73.77505,120.9,a37fb0,N3241J,BCS3,AIRBUS A220-300,0
landing,LGA,22,1787179924.86,2026-08-19T22:52:04Z,40.775862,-73.878625,213.8,a43ea2,N37273,B738,BOEING 737-800,0
takeoff,LGA,31,1787179936.1,2026-08-19T22:52:16Z,40.774058,-73.861271,300.9,a08317,N132EV,CRJ9,BOMBARDIER Regional Jet CRJ-900,0
takeoff,JFK,13R,1787179946.58,2026-08-19T22:52:26Z,40.645329,-73.810013,120.9,44ccd0,OO-SFP,A333,AIRBUS A-330-300,0
takeoff,LGA,31,1787180003.39,2026-08-19T22:53:23Z,40.772452,-73.857869,300.9,ab40ce,N824MD,E170,EMBRAER ERJ-170-100,0
landing,LGA,22,1787180005.02,2026-08-19T22:53:25Z,40.774896,-73.879374,208.1,abd41a,N861RW,E170,EMBRAER ERJ-170-100,0
takeoff,JFK,13R,1787180043.5,2026-08-19T22:54:03Z,40.646155,-73.811786,120.9,3965b3,F-GZNT,B77W,BOEING 777-300ER,0
landing,LGA,22,1787180086.32,2026-08-19T22:54:46Z,40.774907,-73.879374,210.9,ac26cf,N882RW,E170,EMBRAER ERJ-170-100,0
landing,JFK,13L,1787180151.66,2026-08-19T22:55:51Z,40.649519,-73.772023,120.9,a46a72,N384DA,B738,BOEING 737-800,0
takeoff,JFK,13R,1787180161.85,2026-08-19T22:56:01Z,40.645667,-73.81074,120.9,a89fa3,N655DL,B752,BOEING 757-200,0
landing,LGA,22,1787180216.36,2026-08-19T22:56:56Z,40.776653,-73.877969,210.9,a15b4c,N187GJ,CRJ9,BOMBARDIER Regional Jet CRJ-900,0
landing,JFK,13L,1787180310.74,2026-08-19T22:58:30Z,40.651055,-73.775394,120.9,ade252,N994JL,A321,AIRBUS A-321,0
landing,LGA,22,1787180313.39,2026-08-19T22:58:33Z,40.776489,-73.878098,210.9,ac74f9,N901XJ,CRJ9,BOMBARDIER Regional Jet CRJ-900,0
landing,LGA,22,1787180389.79,2026-08-19T22:59:49Z,40.776295,-73.878265,213.8,a39ada,N331PQ,CRJ9,BOMBARDIER Regional Jet CRJ-900,0
landing,JFK,13L,1787180400.73,2026-08-19T23:00:00Z,40.649111,-73.771087,122.4,485b44,PH-BKD,B78X,BOEING 787-10 Dreamliner,0
landing,LGA,22,1787180492.46,2026-08-19T23:01:32Z,40.771311,-73.882354,208.1,ac1951,N879RW,E170,EMBRAER ERJ-170-100,0
takeoff,JFK,13R,1787180504.98,2026-08-19T23:01:44Z,40.64576,-73.810974,120.9,a337b9,N306XR,,,0
takeoff,LGA,31,1787180542.74,2026-08-19T23:02:22Z,40.772289,-73.857588,306.6,a01f73,N107HQ,E75L,EMBRAER ERJ-170-200 (long wing),0
landing,JFK,13L,1787180553.55,2026-08-19T23:02:33Z,40.649551,-73.772064,123.8,a099a7,N138HQ,E75L,EMBRAER ERJ-170-200 (long wing),0
landing,LGA,22,1787180557.41,2026-08-19T23:02:37Z,40.774442,-73.879748,208.1,a50900,N423YX,E75L,EMBRAER ERJ-170-200 (long wing),0
takeoff,JFK,13R,1787180572.85,2026-08-19T23:02:52Z,40.645108,-73.809508,120.9,a338ac,N3065J,BCS3,AIRBUS A220-300,0
landing,LGA,22,1787180613.12,2026-08-19T23:03:33Z,40.778091,-73.87677,213.8,a399e4,N331DU,BCS3,,0
takeoff,JFK,13R,1787180621.05,2026-08-19T23:03:41Z,40.645795,-73.811021,120.9,a5f162,N482PX,CRJ9,BOMBARDIER Regional Jet CRJ-900,0
landing,JFK,13L,1787180621.36,2026-08-19T23:03:41Z,40.650959,-73.775223,120.9,a6a00b,N526JL,A320,AIRBUS A-320,0
takeoff,JFK,13R,1787180687.87,2026-08-19T23:04:47Z,40.645065,-73.809372,122.5,40742e,G-CKOF,B789,BOEING 787-9 Dreamliner,0
takeoff,LGA,31,1787180700.72,2026-08-19T23:05:00Z,40.772498,-73.857994,300.9,a075df,N129HQ,E75L,EMBRAER ERJ-170-200 (long wing),0
landing,JFK,13L,1787180706.97,2026-08-19T23:05:06Z,40.651265,-73.775846,120.9,76cce5,9V-SGE,A359,AIRBUS A-350-900,0
landing,LGA,22,1787180708.21,2026-08-19T23:05:08Z,40.775303,-73.879062,213.8,a4d04c,N409YX,E75L,EMBRAER ERJ-170-200 (long wing),0
landing,JFK,13L,1787180778.81,2026-08-19T23:06:18Z,40.650741,-73.774738,120.9,738c0c,,,,
takeoff,LGA,31,1787180781.34,2026-08-19T23:06:21Z,40.772255,-73.857498,300.9,a210c5,N232JQ,E75L,EMBRAER ERJ-170-200 (long wing),0
landing,LGA,22,1787180795.22,2026-08-19T23:06:35Z,40.775524,-73.87889,210.9,abdf3f,N864RW,E170,EMBRAER ERJ-170-100,0
takeoff,JFK,13R,1787180801.15,2026-08-19T23:06:41Z,40.646187,-73.811874,120.9,ac7c67,N903XJ,CRJ9,BOMBARDIER Regional Jet CRJ-900,0
takeoff,JFK,13R,1787180858.21,2026-08-19T23:07:38Z,40.645655,-73.810725,120.9,0d112e,XA-GRS,B38M,BOEING 737 MAX 8,0
takeoff,LGA,31,1787180869.68,2026-08-19T23:07:49Z,40.772417,-73.857838,300.9,a4e8ef,N415YX,E75L,EMBRAER ERJ-170-200 (long wing),0
landing,LGA,22,1787180870.61,2026-08-19T23:07:50Z,40.777293,-73.877407,210.9,a091f3,N136EV,CRJ9,BOMBARDIER Regional Jet CRJ-900,0
landing,JFK,13L,1787180913.88,2026-08-19T23:08:33Z,40.650811,-73.774863,118.1,a31486,N298PQ,CRJ9,BOMBARDIER Regional Jet CRJ-900,0
takeoff,JFK,13R,1787180920.09,2026-08-19T23:08:40Z,40.645123,-73.80954,122.5,7380c1,4X-EDB,B789,BOEING 787-9 Dreamliner,0
takeoff,LGA,31,1787180935.62,2026-08-19T23:08:55Z,40.772277,-73.857542,300.9,a8a490,N656RW,E170,EMBRAER ERJ-170-100,0
landing,LGA,22,1787180948.3,2026-08-19T23:09:08Z,40.774864,-73.879395,210.9,a50cb7,N424YX,E75L,EMBRAER ERJ-170-200 (long wing),0
landing,JFK,13L,1787180989.56,2026-08-19T23:09:49Z,40.650364,-73.773895,120.9,a3244c,N301NY,A21N,AIRBUS A-321neo,0
takeoff,JFK,13R,1787180991.57,2026-08-19T23:09:51Z,40.645729,-73.810898,120.9,4079cc,G-VLIB,A35K,AIRBUS A-350-1000,0
takeoff,LGA,31,1787181030.91,2026-08-19T23:10:30Z,40.772475,-73.857947,300.9,c05ed8,C-GJXV,BCS3,AIRBUS A220-300,0
landing,LGA,22,1787181038.79,2026-08-19T23:10:38Z,40.774967,-73.879318,210.9,a07bef,N130HQ,E75L,EMBRAER ERJ-170-200 (long wing),0
landing,JFK,13L,1787181081.6,2026-08-19T23:11:21Z,40.650398,-73.773987,120.9,4cc587,TF-IAG,A21N,AIRBUS A-321neo,0
takeoff,JFK,13R,1787181088.68,2026-08-19T23:11:28Z,40.645736,-73.810912,120.9,a8ab3c,N658JB,A320,AIRBUS A-320,0
landing,LGA,22,1787181102.34,2026-08-19T23:11:42Z,40.778996,-73.876038,213.8,aca309,N913NN,B738,BOEING 737-800,0
takeoff,LGA,31,1787181114.23,2026-08-19T23:11:54Z,40.772812,-73.85865,300.9,acad02,N916AN,B738,BOEING 737-800,0
takeoff,JFK,13R,1787181147.29,2026-08-19T23:12:27Z,40.64576,-73.810959,120.9,ad9712,N975JT,A321,AIRBUS A-321,0
landing,JFK,13L,1787181172.22,2026-08-19T23:12:52Z,40.649333,-73.771648,120.9,a51601,N427DX,A339,AIRBUS A-330-900,0
takeoff,JFK,13R,1787181209.93,2026-08-19T23:13:29Z,40.645546,-73.810486,120.9,a0f4f6,N16065,B763,BOEING 767-300,0
takeoff,LGA,31,1787181214.97,2026-08-19T23:13:34Z,40.772724,-73.85849,300.9,a495bf,N395DZ,A321,AIRBUS A-321,0
landing,LGA,22,1787181215.11,2026-08-19T23:13:35Z,40.775675,-73.878765,210.9,c06193,C-GKYS,E295,EMBRAER ERJ-190-400,0
landing,JFK,13L,1787181255.07,2026-08-19T23:14:15Z,40.651611,-73.776688,120.9,461f08,OH-LTO,A333,AIRBUS A-330-300,0
takeoff,LGA,31,1787181297.2,2026-08-19T23:14:57Z,40.772463,-73.857932,300.9,ac1f61,N880RW,E170,EMBRAER ERJ-170-100,0
landing,LGA,22,1787181304.02,2026-08-19T23:15:04Z,40.774944,-73.879333,210.9,a53f5b,N437YX,E75L,EMBRAER ERJ-170-200 (long wing),0
takeoff,JFK,13R,1787181313.97,2026-08-19T23:15:13Z,40.645729,-73.810837,120.9,406b05,G-STBL,B77W,BOEING 777-300ER,0
landing,LGA,22,1787181376.38,2026-08-19T23:16:16Z,40.775002,-73.879288,210.9,a1ecfd,N223JQ,E75L,EMBRAER ERJ-170-200 (long wing),0
takeoff,JFK,13R,1787181389.3,2026-08-19T23:16:29Z,40.645667,-73.810772,120.9,406a35,G-STBJ,B77W,BOEING 777-300ER,0
landing,JFK,13L,1787181403.78,2026-08-19T23:16:43Z,40.650101,-73.773349,120.9,a5325b,N434DX,A339,AIRBUS A-330-900,0
landing,LGA,22,1787181435.58,2026-08-19T23:17:15Z,40.776604,-73.877991,213.8,ac3731,N8865L,B38M,BOEING 737 MAX 8,0
takeoff,JFK,13R,1787181487.24,2026-08-19T23:18:07Z,40.645911,-73.811287,120.9,4cabd4,EI-LRH,A21N,AIRBUS A-321neo,0
landing,JFK,13L,1787181515.62,2026-08-19T23:18:35Z,40.650112,-73.773334,123.8,adb723,N983JT,A321,AIRBUS A-321,0
landing,LGA,22,1787181536.59,2026-08-19T23:18:56Z,40.777153,-73.877533,213.8,a45592,N379DN,A321,AIRBUS A-321,0
takeoff,JFK,13R,1787181539.57,2026-08-19T23:18:59Z,40.645409,-73.810181,120.9,ad8836,N971JT,A321,AIRBUS A-321,0
landing,JFK,13L,1787181588.37,2026-08-19T23:19:48Z,40.651085,-73.775497,120.9,aa4d77,N763JB,A320,AIRBUS A-320,0
takeoff,JFK,13R,1787181608.09,2026-08-19T23:20:08Z,40.645015,-73.809336,120.9,ab398a,N822NW,A333,AIRBUS A-330-300,0
landing,LGA,22,1787181635.73,2026-08-19T23:20:35Z,40.777549,-73.877236,210.9,a4462e,N3748Y,B738,BOEING 737-800,0
landing,JFK,13L,1787181673.86,2026-08-19T23:21:13Z,40.651245,-73.775848,120.9,a385c8,N326NB,A319,AIRBUS A-319,0
landing,JFK,22L,1787181698.88,2026-08-19T23:21:38Z,40.634548,-73.763229,210.9,3965b3,F-GZNT,B77W,BOEING 777-300ER,0
landing,LGA,22,1787181726.51,2026-08-19T23:22:06Z,40.777095,-73.87761,210.9,a8f646,N677FR,A21N,AIRBUS A-321neo,8
takeoff,LGA,31,1787181762.09,2026-08-19T23:22:42Z,40.772186,-73.857391,329.1,a1c935,N214JQ,E75L,EMBRAER ERJ-170-200 (long wing),0
landing,JFK,13L,1787181779.71,2026-08-19T23:22:59Z,40.64825,-73.769245,120.9,a4caba,N408DX,A339,AIRBUS A-330-900,0
takeoff,JFK,13R,1787181809.56,2026-08-19T23:23:29Z,40.64542,-73.810196,120.9,a437ce,N371DA,B738,BOEING 737-800,0
landing,JFK,13L,1787181854.55,2026-08-19T23:24:14Z,40.64953,-73.772039,122.4,040049,ET-AOS,B788,BOEING 787-8 Dreamliner,0
landing,JFK,13L,1787181855.91,2026-08-19T23:24:15Z,40.649197,-73.771286,122.4,040049,ET-AOS,B788,BOEING 787-8 Dreamliner,0
takeoff,JFK,13R,1787181898.64,2026-08-19T23:24:58Z,40.645157,-73.809586,120.9,4d206e,9H-ALC,A332,AIRBUS A-330-200,0
takeoff,LGA,31,1787181925.68,2026-08-19T23:25:25Z,40.772196,-73.85737,340.3,a8847f,N648RW,E170,EMBRAER ERJ-170-100,0
landing,JFK,13L,1787181959.26,2026-08-19T23:25:59Z,40.651451,-73.776276,120.9,a10c31,N167FE,B763,BOEING 767-300,0
landing,LGA,22,1787181968.44,2026-08-19T23:26:08Z,40.776958,-73.877686,208.1,a2000d,N228PQ,CRJ9,BOMBARDIER Regional Jet CRJ-900,0
takeoff,JFK,13R,1787182011.04,2026-08-19T23:26:51Z,40.645878,-73.811218,120.9,a1b2ee,N2086J,A21N,AIRBUS A-321neo,0
landing,JFK,13R,1787182011.52,2026-08-19T23:26:51Z,40.645741,-73.810913,120.9,a1b2ee,N2086J,A21N,AIRBUS A-321neo,0
takeoff,JFK,13R,1787182011.52,2026-08-19T23:26:51Z,40.645741,-73.810913,120.9,a1b2ee,N2086J,A21N,AIRBUS A-321neo,0
landing,JFK,13L,1787182045.35,2026-08-19T23:27:25Z,40.649414,-73.77179,120.9,a32886,N302UD,B38M,BOEING 737 MAX 8,0
landing,LGA,22,1787182061.83,2026-08-19T23:27:41Z,40.777049,-73.87761,210.9,a77d89,N582CA,CRJ9,BOMBARDIER Regional Jet CRJ-900,0
takeoff,JFK,13R,1787182071.34,2026-08-19T23:27:51Z,40.645821,-73.811081,120.9,407992,G-STBM,B77W,BOEING 777-300ER,0
landing,JFK,13R,1787182072.1,2026-08-19T23:27:52Z,40.645655,-73.81074,120.9,407992,G-STBM,B77W,BOEING 777-300ER,0
takeoff,JFK,13R,1787182072.1,2026-08-19T23:27:52Z,40.645655,-73.81074,120.9,407992,G-STBM,B77W,BOEING 777-300ER,0
landing,JFK,13L,1787182120.66,2026-08-19T23:28:40Z,40.652332,-73.778198,123.8,a7ad0d,N594JB,A320,AIRBUS A-320,0
landing,LGA,22,1787182149.27,2026-08-19T23:29:09Z,40.777279,-73.877441,213.8,a8a0d9,N655RW,E170,EMBRAER ERJ-170-100,0
takeoff,JFK,13R,1787182165.27,2026-08-19T23:29:25Z,40.645718,-73.810852,120.9,a67805,N516DA,A21N,AIRBUS A-321neo,0
landing,JFK,13L,1787182221.45,2026-08-19T23:30:21Z,40.649565,-73.772148,120.9,a54cd9,N440YX,E75L,EMBRAER ERJ-170-200 (long wing),0
takeoff,JFK,13R,1787182229.2,2026-08-19T23:30:29Z,40.645134,-73.809586,120.9,a38367,N3251J,BCS3,,0
landing,LGA,22,1787182248.0,2026-08-19T23:30:48Z,40.779018,-73.875992,210.9,aceb76,N931XJ,CRJ9,BOMBARDIER Regional Jet CRJ-900,0
takeoff,LGA,31,1787182267.71,2026-08-19T23:31:07Z,40.772816,-73.858673,300.9,aa56b4,N76515,B738,BOEING 737-800,0
landing,JFK,13L,1787182283.31,2026-08-19T23:31:23Z,40.651427,-73.776268,120.9,a1aaae,N2060J,A21N,AIRBUS A-321neo,0
takeoff,JFK,13R,1787182292.28,2026-08-19T23:31:32Z,40.645695,-73.810776,122.5,ab8b0b,N843AN,B789,BOEING 787-9 Dreamliner,0
takeoff,LGA,31,1787182328.12,2026-08-19T23:32:08Z,40.772266,-73.857498,303.8,ad0d35,N940AN,B738,BOEING 737-800,0
landing,LGA,22,1787182329.6,2026-08-19T23:32:09Z,40.776398,-73.878174,213.8,a2452c,N24516,A21N,,0
landing,JFK,13L,1787182376.82,2026-08-19T23:32:56Z,40.652137,-73.777797,123.8,a79046,N587DT,A21N,AIRBUS A-321neo,0
takeoff,JFK,13R,1787182396.07,2026-08-19T23:33:16Z,40.645003,-73.809289,120.9,407ed8,G-VEII,A339,AIRBUS A-330-900,0
landing,LGA,22,1787182406.94,2026-08-19T23:33:26Z,40.776695,-73.87793,210.9,a008c5,N101DQ,A321,AIRBUS A-321,0
landing,JFK,13L,1787182463.96,2026-08-19T23:34:23Z,40.64994,-73.772949,123.8,a1f822,N226JQ,E75L,EMBRAER ERJ-170-200 (long wing),0
takeoff,LGA,31,1787182503.71,2026-08-19T23:35:03Z,40.772696,-73.858431,300.9,a7869b,N584UW,A321,AIRBUS A-321,0
landing,LGA,22,1787182506.28,2026-08-19T23:35:06Z,40.774887,-73.879379,208.1,ab1d06,N815MD,E170,EMBRAER ERJ-170-100,0
landing,JFK,13L,1787182531.06,2026-08-19T23:35:31Z,40.649821,-73.772678,120.9,7805aa,B-2075,B77L,BOEING 777-200LR,0
takeoff,LGA,31,1787182539.92,2026-08-19T23:35:39Z,40.772289,-73.857559,343.1,a451db,N378DN,A321,AIRBUS A-321,0
landing,JFK,22L,1787182563.53,2026-08-19T23:36:03Z,40.637512,-73.760925,210.9,4951ef,CS-TOO,A332,AIRBUS A-330-200,0
takeoff,JFK,13R,1787182590.45,2026-08-19T23:36:30Z,40.645752,-73.810944,120.9,ad90a3,N973UY,A321,AIRBUS A-321,0
landing,LGA,22,1787182596.04,2026-08-19T23:36:36Z,40.776036,-73.878484,210.9,a78945,N585JB,A320,AIRBUS A-320,0
landing,JFK,13L,1787182637.17,2026-08-19T23:37:17Z,40.651577,-73.776581,120.9,4ca614,EI-FNG,A333,AIRBUS A-330-300,0
landing,JFK,22L,1787182744.55,2026-08-19T23:39:04Z,40.635601,-73.76239,210.9,a61c53,N493MC,B744,BOEING 747-400,0
takeoff,LGA,31,1787182745.67,2026-08-19T23:39:05Z,40.772839,-73.858749,300.9,ab129a,N812UP,B38M,BOEING 737 MAX 8,0
takeoff,JFK,13R,1787182766.14,2026-08-19T23:39:26Z,40.645466,-73.810287,119.6,7c8070,VH-ZNM,B789,BOEING 787-9 Dreamliner,0
landing,JFK,13L,1787182770.84,2026-08-19T23:39:30Z,40.65136,-73.776093,123.8,a61173,N490PX,CRJ9,BOMBARDIER Regional Jet CRJ-900,0
takeoff,LGA,31,1787182823.31,2026-08-19T23:40:23Z,40.772452,-73.857885,303.8,ac2c23,N88359,E75L,EMBRAER ERJ-170-200 (long wing),0
landing,LGA,22,1787182828.34,2026-08-19T23:40:28Z,40.775315,-73.879062,210.9,abc2e5,N857RW,E170,EMBRAER ERJ-170-100,0
takeoff,JFK,13R,1787182855.47,2026-08-19T23:40:55Z,40.645934,-73.811318,120.9,ad4804,N955JB,A321,AIRBUS A-321,0
landing,JFK,13L,1787182863.62,2026-08-19T23:41:03Z,40.651462,-73.776314,120.9,adf4e9,N999JQ,A321,AIRBUS A-321,0
landing,LGA,22,1787182930.19,2026-08-19T23:42:10Z,40.776009,-73.878479,208.1,a18380,N197PQ,CRJ9,BOMBARDIER Regional Jet CRJ-900,0
landing,JFK,13L,1787182939.37,2026-08-19T23:42:19Z,40.650707,-73.774628,120.9,a6a3c2,N527JL,A320,AIRBUS A-320,0
takeoff,LGA,31,1787182942.47,2026-08-19T23:42:22Z,40.772836,-73.858712,300.9,ac379a,N8868L,B38M,BOEING 737 MAX 8,0
landing,JFK,22L,1787183016.41,2026-08-19T23:43:36Z,40.637798,-73.760712,210.9,a01112,N103NN,A321,AIRBUS A-321,0
takeoff,JFK,13R,1787183032.13,2026-08-19T23:43:52Z,40.646481,-73.812535,120.9,7103d8,HZ-AK42,B77W,BOEING 777-300ER,0
landing,JFK,13L,1787183035.14,2026-08-19T23:43:55Z,40.651497,-73.776367,123.8,acb2c2,N917XJ,CRJ9,BOMBARDIER Regional Jet CRJ-900,0
landing,LGA,22,1787183044.46,2026-08-19T23:44:04Z,40.775512,-73.878906,210.9,acdfa6,N929AN,B738,BOEING 737-800,0
takeoff,JFK,13R,1787183109.99,2026-08-19T23:45:09Z,40.645457,-73.810288,120.9,abc651,N858NW,A332,AIRBUS A-330-200,0
takeoff,LGA,31,1787183111.34,2026-08-19T23:45:11Z,40.772324,-73.85762,298.1,a7c849,N600LR,CRJ9,BOMBARDIER Regional Jet CRJ-900,0
landing,JFK,13L,1787183139.56,2026-08-19T23:45:39Z,40.651989,-73.777496,120.9,a44988,N3756,B738,BOEING 737-800,0
landing,LGA,22,1787183144.96,2026-08-19T23:45:44Z,40.776489,-73.878128,213.8,a3962d,N330DU,BCS3,,0
landing,JFK,13L,1787183232.19,2026-08-19T23:47:12Z,40.650008,-73.773084,120.9,ad3cdf,N952JB,A321,AIRBUS A-321,0
takeoff,JFK,13R,1787183258.32,2026-08-19T23:47:38Z,40.646377,-73.812317,120.9,acab54,N915XJ,CRJ9,BOMBARDIER Regional Jet CRJ-900,0
takeoff,LGA,31,1787183260.84,2026-08-19T23:47:40Z,40.772793,-73.858612,303.8,a4a484,N399DA,B738,BOEING 737-800,0
landing,LGA,22,1787183263.85,2026-08-19T23:47:43Z,40.775139,-73.879181,213.8,a1d45a,N217JQ,E75L,EMBRAER ERJ-170-200 (long wing),0
landing,JFK,22L,1787183273.23,2026-08-19T23:47:53Z,40.637334,-73.761052,210.9,495266,CS-TSF,A21N,AIRBUS A-321neo,0
takeoff,JFK,13R,1787183319.32,2026-08-19T23:48:39Z,40.645376,-73.810101,120.9,aa4548,N761AJ,B772,BOEING 777-200,0
landing,JFK,13L,1787183325.37,2026-08-19T23:48:45Z,40.651119,-73.775543,123.8,a35949,N3149J,BCS3,AIRBUS A220-300,0
takeoff,LGA,31,1787183330.73,2026-08-19T23:48:50Z,40.772793,-73.858612,300.9,acc23f,N921DU,B739,BOEING 737-900,0
takeoff,JFK,13R,1787183384.6,2026-08-19T23:49:44Z,40.645457,-73.810257,122.5,4851b0,PH-BHE,B789,BOEING 787-9 Dreamliner,0
landing,JFK,13R,1787183385.2,2026-08-19T23:49:45Z,40.64534,-73.809998,122.5,4851b0,PH-BHE,B789,BOEING 787-9 Dreamliner,0
takeoff,JFK,13R,1787183385.2,2026-08-19T23:49:45Z,40.64534,-73.809998,122.5,4851b0,PH-BHE,B789,BOEING 787-9 Dreamliner,0
takeoff,LGA,31,1787183385.35,2026-08-19T23:49:45Z,40.772255,-73.857498,300.9,a50900,N423YX,E75L,EMBRAER ERJ-170-200 (long wing),0
landing,JFK,13L,1787183421.04,2026-08-19T23:50:21Z,40.650616,-73.774475,120.9,8418b4,JA06WJ,A35K,AIRBUS A-350-1000,0
takeoff,LGA,31,1787183478.91,2026-08-19T23:51:18Z,40.772472,-73.857971,300.9,ab52a2,N829DN,B739,BOEING 737-900,0
takeoff,JFK,13R,1787183491.87,2026-08-19T23:51:31Z,40.645294,-73.809929,120.9,a39243,N3291J,BCS3,AIRBUS A220-300,0
landing,JFK,22L,1787183502.58,2026-08-19T23:51:42Z,40.633266,-73.764526,227.8,a4e181,N413YX,E75L,EMBRAER ERJ-170-200 (long wing),0
takeoff,JFK,13R,1787183538.57,2026-08-19T23:52:18Z,40.646027,-73.811536,120.9,a6b470,N531DA,A21N,AIRBUS A-321neo,0
landing,JFK,13L,1787183560.77,2026-08-19T23:52:40Z,40.650415,-73.773974,120.9,ad646e,N962JT,A321,AIRBUS A-321,0
landing,LGA,22,1787183577.01,2026-08-19T23:52:57Z,40.775198,-73.87914,210.9,a4da13,N411YX,E75L,EMBRAER ERJ-170-200 (long wing),0
takeoff,LGA,31,1787183577.16,2026-08-19T23:52:57Z,40.772498,-73.857994,300.9,a37265,N321DU,BCS3,AIRBUS A220-300,0
takeoff,JFK,13R,1787183597.34,2026-08-19T23:53:17Z,40.645853,-73.811115,120.9,a3b11e,N337PJ,B738,BOEING 737-800,0
landing,JFK,13L,1787183656.28,2026-08-19T23:54:16Z,40.651222,-73.775757,120.9,a01880,N105NN,A321,AIRBUS A-321,0
landing,LGA,22,1787183679.81,2026-08-19T23:54:39Z,40.776013,-73.878484,210.9,a0232a,N108HQ,E75L,EMBRAER ERJ-170-200 (long wing),0
takeoff,LGA,31,1787183693.03,2026-08-19T23:54:53Z,40.772847,-73.858712,300.9,acc31a,N921NN,B738,BOEING 737-800,0
landing,JFK,22L,1787183697.47,2026-08-19T23:54:57Z,40.635773,-73.762314,210.9,aad981,N799AN,B772,BOEING 777-200,0
takeoff,JFK,13R,1787183723.68,2026-08-19T23:55:23Z,40.645271,-73.809835,120.9,47c1c2,LN-RKU,A333,AIRBUS A-330-300,0
landing,JFK,13L,1787183734.07,2026-08-19T23:55:34Z,40.650169,-73.773514,120.9,ab6c08,N835MH,B764,BOEING 767-400,0
landing,LGA,22,1787183762.7,2026-08-19T23:56:02Z,40.777642,-73.877142,213.8,abd50f,N8611F,B738,BOEING 737-800,0
takeoff,LGA,31,1787183771.64,2026-08-19T23:56:11Z,40.772369,-73.857697,300.9,a9b088,N723UW,A319,AIRBUS A-319,0
takeoff,JFK,13R,1787183837.86,2026-08-19T23:57:17Z,40.64562,-73.810616,120.9,a4c592,N4062J,A21N,AIRBUS A-321neo,0
landing,JFK,13L,1787183863.71,2026-08-19T23:57:43Z,40.649856,-73.772756,120.9,acf0db,N933AN,B738,BOEING 737-800,0
landing,LGA,22,1787183876.57,2026-08-19T23:57:56Z,40.778355,-73.876556,213.8,a8c028,N663JB,A320,AIRBUS A-320,0
takeoff,JFK,13R,1787183880.6,2026-08-19T23:58:00Z,40.645912,-73.811295,120.9,a9b06f,N723TW,B752,BOEING 757-200,0
landing,JFK,13L,1787183931.24,2026-08-19T23:58:51Z,40.650357,-73.773818,119.6,44012f,OE-LPL,B789,BOEING 787-9 Dreamliner,0
landing,LGA,22,1787183965.56,2026-08-19T23:59:25Z,40.776967,-73.87772,210.9,a057cc,N121DZ,A321,AIRBUS A-321,0
landing,JFK,22L,1787183993.04,2026-08-19T23:59:53Z,40.636566,-73.761661,210.9,3c64fa,D-AIGZ,A343,AIRBUS A-340-300,0
