type,airport,runway,timestamp,timestamp_iso,lat,lon,track_deg,icao,registration,aircraft_type,description,db_flags
takeoff,JFK,31L,1781395222.45,2026-06-14T00:00:22Z,40.630875,-73.778109,300.9,a434f9,N370NB,A319,AIRBUS A-319,0
takeoff,JFK,31L,1781395287.36,2026-06-14T00:01:27Z,40.631001,-73.778397,300.9,a387f0,N3267J,BCS3,,0
landing,JFK,31R,1781395312.93,2026-06-14T00:01:52Z,40.652905,-73.779846,289.7,a3fcfb,N356VJ,CL35,BOMBARDIER BD-100 Challenger 350,8
takeoff,JFK,31L,1781395346.04,2026-06-14T00:02:26Z,40.630211,-73.776673,300.9,a69bcd,N525DA,A21N,AIRBUS A-321neo,0
landing,JFK,31R,1781395379.2,2026-06-14T00:02:59Z,40.651714,-73.776917,300.9,789213,B-LXA,A35K,AIRBUS A-350-1000,0
takeoff,JFK,31L,1781395419.96,2026-06-14T00:03:39Z,40.630909,-73.778183,300.9,ad8bed,N972JT,A321,AIRBUS A-321,0
takeoff,JFK,31L,1781395464.45,2026-06-14T00:04:24Z,40.628643,-73.773239,300.9,a19a48,N202JQ,E75L,EMBRAER ERJ-170-200 (long wing),0
landing,JFK,31R,1781395474.06,2026-06-14T00:04:34Z,40.651943,-73.777405,300.9,3965aa,F-GZNK,B77W,BOEING 777-300ER,0
takeoff,JFK,31L,1781395538.14,2026-06-14T00:05:38Z,40.630806,-73.777924,300.9,a4c592,N4062J,A21N,AIRBUS A-321neo,0
landing,LGA,31,1781395567.13,2026-06-14T00:06:07Z,40.777531,-73.868546,303.8,a4417d,N3731T,B738,BOEING 737-800,0
takeoff,JFK,31L,1781395586.64,2026-06-14T00:06:26Z,40.631014,-73.778421,300.9,4ac8a8,SE-REH,A333,AIRBUS A-330-300,0
takeoff,LGA,13,1781395588.86,2026-06-14T00:06:28Z,40.775539,-73.868103,123.8,adab31,N980AN,B738,BOEING 737-800,0
landing,JFK,13L,1781395668.75,2026-06-14T00:07:48Z,40.650136,-73.778203,120.9,ab4c76,N827SK,CRJ9,BOMBARDIER Regional Jet CRJ-900,0
landing,JFK,31R,1781395706.24,2026-06-14T00:08:26Z,40.650764,-73.77478,300.9,a8e20f,N6712B,B752,BOEING 757-200,0
landing,JFK,31L,1781395742.61,2026-06-14T00:09:02Z,40.640053,-73.79837,300.9,a3861f,N326RP,B38M,BOEING 737 MAX 8,0
takeoff,JFK,31L,1781395815.04,2026-06-14T00:10:15Z,40.631012,-73.778412,300.9,4005ba,G-VIIB,B772,BOEING 777-200,0
landing,JFK,31R,1781395821.02,2026-06-14T00:10:21Z,40.654198,-73.783295,258.8,a04641,N117AN,A321,AIRBUS A-321,0
landing,LGA,31,1781395822.37,2026-06-14T00:10:22Z,40.778887,-73.871415,300.9,a1ccec,N215JQ,E75L,EMBRAER ERJ-170-200 (long wing),0
landing,JFK,31R,1781395891.77,2026-06-14T00:11:31Z,40.652893,-73.779556,298.1,a198ed,N2016J,A21N,AIRBUS A-321neo,0
takeoff,JFK,31L,1781395912.06,2026-06-14T00:11:52Z,40.630654,-73.777641,300.9,a7cb53,N601DT,A21N,AIRBUS A-321neo,0
landing,JFK,31R,1781395969.49,2026-06-14T00:12:49Z,40.651794,-73.7771,300.9,acd88e,N927DZ,B739,BOEING 737-900,0
takeoff,JFK,31L,1781395971.78,2026-06-14T00:12:51Z,40.630269,-73.776798,300.9,ac733b,N901DN,B739,BOEING 737-900,0
landing,JFK,31R,1781396058.48,2026-06-14T00:14:18Z,40.652731,-73.779186,298.1,ad8836,N971JT,A321,AIRBUS A-321,0
landing,JFK,31L,1781396066.49,2026-06-14T00:14:26Z,40.638062,-73.793961,300.9,a8aac8,N658DL,B752,BOEING 757-200,0
landing,JFK,31R,1781396131.3,2026-06-14T00:15:31Z,40.651062,-73.775406,299.6,40797c,G-ZBLE,B78X,BOEING 787-10 Dreamliner,0
takeoff,JFK,31L,1781396142.63,2026-06-14T00:15:42Z,40.63155,-73.779592,300.9,a34d2f,N3112J,BCS3,AIRBUS A220-300,0
landing,JFK,31L,1781396206.32,2026-06-14T00:16:46Z,40.638531,-73.795029,300.9,a438b0,N371NB,A319,AIRBUS A-319,0
takeoff,JFK,31L,1781396276.06,2026-06-14T00:17:56Z,40.631142,-73.778671,300.9,a44e18,N377DA,B738,BOEING 737-800,0
landing,JFK,31R,1781396293.73,2026-06-14T00:18:13Z,40.651672,-73.776767,300.9,ad646e,N962JT,A321,AIRBUS A-321,0
takeoff,LGA,31,1781396304.55,2026-06-14T00:18:24Z,40.776947,-73.86731,300.9,a38633,N326SJ,B38M,BOEING 737 MAX 8,0
landing,JFK,31L,1781396352.63,2026-06-14T00:19:12Z,40.639149,-73.796352,300.9,a01c37,N106NN,A321,AIRBUS A-321,0
takeoff,JFK,31L,1781396419.36,2026-06-14T00:20:19Z,40.631072,-73.778546,300.9,ad2baa,N948JB,A321,AIRBUS A-321,0
takeoff,JFK,31L,1781396492.1,2026-06-14T00:21:32Z,40.631177,-73.778765,300.9,a36b50,N3195J,BCS3,,0
landing,LGA,31,1781396513.22,2026-06-14T00:21:53Z,40.776913,-73.867264,300.9,a97a73,N71HR,G280,GULFSTREAM G280,8
landing,JFK,31L,1781396529.14,2026-06-14T00:22:09Z,40.644356,-73.807571,298.1,a36b50,N3195J,BCS3,,0
takeoff,JFK,31L,1781396529.14,2026-06-14T00:22:09Z,40.644356,-73.807571,298.1,a36b50,N3195J,BCS3,,0
landing,JFK,31R,1781396540.97,2026-06-14T00:22:20Z,40.651554,-73.776535,300.9,a1cf48,N2156J,A21N,AIRBUS A-321neo,0
takeoff,JFK,31L,1781396544.73,2026-06-14T00:22:24Z,40.630269,-73.776798,306.6,a5f162,N482PX,CRJ9,BOMBARDIER Regional Jet CRJ-900,0
takeoff,JFK,31L,1781396599.55,2026-06-14T00:23:19Z,40.62981,-73.775757,300.9,a98f6a,N715JB,A320,AIRBUS A-320,0
landing,JFK,31R,1781396635.99,2026-06-14T00:23:55Z,40.652859,-73.779617,289.7,a21fa1,N236JQ,E75L,EMBRAER ERJ-170-200 (long wing),0
takeoff,JFK,31L,1781396646.44,2026-06-14T00:24:06Z,40.628986,-73.773972,298.1,a23fb2,N244JQ,E75L,EMBRAER ERJ-170-200 (long wing),0
landing,LGA,31,1781396647.89,2026-06-14T00:24:07Z,40.777096,-73.867645,300.9,a41722,N36272,B738,BOEING 737-800,0
takeoff,LGA,31,1781396684.26,2026-06-14T00:24:44Z,40.7723,-73.857385,343.1,a0cb68,N150NN,A321,AIRBUS A-321,0
landing,JFK,31R,1781396707.44,2026-06-14T00:25:07Z,40.650215,-73.773621,300.9,a85119,N635JB,A320,AIRBUS A-320,0
takeoff,JFK,31L,1781396730.96,2026-06-14T00:25:30Z,40.631119,-73.778671,299.6,e8043b,CC-BBD,B788,BOEING 787-8 Dreamliner,0
landing,JFK,31R,1781396783.37,2026-06-14T00:26:23Z,40.651614,-73.776658,300.9,899019,B-18053,B77W,BOEING 777-300ER,0
landing,LGA,31,1781396790.38,2026-06-14T00:26:30Z,40.777954,-73.869461,298.1,a026e1,N109HQ,E75L,EMBRAER ERJ-170-200 (long wing),0
takeoff,JFK,31L,1781396799.8,2026-06-14T00:26:39Z,40.631166,-73.778749,300.9,710111,HZ-AK39,B77W,BOEING 777-300ER,0
takeoff,JFK,31L,1781396871.76,2026-06-14T00:27:51Z,40.63091,-73.778218,300.9,ab0e54,N811NW,A333,AIRBUS A-330-300,0
takeoff,LGA,13,1781396877.22,2026-06-14T00:27:57Z,40.775408,-73.867857,129.4,a8059b,N616FX,E550,EMBRAER EMB-550 Praetor 600,0
landing,LGA,31,1781396879.07,2026-06-14T00:27:59Z,40.777025,-73.867498,303.8,a4463e,N3749D,B738,BOEING 737-800,0
takeoff,LGA,31,1781396908.69,2026-06-14T00:28:28Z,40.772265,-73.857432,315.0,a45f8e,N381FR,A20N,AIRBUS A-320neo,0
landing,JFK,31R,1781396920.8,2026-06-14T00:28:40Z,40.651905,-73.777344,300.9,a1e946,N222JQ,E75L,EMBRAER ERJ-170-200 (long wing),0
takeoff,JFK,31L,1781396947.15,2026-06-14T00:29:07Z,40.631104,-73.778595,300.9,abbb2c,N855NW,A332,AIRBUS A-330-200,0
landing,LGA,31,1781396997.37,2026-06-14T00:29:57Z,40.777256,-73.867935,300.9,ad5623,N959AN,B738,BOEING 737-800,0
landing,JFK,31R,1781397016.3,2026-06-14T00:30:16Z,40.652424,-73.778442,300.9,a6b833,N532DN,A21N,AIRBUS A-321neo,0
takeoff,JFK,31L,1781397020.38,2026-06-14T00:30:20Z,40.631771,-73.780091,300.9,406814,G-VGEM,A333,AIRBUS A-330-300,0
landing,JFK,31R,1781397105.74,2026-06-14T00:31:45Z,40.65251,-73.778593,300.9,a403df,N358PW,B738,BOEING 737-800,0
takeoff,JFK,31L,1781397123.03,2026-06-14T00:32:03Z,40.631026,-73.778452,300.9,a5e3e4,N479PX,CRJ9,BOMBARDIER Regional Jet CRJ-900,0
takeoff,LGA,31,1781397154.35,2026-06-14T00:32:34Z,40.772461,-73.857895,303.8,ad63a1,N962AN,B738,BOEING 737-800,0
takeoff,JFK,31L,1781397172.09,2026-06-14T00:32:52Z,40.628906,-73.773758,300.9,a4c527,N406YX,E75L,EMBRAER ERJ-170-200 (long wing),0
landing,JFK,31R,1781397197.7,2026-06-14T00:33:17Z,40.649906,-73.772903,300.9,a19d0d,N2029J,A21N,AIRBUS A-321neo,0
takeoff,JFK,31L,1781397235.03,2026-06-14T00:33:55Z,40.630783,-73.777908,300.9,aaf53a,N805JB,A320,AIRBUS A-320,0
landing,JFK,31R,1781397289.85,2026-06-14T00:34:49Z,40.65308,-73.779904,300.9,aaffed,N808DN,B739,BOEING 737-900,0
takeoff,JFK,31L,1781397290.01,2026-06-14T00:34:50Z,40.630062,-73.776306,300.9,a6152a,N491PX,CRJ9,BOMBARDIER Regional Jet CRJ-900,0
landing,LGA,31,1781397331.19,2026-06-14T00:35:31Z,40.778538,-73.870651,300.9,a1b092,N208JQ,E75L,EMBRAER ERJ-170-200 (long wing),0
takeoff,JFK,31L,1781397343.58,2026-06-14T00:35:43Z,40.630142,-73.776489,300.9,acb878,N919DU,B739,BOEING 737-900,0
takeoff,JFK,31L,1781397403.86,2026-06-14T00:36:43Z,40.630978,-73.778351,300.9,4bb144,TC-LJD,B77W,BOEING 777-300ER,0
landing,JFK,31R,1781397404.38,2026-06-14T00:36:44Z,40.65049,-73.774185,298.1,a2c93f,N279PQ,CRJ9,BOMBARDIER Regional Jet CRJ-900,0
takeoff,JFK,31L,1781397502.8,2026-06-14T00:38:22Z,40.628826,-73.773599,300.9,a06703,N125HQ,E75L,EMBRAER ERJ-170-200 (long wing),0
landing,JFK,31R,1781397517.61,2026-06-14T00:38:37Z,40.654163,-73.782318,298.1,71c009,HL8009,B77W,BOEING 777-300ER,0
takeoff,JFK,31L,1781397588.55,2026-06-14T00:39:48Z,40.628908,-73.773755,300.9,a32036,N300KC,CL30,BOMBARDIER BD-100 Challenger 300,8
takeoff,JFK,31L,1781397647.12,2026-06-14T00:40:47Z,40.631131,-73.778671,300.9,a99d87,N719AL,B39M,,0
landing,LGA,31,1781397712.42,2026-06-14T00:41:52Z,40.778629,-73.87085,303.8,a890fe,N651FR,A21N,,0
landing,JFK,31R,1781397722.58,2026-06-14T00:42:02Z,40.652115,-73.77774,300.9,a39338,N3298J,,,0
takeoff,JFK,31L,1781397732.38,2026-06-14T00:42:12Z,40.630525,-73.777344,303.8,a5e02d,N478PX,CRJ9,BOMBARDIER Regional Jet CRJ-900,0
takeoff,JFK,31L,1781397785.38,2026-06-14T00:43:05Z,40.630409,-73.777079,300.9,a5fc87,N485PX,CRJ9,BOMBARDIER Regional Jet CRJ-900,0
landing,JFK,31R,1781397831.79,2026-06-14T00:43:51Z,40.652801,-73.779264,300.9,a52736,N431DX,A339,AIRBUS A-330-900,0
takeoff,JFK,31L,1781397847.76,2026-06-14T00:44:07Z,40.63084,-73.778046,300.9,4cc570,TF-IAA,A21N,AIRBUS A-321neo,0
takeoff,JFK,31L,1781397908.5,2026-06-14T00:45:08Z,40.631195,-73.778793,302.4,740825,JY-BAE,B788,BOEING 787-8 Dreamliner,0
takeoff,JFK,31L,1781398014.56,2026-06-14T00:46:54Z,40.631012,-73.778427,300.9,ad2f71,N949JT,A321,AIRBUS A-321,0
landing,LGA,31,1781398021.09,2026-06-14T00:47:01Z,40.777462,-73.868408,303.8,a3bdac,N340DU,,,0
takeoff,JFK,31L,1781398078.76,2026-06-14T00:47:58Z,40.631003,-73.778374,300.9,abac50,N851NW,A332,AIRBUS A-330-200,0
landing,JFK,31R,1781398120.66,2026-06-14T00:48:40Z,40.651852,-73.777176,298.1,a5e9f4,N480PX,CRJ9,BOMBARDIER Regional Jet CRJ-900,0
takeoff,JFK,31L,1781398181.51,2026-06-14T00:49:41Z,40.630714,-73.777756,300.9,a7e906,N609DN,A21N,AIRBUS A-321neo,0
landing,LGA,31,1781398210.6,2026-06-14T00:50:10Z,40.778457,-73.870463,303.8,a1b449,N209JQ,E75L,EMBRAER ERJ-170-200 (long wing),0
takeoff,JFK,31L,1781398236.34,2026-06-14T00:50:36Z,40.63056,-73.777407,300.9,a74871,N569AZ,B763,BOEING 767-300,0
landing,JFK,31R,1781398237.16,2026-06-14T00:50:37Z,40.650673,-73.774582,300.9,a37f8d,N3240J,BCS3,,0
takeoff,JFK,31L,1781398344.56,2026-06-14T00:52:24Z,40.630805,-73.777984,300.9,a29e6f,N268TS,FA50,DASSAULT Falcon 50,0
landing,JFK,31R,1781398350.85,2026-06-14T00:52:30Z,40.653534,-73.780914,300.9,a4e8ef,N415YX,E75L,EMBRAER ERJ-170-200 (long wing),0
landing,LGA,31,1781398353.36,2026-06-14T00:52:33Z,40.779156,-73.871948,303.8,ac5ed9,N8966S,B38M,BOEING 737 MAX 8,0
takeoff,JFK,31L,1781398392.3,2026-06-14T00:53:12Z,40.63084,-73.778,300.9,a7a532,N592DT,A21N,AIRBUS A-321neo,0
takeoff,LGA,31,1781398452.53,2026-06-14T00:54:12Z,40.772207,-73.857401,300.9,a1f822,N226JQ,E75L,EMBRAER ERJ-170-200 (long wing),0
takeoff,JFK,31L,1781398462.09,2026-06-14T00:54:22Z,40.631166,-73.778749,300.9,ab7376,N837MH,B764,BOEING 767-400,0
landing,JFK,31R,1781398484.61,2026-06-14T00:54:44Z,40.652801,-73.779389,298.1,a1d45a,N217JQ,E75L,EMBRAER ERJ-170-200 (long wing),0
takeoff,JFK,31L,1781398523.37,2026-06-14T00:55:23Z,40.631287,-73.779022,300.9,ab20e7,N816NW,A333,AIRBUS A-330-300,0
takeoff,JFK,31L,1781398597.8,2026-06-14T00:56:37Z,40.631317,-73.779092,300.9,4c0223,YU-ARD,A332,AIRBUS A-330-200,0
landing,JFK,31R,1781398627.89,2026-06-14T00:57:07Z,40.65187,-73.77722,300.9,a0f4f6,N16065,B763,BOEING 767-300,0
takeoff,JFK,31L,1781398674.39,2026-06-14T00:57:54Z,40.630991,-73.778359,300.9,406b05,G-STBL,B77W,BOEING 777-300ER,0
takeoff,JFK,31L,1781398750.78,2026-06-14T00:59:10Z,40.630316,-73.776892,300.9,a4b827,N403DX,A339,AIRBUS A-330-900,0
landing,JFK,31R,1781398753.78,2026-06-14T00:59:13Z,40.653168,-73.78009,300.9,aad981,N799AN,B772,BOEING 777-200,0
takeoff,JFK,31R,1781398760.25,2026-06-14T00:59:20Z,40.653941,-73.781792,300.9,aad981,N799AN,B772,BOEING 777-200,0
landing,LGA,31,1781398835.92,2026-06-14T01:00:35Z,40.777233,-73.86792,303.8,a3cde4,N344TS,B38M,BOEING 737 MAX 8,0
takeoff,JFK,31L,1781398878.16,2026-06-14T01:01:18Z,40.631161,-73.778763,300.9,ab8fd0,N844MH,B764,BOEING 767-400,0
landing,JFK,31R,1781398979.07,2026-06-14T01:02:59Z,40.650601,-73.774442,300.9,a9704d,N707TW,B752,BOEING 757-200,0
landing,LGA,31,1781398979.5,2026-06-14T01:02:59Z,40.778378,-73.870285,303.8,c00b93,C-FEJY,E75S,EMBRAER ERJ-170-200 (short wing),0
takeoff,JFK,31L,1781399041.44,2026-06-14T01:04:01Z,40.629856,-73.775879,299.6,a3973e,N330QS,E55P,EMBRAER EMB-505 Phenom 300,0
takeoff,JFK,31L,1781399125.18,2026-06-14T01:05:25Z,40.630817,-73.778,300.9,ad4bcb,N956JT,A321,AIRBUS A-321,0
landing,LGA,31,1781399188.5,2026-06-14T01:06:28Z,40.777851,-73.869202,303.8,ac9ff2,N912UY,A321,AIRBUS A-321,0
takeoff,JFK,31L,1781399196.53,2026-06-14T01:06:36Z,40.631378,-73.779221,300.9,4b187c,HB-JHC,A333,AIRBUS A-330-300,0
landing,JFK,31R,1781399273.27,2026-06-14T01:07:53Z,40.649763,-73.772569,300.9,a06e11,N127DU,BCS1,AIRBUS A220-100,0
takeoff,JFK,31L,1781399300.3,2026-06-14T01:08:20Z,40.630816,-73.777984,300.9,a845f4,N632JB,A320,AIRBUS A-320,0
landing,LGA,31,1781399314.49,2026-06-14T01:08:34Z,40.777245,-73.867966,303.8,c05d08,C-GJFZ,CRJ9,BOMBARDIER Regional Jet CRJ-900,0
takeoff,JFK,31L,1781399359.77,2026-06-14T01:09:19Z,40.630747,-73.777813,300.9,a657f4,N508DA,A21N,AIRBUS A-321neo,0
landing,LGA,31,1781399428.64,2026-06-14T01:10:28Z,40.777724,-73.868934,303.8,a04695,N117DX,A321,AIRBUS A-321,0
landing,JFK,31R,1781399428.78,2026-06-14T01:10:28Z,40.653103,-73.780637,278.4,a8a017,N655JB,A320,AIRBUS A-320,0
takeoff,JFK,31L,1781399445.24,2026-06-14T01:10:45Z,40.631794,-73.780153,300.9,407e21,G-VLDY,A339,AIRBUS A-330-900,0
takeoff,JFK,31L,1781399499.54,2026-06-14T01:11:39Z,40.630479,-73.777251,300.9,347206,EC-NSC,A359,AIRBUS A-350-900,0
landing,JFK,31R,1781399512.76,2026-06-14T01:11:52Z,40.650948,-73.775208,300.9,3475d4,EC-ODB,A332,AIRBUS A-330-200,0
takeoff,JFK,31L,1781399608.87,2026-06-14T01:13:28Z,40.630817,-73.777985,300.9,a32bba,N303NY,A21N,AIRBUS A-321neo,0
landing,JFK,31R,1781399652.23,2026-06-14T01:14:12Z,40.651348,-73.776108,300.9,a3dcc2,N348TU,B38M,,0
landing,LGA,31,1781399681.14,2026-06-14T01:14:41Z,40.776855,-73.867111,300.9,a15516,N185UW,A321,AIRBUS A-321,0
takeoff,JFK,31L,1781399730.92,2026-06-14T01:15:30Z,40.631049,-73.778484,300.9,a781d7,N583JB,A320,AIRBUS A-320,0
landing,JFK,31R,1781399739.0,2026-06-14T01:15:39Z,40.652138,-73.777802,300.9,a13386,N177DN,B763,BOEING 767-300,0
takeoff,JFK,31L,1781399834.65,2026-06-14T01:17:14Z,40.634657,-73.786442,300.9,adc5ff,N987JT,A321,AIRBUS A-321,0
landing,JFK,31R,1781399858.45,2026-06-14T01:17:38Z,40.652847,-73.779451,295.3,a3311b,N3044J,BCS3,AIRBUS A220-300,0
landing,LGA,31,1781399868.61,2026-06-14T01:17:48Z,40.778172,-73.869904,303.8,ac486a,N8905Q,B38M,,0
landing,JFK,31R,1781399917.99,2026-06-14T01:18:37Z,40.651393,-73.776174,300.9,a386fb,N3260J,BCS3,,0
takeoff,JFK,31L,1781399940.39,2026-06-14T01:19:00Z,40.631023,-73.778427,299.6,e80474,CC-BGY,B789,BOEING 787-9 Dreamliner,0
landing,JFK,31R,1781400003.05,2026-06-14T01:20:03Z,40.651749,-73.776978,300.9,aca3e6,N913XJ,CRJ9,BOMBARDIER Regional Jet CRJ-900,0
takeoff,JFK,31L,1781400069.49,2026-06-14T01:21:09Z,40.631481,-73.779449,300.9,a38af8,N3272J,BCS3,AIRBUS A220-300,0
landing,JFK,31L,1781400154.81,2026-06-14T01:22:34Z,40.638462,-73.794846,300.9,a66576,N511DE,A21N,AIRBUS A-321neo,0
landing,LGA,31,1781400159.1,2026-06-14T01:22:39Z,40.776897,-73.867233,300.9,a28928,N26226,B738,BOEING 737-800,0
takeoff,LGA,04,1781400208.57,2026-06-14T01:23:28Z,40.775396,-73.874021,56.2,a15516,N185UW,A321,AIRBUS A-321,0
takeoff,JFK,31L,1781400218.87,2026-06-14T01:23:38Z,40.63077,-73.777859,300.9,ab5365,N829MH,B764,BOEING 767-400,0
landing,JFK,31R,1781400257.46,2026-06-14T01:24:17Z,40.651311,-73.775987,300.9,a3b124,N337PQ,CRJ9,BOMBARDIER Regional Jet CRJ-900,0
takeoff,JFK,31L,1781400276.06,2026-06-14T01:24:36Z,40.629955,-73.776065,300.9,a52ea4,N433DX,A339,AIRBUS A-330-900,0
landing,JFK,31R,1781400331.4,2026-06-14T01:25:31Z,40.652458,-73.778519,300.9,adcd6d,N989JT,A321,AIRBUS A-321,0
takeoff,JFK,31L,1781400361.27,2026-06-14T01:26:01Z,40.631001,-73.778427,299.6,ab6ea5,N836AA,B789,BOEING 787-9 Dreamliner,0
landing,JFK,31R,1781400401.76,2026-06-14T01:26:41Z,40.652092,-73.77771,298.1,abbdfa,N856DN,B739,BOEING 737-900,0
takeoff,JFK,31L,1781400427.92,2026-06-14T01:27:07Z,40.631305,-73.779077,299.6,02013d,CN-RGX,B789,BOEING 787-9 Dreamliner,0
takeoff,LGA,31,1781400431.59,2026-06-14T01:27:11Z,40.772346,-73.857681,303.8,a35af8,N315SD,B38M,BOEING 737 MAX 8,0
takeoff,JFK,31L,1781400506.74,2026-06-14T01:28:26Z,40.631298,-73.779037,300.9,76cee8,9V-SWH,B77W,BOEING 777-300ER,0
landing,JFK,31R,1781400522.69,2026-06-14T01:28:42Z,40.652964,-73.779607,300.9,a3ada3,N336RU,B38M,BOEING 737 MAX 8,0
landing,JFK,31R,1781400588.68,2026-06-14T01:29:48Z,40.650531,-73.774255,300.9,acc040,N920XJ,CRJ9,BOMBARDIER Regional Jet CRJ-900,0
takeoff,JFK,31L,1781400630.11,2026-06-14T01:30:30Z,40.630966,-73.778305,300.9,a35c97,N3156J,BCS3,AIRBUS A220-300,0
landing,JFK,31R,1781400686.44,2026-06-14T01:31:26Z,40.650993,-73.775284,298.1,ac8289,N905JB,A321,AIRBUS A-321,0
landing,LGA,31,1781400693.87,2026-06-14T01:31:33Z,40.778904,-73.871414,300.9,a3cd7d,N344PP,B738,BOEING 737-800,0
takeoff,JFK,31L,1781400703.26,2026-06-14T01:31:43Z,40.630932,-73.778229,300.9,a4ccba,N4080J,A21N,,0
landing,JFK,31R,1781400753.67,2026-06-14T01:32:33Z,40.651817,-73.777054,300.9,ac3beb,N888DU,B739,BOEING 737-900,0
takeoff,JFK,31L,1781400768.68,2026-06-14T01:32:48Z,40.631259,-73.778967,300.9,ad2445,N946JL,A321,AIRBUS A-321,0
takeoff,JFK,31L,1781400833.53,2026-06-14T01:33:53Z,40.630131,-73.776459,300.9,ab8c19,N843MH,B764,BOEING 767-400,0
landing,JFK,31R,1781400840.1,2026-06-14T01:34:00Z,40.650787,-73.774848,300.9,ab6519,N833SK,CRJ9,BOMBARDIER Regional Jet CRJ-900,0
takeoff,JFK,31L,1781400897.4,2026-06-14T01:34:57Z,40.630735,-73.777781,300.9,400776,G-VIIY,B772,BOEING 777-200,0
landing,JFK,31R,1781400922.96,2026-06-14T01:35:22Z,40.650845,-73.774918,300.9,4cae32,EI-XLU,A21N,AIRBUS A-321neo,0
landing,JFK,31R,1781400996.72,2026-06-14T01:36:36Z,40.652743,-73.779155,300.9,8990e1,B-16719,B77W,BOEING 777-300ER,0
takeoff,JFK,31L,1781401011.76,2026-06-14T01:36:51Z,40.63091,-73.778187,300.9,ac4963,N891DN,B739,BOEING 737-900,0
takeoff,JFK,31L,1781401078.21,2026-06-14T01:37:58Z,40.630491,-73.777266,300.9,a1cb05,N2142J,A21N,AIRBUS A-321neo,0
takeoff,JFK,31L,1781401142.17,2026-06-14T01:39:02Z,40.630851,-73.778062,300.9,a12c23,N175DZ,B763,BOEING 767-300,0
landing,JFK,31R,1781401155.0,2026-06-14T01:39:15Z,40.65303,-73.780106,286.9,a08acb,N134HQ,E75L,EMBRAER ERJ-170-200 (long wing),0
landing,JFK,31R,1781401212.75,2026-06-14T01:40:12Z,40.650867,-73.775024,300.9,a70f11,N554JB,A320,AIRBUS A-320,0
takeoff,JFK,31L,1781401235.36,2026-06-14T01:40:35Z,40.630749,-73.777832,300.9,aca94b,N915AN,B738,BOEING 737-800,0
landing,LGA,31,1781401278.49,2026-06-14T01:41:18Z,40.777302,-73.868027,300.9,ac7a5e,N903AN,B738,BOEING 737-800,0
landing,JFK,31R,1781401296.19,2026-06-14T01:41:36Z,40.652207,-73.777953,300.9,a726fb,N560AS,B738,BOEING 737-800,0
takeoff,JFK,31L,1781401306.05,2026-06-14T01:41:46Z,40.630852,-73.778061,300.9,aa600a,N768JB,A320,AIRBUS A-320,0
landing,JFK,31R,1781401364.66,2026-06-14T01:42:44Z,40.651905,-73.777298,300.9,aded77,N997JL,A321,AIRBUS A-321,0
takeoff,JFK,31L,1781401374.38,2026-06-14T01:42:54Z,40.631104,-73.77861,300.9,4ca5c7,EI-DUZ,A333,AIRBUS A-330-300,0
landing,JFK,31R,1781401467.84,2026-06-14T01:44:27Z,40.654026,-73.782043,298.1,4cc582,TF-ICJ,B38M,BOEING 737 MAX 8,0
takeoff,JFK,31L,1781401472.35,2026-06-14T01:44:32Z,40.630816,-73.778,300.9,ab53e4,N829SK,CRJ9,BOMBARDIER Regional Jet CRJ-900,0
landing,LGA,31,1781401485.89,2026-06-14T01:44:45Z,40.778969,-73.871555,303.8,ac10af,N877DN,B739,BOEING 737-900,0
takeoff,JFK,31L,1781401546.25,2026-06-14T01:45:46Z,40.630747,-73.777828,299.6,485b42,PH-BKA,B78X,BOEING 787-10 Dreamliner,0
landing,JFK,31R,1781401571.15,2026-06-14T01:46:11Z,40.652264,-73.778061,300.9,a35fc2,N3162J,BCS3,AIRBUS A220-300,0
takeoff,JFK,31L,1781401621.91,2026-06-14T01:47:01Z,40.630692,-73.77771,300.9,a1574e,N186DN,B763,BOEING 767-300,0
landing,JFK,31R,1781401652.21,2026-06-14T01:47:32Z,40.650661,-73.774551,300.9,a3795a,N3229J,BCS3,AIRBUS A220-300,0
takeoff,JFK,31L,1781401713.09,2026-06-14T01:48:33Z,40.631161,-73.778778,300.9,4cadc6,EI-HJN,A339,AIRBUS A-330-900,0
landing,JFK,31R,1781401744.95,2026-06-14T01:49:04Z,40.65239,-73.778366,300.9,71be35,HL7635,A388,AIRBUS A-380-800,0
landing,LGA,31,1781401747.7,2026-06-14T01:49:07Z,40.777061,-73.867554,303.8,a8299a,N625JB,A320,AIRBUS A-320,0
takeoff,JFK,31L,1781401778.55,2026-06-14T01:49:38Z,40.631107,-73.778655,300.9,aa2ca9,N755AN,B772,BOEING 777-200,0
takeoff,JFK,31L,1781401894.52,2026-06-14T01:51:34Z,40.630554,-73.77739,300.9,a1d2dc,N2165J,A21N,AIRBUS A-321neo,0
landing,JFK,31R,1781401950.37,2026-06-14T01:52:30Z,40.652161,-73.777893,298.1,aca02f,N912XJ,CRJ9,BOMBARDIER Regional Jet CRJ-900,0
takeoff,JFK,31L,1781401978.73,2026-06-14T01:52:58Z,40.630467,-73.777204,300.9,a898a9,N653JB,A320,AIRBUS A-320,0
takeoff,JFK,31L,1781402023.07,2026-06-14T01:53:43Z,40.628687,-73.773287,300.9,a21fa1,N236JQ,E75L,EMBRAER ERJ-170-200 (long wing),0
landing,JFK,31R,1781402029.61,2026-06-14T01:53:49Z,40.650578,-73.774395,300.9,acb679,N918XJ,CRJ9,BOMBARDIER Regional Jet CRJ-900,0
takeoff,JFK,31L,1781402102.82,2026-06-14T01:55:02Z,40.631561,-73.779623,300.9,a38082,N3247J,BCS3,,0
takeoff,LGA,13,1781402133.52,2026-06-14T01:55:33Z,40.775414,-73.866455,120.9,a890fe,N651FR,A21N,,0
landing,JFK,31R,1781402146.76,2026-06-14T01:55:46Z,40.651222,-73.775772,300.9,a54aae,N440AS,B739,BOEING 737-900,0
landing,LGA,31,1781402157.18,2026-06-14T01:55:57Z,40.777095,-73.867623,303.8,a06db4,N127AA,A321,AIRBUS A-321,0
takeoff,JFK,31L,1781402164.36,2026-06-14T01:56:04Z,40.630405,-73.777069,300.9,a64ce6,N505DZ,A21N,AIRBUS A-321neo,0
takeoff,JFK,31L,1781402233.59,2026-06-14T01:57:13Z,40.630886,-73.778125,300.9,a01fee,N107NN,A321,AIRBUS A-321,0
landing,JFK,31R,1781402258.9,2026-06-14T01:57:38Z,40.651794,-73.777084,300.9,a392f2,N3296J,BCS3,AIRBUS A220-300,0
takeoff,JFK,31L,1781402291.09,2026-06-14T01:58:11Z,40.630199,-73.776627,300.9,394a02,F-GSQC,B77W,BOEING 777-300ER,0
landing,JFK,31R,1781402348.77,2026-06-14T01:59:08Z,40.652161,-73.777875,300.9,a61f05,N494AS,B739,BOEING 737-900,0
takeoff,JFK,31L,1781402393.27,2026-06-14T01:59:53Z,40.630394,-73.777069,300.9,ab6162,N832SK,CRJ9,BOMBARDIER Regional Jet CRJ-900,0
takeoff,JFK,31L,1781402450.63,2026-06-14T02:00:50Z,40.63091,-73.778187,303.8,ab4c76,N827SK,CRJ9,BOMBARDIER Regional Jet CRJ-900,0
landing,LGA,31,1781402489.23,2026-06-14T02:01:29Z,40.777325,-73.868118,300.9,c06080,C-GKOD,A320,AIRBUS A-320,0
landing,JFK,31R,1781402491.1,2026-06-14T02:01:31Z,40.652699,-73.779099,300.9,a0345f,N112HQ,E75L,EMBRAER ERJ-170-200 (long wing),0
takeoff,JFK,31L,1781402515.42,2026-06-14T02:01:55Z,40.629827,-73.775799,295.3,a18380,N197PQ,CRJ9,BOMBARDIER Regional Jet CRJ-900,0
landing,JFK,31R,1781402578.81,2026-06-14T02:02:58Z,40.652309,-73.778229,300.9,a3e658,N350RV,B38M,BOEING 737 MAX 8,0
takeoff,JFK,31L,1781402597.01,2026-06-14T02:03:17Z,40.631138,-73.778687,300.9,adf4e9,N999JQ,A321,AIRBUS A-321,0
landing,LGA,31,1781402622.98,2026-06-14T02:03:42Z,40.77895,-73.871506,300.9,ac2ba0,N8832H,B38M,BOEING 737 MAX 8,0
takeoff,JFK,31L,1781402652.31,2026-06-14T02:04:12Z,40.630107,-73.776424,300.9,a0428a,N116AN,A321,AIRBUS A-321,0
takeoff,JFK,31L,1781402708.36,2026-06-14T02:05:08Z,40.628826,-73.773599,300.9,a50192,N421YX,E75L,EMBRAER ERJ-170-200 (long wing),0
landing,JFK,31R,1781402708.68,2026-06-14T02:05:08Z,40.650101,-73.7733,300.9,4005bf,G-VIIG,B772,BOEING 777-200,0
takeoff,JFK,31L,1781402777.54,2026-06-14T02:06:17Z,40.628941,-73.773865,300.9,a1e946,N222JQ,E75L,EMBRAER ERJ-170-200 (long wing),0
landing,JFK,31R,1781402844.71,2026-06-14T02:07:24Z,40.652824,-73.779297,300.9,0c206a,HP-1728CMP,B738,BOEING 737-800,0
takeoff,JFK,31L,1781402854.7,2026-06-14T02:07:34Z,40.630943,-73.778244,303.8,a2c93f,N279PQ,CRJ9,BOMBARDIER Regional Jet CRJ-900,0
landing,JFK,31R,1781402917.01,2026-06-14T02:08:37Z,40.651737,-73.776886,299.6,47b12e,LN-FNC,B789,BOEING 787-9 Dreamliner,0
takeoff,JFK,31L,1781402922.3,2026-06-14T02:08:42Z,40.630118,-73.776439,300.9,407992,G-STBM,B77W,BOEING 777-300ER,0
takeoff,JFK,31L,1781403045.7,2026-06-14T02:10:45Z,40.631526,-73.77956,300.9,4bb470,TC-MCP,A333,AIRBUS A-330-300,0
takeoff,JFK,31L,1781403144.67,2026-06-14T02:12:24Z,40.631287,-73.779007,300.9,a4e35f,N414DZ,A339,AIRBUS A-330-900,0
landing,JFK,31R,1781403161.93,2026-06-14T02:12:41Z,40.650364,-73.773895,300.9,a32367,N301DU,BCS3,AIRBUS A220-300,0
takeoff,JFK,31R,1781403161.93,2026-06-14T02:12:41Z,40.650364,-73.773895,300.9,a32367,N301DU,BCS3,AIRBUS A220-300,0
landing,JFK,31R,1781403169.15,2026-06-14T02:12:49Z,40.65176,-73.776962,300.9,a32367,N301DU,BCS3,AIRBUS A220-300,0
takeoff,JFK,31L,1781403225.06,2026-06-14T02:13:45Z,40.630749,-73.777847,299.6,440184,OE-LPM,B789,BOEING 787-9 Dreamliner,0
landing,JFK,31R,1781403245.12,2026-06-14T02:14:05Z,40.654989,-73.78407,300.9,a8bf91,N663CA,B744,BOEING 747-400,8
landing,LGA,31,1781403320.97,2026-06-14T02:15:20Z,40.777668,-73.868851,303.8,ac2154,N8808Q,B38M,BOEING 737 MAX 8,0
takeoff,JFK,31L,1781403393.8,2026-06-14T02:16:33Z,40.630817,-73.777985,300.9,a3244c,N301NY,A21N,AIRBUS A-321neo,0
landing,JFK,31R,1781403407.4,2026-06-14T02:16:47Z,40.650536,-73.774277,300.9,a6e361,N543DE,A21N,AIRBUS A-321neo,0
takeoff,JFK,31L,1781403472.12,2026-06-14T02:17:52Z,40.630467,-73.777188,300.9,a6b470,N531DA,A21N,AIRBUS A-321neo,0
landing,JFK,31R,1781403489.19,2026-06-14T02:18:09Z,40.653236,-73.780243,300.9,4bb14a,TC-LJJ,B77W,BOEING 777-300ER,0
landing,JFK,31R,1781403597.92,2026-06-14T02:19:57Z,40.649752,-73.772538,300.9,78021c,B-LIF,B744,BOEING 747-400,0
takeoff,JFK,31L,1781403613.04,2026-06-14T02:20:13Z,40.631212,-73.778843,300.9,a51601,N427DX,A339,AIRBUS A-330-900,0
landing,LGA,31,1781403703.0,2026-06-14T02:21:43Z,40.776839,-73.867077,300.9,a8c796,N665JB,A320,AIRBUS A-320,0
takeoff,JFK,31L,1781403742.0,2026-06-14T02:22:22Z,40.631035,-73.778473,300.9,06a1bb,A7-BEE,B77W,BOEING 777-300ER,0
landing,JFK,31R,1781403750.92,2026-06-14T02:22:30Z,40.649563,-73.772156,300.9,a414e8,N362NB,A319,AIRBUS A-319,0
takeoff,JFK,31L,1781403839.05,2026-06-14T02:23:59Z,40.631149,-73.778732,299.6,04004a,ET-AOT,B788,BOEING 787-8 Dreamliner,0
landing,LGA,31,1781403852.71,2026-06-14T02:24:12Z,40.778957,-73.871524,298.1,ac0a75,N875RW,E170,EMBRAER ERJ-170-100,0
landing,JFK,31R,1781403901.44,2026-06-14T02:25:01Z,40.651119,-73.775558,300.9,06a0eb,A7-AML,A359,AIRBUS A-350-900,0
takeoff,JFK,31L,1781403931.53,2026-06-14T02:25:31Z,40.631275,-73.779007,299.6,c8243a,ZK-NZM,B789,BOEING 787-9 Dreamliner,0
takeoff,JFK,31L,1781404008.19,2026-06-14T02:26:48Z,40.630956,-73.778328,300.9,ab1d30,N815NW,A333,AIRBUS A-330-300,0
takeoff,JFK,31L,1781404084.54,2026-06-14T02:28:04Z,40.631561,-73.779623,299.6,3482d6,EC-OMC,B789,BOEING 787-9 Dreamliner,0
landing,JFK,31R,1781404193.38,2026-06-14T02:29:53Z,40.652733,-73.779114,302.4,40742e,G-CKOF,B789,BOEING 787-9 Dreamliner,0
takeoff,JFK,31L,1781404201.78,2026-06-14T02:30:01Z,40.631115,-73.778656,300.9,add376,N990JL,A321,AIRBUS A-321,0
takeoff,JFK,31L,1781404263.32,2026-06-14T02:31:03Z,40.630432,-73.777157,300.9,a85119,N635JB,A320,AIRBUS A-320,0
landing,JFK,31R,1781404323.29,2026-06-14T02:32:03Z,40.651404,-73.77619,300.9,a4462e,N3748Y,B738,BOEING 737-800,0
takeoff,JFK,31L,1781404330.68,2026-06-14T02:32:10Z,40.630793,-73.777953,300.9,a67f81,N518DQ,A21N,AIRBUS A-321neo,0
landing,LGA,31,1781404353.25,2026-06-14T02:32:33Z,40.777328,-73.868122,300.9,a3a8c0,N335DU,BCS3,AIRBUS A220-300,0
takeoff,LGA,31,1781404387.04,2026-06-14T02:33:07Z,40.772277,-73.857479,306.6,ac5ed9,N8966S,B38M,BOEING 737 MAX 8,0
takeoff,JFK,31L,1781404401.17,2026-06-14T02:33:21Z,40.631724,-73.779982,300.9,3c656c,D-AIKL,A333,AIRBUS A-330-300,0
landing,JFK,31R,1781404466.46,2026-06-14T02:34:26Z,40.65031,-73.773786,300.9,ab8031,N840DN,B739,BOEING 737-900,0
takeoff,JFK,31L,1781404494.32,2026-06-14T02:34:54Z,40.631195,-73.778824,300.9,76cce4,9V-SGD,A359,AIRBUS A-350-900,0
landing,JFK,31R,1781404578.59,2026-06-14T02:36:18Z,40.650845,-73.774948,300.9,3c68cb,D-AJFK,A333,AIRBUS A-330-300,0
landing,JFK,31R,1781404727.84,2026-06-14T02:38:47Z,40.65045,-73.774067,300.9,a1a435,N2047J,A21N,AIRBUS A-321neo,0
takeoff,JFK,31L,1781404774.69,2026-06-14T02:39:34Z,40.631084,-73.778562,299.6,89640a,A6-BLE,B789,BOEING 787-9 Dreamliner,0
takeoff,JFK,31L,1781404775.82,2026-06-14T02:39:35Z,40.631317,-73.779077,299.6,89640a,A6-BLE,B789,BOEING 787-9 Dreamliner,0
landing,LGA,31,1781404815.8,2026-06-14T02:40:15Z,40.776958,-73.86734,300.9,a80d40,N618JB,A320,AIRBUS A-320,0
landing,JFK,31R,1781404834.4,2026-06-14T02:40:34Z,40.652023,-73.777542,300.9,aba7b0,N850DN,B739,BOEING 737-900,0
takeoff,JFK,31L,1781404901.18,2026-06-14T02:41:41Z,40.630783,-73.777908,300.9,a5e9f4,N480PX,CRJ9,BOMBARDIER Regional Jet CRJ-900,0
landing,JFK,31R,1781404964.47,2026-06-14T02:42:44Z,40.648876,-73.770615,300.9,c04adc,C-GCJB,B752,BOEING 757-200,0
takeoff,JFK,31L,1781404990.89,2026-06-14T02:43:10Z,40.630968,-73.778296,299.6,ab4732,N826AN,B789,BOEING 787-9 Dreamliner,0
landing,JFK,31R,1781405067.99,2026-06-14T02:44:27Z,40.650227,-73.773575,300.9,a15e70,N188AM,B38M,BOEING 737 MAX 8,0
takeoff,JFK,31L,1781405070.41,2026-06-14T02:44:30Z,40.631332,-73.779022,300.9,8963f3,A6-EOV,A388,AIRBUS A-380-800,0
landing,LGA,31,1781405180.44,2026-06-14T02:46:20Z,40.778446,-73.870453,300.9,a17527,N193UW,A321,AIRBUS A-321,0
landing,JFK,31R,1781405196.05,2026-06-14T02:46:36Z,40.651555,-73.776486,300.9,758487,RP-C3510,A35K,AIRBUS A-350-1000,0
takeoff,JFK,31L,1781405238.28,2026-06-14T02:47:18Z,40.631332,-73.779129,300.9,a386fb,N3260J,BCS3,,0
takeoff,JFK,31L,1781405297.23,2026-06-14T02:48:17Z,40.630607,-73.7775,300.9,a9607d,N703JB,A320,AIRBUS A-320,0
landing,JFK,31R,1781405348.31,2026-06-14T02:49:08Z,40.650387,-73.773972,300.9,a338ac,N3065J,BCS3,AIRBUS A220-300,0
takeoff,JFK,31L,1781405371.76,2026-06-14T02:49:31Z,40.631503,-73.779514,300.9,a37f8d,N3240J,BCS3,,0
takeoff,JFK,31L,1781405422.85,2026-06-14T02:50:22Z,40.628908,-73.773786,300.9,abdb88,N863RW,E170,EMBRAER ERJ-170-100,0
landing,JFK,31R,1781405435.48,2026-06-14T02:50:35Z,40.650822,-73.774887,300.9,0c6062,9Y-JAM,B38M,BOEING 737 MAX 8,0
takeoff,JFK,31L,1781405504.18,2026-06-14T02:51:44Z,40.630456,-73.777204,300.9,a8ab3c,N658JB,A320,AIRBUS A-320,0
landing,JFK,31R,1781405535.0,2026-06-14T02:52:15Z,40.651974,-73.777422,300.9,abafff,N852NN,B738,BOEING 737-800,0
takeoff,LGA,13,1781405560.36,2026-06-14T02:52:40Z,40.776661,-73.870438,123.8,a97a73,N71HR,G280,GULFSTREAM G280,8
takeoff,JFK,31L,1781405572.91,2026-06-14T02:52:52Z,40.631654,-73.779826,300.9,4952ad,CS-TUM,A339,AIRBUS A-330-900,0
landing,LGA,31,1781405597.64,2026-06-14T02:53:17Z,40.7772,-73.867857,303.8,ac24c5,N8816Q,B38M,BOEING 737 MAX 8,0
landing,JFK,31R,1781405629.71,2026-06-14T02:53:49Z,40.651577,-73.776566,300.9,a14104,N180DN,B763,BOEING 767-300,0
takeoff,JFK,31L,1781405666.47,2026-06-14T02:54:26Z,40.630979,-73.778328,300.9,acc040,N920XJ,CRJ9,BOMBARDIER Regional Jet CRJ-900,0
takeoff,JFK,31L,1781405745.24,2026-06-14T02:55:45Z,40.630589,-73.777466,300.9,ab80f4,N840MH,B764,BOEING 767-400,0
landing,JFK,31R,1781405753.08,2026-06-14T02:55:53Z,40.650822,-73.774894,300.9,a1aaae,N2060J,A21N,AIRBUS A-321neo,0
takeoff,JFK,31L,1781405867.02,2026-06-14T02:57:47Z,40.631177,-73.77878,300.9,a4b470,N402DX,A339,AIRBUS A-330-900,0
takeoff,JFK,31L,1781405999.89,2026-06-14T02:59:59Z,40.631115,-73.778625,300.9,a3401a,N3085J,BCS3,AIRBUS A220-300,0
landing,JFK,31R,1781406012.13,2026-06-14T03:00:12Z,40.65223,-73.778,300.9,a1b2a8,N2084J,A21N,AIRBUS A-321neo,0
takeoff,JFK,31L,1781406089.22,2026-06-14T03:01:29Z,40.631142,-73.778702,300.9,a3795a,N3229J,BCS3,AIRBUS A220-300,0
landing,LGA,31,1781406102.62,2026-06-14T03:01:42Z,40.779099,-73.871811,300.9,a01b56,N106DN,A321,AIRBUS A-321,0
landing,JFK,31R,1781406143.43,2026-06-14T03:02:23Z,40.650867,-73.774994,300.9,39d2af,F-HUVP,A359,AIRBUS A-350-900,0
takeoff,JFK,31L,1781406186.81,2026-06-14T03:03:06Z,40.631046,-73.778503,300.9,ad27f3,N947JB,A321,AIRBUS A-321,0
takeoff,JFK,31L,1781406260.31,2026-06-14T03:04:20Z,40.630852,-73.778061,300.9,ab6519,N833SK,CRJ9,BOMBARDIER Regional Jet CRJ-900,0
landing,LGA,31,1781406296.06,2026-06-14T03:04:56Z,40.776649,-73.866684,300.9,ab5b2b,N8303R,B738,BOEING 737-800,0
takeoff,JFK,31L,1781406362.24,2026-06-14T03:06:02Z,40.631115,-73.778641,300.9,3481d5,EC-OJL,B772,BOEING 777-200,0
landing,JFK,31R,1781406376.73,2026-06-14T03:06:16Z,40.650043,-73.773193,300.9,a3711a,N3203J,BCS3,AIRBUS A220-300,0
landing,LGA,31,1781406421.5,2026-06-14T03:07:01Z,40.779004,-73.871665,300.9,aa88fb,N778YX,E75L,EMBRAER ERJ-170-200 (long wing),0
landing,JFK,31R,1781406475.91,2026-06-14T03:07:55Z,40.650318,-73.773773,300.9,a894f2,N652JB,A320,AIRBUS A-320,0
takeoff,JFK,31L,1781406477.26,2026-06-14T03:07:57Z,40.630737,-73.777817,300.9,aca02f,N912XJ,CRJ9,BOMBARDIER Regional Jet CRJ-900,0
takeoff,JFK,31L,1781406541.84,2026-06-14T03:09:01Z,40.631142,-73.778702,300.9,a17ecd,N196DN,B763,BOEING 767-300,0
landing,JFK,31R,1781406578.35,2026-06-14T03:09:38Z,40.650284,-73.773758,300.9,a63df3,N501DA,A21N,,0
takeoff,JFK,31L,1781406627.43,2026-06-14T03:10:27Z,40.631119,-73.778655,300.9,461f50,OH-LWI,A359,AIRBUS A-350-900,0
landing,JFK,31R,1781406709.28,2026-06-14T03:11:49Z,40.650558,-73.774323,300.9,0acac1,HK-5424,A320,AIRBUS A-320,0
takeoff,JFK,31L,1781406737.87,2026-06-14T03:12:17Z,40.63141,-73.779248,299.6,40797c,G-ZBLE,B78X,BOEING 787-10 Dreamliner,0
landing,LGA,31,1781406759.25,2026-06-14T03:12:39Z,40.778091,-73.869736,303.8,ab5f6a,N8317M,B738,BOEING 737-800,0
landing,JFK,31R,1781406809.31,2026-06-14T03:13:29Z,40.652463,-73.778515,300.9,a35efa,N316VD,B38M,BOEING 737 MAX 8,0
takeoff,JFK,31L,1781406846.86,2026-06-14T03:14:06Z,40.628345,-73.772552,300.9,a0345f,N112HQ,E75L,EMBRAER ERJ-170-200 (long wing),0
landing,LGA,31,1781406872.44,2026-06-14T03:14:32Z,40.779085,-73.871821,300.9,a44187,N37313,B38M,BOEING 737 MAX 8,0
landing,JFK,31R,1781406935.42,2026-06-14T03:15:35Z,40.650284,-73.773712,300.9,aa490a,N762AV,A20N,AIRBUS A-320neo,0
takeoff,JFK,31L,1781406959.79,2026-06-14T03:15:59Z,40.631247,-73.778936,300.9,aca3e6,N913XJ,CRJ9,BOMBARDIER Regional Jet CRJ-900,0
landing,LGA,31,1781406978.46,2026-06-14T03:16:18Z,40.778252,-73.870041,300.9,ac16da,N8783L,B38M,BOEING 737 MAX 8,0
landing,JFK,31R,1781407052.19,2026-06-14T03:17:32Z,40.651051,-73.775375,300.9,a7851c,N584DN,A21N,,0
landing,LGA,31,1781407114.99,2026-06-14T03:18:34Z,40.777805,-73.869125,303.8,abc035,N8561Z,B738,BOEING 737-800,0
landing,JFK,31R,1781407165.58,2026-06-14T03:19:25Z,40.650636,-73.774504,300.9,aa7bae,N775AV,A20N,AIRBUS A-320neo,0
landing,LGA,31,1781407234.5,2026-06-14T03:20:34Z,40.778492,-73.870572,303.8,aa739d,N77258,B738,BOEING 737-800,0
landing,JFK,31L,1781407276.51,2026-06-14T03:21:16Z,40.63887,-73.795743,300.9,a79386,N5879K,A333,AIRBUS A-330-300,0
landing,JFK,31R,1781407291.41,2026-06-14T03:21:31Z,40.650345,-73.77388,298.1,adb35c,N982JB,A321,AIRBUS A-321,0
takeoff,JFK,31L,1781407370.43,2026-06-14T03:22:50Z,40.630933,-73.77825,300.9,a3b124,N337PQ,CRJ9,BOMBARDIER Regional Jet CRJ-900,0
takeoff,LGA,31,1781407374.14,2026-06-14T03:22:54Z,40.772405,-73.857822,300.9,ac486a,N8905Q,B38M,,0
landing,JFK,31R,1781407402.78,2026-06-14T03:23:22Z,40.649368,-73.771744,300.9,ad734a,N966JT,A321,AIRBUS A-321,0
landing,JFK,31R,1781407514.36,2026-06-14T03:25:14Z,40.651625,-73.776689,300.9,0c6063,9Y-GRN,B38M,BOEING 737 MAX 8,0
takeoff,JFK,31L,1781407569.9,2026-06-14T03:26:09Z,40.631035,-73.778473,300.9,a19d0d,N2029J,A21N,AIRBUS A-321neo,0
landing,JFK,31R,1781407702.98,2026-06-14T03:28:22Z,40.650578,-73.774333,300.9,a1a0c4,N2039J,A21N,AIRBUS A-321neo,0
landing,LGA,31,1781407729.27,2026-06-14T03:28:49Z,40.778806,-73.871165,300.9,ac97e4,N910NN,B738,BOEING 737-800,0
landing,LGA,31,1781407876.98,2026-06-14T03:31:16Z,40.776981,-73.86734,300.9,acbffd,N920US,A321,AIRBUS A-321,0
landing,JFK,13R,1781407909.49,2026-06-14T03:31:49Z,40.640728,-73.795944,165.9,a9d9f7,N734AR,B77W,BOEING 777-300ER,0
landing,LGA,31,1781407976.96,2026-06-14T03:32:56Z,40.777072,-73.867576,300.9,a422f7,N366DX,A321,AIRBUS A-321,0
takeoff,JFK,31L,1781408002.74,2026-06-14T03:33:22Z,40.631771,-73.780013,300.9,89639d,A6-EOD,A388,AIRBUS A-380-800,0
landing,JFK,31R,1781408057.41,2026-06-14T03:34:17Z,40.652573,-73.778702,300.9,780cb8,B-2487,B748,BOEING 747-8,0
landing,LGA,31,1781408080.87,2026-06-14T03:34:40Z,40.778352,-73.870244,303.8,a466d2,N383DZ,A321,AIRBUS A-321,0
landing,JFK,31R,1781408157.9,2026-06-14T03:35:57Z,40.650671,-73.774567,299.6,406e10,G-VDIA,B789,BOEING 787-9 Dreamliner,0
landing,LGA,31,1781408342.59,2026-06-14T03:39:02Z,40.777526,-73.868465,300.9,a08663,N133AN,A321,AIRBUS A-321,0
landing,JFK,31R,1781408356.89,2026-06-14T03:39:16Z,40.652812,-73.779248,298.1,a01112,N103NN,A321,AIRBUS A-321,0
takeoff,JFK,31L,1781408371.38,2026-06-14T03:39:31Z,40.631038,-73.77839,300.9,a9d9f7,N734AR,B77W,BOEING 777-300ER,0
takeoff,JFK,31L,1781408499.09,2026-06-14T03:41:39Z,40.631012,-73.778412,300.9,4cc582,TF-ICJ,B38M,BOEING 737 MAX 8,0
landing,JFK,31R,1781408530.28,2026-06-14T03:42:10Z,40.649624,-73.772241,300.9,e8045c,CC-BHA,A20N,AIRBUS A-320neo,0
landing,JFK,31R,1781408634.74,2026-06-14T03:43:54Z,40.651588,-73.776627,300.9,ad4804,N955JB,A321,AIRBUS A-321,0
landing,JFK,31R,1781408763.4,2026-06-14T03:46:03Z,40.65024,-73.773583,300.9,ab4f5d,N828JB,A320,AIRBUS A-320,0
landing,JFK,31R,1781408880.72,2026-06-14T03:48:00Z,40.650171,-73.77349,300.9,ade252,N994JL,A321,AIRBUS A-321,0
takeoff,JFK,22R,1781408952.73,2026-06-14T03:49:12Z,40.64441,-73.772195,255.9,ab4f5d,N828JB,A320,AIRBUS A-320,0
takeoff,JFK,31L,1781408984.6,2026-06-14T03:49:44Z,40.630851,-73.778015,300.9,3965aa,F-GZNK,B77W,BOEING 777-300ER,0
takeoff,JFK,31L,1781409100.05,2026-06-14T03:51:40Z,40.630944,-73.778265,300.9,a15397,N185DN,B763,BOEING 767-300,0
landing,JFK,31R,1781409180.92,2026-06-14T03:53:00Z,40.651718,-73.776861,300.9,acae2e,N916NN,B738,BOEING 737-800,0
landing,JFK,31R,1781409328.85,2026-06-14T03:55:28Z,40.649963,-73.773071,300.9,a845f4,N632JB,A320,AIRBUS A-320,0
takeoff,JFK,31L,1781409429.65,2026-06-14T03:57:09Z,40.63068,-73.777695,300.9,4cae32,EI-XLU,A21N,AIRBUS A-321neo,0
landing,JFK,31L,1781409430.61,2026-06-14T03:57:10Z,40.630806,-73.777954,300.9,4cae32,EI-XLU,A21N,AIRBUS A-321neo,0
takeoff,JFK,31L,1781409430.61,2026-06-14T03:57:10Z,40.630806,-73.777954,300.9,4cae32,EI-XLU,A21N,AIRBUS A-321neo,0
takeoff,JFK,31L,1781409644.72,2026-06-14T04:00:44Z,40.631189,-73.778796,300.9,a1775f,N194DN,B763,BOEING 767-300,0
takeoff,JFK,31L,1781409732.08,2026-06-14T04:02:12Z,40.631264,-73.778976,300.9,3475d4,EC-ODB,A332,AIRBUS A-330-200,0
landing,JFK,31R,1781409768.24,2026-06-14T04:02:48Z,40.651753,-73.776939,300.9,0d0947,XA-VAO,A320,AIRBUS A-320,0
landing,JFK,31L,1781409883.22,2026-06-14T04:04:43Z,40.637916,-73.793621,300.9,a67452,N515DE,A21N,AIRBUS A-321neo,0
takeoff,JFK,31L,1781409883.22,2026-06-14T04:04:43Z,40.637916,-73.793621,300.9,a67452,N515DE,A21N,AIRBUS A-321neo,0
landing,JFK,31L,1781409884.14,2026-06-14T04:04:44Z,40.638148,-73.794136,300.9,a67452,N515DE,A21N,AIRBUS A-321neo,0
landing,JFK,31R,1781410100.33,2026-06-14T04:08:20Z,40.64994,-73.77298,300.9,a8712a,N643JB,A320,AIRBUS A-320,0
takeoff,JFK,31L,1781410281.36,2026-06-14T04:11:21Z,40.631046,-73.778519,300.9,e80242,CC-CXG,B763,BOEING 767-300,0
landing,JFK,31R,1781410440.27,2026-06-14T04:14:00Z,40.651521,-73.776439,300.9,ad7e6f,N969JT,A321,AIRBUS A-321,0
landing,JFK,31R,1781410796.67,2026-06-14T04:19:56Z,40.649597,-73.772202,300.9,a1bc29,N2102J,A21N,AIRBUS A-321neo,0
takeoff,JFK,31L,1781410982.71,2026-06-14T04:23:02Z,40.631012,-73.778427,300.9,738075,4X-ECE,B772,BOEING 777-200,0
landing,JFK,31R,1781411225.36,2026-06-14T04:27:05Z,40.651875,-73.777237,300.9,0c20a8,HP-1840CMP,B738,BOEING 737-800,0
takeoff,JFK,31L,1781411340.87,2026-06-14T04:29:00Z,40.63052,-73.777328,300.9,a8a017,N655JB,A320,AIRBUS A-320,0
takeoff,JFK,31L,1781411413.96,2026-06-14T04:30:13Z,40.63134,-73.779139,300.9,a35fc2,N3162J,BCS3,AIRBUS A220-300,0
landing,JFK,31R,1781411418.54,2026-06-14T04:30:18Z,40.651039,-73.775391,300.9,ab2728,N818AV,A20N,AIRBUS A-320neo,0
takeoff,JFK,22R,1781411430.93,2026-06-14T04:30:30Z,40.646152,-73.771973,177.2,a3311b,N3044J,BCS3,AIRBUS A220-300,0
landing,JFK,22R,1781412177.3,2026-06-14T04:42:57Z,40.646141,-73.771973,177.2,a3311b,N3044J,BCS3,AIRBUS A220-300,0
takeoff,JFK,31L,1781412225.49,2026-06-14T04:43:45Z,40.631189,-73.778811,299.6,40742e,G-CKOF,B789,BOEING 787-9 Dreamliner,0
landing,JFK,31R,1781412612.77,2026-06-14T04:50:12Z,40.652184,-73.777922,298.1,a3373a,N306SP,B38M,BOEING 737 MAX 8,0
takeoff,JFK,31L,1781412840.55,2026-06-14T04:54:00Z,40.631195,-73.778839,299.6,47b12e,LN-FNC,B789,BOEING 787-9 Dreamliner,0
landing,JFK,31R,1781412879.34,2026-06-14T04:54:39Z,40.652719,-73.779077,300.9,71c043,HL8043,B77L,BOEING 777-200LR,0
takeoff,JFK,31L,1781413047.33,2026-06-14T04:57:27Z,40.636659,-73.790843,300.9,78021c,B-LIF,B744,BOEING 747-400,0
landing,JFK,31R,1781413065.66,2026-06-14T04:57:45Z,40.651579,-73.776549,300.9,a17ad2,N195AV,A320,AIRBUS A-320,0
takeoff,JFK,31L,1781413193.77,2026-06-14T04:59:53Z,40.631046,-73.778519,300.9,a8bf91,N663CA,B744,BOEING 747-400,8
takeoff,JFK,31L,1781413450.64,2026-06-14T05:04:10Z,40.630726,-73.777771,300.9,0acac1,HK-5424,A320,AIRBUS A-320,0
takeoff,JFK,31L,1781413534.9,2026-06-14T05:05:34Z,40.630514,-73.777313,300.9,a845f4,N632JB,A320,AIRBUS A-320,0
takeoff,JFK,31L,1781413650.72,2026-06-14T05:07:30Z,40.63068,-73.777679,300.9,a7de53,N606JB,A320,AIRBUS A-320,0
takeoff,JFK,31L,1781413769.63,2026-06-14T05:09:29Z,40.630966,-73.778305,300.9,4bb14a,TC-LJJ,B77W,BOEING 777-300ER,0
landing,JFK,31R,1781413800.41,2026-06-14T05:10:00Z,40.651463,-73.776398,300.9,a0275c,N109NN,A321,AIRBUS A-321,0
takeoff,JFK,31L,1781413890.96,2026-06-14T05:11:30Z,40.630933,-73.778234,300.9,71c009,HL8009,B77W,BOEING 777-300ER,0
landing,JFK,31R,1781414178.01,2026-06-14T05:16:18Z,40.649717,-73.772491,300.9,a39925,N3307J,BCS3,AIRBUS A220-300,0
landing,JFK,31R,1781414549.79,2026-06-14T05:22:29Z,40.651078,-73.775456,300.9,a3244f,N301PA,B738,BOEING 737-800,0
takeoff,JFK,31L,1781414713.24,2026-06-14T05:25:13Z,40.631493,-73.779465,300.9,39d2af,F-HUVP,A359,AIRBUS A-350-900,0
takeoff,JFK,31L,1781414903.68,2026-06-14T05:28:23Z,40.630712,-73.77775,300.9,aa490a,N762AV,A20N,AIRBUS A-320neo,0
landing,JFK,31L,1781414904.22,2026-06-14T05:28:24Z,40.630817,-73.777985,300.9,aa490a,N762AV,A20N,AIRBUS A-320neo,0
takeoff,JFK,31L,1781414904.22,2026-06-14T05:28:24Z,40.630817,-73.777985,300.9,aa490a,N762AV,A20N,AIRBUS A-320neo,0
takeoff,JFK,31L,1781415012.75,2026-06-14T05:30:12Z,40.630642,-73.777625,300.9,aa7bae,N775AV,A20N,AIRBUS A-320neo,0
landing,JFK,31R,1781415380.67,2026-06-14T05:36:20Z,40.651188,-73.775726,300.9,ac7e1c,N904AV,A20N,,0
takeoff,JFK,31L,1781415819.35,2026-06-14T05:43:39Z,40.630933,-73.778234,300.9,899019,B-18053,B77W,BOEING 777-300ER,0
takeoff,JFK,31L,1781415967.8,2026-06-14T05:46:07Z,40.630979,-73.778343,300.9,06a0eb,A7-AML,A359,AIRBUS A-350-900,0
takeoff,JFK,31L,1781416255.61,2026-06-14T05:50:55Z,40.630747,-73.777844,300.9,0d0947,XA-VAO,A320,AIRBUS A-320,0
landing,JFK,31R,1781416309.38,2026-06-14T05:51:49Z,40.652172,-73.777863,300.9,782189,B-226V,B77L,BOEING 777-200LR,0
takeoff,JFK,31L,1781416340.55,2026-06-14T05:52:20Z,40.63056,-73.777438,300.9,e8045c,CC-BHA,A20N,AIRBUS A-320neo,0
landing,JFK,31R,1781416517.88,2026-06-14T05:55:17Z,40.651016,-73.775299,300.9,a3c9c5,N343PN,B738,BOEING 737-800,0
takeoff,JFK,31L,1781416606.33,2026-06-14T05:56:46Z,40.631069,-73.778534,300.9,84118c,JA04WJ,A35K,AIRBUS A-350-1000,0
takeoff,JFK,31L,1781416606.48,2026-06-14T05:56:46Z,40.631096,-73.778608,300.9,84118c,JA04WJ,A35K,AIRBUS A-350-1000,0
landing,JFK,31R,1781416616.81,2026-06-14T05:56:56Z,40.651039,-73.775391,300.9,ad6f93,N965JT,A321,AIRBUS A-321,0
takeoff,JFK,31L,1781416831.4,2026-06-14T06:00:31Z,40.630851,-73.778062,300.9,8990e1,B-16719,B77W,BOEING 777-300ER,0
takeoff,JFK,31L,1781416953.95,2026-06-14T06:02:33Z,40.631887,-73.780341,300.9,3c68cb,D-AJFK,A333,AIRBUS A-330-300,0
takeoff,JFK,31L,1781417150.15,2026-06-14T06:05:50Z,40.630943,-73.778259,300.9,0c6062,9Y-JAM,B38M,BOEING 737 MAX 8,0
landing,JFK,13L,1781417251.98,2026-06-14T06:07:31Z,40.6491,-73.775924,120.9,8691aa,JA784A,B77W,BOEING 777-300ER,0
takeoff,JFK,31L,1781417473.46,2026-06-14T06:11:13Z,40.631046,-73.778473,300.9,758487,RP-C3510,A35K,AIRBUS A-350-1000,0
takeoff,JFK,31L,1781417675.07,2026-06-14T06:14:35Z,40.631035,-73.778473,300.9,4d22a8,9H-MFS,A332,AIRBUS A-330-200,0
takeoff,JFK,31L,1781417763.97,2026-06-14T06:16:03Z,40.630863,-73.778091,300.9,8691aa,JA784A,B77W,BOEING 777-300ER,0
takeoff,JFK,31L,1781417940.85,2026-06-14T06:19:00Z,40.635658,-73.78862,300.9,0c206a,HP-1728CMP,B738,BOEING 737-800,0
landing,JFK,31R,1781417965.97,2026-06-14T06:19:25Z,40.652287,-73.778107,300.9,a33716,N306RC,B38M,BOEING 737 MAX 8,0
landing,JFK,31L,1781418039.69,2026-06-14T06:20:39Z,40.639275,-73.796646,300.9,a27197,N257AZ,B763,BOEING 767-300,0
takeoff,JFK,31L,1781418209.87,2026-06-14T06:23:29Z,40.630726,-73.77774,300.9,ab2728,N818AV,A20N,AIRBUS A-320neo,0
takeoff,JFK,31L,1781418316.34,2026-06-14T06:25:16Z,40.631332,-73.779129,300.9,a79386,N5879K,A333,AIRBUS A-330-300,0
landing,JFK,31L,1781418317.02,2026-06-14T06:25:17Z,40.631433,-73.779358,300.9,a79386,N5879K,A333,AIRBUS A-330-300,0
takeoff,JFK,31L,1781418317.02,2026-06-14T06:25:17Z,40.631433,-73.779358,300.9,a79386,N5879K,A333,AIRBUS A-330-300,0
takeoff,JFK,31L,1781418503.38,2026-06-14T06:28:23Z,40.631355,-73.77916,300.9,71be35,HL7635,A388,AIRBUS A-380-800,0
landing,JFK,31R,1781418771.0,2026-06-14T06:32:51Z,40.652527,-73.778641,300.9,4d2470,9H-AKF,B744,BOEING 747-400,0
takeoff,JFK,31L,1781418975.96,2026-06-14T06:36:15Z,40.631119,-73.778608,299.6,7380c2,4X-EDC,B789,BOEING 787-9 Dreamliner,0
landing,JFK,31R,1781419734.46,2026-06-14T06:48:54Z,40.650159,-73.773427,300.9,a4a095,N398AV,A320,AIRBUS A-320,0
takeoff,JFK,31L,1781420661.36,2026-06-14T07:04:21Z,40.630978,-73.778336,300.9,780cb8,B-2487,B748,BOEING 747-8,0
landing,JFK,31R,1781420743.72,2026-06-14T07:05:43Z,40.65123,-73.775784,300.9,a38633,N326SJ,B38M,BOEING 737 MAX 8,0
takeoff,JFK,31L,1781420984.01,2026-06-14T07:09:44Z,40.634448,-73.785959,300.9,a17ad2,N195AV,A320,AIRBUS A-320,0
landing,JFK,31R,1781421025.9,2026-06-14T07:10:25Z,40.652405,-73.77839,300.9,7805aa,B-2075,B77L,BOEING 777-200LR,0
takeoff,JFK,31L,1781421815.33,2026-06-14T07:23:35Z,40.629501,-73.775101,300.9,ac7e1c,N904AV,A20N,,0
landing,JFK,31R,1781423133.08,2026-06-14T07:45:33Z,40.653127,-73.779966,300.9,0c2096,HP-1835CMP,B738,BOEING 737-800,0
takeoff,JFK,31L,1781423190.28,2026-06-14T07:46:30Z,40.629879,-73.775909,300.9,71c043,HL8043,B77L,BOEING 777-200LR,0
landing,JFK,31R,1781423739.32,2026-06-14T07:55:39Z,40.650913,-73.77507,300.9,aa0531,N745AV,A320,AIRBUS A-320,0
takeoff,JFK,31L,1781425230.59,2026-06-14T08:20:30Z,40.630979,-73.778328,300.9,789213,B-LXA,A35K,AIRBUS A-350-1000,0
landing,JFK,31R,1781425666.76,2026-06-14T08:27:46Z,40.651325,-73.776016,300.9,0c605c,9Y-GUY,B38M,BOEING 737 MAX 8,0
landing,JFK,31R,1781425877.64,2026-06-14T08:31:17Z,40.653076,-73.779831,298.1,addadb,N992JB,A321,AIRBUS A-321,0
landing,JFK,31R,1781426038.51,2026-06-14T08:33:58Z,40.65088,-73.775019,300.9,a7da9c,N605JB,A320,AIRBUS A-320,0
landing,JFK,31R,1781426159.65,2026-06-14T08:35:59Z,40.650683,-73.774613,300.9,738072,4X-ECB,B772,BOEING 777-200,0
landing,JFK,31R,1781426343.92,2026-06-14T08:39:03Z,40.653614,-73.781082,300.9,407ea0,G-DHLP,B763,BOEING 767-300,0
landing,JFK,31R,1781426476.12,2026-06-14T08:41:16Z,40.651211,-73.775742,300.9,a39243,N3291J,BCS3,AIRBUS A220-300,0
takeoff,JFK,13L,1781426506.69,2026-06-14T08:41:46Z,40.654152,-73.779053,84.4,407ea0,G-DHLP,B763,BOEING 767-300,0
landing,JFK,31R,1781426826.28,2026-06-14T08:47:06Z,40.652744,-73.779129,300.9,8466c7,JA13KZ,B748,BOEING 747-8,0
landing,JFK,31R,1781427514.21,2026-06-14T08:58:34Z,40.651989,-73.777466,300.9,ad562a,N959AV,A320,,0
landing,JFK,31L,1781427581.91,2026-06-14T08:59:41Z,40.638917,-73.795853,300.9,a16c3a,N191DN,B763,BOEING 767-300,0
landing,JFK,31R,1781427632.26,2026-06-14T09:00:32Z,40.652767,-73.779221,300.9,ac76ae,N902AV,A20N,,0
takeoff,JFK,31L,1781427820.31,2026-06-14T09:03:40Z,40.630955,-73.778275,300.9,782189,B-226V,B77L,BOEING 777-200LR,0
takeoff,JFK,31L,1781427944.05,2026-06-14T09:05:44Z,40.630665,-73.777657,300.9,a4a095,N398AV,A320,AIRBUS A-320,0
landing,JFK,31R,1781427945.26,2026-06-14T09:05:45Z,40.652287,-73.778183,298.1,a4c96c,N4073J,A21N,AIRBUS A-321neo,0
landing,JFK,31L,1781428051.96,2026-06-14T09:07:31Z,40.641279,-73.801065,300.9,a4caba,N408DX,A339,AIRBUS A-330-900,0
landing,JFK,31R,1781428103.44,2026-06-14T09:08:23Z,40.652487,-73.778562,300.9,a009a4,N101NN,A321,AIRBUS A-321,0
takeoff,JFK,31L,1781428261.09,2026-06-14T09:11:01Z,40.631014,-73.778437,300.9,a894f2,N652JB,A320,AIRBUS A-320,0
landing,JFK,31R,1781428272.98,2026-06-14T09:11:12Z,40.651451,-73.776291,300.9,a540e3,N438AN,A21N,AIRBUS A-321neo,0
landing,JFK,31R,1781428364.5,2026-06-14T09:12:44Z,40.650879,-73.774979,300.9,a3549d,N3132J,BCS3,AIRBUS A220-300,0
takeoff,JFK,31L,1781428446.55,2026-06-14T09:14:06Z,40.631012,-73.778412,300.9,ad3581,N950JT,A321,AIRBUS A-321,0
takeoff,JFK,31L,1781428522.61,2026-06-14T09:15:22Z,40.631457,-73.779389,300.9,a39338,N3298J,,,0
takeoff,JFK,31L,1781428582.92,2026-06-14T09:16:22Z,40.631081,-73.778534,300.9,a8222c,N623JB,A320,AIRBUS A-320,0
takeoff,JFK,31L,1781428641.91,2026-06-14T09:17:21Z,40.630723,-73.777766,300.9,0c6063,9Y-GRN,B38M,BOEING 737 MAX 8,0
landing,JFK,31R,1781428856.37,2026-06-14T09:20:56Z,40.65237,-73.778312,300.9,a3ca01,N343RY,B38M,BOEING 737 MAX 8,0
landing,JFK,31R,1781428983.28,2026-06-14T09:23:03Z,40.651634,-73.776718,299.6,7380c3,4X-EDD,B789,BOEING 787-9 Dreamliner,0
landing,JFK,31R,1781429145.27,2026-06-14T09:25:45Z,40.65031,-73.773786,300.9,0acaab,HK-5410,A20N,AIRBUS A-320neo,0
landing,JFK,31R,1781429244.83,2026-06-14T09:27:24Z,40.652149,-73.777817,299.6,ab3c0d,N823AN,B789,BOEING 787-9 Dreamliner,0
landing,JFK,31R,1781429433.74,2026-06-14T09:30:33Z,40.650021,-73.773163,300.9,a03235,N111ZM,A321,AIRBUS A-321,0
landing,JFK,31R,1781429529.8,2026-06-14T09:32:09Z,40.651276,-73.775893,300.9,ad4bcb,N956JT,A321,AIRBUS A-321,0
takeoff,JFK,31L,1781429875.89,2026-06-14T09:37:55Z,40.630714,-73.777771,300.9,ad734a,N966JT,A321,AIRBUS A-321,0
landing,JFK,31R,1781429898.4,2026-06-14T09:38:18Z,40.650194,-73.77349,300.9,789243,B-LQC,A359,AIRBUS A-350-900,0
landing,JFK,31L,1781430021.53,2026-06-14T09:40:21Z,40.638393,-73.794708,300.9,a7a8ed,N593DX,A21N,,0
takeoff,JFK,31L,1781430193.79,2026-06-14T09:43:13Z,40.635926,-73.789252,300.9,a3ada3,N336RU,B38M,BOEING 737 MAX 8,0
takeoff,JFK,31L,1781430571.15,2026-06-14T09:49:31Z,40.630828,-73.778015,300.9,7805aa,B-2075,B77L,BOEING 777-200LR,0
takeoff,JFK,31L,1781430725.24,2026-06-14T09:52:05Z,40.630805,-73.777984,300.9,aa0531,N745AV,A320,AIRBUS A-320,0
takeoff,JFK,31L,1781430801.98,2026-06-14T09:53:21Z,40.630886,-73.778125,300.9,a198ed,N2016J,A21N,AIRBUS A-321neo,0
landing,JFK,31R,1781430871.05,2026-06-14T09:54:31Z,40.651602,-73.776627,300.9,4d206e,9H-ALC,A332,AIRBUS A-330-200,0
landing,JFK,31L,1781431001.3,2026-06-14T09:56:41Z,40.640602,-73.799606,300.9,a33ed6,N308UK,B38M,,0
landing,JFK,31R,1781431159.22,2026-06-14T09:59:19Z,40.65073,-73.774719,300.9,a7d673,N604DN,A21N,AIRBUS A-321neo,0
landing,JFK,31R,1781431253.19,2026-06-14T10:00:53Z,40.651302,-73.775955,300.9,a2d573,N282AK,B739,BOEING 737-900,0
landing,JFK,31R,1781431396.3,2026-06-14T10:03:16Z,40.652527,-73.778641,300.9,a373b7,N321TG,B38M,BOEING 737 MAX 8,0
landing,JFK,31R,1781431496.16,2026-06-14T10:04:56Z,40.651509,-73.776439,300.9,a7bb77,N598DN,A21N,AIRBUS A-321neo,0
takeoff,LGA,31,1781431537.92,2026-06-14T10:05:37Z,40.772766,-73.858556,300.9,a44187,N37313,B38M,BOEING 737 MAX 8,0
takeoff,LGA,31,1781431588.54,2026-06-14T10:06:28Z,40.772816,-73.858643,300.9,aa88fb,N778YX,E75L,EMBRAER ERJ-170-200 (long wing),0
landing,JFK,31R,1781431605.59,2026-06-14T10:06:45Z,40.651588,-73.776611,300.9,4bb14d,TC-LJM,B77L,BOEING 777-200LR,0
takeoff,LGA,31,1781431648.48,2026-06-14T10:07:28Z,40.772255,-73.857529,303.8,ac7a5e,N903AN,B738,BOEING 737-800,0
takeoff,LGA,31,1781431728.11,2026-06-14T10:08:48Z,40.772428,-73.857838,300.9,a04695,N117DX,A321,AIRBUS A-321,0
landing,JFK,31R,1781431760.61,2026-06-14T10:09:20Z,40.650776,-73.774801,300.9,a8c028,N663JB,A320,AIRBUS A-320,0
takeoff,JFK,31L,1781431763.13,2026-06-14T10:09:23Z,40.628757,-73.773443,300.9,a1d45a,N217JQ,E75L,EMBRAER ERJ-170-200 (long wing),0
takeoff,LGA,31,1781431783.73,2026-06-14T10:09:43Z,40.772358,-73.857712,303.8,a422f7,N366DX,A321,AIRBUS A-321,0
takeoff,LGA,31,1781431846.26,2026-06-14T10:10:46Z,40.772417,-73.857854,303.8,a41722,N36272,B738,BOEING 737-800,0
takeoff,JFK,31L,1781431852.96,2026-06-14T10:10:52Z,40.630817,-73.778,300.9,a01c37,N106NN,A321,AIRBUS A-321,0
landing,JFK,31R,1781431888.03,2026-06-14T10:11:28Z,40.650467,-73.774124,298.1,a5e9f4,N480PX,CRJ9,BOMBARDIER Regional Jet CRJ-900,0
takeoff,JFK,31L,1781431917.96,2026-06-14T10:11:57Z,40.630543,-73.77739,300.9,a0275c,N109NN,A321,AIRBUS A-321,0
takeoff,LGA,31,1781431941.54,2026-06-14T10:12:21Z,40.772777,-73.858587,300.9,ac16da,N8783L,B38M,BOEING 737 MAX 8,0
takeoff,JFK,31L,1781431999.43,2026-06-14T10:13:19Z,40.630863,-73.778091,300.9,0c20a8,HP-1840CMP,B738,BOEING 737-800,0
takeoff,LGA,31,1781432026.93,2026-06-14T10:13:46Z,40.772495,-73.857986,300.9,a466d2,N383DZ,A321,AIRBUS A-321,0
takeoff,JFK,31L,1781432062.95,2026-06-14T10:14:22Z,40.630944,-73.778281,300.9,adb35c,N982JB,A321,AIRBUS A-321,0
takeoff,JFK,31L,1781432134.11,2026-06-14T10:15:34Z,40.63077,-73.777922,300.9,ad646e,N962JT,A321,AIRBUS A-321,0
takeoff,JFK,31L,1781432197.46,2026-06-14T10:16:37Z,40.630816,-73.777984,300.9,a7f684,N612DN,A21N,AIRBUS A-321neo,0
takeoff,JFK,31L,1781432285.87,2026-06-14T10:18:05Z,40.63139,-73.779266,300.9,a392f2,N3296J,BCS3,AIRBUS A220-300,0
takeoff,LGA,31,1781432288.19,2026-06-14T10:18:08Z,40.77386,-73.86085,300.9,a08a85,N134EV,CRJ9,BOMBARDIER Regional Jet CRJ-900,0
landing,JFK,31R,1781432341.42,2026-06-14T10:19:01Z,40.650627,-73.774475,300.9,ab6519,N833SK,CRJ9,BOMBARDIER Regional Jet CRJ-900,0
takeoff,JFK,31L,1781432347.72,2026-06-14T10:19:07Z,40.631012,-73.778412,300.9,ad8836,N971JT,A321,AIRBUS A-321,0
takeoff,JFK,31L,1781432386.09,2026-06-14T10:19:46Z,40.628349,-73.772522,300.9,a338ac,N3065J,BCS3,AIRBUS A220-300,0
takeoff,JFK,31L,1781432467.33,2026-06-14T10:21:07Z,40.630188,-73.77658,300.9,a27197,N257AZ,B763,BOEING 767-300,0
landing,JFK,31R,1781432474.5,2026-06-14T10:21:14Z,40.651783,-73.777054,300.9,ad56e0,N959JB,A321,AIRBUS A-321,0
takeoff,LGA,31,1781432537.09,2026-06-14T10:22:17Z,40.772484,-73.857956,300.9,ac2154,N8808Q,B38M,BOEING 737 MAX 8,0
takeoff,JFK,31L,1781432565.33,2026-06-14T10:22:45Z,40.630783,-73.777924,300.9,a9327a,N692DL,B752,BOEING 757-200,0
landing,JFK,31R,1781432601.71,2026-06-14T10:23:21Z,40.650171,-73.77349,300.9,ab79d3,N839AK,B38M,BOEING 737 MAX 8,0
landing,JFK,31R,1781432792.88,2026-06-14T10:26:32Z,40.652184,-73.777924,298.1,a06703,N125HQ,E75L,EMBRAER ERJ-170-200 (long wing),0
takeoff,LGA,31,1781432852.7,2026-06-14T10:27:32Z,40.772449,-73.85788,300.9,ab5f6a,N8317M,B738,BOEING 737-800,0
landing,JFK,31R,1781432872.3,2026-06-14T10:27:52Z,40.650671,-73.774613,300.9,aca3e6,N913XJ,CRJ9,BOMBARDIER Regional Jet CRJ-900,0
landing,LGA,31,1781432981.73,2026-06-14T10:29:41Z,40.776513,-73.866405,300.9,a897f4,N653AW,A320,AIRBUS A-320,0
landing,JFK,22R,1781432994.02,2026-06-14T10:29:54Z,40.642036,-73.766592,210.9,ab4f5d,N828JB,A320,AIRBUS A-320,0
landing,JFK,31R,1781432996.61,2026-06-14T10:29:56Z,40.650787,-73.774801,300.9,a19910,N2017J,A21N,AIRBUS A-321neo,0
takeoff,LGA,31,1781433024.52,2026-06-14T10:30:24Z,40.772438,-73.85791,306.6,c05d08,C-GJFZ,CRJ9,BOMBARDIER Regional Jet CRJ-900,0
landing,JFK,31R,1781433121.7,2026-06-14T10:32:01Z,40.651691,-73.776855,300.9,a1a3a9,N2043J,A21N,AIRBUS A-321neo,0
landing,JFK,31L,1781433200.11,2026-06-14T10:33:20Z,40.638986,-73.796024,300.9,a15ebc,N188DN,B763,BOEING 767-300,0
takeoff,JFK,31L,1781433315.51,2026-06-14T10:35:15Z,40.630428,-73.77713,300.9,ab4f5d,N828JB,A320,AIRBUS A-320,0
landing,JFK,31R,1781433375.08,2026-06-14T10:36:15Z,40.649996,-73.773084,300.9,a85119,N635JB,A320,AIRBUS A-320,0
takeoff,JFK,31L,1781433446.29,2026-06-14T10:37:26Z,40.630782,-73.777922,300.9,aca29a,N913JB,A321,AIRBUS A-321,0
takeoff,LGA,31,1781433468.74,2026-06-14T10:37:48Z,40.772289,-73.857604,306.6,ac9ff2,N912UY,A321,AIRBUS A-321,0
takeoff,JFK,31L,1781433554.59,2026-06-14T10:39:14Z,40.631126,-73.778671,300.9,a70f11,N554JB,A320,AIRBUS A-320,0
takeoff,LGA,31,1781433605.36,2026-06-14T10:40:05Z,40.774791,-73.862785,300.9,a8299a,N625JB,A320,AIRBUS A-320,0
takeoff,LGA,31,1781433650.33,2026-06-14T10:40:50Z,40.772266,-73.857529,300.9,abe2f6,N865RW,E170,EMBRAER ERJ-170-100,0
takeoff,JFK,31L,1781433655.04,2026-06-14T10:40:55Z,40.628431,-73.772725,300.9,a08acb,N134HQ,E75L,EMBRAER ERJ-170-200 (long wing),0
landing,JFK,31R,1781433693.37,2026-06-14T10:41:33Z,40.651371,-73.776108,300.9,a39948,N3308J,BCS3,AIRBUS A220-300,0
takeoff,JFK,31L,1781433786.18,2026-06-14T10:43:06Z,40.636517,-73.790558,300.9,a3311b,N3044J,BCS3,AIRBUS A220-300,0
landing,JFK,31R,1781433822.32,2026-06-14T10:43:42Z,40.651199,-73.775742,300.9,ac7b1b,N903JB,A321,AIRBUS A-321,0
takeoff,JFK,31L,1781433882.0,2026-06-14T10:44:42Z,40.630782,-73.777906,300.9,a3e658,N350RV,B38M,BOEING 737 MAX 8,0
takeoff,LGA,31,1781433939.79,2026-06-14T10:45:39Z,40.772463,-73.857947,303.8,ac97e4,N910NN,B738,BOEING 737-800,0
landing,JFK,31R,1781433958.84,2026-06-14T10:45:58Z,40.651381,-73.77619,299.6,ab4e94,N828AA,B789,BOEING 787-9 Dreamliner,0
takeoff,JFK,31L,1781433987.57,2026-06-14T10:46:27Z,40.630611,-73.777527,300.9,a8712a,N643JB,A320,AIRBUS A-320,0
landing,LGA,31,1781434047.07,2026-06-14T10:47:27Z,40.777336,-73.868118,303.8,a35ab8,N315PQ,CRJ9,BOMBARDIER Regional Jet CRJ-900,0
landing,JFK,31R,1781434105.47,2026-06-14T10:48:25Z,40.650032,-73.773148,300.9,a8de56,N6702,B752,BOEING 757-200,0
landing,JFK,31R,1781434263.45,2026-06-14T10:51:03Z,40.651268,-73.775894,300.9,a845f4,N632JB,A320,AIRBUS A-320,0
landing,JFK,31L,1781434317.25,2026-06-14T10:51:57Z,40.637215,-73.79213,300.9,aaab1c,N787FZ,GL7T,BOMBARDIER BD-700 Global 7000/7500,8
landing,JFK,31R,1781434378.54,2026-06-14T10:52:58Z,40.649975,-73.773041,300.9,a35592,N3139J,BCS3,AIRBUS A220-300,0
takeoff,JFK,31L,1781434398.19,2026-06-14T10:53:18Z,40.630991,-73.77839,300.9,a1cf48,N2156J,A21N,AIRBUS A-321neo,0
landing,JFK,31R,1781434540.31,2026-06-14T10:55:40Z,40.65187,-73.777204,300.9,a7b7c5,N597DT,A21N,AIRBUS A-321neo,0
landing,JFK,13L,1781434624.41,2026-06-14T10:57:04Z,40.657173,-73.779922,165.9,407ea0,G-DHLP,B763,BOEING 767-300,0
takeoff,JFK,13L,1781434637.32,2026-06-14T10:57:17Z,40.657281,-73.779904,140.6,407ea0,G-DHLP,B763,BOEING 767-300,0
takeoff,JFK,31L,1781434639.43,2026-06-14T10:57:19Z,40.635518,-73.788346,300.9,ac76ae,N902AV,A20N,,0
landing,JFK,31R,1781434720.89,2026-06-14T10:58:40Z,40.652556,-73.778765,300.9,a07fa6,N131HQ,E75L,EMBRAER ERJ-170-200 (long wing),0
takeoff,LGA,13,1781434743.67,2026-06-14T10:59:03Z,40.771717,-73.858734,123.8,a80d40,N618JB,A320,AIRBUS A-320,0
landing,LGA,04,1781434753.41,2026-06-14T10:59:13Z,40.775311,-73.874054,56.2,a15516,N185UW,A321,AIRBUS A-321,0
landing,JFK,31R,1781434808.41,2026-06-14T11:00:08Z,40.65295,-73.779617,300.9,ac4963,N891DN,B739,BOEING 737-900,0
takeoff,JFK,31L,1781434842.22,2026-06-14T11:00:42Z,40.635728,-73.788815,300.9,a3dcc2,N348TU,B38M,,0
takeoff,JFK,31L,1781434931.51,2026-06-14T11:02:11Z,40.631305,-73.779045,300.9,4d2470,9H-AKF,B744,BOEING 747-400,0
landing,JFK,31R,1781434991.92,2026-06-14T11:03:11Z,40.650485,-73.77413,300.9,a34d98,N3115J,BCS3,AIRBUS A220-300,0
landing,LGA,31,1781435000.3,2026-06-14T11:03:20Z,40.778818,-73.871259,300.9,abd7d1,N862RW,E170,EMBRAER ERJ-170-100,0
takeoff,LGA,31,1781435025.31,2026-06-14T11:03:45Z,40.772312,-73.857588,303.8,a3dc5a,N348PQ,CRJ9,BOMBARDIER Regional Jet CRJ-900,0
takeoff,LGA,31,1781435056.42,2026-06-14T11:04:16Z,40.772232,-73.857468,315.0,a1a56d,N205JQ,E75L,EMBRAER ERJ-170-200 (long wing),0
takeoff,JFK,31L,1781435058.49,2026-06-14T11:04:18Z,40.630589,-73.777481,300.9,a33716,N306RC,B38M,BOEING 737 MAX 8,0
takeoff,JFK,31L,1781435128.4,2026-06-14T11:05:28Z,40.63076,-73.777863,300.9,a45f59,N381DN,B738,BOEING 737-800,0
takeoff,JFK,31L,1781435195.59,2026-06-14T11:06:35Z,40.631561,-73.779623,300.9,8466c7,JA13KZ,B748,BOEING 747-8,0
landing,LGA,31,1781435221.29,2026-06-14T11:07:01Z,40.778652,-73.87088,303.8,a38237,N325PQ,CRJ9,BOMBARDIER Regional Jet CRJ-900,0
takeoff,LGA,31,1781435262.52,2026-06-14T11:07:42Z,40.77244,-73.857869,303.8,c00b93,C-FEJY,E75S,EMBRAER ERJ-170-200 (short wing),0
landing,JFK,31R,1781435266.07,2026-06-14T11:07:46Z,40.651136,-73.775581,300.9,a386fb,N3260J,BCS3,,0
takeoff,JFK,31L,1781435311.75,2026-06-14T11:08:31Z,40.630737,-73.777817,300.9,a7da9c,N605JB,A320,AIRBUS A-320,0
takeoff,JFK,31L,1781435375.76,2026-06-14T11:09:35Z,40.630665,-73.77761,300.9,ad562a,N959AV,A320,,0
landing,JFK,31R,1781435385.83,2026-06-14T11:09:45Z,40.650019,-73.773162,300.9,a3401a,N3085J,BCS3,AIRBUS A220-300,0
takeoff,JFK,31L,1781435448.31,2026-06-14T11:10:48Z,40.631275,-73.779007,300.9,a3711a,N3203J,BCS3,AIRBUS A220-300,0
landing,JFK,13L,1781435492.47,2026-06-14T11:11:32Z,40.650846,-73.779732,135.0,407ea0,G-DHLP,B763,BOEING 767-300,0
landing,LGA,31,1781435502.71,2026-06-14T11:11:42Z,40.778687,-73.870987,303.8,a24369,N245JQ,E75L,EMBRAER ERJ-170-200 (long wing),0
landing,JFK,31R,1781435655.73,2026-06-14T11:14:15Z,40.650799,-73.774841,300.9,a8a017,N655JB,A320,AIRBUS A-320,0
landing,LGA,31,1781435681.15,2026-06-14T11:14:41Z,40.77869,-73.870994,300.9,abd41a,N861RW,E170,EMBRAER ERJ-170-100,0
landing,JFK,31R,1781435747.68,2026-06-14T11:15:47Z,40.650764,-73.77477,300.9,a1373d,N178DN,B763,BOEING 767-300,0
landing,LGA,31,1781435751.95,2026-06-14T11:15:51Z,40.776844,-73.867111,303.8,c080dc,C-GWUT,BCS3,AIRBUS A220-300,0
takeoff,JFK,31L,1781435759.55,2026-06-14T11:15:59Z,40.631131,-73.778655,300.9,a39243,N3291J,BCS3,AIRBUS A220-300,0
takeoff,LGA,13,1781435787.74,2026-06-14T11:16:27Z,40.771935,-73.859177,120.9,a17527,N193UW,A321,AIRBUS A-321,0
takeoff,LGA,31,1781435798.39,2026-06-14T11:16:38Z,40.772708,-73.858431,300.9,a35d79,N316DU,BCS3,AIRBUS A220-300,0
takeoff,JFK,31L,1781435823.18,2026-06-14T11:17:03Z,40.630898,-73.77814,300.9,ac3beb,N888DU,B739,BOEING 737-900,0
landing,JFK,31L,1781435823.18,2026-06-14T11:17:03Z,40.630898,-73.77814,300.9,ac3beb,N888DU,B739,BOEING 737-900,0
takeoff,JFK,31L,1781435823.18,2026-06-14T11:17:03Z,40.630898,-73.77814,300.9,ac3beb,N888DU,B739,BOEING 737-900,0
landing,LGA,31,1781435879.68,2026-06-14T11:17:59Z,40.778317,-73.870198,300.9,ac1951,N879RW,E170,EMBRAER ERJ-170-100,0
landing,JFK,31R,1781435880.16,2026-06-14T11:18:00Z,40.65187,-73.777235,300.9,a1f822,N226JQ,E75L,EMBRAER ERJ-170-200 (long wing),0
takeoff,JFK,31L,1781435885.43,2026-06-14T11:18:05Z,40.63056,-73.777422,300.9,a8aac8,N658DL,B752,BOEING 757-200,0
landing,JFK,31R,1781435961.11,2026-06-14T11:19:21Z,40.649356,-73.771648,300.9,a7de53,N606JB,A320,AIRBUS A-320,0
takeoff,JFK,31L,1781435979.45,2026-06-14T11:19:39Z,40.630978,-73.77832,300.9,0c605c,9Y-GUY,B38M,BOEING 737 MAX 8,0
landing,LGA,31,1781435989.49,2026-06-14T11:19:49Z,40.778829,-73.871259,303.8,a2147c,N233JQ,E75L,EMBRAER ERJ-170-200 (long wing),0
takeoff,LGA,13,1781436000.24,2026-06-14T11:20:00Z,40.771935,-73.859192,123.8,a06a54,N126DN,A321,AIRBUS A-321,0
takeoff,JFK,31L,1781436038.34,2026-06-14T11:20:38Z,40.629684,-73.775497,300.9,a7851c,N584DN,A21N,,0
landing,JFK,31R,1781436049.11,2026-06-14T11:20:49Z,40.651067,-73.775441,302.4,04c159,5Y-KZG,B788,BOEING 787-8 Dreamliner,0
takeoff,JFK,31L,1781436112.69,2026-06-14T11:21:52Z,40.631014,-73.778406,300.9,a54aae,N440AS,B739,BOEING 737-900,0
landing,LGA,31,1781436119.42,2026-06-14T11:21:59Z,40.777107,-73.867645,303.8,a3183d,N299PQ,CRJ9,BOMBARDIER Regional Jet CRJ-900,0
takeoff,JFK,31L,1781436181.62,2026-06-14T11:23:01Z,40.630339,-73.776923,300.9,a540e3,N438AN,A21N,AIRBUS A-321neo,0
landing,JFK,31R,1781436200.62,2026-06-14T11:23:20Z,40.652114,-73.777797,300.9,ad846f,N970JB,A321,AIRBUS A-321,0
landing,LGA,31,1781436215.63,2026-06-14T11:23:35Z,40.777142,-73.867748,295.3,a7c849,N600LR,CRJ9,BOMBARDIER Regional Jet CRJ-900,0
takeoff,LGA,31,1781436237.34,2026-06-14T11:23:57Z,40.77258,-73.858181,300.9,a28928,N26226,B738,BOEING 737-800,0
takeoff,JFK,31L,1781436261.24,2026-06-14T11:24:21Z,40.630932,-73.778229,300.9,ade609,N995JL,A321,AIRBUS A-321,0
landing,LGA,31,1781436315.38,2026-06-14T11:25:15Z,40.777956,-73.86948,303.8,acfe09,N936XJ,CRJ9,BOMBARDIER Regional Jet CRJ-900,0
takeoff,JFK,31L,1781436327.59,2026-06-14T11:25:27Z,40.630634,-73.777573,300.9,407ea0,G-DHLP,B763,BOEING 767-300,0
landing,JFK,31R,1781436340.15,2026-06-14T11:25:40Z,40.65258,-73.778765,300.9,a53ba4,N436YX,E75L,EMBRAER ERJ-170-200 (long wing),0
takeoff,LGA,31,1781436348.67,2026-06-14T11:25:48Z,40.772475,-73.857916,300.9,abc035,N8561Z,B738,BOEING 737-800,0
landing,JFK,31R,1781436423.5,2026-06-14T11:27:03Z,40.650925,-73.775162,300.9,adb723,N983JT,A321,AIRBUS A-321,0
takeoff,JFK,31L,1781436424.3,2026-06-14T11:27:04Z,40.630463,-73.777191,300.9,abbdfa,N856DN,B739,BOEING 737-900,0
takeoff,JFK,31L,1781436485.27,2026-06-14T11:28:05Z,40.630386,-73.777032,300.9,ac8289,N905JB,A321,AIRBUS A-321,0
landing,LGA,31,1781436487.66,2026-06-14T11:28:07Z,40.777596,-73.8687,300.9,abbb77,N855RW,E170,EMBRAER ERJ-170-100,0
takeoff,LGA,31,1781436498.64,2026-06-14T11:28:18Z,40.772266,-73.857468,323.4,a3560b,N314DU,BCS3,AIRBUS A220-300,0
landing,JFK,31R,1781436540.76,2026-06-14T11:29:00Z,40.651206,-73.775737,302.4,e80470,CC-BGU,B789,BOEING 787-9 Dreamliner,0
landing,LGA,31,1781436608.43,2026-06-14T11:30:08Z,40.777712,-73.868949,301.9,ab3d17,N823MD,E170,EMBRAER ERJ-170-100,0
takeoff,LGA,31,1781436628.54,2026-06-14T11:30:28Z,40.772242,-73.857417,326.2,ac10af,N877DN,B739,BOEING 737-900,0
takeoff,JFK,31L,1781436634.75,2026-06-14T11:30:34Z,40.631035,-73.778458,300.9,a52736,N431DX,A339,AIRBUS A-330-900,0
takeoff,LGA,13,1781436679.91,2026-06-14T11:31:19Z,40.775402,-73.867844,129.4,acfe09,N936XJ,CRJ9,BOMBARDIER Regional Jet CRJ-900,0
takeoff,LGA,31,1781436691.81,2026-06-14T11:31:31Z,40.772266,-73.857529,303.8,ac24c5,N8816Q,B38M,BOEING 737 MAX 8,0
takeoff,JFK,31L,1781436741.93,2026-06-14T11:32:21Z,40.630735,-73.777813,300.9,ade252,N994JL,A321,AIRBUS A-321,0
landing,JFK,13L,1781436771.17,2026-06-14T11:32:51Z,40.650857,-73.779779,135.0,a08e3c,N135EV,CRJ9,BOMBARDIER Regional Jet CRJ-900,0
landing,JFK,31R,1781436773.3,2026-06-14T11:32:53Z,40.650415,-73.773989,300.9,a18284,N197DN,B763,BOEING 767-300,0
takeoff,JFK,31L,1781436805.03,2026-06-14T11:33:25Z,40.630968,-73.778296,300.9,acd88e,N927DZ,B739,BOEING 737-900,0
landing,LGA,31,1781436807.92,2026-06-14T11:33:27Z,40.777398,-73.868278,298.1,a091f3,N136EV,CRJ9,BOMBARDIER Regional Jet CRJ-900,0
takeoff,LGA,31,1781436837.08,2026-06-14T11:33:57Z,40.77251,-73.85801,303.8,a49206,N394DX,A321,AIRBUS A-321,0
takeoff,JFK,31L,1781436857.76,2026-06-14T11:34:17Z,40.628849,-73.773621,300.9,a4e8ef,N415YX,E75L,EMBRAER ERJ-170-200 (long wing),0
landing,JFK,31R,1781436899.39,2026-06-14T11:34:59Z,40.650054,-73.773209,300.9,a97310,N708JB,A320,AIRBUS A-320,0
landing,LGA,31,1781436918.32,2026-06-14T11:35:18Z,40.776981,-73.867401,300.9,ac8efa,N908XJ,CRJ9,BOMBARDIER Regional Jet CRJ-900,0
takeoff,JFK,31L,1781436935.75,2026-06-14T11:35:35Z,40.630703,-73.77774,300.9,a14104,N180DN,B763,BOEING 767-300,0
takeoff,LGA,31,1781436940.52,2026-06-14T11:35:40Z,40.772254,-73.857463,312.2,ab23b5,N817DN,B739,BOEING 737-900,0
takeoff,LGA,31,1781436978.77,2026-06-14T11:36:18Z,40.772232,-73.857437,300.9,ab282b,N818MD,E170,EMBRAER ERJ-170-100,0
landing,JFK,31R,1781437004.47,2026-06-14T11:36:44Z,40.65294,-73.779592,300.9,4d012b,LX-GCL,B744,BOEING 747-400,0
takeoff,JFK,31L,1781437026.05,2026-06-14T11:37:06Z,40.630491,-73.777251,300.9,a7e198,N607DN,A21N,AIRBUS A-321neo,0
landing,LGA,31,1781437107.8,2026-06-14T11:38:27Z,40.777084,-73.867599,303.8,a36994,N319PQ,CRJ9,BOMBARDIER Regional Jet CRJ-900,0
takeoff,JFK,31L,1781437131.7,2026-06-14T11:38:51Z,40.630933,-73.778218,300.9,a009a4,N101NN,A321,AIRBUS A-321,0
takeoff,LGA,13,1781437141.94,2026-06-14T11:39:01Z,40.775185,-73.865982,120.9,ac8efa,N908XJ,CRJ9,BOMBARDIER Regional Jet CRJ-900,0
takeoff,JFK,31L,1781437198.67,2026-06-14T11:39:58Z,40.630386,-73.777064,300.9,a06e11,N127DU,BCS1,AIRBUS A220-100,0
landing,LGA,31,1781437207.62,2026-06-14T11:40:07Z,40.77805,-73.870104,284.1,ac159a,N878RW,E170,EMBRAER ERJ-170-100,0
landing,JFK,31R,1781437209.56,2026-06-14T11:40:09Z,40.650742,-73.774689,300.9,a03765,N113AN,A321,AIRBUS A-321,0
landing,LGA,31,1781437260.07,2026-06-14T11:41:00Z,40.777256,-73.867966,303.8,accf1c,N924XJ,CRJ9,BOMBARDIER Regional Jet CRJ-900,0
takeoff,JFK,31L,1781437262.01,2026-06-14T11:41:02Z,40.630619,-73.777547,295.3,a095aa,N137EV,CRJ9,BOMBARDIER Regional Jet CRJ-900,0
landing,JFK,31R,1781437299.21,2026-06-14T11:41:39Z,40.650341,-73.773865,292.5,a8f9a3,N678CA,CRJ9,BOMBARDIER Regional Jet CRJ-900,0
takeoff,LGA,31,1781437301.3,2026-06-14T11:41:41Z,40.772277,-73.857526,300.9,a4463e,N3749D,B738,BOEING 737-800,0
takeoff,JFK,31L,1781437322.45,2026-06-14T11:42:02Z,40.630646,-73.777634,300.9,a3373a,N306SP,B38M,BOEING 737 MAX 8,0
landing,JFK,31R,1781437376.29,2026-06-14T11:42:56Z,40.651602,-73.776642,300.9,a35fc2,N3162J,BCS3,AIRBUS A220-300,0
takeoff,JFK,31L,1781437398.29,2026-06-14T11:43:18Z,40.630956,-73.778281,298.1,a5e9f4,N480PX,CRJ9,BOMBARDIER Regional Jet CRJ-900,0
landing,LGA,31,1781437425.7,2026-06-14T11:43:45Z,40.777679,-73.868942,295.3,a23844,N242JQ,E75L,EMBRAER ERJ-170-200 (long wing),0
landing,LGA,31,1781437510.85,2026-06-14T11:45:10Z,40.77805,-73.86962,300.9,abc2e5,N857RW,E170,EMBRAER ERJ-170-100,0
takeoff,JFK,31L,1781437523.44,2026-06-14T11:45:23Z,40.630735,-73.777797,300.9,aa8b40,N779JB,A320,AIRBUS A-320,0
landing,JFK,13L,1781437562.34,2026-06-14T11:46:02Z,40.64903,-73.775768,120.9,ac801e,N904XJ,CRJ9,BOMBARDIER Regional Jet CRJ-900,0
landing,LGA,31,1781437599.19,2026-06-14T11:46:39Z,40.777305,-73.868091,300.9,a21142,N232PQ,CRJ9,BOMBARDIER Regional Jet CRJ-900,0
landing,JFK,31R,1781437622.82,2026-06-14T11:47:02Z,40.65123,-73.775815,300.9,a613e0,N491AS,B739,BOEING 737-900,0
landing,JFK,13L,1781437627.66,2026-06-14T11:47:07Z,40.650719,-73.779495,120.9,ab53e4,N829SK,CRJ9,BOMBARDIER Regional Jet CRJ-900,0
takeoff,JFK,31L,1781437652.2,2026-06-14T11:47:32Z,40.629501,-73.77507,300.9,0acaab,HK-5410,A20N,AIRBUS A-320neo,0
takeoff,LGA,31,1781437666.33,2026-06-14T11:47:46Z,40.7723,-73.85751,340.3,a03f1e,N115DN,A321,AIRBUS A-321,0
takeoff,LGA,22,1781437667.15,2026-06-14T11:47:47Z,40.770046,-73.88205,225.0,a1b449,N209JQ,E75L,EMBRAER ERJ-170-200 (long wing),0
takeoff,LGA,22,1781437721.54,2026-06-14T11:48:41Z,40.771751,-73.880508,210.9,abdf3f,N864RW,E170,EMBRAER ERJ-170-100,0
takeoff,LGA,31,1781437722.42,2026-06-14T11:48:42Z,40.772289,-73.857557,303.8,a8c796,N665JB,A320,AIRBUS A-320,0
takeoff,JFK,31L,1781437731.14,2026-06-14T11:48:51Z,40.630258,-73.776767,300.9,adafb5,N981JT,A321,AIRBUS A-321,0
takeoff,LGA,31,1781437799.92,2026-06-14T11:49:59Z,40.772242,-73.857479,300.9,a03816,N113HQ,E75L,EMBRAER ERJ-170-200 (long wing),0
takeoff,JFK,31L,1781437801.6,2026-06-14T11:50:01Z,40.630607,-73.777485,300.9,a01112,N103NN,A321,AIRBUS A-321,0
takeoff,JFK,31L,1781437865.35,2026-06-14T11:51:05Z,40.630257,-73.776718,300.9,a04641,N117AN,A321,AIRBUS A-321,0
takeoff,LGA,13,1781437872.2,2026-06-14T11:51:12Z,40.771774,-73.858841,123.8,a01805,N105HQ,E75L,EMBRAER ERJ-170-200 (long wing),0
landing,LGA,31,1781437924.0,2026-06-14T11:52:04Z,40.77903,-73.871689,298.1,a2000d,N228PQ,CRJ9,BOMBARDIER Regional Jet CRJ-900,0
takeoff,JFK,31L,1781437933.49,2026-06-14T11:52:13Z,40.630257,-73.776764,300.9,a8c028,N663JB,A320,AIRBUS A-320,0
takeoff,LGA,31,1781437941.94,2026-06-14T11:52:21Z,40.772184,-73.857354,303.8,a1ccec,N215JQ,E75L,EMBRAER ERJ-170-200 (long wing),0
takeoff,LGA,13,1781437956.32,2026-06-14T11:52:36Z,40.77166,-73.858587,123.8,a6a3c2,N527JL,A320,AIRBUS A-320,0
takeoff,JFK,31L,1781438002.4,2026-06-14T11:53:22Z,40.630383,-73.777039,300.9,a0ae57,N143FE,B763,BOEING 767-300,0
landing,LGA,31,1781438082.38,2026-06-14T11:54:42Z,40.777409,-73.868294,300.9,a31486,N298PQ,CRJ9,BOMBARDIER Regional Jet CRJ-900,0
landing,JFK,31R,1781438182.31,2026-06-14T11:56:22Z,40.651113,-73.775565,300.9,a38af8,N3272J,BCS3,AIRBUS A220-300,0
landing,LGA,31,1781438186.08,2026-06-14T11:56:26Z,40.778992,-73.871587,303.8,acc7ae,N922XJ,CRJ9,BOMBARDIER Regional Jet CRJ-900,0
takeoff,JFK,31L,1781438196.08,2026-06-14T11:56:36Z,40.630316,-73.776892,300.9,acb679,N918XJ,CRJ9,BOMBARDIER Regional Jet CRJ-900,0
takeoff,LGA,13,1781438290.8,2026-06-14T11:58:10Z,40.771497,-73.858275,123.8,a384f8,N326DU,BCS3,AIRBUS A220-300,0
landing,LGA,31,1781438372.25,2026-06-14T11:59:32Z,40.778893,-73.871414,300.9,a00ce0,N102HQ,E75L,EMBRAER ERJ-170-200 (long wing),0
takeoff,JFK,31L,1781438400.11,2026-06-14T12:00:00Z,40.630619,-73.777547,300.9,a44be5,N376UP,B763,BOEING 767-300,0
landing,JFK,31R,1781438469.41,2026-06-14T12:01:09Z,40.650238,-73.773605,303.8,ab4c76,N827SK,CRJ9,BOMBARDIER Regional Jet CRJ-900,0
landing,LGA,31,1781438510.13,2026-06-14T12:01:50Z,40.779178,-73.872008,303.8,abdb88,N863RW,E170,EMBRAER ERJ-170-100,0
takeoff,JFK,31L,1781438513.17,2026-06-14T12:01:53Z,40.630595,-73.777485,300.9,a7bb77,N598DN,A21N,AIRBUS A-321neo,0
landing,JFK,31R,1781438558.49,2026-06-14T12:02:38Z,40.651703,-73.776901,300.9,ad4f72,N957JB,A321,AIRBUS A-321,0
takeoff,JFK,31L,1781438606.5,2026-06-14T12:03:26Z,40.630669,-73.777664,300.9,a35efa,N316VD,B38M,BOEING 737 MAX 8,0
landing,LGA,31,1781438613.26,2026-06-14T12:03:33Z,40.777016,-73.867477,303.8,acf69b,N934XJ,CRJ9,BOMBARDIER Regional Jet CRJ-900,0
landing,JFK,31R,1781438656.69,2026-06-14T12:04:16Z,40.649216,-73.771336,300.9,a898a9,N653JB,A320,AIRBUS A-320,0
takeoff,LGA,04,1781438658.31,2026-06-14T12:04:18Z,40.773937,-73.880188,30.9,a08663,N133AN,A321,AIRBUS A-321,0
takeoff,JFK,31L,1781438680.4,2026-06-14T12:04:40Z,40.630726,-73.777771,298.1,ab6519,N833SK,CRJ9,BOMBARDIER Regional Jet CRJ-900,0
landing,LGA,31,1781438732.71,2026-06-14T12:05:32Z,40.776901,-73.867249,295.3,a07f60,N131EV,CRJ9,BOMBARDIER Regional Jet CRJ-900,0
takeoff,LGA,22,1781438734.97,2026-06-14T12:05:34Z,40.770241,-73.881805,222.2,ac0a75,N875RW,E170,EMBRAER ERJ-170-100,0
takeoff,JFK,31L,1781438775.81,2026-06-14T12:06:15Z,40.629089,-73.774185,300.9,aaab1c,N787FZ,GL7T,BOMBARDIER BD-700 Global 7000/7500,8
takeoff,LGA,04,1781438831.61,2026-06-14T12:07:11Z,40.77364,-73.880447,33.8,c06080,C-GKOD,A320,AIRBUS A-320,0
landing,JFK,31R,1781438859.37,2026-06-14T12:07:39Z,40.651749,-73.776978,300.9,a9c5c5,N729JB,A320,AIRBUS A-320,0
takeoff,JFK,31L,1781438881.23,2026-06-14T12:08:01Z,40.630692,-73.777725,300.9,a1a0c4,N2039J,A21N,AIRBUS A-321neo,0
takeoff,LGA,22,1781438895.75,2026-06-14T12:08:15Z,40.769211,-73.883423,244.7,ab5b2b,N8303R,B738,BOEING 737-800,0
takeoff,JFK,31L,1781438955.41,2026-06-14T12:09:15Z,40.630966,-73.778275,300.9,acae2e,N916NN,B738,BOEING 737-800,0
landing,LGA,31,1781438957.99,2026-06-14T12:09:17Z,40.779316,-73.872375,303.8,ac1f61,N880RW,E170,EMBRAER ERJ-170-100,0
landing,JFK,31R,1781438962.69,2026-06-14T12:09:22Z,40.652929,-73.779654,292.5,a7a956,N593JB,A320,AIRBUS A-320,0
landing,JFK,13R,1781438995.67,2026-06-14T12:09:55Z,40.64079,-73.795962,165.9,aad981,N799AN,B772,BOEING 777-200,0
takeoff,LGA,22,1781438997.04,2026-06-14T12:09:57Z,40.770161,-73.881912,222.2,a44d85,N3768,B738,BOEING 737-800,0
takeoff,JFK,31L,1781439018.85,2026-06-14T12:10:18Z,40.628966,-73.773896,300.9,a3ca01,N343RY,B38M,BOEING 737 MAX 8,0
landing,JFK,31R,1781439044.25,2026-06-14T12:10:44Z,40.651829,-73.77713,300.9,aa600a,N768JB,A320,AIRBUS A-320,0
landing,LGA,31,1781439054.91,2026-06-14T12:10:54Z,40.777223,-73.867935,303.8,c01860,C-FJFZ,CRJ9,BOMBARDIER Regional Jet CRJ-900,0
takeoff,JFK,31L,1781439079.83,2026-06-14T12:11:19Z,40.6287,-73.773315,300.9,a06703,N125HQ,E75L,EMBRAER ERJ-170-200 (long wing),0
takeoff,LGA,22,1781439090.57,2026-06-14T12:11:30Z,40.770043,-73.882058,222.2,a06db4,N127AA,A321,AIRBUS A-321,0
takeoff,LGA,04,1781439097.58,2026-06-14T12:11:37Z,40.772999,-73.880997,30.9,acbffd,N920US,A321,AIRBUS A-321,0
landing,LGA,31,1781439135.52,2026-06-14T12:12:15Z,40.777037,-73.867529,303.8,ac486a,N8905Q,B38M,,0
takeoff,JFK,31L,1781439161.87,2026-06-14T12:12:41Z,40.630793,-73.777906,300.9,addadb,N992JB,A321,AIRBUS A-321,0
landing,JFK,31R,1781439221.88,2026-06-14T12:13:41Z,40.651881,-73.777235,295.3,a18380,N197PQ,CRJ9,BOMBARDIER Regional Jet CRJ-900,0
takeoff,JFK,31L,1781439226.8,2026-06-14T12:13:46Z,40.630726,-73.777786,300.9,a3861f,N326RP,B38M,BOEING 737 MAX 8,0
landing,JFK,13L,1781439227.82,2026-06-14T12:13:47Z,40.651611,-73.781464,120.9,a037b9,N113DX,A321,AIRBUS A-321,0
landing,LGA,31,1781439273.85,2026-06-14T12:14:33Z,40.77729,-73.867996,300.9,a3a9b6,N335PQ,CRJ9,BOMBARDIER Regional Jet CRJ-900,0
landing,JFK,31R,1781439294.44,2026-06-14T12:14:54Z,40.650753,-73.77478,300.9,ab6162,N832SK,CRJ9,BOMBARDIER Regional Jet CRJ-900,0
takeoff,JFK,31L,1781439294.87,2026-06-14T12:14:54Z,40.630386,-73.777032,300.9,adcd6d,N989JT,A321,AIRBUS A-321,0
takeoff,JFK,31L,1781439362.44,2026-06-14T12:16:02Z,40.630688,-73.777703,300.9,a8e20f,N6712B,B752,BOEING 757-200,0
takeoff,LGA,22,1781439369.69,2026-06-14T12:16:09Z,40.770126,-73.881943,222.2,ad0d86,N940DU,B739,,0
takeoff,LGA,04,1781439388.64,2026-06-14T12:16:28Z,40.772758,-73.881165,30.9,a897f4,N653AW,A320,AIRBUS A-320,0
takeoff,LGA,22,1781439405.51,2026-06-14T12:16:45Z,40.774104,-73.881543,213.8,a3761c,N322DU,BCS3,AIRBUS A220-300,0
takeoff,LGA,22,1781439407.79,2026-06-14T12:16:47Z,40.77045,-73.88159,213.8,a2b112,N27258,B38M,BOEING 737 MAX 8,0
takeoff,JFK,31L,1781439426.66,2026-06-14T12:17:06Z,40.630314,-73.776886,300.9,a9acb8,N722TW,B752,BOEING 757-200,0
takeoff,LGA,04,1781439461.15,2026-06-14T12:17:41Z,40.773296,-73.880722,33.8,a4417d,N3731T,B738,BOEING 737-800,0
takeoff,LGA,22,1781439495.96,2026-06-14T12:18:15Z,40.770031,-73.882073,222.2,a310cf,N297PQ,CRJ9,BOMBARDIER Regional Jet CRJ-900,0
takeoff,LGA,22,1781439508.52,2026-06-14T12:18:28Z,40.771334,-73.880841,213.8,a1fbd9,N227JQ,E75L,EMBRAER ERJ-170-200 (long wing),0
takeoff,JFK,31L,1781439534.56,2026-06-14T12:18:54Z,40.630669,-73.777664,300.9,aca3e6,N913XJ,CRJ9,BOMBARDIER Regional Jet CRJ-900,0
takeoff,JFK,31L,1781439605.51,2026-06-14T12:20:05Z,40.630497,-73.777283,300.9,a63df3,N501DA,A21N,,0
takeoff,JFK,31L,1781439676.87,2026-06-14T12:21:16Z,40.63092,-73.778214,300.9,aad981,N799AN,B772,BOEING 777-200,0
takeoff,LGA,04,1781439724.6,2026-06-14T12:22:04Z,40.773891,-73.880249,33.8,a3cde4,N344TS,B38M,BOEING 737 MAX 8,0
takeoff,JFK,31L,1781439801.26,2026-06-14T12:23:21Z,40.630828,-73.777984,300.9,ad4bcb,N956JT,A321,AIRBUS A-321,0
landing,LGA,31,1781439869.89,2026-06-14T12:24:29Z,40.777325,-73.868103,303.8,a495bf,N395DZ,A321,AIRBUS A-321,0
takeoff,JFK,31L,1781439873.08,2026-06-14T12:24:33Z,40.630747,-73.777797,300.9,a438b0,N371NB,A319,AIRBUS A-319,0
takeoff,LGA,04,1781439920.17,2026-06-14T12:25:20Z,40.773525,-73.880569,30.9,a9d5e5,N73276,B738,BOEING 737-800,0
takeoff,JFK,31L,1781439946.06,2026-06-14T12:25:46Z,40.630302,-73.77684,300.9,a414e8,N362NB,A319,AIRBUS A-319,0
landing,JFK,04L,1781440020.37,2026-06-14T12:27:00Z,40.637753,-73.77619,56.2,a98539,N712TW,B752,BOEING 757-200,0
takeoff,LGA,13,1781440025.4,2026-06-14T12:27:05Z,40.775291,-73.866218,123.8,a495bf,N395DZ,A321,AIRBUS A-321,0
takeoff,JFK,31L,1781440034.09,2026-06-14T12:27:14Z,40.631184,-73.778778,299.6,406e10,G-VDIA,B789,BOEING 787-9 Dreamliner,0
takeoff,JFK,31L,1781440118.75,2026-06-14T12:28:38Z,40.630703,-73.77771,300.9,a0f4f6,N16065,B763,BOEING 767-300,0
takeoff,JFK,31L,1781440206.09,2026-06-14T12:30:06Z,40.63092,-73.778214,300.9,a1bc29,N2102J,A21N,AIRBUS A-321neo,0
takeoff,LGA,13,1781440230.05,2026-06-14T12:30:30Z,40.781413,-73.87669,120.9,a50900,N423YX,E75L,EMBRAER ERJ-170-200 (long wing),0
takeoff,LGA,13,1781440308.18,2026-06-14T12:31:48Z,40.77997,-73.873646,123.8,a33243,N305DU,BCS3,AIRBUS A220-300,0
landing,JFK,31L,1781440361.11,2026-06-14T12:32:41Z,40.639615,-73.797382,300.9,a19a48,N202JQ,E75L,EMBRAER ERJ-170-200 (long wing),0
landing,JFK,31R,1781440373.13,2026-06-14T12:32:53Z,40.650364,-73.773865,300.9,a781d7,N583JB,A320,AIRBUS A-320,0
landing,JFK,31L,1781440469.59,2026-06-14T12:34:29Z,40.63873,-73.795416,298.1,a5f162,N482PX,CRJ9,BOMBARDIER Regional Jet CRJ-900,0
landing,JFK,13L,1781440507.2,2026-06-14T12:35:07Z,40.652721,-73.784271,123.8,ad8bed,N972JT,A321,AIRBUS A-321,0
landing,LGA,22,1781440526.6,2026-06-14T12:35:26Z,40.777416,-73.877319,210.9,a1f1de,N224WN,B737,BOEING 737-700,0
landing,JFK,31R,1781440554.59,2026-06-14T12:35:54Z,40.651846,-73.777204,300.9,8964b1,A6-EVC,A388,AIRBUS A-380-800,0
landing,JFK,31L,1781440589.45,2026-06-14T12:36:29Z,40.639801,-73.797791,300.9,a1c1c7,N212JQ,E75L,EMBRAER ERJ-170-200 (long wing),0
takeoff,LGA,13,1781440631.82,2026-06-14T12:37:11Z,40.779785,-73.87326,118.1,a36994,N319PQ,CRJ9,BOMBARDIER Regional Jet CRJ-900,0
takeoff,JFK,31L,1781440633.27,2026-06-14T12:37:13Z,40.630991,-73.778343,300.9,abafff,N852NN,B738,BOEING 737-800,0
takeoff,JFK,31L,1781440699.51,2026-06-14T12:38:19Z,40.630749,-73.777832,300.9,a7a8ed,N593DX,A21N,,0
landing,JFK,31R,1781440704.04,2026-06-14T12:38:24Z,40.653371,-73.780528,300.9,8966d4,A6-XWL,A35K,AIRBUS A-350-1000,0
takeoff,LGA,13,1781440714.62,2026-06-14T12:38:34Z,40.779725,-73.873131,120.9,a35ab8,N315PQ,CRJ9,BOMBARDIER Regional Jet CRJ-900,0
landing,LGA,22,1781440765.31,2026-06-14T12:39:25Z,40.776363,-73.878204,210.9,aaf183,N804JB,A320,AIRBUS A-320,0
takeoff,LGA,13,1781440773.07,2026-06-14T12:39:33Z,40.781494,-73.876846,120.9,abd7d1,N862RW,E170,EMBRAER ERJ-170-100,0
landing,JFK,31R,1781440820.03,2026-06-14T12:40:20Z,40.650857,-73.774972,300.9,801612,VT-JRB,A359,AIRBUS A-350-900,0
landing,LGA,22,1781440849.78,2026-06-14T12:40:49Z,40.777793,-73.877017,210.9,c05f01,C-GJZK,DH8D,DE HAVILLAND DHC-8-400 Dash 8,0
landing,JFK,31L,1781440850.47,2026-06-14T12:40:50Z,40.639196,-73.79643,300.9,ac7658,N9018E,A319,AIRBUS A-319,0
takeoff,LGA,13,1781440868.36,2026-06-14T12:41:08Z,40.779935,-73.873537,120.9,ad5623,N959AN,B738,BOEING 737-800,0
landing,LGA,22,1781440945.83,2026-06-14T12:42:25Z,40.774395,-73.879826,210.9,a1094c,N166PQ,CRJ9,BOMBARDIER Regional Jet CRJ-900,0
takeoff,LGA,13,1781440946.86,2026-06-14T12:42:26Z,40.781513,-73.876877,120.9,a24369,N245JQ,E75L,EMBRAER ERJ-170-200 (long wing),0
landing,JFK,31L,1781440948.5,2026-06-14T12:42:28Z,40.636251,-73.789938,300.9,a55d31,N445AA,A21N,AIRBUS A-321neo,0
landing,JFK,31R,1781441012.06,2026-06-14T12:43:32Z,40.656132,-73.786865,278.4,e8022a,CC-CWF,B763,BOEING 767-300,0
takeoff,JFK,31L,1781441013.1,2026-06-14T12:43:33Z,40.630829,-73.778015,300.9,ad935b,N974JT,A321,AIRBUS A-321,0
takeoff,LGA,13,1781441036.74,2026-06-14T12:43:56Z,40.781669,-73.877205,123.8,ac1951,N879RW,E170,EMBRAER ERJ-170-100,0
landing,LGA,22,1781441044.16,2026-06-14T12:44:04Z,40.775093,-73.879227,210.9,c0619f,C-GKZE,B738,BOEING 737-800,0
takeoff,JFK,31L,1781441082.73,2026-06-14T12:44:42Z,40.631161,-73.778732,300.9,a35c0b,N3152J,BCS3,AIRBUS A220-300,0
landing,LGA,22,1781441110.52,2026-06-14T12:45:10Z,40.776327,-73.878235,210.9,a336f0,N306PQ,CRJ9,BOMBARDIER Regional Jet CRJ-900,0
landing,JFK,31R,1781441112.33,2026-06-14T12:45:12Z,40.652126,-73.777844,300.9,acb2c2,N917XJ,CRJ9,BOMBARDIER Regional Jet CRJ-900,0
takeoff,LGA,13,1781441118.85,2026-06-14T12:45:18Z,40.780784,-73.875316,120.9,c07d20,C-GVJZ,DH8D,DE HAVILLAND DHC-8-400 Dash 8,0
takeoff,JFK,31L,1781441150.26,2026-06-14T12:45:50Z,40.631218,-73.778885,300.9,a39948,N3308J,BCS3,AIRBUS A220-300,0
takeoff,LGA,04,1781441159.62,2026-06-14T12:45:59Z,40.776066,-73.876709,70.3,c0619f,C-GKZE,B738,BOEING 737-800,0
landing,JFK,31R,1781441183.22,2026-06-14T12:46:23Z,40.651588,-73.776611,300.9,a387f0,N3267J,BCS3,,0
landing,LGA,22,1781441193.39,2026-06-14T12:46:33Z,40.775105,-73.879218,210.9,ab0a73,N810MD,E170,EMBRAER ERJ-170-100,0
takeoff,JFK,31L,1781441201.0,2026-06-14T12:46:41Z,40.628883,-73.773743,300.9,a07fa6,N131HQ,E75L,EMBRAER ERJ-170-200 (long wing),0
takeoff,LGA,13,1781441229.57,2026-06-14T12:47:09Z,40.78054,-73.874848,120.9,ac2ba0,N8832H,B38M,BOEING 737 MAX 8,0
takeoff,JFK,31L,1781441278.25,2026-06-14T12:47:58Z,40.630829,-73.778,300.9,a98539,N712TW,B752,BOEING 757-200,0
landing,JFK,31R,1781441278.54,2026-06-14T12:47:58Z,40.650295,-73.773727,300.9,a8a3ce,N656JB,A320,AIRBUS A-320,0
takeoff,LGA,13,1781441317.24,2026-06-14T12:48:37Z,40.775373,-73.86781,126.6,a336f0,N306PQ,CRJ9,BOMBARDIER Regional Jet CRJ-900,0
landing,LGA,04,1781441330.37,2026-06-14T12:48:50Z,40.770527,-73.881607,75.9,a20347,N229JQ,E75L,EMBRAER ERJ-170-200 (long wing),0
takeoff,JFK,31L,1781441343.19,2026-06-14T12:49:03Z,40.63056,-73.777422,300.9,a7d673,N604DN,A21N,AIRBUS A-321neo,0
landing,LGA,22,1781441366.25,2026-06-14T12:49:26Z,40.774464,-73.879761,210.9,ac1190,N877NN,B738,BOEING 737-800,0
takeoff,LGA,13,1781441373.0,2026-06-14T12:49:33Z,40.781355,-73.87658,120.9,a1b092,N208JQ,E75L,EMBRAER ERJ-170-200 (long wing),0
landing,JFK,31R,1781441409.38,2026-06-14T12:50:09Z,40.65251,-73.778702,298.1,a51b93,N428YX,E75L,EMBRAER ERJ-170-200 (long wing),0
takeoff,LGA,04,1781441425.75,2026-06-14T12:50:25Z,40.776083,-73.876705,73.1,a20347,N229JQ,E75L,EMBRAER ERJ-170-200 (long wing),0
takeoff,LGA,13,1781441445.95,2026-06-14T12:50:45Z,40.781536,-73.876953,120.9,a866c7,N640RW,E170,EMBRAER ERJ-170-100,0
takeoff,JFK,31L,1781441453.01,2026-06-14T12:50:53Z,40.631189,-73.778827,300.9,a3401a,N3085J,BCS3,AIRBUS A220-300,0
landing,LGA,04,1781441478.29,2026-06-14T12:51:18Z,40.770729,-73.881356,36.6,a0835d,N132HQ,E75L,EMBRAER ERJ-170-200 (long wing),0
landing,JFK,31R,1781441506.38,2026-06-14T12:51:46Z,40.650368,-73.773911,300.9,a3c68c,N342UP,B763,BOEING 767-300,0
takeoff,JFK,31L,1781441516.14,2026-06-14T12:51:56Z,40.630657,-73.777618,300.9,a403df,N358PW,B738,BOEING 737-800,0
landing,JFK,22R,1781441527.42,2026-06-14T12:52:07Z,40.636768,-73.778976,177.2,aca02f,N912XJ,CRJ9,BOMBARDIER Regional Jet CRJ-900,0
landing,LGA,22,1781441541.47,2026-06-14T12:52:21Z,40.776269,-73.878266,205.3,a8f235,N676CA,CRJ9,BOMBARDIER Regional Jet CRJ-900,0
takeoff,LGA,13,1781441559.05,2026-06-14T12:52:39Z,40.779636,-73.87294,120.9,a7c849,N600LR,CRJ9,BOMBARDIER Regional Jet CRJ-900,0
takeoff,JFK,31L,1781441581.73,2026-06-14T12:53:01Z,40.630623,-73.777542,300.9,a6b833,N532DN,A21N,AIRBUS A-321neo,0
landing,JFK,31R,1781441631.32,2026-06-14T12:53:51Z,40.651881,-73.777266,300.9,adc5ff,N987JT,A321,AIRBUS A-321,0
takeoff,JFK,31L,1781441632.99,2026-06-14T12:53:52Z,40.628952,-73.773849,300.9,a1f822,N226JQ,E75L,EMBRAER ERJ-170-200 (long wing),0
landing,LGA,22,1781441634.37,2026-06-14T12:53:54Z,40.776502,-73.878094,210.9,a44cfd,N3764D,B738,BOEING 737-800,0
takeoff,LGA,13,1781441647.21,2026-06-14T12:54:07Z,40.78006,-73.87384,120.9,a38237,N325PQ,CRJ9,BOMBARDIER Regional Jet CRJ-900,0
takeoff,LGA,04,1781441669.5,2026-06-14T12:54:29Z,40.775459,-73.877167,75.9,a8f235,N676CA,CRJ9,BOMBARDIER Regional Jet CRJ-900,0
takeoff,JFK,31L,1781441714.18,2026-06-14T12:55:14Z,40.630783,-73.777924,300.9,a66576,N511DE,A21N,AIRBUS A-321neo,0
takeoff,LGA,31,1781441729.73,2026-06-14T12:55:29Z,40.780689,-73.878357,345.9,a4d65c,N410YX,E75L,EMBRAER ERJ-170-200 (long wing),0
landing,LGA,22,1781441732.0,2026-06-14T12:55:32Z,40.776043,-73.878448,213.8,ad7b17,N968NN,B738,BOEING 737-800,0
takeoff,LGA,13,1781441745.53,2026-06-14T12:55:45Z,40.77673,-73.870575,120.9,c05f01,C-GJZK,DH8D,DE HAVILLAND DHC-8-400 Dash 8,0
takeoff,LGA,13,1781441748.01,2026-06-14T12:55:48Z,40.780179,-73.874068,120.9,a88ccf,N650AW,A320,AIRBUS A-320,0
takeoff,JFK,31L,1781441777.67,2026-06-14T12:56:17Z,40.630863,-73.778091,300.9,a32367,N301DU,BCS3,AIRBUS A220-300,0
landing,JFK,31R,1781441793.42,2026-06-14T12:56:33Z,40.65255,-73.778748,300.9,a23fb2,N244JQ,E75L,EMBRAER ERJ-170-200 (long wing),0
takeoff,LGA,13,1781441803.44,2026-06-14T12:56:43Z,40.78117,-73.876129,120.9,acee50,N932NN,B738,BOEING 737-800,0
takeoff,JFK,31L,1781441855.36,2026-06-14T12:57:35Z,40.63148,-73.779451,300.9,a35592,N3139J,BCS3,AIRBUS A220-300,0
takeoff,LGA,13,1781441865.22,2026-06-14T12:57:45Z,40.781471,-73.876799,120.9,a4d65c,N410YX,E75L,EMBRAER ERJ-170-200 (long wing),0
takeoff,LGA,13,1781441916.62,2026-06-14T12:58:36Z,40.77535,-73.867779,132.2,a44cfd,N3764D,B738,BOEING 737-800,0
landing,JFK,31R,1781441917.71,2026-06-14T12:58:37Z,40.650729,-73.774676,300.9,a61173,N490PX,CRJ9,BOMBARDIER Regional Jet CRJ-900,0
takeoff,LGA,13,1781441928.76,2026-06-14T12:58:48Z,40.781456,-73.87677,120.9,a2147c,N233JQ,E75L,EMBRAER ERJ-170-200 (long wing),0
takeoff,JFK,31L,1781441941.15,2026-06-14T12:59:01Z,40.630989,-73.778366,300.9,aaffed,N808DN,B739,BOEING 737-900,0
landing,LGA,22,1781441981.87,2026-06-14T12:59:41Z,40.77776,-73.877045,210.9,a19357,N200PQ,CRJ9,BOMBARDIER Regional Jet CRJ-900,0
takeoff,LGA,13,1781442011.31,2026-06-14T13:00:11Z,40.779911,-73.87352,120.9,a3a8c0,N335DU,BCS3,AIRBUS A220-300,0
takeoff,JFK,31L,1781442019.94,2026-06-14T13:00:19Z,40.630898,-73.778168,300.9,a1ddbb,N2193J,A21N,AIRBUS A-321neo,0
takeoff,LGA,13,1781442080.18,2026-06-14T13:01:20Z,40.781634,-73.877111,123.8,ab3d17,N823MD,E170,EMBRAER ERJ-170-100,0
takeoff,JFK,31L,1781442083.96,2026-06-14T13:01:23Z,40.630543,-73.77739,300.9,a67452,N515DE,A21N,AIRBUS A-321neo,0
landing,LGA,22,1781442089.5,2026-06-14T13:01:29Z,40.774086,-73.879898,191.2,a50549,N422YX,E75L,EMBRAER ERJ-170-200 (long wing),0
landing,LGA,22,1781442126.85,2026-06-14T13:02:06Z,40.776478,-73.878113,210.9,aa56d4,N76522,B738,BOEING 737-800,0
takeoff,JFK,31L,1781442155.02,2026-06-14T13:02:35Z,40.630772,-73.777878,300.9,a6e361,N543DE,A21N,AIRBUS A-321neo,0
takeoff,LGA,22,1781442180.62,2026-06-14T13:03:00Z,40.781307,-73.8741,210.9,ac90a7,N909AM,A321,AIRBUS A-321,0
landing,JFK,31R,1781442248.37,2026-06-14T13:04:08Z,40.653103,-73.780606,281.2,a88774,N649JB,A320,AIRBUS A-320,0
landing,LGA,22,1781442261.51,2026-06-14T13:04:21Z,40.777622,-73.877151,213.8,ab477d,N826DN,B739,BOEING 737-900,0
landing,JFK,31R,1781442307.18,2026-06-14T13:05:07Z,40.651314,-73.776001,300.9,a34e01,N3118J,BCS3,AIRBUS A220-300,0
landing,LGA,22,1781442327.29,2026-06-14T13:05:27Z,40.777223,-73.87747,213.8,a36130,N317DU,BCS3,AIRBUS A220-300,0
takeoff,JFK,31L,1781442397.53,2026-06-14T13:06:37Z,40.630968,-73.778312,300.9,a4c96c,N4073J,A21N,AIRBUS A-321neo,0
landing,LGA,22,1781442464.08,2026-06-14T13:07:44Z,40.776153,-73.878359,210.9,a35e6f,N316PQ,CRJ9,BOMBARDIER Regional Jet CRJ-900,0
takeoff,LGA,13,1781442487.24,2026-06-14T13:08:07Z,40.779772,-73.873241,120.9,a3183d,N299PQ,CRJ9,BOMBARDIER Regional Jet CRJ-900,0
takeoff,LGA,13,1781442545.54,2026-06-14T13:09:05Z,40.781387,-73.876617,120.9,abc2e5,N857RW,E170,EMBRAER ERJ-170-100,0
takeoff,JFK,31L,1781442553.29,2026-06-14T13:09:13Z,40.631321,-73.779053,300.9,aded77,N997JL,A321,AIRBUS A-321,0
landing,JFK,31R,1781442591.66,2026-06-14T13:09:51Z,40.65116,-73.775737,303.8,a5e02d,N478PX,CRJ9,BOMBARDIER Regional Jet CRJ-900,0
takeoff,LGA,13,1781442607.43,2026-06-14T13:10:07Z,40.78101,-73.875839,120.9,a21142,N232PQ,CRJ9,BOMBARDIER Regional Jet CRJ-900,0
takeoff,LGA,13,1781442624.83,2026-06-14T13:10:24Z,40.775345,-73.867783,126.6,a36130,N317DU,BCS3,AIRBUS A220-300,0
takeoff,JFK,31L,1781442627.31,2026-06-14T13:10:27Z,40.631001,-73.778397,300.9,ac4963,N891DN,B739,BOEING 737-900,0
landing,LGA,04,1781442635.68,2026-06-14T13:10:35Z,40.770515,-73.881607,75.9,ab1d06,N815MD,E170,EMBRAER ERJ-170-100,0
takeoff,LGA,13,1781442666.02,2026-06-14T13:11:06Z,40.781669,-73.877205,123.8,a4c8de,N407YX,E75L,EMBRAER ERJ-170-200 (long wing),0
landing,JFK,31R,1781442692.66,2026-06-14T13:11:32Z,40.651846,-73.777173,302.4,e80451,CC-BGK,B789,BOEING 787-9 Dreamliner,0
takeoff,JFK,31L,1781442701.67,2026-06-14T13:11:41Z,40.630978,-73.77832,300.9,ab8031,N840DN,B739,BOEING 737-900,0
takeoff,LGA,13,1781442764.33,2026-06-14T13:12:44Z,40.775299,-73.867706,129.4,a35e6f,N316PQ,CRJ9,BOMBARDIER Regional Jet CRJ-900,0
takeoff,JFK,31L,1781442766.71,2026-06-14T13:12:46Z,40.630611,-73.777527,300.9,a08e3c,N135EV,CRJ9,BOMBARDIER Regional Jet CRJ-900,0
landing,LGA,22,1781442771.63,2026-06-14T13:12:51Z,40.77618,-73.878342,208.1,a130cb,N176PQ,CRJ9,BOMBARDIER Regional Jet CRJ-900,0
takeoff,LGA,13,1781442790.17,2026-06-14T13:13:10Z,40.779419,-73.872513,120.9,acc7ae,N922XJ,CRJ9,BOMBARDIER Regional Jet CRJ-900,0
takeoff,LGA,13,1781442807.19,2026-06-14T13:13:27Z,40.775396,-73.867857,123.8,a19357,N200PQ,CRJ9,BOMBARDIER Regional Jet CRJ-900,0
takeoff,JFK,31L,1781442832.08,2026-06-14T13:13:52Z,40.630943,-73.778275,300.9,a85119,N635JB,A320,AIRBUS A-320,0
takeoff,LGA,13,1781442841.93,2026-06-14T13:14:01Z,40.775536,-73.868091,123.8,ab1d06,N815MD,E170,EMBRAER ERJ-170-100,0
takeoff,LGA,13,1781442843.92,2026-06-14T13:14:03Z,40.782005,-73.877884,123.8,a00ce0,N102HQ,E75L,EMBRAER ERJ-170-200 (long wing),0
takeoff,JFK,31L,1781442888.6,2026-06-14T13:14:48Z,40.629839,-73.775831,300.9,a4462e,N3748Y,B738,BOEING 737-800,0
landing,JFK,13L,1781442916.85,2026-06-14T13:15:16Z,40.652975,-73.784679,157.5,a67f81,N518DQ,A21N,AIRBUS A-321neo,0
takeoff,LGA,13,1781442922.73,2026-06-14T13:15:22Z,40.779625,-73.872925,120.9,acf69b,N934XJ,CRJ9,BOMBARDIER Regional Jet CRJ-900,0
takeoff,JFK,31L,1781442952.85,2026-06-14T13:15:52Z,40.630875,-73.778125,300.9,aca02f,N912XJ,CRJ9,BOMBARDIER Regional Jet CRJ-900,0
takeoff,LGA,13,1781442980.65,2026-06-14T13:16:20Z,40.781017,-73.875862,123.8,accf1c,N924XJ,CRJ9,BOMBARDIER Regional Jet CRJ-900,0
takeoff,LGA,13,1781443011.31,2026-06-14T13:16:51Z,40.775368,-73.867798,129.4,a3bdac,N340DU,,,0
takeoff,JFK,31L,1781443023.34,2026-06-14T13:17:03Z,40.629944,-73.776065,300.9,a1a3a9,N2043J,A21N,AIRBUS A-321neo,0
takeoff,LGA,13,1781443057.65,2026-06-14T13:17:37Z,40.775326,-73.867732,123.8,a130cb,N176PQ,CRJ9,BOMBARDIER Regional Jet CRJ-900,0
landing,LGA,22,1781443086.54,2026-06-14T13:18:06Z,40.774465,-73.879701,208.1,abdcfd,N86344,E75L,EMBRAER ERJ-170-200 (long wing),0
takeoff,LGA,13,1781443086.86,2026-06-14T13:18:06Z,40.779671,-73.873016,120.9,c01860,C-FJFZ,CRJ9,BOMBARDIER Regional Jet CRJ-900,0
takeoff,JFK,31L,1781443098.36,2026-06-14T13:18:18Z,40.6312,-73.778827,300.9,a386fb,N3260J,BCS3,,0
takeoff,LGA,13,1781443155.03,2026-06-14T13:19:15Z,40.781809,-73.877485,123.8,a210c5,N232JQ,E75L,EMBRAER ERJ-170-200 (long wing),0
landing,LGA,22,1781443155.46,2026-06-14T13:19:15Z,40.774197,-73.879842,196.9,ac26cf,N882RW,E170,EMBRAER ERJ-170-100,0
takeoff,JFK,31L,1781443157.06,2026-06-14T13:19:17Z,40.628919,-73.773818,300.9,a8f9a3,N678CA,CRJ9,BOMBARDIER Regional Jet CRJ-900,0
takeoff,LGA,13,1781443224.34,2026-06-14T13:20:24Z,40.781494,-73.876846,123.8,abdb88,N863RW,E170,EMBRAER ERJ-170-100,0
takeoff,JFK,31L,1781443250.54,2026-06-14T13:20:50Z,40.630394,-73.777023,299.6,0201a4,CN-RHB,B789,BOEING 787-9 Dreamliner,0
landing,LGA,22,1781443302.66,2026-06-14T13:21:42Z,40.774452,-73.87973,205.3,a8a490,N656RW,E170,EMBRAER ERJ-170-100,0
takeoff,LGA,13,1781443311.76,2026-06-14T13:21:51Z,40.780369,-73.874466,120.9,a43e5c,N37253,B738,BOEING 737-800,0
takeoff,JFK,31L,1781443359.41,2026-06-14T13:22:39Z,40.629604,-73.77533,300.9,ac801e,N904XJ,CRJ9,BOMBARDIER Regional Jet CRJ-900,0
takeoff,LGA,13,1781443372.88,2026-06-14T13:22:52Z,40.780016,-73.873756,120.9,a2000d,N228PQ,CRJ9,BOMBARDIER Regional Jet CRJ-900,0
takeoff,LGA,04,1781443378.39,2026-06-14T13:22:58Z,40.775459,-73.877289,75.9,a8a490,N656RW,E170,EMBRAER ERJ-170-100,0
takeoff,JFK,31L,1781443422.69,2026-06-14T13:23:42Z,40.62981,-73.775757,300.9,ac793f,N9022G,A319,AIRBUS A-319,0
takeoff,LGA,13,1781443448.61,2026-06-14T13:24:08Z,40.780237,-73.874224,123.8,a07f60,N131EV,CRJ9,BOMBARDIER Regional Jet CRJ-900,0
landing,JFK,13L,1781443467.42,2026-06-14T13:24:27Z,40.649717,-73.777282,120.9,a8ab3c,N658JB,A320,AIRBUS A-320,0
takeoff,LGA,13,1781443468.52,2026-06-14T13:24:28Z,40.775361,-73.867779,132.2,ac26cf,N882RW,E170,EMBRAER ERJ-170-100,0
landing,LGA,04,1781443475.51,2026-06-14T13:24:35Z,40.770573,-73.881592,67.5,c00b7c,C-FEJB,E75S,EMBRAER ERJ-170-200 (short wing),0
takeoff,JFK,31L,1781443496.54,2026-06-14T13:24:56Z,40.630199,-73.776642,300.9,ab6162,N832SK,CRJ9,BOMBARDIER Regional Jet CRJ-900,0
takeoff,LGA,13,1781443524.29,2026-06-14T13:25:24Z,40.781467,-73.87677,123.8,a23844,N242JQ,E75L,EMBRAER ERJ-170-200 (long wing),0
takeoff,LGA,04,1781443559.04,2026-06-14T13:25:59Z,40.775448,-73.877319,70.3,c00b7c,C-FEJB,E75S,EMBRAER ERJ-170-200 (short wing),0
takeoff,JFK,31L,1781443582.04,2026-06-14T13:26:22Z,40.63028,-73.776794,300.9,a7b7c5,N597DT,A21N,AIRBUS A-321neo,0
landing,JFK,13L,1781443619.48,2026-06-14T13:26:59Z,40.650543,-73.779123,120.9,a19cc7,N2027J,A21N,AIRBUS A-321neo,0
landing,LGA,22,1781443642.18,2026-06-14T13:27:22Z,40.773823,-73.88028,210.9,a057cc,N121DZ,A321,AIRBUS A-321,0
takeoff,JFK,31L,1781443652.13,2026-06-14T13:27:32Z,40.629639,-73.775421,300.9,ab53e4,N829SK,CRJ9,BOMBARDIER Regional Jet CRJ-900,0
takeoff,LGA,13,1781443655.55,2026-06-14T13:27:35Z,40.779877,-73.873459,129.4,a31486,N298PQ,CRJ9,BOMBARDIER Regional Jet CRJ-900,0
landing,JFK,31R,1781443674.99,2026-06-14T13:27:54Z,40.65176,-73.776917,300.9,71c362,HL8362,A359,AIRBUS A-350-900,0
takeoff,JFK,31L,1781443725.31,2026-06-14T13:28:45Z,40.631001,-73.778397,300.9,ac7b1b,N903JB,A321,AIRBUS A-321,0
landing,LGA,22,1781443728.49,2026-06-14T13:28:48Z,40.776443,-73.878125,210.9,acfdf4,N936WN,B737,BOEING 737-700,0
takeoff,LGA,13,1781443731.64,2026-06-14T13:28:51Z,40.781673,-73.877197,123.8,abbb77,N855RW,E170,EMBRAER ERJ-170-100,0
landing,JFK,22L,1781443742.05,2026-06-14T13:29:02Z,40.633564,-73.76944,185.6,acc040,N920XJ,CRJ9,BOMBARDIER Regional Jet CRJ-900,0
takeoff,JFK,31L,1781443806.13,2026-06-14T13:30:06Z,40.630508,-73.777313,300.9,a1a435,N2047J,A21N,AIRBUS A-321neo,0
landing,JFK,31R,1781443820.68,2026-06-14T13:30:20Z,40.651783,-73.777039,300.9,a657f4,N508DA,A21N,AIRBUS A-321neo,0
takeoff,LGA,04,1781443831.39,2026-06-14T13:30:31Z,40.774498,-73.878235,33.8,acfdf4,N936WN,B737,BOEING 737-700,0
landing,LGA,22,1781443839.29,2026-06-14T13:30:39Z,40.775512,-73.878906,210.9,adb0b4,N981UY,A321,AIRBUS A-321,0
takeoff,LGA,13,1781443843.0,2026-06-14T13:30:43Z,40.781891,-73.87767,123.8,ac159a,N878RW,E170,EMBRAER ERJ-170-100,0
takeoff,JFK,31L,1781443890.77,2026-06-14T13:31:30Z,40.630966,-73.778305,300.9,a1b2a8,N2084J,A21N,AIRBUS A-321neo,0
landing,JFK,31R,1781443894.78,2026-06-14T13:31:34Z,40.651669,-73.776764,300.9,a44db3,N3769L,B738,BOEING 737-800,0
takeoff,LGA,13,1781443898.16,2026-06-14T13:31:38Z,40.775128,-73.867435,129.4,a057cc,N121DZ,A321,AIRBUS A-321,0
takeoff,LGA,13,1781443920.71,2026-06-14T13:32:00Z,40.780645,-73.875067,123.8,ac486a,N8905Q,B38M,,0
takeoff,JFK,31L,1781443956.2,2026-06-14T13:32:36Z,40.630737,-73.777802,300.9,a1373d,N178DN,B763,BOEING 767-300,0
landing,LGA,04,1781444029.33,2026-06-14T13:33:49Z,40.773371,-73.879171,30.9,c00b86,C-FEJL,E75S,EMBRAER ERJ-170-200 (short wing),0
landing,JFK,31R,1781444036.44,2026-06-14T13:33:56Z,40.649448,-73.771912,300.9,a89fa3,N655DL,B752,BOEING 757-200,0
takeoff,LGA,13,1781444077.86,2026-06-14T13:34:37Z,40.779442,-73.872543,120.9,c080dc,C-GWUT,BCS3,AIRBUS A220-300,0
takeoff,LGA,04,1781444078.37,2026-06-14T13:34:38Z,40.775448,-73.877274,75.9,c00b86,C-FEJL,E75S,EMBRAER ERJ-170-200 (short wing),0
landing,JFK,31L,1781444103.18,2026-06-14T13:35:03Z,40.640465,-73.79921,298.1,ac733b,N901DN,B739,BOEING 737-900,0
landing,LGA,04,1781444105.66,2026-06-14T13:35:05Z,40.770687,-73.881363,36.6,a07bef,N130HQ,E75L,EMBRAER ERJ-170-200 (long wing),0
takeoff,JFK,31L,1781444151.76,2026-06-14T13:35:51Z,40.63084,-73.778031,300.9,a19910,N2017J,A21N,AIRBUS A-321neo,0
takeoff,LGA,13,1781444153.74,2026-06-14T13:35:53Z,40.781605,-73.877075,123.8,ac1f61,N880RW,E170,EMBRAER ERJ-170-100,0
landing,LGA,22,1781444165.2,2026-06-14T13:36:05Z,40.773457,-73.880585,213.8,a06aba,N126HQ,E75L,EMBRAER ERJ-170-200 (long wing),0
landing,JFK,31R,1781444193.53,2026-06-14T13:36:33Z,40.651794,-73.777054,300.9,ab4f5d,N828JB,A320,AIRBUS A-320,0
takeoff,LGA,04,1781444205.08,2026-06-14T13:36:45Z,40.775425,-73.877289,70.3,a07bef,N130HQ,E75L,EMBRAER ERJ-170-200 (long wing),0
takeoff,JFK,31L,1781444212.86,2026-06-14T13:36:52Z,40.630782,-73.777906,300.9,acc040,N920XJ,CRJ9,BOMBARDIER Regional Jet CRJ-900,0
takeoff,LGA,13,1781444263.75,2026-06-14T13:37:43Z,40.779785,-73.87326,120.9,a01b56,N106DN,A321,AIRBUS A-321,0
landing,LGA,04,1781444267.72,2026-06-14T13:37:47Z,40.773464,-73.879093,30.9,a51425,N426YX,E75L,EMBRAER ERJ-170-200 (long wing),0
landing,JFK,31R,1781444277.51,2026-06-14T13:37:57Z,40.65303,-73.779816,300.9,ad8fa4,N973JT,A321,AIRBUS A-321,0
takeoff,JFK,31L,1781444285.96,2026-06-14T13:38:05Z,40.630543,-73.777374,300.9,ad56e0,N959JB,A321,AIRBUS A-321,0
landing,LGA,22,1781444319.78,2026-06-14T13:38:39Z,40.778801,-73.87616,213.8,acd2be,N925WN,B737,BOEING 737-700,0
takeoff,JFK,31L,1781444351.87,2026-06-14T13:39:11Z,40.630703,-73.777725,300.9,a8a017,N655JB,A320,AIRBUS A-320,0
landing,JFK,31R,1781444364.33,2026-06-14T13:39:24Z,40.652412,-73.778412,299.6,8940a0,A9C-FI,B789,BOEING 787-9 Dreamliner,0
takeoff,JFK,31L,1781444411.22,2026-06-14T13:40:11Z,40.629925,-73.776016,303.8,ab4c76,N827SK,CRJ9,BOMBARDIER Regional Jet CRJ-900,0
takeoff,LGA,04,1781444418.89,2026-06-14T13:40:18Z,40.775436,-73.877304,64.7,acd2be,N925WN,B737,BOEING 737-700,0
landing,LGA,22,1781444428.66,2026-06-14T13:40:28Z,40.775699,-73.87875,210.9,acab54,N915XJ,CRJ9,BOMBARDIER Regional Jet CRJ-900,0
takeoff,JFK,31L,1781444493.84,2026-06-14T13:41:33Z,40.629776,-73.77565,300.9,a3fcfb,N356VJ,CL35,BOMBARDIER BD-100 Challenger 350,8
landing,JFK,31R,1781444518.26,2026-06-14T13:41:58Z,40.652538,-73.778809,298.1,a537ed,N435YX,E75L,EMBRAER ERJ-170-200 (long wing),0
landing,LGA,22,1781444525.96,2026-06-14T13:42:05Z,40.776385,-73.878188,210.9,acf4e8,N934DZ,B739,,0
takeoff,JFK,31L,1781444568.9,2026-06-14T13:42:48Z,40.630394,-73.777039,300.9,a97310,N708JB,A320,AIRBUS A-320,0
landing,JFK,31R,1781444595.04,2026-06-14T13:43:15Z,40.651369,-73.776143,298.1,a39113,N329PQ,CRJ9,BOMBARDIER Regional Jet CRJ-900,0
landing,LGA,22,1781444601.99,2026-06-14T13:43:21Z,40.777164,-73.877548,210.9,aa7e36,N77518,B738,BOEING 737-800,0
takeoff,JFK,31L,1781444634.65,2026-06-14T13:43:54Z,40.629467,-73.774994,300.9,a7de53,N606JB,A320,AIRBUS A-320,0
landing,JFK,31R,1781444681.97,2026-06-14T13:44:41Z,40.651672,-73.776798,298.1,a2c93f,N279PQ,CRJ9,BOMBARDIER Regional Jet CRJ-900,0
takeoff,LGA,13,1781444706.05,2026-06-14T13:45:06Z,40.781593,-73.877045,123.8,abd41a,N861RW,E170,EMBRAER ERJ-170-100,0
landing,LGA,22,1781444714.68,2026-06-14T13:45:14Z,40.774069,-73.879904,188.4,a5106e,N425YX,E75L,EMBRAER ERJ-170-200 (long wing),0
takeoff,JFK,31L,1781444748.99,2026-06-14T13:45:48Z,40.630577,-73.777451,300.9,a16c3a,N191DN,B763,BOEING 767-300,0
landing,JFK,31R,1781444755.26,2026-06-14T13:45:55Z,40.652023,-73.777527,298.1,acb878,N919DU,B739,BOEING 737-900,0
landing,LGA,22,1781444832.36,2026-06-14T13:47:12Z,40.774303,-73.879883,213.8,a3b4d6,N338PK,B738,BOEING 737-800,0
takeoff,JFK,31L,1781444851.35,2026-06-14T13:47:31Z,40.63006,-73.776314,295.3,a18380,N197PQ,CRJ9,BOMBARDIER Regional Jet CRJ-900,0
takeoff,LGA,13,1781444856.15,2026-06-14T13:47:36Z,40.776676,-73.870479,120.9,acf4e8,N934DZ,B739,,0
takeoff,LGA,13,1781444878.33,2026-06-14T13:47:58Z,40.775391,-73.867828,126.6,acab54,N915XJ,CRJ9,BOMBARDIER Regional Jet CRJ-900,0
takeoff,JFK,31L,1781444939.35,2026-06-14T13:48:59Z,40.630921,-73.778218,300.9,ad846f,N970JB,A321,AIRBUS A-321,0
landing,JFK,31R,1781444940.31,2026-06-14T13:49:00Z,40.650718,-73.77466,300.9,a7a17b,N591DT,A21N,AIRBUS A-321neo,0
landing,LGA,04,1781444966.04,2026-06-14T13:49:26Z,40.772824,-73.87967,73.1,a19691,N201JQ,E75L,EMBRAER ERJ-170-200 (long wing),0
landing,LGA,22,1781445006.64,2026-06-14T13:50:06Z,40.777061,-73.877609,213.8,a43f51,N373DX,A321,AIRBUS A-321,0
takeoff,JFK,31L,1781445014.64,2026-06-14T13:50:14Z,40.628838,-73.773621,300.9,a53ba4,N436YX,E75L,EMBRAER ERJ-170-200 (long wing),0
takeoff,JFK,31L,1781445104.39,2026-06-14T13:51:44Z,40.631184,-73.778809,300.9,a35fc2,N3162J,BCS3,AIRBUS A220-300,0
landing,JFK,31R,1781445116.33,2026-06-14T13:51:56Z,40.652801,-73.782089,300.9,a4e8ef,N415YX,E75L,EMBRAER ERJ-170-200 (long wing),0
takeoff,LGA,13,1781445144.08,2026-06-14T13:52:24Z,40.775536,-73.868091,123.8,a19691,N201JQ,E75L,EMBRAER ERJ-170-200 (long wing),0
landing,JFK,31R,1781445154.37,2026-06-14T13:52:34Z,40.65089,-73.77504,299.6,507c50,UK-78703,B788,BOEING 787-8 Dreamliner,0
landing,LGA,22,1781445159.52,2026-06-14T13:52:39Z,40.775059,-73.879242,213.8,a1dd2d,N219YX,E75L,EMBRAER ERJ-170-200 (long wing),0
takeoff,LGA,13,1781445166.93,2026-06-14T13:52:46Z,40.779725,-73.873147,120.9,a1094c,N166PQ,CRJ9,BOMBARDIER Regional Jet CRJ-900,0
takeoff,JFK,31L,1781445227.05,2026-06-14T13:53:47Z,40.630654,-73.777625,300.9,a898a9,N653JB,A320,AIRBUS A-320,0
landing,LGA,22,1781445264.5,2026-06-14T13:54:24Z,40.774465,-73.879748,210.9,a08a85,N134EV,CRJ9,BOMBARDIER Regional Jet CRJ-900,0
takeoff,LGA,13,1781445284.19,2026-06-14T13:54:44Z,40.779621,-73.872929,120.9,a1f1de,N224WN,B737,BOEING 737-700,0
takeoff,LGA,13,1781445285.23,2026-06-14T13:54:45Z,40.77535,-73.867763,129.4,a43f51,N373DX,A321,AIRBUS A-321,0
takeoff,LGA,13,1781445334.27,2026-06-14T13:55:34Z,40.775373,-73.86781,129.4,a1dd2d,N219YX,E75L,EMBRAER ERJ-170-200 (long wing),0
takeoff,LGA,04,1781445344.01,2026-06-14T13:55:44Z,40.775448,-73.877197,75.9,a08a85,N134EV,CRJ9,BOMBARDIER Regional Jet CRJ-900,0
landing,JFK,31R,1781445346.16,2026-06-14T13:55:46Z,40.65159,-73.776533,300.9,a8e247,N6713Y,B752,BOEING 757-200,0
takeoff,LGA,13,1781445349.3,2026-06-14T13:55:49Z,40.781448,-73.876736,120.9,ab0a73,N810MD,E170,EMBRAER ERJ-170-100,0
landing,LGA,22,1781445413.24,2026-06-14T13:56:53Z,40.778084,-73.876768,213.8,a74f33,N570JB,A320,AIRBUS A-320,0
takeoff,JFK,31L,1781445428.55,2026-06-14T13:57:08Z,40.630374,-73.777017,300.9,a33ed6,N308UK,B38M,,0
landing,JFK,31R,1781445515.04,2026-06-14T13:58:35Z,40.651566,-73.77655,300.9,010288,SU-GGH,A359,AIRBUS A-350-900,0
takeoff,JFK,31L,1781445517.27,2026-06-14T13:58:37Z,40.630432,-73.777126,300.9,0c2096,HP-1835CMP,B738,BOEING 737-800,0
landing,LGA,22,1781445522.07,2026-06-14T13:58:42Z,40.775617,-73.878812,210.9,a46310,N382DN,A321,AIRBUS A-321,0
takeoff,LGA,13,1781445557.26,2026-06-14T13:59:17Z,40.775345,-73.866333,123.8,a04a4d,N118DY,A321,AIRBUS A-321,0
takeoff,JFK,31L,1781445589.81,2026-06-14T13:59:49Z,40.630405,-73.777069,300.9,a9c5c5,N729JB,A320,AIRBUS A-320,0
takeoff,JFK,31L,1781445663.41,2026-06-14T14:01:03Z,40.630747,-73.777844,300.9,a373b7,N321TG,B38M,BOEING 737 MAX 8,0
landing,LGA,22,1781445672.36,2026-06-14T14:01:12Z,40.773308,-73.879959,182.8,a1d0a3,N216JQ,E75L,EMBRAER ERJ-170-200 (long wing),0
landing,JFK,31R,1781445691.96,2026-06-14T14:01:31Z,40.650741,-73.774707,299.6,020123,CN-RGU,B788,BOEING 787-8 Dreamliner,0
takeoff,JFK,31L,1781445752.89,2026-06-14T14:02:32Z,40.63084,-73.778046,300.9,a613e0,N491AS,B739,BOEING 737-900,0
landing,LGA,22,1781445761.95,2026-06-14T14:02:41Z,40.774453,-73.879686,205.3,abd063,N860RW,E170,EMBRAER ERJ-170-100,0
takeoff,LGA,13,1781445794.79,2026-06-14T14:03:14Z,40.774919,-73.867045,123.8,a46310,N382DN,A321,AIRBUS A-321,0
takeoff,JFK,31L,1781445820.9,2026-06-14T14:03:40Z,40.629524,-73.775162,300.9,acb2c2,N917XJ,CRJ9,BOMBARDIER Regional Jet CRJ-900,0
takeoff,LGA,13,1781445852.34,2026-06-14T14:04:12Z,40.776478,-73.870041,123.8,a1d0a3,N216JQ,E75L,EMBRAER ERJ-170-200 (long wing),0
takeoff,LGA,31,1781445892.36,2026-06-14T14:04:52Z,40.772255,-73.857498,303.8,aaf183,N804JB,A320,AIRBUS A-320,0
takeoff,JFK,31L,1781445901.99,2026-06-14T14:05:01Z,40.629629,-73.775363,300.9,a8de56,N6702,B752,BOEING 757-200,0
landing,JFK,13L,1781445911.04,2026-06-14T14:05:11Z,40.651142,-73.780411,120.9,a1a56d,N205JQ,E75L,EMBRAER ERJ-170-200 (long wing),0
landing,LGA,22,1781445944.0,2026-06-14T14:05:44Z,40.776146,-73.878372,213.8,a153de,N185GJ,CRJ9,BOMBARDIER Regional Jet CRJ-900,0
takeoff,LGA,13,1781445948.75,2026-06-14T14:05:48Z,40.775384,-73.86781,129.4,abd063,N860RW,E170,EMBRAER ERJ-170-100,0
takeoff,JFK,31L,1781445993.55,2026-06-14T14:06:33Z,40.629627,-73.77536,300.9,aab974,N790QS,CL35,BOMBARDIER BD-100 Challenger 350,0
landing,JFK,31R,1781446007.94,2026-06-14T14:06:47Z,40.65176,-73.777008,300.9,8990a0,B-18771,B77L,BOEING 777-200LR,0
takeoff,JFK,31L,1781446048.77,2026-06-14T14:07:28Z,40.629234,-73.774489,300.9,a9b275,N724AN,B77W,BOEING 777-300ER,0
takeoff,JFK,31L,1781446181.28,2026-06-14T14:09:41Z,40.630944,-73.778265,300.9,a15e70,N188AM,B38M,BOEING 737 MAX 8,0
takeoff,LGA,13,1781446189.97,2026-06-14T14:09:49Z,40.775524,-73.86806,120.9,a153de,N185GJ,CRJ9,BOMBARDIER Regional Jet CRJ-900,0
takeoff,LGA,31,1781446202.32,2026-06-14T14:10:02Z,40.772289,-73.857557,300.9,ac1190,N877NN,B738,BOEING 737-800,0
takeoff,JFK,31L,1781446242.97,2026-06-14T14:10:42Z,40.629013,-73.773989,300.9,a5f162,N482PX,CRJ9,BOMBARDIER Regional Jet CRJ-900,0
takeoff,JFK,31L,1781446337.67,2026-06-14T14:12:17Z,40.631212,-73.778858,300.9,a38af8,N3272J,BCS3,AIRBUS A220-300,0
landing,JFK,31R,1781446353.08,2026-06-14T14:12:33Z,40.653278,-73.780341,300.9,a4960c,N395HA,A332,AIRBUS A-330-200,0
landing,LGA,22,1781446358.88,2026-06-14T14:12:38Z,40.774756,-73.879545,210.9,a1f46b,N225JQ,E75L,EMBRAER ERJ-170-200 (long wing),0
takeoff,JFK,31L,1781446401.75,2026-06-14T14:13:21Z,40.629971,-73.776108,300.9,ad8bed,N972JT,A321,AIRBUS A-321,0
landing,LGA,22,1781446424.22,2026-06-14T14:13:44Z,40.777393,-73.87735,210.9,abb2d5,N853DN,B739,BOEING 737-900,0
takeoff,JFK,31L,1781446482.53,2026-06-14T14:14:42Z,40.630467,-73.77722,300.9,a037b9,N113DX,A321,AIRBUS A-321,0
landing,LGA,22,1781446511.4,2026-06-14T14:15:11Z,40.776653,-73.877938,213.8,a013e8,N104DN,A321,AIRBUS A-321,0
takeoff,JFK,31L,1781446565.49,2026-06-14T14:16:05Z,40.631061,-73.778499,300.9,a34d98,N3115J,BCS3,AIRBUS A220-300,0
takeoff,LGA,13,1781446591.32,2026-06-14T14:16:31Z,40.775419,-73.867872,129.4,a1f46b,N225JQ,E75L,EMBRAER ERJ-170-200 (long wing),0
takeoff,LGA,13,1781446593.94,2026-06-14T14:16:33Z,40.776558,-73.870209,120.9,abb2d5,N853DN,B739,BOEING 737-900,0
landing,JFK,31R,1781446604.37,2026-06-14T14:16:44Z,40.651852,-73.77713,300.9,3949ec,F-GSPM,B772,BOEING 777-200,0
landing,LGA,22,1781446651.41,2026-06-14T14:17:31Z,40.779388,-73.875691,213.8,ad53ce,N958QS,C68A,CESSNA 680 Citation Latitude,0
takeoff,JFK,31L,1781446696.68,2026-06-14T14:18:16Z,40.629684,-73.775467,300.9,ac7658,N9018E,A319,AIRBUS A-319,0
takeoff,LGA,31,1781446702.96,2026-06-14T14:18:22Z,40.772242,-73.857432,320.6,aa56d4,N76522,B738,BOEING 737-800,0
landing,LGA,22,1781446749.0,2026-06-14T14:19:09Z,40.775082,-73.879257,210.9,a4f414,N418YX,E75L,EMBRAER ERJ-170-200 (long wing),0
takeoff,JFK,31L,1781446770.77,2026-06-14T14:19:30Z,40.629742,-73.775604,300.9,aa600a,N768JB,A320,AIRBUS A-320,0
landing,JFK,31R,1781446810.85,2026-06-14T14:20:10Z,40.651008,-73.775363,300.9,a776b2,N580JB,A320,AIRBUS A-320,0
takeoff,LGA,13,1781446836.08,2026-06-14T14:20:36Z,40.775501,-73.867997,140.6,a013e8,N104DN,A321,AIRBUS A-321,0
landing,LGA,22,1781446836.52,2026-06-14T14:20:36Z,40.776237,-73.878296,210.9,a6f98e,N549CA,CRJ9,BOMBARDIER Regional Jet CRJ-900,0
takeoff,LGA,04,1781446838.31,2026-06-14T14:20:38Z,40.775431,-73.877267,70.3,a4f414,N418YX,E75L,EMBRAER ERJ-170-200 (long wing),0
takeoff,JFK,31L,1781446853.85,2026-06-14T14:20:53Z,40.631058,-73.778519,300.9,a61173,N490PX,CRJ9,BOMBARDIER Regional Jet CRJ-900,0
takeoff,LGA,13,1781446883.78,2026-06-14T14:21:23Z,40.775528,-73.866669,123.8,ad7b17,N968NN,B738,BOEING 737-800,0
takeoff,JFK,31L,1781446907.03,2026-06-14T14:21:47Z,40.628975,-73.773926,300.9,a1c1c7,N212JQ,E75L,EMBRAER ERJ-170-200 (long wing),0
landing,LGA,22,1781446909.82,2026-06-14T14:21:49Z,40.77578,-73.878677,213.8,ac4ca8,N8919K,B38M,BOEING 737 MAX 8,0
landing,JFK,31R,1781446935.14,2026-06-14T14:22:15Z,40.651691,-73.77681,298.1,a5fc87,N485PX,CRJ9,BOMBARDIER Regional Jet CRJ-900,0
takeoff,LGA,31,1781446966.55,2026-06-14T14:22:46Z,40.772231,-73.857463,303.8,aa739d,N77258,B738,BOEING 737-800,0
takeoff,JFK,31L,1781446993.31,2026-06-14T14:23:13Z,40.630991,-73.778374,300.9,a845f4,N632JB,A320,AIRBUS A-320,0
landing,LGA,22,1781447018.3,2026-06-14T14:23:38Z,40.77528,-73.879077,213.8,a030a8,N111HQ,E75L,EMBRAER ERJ-170-200 (long wing),0
takeoff,JFK,31L,1781447062.56,2026-06-14T14:24:22Z,40.630692,-73.777725,300.9,a19a48,N202JQ,E75L,EMBRAER ERJ-170-200 (long wing),0
landing,LGA,22,1781447136.82,2026-06-14T14:25:36Z,40.776653,-73.877969,210.9,a071c2,N128DN,A321,AIRBUS A-321,0
takeoff,LGA,31,1781447138.31,2026-06-14T14:25:38Z,40.772463,-73.8579,303.8,a0835d,N132HQ,E75L,EMBRAER ERJ-170-200 (long wing),0
takeoff,JFK,31L,1781447167.52,2026-06-14T14:26:07Z,40.631038,-73.778437,300.9,789243,B-LQC,A359,AIRBUS A-350-900,0
landing,JFK,31R,1781447185.61,2026-06-14T14:26:25Z,40.65173,-73.776907,300.9,841520,JA05WJ,A35K,AIRBUS A-350-1000,0
takeoff,JFK,31L,1781447287.32,2026-06-14T14:28:07Z,40.630783,-73.777878,300.9,a8a3ce,N656JB,A320,AIRBUS A-320,0
landing,LGA,22,1781447304.96,2026-06-14T14:28:24Z,40.774258,-73.879822,196.9,a89d22,N654RW,E170,EMBRAER ERJ-170-100,0
landing,JFK,31R,1781447325.83,2026-06-14T14:28:45Z,40.650478,-73.774124,300.9,a091d5,N136DQ,BCS1,AIRBUS A220-100,0
takeoff,LGA,13,1781447356.28,2026-06-14T14:29:16Z,40.775528,-73.868073,123.8,abdcfd,N86344,E75L,EMBRAER ERJ-170-200 (long wing),0
takeoff,JFK,31L,1781447375.08,2026-06-14T14:29:35Z,40.630619,-73.777547,300.9,a38633,N326SJ,B38M,BOEING 737 MAX 8,0
takeoff,LGA,13,1781447393.65,2026-06-14T14:29:53Z,40.775391,-73.867828,126.6,a071c2,N128DN,A321,AIRBUS A-321,0
landing,JFK,31R,1781447394.98,2026-06-14T14:29:54Z,40.65095,-73.77516,300.9,ab2c72,N819SY,B738,BOEING 737-800,0
takeoff,JFK,31L,1781447447.27,2026-06-14T14:30:47Z,40.630692,-73.77771,300.9,a7ad0d,N594JB,A320,AIRBUS A-320,0
takeoff,JFK,31L,1781447540.86,2026-06-14T14:32:20Z,40.630314,-73.776871,300.9,a55d31,N445AA,A21N,AIRBUS A-321neo,0
takeoff,JFK,31L,1781447611.7,2026-06-14T14:33:31Z,40.629593,-73.775299,300.9,4bb14d,TC-LJM,B77L,BOEING 777-200LR,0
landing,JFK,31R,1781447640.21,2026-06-14T14:34:00Z,40.654069,-73.782042,300.9,76cee7,9V-SWG,B77W,BOEING 777-300ER,0
takeoff,JFK,31L,1781447727.64,2026-06-14T14:35:27Z,40.630409,-73.777079,300.9,ab79d3,N839AK,B38M,BOEING 737 MAX 8,0
landing,LGA,22,1781447738.85,2026-06-14T14:35:38Z,40.773617,-73.879929,182.8,ab282b,N818MD,E170,EMBRAER ERJ-170-100,0
takeoff,JFK,31L,1781447804.69,2026-06-14T14:36:44Z,40.630028,-73.776245,300.9,ad4804,N955JB,A321,AIRBUS A-321,0
landing,JFK,31R,1781447867.37,2026-06-14T14:37:47Z,40.651291,-73.775955,300.9,a72b6b,N561JB,A320,AIRBUS A-320,0
takeoff,LGA,31,1781447874.88,2026-06-14T14:37:54Z,40.772484,-73.857971,300.9,a50549,N422YX,E75L,EMBRAER ERJ-170-200 (long wing),0
takeoff,JFK,31L,1781447898.7,2026-06-14T14:38:18Z,40.629364,-73.77478,300.9,a3c68c,N342UP,B763,BOEING 767-300,0
takeoff,LGA,13,1781447929.63,2026-06-14T14:38:49Z,40.775536,-73.86806,123.8,ab282b,N818MD,E170,EMBRAER ERJ-170-100,0
landing,JFK,31R,1781447967.97,2026-06-14T14:39:27Z,40.65102,-73.775331,300.9,4ba94c,TC-JJL,B77W,BOEING 777-300ER,0
takeoff,JFK,31L,1781447981.89,2026-06-14T14:39:41Z,40.628849,-73.773636,300.9,a51b93,N428YX,E75L,EMBRAER ERJ-170-200 (long wing),0
takeoff,JFK,31L,1781448059.63,2026-06-14T14:40:59Z,40.630816,-73.778,300.9,ad4f72,N957JB,A321,AIRBUS A-321,0
takeoff,LGA,31,1781448069.96,2026-06-14T14:41:09Z,40.772919,-73.864365,289.7,ab477d,N826DN,B739,BOEING 737-900,0
takeoff,JFK,31L,1781448120.74,2026-06-14T14:42:00Z,40.630025,-73.776236,300.9,ad6f93,N965JT,A321,AIRBUS A-321,0
landing,JFK,31R,1781448128.04,2026-06-14T14:42:08Z,40.652618,-73.778915,298.1,a0433b,N116HQ,E75L,EMBRAER ERJ-170-200 (long wing),0
takeoff,JFK,31L,1781448192.37,2026-06-14T14:43:12Z,40.630268,-73.776764,300.9,a387f0,N3267J,BCS3,,0
landing,JFK,31R,1781448213.22,2026-06-14T14:43:33Z,40.652847,-73.779436,298.1,a4c9f8,N4077J,A21N,AIRBUS A-321neo,0
landing,LGA,22,1781448256.48,2026-06-14T14:44:16Z,40.777187,-73.877533,213.8,a38633,N326SJ,B38M,BOEING 737 MAX 8,0
takeoff,JFK,31L,1781448269.46,2026-06-14T14:44:29Z,40.629822,-73.775772,300.9,a781d7,N583JB,A320,AIRBUS A-320,0
takeoff,LGA,13,1781448303.03,2026-06-14T14:45:03Z,40.772141,-73.859619,123.8,a51425,N426YX,E75L,EMBRAER ERJ-170-200 (long wing),0
landing,JFK,31R,1781448394.2,2026-06-14T14:46:34Z,40.654104,-73.782479,281.2,a3a9eb,N335RT,B38M,BOEING 737 MAX 8,0
landing,JFK,13L,1781448440.52,2026-06-14T14:47:20Z,40.648293,-73.774139,120.9,a64ce6,N505DZ,A21N,AIRBUS A-321neo,0
landing,LGA,22,1781448440.87,2026-06-14T14:47:20Z,40.77626,-73.878281,210.9,c04af4,C-GCJZ,CRJ9,BOMBARDIER Regional Jet CRJ-900,0
takeoff,JFK,31L,1781448472.73,2026-06-14T14:47:52Z,40.628952,-73.773865,298.1,a23fb2,N244JQ,E75L,EMBRAER ERJ-170-200 (long wing),0
landing,JFK,31R,1781448514.59,2026-06-14T14:48:34Z,40.652335,-73.77825,300.9,a1286c,N174DZ,B763,BOEING 767-300,0
landing,LGA,22,1781448542.64,2026-06-14T14:49:02Z,40.776362,-73.878188,210.9,a77d89,N582CA,CRJ9,BOMBARDIER Regional Jet CRJ-900,0
takeoff,JFK,31L,1781448546.48,2026-06-14T14:49:06Z,40.631003,-73.778406,300.9,4d012b,LX-GCL,B744,BOEING 747-400,0
takeoff,LGA,13,1781448602.84,2026-06-14T14:50:02Z,40.776711,-73.87051,120.9,c04af4,C-GCJZ,CRJ9,BOMBARDIER Regional Jet CRJ-900,0
landing,LGA,22,1781448626.18,2026-06-14T14:50:26Z,40.775396,-73.878999,208.1,a09961,N138EV,CRJ9,BOMBARDIER Regional Jet CRJ-900,0
takeoff,JFK,31L,1781448672.76,2026-06-14T14:51:12Z,40.631096,-73.778593,300.9,a15ebc,N188DN,B763,BOEING 767-300,0
takeoff,JFK,31L,1781448762.78,2026-06-14T14:52:42Z,40.630508,-73.777267,300.9,a03235,N111ZM,A321,AIRBUS A-321,0
landing,LGA,04,1781448763.33,2026-06-14T14:52:43Z,40.773708,-73.878876,33.8,a0345f,N112HQ,E75L,EMBRAER ERJ-170-200 (long wing),0
takeoff,LGA,04,1781448794.39,2026-06-14T14:53:14Z,40.775414,-73.87738,59.1,a0345f,N112HQ,E75L,EMBRAER ERJ-170-200 (long wing),0
takeoff,LGA,13,1781448796.06,2026-06-14T14:53:16Z,40.775391,-73.867828,126.6,a77d89,N582CA,CRJ9,BOMBARDIER Regional Jet CRJ-900,0
landing,LGA,22,1781448822.09,2026-06-14T14:53:42Z,40.774197,-73.879826,196.9,a1acdb,N207JQ,E75L,EMBRAER ERJ-170-200 (long wing),0
takeoff,JFK,31L,1781448831.63,2026-06-14T14:53:51Z,40.630269,-73.776736,299.6,7380c3,4X-EDD,B789,BOEING 787-9 Dreamliner,0
landing,JFK,31R,1781448841.17,2026-06-14T14:54:01Z,40.650993,-73.775284,300.9,a894f2,N652JB,A320,AIRBUS A-320,0
takeoff,LGA,13,1781448845.82,2026-06-14T14:54:05Z,40.775402,-73.867813,123.8,a09961,N138EV,CRJ9,BOMBARDIER Regional Jet CRJ-900,0
landing,LGA,22,1781448944.56,2026-06-14T14:55:44Z,40.775885,-73.878609,210.9,a445f8,N3747D,B738,BOEING 737-800,0
takeoff,JFK,31L,1781448962.14,2026-06-14T14:56:02Z,40.631294,-73.77903,300.9,a5e02d,N478PX,CRJ9,BOMBARDIER Regional Jet CRJ-900,0
takeoff,LGA,13,1781448995.89,2026-06-14T14:56:35Z,40.775408,-73.867841,129.4,a1acdb,N207JQ,E75L,EMBRAER ERJ-170-200 (long wing),0
takeoff,JFK,31L,1781449018.21,2026-06-14T14:56:58Z,40.631235,-73.778905,300.9,a34e01,N3118J,BCS3,AIRBUS A220-300,0
landing,LGA,22,1781449028.39,2026-06-14T14:57:08Z,40.775379,-73.879013,210.9,ac8a66,N907NN,B738,BOEING 737-800,0
takeoff,JFK,31L,1781449093.05,2026-06-14T14:58:13Z,40.631001,-73.778366,300.9,4005bf,G-VIIG,B772,BOEING 777-200,0
landing,JFK,31L,1781449093.56,2026-06-14T14:58:13Z,40.631138,-73.778656,300.9,4005bf,G-VIIG,B772,BOEING 777-200,0
takeoff,JFK,31L,1781449093.56,2026-06-14T14:58:13Z,40.631138,-73.778656,300.9,4005bf,G-VIIG,B772,BOEING 777-200,0
landing,LGA,22,1781449136.16,2026-06-14T14:58:56Z,40.775256,-73.879108,210.9,ac62cc,N8978G,B38M,BOEING 737 MAX 8,0
landing,JFK,31R,1781449137.01,2026-06-14T14:58:57Z,40.650925,-73.775131,300.9,408121,G-VPIE,A339,AIRBUS A-330-900,0
takeoff,LGA,13,1781449152.78,2026-06-14T14:59:12Z,40.775528,-73.868073,123.8,a445f8,N3747D,B738,BOEING 737-800,0
landing,LGA,22,1781449153.93,2026-06-14T14:59:13Z,40.776665,-73.88148,254.6,a80d35,N618HR,A109,AGUSTA AW-109 Grand,0
takeoff,LGA,22,1781449161.35,2026-06-14T14:59:21Z,40.776676,-73.881559,249.0,a80d35,N618HR,A109,AGUSTA AW-109 Grand,0
takeoff,JFK,31L,1781449183.74,2026-06-14T14:59:43Z,40.628231,-73.772278,300.9,a4e8ef,N415YX,E75L,EMBRAER ERJ-170-200 (long wing),0
takeoff,LGA,31,1781449224.24,2026-06-14T15:00:24Z,40.772277,-73.85751,298.1,a06aba,N126HQ,E75L,EMBRAER ERJ-170-200 (long wing),0
takeoff,JFK,31L,1781449258.83,2026-06-14T15:00:58Z,40.631092,-73.778564,300.9,a7a956,N593JB,A320,AIRBUS A-320,0
landing,JFK,31R,1781449259.44,2026-06-14T15:00:59Z,40.651311,-73.77594,300.9,ad15cf,N942NN,B738,BOEING 737-800,0
takeoff,JFK,31L,1781449344.49,2026-06-14T15:02:24Z,40.631069,-73.778503,300.9,a88774,N649JB,A320,AIRBUS A-320,0
landing,LGA,04,1781449346.16,2026-06-14T15:02:26Z,40.772186,-73.880142,30.9,aa7e79,N77535,B738,BOEING 737-800,0
landing,LGA,22,1781449360.15,2026-06-14T15:02:40Z,40.776638,-73.87796,213.8,a46304,N382DA,B738,BOEING 737-800,0
landing,JFK,31R,1781449361.51,2026-06-14T15:02:41Z,40.651875,-73.777237,300.9,71be19,HL7619,A388,AIRBUS A-380-800,0
takeoff,LGA,31,1781449363.77,2026-06-14T15:02:43Z,40.772347,-73.857713,306.6,a15516,N185UW,A321,AIRBUS A-321,0
takeoff,JFK,31L,1781449409.89,2026-06-14T15:03:29Z,40.63091,-73.778187,298.1,a39113,N329PQ,CRJ9,BOMBARDIER Regional Jet CRJ-900,0
takeoff,JFK,31L,1781449507.67,2026-06-14T15:05:07Z,40.63141,-73.779295,300.9,a3549d,N3132J,BCS3,AIRBUS A220-300,0
landing,JFK,31R,1781449568.46,2026-06-14T15:06:08Z,40.652719,-73.779155,300.9,a310cf,N297PQ,CRJ9,BOMBARDIER Regional Jet CRJ-900,0
takeoff,JFK,31L,1781449587.36,2026-06-14T15:06:27Z,40.631287,-73.779022,300.9,a95ca4,N702GT,B77L,BOEING 777-200LR,0
takeoff,LGA,13,1781449608.12,2026-06-14T15:06:48Z,40.775494,-73.868042,126.6,a46304,N382DA,B738,BOEING 737-800,0
landing,JFK,31R,1781449665.28,2026-06-14T15:07:45Z,40.651567,-73.776502,298.1,adf128,N998JE,A321,AIRBUS A-321,0
takeoff,JFK,31L,1781449724.21,2026-06-14T15:08:44Z,40.63077,-73.777891,300.9,a8ab3c,N658JB,A320,AIRBUS A-320,0
takeoff,JFK,31L,1781449784.58,2026-06-14T15:09:44Z,40.630795,-73.777985,300.9,a03765,N113AN,A321,AIRBUS A-321,0
landing,JFK,31R,1781449826.75,2026-06-14T15:10:26Z,40.651119,-73.775558,300.9,ab6c08,N835MH,B764,BOEING 767-400,0
landing,LGA,22,1781449850.13,2026-06-14T15:10:50Z,40.774453,-73.879686,202.5,abdf3f,N864RW,E170,EMBRAER ERJ-170-100,0
takeoff,JFK,31L,1781449957.96,2026-06-14T15:12:37Z,40.635841,-73.789062,300.9,aba7b0,N850DN,B739,BOEING 737-900,0
landing,LGA,22,1781449985.54,2026-06-14T15:13:05Z,40.776548,-73.878063,210.9,a4ba02,N403YX,E75L,EMBRAER ERJ-170-200 (long wing),0
takeoff,JFK,31L,1781450042.0,2026-06-14T15:14:02Z,40.631107,-73.77864,300.9,a1aaae,N2060J,A21N,AIRBUS A-321neo,0
landing,LGA,22,1781450050.38,2026-06-14T15:14:10Z,40.778143,-73.876721,210.9,a15795,N186GJ,CRJ9,BOMBARDIER Regional Jet CRJ-900,0
takeoff,JFK,31L,1781450113.07,2026-06-14T15:15:13Z,40.631229,-73.778885,300.9,adb723,N983JT,A321,AIRBUS A-321,0
landing,JFK,31R,1781450141.56,2026-06-14T15:15:41Z,40.650939,-73.775144,300.9,a12fda,N176DZ,B763,BOEING 767-300,0
landing,LGA,22,1781450172.98,2026-06-14T15:16:12Z,40.775664,-73.87875,213.8,aa56d5,N76523,B738,BOEING 737-800,0
takeoff,JFK,31L,1781450221.97,2026-06-14T15:17:01Z,40.631177,-73.77878,300.9,a44db3,N3769L,B738,BOEING 737-800,0
landing,LGA,22,1781450295.52,2026-06-14T15:18:15Z,40.776695,-73.877914,213.8,aca3e6,N913XJ,CRJ9,BOMBARDIER Regional Jet CRJ-900,0
takeoff,JFK,31L,1781450301.12,2026-06-14T15:18:21Z,40.631275,-73.778961,300.9,a13386,N177DN,B763,BOEING 767-300,0
takeoff,JFK,31L,1781450407.04,2026-06-14T15:20:07Z,40.630921,-73.778203,300.9,acb878,N919DU,B739,BOEING 737-900,0
landing,JFK,31R,1781450439.48,2026-06-14T15:20:39Z,40.650879,-73.77507,300.9,a34825,N310PQ,CRJ9,BOMBARDIER Regional Jet CRJ-900,0
takeoff,LGA,31,1781450449.22,2026-06-14T15:20:49Z,40.772266,-73.857559,303.8,adb0b4,N981UY,A321,AIRBUS A-321,0
landing,LGA,22,1781450466.0,2026-06-14T15:21:06Z,40.776741,-73.877869,210.9,abfc97,N8711Q,B38M,BOEING 737 MAX 8,0
takeoff,JFK,31L,1781450474.16,2026-06-14T15:21:14Z,40.631092,-73.778595,300.9,adc5ff,N987JT,A321,AIRBUS A-321,0
takeoff,LGA,13,1781450483.76,2026-06-14T15:21:23Z,40.775536,-73.868091,123.8,aca3e6,N913XJ,CRJ9,BOMBARDIER Regional Jet CRJ-900,0
takeoff,JFK,31L,1781450544.67,2026-06-14T15:22:24Z,40.629799,-73.775757,300.9,a51633,N427FX,E545,EMBRAER EMB545 Praetor 500,0
landing,LGA,22,1781450548.92,2026-06-14T15:22:28Z,40.778282,-73.876612,213.8,a36eae,N320DU,BCS3,AIRBUS A220-300,0
landing,JFK,13L,1781450588.95,2026-06-14T15:23:08Z,40.653092,-73.782728,120.9,adf4e9,N999JQ,A321,AIRBUS A-321,0
takeoff,LGA,31,1781450618.85,2026-06-14T15:23:38Z,40.772207,-73.857417,303.8,a5106e,N425YX,E75L,EMBRAER ERJ-170-200 (long wing),0
takeoff,JFK,31L,1781450626.0,2026-06-14T15:23:46Z,40.631126,-73.778656,300.9,ad3cdf,N952JB,A321,AIRBUS A-321,0
takeoff,LGA,13,1781450663.46,2026-06-14T15:24:23Z,40.775547,-73.868106,123.8,abfc97,N8711Q,B38M,BOEING 737 MAX 8,0
landing,JFK,31R,1781450664.32,2026-06-14T15:24:24Z,40.65166,-73.776736,298.1,a373ea,N321VH,B38M,BOEING 737 MAX 8,0
landing,LGA,22,1781450680.07,2026-06-14T15:24:40Z,40.777375,-73.877361,213.8,acfa52,N935XJ,CRJ9,BOMBARDIER Regional Jet CRJ-900,0
takeoff,LGA,13,1781450741.12,2026-06-14T15:25:41Z,40.775517,-73.868027,154.7,a36eae,N320DU,BCS3,AIRBUS A220-300,0
landing,LGA,04,1781450812.89,2026-06-14T15:26:52Z,40.773662,-73.878921,30.9,abe2f6,N865RW,E170,EMBRAER ERJ-170-100,0
landing,LGA,22,1781450838.68,2026-06-14T15:27:18Z,40.775524,-73.87889,210.9,a3dc5a,N348PQ,CRJ9,BOMBARDIER Regional Jet CRJ-900,0
takeoff,LGA,13,1781450886.2,2026-06-14T15:28:06Z,40.776741,-73.869232,123.8,acfa52,N935XJ,CRJ9,BOMBARDIER Regional Jet CRJ-900,0
landing,LGA,22,1781450906.76,2026-06-14T15:28:26Z,40.77855,-73.876393,213.8,a30657,N294WN,B737,BOEING 737-700,0
takeoff,JFK,31L,1781450963.44,2026-06-14T15:29:23Z,40.628998,-73.773956,300.9,a1a56d,N205JQ,E75L,EMBRAER ERJ-170-200 (long wing),0
takeoff,LGA,31,1781450982.44,2026-06-14T15:29:42Z,40.772255,-73.857483,300.9,aa7e36,N77518,B738,BOEING 737-800,0
landing,JFK,31R,1781450995.5,2026-06-14T15:29:55Z,40.651016,-73.775345,300.9,a6f2b7,N547JB,A320,AIRBUS A-320,0
landing,JFK,13R,1781450997.78,2026-06-14T15:29:57Z,40.640662,-73.795978,165.9,06a078,A7-BAK,B77W,BOEING 777-300ER,0
landing,LGA,22,1781451012.75,2026-06-14T15:30:12Z,40.778252,-73.876587,213.8,a33339,N305PQ,CRJ9,BOMBARDIER Regional Jet CRJ-900,0
landing,LGA,22,1781451099.39,2026-06-14T15:31:39Z,40.775288,-73.879089,210.9,a1b449,N209JQ,E75L,EMBRAER ERJ-170-200 (long wing),0
landing,JFK,31R,1781451112.87,2026-06-14T15:31:52Z,40.651669,-73.776794,300.9,a34d2f,N3112J,BCS3,AIRBUS A220-300,0
takeoff,LGA,13,1781451116.04,2026-06-14T15:31:56Z,40.77602,-73.869095,120.9,a30657,N294WN,B737,BOEING 737-700,0
landing,LGA,22,1781451186.91,2026-06-14T15:33:06Z,40.780447,-73.874833,210.9,ab5024,N828SA,PC12,PILATUS PC-12,0
landing,JFK,31L,1781451202.93,2026-06-14T15:33:22Z,40.63979,-73.797791,300.9,ae20c7,07-7186,C17,Boeing C-17A Globemaster III,1
takeoff,LGA,13,1781451214.33,2026-06-14T15:33:34Z,40.775059,-73.867295,123.8,a33339,N305PQ,CRJ9,BOMBARDIER Regional Jet CRJ-900,0
landing,JFK,31R,1781451233.61,2026-06-14T15:33:53Z,40.653019,-73.780045,284.1,a4ddca,N412YX,E75L,EMBRAER ERJ-170-200 (long wing),0
takeoff,LGA,13,1781451278.34,2026-06-14T15:34:38Z,40.775547,-73.868091,123.8,a1b449,N209JQ,E75L,EMBRAER ERJ-170-200 (long wing),0
landing,LGA,22,1781451280.4,2026-06-14T15:34:40Z,40.778818,-73.876175,210.9,a76df8,N578UW,A321,AIRBUS A-321,0
takeoff,JFK,31L,1781451349.75,2026-06-14T15:35:49Z,40.630955,-73.77829,300.9,ac733b,N901DN,B739,BOEING 737-900,0
landing,LGA,22,1781451358.63,2026-06-14T15:35:58Z,40.776828,-73.877813,213.8,a35701,N314PQ,CRJ9,BOMBARDIER Regional Jet CRJ-900,0
takeoff,JFK,31L,1781451422.39,2026-06-14T15:37:02Z,40.630039,-73.77626,300.9,a2c93f,N279PQ,CRJ9,BOMBARDIER Regional Jet CRJ-900,0
landing,JFK,31R,1781451436.5,2026-06-14T15:37:16Z,40.652,-73.777512,300.9,acb679,N918XJ,CRJ9,BOMBARDIER Regional Jet CRJ-900,0
landing,LGA,22,1781451457.49,2026-06-14T15:37:37Z,40.77329,-73.879951,185.6,a52cc8,N432YX,E75L,EMBRAER ERJ-170-200 (long wing),0
landing,LGA,22,1781451495.42,2026-06-14T15:38:15Z,40.777631,-73.877158,210.9,a42e13,N369DN,A321,AIRBUS A-321,0
takeoff,JFK,31L,1781451540.63,2026-06-14T15:39:00Z,40.631003,-73.77839,300.9,a19cc7,N2027J,A21N,AIRBUS A-321neo,0
takeoff,LGA,13,1781451541.12,2026-06-14T15:39:01Z,40.7767,-73.87051,120.9,a35701,N314PQ,CRJ9,BOMBARDIER Regional Jet CRJ-900,0
landing,JFK,31R,1781451594.61,2026-06-14T15:39:54Z,40.65144,-73.776245,300.9,a40d7a,N360NB,A319,AIRBUS A-319,0
takeoff,JFK,31L,1781451595.1,2026-06-14T15:39:55Z,40.629078,-73.774124,298.1,a537ed,N435YX,E75L,EMBRAER ERJ-170-200 (long wing),0
landing,LGA,22,1781451630.07,2026-06-14T15:40:30Z,40.776886,-73.877766,213.8,ac81d2,N905AU,A321,AIRBUS A-321,0
takeoff,JFK,31L,1781451684.96,2026-06-14T15:41:24Z,40.631115,-73.77861,300.9,06a078,A7-BAK,B77W,BOEING 777-300ER,0
takeoff,LGA,04,1781451835.1,2026-06-14T15:43:55Z,40.774796,-73.873901,50.6,a38633,N326SJ,B38M,BOEING 737 MAX 8,0
takeoff,LGA,31,1781451870.18,2026-06-14T15:44:30Z,40.772324,-73.857682,303.8,ac4ca8,N8919K,B38M,BOEING 737 MAX 8,0
landing,JFK,31R,1781451916.21,2026-06-14T15:45:16Z,40.652664,-73.779007,298.1,a54312,N438YX,E75L,EMBRAER ERJ-170-200 (long wing),0
landing,JFK,31R,1781452030.4,2026-06-14T15:47:10Z,40.650822,-73.774887,300.9,a85c3e,N638JB,A320,AIRBUS A-320,0
takeoff,JFK,31L,1781452055.92,2026-06-14T15:47:35Z,40.631084,-73.778562,300.9,a7a17b,N591DT,A21N,AIRBUS A-321neo,0
landing,LGA,22,1781452097.5,2026-06-14T15:48:17Z,40.774395,-73.879764,199.7,a866c7,N640RW,E170,EMBRAER ERJ-170-100,0
landing,LGA,22,1781452150.51,2026-06-14T15:49:10Z,40.77721,-73.877487,210.9,a491f1,N394DA,B738,BOEING 737-800,0
landing,JFK,13L,1781452202.8,2026-06-14T15:50:02Z,40.650927,-73.779857,149.1,a1f822,N226JQ,E75L,EMBRAER ERJ-170-200 (long wing),0
takeoff,JFK,31L,1781452221.19,2026-06-14T15:50:21Z,40.631643,-73.779795,300.9,8964b1,A6-EVC,A388,AIRBUS A-380-800,0
takeoff,JFK,31L,1781452379.01,2026-06-14T15:52:59Z,40.630898,-73.778172,300.9,a657f4,N508DA,A21N,AIRBUS A-321neo,0
landing,JFK,31R,1781452548.47,2026-06-14T15:55:48Z,40.65263,-73.778915,300.9,a6b470,N531DA,A21N,AIRBUS A-321neo,0
takeoff,LGA,13,1781452579.07,2026-06-14T15:56:19Z,40.775489,-73.866624,123.8,a026e1,N109HQ,E75L,EMBRAER ERJ-170-200 (long wing),0
takeoff,JFK,31L,1781452613.19,2026-06-14T15:56:53Z,40.630234,-73.776688,300.9,a2d573,N282AK,B739,BOEING 737-900,0
landing,JFK,31R,1781452661.0,2026-06-14T15:57:41Z,40.651657,-73.776779,300.9,a3311b,N3044J,BCS3,AIRBUS A220-300,0
landing,LGA,22,1781452667.34,2026-06-14T15:57:47Z,40.775501,-73.87889,213.8,ab3d17,N823MD,E170,EMBRAER ERJ-170-100,0
takeoff,JFK,31L,1781452685.5,2026-06-14T15:58:05Z,40.631069,-73.778549,300.9,a091d5,N136DQ,BCS1,AIRBUS A220-100,0
takeoff,LGA,13,1781452733.71,2026-06-14T15:58:53Z,40.775494,-73.867996,123.8,a74f33,N570JB,A320,AIRBUS A-320,0
takeoff,JFK,31L,1781452830.51,2026-06-14T16:00:30Z,40.631184,-73.778809,298.1,a5fc87,N485PX,CRJ9,BOMBARDIER Regional Jet CRJ-900,0
landing,JFK,31R,1781452850.29,2026-06-14T16:00:50Z,40.65301,-73.779997,284.1,a40e30,N360VJ,CL35,BOMBARDIER BD-100 Challenger 350,0
landing,LGA,22,1781452864.49,2026-06-14T16:01:04Z,40.776844,-73.877792,213.8,a3adb9,N336SR,B38M,BOEING 737 MAX 8,0
takeoff,JFK,31L,1781452910.42,2026-06-14T16:01:50Z,40.631195,-73.778793,300.9,a3244f,N301PA,B738,BOEING 737-800,0
landing,JFK,31R,1781452947.69,2026-06-14T16:02:27Z,40.652378,-73.778305,300.9,aa28f2,N754AN,B772,BOEING 777-200,0
takeoff,LGA,13,1781452949.67,2026-06-14T16:02:29Z,40.775528,-73.866699,123.8,ab3d17,N823MD,E170,EMBRAER ERJ-170-100,0
landing,LGA,22,1781453016.94,2026-06-14T16:03:36Z,40.774418,-73.879623,202.5,a046f2,N117HQ,E75L,EMBRAER ERJ-170-200 (long wing),0
takeoff,JFK,31L,1781453023.93,2026-06-14T16:03:43Z,40.630875,-73.778094,298.1,a67f81,N518DQ,A21N,AIRBUS A-321neo,0
takeoff,JFK,31L,1781453110.86,2026-06-14T16:05:10Z,40.631046,-73.778503,300.9,ad8fa4,N973JT,A321,AIRBUS A-321,0
takeoff,LGA,31,1781453111.51,2026-06-14T16:05:11Z,40.775093,-73.863425,300.9,ab5024,N828SA,PC12,PILATUS PC-12,0
landing,LGA,22,1781453115.67,2026-06-14T16:05:15Z,40.773324,-73.879951,185.6,a06e71,N127HQ,E75L,EMBRAER ERJ-170-200 (long wing),0
landing,JFK,31R,1781453142.78,2026-06-14T16:05:42Z,40.652687,-73.779007,300.9,ac4d1a,N892DN,B739,BOEING 737-900,0
takeoff,LGA,31,1781453184.36,2026-06-14T16:06:24Z,40.772243,-73.857468,303.8,a89d22,N654RW,E170,EMBRAER ERJ-170-100,0
takeoff,JFK,31L,1781453198.28,2026-06-14T16:06:38Z,40.631247,-73.778921,300.9,71c362,HL8362,A359,AIRBUS A-350-900,0
landing,LGA,22,1781453207.47,2026-06-14T16:06:47Z,40.77663,-73.877969,210.9,a062ef,N124DX,A321,AIRBUS A-321,0
landing,JFK,31R,1781453265.39,2026-06-14T16:07:45Z,40.65244,-73.778468,300.9,ab599b,N830NW,A333,AIRBUS A-330-300,0
takeoff,LGA,13,1781453342.41,2026-06-14T16:09:02Z,40.776627,-73.869003,123.8,a4ba02,N403YX,E75L,EMBRAER ERJ-170-200 (long wing),0
landing,LGA,22,1781453373.42,2026-06-14T16:09:33Z,40.775803,-73.878647,210.9,c07d20,C-GVJZ,DH8D,DE HAVILLAND DHC-8-400 Dash 8,0
landing,JFK,13R,1781453433.95,2026-06-14T16:10:33Z,40.639417,-73.794152,120.9,aaa34c,N785CA,P212,TECNAM P-2012 Traveller,0
landing,JFK,31R,1781453437.21,2026-06-14T16:10:37Z,40.651531,-73.776505,300.9,ab6162,N832SK,CRJ9,BOMBARDIER Regional Jet CRJ-900,0
takeoff,JFK,31L,1781453444.12,2026-06-14T16:10:44Z,40.630943,-73.778244,300.9,a9704d,N707TW,B752,BOEING 757-200,0
takeoff,LGA,13,1781453446.37,2026-06-14T16:10:46Z,40.775396,-73.866437,123.8,a030a8,N111HQ,E75L,EMBRAER ERJ-170-200 (long wing),0
takeoff,LGA,31,1781453464.31,2026-06-14T16:11:04Z,40.772731,-73.858478,300.9,ac8a66,N907NN,B738,BOEING 737-800,0
landing,LGA,22,1781453465.45,2026-06-14T16:11:05Z,40.774464,-73.8797,208.1,abbb77,N855RW,E170,EMBRAER ERJ-170-100,0
landing,JFK,31R,1781453532.78,2026-06-14T16:12:12Z,40.652779,-73.77919,300.9,3965b1,F-GZNR,B77W,BOEING 777-300ER,0
takeoff,JFK,31L,1781453536.86,2026-06-14T16:12:16Z,40.631001,-73.778366,300.9,801612,VT-JRB,A359,AIRBUS A-350-900,0
landing,LGA,22,1781453544.5,2026-06-14T16:12:24Z,40.775757,-73.878703,213.8,a392f2,N3296J,BCS3,AIRBUS A220-300,0
takeoff,JFK,04L,1781453604.57,2026-06-14T16:13:24Z,40.634401,-73.77761,30.9,aaa34c,N785CA,P212,TECNAM P-2012 Traveller,0
takeoff,LGA,13,1781453624.76,2026-06-14T16:13:44Z,40.775471,-73.866577,123.8,a3b4d6,N338PK,B738,BOEING 737-800,0
landing,LGA,22,1781453653.99,2026-06-14T16:14:13Z,40.773615,-73.87992,185.6,abd7d1,N862RW,E170,EMBRAER ERJ-170-100,0
landing,JFK,31R,1781453672.09,2026-06-14T16:14:32Z,40.65279,-73.779282,300.9,a3dcc2,N348TU,B38M,,0
takeoff,JFK,31L,1781453672.78,2026-06-14T16:14:32Z,40.631491,-73.779467,298.1,a3c9c5,N343PN,B738,BOEING 737-800,0
takeoff,LGA,13,1781453679.07,2026-06-14T16:14:39Z,40.775471,-73.866592,120.9,ac62cc,N8978G,B38M,BOEING 737 MAX 8,0
landing,LGA,22,1781453715.33,2026-06-14T16:15:15Z,40.777496,-73.877258,213.8,a2fe3c,N292PQ,CRJ9,BOMBARDIER Regional Jet CRJ-900,0
takeoff,JFK,31L,1781453749.55,2026-06-14T16:15:49Z,40.631189,-73.778811,299.6,020123,CN-RGU,B788,BOEING 787-8 Dreamliner,0
landing,JFK,31R,1781453765.71,2026-06-14T16:16:05Z,40.654162,-73.78329,261.6,a3401a,N3085J,BCS3,AIRBUS A220-300,0
takeoff,LGA,13,1781453775.54,2026-06-14T16:16:15Z,40.775466,-73.866577,118.1,a15795,N186GJ,CRJ9,BOMBARDIER Regional Jet CRJ-900,0
takeoff,LGA,22,1781453798.32,2026-06-14T16:16:38Z,40.775431,-73.875488,199.7,abbb77,N855RW,E170,EMBRAER ERJ-170-100,0
landing,LGA,22,1781453807.34,2026-06-14T16:16:47Z,40.77805,-73.876799,210.9,a3534a,N313PQ,CRJ9,BOMBARDIER Regional Jet CRJ-900,0
landing,JFK,31R,1781453842.69,2026-06-14T16:17:22Z,40.651416,-73.776252,300.9,a0563b,N1201P,B763,BOEING 767-300,0
landing,LGA,22,1781453884.33,2026-06-14T16:18:04Z,40.77776,-73.877045,213.8,a1bf3a,N211WN,B737,BOEING 737-700,0
takeoff,JFK,31L,1781453900.72,2026-06-14T16:18:20Z,40.630943,-73.778259,300.9,a61f05,N494AS,B739,BOEING 737-900,0
takeoff,LGA,13,1781453944.1,2026-06-14T16:19:04Z,40.776695,-73.869141,123.8,abe2f6,N865RW,E170,EMBRAER ERJ-170-100,0
landing,JFK,31R,1781453944.35,2026-06-14T16:19:04Z,40.651963,-73.777438,300.9,a16883,N190DN,B763,BOEING 767-300,0
takeoff,JFK,04L,1781454009.86,2026-06-14T16:20:09Z,40.646353,-73.761349,61.9,a0433b,N116HQ,E75L,EMBRAER ERJ-170-200 (long wing),0
takeoff,JFK,22R,1781454167.02,2026-06-14T16:22:47Z,40.646609,-73.766405,210.9,a8e247,N6713Y,B752,BOEING 757-200,0
landing,LGA,22,1781454184.44,2026-06-14T16:23:04Z,40.776525,-73.878063,213.8,acc3f7,N921XJ,CRJ9,BOMBARDIER Regional Jet CRJ-900,0
landing,JFK,22L,1781454357.46,2026-06-14T16:25:57Z,40.631046,-73.766022,216.6,a32bba,N303NY,A21N,AIRBUS A-321neo,0
landing,LGA,22,1781454448.99,2026-06-14T16:27:28Z,40.774235,-73.879959,213.8,aa56b4,N76515,B738,BOEING 737-800,0
landing,JFK,22L,1781454450.65,2026-06-14T16:27:30Z,40.630968,-73.766171,216.6,a7e1cd,N607FR,A21N,AIRBUS A-321neo,0
takeoff,JFK,22R,1781454517.52,2026-06-14T16:28:37Z,40.64716,-73.765961,210.9,ab4f5d,N828JB,A320,AIRBUS A-320,0
landing,JFK,22L,1781454544.99,2026-06-14T16:29:04Z,40.630577,-73.766556,222.2,44ccc7,OO-SFG,A333,AIRBUS A-330-300,0
landing,LGA,22,1781454552.67,2026-06-14T16:29:12Z,40.775734,-73.878718,213.8,a33243,N305DU,BCS3,AIRBUS A220-300,0
takeoff,LGA,13,1781454553.68,2026-06-14T16:29:13Z,40.77699,-73.869729,120.9,ad53ce,N958QS,C68A,CESSNA 680 Citation Latitude,0
landing,JFK,22L,1781454662.03,2026-06-14T16:31:02Z,40.631806,-73.765391,210.9,a34d52,N3113J,BCS3,AIRBUS A220-300,0
landing,LGA,22,1781454667.11,2026-06-14T16:31:07Z,40.773476,-73.879936,185.6,abdb88,N863RW,E170,EMBRAER ERJ-170-100,0
takeoff,JFK,22R,1781454708.33,2026-06-14T16:31:48Z,40.64922,-73.764343,208.1,a310cf,N297PQ,CRJ9,BOMBARDIER Regional Jet CRJ-900,0
takeoff,LGA,13,1781454709.53,2026-06-14T16:31:49Z,40.772265,-73.859867,123.8,a52cc8,N432YX,E75L,EMBRAER ERJ-170-200 (long wing),0
landing,LGA,22,1781454755.1,2026-06-14T16:32:35Z,40.773662,-73.87992,185.6,a1ccec,N215JQ,E75L,EMBRAER ERJ-170-200 (long wing),0
landing,JFK,22L,1781454759.17,2026-06-14T16:32:39Z,40.63056,-73.766499,225.0,ab879f,N842DN,B739,BOEING 737-900,0
takeoff,JFK,22R,1781454777.67,2026-06-14T16:32:57Z,40.647505,-73.765671,210.9,a776b2,N580JB,A320,AIRBUS A-320,0
landing,LGA,22,1781454814.94,2026-06-14T16:33:34Z,40.774693,-73.879578,213.8,ab93a5,N845NN,B738,BOEING 737-800,0
takeoff,JFK,22R,1781454864.91,2026-06-14T16:34:24Z,40.646427,-73.766525,210.9,ab2c72,N819SY,B738,BOEING 737-800,0
landing,JFK,22L,1781454897.56,2026-06-14T16:34:57Z,40.630933,-73.766093,213.8,4b187a,HB-JHA,A333,AIRBUS A-330-300,0
landing,LGA,22,1781454932.29,2026-06-14T16:35:32Z,40.773336,-73.879936,180.0,ac0a75,N875RW,E170,EMBRAER ERJ-170-100,0
takeoff,JFK,22R,1781454976.18,2026-06-14T16:36:16Z,40.646038,-73.76683,210.9,a72b6b,N561JB,A320,AIRBUS A-320,0
landing,JFK,22L,1781455014.09,2026-06-14T16:36:54Z,40.63353,-73.764038,210.9,a39243,N3291J,BCS3,AIRBUS A220-300,0
landing,JFK,22L,1781455114.89,2026-06-14T16:38:34Z,40.630703,-73.766418,219.4,4cadca,EI-HJS,A339,AIRBUS A-330-900,0
landing,LGA,22,1781455163.84,2026-06-14T16:39:23Z,40.776672,-73.87796,210.9,a09239,N136HQ,E75L,EMBRAER ERJ-170-200 (long wing),0
takeoff,JFK,22R,1781455166.64,2026-06-14T16:39:26Z,40.645888,-73.766967,208.1,a3a9eb,N335RT,B38M,BOEING 737 MAX 8,0
takeoff,LGA,13,1781455188.14,2026-06-14T16:39:48Z,40.775454,-73.866515,123.8,aa7e79,N77535,B738,BOEING 737-800,0
landing,JFK,22L,1781455203.26,2026-06-14T16:40:03Z,40.632236,-73.765063,210.9,78023d,B-KPQ,B77W,BOEING 777-300ER,0
takeoff,LGA,31,1781455224.18,2026-06-14T16:40:24Z,40.772243,-73.857529,306.6,a3dc5a,N348PQ,CRJ9,BOMBARDIER Regional Jet CRJ-900,0
takeoff,JFK,22R,1781455229.03,2026-06-14T16:40:29Z,40.646144,-73.766748,210.9,a894f2,N652JB,A320,AIRBUS A-320,0
landing,LGA,22,1781455280.69,2026-06-14T16:41:20Z,40.773148,-73.879944,180.0,a04aa9,N118HQ,E75L,EMBRAER ERJ-170-200 (long wing),0
landing,JFK,22L,1781455336.21,2026-06-14T16:42:16Z,40.630293,-73.76692,227.8,4005ba,G-VIIB,B772,BOEING 777-200,0
landing,LGA,22,1781455337.04,2026-06-14T16:42:17Z,40.776653,-73.877938,213.8,ac5f42,N8969S,B38M,BOEING 737 MAX 8,0
landing,JFK,22L,1781455440.39,2026-06-14T16:44:00Z,40.63269,-73.764751,210.9,ab4c76,N827SK,CRJ9,BOMBARDIER Regional Jet CRJ-900,0
landing,LGA,22,1781455484.13,2026-06-14T16:44:44Z,40.776909,-73.877751,210.9,a3b3e5,N338DU,BCS3,AIRBUS A220-300,0
landing,JFK,22L,1781455507.07,2026-06-14T16:45:07Z,40.631491,-73.765656,212.4,ab9af3,N847MF,B789,BOEING 787-9 Dreamliner,0
takeoff,JFK,22R,1781455547.7,2026-06-14T16:45:47Z,40.646528,-73.766452,210.9,a34825,N310PQ,CRJ9,BOMBARDIER Regional Jet CRJ-900,0
landing,LGA,22,1781455628.42,2026-06-14T16:47:08Z,40.774532,-73.879669,208.1,a1c935,N214JQ,E75L,EMBRAER ERJ-170-200 (long wing),0
takeoff,JFK,22R,1781455675.67,2026-06-14T16:47:55Z,40.647936,-73.765344,210.9,8990a0,B-18771,B77L,BOEING 777-200LR,0
landing,LGA,22,1781455716.49,2026-06-14T16:48:36Z,40.776363,-73.878189,210.9,a08e3c,N135EV,CRJ9,BOMBARDIER Regional Jet CRJ-900,0
landing,JFK,22L,1781455747.59,2026-06-14T16:49:07Z,40.632706,-73.764648,210.9,a15397,N185DN,B763,BOEING 767-300,0
landing,JFK,31L,1781455834.24,2026-06-14T16:50:34Z,40.63418,-73.780559,289.7,acc040,N920XJ,CRJ9,BOMBARDIER Regional Jet CRJ-900,0
landing,LGA,22,1781455839.21,2026-06-14T16:50:39Z,40.776169,-73.878357,210.9,ac18fe,N879NN,B738,BOEING 737-800,0
takeoff,JFK,22R,1781455884.06,2026-06-14T16:51:24Z,40.647377,-73.765781,209.6,507c50,UK-78703,B788,BOEING 787-8 Dreamliner,0
landing,LGA,22,1781455901.43,2026-06-14T16:51:41Z,40.778435,-73.876465,210.9,a06a54,N126DN,A321,AIRBUS A-321,0
landing,JFK,22L,1781455947.58,2026-06-14T16:52:27Z,40.632597,-73.765828,239.1,a5e3e4,N479PX,CRJ9,BOMBARDIER Regional Jet CRJ-900,0
takeoff,LGA,31,1781455964.38,2026-06-14T16:52:44Z,40.772265,-73.857542,306.6,aa56d5,N76523,B738,BOEING 737-800,0
landing,JFK,22L,1781456079.09,2026-06-14T16:54:39Z,40.63347,-73.76422,225.0,a5e9f4,N480PX,CRJ9,BOMBARDIER Regional Jet CRJ-900,0
takeoff,JFK,22R,1781456109.44,2026-06-14T16:55:09Z,40.646493,-73.766483,210.9,a373ea,N321VH,B38M,BOEING 737 MAX 8,0
landing,LGA,22,1781456110.71,2026-06-14T16:55:10Z,40.778678,-73.876284,210.9,a3e011,N349PQ,CRJ9,BOMBARDIER Regional Jet CRJ-900,0
landing,JFK,22L,1781456233.89,2026-06-14T16:57:13Z,40.632626,-73.76474,210.9,ab5d2c,N831MH,B764,BOEING 767-400,0
landing,LGA,04,1781456238.94,2026-06-14T16:57:18Z,40.772999,-73.879578,73.1,abd41a,N861RW,E170,EMBRAER ERJ-170-100,0
landing,LGA,22,1781456271.03,2026-06-14T16:57:51Z,40.778026,-73.87683,210.9,a6eec9,N546FX,CL35,BOMBARDIER BD-100 Challenger 350,8
takeoff,JFK,22R,1781456324.04,2026-06-14T16:58:44Z,40.647622,-73.765593,210.9,acb679,N918XJ,CRJ9,BOMBARDIER Regional Jet CRJ-900,0
landing,JFK,22L,1781456341.53,2026-06-14T16:59:01Z,40.634599,-73.763206,210.9,a0aa2b,N142AN,A321,AIRBUS A-321,0
landing,LGA,22,1781456366.49,2026-06-14T16:59:26Z,40.77562,-73.878815,210.9,ab0a73,N810MD,E170,EMBRAER ERJ-170-100,0
landing,JFK,22L,1781456423.49,2026-06-14T17:00:23Z,40.631841,-73.765344,210.9,899121,B-16781,B77L,BOEING 777-200LR,0
landing,LGA,22,1781456428.64,2026-06-14T17:00:28Z,40.776071,-73.878437,210.9,a28928,N26226,B738,BOEING 737-800,0
takeoff,LGA,13,1781456499.44,2026-06-14T17:01:39Z,40.775391,-73.866394,120.9,ac81d2,N905AU,A321,AIRBUS A-321,0
landing,LGA,22,1781456522.35,2026-06-14T17:02:02Z,40.775896,-73.878578,213.8,a3183d,N299PQ,CRJ9,BOMBARDIER Regional Jet CRJ-900,0
takeoff,JFK,22R,1781456584.1,2026-06-14T17:03:04Z,40.640396,-73.77124,210.9,ae20c7,07-7186,C17,Boeing C-17A Globemaster III,1
landing,JFK,22L,1781456587.82,2026-06-14T17:03:07Z,40.63354,-73.764158,222.2,a4f7cb,N419YX,E75L,EMBRAER ERJ-170-200 (long wing),0
landing,LGA,04,1781456636.39,2026-06-14T17:03:56Z,40.770561,-73.881622,70.3,a23844,N242JQ,E75L,EMBRAER ERJ-170-200 (long wing),0
takeoff,LGA,13,1781456643.87,2026-06-14T17:04:03Z,40.775459,-73.866547,123.8,abdf3f,N864RW,E170,EMBRAER ERJ-170-100,0
landing,LGA,22,1781456705.77,2026-06-14T17:05:05Z,40.774143,-73.879868,194.1,a20347,N229JQ,E75L,EMBRAER ERJ-170-200 (long wing),0
takeoff,JFK,22R,1781456708.88,2026-06-14T17:05:08Z,40.647505,-73.765671,210.9,adf128,N998JE,A321,AIRBUS A-321,0
landing,JFK,22L,1781456714.86,2026-06-14T17:05:14Z,40.628929,-73.767609,210.9,a124b5,N173DZ,B763,BOEING 767-300,0
landing,LGA,22,1781456775.06,2026-06-14T17:06:15Z,40.776932,-73.87772,210.9,a0ad3e,N14250,B738,BOEING 737-800,0
landing,JFK,22L,1781456821.12,2026-06-14T17:07:01Z,40.632713,-73.764673,210.9,4ca5c7,EI-DUZ,A333,AIRBUS A-330-300,0
landing,LGA,22,1781456873.47,2026-06-14T17:07:53Z,40.777714,-73.877075,210.9,a49206,N394DX,A321,AIRBUS A-321,0
takeoff,JFK,04L,1781456922.61,2026-06-14T17:08:42Z,40.650159,-73.765921,30.9,a54312,N438YX,E75L,EMBRAER ERJ-170-200 (long wing),0
landing,LGA,22,1781456986.22,2026-06-14T17:09:46Z,40.77713,-73.877563,208.1,a7c849,N600LR,CRJ9,BOMBARDIER Regional Jet CRJ-900,0
landing,JFK,22R,1781457017.07,2026-06-14T17:10:17Z,40.633415,-73.776672,210.9,ab53e4,N829SK,CRJ9,BOMBARDIER Regional Jet CRJ-900,0
landing,JFK,22L,1781457058.51,2026-06-14T17:10:58Z,40.632328,-73.764954,210.9,ab3d41,N823NW,A333,AIRBUS A-330-300,0
landing,JFK,22R,1781457130.02,2026-06-14T17:12:10Z,40.632248,-73.777603,210.9,ab2c0c,N819NW,A333,AIRBUS A-330-300,0
landing,JFK,22L,1781457171.17,2026-06-14T17:12:51Z,40.632648,-73.764725,210.9,ac3477,N886DN,B739,BOEING 737-900,0
takeoff,JFK,22R,1781457231.32,2026-06-14T17:13:51Z,40.647629,-73.765594,210.9,4ba94c,TC-JJL,B77W,BOEING 777-300ER,0
landing,JFK,22L,1781457285.96,2026-06-14T17:14:45Z,40.632832,-73.76532,239.1,a6152a,N491PX,CRJ9,BOMBARDIER Regional Jet CRJ-900,0
landing,LGA,22,1781457298.53,2026-06-14T17:14:58Z,40.778259,-73.876643,208.1,a095aa,N137EV,CRJ9,BOMBARDIER Regional Jet CRJ-900,0
takeoff,JFK,04L,1781457356.88,2026-06-14T17:15:56Z,40.651078,-73.765094,47.8,a64ce6,N505DZ,A21N,AIRBUS A-321neo,0
landing,JFK,22L,1781457375.39,2026-06-14T17:16:15Z,40.63266,-73.764725,210.9,a3711a,N3203J,BCS3,AIRBUS A220-300,0
takeoff,JFK,22R,1781457400.61,2026-06-14T17:16:40Z,40.647086,-73.766015,208.1,ad7e6f,N969JT,A321,AIRBUS A-321,0
takeoff,LGA,13,1781457418.42,2026-06-14T17:16:58Z,40.775478,-73.866577,120.9,a046f2,N117HQ,E75L,EMBRAER ERJ-170-200 (long wing),0
landing,JFK,22L,1781457449.21,2026-06-14T17:17:29Z,40.63262,-73.764766,210.9,a5325b,N434DX,A339,AIRBUS A-330-900,0
landing,LGA,04,1781457451.74,2026-06-14T17:17:31Z,40.770584,-73.881668,75.9,a50900,N423YX,E75L,EMBRAER ERJ-170-200 (long wing),0
takeoff,LGA,13,1781457481.91,2026-06-14T17:18:01Z,40.775443,-73.86653,123.8,a76df8,N578UW,A321,AIRBUS A-321,0
landing,LGA,22,1781457537.05,2026-06-14T17:18:57Z,40.776306,-73.87825,210.9,a1094c,N166PQ,CRJ9,BOMBARDIER Regional Jet CRJ-900,0
landing,JFK,22R,1781457581.62,2026-06-14T17:19:41Z,40.630394,-73.779037,210.9,ab6519,N833SK,CRJ9,BOMBARDIER Regional Jet CRJ-900,0
landing,JFK,22L,1781457603.02,2026-06-14T17:20:03Z,40.633873,-73.763794,213.8,a1ba59,N210JQ,E75L,EMBRAER ERJ-170-200 (long wing),0
landing,LGA,22,1781457620.5,2026-06-14T17:20:20Z,40.776839,-73.877829,210.9,a8913b,N651JB,A320,AIRBUS A-320,0
landing,LGA,22,1781457674.99,2026-06-14T17:21:14Z,40.776627,-73.87796,213.8,ac3adf,N8875B,B38M,BOEING 737 MAX 8,0
landing,JFK,22L,1781457693.51,2026-06-14T17:21:33Z,40.630909,-73.766159,216.6,4cadc7,EI-HJO,A339,AIRBUS A-330-900,0
landing,LGA,22,1781457773.12,2026-06-14T17:22:53Z,40.776781,-73.877876,210.9,a8c32a,N664AW,A320,AIRBUS A-320,0
landing,JFK,22L,1781457789.17,2026-06-14T17:23:09Z,40.632667,-73.764688,210.9,aa5f41,N768AA,B772,BOEING 777-200,0
landing,JFK,22R,1781457840.21,2026-06-14T17:24:00Z,40.633575,-73.776566,210.9,a7da9c,N605JB,A320,AIRBUS A-320,0
takeoff,JFK,04L,1781457840.62,2026-06-14T17:24:00Z,40.650205,-73.765874,33.8,a1f822,N226JQ,E75L,EMBRAER ERJ-170-200 (long wing),0
landing,LGA,22,1781457873.27,2026-06-14T17:24:33Z,40.774235,-73.879807,196.9,ab1d06,N815MD,E170,EMBRAER ERJ-170-100,0
takeoff,JFK,22R,1781457900.54,2026-06-14T17:25:00Z,40.646749,-73.766264,210.9,a34d2f,N3112J,BCS3,AIRBUS A220-300,0
landing,JFK,22L,1781457910.08,2026-06-14T17:25:10Z,40.631493,-73.76564,210.9,4075b3,G-VLUX,A35K,AIRBUS A-350-1000,0
landing,LGA,22,1781457927.21,2026-06-14T17:25:27Z,40.777908,-73.876923,210.9,a45f59,N381DN,B738,BOEING 737-800,0
landing,LGA,22,1781457999.28,2026-06-14T17:26:39Z,40.778026,-73.876814,210.9,a384f8,N326DU,BCS3,AIRBUS A220-300,0
landing,JFK,22R,1781458003.48,2026-06-14T17:26:43Z,40.631664,-73.778091,210.9,a5f162,N482PX,CRJ9,BOMBARDIER Regional Jet CRJ-900,0
landing,JFK,22L,1781458024.92,2026-06-14T17:27:04Z,40.631985,-73.765198,210.9,a52ea4,N433DX,A339,AIRBUS A-330-900,0
landing,LGA,22,1781458064.48,2026-06-14T17:27:44Z,40.776606,-73.877985,210.9,a4a0d9,N398DN,A321,AIRBUS A-321,0
takeoff,JFK,22R,1781458082.29,2026-06-14T17:28:02Z,40.649254,-73.764328,208.1,a4ddca,N412YX,E75L,EMBRAER ERJ-170-200 (long wing),0
landing,JFK,22L,1781458136.92,2026-06-14T17:28:56Z,40.634087,-73.763596,210.9,a0f4b5,N1605,B763,BOEING 767-300,0
landing,LGA,04,1781458198.74,2026-06-14T17:29:58Z,40.77071,-73.881363,45.0,c03330,C-FTJZ,CRJ9,BOMBARDIER Regional Jet CRJ-900,0
landing,JFK,22L,1781458232.59,2026-06-14T17:30:32Z,40.632786,-73.764618,208.1,0c2189,HP-9928CMP,B39M,BOEING 737 MAX 9,0
landing,LGA,22,1781458233.79,2026-06-14T17:30:33Z,40.776793,-73.877829,210.9,a0b7fa,N14520,A21N,AIRBUS A-321neo,0
takeoff,JFK,22R,1781458242.68,2026-06-14T17:30:42Z,40.647459,-73.765718,210.9,a726fb,N560AS,B738,BOEING 737-800,0
takeoff,JFK,04L,1781458280.83,2026-06-14T17:31:20Z,40.649693,-73.76628,30.9,a6f2b7,N547JB,A320,AIRBUS A-320,0
landing,LGA,22,1781458302.41,2026-06-14T17:31:42Z,40.77602,-73.878479,210.9,ab23b5,N817DN,B739,BOEING 737-900,0
landing,JFK,22L,1781458321.38,2026-06-14T17:32:01Z,40.635143,-73.762772,210.9,a7e198,N607DN,A21N,AIRBUS A-321neo,0
landing,JFK,22R,1781458377.25,2026-06-14T17:32:57Z,40.633358,-73.776764,210.9,a38367,N3251J,BCS3,,0
landing,LGA,22,1781458385.4,2026-06-14T17:33:05Z,40.776304,-73.87825,210.9,a471ec,N386DN,A321,AIRBUS A-321,0
landing,JFK,22L,1781458419.11,2026-06-14T17:33:39Z,40.632305,-73.764999,210.9,aa8a83,N779AN,B772,BOEING 777-200,0
landing,JFK,04L,1781458444.28,2026-06-14T17:34:04Z,40.648949,-73.766842,50.6,8695a4,JA797A,B77W,BOEING 777-300ER,0
takeoff,JFK,22R,1781458488.56,2026-06-14T17:34:48Z,40.645958,-73.766891,210.9,a3311b,N3044J,BCS3,AIRBUS A220-300,0
landing,LGA,22,1781458544.99,2026-06-14T17:35:44Z,40.777027,-73.87764,210.9,a94d16,N699KR,GLF5,GULFSTREAM 5,8
landing,JFK,22L,1781458555.96,2026-06-14T17:35:55Z,40.632717,-73.765533,239.1,ad3581,N950JT,A321,AIRBUS A-321,0
landing,LGA,22,1781458603.57,2026-06-14T17:36:43Z,40.77618,-73.878357,210.9,a06646,N125AA,A321,AIRBUS A-321,0
takeoff,JFK,22R,1781458617.4,2026-06-14T17:36:57Z,40.647878,-73.765391,210.9,8695a4,JA797A,B77W,BOEING 777-300ER,0
landing,JFK,22L,1781458640.28,2026-06-14T17:37:20Z,40.63385,-73.763763,210.9,a6cacb,N537DT,A21N,AIRBUS A-321neo,0
landing,LGA,22,1781458678.12,2026-06-14T17:37:58Z,40.775059,-73.879227,208.1,a4d65c,N410YX,E75L,EMBRAER ERJ-170-200 (long wing),0
landing,JFK,22L,1781458745.8,2026-06-14T17:39:05Z,40.630816,-73.76628,219.4,780f39,B-7343,B77W,BOEING 777-300ER,0
landing,LGA,22,1781458746.44,2026-06-14T17:39:06Z,40.777421,-73.877314,213.8,a93d7c,N695CA,CRJ9,BOMBARDIER Regional Jet CRJ-900,0
landing,JFK,22R,1781458775.32,2026-06-14T17:39:35Z,40.631131,-73.778484,210.9,ab8862,N842MH,B764,BOEING 767-400,0
takeoff,JFK,22R,1781458833.92,2026-06-14T17:40:33Z,40.648192,-73.765156,210.9,a4960c,N395HA,A332,AIRBUS A-330-200,0
landing,LGA,22,1781458851.17,2026-06-14T17:40:51Z,40.77499,-73.879303,210.9,a05827,N121HQ,E75L,EMBRAER ERJ-170-200 (long wing),0
landing,JFK,22L,1781458869.26,2026-06-14T17:41:09Z,40.633516,-73.764142,219.4,a37f8d,N3240J,BCS3,,0
landing,LGA,22,1781458897.35,2026-06-14T17:41:37Z,40.775196,-73.87915,210.9,acfe09,N936XJ,CRJ9,BOMBARDIER Regional Jet CRJ-900,0
landing,JFK,22L,1781458952.58,2026-06-14T17:42:32Z,40.630072,-73.767232,230.6,3c651a,D-AIHZ,A346,AIRBUS A-340-600,0
landing,LGA,22,1781458967.96,2026-06-14T17:42:47Z,40.776572,-73.878032,208.1,a21142,N232PQ,CRJ9,BOMBARDIER Regional Jet CRJ-900,0
landing,JFK,22R,1781458975.59,2026-06-14T17:42:55Z,40.632551,-73.777391,210.9,0acaaa,HK-5409,A20N,AIRBUS A-320neo,0
takeoff,JFK,22R,1781459028.2,2026-06-14T17:43:48Z,40.64903,-73.764501,210.9,738072,4X-ECB,B772,BOEING 777-200,0
landing,LGA,22,1781459041.37,2026-06-14T17:44:01Z,40.77713,-73.877579,210.9,a19357,N200PQ,CRJ9,BOMBARDIER Regional Jet CRJ-900,0
landing,JFK,22L,1781459111.33,2026-06-14T17:45:11Z,40.632751,-73.765442,236.2,0d0af1,XA-VIE,A20N,AIRBUS A-320neo,0
landing,JFK,22L,1781459168.85,2026-06-14T17:46:08Z,40.633919,-73.763748,210.9,add734,N991JT,A321,AIRBUS A-321,0
landing,LGA,22,1781459207.32,2026-06-14T17:46:47Z,40.779499,-73.87558,213.8,ac7e15,N904AN,B738,BOEING 737-800,0
landing,JFK,22L,1781459266.38,2026-06-14T17:47:46Z,40.632725,-73.764642,210.9,a39338,N3298J,,,0
takeoff,JFK,22R,1781459274.49,2026-06-14T17:47:54Z,40.646347,-73.766586,210.9,a85c3e,N638JB,A320,AIRBUS A-320,0
landing,JFK,22R,1781459278.66,2026-06-14T17:47:58Z,40.634319,-73.778952,227.8,a206c9,N23GM,PC12,PILATUS PC-12,0
takeoff,JFK,04L,1781459283.81,2026-06-14T17:48:03Z,40.649162,-73.766693,30.9,ab6162,N832SK,CRJ9,BOMBARDIER Regional Jet CRJ-900,0
landing,LGA,22,1781459325.57,2026-06-14T17:48:45Z,40.774487,-73.879654,202.5,a24369,N245JQ,E75L,EMBRAER ERJ-170-200 (long wing),0
landing,JFK,22L,1781459338.31,2026-06-14T17:48:58Z,40.634079,-73.763611,210.9,a9c5c5,N729JB,A320,AIRBUS A-320,0
takeoff,LGA,13,1781459346.86,2026-06-14T17:49:06Z,40.781913,-73.87772,123.8,a09239,N136HQ,E75L,EMBRAER ERJ-170-200 (long wing),0
landing,JFK,22R,1781459372.06,2026-06-14T17:49:32Z,40.634203,-73.776065,210.9,a1cb05,N2142J,A21N,AIRBUS A-321neo,0
landing,LGA,22,1781459408.18,2026-06-14T17:50:08Z,40.775419,-73.878968,210.9,a1b092,N208JQ,E75L,EMBRAER ERJ-170-200 (long wing),0
landing,JFK,22L,1781459414.25,2026-06-14T17:50:14Z,40.633761,-73.763861,208.1,abbdfa,N856DN,B739,BOEING 737-900,0
takeoff,LGA,13,1781459420.7,2026-06-14T17:50:20Z,40.781902,-73.877688,123.8,a1ccec,N215JQ,E75L,EMBRAER ERJ-170-200 (long wing),0
landing,LGA,22,1781459478.97,2026-06-14T17:51:18Z,40.778084,-73.876768,213.8,acddf8,N928XJ,CRJ9,BOMBARDIER Regional Jet CRJ-900,0
takeoff,LGA,13,1781459501.86,2026-06-14T17:51:41Z,40.780277,-73.874268,120.9,a6f98e,N549CA,CRJ9,BOMBARDIER Regional Jet CRJ-900,0
takeoff,JFK,22R,1781459506.46,2026-06-14T17:51:46Z,40.646889,-73.766171,210.9,ab6c08,N835MH,B764,BOEING 767-400,0
landing,JFK,22L,1781459506.79,2026-06-14T17:51:46Z,40.634411,-73.763321,210.9,a01037,N103DU,BCS1,AIRBUS A220-100,0
landing,LGA,22,1781459543.54,2026-06-14T17:52:23Z,40.777885,-73.876938,210.9,a4463e,N3749D,B738,BOEING 737-800,0
landing,JFK,22L,1781459591.78,2026-06-14T17:53:11Z,40.635807,-73.762253,210.9,ac8289,N905JB,A321,AIRBUS A-321,0
landing,LGA,22,1781459627.43,2026-06-14T17:53:47Z,40.779968,-73.875214,210.9,a043ac,N116NC,G280,GULFSTREAM G280,0
takeoff,LGA,13,1781459641.6,2026-06-14T17:54:01Z,40.781657,-73.877173,120.9,ac0a75,N875RW,E170,EMBRAER ERJ-170-100,0
landing,LGA,22,1781459705.58,2026-06-14T17:55:05Z,40.777588,-73.877167,210.9,a32814,N302PQ,CRJ9,BOMBARDIER Regional Jet CRJ-900,0
takeoff,LGA,13,1781459740.42,2026-06-14T17:55:40Z,40.779446,-73.87257,123.8,a392f2,N3296J,BCS3,AIRBUS A220-300,0
landing,JFK,31L,1781459745.28,2026-06-14T17:55:45Z,40.63468,-73.781683,298.1,a7f28a,N611AW,,,0
takeoff,JFK,31L,1781459747.85,2026-06-14T17:55:47Z,40.634843,-73.782026,300.9,a7f28a,N611AW,,,0
landing,JFK,22R,1781459756.26,2026-06-14T17:55:56Z,40.632225,-73.777625,208.1,a2af3e,N272PQ,CRJ9,BOMBARDIER Regional Jet CRJ-900,0
landing,JFK,22L,1781459776.46,2026-06-14T17:56:16Z,40.633724,-73.76387,210.9,8963e4,A6-EOG,A388,AIRBUS A-380-800,0
landing,JFK,04L,1781459802.17,2026-06-14T17:56:42Z,40.638195,-73.769542,354.4,aca02f,N912XJ,CRJ9,BOMBARDIER Regional Jet CRJ-900,0
landing,LGA,04,1781459834.36,2026-06-14T17:57:14Z,40.770641,-73.8815,67.5,accf1c,N924XJ,CRJ9,BOMBARDIER Regional Jet CRJ-900,0
takeoff,LGA,13,1781459836.38,2026-06-14T17:57:16Z,40.780994,-73.875816,118.1,a2fe3c,N292PQ,CRJ9,BOMBARDIER Regional Jet CRJ-900,0
landing,JFK,22R,1781459839.51,2026-06-14T17:57:19Z,40.633528,-73.776627,210.9,ac3beb,N888DU,B739,BOEING 737-900,0
takeoff,LGA,13,1781459899.67,2026-06-14T17:58:19Z,40.781845,-73.877579,123.8,a06e71,N127HQ,E75L,EMBRAER ERJ-170-200 (long wing),0
landing,LGA,04,1781459931.16,2026-06-14T17:58:51Z,40.773125,-73.879364,36.6,a01805,N105HQ,E75L,EMBRAER ERJ-170-200 (long wing),0
landing,JFK,22L,1781459951.18,2026-06-14T17:59:11Z,40.63179,-73.765411,210.9,a13af4,N179DN,B763,BOEING 767-300,0
landing,LGA,22,1781459987.65,2026-06-14T17:59:47Z,40.779499,-73.875595,212.4,a89467,,,,
landing,JFK,22R,1781460002.9,2026-06-14T18:00:02Z,40.634022,-73.776215,210.9,a3560b,N314DU,BCS3,AIRBUS A220-300,0
landing,JFK,22L,1781460058.93,2026-06-14T18:00:58Z,40.632667,-73.764688,210.9,a32095,N300NY,A21N,AIRBUS A-321neo,0
takeoff,LGA,13,1781460064.1,2026-06-14T18:01:04Z,40.781692,-73.877251,123.8,a04aa9,N118HQ,E75L,EMBRAER ERJ-170-200 (long wing),0
takeoff,JFK,22R,1781460077.94,2026-06-14T18:01:17Z,40.648109,-73.765198,210.9,010288,SU-GGH,A359,AIRBUS A-350-900,0
landing,LGA,04,1781460106.99,2026-06-14T18:01:46Z,40.773445,-73.879105,30.9,ac1951,N879RW,E170,EMBRAER ERJ-170-100,0
landing,LGA,22,1781460117.3,2026-06-14T18:01:57Z,40.776409,-73.878159,210.9,a07f60,N131EV,CRJ9,BOMBARDIER Regional Jet CRJ-900,0
landing,JFK,22L,1781460158.68,2026-06-14T18:02:38Z,40.630589,-73.766586,222.2,a53ba4,N436YX,E75L,EMBRAER ERJ-170-200 (long wing),0
landing,LGA,22,1781460197.88,2026-06-14T18:03:17Z,40.776329,-73.878204,210.9,a3a0ca,N33284,B738,BOEING 737-800,0
landing,JFK,22L,1781460237.79,2026-06-14T18:03:57Z,40.632865,-73.765172,233.4,a1b2a8,N2084J,A21N,AIRBUS A-321neo,0
landing,JFK,22L,1781460302.97,2026-06-14T18:05:02Z,40.633873,-73.763763,210.9,a414e8,N362NB,A319,AIRBUS A-319,0
landing,LGA,22,1781460308.01,2026-06-14T18:05:08Z,40.774509,-73.879639,205.3,ac1f61,N880RW,E170,EMBRAER ERJ-170-100,0
landing,JFK,22R,1781460327.18,2026-06-14T18:05:27Z,40.632015,-73.777797,210.9,acae2e,N916NN,B738,BOEING 737-800,0
landing,JFK,22L,1781460368.05,2026-06-14T18:06:08Z,40.632492,-73.764829,210.9,40621c,G-STBB,B77W,BOEING 777-300ER,0
landing,LGA,22,1781460371.53,2026-06-14T18:06:11Z,40.77635,-73.878219,208.1,a130cb,N176PQ,CRJ9,BOMBARDIER Regional Jet CRJ-900,0
takeoff,JFK,22R,1781460434.3,2026-06-14T18:07:14Z,40.648258,-73.765106,210.9,adf4e9,N999JQ,A321,AIRBUS A-321,0
takeoff,LGA,13,1781460441.75,2026-06-14T18:07:21Z,40.781879,-73.87764,123.8,ab0a73,N810MD,E170,EMBRAER ERJ-170-100,0
takeoff,JFK,04L,1781460443.87,2026-06-14T18:07:23Z,40.649414,-73.766499,33.8,ab4c76,N827SK,CRJ9,BOMBARDIER Regional Jet CRJ-900,0
landing,LGA,22,1781460453.71,2026-06-14T18:07:33Z,40.774303,-73.879745,199.7,abc2e5,N857RW,E170,EMBRAER ERJ-170-100,0
landing,JFK,22L,1781460486.36,2026-06-14T18:08:06Z,40.631014,-73.766062,213.8,abd018,N860NW,A332,AIRBUS A-330-200,0
takeoff,JFK,22R,1781460490.7,2026-06-14T18:08:10Z,40.648215,-73.765125,210.9,a3401a,N3085J,BCS3,AIRBUS A220-300,0
landing,LGA,22,1781460494.23,2026-06-14T18:08:14Z,40.776862,-73.877751,210.9,a46603,N38268,B738,BOEING 737-800,0
takeoff,LGA,13,1781460513.26,2026-06-14T18:08:33Z,40.781158,-73.876144,120.9,c07d20,C-GVJZ,DH8D,DE HAVILLAND DHC-8-400 Dash 8,0
takeoff,JFK,22R,1781460546.12,2026-06-14T18:09:06Z,40.647606,-73.76561,210.9,841520,JA05WJ,A35K,AIRBUS A-350-1000,0
landing,LGA,22,1781460593.42,2026-06-14T18:09:53Z,40.774303,-73.879776,199.7,ac26cf,N882RW,E170,EMBRAER ERJ-170-100,0
takeoff,LGA,13,1781460622.85,2026-06-14T18:10:22Z,40.7803,-73.874344,123.8,ac5f42,N8969S,B38M,BOEING 737 MAX 8,0
landing,JFK,22L,1781460641.76,2026-06-14T18:10:41Z,40.633493,-73.764158,225.0,ae123e,04-4133,C17,Boeing C-17A Globemaster III,1
landing,JFK,22R,1781460649.63,2026-06-14T18:10:49Z,40.63282,-73.777161,210.9,a19d0d,N2029J,A21N,AIRBUS A-321neo,0
landing,JFK,22L,1781460703.39,2026-06-14T18:11:43Z,40.634113,-73.76358,210.9,4b1885,HB-JHL,A333,AIRBUS A-330-300,0
landing,LGA,22,1781460707.55,2026-06-14T18:11:47Z,40.777409,-73.877314,205.3,a7e24a,N607LR,CRJ9,BOMBARDIER Regional Jet CRJ-900,0
takeoff,LGA,13,1781460722.71,2026-06-14T18:12:02Z,40.780575,-73.874911,123.8,acc3f7,N921XJ,CRJ9,BOMBARDIER Regional Jet CRJ-900,0
landing,LGA,22,1781460776.8,2026-06-14T18:12:56Z,40.775373,-73.879015,210.9,a03f1e,N115DN,A321,AIRBUS A-321,0
landing,JFK,22L,1781460792.61,2026-06-14T18:13:12Z,40.630991,-73.766124,216.6,7100c8,HZ-AK36,B77W,BOEING 777-300ER,0
landing,LGA,22,1781460839.97,2026-06-14T18:13:59Z,40.776501,-73.878098,210.9,acbffd,N920US,A321,AIRBUS A-321,0
landing,JFK,22R,1781460841.27,2026-06-14T18:14:01Z,40.632305,-73.777573,210.9,a1dab3,N2188J,A21N,AIRBUS A-321neo,0
takeoff,LGA,13,1781460876.75,2026-06-14T18:14:36Z,40.779671,-73.873001,120.9,a3534a,N313PQ,CRJ9,BOMBARDIER Regional Jet CRJ-900,0
takeoff,JFK,22R,1781460909.55,2026-06-14T18:15:09Z,40.647446,-73.765793,210.9,71be19,HL7619,A388,AIRBUS A-380-800,0
landing,JFK,22L,1781460917.95,2026-06-14T18:15:17Z,40.633404,-73.764145,210.9,a3b8f5,N339TP,B38M,BOEING 737 MAX 8,0
landing,LGA,22,1781460952.8,2026-06-14T18:15:52Z,40.773514,-73.879929,182.8,a4f05d,N417YX,E75L,EMBRAER ERJ-170-200 (long wing),0
landing,JFK,22L,1781460985.79,2026-06-14T18:16:25Z,40.633563,-73.764017,210.9,ac10af,N877DN,B739,BOEING 737-900,0
landing,LGA,22,1781461006.96,2026-06-14T18:16:46Z,40.778687,-73.876251,210.9,a37e80,N324PQ,CRJ9,BOMBARDIER Regional Jet CRJ-900,0
takeoff,LGA,13,1781461016.13,2026-06-14T18:16:56Z,40.781855,-73.877579,123.8,abdb88,N863RW,E170,EMBRAER ERJ-170-100,0
landing,JFK,22R,1781461049.74,2026-06-14T18:17:29Z,40.631107,-73.778515,210.9,a01fee,N107NN,A321,AIRBUS A-321,0
takeoff,LGA,13,1781461099.81,2026-06-14T18:18:19Z,40.781582,-73.877014,123.8,a23844,N242JQ,E75L,EMBRAER ERJ-170-200 (long wing),0
landing,JFK,22L,1781461102.27,2026-06-14T18:18:22Z,40.631046,-73.765961,210.9,3c7a46,D-ANRF,A339,AIRBUS A-330-900,0
landing,LGA,04,1781461118.65,2026-06-14T18:18:38Z,40.772976,-73.879578,73.1,a4c170,N405YX,E75L,EMBRAER ERJ-170-200 (long wing),0
landing,LGA,22,1781461146.15,2026-06-14T18:19:06Z,40.777793,-73.877033,208.1,a35e6f,N316PQ,CRJ9,BOMBARDIER Regional Jet CRJ-900,0
takeoff,JFK,22R,1781461152.54,2026-06-14T18:19:12Z,40.647878,-73.765375,210.9,adc9b6,N988JT,A321,AIRBUS A-321,0
takeoff,LGA,13,1781461195.25,2026-06-14T18:19:55Z,40.779465,-73.872589,120.9,a7c849,N600LR,CRJ9,BOMBARDIER Regional Jet CRJ-900,0
takeoff,JFK,22R,1781461214.77,2026-06-14T18:20:14Z,40.646564,-73.766418,210.9,ab879f,N842DN,B739,BOEING 737-900,0
landing,JFK,22L,1781461217.78,2026-06-14T18:20:17Z,40.632841,-73.764579,210.9,a4417d,N3731T,B738,BOEING 737-800,0
takeoff,JFK,22R,1781461274.2,2026-06-14T18:21:14Z,40.648144,-73.765213,210.9,e8022a,CC-CWF,B763,BOEING 767-300,0
landing,LGA,22,1781461274.37,2026-06-14T18:21:14Z,40.773422,-73.879944,182.8,a1f0b4,N224JQ,E75L,EMBRAER ERJ-170-200 (long wing),0
takeoff,LGA,04,1781461298.99,2026-06-14T18:21:38Z,40.777428,-73.874725,61.9,a37e80,N324PQ,CRJ9,BOMBARDIER Regional Jet CRJ-900,0
landing,LGA,04,1781461299.51,2026-06-14T18:21:39Z,40.777433,-73.874692,61.9,a37e80,N324PQ,CRJ9,BOMBARDIER Regional Jet CRJ-900,0
landing,LGA,22,1781461311.51,2026-06-14T18:21:51Z,40.776921,-73.877751,210.9,acd88e,N927DZ,B739,BOEING 737-900,0
landing,JFK,22L,1781461318.56,2026-06-14T18:21:58Z,40.631092,-73.765991,213.8,344346,EC-LYF,A333,AIRBUS A-330-300,0
takeoff,JFK,04L,1781461358.95,2026-06-14T18:22:38Z,40.649151,-73.764404,2.8,c04adc,C-GCJB,B752,BOEING 757-200,0
landing,LGA,22,1781461361.45,2026-06-14T18:22:41Z,40.775128,-73.879218,210.9,abdc56,N8630B,B738,BOEING 737-800,0
takeoff,LGA,13,1781461381.6,2026-06-14T18:23:01Z,40.780656,-73.875051,123.8,aa56b4,N76515,B738,BOEING 737-800,0
landing,JFK,22L,1781461411.53,2026-06-14T18:23:31Z,40.63092,-73.766037,208.1,ab20e7,N816NW,A333,AIRBUS A-330-300,0
takeoff,JFK,22R,1781461414.59,2026-06-14T18:23:34Z,40.648727,-73.764735,209.6,04c159,5Y-KZG,B788,BOEING 787-8 Dreamliner,0
landing,LGA,22,1781461503.71,2026-06-14T18:25:03Z,40.773732,-73.880372,210.9,a8a490,N656RW,E170,EMBRAER ERJ-170-100,0
landing,JFK,22L,1781461538.92,2026-06-14T18:25:38Z,40.632076,-73.765152,210.9,a0f46f,N1603,B763,BOEING 767-300,0
landing,JFK,22R,1781461557.08,2026-06-14T18:25:57Z,40.632328,-73.777542,208.1,ad2445,N946JL,A321,AIRBUS A-321,0
landing,LGA,22,1781461571.68,2026-06-14T18:26:11Z,40.774488,-73.879717,208.1,aa6533,N769YX,E75L,EMBRAER ERJ-170-200 (long wing),0
landing,JFK,22L,1781461599.52,2026-06-14T18:26:39Z,40.631378,-73.765701,213.8,a9605b,N703GT,B77L,BOEING 777-200LR,0
landing,LGA,22,1781461649.2,2026-06-14T18:27:29Z,40.776478,-73.878128,210.9,acad02,N916AN,B738,BOEING 737-800,0
landing,JFK,22R,1781461657.3,2026-06-14T18:27:37Z,40.631003,-73.778562,210.9,add376,N990JL,A321,AIRBUS A-321,0
landing,JFK,22L,1781461715.68,2026-06-14T18:28:35Z,40.632088,-73.765167,212.4,4ca8fc,EI-NEW,B789,BOEING 787-9 Dreamliner,0
landing,LGA,22,1781461729.21,2026-06-14T18:28:49Z,40.776569,-73.878006,210.9,a08a85,N134EV,CRJ9,BOMBARDIER Regional Jet CRJ-900,0
takeoff,LGA,13,1781461749.6,2026-06-14T18:29:09Z,40.780254,-73.874237,123.8,a3b3e5,N338DU,BCS3,AIRBUS A220-300,0
takeoff,JFK,22R,1781461765.85,2026-06-14T18:29:25Z,40.646118,-73.766754,210.9,a39243,N3291J,BCS3,AIRBUS A220-300,0
landing,LGA,22,1781461793.65,2026-06-14T18:29:53Z,40.777508,-73.877258,210.9,a5468e,N439WN,B737,BOEING 737-700,0
landing,JFK,22L,1781461797.29,2026-06-14T18:29:57Z,40.631352,-73.765734,210.9,484368,PH-BQA,B772,BOEING 777-200,0
takeoff,LGA,13,1781461811.67,2026-06-14T18:30:11Z,40.782041,-73.878,120.9,a1c935,N214JQ,E75L,EMBRAER ERJ-170-200 (long wing),0
takeoff,JFK,22R,1781461833.1,2026-06-14T18:30:33Z,40.647913,-73.765375,208.1,a6b470,N531DA,A21N,AIRBUS A-321neo,0
landing,LGA,22,1781461879.47,2026-06-14T18:31:19Z,40.776187,-73.878344,208.1,a2000d,N228PQ,CRJ9,BOMBARDIER Regional Jet CRJ-900,0
landing,JFK,22L,1781461887.9,2026-06-14T18:31:27Z,40.631893,-73.765335,212.4,0d09d0,XA-ADL,B789,BOEING 787-9 Dreamliner,0
landing,LGA,22,1781461954.67,2026-06-14T18:32:34Z,40.774442,-73.879733,202.5,a19691,N201JQ,E75L,EMBRAER ERJ-170-200 (long wing),0
takeoff,JFK,22R,1781462000.55,2026-06-14T18:33:20Z,40.648995,-73.764532,210.9,ab6519,N833SK,CRJ9,BOMBARDIER Regional Jet CRJ-900,0
landing,LGA,22,1781462022.92,2026-06-14T18:33:42Z,40.774477,-73.879686,205.3,a4f414,N418YX,E75L,EMBRAER ERJ-170-200 (long wing),0
landing,JFK,22L,1781462027.59,2026-06-14T18:33:47Z,40.631813,-73.765396,210.9,a4c98f,N4074J,A21N,AIRBUS A-321neo,0
takeoff,JFK,22R,1781462053.15,2026-06-14T18:34:13Z,40.648949,-73.764548,210.9,ac4d1a,N892DN,B739,BOEING 737-900,0
landing,LGA,22,1781462090.38,2026-06-14T18:34:50Z,40.777187,-73.877502,210.9,a3761c,N322DU,BCS3,AIRBUS A220-300,0
landing,JFK,22L,1781462101.98,2026-06-14T18:35:01Z,40.633738,-73.763924,216.6,a23fb2,N244JQ,E75L,EMBRAER ERJ-170-200 (long wing),0
takeoff,JFK,22R,1781462111.32,2026-06-14T18:35:11Z,40.648355,-73.765016,210.9,a3711a,N3203J,BCS3,AIRBUS A220-300,0
landing,JFK,22L,1781462165.08,2026-06-14T18:36:05Z,40.635146,-73.762753,210.9,a1775f,N194DN,B763,BOEING 767-300,0
takeoff,LGA,13,1781462169.44,2026-06-14T18:36:09Z,40.782063,-73.878021,123.8,abd7d1,N862RW,E170,EMBRAER ERJ-170-100,0
landing,LGA,04,1781462207.18,2026-06-14T18:36:47Z,40.77301,-73.879486,53.4,a4c8de,N407YX,E75L,EMBRAER ERJ-170-200 (long wing),0
landing,LGA,22,1781462238.87,2026-06-14T18:37:18Z,40.776851,-73.877798,213.8,acc7ae,N922XJ,CRJ9,BOMBARDIER Regional Jet CRJ-900,0
takeoff,LGA,13,1781462242.08,2026-06-14T18:37:22Z,40.781855,-73.877595,123.8,a50900,N423YX,E75L,EMBRAER ERJ-170-200 (long wing),0
takeoff,JFK,22R,1781462274.14,2026-06-14T18:37:54Z,40.648169,-73.765172,210.9,a7e1cd,N607FR,A21N,AIRBUS A-321neo,0
landing,JFK,22L,1781462371.02,2026-06-14T18:39:31Z,40.632671,-73.765625,241.9,a4e181,N413YX,E75L,EMBRAER ERJ-170-200 (long wing),0
takeoff,LGA,13,1781462373.7,2026-06-14T18:39:33Z,40.780563,-73.874864,120.9,ac18fe,N879NN,B738,BOEING 737-800,0
landing,LGA,22,1781462403.21,2026-06-14T18:40:03Z,40.776956,-73.87772,210.9,a87c4f,N646JB,A320,AIRBUS A-320,0
landing,JFK,22L,1781462410.98,2026-06-14T18:40:10Z,40.632706,-73.764679,209.6,ab3fc4,N824AN,B789,BOEING 787-9 Dreamliner,0
landing,LGA,22,1781462487.13,2026-06-14T18:41:27Z,40.777258,-73.877439,210.9,a3a8c0,N335DU,BCS3,AIRBUS A220-300,0
takeoff,LGA,13,1781462491.11,2026-06-14T18:41:31Z,40.781857,-73.877563,123.8,a20347,N229JQ,E75L,EMBRAER ERJ-170-200 (long wing),0
landing,JFK,04L,1781462524.26,2026-06-14T18:42:04Z,40.64534,-73.769882,0.0,a4ccba,N4080J,A21N,,0
landing,LGA,22,1781462554.09,2026-06-14T18:42:34Z,40.776001,-73.8785,210.9,a04dfa,N119DN,A321,AIRBUS A-321,0
landing,JFK,22L,1781462554.77,2026-06-14T18:42:34Z,40.630405,-73.766693,222.2,3c6715,D-AIXU,A359,AIRBUS A-350-900,0
takeoff,LGA,13,1781462581.52,2026-06-14T18:43:01Z,40.780121,-73.873959,123.8,a1bf3a,N211WN,B737,BOEING 737-700,0
takeoff,JFK,04L,1781462640.93,2026-06-14T18:44:00Z,40.633866,-73.778125,47.8,acc040,N920XJ,CRJ9,BOMBARDIER Regional Jet CRJ-900,0
landing,LGA,22,1781462642.62,2026-06-14T18:44:02Z,40.773965,-73.88017,210.9,a3cde4,N344TS,B38M,BOEING 737 MAX 8,0
takeoff,LGA,13,1781462661.56,2026-06-14T18:44:21Z,40.781364,-73.876572,120.9,a1094c,N166PQ,CRJ9,BOMBARDIER Regional Jet CRJ-900,0
landing,JFK,22L,1781462710.63,2026-06-14T18:45:10Z,40.633284,-73.76422,210.9,a69bcd,N525DA,A21N,AIRBUS A-321neo,0
landing,LGA,22,1781462711.83,2026-06-14T18:45:11Z,40.776688,-73.877954,210.9,c062b8,C-GLJZ,CRJ9,BOMBARDIER Regional Jet CRJ-900,0
takeoff,LGA,13,1781462747.41,2026-06-14T18:45:47Z,40.779679,-73.873053,120.9,a095aa,N137EV,CRJ9,BOMBARDIER Regional Jet CRJ-900,0
takeoff,JFK,13L,1781462750.26,2026-06-14T18:45:50Z,40.648945,-73.767929,120.9,a206c9,N23GM,PC12,PILATUS PC-12,0
landing,LGA,22,1781462802.06,2026-06-14T18:46:42Z,40.777359,-73.87738,210.9,a69894,N524JB,A320,AIRBUS A-320,0
landing,JFK,22L,1781462891.57,2026-06-14T18:48:11Z,40.631782,-73.765391,210.9,a17ecd,N196DN,B763,BOEING 767-300,0
landing,LGA,22,1781462952.27,2026-06-14T18:49:12Z,40.778783,-73.87619,210.9,c07e33,C-GVUO,BCS3,AIRBUS A220-300,0
landing,LGA,22,1781463026.53,2026-06-14T18:50:26Z,40.778236,-73.876596,210.9,acf5be,N934NN,B738,BOEING 737-800,0
landing,JFK,22L,1781463035.38,2026-06-14T18:50:35Z,40.630735,-73.766358,219.4,ad7631,N967AK,B39M,BOEING 737 MAX 9,0
takeoff,JFK,04L,1781463063.74,2026-06-14T18:51:03Z,40.648773,-73.766998,30.9,a1ba59,N210JQ,E75L,EMBRAER ERJ-170-200 (long wing),0
landing,LGA,22,1781463107.29,2026-06-14T18:51:47Z,40.776478,-73.878082,210.9,ac4bfe,N8914Q,B38M,BOEING 737 MAX 8,0
takeoff,LGA,13,1781463119.83,2026-06-14T18:51:59Z,40.780621,-73.874985,123.8,a3e011,N349PQ,CRJ9,BOMBARDIER Regional Jet CRJ-900,0
landing,JFK,22L,1781463136.77,2026-06-14T18:52:16Z,40.631841,-73.765344,210.9,4005b9,G-VIIA,B772,BOEING 777-200,0
takeoff,JFK,22R,1781463165.57,2026-06-14T18:52:45Z,40.647903,-73.765366,210.9,ac3477,N886DN,B739,BOEING 737-900,0
landing,LGA,22,1781463205.18,2026-06-14T18:53:25Z,40.776618,-73.878016,210.9,a0c42c,N149AN,A321,AIRBUS A-321,0
takeoff,JFK,22R,1781463278.74,2026-06-14T18:54:38Z,40.647214,-73.765906,208.1,a5f162,N482PX,CRJ9,BOMBARDIER Regional Jet CRJ-900,0
landing,JFK,22L,1781463281.55,2026-06-14T18:54:41Z,40.632725,-73.765469,236.2,a8f9a3,N678CA,CRJ9,BOMBARDIER Regional Jet CRJ-900,0
landing,LGA,04,1781463318.69,2026-06-14T18:55:18Z,40.772976,-73.879562,73.1,a51425,N426YX,E75L,EMBRAER ERJ-170-200 (long wing),0
landing,JFK,22L,1781463369.49,2026-06-14T18:56:09Z,40.632729,-73.764648,210.9,4077d3,G-VTEA,A35K,AIRBUS A-350-1000,0
landing,LGA,22,1781463374.99,2026-06-14T18:56:14Z,40.779993,-73.875191,213.8,a8ae7f,N659DL,B752,BOEING 757-200,0
takeoff,LGA,13,1781463400.37,2026-06-14T18:56:40Z,40.78141,-73.876678,123.8,abd41a,N861RW,E170,EMBRAER ERJ-170-100,0
landing,JFK,22L,1781463499.18,2026-06-14T18:58:19Z,40.633458,-73.764283,222.2,a66d54,N513HS,F900,DASSAULT Falcon 900,8
landing,LGA,04,1781463537.42,2026-06-14T18:58:57Z,40.770555,-73.881605,73.1,a210c5,N232JQ,E75L,EMBRAER ERJ-170-200 (long wing),0
landing,LGA,22,1781463593.88,2026-06-14T18:59:53Z,40.77429,-73.879779,199.7,a07bef,N130HQ,E75L,EMBRAER ERJ-170-200 (long wing),0
landing,JFK,22L,1781463603.0,2026-06-14T19:00:03Z,40.630619,-73.766499,222.2,a0835d,N132HQ,E75L,EMBRAER ERJ-170-200 (long wing),0
takeoff,JFK,04L,1781463701.77,2026-06-14T19:01:41Z,40.65102,-73.76511,64.7,a4f7cb,N419YX,E75L,EMBRAER ERJ-170-200 (long wing),0
landing,JFK,22L,1781463712.02,2026-06-14T19:01:52Z,40.632603,-73.765793,241.9,a17b16,N195DN,B763,BOEING 767-300,0
landing,LGA,22,1781463779.1,2026-06-14T19:02:59Z,40.777142,-73.877563,210.9,acee50,N932NN,B738,BOEING 737-800,0
landing,JFK,22L,1781463791.52,2026-06-14T19:03:11Z,40.631363,-73.765718,210.9,a1574e,N186DN,B763,BOEING 767-300,0
takeoff,LGA,13,1781463795.12,2026-06-14T19:03:15Z,40.780163,-73.874069,123.8,a062ef,N124DX,A321,AIRBUS A-321,0
takeoff,LGA,22,1781463823.79,2026-06-14T19:03:43Z,40.781868,-73.873627,210.9,a33243,N305DU,BCS3,AIRBUS A220-300,0
landing,JFK,22L,1781463899.62,2026-06-14T19:04:59Z,40.633039,-73.764423,210.9,ad8836,N971JT,A321,AIRBUS A-321,0
takeoff,JFK,22R,1781463900.7,2026-06-14T19:05:00Z,40.646221,-73.766678,210.9,a37f8d,N3240J,BCS3,,0
landing,LGA,22,1781463913.68,2026-06-14T19:05:13Z,40.777735,-73.877048,210.9,a35d79,N316DU,BCS3,AIRBUS A220-300,0
takeoff,JFK,22R,1781463943.01,2026-06-14T19:05:43Z,40.648797,-73.764673,208.1,a5e3e4,N479PX,CRJ9,BOMBARDIER Regional Jet CRJ-900,0
landing,LGA,22,1781463996.44,2026-06-14T19:06:36Z,40.776723,-73.877891,213.8,a38237,N325PQ,CRJ9,BOMBARDIER Regional Jet CRJ-900,0
landing,JFK,22L,1781464009.53,2026-06-14T19:06:49Z,40.633953,-73.763748,213.8,a34d98,N3115J,BCS3,AIRBUS A220-300,0
landing,JFK,22L,1781464095.58,2026-06-14T19:08:15Z,40.633354,-73.764158,210.9,a641bf,N502DX,A21N,AIRBUS A-321neo,0
landing,LGA,22,1781464108.93,2026-06-14T19:08:28Z,40.775768,-73.878687,210.9,a0f1bb,N160AN,A321,AIRBUS A-321,0
takeoff,LGA,13,1781464125.1,2026-06-14T19:08:45Z,40.78118,-73.876175,123.8,a8c32a,N664AW,A320,AIRBUS A-320,0
landing,JFK,22L,1781464185.18,2026-06-14T19:09:45Z,40.633458,-73.764095,210.9,3965a4,F-GZNE,B77W,BOEING 777-300ER,0
takeoff,LGA,13,1781464223.83,2026-06-14T19:10:23Z,40.781502,-73.876862,123.8,a05827,N121HQ,E75L,EMBRAER ERJ-170-200 (long wing),0
takeoff,JFK,22R,1781464227.14,2026-06-14T19:10:27Z,40.646516,-73.766467,210.9,78023d,B-KPQ,B77W,BOEING 777-300ER,0
landing,LGA,22,1781464229.37,2026-06-14T19:10:29Z,40.7742,-73.879822,196.9,a5106e,N425YX,E75L,EMBRAER ERJ-170-200 (long wing),0
landing,JFK,22L,1781464294.04,2026-06-14T19:11:34Z,40.631096,-73.765984,215.2,4075c3,G-CKWS,B789,BOEING 787-9 Dreamliner,0
landing,LGA,04,1781464377.9,2026-06-14T19:12:57Z,40.773301,-73.879218,33.8,a030a8,N111HQ,E75L,EMBRAER ERJ-170-200 (long wing),0
landing,JFK,22L,1781464426.08,2026-06-14T19:13:46Z,40.632038,-73.765203,210.9,738076,4X-ECF,B772,BOEING 777-200,0
landing,LGA,22,1781464433.29,2026-06-14T19:13:53Z,40.77912,-73.875909,210.9,abf3da,N8699A,B738,BOEING 737-800,0
takeoff,LGA,13,1781464452.52,2026-06-14T19:14:12Z,40.780197,-73.87413,118.1,a93d7c,N695CA,CRJ9,BOMBARDIER Regional Jet CRJ-900,0
takeoff,LGA,13,1781464494.16,2026-06-14T19:14:54Z,40.782134,-73.878172,120.9,ac1951,N879RW,E170,EMBRAER ERJ-170-100,0
landing,JFK,22L,1781464532.15,2026-06-14T19:15:32Z,40.633621,-73.764099,220.9,48ae04,SP-LRE,B788,BOEING 787-8 Dreamliner,0
landing,LGA,22,1781464554.96,2026-06-14T19:15:54Z,40.771963,-73.881839,210.9,a43e5c,N37253,B738,BOEING 737-800,0
landing,LGA,22,1781464615.74,2026-06-14T19:16:55Z,40.77602,-73.878494,210.9,a471e0,N386DA,B738,BOEING 737-800,0
takeoff,JFK,22R,1781464636.18,2026-06-14T19:17:16Z,40.648556,-73.764877,210.9,ab53e4,N829SK,CRJ9,BOMBARDIER Regional Jet CRJ-900,0
takeoff,JFK,04L,1781464660.2,2026-06-14T19:17:40Z,40.646358,-73.769867,354.4,aca02f,N912XJ,CRJ9,BOMBARDIER Regional Jet CRJ-900,0
landing,JFK,22L,1781464683.35,2026-06-14T19:18:03Z,40.635646,-73.762379,210.9,a7cb53,N601DT,A21N,AIRBUS A-321neo,0
landing,JFK,22L,1781464778.32,2026-06-14T19:19:38Z,40.633633,-73.763955,210.9,a2ce05,N280AK,B739,BOEING 737-900,0
takeoff,JFK,22R,1781464780.78,2026-06-14T19:19:40Z,40.647447,-73.765749,210.9,a0aa2b,N142AN,A321,AIRBUS A-321,0
landing,LGA,04,1781464794.14,2026-06-14T19:19:54Z,40.773348,-73.879186,33.8,a06aba,N126HQ,E75L,EMBRAER ERJ-170-200 (long wing),0
takeoff,JFK,22R,1781464838.35,2026-06-14T19:20:38Z,40.649286,-73.764283,210.9,a53ba4,N436YX,E75L,EMBRAER ERJ-170-200 (long wing),0
takeoff,LGA,13,1781464861.08,2026-06-14T19:21:01Z,40.781041,-73.875894,123.8,acfe09,N936XJ,CRJ9,BOMBARDIER Regional Jet CRJ-900,0
landing,JFK,22L,1781464864.23,2026-06-14T19:21:04Z,40.633656,-73.763947,213.8,aca29a,N913JB,A321,AIRBUS A-321,0
landing,LGA,22,1781464895.88,2026-06-14T19:21:35Z,40.777451,-73.877289,210.9,a0b848,N14548,A21N,AIRBUS A-321neo,0
takeoff,JFK,22R,1781464902.73,2026-06-14T19:21:42Z,40.64711,-73.765984,210.9,a0563b,N1201P,B763,BOEING 767-300,0
landing,JFK,22L,1781464968.68,2026-06-14T19:22:48Z,40.635402,-73.76255,210.9,a7b40e,N596DT,,,0
takeoff,LGA,13,1781464969.22,2026-06-14T19:22:49Z,40.781445,-73.87674,123.8,a4d65c,N410YX,E75L,EMBRAER ERJ-170-200 (long wing),0
takeoff,JFK,22R,1781464997.65,2026-06-14T19:23:17Z,40.647948,-73.765328,210.9,a7da9c,N605JB,A320,AIRBUS A-320,0
takeoff,LGA,13,1781465032.22,2026-06-14T19:23:52Z,40.782097,-73.878098,123.8,ab1d06,N815MD,E170,EMBRAER ERJ-170-100,0
landing,JFK,22L,1781465057.3,2026-06-14T19:24:17Z,40.631038,-73.765999,213.8,06a2b4,A7-BEP,B77W,BOEING 777-300ER,0
takeoff,LGA,13,1781465116.18,2026-06-14T19:25:16Z,40.78022,-73.874191,120.9,accf1c,N924XJ,CRJ9,BOMBARDIER Regional Jet CRJ-900,0
takeoff,JFK,22R,1781465120.89,2026-06-14T19:25:20Z,40.646931,-73.766129,210.9,add734,N991JT,A321,AIRBUS A-321,0
landing,JFK,22L,1781465147.79,2026-06-14T19:25:47Z,40.631038,-73.766015,213.8,aa90c2,N780CK,B77W,BOEING 777-300ER,0
takeoff,JFK,22R,1781465180.55,2026-06-14T19:26:20Z,40.646828,-73.76622,210.9,a38367,N3251J,BCS3,,0
takeoff,LGA,13,1781465193.23,2026-06-14T19:26:33Z,40.78054,-73.874864,120.9,ac3adf,N8875B,B38M,BOEING 737 MAX 8,0
landing,LGA,13,1781465194.32,2026-06-14T19:26:34Z,40.780307,-73.874364,123.8,ac3adf,N8875B,B38M,BOEING 737 MAX 8,0
takeoff,LGA,13,1781465194.32,2026-06-14T19:26:34Z,40.780307,-73.874364,123.8,ac3adf,N8875B,B38M,BOEING 737 MAX 8,0
takeoff,JFK,22R,1781465233.33,2026-06-14T19:27:13Z,40.64772,-73.765503,209.6,8940a0,A9C-FI,B789,BOEING 787-9 Dreamliner,0
takeoff,LGA,13,1781465294.91,2026-06-14T19:28:14Z,40.779714,-73.873116,126.6,a32814,N302PQ,CRJ9,BOMBARDIER Regional Jet CRJ-900,0
landing,JFK,22L,1781465300.7,2026-06-14T19:28:20Z,40.634494,-73.763268,210.9,ac760d,N9016,A319,AIRBUS A-319,0
landing,JFK,22L,1781465356.24,2026-06-14T19:29:16Z,40.63274,-73.764633,210.9,ab60e3,N832MH,B764,BOEING 767-400,0
takeoff,LGA,13,1781465360.3,2026-06-14T19:29:20Z,40.780323,-73.87439,119.6,a89467,,,,
landing,LGA,22,1781465424.13,2026-06-14T19:30:24Z,40.774186,-73.879826,194.1,abe2f6,N865RW,E170,EMBRAER ERJ-170-100,0
takeoff,JFK,22R,1781465459.54,2026-06-14T19:30:59Z,40.647343,-73.765808,210.9,a7e198,N607DN,A21N,AIRBUS A-321neo,0
landing,JFK,22L,1781465465.31,2026-06-14T19:31:05Z,40.633644,-73.763939,210.9,0d1139,XA-AMD,B38M,BOEING 737 MAX 8,0
landing,LGA,04,1781465554.55,2026-06-14T19:32:34Z,40.774046,-73.878609,30.9,a31486,N298PQ,CRJ9,BOMBARDIER Regional Jet CRJ-900,0
takeoff,JFK,22R,1781465560.67,2026-06-14T19:32:40Z,40.647622,-73.765609,210.9,a34d52,N3113J,BCS3,AIRBUS A220-300,0
landing,JFK,22L,1781465586.02,2026-06-14T19:33:06Z,40.631189,-73.765906,213.8,a1a56d,N205JQ,E75L,EMBRAER ERJ-170-200 (long wing),0
landing,JFK,22L,1781465592.03,2026-06-14T19:33:12Z,40.630486,-73.766678,225.0,a1a56d,N205JQ,E75L,EMBRAER ERJ-170-200 (long wing),0
takeoff,LGA,13,1781465616.51,2026-06-14T19:33:36Z,40.780037,-73.873779,120.9,a130cb,N176PQ,CRJ9,BOMBARDIER Regional Jet CRJ-900,0
takeoff,JFK,22R,1781465623.95,2026-06-14T19:33:43Z,40.648956,-73.764542,210.9,a38b84,N3276J,BCS3,AIRBUS A220-300,0
landing,JFK,22L,1781465669.4,2026-06-14T19:34:29Z,40.632294,-73.765,210.9,a33716,N306RC,B38M,BOEING 737 MAX 8,0
takeoff,LGA,13,1781465677.43,2026-06-14T19:34:37Z,40.781669,-73.877205,123.8,a24369,N245JQ,E75L,EMBRAER ERJ-170-200 (long wing),0
takeoff,LGA,13,1781465747.72,2026-06-14T19:35:47Z,40.781622,-73.877111,123.8,ac1f61,N880RW,E170,EMBRAER ERJ-170-100,0
landing,JFK,22L,1781465754.18,2026-06-14T19:35:54Z,40.632376,-73.766405,244.7,ad9e73,N977JE,A321,AIRBUS A-321,0
landing,JFK,22R,1781465804.04,2026-06-14T19:36:44Z,40.633358,-73.776733,205.3,a18380,N197PQ,CRJ9,BOMBARDIER Regional Jet CRJ-900,0
takeoff,LGA,13,1781465807.32,2026-06-14T19:36:47Z,40.781868,-73.877594,123.8,a8a490,N656RW,E170,EMBRAER ERJ-170-100,0
landing,JFK,22L,1781465845.29,2026-06-14T19:37:25Z,40.632912,-73.765091,236.2,406a35,G-STBJ,B77W,BOEING 777-300ER,0
takeoff,JFK,22R,1781465886.43,2026-06-14T19:38:06Z,40.648006,-73.765305,210.9,ad15cf,N942NN,B738,BOEING 737-800,0
landing,JFK,22L,1781465952.53,2026-06-14T19:39:12Z,40.632353,-73.764954,210.9,aaffed,N808DN,B739,BOEING 737-900,0
landing,JFK,22R,1781466012.17,2026-06-14T19:40:12Z,40.632992,-73.777023,209.6,8963cf,A6-BLB,B789,BOEING 787-9 Dreamliner,0
landing,JFK,22L,1781466058.79,2026-06-14T19:40:58Z,40.635658,-73.76239,210.9,ab0485,N809NN,B738,BOEING 737-800,0
takeoff,JFK,22R,1781466114.72,2026-06-14T19:41:54Z,40.647517,-73.765671,210.9,a9c5c5,N729JB,A320,AIRBUS A-320,0
landing,JFK,22L,1781466159.32,2026-06-14T19:42:39Z,40.633141,-73.764313,210.9,ade609,N995JL,A321,AIRBUS A-321,0
takeoff,JFK,22R,1781466165.46,2026-06-14T19:42:45Z,40.64754,-73.765656,208.1,abbdfa,N856DN,B739,BOEING 737-900,0
landing,LGA,22,1781466202.73,2026-06-14T19:43:22Z,40.776094,-73.878391,210.9,a19dff,N203JQ,E75L,EMBRAER ERJ-170-200 (long wing),0
takeoff,JFK,04L,1781466249.03,2026-06-14T19:44:09Z,40.650146,-73.765915,28.1,a5e9f4,N480PX,CRJ9,BOMBARDIER Regional Jet CRJ-900,0
landing,JFK,22L,1781466264.55,2026-06-14T19:44:24Z,40.632786,-73.764587,210.9,a438b0,N371NB,A319,AIRBUS A-319,0
landing,LGA,22,1781466280.2,2026-06-14T19:44:40Z,40.777665,-73.877111,210.9,a32367,N301DU,BCS3,AIRBUS A220-300,0
takeoff,JFK,22R,1781466339.28,2026-06-14T19:45:39Z,40.647342,-73.765812,210.9,a01037,N103DU,BCS1,AIRBUS A220-100,0
landing,JFK,22L,1781466382.69,2026-06-14T19:46:22Z,40.632442,-73.766235,244.7,a2c93f,N279PQ,CRJ9,BOMBARDIER Regional Jet CRJ-900,0
landing,LGA,22,1781466388.67,2026-06-14T19:46:28Z,40.776981,-73.87767,210.9,a33339,N305PQ,CRJ9,BOMBARDIER Regional Jet CRJ-900,0
takeoff,JFK,22R,1781466388.67,2026-06-14T19:46:28Z,40.648343,-73.765047,210.9,a3560b,N314DU,BCS3,AIRBUS A220-300,0
landing,JFK,22L,1781466437.07,2026-06-14T19:47:17Z,40.633221,-73.764572,227.8,ad7760,N967NN,B738,BOEING 737-800,0
takeoff,JFK,22R,1781466497.93,2026-06-14T19:48:17Z,40.647622,-73.765593,208.1,ac3beb,N888DU,B739,BOEING 737-900,0
landing,LGA,22,1781466499.26,2026-06-14T19:48:19Z,40.776844,-73.877808,210.9,a43f7d,N373FR,A20N,AIRBUS A-320neo,0
landing,JFK,22L,1781466510.89,2026-06-14T19:48:30Z,40.632388,-73.764891,208.1,0c20de,HP-9903CMP,B39M,BOEING 737 MAX 9,0
landing,JFK,22L,1781466612.3,2026-06-14T19:50:12Z,40.630508,-73.766617,222.2,ab5365,N829MH,B764,BOEING 767-400,0
takeoff,JFK,22R,1781466680.46,2026-06-14T19:51:20Z,40.648224,-73.765137,208.1,0c2189,HP-9928CMP,B39M,BOEING 737 MAX 9,0
landing,LGA,22,1781466701.26,2026-06-14T19:51:41Z,40.773857,-73.879913,185.6,c00b7c,C-FEJB,E75S,EMBRAER ERJ-170-200 (short wing),0
landing,JFK,22L,1781466704.33,2026-06-14T19:51:44Z,40.633237,-73.764251,210.9,a7197d,N557AS,B738,BOEING 737-800,0
takeoff,JFK,22R,1781466744.39,2026-06-14T19:52:24Z,40.649053,-73.764485,210.9,acae2e,N916NN,B738,BOEING 737-800,0
takeoff,JFK,04L,1781466824.97,2026-06-14T19:53:44Z,40.649042,-73.766795,33.8,a0835d,N132HQ,E75L,EMBRAER ERJ-170-200 (long wing),0
landing,JFK,22L,1781466828.51,2026-06-14T19:53:48Z,40.633377,-73.764392,222.2,abc651,N858NW,A332,AIRBUS A-330-200,0
landing,LGA,22,1781466855.01,2026-06-14T19:54:15Z,40.774302,-73.879748,199.7,a05bde,N122HQ,E75L,EMBRAER ERJ-170-200 (long wing),0
takeoff,LGA,13,1781466863.75,2026-06-14T19:54:23Z,40.780209,-73.874146,123.8,acddf8,N928XJ,CRJ9,BOMBARDIER Regional Jet CRJ-900,0
takeoff,JFK,22R,1781466901.54,2026-06-14T19:55:01Z,40.647629,-73.765579,208.1,a6cacb,N537DT,A21N,AIRBUS A-321neo,0
landing,LGA,22,1781466951.85,2026-06-14T19:55:51Z,40.776665,-73.877954,210.9,ad01c0,N937XJ,CRJ9,BOMBARDIER Regional Jet CRJ-900,0
takeoff,LGA,13,1781466974.28,2026-06-14T19:56:14Z,40.780231,-73.874161,123.8,a384f8,N326DU,BCS3,AIRBUS A220-300,0
takeoff,JFK,22R,1781467010.79,2026-06-14T19:56:50Z,40.648235,-73.765121,208.1,0acaaa,HK-5409,A20N,AIRBUS A-320neo,0
landing,JFK,22L,1781467056.48,2026-06-14T19:57:36Z,40.632713,-73.764642,210.9,ade252,N994JL,A321,AIRBUS A-321,0
takeoff,LGA,13,1781467071.49,2026-06-14T19:57:51Z,40.781834,-73.877518,123.8,a4c170,N405YX,E75L,EMBRAER ERJ-170-200 (long wing),0
landing,LGA,22,1781467081.66,2026-06-14T19:58:01Z,40.774442,-73.879733,202.5,a1f46b,N225JQ,E75L,EMBRAER ERJ-170-200 (long wing),0
landing,JFK,22L,1781467178.53,2026-06-14T19:59:38Z,40.633621,-73.764064,219.4,4ca9ba,EI-LRA,A21N,AIRBUS A-321neo,0
landing,JFK,22L,1781467266.39,2026-06-14T20:01:06Z,40.632809,-73.764603,209.6,7c8065,VH-ZNB,B789,BOEING 787-9 Dreamliner,0
takeoff,JFK,04L,1781467317.02,2026-06-14T20:01:57Z,40.650169,-73.765915,30.9,a23fb2,N244JQ,E75L,EMBRAER ERJ-170-200 (long wing),0
takeoff,LGA,13,1781467322.19,2026-06-14T20:02:02Z,40.780312,-73.874329,123.8,ab23b5,N817DN,B739,BOEING 737-900,0
takeoff,JFK,22R,1781467349.17,2026-06-14T20:02:29Z,40.647412,-73.765749,208.1,ac10af,N877DN,B739,BOEING 737-900,0
landing,LGA,22,1781467379.71,2026-06-14T20:02:59Z,40.77824,-73.876633,213.8,ad3d4e,N952NN,B738,BOEING 737-800,0
takeoff,LGA,13,1781467396.91,2026-06-14T20:03:16Z,40.780284,-73.874318,123.8,a0b7fa,N14520,A21N,AIRBUS A-321neo,0
landing,JFK,22L,1781467397.49,2026-06-14T20:03:17Z,40.633586,-73.763986,210.9,ad6bdc,N964JT,A321,AIRBUS A-321,0
takeoff,LGA,13,1781467445.16,2026-06-14T20:04:05Z,40.782018,-73.877954,123.8,a01805,N105HQ,E75L,EMBRAER ERJ-170-200 (long wing),0
takeoff,JFK,22R,1781467601.68,2026-06-14T20:06:41Z,40.647457,-73.765717,208.1,0d0af1,XA-VIE,A20N,AIRBUS A-320neo,0
landing,JFK,22L,1781467660.7,2026-06-14T20:07:40Z,40.632877,-73.764526,208.1,ab8c19,N843MH,B764,BOEING 767-400,0
takeoff,LGA,13,1781467684.32,2026-06-14T20:08:04Z,40.780622,-73.875004,123.8,ab93a5,N845NN,B738,BOEING 737-800,0
landing,JFK,22L,1781467781.15,2026-06-14T20:09:41Z,40.63347,-73.76408,210.9,a3373a,N306SP,B38M,BOEING 737 MAX 8,0
takeoff,JFK,22R,1781467814.21,2026-06-14T20:10:14Z,40.647343,-73.765808,210.9,8966d4,A6-XWL,A35K,AIRBUS A-350-1000,0
takeoff,LGA,13,1781467832.88,2026-06-14T20:10:32Z,40.781948,-73.877792,120.9,a1b092,N208JQ,E75L,EMBRAER ERJ-170-200 (long wing),0
landing,JFK,22L,1781467873.58,2026-06-14T20:11:13Z,40.632133,-73.765121,210.9,448465,OO-ACE,B744,BOEING 747-400,0
takeoff,LGA,22,1781467886.04,2026-06-14T20:11:26Z,40.782143,-73.873413,210.9,a06a54,N126DN,A321,AIRBUS A-321,0
takeoff,JFK,22R,1781467942.82,2026-06-14T20:12:22Z,40.648669,-73.764782,210.9,ad2445,N946JL,A321,AIRBUS A-321,0
landing,LGA,22,1781467963.9,2026-06-14T20:12:43Z,40.775675,-73.87875,210.9,abf17f,N869NN,B738,BOEING 737-800,0
landing,JFK,22L,1781467988.31,2026-06-14T20:13:08Z,40.632737,-73.764642,210.9,a13748,N178DZ,B763,BOEING 767-300,0
takeoff,JFK,22R,1781468011.32,2026-06-14T20:13:31Z,40.647629,-73.765594,210.9,a414e8,N362NB,A319,AIRBUS A-319,0
takeoff,JFK,22R,1781468077.08,2026-06-14T20:14:37Z,40.648647,-73.764801,210.9,ad3581,N950JT,A321,AIRBUS A-321,0
takeoff,LGA,13,1781468106.82,2026-06-14T20:15:06Z,40.781662,-73.877197,123.8,a1f0b4,N224JQ,E75L,EMBRAER ERJ-170-200 (long wing),0
landing,JFK,22L,1781468129.48,2026-06-14T20:15:29Z,40.633713,-73.76387,210.9,ab80f4,N840MH,B764,BOEING 767-400,0
landing,LGA,04,1781468147.4,2026-06-14T20:15:47Z,40.770538,-73.881622,75.9,a2147c,N233JQ,E75L,EMBRAER ERJ-170-200 (long wing),0
takeoff,JFK,22R,1781468154.57,2026-06-14T20:15:54Z,40.648704,-73.764735,210.9,a16883,N190DN,B763,BOEING 767-300,0
takeoff,LGA,13,1781468195.44,2026-06-14T20:16:35Z,40.78117,-73.876175,123.8,a043ac,N116NC,G280,GULFSTREAM G280,0
takeoff,JFK,22R,1781468236.51,2026-06-14T20:17:16Z,40.646202,-73.766701,210.9,3c651a,D-AIHZ,A346,AIRBUS A-340-600,0
takeoff,JFK,04L,1781468236.93,2026-06-14T20:17:16Z,40.649496,-73.766421,30.9,a4e181,N413YX,E75L,EMBRAER ERJ-170-200 (long wing),0
landing,JFK,22L,1781468252.53,2026-06-14T20:17:32Z,40.633179,-73.764314,210.9,aa8b40,N779JB,A320,AIRBUS A-320,0
landing,LGA,22,1781468260.85,2026-06-14T20:17:40Z,40.776513,-73.878078,210.9,a5a6c1,N463WN,B737,BOEING 737-700,0
takeoff,LGA,13,1781468274.04,2026-06-14T20:17:54Z,40.779991,-73.873672,123.8,a35e6f,N316PQ,CRJ9,BOMBARDIER Regional Jet CRJ-900,0
landing,JFK,22L,1781468377.3,2026-06-14T20:19:37Z,40.632981,-73.764969,230.6,a38b61,N3275J,BCS3,AIRBUS A220-300,0
takeoff,JFK,22R,1781468377.95,2026-06-14T20:19:37Z,40.64846,-73.764938,210.9,a4417d,N3731T,B738,BOEING 737-800,0
takeoff,LGA,13,1781468382.98,2026-06-14T20:19:42Z,40.780854,-73.875488,120.9,a7e24a,N607LR,CRJ9,BOMBARDIER Regional Jet CRJ-900,0
landing,LGA,04,1781468411.59,2026-06-14T20:20:11Z,40.770584,-73.881638,70.3,abbb77,N855RW,E170,EMBRAER ERJ-170-100,0
landing,JFK,22L,1781468443.0,2026-06-14T20:20:43Z,40.632671,-73.764709,210.9,c083aa,C-GXWJ,B38M,BOEING 737 MAX 8,0
landing,LGA,22,1781468457.7,2026-06-14T20:20:57Z,40.778355,-73.876541,210.9,a46a7e,N384DN,A321,AIRBUS A-321,0
takeoff,JFK,22R,1781468464.38,2026-06-14T20:21:04Z,40.647285,-73.765854,210.9,a52ea4,N433DX,A339,AIRBUS A-330-900,0
takeoff,LGA,22,1781468531.68,2026-06-14T20:22:11Z,40.782798,-73.872866,210.9,a471ec,N386DN,A321,AIRBUS A-321,0
landing,JFK,22L,1781468550.07,2026-06-14T20:22:30Z,40.631038,-73.766015,215.2,aba765,N850AN,B789,BOEING 787-9 Dreamliner,0
landing,LGA,22,1781468615.31,2026-06-14T20:23:35Z,40.776421,-73.878159,210.9,ac5afd,N8955Q,B38M,,0
takeoff,LGA,31,1781468665.65,2026-06-14T20:24:25Z,40.778887,-73.87374,300.9,a4f414,N418YX,E75L,EMBRAER ERJ-170-200 (long wing),0
landing,LGA,31,1781468671.03,2026-06-14T20:24:31Z,40.778881,-73.873734,300.9,a4f414,N418YX,E75L,EMBRAER ERJ-170-200 (long wing),0
landing,JFK,22L,1781468778.67,2026-06-14T20:26:18Z,40.63512,-73.762787,210.9,a88774,N649JB,A320,AIRBUS A-320,0
takeoff,LGA,13,1781468790.24,2026-06-14T20:26:30Z,40.779819,-73.873319,123.8,a08a85,N134EV,CRJ9,BOMBARDIER Regional Jet CRJ-900,0
landing,LGA,22,1781468833.74,2026-06-14T20:27:13Z,40.777565,-73.877213,210.9,ad2573,N946WN,B737,BOEING 737-700,0
takeoff,LGA,13,1781468864.37,2026-06-14T20:27:44Z,40.779991,-73.873703,120.9,a19357,N200PQ,CRJ9,BOMBARDIER Regional Jet CRJ-900,0
landing,JFK,22L,1781468956.24,2026-06-14T20:29:16Z,40.632637,-73.765747,239.1,a0144e,N104HQ,E75L,EMBRAER ERJ-170-200 (long wing),0
takeoff,LGA,13,1781468965.09,2026-06-14T20:29:25Z,40.781124,-73.876068,120.9,a37e80,N324PQ,CRJ9,BOMBARDIER Regional Jet CRJ-900,0
takeoff,JFK,04L,1781468984.97,2026-06-14T20:29:44Z,40.651043,-73.765032,59.1,a1b2a8,N2084J,A21N,AIRBUS A-321neo,0
takeoff,JFK,22R,1781469010.8,2026-06-14T20:30:10Z,40.649197,-73.764374,210.9,4cadc7,EI-HJO,A339,AIRBUS A-330-900,0
takeoff,LGA,13,1781469013.28,2026-06-14T20:30:13Z,40.782181,-73.878281,120.9,aa6533,N769YX,E75L,EMBRAER ERJ-170-200 (long wing),0
landing,LGA,22,1781469121.87,2026-06-14T20:32:01Z,40.777375,-73.877345,213.8,a34825,N310PQ,CRJ9,BOMBARDIER Regional Jet CRJ-900,0
takeoff,LGA,13,1781469149.32,2026-06-14T20:32:29Z,40.781983,-73.877876,123.8,a4f414,N418YX,E75L,EMBRAER ERJ-170-200 (long wing),0
landing,LGA,22,1781469257.85,2026-06-14T20:34:17Z,40.77776,-73.877029,213.8,ad1c67,N944DZ,B739,,0
takeoff,LGA,13,1781469273.02,2026-06-14T20:34:33Z,40.780982,-73.875784,123.8,a03f1e,N115DN,A321,AIRBUS A-321,0
landing,JFK,22R,1781469297.04,2026-06-14T20:34:57Z,40.630829,-73.778717,210.9,a230d6,N240JQ,E75L,EMBRAER ERJ-170-200 (long wing),0
takeoff,LGA,13,1781469346.05,2026-06-14T20:35:46Z,40.780472,-73.87471,123.8,a3761c,N322DU,BCS3,AIRBUS A220-300,0
landing,JFK,22L,1781469376.52,2026-06-14T20:36:16Z,40.63276,-73.764642,210.9,4ac8a8,SE-REH,A333,AIRBUS A-330-300,0
takeoff,JFK,04L,1781469378.03,2026-06-14T20:36:18Z,40.65057,-73.765594,30.9,a8f9a3,N678CA,CRJ9,BOMBARDIER Regional Jet CRJ-900,0
takeoff,JFK,22R,1781469382.45,2026-06-14T20:36:22Z,40.646656,-73.766327,210.9,a34d98,N3115J,BCS3,AIRBUS A220-300,0
takeoff,LGA,13,1781469423.27,2026-06-14T20:37:03Z,40.779499,-73.872665,123.8,c03330,C-FTJZ,CRJ9,BOMBARDIER Regional Jet CRJ-900,0
takeoff,JFK,22R,1781469455.08,2026-06-14T20:37:35Z,40.648448,-73.764954,210.9,aa28f2,N754AN,B772,BOEING 777-200,0
takeoff,LGA,13,1781469493.61,2026-06-14T20:38:13Z,40.780128,-73.873947,123.8,acad02,N916AN,B738,BOEING 737-800,0
landing,LGA,04,1781469501.95,2026-06-14T20:38:21Z,40.77308,-73.879405,36.6,c0618e,C-GKYN,E295,EMBRAER ERJ-190-400,0
landing,JFK,22R,1781469512.57,2026-06-14T20:38:32Z,40.634226,-73.779139,233.4,abea2b,N867PP,PC12,PILATUS PC-12,0
landing,JFK,22L,1781469524.85,2026-06-14T20:38:44Z,40.632911,-73.765063,236.2,ac7658,N9018E,A319,AIRBUS A-319,0
takeoff,LGA,13,1781469554.53,2026-06-14T20:39:14Z,40.781502,-73.876846,123.8,abdc56,N8630B,B738,BOEING 737-800,0
landing,LGA,04,1781469592.69,2026-06-14T20:39:52Z,40.773324,-73.879202,30.9,ab0a73,N810MD,E170,EMBRAER ERJ-170-100,0
landing,JFK,22L,1781469639.46,2026-06-14T20:40:39Z,40.634377,-73.763382,210.9,a35fc2,N3162J,BCS3,AIRBUS A220-300,0
landing,LGA,22,1781469655.8,2026-06-14T20:40:55Z,40.777072,-73.877595,210.9,a9d626,N73291,B738,BOEING 737-800,0
takeoff,LGA,13,1781469669.74,2026-06-14T20:41:09Z,40.781033,-73.87587,123.8,a46603,N38268,B738,BOEING 737-800,0
takeoff,JFK,31L,1781469695.98,2026-06-14T20:41:35Z,40.641593,-73.79849,286.9,abea2b,N867PP,PC12,PILATUS PC-12,0
takeoff,LGA,13,1781469734.57,2026-06-14T20:42:14Z,40.781662,-73.877197,123.8,abc2e5,N857RW,E170,EMBRAER ERJ-170-100,0
takeoff,JFK,22R,1781469737.48,2026-06-14T20:42:17Z,40.647366,-73.765793,210.9,3c7a46,D-ANRF,A339,AIRBUS A-330-900,0
landing,JFK,22L,1781469827.19,2026-06-14T20:43:47Z,40.632626,-73.765732,239.1,a386fb,N3260J,BCS3,,0
takeoff,LGA,13,1781469864.66,2026-06-14T20:44:24Z,40.781261,-73.876358,123.8,ac4bfe,N8914Q,B38M,BOEING 737 MAX 8,0
takeoff,JFK,22R,1781469876.57,2026-06-14T20:44:36Z,40.648588,-73.764829,210.9,a32095,N300NY,A21N,AIRBUS A-321neo,0
landing,LGA,04,1781469911.53,2026-06-14T20:45:11Z,40.773918,-73.878718,30.9,a1d0a3,N216JQ,E75L,EMBRAER ERJ-170-200 (long wing),0
landing,JFK,22L,1781469921.92,2026-06-14T20:45:21Z,40.632981,-73.764907,236.2,a19a48,N202JQ,E75L,EMBRAER ERJ-170-200 (long wing),0
takeoff,JFK,22R,1781469943.82,2026-06-14T20:45:43Z,40.648576,-73.764844,210.9,ab3d41,N823NW,A333,AIRBUS A-330-300,0
takeoff,JFK,04L,1781469950.81,2026-06-14T20:45:50Z,40.648956,-73.766846,30.9,a40e30,N360VJ,CL35,BOMBARDIER BD-100 Challenger 350,0
landing,LGA,22,1781469970.39,2026-06-14T20:46:10Z,40.775505,-73.878891,210.9,a6f98e,N549CA,CRJ9,BOMBARDIER Regional Jet CRJ-900,0
takeoff,LGA,13,1781469983.56,2026-06-14T20:46:23Z,40.7804,-73.874536,123.8,a4a0d9,N398DN,A321,AIRBUS A-321,0
takeoff,JFK,22R,1781469995.3,2026-06-14T20:46:35Z,40.650181,-73.763611,210.9,a01fee,N107NN,A321,AIRBUS A-321,0
landing,JFK,22L,1781470032.95,2026-06-14T20:47:12Z,40.632648,-73.765701,239.1,a07228,N128HQ,E75L,EMBRAER ERJ-170-200 (long wing),0
takeoff,LGA,13,1781470059.58,2026-06-14T20:47:39Z,40.77997,-73.873662,123.8,a69894,N524JB,A320,AIRBUS A-320,0
takeoff,JFK,04L,1781470094.32,2026-06-14T20:48:14Z,40.649712,-73.766266,30.9,ac8289,N905JB,A321,AIRBUS A-321,0
landing,JFK,22L,1781470119.16,2026-06-14T20:48:39Z,40.63347,-73.764236,222.2,acb2c2,N917XJ,CRJ9,BOMBARDIER Regional Jet CRJ-900,0
landing,LGA,22,1781470146.56,2026-06-14T20:49:06Z,40.776932,-73.877704,210.9,a77d89,N582CA,CRJ9,BOMBARDIER Regional Jet CRJ-900,0
takeoff,JFK,22R,1781470155.71,2026-06-14T20:49:15Z,40.647552,-73.765656,210.9,a13af4,N179DN,B763,BOEING 767-300,0
takeoff,LGA,13,1781470158.55,2026-06-14T20:49:18Z,40.781147,-73.876114,120.9,acbffd,N920US,A321,AIRBUS A-321,0
landing,JFK,22L,1781470194.68,2026-06-14T20:49:54Z,40.633691,-73.763939,216.6,ab2855,N818NW,A333,AIRBUS A-330-300,0
landing,LGA,22,1781470238.8,2026-06-14T20:50:38Z,40.777565,-73.877182,213.8,c05d08,C-GJFZ,CRJ9,BOMBARDIER Regional Jet CRJ-900,0
landing,JFK,22L,1781470290.35,2026-06-14T20:51:30Z,40.632717,-73.764679,210.9,4b187b,HB-JHB,A333,AIRBUS A-330-300,0
takeoff,LGA,13,1781470346.89,2026-06-14T20:52:26Z,40.779947,-73.873584,120.9,a07f60,N131EV,CRJ9,BOMBARDIER Regional Jet CRJ-900,0
takeoff,JFK,22R,1781470407.02,2026-06-14T20:53:27Z,40.647606,-73.76561,210.9,a69bcd,N525DA,A21N,AIRBUS A-321neo,0
landing,JFK,22L,1781470451.89,2026-06-14T20:54:11Z,40.632911,-73.765078,236.2,a9b06f,N723TW,B752,BOEING 757-200,0
takeoff,JFK,22R,1781470476.87,2026-06-14T20:54:36Z,40.647354,-73.765812,210.9,a1cb05,N2142J,A21N,AIRBUS A-321neo,0
landing,JFK,22L,1781470509.87,2026-06-14T20:55:09Z,40.633528,-73.764173,222.2,ade9c0,N996JL,A321,AIRBUS A-321,0
takeoff,LGA,13,1781470529.06,2026-06-14T20:55:29Z,40.780643,-73.875061,123.8,a5468e,N439WN,B737,BOEING 737-700,0
takeoff,JFK,22R,1781470547.62,2026-06-14T20:55:47Z,40.647831,-73.765453,210.9,ae123e,04-4133,C17,Boeing C-17A Globemaster III,1
landing,JFK,22L,1781470603.84,2026-06-14T20:56:43Z,40.632408,-73.766373,247.5,ab6851,N834MH,B764,BOEING 767-400,0
takeoff,LGA,13,1781470610.45,2026-06-14T20:56:50Z,40.779993,-73.873693,123.8,a35d79,N316DU,BCS3,AIRBUS A220-300,0
takeoff,LGA,13,1781470680.42,2026-06-14T20:58:00Z,40.78068,-73.875129,123.8,a87c4f,N646JB,A320,AIRBUS A-320,0
landing,JFK,22L,1781470688.37,2026-06-14T20:58:08Z,40.632457,-73.764876,210.9,a544ee,N439DX,A339,AIRBUS A-330-900,0
takeoff,JFK,22R,1781470713.19,2026-06-14T20:58:33Z,40.647709,-73.765533,210.9,4b1885,HB-JHL,A333,AIRBUS A-330-300,0
landing,JFK,22L,1781470780.32,2026-06-14T20:59:40Z,40.63276,-73.764642,210.9,406814,G-VGEM,A333,AIRBUS A-330-300,0
takeoff,LGA,13,1781470859.86,2026-06-14T21:00:59Z,40.78068,-73.875113,123.8,a3cd7d,N344PP,B738,BOEING 737-800,0
landing,LGA,22,1781470918.1,2026-06-14T21:01:58Z,40.776595,-73.878,210.9,ab5b66,N8305E,B738,BOEING 737-800,0
takeoff,LGA,13,1781470921.96,2026-06-14T21:02:01Z,40.781902,-73.877688,123.8,a19691,N201JQ,E75L,EMBRAER ERJ-170-200 (long wing),0
landing,JFK,22R,1781470964.39,2026-06-14T21:02:44Z,40.631608,-73.778109,210.9,a4bdb9,N404YX,E75L,EMBRAER ERJ-170-200 (long wing),0
takeoff,JFK,22R,1781471007.39,2026-06-14T21:03:27Z,40.647436,-73.765749,208.1,add376,N990JL,A321,AIRBUS A-321,0
landing,LGA,22,1781471012.32,2026-06-14T21:03:32Z,40.777565,-73.877182,210.9,a3bdac,N340DU,,,0
takeoff,LGA,13,1781471028.51,2026-06-14T21:03:48Z,40.780284,-73.874302,123.8,a04dfa,N119DN,A321,AIRBUS A-321,0
landing,JFK,22L,1781471068.93,2026-06-14T21:04:28Z,40.630772,-73.766342,218.1,740823,JY-BAC,B788,BOEING 787-8 Dreamliner,0
takeoff,JFK,22R,1781471071.23,2026-06-14T21:04:31Z,40.648332,-73.765047,210.9,4ca5c7,EI-DUZ,A333,AIRBUS A-330-300,0
takeoff,LGA,13,1781471097.9,2026-06-14T21:04:57Z,40.780144,-73.874021,123.8,a3cde4,N344TS,B38M,BOEING 737 MAX 8,0
landing,LGA,22,1781471134.47,2026-06-14T21:05:34Z,40.776821,-73.877808,210.9,a6e4e8,N543UW,A321,AIRBUS A-321,0
takeoff,JFK,22R,1781471175.64,2026-06-14T21:06:15Z,40.647529,-73.765671,208.1,a0f4b5,N1605,B763,BOEING 767-300,0
takeoff,LGA,13,1781471181.03,2026-06-14T21:06:21Z,40.781564,-73.87697,123.8,ac26cf,N882RW,E170,EMBRAER ERJ-170-100,0
landing,JFK,22L,1781471199.76,2026-06-14T21:06:39Z,40.632179,-73.765091,210.9,a66576,N511DE,A21N,AIRBUS A-321neo,0
landing,LGA,22,1781471244.92,2026-06-14T21:07:24Z,40.774887,-73.87941,210.9,a44d85,N3768,B738,BOEING 737-800,0
landing,JFK,22L,1781471295.91,2026-06-14T21:08:15Z,40.634628,-73.763184,210.9,a63df3,N501DA,A21N,,0
takeoff,JFK,22R,1781471312.63,2026-06-14T21:08:32Z,40.648899,-73.764587,210.9,a66d54,N513HS,F900,DASSAULT Falcon 900,8
landing,JFK,22L,1781471368.99,2026-06-14T21:09:28Z,40.636787,-73.761474,210.9,4c0223,YU-ARD,A332,AIRBUS A-330-200,0
takeoff,JFK,22R,1781471377.26,2026-06-14T21:09:37Z,40.647503,-73.765671,210.9,a15397,N185DN,B763,BOEING 767-300,0
landing,LGA,22,1781471402.36,2026-06-14T21:10:02Z,40.777433,-73.877314,210.9,ab477d,N826DN,B739,BOEING 737-900,0
takeoff,JFK,22R,1781471458.75,2026-06-14T21:10:58Z,40.64775,-73.7655,210.9,484368,PH-BQA,B772,BOEING 777-200,0
takeoff,LGA,13,1781471460.77,2026-06-14T21:11:00Z,40.780266,-73.874268,123.8,acd88e,N927DZ,B739,BOEING 737-900,0
takeoff,LGA,13,1781471549.13,2026-06-14T21:12:29Z,40.779865,-73.873444,118.1,a2000d,N228PQ,CRJ9,BOMBARDIER Regional Jet CRJ-900,0
takeoff,JFK,22R,1781471602.0,2026-06-14T21:13:22Z,40.648739,-73.764725,210.9,a32bba,N303NY,A21N,AIRBUS A-321neo,0
landing,JFK,22L,1781471610.08,2026-06-14T21:13:30Z,40.633003,-73.76445,208.1,a7851c,N584DN,A21N,,0
takeoff,LGA,13,1781471619.35,2026-06-14T21:13:39Z,40.779957,-73.873627,123.8,acc7ae,N922XJ,CRJ9,BOMBARDIER Regional Jet CRJ-900,0
takeoff,LGA,13,1781471684.79,2026-06-14T21:14:44Z,40.781284,-73.876404,123.8,a4463e,N3749D,B738,BOEING 737-800,0
takeoff,JFK,22R,1781471693.48,2026-06-14T21:14:53Z,40.647388,-73.765762,210.9,3949ec,F-GSPM,B772,BOEING 777-200,0
landing,JFK,22L,1781471700.07,2026-06-14T21:15:00Z,40.635507,-73.762488,208.1,a1a3a9,N2043J,A21N,AIRBUS A-321neo,0
takeoff,LGA,13,1781471751.97,2026-06-14T21:15:51Z,40.781669,-73.877205,123.8,a210c5,N232JQ,E75L,EMBRAER ERJ-170-200 (long wing),0
takeoff,JFK,22R,1781471777.91,2026-06-14T21:16:17Z,40.648533,-73.764893,210.9,ab120b,N812NW,A333,AIRBUS A-330-300,0
landing,JFK,22L,1781471811.82,2026-06-14T21:16:51Z,40.633621,-73.764017,216.6,ab1d30,N815NW,A333,AIRBUS A-330-300,0
takeoff,LGA,13,1781471929.14,2026-06-14T21:18:49Z,40.781467,-73.87677,123.8,a0c42c,N149AN,A321,AIRBUS A-321,0
landing,JFK,22L,1781471968.24,2026-06-14T21:19:28Z,40.635041,-73.7628,208.1,a7a8ed,N593DX,A21N,,0
takeoff,JFK,22R,1781472000.14,2026-06-14T21:20:00Z,40.647971,-73.765328,210.9,344346,EC-LYF,A333,AIRBUS A-330-300,0
takeoff,LGA,13,1781472006.49,2026-06-14T21:20:06Z,40.780014,-73.873749,123.8,c062b8,C-GLJZ,CRJ9,BOMBARDIER Regional Jet CRJ-900,0
landing,JFK,22L,1781472050.92,2026-06-14T21:20:50Z,40.634785,-73.763019,213.8,a61173,N490PX,CRJ9,BOMBARDIER Regional Jet CRJ-900,0
takeoff,LGA,13,1781472068.29,2026-06-14T21:21:08Z,40.78111,-73.87605,123.8,a38237,N325PQ,CRJ9,BOMBARDIER Regional Jet CRJ-900,0
landing,LGA,22,1781472131.52,2026-06-14T21:22:11Z,40.77663,-73.877969,210.9,a3245d,N301PQ,CRJ9,BOMBARDIER Regional Jet CRJ-900,0
landing,JFK,22L,1781472137.11,2026-06-14T21:22:17Z,40.631229,-73.765854,213.8,a6b833,N532DN,A21N,AIRBUS A-321neo,0
takeoff,LGA,13,1781472145.01,2026-06-14T21:22:25Z,40.779854,-73.873413,120.9,a21142,N232PQ,CRJ9,BOMBARDIER Regional Jet CRJ-900,0
takeoff,JFK,22R,1781472191.01,2026-06-14T21:23:11Z,40.647447,-73.765718,208.1,a2af3e,N272PQ,CRJ9,BOMBARDIER Regional Jet CRJ-900,0
landing,LGA,22,1781472213.72,2026-06-14T21:23:33Z,40.777451,-73.877289,210.9,a037b9,N113DX,A321,AIRBUS A-321,0
landing,JFK,22L,1781472251.16,2026-06-14T21:24:11Z,40.633237,-73.764579,227.8,a1f822,N226JQ,E75L,EMBRAER ERJ-170-200 (long wing),0
landing,JFK,22L,1781472312.41,2026-06-14T21:25:12Z,40.633747,-73.76387,210.9,aaed5a,N803DN,B739,BOEING 737-900,0
takeoff,LGA,13,1781472363.65,2026-06-14T21:26:03Z,40.779991,-73.873688,123.8,a471e0,N386DA,B738,BOEING 737-800,0
takeoff,JFK,22R,1781472387.04,2026-06-14T21:26:27Z,40.647552,-73.76564,210.9,a124b5,N173DZ,B763,BOEING 767-300,0
takeoff,LGA,13,1781472426.18,2026-06-14T21:27:06Z,40.780715,-73.875207,123.8,a3183d,N299PQ,CRJ9,BOMBARDIER Regional Jet CRJ-900,0
landing,JFK,22L,1781472457.24,2026-06-14T21:27:37Z,40.63512,-73.762772,210.9,a39948,N3308J,BCS3,AIRBUS A220-300,0
landing,LGA,22,1781472466.38,2026-06-14T21:27:46Z,40.778259,-73.876627,210.9,a43ec9,N37287,B738,BOEING 737-800,0
takeoff,LGA,13,1781472505.64,2026-06-14T21:28:25Z,40.779947,-73.873584,123.8,a08e3c,N135EV,CRJ9,BOMBARDIER Regional Jet CRJ-900,0
takeoff,JFK,22R,1781472524.31,2026-06-14T21:28:44Z,40.646586,-73.766421,209.6,0d09d0,XA-ADL,B789,BOEING 787-9 Dreamliner,0
landing,JFK,22L,1781472563.73,2026-06-14T21:29:23Z,40.635809,-73.762238,210.9,acb679,N918XJ,CRJ9,BOMBARDIER Regional Jet CRJ-900,0
takeoff,LGA,13,1781472587.12,2026-06-14T21:29:47Z,40.780424,-73.87463,123.8,acee50,N932NN,B738,BOEING 737-800,0
landing,LGA,04,1781472618.87,2026-06-14T21:30:18Z,40.773594,-73.878967,33.8,a89d22,N654RW,E170,EMBRAER ERJ-170-100,0
takeoff,JFK,22R,1781472619.02,2026-06-14T21:30:19Z,40.647424,-73.765734,210.9,ab8862,N842MH,B764,BOEING 767-400,0
landing,LGA,22,1781472666.92,2026-06-14T21:31:06Z,40.776443,-73.878128,210.9,ac0048,N8721J,B38M,BOEING 737 MAX 8,0
takeoff,JFK,22R,1781472687.31,2026-06-14T21:31:27Z,40.647342,-73.765812,209.6,4ca8fc,EI-NEW,B789,BOEING 787-9 Dreamliner,0
landing,JFK,22L,1781472706.13,2026-06-14T21:31:46Z,40.631115,-73.766037,216.6,a17170,N192UW,A321,AIRBUS A-321,0
takeoff,LGA,13,1781472777.14,2026-06-14T21:32:57Z,40.780655,-73.875076,123.8,abf3da,N8699A,B738,BOEING 737-800,0
takeoff,JFK,22R,1781472815.75,2026-06-14T21:33:35Z,40.647936,-73.765344,210.9,a7cb53,N601DT,A21N,AIRBUS A-321neo,0
landing,JFK,22L,1781472822.96,2026-06-14T21:33:42Z,40.634605,-73.763184,210.9,a690a8,N522DA,A21N,AIRBUS A-321neo,0
landing,LGA,22,1781472840.3,2026-06-14T21:34:00Z,40.777503,-73.877251,210.9,a013e8,N104DN,A321,AIRBUS A-321,0
takeoff,LGA,13,1781472857.9,2026-06-14T21:34:17Z,40.780209,-73.874146,123.8,c07e33,C-GVUO,BCS3,AIRBUS A220-300,0
takeoff,JFK,22R,1781472884.38,2026-06-14T21:34:44Z,40.647606,-73.765625,210.9,aa5f41,N768AA,B772,BOEING 777-200,0
landing,JFK,22L,1781472913.8,2026-06-14T21:35:13Z,40.633678,-73.764008,216.6,a35c0b,N3152J,BCS3,AIRBUS A220-300,0
takeoff,LGA,13,1781472931.58,2026-06-14T21:35:31Z,40.780254,-73.874237,123.8,a6eec9,N546FX,CL35,BOMBARDIER BD-100 Challenger 350,8
takeoff,JFK,22R,1781472967.81,2026-06-14T21:36:07Z,40.647057,-73.766022,210.9,a1775f,N194DN,B763,BOEING 767-300,0
landing,LGA,22,1781473008.69,2026-06-14T21:36:48Z,40.778282,-73.876643,210.9,a7a956,N593JB,A320,AIRBUS A-320,0
landing,JFK,22L,1781473028.18,2026-06-14T21:37:08Z,40.632411,-73.76628,244.7,acaf0b,N916XJ,CRJ9,BOMBARDIER Regional Jet CRJ-900,0
takeoff,JFK,22R,1781473028.33,2026-06-14T21:37:08Z,40.647938,-73.76535,210.9,ab599b,N830NW,A333,AIRBUS A-330-300,0
takeoff,LGA,13,1781473029.72,2026-06-14T21:37:09Z,40.780296,-73.874333,123.8,a43f7d,N373FR,A20N,AIRBUS A-320neo,0
landing,JFK,22L,1781473085.58,2026-06-14T21:38:05Z,40.632076,-73.765182,212.4,346181,EC-NBX,B789,BOEING 787-9 Dreamliner,0
takeoff,LGA,13,1781473126.8,2026-06-14T21:38:46Z,40.781685,-73.877213,123.8,a06aba,N126HQ,E75L,EMBRAER ERJ-170-200 (long wing),0
takeoff,JFK,22R,1781473137.99,2026-06-14T21:38:57Z,40.64883,-73.764648,210.9,a2ce05,N280AK,B739,BOEING 737-900,0
landing,JFK,22L,1781473202.35,2026-06-14T21:40:02Z,40.633831,-73.763814,210.9,aded77,N997JL,A321,AIRBUS A-321,0
landing,LGA,13,1781473231.09,2026-06-14T21:40:31Z,40.777375,-73.86806,126.6,a28402,N261PJ,C208,CESSNA 208 Caravan,8
takeoff,LGA,13,1781473282.36,2026-06-14T21:41:22Z,40.781844,-73.877548,123.8,c00b7c,C-FEJB,E75S,EMBRAER ERJ-170-200 (short wing),0
takeoff,LGA,13,1781473370.6,2026-06-14T21:42:50Z,40.780266,-73.874268,123.8,a33339,N305PQ,CRJ9,BOMBARDIER Regional Jet CRJ-900,0
landing,JFK,22L,1781473375.84,2026-06-14T21:42:55Z,40.636276,-73.761902,208.1,a057be,N121DK,BE20,BEECH 200 Super King Air,0
landing,LGA,22,1781473454.6,2026-06-14T21:44:14Z,40.77475,-73.879471,208.1,a046f2,N117HQ,E75L,EMBRAER ERJ-170-200 (long wing),0
takeoff,LGA,13,1781473460.68,2026-06-14T21:44:20Z,40.780014,-73.873749,123.8,a0b848,N14548,A21N,AIRBUS A-321neo,0
takeoff,JFK,22R,1781473490.41,2026-06-14T21:44:50Z,40.647377,-73.765778,210.9,a39338,N3298J,,,0
takeoff,LGA,13,1781473501.28,2026-06-14T21:45:01Z,40.7821,-73.878125,118.1,a51425,N426YX,E75L,EMBRAER ERJ-170-200 (long wing),0
landing,JFK,22L,1781473529.39,2026-06-14T21:45:29Z,40.636659,-73.761614,210.9,adda23,N992AT,B712,BOEING 717-200,0
takeoff,JFK,22R,1781473562.99,2026-06-14T21:46:02Z,40.647709,-73.765533,210.9,a641bf,N502DX,A21N,AIRBUS A-321neo,0
landing,LGA,22,1781473565.42,2026-06-14T21:46:05Z,40.776707,-73.87793,210.9,a9d5df,N73270,B738,BOEING 737-800,0
landing,JFK,22L,1781473611.28,2026-06-14T21:46:51Z,40.632431,-73.764862,210.9,a6e361,N543DE,A21N,AIRBUS A-321neo,0
takeoff,JFK,22R,1781473625.88,2026-06-14T21:47:05Z,40.647743,-73.765488,210.9,a38b61,N3275J,BCS3,AIRBUS A220-300,0
landing,JFK,22L,1781473689.73,2026-06-14T21:48:09Z,40.63262,-73.764766,209.6,ab7268,N837AN,B789,BOEING 787-9 Dreamliner,0
landing,LGA,22,1781473699.79,2026-06-14T21:48:19Z,40.776146,-73.878387,210.9,acd296,N925UY,A321,AIRBUS A-321,0
landing,JFK,22R,1781473774.03,2026-06-14T21:49:34Z,40.632362,-73.777527,208.1,a67452,N515DE,A21N,AIRBUS A-321neo,0
landing,JFK,22R,1781473779.49,2026-06-14T21:49:39Z,40.630735,-73.778796,208.1,a67452,N515DE,A21N,AIRBUS A-321neo,0
landing,JFK,22L,1781473854.36,2026-06-14T21:50:54Z,40.636379,-73.761786,208.1,a368d3,N319FX,E545,EMBRAER EMB545 Praetor 500,0
takeoff,LGA,13,1781473869.37,2026-06-14T21:51:09Z,40.781599,-73.877064,123.8,a43e5c,N37253,B738,BOEING 737-800,0
takeoff,JFK,22R,1781473873.23,2026-06-14T21:51:13Z,40.647517,-73.765671,210.9,3c6715,D-AIXU,A359,AIRBUS A-350-900,0
landing,JFK,22L,1781473916.05,2026-06-14T21:51:56Z,40.634583,-73.763199,210.9,4ba94f,TC-JJO,B77W,BOEING 777-300ER,0
takeoff,LGA,13,1781473961.35,2026-06-14T21:52:41Z,40.779911,-73.87352,126.6,a31486,N298PQ,CRJ9,BOMBARDIER Regional Jet CRJ-900,0
landing,LGA,22,1781473962.58,2026-06-14T21:52:42Z,40.774498,-73.879684,205.3,a026e1,N109HQ,E75L,EMBRAER ERJ-170-200 (long wing),0
takeoff,JFK,22R,1781473993.63,2026-06-14T21:53:13Z,40.649018,-73.764517,210.9,ad7760,N967NN,B738,BOEING 737-800,0
takeoff,JFK,22R,1781474055.45,2026-06-14T21:54:15Z,40.647447,-73.765734,208.1,ac7658,N9018E,A319,AIRBUS A-319,0
landing,JFK,22R,1781474056.05,2026-06-14T21:54:16Z,40.647273,-73.765874,210.9,ac7658,N9018E,A319,AIRBUS A-319,0
takeoff,JFK,22R,1781474056.05,2026-06-14T21:54:16Z,40.647273,-73.765874,210.9,ac7658,N9018E,A319,AIRBUS A-319,0
landing,JFK,22L,1781474081.9,2026-06-14T21:54:41Z,40.636426,-73.761754,213.8,a5e02d,N478PX,CRJ9,BOMBARDIER Regional Jet CRJ-900,0
takeoff,JFK,22R,1781474132.18,2026-06-14T21:55:32Z,40.647785,-73.765469,210.9,c083aa,C-GXWJ,B38M,BOEING 737 MAX 8,0
landing,LGA,22,1781474135.8,2026-06-14T21:55:35Z,40.777668,-73.877106,210.9,a127bb,N17373,B38M,BOEING 737 MAX 8,0
takeoff,LGA,13,1781474156.98,2026-06-14T21:55:56Z,40.780633,-73.875067,123.8,acf5be,N934NN,B738,BOEING 737-800,0
landing,JFK,22L,1781474180.24,2026-06-14T21:56:20Z,40.634823,-73.763016,210.9,a3711a,N3203J,BCS3,AIRBUS A220-300,0
takeoff,JFK,22R,1781474201.81,2026-06-14T21:56:41Z,40.646141,-73.766739,210.9,4cadca,EI-HJS,A339,AIRBUS A-330-900,0
takeoff,JFK,04L,1781474240.34,2026-06-14T21:57:20Z,40.651078,-73.765016,61.9,a19d0d,N2029J,A21N,AIRBUS A-321neo,0
landing,LGA,22,1781474256.27,2026-06-14T21:57:36Z,40.777433,-73.877298,210.9,abb2d5,N853DN,B739,BOEING 737-900,0
takeoff,LGA,13,1781474273.99,2026-06-14T21:57:53Z,40.779725,-73.873147,123.8,c05d08,C-GJFZ,CRJ9,BOMBARDIER Regional Jet CRJ-900,0
landing,JFK,22L,1781474292.74,2026-06-14T21:58:12Z,40.633495,-73.764038,210.9,a7d2bc,N603DN,A21N,AIRBUS A-321neo,0
takeoff,LGA,13,1781474348.59,2026-06-14T21:59:08Z,40.781101,-73.876007,123.8,a5a6c1,N463WN,B737,BOEING 737-700,0
landing,JFK,22L,1781474381.88,2026-06-14T21:59:41Z,40.633896,-73.763748,210.9,a01c37,N106NN,A321,AIRBUS A-321,0
landing,LGA,22,1781474401.49,2026-06-14T22:00:01Z,40.774919,-73.879358,210.9,a07fa6,N131HQ,E75L,EMBRAER ERJ-170-200 (long wing),0
takeoff,JFK,22R,1781474403.26,2026-06-14T22:00:03Z,40.64748,-73.765701,208.1,a7b40e,N596DT,,,0
takeoff,JFK,04L,1781474417.92,2026-06-14T22:00:17Z,40.651043,-73.765016,61.9,aca29a,N913JB,A321,AIRBUS A-321,0
landing,JFK,22L,1781474449.47,2026-06-14T22:00:49Z,40.636065,-73.762051,210.9,ad4bcb,N956JT,A321,AIRBUS A-321,0
takeoff,JFK,04L,1781474495.94,2026-06-14T22:01:35Z,40.650159,-73.765906,30.9,a19a48,N202JQ,E75L,EMBRAER ERJ-170-200 (long wing),0
landing,LGA,22,1781474507.9,2026-06-14T22:01:47Z,40.774558,-73.87967,202.5,a09239,N136HQ,E75L,EMBRAER ERJ-170-200 (long wing),0
landing,JFK,22L,1781474579.19,2026-06-14T22:02:59Z,40.633703,-73.763986,219.4,a5f162,N482PX,CRJ9,BOMBARDIER Regional Jet CRJ-900,0
takeoff,JFK,22R,1781474602.2,2026-06-14T22:03:22Z,40.647652,-73.765564,208.1,ad7631,N967AK,B39M,BOEING 737 MAX 9,0
landing,LGA,22,1781474612.68,2026-06-14T22:03:32Z,40.776192,-73.878342,208.1,a43b85,N372DA,B738,BOEING 737-800,0
landing,JFK,22L,1781474649.36,2026-06-14T22:04:09Z,40.632763,-73.764633,210.9,3965aa,F-GZNK,B77W,BOEING 777-300ER,0
takeoff,JFK,22R,1781474722.6,2026-06-14T22:05:22Z,40.64782,-73.765437,208.1,a33716,N306RC,B38M,BOEING 737 MAX 8,0
takeoff,LGA,13,1781474765.74,2026-06-14T22:06:05Z,40.780209,-73.874146,123.8,a3adb9,N336SR,B38M,BOEING 737 MAX 8,0
takeoff,JFK,22R,1781474782.3,2026-06-14T22:06:22Z,40.64754,-73.765671,210.9,a17ecd,N196DN,B763,BOEING 767-300,0
landing,LGA,04,1781474815.36,2026-06-14T22:06:55Z,40.774046,-73.878609,30.9,a4ddca,N412YX,E75L,EMBRAER ERJ-170-200 (long wing),0
landing,JFK,22L,1781474825.11,2026-06-14T22:07:05Z,40.632958,-73.765047,233.4,a51b93,N428YX,E75L,EMBRAER ERJ-170-200 (long wing),0
takeoff,LGA,13,1781474848.6,2026-06-14T22:07:28Z,40.780284,-73.874364,123.8,ad2573,N946WN,B737,BOEING 737-700,0
takeoff,LGA,13,1781474910.28,2026-06-14T22:08:30Z,40.781651,-73.877151,123.8,a05bde,N122HQ,E75L,EMBRAER ERJ-170-200 (long wing),0
landing,JFK,22L,1781474910.66,2026-06-14T22:08:30Z,40.635052,-73.762833,210.9,a7bb77,N598DN,A21N,AIRBUS A-321neo,0
takeoff,JFK,22R,1781474919.34,2026-06-14T22:08:39Z,40.647761,-73.765484,210.9,aac6ee,N794AN,B772,BOEING 777-200,0
landing,JFK,22L,1781474997.85,2026-06-14T22:09:57Z,40.632774,-73.764603,210.9,485ecc,PH-BVW,B77W,BOEING 777-300ER,0
takeoff,JFK,22R,1781475000.76,2026-06-14T22:10:00Z,40.647675,-73.765564,210.9,3965b1,F-GZNR,B77W,BOEING 777-300ER,0
landing,LGA,22,1781475032.54,2026-06-14T22:10:32Z,40.776546,-73.878052,210.9,a36eae,N320DU,BCS3,AIRBUS A220-300,0
takeoff,LGA,13,1781475046.12,2026-06-14T22:10:46Z,40.780289,-73.874313,123.8,ac5afd,N8955Q,B38M,,0
takeoff,JFK,22R,1781475099.28,2026-06-14T22:11:39Z,40.648556,-73.764862,208.1,a3373a,N306SP,B38M,BOEING 737 MAX 8,0
landing,JFK,22L,1781475117.7,2026-06-14T22:11:57Z,40.632797,-73.764603,210.9,a49ce2,N397AZ,B763,BOEING 767-300,0
takeoff,LGA,13,1781475119.81,2026-06-14T22:11:59Z,40.780249,-73.874255,120.9,abf17f,N869NN,B738,BOEING 737-800,0
landing,LGA,22,1781475168.86,2026-06-14T22:12:48Z,40.774256,-73.87992,213.8,a448fc,N3752,B738,BOEING 737-800,0
landing,JFK,22L,1781475201.25,2026-06-14T22:13:21Z,40.632809,-73.764603,210.9,a26325,N253FE,B763,BOEING 767-300,0
landing,JFK,22R,1781475232.9,2026-06-14T22:13:52Z,40.633839,-73.776367,208.1,a78945,N585JB,A320,AIRBUS A-320,0
takeoff,JFK,22R,1781475298.13,2026-06-14T22:14:58Z,40.647583,-73.765625,210.9,899121,B-16781,B77L,BOEING 777-200LR,0
takeoff,LGA,13,1781475304.22,2026-06-14T22:15:04Z,40.779912,-73.873553,120.9,a77d89,N582CA,CRJ9,BOMBARDIER Regional Jet CRJ-900,0
landing,JFK,22L,1781475323.97,2026-06-14T22:15:23Z,40.634273,-73.763455,210.9,a1a0c4,N2039J,A21N,AIRBUS A-321neo,0
takeoff,LGA,13,1781475374.91,2026-06-14T22:16:14Z,40.78157,-73.877014,123.8,c0618e,C-GKYN,E295,EMBRAER ERJ-190-400,0
takeoff,JFK,22R,1781475420.59,2026-06-14T22:17:00Z,40.646772,-73.766233,210.9,ad8836,N971JT,A321,AIRBUS A-321,0
landing,JFK,22L,1781475432.32,2026-06-14T22:17:12Z,40.633924,-73.763752,210.9,ad56e0,N959JB,A321,AIRBUS A-321,0
takeoff,LGA,13,1781475466.95,2026-06-14T22:17:46Z,40.779562,-73.872788,120.9,a086ce,N133EV,CRJ9,BOMBARDIER Regional Jet CRJ-900,0
takeoff,JFK,22R,1781475478.31,2026-06-14T22:17:58Z,40.646842,-73.766202,210.9,ade609,N995JL,A321,AIRBUS A-321,0
landing,LGA,22,1781475538.54,2026-06-14T22:18:58Z,40.779423,-73.87566,210.9,c066dd,C-GMYU,BCS3,AIRBUS A220-300,0
takeoff,JFK,22R,1781475540.34,2026-06-14T22:19:00Z,40.647732,-73.765518,210.9,a88774,N649JB,A320,AIRBUS A-320,0
landing,JFK,22L,1781475556.1,2026-06-14T22:19:16Z,40.636322,-73.761856,210.9,76cce1,9V-SGA,A359,AIRBUS A-350-900,0
takeoff,LGA,13,1781475560.17,2026-06-14T22:19:20Z,40.781867,-73.877595,126.6,a030a8,N111HQ,E75L,EMBRAER ERJ-170-200 (long wing),0
takeoff,JFK,22R,1781475605.66,2026-06-14T22:20:05Z,40.646576,-73.766418,210.9,a7197d,N557AS,B738,BOEING 737-800,0
takeoff,JFK,22R,1781475665.11,2026-06-14T22:21:05Z,40.646427,-73.766525,209.6,48ae04,SP-LRE,B788,BOEING 787-8 Dreamliner,0
landing,JFK,22L,1781475705.06,2026-06-14T22:21:45Z,40.633831,-73.763783,208.1,a387f0,N3267J,BCS3,,0
landing,LGA,04,1781475746.56,2026-06-14T22:22:26Z,40.773429,-73.879124,30.9,a0345f,N112HQ,E75L,EMBRAER ERJ-170-200 (long wing),0
landing,JFK,22L,1781475771.43,2026-06-14T22:22:51Z,40.632492,-73.764844,210.9,780a3f,B-LJJ,B748,BOEING 747-8,0
landing,LGA,22,1781475772.09,2026-06-14T22:22:52Z,40.777375,-73.877345,210.9,a071c2,N128DN,A321,AIRBUS A-321,0
takeoff,JFK,22R,1781475785.53,2026-06-14T22:23:05Z,40.647469,-73.765701,210.9,4ca9ba,EI-LRA,A21N,AIRBUS A-321neo,0
takeoff,LGA,13,1781475802.91,2026-06-14T22:23:22Z,40.781785,-73.877439,123.8,a1d0a3,N216JQ,E75L,EMBRAER ERJ-170-200 (long wing),0
takeoff,JFK,22R,1781475854.38,2026-06-14T22:24:14Z,40.647423,-73.765732,210.9,acb2c2,N917XJ,CRJ9,BOMBARDIER Regional Jet CRJ-900,0
landing,LGA,22,1781475908.06,2026-06-14T22:25:08Z,40.776638,-73.877975,208.1,a8f235,N676CA,CRJ9,BOMBARDIER Regional Jet CRJ-900,0
takeoff,JFK,22R,1781475916.9,2026-06-14T22:25:16Z,40.647866,-73.765391,210.9,ade252,N994JL,A321,AIRBUS A-321,0
landing,JFK,22L,1781475938.01,2026-06-14T22:25:38Z,40.636217,-73.761926,210.9,a5fc87,N485PX,CRJ9,BOMBARDIER Regional Jet CRJ-900,0
landing,JFK,22L,1781476023.62,2026-06-14T22:27:03Z,40.632713,-73.764657,210.9,a38af8,N3272J,BCS3,AIRBUS A220-300,0
landing,LGA,22,1781476080.44,2026-06-14T22:28:00Z,40.778206,-73.876663,205.3,a7e24a,N607LR,CRJ9,BOMBARDIER Regional Jet CRJ-900,0
landing,JFK,22L,1781476092.62,2026-06-14T22:28:12Z,40.636624,-73.761645,210.9,ad846f,N970JB,A321,AIRBUS A-321,0
landing,LGA,22,1781476187.35,2026-06-14T22:29:47Z,40.777634,-73.877151,210.9,a35701,N314PQ,CRJ9,BOMBARDIER Regional Jet CRJ-900,0
landing,JFK,22L,1781476199.65,2026-06-14T22:29:59Z,40.632729,-73.764664,210.9,34520c,EC-MLP,A332,AIRBUS A-330-200,0
landing,JFK,22R,1781476315.79,2026-06-14T22:31:55Z,40.632574,-73.777313,208.1,ab6519,N833SK,CRJ9,BOMBARDIER Regional Jet CRJ-900,0
landing,JFK,22L,1781476345.11,2026-06-14T22:32:25Z,40.635635,-73.762379,210.9,a4462e,N3748Y,B738,BOEING 737-800,0
takeoff,LGA,13,1781476415.95,2026-06-14T22:33:35Z,40.780214,-73.87413,123.8,a0f1bb,N160AN,A321,AIRBUS A-321,0
landing,JFK,22R,1781476434.28,2026-06-14T22:33:54Z,40.631584,-73.778137,210.9,8963f1,A6-EOT,A388,AIRBUS A-380-800,0
landing,JFK,22R,1781476440.02,2026-06-14T22:34:00Z,40.629711,-73.779607,210.9,8963f1,A6-EOT,A388,AIRBUS A-380-800,0
takeoff,JFK,04L,1781476445.72,2026-06-14T22:34:05Z,40.650194,-73.76589,30.9,a4bdb9,N404YX,E75L,EMBRAER ERJ-170-200 (long wing),0
landing,JFK,22L,1781476526.77,2026-06-14T22:35:26Z,40.637524,-73.760895,210.9,a03f24,N115DU,BCS1,AIRBUS A220-100,0
takeoff,JFK,22R,1781476580.98,2026-06-14T22:36:20Z,40.64772,-73.765518,208.1,a3dcc2,N348TU,B38M,,0
landing,JFK,22L,1781476604.98,2026-06-14T22:36:44Z,40.634411,-73.763336,210.9,4ca74e,EI-EAV,A333,AIRBUS A-330-300,0
landing,JFK,04L,1781476642.27,2026-06-14T22:37:22Z,40.645157,-73.769882,0.0,aca3e6,N913XJ,CRJ9,BOMBARDIER Regional Jet CRJ-900,0
takeoff,LGA,13,1781476673.35,2026-06-14T22:37:53Z,40.781433,-73.876709,123.8,a2147c,N233JQ,E75L,EMBRAER ERJ-170-200 (long wing),0
landing,JFK,22L,1781476716.41,2026-06-14T22:38:36Z,40.634697,-73.763123,210.9,406b0a,G-STBK,B77W,BOEING 777-300ER,0
landing,LGA,22,1781476738.23,2026-06-14T22:38:58Z,40.773429,-73.879951,182.8,aaf007,N80348,E75L,EMBRAER ERJ-170-200 (long wing),0
takeoff,JFK,04L,1781476757.21,2026-06-14T22:39:17Z,40.651008,-73.765094,70.3,a07228,N128HQ,E75L,EMBRAER ERJ-170-200 (long wing),0
takeoff,LGA,13,1781476757.78,2026-06-14T22:39:17Z,40.780231,-73.874191,123.8,a44d85,N3768,B738,BOEING 737-800,0
landing,JFK,22L,1781476867.2,2026-06-14T22:41:07Z,40.63624,-73.761895,208.1,a3ca01,N343RY,B38M,BOEING 737 MAX 8,0
landing,LGA,22,1781476907.65,2026-06-14T22:41:47Z,40.779408,-73.875671,210.9,a41090,N361FR,A20N,AIRBUS A-320neo,0
landing,JFK,22L,1781476965.23,2026-06-14T22:42:45Z,40.634628,-73.763138,210.9,4cacb9,EI-TYG,A339,AIRBUS A-330-900,0
takeoff,JFK,22R,1781476967.99,2026-06-14T22:42:47Z,40.646828,-73.766205,208.1,0d1139,XA-AMD,B38M,BOEING 737 MAX 8,0
landing,LGA,04,1781477008.15,2026-06-14T22:43:28Z,40.776606,-73.88095,353.1,a80d35,N618HR,A109,AGUSTA AW-109 Grand,0
takeoff,JFK,22R,1781477029.49,2026-06-14T22:43:49Z,40.646249,-73.766655,210.9,a17b16,N195DN,B763,BOEING 767-300,0
takeoff,JFK,22R,1781477106.51,2026-06-14T22:45:06Z,40.647182,-73.76593,210.9,738076,4X-ECF,B772,BOEING 777-200,0
landing,JFK,22L,1781477117.4,2026-06-14T22:45:17Z,40.632774,-73.764618,208.1,ad4f72,N957JB,A321,AIRBUS A-321,0
landing,LGA,22,1781477133.68,2026-06-14T22:45:33Z,40.777037,-73.877626,210.9,a35254,N313DU,BCS3,AIRBUS A220-300,0
takeoff,LGA,13,1781477154.68,2026-06-14T22:45:54Z,40.779922,-73.873535,123.8,a6e4e8,N543UW,A321,AIRBUS A-321,0
takeoff,JFK,22R,1781477184.76,2026-06-14T22:46:24Z,40.647789,-73.765472,209.6,4075c3,G-CKWS,B789,BOEING 787-9 Dreamliner,0
landing,JFK,22L,1781477210.77,2026-06-14T22:46:50Z,40.634388,-73.763367,210.9,4a91b2,SE-DMR,A21N,AIRBUS A-321neo,0
takeoff,LGA,13,1781477234.58,2026-06-14T22:47:14Z,40.779562,-73.872788,120.9,a6f98e,N549CA,CRJ9,BOMBARDIER Regional Jet CRJ-900,0
takeoff,JFK,22R,1781477276.99,2026-06-14T22:47:56Z,40.64612,-73.766764,210.9,4075b3,G-VLUX,A35K,AIRBUS A-350-1000,0
landing,LGA,22,1781477291.91,2026-06-14T22:48:11Z,40.777561,-73.877205,210.9,a4ba02,N403YX,E75L,EMBRAER ERJ-170-200 (long wing),0
takeoff,LGA,13,1781477304.74,2026-06-14T22:48:24Z,40.781696,-73.877258,123.8,a07bef,N130HQ,E75L,EMBRAER ERJ-170-200 (long wing),0
landing,JFK,22L,1781477309.21,2026-06-14T22:48:29Z,40.632748,-73.764626,210.9,a4b827,N403DX,A339,AIRBUS A-330-900,0
landing,LGA,22,1781477372.02,2026-06-14T22:49:32Z,40.7761,-73.878433,210.9,adab31,N980AN,B738,BOEING 737-800,0
takeoff,JFK,22R,1781477415.6,2026-06-14T22:50:15Z,40.646865,-73.766202,208.1,ad6bdc,N964JT,A321,AIRBUS A-321,0
landing,JFK,22L,1781477469.96,2026-06-14T22:51:09Z,40.63631,-73.761848,213.8,a14502,N181GJ,CRJ9,BOMBARDIER Regional Jet CRJ-900,0
takeoff,JFK,22R,1781477471.97,2026-06-14T22:51:11Z,40.64697,-73.766093,213.8,a61173,N490PX,CRJ9,BOMBARDIER Regional Jet CRJ-900,0
landing,LGA,22,1781477516.23,2026-06-14T22:51:56Z,40.778189,-73.876674,210.9,ac8efa,N908XJ,CRJ9,BOMBARDIER Regional Jet CRJ-900,0
takeoff,JFK,22R,1781477518.1,2026-06-14T22:51:58Z,40.648476,-73.764923,210.9,a6152a,N491PX,CRJ9,BOMBARDIER Regional Jet CRJ-900,0
landing,JFK,22L,1781477561.94,2026-06-14T22:52:41Z,40.634855,-73.762987,209.6,02013f,CN-RGY,B789,BOEING 787-9 Dreamliner,0
takeoff,JFK,22R,1781477578.35,2026-06-14T22:52:58Z,40.646865,-73.766186,210.9,a1286c,N174DZ,B763,BOEING 767-300,0
landing,LGA,22,1781477612.76,2026-06-14T22:53:32Z,40.776758,-73.87786,208.1,a09961,N138EV,CRJ9,BOMBARDIER Regional Jet CRJ-900,0
takeoff,LGA,13,1781477628.38,2026-06-14T22:53:48Z,40.781646,-73.877173,123.8,a5106e,N425YX,E75L,EMBRAER ERJ-170-200 (long wing),0
takeoff,JFK,22R,1781477632.77,2026-06-14T22:53:52Z,40.647552,-73.765656,210.9,ab20e7,N816NW,A333,AIRBUS A-330-300,0
landing,JFK,22L,1781477691.13,2026-06-14T22:54:51Z,40.632488,-73.764847,210.9,461f06,OH-LTM,A333,AIRBUS A-330-300,0
takeoff,JFK,22R,1781477712.34,2026-06-14T22:55:12Z,40.646633,-73.766358,210.9,40621c,G-STBB,B77W,BOEING 777-300ER,0
takeoff,LGA,13,1781477752.41,2026-06-14T22:55:52Z,40.780575,-73.874908,123.8,a8ae7f,N659DL,B752,BOEING 757-200,0
landing,JFK,22L,1781477843.61,2026-06-14T22:57:23Z,40.632259,-73.765015,210.9,a78cfc,N586JB,A320,AIRBUS A-320,0
takeoff,LGA,22,1781477849.04,2026-06-14T22:57:29Z,40.776025,-73.878515,210.9,a28402,N261PJ,C208,CESSNA 208 Caravan,8
landing,JFK,22L,1781477952.25,2026-06-14T22:59:12Z,40.631985,-73.765228,210.9,4cc581,TF-IAD,A21N,AIRBUS A-321neo,0
takeoff,JFK,22R,1781477975.25,2026-06-14T22:59:35Z,40.646564,-73.766434,209.6,ab9af3,N847MF,B789,BOEING 787-9 Dreamliner,0
takeoff,JFK,22R,1781478052.9,2026-06-14T23:00:52Z,40.647319,-73.765828,210.9,3965a4,F-GZNE,B77W,BOEING 777-300ER,0
landing,JFK,22L,1781478070.55,2026-06-14T23:01:10Z,40.632574,-73.764782,210.9,407da5,G-VJAZ,A339,AIRBUS A-330-900,0
takeoff,JFK,22R,1781478128.8,2026-06-14T23:02:08Z,40.647098,-73.76603,210.9,44ccc7,OO-SFG,A333,AIRBUS A-330-300,0
landing,LGA,22,1781478142.78,2026-06-14T23:02:22Z,40.778841,-73.876128,210.9,a445f8,N3747D,B738,BOEING 737-800,0
takeoff,LGA,13,1781478153.76,2026-06-14T23:02:33Z,40.781972,-73.877829,123.8,a19dff,N203JQ,E75L,EMBRAER ERJ-170-200 (long wing),0
landing,JFK,22L,1781478215.54,2026-06-14T23:03:35Z,40.631806,-73.765391,208.1,a403df,N358PW,B738,BOEING 737-800,0
takeoff,LGA,13,1781478243.12,2026-06-14T23:04:03Z,40.780209,-73.874161,123.8,a491f1,N394DA,B738,BOEING 737-800,0
takeoff,JFK,22R,1781478280.08,2026-06-14T23:04:40Z,40.646179,-73.766717,208.1,aaffed,N808DN,B739,BOEING 737-900,0
landing,JFK,22L,1781478283.95,2026-06-14T23:04:43Z,40.6348,-73.763046,210.9,ad6f93,N965JT,A321,AIRBUS A-321,0
takeoff,LGA,13,1781478323.09,2026-06-14T23:05:23Z,40.779632,-73.872944,126.6,a34825,N310PQ,CRJ9,BOMBARDIER Regional Jet CRJ-900,0
landing,JFK,22L,1781478384.34,2026-06-14T23:06:24Z,40.635099,-73.7628,208.1,a1cf48,N2156J,A21N,AIRBUS A-321neo,0
takeoff,LGA,22,1781478432.11,2026-06-14T23:07:12Z,40.776581,-73.88121,173.1,a80d35,N618HR,A109,AGUSTA AW-109 Grand,0
landing,JFK,22L,1781478473.53,2026-06-14T23:07:53Z,40.633919,-73.763733,210.9,ad935b,N974JT,A321,AIRBUS A-321,0
takeoff,JFK,22R,1781478509.42,2026-06-14T23:08:29Z,40.646388,-73.766545,210.9,a523c6,N430GT,B744,BOEING 747-400,0
landing,JFK,22L,1781478558.14,2026-06-14T23:09:18Z,40.635246,-73.762695,210.9,406591,G-STBE,B77W,BOEING 777-300ER,0
landing,LGA,22,1781478594.62,2026-06-14T23:09:54Z,40.777931,-73.876907,210.9,a9d59a,N73251,B738,BOEING 737-800,0
takeoff,LGA,13,1781478617.69,2026-06-14T23:10:17Z,40.78054,-73.874832,123.8,a46a7e,N384DN,A321,AIRBUS A-321,0
takeoff,JFK,04L,1781478622.8,2026-06-14T23:10:22Z,40.650217,-73.765874,30.9,a1f822,N226JQ,E75L,EMBRAER ERJ-170-200 (long wing),0
takeoff,JFK,22R,1781478669.59,2026-06-14T23:11:09Z,40.647526,-73.765671,210.9,4005b9,G-VIIA,B772,BOEING 777-200,0
landing,JFK,22L,1781478681.12,2026-06-14T23:11:21Z,40.632516,-73.764813,210.9,ab7376,N837MH,B764,BOEING 767-400,0
landing,LGA,22,1781478714.11,2026-06-14T23:11:54Z,40.774104,-73.879842,194.1,a0433b,N116HQ,E75L,EMBRAER ERJ-170-200 (long wing),0
takeoff,LGA,13,1781478756.83,2026-06-14T23:12:36Z,40.780563,-73.874878,123.8,a0ad3e,N14250,B738,BOEING 737-800,0
landing,JFK,22L,1781478777.56,2026-06-14T23:12:57Z,40.632597,-73.764751,209.6,485b43,PH-BKC,B78X,BOEING 787-10 Dreamliner,0
takeoff,LGA,13,1781478854.51,2026-06-14T23:14:14Z,40.781704,-73.877267,123.8,a026e1,N109HQ,E75L,EMBRAER ERJ-170-200 (long wing),0
landing,LGA,22,1781478878.55,2026-06-14T23:14:38Z,40.771148,-73.88237,194.1,abc2e5,N857RW,E170,EMBRAER ERJ-170-100,0
takeoff,JFK,22R,1781478931.77,2026-06-14T23:15:31Z,40.647743,-73.765488,210.9,408121,G-VPIE,A339,AIRBUS A-330-900,0
landing,JFK,22L,1781478931.94,2026-06-14T23:15:31Z,40.634529,-73.763284,213.8,a7ad0d,N594JB,A320,AIRBUS A-320,0
takeoff,LGA,13,1781478940.08,2026-06-14T23:15:40Z,40.780197,-73.8741,123.8,ab477d,N826DN,B739,BOEING 737-900,0
landing,LGA,22,1781479011.47,2026-06-14T23:16:51Z,40.77535,-73.87903,208.1,a1c935,N214JQ,E75L,EMBRAER ERJ-170-200 (long wing),0
landing,JFK,22R,1781479035.98,2026-06-14T23:17:15Z,40.633004,-73.777001,210.9,a0275c,N109NN,A321,AIRBUS A-321,0
landing,JFK,22L,1781479036.81,2026-06-14T23:17:16Z,40.632527,-73.764813,210.9,a9aebe,N723AN,B77W,BOEING 777-300ER,0
landing,LGA,22,1781479149.12,2026-06-14T23:19:09Z,40.77673,-73.877899,208.1,ac159a,N878RW,E170,EMBRAER ERJ-170-100,0
landing,JFK,22L,1781479155.27,2026-06-14T23:19:15Z,40.632539,-73.764813,210.9,846098,JA11WJ,A35K,AIRBUS A-350-1000,0
takeoff,JFK,22R,1781479158.68,2026-06-14T23:19:18Z,40.647583,-73.765625,210.9,a1574e,N186DN,B763,BOEING 767-300,0
takeoff,LGA,13,1781479174.13,2026-06-14T23:19:34Z,40.78068,-73.87516,123.8,ab5b66,N8305E,B738,BOEING 737-800,0
takeoff,JFK,22R,1781479215.16,2026-06-14T23:20:15Z,40.646877,-73.766186,210.9,a4caba,N408DX,A339,AIRBUS A-330-900,0
landing,LGA,22,1781479257.67,2026-06-14T23:20:57Z,40.776546,-73.878052,210.9,a35e6f,N316PQ,CRJ9,BOMBARDIER Regional Jet CRJ-900,0
landing,JFK,22L,1781479307.57,2026-06-14T23:21:47Z,40.63464,-73.763168,210.9,495267,CS-TSG,A21N,AIRBUS A-321neo,0
landing,LGA,22,1781479337.63,2026-06-14T23:22:17Z,40.774738,-73.879547,210.9,a123bf,N17254,B38M,BOEING 737 MAX 8,0
takeoff,JFK,22R,1781479346.35,2026-06-14T23:22:26Z,40.647459,-73.765718,210.9,a9b06f,N723TW,B752,BOEING 757-200,0
landing,JFK,22L,1781479372.62,2026-06-14T23:22:52Z,40.636803,-73.761459,210.9,a85119,N635JB,A320,AIRBUS A-320,0
takeoff,JFK,22R,1781479418.65,2026-06-14T23:23:38Z,40.647091,-73.766022,210.9,a63df3,N501DA,A21N,,0
landing,JFK,22L,1781479467.85,2026-06-14T23:24:27Z,40.63326,-73.764251,210.9,a149f1,N182UW,A321,AIRBUS A-321,0
takeoff,JFK,04L,1781479475.13,2026-06-14T23:24:35Z,40.650299,-73.765812,30.9,aca3e6,N913XJ,CRJ9,BOMBARDIER Regional Jet CRJ-900,0
takeoff,JFK,22R,1781479486.38,2026-06-14T23:24:46Z,40.646736,-73.766281,210.9,acb679,N918XJ,CRJ9,BOMBARDIER Regional Jet CRJ-900,0
landing,JFK,22L,1781479546.75,2026-06-14T23:25:46Z,40.63472,-73.763092,210.9,ab8031,N840DN,B739,BOEING 737-900,0
takeoff,JFK,22R,1781479548.57,2026-06-14T23:25:48Z,40.645969,-73.766891,208.1,a35fc2,N3162J,BCS3,AIRBUS A220-300,0
landing,LGA,22,1781479605.78,2026-06-14T23:26:45Z,40.775024,-73.879303,210.9,a3915a,N329SL,B38M,BOEING 737 MAX 8,0
takeoff,LGA,13,1781479674.1,2026-06-14T23:27:54Z,40.779591,-73.872864,123.8,a3bdac,N340DU,,,0
landing,JFK,22L,1781479684.34,2026-06-14T23:28:04Z,40.63702,-73.761292,209.6,a0c8f7,N15MP,C56X,CESSNA 560XL Citation XLS,0
takeoff,JFK,22R,1781479715.96,2026-06-14T23:28:35Z,40.647961,-73.765335,210.9,a89fa3,N655DL,B752,BOEING 757-200,0
landing,JFK,22L,1781479769.98,2026-06-14T23:29:29Z,40.632603,-73.764786,210.9,aa253b,N753AN,B772,BOEING 777-200,0
landing,LGA,22,1781479788.83,2026-06-14T23:29:48Z,40.774314,-73.879733,196.9,a50900,N423YX,E75L,EMBRAER ERJ-170-200 (long wing),0
takeoff,JFK,22R,1781479804.25,2026-06-14T23:30:04Z,40.647583,-73.76564,208.1,a3b8f5,N339TP,B38M,BOEING 737 MAX 8,0
takeoff,JFK,22R,1781479943.16,2026-06-14T23:32:23Z,40.646784,-73.766249,208.1,ad9e73,N977JE,A321,AIRBUS A-321,0
landing,JFK,22L,1781479952.06,2026-06-14T23:32:32Z,40.632671,-73.76564,239.1,ad7e6f,N969JT,A321,AIRBUS A-321,0
landing,LGA,22,1781479984.35,2026-06-14T23:33:04Z,40.77737,-73.877365,213.8,a93d7c,N695CA,CRJ9,BOMBARDIER Regional Jet CRJ-900,0
takeoff,JFK,22R,1781479992.44,2026-06-14T23:33:12Z,40.648087,-73.765244,208.1,a2c93f,N279PQ,CRJ9,BOMBARDIER Regional Jet CRJ-900,0
landing,JFK,22L,1781480031.2,2026-06-14T23:33:51Z,40.632935,-73.765016,236.2,a21bea,N235JQ,E75L,EMBRAER ERJ-170-200 (long wing),0
takeoff,JFK,22R,1781480079.1,2026-06-14T23:34:39Z,40.647436,-73.765734,210.9,a35c0b,N3152J,BCS3,AIRBUS A220-300,0
landing,JFK,22L,1781480109.43,2026-06-14T23:35:09Z,40.634262,-73.763474,210.9,a8ab3c,N658JB,A320,AIRBUS A-320,0
takeoff,JFK,22R,1781480139.59,2026-06-14T23:35:39Z,40.648576,-73.76486,210.9,406a35,G-STBJ,B77W,BOEING 777-300ER,0
landing,LGA,22,1781480151.98,2026-06-14T23:35:51Z,40.7772,-73.877501,210.9,a19357,N200PQ,CRJ9,BOMBARDIER Regional Jet CRJ-900,0
takeoff,LGA,13,1781480186.77,2026-06-14T23:36:26Z,40.7803,-73.874329,123.8,ac0048,N8721J,B38M,BOEING 737 MAX 8,0
landing,JFK,22L,1781480207.4,2026-06-14T23:36:47Z,40.632774,-73.765396,236.2,ad1560,N942JB,A321,AIRBUS A-321,0
landing,LGA,22,1781480219.14,2026-06-14T23:36:59Z,40.777702,-73.877075,210.9,a0acf8,N14230,B738,BOEING 737-800,0
takeoff,LGA,13,1781480253.25,2026-06-14T23:37:33Z,40.780144,-73.874021,123.8,acd296,N925UY,A321,AIRBUS A-321,0
takeoff,JFK,22R,1781480272.24,2026-06-14T23:37:52Z,40.647971,-73.765328,210.9,ab60e3,N832MH,B764,BOEING 767-400,0
takeoff,JFK,04L,1781480282.67,2026-06-14T23:38:02Z,40.65102,-73.76511,64.7,a51b93,N428YX,E75L,EMBRAER ERJ-170-200 (long wing),0
landing,JFK,22L,1781480331.75,2026-06-14T23:38:51Z,40.632408,-73.766312,244.7,3c64f5,D-AIGU,A343,AIRBUS A-340-300,0
takeoff,JFK,22R,1781480348.08,2026-06-14T23:39:08Z,40.647599,-73.765625,210.9,a17170,N192UW,A321,AIRBUS A-321,0
landing,LGA,22,1781480371.29,2026-06-14T23:39:31Z,40.774314,-73.879795,196.9,a8a490,N656RW,E170,EMBRAER ERJ-170-100,0
takeoff,LGA,13,1781480389.9,2026-06-14T23:39:49Z,40.780144,-73.874068,123.8,a3a0ca,N33284,B738,BOEING 737-800,0
landing,JFK,22L,1781480425.89,2026-06-14T23:40:25Z,40.63242,-73.764923,210.9,aa6ccb,N771AN,B772,BOEING 777-200,0
takeoff,JFK,22R,1781480467.71,2026-06-14T23:41:07Z,40.646278,-73.766663,210.9,abc651,N858NW,A332,AIRBUS A-330-200,0
landing,LGA,22,1781480531.62,2026-06-14T23:42:11Z,40.775459,-73.878952,210.9,ac18fe,N879NN,B738,BOEING 737-800,0
landing,JFK,22L,1781480597.04,2026-06-14T23:43:17Z,40.635123,-73.762769,210.9,a781d7,N583JB,A320,AIRBUS A-320,0
takeoff,JFK,22R,1781480612.0,2026-06-14T23:43:32Z,40.647913,-73.765375,210.9,a7851c,N584DN,A21N,,0
takeoff,LGA,13,1781480668.95,2026-06-14T23:44:28Z,40.781914,-73.877686,123.8,a046f2,N117HQ,E75L,EMBRAER ERJ-170-200 (long wing),0
takeoff,JFK,22R,1781480684.18,2026-06-14T23:44:44Z,40.646551,-73.766452,209.6,aba765,N850AN,B789,BOEING 787-9 Dreamliner,0
takeoff,JFK,22R,1781480748.16,2026-06-14T23:45:48Z,40.646416,-73.766556,210.9,4ac8a8,SE-REH,A333,AIRBUS A-330-300,0
landing,LGA,22,1781480767.88,2026-06-14T23:46:07Z,40.774303,-73.879761,199.7,a52911,N431YX,E75L,EMBRAER ERJ-170-200 (long wing),0
takeoff,LGA,13,1781480781.27,2026-06-14T23:46:21Z,40.780277,-73.874283,123.8,c066dd,C-GMYU,BCS3,AIRBUS A220-300,0
takeoff,JFK,22R,1781480824.32,2026-06-14T23:47:04Z,40.646307,-73.766623,210.9,4d206e,9H-ALC,A332,AIRBUS A-330-200,0
landing,LGA,22,1781480885.91,2026-06-14T23:48:05Z,40.777363,-73.877376,210.9,acc7ae,N922XJ,CRJ9,BOMBARDIER Regional Jet CRJ-900,0
takeoff,JFK,22R,1781480899.11,2026-06-14T23:48:19Z,40.648809,-73.764673,210.9,4077d3,G-VTEA,A35K,AIRBUS A-350-1000,0
landing,JFK,22L,1781480919.92,2026-06-14T23:48:39Z,40.632818,-73.765297,236.2,4951ef,CS-TOO,A332,AIRBUS A-330-200,0
landing,JFK,13L,1781480919.92,2026-06-14T23:48:39Z,40.654744,-73.780715,120.9,400683,G-VIIK,B772,BOEING 777-200,0
landing,LGA,22,1781481000.66,2026-06-14T23:50:00Z,40.777256,-73.877441,210.9,a3b3e5,N338DU,BCS3,AIRBUS A220-300,0
landing,JFK,22L,1781481016.03,2026-06-14T23:50:16Z,40.632492,-73.764844,209.6,440184,OE-LPM,B789,BOEING 787-9 Dreamliner,0
takeoff,JFK,22R,1781481062.47,2026-06-14T23:51:02Z,40.646484,-73.766479,210.9,ab5d2c,N831MH,B764,BOEING 767-400,0
takeoff,JFK,22R,1781481124.45,2026-06-14T23:52:04Z,40.649025,-73.764526,210.9,7100c8,HZ-AK36,B77W,BOEING 777-300ER,0
landing,JFK,22L,1781481170.54,2026-06-14T23:52:50Z,40.635099,-73.7628,210.9,a3549d,N3132J,BCS3,AIRBUS A220-300,0
landing,LGA,22,1781481173.6,2026-06-14T23:52:53Z,40.774477,-73.879639,202.5,a4e8ef,N415YX,E75L,EMBRAER ERJ-170-200 (long wing),0
takeoff,LGA,13,1781481188.21,2026-06-14T23:53:08Z,40.780609,-73.875,123.8,ac7e15,N904AN,B738,BOEING 737-800,0
takeoff,JFK,22R,1781481201.66,2026-06-14T23:53:21Z,40.64613,-73.766754,210.9,4b187b,HB-JHB,A333,AIRBUS A-330-300,0
landing,JFK,22L,1781481263.03,2026-06-14T23:54:23Z,40.634674,-73.763138,210.9,a38367,N3251J,BCS3,,0
takeoff,LGA,13,1781481285.87,2026-06-14T23:54:45Z,40.781651,-73.877182,123.8,a1f46b,N225JQ,E75L,EMBRAER ERJ-170-200 (long wing),0
landing,LGA,04,1781481323.96,2026-06-14T23:55:23Z,40.77309,-73.879395,36.6,a4f414,N418YX,E75L,EMBRAER ERJ-170-200 (long wing),0
landing,JFK,22L,1781481343.26,2026-06-14T23:55:43Z,40.633907,-73.763733,210.9,adf128,N998JE,A321,AIRBUS A-321,0
takeoff,JFK,22R,1781481387.5,2026-06-14T23:56:27Z,40.648704,-73.764751,210.9,a690a8,N522DA,A21N,AIRBUS A-321neo,0
landing,LGA,22,1781481411.04,2026-06-14T23:56:51Z,40.774487,-73.879684,208.1,c0617a,C-GKXT,E295,EMBRAER ERJ-190-400,0
takeoff,LGA,13,1781481411.13,2026-06-14T23:56:51Z,40.780412,-73.874567,123.8,abb2d5,N853DN,B739,BOEING 737-900,0
landing,JFK,22L,1781481432.81,2026-06-14T23:57:12Z,40.633994,-73.763674,210.9,ab58b2,N830DN,B739,BOEING 737-900,0
takeoff,JFK,22R,1781481461.76,2026-06-14T23:57:41Z,40.647505,-73.765687,208.1,a78945,N585JB,A320,AIRBUS A-320,0
landing,JFK,22L,1781481517.2,2026-06-14T23:58:37Z,40.634708,-73.763107,210.9,394a05,F-GSQF,B77W,BOEING 777-300ER,0
takeoff,JFK,22R,1781481525.46,2026-06-14T23:58:45Z,40.647145,-73.765968,208.1,aaed5a,N803DN,B739,BOEING 737-900,0
