type,airport,runway,timestamp,timestamp_iso,lat,lon,track_deg,icao,registration,aircraft_type,description,db_flags
takeoff,LGA,31,1780099222.05,2026-05-30T00:00:22Z,40.772265,-73.85751,306.6,abece7,N868DN,B739,BOEING 737-900,0
takeoff,JFK,22R,1780099230.79,2026-05-30T00:00:30Z,40.636459,-73.774292,210.9,a988f0,N713TW,B752,BOEING 757-200,0
landing,JFK,22L,1780099299.7,2026-05-30T00:01:39Z,40.636642,-73.761566,210.9,495266,CS-TSF,A21N,AIRBUS A-321neo,0
takeoff,LGA,31,1780099309.34,2026-05-30T00:01:49Z,40.772289,-73.857588,303.8,ac01d3,N873DN,B739,BOEING 737-900,0
takeoff,JFK,22R,1780099336.73,2026-05-30T00:02:16Z,40.64613,-73.766769,210.9,ab44af,N825NW,A333,AIRBUS A-330-300,0
takeoff,JFK,22R,1780099380.68,2026-05-30T00:03:00Z,40.64986,-73.763855,208.1,4b1881,HB-JHH,A333,AIRBUS A-330-300,0
landing,JFK,22L,1780099418.68,2026-05-30T00:03:38Z,40.63134,-73.765765,213.8,a9704d,N707TW,B752,BOEING 757-200,0
takeoff,LGA,31,1780099442.27,2026-05-30T00:04:02Z,40.772254,-73.857495,303.8,ac159a,N878RW,E170,EMBRAER ERJ-170-100,0
landing,JFK,22L,1780099506.89,2026-05-30T00:05:06Z,40.633083,-73.764801,227.8,a3871e,N3261J,BCS3,,0
takeoff,LGA,31,1780099511.65,2026-05-30T00:05:11Z,40.772265,-73.85751,303.8,ace7bf,N930XJ,CRJ9,BOMBARDIER Regional Jet CRJ-900,0
takeoff,JFK,22R,1780099530.19,2026-05-30T00:05:30Z,40.647789,-73.765472,210.9,a6cacb,N537DT,A21N,AIRBUS A-321neo,0
takeoff,LGA,31,1780099556.05,2026-05-30T00:05:56Z,40.772242,-73.857432,300.9,a51f4a,N429YX,E75L,EMBRAER ERJ-170-200 (long wing),0
takeoff,JFK,22R,1780099591.22,2026-05-30T00:06:31Z,40.648681,-73.764766,210.9,a36825,N3189J,BCS3,AIRBUS A220-300,0
landing,JFK,22L,1780099598.59,2026-05-30T00:06:38Z,40.632702,-73.764657,210.9,789231,B-LXK,A35K,AIRBUS A-350-1000,0
landing,JFK,22L,1780099734.88,2026-05-30T00:08:54Z,40.632504,-73.764829,210.9,3949eb,F-GSPL,B772,BOEING 777-200,0
takeoff,JFK,22R,1780099745.55,2026-05-30T00:09:05Z,40.647633,-73.765593,209.6,ab30e6,N820AL,B789,BOEING 787-9 Dreamliner,0
landing,LGA,22,1780099781.2,2026-05-30T00:09:41Z,40.776752,-73.877853,210.9,a02cf1,N110HQ,E75L,EMBRAER ERJ-170-200 (long wing),0
takeoff,LGA,31,1780099786.9,2026-05-30T00:09:46Z,40.772793,-73.858582,300.9,a44548,N3742C,B738,BOEING 737-800,0
takeoff,JFK,22R,1780099811.1,2026-05-30T00:10:11Z,40.647526,-73.765671,210.9,400776,G-VIIY,B772,BOEING 777-200,0
takeoff,LGA,13,1780099819.73,2026-05-30T00:10:19Z,40.7715,-73.858093,84.4,a05827,N121HQ,E75L,EMBRAER ERJ-170-200 (long wing),0
takeoff,LGA,31,1780099855.99,2026-05-30T00:10:55Z,40.772278,-73.857529,300.9,abd063,N860RW,E170,EMBRAER ERJ-170-100,0
takeoff,JFK,22R,1780099877.94,2026-05-30T00:11:17Z,40.65031,-73.763487,194.1,a1fbd9,N227JQ,E75L,EMBRAER ERJ-170-200 (long wing),0
landing,LGA,22,1780099888.6,2026-05-30T00:11:28Z,40.776489,-73.878067,210.9,a04aa9,N118HQ,E75L,EMBRAER ERJ-170-200 (long wing),0
landing,JFK,22L,1780099898.72,2026-05-30T00:11:38Z,40.634436,-73.763331,210.9,a7d2bc,N603DN,A21N,AIRBUS A-321neo,0
landing,JFK,22L,1780099988.64,2026-05-30T00:13:08Z,40.633563,-73.764173,219.4,a1aaae,N2060J,A21N,AIRBUS A-321neo,0
landing,LGA,22,1780099994.61,2026-05-30T00:13:14Z,40.776718,-73.877884,213.8,accb65,N923XJ,CRJ9,BOMBARDIER Regional Jet CRJ-900,0
takeoff,JFK,22R,1780100002.37,2026-05-30T00:13:22Z,40.646358,-73.766571,210.9,a72f22,N562JB,A320,AIRBUS A-320,0
takeoff,LGA,31,1780100047.14,2026-05-30T00:14:07Z,40.7723,-73.857604,295.3,a091f3,N136EV,CRJ9,BOMBARDIER Regional Jet CRJ-900,0
takeoff,JFK,22R,1780100059.66,2026-05-30T00:14:19Z,40.646152,-73.766724,210.9,aafd1f,N807NW,A333,AIRBUS A-330-300,0
landing,JFK,22L,1780100082.16,2026-05-30T00:14:42Z,40.633919,-73.763779,210.9,a1bc92,N2105J,A21N,AIRBUS A-321neo,0
takeoff,JFK,04L,1780100088.68,2026-05-30T00:14:48Z,40.651016,-73.765152,56.2,a099a7,N138HQ,E75L,EMBRAER ERJ-170-200 (long wing),0
takeoff,LGA,31,1780100122.5,2026-05-30T00:15:22Z,40.7723,-73.857604,303.8,abe40a,N8652B,B738,BOEING 737-800,0
landing,JFK,22L,1780100167.0,2026-05-30T00:16:07Z,40.633807,-73.763814,210.9,ab84c9,N841NN,B738,BOEING 737-800,0
landing,LGA,22,1780100167.18,2026-05-30T00:16:07Z,40.777165,-73.877532,210.9,a336f0,N306PQ,CRJ9,BOMBARDIER Regional Jet CRJ-900,0
takeoff,JFK,22R,1780100178.46,2026-05-30T00:16:18Z,40.649002,-73.764511,213.8,a5e02d,N478PX,CRJ9,BOMBARDIER Regional Jet CRJ-900,0
takeoff,JFK,04L,1780100199.58,2026-05-30T00:16:39Z,40.651005,-73.765106,64.7,a4e181,N413YX,E75L,EMBRAER ERJ-170-200 (long wing),0
landing,JFK,22L,1780100269.02,2026-05-30T00:17:49Z,40.633312,-73.76445,225.0,a5e3e4,N479PX,CRJ9,BOMBARDIER Regional Jet CRJ-900,0
landing,LGA,22,1780100283.02,2026-05-30T00:18:03Z,40.778732,-73.876221,210.9,a1b1bc,N208WN,B737,BOEING 737-700,0
takeoff,LGA,31,1780100292.19,2026-05-30T00:18:12Z,40.772758,-73.858551,303.8,acd68a,N926XJ,CRJ9,BOMBARDIER Regional Jet CRJ-900,0
takeoff,LGA,31,1780100336.35,2026-05-30T00:18:56Z,40.772359,-73.857698,306.6,a3962d,N330DU,BCS3,,0
landing,JFK,22L,1780100349.26,2026-05-30T00:19:09Z,40.631701,-73.765453,210.9,ad7e6f,N969JT,A321,AIRBUS A-321,0
takeoff,JFK,22R,1780100377.33,2026-05-30T00:19:37Z,40.647529,-73.76564,210.9,4c0223,YU-ARD,A332,AIRBUS A-330-200,0
landing,JFK,22L,1780100419.59,2026-05-30T00:20:19Z,40.635134,-73.762769,210.9,acf906,N935JB,A321,AIRBUS A-321,0
takeoff,LGA,31,1780100457.15,2026-05-30T00:20:57Z,40.772667,-73.858368,300.9,a1235b,N17229,B738,BOEING 737-800,0
takeoff,JFK,22R,1780100457.25,2026-05-30T00:20:57Z,40.646225,-73.766655,209.6,7c8065,VH-ZNB,B789,BOEING 787-9 Dreamliner,0
takeoff,JFK,22R,1780100457.98,2026-05-30T00:20:57Z,40.645981,-73.766846,209.6,7c8065,VH-ZNB,B789,BOEING 787-9 Dreamliner,0
takeoff,JFK,04L,1780100475.95,2026-05-30T00:21:15Z,40.650159,-73.765906,30.9,a449e5,N3758Y,B738,BOEING 737-800,0
landing,LGA,04,1780100488.58,2026-05-30T00:21:28Z,40.770939,-73.881184,33.8,a1a1b6,N204JQ,E75L,EMBRAER ERJ-170-200 (long wing),0
takeoff,LGA,31,1780100533.39,2026-05-30T00:22:13Z,40.772254,-73.857479,303.8,a21fa1,N236JQ,E75L,EMBRAER ERJ-170-200 (long wing),0
landing,LGA,22,1780100548.23,2026-05-30T00:22:28Z,40.776013,-73.878453,210.9,ac4dfb,N892NN,B738,BOEING 737-800,0
landing,JFK,22L,1780100554.14,2026-05-30T00:22:34Z,40.632442,-73.76619,241.9,acb679,N918XJ,CRJ9,BOMBARDIER Regional Jet CRJ-900,0
takeoff,JFK,22R,1780100568.36,2026-05-30T00:22:48Z,40.642914,-73.769226,210.9,a12fda,N176DZ,B763,BOEING 767-300,0
landing,JFK,22L,1780100612.98,2026-05-30T00:23:32Z,40.63385,-73.763748,210.9,a01c37,N106NN,A321,AIRBUS A-321,0
takeoff,JFK,22R,1780100659.03,2026-05-30T00:24:19Z,40.648579,-73.764832,210.9,a6c70f,N536DN,A21N,AIRBUS A-321neo,0
landing,LGA,22,1780100697.45,2026-05-30T00:24:57Z,40.778217,-73.876633,210.9,a43ea6,N37277,B738,BOEING 737-800,0
takeoff,LGA,31,1780100714.83,2026-05-30T00:25:14Z,40.775116,-73.863464,298.1,a50900,N423YX,E75L,EMBRAER ERJ-170-200 (long wing),0
landing,JFK,22L,1780100732.43,2026-05-30T00:25:32Z,40.633884,-73.763748,210.9,a39781,N330TJ,B38M,BOEING 737 MAX 8,0
takeoff,LGA,31,1780100753.24,2026-05-30T00:25:53Z,40.772278,-73.857513,300.9,ab3d39,N823NN,B738,BOEING 737-800,0
takeoff,JFK,22R,1780100788.43,2026-05-30T00:26:28Z,40.647459,-73.765703,210.9,a03235,N111ZM,A321,AIRBUS A-321,0
landing,LGA,22,1780100836.9,2026-05-30T00:27:16Z,40.774612,-73.879517,208.1,a8a490,N656RW,E170,EMBRAER ERJ-170-100,0
takeoff,JFK,22R,1780100858.21,2026-05-30T00:27:38Z,40.647388,-73.765747,209.6,e80448,CC-BGF,B789,BOEING 787-9 Dreamliner,0
landing,JFK,22L,1780100873.63,2026-05-30T00:27:53Z,40.633179,-73.764657,227.8,a6f2b7,N547JB,A320,AIRBUS A-320,0
takeoff,JFK,04L,1780100875.16,2026-05-30T00:27:55Z,40.650229,-73.765843,30.9,abfa65,N871DN,B739,BOEING 737-900,0
takeoff,JFK,04L,1780100877.92,2026-05-30T00:27:57Z,40.650997,-73.765078,67.5,a1a924,N206JQ,E75L,EMBRAER ERJ-170-200 (long wing),0
takeoff,LGA,31,1780100886.11,2026-05-30T00:28:06Z,40.772231,-73.857448,303.8,a0634c,N124HQ,E75L,EMBRAER ERJ-170-200 (long wing),0
landing,LGA,22,1780100916.94,2026-05-30T00:28:36Z,40.774029,-73.879883,188.4,a075df,N129HQ,E75L,EMBRAER ERJ-170-200 (long wing),0
takeoff,JFK,22R,1780100936.2,2026-05-30T00:28:56Z,40.646255,-73.766632,210.9,4bb145,TC-LJE,B77W,BOEING 777-300ER,0
takeoff,LGA,31,1780100959.75,2026-05-30T00:29:19Z,40.772242,-73.857495,303.8,a20d0e,N231JQ,E75L,EMBRAER ERJ-170-200 (long wing),0
landing,JFK,22L,1780100979.95,2026-05-30T00:29:39Z,40.630456,-73.766686,222.2,a0f4a2,N1604R,B763,BOEING 767-300,0
takeoff,LGA,13,1780100983.24,2026-05-30T00:29:43Z,40.771534,-73.85791,78.8,a45ba2,N380DN,A321,AIRBUS A-321,0
landing,LGA,22,1780101081.93,2026-05-30T00:31:21Z,40.778,-73.876831,216.6,a3b124,N337PQ,CRJ9,BOMBARDIER Regional Jet CRJ-900,0
landing,JFK,22L,1780101113.26,2026-05-30T00:31:53Z,40.63044,-73.766708,222.2,adbaca,N984JB,A321,AIRBUS A-321,0
takeoff,LGA,31,1780101128.05,2026-05-30T00:32:08Z,40.772232,-73.857452,303.8,a1f0b4,N224JQ,E75L,EMBRAER ERJ-170-200 (long wing),0
takeoff,JFK,22R,1780101172.22,2026-05-30T00:32:52Z,40.64782,-73.765422,210.9,a732d9,N563JB,A320,AIRBUS A-320,0
landing,LGA,22,1780101186.42,2026-05-30T00:33:06Z,40.776764,-73.877853,210.9,ab40ce,N824MD,E170,EMBRAER ERJ-170-100,0
landing,LGA,22,1780101248.38,2026-05-30T00:34:08Z,40.780025,-73.875153,210.9,a4bfc1,N405FR,A20N,AIRBUS A-320neo,0
takeoff,JFK,22R,1780101248.82,2026-05-30T00:34:08Z,40.647343,-73.765793,210.9,a9675d,N705CK,B744,BOEING 747-400,0
landing,JFK,22L,1780101274.72,2026-05-30T00:34:34Z,40.63539,-73.762566,210.9,a19910,N2017J,A21N,AIRBUS A-321neo,0
takeoff,LGA,31,1780101312.2,2026-05-30T00:35:12Z,40.7723,-73.857573,303.8,c01e10,C-FLJZ,CRJ7,BOMBARDIER Regional Jet CRJ-700,0
takeoff,JFK,22R,1780101328.03,2026-05-30T00:35:28Z,40.649002,-73.764496,210.9,a539c9,N436DX,A339,AIRBUS A-330-900,0
landing,LGA,22,1780101342.6,2026-05-30T00:35:42Z,40.77776,-73.877029,208.1,a18380,N197PQ,CRJ9,BOMBARDIER Regional Jet CRJ-900,0
takeoff,LGA,31,1780101400.35,2026-05-30T00:36:40Z,40.772289,-73.857573,300.9,a53287,N434FR,A20N,AIRBUS A-320neo,0
landing,JFK,22L,1780101414.53,2026-05-30T00:36:54Z,40.632632,-73.764704,210.9,a9bd9a,N727AN,B77W,BOEING 777-300ER,0
landing,LGA,22,1780101423.26,2026-05-30T00:37:03Z,40.777588,-73.877167,210.9,a07b3e,N130AN,A321,AIRBUS A-321,0
takeoff,JFK,22R,1780101456.57,2026-05-30T00:37:36Z,40.646255,-73.766632,210.9,abf6ae,N870DN,B739,BOEING 737-900,0
takeoff,JFK,22R,1780101516.72,2026-05-30T00:38:36Z,40.646924,-73.766124,210.9,a641bf,N502DX,A21N,AIRBUS A-321neo,0
takeoff,LGA,31,1780101517.9,2026-05-30T00:38:37Z,40.772312,-73.857605,298.1,a2c93f,N279PQ,CRJ9,BOMBARDIER Regional Jet CRJ-900,0
landing,LGA,22,1780101524.01,2026-05-30T00:38:44Z,40.778585,-73.876362,213.8,a59f53,N461WN,B737,BOEING 737-700,0
takeoff,LGA,31,1780101561.51,2026-05-30T00:39:21Z,40.772242,-73.857417,345.9,a1584a,N186PQ,CRJ9,BOMBARDIER Regional Jet CRJ-900,0
takeoff,JFK,22R,1780101581.45,2026-05-30T00:39:41Z,40.646784,-73.766249,208.1,a66576,N511DE,A21N,AIRBUS A-321neo,0
landing,LGA,22,1780101620.6,2026-05-30T00:40:20Z,40.776944,-73.877704,210.9,aa7e7a,N77536,B738,BOEING 737-800,0
landing,JFK,22L,1780101626.78,2026-05-30T00:40:26Z,40.633461,-73.764252,225.0,a353c8,N313UR,B38M,BOEING 737 MAX 8,0
takeoff,JFK,22R,1780101639.42,2026-05-30T00:40:39Z,40.647205,-73.7659,210.9,a2e806,N287AK,B739,BOEING 737-900,0
takeoff,LGA,13,1780101643.05,2026-05-30T00:40:43Z,40.771509,-73.858103,87.2,c06193,C-GKYS,E295,EMBRAER ERJ-190-400,0
landing,JFK,22L,1780101736.13,2026-05-30T00:42:16Z,40.633656,-73.763892,210.9,3481d5,EC-OJL,B772,BOEING 777-200,0
landing,JFK,22R,1780101742.68,2026-05-30T00:42:22Z,40.634914,-73.778366,210.9,a01880,N105NN,A321,AIRBUS A-321,0
landing,JFK,22R,1780101758.17,2026-05-30T00:42:38Z,40.633587,-73.77655,210.9,a74f33,N570JB,A320,AIRBUS A-320,0
takeoff,LGA,31,1780101831.93,2026-05-30T00:43:51Z,40.774814,-73.862847,298.1,a2fe3c,N292PQ,CRJ9,BOMBARDIER Regional Jet CRJ-900,0
takeoff,JFK,22R,1780101841.56,2026-05-30T00:44:01Z,40.648418,-73.764954,210.9,ab8fd0,N844MH,B764,BOEING 767-400,0
landing,JFK,22L,1780101888.68,2026-05-30T00:44:48Z,40.635064,-73.762816,210.9,a5237f,N430DX,A339,,0
takeoff,JFK,22R,1780101921.38,2026-05-30T00:45:21Z,40.647686,-73.765488,210.9,40683e,G-VUFO,A333,AIRBUS A-330-300,0
takeoff,LGA,31,1780101944.35,2026-05-30T00:45:44Z,40.772265,-73.857526,306.6,a07bef,N130HQ,E75L,EMBRAER ERJ-170-200 (long wing),0
landing,JFK,22L,1780101992.86,2026-05-30T00:46:32Z,40.63274,-73.764618,210.9,71ba04,HL7204,B77W,BOEING 777-300ER,0
landing,LGA,22,1780102009.58,2026-05-30T00:46:49Z,40.773479,-73.879929,182.8,c00b7e,C-FEJD,E75S,EMBRAER ERJ-170-200 (short wing),0
takeoff,LGA,31,1780102032.34,2026-05-30T00:47:12Z,40.772254,-73.857495,306.6,abd41a,N861RW,E170,EMBRAER ERJ-170-100,0
takeoff,JFK,22R,1780102105.43,2026-05-30T00:48:25Z,40.646423,-73.766514,210.9,ab8862,N842MH,B764,BOEING 767-400,0
takeoff,LGA,31,1780102140.17,2026-05-30T00:49:00Z,40.772266,-73.857529,300.9,a4503d,N37700,B738,BOEING 737-800,0
landing,LGA,22,1780102167.75,2026-05-30T00:49:27Z,40.77578,-73.878656,210.9,a8a0d9,N655RW,E170,EMBRAER ERJ-170-100,0
takeoff,JFK,22R,1780102231.32,2026-05-30T00:50:31Z,40.648553,-73.764829,210.9,a009a4,N101NN,A321,AIRBUS A-321,0
landing,LGA,22,1780102246.86,2026-05-30T00:50:46Z,40.779144,-73.87587,210.9,c08268,C-GXJZ,DH8D,DE HAVILLAND DHC-8-400 Dash 8,0
landing,JFK,22L,1780102338.93,2026-05-30T00:52:18Z,40.633438,-73.764084,210.9,aa57df,N766AN,B772,BOEING 777-200,0
landing,JFK,22R,1780102367.39,2026-05-30T00:52:47Z,40.632099,-73.77771,210.9,ab4f5d,N828JB,A320,AIRBUS A-320,0
landing,LGA,22,1780102390.13,2026-05-30T00:53:10Z,40.777256,-73.877441,213.8,a752ea,N571JB,A320,AIRBUS A-320,0
takeoff,LGA,31,1780102409.69,2026-05-30T00:53:29Z,40.773937,-73.861038,300.9,ac671b,N899DN,B739,BOEING 737-900,0
landing,JFK,22L,1780102483.91,2026-05-30T00:54:43Z,40.633575,-73.763977,210.9,a198ed,N2016J,A21N,AIRBUS A-321neo,0
landing,LGA,22,1780102495.32,2026-05-30T00:54:55Z,40.776661,-73.877914,213.8,acdd1b,N928NN,B738,BOEING 737-800,0
takeoff,LGA,31,1780102503.98,2026-05-30T00:55:03Z,40.772793,-73.858627,300.9,c0193b,C-FJOK,A321,AIRBUS A-321,0
landing,JFK,22L,1780102559.01,2026-05-30T00:55:59Z,40.634098,-73.76358,210.9,a36b73,N3196J,BCS3,AIRBUS A220-300,0
landing,LGA,22,1780102591.33,2026-05-30T00:56:31Z,40.778435,-73.87648,210.9,acf69b,N934XJ,CRJ9,BOMBARDIER Regional Jet CRJ-900,0
takeoff,LGA,31,1780102598.46,2026-05-30T00:56:38Z,40.772598,-73.858185,300.9,a1ecfd,N223JQ,E75L,EMBRAER ERJ-170-200 (long wing),0
landing,JFK,22L,1780102647.64,2026-05-30T00:57:27Z,40.635844,-73.762207,210.9,a1bc29,N2102J,A21N,AIRBUS A-321neo,0
takeoff,LGA,31,1780102692.08,2026-05-30T00:58:12Z,40.772209,-73.857391,303.8,a2270f,N238JQ,E75L,EMBRAER ERJ-170-200 (long wing),0
landing,LGA,22,1780102709.54,2026-05-30T00:58:29Z,40.775196,-73.87915,213.8,a546c9,N439YX,E75L,EMBRAER ERJ-170-200 (long wing),0
landing,JFK,22L,1780102718.31,2026-05-30T00:58:38Z,40.636461,-73.761708,210.9,a8a017,N655JB,A320,AIRBUS A-320,0
takeoff,JFK,22R,1780102774.17,2026-05-30T00:59:34Z,40.646667,-73.766343,210.9,a77dae,N582DN,A21N,,0
takeoff,LGA,31,1780102792.39,2026-05-30T00:59:52Z,40.772673,-73.858369,300.9,a1e1d8,N220JQ,E75L,EMBRAER ERJ-170-200 (long wing),0
landing,LGA,22,1780102797.05,2026-05-30T00:59:57Z,40.775,-73.87928,213.8,a51425,N426YX,E75L,EMBRAER ERJ-170-200 (long wing),0
landing,JFK,22L,1780102818.22,2026-05-30T01:00:18Z,40.632923,-73.764435,210.9,a73dfe,N566JB,A320,AIRBUS A-320,0
takeoff,JFK,22R,1780102837.54,2026-05-30T01:00:37Z,40.647226,-73.765906,210.9,adb35c,N982JB,A321,AIRBUS A-321,0
landing,LGA,22,1780102867.4,2026-05-30T01:01:07Z,40.777794,-73.876999,210.9,ac98c1,N910XJ,CRJ9,BOMBARDIER Regional Jet CRJ-900,0
takeoff,LGA,31,1780102876.66,2026-05-30T01:01:16Z,40.772673,-73.858353,300.9,a4da13,N411YX,E75L,EMBRAER ERJ-170-200 (long wing),0
takeoff,JFK,22R,1780102952.66,2026-05-30T01:02:32Z,40.64619,-73.766686,212.4,e80474,CC-BGY,B789,BOEING 787-9 Dreamliner,0
landing,LGA,22,1780102962.86,2026-05-30T01:02:42Z,40.775792,-73.878656,213.8,a05470,N120HQ,E75L,EMBRAER ERJ-170-200 (long wing),0
takeoff,LGA,31,1780102979.36,2026-05-30T01:02:59Z,40.77388,-73.860916,300.9,a445f8,N3747D,B738,BOEING 737-800,0
landing,JFK,22L,1780103039.93,2026-05-30T01:03:59Z,40.634226,-73.763455,210.9,ad0725,N939AN,B738,BOEING 737-800,0
landing,LGA,22,1780103062.23,2026-05-30T01:04:22Z,40.775116,-73.879211,210.9,a20957,N230JQ,E75L,EMBRAER ERJ-170-200 (long wing),0
takeoff,LGA,31,1780103064.15,2026-05-30T01:04:24Z,40.773092,-73.859258,300.9,aa8b40,N779JB,A320,AIRBUS A-320,0
takeoff,JFK,22R,1780103099.71,2026-05-30T01:04:59Z,40.648018,-73.765259,210.9,4cc570,TF-IAA,A21N,AIRBUS A-321neo,0
landing,LGA,22,1780103127.09,2026-05-30T01:05:27Z,40.778212,-73.876658,210.9,a782e4,N583UW,A321,AIRBUS A-321,0
takeoff,LGA,31,1780103145.57,2026-05-30T01:05:45Z,40.774132,-73.86142,300.9,a495bf,N395DZ,A321,AIRBUS A-321,0
landing,JFK,22L,1780103148.63,2026-05-30T01:05:48Z,40.634075,-73.763627,213.8,a5e9f4,N480PX,CRJ9,BOMBARDIER Regional Jet CRJ-900,0
takeoff,JFK,22R,1780103163.9,2026-05-30T01:06:03Z,40.647446,-73.765717,210.9,a854d0,N636JB,A320,AIRBUS A-320,0
landing,LGA,22,1780103210.84,2026-05-30T01:06:50Z,40.776031,-73.878479,210.9,a486d8,N391DN,A321,AIRBUS A-321,0
takeoff,LGA,31,1780103217.06,2026-05-30T01:06:57Z,40.77261,-73.858231,300.9,abe2f6,N865RW,E170,EMBRAER ERJ-170-100,0
takeoff,JFK,22R,1780103235.84,2026-05-30T01:07:15Z,40.646107,-73.766769,210.9,a50725,N423DX,A339,AIRBUS A-330-900,0
landing,JFK,22L,1780103239.88,2026-05-30T01:07:19Z,40.635109,-73.762802,210.9,a383f3,N3255J,BCS3,,0
landing,JFK,22L,1780103321.83,2026-05-30T01:08:41Z,40.631023,-73.766037,216.6,ad6f93,N965JT,A321,AIRBUS A-321,0
takeoff,LGA,31,1780103338.19,2026-05-30T01:08:58Z,40.772475,-73.857963,300.9,a39ada,N331PQ,CRJ9,BOMBARDIER Regional Jet CRJ-900,0
takeoff,JFK,22R,1780103352.27,2026-05-30T01:09:12Z,40.648646,-73.764782,210.9,ac8289,N905JB,A321,AIRBUS A-321,0
landing,JFK,22L,1780103400.27,2026-05-30T01:10:00Z,40.633644,-73.763916,210.9,adabfe,N980JT,A321,AIRBUS A-321,0
takeoff,JFK,22R,1780103420.66,2026-05-30T01:10:20Z,40.647412,-73.765749,210.9,a05614,N1200K,B763,BOEING 767-300,0
landing,LGA,22,1780103454.47,2026-05-30T01:10:54Z,40.778143,-73.876721,213.8,a14c70,N183GJ,CRJ9,BOMBARDIER Regional Jet CRJ-900,0
takeoff,LGA,31,1780103473.36,2026-05-30T01:11:13Z,40.773871,-73.860881,300.9,a44cfd,N3764D,B738,BOEING 737-800,0
landing,JFK,22L,1780103487.83,2026-05-30T01:11:27Z,40.635269,-73.762665,210.9,407dc5,G-VTOM,A339,AIRBUS A-330-900,0
landing,JFK,22R,1780103529.34,2026-05-30T01:12:09Z,40.631115,-73.778473,210.9,a10bbc,N167AN,A321,AIRBUS A-321,0
landing,LGA,22,1780103571.04,2026-05-30T01:12:51Z,40.77475,-73.879471,210.9,a095f0,N137HQ,E75L,EMBRAER ERJ-170-200 (long wing),0
takeoff,LGA,31,1780103575.71,2026-05-30T01:12:55Z,40.774756,-73.862723,298.1,a148b9,N182GJ,CRJ9,BOMBARDIER Regional Jet CRJ-900,0
takeoff,JFK,22R,1780103618.91,2026-05-30T01:13:38Z,40.64732,-73.765839,210.9,a657f4,N508DA,A21N,AIRBUS A-321neo,0
takeoff,LGA,31,1780103634.61,2026-05-30T01:13:54Z,40.77261,-73.8582,298.1,ab0a73,N810MD,E170,EMBRAER ERJ-170-100,0
landing,JFK,22L,1780103650.91,2026-05-30T01:14:10Z,40.635715,-73.762344,210.9,a3c5ea,N342NB,A319,AIRBUS A-319,0
takeoff,JFK,22R,1780103692.44,2026-05-30T01:14:52Z,40.646563,-73.766421,210.9,ab1d30,N815NW,A333,AIRBUS A-330-300,0
takeoff,LGA,31,1780103704.02,2026-05-30T01:15:04Z,40.772242,-73.857463,300.9,a866c7,N640RW,E170,EMBRAER ERJ-170-100,0
landing,LGA,22,1780103752.24,2026-05-30T01:15:52Z,40.779621,-73.875488,213.8,aafd17,N807NN,B738,BOEING 737-800,0
landing,JFK,22L,1780103765.33,2026-05-30T01:16:05Z,40.633924,-73.763736,213.8,acb2c2,N917XJ,CRJ9,BOMBARDIER Regional Jet CRJ-900,0
takeoff,JFK,22R,1780103768.54,2026-05-30T01:16:08Z,40.647459,-73.765703,210.9,34520f,EC-MNL,A332,AIRBUS A-330-200,0
takeoff,JFK,22R,1780103844.65,2026-05-30T01:17:24Z,40.64748,-73.765671,210.9,4b187d,HB-JHD,A333,AIRBUS A-330-300,0
landing,JFK,22L,1780103852.68,2026-05-30T01:17:32Z,40.635425,-73.762535,210.9,a35592,N3139J,BCS3,AIRBUS A220-300,0
takeoff,LGA,31,1780103884.47,2026-05-30T01:18:04Z,40.772382,-73.857729,303.8,a1b1bc,N208WN,B737,BOEING 737-700,0
takeoff,JFK,22R,1780103912.73,2026-05-30T01:18:32Z,40.648682,-73.76474,210.9,76cee7,9V-SWG,B77W,BOEING 777-300ER,0
takeoff,LGA,31,1780103934.71,2026-05-30T01:18:54Z,40.7723,-73.857588,300.9,a336f0,N306PQ,CRJ9,BOMBARDIER Regional Jet CRJ-900,0
landing,JFK,22L,1780103957.19,2026-05-30T01:19:17Z,40.635189,-73.762726,210.9,a7650b,N576DN,A21N,AIRBUS A-321neo,0
takeoff,JFK,22R,1780104008.23,2026-05-30T01:20:08Z,40.646132,-73.766733,209.6,02013c,CN-RAM,B789,BOEING 787-9 Dreamliner,0
landing,JFK,22L,1780104065.42,2026-05-30T01:21:05Z,40.633377,-73.764329,222.2,aaf183,N804JB,A320,AIRBUS A-320,0
takeoff,JFK,22R,1780104073.86,2026-05-30T01:21:13Z,40.646965,-73.766113,210.9,abc29a,N857NW,A332,AIRBUS A-330-200,0
takeoff,LGA,31,1780104094.46,2026-05-30T01:21:34Z,40.772487,-73.857978,300.9,a39113,N329PQ,CRJ9,BOMBARDIER Regional Jet CRJ-900,0
landing,LGA,22,1780104106.8,2026-05-30T01:21:46Z,40.775002,-73.879303,210.9,a06aba,N126HQ,E75L,EMBRAER ERJ-170-200 (long wing),0
takeoff,JFK,22R,1780104133.61,2026-05-30T01:22:13Z,40.648425,-73.764969,210.9,4005b9,G-VIIA,B772,BOEING 777-200,0
landing,JFK,22L,1780104151.21,2026-05-30T01:22:31Z,40.632783,-73.764595,210.9,e8040b,CC-CXI,B763,BOEING 767-300,0
takeoff,LGA,31,1780104156.93,2026-05-30T01:22:36Z,40.772219,-73.857417,303.8,a1a1b6,N204JQ,E75L,EMBRAER ERJ-170-200 (long wing),0
landing,LGA,22,1780104191.05,2026-05-30T01:23:11Z,40.777988,-73.876846,210.9,a8aeb6,N659FR,A21N,AIRBUS A-321neo,0
takeoff,JFK,22R,1780104209.17,2026-05-30T01:23:29Z,40.647773,-73.765484,209.6,ab349f,N821AN,B789,BOEING 787-9 Dreamliner,0
takeoff,LGA,31,1780104257.23,2026-05-30T01:24:17Z,40.772254,-73.857479,303.8,a04aa9,N118HQ,E75L,EMBRAER ERJ-170-200 (long wing),0
takeoff,LGA,31,1780104331.59,2026-05-30T01:25:31Z,40.772754,-73.858525,300.9,a43ea6,N37277,B738,BOEING 737-800,0
landing,JFK,22L,1780104351.49,2026-05-30T01:25:51Z,40.633106,-73.764374,210.9,a87898,N645JB,A320,AIRBUS A-320,0
takeoff,JFK,04L,1780104351.73,2026-05-30T01:25:51Z,40.649368,-73.766525,30.9,a4bdb9,N404YX,E75L,EMBRAER ERJ-170-200 (long wing),0
takeoff,JFK,22R,1780104368.32,2026-05-30T01:26:08Z,40.646404,-73.766556,210.9,ab4489,N825MH,B764,BOEING 767-400,0
landing,LGA,22,1780104405.48,2026-05-30T01:26:45Z,40.775688,-73.878769,210.9,a38af8,N3272J,BCS3,AIRBUS A220-300,0
takeoff,LGA,31,1780104408.48,2026-05-30T01:26:48Z,40.772449,-73.85788,300.9,a02cf1,N110HQ,E75L,EMBRAER ERJ-170-200 (long wing),0
landing,JFK,22L,1780104461.98,2026-05-30T01:27:41Z,40.635246,-73.762695,210.9,a22358,N237JQ,E75L,EMBRAER ERJ-170-200 (long wing),0
takeoff,JFK,04L,1780104473.74,2026-05-30T01:27:53Z,40.651032,-73.765078,53.4,a4c9f8,N4077J,A21N,AIRBUS A-321neo,0
takeoff,JFK,22R,1780104473.85,2026-05-30T01:27:53Z,40.647866,-73.765406,210.9,a4c9d5,N4076J,A21N,AIRBUS A-321neo,0
takeoff,LGA,31,1780104490.18,2026-05-30T01:28:10Z,40.772232,-73.857498,312.2,accb65,N923XJ,CRJ9,BOMBARDIER Regional Jet CRJ-900,0
landing,JFK,22L,1780104531.47,2026-05-30T01:28:51Z,40.634136,-73.76355,210.9,a333ae,N305UG,B38M,BOEING 737 MAX 8,0
landing,JFK,22L,1780104627.98,2026-05-30T01:30:27Z,40.63274,-73.764633,210.9,3c70c1,D-ALFA,B77L,BOEING 777-200LR,0
takeoff,LGA,31,1780104641.57,2026-05-30T01:30:41Z,40.772255,-73.857513,303.8,a123e0,N17262,B38M,BOEING 737 MAX 8,0
landing,LGA,22,1780104651.37,2026-05-30T01:30:51Z,40.775396,-73.878984,210.9,aaa590,N78506,B738,BOEING 737-800,0
landing,JFK,22R,1780104717.6,2026-05-30T01:31:57Z,40.631887,-73.777891,210.9,a9327a,N692DL,B752,BOEING 757-200,0
takeoff,LGA,31,1780104729.85,2026-05-30T01:32:09Z,40.772265,-73.85751,306.6,a3b124,N337PQ,CRJ9,BOMBARDIER Regional Jet CRJ-900,0
takeoff,JFK,22R,1780104851.04,2026-05-30T01:34:11Z,40.648111,-73.765203,210.9,4ca74e,EI-EAV,A333,AIRBUS A-330-300,0
landing,JFK,22L,1780104864.01,2026-05-30T01:34:24Z,40.631802,-73.765396,210.9,ac8985,N907DN,B739,BOEING 737-900,0
landing,LGA,04,1780104911.04,2026-05-30T01:35:11Z,40.770811,-73.881293,36.6,a9d5e4,N73275,B738,BOEING 737-800,0
landing,JFK,22L,1780104932.56,2026-05-30T01:35:32Z,40.633976,-73.763702,210.9,4cc547,TF-ICR,B38M,BOEING 737 MAX 8,0
landing,LGA,22,1780104955.88,2026-05-30T01:35:55Z,40.776816,-73.877829,210.9,a48321,N390DN,A321,AIRBUS A-321,0
takeoff,JFK,22R,1780104975.55,2026-05-30T01:36:15Z,40.647913,-73.765359,210.9,a38ad5,N3271J,BCS3,,0
landing,JFK,22L,1780105050.69,2026-05-30T01:37:30Z,40.632318,-73.764969,210.9,3475d4,EC-ODB,A332,AIRBUS A-330-200,0
landing,LGA,22,1780105051.39,2026-05-30T01:37:31Z,40.778562,-73.876377,213.8,ac5697,N8940Q,B38M,BOEING 737 MAX 8,0
landing,JFK,22R,1780105072.23,2026-05-30T01:37:52Z,40.630968,-73.778655,210.9,a66239,N510JB,A320,AIRBUS A-320,0
landing,LGA,22,1780105162.81,2026-05-30T01:39:22Z,40.777508,-73.877243,210.9,aca3e6,N913XJ,CRJ9,BOMBARDIER Regional Jet CRJ-900,0
landing,JFK,22L,1780105187.11,2026-05-30T01:39:47Z,40.633691,-73.763986,222.2,ab4c76,N827SK,CRJ9,BOMBARDIER Regional Jet CRJ-900,0
takeoff,JFK,22R,1780105188.3,2026-05-30T01:39:48Z,40.648599,-73.764844,210.9,a38836,N3269J,BCS3,AIRBUS A220-300,0
landing,JFK,22L,1780105275.54,2026-05-30T01:41:15Z,40.631154,-73.765921,216.6,89902f,B-16726,B77W,BOEING 777-300ER,0
landing,LGA,22,1780105281.94,2026-05-30T01:41:21Z,40.777584,-73.877173,213.8,a987bf,N713FR,A321,AIRBUS A-321,0
landing,JFK,22R,1780105347.51,2026-05-30T01:42:27Z,40.628746,-73.78035,210.9,4cabd2,EI-LRF,A21N,AIRBUS A-321neo,0
landing,LGA,22,1780105400.85,2026-05-30T01:43:20Z,40.778938,-73.876038,208.1,a8f235,N676CA,CRJ9,BOMBARDIER Regional Jet CRJ-900,0
landing,JFK,22L,1780105413.4,2026-05-30T01:43:33Z,40.63127,-73.765812,210.9,ad2f71,N949JT,A321,AIRBUS A-321,0
takeoff,JFK,22R,1780105462.33,2026-05-30T01:44:22Z,40.647652,-73.765579,210.9,a85ff5,N639JB,A320,AIRBUS A-320,0
landing,LGA,22,1780105466.67,2026-05-30T01:44:26Z,40.777619,-73.877158,210.9,a12755,N17346,B38M,BOEING 737 MAX 8,0
takeoff,JFK,22R,1780105515.13,2026-05-30T01:45:15Z,40.647924,-73.765344,210.9,407699,G-VPRD,A35K,AIRBUS A-350-1000,0
landing,JFK,22R,1780105521.74,2026-05-30T01:45:21Z,40.63411,-73.779576,250.3,a35e6f,N316PQ,CRJ9,BOMBARDIER Regional Jet CRJ-900,0
landing,JFK,22L,1780105550.85,2026-05-30T01:45:50Z,40.631779,-73.765411,210.9,a16ff1,N192DN,B763,BOEING 767-300,0
landing,LGA,22,1780105563.34,2026-05-30T01:46:03Z,40.777433,-73.877314,213.8,a66346,N510UW,A321,AIRBUS A-321,0
takeoff,JFK,22R,1780105585.19,2026-05-30T01:46:25Z,40.647622,-73.765593,210.9,4005c1,G-RAES,B772,BOEING 777-200,0
landing,LGA,22,1780105652.0,2026-05-30T01:47:32Z,40.775175,-73.879171,213.8,acc5fb,N922DZ,B739,BOEING 737-900,0
takeoff,JFK,22R,1780105658.12,2026-05-30T01:47:38Z,40.647755,-73.765503,209.6,ab436f,N825AA,B789,BOEING 787-9 Dreamliner,0
takeoff,JFK,04L,1780105670.79,2026-05-30T01:47:50Z,40.650147,-73.765937,28.1,a3915a,N329SL,B38M,BOEING 737 MAX 8,0
landing,JFK,22L,1780105699.78,2026-05-30T01:48:19Z,40.63369,-73.764023,216.6,a0144e,N104HQ,E75L,EMBRAER ERJ-170-200 (long wing),0
landing,LGA,22,1780105747.1,2026-05-30T01:49:07Z,40.776478,-73.878125,210.9,a23a02,N24211,B738,BOEING 737-800,0
takeoff,LGA,31,1780105753.99,2026-05-30T01:49:13Z,40.772804,-73.858643,300.9,a59f53,N461WN,B737,BOEING 737-700,0
landing,JFK,22L,1780105780.11,2026-05-30T01:49:40Z,40.632339,-73.764969,210.9,400610,G-VIIJ,B772,BOEING 777-200,0
landing,JFK,22R,1780105792.12,2026-05-30T01:49:52Z,40.629676,-73.779607,210.9,ade252,N994JL,A321,AIRBUS A-321,0
takeoff,JFK,22R,1780105847.98,2026-05-30T01:50:47Z,40.647529,-73.765656,210.9,4cacb9,EI-TYG,A339,AIRBUS A-330-900,0
landing,LGA,22,1780105876.65,2026-05-30T01:51:16Z,40.777691,-73.877106,210.9,a39723,N330PQ,CRJ9,BOMBARDIER Regional Jet CRJ-900,0
takeoff,LGA,31,1780105886.62,2026-05-30T01:51:26Z,40.772507,-73.858002,300.9,a4bfc1,N405FR,A20N,AIRBUS A-320neo,0
landing,JFK,22L,1780105915.33,2026-05-30T01:51:55Z,40.632655,-73.765671,239.1,ab6519,N833SK,CRJ9,BOMBARDIER Regional Jet CRJ-900,0
landing,JFK,13L,1780105971.73,2026-05-30T01:52:51Z,40.654919,-73.781137,104.1,acc040,N920XJ,CRJ9,BOMBARDIER Regional Jet CRJ-900,0
landing,JFK,22L,1780105990.02,2026-05-30T01:53:10Z,40.635798,-73.762223,210.9,a3355e,N3058J,BCS3,AIRBUS A220-300,0
landing,LGA,22,1780105996.67,2026-05-30T01:53:16Z,40.774841,-73.879425,210.9,ab282b,N818MD,E170,EMBRAER ERJ-170-100,0
takeoff,JFK,22R,1780106031.8,2026-05-30T01:53:51Z,40.648413,-73.764969,210.9,aca02f,N912XJ,CRJ9,BOMBARDIER Regional Jet CRJ-900,0
takeoff,LGA,31,1780106040.25,2026-05-30T01:54:00Z,40.772964,-73.858868,300.9,adac5d,N980NN,B738,BOEING 737-800,0
landing,JFK,22L,1780106069.42,2026-05-30T01:54:29Z,40.633255,-73.764236,210.9,71be34,HL7634,A388,AIRBUS A-380-800,0
landing,JFK,22R,1780106136.28,2026-05-30T01:55:36Z,40.632397,-73.777512,210.9,a98445,N712JB,A320,AIRBUS A-320,0
landing,LGA,22,1780106179.76,2026-05-30T01:56:19Z,40.776967,-73.877704,213.8,a384f8,N326DU,BCS3,AIRBUS A220-300,0
landing,JFK,22L,1780106275.52,2026-05-30T01:57:55Z,40.635437,-73.762535,210.9,a6c358,N535DN,A21N,AIRBUS A-321neo,0
takeoff,JFK,04L,1780106311.6,2026-05-30T01:58:31Z,40.65102,-73.765141,56.2,a4c8de,N407YX,E75L,EMBRAER ERJ-170-200 (long wing),0
takeoff,JFK,22R,1780106323.75,2026-05-30T01:58:43Z,40.647297,-73.765854,210.9,a6d234,N539DN,A21N,,0
landing,LGA,22,1780106335.58,2026-05-30T01:58:55Z,40.776569,-73.877991,213.8,a230d6,N240JQ,E75L,EMBRAER ERJ-170-200 (long wing),0
takeoff,LGA,31,1780106341.96,2026-05-30T01:59:01Z,40.772781,-73.858612,300.9,a095f0,N137HQ,E75L,EMBRAER ERJ-170-200 (long wing),0
landing,JFK,22L,1780106349.58,2026-05-30T01:59:09Z,40.63397,-73.76369,210.9,780a29,B-LJG,B748,BOEING 747-8,0
takeoff,JFK,22R,1780106388.24,2026-05-30T01:59:48Z,40.646713,-73.766312,210.9,a01c37,N106NN,A321,AIRBUS A-321,0
landing,LGA,22,1780106446.64,2026-05-30T02:00:46Z,40.777118,-73.877532,213.8,a1d811,N218JQ,E75L,EMBRAER ERJ-170-200 (long wing),0
landing,LGA,22,1780106500.17,2026-05-30T02:01:40Z,40.777817,-73.876984,213.8,a46310,N382DN,A321,AIRBUS A-321,0
takeoff,JFK,22R,1780106504.06,2026-05-30T02:01:44Z,40.647503,-73.765686,210.9,a7d2bc,N603DN,A21N,AIRBUS A-321neo,0
landing,JFK,22L,1780106521.4,2026-05-30T02:02:01Z,40.636182,-73.761957,210.9,a37f12,N324VL,B38M,BOEING 737 MAX 8,0
takeoff,LGA,31,1780106535.52,2026-05-30T02:02:15Z,40.772696,-73.858431,295.3,a18380,N197PQ,CRJ9,BOMBARDIER Regional Jet CRJ-900,0
takeoff,JFK,22R,1780106575.48,2026-05-30T02:02:55Z,40.647743,-73.765488,210.9,a33843,N3062J,BCS3,AIRBUS A220-300,0
takeoff,LGA,31,1780106616.17,2026-05-30T02:03:36Z,40.772277,-73.857526,303.8,a537ed,N435YX,E75L,EMBRAER ERJ-170-200 (long wing),0
landing,LGA,22,1780106625.6,2026-05-30T02:03:45Z,40.777222,-73.877472,213.8,c04af4,C-GCJZ,CRJ9,BOMBARDIER Regional Jet CRJ-900,0
landing,JFK,22L,1780106641.89,2026-05-30T02:04:01Z,40.636196,-73.761932,210.9,a3401a,N3085J,BCS3,AIRBUS A220-300,0
takeoff,JFK,22R,1780106644.41,2026-05-30T02:04:04Z,40.648425,-73.764954,210.9,71bc19,HL7419,B744,BOEING 747-400,0
landing,JFK,22L,1780106727.96,2026-05-30T02:05:27Z,40.632748,-73.764642,209.6,40742e,G-CKOF,B789,BOEING 787-9 Dreamliner,0
landing,LGA,22,1780106795.98,2026-05-30T02:06:35Z,40.777382,-73.877365,210.9,a387f0,N3267J,BCS3,,0
takeoff,LGA,31,1780106815.24,2026-05-30T02:06:55Z,40.772452,-73.857932,300.9,acf69b,N934XJ,CRJ9,BOMBARDIER Regional Jet CRJ-900,0
takeoff,JFK,22R,1780106842.21,2026-05-30T02:07:22Z,40.647471,-73.765703,210.9,ad7e6f,N969JT,A321,AIRBUS A-321,0
takeoff,LGA,31,1780106893.79,2026-05-30T02:08:13Z,40.773162,-73.859399,300.9,ac98c1,N910XJ,CRJ9,BOMBARDIER Regional Jet CRJ-900,0
takeoff,JFK,22R,1780106896.85,2026-05-30T02:08:16Z,40.647926,-73.76535,210.9,acb679,N918XJ,CRJ9,BOMBARDIER Regional Jet CRJ-900,0
takeoff,JFK,04L,1780106902.19,2026-05-30T02:08:22Z,40.650182,-73.765906,30.9,a03bcd,N114HQ,E75L,EMBRAER ERJ-170-200 (long wing),0
landing,JFK,22L,1780106917.6,2026-05-30T02:08:37Z,40.633942,-73.763748,216.6,c00b9d,C-FEKI,E75S,EMBRAER ERJ-170-200 (short wing),0
takeoff,JFK,22R,1780106955.72,2026-05-30T02:09:15Z,40.648576,-73.764844,210.9,a35854,N3142J,BCS3,AIRBUS A220-300,0
landing,LGA,22,1780106964.16,2026-05-30T02:09:24Z,40.778309,-73.876602,210.9,a2000d,N228PQ,CRJ9,BOMBARDIER Regional Jet CRJ-900,0
takeoff,LGA,31,1780106980.19,2026-05-30T02:09:40Z,40.772452,-73.857869,300.9,a8a0d9,N655RW,E170,EMBRAER ERJ-170-100,0
landing,JFK,22L,1780107005.13,2026-05-30T02:10:05Z,40.634125,-73.763596,213.8,a19a48,N202JQ,E75L,EMBRAER ERJ-170-200 (long wing),0
takeoff,JFK,22R,1780107008.25,2026-05-30T02:10:08Z,40.647972,-73.765305,210.9,a5e3e4,N479PX,CRJ9,BOMBARDIER Regional Jet CRJ-900,0
landing,LGA,22,1780107076.81,2026-05-30T02:11:16Z,40.775196,-73.879135,210.9,a50549,N422YX,E75L,EMBRAER ERJ-170-200 (long wing),0
landing,JFK,22L,1780107141.27,2026-05-30T02:12:21Z,40.632671,-73.764709,210.9,ac82f8,N905NN,B738,BOEING 737-800,0
landing,LGA,22,1780107192.06,2026-05-30T02:13:12Z,40.777611,-73.877136,210.9,ac7c67,N903XJ,CRJ9,BOMBARDIER Regional Jet CRJ-900,0
takeoff,LGA,31,1780107218.2,2026-05-30T02:13:38Z,40.772917,-73.858868,298.1,a145b7,N181PQ,CRJ9,BOMBARDIER Regional Jet CRJ-900,0
landing,JFK,22L,1780107221.23,2026-05-30T02:13:41Z,40.632225,-73.765032,209.6,406ecd,G-VMAP,B789,BOEING 787-9 Dreamliner,0
takeoff,JFK,22R,1780107279.55,2026-05-30T02:14:39Z,40.647901,-73.765375,210.9,acf906,N935JB,A321,AIRBUS A-321,0
landing,LGA,22,1780107297.26,2026-05-30T02:14:57Z,40.776862,-73.877766,213.8,abdb88,N863RW,E170,EMBRAER ERJ-170-100,0
takeoff,JFK,04L,1780107321.19,2026-05-30T02:15:21Z,40.64974,-73.766233,30.9,ac7b1b,N903JB,A321,AIRBUS A-321,0
landing,JFK,22L,1780107322.01,2026-05-30T02:15:22Z,40.632015,-73.765203,210.9,06a12d,A7-ANQ,A35K,AIRBUS A-350-1000,0
takeoff,JFK,22R,1780107341.19,2026-05-30T02:15:41Z,40.648599,-73.764813,210.9,a57ad0,N452PA,B744,BOEING 747-400,0
takeoff,LGA,31,1780107375.19,2026-05-30T02:16:15Z,40.772324,-73.857635,298.1,a14c70,N183GJ,CRJ9,BOMBARDIER Regional Jet CRJ-900,0
landing,LGA,22,1780107378.08,2026-05-30T02:16:18Z,40.77681,-73.877808,213.8,ac287c,N8826Q,B38M,BOEING 737 MAX 8,0
takeoff,JFK,22R,1780107453.2,2026-05-30T02:17:33Z,40.647526,-73.765671,210.9,acc040,N920XJ,CRJ9,BOMBARDIER Regional Jet CRJ-900,0
landing,LGA,22,1780107519.1,2026-05-30T02:18:39Z,40.77841,-73.876471,210.9,a777bf,N580UW,A321,AIRBUS A-321,0
takeoff,LGA,31,1780107531.03,2026-05-30T02:18:51Z,40.772667,-73.858353,300.9,a05470,N120HQ,E75L,EMBRAER ERJ-170-200 (long wing),0
landing,JFK,22L,1780107535.88,2026-05-30T02:18:55Z,40.632832,-73.765289,236.2,c03da9,C-FXJC,E75S,EMBRAER ERJ-170-200 (short wing),0
takeoff,JFK,22R,1780107592.13,2026-05-30T02:19:52Z,40.648436,-73.764954,210.9,a92b0c,N690DL,B752,BOEING 757-200,0
takeoff,JFK,04L,1780107597.95,2026-05-30T02:19:57Z,40.649769,-73.766205,29.6,44012f,OE-LPL,B789,BOEING 787-9 Dreamliner,0
landing,JFK,22L,1780107623.71,2026-05-30T02:20:23Z,40.632353,-73.764969,210.9,a13af4,N179DN,B763,BOEING 767-300,0
landing,LGA,22,1780107629.23,2026-05-30T02:20:29Z,40.777405,-73.877319,213.8,aa589c,N766JB,A320,AIRBUS A-320,0
takeoff,LGA,31,1780107653.31,2026-05-30T02:20:53Z,40.772713,-73.858459,300.9,a20957,N230JQ,E75L,EMBRAER ERJ-170-200 (long wing),0
landing,JFK,22L,1780107723.62,2026-05-30T02:22:03Z,40.635693,-73.762329,210.9,add376,N990JL,A321,AIRBUS A-321,0
takeoff,JFK,22R,1780107737.63,2026-05-30T02:22:17Z,40.647057,-73.766037,210.9,a11d47,N171DZ,B763,BOEING 767-300,0
landing,LGA,22,1780107761.86,2026-05-30T02:22:41Z,40.77635,-73.878172,210.9,abdf3f,N864RW,E170,EMBRAER ERJ-170-100,0
takeoff,JFK,22R,1780107798.57,2026-05-30T02:23:18Z,40.64853,-73.764907,210.9,3965a2,F-GZNC,B77W,BOEING 777-300ER,0
landing,JFK,22L,1780107875.95,2026-05-30T02:24:35Z,40.632694,-73.764679,210.9,abfe1c,N872DN,B739,BOEING 737-900,0
landing,LGA,22,1780107878.56,2026-05-30T02:24:38Z,40.77721,-73.877518,210.9,acfc00,N936AN,B738,BOEING 737-800,0
takeoff,JFK,04L,1780107929.95,2026-05-30T02:25:29Z,40.651043,-73.765078,56.2,a1cb05,N2142J,A21N,AIRBUS A-321neo,0
takeoff,JFK,22R,1780107930.43,2026-05-30T02:25:30Z,40.649002,-73.764511,210.9,ab4866,N826NW,A333,AIRBUS A-330-300,0
landing,JFK,22L,1780108004.63,2026-05-30T02:26:44Z,40.630793,-73.766311,219.4,a8aef3,N659JB,A320,AIRBUS A-320,0
landing,LGA,22,1780108035.95,2026-05-30T02:27:15Z,40.778492,-73.876434,210.9,a35254,N313DU,BCS3,AIRBUS A220-300,0
landing,JFK,22L,1780108100.97,2026-05-30T02:28:20Z,40.633982,-73.763674,210.9,a033ae,N112AN,A321,AIRBUS A-321,0
takeoff,JFK,22R,1780108163.14,2026-05-30T02:29:23Z,40.647517,-73.76564,210.9,a523c6,N430GT,B744,BOEING 747-400,0
landing,LGA,22,1780108164.56,2026-05-30T02:29:24Z,40.777619,-73.877158,210.9,a3a152,N333DU,BCS3,,0
takeoff,JFK,22R,1780108208.28,2026-05-30T02:30:08Z,40.650124,-73.763641,202.5,adbaca,N984JB,A321,AIRBUS A-321,0
landing,JFK,22L,1780108219.41,2026-05-30T02:30:19Z,40.633518,-73.764053,210.9,abdeec,N864NN,B738,BOEING 737-800,0
takeoff,JFK,04L,1780108306.25,2026-05-30T02:31:46Z,40.650307,-73.765823,30.9,495266,CS-TSF,A21N,AIRBUS A-321neo,0
landing,JFK,22L,1780108334.43,2026-05-30T02:32:14Z,40.632751,-73.764618,210.9,869232,JA788A,B77W,BOEING 777-300ER,0
takeoff,JFK,22R,1780108351.98,2026-05-30T02:32:31Z,40.647091,-73.766006,210.9,a3871e,N3261J,BCS3,,0
takeoff,JFK,22R,1780108409.02,2026-05-30T02:33:29Z,40.647412,-73.765749,210.9,a36b73,N3196J,BCS3,AIRBUS A220-300,0
landing,LGA,22,1780108449.93,2026-05-30T02:34:09Z,40.777439,-73.877304,210.9,a42e13,N369DN,A321,AIRBUS A-321,0
takeoff,JFK,04L,1780108453.91,2026-05-30T02:34:13Z,40.649484,-73.766421,30.9,406a34,G-STBI,B77W,BOEING 777-300ER,0
landing,JFK,22L,1780108522.43,2026-05-30T02:35:22Z,40.633175,-73.764664,227.8,a8ab3c,N658JB,A320,AIRBUS A-320,0
takeoff,JFK,22R,1780108532.69,2026-05-30T02:35:32Z,40.646461,-73.76651,210.9,a52aed,N432DX,A339,AIRBUS A-330-900,0
takeoff,LGA,31,1780108597.71,2026-05-30T02:36:37Z,40.774143,-73.861465,300.9,a486d8,N391DN,A321,AIRBUS A-321,0
landing,JFK,22L,1780108649.54,2026-05-30T02:37:29Z,40.632713,-73.764657,210.9,a8c028,N663JB,A320,AIRBUS A-320,0
takeoff,JFK,22R,1780108680.8,2026-05-30T02:38:00Z,40.648762,-73.764694,210.9,782240,B-227G,B77L,BOEING 777-200LR,0
landing,JFK,22L,1780108750.68,2026-05-30T02:39:10Z,40.634145,-73.763565,210.9,a78945,N585JB,A320,AIRBUS A-320,0
takeoff,JFK,04L,1780108772.39,2026-05-30T02:39:32Z,40.6491,-73.766733,28.1,a5e9f4,N480PX,CRJ9,BOMBARDIER Regional Jet CRJ-900,0
landing,LGA,22,1780108778.31,2026-05-30T02:39:38Z,40.774647,-73.879623,210.9,a41743,N36280,B738,BOEING 737-800,0
takeoff,LGA,31,1780108799.59,2026-05-30T02:39:59Z,40.772824,-73.858634,300.9,ac4dfb,N892NN,B738,BOEING 737-800,0
landing,JFK,22L,1780108871.51,2026-05-30T02:41:11Z,40.633495,-73.764221,222.2,a3d4c6,N346NB,A319,AIRBUS A-319,0
takeoff,JFK,22R,1780108877.73,2026-05-30T02:41:17Z,40.647331,-73.765843,210.9,a8a017,N655JB,A320,AIRBUS A-320,0
landing,JFK,22L,1780108953.35,2026-05-30T02:42:33Z,40.634226,-73.763502,213.8,a96ae3,N706AL,B39M,BOEING 737 MAX 9,0
takeoff,JFK,22R,1780108955.31,2026-05-30T02:42:35Z,40.646249,-73.766686,209.6,486073,PH-BKR,B78X,BOEING 787-10 Dreamliner,0
landing,LGA,22,1780109005.15,2026-05-30T02:43:25Z,40.777153,-73.877532,213.8,a43f3c,N373DA,B738,BOEING 737-800,0
landing,JFK,22L,1780109037.32,2026-05-30T02:43:57Z,40.635098,-73.762787,210.9,a5c4e2,N471AS,B739,BOEING 737-900,0
takeoff,JFK,22R,1780109072.39,2026-05-30T02:44:32Z,40.647205,-73.76593,210.9,a6b4f7,N531JL,A320,AIRBUS A-320,0
landing,JFK,22L,1780109159.49,2026-05-30T02:45:59Z,40.635088,-73.762831,210.9,ac21e4,N881DN,B739,BOEING 737-900,0
landing,LGA,22,1780109198.2,2026-05-30T02:46:38Z,40.776707,-73.877914,210.9,a359c2,N315DU,BCS3,AIRBUS A220-300,0
takeoff,LGA,31,1780109205.83,2026-05-30T02:46:45Z,40.772335,-73.85762,300.9,a8aeb6,N659FR,A21N,AIRBUS A-321neo,0
takeoff,JFK,04L,1780109238.98,2026-05-30T02:47:18Z,40.649414,-73.766514,30.9,06a2c6,A7-BEW,B77W,BOEING 777-300ER,0
takeoff,JFK,22R,1780109265.92,2026-05-30T02:47:45Z,40.6474,-73.765762,210.9,3c656c,D-AIKL,A333,AIRBUS A-330-300,0
takeoff,JFK,22R,1780109353.68,2026-05-30T02:49:13Z,40.646233,-73.766678,210.9,a52ea4,N433DX,A339,AIRBUS A-330-900,0
landing,JFK,22L,1780109359.57,2026-05-30T02:49:19Z,40.63269,-73.764688,210.9,39cf0f,F-HTYP,A359,AIRBUS A-350-900,0
landing,LGA,22,1780109388.7,2026-05-30T02:49:48Z,40.778194,-73.876678,210.9,a05f37,N123DW,A321,AIRBUS A-321,0
takeoff,JFK,22R,1780109499.76,2026-05-30T02:51:39Z,40.646233,-73.766678,210.9,4952a7,CS-TUG,A339,AIRBUS A-330-900,0
landing,JFK,22L,1780109532.97,2026-05-30T02:52:12Z,40.632774,-73.764603,210.9,ac5bf6,N896DN,B739,BOEING 737-900,0
takeoff,JFK,22R,1780109565.58,2026-05-30T02:52:45Z,40.647377,-73.765793,210.9,76cce2,9V-SGB,A359,AIRBUS A-350-900,0
landing,LGA,22,1780109604.89,2026-05-30T02:53:24Z,40.779327,-73.875732,210.9,c007d8,C-FCZF,A320,AIRBUS A-320,0
landing,LGA,22,1780109702.7,2026-05-30T02:55:02Z,40.777359,-73.87735,213.8,a4a0cd,N398DA,B738,BOEING 737-800,0
takeoff,JFK,22R,1780109711.49,2026-05-30T02:55:11Z,40.647469,-73.765732,210.9,ab4f5d,N828JB,A320,AIRBUS A-320,0
takeoff,JFK,22R,1780109790.25,2026-05-30T02:56:30Z,40.647755,-73.765488,210.9,a042db,N116DU,BCS1,AIRBUS A220-100,0
landing,LGA,22,1780109832.11,2026-05-30T02:57:12Z,40.778364,-73.876565,213.8,ac2f83,N8843S,B38M,BOEING 737 MAX 8,0
takeoff,JFK,22R,1780109861.7,2026-05-30T02:57:41Z,40.647622,-73.765578,210.9,a266dc,N254FE,B762,BOEING 767-200,0
landing,JFK,22L,1780109948.08,2026-05-30T02:59:08Z,40.635292,-73.76265,210.9,a7b40e,N596DT,,,0
takeoff,JFK,22R,1780109952.9,2026-05-30T02:59:12Z,40.646132,-73.766748,210.9,8963f3,A6-EOV,A388,AIRBUS A-380-800,0
landing,LGA,22,1780109955.45,2026-05-30T02:59:15Z,40.777725,-73.87709,213.8,aa56d8,N76526,B738,BOEING 737-800,0
landing,LGA,22,1780110090.41,2026-05-30T03:01:30Z,40.777439,-73.877304,213.8,ab1c47,N815DN,B739,BOEING 737-900,0
takeoff,JFK,22R,1780110127.97,2026-05-30T03:02:07Z,40.649589,-73.764064,210.9,a01880,N105NN,A321,AIRBUS A-321,0
landing,LGA,22,1780110180.04,2026-05-30T03:03:00Z,40.77706,-73.877595,213.8,ac2fc3,N8845L,B38M,BOEING 737 MAX 8,0
takeoff,JFK,22R,1780110200.39,2026-05-30T03:03:20Z,40.647938,-73.76535,210.9,a9704d,N707TW,B752,BOEING 757-200,0
takeoff,JFK,22R,1780110267.65,2026-05-30T03:04:27Z,40.6469,-73.766155,210.9,a173a8,N193DN,B763,BOEING 767-300,0
landing,LGA,22,1780110300.1,2026-05-30T03:05:00Z,40.778961,-73.876038,210.9,abb245,N8528Q,B738,BOEING 737-800,0
takeoff,JFK,04L,1780110321.76,2026-05-30T03:05:21Z,40.650169,-73.765915,30.9,acb2c2,N917XJ,CRJ9,BOMBARDIER Regional Jet CRJ-900,0
takeoff,LGA,31,1780110325.18,2026-05-30T03:05:25Z,40.772816,-73.858658,300.9,ac5697,N8940Q,B38M,BOEING 737 MAX 8,0
takeoff,JFK,22R,1780110365.92,2026-05-30T03:06:05Z,40.646175,-73.766708,210.9,a35592,N3139J,BCS3,AIRBUS A220-300,0
landing,LGA,22,1780110418.31,2026-05-30T03:06:58Z,40.778003,-73.876814,210.9,a36eae,N320DU,BCS3,AIRBUS A220-300,0
takeoff,JFK,22R,1780110452.55,2026-05-30T03:07:32Z,40.647948,-73.765328,210.9,a383f3,N3255J,BCS3,,0
landing,JFK,22L,1780110498.11,2026-05-30T03:08:18Z,40.632923,-73.765063,233.4,a04692,N117DU,BCS1,AIRBUS A220-100,0
takeoff,LGA,31,1780110499.95,2026-05-30T03:08:19Z,40.772243,-73.857422,298.1,ab282b,N818MD,E170,EMBRAER ERJ-170-100,0
landing,LGA,22,1780110502.6,2026-05-30T03:08:22Z,40.778458,-73.87645,213.8,a32ad5,N303DU,BCS3,AIRBUS A220-300,0
takeoff,JFK,22R,1780110529.3,2026-05-30T03:08:49Z,40.646828,-73.76622,210.9,adabfe,N980JT,A321,AIRBUS A-321,0
landing,LGA,22,1780110614.8,2026-05-30T03:10:14Z,40.77713,-73.877548,213.8,a45051,N3771K,B738,BOEING 737-800,0
landing,JFK,22L,1780110625.28,2026-05-30T03:10:25Z,40.634005,-73.763643,210.9,ad27f3,N947JB,A321,AIRBUS A-321,0
takeoff,JFK,22R,1780110660.7,2026-05-30T03:11:00Z,40.647686,-73.765549,210.9,ab772d,N838MH,B764,BOEING 767-400,0
takeoff,JFK,22R,1780110736.25,2026-05-30T03:12:16Z,40.647446,-73.765701,209.6,896408,A6-BLC,B789,BOEING 787-9 Dreamliner,0
landing,JFK,22L,1780110742.07,2026-05-30T03:12:22Z,40.635798,-73.762254,210.9,acf89f,N935DZ,B739,,0
landing,LGA,22,1780110746.36,2026-05-30T03:12:26Z,40.777897,-73.876953,213.8,a163f2,N189UW,A321,AIRBUS A-321,0
landing,LGA,22,1780110834.53,2026-05-30T03:13:54Z,40.776615,-73.878006,213.8,ac481d,N8903H,B38M,BOEING 737 MAX 8,0
takeoff,JFK,22R,1780110861.76,2026-05-30T03:14:21Z,40.648727,-73.764751,210.9,a73dfe,N566JB,A320,AIRBUS A-320,0
landing,JFK,22L,1780110881.47,2026-05-30T03:14:41Z,40.635052,-73.762848,210.9,a3a65f,N334TL,B38M,BOEING 737 MAX 8,0
takeoff,JFK,22R,1780110935.71,2026-05-30T03:15:35Z,40.647881,-73.765381,210.9,a6f2b7,N547JB,A320,AIRBUS A-320,0
takeoff,JFK,04L,1780110958.93,2026-05-30T03:15:58Z,40.651016,-73.765152,59.1,a22358,N237JQ,E75L,EMBRAER ERJ-170-200 (long wing),0
landing,LGA,22,1780110960.42,2026-05-30T03:16:00Z,40.778996,-73.876007,213.8,a8299a,N625JB,A320,AIRBUS A-320,0
takeoff,JFK,22R,1780111007.76,2026-05-30T03:16:47Z,40.64764,-73.765579,210.9,ad846f,N970JB,A321,AIRBUS A-321,0
takeoff,JFK,04L,1780111012.95,2026-05-30T03:16:52Z,40.64962,-73.766327,28.1,a77d89,N582CA,CRJ9,BOMBARDIER Regional Jet CRJ-900,0
landing,LGA,22,1780111072.25,2026-05-30T03:17:52Z,40.777176,-73.877533,213.8,abbedb,N856NN,B738,BOEING 737-800,0
landing,JFK,22L,1780111075.75,2026-05-30T03:17:55Z,40.632843,-73.764572,210.9,a0f4b5,N1605,B763,BOEING 767-300,0
takeoff,JFK,22R,1780111139.98,2026-05-30T03:18:59Z,40.647552,-73.76564,210.9,a0f4a2,N1604R,B763,BOEING 767-300,0
landing,JFK,22L,1780111228.77,2026-05-30T03:20:28Z,40.634226,-73.763487,210.9,a84d62,N634JB,A320,AIRBUS A-320,0
landing,LGA,22,1780111241.84,2026-05-30T03:20:41Z,40.775594,-73.878781,213.8,a4ba02,N403YX,E75L,EMBRAER ERJ-170-200 (long wing),0
takeoff,LGA,22,1780111241.84,2026-05-30T03:20:41Z,40.775594,-73.878781,213.8,a4ba02,N403YX,E75L,EMBRAER ERJ-170-200 (long wing),0
landing,LGA,22,1780111242.82,2026-05-30T03:20:42Z,40.775459,-73.878891,213.8,a4ba02,N403YX,E75L,EMBRAER ERJ-170-200 (long wing),0
takeoff,JFK,22R,1780111278.11,2026-05-30T03:21:18Z,40.647459,-73.765734,210.9,a66239,N510JB,A320,AIRBUS A-320,0
landing,JFK,22L,1780111369.01,2026-05-30T03:22:49Z,40.633947,-73.763736,216.6,aa490a,N762AV,A20N,AIRBUS A-320neo,0
takeoff,LGA,31,1780111384.08,2026-05-30T03:23:04Z,40.773883,-73.860912,300.9,aa589c,N766JB,A320,AIRBUS A-320,0
takeoff,JFK,22R,1780111393.14,2026-05-30T03:23:13Z,40.648564,-73.764844,208.1,a35e6f,N316PQ,CRJ9,BOMBARDIER Regional Jet CRJ-900,0
landing,JFK,22L,1780111460.0,2026-05-30T03:24:20Z,40.633507,-73.764053,210.9,a6e361,N543DE,A21N,AIRBUS A-321neo,0
takeoff,JFK,22R,1780111460.27,2026-05-30T03:24:20Z,40.64764,-73.765579,209.6,406f77,G-ZBKK,B789,BOEING 787-9 Dreamliner,0
landing,LGA,22,1780111535.28,2026-05-30T03:25:35Z,40.775997,-73.878464,213.8,a07fa6,N131HQ,E75L,EMBRAER ERJ-170-200 (long wing),0
landing,JFK,22L,1780111538.05,2026-05-30T03:25:38Z,40.632841,-73.764563,212.4,4bb18e,TC-LLN,B789,BOEING 787-9 Dreamliner,0
takeoff,JFK,22R,1780111604.87,2026-05-30T03:26:44Z,40.640671,-73.771027,210.9,a06bcc,N126UP,A306,AIRBUS A-300-600,0
takeoff,JFK,22R,1780111660.17,2026-05-30T03:27:40Z,40.648518,-73.76486,210.9,3481d5,EC-OJL,B772,BOEING 777-200,0
landing,JFK,22L,1780111672.61,2026-05-30T03:27:52Z,40.633656,-73.763939,210.9,a01820,N105JS,B38M,BOEING 737 MAX 8,0
landing,LGA,22,1780111705.63,2026-05-30T03:28:25Z,40.776793,-73.877844,213.8,a0669d,N125DN,A321,AIRBUS A-321,0
takeoff,JFK,22R,1780111733.77,2026-05-30T03:28:53Z,40.647796,-73.765453,210.9,461f08,OH-LTO,A333,AIRBUS A-330-300,0
landing,JFK,22L,1780111784.69,2026-05-30T03:29:44Z,40.635192,-73.762738,210.9,a8ded6,N6705Y,B752,BOEING 757-200,0
landing,LGA,22,1780111856.9,2026-05-30T03:30:56Z,40.778595,-73.876358,213.8,ad36c8,N950XV,A21N,,0
takeoff,JFK,22R,1780111883.33,2026-05-30T03:31:23Z,40.648693,-73.764751,213.8,ab4c76,N827SK,CRJ9,BOMBARDIER Regional Jet CRJ-900,0
landing,JFK,22L,1780111887.39,2026-05-30T03:31:27Z,40.633759,-73.76384,210.9,a441fb,N3735D,B738,BOEING 737-800,0
takeoff,JFK,22R,1780111969.09,2026-05-30T03:32:49Z,40.6478,-73.765442,213.8,ab6519,N833SK,CRJ9,BOMBARDIER Regional Jet CRJ-900,0
landing,JFK,22L,1780112015.04,2026-05-30T03:33:35Z,40.634145,-73.763549,210.9,a1a832,N2059J,A21N,AIRBUS A-321neo,0
takeoff,JFK,22R,1780112126.4,2026-05-30T03:35:26Z,40.648212,-73.765121,210.9,a74f33,N570JB,A320,AIRBUS A-320,0
landing,JFK,22L,1780112143.29,2026-05-30T03:35:43Z,40.634811,-73.763,210.9,acca19,N923JB,A321,AIRBUS A-321,0
landing,LGA,22,1780112169.48,2026-05-30T03:36:09Z,40.778247,-73.876627,210.9,a098f6,N138AN,A321,AIRBUS A-321,0
takeoff,JFK,22R,1780112208.65,2026-05-30T03:36:48Z,40.646255,-73.766693,210.9,896475,A6-EUK,A388,AIRBUS A-380-800,0
landing,JFK,22L,1780112274.57,2026-05-30T03:37:54Z,40.636263,-73.761864,210.9,0c6061,9Y-TTO,B38M,BOEING 737 MAX 8,0
landing,LGA,22,1780112291.82,2026-05-30T03:38:11Z,40.777247,-73.877454,210.9,a85c01,N638FR,A21N,AIRBUS A-321neo,0
takeoff,LGA,31,1780112308.39,2026-05-30T03:38:28Z,40.772472,-73.857956,303.8,a987bf,N713FR,A321,AIRBUS A-321,0
takeoff,JFK,22R,1780112403.66,2026-05-30T03:40:03Z,40.646542,-73.766418,210.9,4cc547,TF-ICR,B38M,BOEING 737 MAX 8,0
landing,LGA,22,1780112410.11,2026-05-30T03:40:10Z,40.775675,-73.878765,210.9,ac6227,N8973S,B38M,BOEING 737 MAX 8,0
landing,JFK,22L,1780112429.95,2026-05-30T03:40:29Z,40.633839,-73.763824,213.8,a3ac77,N336DU,BCS3,AIRBUS A220-300,0
takeoff,JFK,22R,1780112474.78,2026-05-30T03:41:14Z,40.647505,-73.765671,210.9,a417af,N363CM,B763,BOEING 767-300,0
takeoff,JFK,22R,1780112541.7,2026-05-30T03:42:21Z,40.648774,-73.764704,210.9,a9b62c,N725AN,B77W,BOEING 777-300ER,0
landing,LGA,22,1780112563.92,2026-05-30T03:42:43Z,40.77528,-73.879062,210.9,aaa19e,N784YX,E75L,,0
landing,LGA,22,1780112669.06,2026-05-30T03:44:29Z,40.77592,-73.878562,210.9,a3d890,N347NW,A320,AIRBUS A-320,0
landing,JFK,22L,1780112677.76,2026-05-30T03:44:37Z,40.635111,-73.762784,210.9,a19cc7,N2027J,A21N,AIRBUS A-321neo,0
landing,LGA,22,1780112803.08,2026-05-30T03:46:43Z,40.777281,-73.877454,210.9,a8ce4f,N667AW,A320,AIRBUS A-320,0
takeoff,JFK,22R,1780112814.57,2026-05-30T03:46:54Z,40.646598,-73.766389,210.9,add376,N990JL,A321,AIRBUS A-321,0
takeoff,LGA,31,1780112841.14,2026-05-30T03:47:21Z,40.772766,-73.858556,300.9,a075df,N129HQ,E75L,EMBRAER ERJ-170-200 (long wing),0
landing,JFK,22L,1780113065.84,2026-05-30T03:51:05Z,40.63624,-73.761926,210.9,e8045c,CC-BHA,A20N,AIRBUS A-320neo,0
takeoff,JFK,22R,1780113170.0,2026-05-30T03:52:50Z,40.646439,-73.766525,210.9,4cabd2,EI-LRF,A21N,AIRBUS A-321neo,0
landing,JFK,22L,1780113242.88,2026-05-30T03:54:02Z,40.633999,-73.763702,213.8,ac858a,N906AV,A20N,AIRBUS A-320neo,0
landing,LGA,22,1780113392.22,2026-05-30T03:56:32Z,40.778069,-73.876755,213.8,a34825,N310PQ,CRJ9,BOMBARDIER Regional Jet CRJ-900,0
takeoff,JFK,22R,1780113402.29,2026-05-30T03:56:42Z,40.647572,-73.76561,210.9,407dc5,G-VTOM,A339,AIRBUS A-330-900,0
landing,JFK,22L,1780113529.52,2026-05-30T03:58:49Z,40.636554,-73.761645,210.9,a7bbe9,N598JB,A320,AIRBUS A-320,0
landing,LGA,22,1780113549.07,2026-05-30T03:59:09Z,40.778317,-73.876549,213.8,abd4e7,N8610A,B738,BOEING 737-800,0
takeoff,JFK,22R,1780113597.62,2026-05-30T03:59:57Z,40.647343,-73.765808,210.9,3949eb,F-GSPL,B772,BOEING 777-200,0
takeoff,JFK,22R,1780113688.22,2026-05-30T04:01:28Z,40.646737,-73.76628,210.9,3475d4,EC-ODB,A332,AIRBUS A-330-200,0
landing,JFK,22L,1780113726.7,2026-05-30T04:02:06Z,40.635088,-73.762831,210.9,aaa02c,N784JB,A320,AIRBUS A-320,0
takeoff,JFK,22R,1780113985.58,2026-05-30T04:06:25Z,40.64653,-73.766449,210.9,a16ff1,N192DN,B763,BOEING 767-300,0
takeoff,JFK,22R,1780114251.77,2026-05-30T04:10:51Z,40.646496,-73.766479,210.9,a13af4,N179DN,B763,BOEING 767-300,0
takeoff,JFK,22R,1780114350.19,2026-05-30T04:12:30Z,40.64851,-73.764908,210.9,e8040b,CC-CXI,B763,BOEING 767-300,0
landing,JFK,22L,1780115071.09,2026-05-30T04:24:31Z,40.636985,-73.761318,210.9,a7b0c4,N595JB,A320,AIRBUS A-320,0
landing,JFK,22L,1780115231.43,2026-05-30T04:27:11Z,40.634857,-73.76297,210.9,ad1cde,N944JT,A321,AIRBUS A-321,0
takeoff,JFK,22R,1780115796.14,2026-05-30T04:36:36Z,40.646278,-73.766663,212.4,40742e,G-CKOF,B789,BOEING 787-9 Dreamliner,0
landing,JFK,22L,1780115951.35,2026-05-30T04:39:11Z,40.632865,-73.764579,210.9,0c20b6,HP-1846CMP,B738,BOEING 737-800,0
landing,JFK,22L,1780116114.06,2026-05-30T04:41:54Z,40.63512,-73.762787,210.9,a48a8f,N392DN,A321,AIRBUS A-321,0
landing,JFK,22L,1780116223.32,2026-05-30T04:43:43Z,40.634052,-73.763627,210.9,ad56e0,N959JB,A321,AIRBUS A-321,0
takeoff,JFK,22R,1780116456.59,2026-05-30T04:47:36Z,40.64732,-73.765823,210.9,a8947e,N652DL,B752,BOEING 757-200,0
landing,JFK,22L,1780116475.01,2026-05-30T04:47:55Z,40.635235,-73.762726,210.9,aa7bae,N775AV,A20N,AIRBUS A-320neo,0
takeoff,JFK,22R,1780116716.93,2026-05-30T04:51:56Z,40.645713,-73.767092,210.9,780a29,B-LJG,B748,BOEING 747-8,0
landing,JFK,22L,1780116781.96,2026-05-30T04:53:01Z,40.637135,-73.761276,210.9,a65104,N506JB,A320,AIRBUS A-320,0
landing,JFK,22L,1780116915.31,2026-05-30T04:55:15Z,40.632854,-73.764572,210.9,846333,JA12KZ,B748,BOEING 747-8,0
landing,JFK,22L,1780117244.65,2026-05-30T05:00:44Z,40.633724,-73.763885,210.9,a37389,N321RL,B38M,BOEING 737 MAX 8,0
takeoff,JFK,22R,1780117481.07,2026-05-30T05:04:41Z,40.648739,-73.764735,210.9,3c70c1,D-ALFA,B77L,BOEING 777-200LR,0
takeoff,JFK,04L,1780117659.06,2026-05-30T05:07:39Z,40.649586,-73.766357,30.9,7817b4,B-20DM,B77W,BOEING 777-300ER,0
takeoff,JFK,22R,1780118121.13,2026-05-30T05:15:21Z,40.648865,-73.764618,210.9,71ba04,HL7204,B77W,BOEING 777-300ER,0
landing,JFK,22L,1780118129.24,2026-05-30T05:15:29Z,40.635796,-73.762268,210.9,aa8a8a,N779AV,A20N,AIRBUS A-320neo,0
takeoff,JFK,22R,1780118351.85,2026-05-30T05:19:11Z,40.647412,-73.765765,210.9,39cf0f,F-HTYP,A359,AIRBUS A-350-900,0
landing,JFK,22L,1780118570.36,2026-05-30T05:22:50Z,40.634594,-73.763214,210.9,ad7284,N966V,A20N,AIRBUS A-320neo,0
landing,JFK,22L,1780118758.23,2026-05-30T05:25:58Z,40.637524,-73.76091,210.9,a22a07,N239AZ,B763,BOEING 767-300,0
landing,JFK,22L,1780118946.48,2026-05-30T05:29:06Z,40.637444,-73.760971,210.9,ad734a,N966JT,A321,AIRBUS A-321,0
landing,JFK,22L,1780119439.86,2026-05-30T05:37:19Z,40.633976,-73.763687,210.9,aaae52,N788AV,A20N,AIRBUS A-320neo,0
takeoff,JFK,22R,1780120053.86,2026-05-30T05:47:33Z,40.646576,-73.766418,212.4,4bb18e,TC-LLN,B789,BOEING 787-9 Dreamliner,0
takeoff,JFK,22R,1780120183.13,2026-05-30T05:49:43Z,40.646039,-73.766826,210.9,841fdc,JA08WJ,A35K,AIRBUS A-350-1000,0
landing,JFK,22R,1780120330.64,2026-05-30T05:52:10Z,40.634502,-73.775833,210.9,a99b83,N718TW,B752,BOEING 757-200,0
takeoff,JFK,22R,1780120443.15,2026-05-30T05:54:03Z,40.647915,-73.76535,210.9,89902f,B-16726,B77W,BOEING 777-300ER,0
takeoff,JFK,22R,1780120576.41,2026-05-30T05:56:16Z,40.647424,-73.765749,210.9,06a12d,A7-ANQ,A35K,AIRBUS A-350-1000,0
takeoff,JFK,22R,1780120780.35,2026-05-30T05:59:40Z,40.646574,-73.766421,210.9,ac858a,N906AV,A20N,AIRBUS A-320neo,0
takeoff,JFK,22R,1780121033.03,2026-05-30T06:03:53Z,40.647273,-73.765874,210.9,789231,B-LXK,A35K,AIRBUS A-350-1000,0
takeoff,JFK,22R,1780121101.23,2026-05-30T06:05:01Z,40.648144,-73.765198,210.9,869232,JA788A,B77W,BOEING 777-300ER,0
landing,JFK,22L,1780121183.23,2026-05-30T06:06:23Z,40.636275,-73.761879,210.9,a6b470,N531DA,A21N,AIRBUS A-321neo,0
takeoff,JFK,22R,1780121183.64,2026-05-30T06:06:23Z,40.64782,-73.765453,210.9,71be34,HL7634,A388,AIRBUS A-380-800,0
takeoff,JFK,22R,1780121472.05,2026-05-30T06:11:12Z,40.646598,-73.766405,210.9,e8045c,CC-BHA,A20N,AIRBUS A-320neo,0
takeoff,JFK,22R,1780121547.26,2026-05-30T06:12:27Z,40.647377,-73.765793,210.9,aa490a,N762AV,A20N,AIRBUS A-320neo,0
takeoff,JFK,22R,1780122009.5,2026-05-30T06:20:09Z,40.646202,-73.766733,210.9,408121,G-VPIE,A339,AIRBUS A-330-900,0
landing,JFK,22R,1780122166.76,2026-05-30T06:22:46Z,40.633472,-73.776657,210.9,a40654,N359AZ,B763,BOEING 767-300,0
takeoff,JFK,31L,1780123703.28,2026-05-30T06:48:23Z,40.629769,-73.775643,300.9,0c20b6,HP-1846CMP,B738,BOEING 737-800,0
takeoff,JFK,31L,1780124895.56,2026-05-30T07:08:15Z,40.630048,-73.776268,300.9,a22a07,N239AZ,B763,BOEING 767-300,0
takeoff,JFK,31L,1780125261.46,2026-05-30T07:14:21Z,40.629303,-73.774598,300.9,aa8a8a,N779AV,A20N,AIRBUS A-320neo,0
landing,JFK,31R,1780125290.97,2026-05-30T07:14:50Z,40.651695,-73.776829,300.9,aa7f65,N776AV,A20N,AIRBUS A-320neo,0
takeoff,JFK,31L,1780126296.22,2026-05-30T07:31:36Z,40.629856,-73.775833,300.9,ad7284,N966V,A20N,AIRBUS A-320neo,0
takeoff,JFK,31L,1780126960.44,2026-05-30T07:42:40Z,40.630165,-73.776533,300.9,aaae52,N788AV,A20N,AIRBUS A-320neo,0
landing,JFK,31R,1780127088.22,2026-05-30T07:44:48Z,40.65244,-73.778421,300.9,0c208c,HP-1829CMP,B738,BOEING 737-800,0
landing,JFK,31L,1780128028.93,2026-05-30T08:00:28Z,40.637592,-73.792923,300.9,a768c2,N577DN,A21N,AIRBUS A-321neo,0
takeoff,JFK,31L,1780128413.34,2026-05-30T08:06:53Z,40.630642,-73.777625,300.9,846333,JA12KZ,B748,BOEING 747-8,0
landing,JFK,31R,1780129187.9,2026-05-30T08:19:47Z,40.651218,-73.775768,300.9,adafb5,N981JT,A321,AIRBUS A-321,0
landing,JFK,31R,1780129635.28,2026-05-30T08:27:15Z,40.650345,-73.773849,300.9,a95ca4,N702GT,B77L,BOEING 777-200LR,0
landing,JFK,31R,1780129870.12,2026-05-30T08:31:10Z,40.650985,-73.775238,300.9,a72f22,N562JB,A320,AIRBUS A-320,0
landing,JFK,31L,1780130033.42,2026-05-30T08:33:53Z,40.63718,-73.792023,300.9,a7e906,N609DN,A21N,AIRBUS A-321neo,0
landing,JFK,31R,1780130616.21,2026-05-30T08:43:36Z,40.650485,-73.774177,300.9,0c605f,9Y-ANT,B38M,BOEING 737 MAX 8,0
landing,JFK,31R,1780131133.93,2026-05-30T08:52:13Z,40.650904,-73.77505,303.8,a8453e,N632AV,A320,AIRBUS A-320,0
landing,JFK,31R,1780131687.16,2026-05-30T09:01:27Z,40.650536,-73.774246,300.9,a9fdc3,N743AV,A320,AIRBUS A-320,0
takeoff,JFK,31R,1780131687.16,2026-05-30T09:01:27Z,40.650536,-73.774246,300.9,a9fdc3,N743AV,A320,AIRBUS A-320,0
landing,JFK,31R,1780131689.34,2026-05-30T09:01:29Z,40.650948,-73.775162,300.9,a9fdc3,N743AV,A320,AIRBUS A-320,0
landing,JFK,31L,1780131915.47,2026-05-30T09:05:15Z,40.638067,-73.793964,300.9,a9acb8,N722TW,B752,BOEING 757-200,0
landing,JFK,31R,1780131962.42,2026-05-30T09:06:02Z,40.650869,-73.774957,300.9,adb723,N983JT,A321,AIRBUS A-321,0
takeoff,JFK,31L,1780132138.87,2026-05-30T09:08:58Z,40.629776,-73.775665,300.9,aa7f65,N776AV,A20N,AIRBUS A-320neo,0
landing,JFK,31R,1780132270.44,2026-05-30T09:11:10Z,40.650368,-73.773864,300.9,a599a8,N460AN,A21N,AIRBUS A-321neo,0
takeoff,JFK,31L,1780132607.51,2026-05-30T09:16:47Z,40.630005,-73.776199,300.9,0c6061,9Y-TTO,B38M,BOEING 737 MAX 8,0
takeoff,JFK,31L,1780133296.59,2026-05-30T09:28:16Z,40.630085,-73.776398,300.9,a98445,N712JB,A320,AIRBUS A-320,0
landing,JFK,31R,1780133420.1,2026-05-30T09:30:20Z,40.650352,-73.77388,300.9,a38b84,N3276J,BCS3,AIRBUS A220-300,0
landing,JFK,31L,1780133474.88,2026-05-30T09:31:14Z,40.639847,-73.797852,300.9,a4fc00,N420DX,A339,AIRBUS A-330-900,0
landing,JFK,31R,1780133616.34,2026-05-30T09:33:36Z,40.650846,-73.774941,300.9,a362a9,N317UW,B38M,BOEING 737 MAX 8,0
landing,JFK,31L,1780133752.69,2026-05-30T09:35:52Z,40.639859,-73.797928,300.9,a46e35,N385DN,B738,BOEING 737-800,0
takeoff,JFK,31L,1780133804.59,2026-05-30T09:36:44Z,40.630339,-73.776907,300.9,aafca8,N807JB,A320,AIRBUS A-320,0
landing,JFK,31R,1780133882.79,2026-05-30T09:38:02Z,40.650787,-73.774816,300.9,780abb,B-LRP,A359,AIRBUS A-350-900,0
landing,JFK,31R,1780134077.48,2026-05-30T09:41:17Z,40.651737,-73.776917,300.9,0ac9e1,HK-5361,A20N,AIRBUS A-320neo,0
landing,JFK,31R,1780134188.74,2026-05-30T09:43:08Z,40.651078,-73.775456,300.9,a37517,N3215J,BCS3,,0
landing,JFK,31L,1780134246.35,2026-05-30T09:44:06Z,40.638567,-73.795057,300.9,a17b16,N195DN,B763,BOEING 767-300,0
landing,JFK,31R,1780134359.68,2026-05-30T09:45:59Z,40.65295,-73.779663,292.5,a04641,N117AN,A321,AIRBUS A-321,0
landing,JFK,31L,1780134676.39,2026-05-30T09:51:16Z,40.637881,-73.793559,303.8,a78c8f,N586DT,A21N,,0
takeoff,JFK,31L,1780134676.39,2026-05-30T09:51:16Z,40.637881,-73.793559,303.8,a78c8f,N586DT,A21N,,0
landing,JFK,31L,1780134679.62,2026-05-30T09:51:19Z,40.638451,-73.794823,300.9,a78c8f,N586DT,A21N,,0
landing,JFK,31R,1780134800.59,2026-05-30T09:53:20Z,40.651206,-73.775784,300.9,a3572c,N314RH,B38M,BOEING 737 MAX 8,0
landing,JFK,31L,1780134920.34,2026-05-30T09:55:20Z,40.639263,-73.7966,300.9,a7cf10,N602DZ,A21N,AIRBUS A-321neo,0
landing,JFK,31R,1780134978.05,2026-05-30T09:56:18Z,40.651206,-73.775675,300.9,a9e167,N736AT,B77W,BOEING 777-300ER,0
landing,JFK,31R,1780135195.6,2026-05-30T09:59:55Z,40.651554,-73.77652,300.9,8990ee,B-18776,B77L,BOEING 777-200LR,0
takeoff,JFK,31L,1780135270.46,2026-05-30T10:01:10Z,40.63013,-73.776471,300.9,a78945,N585JB,A320,AIRBUS A-320,0
landing,JFK,31R,1780135431.4,2026-05-30T10:03:51Z,40.651579,-73.776533,300.9,a03765,N113AN,A321,AIRBUS A-321,0
takeoff,JFK,31L,1780135520.32,2026-05-30T10:05:20Z,40.630177,-73.77655,300.9,ac89f7,N907JB,A321,AIRBUS A-321,0
takeoff,LGA,31,1780135538.99,2026-05-30T10:05:38Z,40.772518,-73.858063,303.8,a057cc,N121DZ,A321,AIRBUS A-321,0
takeoff,LGA,31,1780135624.43,2026-05-30T10:07:04Z,40.772777,-73.858587,303.8,aa7e7a,N77536,B738,BOEING 737-800,0
takeoff,JFK,31L,1780135636.97,2026-05-30T10:07:16Z,40.628594,-73.773069,303.8,a19a48,N202JQ,E75L,EMBRAER ERJ-170-200 (long wing),0
takeoff,LGA,31,1780135706.26,2026-05-30T10:08:26Z,40.774128,-73.86138,303.8,a46310,N382DN,A321,AIRBUS A-321,0
takeoff,JFK,31L,1780135752.32,2026-05-30T10:09:12Z,40.629757,-73.775628,300.9,ad6f93,N965JT,A321,AIRBUS A-321,0
takeoff,LGA,31,1780135795.04,2026-05-30T10:09:55Z,40.773301,-73.859679,303.8,a66346,N510UW,A321,AIRBUS A-321,0
landing,JFK,31R,1780135849.19,2026-05-30T10:10:49Z,40.650169,-73.773468,298.1,ab6519,N833SK,CRJ9,BOMBARDIER Regional Jet CRJ-900,0
takeoff,LGA,31,1780135895.12,2026-05-30T10:11:35Z,40.773324,-73.859726,303.8,acdd1b,N928NN,B738,BOEING 737-800,0
takeoff,JFK,31L,1780135926.98,2026-05-30T10:12:06Z,40.629955,-73.776096,300.9,a7650b,N576DN,A21N,AIRBUS A-321neo,0
takeoff,JFK,31L,1780135975.1,2026-05-30T10:12:55Z,40.62933,-73.774658,300.9,a35ae4,N315RJ,B38M,BOEING 737 MAX 8,0
takeoff,LGA,31,1780135983.0,2026-05-30T10:13:03Z,40.772827,-73.858688,303.8,abd4e7,N8610A,B738,BOEING 737-800,0
landing,JFK,31R,1780136039.57,2026-05-30T10:13:59Z,40.651634,-73.776718,303.8,a33843,N3062J,BCS3,AIRBUS A220-300,0
takeoff,JFK,31L,1780136047.08,2026-05-30T10:14:07Z,40.62989,-73.775909,300.9,a033ae,N112AN,A321,AIRBUS A-321,0
takeoff,LGA,31,1780136060.43,2026-05-30T10:14:20Z,40.772498,-73.857978,300.9,aaa19e,N784YX,E75L,,0
takeoff,JFK,31L,1780136129.16,2026-05-30T10:15:29Z,40.630177,-73.776566,300.9,ad2f71,N949JT,A321,AIRBUS A-321,0
landing,JFK,31R,1780136190.41,2026-05-30T10:16:30Z,40.651777,-73.777032,300.9,a37b0c,N323SG,B38M,BOEING 737 MAX 8,0
takeoff,LGA,31,1780136251.44,2026-05-30T10:17:31Z,40.772701,-73.858429,303.8,a12755,N17346,B38M,BOEING 737 MAX 8,0
landing,JFK,31R,1780136334.61,2026-05-30T10:18:54Z,40.65116,-73.775659,298.1,a5e9f4,N480PX,CRJ9,BOMBARDIER Regional Jet CRJ-900,0
takeoff,LGA,31,1780136351.99,2026-05-30T10:19:11Z,40.772777,-73.858603,303.8,ac2f83,N8843S,B38M,BOEING 737 MAX 8,0
takeoff,JFK,31L,1780136387.9,2026-05-30T10:19:47Z,40.630176,-73.776549,300.9,ad444d,N954JB,A321,AIRBUS A-321,0
landing,JFK,31R,1780136448.84,2026-05-30T10:20:48Z,40.65308,-73.780559,278.4,a54312,N438YX,E75L,EMBRAER ERJ-170-200 (long wing),0
takeoff,JFK,31L,1780136466.66,2026-05-30T10:21:06Z,40.629982,-73.776123,300.9,a40654,N359AZ,B763,BOEING 767-300,0
landing,JFK,31L,1780136467.36,2026-05-30T10:21:07Z,40.630095,-73.776377,300.9,a40654,N359AZ,B763,BOEING 767-300,0
takeoff,JFK,31L,1780136467.36,2026-05-30T10:21:07Z,40.630095,-73.776377,300.9,a40654,N359AZ,B763,BOEING 767-300,0
landing,JFK,31R,1780136535.03,2026-05-30T10:22:15Z,40.651005,-73.775299,300.9,a35949,N3149J,BCS3,AIRBUS A220-300,0
landing,JFK,31R,1780136737.74,2026-05-30T10:25:37Z,40.651451,-73.776291,300.9,adcd6d,N989JT,A321,AIRBUS A-321,0
landing,JFK,31R,1780136858.62,2026-05-30T10:27:38Z,40.651394,-73.776093,300.9,a023a5,N108NN,A321,AIRBUS A-321,0
takeoff,LGA,31,1780136945.72,2026-05-30T10:29:05Z,40.772495,-73.857986,300.9,c04af4,C-GCJZ,CRJ9,BOMBARDIER Regional Jet CRJ-900,0
landing,JFK,31R,1780136996.42,2026-05-30T10:29:56Z,40.650322,-73.773786,300.9,ad7d9f,N969AK,B39M,BOEING 737 MAX 9,0
takeoff,LGA,31,1780137045.71,2026-05-30T10:30:45Z,40.772964,-73.858978,300.9,abbedb,N856NN,B738,BOEING 737-800,0
landing,JFK,31L,1780137117.43,2026-05-30T10:31:57Z,40.638114,-73.794058,300.9,a6bbef,N533DT,A21N,AIRBUS A-321neo,0
takeoff,LGA,31,1780137121.46,2026-05-30T10:32:01Z,40.772816,-73.858658,303.8,ac6227,N8973S,B38M,BOEING 737 MAX 8,0
takeoff,JFK,31L,1780137185.26,2026-05-30T10:33:05Z,40.630107,-73.776408,300.9,a7bbe9,N598JB,A320,AIRBUS A-320,0
landing,JFK,31R,1780137266.52,2026-05-30T10:34:26Z,40.649321,-73.771586,300.9,a35e6f,N316PQ,CRJ9,BOMBARDIER Regional Jet CRJ-900,0
takeoff,JFK,31L,1780137344.9,2026-05-30T10:35:44Z,40.628757,-73.773443,300.9,a0144e,N104HQ,E75L,EMBRAER ERJ-170-200 (long wing),0
takeoff,JFK,31L,1780137498.25,2026-05-30T10:38:18Z,40.629765,-73.775665,300.9,a84d62,N634JB,A320,AIRBUS A-320,0
takeoff,LGA,31,1780137514.62,2026-05-30T10:38:34Z,40.773906,-73.860928,300.9,a777bf,N580UW,A321,AIRBUS A-321,0
landing,JFK,13L,1780137531.2,2026-05-30T10:38:51Z,40.648979,-73.775787,135.0,ad8bed,N972JT,A321,AIRBUS A-321,0
takeoff,JFK,31L,1780137548.11,2026-05-30T10:39:08Z,40.630028,-73.776245,300.9,a353c8,N313UR,B38M,BOEING 737 MAX 8,0
landing,JFK,31R,1780137555.33,2026-05-30T10:39:15Z,40.649263,-73.771446,300.9,a35592,N3139J,BCS3,AIRBUS A220-300,0
takeoff,JFK,31L,1780137589.88,2026-05-30T10:39:49Z,40.629833,-73.775833,300.9,aaa02c,N784JB,A320,AIRBUS A-320,0
takeoff,JFK,31L,1780137636.41,2026-05-30T10:40:36Z,40.629993,-73.776169,300.9,ad56e0,N959JB,A321,AIRBUS A-321,0
landing,JFK,31R,1780137659.4,2026-05-30T10:40:59Z,40.650925,-73.775116,300.9,a1d368,N2169J,A21N,AIRBUS A-321neo,0
landing,JFK,31L,1780137740.04,2026-05-30T10:42:20Z,40.639023,-73.796066,300.9,a16273,N189DN,B763,BOEING 767-300,0
landing,JFK,31R,1780137792.1,2026-05-30T10:43:12Z,40.651199,-73.775742,300.9,a6f2b7,N547JB,A320,AIRBUS A-320,0
takeoff,LGA,31,1780137838.43,2026-05-30T10:43:58Z,40.772731,-73.858493,303.8,c00b7e,C-FEJD,E75S,EMBRAER ERJ-170-200 (short wing),0
landing,JFK,31L,1780137899.55,2026-05-30T10:44:59Z,40.638963,-73.795899,300.9,a1863b,N198DN,B763,BOEING 767-300,0
takeoff,LGA,31,1780137912.56,2026-05-30T10:45:12Z,40.772827,-73.858688,303.8,a387f0,N3267J,BCS3,,0
landing,JFK,31R,1780137918.72,2026-05-30T10:45:18Z,40.652684,-73.779014,300.9,a39f0d,N332UP,B763,BOEING 767-300,0
landing,LGA,31,1780138054.37,2026-05-30T10:47:34Z,40.776222,-73.865797,300.9,a145b7,N181PQ,CRJ9,BOMBARDIER Regional Jet CRJ-900,0
landing,JFK,31R,1780138095.84,2026-05-30T10:48:15Z,40.652917,-73.779857,289.7,a03bcd,N114HQ,E75L,EMBRAER ERJ-170-200 (long wing),0
landing,JFK,31L,1780138101.01,2026-05-30T10:48:21Z,40.636822,-73.791233,300.9,a7851c,N584DN,A21N,,0
landing,JFK,31R,1780138153.71,2026-05-30T10:49:13Z,40.651463,-73.776337,299.6,ab4ae9,N827AN,B789,BOEING 787-9 Dreamliner,0
takeoff,JFK,31L,1780138336.28,2026-05-30T10:52:16Z,40.629959,-73.776093,300.9,aaf183,N804JB,A320,AIRBUS A-320,0
landing,JFK,31R,1780138427.49,2026-05-30T10:53:47Z,40.654404,-73.782715,303.8,a173d2,N193FE,B763,BOEING 767-300,0
landing,JFK,13L,1780138447.53,2026-05-30T10:54:07Z,40.648247,-73.774048,120.9,a383f3,N3255J,BCS3,,0
takeoff,JFK,31L,1780138541.14,2026-05-30T10:55:41Z,40.634949,-73.787064,300.9,a8453e,N632AV,A320,AIRBUS A-320,0
landing,LGA,31,1780138543.6,2026-05-30T10:55:43Z,40.777119,-73.867676,303.8,accb65,N923XJ,CRJ9,BOMBARDIER Regional Jet CRJ-900,0
landing,JFK,31R,1780138555.68,2026-05-30T10:55:55Z,40.651211,-73.775803,300.9,a35854,N3142J,BCS3,AIRBUS A220-300,0
landing,JFK,31R,1780138630.6,2026-05-30T10:57:10Z,40.651148,-73.775628,300.9,4cc4f1,TF-ISP,B763,BOEING 767-300,0
landing,JFK,31L,1780138735.36,2026-05-30T10:58:55Z,40.637947,-73.793732,300.9,a0f46f,N1603,B763,BOEING 767-300,0
takeoff,JFK,31L,1780138794.9,2026-05-30T10:59:54Z,40.630083,-73.776361,300.9,a87898,N645JB,A320,AIRBUS A-320,0
takeoff,LGA,31,1780138805.03,2026-05-30T11:00:05Z,40.772603,-73.858213,303.8,a1d811,N218JQ,E75L,EMBRAER ERJ-170-200 (long wing),0
landing,JFK,31R,1780138822.79,2026-05-30T11:00:22Z,40.652091,-73.77775,300.9,a22358,N237JQ,E75L,EMBRAER ERJ-170-200 (long wing),0
takeoff,JFK,31L,1780138857.74,2026-05-30T11:00:57Z,40.629862,-73.775862,300.9,a333ae,N305UG,B38M,BOEING 737 MAX 8,0
landing,JFK,31R,1780138900.14,2026-05-30T11:01:40Z,40.651265,-73.775924,300.9,a7858e,N584JB,A320,AIRBUS A-320,0
takeoff,JFK,31L,1780138930.86,2026-05-30T11:02:10Z,40.629874,-73.775909,300.9,a1bc29,N2102J,A21N,AIRBUS A-321neo,0
landing,LGA,31,1780138968.48,2026-05-30T11:02:48Z,40.777382,-73.86824,298.1,a18380,N197PQ,CRJ9,BOMBARDIER Regional Jet CRJ-900,0
landing,JFK,31R,1780138990.22,2026-05-30T11:03:10Z,40.650822,-73.774933,303.8,ad935b,N974JT,A321,AIRBUS A-321,0
takeoff,JFK,31L,1780138996.46,2026-05-30T11:03:16Z,40.630039,-73.77626,300.9,a3401a,N3085J,BCS3,AIRBUS A220-300,0
takeoff,LGA,31,1780139010.65,2026-05-30T11:03:30Z,40.772644,-73.858307,303.8,a06aba,N126HQ,E75L,EMBRAER ERJ-170-200 (long wing),0
landing,JFK,31L,1780139120.54,2026-05-30T11:05:20Z,40.63876,-73.795532,300.9,a6833b,N519DT,A21N,AIRBUS A-321neo,0
landing,LGA,31,1780139182.87,2026-05-30T11:06:22Z,40.779476,-73.87265,300.9,ab282b,N818MD,E170,EMBRAER ERJ-170-100,0
takeoff,JFK,31L,1780139255.88,2026-05-30T11:07:35Z,40.630074,-73.776352,300.9,a441fb,N3735D,B738,BOEING 737-800,0
landing,LGA,31,1780139270.06,2026-05-30T11:07:50Z,40.77663,-73.866655,300.9,ac98c1,N910XJ,CRJ9,BOMBARDIER Regional Jet CRJ-900,0
takeoff,JFK,31L,1780139303.65,2026-05-30T11:08:23Z,40.629606,-73.775285,300.9,a7b40e,N596DT,,,0
takeoff,LGA,31,1780139327.57,2026-05-30T11:08:47Z,40.773906,-73.860928,303.8,a163f2,N189UW,A321,AIRBUS A-321,0
landing,JFK,31R,1780139346.99,2026-05-30T11:09:06Z,40.651337,-73.776031,303.8,adb29c,N982AK,B39M,BOEING 737 MAX 9,0
takeoff,JFK,31L,1780139360.89,2026-05-30T11:09:20Z,40.630291,-73.77681,303.8,ac5bf6,N896DN,B739,BOEING 737-900,0
takeoff,JFK,31L,1780139407.81,2026-05-30T11:10:07Z,40.629719,-73.775574,300.9,ac21e4,N881DN,B739,BOEING 737-900,0
landing,LGA,31,1780139445.04,2026-05-30T11:10:45Z,40.778946,-73.871509,300.9,a20957,N230JQ,E75L,EMBRAER ERJ-170-200 (long wing),0
takeoff,LGA,31,1780139445.43,2026-05-30T11:10:45Z,40.778981,-73.871571,300.9,a20957,N230JQ,E75L,EMBRAER ERJ-170-200 (long wing),0
landing,LGA,31,1780139446.16,2026-05-30T11:10:46Z,40.77905,-73.871711,303.8,a20957,N230JQ,E75L,EMBRAER ERJ-170-200 (long wing),0
takeoff,LGA,31,1780139448.22,2026-05-30T11:10:48Z,40.779179,-73.871994,303.8,a20957,N230JQ,E75L,EMBRAER ERJ-170-200 (long wing),0
landing,LGA,31,1780139449.75,2026-05-30T11:10:49Z,40.779305,-73.872253,303.8,a20957,N230JQ,E75L,EMBRAER ERJ-170-200 (long wing),0
landing,JFK,31R,1780139475.47,2026-05-30T11:11:15Z,40.651695,-73.776814,300.9,a6cb48,N537JT,A320,AIRBUS A-320,0
landing,JFK,31L,1780139577.51,2026-05-30T11:12:57Z,40.639378,-73.79686,300.9,a022c6,N108DQ,BCS1,AIRBUS A220-100,0
landing,LGA,31,1780139585.18,2026-05-30T11:13:05Z,40.776226,-73.865814,303.8,c03068,C-FSIP,B38M,BOEING 737 MAX 8,0
takeoff,JFK,31L,1780139629.62,2026-05-30T11:13:49Z,40.630348,-73.776947,300.9,ad1cde,N944JT,A321,AIRBUS A-321,0
takeoff,LGA,31,1780139646.06,2026-05-30T11:14:06Z,40.772696,-73.858431,303.8,a38af8,N3272J,BCS3,AIRBUS A220-300,0
landing,JFK,31R,1780139658.65,2026-05-30T11:14:18Z,40.650357,-73.773864,300.9,a48e9e,N393HA,A332,AIRBUS A-330-200,0
takeoff,JFK,31L,1780139682.5,2026-05-30T11:14:42Z,40.629742,-73.775589,300.9,a37389,N321RL,B38M,BOEING 737 MAX 8,0
takeoff,LGA,31,1780139700.6,2026-05-30T11:15:00Z,40.772827,-73.858673,303.8,a34825,N310PQ,CRJ9,BOMBARDIER Regional Jet CRJ-900,0
takeoff,JFK,31L,1780139739.7,2026-05-30T11:15:39Z,40.630142,-73.776489,300.9,a8ded6,N6705Y,B752,BOEING 757-200,0
takeoff,LGA,31,1780139743.39,2026-05-30T11:15:43Z,40.772824,-73.858712,303.8,a42e13,N369DN,A321,AIRBUS A-321,0
takeoff,JFK,31L,1780139792.9,2026-05-30T11:16:32Z,40.629662,-73.775436,300.9,a0f4b5,N1605,B763,BOEING 767-300,0
landing,JFK,31L,1780139793.71,2026-05-30T11:16:33Z,40.629827,-73.775799,300.9,a0f4b5,N1605,B763,BOEING 767-300,0
takeoff,JFK,31L,1780139793.71,2026-05-30T11:16:33Z,40.629827,-73.775799,300.9,a0f4b5,N1605,B763,BOEING 767-300,0
takeoff,LGA,31,1780139810.57,2026-05-30T11:16:50Z,40.772472,-73.857956,303.8,a230d6,N240JQ,E75L,EMBRAER ERJ-170-200 (long wing),0
takeoff,JFK,31L,1780139890.54,2026-05-30T11:18:10Z,40.628872,-73.773697,300.9,ade252,N994JL,A321,AIRBUS A-321,0
landing,LGA,31,1780139920.29,2026-05-30T11:18:40Z,40.776146,-73.865585,300.9,a3a9b6,N335PQ,CRJ9,BOMBARDIER Regional Jet CRJ-900,0
landing,JFK,31R,1780139957.7,2026-05-30T11:19:17Z,40.65263,-73.778915,303.8,a4bdb9,N404YX,E75L,EMBRAER ERJ-170-200 (long wing),0
takeoff,JFK,31L,1780139967.64,2026-05-30T11:19:27Z,40.62999,-73.776158,300.9,a1bc92,N2105J,A21N,AIRBUS A-321neo,0
takeoff,LGA,31,1780139990.48,2026-05-30T11:19:50Z,40.772827,-73.858688,303.8,a45051,N3771K,B738,BOEING 737-800,0
takeoff,JFK,31L,1780140032.77,2026-05-30T11:20:32Z,40.628582,-73.773053,303.8,c03da9,C-FXJC,E75S,EMBRAER ERJ-170-200 (short wing),0
landing,JFK,31R,1780140050.54,2026-05-30T11:20:50Z,40.651649,-73.776736,300.9,a5c899,N472AS,B739,BOEING 737-900,0
takeoff,LGA,31,1780140067.36,2026-05-30T11:21:07Z,40.772713,-73.858444,303.8,ac481d,N8903H,B38M,BOEING 737 MAX 8,0
takeoff,JFK,31L,1780140113.62,2026-05-30T11:21:53Z,40.630257,-73.776749,303.8,0c605f,9Y-ANT,B38M,BOEING 737 MAX 8,0
landing,JFK,31L,1780140114.35,2026-05-30T11:21:54Z,40.630386,-73.777032,303.8,0c605f,9Y-ANT,B38M,BOEING 737 MAX 8,0
takeoff,JFK,31L,1780140114.35,2026-05-30T11:21:54Z,40.630386,-73.777032,303.8,0c605f,9Y-ANT,B38M,BOEING 737 MAX 8,0
takeoff,LGA,31,1780140149.63,2026-05-30T11:22:29Z,40.773022,-73.859086,303.8,acc5fb,N922DZ,B739,BOEING 737-900,0
takeoff,JFK,31L,1780140175.51,2026-05-30T11:22:55Z,40.630002,-73.776143,300.9,a9fdc3,N743AV,A320,AIRBUS A-320,0
landing,JFK,31R,1780140190.36,2026-05-30T11:23:10Z,40.650822,-73.774879,299.6,ab7fe6,N840AN,B789,BOEING 787-9 Dreamliner,0
takeoff,LGA,31,1780140195.92,2026-05-30T11:23:15Z,40.773331,-73.859741,303.8,c007d8,C-FCZF,A320,AIRBUS A-320,0
takeoff,LGA,31,1780140242.83,2026-05-30T11:24:02Z,40.77293,-73.858887,303.8,ac2fc3,N8845L,B38M,BOEING 737 MAX 8,0
takeoff,JFK,31L,1780140257.02,2026-05-30T11:24:17Z,40.629593,-73.775284,300.9,a04692,N117DU,BCS1,AIRBUS A220-100,0
takeoff,LGA,31,1780140283.06,2026-05-30T11:24:43Z,40.772678,-73.858353,303.8,aa56d8,N76526,B738,BOEING 737-800,0
landing,JFK,31R,1780140321.98,2026-05-30T11:25:21Z,40.650799,-73.774841,300.9,a732d9,N563JB,A320,AIRBUS A-320,0
takeoff,LGA,31,1780140330.11,2026-05-30T11:25:30Z,40.772793,-73.858627,303.8,ab1c47,N815DN,B739,BOEING 737-900,0
takeoff,JFK,31L,1780140333.27,2026-05-30T11:25:33Z,40.630002,-73.776174,300.9,a7cb53,N601DT,A21N,AIRBUS A-321neo,0
takeoff,LGA,31,1780140382.97,2026-05-30T11:26:22Z,40.772495,-73.857971,303.8,a4ba02,N403YX,E75L,EMBRAER ERJ-170-200 (long wing),0
takeoff,JFK,31L,1780140394.79,2026-05-30T11:26:34Z,40.6302,-73.776627,303.8,abfe1c,N872DN,B739,BOEING 737-900,0
takeoff,LGA,31,1780140445.34,2026-05-30T11:27:25Z,40.773926,-73.860992,303.8,a0669d,N125DN,A321,AIRBUS A-321,0
landing,JFK,31R,1780140459.01,2026-05-30T11:27:39Z,40.649379,-73.771726,300.9,a77d89,N582CA,CRJ9,BOMBARDIER Regional Jet CRJ-900,0
takeoff,JFK,31L,1780140467.47,2026-05-30T11:27:47Z,40.629932,-73.776034,303.8,ace81d,N93003,A319,AIRBUS A-319,0
takeoff,JFK,31L,1780140468.34,2026-05-30T11:27:48Z,40.630119,-73.776413,300.9,ace81d,N93003,A319,AIRBUS A-319,0
takeoff,LGA,31,1780140538.45,2026-05-30T11:28:58Z,40.772861,-73.858749,300.9,a4a0cd,N398DA,B738,BOEING 737-800,0
takeoff,JFK,31L,1780140550.48,2026-05-30T11:29:10Z,40.629616,-73.775345,300.9,a37f12,N324VL,B38M,BOEING 737 MAX 8,0
takeoff,JFK,31L,1780140620.27,2026-05-30T11:30:20Z,40.630107,-73.776408,300.9,a09961,N138EV,CRJ9,BOMBARDIER Regional Jet CRJ-900,0
takeoff,LGA,31,1780140643.23,2026-05-30T11:30:43Z,40.772392,-73.857727,303.8,a3d890,N347NW,A320,AIRBUS A-320,0
takeoff,JFK,31L,1780140688.86,2026-05-30T11:31:28Z,40.629776,-73.775665,300.9,a0428a,N116AN,A321,AIRBUS A-321,0
takeoff,LGA,31,1780140741.64,2026-05-30T11:32:21Z,40.772644,-73.858322,303.8,a35254,N313DU,BCS3,AIRBUS A220-300,0
landing,JFK,22R,1780140741.94,2026-05-30T11:32:21Z,40.645341,-73.770884,182.8,acb679,N918XJ,CRJ9,BOMBARDIER Regional Jet CRJ-900,0
takeoff,JFK,31L,1780140811.87,2026-05-30T11:33:31Z,40.630016,-73.776215,303.8,a362a9,N317UW,B38M,BOEING 737 MAX 8,0
landing,JFK,13L,1780140814.61,2026-05-30T11:33:34Z,40.648819,-73.775314,120.9,ad2095,N945JT,A321,AIRBUS A-321,0
takeoff,JFK,31L,1780140869.25,2026-05-30T11:34:29Z,40.630108,-73.776398,300.9,a01fee,N107NN,A321,AIRBUS A-321,0
takeoff,LGA,04,1780140872.74,2026-05-30T11:34:32Z,40.770043,-73.8834,30.9,a50549,N422YX,E75L,EMBRAER ERJ-170-200 (long wing),0
takeoff,JFK,31L,1780140943.62,2026-05-30T11:35:43Z,40.630118,-73.776439,300.9,a38b84,N3276J,BCS3,AIRBUS A220-300,0
landing,JFK,22R,1780141006.47,2026-05-30T11:36:46Z,40.634203,-73.778983,213.8,a338ac,N3065J,BCS3,AIRBUS A220-300,0
landing,JFK,31R,1780141012.05,2026-05-30T11:36:52Z,40.650217,-73.773568,303.8,a3711a,N3203J,BCS3,AIRBUS A220-300,0
landing,JFK,31R,1780141105.56,2026-05-30T11:38:25Z,40.651623,-73.776657,300.9,ab4f5d,N828JB,A320,AIRBUS A-320,0
takeoff,LGA,31,1780141161.87,2026-05-30T11:39:21Z,40.773033,-73.859116,303.8,a41743,N36280,B738,BOEING 737-800,0
takeoff,JFK,31L,1780141167.03,2026-05-30T11:39:27Z,40.630002,-73.77619,300.9,a5c4e2,N471AS,B739,BOEING 737-900,0
takeoff,JFK,31L,1780141217.82,2026-05-30T11:40:17Z,40.629944,-73.776065,303.8,ab6519,N833SK,CRJ9,BOMBARDIER Regional Jet CRJ-900,0
takeoff,JFK,31L,1780141238.25,2026-05-30T11:40:38Z,40.62821,-73.772304,284.1,a338ac,N3065J,BCS3,AIRBUS A220-300,0
takeoff,LGA,04,1780141269.92,2026-05-30T11:41:09Z,40.773022,-73.880951,30.9,a39723,N330PQ,CRJ9,BOMBARDIER Regional Jet CRJ-900,0
landing,JFK,31R,1780141342.19,2026-05-30T11:42:22Z,40.65176,-73.776978,300.9,aca02f,N912XJ,CRJ9,BOMBARDIER Regional Jet CRJ-900,0
takeoff,JFK,31L,1780141360.57,2026-05-30T11:42:40Z,40.630619,-73.777516,300.9,a10bbc,N167AN,A321,AIRBUS A-321,0
landing,JFK,31R,1780141403.74,2026-05-30T11:43:23Z,40.650593,-73.774384,300.9,a7133f,N555NW,B752,BOEING 757-200,0
takeoff,JFK,31L,1780141442.54,2026-05-30T11:44:02Z,40.630039,-73.77626,300.9,a382b3,N325UP,B763,BOEING 767-300,0
landing,JFK,31R,1780141512.98,2026-05-30T11:45:12Z,40.651119,-73.775543,300.9,a086ce,N133EV,CRJ9,BOMBARDIER Regional Jet CRJ-900,0
takeoff,JFK,31L,1780141561.94,2026-05-30T11:46:01Z,40.629967,-73.77608,300.9,a03765,N113AN,A321,AIRBUS A-321,0
takeoff,LGA,04,1780141563.25,2026-05-30T11:46:03Z,40.77294,-73.881012,30.9,abb245,N8528Q,B738,BOEING 737-800,0
landing,JFK,31R,1780141595.96,2026-05-30T11:46:35Z,40.651707,-73.776861,300.9,a6a3c2,N527JL,A320,AIRBUS A-320,0
takeoff,JFK,31L,1780141630.84,2026-05-30T11:47:10Z,40.629707,-73.775513,300.9,ad734a,N966JT,A321,AIRBUS A-321,0
landing,LGA,31,1780141681.89,2026-05-30T11:48:01Z,40.778286,-73.870117,303.8,abd41a,N861RW,E170,EMBRAER ERJ-170-100,0
takeoff,LGA,31,1780141681.89,2026-05-30T11:48:01Z,40.778286,-73.870117,303.8,abd41a,N861RW,E170,EMBRAER ERJ-170-100,0
landing,LGA,31,1780141685.78,2026-05-30T11:48:05Z,40.778597,-73.870791,303.8,abd41a,N861RW,E170,EMBRAER ERJ-170-100,0
takeoff,LGA,04,1780141713.38,2026-05-30T11:48:33Z,40.772615,-73.881309,30.9,a8299a,N625JB,A320,AIRBUS A-320,0
landing,JFK,31R,1780141721.41,2026-05-30T11:48:41Z,40.652641,-73.778915,303.8,a026e1,N109HQ,E75L,EMBRAER ERJ-170-200 (long wing),0
takeoff,JFK,31L,1780141748.15,2026-05-30T11:49:08Z,40.630153,-73.776502,300.9,a6c358,N535DN,A21N,AIRBUS A-321neo,0
takeoff,LGA,04,1780141766.9,2026-05-30T11:49:26Z,40.771706,-73.88205,30.9,a43f3c,N373DA,B738,BOEING 737-800,0
takeoff,LGA,04,1780141821.11,2026-05-30T11:50:21Z,40.772644,-73.881271,30.9,a38633,N326SJ,B38M,BOEING 737 MAX 8,0
takeoff,JFK,31L,1780141867.33,2026-05-30T11:51:07Z,40.628617,-73.773147,303.8,a54312,N438YX,E75L,EMBRAER ERJ-170-200 (long wing),0
takeoff,LGA,04,1780141885.25,2026-05-30T11:51:25Z,40.76984,-73.883575,30.9,a07fa6,N131HQ,E75L,EMBRAER ERJ-170-200 (long wing),0
landing,JFK,13L,1780141893.44,2026-05-30T11:51:33Z,40.64859,-73.774796,120.9,a19d0d,N2029J,A21N,AIRBUS A-321neo,0
landing,JFK,31R,1780141919.77,2026-05-30T11:51:59Z,40.650089,-73.77327,302.4,e8046c,CC-BGQ,B789,BOEING 787-9 Dreamliner,0
landing,LGA,31,1780142026.47,2026-05-30T11:53:46Z,40.77927,-73.872208,303.8,a095f0,N137HQ,E75L,EMBRAER ERJ-170-200 (long wing),0
takeoff,LGA,04,1780142042.45,2026-05-30T11:54:02Z,40.772777,-73.881168,30.9,ac287c,N8826Q,B38M,BOEING 737 MAX 8,0
landing,LGA,31,1780142144.06,2026-05-30T11:55:44Z,40.776546,-73.866486,303.8,a34e9d,N312DU,BCS3,AIRBUS A220-300,0
takeoff,JFK,31L,1780142215.34,2026-05-30T11:56:55Z,40.63401,-73.785004,300.9,0ac9e1,HK-5361,A20N,AIRBUS A-320neo,0
landing,LGA,31,1780142267.76,2026-05-30T11:57:47Z,40.776638,-73.866791,292.5,a23fb2,N244JQ,E75L,EMBRAER ERJ-170-200 (long wing),0
takeoff,LGA,04,1780142289.64,2026-05-30T11:58:09Z,40.770112,-73.883353,30.9,a51425,N426YX,E75L,EMBRAER ERJ-170-200 (long wing),0
takeoff,JFK,31L,1780142321.82,2026-05-30T11:58:41Z,40.629594,-73.775285,303.8,ac82f8,N905NN,B738,BOEING 737-800,0
takeoff,JFK,31L,1780142482.78,2026-05-30T12:01:22Z,40.630223,-73.776689,300.9,a37517,N3215J,BCS3,,0
landing,LGA,31,1780142517.15,2026-05-30T12:01:57Z,40.77933,-73.87232,300.9,a1e946,N222JQ,E75L,EMBRAER ERJ-170-200 (long wing),0
takeoff,JFK,31L,1780142545.9,2026-05-30T12:02:25Z,40.630246,-73.77672,303.8,a3572c,N314RH,B38M,BOEING 737 MAX 8,0
takeoff,JFK,31L,1780142601.31,2026-05-30T12:03:21Z,40.629959,-73.776108,303.8,a5e9f4,N480PX,CRJ9,BOMBARDIER Regional Jet CRJ-900,0
takeoff,JFK,31L,1780142667.83,2026-05-30T12:04:27Z,40.629688,-73.775456,300.9,400610,G-VIIJ,B772,BOEING 777-200,0
landing,JFK,31R,1780142687.69,2026-05-30T12:04:47Z,40.649437,-73.771867,303.8,a5e3e4,N479PX,CRJ9,BOMBARDIER Regional Jet CRJ-900,0
landing,LGA,31,1780142771.32,2026-05-30T12:06:11Z,40.776641,-73.866686,300.9,a37e80,N324PQ,CRJ9,BOMBARDIER Regional Jet CRJ-900,0
landing,JFK,31R,1780142780.55,2026-05-30T12:06:20Z,40.650021,-73.773102,303.8,a3871e,N3261J,BCS3,,0
takeoff,JFK,31L,1780142794.17,2026-05-30T12:06:34Z,40.630051,-73.776291,300.9,adb723,N983JT,A321,AIRBUS A-321,0
takeoff,JFK,31L,1780142872.3,2026-05-30T12:07:52Z,40.630223,-73.776673,303.8,a35e6f,N316PQ,CRJ9,BOMBARDIER Regional Jet CRJ-900,0
landing,JFK,31R,1780142886.45,2026-05-30T12:08:06Z,40.65033,-73.773819,303.8,a38836,N3269J,BCS3,AIRBUS A220-300,0
takeoff,JFK,31L,1780142941.97,2026-05-30T12:09:01Z,40.630246,-73.776736,300.9,a19cc7,N2027J,A21N,AIRBUS A-321neo,0
takeoff,LGA,04,1780142954.96,2026-05-30T12:09:14Z,40.769624,-73.883759,30.9,a85c01,N638FR,A21N,AIRBUS A-321neo,0
landing,JFK,31R,1780142995.17,2026-05-30T12:09:55Z,40.650089,-73.773287,300.9,a03038,N111DC,A321,AIRBUS A-321,0
takeoff,JFK,31L,1780143014.48,2026-05-30T12:10:14Z,40.630199,-73.776596,300.9,a32bf3,N303RE,B38M,BOEING 737 MAX 8,0
takeoff,JFK,31L,1780143085.8,2026-05-30T12:11:25Z,40.629845,-73.775848,300.9,a9acb8,N722TW,B752,BOEING 757-200,0
landing,JFK,31R,1780143099.64,2026-05-30T12:11:39Z,40.650787,-73.774811,300.9,adde95,N993JE,A321,AIRBUS A-321,0
takeoff,JFK,31L,1780143159.04,2026-05-30T12:12:39Z,40.629862,-73.775862,300.9,a6e361,N543DE,A21N,AIRBUS A-321neo,0
landing,JFK,31R,1780143194.75,2026-05-30T12:13:14Z,40.652309,-73.778442,284.1,ad2baa,N948JB,A321,AIRBUS A-321,0
takeoff,LGA,04,1780143222.89,2026-05-30T12:13:42Z,40.772463,-73.881418,30.9,a782e4,N583UW,A321,AIRBUS A-321,0
takeoff,JFK,31L,1780143229.49,2026-05-30T12:13:49Z,40.629676,-73.775456,300.9,a6f2b7,N547JB,A320,AIRBUS A-320,0
landing,JFK,31L,1780143230.8,2026-05-30T12:13:50Z,40.62992,-73.775987,300.9,a6f2b7,N547JB,A320,AIRBUS A-320,0
takeoff,JFK,31L,1780143232.02,2026-05-30T12:13:52Z,40.630108,-73.776428,303.8,a6f2b7,N547JB,A320,AIRBUS A-320,0
landing,JFK,31R,1780143256.09,2026-05-30T12:14:16Z,40.650272,-73.773666,300.9,a85ff5,N639JB,A320,AIRBUS A-320,0
landing,LGA,31,1780143295.18,2026-05-30T12:14:55Z,40.776979,-73.867404,303.8,a1584a,N186PQ,CRJ9,BOMBARDIER Regional Jet CRJ-900,0
takeoff,JFK,31L,1780143308.96,2026-05-30T12:15:08Z,40.629513,-73.775116,300.9,acca19,N923JB,A321,AIRBUS A-321,0
takeoff,LGA,04,1780143337.28,2026-05-30T12:15:37Z,40.772667,-73.881256,30.9,a8ce4f,N667AW,A320,AIRBUS A-320,0
landing,JFK,31R,1780143354.72,2026-05-30T12:15:54Z,40.650593,-73.774399,300.9,a13391,N177DZ,B763,BOEING 767-300,0
takeoff,JFK,31R,1780143354.72,2026-05-30T12:15:54Z,40.650593,-73.774399,300.9,a13391,N177DZ,B763,BOEING 767-300,0
landing,JFK,31R,1780143357.33,2026-05-30T12:15:57Z,40.651108,-73.775543,300.9,a13391,N177DZ,B763,BOEING 767-300,0
takeoff,JFK,31L,1780143388.3,2026-05-30T12:16:28Z,40.630085,-73.776306,300.9,ad0725,N939AN,B738,BOEING 737-800,0
landing,LGA,31,1780143408.23,2026-05-30T12:16:48Z,40.776604,-73.866608,303.8,ac34bf,N886GK,B38M,BOEING 737 MAX 8,0
takeoff,JFK,31L,1780143476.32,2026-05-30T12:17:56Z,40.630316,-73.776892,300.9,a33843,N3062J,BCS3,AIRBUS A220-300,0
takeoff,JFK,31L,1780143560.01,2026-05-30T12:19:20Z,40.630096,-73.776382,300.9,adafb5,N981JT,A321,AIRBUS A-321,0
takeoff,JFK,31L,1780143660.94,2026-05-30T12:21:00Z,40.629722,-73.775565,300.9,a8aef3,N659JB,A320,AIRBUS A-320,0
landing,JFK,31R,1780143670.52,2026-05-30T12:21:10Z,40.651108,-73.775543,300.9,acb2c2,N917XJ,CRJ9,BOMBARDIER Regional Jet CRJ-900,0
landing,JFK,22R,1780143677.33,2026-05-30T12:21:17Z,40.640797,-73.773956,239.1,acc040,N920XJ,CRJ9,BOMBARDIER Regional Jet CRJ-900,0
takeoff,JFK,31L,1780143734.07,2026-05-30T12:22:14Z,40.630177,-73.77655,300.9,a3d4c6,N346NB,A319,AIRBUS A-319,0
landing,JFK,31R,1780143752.5,2026-05-30T12:22:32Z,40.651509,-73.776424,300.9,ad846f,N970JB,A321,AIRBUS A-321,0
landing,LGA,31,1780143781.37,2026-05-30T12:23:01Z,40.776583,-73.866577,303.8,a495bf,N395DZ,A321,AIRBUS A-321,0
takeoff,JFK,31L,1780143795.19,2026-05-30T12:23:15Z,40.629676,-73.775456,300.9,a9327a,N692DL,B752,BOEING 757-200,0
takeoff,LGA,04,1780143815.58,2026-05-30T12:23:35Z,40.770171,-73.883306,30.9,abdb88,N863RW,E170,EMBRAER ERJ-170-100,0
landing,JFK,31R,1780143846.07,2026-05-30T12:24:06Z,40.649798,-73.7726,302.4,020122,CN-RGT,B788,BOEING 787-8 Dreamliner,0
takeoff,LGA,22,1780143861.61,2026-05-30T12:24:21Z,40.769737,-73.884537,174.4,a546c9,N439YX,E75L,EMBRAER ERJ-170-200 (long wing),0
takeoff,JFK,31L,1780143876.29,2026-05-30T12:24:36Z,40.630085,-73.776352,300.9,a17b16,N195DN,B763,BOEING 767-300,0
takeoff,JFK,31L,1780143965.52,2026-05-30T12:26:05Z,40.629885,-73.775924,300.9,adf128,N998JE,A321,AIRBUS A-321,0
landing,LGA,31,1780143985.7,2026-05-30T12:26:25Z,40.779295,-73.872226,303.8,a866c7,N640RW,E170,EMBRAER ERJ-170-100,0
landing,JFK,31R,1780144015.0,2026-05-30T12:26:55Z,40.650822,-73.774926,300.9,a5fc87,N485PX,CRJ9,BOMBARDIER Regional Jet CRJ-900,0
takeoff,JFK,31L,1780144035.69,2026-05-30T12:27:15Z,40.630118,-73.776439,300.9,a01820,N105JS,B38M,BOEING 737 MAX 8,0
takeoff,LGA,04,1780144095.89,2026-05-30T12:28:15Z,40.772475,-73.881418,30.9,a12756,N17347,B38M,,0
landing,JFK,31R,1780144099.05,2026-05-30T12:28:19Z,40.650915,-73.775113,300.9,adb35c,N982JB,A321,AIRBUS A-321,0
takeoff,JFK,31L,1780144138.77,2026-05-30T12:28:58Z,40.62992,-73.776002,303.8,a39781,N330TJ,B38M,BOEING 737 MAX 8,0
takeoff,LGA,04,1780144147.88,2026-05-30T12:29:07Z,40.773788,-73.88031,30.9,a359c2,N315DU,BCS3,AIRBUS A220-300,0
landing,JFK,31R,1780144194.74,2026-05-30T12:29:54Z,40.649088,-73.771102,300.9,a5f162,N482PX,CRJ9,BOMBARDIER Regional Jet CRJ-900,0
takeoff,JFK,31L,1780144207.12,2026-05-30T12:30:07Z,40.629616,-73.775345,300.9,a8c028,N663JB,A320,AIRBUS A-320,0
landing,LGA,31,1780144259.32,2026-05-30T12:30:59Z,40.776665,-73.866858,292.5,a8996b,N653RW,E170,EMBRAER ERJ-170-100,0
landing,JFK,31R,1780144272.73,2026-05-30T12:31:12Z,40.65045,-73.774083,300.9,a71ded,N558JB,A320,AIRBUS A-320,0
takeoff,JFK,31L,1780144274.64,2026-05-30T12:31:14Z,40.629839,-73.775799,300.9,a7851c,N584DN,A21N,,0
takeoff,JFK,31L,1780144348.19,2026-05-30T12:32:28Z,40.629868,-73.775864,300.9,a65104,N506JB,A320,AIRBUS A-320,0
landing,LGA,31,1780144379.06,2026-05-30T12:32:59Z,40.776909,-73.867233,300.9,a2fe3c,N292PQ,CRJ9,BOMBARDIER Regional Jet CRJ-900,0
landing,JFK,31R,1780144433.38,2026-05-30T12:33:53Z,40.652545,-73.778733,303.8,a19691,N201JQ,E75L,EMBRAER ERJ-170-200 (long wing),0
takeoff,JFK,31R,1780144434.92,2026-05-30T12:33:54Z,40.652661,-73.778983,303.8,a19691,N201JQ,E75L,EMBRAER ERJ-170-200 (long wing),0
takeoff,JFK,31L,1780144436.72,2026-05-30T12:33:56Z,40.630154,-73.776505,302.4,406ecd,G-VMAP,B789,BOEING 787-9 Dreamliner,0
landing,JFK,31R,1780144439.13,2026-05-30T12:33:59Z,40.652927,-73.779663,295.3,a19691,N201JQ,E75L,EMBRAER ERJ-170-200 (long wing),0
landing,LGA,31,1780144528.07,2026-05-30T12:35:28Z,40.779039,-73.871711,303.8,a51f4a,N429YX,E75L,EMBRAER ERJ-170-200 (long wing),0
takeoff,LGA,31,1780144528.07,2026-05-30T12:35:28Z,40.779039,-73.871711,303.8,a51f4a,N429YX,E75L,EMBRAER ERJ-170-200 (long wing),0
takeoff,LGA,04,1780144535.01,2026-05-30T12:35:35Z,40.772498,-73.881402,30.9,ad36c8,N950XV,A21N,,0
landing,LGA,31,1780144537.37,2026-05-30T12:35:37Z,40.779644,-73.873007,300.9,a51f4a,N429YX,E75L,EMBRAER ERJ-170-200 (long wing),0
takeoff,JFK,31L,1780144555.77,2026-05-30T12:35:55Z,40.629971,-73.776108,300.9,a6cb48,N537JT,A320,AIRBUS A-320,0
landing,LGA,31,1780144619.03,2026-05-30T12:36:59Z,40.779306,-73.872258,303.8,c08862,C-GZQV,E295,EMBRAER ERJ-190-400,0
takeoff,LGA,04,1780144622.72,2026-05-30T12:37:02Z,40.769897,-73.883545,30.9,abdf3f,N864RW,E170,EMBRAER ERJ-170-100,0
landing,JFK,31R,1780144640.38,2026-05-30T12:37:20Z,40.65052,-73.774239,300.9,a988f0,N713TW,B752,BOEING 757-200,0
landing,LGA,31,1780144696.93,2026-05-30T12:38:16Z,40.776583,-73.866546,303.8,ace7bf,N930XJ,CRJ9,BOMBARDIER Regional Jet CRJ-900,0
takeoff,JFK,31L,1780144747.14,2026-05-30T12:39:07Z,40.634552,-73.786208,300.9,abdeec,N864NN,B738,BOEING 737-800,0
landing,JFK,31R,1780144755.08,2026-05-30T12:39:15Z,40.651691,-73.776779,300.9,acab54,N915XJ,CRJ9,BOMBARDIER Regional Jet CRJ-900,0
takeoff,JFK,31L,1780144808.15,2026-05-30T12:40:08Z,40.629753,-73.77562,300.9,a6bbef,N533DT,A21N,AIRBUS A-321neo,0
landing,LGA,31,1780144832.46,2026-05-30T12:40:32Z,40.779144,-73.871945,300.9,a8a0d9,N655RW,E170,EMBRAER ERJ-170-100,0
takeoff,LGA,31,1780144832.46,2026-05-30T12:40:32Z,40.779144,-73.871945,300.9,a8a0d9,N655RW,E170,EMBRAER ERJ-170-100,0
landing,LGA,31,1780144833.31,2026-05-30T12:40:33Z,40.779202,-73.872086,300.9,a8a0d9,N655RW,E170,EMBRAER ERJ-170-100,0
takeoff,LGA,04,1780144836.85,2026-05-30T12:40:36Z,40.769897,-73.883514,30.9,ab40ce,N824MD,E170,EMBRAER ERJ-170-100,0
landing,LGA,31,1780144945.73,2026-05-30T12:42:25Z,40.779018,-73.871658,303.8,abe2f6,N865RW,E170,EMBRAER ERJ-170-100,0
takeoff,LGA,04,1780144947.26,2026-05-30T12:42:27Z,40.770126,-73.883347,30.9,a3a152,N333DU,BCS3,,0
takeoff,LGA,31,1780144947.36,2026-05-30T12:42:27Z,40.779167,-73.871977,303.8,abe2f6,N865RW,E170,EMBRAER ERJ-170-100,0
landing,LGA,31,1780144948.3,2026-05-30T12:42:28Z,40.779259,-73.872162,303.8,abe2f6,N865RW,E170,EMBRAER ERJ-170-100,0
takeoff,JFK,31L,1780144971.62,2026-05-30T12:42:51Z,40.628609,-73.773117,303.8,a03bcd,N114HQ,E75L,EMBRAER ERJ-170-200 (long wing),0
landing,LGA,31,1780145021.26,2026-05-30T12:43:41Z,40.775606,-73.864517,303.8,c0850c,C-GYJZ,DH8D,DE HAVILLAND DHC-8-400 Dash 8,0
takeoff,LGA,04,1780145058.67,2026-05-30T12:44:18Z,40.772472,-73.881409,30.9,a384f8,N326DU,BCS3,AIRBUS A220-300,0
takeoff,JFK,31L,1780145060.11,2026-05-30T12:44:20Z,40.629822,-73.775772,300.9,a022c6,N108DQ,BCS1,AIRBUS A220-100,0
landing,JFK,31R,1780145072.85,2026-05-30T12:44:32Z,40.652172,-73.777893,300.9,ac760d,N9016,A319,AIRBUS A-319,0
takeoff,JFK,31L,1780145128.63,2026-05-30T12:45:28Z,40.62956,-73.775191,300.9,a6833b,N519DT,A21N,AIRBUS A-321neo,0
landing,JFK,22R,1780145147.9,2026-05-30T12:45:47Z,40.645131,-73.770899,182.8,a2147c,N233JQ,E75L,EMBRAER ERJ-170-200 (long wing),0
landing,LGA,31,1780145148.07,2026-05-30T12:45:48Z,40.776638,-73.866653,300.9,a39113,N329PQ,CRJ9,BOMBARDIER Regional Jet CRJ-900,0
landing,JFK,31R,1780145177.83,2026-05-30T12:46:17Z,40.65192,-73.777313,300.9,8015f7,VT-JRA,A359,AIRBUS A-350-900,0
takeoff,LGA,04,1780145179.09,2026-05-30T12:46:19Z,40.772533,-73.881356,30.9,ac7c67,N903XJ,CRJ9,BOMBARDIER Regional Jet CRJ-900,0
takeoff,JFK,31L,1780145203.23,2026-05-30T12:46:43Z,40.630153,-73.776517,300.9,a3ac77,N336DU,BCS3,AIRBUS A220-300,0
takeoff,LGA,04,1780145250.06,2026-05-30T12:47:30Z,40.770566,-73.882994,30.9,a098f6,N138AN,A321,AIRBUS A-321,0
takeoff,JFK,31L,1780145277.93,2026-05-30T12:47:57Z,40.629955,-73.776096,298.1,a77d89,N582CA,CRJ9,BOMBARDIER Regional Jet CRJ-900,0
landing,LGA,31,1780145314.12,2026-05-30T12:48:34Z,40.77699,-73.867435,300.9,a130cb,N176PQ,CRJ9,BOMBARDIER Regional Jet CRJ-900,0
takeoff,LGA,04,1780145349.89,2026-05-30T12:49:09Z,40.77317,-73.880844,28.1,a18380,N197PQ,CRJ9,BOMBARDIER Regional Jet CRJ-900,0
takeoff,JFK,31L,1780145359.79,2026-05-30T12:49:19Z,40.630572,-73.777438,300.9,a383f3,N3255J,BCS3,,0
landing,JFK,31R,1780145417.79,2026-05-30T12:50:17Z,40.651812,-73.77711,300.9,89672f,A6-XWO,A35K,AIRBUS A-350-1000,0
takeoff,JFK,31L,1780145433.85,2026-05-30T12:50:33Z,40.629862,-73.775878,300.9,a7e906,N609DN,A21N,AIRBUS A-321neo,0
landing,LGA,31,1780145465.07,2026-05-30T12:51:05Z,40.77926,-73.872148,300.9,abd7d1,N862RW,E170,EMBRAER ERJ-170-100,0
takeoff,LGA,31,1780145486.4,2026-05-30T12:51:26Z,40.772254,-73.85751,303.8,a32ad5,N303DU,BCS3,AIRBUS A220-300,0
landing,LGA,31,1780145569.79,2026-05-30T12:52:49Z,40.776237,-73.865799,303.8,a324ce,N301UC,B38M,BOEING 737 MAX 8,0
takeoff,JFK,31L,1780145589.6,2026-05-30T12:53:09Z,40.629094,-73.774161,300.9,a78c8f,N586DT,A21N,,0
landing,JFK,31R,1780145613.14,2026-05-30T12:53:33Z,40.651742,-73.776939,300.9,aceb76,N931XJ,CRJ9,BOMBARDIER Regional Jet CRJ-900,0
takeoff,LGA,04,1780145625.94,2026-05-30T12:53:45Z,40.771625,-73.882105,30.9,accb65,N923XJ,CRJ9,BOMBARDIER Regional Jet CRJ-900,0
landing,JFK,31R,1780145683.16,2026-05-30T12:54:43Z,40.651932,-73.777328,300.9,e8021d,CC-CXF,B763,BOEING 767-300,0
takeoff,JFK,31L,1780145689.97,2026-05-30T12:54:49Z,40.62965,-73.775391,300.9,a48a8f,N392DN,A321,AIRBUS A-321,0
landing,LGA,31,1780145729.02,2026-05-30T12:55:29Z,40.779224,-73.872086,303.8,a1f0b4,N224JQ,E75L,EMBRAER ERJ-170-200 (long wing),0
takeoff,LGA,04,1780145731.36,2026-05-30T12:55:31Z,40.770345,-73.883166,30.9,a23a02,N24211,B738,BOEING 737-800,0
takeoff,JFK,31L,1780145763.94,2026-05-30T12:56:03Z,40.628597,-73.773102,303.8,a22358,N237JQ,E75L,EMBRAER ERJ-170-200 (long wing),0
landing,LGA,31,1780145824.43,2026-05-30T12:57:04Z,40.776649,-73.866699,300.9,a336f0,N306PQ,CRJ9,BOMBARDIER Regional Jet CRJ-900,0
takeoff,JFK,31L,1780145864.32,2026-05-30T12:57:44Z,40.62956,-73.775191,300.9,a3c5ea,N342NB,A319,AIRBUS A-319,0
takeoff,LGA,04,1780145865.91,2026-05-30T12:57:45Z,40.772621,-73.881271,25.3,a3a9b6,N335PQ,CRJ9,BOMBARDIER Regional Jet CRJ-900,0
landing,LGA,31,1780145917.71,2026-05-30T12:58:37Z,40.777794,-73.869095,303.8,ab5b66,N8305E,B738,BOEING 737-800,0
landing,JFK,31R,1780145931.72,2026-05-30T12:58:51Z,40.650055,-73.773209,300.9,a38ad5,N3271J,BCS3,,0
takeoff,JFK,31L,1780145965.66,2026-05-30T12:59:25Z,40.629581,-73.775253,300.9,acf89f,N935DZ,B739,,0
takeoff,JFK,31L,1780146074.03,2026-05-30T13:01:14Z,40.630037,-73.776236,300.9,a19910,N2017J,A21N,AIRBUS A-321neo,0
landing,LGA,31,1780146102.96,2026-05-30T13:01:42Z,40.779504,-73.872695,303.8,abd063,N860RW,E170,EMBRAER ERJ-170-100,0
takeoff,JFK,31L,1780146141.72,2026-05-30T13:02:21Z,40.630235,-73.776689,300.9,4cc4f1,TF-ISP,B763,BOEING 767-300,0
landing,LGA,31,1780146212.43,2026-05-30T13:03:32Z,40.779411,-73.872507,303.8,a07bef,N130HQ,E75L,EMBRAER ERJ-170-200 (long wing),0
takeoff,JFK,31L,1780146233.28,2026-05-30T13:03:53Z,40.629776,-73.775681,300.9,a7cf10,N602DZ,A21N,AIRBUS A-321neo,0
landing,LGA,31,1780146280.23,2026-05-30T13:04:40Z,40.776979,-73.867373,303.8,a79e31,N590JB,A320,AIRBUS A-320,0
landing,JFK,31R,1780146282.57,2026-05-30T13:04:42Z,40.650959,-73.775192,300.9,ad4bcb,N956JT,A321,AIRBUS A-321,0
takeoff,JFK,31L,1780146303.29,2026-05-30T13:05:03Z,40.630386,-73.777032,300.9,a46e35,N385DN,B738,BOEING 737-800,0
takeoff,LGA,04,1780146318.93,2026-05-30T13:05:18Z,40.771866,-73.881912,30.9,aafd17,N807NN,B738,BOEING 737-800,0
takeoff,LGA,04,1780146355.08,2026-05-30T13:05:55Z,40.772335,-73.881527,28.1,a2000d,N228PQ,CRJ9,BOMBARDIER Regional Jet CRJ-900,0
takeoff,JFK,31L,1780146379.98,2026-05-30T13:06:19Z,40.630119,-73.776413,300.9,adcd6d,N989JT,A321,AIRBUS A-321,0
landing,LGA,31,1780146403.98,2026-05-30T13:06:43Z,40.777142,-73.867701,303.8,ab3d39,N823NN,B738,BOEING 737-800,0
takeoff,LGA,04,1780146440.49,2026-05-30T13:07:20Z,40.772452,-73.881434,30.9,ac98c1,N910XJ,CRJ9,BOMBARDIER Regional Jet CRJ-900,0
landing,JFK,31R,1780146443.7,2026-05-30T13:07:23Z,40.651532,-73.776502,300.9,a1fbd9,N227JQ,E75L,EMBRAER ERJ-170-200 (long wing),0
takeoff,JFK,31L,1780146450.73,2026-05-30T13:07:30Z,40.629583,-73.775238,300.9,a599a8,N460AN,A21N,AIRBUS A-321neo,0
takeoff,LGA,04,1780146487.02,2026-05-30T13:08:07Z,40.771832,-73.881943,30.9,c03068,C-FSIP,B38M,BOEING 737 MAX 8,0
takeoff,JFK,31L,1780146521.8,2026-05-30T13:08:41Z,40.630131,-73.776459,300.9,a7858e,N584JB,A320,AIRBUS A-320,0
landing,JFK,31R,1780146549.83,2026-05-30T13:09:09Z,40.650135,-73.773392,300.9,ab4c76,N827SK,CRJ9,BOMBARDIER Regional Jet CRJ-900,0
landing,LGA,31,1780146571.46,2026-05-30T13:09:31Z,40.776535,-73.86647,303.8,acf69b,N934XJ,CRJ9,BOMBARDIER Regional Jet CRJ-900,0
takeoff,JFK,31L,1780146602.6,2026-05-30T13:10:02Z,40.629833,-73.775803,300.9,a0f46f,N1603,B763,BOEING 767-300,0
takeoff,LGA,04,1780146606.77,2026-05-30T13:10:06Z,40.772552,-73.881348,30.9,aca3e6,N913XJ,CRJ9,BOMBARDIER Regional Jet CRJ-900,0
takeoff,LGA,04,1780146639.18,2026-05-30T13:10:39Z,40.77031,-73.883213,30.9,a8a490,N656RW,E170,EMBRAER ERJ-170-100,0
takeoff,JFK,31L,1780146708.13,2026-05-30T13:11:48Z,40.630177,-73.776581,300.9,a086ce,N133EV,CRJ9,BOMBARDIER Regional Jet CRJ-900,0
landing,LGA,31,1780146721.1,2026-05-30T13:12:01Z,40.776329,-73.866013,303.8,a48a8f,N392DN,A321,AIRBUS A-321,0
landing,JFK,31R,1780146749.91,2026-05-30T13:12:29Z,40.650822,-73.77491,300.9,71c361,HL8361,A359,AIRBUS A-350-900,0
takeoff,LGA,04,1780146767.05,2026-05-30T13:12:47Z,40.773045,-73.880951,30.9,a145b7,N181PQ,CRJ9,BOMBARDIER Regional Jet CRJ-900,0
landing,LGA,31,1780146860.34,2026-05-30T13:14:20Z,40.77919,-73.87204,303.8,a5255a,N430YX,E75L,EMBRAER ERJ-170-200 (long wing),0
takeoff,LGA,04,1780146871.78,2026-05-30T13:14:31Z,40.769554,-73.883821,33.8,a20957,N230JQ,E75L,EMBRAER ERJ-170-200 (long wing),0
landing,JFK,31R,1780146905.81,2026-05-30T13:15:05Z,40.650158,-73.773407,302.4,e8040e,CC-BBA,B788,BOEING 787-8 Dreamliner,0
landing,LGA,31,1780146957.13,2026-05-30T13:15:57Z,40.777479,-73.868434,303.8,ac20a1,N8803L,B38M,BOEING 737 MAX 8,0
takeoff,LGA,04,1780146999.33,2026-05-30T13:16:39Z,40.772541,-73.881348,30.9,a48321,N390DN,A321,AIRBUS A-321,0
takeoff,JFK,31L,1780147010.14,2026-05-30T13:16:50Z,40.629581,-73.775253,300.9,aca29a,N913JB,A321,AIRBUS A-321,0
takeoff,LGA,04,1780147027.97,2026-05-30T13:17:07Z,40.769955,-73.883484,30.9,a095f0,N137HQ,E75L,EMBRAER ERJ-170-200 (long wing),0
takeoff,JFK,31L,1780147079.67,2026-05-30T13:17:59Z,40.629902,-73.775986,300.9,8990ee,B-18776,B77L,BOEING 777-200LR,0
landing,LGA,31,1780147107.18,2026-05-30T13:18:27Z,40.776546,-73.866455,300.9,a39ada,N331PQ,CRJ9,BOMBARDIER Regional Jet CRJ-900,0
takeoff,LGA,04,1780147144.84,2026-05-30T13:19:04Z,40.773239,-73.880783,25.3,a8f235,N676CA,CRJ9,BOMBARDIER Regional Jet CRJ-900,0
takeoff,JFK,31L,1780147171.53,2026-05-30T13:19:31Z,40.630096,-73.776398,300.9,aa1dcd,N751AN,B772,BOEING 777-200,0
landing,LGA,31,1780147241.87,2026-05-30T13:20:41Z,40.777863,-73.86923,303.8,a037b9,N113DX,A321,AIRBUS A-321,0
takeoff,LGA,04,1780147280.2,2026-05-30T13:21:20Z,40.773216,-73.880798,30.9,a36eae,N320DU,BCS3,AIRBUS A220-300,0
takeoff,JFK,31L,1780147286.81,2026-05-30T13:21:26Z,40.629845,-73.775803,300.9,a72f22,N562JB,A320,AIRBUS A-320,0
takeoff,JFK,31L,1780147353.11,2026-05-30T13:22:33Z,40.630268,-73.776749,300.9,a5237f,N430DX,A339,,0
landing,LGA,31,1780147367.97,2026-05-30T13:22:47Z,40.779318,-73.872258,303.8,ac159a,N878RW,E170,EMBRAER ERJ-170-100,0
takeoff,LGA,04,1780147379.71,2026-05-30T13:22:59Z,40.76992,-73.883514,30.9,abd41a,N861RW,E170,EMBRAER ERJ-170-100,0
takeoff,JFK,31L,1780147457.7,2026-05-30T13:24:17Z,40.62992,-73.776002,300.9,a6b470,N531DA,A21N,AIRBUS A-321neo,0
landing,LGA,31,1780147483.59,2026-05-30T13:24:43Z,40.779259,-73.872177,303.8,a2270f,N238JQ,E75L,EMBRAER ERJ-170-200 (long wing),0
landing,JFK,31R,1780147505.5,2026-05-30T13:25:05Z,40.65263,-73.7789,300.9,7100c8,HZ-AK36,B77W,BOEING 777-300ER,0
takeoff,JFK,31L,1780147511.7,2026-05-30T13:25:11Z,40.628663,-73.773225,303.8,a026e1,N109HQ,E75L,EMBRAER ERJ-170-200 (long wing),0
landing,LGA,31,1780147573.15,2026-05-30T13:26:13Z,40.77649,-73.866374,303.8,c01b6c,C-FKJZ,CRJ7,BOMBARDIER Regional Jet CRJ-700,0
takeoff,JFK,31L,1780147595.63,2026-05-30T13:26:35Z,40.630554,-73.777405,303.8,a35592,N3139J,BCS3,AIRBUS A220-300,0
takeoff,LGA,04,1780147608.02,2026-05-30T13:26:48Z,40.769961,-73.883494,30.9,ab282b,N818MD,E170,EMBRAER ERJ-170-100,0
takeoff,JFK,31L,1780147659.77,2026-05-30T13:27:39Z,40.629787,-73.775696,300.9,ab4f5d,N828JB,A320,AIRBUS A-320,0
landing,LGA,31,1780147704.3,2026-05-30T13:28:24Z,40.779419,-73.872452,303.8,a20d0e,N231JQ,E75L,EMBRAER ERJ-170-200 (long wing),0
takeoff,JFK,31L,1780147728.38,2026-05-30T13:28:48Z,40.629688,-73.775472,300.9,aa7bae,N775AV,A20N,AIRBUS A-320neo,0
landing,JFK,31L,1780147729.28,2026-05-30T13:28:49Z,40.629839,-73.775815,300.9,aa7bae,N775AV,A20N,AIRBUS A-320neo,0
takeoff,JFK,31L,1780147729.28,2026-05-30T13:28:49Z,40.629839,-73.775815,300.9,aa7bae,N775AV,A20N,AIRBUS A-320neo,0
landing,LGA,31,1780147756.51,2026-05-30T13:29:16Z,40.776572,-73.86653,303.8,a06e0b,N127DN,A321,AIRBUS A-321,0
landing,JFK,31R,1780147775.03,2026-05-30T13:29:35Z,40.650341,-73.773865,300.9,a6d234,N539DN,A21N,,0
takeoff,LGA,04,1780147784.21,2026-05-30T13:29:44Z,40.770008,-73.883462,30.9,a8996b,N653RW,E170,EMBRAER ERJ-170-100,0
takeoff,JFK,31L,1780147790.85,2026-05-30T13:29:50Z,40.629742,-73.775574,300.9,acb679,N918XJ,CRJ9,BOMBARDIER Regional Jet CRJ-900,0
takeoff,JFK,31L,1780147856.66,2026-05-30T13:30:56Z,40.629944,-73.77608,300.9,a3711a,N3203J,BCS3,AIRBUS A220-300,0
landing,LGA,31,1780147872.95,2026-05-30T13:31:12Z,40.779533,-73.872757,300.9,a1f46b,N225JQ,E75L,EMBRAER ERJ-170-200 (long wing),0
landing,JFK,31R,1780147879.56,2026-05-30T13:31:19Z,40.653359,-73.780481,300.9,aa4932,N762CK,B763,BOEING 767-300,0
takeoff,JFK,31L,1780147929.46,2026-05-30T13:32:09Z,40.629993,-73.776169,300.9,a1373d,N178DN,B763,BOEING 767-300,0
landing,JFK,31R,1780147978.94,2026-05-30T13:32:58Z,40.651346,-73.776096,300.9,aaf4c8,N805DN,B739,BOEING 737-900,0
landing,LGA,31,1780147984.53,2026-05-30T13:33:04Z,40.779224,-73.872086,303.8,ac1951,N879RW,E170,EMBRAER ERJ-170-100,0
takeoff,LGA,04,1780148006.86,2026-05-30T13:33:26Z,40.772556,-73.88134,30.9,ac34bf,N886GK,B38M,BOEING 737 MAX 8,0
takeoff,JFK,31L,1780148021.5,2026-05-30T13:33:41Z,40.62933,-73.774704,300.9,a198ed,N2016J,A21N,AIRBUS A-321neo,0
landing,LGA,31,1780148073.84,2026-05-30T13:34:33Z,40.779004,-73.871633,303.8,a0634c,N124HQ,E75L,EMBRAER ERJ-170-200 (long wing),0
takeoff,LGA,31,1780148074.45,2026-05-30T13:34:34Z,40.779076,-73.871765,303.8,a0634c,N124HQ,E75L,EMBRAER ERJ-170-200 (long wing),0
landing,LGA,31,1780148076.87,2026-05-30T13:34:36Z,40.779259,-73.872147,303.8,a0634c,N124HQ,E75L,EMBRAER ERJ-170-200 (long wing),0
takeoff,JFK,31L,1780148081.4,2026-05-30T13:34:41Z,40.629879,-73.775909,300.9,aca02f,N912XJ,CRJ9,BOMBARDIER Regional Jet CRJ-900,0
landing,JFK,31R,1780148102.57,2026-05-30T13:35:02Z,40.651371,-73.776108,300.9,a657f4,N508DA,A21N,AIRBUS A-321neo,0
takeoff,LGA,04,1780148102.68,2026-05-30T13:35:02Z,40.77166,-73.882089,33.8,a37e80,N324PQ,CRJ9,BOMBARDIER Regional Jet CRJ-900,0
takeoff,JFK,31L,1780148130.38,2026-05-30T13:35:30Z,40.628547,-73.772975,300.9,c00b9d,C-FEKI,E75S,EMBRAER ERJ-170-200 (short wing),0
takeoff,JFK,31L,1780148198.47,2026-05-30T13:36:38Z,40.630199,-73.776596,300.9,a5e3e4,N479PX,CRJ9,BOMBARDIER Regional Jet CRJ-900,0
landing,JFK,31R,1780148226.94,2026-05-30T13:37:06Z,40.653076,-73.780441,281.2,c00b71,C-FEIQ,E75S,EMBRAER ERJ-170-200 (short wing),0
landing,LGA,31,1780148241.1,2026-05-30T13:37:21Z,40.776924,-73.867249,303.8,acab11,N915US,A321,AIRBUS A-321,0
takeoff,JFK,31L,1780148243.39,2026-05-30T13:37:23Z,40.628506,-73.772888,303.8,a4bdb9,N404YX,E75L,EMBRAER ERJ-170-200 (long wing),0
landing,JFK,31R,1780148271.11,2026-05-30T13:37:51Z,40.652091,-73.777688,300.9,abf6ae,N870DN,B739,BOEING 737-900,0
takeoff,LGA,04,1780148271.76,2026-05-30T13:37:51Z,40.76992,-73.883499,30.9,a866c7,N640RW,E170,EMBRAER ERJ-170-100,0
takeoff,JFK,31L,1780148333.01,2026-05-30T13:38:53Z,40.629971,-73.776093,300.9,a1aaae,N2060J,A21N,AIRBUS A-321neo,0
landing,JFK,31R,1780148360.98,2026-05-30T13:39:20Z,40.651371,-73.776108,300.9,a449e5,N3758Y,B738,BOEING 737-800,0
landing,LGA,31,1780148380.93,2026-05-30T13:39:40Z,40.778858,-73.871338,303.8,a4f7cb,N419YX,E75L,EMBRAER ERJ-170-200 (long wing),0
takeoff,LGA,31,1780148380.93,2026-05-30T13:39:40Z,40.778858,-73.871338,303.8,a4f7cb,N419YX,E75L,EMBRAER ERJ-170-200 (long wing),0
landing,LGA,31,1780148381.43,2026-05-30T13:39:41Z,40.778922,-73.871462,303.8,a4f7cb,N419YX,E75L,EMBRAER ERJ-170-200 (long wing),0
takeoff,JFK,31L,1780148389.82,2026-05-30T13:39:49Z,40.630039,-73.776276,300.9,a99b83,N718TW,B752,BOEING 757-200,0
takeoff,LGA,04,1780148393.84,2026-05-30T13:39:53Z,40.770171,-73.883322,30.9,a4eca6,N416YX,E75L,EMBRAER ERJ-170-200 (long wing),0
takeoff,JFK,31L,1780148467.08,2026-05-30T13:41:07Z,40.629845,-73.775818,300.9,a6a3c2,N527JL,A320,AIRBUS A-320,0
landing,LGA,31,1780148478.46,2026-05-30T13:41:18Z,40.777945,-73.869402,303.8,a451db,N378DN,A321,AIRBUS A-321,0
takeoff,LGA,04,1780148512.45,2026-05-30T13:41:52Z,40.771276,-73.882401,30.9,aa4945,N762DD,H25B,HAWKER BEECHCRAFT Hawker 750/850,8
takeoff,JFK,31L,1780148525.23,2026-05-30T13:42:05Z,40.630072,-73.776346,300.9,acc040,N920XJ,CRJ9,BOMBARDIER Regional Jet CRJ-900,0
takeoff,LGA,04,1780148564.3,2026-05-30T13:42:44Z,40.770515,-73.883011,30.9,c08268,C-GXJZ,DH8D,DE HAVILLAND DHC-8-400 Dash 8,0
landing,JFK,31R,1780148568.67,2026-05-30T13:42:48Z,40.651718,-73.779685,300.9,a075df,N129HQ,E75L,EMBRAER ERJ-170-200 (long wing),0
landing,JFK,31R,1780148581.85,2026-05-30T13:43:01Z,40.650648,-73.774535,300.9,a358bd,N3145J,BCS3,AIRBUS A220-300,0
takeoff,JFK,31L,1780148600.41,2026-05-30T13:43:20Z,40.630176,-73.77658,300.9,a023a5,N108NN,A321,AIRBUS A-321,0
landing,LGA,31,1780148637.75,2026-05-30T13:43:57Z,40.778422,-73.870401,303.8,abece7,N868DN,B739,BOEING 737-900,0
takeoff,JFK,31L,1780148657.89,2026-05-30T13:44:17Z,40.629432,-73.774926,300.9,a732d9,N563JB,A320,AIRBUS A-320,0
takeoff,LGA,04,1780148665.91,2026-05-30T13:44:25Z,40.770012,-73.883438,30.9,a51f4a,N429YX,E75L,EMBRAER ERJ-170-200 (long wing),0
landing,JFK,31R,1780148670.92,2026-05-30T13:44:30Z,40.648979,-73.770844,303.8,a5e02d,N478PX,CRJ9,BOMBARDIER Regional Jet CRJ-900,0
takeoff,JFK,31L,1780148735.18,2026-05-30T13:45:35Z,40.63091,-73.778187,300.9,a48e9e,N393HA,A332,AIRBUS A-330-200,0
landing,JFK,31L,1780148735.62,2026-05-30T13:45:35Z,40.631072,-73.778515,300.9,a48e9e,N393HA,A332,AIRBUS A-330-200,0
takeoff,JFK,31L,1780148735.62,2026-05-30T13:45:35Z,40.631072,-73.778515,300.9,a48e9e,N393HA,A332,AIRBUS A-330-200,0
landing,JFK,31R,1780148794.46,2026-05-30T13:46:34Z,40.650799,-73.774848,300.9,71c252,HL8252,B77L,BOEING 777-200LR,0
takeoff,JFK,31L,1780148852.4,2026-05-30T13:47:32Z,40.62981,-73.775742,303.8,a1d368,N2169J,A21N,AIRBUS A-321neo,0
landing,LGA,31,1780148854.03,2026-05-30T13:47:34Z,40.778678,-73.870931,303.8,a08acb,N134HQ,E75L,EMBRAER ERJ-170-200 (long wing),0
takeoff,LGA,04,1780148854.84,2026-05-30T13:47:34Z,40.769565,-73.883821,30.9,a8a0d9,N655RW,E170,EMBRAER ERJ-170-100,0
takeoff,JFK,31L,1780148925.0,2026-05-30T13:48:45Z,40.629822,-73.775742,300.9,0c208c,HP-1829CMP,B738,BOEING 737-800,0
landing,LGA,31,1780148968.3,2026-05-30T13:49:28Z,40.779144,-73.871918,303.8,a50900,N423YX,E75L,EMBRAER ERJ-170-200 (long wing),0
takeoff,JFK,31L,1780148988.73,2026-05-30T13:49:48Z,40.629959,-73.776093,300.9,adb29c,N982AK,B39M,BOEING 737 MAX 9,0
landing,LGA,31,1780149017.73,2026-05-30T13:50:17Z,40.778091,-73.869705,303.8,ab879f,N842DN,B739,BOEING 737-900,0
landing,JFK,31R,1780149040.94,2026-05-30T13:50:40Z,40.65136,-73.776123,303.8,abfa65,N871DN,B739,BOEING 737-900,0
takeoff,JFK,31L,1780149045.58,2026-05-30T13:50:45Z,40.629971,-73.776123,300.9,acb2c2,N917XJ,CRJ9,BOMBARDIER Regional Jet CRJ-900,0
takeoff,LGA,04,1780149056.91,2026-05-30T13:50:56Z,40.771718,-73.882027,30.9,a05f37,N123DW,A321,AIRBUS A-321,0
takeoff,LGA,04,1780149109.42,2026-05-30T13:51:49Z,40.773278,-73.880763,30.9,ace7bf,N930XJ,CRJ9,BOMBARDIER Regional Jet CRJ-900,0
landing,LGA,31,1780149167.09,2026-05-30T13:52:47Z,40.77841,-73.870416,303.8,ac01d3,N873DN,B739,BOEING 737-900,0
takeoff,JFK,31L,1780149169.67,2026-05-30T13:52:49Z,40.62981,-73.775742,300.9,a1a832,N2059J,A21N,AIRBUS A-321neo,0
takeoff,LGA,04,1780149193.61,2026-05-30T13:53:13Z,40.769978,-73.883469,30.9,a23fb2,N244JQ,E75L,EMBRAER ERJ-170-200 (long wing),0
landing,JFK,31R,1780149213.01,2026-05-30T13:53:33Z,40.651703,-73.77684,300.9,a77dae,N582DN,A21N,,0
takeoff,JFK,31L,1780149226.61,2026-05-30T13:53:46Z,40.630048,-73.776283,303.8,a3556f,N3138J,BCS3,AIRBUS A220-300,0
landing,LGA,31,1780149288.86,2026-05-30T13:54:48Z,40.776304,-73.865953,303.8,a3b79c,N339DU,,,0
takeoff,JFK,31L,1780149294.48,2026-05-30T13:54:54Z,40.630188,-73.776611,300.9,a9e167,N736AT,B77W,BOEING 777-300ER,0
takeoff,LGA,04,1780149331.86,2026-05-30T13:55:31Z,40.771591,-73.882156,30.9,ad7760,N967NN,B738,BOEING 737-800,0
takeoff,JFK,31L,1780149400.92,2026-05-30T13:56:40Z,40.630657,-73.777634,300.9,a3871e,N3261J,BCS3,,0
landing,LGA,31,1780149404.69,2026-05-30T13:56:44Z,40.776352,-73.866058,300.9,a36994,N319PQ,CRJ9,BOMBARDIER Regional Jet CRJ-900,0
takeoff,LGA,04,1780149437.54,2026-05-30T13:57:17Z,40.769966,-73.883469,30.9,ab1d06,N815MD,E170,EMBRAER ERJ-170-100,0
takeoff,JFK,31L,1780149451.77,2026-05-30T13:57:31Z,40.629618,-73.775347,300.9,a85ff5,N639JB,A320,AIRBUS A-320,0
landing,LGA,31,1780149494.07,2026-05-30T13:58:14Z,40.776546,-73.866486,303.8,ad4390,N954AN,B738,BOEING 737-800,0
takeoff,LGA,31,1780149494.07,2026-05-30T13:58:14Z,40.776546,-73.866486,303.8,ad4390,N954AN,B738,BOEING 737-800,0
landing,LGA,31,1780149499.1,2026-05-30T13:58:19Z,40.777576,-73.868622,303.8,ad4390,N954AN,B738,BOEING 737-800,0
takeoff,JFK,31L,1780149512.14,2026-05-30T13:58:32Z,40.630119,-73.776428,300.9,ad935b,N974JT,A321,AIRBUS A-321,0
takeoff,LGA,04,1780149533.33,2026-05-30T13:58:53Z,40.773376,-73.880661,25.3,a1584a,N186PQ,CRJ9,BOMBARDIER Regional Jet CRJ-900,0
takeoff,LGA,22,1780149561.04,2026-05-30T13:59:21Z,40.769714,-73.882492,225.0,abe2f6,N865RW,E170,EMBRAER ERJ-170-100,0
takeoff,JFK,31L,1780149589.28,2026-05-30T13:59:49Z,40.630234,-73.776688,303.8,a38836,N3269J,BCS3,AIRBUS A220-300,0
landing,LGA,31,1780149627.4,2026-05-30T14:00:27Z,40.779365,-73.872367,303.8,a4ba02,N403YX,E75L,EMBRAER ERJ-170-200 (long wing),0
takeoff,LGA,31,1780149627.4,2026-05-30T14:00:27Z,40.779365,-73.872367,303.8,a4ba02,N403YX,E75L,EMBRAER ERJ-170-200 (long wing),0
landing,LGA,31,1780149627.97,2026-05-30T14:00:27Z,40.779434,-73.872507,303.8,a4ba02,N403YX,E75L,EMBRAER ERJ-170-200 (long wing),0
takeoff,JFK,31L,1780149669.23,2026-05-30T14:01:09Z,40.630291,-73.77681,303.8,a37b0c,N323SG,B38M,BOEING 737 MAX 8,0
landing,JFK,31R,1780149691.15,2026-05-30T14:01:31Z,40.650904,-73.775082,300.9,010288,SU-GGH,A359,AIRBUS A-350-900,0
takeoff,LGA,22,1780149723.14,2026-05-30T14:02:03Z,40.769565,-73.882682,222.2,a2fe3c,N292PQ,CRJ9,BOMBARDIER Regional Jet CRJ-900,0
takeoff,LGA,22,1780149733.87,2026-05-30T14:02:13Z,40.769955,-73.882172,225.0,a1e946,N222JQ,E75L,EMBRAER ERJ-170-200 (long wing),0
landing,LGA,31,1780149757.84,2026-05-30T14:02:37Z,40.777084,-73.867599,303.8,a1094c,N166PQ,CRJ9,BOMBARDIER Regional Jet CRJ-900,0
takeoff,JFK,31L,1780149799.99,2026-05-30T14:03:19Z,40.63006,-73.776299,300.9,a3a65f,N334TL,B38M,BOEING 737 MAX 8,0
landing,LGA,31,1780149828.83,2026-05-30T14:03:48Z,40.778858,-73.871338,303.8,aa7e36,N77518,B738,BOEING 737-800,0
landing,JFK,31R,1780149840.69,2026-05-30T14:04:00Z,40.650959,-73.775223,300.9,a74f33,N570JB,A320,AIRBUS A-320,0
takeoff,JFK,31L,1780149860.92,2026-05-30T14:04:20Z,40.629525,-73.775113,300.9,acaf0b,N916XJ,CRJ9,BOMBARDIER Regional Jet CRJ-900,0
takeoff,JFK,31L,1780149936.27,2026-05-30T14:05:36Z,40.629673,-73.775452,300.9,a7b0c4,N595JB,A320,AIRBUS A-320,0
landing,LGA,22,1780149973.77,2026-05-30T14:06:13Z,40.779551,-73.874037,227.8,a1be10,N211JQ,E75L,EMBRAER ERJ-170-200 (long wing),0
landing,LGA,31,1780150008.07,2026-05-30T14:06:48Z,40.777037,-73.867545,303.8,a448fc,N3752,B738,BOEING 737-800,0
landing,JFK,31R,1780150048.11,2026-05-30T14:07:28Z,40.653145,-73.781204,272.8,394a07,F-GSQH,B77W,BOEING 777-300ER,0
takeoff,JFK,31L,1780150067.16,2026-05-30T14:07:47Z,40.629662,-73.775436,300.9,a1b2ee,N2086J,A21N,AIRBUS A-321neo,0
landing,LGA,31,1780150125.86,2026-05-30T14:08:45Z,40.777897,-73.869247,303.8,a030a8,N111HQ,E75L,EMBRAER ERJ-170-200 (long wing),0
landing,LGA,04,1780150190.23,2026-05-30T14:09:50Z,40.774674,-73.879623,28.1,a03f66,N115GK,C208,CESSNA 208 Caravan,0
takeoff,JFK,31L,1780150206.63,2026-05-30T14:10:06Z,40.630002,-73.77619,300.9,a3355e,N3058J,BCS3,AIRBUS A220-300,0
takeoff,LGA,22,1780150215.13,2026-05-30T14:10:15Z,40.770264,-73.881777,219.4,abd7d1,N862RW,E170,EMBRAER ERJ-170-100,0
landing,LGA,31,1780150287.94,2026-05-30T14:11:27Z,40.778904,-73.871445,303.8,ada699,N979RP,E170,EMBRAER ERJ-170-100,0
takeoff,LGA,31,1780150287.94,2026-05-30T14:11:27Z,40.778904,-73.871445,303.8,ada699,N979RP,E170,EMBRAER ERJ-170-100,0
landing,LGA,31,1780150290.82,2026-05-30T14:11:30Z,40.77919,-73.872086,303.8,ada699,N979RP,E170,EMBRAER ERJ-170-100,0
takeoff,LGA,04,1780150307.39,2026-05-30T14:11:47Z,40.771431,-73.882278,30.9,acaa77,N915NN,B738,BOEING 737-800,0
takeoff,LGA,22,1780150380.41,2026-05-30T14:13:00Z,40.769657,-73.882553,225.0,a07bef,N130HQ,E75L,EMBRAER ERJ-170-200 (long wing),0
takeoff,JFK,31L,1780150406.08,2026-05-30T14:13:26Z,40.630072,-73.776299,300.9,ac760d,N9016,A319,AIRBUS A-319,0
landing,JFK,31L,1780150407.08,2026-05-30T14:13:27Z,40.630258,-73.776736,300.9,ac760d,N9016,A319,AIRBUS A-319,0
takeoff,JFK,31L,1780150407.08,2026-05-30T14:13:27Z,40.630258,-73.776736,300.9,ac760d,N9016,A319,AIRBUS A-319,0
landing,LGA,31,1780150414.62,2026-05-30T14:13:34Z,40.77927,-73.872208,303.8,a4e538,N414YX,E75L,EMBRAER ERJ-170-200 (long wing),0
takeoff,JFK,31L,1780150485.17,2026-05-30T14:14:45Z,40.634583,-73.786285,303.8,ac8985,N907DN,B739,BOEING 737-900,0
landing,LGA,31,1780150492.05,2026-05-30T14:14:52Z,40.77905,-73.871774,303.8,ab0a73,N810MD,E170,EMBRAER ERJ-170-100,0
landing,JFK,31R,1780150568.66,2026-05-30T14:16:08Z,40.651916,-73.777313,300.9,a1c935,N214JQ,E75L,EMBRAER ERJ-170-200 (long wing),0
landing,LGA,31,1780150598.61,2026-05-30T14:16:38Z,40.777348,-73.868195,306.6,abe77a,N8660A,B738,BOEING 737-800,0
takeoff,JFK,31L,1780150634.01,2026-05-30T14:17:14Z,40.628466,-73.772819,300.9,a2147c,N233JQ,E75L,EMBRAER ERJ-170-200 (long wing),0
takeoff,LGA,04,1780150637.37,2026-05-30T14:17:17Z,40.771532,-73.882183,30.9,acfc00,N936AN,B738,BOEING 737-800,0
landing,JFK,31R,1780150688.99,2026-05-30T14:18:08Z,40.65045,-73.774114,306.6,ab53e4,N829SK,CRJ9,BOMBARDIER Regional Jet CRJ-900,0
takeoff,JFK,31L,1780150705.94,2026-05-30T14:18:25Z,40.629443,-73.774957,300.9,a91616,N685DA,B752,BOEING 757-200,0
takeoff,LGA,04,1780150706.92,2026-05-30T14:18:26Z,40.772603,-73.881293,30.9,a336f0,N306PQ,CRJ9,BOMBARDIER Regional Jet CRJ-900,0
landing,JFK,31R,1780150765.28,2026-05-30T14:19:25Z,40.650939,-73.77516,300.9,ac7b1b,N903JB,A321,AIRBUS A-321,0
takeoff,JFK,31L,1780150786.46,2026-05-30T14:19:46Z,40.63052,-73.777313,300.9,780abb,B-LRP,A359,AIRBUS A-350-900,0
landing,LGA,31,1780150787.99,2026-05-30T14:19:47Z,40.778946,-73.871524,303.8,a04aa9,N118HQ,E75L,EMBRAER ERJ-170-200 (long wing),0
takeoff,LGA,04,1780150805.14,2026-05-30T14:20:05Z,40.771614,-73.882111,28.1,a130cb,N176PQ,CRJ9,BOMBARDIER Regional Jet CRJ-900,0
takeoff,LGA,04,1780150852.76,2026-05-30T14:20:52Z,40.771684,-73.882073,30.9,a495bf,N395DZ,A321,AIRBUS A-321,0
takeoff,LGA,04,1780150897.87,2026-05-30T14:21:37Z,40.771381,-73.882308,30.9,a9d5e4,N73275,B738,BOEING 737-800,0
takeoff,JFK,31L,1780150900.71,2026-05-30T14:21:40Z,40.629971,-73.776108,300.9,a5c899,N472AS,B739,BOEING 737-900,0
takeoff,LGA,04,1780150938.31,2026-05-30T14:22:18Z,40.771672,-73.882073,30.9,a34e9d,N312DU,BCS3,AIRBUS A220-300,0
takeoff,JFK,31L,1780150954.73,2026-05-30T14:22:34Z,40.628338,-73.772522,303.8,a19691,N201JQ,E75L,EMBRAER ERJ-170-200 (long wing),0
takeoff,LGA,04,1780150975.46,2026-05-30T14:22:55Z,40.771511,-73.882187,30.9,c0850c,C-GYJZ,DH8D,DE HAVILLAND DHC-8-400 Dash 8,0
takeoff,LGA,04,1780151004.26,2026-05-30T14:23:24Z,40.769926,-73.883509,33.8,abd063,N860RW,E170,EMBRAER ERJ-170-100,0
takeoff,JFK,31L,1780151017.84,2026-05-30T14:23:37Z,40.628986,-73.773956,303.8,ad2baa,N948JB,A321,AIRBUS A-321,0
takeoff,LGA,04,1780151055.29,2026-05-30T14:24:15Z,40.769926,-73.883525,30.9,c08862,C-GZQV,E295,EMBRAER ERJ-190-400,0
landing,JFK,31R,1780151090.32,2026-05-30T14:24:50Z,40.648808,-73.770462,303.8,4077d3,G-VTEA,A35K,AIRBUS A-350-1000,0
takeoff,LGA,04,1780151105.19,2026-05-30T14:25:05Z,40.771835,-73.881964,30.9,a324ce,N301UC,B38M,BOEING 737 MAX 8,0
takeoff,JFK,31L,1780151110.48,2026-05-30T14:25:10Z,40.630316,-73.776861,300.9,aceb76,N931XJ,CRJ9,BOMBARDIER Regional Jet CRJ-900,0
landing,LGA,31,1780151201.88,2026-05-30T14:26:41Z,40.776641,-73.866702,303.8,a148b9,N182GJ,CRJ9,BOMBARDIER Regional Jet CRJ-900,0
takeoff,JFK,31L,1780151235.76,2026-05-30T14:27:15Z,40.630013,-73.776205,300.9,ad4f72,N957JB,A321,AIRBUS A-321,0
takeoff,LGA,04,1780151243.86,2026-05-30T14:27:23Z,40.771614,-73.882111,30.9,ab5b66,N8305E,B738,BOEING 737-800,0
landing,LGA,31,1780151343.19,2026-05-30T14:29:03Z,40.776569,-73.866516,303.8,a41146,N361NY,B350,BEECHCRAFT Super King Air 350,0
takeoff,LGA,04,1780151374.62,2026-05-30T14:29:34Z,40.769926,-73.883525,30.9,a1f0b4,N224JQ,E75L,EMBRAER ERJ-170-200 (long wing),0
takeoff,JFK,31L,1780151390.39,2026-05-30T14:29:50Z,40.630062,-73.77626,300.9,ad2095,N945JT,A321,AIRBUS A-321,0
landing,JFK,31R,1780151395.6,2026-05-30T14:29:55Z,40.650913,-73.775116,300.9,8691cc,JA785A,B77W,BOEING 777-300ER,0
takeoff,JFK,31L,1780151460.01,2026-05-30T14:31:00Z,40.628952,-73.77388,300.9,a5f162,N482PX,CRJ9,BOMBARDIER Regional Jet CRJ-900,0
landing,LGA,31,1780151460.14,2026-05-30T14:31:00Z,40.776502,-73.866374,303.8,a3dc5a,N348PQ,CRJ9,BOMBARDIER Regional Jet CRJ-900,0
takeoff,LGA,04,1780151497.83,2026-05-30T14:31:37Z,40.771241,-73.882432,30.9,ac20a1,N8803L,B38M,BOEING 737 MAX 8,0
takeoff,JFK,31L,1780151540.11,2026-05-30T14:32:20Z,40.6302,-73.776627,303.8,acab54,N915XJ,CRJ9,BOMBARDIER Regional Jet CRJ-900,0
landing,JFK,31R,1780151550.73,2026-05-30T14:32:30Z,40.65089,-73.775055,300.9,4005ba,G-VIIB,B772,BOEING 777-200,0
landing,LGA,31,1780151570.41,2026-05-30T14:32:50Z,40.779225,-73.872086,303.8,a4fddb,N420YX,E75L,EMBRAER ERJ-170-200 (long wing),0
takeoff,LGA,31,1780151570.41,2026-05-30T14:32:50Z,40.779225,-73.872086,303.8,a4fddb,N420YX,E75L,EMBRAER ERJ-170-200 (long wing),0
landing,LGA,31,1780151571.75,2026-05-30T14:32:51Z,40.779339,-73.872345,303.8,a4fddb,N420YX,E75L,EMBRAER ERJ-170-200 (long wing),0
takeoff,LGA,04,1780151592.31,2026-05-30T14:33:12Z,40.771986,-73.881824,30.9,a79e31,N590JB,A320,AIRBUS A-320,0
takeoff,JFK,31L,1780151614.99,2026-05-30T14:33:34Z,40.629799,-73.775757,300.9,a13391,N177DZ,B763,BOEING 767-300,0
landing,LGA,31,1780151663.44,2026-05-30T14:34:23Z,40.776525,-73.866452,303.8,a34825,N310PQ,CRJ9,BOMBARDIER Regional Jet CRJ-900,0
landing,JFK,31R,1780151677.8,2026-05-30T14:34:37Z,40.650616,-73.774414,300.9,76ceed,9V-SWM,B77W,BOEING 777-300ER,0
takeoff,LGA,04,1780151695.09,2026-05-30T14:34:55Z,40.771488,-73.882248,30.9,a39ada,N331PQ,CRJ9,BOMBARDIER Regional Jet CRJ-900,0
takeoff,JFK,31L,1780151748.96,2026-05-30T14:35:48Z,40.630531,-73.777359,303.8,a35949,N3149J,BCS3,AIRBUS A220-300,0
landing,LGA,31,1780151771.12,2026-05-30T14:36:11Z,40.77905,-73.871727,303.8,a1ecfd,N223JQ,E75L,EMBRAER ERJ-170-200 (long wing),0
takeoff,LGA,31,1780151771.12,2026-05-30T14:36:11Z,40.77905,-73.871727,303.8,a1ecfd,N223JQ,E75L,EMBRAER ERJ-170-200 (long wing),0
landing,LGA,31,1780151773.11,2026-05-30T14:36:13Z,40.779202,-73.872086,303.8,a1ecfd,N223JQ,E75L,EMBRAER ERJ-170-200 (long wing),0
takeoff,LGA,04,1780151792.09,2026-05-30T14:36:32Z,40.771694,-73.882065,30.9,aaa590,N78506,B738,BOEING 737-800,0
takeoff,JFK,31L,1780151827.64,2026-05-30T14:37:07Z,40.629618,-73.775316,300.9,a19d0d,N2029J,A21N,AIRBUS A-321neo,0
landing,JFK,31L,1780151828.86,2026-05-30T14:37:08Z,40.62981,-73.775742,300.9,a19d0d,N2029J,A21N,AIRBUS A-321neo,0
takeoff,JFK,31L,1780151828.86,2026-05-30T14:37:08Z,40.62981,-73.775742,300.9,a19d0d,N2029J,A21N,AIRBUS A-321neo,0
landing,JFK,31R,1780151849.35,2026-05-30T14:37:29Z,40.651299,-73.775956,303.8,ad4fe1,N957NN,B738,BOEING 737-800,0
landing,LGA,31,1780151861.58,2026-05-30T14:37:41Z,40.777245,-73.868011,300.9,ac0a75,N875RW,E170,EMBRAER ERJ-170-100,0
takeoff,LGA,04,1780151887.19,2026-05-30T14:38:07Z,40.769966,-73.883469,30.9,a5255a,N430YX,E75L,EMBRAER ERJ-170-200 (long wing),0
takeoff,JFK,31L,1780151924.07,2026-05-30T14:38:44Z,40.630211,-73.776657,303.8,a35854,N3142J,BCS3,AIRBUS A220-300,0
takeoff,LGA,04,1780151945.01,2026-05-30T14:39:05Z,40.771393,-73.882323,30.9,ab3d39,N823NN,B738,BOEING 737-800,0
landing,JFK,31R,1780151999.6,2026-05-30T14:39:59Z,40.652847,-73.779434,295.3,a05470,N120HQ,E75L,EMBRAER ERJ-170-200 (long wing),0
takeoff,JFK,31L,1780152013.71,2026-05-30T14:40:13Z,40.630176,-73.776564,303.8,a38ad5,N3271J,BCS3,,0
landing,LGA,31,1780152048.71,2026-05-30T14:40:48Z,40.779282,-73.872238,303.8,a4da13,N411YX,E75L,EMBRAER ERJ-170-200 (long wing),0
takeoff,LGA,31,1780152048.71,2026-05-30T14:40:48Z,40.779282,-73.872238,303.8,a4da13,N411YX,E75L,EMBRAER ERJ-170-200 (long wing),0
landing,LGA,31,1780152049.32,2026-05-30T14:40:49Z,40.779339,-73.872375,303.8,a4da13,N411YX,E75L,EMBRAER ERJ-170-200 (long wing),0
takeoff,LGA,04,1780152063.92,2026-05-30T14:41:03Z,40.772521,-73.881387,30.9,c01b6c,C-FKJZ,CRJ7,BOMBARDIER Regional Jet CRJ-700,0
takeoff,LGA,04,1780152092.79,2026-05-30T14:41:32Z,40.769926,-73.883509,30.9,ac159a,N878RW,E170,EMBRAER ERJ-170-100,0
takeoff,JFK,31L,1780152093.27,2026-05-30T14:41:33Z,40.629746,-73.775628,300.9,a71ded,N558JB,A320,AIRBUS A-320,0
takeoff,LGA,04,1780152156.17,2026-05-30T14:42:36Z,40.769909,-73.883514,30.9,a4f7cb,N419YX,E75L,EMBRAER ERJ-170-200 (long wing),0
takeoff,JFK,31L,1780152218.51,2026-05-30T14:43:38Z,40.629874,-73.775909,303.8,adb35c,N982JB,A321,AIRBUS A-321,0
landing,LGA,31,1780152239.83,2026-05-30T14:43:59Z,40.777943,-73.8694,303.8,abc2e5,N857RW,E170,EMBRAER ERJ-170-100,0
takeoff,JFK,31L,1780152318.59,2026-05-30T14:45:18Z,40.630374,-73.777001,306.6,ab4c76,N827SK,CRJ9,BOMBARDIER Regional Jet CRJ-900,0
landing,LGA,31,1780152346.01,2026-05-30T14:45:46Z,40.776627,-73.866653,306.6,abf2c2,N8691A,B738,BOEING 737-800,0
takeoff,LGA,31,1780152347.06,2026-05-30T14:45:47Z,40.776867,-73.867157,306.6,abf2c2,N8691A,B738,BOEING 737-800,0
landing,LGA,31,1780152347.8,2026-05-30T14:45:47Z,40.777027,-73.867493,303.8,abf2c2,N8691A,B738,BOEING 737-800,0
takeoff,LGA,04,1780152420.14,2026-05-30T14:47:00Z,40.771439,-73.882276,30.9,acf69b,N934XJ,CRJ9,BOMBARDIER Regional Jet CRJ-900,0
landing,JFK,22R,1780152454.39,2026-05-30T14:47:34Z,40.634203,-73.77917,233.4,a641bf,N502DX,A21N,AIRBUS A-321neo,0
landing,LGA,31,1780152600.42,2026-05-30T14:50:00Z,40.776489,-73.866379,303.8,a3560b,N314DU,BCS3,AIRBUS A220-300,0
takeoff,LGA,04,1780152615.19,2026-05-30T14:50:15Z,40.769437,-73.883899,28.1,a08acb,N134HQ,E75L,EMBRAER ERJ-170-200 (long wing),0
takeoff,LGA,22,1780152627.26,2026-05-30T14:50:27Z,40.770252,-73.881808,225.0,ac1951,N879RW,E170,EMBRAER ERJ-170-100,0
takeoff,JFK,31L,1780152639.13,2026-05-30T14:50:39Z,40.62846,-73.772766,300.9,c00b71,C-FEIQ,E75S,EMBRAER ERJ-170-200 (short wing),0
landing,JFK,31R,1780152707.41,2026-05-30T14:51:47Z,40.650392,-73.773974,300.9,acf849,N935AN,B738,BOEING 737-800,0
takeoff,JFK,31L,1780152744.54,2026-05-30T14:52:24Z,40.630095,-73.776377,302.4,ab4ae9,N827AN,B789,BOEING 787-9 Dreamliner,0
landing,LGA,31,1780152796.41,2026-05-30T14:53:16Z,40.777049,-73.867451,303.8,a12796,N17361,B38M,BOEING 737 MAX 8,0
landing,JFK,31R,1780152835.86,2026-05-30T14:53:55Z,40.652882,-73.779495,298.1,a38b84,N3276J,BCS3,AIRBUS A220-300,0
takeoff,LGA,04,1780152836.73,2026-05-30T14:53:56Z,40.769903,-73.883525,30.9,a50900,N423YX,E75L,EMBRAER ERJ-170-200 (long wing),0
takeoff,JFK,31L,1780152844.53,2026-05-30T14:54:04Z,40.628277,-73.7724,300.9,a1fbd9,N227JQ,E75L,EMBRAER ERJ-170-200 (long wing),0
takeoff,LGA,04,1780152905.54,2026-05-30T14:55:05Z,40.769978,-73.883469,30.9,a0634c,N124HQ,E75L,EMBRAER ERJ-170-200 (long wing),0
landing,JFK,31R,1780152924.33,2026-05-30T14:55:24Z,40.649551,-73.772125,300.9,aaa02c,N784JB,A320,AIRBUS A-320,0
takeoff,JFK,31L,1780153001.59,2026-05-30T14:56:41Z,40.630048,-73.776299,302.4,020122,CN-RGT,B788,BOEING 787-8 Dreamliner,0
landing,LGA,31,1780153048.63,2026-05-30T14:57:28Z,40.778984,-73.871567,303.8,a07228,N128HQ,E75L,EMBRAER ERJ-170-200 (long wing),0
takeoff,LGA,31,1780153048.63,2026-05-30T14:57:28Z,40.778984,-73.871567,303.8,a07228,N128HQ,E75L,EMBRAER ERJ-170-200 (long wing),0
landing,LGA,31,1780153049.89,2026-05-30T14:57:29Z,40.779074,-73.871774,303.8,a07228,N128HQ,E75L,EMBRAER ERJ-170-200 (long wing),0
landing,JFK,31R,1780153057.96,2026-05-30T14:57:37Z,40.651823,-73.777095,303.8,71be21,HL7621,A388,AIRBUS A-380-800,0
takeoff,LGA,04,1780153074.35,2026-05-30T14:57:54Z,40.771358,-73.882339,33.8,a36994,N319PQ,CRJ9,BOMBARDIER Regional Jet CRJ-900,0
takeoff,LGA,04,1780153115.04,2026-05-30T14:58:35Z,40.769943,-73.883514,30.9,a1f46b,N225JQ,E75L,EMBRAER ERJ-170-200 (long wing),0
landing,JFK,31R,1780153250.16,2026-05-30T15:00:50Z,40.651577,-73.776566,300.9,8418b4,JA06WJ,A35K,AIRBUS A-350-1000,0
takeoff,JFK,31R,1780153250.95,2026-05-30T15:00:50Z,40.65176,-73.776962,300.9,8418b4,JA06WJ,A35K,AIRBUS A-350-1000,0
landing,JFK,31R,1780153256.64,2026-05-30T15:00:56Z,40.652801,-73.779264,300.9,8418b4,JA06WJ,A35K,AIRBUS A-350-1000,0
takeoff,JFK,31L,1780153310.95,2026-05-30T15:01:50Z,40.63044,-73.77713,303.8,ad846f,N970JB,A321,AIRBUS A-321,0
landing,JFK,31R,1780153350.02,2026-05-30T15:02:30Z,40.651737,-73.776932,300.9,4bb14b,TC-LJK,B77W,BOEING 777-300ER,0
landing,LGA,31,1780153351.68,2026-05-30T15:02:31Z,40.778492,-73.87056,303.8,ada64d,N979NN,B738,BOEING 737-800,0
takeoff,LGA,04,1780153379.81,2026-05-30T15:02:59Z,40.769646,-73.883743,30.9,a20d0e,N231JQ,E75L,EMBRAER ERJ-170-200 (long wing),0
landing,JFK,31L,1780153441.29,2026-05-30T15:04:01Z,40.641093,-73.800644,300.9,a18284,N197DN,B763,BOEING 767-300,0
takeoff,LGA,04,1780153477.46,2026-05-30T15:04:37Z,40.769955,-73.883499,30.9,a1be10,N211JQ,E75L,EMBRAER ERJ-170-200 (long wing),0
landing,JFK,31R,1780153534.71,2026-05-30T15:05:34Z,40.652939,-73.779709,295.3,a3915a,N329SL,B38M,BOEING 737 MAX 8,0
takeoff,LGA,04,1780153562.73,2026-05-30T15:06:02Z,40.771684,-73.882058,30.9,a451db,N378DN,A321,AIRBUS A-321,0
takeoff,JFK,31L,1780153612.57,2026-05-30T15:06:52Z,40.630348,-73.776962,303.8,a449e5,N3758Y,B738,BOEING 737-800,0
landing,LGA,31,1780153622.22,2026-05-30T15:07:02Z,40.776979,-73.867404,300.9,a07f60,N131EV,CRJ9,BOMBARDIER Regional Jet CRJ-900,0
takeoff,JFK,31L,1780153690.59,2026-05-30T15:08:10Z,40.628396,-73.772663,300.9,a075df,N129HQ,E75L,EMBRAER ERJ-170-200 (long wing),0
landing,LGA,31,1780153742.68,2026-05-30T15:09:02Z,40.778899,-73.871399,303.8,ac1f61,N880RW,E170,EMBRAER ERJ-170-100,0
takeoff,LGA,31,1780153742.68,2026-05-30T15:09:02Z,40.778899,-73.871399,303.8,ac1f61,N880RW,E170,EMBRAER ERJ-170-100,0
landing,LGA,31,1780153743.53,2026-05-30T15:09:03Z,40.778969,-73.871555,303.8,ac1f61,N880RW,E170,EMBRAER ERJ-170-100,0
landing,JFK,13L,1780153789.06,2026-05-30T15:09:49Z,40.648855,-73.775394,120.9,a0b59d,N145DQ,BCS1,AIRBUS A220-100,0
takeoff,LGA,04,1780153814.77,2026-05-30T15:10:14Z,40.769966,-73.883484,30.9,ab0a73,N810MD,E170,EMBRAER ERJ-170-100,0
landing,LGA,31,1780153906.93,2026-05-30T15:11:46Z,40.77586,-73.865051,303.8,a39723,N330PQ,CRJ9,BOMBARDIER Regional Jet CRJ-900,0
takeoff,JFK,31L,1780153929.68,2026-05-30T15:12:09Z,40.630154,-73.776489,300.9,a358bd,N3145J,BCS3,AIRBUS A220-300,0
takeoff,LGA,04,1780154011.24,2026-05-30T15:13:31Z,40.772221,-73.881622,30.9,acab11,N915US,A321,AIRBUS A-321,0
landing,JFK,22R,1780154034.24,2026-05-30T15:13:54Z,40.645031,-73.770905,182.8,a35ab8,N315PQ,CRJ9,BOMBARDIER Regional Jet CRJ-900,0
landing,LGA,31,1780154130.14,2026-05-30T15:15:30Z,40.778608,-73.870791,303.8,a1e1d8,N220JQ,E75L,EMBRAER ERJ-170-200 (long wing),0
takeoff,JFK,31L,1780154153.23,2026-05-30T15:15:53Z,40.63056,-73.777438,303.8,abf6ae,N870DN,B739,BOEING 737-900,0
takeoff,LGA,04,1780154223.59,2026-05-30T15:17:03Z,40.771637,-73.882105,30.9,a07b3e,N130AN,A321,AIRBUS A-321,0
landing,JFK,22L,1780154233.19,2026-05-30T15:17:13Z,40.629164,-73.771118,210.9,a36b50,N3195J,BCS3,,0
landing,JFK,31R,1780154245.6,2026-05-30T15:17:25Z,40.651718,-73.776876,300.9,a83839,N629FR,A21N,AIRBUS A-321neo,0
takeoff,JFK,31L,1780154277.17,2026-05-30T15:17:57Z,40.630371,-73.776993,300.9,a1863b,N198DN,B763,BOEING 767-300,0
landing,LGA,31,1780154421.42,2026-05-30T15:20:21Z,40.778172,-73.869888,303.8,a44548,N3742C,B738,BOEING 737-800,0
landing,JFK,31R,1780154436.07,2026-05-30T15:20:36Z,40.652687,-73.779037,300.9,a51425,N426YX,E75L,EMBRAER ERJ-170-200 (long wing),0
takeoff,JFK,31L,1780154437.08,2026-05-30T15:20:37Z,40.62992,-73.776002,303.8,a36b50,N3195J,BCS3,,0
takeoff,LGA,04,1780154468.74,2026-05-30T15:21:08Z,40.771881,-73.881902,30.9,a037b9,N113DX,A321,AIRBUS A-321,0
takeoff,LGA,04,1780154538.4,2026-05-30T15:22:18Z,40.769728,-73.883681,30.9,a4e538,N414YX,E75L,EMBRAER ERJ-170-200 (long wing),0
takeoff,JFK,31L,1780154551.99,2026-05-30T15:22:31Z,40.630074,-73.776337,303.8,aaf4c8,N805DN,B739,BOEING 737-900,0
takeoff,LGA,04,1780154631.93,2026-05-30T15:23:51Z,40.772405,-73.881465,30.9,abe77a,N8660A,B738,BOEING 737-800,0
takeoff,JFK,31L,1780154643.46,2026-05-30T15:24:03Z,40.630016,-73.776215,303.8,abdb35,N863NN,B738,BOEING 737-800,0
takeoff,JFK,31L,1780154723.42,2026-05-30T15:25:23Z,40.630188,-73.776595,303.8,ad8bed,N972JT,A321,AIRBUS A-321,0
landing,LGA,31,1780154755.25,2026-05-30T15:25:55Z,40.77706,-73.867592,298.1,a31486,N298PQ,CRJ9,BOMBARDIER Regional Jet CRJ-900,0
landing,LGA,31,1780154827.91,2026-05-30T15:27:07Z,40.77776,-73.869003,303.8,abc40d,N8572X,B738,BOEING 737-800,0
landing,JFK,31R,1780154837.29,2026-05-30T15:27:17Z,40.652684,-73.779045,300.9,a4076a,N359NB,A319,AIRBUS A-319,0
takeoff,JFK,31L,1780154840.08,2026-05-30T15:27:20Z,40.629804,-73.775706,303.8,abfa65,N871DN,B739,BOEING 737-900,0
takeoff,LGA,04,1780154855.89,2026-05-30T15:27:35Z,40.769772,-73.883636,30.9,a4ba02,N403YX,E75L,EMBRAER ERJ-170-200 (long wing),0
takeoff,JFK,31L,1780154937.28,2026-05-30T15:28:57Z,40.629765,-73.77565,303.8,a8ab3c,N658JB,A320,AIRBUS A-320,0
landing,LGA,31,1780154998.57,2026-05-30T15:29:58Z,40.77911,-73.871872,303.8,a3534a,N313PQ,CRJ9,BOMBARDIER Regional Jet CRJ-900,0
landing,LGA,31,1780155114.16,2026-05-30T15:31:54Z,40.77933,-73.872351,303.8,abdb88,N863RW,E170,EMBRAER ERJ-170-100,0
landing,LGA,31,1780155164.9,2026-05-30T15:32:44Z,40.777444,-73.868372,303.8,a339b1,N307DU,BCS3,AIRBUS A220-300,0
takeoff,LGA,04,1780155194.5,2026-05-30T15:33:14Z,40.772312,-73.881543,30.9,a41146,N361NY,B350,BEECHCRAFT Super King Air 350,0
landing,JFK,31R,1780155225.98,2026-05-30T15:33:45Z,40.651772,-73.776993,300.9,a35e6f,N316PQ,CRJ9,BOMBARDIER Regional Jet CRJ-900,0
landing,JFK,22L,1780155235.0,2026-05-30T15:33:55Z,40.633564,-73.769455,185.6,89639d,A6-EOD,A388,AIRBUS A-380-800,0
landing,JFK,31R,1780155279.92,2026-05-30T15:34:39Z,40.650915,-73.775082,300.9,ab5975,N830MH,B764,BOEING 767-400,0
takeoff,JFK,31L,1780155283.53,2026-05-30T15:34:43Z,40.629913,-73.77597,300.9,a768c2,N577DN,A21N,AIRBUS A-321neo,0
landing,LGA,31,1780155291.9,2026-05-30T15:34:51Z,40.777725,-73.869019,303.8,a8a490,N656RW,E170,EMBRAER ERJ-170-100,0
takeoff,LGA,31,1780155291.9,2026-05-30T15:34:51Z,40.777725,-73.869019,303.8,a8a490,N656RW,E170,EMBRAER ERJ-170-100,0
takeoff,LGA,04,1780155292.78,2026-05-30T15:34:52Z,40.771488,-73.882217,30.9,abece7,N868DN,B739,BOEING 737-900,0
landing,LGA,31,1780155292.99,2026-05-30T15:34:52Z,40.777828,-73.86923,303.8,a8a490,N656RW,E170,EMBRAER ERJ-170-100,0
takeoff,LGA,31,1780155292.99,2026-05-30T15:34:52Z,40.777828,-73.86923,303.8,a8a490,N656RW,E170,EMBRAER ERJ-170-100,0
landing,LGA,31,1780155307.88,2026-05-30T15:35:07Z,40.779442,-73.872681,300.9,a8a490,N656RW,E170,EMBRAER ERJ-170-100,0
landing,LGA,31,1780155343.77,2026-05-30T15:35:43Z,40.777805,-73.869074,303.8,a6cffc,N538UW,A321,AIRBUS A-321,0
takeoff,LGA,04,1780155386.22,2026-05-30T15:36:26Z,40.77158,-73.882156,28.1,a148b9,N182GJ,CRJ9,BOMBARDIER Regional Jet CRJ-900,0
takeoff,JFK,31L,1780155388.07,2026-05-30T15:36:28Z,40.630669,-73.777634,300.9,89639d,A6-EOD,A388,AIRBUS A-380-800,0
landing,JFK,31L,1780155388.08,2026-05-30T15:36:28Z,40.630714,-73.77774,300.9,89639d,A6-EOD,A388,AIRBUS A-380-800,0
takeoff,JFK,31L,1780155389.12,2026-05-30T15:36:29Z,40.63092,-73.778183,300.9,89639d,A6-EOD,A388,AIRBUS A-380-800,0
landing,JFK,31R,1780155436.95,2026-05-30T15:37:16Z,40.650158,-73.773422,300.9,a383f3,N3255J,BCS3,,0
landing,LGA,31,1780155438.1,2026-05-30T15:37:18Z,40.778126,-73.86972,303.8,a0b8fb,N146AA,A321,AIRBUS A-321,0
takeoff,LGA,04,1780155478.71,2026-05-30T15:37:58Z,40.771626,-73.882095,30.9,ac01d3,N873DN,B739,BOEING 737-900,0
takeoff,JFK,31L,1780155528.68,2026-05-30T15:38:48Z,40.62981,-73.775757,300.9,a5fc87,N485PX,CRJ9,BOMBARDIER Regional Jet CRJ-900,0
landing,LGA,31,1780155569.42,2026-05-30T15:39:29Z,40.778412,-73.870361,303.8,ab3d17,N823MD,E170,EMBRAER ERJ-170-100,0
takeoff,LGA,31,1780155569.42,2026-05-30T15:39:29Z,40.778412,-73.870361,303.8,ab3d17,N823MD,E170,EMBRAER ERJ-170-100,0
landing,LGA,31,1780155570.76,2026-05-30T15:39:30Z,40.778538,-73.870621,303.8,ab3d17,N823MD,E170,EMBRAER ERJ-170-100,0
takeoff,LGA,31,1780155571.12,2026-05-30T15:39:31Z,40.778572,-73.870712,303.8,ab3d17,N823MD,E170,EMBRAER ERJ-170-100,0
landing,LGA,31,1780155572.67,2026-05-30T15:39:32Z,40.778713,-73.870994,303.8,ab3d17,N823MD,E170,EMBRAER ERJ-170-100,0
takeoff,LGA,31,1780155573.68,2026-05-30T15:39:33Z,40.778824,-73.871216,303.8,ab3d17,N823MD,E170,EMBRAER ERJ-170-100,0
landing,LGA,31,1780155576.07,2026-05-30T15:39:36Z,40.779027,-73.871665,303.8,ab3d17,N823MD,E170,EMBRAER ERJ-170-100,0
takeoff,LGA,04,1780155601.75,2026-05-30T15:40:01Z,40.771637,-73.882111,30.9,a34825,N310PQ,CRJ9,BOMBARDIER Regional Jet CRJ-900,0
landing,JFK,31L,1780155612.89,2026-05-30T15:40:12Z,40.63797,-73.793777,303.8,aae5f7,N801DZ,B739,BOEING 737-900,0
takeoff,LGA,04,1780155656.5,2026-05-30T15:40:56Z,40.769484,-73.883868,30.9,a2270f,N238JQ,E75L,EMBRAER ERJ-170-200 (long wing),0
takeoff,JFK,31L,1780155681.12,2026-05-30T15:41:21Z,40.629722,-73.77555,300.9,ad4bcb,N956JT,A321,AIRBUS A-321,0
takeoff,JFK,31L,1780155751.15,2026-05-30T15:42:31Z,40.629707,-73.775543,300.9,a77dae,N582DN,A21N,,0
landing,JFK,31L,1780155753.23,2026-05-30T15:42:33Z,40.630119,-73.776443,303.8,a77dae,N582DN,A21N,,0
takeoff,JFK,31L,1780155753.23,2026-05-30T15:42:33Z,40.630119,-73.776443,303.8,a77dae,N582DN,A21N,,0
landing,LGA,31,1780155760.92,2026-05-30T15:42:40Z,40.776327,-73.865953,303.8,a45ba2,N380DN,A321,AIRBUS A-321,0
takeoff,JFK,31L,1780155812.77,2026-05-30T15:43:32Z,40.630409,-73.777095,306.6,a5e02d,N478PX,CRJ9,BOMBARDIER Regional Jet CRJ-900,0
takeoff,LGA,04,1780155818.13,2026-05-30T15:43:38Z,40.772667,-73.881271,30.9,a3b79c,N339DU,,,0
takeoff,LGA,04,1780155872.47,2026-05-30T15:44:32Z,40.772461,-73.881424,30.9,a448fc,N3752,B738,BOEING 737-800,0
landing,JFK,31R,1780155895.1,2026-05-30T15:44:55Z,40.653068,-73.7802,284.1,ad727d,N966AN,B738,BOEING 737-800,0
takeoff,JFK,31L,1780155895.1,2026-05-30T15:44:55Z,40.629982,-73.776154,303.8,a96ae3,N706AL,B39M,BOEING 737 MAX 9,0
takeoff,LGA,04,1780155946.03,2026-05-30T15:45:46Z,40.771648,-73.882095,28.1,a1094c,N166PQ,CRJ9,BOMBARDIER Regional Jet CRJ-900,0
takeoff,JFK,31L,1780155956.35,2026-05-30T15:45:56Z,40.629925,-73.776001,303.8,ad7d9f,N969AK,B39M,BOEING 737 MAX 9,0
landing,JFK,31R,1780155998.69,2026-05-30T15:46:38Z,40.653022,-73.779935,286.9,a51b93,N428YX,E75L,EMBRAER ERJ-170-200 (long wing),0
takeoff,JFK,31L,1780156017.71,2026-05-30T15:46:57Z,40.629742,-73.775589,303.8,a6d234,N539DN,A21N,,0
landing,LGA,31,1780156062.36,2026-05-30T15:47:42Z,40.776862,-73.86717,300.9,a44a6d,N376DN,A321,AIRBUS A-321,0
landing,JFK,31R,1780156083.57,2026-05-30T15:48:03Z,40.656086,-73.78653,292.5,738c06,4X-ICA,B744,BOEING 747-400,0
takeoff,JFK,31L,1780156083.96,2026-05-30T15:48:03Z,40.630235,-73.776705,303.8,ab84c9,N841NN,B738,BOEING 737-800,0
takeoff,LGA,04,1780156100.35,2026-05-30T15:48:20Z,40.76992,-73.883514,28.1,ac0a75,N875RW,E170,EMBRAER ERJ-170-100,0
takeoff,JFK,31L,1780156141.51,2026-05-30T15:49:01Z,40.629478,-73.775019,300.9,a988f0,N713TW,B752,BOEING 757-200,0
landing,JFK,31R,1780156188.29,2026-05-30T15:49:48Z,40.652058,-73.777649,300.9,aa6914,N770AN,B772,BOEING 777-200,0
takeoff,JFK,31L,1780156189.83,2026-05-30T15:49:49Z,40.62838,-73.772629,300.9,a1c935,N214JQ,E75L,EMBRAER ERJ-170-200 (long wing),0
landing,LGA,31,1780156203.18,2026-05-30T15:50:03Z,40.777794,-73.86908,303.8,a44943,N3754A,B738,BOEING 737-800,0
takeoff,LGA,04,1780156246.35,2026-05-30T15:50:46Z,40.771555,-73.882167,30.9,abf2c2,N8691A,B738,BOEING 737-800,0
takeoff,LGA,04,1780156309.38,2026-05-30T15:51:49Z,40.769891,-73.883556,30.9,ada699,N979RP,E170,EMBRAER ERJ-170-100,0
landing,JFK,31L,1780156312.73,2026-05-30T15:51:52Z,40.638009,-73.793824,300.9,aaf968,N806NW,A333,AIRBUS A-330-300,0
takeoff,JFK,31L,1780156410.55,2026-05-30T15:53:30Z,40.629284,-73.774597,300.9,a74f33,N570JB,A320,AIRBUS A-320,0
takeoff,JFK,31L,1780156476.37,2026-05-30T15:54:36Z,40.629653,-73.775409,300.9,a03038,N111DC,A321,AIRBUS A-321,0
landing,JFK,31R,1780156533.56,2026-05-30T15:55:33Z,40.650357,-73.773911,303.8,acb679,N918XJ,CRJ9,BOMBARDIER Regional Jet CRJ-900,0
takeoff,JFK,31L,1780156547.01,2026-05-30T15:55:47Z,40.629616,-73.775345,300.9,a7133f,N555NW,B752,BOEING 757-200,0
landing,LGA,31,1780156604.13,2026-05-30T15:56:44Z,40.778378,-73.870346,306.6,a03bcd,N114HQ,E75L,EMBRAER ERJ-170-200 (long wing),0
takeoff,LGA,31,1780156606.61,2026-05-30T15:56:46Z,40.778608,-73.870837,306.6,a03bcd,N114HQ,E75L,EMBRAER ERJ-170-200 (long wing),0
landing,LGA,31,1780156608.06,2026-05-30T15:56:48Z,40.778744,-73.871109,303.8,a03bcd,N114HQ,E75L,EMBRAER ERJ-170-200 (long wing),0
takeoff,LGA,31,1780156608.06,2026-05-30T15:56:48Z,40.778744,-73.871109,303.8,a03bcd,N114HQ,E75L,EMBRAER ERJ-170-200 (long wing),0
landing,LGA,31,1780156609.29,2026-05-30T15:56:49Z,40.778847,-73.871338,303.8,a03bcd,N114HQ,E75L,EMBRAER ERJ-170-200 (long wing),0
takeoff,LGA,04,1780156736.75,2026-05-30T15:58:56Z,40.769903,-73.883525,30.9,abc2e5,N857RW,E170,EMBRAER ERJ-170-100,0
takeoff,LGA,04,1780156813.35,2026-05-30T16:00:13Z,40.771381,-73.882308,30.9,a7a956,N593JB,A320,AIRBUS A-320,0
landing,JFK,13L,1780156857.54,2026-05-30T16:00:57Z,40.647068,-73.771469,126.6,a22358,N237JQ,E75L,EMBRAER ERJ-170-200 (long wing),0
landing,JFK,31R,1780156867.06,2026-05-30T16:01:07Z,40.652596,-73.778778,300.9,899133,B-16788,B77L,BOEING 777-200LR,0
takeoff,JFK,13L,1780156869.51,2026-05-30T16:01:09Z,40.65723,-73.779785,109.7,aa4932,N762CK,B763,BOEING 767-300,0
takeoff,JFK,31L,1780156891.62,2026-05-30T16:01:31Z,40.628279,-73.772397,300.9,a05470,N120HQ,E75L,EMBRAER ERJ-170-200 (long wing),0
takeoff,LGA,04,1780156935.27,2026-05-30T16:02:15Z,40.771393,-73.882292,28.1,a3dc5a,N348PQ,CRJ9,BOMBARDIER Regional Jet CRJ-900,0
takeoff,LGA,04,1780156978.86,2026-05-30T16:02:58Z,40.771707,-73.882058,30.9,a48a8f,N392DN,A321,AIRBUS A-321,0
takeoff,JFK,31L,1780156986.66,2026-05-30T16:03:06Z,40.63496,-73.787129,300.9,ad4fe1,N957NN,B738,BOEING 737-800,0
takeoff,LGA,04,1780157016.73,2026-05-30T16:03:36Z,40.769989,-73.883453,30.9,a030a8,N111HQ,E75L,EMBRAER ERJ-170-200 (long wing),0
landing,JFK,31R,1780157021.25,2026-05-30T16:03:41Z,40.652487,-73.778577,303.8,a66576,N511DE,A21N,AIRBUS A-321neo,0
landing,LGA,31,1780157096.54,2026-05-30T16:04:56Z,40.776695,-73.866776,303.8,acc7ae,N922XJ,CRJ9,BOMBARDIER Regional Jet CRJ-900,0
takeoff,LGA,04,1780157141.63,2026-05-30T16:05:41Z,40.769915,-73.88354,30.9,a07228,N128HQ,E75L,EMBRAER ERJ-170-200 (long wing),0
landing,JFK,31R,1780157160.45,2026-05-30T16:06:00Z,40.651646,-73.776703,303.8,ab400f,N824DN,B739,BOEING 737-900,0
landing,LGA,31,1780157221.53,2026-05-30T16:07:01Z,40.778481,-73.870544,306.6,acd88e,N927DZ,B739,BOEING 737-900,0
takeoff,LGA,04,1780157265.55,2026-05-30T16:07:45Z,40.771797,-73.881958,30.9,a06e0b,N127DN,A321,AIRBUS A-321,0
takeoff,JFK,31L,1780157321.99,2026-05-30T16:08:41Z,40.629222,-73.774457,300.9,7100c8,HZ-AK36,B77W,BOEING 777-300ER,0
landing,LGA,31,1780157364.69,2026-05-30T16:09:24Z,40.77727,-73.867997,303.8,abdf3f,N864RW,E170,EMBRAER ERJ-170-100,0
takeoff,LGA,31,1780157364.69,2026-05-30T16:09:24Z,40.77727,-73.867997,303.8,abdf3f,N864RW,E170,EMBRAER ERJ-170-100,0
landing,LGA,31,1780157368.77,2026-05-30T16:09:28Z,40.777668,-73.868835,303.8,abdf3f,N864RW,E170,EMBRAER ERJ-170-100,0
takeoff,LGA,31,1780157368.77,2026-05-30T16:09:28Z,40.777668,-73.868835,303.8,abdf3f,N864RW,E170,EMBRAER ERJ-170-100,0
landing,LGA,31,1780157370.32,2026-05-30T16:09:30Z,40.777817,-73.869125,303.8,abdf3f,N864RW,E170,EMBRAER ERJ-170-100,0
takeoff,LGA,31,1780157370.9,2026-05-30T16:09:30Z,40.777863,-73.869232,303.8,abdf3f,N864RW,E170,EMBRAER ERJ-170-100,0
landing,LGA,31,1780157372.14,2026-05-30T16:09:32Z,40.777966,-73.869446,303.8,abdf3f,N864RW,E170,EMBRAER ERJ-170-100,0
takeoff,LGA,31,1780157372.14,2026-05-30T16:09:32Z,40.777966,-73.869446,303.8,abdf3f,N864RW,E170,EMBRAER ERJ-170-100,0
landing,LGA,31,1780157378.13,2026-05-30T16:09:38Z,40.778527,-73.87065,303.8,abdf3f,N864RW,E170,EMBRAER ERJ-170-100,0
takeoff,LGA,31,1780157380.15,2026-05-30T16:09:40Z,40.778713,-73.871009,306.6,abdf3f,N864RW,E170,EMBRAER ERJ-170-100,0
landing,LGA,31,1780157380.81,2026-05-30T16:09:40Z,40.778783,-73.87115,303.8,abdf3f,N864RW,E170,EMBRAER ERJ-170-100,0
landing,JFK,31L,1780157426.05,2026-05-30T16:10:26Z,40.637981,-73.793793,303.8,a17ecd,N196DN,B763,BOEING 767-300,0
landing,LGA,31,1780157485.56,2026-05-30T16:11:25Z,40.779247,-73.872086,300.9,abb59e,N85351,E75L,EMBRAER ERJ-170-200 (long wing),0
takeoff,JFK,31L,1780157488.82,2026-05-30T16:11:28Z,40.629776,-73.775665,303.8,ad27f3,N947JB,A321,AIRBUS A-321,0
takeoff,LGA,04,1780157519.5,2026-05-30T16:11:59Z,40.771649,-73.882089,30.9,ad4390,N954AN,B738,BOEING 737-800,0
landing,JFK,22R,1780157594.03,2026-05-30T16:13:14Z,40.645031,-73.770905,180.0,aa4932,N762CK,B763,BOEING 767-300,0
takeoff,LGA,04,1780157731.78,2026-05-30T16:15:31Z,40.772278,-73.881577,30.9,ada64d,N979NN,B738,BOEING 737-800,0
takeoff,LGA,04,1780157764.9,2026-05-30T16:16:04Z,40.769588,-73.883804,30.9,a1ecfd,N223JQ,E75L,EMBRAER ERJ-170-200 (long wing),0
landing,JFK,31L,1780157786.82,2026-05-30T16:16:26Z,40.639126,-73.796326,303.8,a062ec,N124DU,BCS1,AIRBUS A220-100,0
landing,JFK,31R,1780157842.67,2026-05-30T16:17:22Z,40.651154,-73.77565,300.9,a37389,N321RL,B38M,BOEING 737 MAX 8,0
takeoff,LGA,04,1780157863.56,2026-05-30T16:17:43Z,40.772667,-73.881271,28.1,a07f60,N131EV,CRJ9,BOMBARDIER Regional Jet CRJ-900,0
landing,JFK,31L,1780157918.75,2026-05-30T16:18:38Z,40.641987,-73.802597,300.9,a189f2,N199DN,B763,BOEING 767-300,0
takeoff,LGA,04,1780157943.68,2026-05-30T16:19:03Z,40.771369,-73.882323,30.9,a39723,N330PQ,CRJ9,BOMBARDIER Regional Jet CRJ-900,0
takeoff,LGA,04,1780157989.28,2026-05-30T16:19:49Z,40.769984,-73.883462,30.9,ac1f61,N880RW,E170,EMBRAER ERJ-170-100,0
takeoff,JFK,31L,1780158009.96,2026-05-30T16:20:09Z,40.630502,-73.777298,300.9,8015f7,VT-JRA,A359,AIRBUS A-350-900,0
takeoff,LGA,04,1780158029.51,2026-05-30T16:20:29Z,40.769938,-73.883509,28.1,a03f66,N115GK,C208,CESSNA 208 Caravan,0
takeoff,JFK,31L,1780158085.93,2026-05-30T16:21:25Z,40.62992,-73.776049,300.9,71c252,HL8252,B77L,BOEING 777-200LR,0
landing,JFK,31R,1780158148.9,2026-05-30T16:22:28Z,40.651951,-73.777422,300.9,3965b0,F-GZNQ,B77W,BOEING 777-300ER,0
landing,LGA,31,1780158163.83,2026-05-30T16:22:43Z,40.779085,-73.871821,303.8,a8996b,N653RW,E170,EMBRAER ERJ-170-100,0
takeoff,LGA,31,1780158163.83,2026-05-30T16:22:43Z,40.779085,-73.871821,303.8,a8996b,N653RW,E170,EMBRAER ERJ-170-100,0
takeoff,JFK,31L,1780158166.36,2026-05-30T16:22:46Z,40.629641,-73.775394,303.8,71c361,HL8361,A359,AIRBUS A-350-900,0
landing,LGA,31,1780158166.97,2026-05-30T16:22:46Z,40.779306,-73.872273,303.8,a8996b,N653RW,E170,EMBRAER ERJ-170-100,0
takeoff,JFK,31L,1780158270.67,2026-05-30T16:24:30Z,40.629955,-73.77608,300.9,adde95,N993JE,A321,AIRBUS A-321,0
landing,LGA,31,1780158304.09,2026-05-30T16:25:04Z,40.77798,-73.869495,303.8,a05dd8,N12221,B738,BOEING 737-800,0
takeoff,JFK,31L,1780158337.01,2026-05-30T16:25:37Z,40.630051,-73.776291,300.9,aa4932,N762CK,B763,BOEING 767-300,0
takeoff,JFK,31L,1780158414.68,2026-05-30T16:26:54Z,40.629618,-73.775331,303.8,a35ab8,N315PQ,CRJ9,BOMBARDIER Regional Jet CRJ-900,0
takeoff,JFK,31L,1780158473.03,2026-05-30T16:27:53Z,40.629781,-73.77569,300.9,a0b59d,N145DQ,BCS1,AIRBUS A220-100,0
landing,JFK,31L,1780158552.27,2026-05-30T16:29:12Z,40.639464,-73.797039,300.9,a539c9,N436DX,A339,AIRBUS A-330-900,0
landing,LGA,31,1780158623.56,2026-05-30T16:30:23Z,40.7767,-73.866827,300.9,a34bdc,N311PQ,CRJ9,BOMBARDIER Regional Jet CRJ-900,0
landing,JFK,31R,1780158651.17,2026-05-30T16:30:51Z,40.650915,-73.775097,300.9,78023d,B-KPQ,B77W,BOEING 777-300ER,0
landing,LGA,31,1780158750.35,2026-05-30T16:32:30Z,40.776525,-73.866421,303.8,a3472f,N310DU,BCS3,AIRBUS A220-300,0
landing,JFK,31L,1780158788.85,2026-05-30T16:33:08Z,40.636883,-73.791336,300.9,a6844d,N519QS,C68A,CESSNA 680 Citation Latitude,0
takeoff,JFK,31L,1780158841.24,2026-05-30T16:34:01Z,40.629913,-73.776001,303.8,a641bf,N502DX,A21N,AIRBUS A-321neo,0
landing,LGA,31,1780158863.67,2026-05-30T16:34:23Z,40.77808,-73.86969,303.8,a3b4d6,N338PK,B738,BOEING 737-800,0
takeoff,JFK,31L,1780158906.1,2026-05-30T16:35:06Z,40.629001,-73.773989,303.8,aaa02c,N784JB,A320,AIRBUS A-320,0
takeoff,LGA,04,1780158907.94,2026-05-30T16:35:07Z,40.771328,-73.882355,30.9,a12796,N17361,B38M,BOEING 737 MAX 8,0
landing,LGA,04,1780158908.26,2026-05-30T16:35:08Z,40.771442,-73.882248,30.9,a12796,N17361,B38M,BOEING 737 MAX 8,0
takeoff,LGA,04,1780158908.26,2026-05-30T16:35:08Z,40.771442,-73.882248,30.9,a12796,N17361,B38M,BOEING 737 MAX 8,0
takeoff,JFK,31L,1780158961.81,2026-05-30T16:36:01Z,40.629152,-73.774317,303.8,a654cb,N507JT,A320,AIRBUS A-320,0
takeoff,JFK,31L,1780159024.01,2026-05-30T16:37:04Z,40.629776,-73.775696,300.9,ab53e4,N829SK,CRJ9,BOMBARDIER Regional Jet CRJ-900,0
landing,LGA,31,1780159050.36,2026-05-30T16:37:30Z,40.778114,-73.869766,303.8,abe2a3,N865NN,B738,BOEING 737-800,0
landing,JFK,13L,1780159082.6,2026-05-30T16:38:02Z,40.648762,-73.775175,120.9,a1a0c4,N2039J,A21N,AIRBUS A-321neo,0
takeoff,JFK,31L,1780159086.99,2026-05-30T16:38:06Z,40.629536,-73.77516,303.8,a3915a,N329SL,B38M,BOEING 737 MAX 8,0
landing,JFK,31R,1780159127.46,2026-05-30T16:38:47Z,40.653019,-73.779922,289.7,4b187f,HB-JHF,A333,AIRBUS A-330-300,0
landing,LGA,31,1780159175.76,2026-05-30T16:39:35Z,40.777702,-73.868927,303.8,aca3e6,N913XJ,CRJ9,BOMBARDIER Regional Jet CRJ-900,0
takeoff,LGA,04,1780159216.53,2026-05-30T16:40:16Z,40.77166,-73.88208,30.9,abc40d,N8572X,B738,BOEING 737-800,0
landing,JFK,31R,1780159300.92,2026-05-30T16:41:40Z,40.651497,-73.776393,300.9,a38439,N3257J,BCS3,,0
landing,LGA,31,1780159313.33,2026-05-30T16:41:53Z,40.777908,-73.869354,303.8,a83108,N627JB,A320,AIRBUS A-320,0
takeoff,LGA,04,1780159357.87,2026-05-30T16:42:37Z,40.76981,-73.883603,30.9,a8a490,N656RW,E170,EMBRAER ERJ-170-100,0
landing,JFK,31R,1780159427.61,2026-05-30T16:43:47Z,40.651742,-73.776954,300.9,a4c170,N405YX,E75L,EMBRAER ERJ-170-200 (long wing),0
takeoff,LGA,04,1780159446.61,2026-05-30T16:44:06Z,40.771534,-73.882187,30.9,a44548,N3742C,B738,BOEING 737-800,0
landing,JFK,31R,1780159493.17,2026-05-30T16:44:53Z,40.650485,-73.774145,300.9,a7bbe9,N598JB,A320,AIRBUS A-320,0
takeoff,JFK,31L,1780159504.98,2026-05-30T16:45:04Z,40.62862,-73.773163,303.8,a51425,N426YX,E75L,EMBRAER ERJ-170-200 (long wing),0
takeoff,LGA,04,1780159515.04,2026-05-30T16:45:15Z,40.769891,-73.883525,30.9,a1e1d8,N220JQ,E75L,EMBRAER ERJ-170-200 (long wing),0
landing,JFK,31R,1780159586.71,2026-05-30T16:46:26Z,40.652275,-73.778107,302.4,ab9630,N846AN,B789,BOEING 787-9 Dreamliner,0
takeoff,LGA,04,1780159605.97,2026-05-30T16:46:45Z,40.77194,-73.881871,30.9,a6cffc,N538UW,A321,AIRBUS A-321,0
landing,JFK,31L,1780159622.88,2026-05-30T16:47:02Z,40.637985,-73.793824,300.9,a5e9f4,N480PX,CRJ9,BOMBARDIER Regional Jet CRJ-900,0
landing,JFK,31R,1780159751.79,2026-05-30T16:49:11Z,40.651171,-73.775721,298.1,a15795,N186GJ,CRJ9,BOMBARDIER Regional Jet CRJ-900,0
landing,JFK,31L,1780159830.12,2026-05-30T16:50:30Z,40.638943,-73.795914,300.9,a16ff1,N192DN,B763,BOEING 767-300,0
landing,JFK,31R,1780159840.95,2026-05-30T16:50:40Z,40.65057,-73.774384,300.9,a5e3e4,N479PX,CRJ9,BOMBARDIER Regional Jet CRJ-900,0
landing,JFK,31R,1780159941.77,2026-05-30T16:52:21Z,40.64946,-73.771912,300.9,acaf0b,N916XJ,CRJ9,BOMBARDIER Regional Jet CRJ-900,0
landing,LGA,31,1780159992.81,2026-05-30T16:53:12Z,40.779504,-73.87271,303.8,a1e946,N222JQ,E75L,EMBRAER ERJ-170-200 (long wing),0
takeoff,LGA,04,1780160020.82,2026-05-30T16:53:40Z,40.771957,-73.881836,30.9,ab879f,N842DN,B739,BOEING 737-900,0
landing,JFK,31R,1780160033.82,2026-05-30T16:53:53Z,40.651253,-73.775846,300.9,400684,G-VIIL,B772,BOEING 777-200,0
landing,LGA,31,1780160083.11,2026-05-30T16:54:43Z,40.777328,-73.868122,303.8,a3a152,N333DU,BCS3,,0
takeoff,LGA,04,1780160111.34,2026-05-30T16:55:11Z,40.771248,-73.882431,30.9,a39113,N329PQ,CRJ9,BOMBARDIER Regional Jet CRJ-900,0
takeoff,LGA,22,1780160145.17,2026-05-30T16:55:45Z,40.769737,-73.882446,225.0,abdb88,N863RW,E170,EMBRAER ERJ-170-100,0
landing,JFK,31R,1780160175.17,2026-05-30T16:56:15Z,40.651218,-73.775768,300.9,4ca74e,EI-EAV,A333,AIRBUS A-330-300,0
takeoff,JFK,31R,1780160175.17,2026-05-30T16:56:15Z,40.651218,-73.775768,300.9,4ca74e,EI-EAV,A333,AIRBUS A-330-300,0
landing,JFK,31R,1780160181.96,2026-05-30T16:56:21Z,40.652298,-73.778152,300.9,4ca74e,EI-EAV,A333,AIRBUS A-330-300,0
landing,LGA,31,1780160189.38,2026-05-30T16:56:29Z,40.779144,-73.871914,303.8,a095f0,N137HQ,E75L,EMBRAER ERJ-170-200 (long wing),0
takeoff,LGA,31,1780160190.56,2026-05-30T16:56:30Z,40.779248,-73.872133,303.8,a095f0,N137HQ,E75L,EMBRAER ERJ-170-200 (long wing),0
landing,LGA,31,1780160191.43,2026-05-30T16:56:31Z,40.779327,-73.872299,303.8,a095f0,N137HQ,E75L,EMBRAER ERJ-170-200 (long wing),0
takeoff,LGA,04,1780160220.9,2026-05-30T16:57:00Z,40.771846,-73.881933,30.9,a3560b,N314DU,BCS3,AIRBUS A220-300,0
landing,LGA,31,1780160318.79,2026-05-30T16:58:38Z,40.779579,-73.872849,303.8,ab1d06,N815MD,E170,EMBRAER ERJ-170-100,0
landing,LGA,31,1780160420.29,2026-05-30T17:00:20Z,40.779224,-73.872131,306.6,a2147c,N233JQ,E75L,EMBRAER ERJ-170-200 (long wing),0
takeoff,JFK,31L,1780160486.11,2026-05-30T17:01:26Z,40.628517,-73.772888,300.9,ad727d,N966AN,B738,BOEING 737-800,0
landing,LGA,31,1780160500.19,2026-05-30T17:01:40Z,40.775431,-73.864111,303.8,a39052,N329FX,E545,EMBRAER EMB545 Praetor 500,0
takeoff,JFK,31L,1780160610.86,2026-05-30T17:03:30Z,40.630314,-73.776871,303.8,a35e6f,N316PQ,CRJ9,BOMBARDIER Regional Jet CRJ-900,0
landing,LGA,31,1780160620.28,2026-05-30T17:03:40Z,40.779419,-73.872513,303.8,a07bef,N130HQ,E75L,EMBRAER ERJ-170-200 (long wing),0
landing,JFK,31R,1780160648.98,2026-05-30T17:04:08Z,40.652298,-73.77829,289.7,a1a924,N206JQ,E75L,EMBRAER ERJ-170-200 (long wing),0
takeoff,JFK,31L,1780160671.38,2026-05-30T17:04:31Z,40.62857,-73.773037,303.8,a51b93,N428YX,E75L,EMBRAER ERJ-170-200 (long wing),0
landing,LGA,31,1780160683.8,2026-05-30T17:04:43Z,40.77869,-73.870962,303.8,a6e258,N54241,B738,BOEING 737-800,0
takeoff,LGA,04,1780160723.39,2026-05-30T17:05:23Z,40.771614,-73.882136,30.9,a0b8fb,N146AA,A321,AIRBUS A-321,0
takeoff,JFK,31L,1780160725.25,2026-05-30T17:05:25Z,40.628345,-73.772537,300.9,a22358,N237JQ,E75L,EMBRAER ERJ-170-200 (long wing),0
landing,LGA,31,1780160814.82,2026-05-30T17:06:54Z,40.778992,-73.871571,303.8,abe2f6,N865RW,E170,EMBRAER ERJ-170-100,0
takeoff,LGA,31,1780160814.82,2026-05-30T17:06:54Z,40.778992,-73.871571,303.8,abe2f6,N865RW,E170,EMBRAER ERJ-170-100,0
landing,LGA,31,1780160816.42,2026-05-30T17:06:56Z,40.77911,-73.871841,303.8,abe2f6,N865RW,E170,EMBRAER ERJ-170-100,0
landing,JFK,31R,1780160828.8,2026-05-30T17:07:08Z,40.650032,-73.773087,303.8,a4c9f8,N4077J,A21N,AIRBUS A-321neo,0
takeoff,JFK,31L,1780160921.32,2026-05-30T17:08:41Z,40.629765,-73.775635,300.9,a83839,N629FR,A21N,AIRBUS A-321neo,0
landing,LGA,31,1780160925.76,2026-05-30T17:08:45Z,40.779236,-73.872101,303.8,a4e181,N413YX,E75L,EMBRAER ERJ-170-200 (long wing),0
landing,JFK,31R,1780160957.57,2026-05-30T17:09:17Z,40.650147,-73.773443,300.9,a7d2bc,N603DN,A21N,AIRBUS A-321neo,0
landing,LGA,31,1780161004.94,2026-05-30T17:10:04Z,40.777336,-73.868134,303.8,ac7c67,N903XJ,CRJ9,BOMBARDIER Regional Jet CRJ-900,0
takeoff,LGA,04,1780161024.64,2026-05-30T17:10:24Z,40.76976,-73.883652,30.9,a45ba2,N380DN,A321,AIRBUS A-321,0
landing,JFK,31L,1780161095.72,2026-05-30T17:11:35Z,40.638817,-73.795547,300.9,ab048d,N809NW,A333,AIRBUS A-330-300,0
takeoff,LGA,04,1780161097.5,2026-05-30T17:11:37Z,40.76967,-73.883712,33.8,a3534a,N313PQ,CRJ9,BOMBARDIER Regional Jet CRJ-900,0
landing,LGA,31,1780161100.35,2026-05-30T17:11:40Z,40.777233,-73.867935,303.8,a42e13,N369DN,A321,AIRBUS A-321,0
landing,JFK,31R,1780161112.32,2026-05-30T17:11:52Z,40.651714,-73.776871,303.8,a8c796,N665JB,A320,AIRBUS A-320,0
takeoff,JFK,31L,1780161154.43,2026-05-30T17:12:34Z,40.629902,-73.77597,300.9,a4076a,N359NB,A319,AIRBUS A-319,0
takeoff,LGA,04,1780161174.47,2026-05-30T17:12:54Z,40.771323,-73.882354,33.8,acc7ae,N922XJ,CRJ9,BOMBARDIER Regional Jet CRJ-900,0
landing,JFK,31R,1780161231.1,2026-05-30T17:13:51Z,40.652916,-73.779739,292.5,a0433b,N116HQ,E75L,EMBRAER ERJ-170-200 (long wing),0
landing,JFK,31L,1780161247.56,2026-05-30T17:14:07Z,40.63908,-73.796173,303.8,a4dbef,N412DX,A339,AIRBUS A-330-900,0
landing,LGA,31,1780161250.85,2026-05-30T17:14:10Z,40.777302,-73.868057,303.8,a35c97,N3156J,BCS3,AIRBUS A220-300,0
takeoff,LGA,04,1780161286.87,2026-05-30T17:14:46Z,40.769829,-73.883591,30.9,a4da13,N411YX,E75L,EMBRAER ERJ-170-200 (long wing),0
landing,JFK,31R,1780161300.03,2026-05-30T17:15:00Z,40.652882,-73.77948,298.1,a0cb68,N150NN,A321,AIRBUS A-321,0
landing,LGA,31,1780161341.12,2026-05-30T17:15:41Z,40.776164,-73.865719,303.8,abadc0,N8512U,B738,BOEING 737-800,0
landing,JFK,31L,1780161367.66,2026-05-30T17:16:07Z,40.638622,-73.795166,300.9,aaea8c,N802NW,A333,AIRBUS A-330-300,0
takeoff,LGA,04,1780161394.62,2026-05-30T17:16:34Z,40.772404,-73.88147,30.9,a339b1,N307DU,BCS3,AIRBUS A220-300,0
landing,JFK,31R,1780161402.88,2026-05-30T17:16:42Z,40.650181,-73.773682,286.9,a5b078,N466FX,GLF4,GULFSTREAM 4,0
takeoff,JFK,31L,1780161434.39,2026-05-30T17:17:14Z,40.630211,-73.776611,300.9,4bb14b,TC-LJK,B77W,BOEING 777-300ER,0
takeoff,LGA,04,1780161444.97,2026-05-30T17:17:24Z,40.769417,-73.883911,30.9,abb59e,N85351,E75L,EMBRAER ERJ-170-200 (long wing),0
landing,LGA,31,1780161511.81,2026-05-30T17:18:31Z,40.778981,-73.871571,303.8,a866c7,N640RW,E170,EMBRAER ERJ-170-100,0
landing,JFK,31R,1780161564.68,2026-05-30T17:19:24Z,40.650461,-73.774098,300.9,aacaa5,N795AN,B772,BOEING 777-200,0
takeoff,JFK,31R,1780161564.68,2026-05-30T17:19:24Z,40.650461,-73.774098,300.9,aacaa5,N795AN,B772,BOEING 777-200,0
landing,JFK,31R,1780161570.26,2026-05-30T17:19:30Z,40.651463,-73.776337,300.9,aacaa5,N795AN,B772,BOEING 777-200,0
landing,JFK,31L,1780161597.38,2026-05-30T17:19:57Z,40.638199,-73.794266,300.9,ab6519,N833SK,CRJ9,BOMBARDIER Regional Jet CRJ-900,0
landing,LGA,31,1780161652.56,2026-05-30T17:20:52Z,40.777596,-73.868668,300.9,a130cb,N176PQ,CRJ9,BOMBARDIER Regional Jet CRJ-900,0
takeoff,JFK,31L,1780161659.36,2026-05-30T17:20:59Z,40.630337,-73.776932,303.8,aae5f7,N801DZ,B739,BOEING 737-900,0
takeoff,LGA,04,1780161697.97,2026-05-30T17:21:37Z,40.771511,-73.882202,30.9,a44943,N3754A,B738,BOEING 737-800,0
landing,JFK,31R,1780161722.75,2026-05-30T17:22:02Z,40.649926,-73.77285,300.9,a3401a,N3085J,BCS3,AIRBUS A220-300,0
landing,JFK,31L,1780161732.51,2026-05-30T17:22:12Z,40.639275,-73.796631,300.9,ab83e8,N841DN,B739,BOEING 737-900,0
takeoff,LGA,04,1780161770.11,2026-05-30T17:22:50Z,40.769682,-73.883728,30.9,ab3d17,N823MD,E170,EMBRAER ERJ-170-100,0
landing,JFK,31R,1780161831.31,2026-05-30T17:23:51Z,40.649712,-73.772446,300.9,aa2ca9,N755AN,B772,BOEING 777-200,0
takeoff,JFK,31L,1780161896.84,2026-05-30T17:24:56Z,40.629594,-73.775269,303.8,acf849,N935AN,B738,BOEING 737-800,0
landing,JFK,31R,1780161903.53,2026-05-30T17:25:03Z,40.652149,-73.777828,300.9,3c6517,D-AIHW,A346,AIRBUS A-340-600,0
landing,LGA,31,1780161928.38,2026-05-30T17:25:28Z,40.775745,-73.864807,303.8,c08268,C-GXJZ,DH8D,DE HAVILLAND DHC-8-400 Dash 8,0
landing,LGA,31,1780162018.61,2026-05-30T17:26:58Z,40.778806,-73.871212,303.8,a97316,N708JH,GLF5,GULFSTREAM 5,0
takeoff,LGA,31,1780162018.61,2026-05-30T17:26:58Z,40.778806,-73.871212,303.8,a97316,N708JH,GLF5,GULFSTREAM 5,0
landing,LGA,31,1780162020.96,2026-05-30T17:27:00Z,40.77905,-73.871727,300.9,a97316,N708JH,GLF5,GULFSTREAM 5,0
landing,JFK,31L,1780162041.54,2026-05-30T17:27:21Z,40.637357,-73.792404,303.8,a6152a,N491PX,CRJ9,BOMBARDIER Regional Jet CRJ-900,0
landing,JFK,31R,1780162073.56,2026-05-30T17:27:53Z,40.651579,-73.77658,300.9,acc5fb,N922DZ,B739,BOEING 737-900,0
takeoff,JFK,31L,1780162133.97,2026-05-30T17:28:53Z,40.629897,-73.775924,300.9,010288,SU-GGH,A359,AIRBUS A-350-900,0
landing,JFK,31R,1780162203.55,2026-05-30T17:30:03Z,40.652033,-73.77761,300.9,a4c2ad,N4058J,A21N,AIRBUS A-321neo,0
landing,LGA,31,1780162274.38,2026-05-30T17:31:14Z,40.777142,-73.867716,298.1,a2000d,N228PQ,CRJ9,BOMBARDIER Regional Jet CRJ-900,0
landing,JFK,31R,1780162285.85,2026-05-30T17:31:25Z,40.652676,-73.779053,300.9,a77d89,N582CA,CRJ9,BOMBARDIER Regional Jet CRJ-900,0
landing,JFK,31L,1780162335.12,2026-05-30T17:32:15Z,40.637171,-73.791998,298.1,a93d7c,N695CA,CRJ9,BOMBARDIER Regional Jet CRJ-900,0
takeoff,JFK,31L,1780162401.86,2026-05-30T17:33:21Z,40.630246,-73.776736,303.8,a383f3,N3255J,BCS3,,0
landing,LGA,31,1780162411.61,2026-05-30T17:33:31Z,40.778201,-73.869932,303.8,a3c662,N342SX,B38M,BOEING 737 MAX 8,0
landing,JFK,31R,1780162451.95,2026-05-30T17:34:11Z,40.650345,-73.773833,300.9,acf48c,N934AG,A20N,AIRBUS A-320neo,0
takeoff,LGA,04,1780162452.15,2026-05-30T17:34:12Z,40.770996,-73.882629,30.9,a31486,N298PQ,CRJ9,BOMBARDIER Regional Jet CRJ-900,0
takeoff,JFK,31L,1780162457.07,2026-05-30T17:34:17Z,40.629993,-73.776184,303.8,acb679,N918XJ,CRJ9,BOMBARDIER Regional Jet CRJ-900,0
landing,JFK,31R,1780162544.37,2026-05-30T17:35:44Z,40.65271,-73.779068,300.9,a78cfc,N586JB,A320,AIRBUS A-320,0
landing,LGA,31,1780162555.78,2026-05-30T17:35:55Z,40.77911,-73.871826,303.8,a1f46b,N225JQ,E75L,EMBRAER ERJ-170-200 (long wing),0
takeoff,LGA,31,1780162555.78,2026-05-30T17:35:55Z,40.77911,-73.871826,303.8,a1f46b,N225JQ,E75L,EMBRAER ERJ-170-200 (long wing),0
landing,LGA,31,1780162556.81,2026-05-30T17:35:56Z,40.77919,-73.872008,303.8,a1f46b,N225JQ,E75L,EMBRAER ERJ-170-200 (long wing),0
takeoff,LGA,04,1780162571.73,2026-05-30T17:36:11Z,40.770019,-73.883431,30.9,a04aa9,N118HQ,E75L,EMBRAER ERJ-170-200 (long wing),0
takeoff,JFK,31L,1780162623.47,2026-05-30T17:37:03Z,40.62999,-73.776174,303.8,ab400f,N824DN,B739,BOEING 737-900,0
takeoff,JFK,13R,1780162624.68,2026-05-30T17:37:04Z,40.635509,-73.781128,78.8,a93d7c,N695CA,CRJ9,BOMBARDIER Regional Jet CRJ-900,0
landing,LGA,31,1780162639.29,2026-05-30T17:37:19Z,40.776535,-73.866455,303.8,ad5460,N958WN,B737,BOEING 737-700,0
landing,JFK,31R,1780162643.37,2026-05-30T17:37:23Z,40.650032,-73.773148,300.9,4006c0,G-VIIN,B772,BOEING 777-200,0
takeoff,JFK,31L,1780162685.8,2026-05-30T17:38:05Z,40.630048,-73.776283,300.9,8691cc,JA785A,B77W,BOEING 777-300ER,0
takeoff,LGA,04,1780162689.28,2026-05-30T17:38:09Z,40.771427,-73.882276,30.9,aa7e36,N77518,B738,BOEING 737-800,0
landing,JFK,31R,1780162744.01,2026-05-30T17:39:04Z,40.651136,-73.775565,300.9,407da5,G-VJAZ,A339,AIRBUS A-330-900,0
landing,LGA,31,1780162750.87,2026-05-30T17:39:10Z,40.778725,-73.871056,298.1,a18380,N197PQ,CRJ9,BOMBARDIER Regional Jet CRJ-900,0
takeoff,JFK,31L,1780162793.28,2026-05-30T17:39:53Z,40.629993,-73.776169,300.9,ab5975,N830MH,B764,BOEING 767-400,0
landing,LGA,31,1780162849.68,2026-05-30T17:40:49Z,40.777508,-73.868469,303.8,a441fb,N3735D,B738,BOEING 737-800,0
takeoff,LGA,04,1780162894.3,2026-05-30T17:41:34Z,40.77251,-73.881387,28.1,a34bdc,N311PQ,CRJ9,BOMBARDIER Regional Jet CRJ-900,0
landing,JFK,31L,1780162918.75,2026-05-30T17:41:58Z,40.639126,-73.796352,300.9,acb2c2,N917XJ,CRJ9,BOMBARDIER Regional Jet CRJ-900,0
landing,JFK,31R,1780162919.27,2026-05-30T17:41:59Z,40.652952,-73.77981,292.5,a09239,N136HQ,E75L,EMBRAER ERJ-170-200 (long wing),0
landing,LGA,31,1780162972.85,2026-05-30T17:42:52Z,40.776804,-73.867014,303.8,acf849,N935AN,B738,BOEING 737-800,0
landing,JFK,31R,1780162976.01,2026-05-30T17:42:56Z,40.65102,-73.775331,300.9,a78945,N585JB,A320,AIRBUS A-320,0
takeoff,JFK,31L,1780162977.45,2026-05-30T17:42:57Z,40.628384,-73.772632,303.8,a4c170,N405YX,E75L,EMBRAER ERJ-170-200 (long wing),0
landing,LGA,31,1780163052.68,2026-05-30T17:44:12Z,40.778675,-73.870926,303.8,a07fa6,N131HQ,E75L,EMBRAER ERJ-170-200 (long wing),0
takeoff,LGA,31,1780163055.0,2026-05-30T17:44:15Z,40.778915,-73.871429,303.8,a07fa6,N131HQ,E75L,EMBRAER ERJ-170-200 (long wing),0
landing,LGA,31,1780163056.01,2026-05-30T17:44:16Z,40.779015,-73.871633,303.8,a07fa6,N131HQ,E75L,EMBRAER ERJ-170-200 (long wing),0
takeoff,LGA,31,1780163057.32,2026-05-30T17:44:17Z,40.779132,-73.871883,303.8,a07fa6,N131HQ,E75L,EMBRAER ERJ-170-200 (long wing),0
landing,LGA,31,1780163059.88,2026-05-30T17:44:19Z,40.779316,-73.872299,300.9,a07fa6,N131HQ,E75L,EMBRAER ERJ-170-200 (long wing),0
landing,JFK,31R,1780163093.2,2026-05-30T17:44:53Z,40.652721,-73.779114,300.9,a026e1,N109HQ,E75L,EMBRAER ERJ-170-200 (long wing),0
landing,LGA,31,1780163156.28,2026-05-30T17:45:56Z,40.777665,-73.868809,303.8,a1be10,N211JQ,E75L,EMBRAER ERJ-170-200 (long wing),0
takeoff,LGA,31,1780163157.78,2026-05-30T17:45:57Z,40.777793,-73.869074,300.9,a1be10,N211JQ,E75L,EMBRAER ERJ-170-200 (long wing),0
landing,LGA,31,1780163161.77,2026-05-30T17:46:01Z,40.778096,-73.869745,303.8,a1be10,N211JQ,E75L,EMBRAER ERJ-170-200 (long wing),0
landing,JFK,31R,1780163167.73,2026-05-30T17:46:07Z,40.650787,-73.774841,303.8,a3556f,N3138J,BCS3,AIRBUS A220-300,0
landing,JFK,31L,1780163197.95,2026-05-30T17:46:37Z,40.638279,-73.794434,300.9,a12861,N174DN,B763,BOEING 767-300,0
landing,LGA,31,1780163221.84,2026-05-30T17:47:01Z,40.776711,-73.866827,303.8,a6ed61,N54538,A21N,AIRBUS A-321neo,0
takeoff,LGA,04,1780163256.93,2026-05-30T17:47:36Z,40.770218,-73.88327,30.9,a4fddb,N420YX,E75L,EMBRAER ERJ-170-200 (long wing),0
landing,JFK,31R,1780163260.68,2026-05-30T17:47:40Z,40.652638,-73.778889,300.9,ac21e4,N881DN,B739,BOEING 737-900,0
takeoff,JFK,31L,1780163277.41,2026-05-30T17:47:57Z,40.630669,-73.777664,300.9,71be21,HL7621,A388,AIRBUS A-380-800,0
landing,LGA,31,1780163341.94,2026-05-30T17:49:01Z,40.778973,-73.871582,303.8,a51f4a,N429YX,E75L,EMBRAER ERJ-170-200 (long wing),0
takeoff,LGA,31,1780163341.94,2026-05-30T17:49:01Z,40.778973,-73.871582,303.8,a51f4a,N429YX,E75L,EMBRAER ERJ-170-200 (long wing),0
landing,LGA,31,1780163343.37,2026-05-30T17:49:03Z,40.779087,-73.871811,303.8,a51f4a,N429YX,E75L,EMBRAER ERJ-170-200 (long wing),0
takeoff,LGA,04,1780163356.57,2026-05-30T17:49:16Z,40.769868,-73.883556,33.8,a03bcd,N114HQ,E75L,EMBRAER ERJ-170-200 (long wing),0
landing,JFK,31R,1780163364.68,2026-05-30T17:49:24Z,40.651265,-73.775862,300.9,4b1881,HB-JHH,A333,AIRBUS A-330-300,0
landing,LGA,31,1780163409.88,2026-05-30T17:50:09Z,40.777235,-73.867904,303.8,a44240,N3737C,B738,BOEING 737-800,0
takeoff,JFK,31L,1780163440.69,2026-05-30T17:50:40Z,40.629013,-73.77402,303.8,a38b84,N3276J,BCS3,AIRBUS A220-300,0
landing,JFK,31R,1780163494.79,2026-05-30T17:51:34Z,40.650834,-73.77491,303.8,a8aef3,N659JB,A320,AIRBUS A-320,0
landing,LGA,31,1780163502.69,2026-05-30T17:51:42Z,40.777782,-73.869027,303.8,ac5bf6,N896DN,B739,BOEING 737-900,0
takeoff,JFK,31L,1780163564.0,2026-05-30T17:52:44Z,40.630281,-73.776814,303.8,a062ec,N124DU,BCS1,AIRBUS A220-100,0
landing,JFK,31R,1780163590.36,2026-05-30T17:53:10Z,40.650054,-73.773225,300.9,a0f44c,N1602,B763,BOEING 767-300,0
landing,LGA,31,1780163602.61,2026-05-30T17:53:22Z,40.777747,-73.869012,303.8,ac2f5a,N8842L,B38M,BOEING 737 MAX 8,0
landing,JFK,31R,1780163693.79,2026-05-30T17:54:53Z,40.650671,-73.774551,300.9,0d0ba3,XA-VIR,A20N,AIRBUS A-320neo,0
landing,LGA,31,1780163713.29,2026-05-30T17:55:13Z,40.777677,-73.868871,303.8,a8a0d9,N655RW,E170,EMBRAER ERJ-170-100,0
takeoff,LGA,31,1780163715.85,2026-05-30T17:55:15Z,40.777908,-73.869324,303.8,a8a0d9,N655RW,E170,EMBRAER ERJ-170-100,0
landing,LGA,31,1780163717.54,2026-05-30T17:55:17Z,40.777966,-73.869446,303.8,a8a0d9,N655RW,E170,EMBRAER ERJ-170-100,0
takeoff,LGA,31,1780163725.79,2026-05-30T17:55:25Z,40.778713,-73.871009,303.8,a8a0d9,N655RW,E170,EMBRAER ERJ-170-100,0
landing,LGA,31,1780163725.79,2026-05-30T17:55:25Z,40.778713,-73.871009,303.8,a8a0d9,N655RW,E170,EMBRAER ERJ-170-100,0
takeoff,LGA,04,1780163746.79,2026-05-30T17:55:46Z,40.77174,-73.882004,30.9,a3b4d6,N338PK,B738,BOEING 737-800,0
landing,JFK,31R,1780163779.71,2026-05-30T17:56:19Z,40.652206,-73.777969,302.4,ab4e94,N828AA,B789,BOEING 787-9 Dreamliner,0
landing,JFK,31L,1780163859.12,2026-05-30T17:57:39Z,40.639927,-73.79808,303.8,a45051,N3771K,B738,BOEING 737-800,0
takeoff,LGA,04,1780163859.13,2026-05-30T17:57:39Z,40.771742,-73.882011,30.9,a83108,N627JB,A320,AIRBUS A-320,0
landing,LGA,31,1780163928.21,2026-05-30T17:58:48Z,40.778458,-73.870453,303.8,a1463a,N181UW,A321,AIRBUS A-321,0
landing,JFK,31R,1780163945.03,2026-05-30T17:59:05Z,40.65116,-73.775643,300.9,a32095,N300NY,A21N,AIRBUS A-321neo,0
landing,LGA,31,1780164031.1,2026-05-30T18:00:31Z,40.777279,-73.867981,300.9,a05ddc,N12225,B738,BOEING 737-800,0
landing,JFK,31R,1780164041.36,2026-05-30T18:00:41Z,40.651125,-73.775565,303.8,a98445,N712JB,A320,AIRBUS A-320,0
landing,JFK,22L,1780164042.39,2026-05-30T18:00:42Z,40.6329,-73.76947,182.8,a338ac,N3065J,BCS3,AIRBUS A220-300,0
landing,JFK,31L,1780164059.81,2026-05-30T18:00:59Z,40.639458,-73.796997,303.8,a356f6,N314PD,B738,BOEING 737-800,0
takeoff,JFK,31L,1780164110.25,2026-05-30T18:01:50Z,40.629616,-73.775314,300.9,ac7b1b,N903JB,A321,AIRBUS A-321,0
landing,JFK,31L,1780164110.91,2026-05-30T18:01:50Z,40.629734,-73.775581,300.9,ac7b1b,N903JB,A321,AIRBUS A-321,0
takeoff,JFK,31L,1780164110.91,2026-05-30T18:01:50Z,40.629734,-73.775581,300.9,ac7b1b,N903JB,A321,AIRBUS A-321,0
landing,JFK,31R,1780164141.39,2026-05-30T18:02:21Z,40.651183,-73.77569,300.9,4cadc9,EI-HJR,A339,AIRBUS A-330-900,0
landing,LGA,31,1780164143.85,2026-05-30T18:02:23Z,40.779213,-73.87207,303.8,aa1ffc,N751YX,E75L,EMBRAER ERJ-170-200 (long wing),0
takeoff,LGA,31,1780164144.34,2026-05-30T18:02:24Z,40.779259,-73.872177,303.8,aa1ffc,N751YX,E75L,EMBRAER ERJ-170-200 (long wing),0
landing,LGA,31,1780164145.35,2026-05-30T18:02:25Z,40.779341,-73.872336,303.8,aa1ffc,N751YX,E75L,EMBRAER ERJ-170-200 (long wing),0
landing,JFK,31L,1780164257.08,2026-05-30T18:04:17Z,40.639754,-73.797725,300.9,a52cc8,N432YX,E75L,EMBRAER ERJ-170-200 (long wing),0
landing,LGA,31,1780164269.22,2026-05-30T18:04:29Z,40.776569,-73.866608,298.1,a5255a,N430YX,E75L,EMBRAER ERJ-170-200 (long wing),0
landing,JFK,31R,1780164271.59,2026-05-30T18:04:31Z,40.651348,-73.776016,302.4,a560f3,N446AM,B789,BOEING 787-9 Dreamliner,0
landing,LGA,31,1780164353.51,2026-05-30T18:05:53Z,40.776501,-73.866364,303.8,ad01c0,N937XJ,CRJ9,BOMBARDIER Regional Jet CRJ-900,0
landing,JFK,31L,1780164368.96,2026-05-30T18:06:08Z,40.639056,-73.796149,300.9,a03235,N111ZM,A321,AIRBUS A-321,0
landing,JFK,31R,1780164378.95,2026-05-30T18:06:18Z,40.652699,-73.779068,300.9,aa5428,N765AN,B772,BOEING 777-200,0
takeoff,JFK,31L,1780164418.68,2026-05-30T18:06:58Z,40.629967,-73.776065,303.8,a37389,N321RL,B38M,BOEING 737 MAX 8,0
landing,LGA,31,1780164442.18,2026-05-30T18:07:22Z,40.778061,-73.869667,300.9,a7de93,N606LR,CRJ9,BOMBARDIER Regional Jet CRJ-900,0
landing,JFK,31R,1780164497.97,2026-05-30T18:08:17Z,40.651171,-73.775675,300.9,ab44af,N825NW,A333,AIRBUS A-330-300,0
landing,JFK,31L,1780164536.49,2026-05-30T18:08:56Z,40.639813,-73.79785,303.8,a19691,N201JQ,E75L,EMBRAER ERJ-170-200 (long wing),0
takeoff,JFK,31L,1780164545.09,2026-05-30T18:09:05Z,40.628323,-73.772461,284.1,a338ac,N3065J,BCS3,AIRBUS A220-300,0
landing,JFK,22R,1780164618.54,2026-05-30T18:10:18Z,40.639708,-73.776939,241.9,0c6063,9Y-GRN,B38M,BOEING 737 MAX 8,0
takeoff,JFK,31L,1780164625.17,2026-05-30T18:10:25Z,40.630119,-73.776413,303.8,a5e3e4,N479PX,CRJ9,BOMBARDIER Regional Jet CRJ-900,0
landing,LGA,31,1780164635.57,2026-05-30T18:10:35Z,40.77706,-73.867545,300.9,a47d11,N389DN,A321,AIRBUS A-321,0
takeoff,LGA,31,1780164635.57,2026-05-30T18:10:35Z,40.77706,-73.867545,300.9,a47d11,N389DN,A321,AIRBUS A-321,0
landing,LGA,31,1780164636.33,2026-05-30T18:10:36Z,40.777279,-73.868011,303.8,a47d11,N389DN,A321,AIRBUS A-321,0
landing,JFK,31R,1780164642.64,2026-05-30T18:10:42Z,40.651055,-73.775425,300.9,ad4c2a,N956NN,B738,BOEING 737-800,0
landing,JFK,31L,1780164729.28,2026-05-30T18:12:09Z,40.63781,-73.793411,300.9,a13e8c,N18CG,F900,DASSAULT Falcon 900,8
landing,LGA,31,1780164751.32,2026-05-30T18:12:31Z,40.776489,-73.866333,303.8,c05ec7,C-GJXE,BCS3,AIRBUS A220-300,0
landing,JFK,31R,1780164782.04,2026-05-30T18:13:02Z,40.652312,-73.778172,303.8,0c2161,HP-9916CMP,B39M,BOEING 737 MAX 9,0
takeoff,JFK,31L,1780164783.16,2026-05-30T18:13:03Z,40.630397,-73.777064,303.8,a7bbe9,N598JB,A320,AIRBUS A-320,0
takeoff,LGA,04,1780164787.72,2026-05-30T18:13:07Z,40.771998,-73.881808,30.9,a3472f,N310DU,BCS3,AIRBUS A220-300,0
takeoff,JFK,31L,1780164836.83,2026-05-30T18:13:56Z,40.630153,-73.776533,303.8,acaf0b,N916XJ,CRJ9,BOMBARDIER Regional Jet CRJ-900,0
landing,JFK,31R,1780164866.55,2026-05-30T18:14:26Z,40.651113,-73.775534,303.8,ab1c47,N815DN,B739,BOEING 737-900,0
landing,LGA,31,1780164880.86,2026-05-30T18:14:40Z,40.77911,-73.871857,303.8,a4eca6,N416YX,E75L,EMBRAER ERJ-170-200 (long wing),0
takeoff,LGA,04,1780164888.4,2026-05-30T18:14:48Z,40.769691,-73.883698,30.9,a07bef,N130HQ,E75L,EMBRAER ERJ-170-200 (long wing),0
landing,LGA,04,1780164890.29,2026-05-30T18:14:50Z,40.769949,-73.883494,30.9,a07bef,N130HQ,E75L,EMBRAER ERJ-170-200 (long wing),0
takeoff,LGA,04,1780164890.29,2026-05-30T18:14:50Z,40.769949,-73.883494,30.9,a07bef,N130HQ,E75L,EMBRAER ERJ-170-200 (long wing),0
landing,JFK,31L,1780164947.82,2026-05-30T18:15:47Z,40.638439,-73.794693,298.1,a3c5ea,N342NB,A319,AIRBUS A-319,0
landing,LGA,31,1780164980.26,2026-05-30T18:16:20Z,40.778084,-73.869714,303.8,a046f2,N117HQ,E75L,EMBRAER ERJ-170-200 (long wing),0
takeoff,LGA,31,1780164980.26,2026-05-30T18:16:20Z,40.778084,-73.869714,303.8,a046f2,N117HQ,E75L,EMBRAER ERJ-170-200 (long wing),0
landing,LGA,31,1780164981.13,2026-05-30T18:16:21Z,40.778183,-73.869934,303.8,a046f2,N117HQ,E75L,EMBRAER ERJ-170-200 (long wing),0
takeoff,JFK,31L,1780165005.97,2026-05-30T18:16:45Z,40.629874,-73.775893,303.8,a66576,N511DE,A21N,AIRBUS A-321neo,0
takeoff,LGA,04,1780165010.11,2026-05-30T18:16:50Z,40.771763,-73.881989,30.9,a05dd8,N12221,B738,BOEING 737-800,0
landing,JFK,31R,1780165034.88,2026-05-30T18:17:14Z,40.651863,-73.777206,300.9,abac50,N851NW,A332,AIRBUS A-330-200,0
landing,LGA,31,1780165071.11,2026-05-30T18:17:51Z,40.77649,-73.866343,303.8,a04695,N117DX,A321,AIRBUS A-321,0
takeoff,LGA,04,1780165111.25,2026-05-30T18:18:31Z,40.77158,-73.882141,30.9,abe2a3,N865NN,B738,BOEING 737-800,0
landing,JFK,31L,1780165126.48,2026-05-30T18:18:46Z,40.641254,-73.80101,300.9,ab6851,N834MH,B764,BOEING 767-400,0
landing,LGA,31,1780165189.35,2026-05-30T18:19:49Z,40.777542,-73.868546,300.9,a30961,N295PQ,CRJ9,BOMBARDIER Regional Jet CRJ-900,0
takeoff,JFK,31L,1780165201.18,2026-05-30T18:20:01Z,40.630258,-73.776736,300.9,8418b4,JA06WJ,A35K,AIRBUS A-350-1000,0
landing,JFK,31L,1780165201.88,2026-05-30T18:20:01Z,40.630417,-73.777084,300.9,8418b4,JA06WJ,A35K,AIRBUS A-350-1000,0
takeoff,JFK,31L,1780165201.88,2026-05-30T18:20:01Z,40.630417,-73.777084,300.9,8418b4,JA06WJ,A35K,AIRBUS A-350-1000,0
takeoff,LGA,04,1780165251.91,2026-05-30T18:20:51Z,40.77187,-73.881902,30.9,a44a6d,N376DN,A321,AIRBUS A-321,0
takeoff,LGA,04,1780165283.94,2026-05-30T18:21:23Z,40.769817,-73.883621,33.8,a2147c,N233JQ,E75L,EMBRAER ERJ-170-200 (long wing),0
landing,JFK,31R,1780165298.33,2026-05-30T18:21:38Z,40.652917,-73.779904,289.7,a02cf1,N110HQ,E75L,EMBRAER ERJ-170-200 (long wing),0
landing,JFK,31L,1780165312.53,2026-05-30T18:21:52Z,40.63873,-73.795447,303.8,a486cc,N391DA,B738,BOEING 737-800,0
landing,LGA,31,1780165358.54,2026-05-30T18:22:38Z,40.776886,-73.867155,300.9,a2fe3c,N292PQ,CRJ9,BOMBARDIER Regional Jet CRJ-900,0
landing,JFK,31R,1780165376.17,2026-05-30T18:22:56Z,40.647778,-73.77594,300.9,a98f6a,N715JB,A320,AIRBUS A-320,0
takeoff,JFK,31L,1780165376.33,2026-05-30T18:22:56Z,40.63006,-73.776314,300.9,ada227,N978JB,A321,AIRBUS A-321,0
landing,JFK,31R,1780165379.87,2026-05-30T18:22:59Z,40.651637,-73.776705,300.9,a1c935,N214JQ,E75L,EMBRAER ERJ-170-200 (long wing),0
takeoff,LGA,04,1780165389.42,2026-05-30T18:23:09Z,40.770172,-73.883331,30.9,a095f0,N137HQ,E75L,EMBRAER ERJ-170-200 (long wing),0
takeoff,JFK,31L,1780165435.85,2026-05-30T18:23:55Z,40.629215,-73.774445,300.9,0c6063,9Y-GRN,B38M,BOEING 737 MAX 8,0
takeoff,LGA,04,1780165455.34,2026-05-30T18:24:15Z,40.772404,-73.88147,30.9,aca3e6,N913XJ,CRJ9,BOMBARDIER Regional Jet CRJ-900,0
landing,JFK,31R,1780165458.26,2026-05-30T18:24:18Z,40.651777,-73.777017,302.4,507c59,UK-78706,B788,BOEING 787-8 Dreamliner,0
takeoff,JFK,31L,1780165511.83,2026-05-30T18:25:11Z,40.628735,-73.773392,303.8,a5b078,N466FX,GLF4,GULFSTREAM 4,0
landing,LGA,31,1780165552.3,2026-05-30T18:25:52Z,40.777988,-73.869476,303.8,a0669d,N125DN,A321,AIRBUS A-321,0
takeoff,LGA,04,1780165596.35,2026-05-30T18:26:36Z,40.769915,-73.883525,30.9,abe2f6,N865RW,E170,EMBRAER ERJ-170-100,0
landing,JFK,31R,1780165599.54,2026-05-30T18:26:39Z,40.650856,-73.774979,300.9,a5fc87,N485PX,CRJ9,BOMBARDIER Regional Jet CRJ-900,0
takeoff,LGA,04,1780165656.92,2026-05-30T18:27:36Z,40.76984,-73.883591,30.9,a866c7,N640RW,E170,EMBRAER ERJ-170-100,0
landing,JFK,31R,1780165674.03,2026-05-30T18:27:54Z,40.649589,-73.772163,300.9,add376,N990JL,A321,AIRBUS A-321,0
landing,JFK,22L,1780165733.01,2026-05-30T18:28:53Z,40.629152,-73.771118,210.9,acc040,N920XJ,CRJ9,BOMBARDIER Regional Jet CRJ-900,0
takeoff,JFK,31L,1780165765.0,2026-05-30T18:29:25Z,40.629078,-73.774124,300.9,acc040,N920XJ,CRJ9,BOMBARDIER Regional Jet CRJ-900,0
landing,JFK,31R,1780165798.87,2026-05-30T18:29:58Z,40.654314,-73.7829,286.9,3c7a51,D-ANRQ,A339,AIRBUS A-330-900,0
landing,JFK,31R,1780165905.93,2026-05-30T18:31:45Z,40.651943,-73.777374,300.9,a01c37,N106NN,A321,AIRBUS A-321,0
landing,JFK,31L,1780165907.18,2026-05-30T18:31:47Z,40.640162,-73.798615,303.8,a45316,N378SC,B38M,BOEING 737 MAX 8,0
takeoff,JFK,31L,1780165969.61,2026-05-30T18:32:49Z,40.629833,-73.775818,303.8,ab6519,N833SK,CRJ9,BOMBARDIER Regional Jet CRJ-900,0
landing,JFK,31R,1780166001.52,2026-05-30T18:33:21Z,40.652859,-73.779482,298.1,a4cd23,N4083J,A21N,AIRBUS A-321neo,0
landing,LGA,31,1780166065.43,2026-05-30T18:34:25Z,40.778606,-73.870789,300.9,ac0a75,N875RW,E170,EMBRAER ERJ-170-100,0
landing,JFK,31R,1780166085.2,2026-05-30T18:34:45Z,40.651646,-73.776718,300.9,a13af4,N179DN,B763,BOEING 767-300,0
takeoff,LGA,04,1780166086.07,2026-05-30T18:34:46Z,40.769932,-73.883499,30.9,ab1d06,N815MD,E170,EMBRAER ERJ-170-100,0
takeoff,JFK,31L,1780166120.72,2026-05-30T18:35:20Z,40.629604,-73.775284,300.9,a98f6a,N715JB,A320,AIRBUS A-320,0
takeoff,LGA,04,1780166139.46,2026-05-30T18:35:39Z,40.769749,-73.883667,30.9,a1e946,N222JQ,E75L,EMBRAER ERJ-170-200 (long wing),0
takeoff,JFK,31L,1780166165.76,2026-05-30T18:36:05Z,40.630409,-73.777079,303.8,a0cb68,N150NN,A321,AIRBUS A-321,0
takeoff,LGA,04,1780166227.52,2026-05-30T18:37:07Z,40.771465,-73.882248,30.9,a6e258,N54241,B738,BOEING 737-800,0
landing,JFK,31L,1780166243.66,2026-05-30T18:37:23Z,40.63802,-73.793886,300.9,a2b919,N275AK,B739,BOEING 737-900,0
takeoff,JFK,31L,1780166281.95,2026-05-30T18:38:01Z,40.628361,-73.772569,303.8,a0433b,N116HQ,E75L,EMBRAER ERJ-170-200 (long wing),0
landing,LGA,31,1780166338.6,2026-05-30T18:38:58Z,40.778597,-73.870822,303.8,abd7d1,N862RW,E170,EMBRAER ERJ-170-100,0
takeoff,LGA,31,1780166338.6,2026-05-30T18:38:58Z,40.778597,-73.870822,303.8,abd7d1,N862RW,E170,EMBRAER ERJ-170-100,0
landing,LGA,31,1780166339.32,2026-05-30T18:38:59Z,40.778678,-73.870978,303.8,abd7d1,N862RW,E170,EMBRAER ERJ-170-100,0
takeoff,JFK,31L,1780166341.0,2026-05-30T18:39:01Z,40.631023,-73.778442,303.8,a15795,N186GJ,CRJ9,BOMBARDIER Regional Jet CRJ-900,0
landing,JFK,22R,1780166374.23,2026-05-30T18:39:34Z,40.646214,-73.770884,171.6,a37517,N3215J,BCS3,,0
takeoff,LGA,04,1780166377.87,2026-05-30T18:39:37Z,40.773208,-73.880809,30.9,a35c97,N3156J,BCS3,AIRBUS A220-300,0
takeoff,LGA,22,1780166391.27,2026-05-30T18:39:51Z,40.769623,-73.882599,225.0,a07fa6,N131HQ,E75L,EMBRAER ERJ-170-200 (long wing),0
landing,JFK,31L,1780166446.42,2026-05-30T18:40:46Z,40.638474,-73.794861,300.9,a6cacb,N537DT,A21N,AIRBUS A-321neo,0
landing,JFK,31R,1780166453.17,2026-05-30T18:40:53Z,40.65271,-73.779099,300.9,a4c9d5,N4076J,A21N,AIRBUS A-321neo,0
landing,LGA,31,1780166454.38,2026-05-30T18:40:54Z,40.778538,-73.87065,303.8,abfe1c,N872DN,B739,BOEING 737-900,0
takeoff,LGA,04,1780166480.87,2026-05-30T18:41:20Z,40.771253,-73.882417,30.9,c08268,C-GXJZ,DH8D,DE HAVILLAND DHC-8-400 Dash 8,0
takeoff,JFK,31L,1780166497.65,2026-05-30T18:41:37Z,40.630269,-73.776767,300.9,aca79d,N914XJ,CRJ9,BOMBARDIER Regional Jet CRJ-900,0
landing,JFK,22R,1780166515.43,2026-05-30T18:41:55Z,40.645539,-73.770899,180.0,abbb2c,N855NW,A332,AIRBUS A-330-200,0
landing,LGA,31,1780166596.82,2026-05-30T18:43:16Z,40.777724,-73.868965,303.8,a32f82,N304PQ,CRJ9,BOMBARDIER Regional Jet CRJ-900,0
landing,JFK,31L,1780166603.98,2026-05-30T18:43:23Z,40.638851,-73.795685,303.8,a33843,N3062J,BCS3,AIRBUS A220-300,0
landing,LGA,31,1780166738.59,2026-05-30T18:45:38Z,40.777747,-73.86898,300.9,a8f235,N676CA,CRJ9,BOMBARDIER Regional Jet CRJ-900,0
landing,JFK,31R,1780166764.26,2026-05-30T18:46:04Z,40.652091,-73.777735,302.4,4ca8fc,EI-NEW,B789,BOEING 787-9 Dreamliner,0
takeoff,LGA,04,1780166765.32,2026-05-30T18:46:05Z,40.771648,-73.88208,30.9,ac7c67,N903XJ,CRJ9,BOMBARDIER Regional Jet CRJ-900,0
landing,JFK,31L,1780166779.01,2026-05-30T18:46:19Z,40.638311,-73.794526,300.9,a5f162,N482PX,CRJ9,BOMBARDIER Regional Jet CRJ-900,0
landing,LGA,31,1780166870.38,2026-05-30T18:47:50Z,40.776874,-73.86717,303.8,ad36c8,N950XV,A21N,,0
landing,JFK,31R,1780166898.88,2026-05-30T18:48:18Z,40.65184,-73.777145,303.8,a1d99b,N2180J,A21N,AIRBUS A-321neo,0
takeoff,LGA,04,1780166906.86,2026-05-30T18:48:26Z,40.771374,-73.882324,30.9,abadc0,N8512U,B738,BOEING 737-800,0
landing,JFK,31L,1780166920.19,2026-05-30T18:48:40Z,40.639893,-73.798019,300.9,c00b7c,C-FEJB,E75S,EMBRAER ERJ-170-200 (short wing),0
landing,LGA,31,1780166975.15,2026-05-30T18:49:35Z,40.779167,-73.871948,303.8,a06aba,N126HQ,E75L,EMBRAER ERJ-170-200 (long wing),0
takeoff,LGA,04,1780167002.35,2026-05-30T18:50:02Z,40.771351,-73.882339,30.9,ad5460,N958WN,B737,BOEING 737-700,0
landing,JFK,31L,1780167030.27,2026-05-30T18:50:30Z,40.63813,-73.794113,303.8,acab54,N915XJ,CRJ9,BOMBARDIER Regional Jet CRJ-900,0
landing,LGA,31,1780167064.28,2026-05-30T18:51:04Z,40.777945,-73.869371,303.8,a387f0,N3267J,BCS3,,0
takeoff,LGA,04,1780167102.26,2026-05-30T18:51:42Z,40.769926,-73.883525,30.9,a8a0d9,N655RW,E170,EMBRAER ERJ-170-100,0
landing,JFK,31L,1780167134.71,2026-05-30T18:52:14Z,40.638963,-73.795946,300.9,ab1d30,N815NW,A333,AIRBUS A-330-300,0
landing,JFK,31R,1780167138.41,2026-05-30T18:52:18Z,40.650997,-73.775316,300.9,348351,EC-ONR,A21N,AIRBUS A-321neo,0
takeoff,LGA,04,1780167196.42,2026-05-30T18:53:16Z,40.771671,-73.88208,30.9,a39052,N329FX,E545,EMBRAER EMB545 Praetor 500,0
takeoff,JFK,31L,1780167201.0,2026-05-30T18:53:21Z,40.630037,-73.776252,303.8,a6152a,N491PX,CRJ9,BOMBARDIER Regional Jet CRJ-900,0
takeoff,JFK,31L,1780167242.14,2026-05-30T18:54:02Z,40.628663,-73.77324,303.8,a026e1,N109HQ,E75L,EMBRAER ERJ-170-200 (long wing),0
landing,LGA,31,1780167284.21,2026-05-30T18:54:44Z,40.777607,-73.868715,303.8,ac1ad7,N8795L,B38M,BOEING 737 MAX 8,0
landing,JFK,13L,1780167302.06,2026-05-30T18:55:02Z,40.653394,-73.783399,120.9,ad444d,N954JB,A321,AIRBUS A-321,0
landing,JFK,31R,1780167337.88,2026-05-30T18:55:37Z,40.651102,-73.775534,302.4,48ae03,SP-LRD,B788,BOEING 787-8 Dreamliner,0
landing,JFK,31L,1780167379.95,2026-05-30T18:56:19Z,40.637764,-73.793274,300.9,a3d4c6,N346NB,A319,AIRBUS A-319,0
landing,LGA,31,1780167404.62,2026-05-30T18:56:44Z,40.777451,-73.868332,303.8,c06081,C-GKOE,A320,AIRBUS A-320,0
takeoff,JFK,31L,1780167443.03,2026-05-30T18:57:23Z,40.630211,-73.776611,303.8,ab83e8,N841DN,B739,BOEING 737-900,0
landing,LGA,31,1780167511.54,2026-05-30T18:58:31Z,40.779097,-73.871852,303.8,a2270f,N238JQ,E75L,EMBRAER ERJ-170-200 (long wing),0
landing,JFK,31L,1780167536.62,2026-05-30T18:58:56Z,40.640282,-73.798889,303.8,ad56e0,N959JB,A321,AIRBUS A-321,0
takeoff,LGA,04,1780167564.48,2026-05-30T18:59:24Z,40.772667,-73.881256,30.9,a3a152,N333DU,BCS3,,0
takeoff,LGA,04,1780167593.29,2026-05-30T18:59:53Z,40.770012,-73.883453,30.9,a1f46b,N225JQ,E75L,EMBRAER ERJ-170-200 (long wing),0
takeoff,JFK,31L,1780167598.21,2026-05-30T18:59:58Z,40.630234,-73.776703,303.8,acb2c2,N917XJ,CRJ9,BOMBARDIER Regional Jet CRJ-900,0
landing,JFK,31L,1780167692.54,2026-05-30T19:01:32Z,40.639138,-73.796352,303.8,a11380,N169DZ,B763,BOEING 767-300,0
takeoff,JFK,31L,1780167692.54,2026-05-30T19:01:32Z,40.639138,-73.796352,303.8,a11380,N169DZ,B763,BOEING 767-300,0
landing,JFK,31L,1780167693.79,2026-05-30T19:01:33Z,40.639423,-73.796982,303.8,a11380,N169DZ,B763,BOEING 767-300,0
landing,JFK,22R,1780167714.8,2026-05-30T19:01:54Z,40.644526,-73.770931,185.6,4075b3,G-VLUX,A35K,AIRBUS A-350-1000,0
landing,LGA,31,1780167723.06,2026-05-30T19:02:03Z,40.777607,-73.868684,303.8,a384f8,N326DU,BCS3,AIRBUS A220-300,0
landing,JFK,31R,1780167754.99,2026-05-30T19:02:34Z,40.653068,-73.780169,286.9,a1ce99,N2151J,A21N,AIRBUS A-321neo,0
takeoff,JFK,31L,1780167766.35,2026-05-30T19:02:46Z,40.630898,-73.778156,303.8,a38439,N3257J,BCS3,,0
takeoff,JFK,31L,1780167821.21,2026-05-30T19:03:41Z,40.630386,-73.777032,303.8,a1a0c4,N2039J,A21N,AIRBUS A-321neo,0
landing,JFK,31R,1780167826.67,2026-05-30T19:03:46Z,40.650892,-73.775082,303.8,a0f4a2,N1604R,B763,BOEING 767-300,0
takeoff,JFK,31R,1780167826.67,2026-05-30T19:03:46Z,40.650892,-73.775082,303.8,a0f4a2,N1604R,B763,BOEING 767-300,0
landing,JFK,31R,1780167830.33,2026-05-30T19:03:50Z,40.651657,-73.776733,300.9,a0f4a2,N1604R,B763,BOEING 767-300,0
takeoff,JFK,31L,1780167869.59,2026-05-30T19:04:29Z,40.630268,-73.776779,303.8,a5e9f4,N480PX,CRJ9,BOMBARDIER Regional Jet CRJ-900,0
takeoff,LGA,04,1780167886.07,2026-05-30T19:04:46Z,40.772495,-73.881393,28.1,a2000d,N228PQ,CRJ9,BOMBARDIER Regional Jet CRJ-900,0
takeoff,JFK,31L,1780167907.04,2026-05-30T19:05:07Z,40.628675,-73.773271,303.8,a1a924,N206JQ,E75L,EMBRAER ERJ-170-200 (long wing),0
landing,JFK,31L,1780167907.63,2026-05-30T19:05:07Z,40.628757,-73.773474,303.8,a1a924,N206JQ,E75L,EMBRAER ERJ-170-200 (long wing),0
takeoff,JFK,31L,1780167907.63,2026-05-30T19:05:07Z,40.628757,-73.773474,303.8,a1a924,N206JQ,E75L,EMBRAER ERJ-170-200 (long wing),0
takeoff,LGA,04,1780167949.92,2026-05-30T19:05:49Z,40.769932,-73.883499,30.9,a51f4a,N429YX,E75L,EMBRAER ERJ-170-200 (long wing),0
landing,JFK,31R,1780167958.12,2026-05-30T19:05:58Z,40.652847,-73.779388,298.1,ab5d2c,N831MH,B764,BOEING 767-400,0
takeoff,JFK,31L,1780167965.51,2026-05-30T19:06:05Z,40.630444,-73.777157,300.9,a16273,N189DN,B763,BOEING 767-300,0
takeoff,LGA,04,1780168026.71,2026-05-30T19:07:06Z,40.771951,-73.881839,30.9,ac2f5a,N8842L,B38M,BOEING 737 MAX 8,0
landing,JFK,31R,1780168052.05,2026-05-30T19:07:32Z,40.651951,-73.777376,302.4,485e2e,PH-BKH,B78X,BOEING 787-10 Dreamliner,0
landing,JFK,13R,1780168089.03,2026-05-30T19:08:09Z,40.640751,-73.795975,165.9,3c6718,D-AIXX,A359,AIRBUS A-350-900,0
landing,LGA,31,1780168103.87,2026-05-30T19:08:23Z,40.777433,-73.868356,306.6,a145b7,N181PQ,CRJ9,BOMBARDIER Regional Jet CRJ-900,0
takeoff,JFK,31L,1780168134.08,2026-05-30T19:08:54Z,40.63028,-73.776794,303.8,a7d2bc,N603DN,A21N,AIRBUS A-321neo,0
takeoff,LGA,04,1780168171.92,2026-05-30T19:09:31Z,40.771963,-73.881839,30.9,a3c662,N342SX,B38M,BOEING 737 MAX 8,0
takeoff,JFK,31L,1780168297.71,2026-05-30T19:11:37Z,40.630543,-73.77739,303.8,78023d,B-KPQ,B77W,BOEING 777-300ER,0
landing,LGA,31,1780168308.71,2026-05-30T19:11:48Z,40.77895,-73.87146,303.8,a23fb2,N244JQ,E75L,EMBRAER ERJ-170-200 (long wing),0
takeoff,LGA,22,1780168309.11,2026-05-30T19:11:49Z,40.769763,-73.882417,219.4,a18380,N197PQ,CRJ9,BOMBARDIER Regional Jet CRJ-900,0
landing,JFK,13L,1780168314.76,2026-05-30T19:11:54Z,40.648499,-73.774612,120.9,a7a8ed,N593DX,A21N,,0
takeoff,LGA,04,1780168333.93,2026-05-30T19:12:13Z,40.77159,-73.882136,30.9,a441fb,N3735D,B738,BOEING 737-800,0
takeoff,JFK,31L,1780168385.96,2026-05-30T19:13:05Z,40.628574,-73.773056,303.8,a09239,N136HQ,E75L,EMBRAER ERJ-170-200 (long wing),0
landing,JFK,31R,1780168418.45,2026-05-30T19:13:38Z,40.650925,-73.775162,303.8,adabfe,N980JT,A321,AIRBUS A-321,0
landing,LGA,31,1780168450.87,2026-05-30T19:14:10Z,40.779121,-73.871857,303.8,a08acb,N134HQ,E75L,EMBRAER ERJ-170-200 (long wing),0
landing,JFK,31L,1780168471.54,2026-05-30T19:14:31Z,40.639137,-73.796371,303.8,a35efa,N316VD,B38M,BOEING 737 MAX 8,0
takeoff,LGA,22,1780168497.91,2026-05-30T19:14:57Z,40.769726,-73.884521,171.6,aa1ffc,N751YX,E75L,EMBRAER ERJ-170-200 (long wing),0
landing,JFK,22R,1780168521.31,2026-05-30T19:15:21Z,40.64491,-73.770931,182.8,aafd1f,N807NW,A333,AIRBUS A-330-300,0
takeoff,JFK,31L,1780168539.04,2026-05-30T19:15:39Z,40.630397,-73.777079,300.9,738c06,4X-ICA,B744,BOEING 747-400,0
landing,LGA,31,1780168560.68,2026-05-30T19:16:00Z,40.77926,-73.872164,303.8,abd41a,N861RW,E170,EMBRAER ERJ-170-100,0
landing,LGA,31,1780168615.81,2026-05-30T19:16:55Z,40.777473,-73.868439,303.8,a35d79,N316DU,BCS3,AIRBUS A220-300,0
takeoff,JFK,31L,1780168651.11,2026-05-30T19:17:31Z,40.631235,-73.778921,300.9,a539c9,N436DX,A339,AIRBUS A-330-900,0
landing,JFK,22R,1780168656.48,2026-05-30T19:17:36Z,40.645539,-73.770899,180.0,a24369,N245JQ,E75L,EMBRAER ERJ-170-200 (long wing),0
landing,LGA,31,1780168726.01,2026-05-30T19:18:46Z,40.778606,-73.870804,306.6,a030a8,N111HQ,E75L,EMBRAER ERJ-170-200 (long wing),0
landing,JFK,22R,1780168744.57,2026-05-30T19:19:04Z,40.645054,-73.770905,182.8,a35ab8,N315PQ,CRJ9,BOMBARDIER Regional Jet CRJ-900,0
takeoff,LGA,04,1780168750.88,2026-05-30T19:19:10Z,40.771694,-73.882065,30.9,ac5bf6,N896DN,B739,BOEING 737-900,0
takeoff,JFK,31L,1780168777.5,2026-05-30T19:19:37Z,40.630118,-73.776455,303.8,acc5fb,N922DZ,B739,BOEING 737-900,0
landing,LGA,31,1780168794.55,2026-05-30T19:19:54Z,40.777305,-73.86806,303.8,ac4bb8,N8912Q,B38M,BOEING 737 MAX 8,0
takeoff,LGA,04,1780168829.88,2026-05-30T19:20:29Z,40.771858,-73.881917,30.9,a1463a,N181UW,A321,AIRBUS A-321,0
takeoff,JFK,31L,1780168843.18,2026-05-30T19:20:43Z,40.628574,-73.773056,303.8,a52cc8,N432YX,E75L,EMBRAER ERJ-170-200 (long wing),0
landing,JFK,31R,1780168851.26,2026-05-30T19:20:51Z,40.654129,-73.782211,300.9,ad2f71,N949JT,A321,AIRBUS A-321,0
landing,LGA,31,1780168914.83,2026-05-30T19:21:54Z,40.778457,-73.870416,300.9,a114f4,N169UW,A321,AIRBUS A-321,0
takeoff,JFK,31L,1780168932.03,2026-05-30T19:22:12Z,40.630337,-73.776932,303.8,a356f6,N314PD,B738,BOEING 737-800,0
takeoff,LGA,04,1780168965.29,2026-05-30T19:22:45Z,40.772556,-73.88134,30.9,ad01c0,N937XJ,CRJ9,BOMBARDIER Regional Jet CRJ-900,0
landing,JFK,31L,1780169013.36,2026-05-30T19:23:33Z,40.639184,-73.796477,303.8,ad4744,N955AK,B39M,BOEING 737 MAX 9,0
landing,LGA,31,1780169013.49,2026-05-30T19:23:33Z,40.777619,-73.868715,303.8,a39723,N330PQ,CRJ9,BOMBARDIER Regional Jet CRJ-900,0
takeoff,LGA,22,1780169039.26,2026-05-30T19:23:59Z,40.769705,-73.882495,225.0,a8996b,N653RW,E170,EMBRAER ERJ-170-100,0
takeoff,JFK,31L,1780169077.13,2026-05-30T19:24:37Z,40.630572,-73.777407,300.9,a3401a,N3085J,BCS3,AIRBUS A220-300,0
landing,LGA,31,1780169103.79,2026-05-30T19:25:03Z,40.778503,-73.870588,303.8,ab40ce,N824MD,E170,EMBRAER ERJ-170-100,0
landing,JFK,22R,1780169108.24,2026-05-30T19:25:08Z,40.645364,-73.770899,180.0,ab53e4,N829SK,CRJ9,BOMBARDIER Regional Jet CRJ-900,0
landing,JFK,31R,1780169154.15,2026-05-30T19:25:54Z,40.651829,-73.777145,300.9,aad5ca,N798AN,B772,BOEING 777-200,0
landing,LGA,31,1780169164.05,2026-05-30T19:26:04Z,40.777302,-73.868057,303.8,acf69b,N934XJ,CRJ9,BOMBARDIER Regional Jet CRJ-900,0
takeoff,LGA,04,1780169201.95,2026-05-30T19:26:41Z,40.771486,-73.882214,30.9,a42e13,N369DN,A321,AIRBUS A-321,0
landing,JFK,31L,1780169209.63,2026-05-30T19:26:49Z,40.638073,-73.794006,300.9,a148b9,N182GJ,CRJ9,BOMBARDIER Regional Jet CRJ-900,0
landing,JFK,13R,1780169209.63,2026-05-30T19:26:49Z,40.641266,-73.796036,151.9,a01f73,N107HQ,E75L,EMBRAER ERJ-170-200 (long wing),0
landing,LGA,31,1780169267.03,2026-05-30T19:27:47Z,40.776592,-73.866592,303.8,c00899,C-FDGQ,A320,AIRBUS A-320,0
takeoff,JFK,31L,1780169273.48,2026-05-30T19:27:53Z,40.630642,-73.77761,300.9,899133,B-16788,B77L,BOEING 777-200LR,0
landing,LGA,31,1780169350.12,2026-05-30T19:29:10Z,40.778806,-73.871181,303.8,a0b889,N14563,A21N,AIRBUS A-321neo,0
landing,JFK,31L,1780169395.87,2026-05-30T19:29:55Z,40.637857,-73.793512,303.8,4a91af,SE-DMO,A21N,AIRBUS A-321neo,0
landing,LGA,31,1780169420.14,2026-05-30T19:30:20Z,40.776874,-73.86717,303.8,a05b78,N122DN,A321,AIRBUS A-321,0
landing,JFK,13L,1780169447.19,2026-05-30T19:30:47Z,40.646885,-73.773376,163.1,a6cb48,N537JT,A320,AIRBUS A-320,0
takeoff,JFK,31L,1780169467.96,2026-05-30T19:31:07Z,40.630611,-73.777496,303.8,a8c796,N665JB,A320,AIRBUS A-320,0
landing,LGA,31,1780169523.64,2026-05-30T19:32:03Z,40.777794,-73.869095,303.8,a1d0a3,N216JQ,E75L,EMBRAER ERJ-170-200 (long wing),0
takeoff,LGA,31,1780169523.64,2026-05-30T19:32:03Z,40.777794,-73.869095,303.8,a1d0a3,N216JQ,E75L,EMBRAER ERJ-170-200 (long wing),0
landing,LGA,31,1780169528.96,2026-05-30T19:32:08Z,40.778389,-73.870331,303.8,a1d0a3,N216JQ,E75L,EMBRAER ERJ-170-200 (long wing),0
takeoff,LGA,31,1780169529.77,2026-05-30T19:32:09Z,40.778481,-73.870514,303.8,a1d0a3,N216JQ,E75L,EMBRAER ERJ-170-200 (long wing),0
landing,LGA,31,1780169530.43,2026-05-30T19:32:10Z,40.77855,-73.870666,303.8,a1d0a3,N216JQ,E75L,EMBRAER ERJ-170-200 (long wing),0
takeoff,JFK,31L,1780169543.98,2026-05-30T19:32:23Z,40.631003,-73.77839,303.8,ac21e4,N881DN,B739,BOEING 737-900,0
landing,LGA,31,1780169609.7,2026-05-30T19:33:29Z,40.778538,-73.87065,303.8,acfc00,N936AN,B738,BOEING 737-800,0
landing,LGA,31,1780169681.02,2026-05-30T19:34:41Z,40.777689,-73.868856,303.8,a77b76,N581UW,A321,AIRBUS A-321,0
takeoff,JFK,31L,1780169688.12,2026-05-30T19:34:48Z,40.628632,-73.773178,303.8,a01f73,N107HQ,E75L,EMBRAER ERJ-170-200 (long wing),0
takeoff,LGA,04,1780169726.82,2026-05-30T19:35:26Z,40.771465,-73.882233,30.9,a7de93,N606LR,CRJ9,BOMBARDIER Regional Jet CRJ-900,0
landing,JFK,31L,1780169781.54,2026-05-30T19:36:21Z,40.63944,-73.796976,300.9,a333ae,N305UG,B38M,BOEING 737 MAX 8,0
landing,LGA,31,1780169791.31,2026-05-30T19:36:31Z,40.778387,-73.870307,300.9,a36994,N319PQ,CRJ9,BOMBARDIER Regional Jet CRJ-900,0
takeoff,JFK,31L,1780169835.13,2026-05-30T19:37:15Z,40.630657,-73.777573,303.8,0d0ba3,XA-VIR,A20N,AIRBUS A-320neo,0
takeoff,LGA,04,1780169872.09,2026-05-30T19:37:52Z,40.769909,-73.88353,33.8,a4eca6,N416YX,E75L,EMBRAER ERJ-170-200 (long wing),0
landing,JFK,31L,1780169909.68,2026-05-30T19:38:29Z,40.639309,-73.796722,300.9,a12c23,N175DZ,B763,BOEING 767-300,0
landing,JFK,22R,1780169952.45,2026-05-30T19:39:12Z,40.645329,-73.770889,180.0,a35854,N3142J,BCS3,AIRBUS A220-300,0
landing,JFK,13R,1780170025.79,2026-05-30T19:40:25Z,40.640546,-73.795853,160.3,394a0b,F-GSQL,B77W,BOEING 777-300ER,0
takeoff,LGA,04,1780170064.55,2026-05-30T19:41:04Z,40.772428,-73.881449,30.9,a130cb,N176PQ,CRJ9,BOMBARDIER Regional Jet CRJ-900,0
landing,JFK,31L,1780170068.43,2026-05-30T19:41:08Z,40.638591,-73.795119,300.9,a793fd,N588DT,A21N,AIRBUS A-321neo,0
takeoff,LGA,04,1780170110.88,2026-05-30T19:41:50Z,40.77187,-73.881917,30.9,a30961,N295PQ,CRJ9,BOMBARDIER Regional Jet CRJ-900,0
takeoff,JFK,31L,1780170118.52,2026-05-30T19:41:58Z,40.629879,-73.775909,303.8,a8aef3,N659JB,A320,AIRBUS A-320,0
landing,JFK,31L,1780170196.51,2026-05-30T19:43:16Z,40.638794,-73.795578,300.9,ac7a33,N9029F,A319,AIRBUS A-319,0
landing,LGA,31,1780170217.32,2026-05-30T19:43:37Z,40.77721,-73.867874,300.9,a37e80,N324PQ,CRJ9,BOMBARDIER Regional Jet CRJ-900,0
landing,JFK,22R,1780170227.81,2026-05-30T19:43:47Z,40.644962,-73.770905,181.5,89640a,A6-BLE,B789,BOEING 787-9 Dreamliner,0
takeoff,LGA,22,1780170229.13,2026-05-30T19:43:49Z,40.77166,-73.880591,210.9,abdf3f,N864RW,E170,EMBRAER ERJ-170-100,0
landing,JFK,31L,1780170285.74,2026-05-30T19:44:45Z,40.638908,-73.795792,300.9,a7b40e,N596DT,,,0
landing,LGA,31,1780170329.07,2026-05-30T19:45:29Z,40.77887,-73.871338,303.8,ada699,N979RP,E170,EMBRAER ERJ-170-100,0
takeoff,JFK,31L,1780170347.9,2026-05-30T19:45:47Z,40.630479,-73.777266,303.8,ad4c2a,N956NN,B738,BOEING 737-800,0
takeoff,JFK,31L,1780170419.94,2026-05-30T19:46:59Z,40.628677,-73.77327,300.9,a13e8c,N18CG,F900,DASSAULT Falcon 900,8
landing,JFK,13L,1780170440.86,2026-05-30T19:47:20Z,40.65271,-73.784195,115.3,ade252,N994JL,A321,AIRBUS A-321,0
landing,LGA,31,1780170442.64,2026-05-30T19:47:22Z,40.778608,-73.870806,303.8,a20d0e,N231JQ,E75L,EMBRAER ERJ-170-200 (long wing),0
takeoff,LGA,31,1780170444.71,2026-05-30T19:47:24Z,40.778812,-73.871231,303.8,a20d0e,N231JQ,E75L,EMBRAER ERJ-170-200 (long wing),0
landing,LGA,31,1780170447.89,2026-05-30T19:47:27Z,40.779133,-73.871902,303.8,a20d0e,N231JQ,E75L,EMBRAER ERJ-170-200 (long wing),0
landing,JFK,31R,1780170480.18,2026-05-30T19:48:00Z,40.652277,-73.778125,299.6,7c806f,VH-ZNL,B789,BOEING 787-9 Dreamliner,0
takeoff,JFK,31L,1780170489.76,2026-05-30T19:48:09Z,40.63044,-73.77713,300.9,a0275c,N109NN,A321,AIRBUS A-321,0
landing,LGA,31,1780170499.62,2026-05-30T19:48:19Z,40.777279,-73.86795,300.9,a8c028,N663JB,A320,AIRBUS A-320,0
takeoff,JFK,31L,1780170544.01,2026-05-30T19:49:04Z,40.630302,-73.776855,303.8,a45051,N3771K,B738,BOEING 737-800,0
takeoff,LGA,04,1780170544.65,2026-05-30T19:49:04Z,40.772667,-73.881241,30.9,a2fe3c,N292PQ,CRJ9,BOMBARDIER Regional Jet CRJ-900,0
landing,JFK,31R,1780170602.46,2026-05-30T19:50:02Z,40.654999,-73.784119,300.9,89639e,A6-EOE,A388,AIRBUS A-380-800,0
landing,LGA,31,1780170619.82,2026-05-30T19:50:19Z,40.777677,-73.86884,303.8,a36eae,N320DU,BCS3,AIRBUS A220-300,0
landing,JFK,31L,1780170621.36,2026-05-30T19:50:21Z,40.640041,-73.79834,300.9,a120fe,N172DZ,B763,BOEING 767-300,0
takeoff,JFK,31L,1780170652.9,2026-05-30T19:50:52Z,40.628175,-73.772148,300.9,a19691,N201JQ,E75L,EMBRAER ERJ-170-200 (long wing),0
takeoff,LGA,04,1780170662.15,2026-05-30T19:51:02Z,40.771786,-73.881989,30.9,c05ec7,C-GJXE,BCS3,AIRBUS A220-300,0
landing,LGA,31,1780170726.51,2026-05-30T19:52:06Z,40.777817,-73.869121,306.6,a3dc5a,N348PQ,CRJ9,BOMBARDIER Regional Jet CRJ-900,0
takeoff,LGA,04,1780170755.57,2026-05-30T19:52:35Z,40.769973,-73.883478,30.9,ac0a75,N875RW,E170,EMBRAER ERJ-170-100,0
landing,JFK,31R,1780170781.59,2026-05-30T19:53:01Z,40.65244,-73.778468,303.8,a362a9,N317UW,B38M,BOEING 737 MAX 8,0
landing,JFK,31L,1780170814.98,2026-05-30T19:53:34Z,40.639731,-73.797679,303.8,ac760d,N9016,A319,AIRBUS A-319,0
landing,LGA,31,1780170857.51,2026-05-30T19:54:17Z,40.778841,-73.87129,303.8,ac1951,N879RW,E170,EMBRAER ERJ-170-100,0
takeoff,JFK,31L,1780170874.74,2026-05-30T19:54:34Z,40.629839,-73.775815,300.9,a18284,N197DN,B763,BOEING 767-300,0
takeoff,LGA,04,1780170888.94,2026-05-30T19:54:48Z,40.772102,-73.881715,30.9,a0669d,N125DN,A321,AIRBUS A-321,0
landing,LGA,31,1780170959.03,2026-05-30T19:55:59Z,40.779133,-73.871887,303.8,a1f0b4,N224JQ,E75L,EMBRAER ERJ-170-200 (long wing),0
landing,JFK,31R,1780170974.93,2026-05-30T19:56:14Z,40.652573,-73.778778,300.9,0d1139,XA-AMD,B38M,BOEING 737 MAX 8,0
takeoff,JFK,31L,1780170979.62,2026-05-30T19:56:19Z,40.629925,-73.776031,303.8,acf48c,N934AG,A20N,AIRBUS A-320neo,0
landing,JFK,31L,1780170981.76,2026-05-30T19:56:21Z,40.630316,-73.776892,300.9,acf48c,N934AG,A20N,AIRBUS A-320neo,0
takeoff,JFK,31L,1780170981.76,2026-05-30T19:56:21Z,40.630316,-73.776892,300.9,acf48c,N934AG,A20N,AIRBUS A-320neo,0
landing,LGA,31,1780171017.33,2026-05-30T19:56:57Z,40.77777,-73.869043,303.8,a3ac77,N336DU,BCS3,AIRBUS A220-300,0
takeoff,JFK,31L,1780171049.01,2026-05-30T19:57:29Z,40.629536,-73.77516,300.9,a657f4,N508DA,A21N,AIRBUS A-321neo,0
takeoff,LGA,04,1780171059.58,2026-05-30T19:57:39Z,40.771694,-73.88205,30.9,a04695,N117DX,A321,AIRBUS A-321,0
landing,JFK,31R,1780171060.19,2026-05-30T19:57:40Z,40.651614,-73.776673,300.9,a0563b,N1201P,B763,BOEING 767-300,0
landing,LGA,31,1780171112.99,2026-05-30T19:58:32Z,40.776909,-73.867233,298.1,a086ce,N133EV,CRJ9,BOMBARDIER Regional Jet CRJ-900,0
landing,JFK,22R,1780171121.78,2026-05-30T19:58:41Z,40.645352,-73.770899,180.0,a22358,N237JQ,E75L,EMBRAER ERJ-170-200 (long wing),0
takeoff,JFK,31L,1780171126.47,2026-05-30T19:58:46Z,40.628524,-73.772944,303.8,a1c935,N214JQ,E75L,EMBRAER ERJ-170-200 (long wing),0
takeoff,LGA,04,1780171159.99,2026-05-30T19:59:19Z,40.771427,-73.882308,33.8,acf849,N935AN,B738,BOEING 737-800,0
landing,JFK,13R,1780171170.73,2026-05-30T19:59:30Z,40.640671,-73.795929,165.9,44ccc8,OO-SFH,A333,AIRBUS A-330-300,0
landing,JFK,31R,1780171195.0,2026-05-30T19:59:55Z,40.651794,-73.777084,300.9,a1fbd9,N227JQ,E75L,EMBRAER ERJ-170-200 (long wing),0
landing,LGA,31,1780171239.42,2026-05-30T20:00:39Z,40.778887,-73.871384,303.8,ab0a73,N810MD,E170,EMBRAER ERJ-170-100,0
takeoff,LGA,22,1780171306.76,2026-05-30T20:01:46Z,40.769658,-73.882573,225.0,abd7d1,N862RW,E170,EMBRAER ERJ-170-100,0
takeoff,JFK,04L,1780171321.9,2026-05-30T20:02:01Z,40.625824,-73.78265,30.9,89672f,A6-XWO,A35K,AIRBUS A-350-1000,0
landing,LGA,31,1780171323.93,2026-05-30T20:02:03Z,40.779015,-73.871633,300.9,a336f0,N306PQ,CRJ9,BOMBARDIER Regional Jet CRJ-900,0
landing,LGA,31,1780171392.41,2026-05-30T20:03:12Z,40.778422,-73.870401,303.8,a437da,N371DN,A321,AIRBUS A-321,0
takeoff,JFK,04L,1780171438.04,2026-05-30T20:03:58Z,40.625107,-73.783203,28.1,a77d89,N582CA,CRJ9,BOMBARDIER Regional Jet CRJ-900,0
takeoff,JFK,04L,1780171502.61,2026-05-30T20:05:02Z,40.624218,-73.783899,28.1,0c2161,HP-9916CMP,B39M,BOEING 737 MAX 9,0
landing,LGA,31,1780171520.93,2026-05-30T20:05:20Z,40.77935,-73.872375,303.8,abc2e5,N857RW,E170,EMBRAER ERJ-170-100,0
landing,JFK,22R,1780171546.03,2026-05-30T20:05:46Z,40.63496,-73.772319,239.1,ab4c76,N827SK,CRJ9,BOMBARDIER Regional Jet CRJ-900,0
landing,LGA,31,1780171563.97,2026-05-30T20:06:03Z,40.778389,-73.870316,300.9,ac2fc3,N8845L,B38M,BOEING 737 MAX 8,0
landing,JFK,04R,1780171599.18,2026-05-30T20:06:39Z,40.635297,-73.762644,30.9,ac89f7,N907JB,A321,AIRBUS A-321,0
takeoff,JFK,04L,1780171664.32,2026-05-30T20:07:44Z,40.624346,-73.783805,30.9,a3c5ea,N342NB,A319,AIRBUS A-319,0
landing,LGA,31,1780171672.36,2026-05-30T20:07:52Z,40.776958,-73.867325,303.8,ac046e,N8734Q,B38M,BOEING 737 MAX 8,0
landing,JFK,04R,1780171795.27,2026-05-30T20:09:55Z,40.632603,-73.764801,30.9,a654cb,N507JT,A320,AIRBUS A-320,0
landing,LGA,31,1780171831.79,2026-05-30T20:10:31Z,40.778166,-73.869886,303.8,ac159a,N878RW,E170,EMBRAER ERJ-170-100,0
takeoff,JFK,04L,1780171843.74,2026-05-30T20:10:43Z,40.626446,-73.782166,30.9,3c6517,D-AIHW,A346,AIRBUS A-340-600,0
takeoff,LGA,22,1780171844.8,2026-05-30T20:10:44Z,40.769181,-73.883509,247.5,a47d11,N389DN,A321,AIRBUS A-321,0
landing,JFK,04R,1780171891.13,2026-05-30T20:11:31Z,40.636926,-73.76138,30.9,ab4489,N825MH,B764,BOEING 767-400,0
landing,LGA,31,1780171916.44,2026-05-30T20:11:56Z,40.778946,-73.871524,303.8,abd063,N860RW,E170,EMBRAER ERJ-170-100,0
takeoff,JFK,04L,1780171927.26,2026-05-30T20:12:07Z,40.625278,-73.783081,30.9,ab3d41,N823NW,A333,AIRBUS A-330-300,0
landing,JFK,31R,1780171991.77,2026-05-30T20:13:11Z,40.646645,-73.768509,300.9,abbb5a,N855QS,C700,CESSNA 700 Citation Longitude,0
takeoff,LGA,22,1780171992.51,2026-05-30T20:13:12Z,40.769565,-73.882667,219.4,a8f235,N676CA,CRJ9,BOMBARDIER Regional Jet CRJ-900,0
landing,LGA,31,1780172004.96,2026-05-30T20:13:24Z,40.779613,-73.872925,300.9,a0634c,N124HQ,E75L,EMBRAER ERJ-170-200 (long wing),0
landing,JFK,04R,1780172006.35,2026-05-30T20:13:26Z,40.637369,-73.761037,30.9,ad7e6f,N969JT,A321,AIRBUS A-321,0
takeoff,LGA,04,1780172030.06,2026-05-30T20:13:50Z,40.772461,-73.881424,30.9,acd88e,N927DZ,B739,BOEING 737-900,0
landing,JFK,04L,1780172061.59,2026-05-30T20:14:21Z,40.633942,-73.776291,30.9,a233ce,N241AZ,B763,BOEING 767-300,0
takeoff,LGA,31,1780172086.29,2026-05-30T20:14:46Z,40.777462,-73.874649,303.8,c06081,C-GKOE,A320,AIRBUS A-320,0
landing,LGA,31,1780172103.37,2026-05-30T20:15:03Z,40.778748,-73.871072,303.8,a51425,N426YX,E75L,EMBRAER ERJ-170-200 (long wing),0
landing,JFK,04R,1780172123.88,2026-05-30T20:15:23Z,40.636263,-73.761895,28.1,adbe91,N985JT,A321,AIRBUS A-321,0
landing,LGA,31,1780172169.88,2026-05-30T20:16:09Z,40.777735,-73.868996,303.8,ab5c69,N831DN,B739,BOEING 737-900,0
landing,JFK,04L,1780172176.42,2026-05-30T20:16:16Z,40.63468,-73.775737,30.9,a74679,N568UW,A321,AIRBUS A-321,0
takeoff,LGA,04,1780172221.58,2026-05-30T20:17:01Z,40.773418,-73.880622,30.9,a387f0,N3267J,BCS3,,0
takeoff,JFK,04L,1780172234.99,2026-05-30T20:17:14Z,40.624101,-73.783977,30.9,a33843,N3062J,BCS3,AIRBUS A220-300,0
landing,JFK,04R,1780172244.96,2026-05-30T20:17:24Z,40.637466,-73.760971,28.1,4ca9bb,EI-LRB,A21N,AIRBUS A-321neo,0
takeoff,LGA,22,1780172258.69,2026-05-30T20:17:38Z,40.769996,-73.882136,225.0,a1be10,N211JQ,E75L,EMBRAER ERJ-170-200 (long wing),0
takeoff,JFK,04L,1780172297.57,2026-05-30T20:18:17Z,40.624416,-73.783743,30.9,a78945,N585JB,A320,AIRBUS A-320,0
landing,LGA,31,1780172300.33,2026-05-30T20:18:20Z,40.779632,-73.872944,300.9,a4e538,N414YX,E75L,EMBRAER ERJ-170-200 (long wing),0
landing,JFK,04R,1780172334.09,2026-05-30T20:18:54Z,40.634697,-73.763123,30.9,a688ff,N520AS,B738,BOEING 737-800,0
takeoff,JFK,04L,1780172340.4,2026-05-30T20:19:00Z,40.622879,-73.784929,28.1,c00b7c,C-FEJB,E75S,EMBRAER ERJ-170-200 (short wing),0
landing,LGA,31,1780172370.84,2026-05-30T20:19:30Z,40.777654,-73.86884,300.9,ad928e,N974AN,B738,BOEING 737-800,0
takeoff,LGA,04,1780172411.18,2026-05-30T20:20:11Z,40.772369,-73.8815,30.9,ac1ad7,N8795L,B38M,BOEING 737 MAX 8,0
landing,JFK,04R,1780172426.3,2026-05-30T20:20:26Z,40.63553,-73.762488,30.9,ab00d6,N808NW,A333,AIRBUS A-330-300,0
landing,LGA,31,1780172449.0,2026-05-30T20:20:49Z,40.776292,-73.865953,303.8,a42e48,N369FR,A20N,AIRBUS A-320neo,0
landing,JFK,04L,1780172456.37,2026-05-30T20:20:56Z,40.633186,-73.776871,28.1,a6f2b7,N547JB,A320,AIRBUS A-320,0
landing,JFK,04R,1780172523.41,2026-05-30T20:22:03Z,40.634583,-73.763214,29.6,ab9af3,N847MF,B789,BOEING 787-9 Dreamliner,0
landing,LGA,31,1780172584.31,2026-05-30T20:23:04Z,40.7777,-73.868934,303.8,accb65,N923XJ,CRJ9,BOMBARDIER Regional Jet CRJ-900,0
landing,JFK,04L,1780172617.73,2026-05-30T20:23:37Z,40.634913,-73.775534,30.9,a3711a,N3203J,BCS3,AIRBUS A220-300,0
takeoff,JFK,04L,1780172656.82,2026-05-30T20:24:16Z,40.62537,-73.782994,30.9,ad5329,N958JB,A321,AIRBUS A-321,0
landing,LGA,31,1780172665.35,2026-05-30T20:24:25Z,40.778492,-73.870541,303.8,a43f3c,N373DA,B738,BOEING 737-800,0
takeoff,LGA,04,1780172692.27,2026-05-30T20:24:52Z,40.769943,-73.883499,30.9,a4e181,N413YX,E75L,EMBRAER ERJ-170-200 (long wing),0
landing,JFK,04R,1780172696.41,2026-05-30T20:24:56Z,40.630909,-73.766083,30.9,c0371f,C-FUWS,B737,BOEING 737-700,0
takeoff,LGA,04,1780172730.85,2026-05-30T20:25:30Z,40.769943,-73.883499,33.8,a23fb2,N244JQ,E75L,EMBRAER ERJ-170-200 (long wing),0
landing,JFK,04L,1780172731.46,2026-05-30T20:25:31Z,40.631676,-73.778076,28.1,ac8985,N907DN,B739,BOEING 737-900,0
takeoff,JFK,04L,1780172784.19,2026-05-30T20:26:24Z,40.624157,-73.783936,30.9,a5f162,N482PX,CRJ9,BOMBARDIER Regional Jet CRJ-900,0
landing,JFK,04R,1780172792.38,2026-05-30T20:26:32Z,40.635041,-73.762862,30.9,ab772d,N838MH,B764,BOEING 767-400,0
landing,LGA,31,1780172811.74,2026-05-30T20:26:51Z,40.779167,-73.871992,306.6,a546c9,N439YX,E75L,EMBRAER ERJ-170-200 (long wing),0
takeoff,LGA,04,1780172844.83,2026-05-30T20:27:24Z,40.773308,-73.880722,30.9,a32f82,N304PQ,CRJ9,BOMBARDIER Regional Jet CRJ-900,0
takeoff,JFK,04L,1780172845.94,2026-05-30T20:27:25Z,40.625824,-73.782619,30.9,a3556f,N3138J,BCS3,AIRBUS A220-300,0
landing,LGA,31,1780172898.11,2026-05-30T20:28:18Z,40.779376,-73.872445,303.8,a3a0cc,N33286,B738,BOEING 737-800,0
landing,JFK,04R,1780172927.46,2026-05-30T20:28:47Z,40.634098,-73.763596,30.9,a67bc8,N517DN,A21N,AIRBUS A-321neo,0
landing,JFK,04L,1780172953.35,2026-05-30T20:29:13Z,40.632143,-73.777703,30.9,a38ad5,N3271J,BCS3,,0
takeoff,JFK,04L,1780173012.71,2026-05-30T20:30:12Z,40.624241,-73.783868,28.1,a5fc87,N485PX,CRJ9,BOMBARDIER Regional Jet CRJ-900,0
landing,LGA,31,1780173019.92,2026-05-30T20:30:19Z,40.778114,-73.869751,300.9,a4794e,N388DA,B738,BOEING 737-800,0
landing,JFK,04R,1780173022.61,2026-05-30T20:30:22Z,40.63242,-73.764923,30.9,a358bd,N3145J,BCS3,AIRBUS A220-300,0
takeoff,LGA,04,1780173094.41,2026-05-30T20:31:34Z,40.770321,-73.883194,33.8,acf69b,N934XJ,CRJ9,BOMBARDIER Regional Jet CRJ-900,0
landing,JFK,04R,1780173125.49,2026-05-30T20:32:05Z,40.635258,-73.762695,30.9,a05614,N1200K,B763,BOEING 767-300,0
takeoff,LGA,04,1780173142.63,2026-05-30T20:32:22Z,40.770101,-73.883369,30.9,abfe1c,N872DN,B739,BOEING 737-900,0
takeoff,JFK,04L,1780173213.65,2026-05-30T20:33:33Z,40.625149,-73.78315,30.9,a45316,N378SC,B38M,BOEING 737 MAX 8,0
takeoff,LGA,04,1780173228.39,2026-05-30T20:33:48Z,40.771043,-73.882604,30.9,a6ed61,N54538,A21N,AIRBUS A-321neo,0
landing,JFK,04R,1780173229.91,2026-05-30T20:33:49Z,40.634228,-73.763489,30.9,a53612,N435DX,A339,AIRBUS A-330-900,0
landing,JFK,04L,1780173298.37,2026-05-30T20:34:58Z,40.643292,-73.770665,30.9,a7a1e8,N591JB,A320,AIRBUS A-320,0
landing,JFK,04R,1780173322.91,2026-05-30T20:35:22Z,40.635223,-73.762695,30.9,478854,LN-RKS,A333,AIRBUS A-330-300,0
landing,JFK,04L,1780173341.32,2026-05-30T20:35:41Z,40.635612,-73.774994,30.9,ad734a,N966JT,A321,AIRBUS A-321,0
landing,LGA,31,1780173433.65,2026-05-30T20:37:13Z,40.777073,-73.867584,300.9,a1094c,N166PQ,CRJ9,BOMBARDIER Regional Jet CRJ-900,0
takeoff,JFK,04L,1780173451.9,2026-05-30T20:37:31Z,40.625975,-73.78251,30.9,ab1c47,N815DN,B739,BOEING 737-900,0
landing,JFK,04R,1780173505.41,2026-05-30T20:38:25Z,40.636403,-73.761786,30.9,a0a30e,N140DU,BCS1,AIRBUS A220-100,0
takeoff,JFK,04L,1780173506.35,2026-05-30T20:38:26Z,40.62529,-73.783051,30.9,a98445,N712JB,A320,AIRBUS A-320,0
takeoff,LGA,22,1780173533.71,2026-05-30T20:38:53Z,40.774174,-73.8785,210.9,a384f8,N326DU,BCS3,AIRBUS A220-300,0
takeoff,JFK,04L,1780173550.69,2026-05-30T20:39:10Z,40.622967,-73.784866,30.9,a24369,N245JQ,E75L,EMBRAER ERJ-170-200 (long wing),0
landing,LGA,31,1780173565.78,2026-05-30T20:39:25Z,40.777631,-73.868778,303.8,acc7ae,N922XJ,CRJ9,BOMBARDIER Regional Jet CRJ-900,0
landing,JFK,04R,1780173574.25,2026-05-30T20:39:34Z,40.633793,-73.763824,30.9,4b187a,HB-JHA,A333,AIRBUS A-330-300,0
takeoff,LGA,22,1780173648.58,2026-05-30T20:40:48Z,40.769634,-73.882599,225.0,a08acb,N134HQ,E75L,EMBRAER ERJ-170-200 (long wing),0
takeoff,JFK,04L,1780173653.42,2026-05-30T20:40:53Z,40.625777,-73.782666,28.1,a78cfc,N586JB,A320,AIRBUS A-320,0
landing,LGA,31,1780173662.67,2026-05-30T20:41:02Z,40.77834,-73.87026,303.8,ab3d39,N823NN,B738,BOEING 737-800,0
landing,JFK,04R,1780173684.2,2026-05-30T20:41:24Z,40.635109,-73.762802,30.9,ab398a,N822NW,A333,AIRBUS A-330-300,0
takeoff,JFK,04L,1780173705.2,2026-05-30T20:41:45Z,40.625754,-73.782697,28.1,acab54,N915XJ,CRJ9,BOMBARDIER Regional Jet CRJ-900,0
takeoff,LGA,22,1780173728.7,2026-05-30T20:42:08Z,40.7696,-73.882635,225.0,a05ddc,N12225,B738,BOEING 737-800,0
takeoff,JFK,04L,1780173761.24,2026-05-30T20:42:41Z,40.62537,-73.78299,30.9,aa57df,N766AN,B772,BOEING 777-200,0
landing,JFK,04R,1780173867.46,2026-05-30T20:44:27Z,40.632457,-73.76486,32.4,a4e0df,N413SK,C56X,CESSNA 560XL Citation XLS,8
landing,LGA,31,1780173885.06,2026-05-30T20:44:45Z,40.778666,-73.870931,303.8,abdb88,N863RW,E170,EMBRAER ERJ-170-100,0
takeoff,JFK,04L,1780173954.72,2026-05-30T20:45:54Z,40.625324,-73.78302,30.9,a2b919,N275AK,B739,BOEING 737-900,0
landing,JFK,04R,1780173976.53,2026-05-30T20:46:16Z,40.63674,-73.761536,30.9,a2228b,N237AK,B739,BOEING 737-900,0
landing,LGA,31,1780174017.97,2026-05-30T20:46:57Z,40.779295,-73.872273,303.8,a4da13,N411YX,E75L,EMBRAER ERJ-170-200 (long wing),0
takeoff,JFK,04L,1780174027.52,2026-05-30T20:47:07Z,40.626926,-73.781769,30.9,4b1881,HB-JHH,A333,AIRBUS A-330-300,0
takeoff,LGA,04,1780174038.19,2026-05-30T20:47:18Z,40.769989,-73.883469,33.8,a2270f,N238JQ,E75L,EMBRAER ERJ-170-200 (long wing),0
landing,JFK,04R,1780174049.3,2026-05-30T20:47:29Z,40.635555,-73.762436,30.9,a12fda,N176DZ,B763,BOEING 767-300,0
takeoff,LGA,22,1780174078.66,2026-05-30T20:47:58Z,40.770023,-73.882111,225.0,a06aba,N126HQ,E75L,EMBRAER ERJ-170-200 (long wing),0
takeoff,JFK,04L,1780174102.07,2026-05-30T20:48:22Z,40.625393,-73.782978,32.4,a560f3,N446AM,B789,BOEING 787-9 Dreamliner,0
landing,JFK,04L,1780174104.1,2026-05-30T20:48:24Z,40.62608,-73.78244,32.4,a560f3,N446AM,B789,BOEING 787-9 Dreamliner,0
takeoff,JFK,04L,1780174104.1,2026-05-30T20:48:24Z,40.62608,-73.78244,32.4,a560f3,N446AM,B789,BOEING 787-9 Dreamliner,0
landing,LGA,31,1780174148.21,2026-05-30T20:49:08Z,40.779272,-73.872195,300.9,c08852,C-GZQF,E295,EMBRAER ERJ-190-400,0
takeoff,LGA,04,1780174170.0,2026-05-30T20:49:30Z,40.769915,-73.883525,30.9,ab40ce,N824MD,E170,EMBRAER ERJ-170-100,0
landing,LGA,22,1780174178.33,2026-05-30T20:49:38Z,40.770008,-73.88212,225.0,a06aba,N126HQ,E75L,EMBRAER ERJ-170-200 (long wing),0
takeoff,LGA,04,1780174243.18,2026-05-30T20:50:43Z,40.769897,-73.883545,30.9,a37e80,N324PQ,CRJ9,BOMBARDIER Regional Jet CRJ-900,0
takeoff,JFK,04L,1780174247.98,2026-05-30T20:50:47Z,40.623985,-73.784073,30.9,4cadc9,EI-HJR,A339,AIRBUS A-330-900,0
landing,JFK,04R,1780174278.99,2026-05-30T20:51:18Z,40.63745,-73.761052,28.1,406814,G-VGEM,A333,AIRBUS A-330-300,0
takeoff,JFK,04L,1780174323.65,2026-05-30T20:52:03Z,40.624439,-73.783712,30.9,3c7a51,D-ANRQ,A339,AIRBUS A-330-900,0
landing,LGA,31,1780174331.93,2026-05-30T20:52:11Z,40.777279,-73.868027,303.8,a79e31,N590JB,A320,AIRBUS A-320,0
takeoff,LGA,04,1780174365.93,2026-05-30T20:52:45Z,40.769868,-73.883556,30.9,a06aba,N126HQ,E75L,EMBRAER ERJ-170-200 (long wing),0
takeoff,JFK,04L,1780174395.34,2026-05-30T20:53:15Z,40.624489,-73.783676,30.9,ab44af,N825NW,A333,AIRBUS A-330-300,0
landing,JFK,04R,1780174407.43,2026-05-30T20:53:27Z,40.635223,-73.762711,30.9,a6e361,N543DE,A21N,AIRBUS A-321neo,0
takeoff,LGA,22,1780174447.02,2026-05-30T20:54:07Z,40.769588,-73.882629,225.0,a20d0e,N231JQ,E75L,EMBRAER ERJ-170-200 (long wing),0
landing,LGA,31,1780174470.07,2026-05-30T20:54:30Z,40.778562,-73.870681,306.6,a1f822,N226JQ,E75L,EMBRAER ERJ-170-200 (long wing),0
takeoff,LGA,04,1780174488.32,2026-05-30T20:54:48Z,40.769949,-73.883509,33.8,abd41a,N861RW,E170,EMBRAER ERJ-170-100,0
landing,JFK,22R,1780174502.12,2026-05-30T20:55:02Z,40.634399,-73.77887,225.0,a5e02d,N478PX,CRJ9,BOMBARDIER Regional Jet CRJ-900,0
landing,JFK,04L,1780174541.28,2026-05-30T20:55:41Z,40.63091,-73.778671,30.9,acb679,N918XJ,CRJ9,BOMBARDIER Regional Jet CRJ-900,0
landing,JFK,31R,1780174541.87,2026-05-30T20:55:41Z,40.645469,-73.75804,340.3,aa781f,N774CK,B77L,BOEING 777-200LR,0
landing,LGA,31,1780174588.64,2026-05-30T20:56:28Z,40.776237,-73.865829,303.8,a359c2,N315DU,BCS3,AIRBUS A220-300,0
takeoff,JFK,04L,1780174603.2,2026-05-30T20:56:43Z,40.625428,-73.782947,30.9,a32bba,N303NY,A21N,AIRBUS A-321neo,0
landing,JFK,04R,1780174636.89,2026-05-30T20:57:16Z,40.634634,-73.763175,30.9,a35fc2,N3162J,BCS3,AIRBUS A220-300,0
takeoff,JFK,04L,1780174659.78,2026-05-30T20:57:39Z,40.625347,-73.783009,30.9,a6cacb,N537DT,A21N,AIRBUS A-321neo,0
landing,LGA,31,1780174693.9,2026-05-30T20:58:13Z,40.777691,-73.868912,303.8,a2b0ed,N27246,B738,BOEING 737-800,0
takeoff,JFK,04L,1780174717.67,2026-05-30T20:58:37Z,40.626125,-73.782425,30.9,aaea8c,N802NW,A333,AIRBUS A-330-300,0
takeoff,LGA,04,1780174732.76,2026-05-30T20:58:52Z,40.771614,-73.882136,30.9,c00899,C-FDGQ,A320,AIRBUS A-320,0
landing,JFK,04R,1780174747.24,2026-05-30T20:59:07Z,40.636951,-73.761368,30.9,a8ab3c,N658JB,A320,AIRBUS A-320,0
landing,JFK,22R,1780174804.34,2026-05-30T21:00:04Z,40.642606,-73.772382,210.9,a19cc7,N2027J,A21N,AIRBUS A-321neo,0
landing,JFK,04R,1780174819.55,2026-05-30T21:00:19Z,40.635876,-73.762192,30.9,ab4866,N826NW,A333,AIRBUS A-330-300,0
landing,LGA,31,1780174820.94,2026-05-30T21:00:20Z,40.779376,-73.872445,303.8,a1e946,N222JQ,E75L,EMBRAER ERJ-170-200 (long wing),0
takeoff,LGA,04,1780174858.43,2026-05-30T21:00:58Z,40.771614,-73.882126,30.9,ac4bb8,N8912Q,B38M,BOEING 737 MAX 8,0
takeoff,JFK,04L,1780174869.62,2026-05-30T21:01:09Z,40.625507,-73.782883,30.9,a3d4c6,N346NB,A319,AIRBUS A-319,0
takeoff,JFK,04L,1780174931.55,2026-05-30T21:02:11Z,40.625416,-73.782959,30.9,a1d99b,N2180J,A21N,AIRBUS A-321neo,0
landing,LGA,31,1780174935.41,2026-05-30T21:02:15Z,40.776169,-73.865677,303.8,a34e9d,N312DU,BCS3,AIRBUS A220-300,0
landing,JFK,04R,1780174973.37,2026-05-30T21:02:53Z,40.632935,-73.764526,30.9,a022c6,N108DQ,BCS1,AIRBUS A220-100,0
takeoff,LGA,04,1780174977.86,2026-05-30T21:02:57Z,40.772026,-73.88179,30.9,a8c028,N663JB,A320,AIRBUS A-320,0
takeoff,JFK,04L,1780174995.72,2026-05-30T21:03:15Z,40.625793,-73.782669,30.9,394a07,F-GSQH,B77W,BOEING 777-300ER,0
takeoff,LGA,04,1780175014.84,2026-05-30T21:03:34Z,40.771544,-73.882198,30.9,acfc00,N936AN,B738,BOEING 737-800,0
landing,JFK,04R,1780175059.87,2026-05-30T21:04:19Z,40.636597,-73.761642,30.9,adf128,N998JE,A321,AIRBUS A-321,0
takeoff,JFK,04L,1780175067.41,2026-05-30T21:04:27Z,40.625638,-73.782791,29.6,507c59,UK-78706,B788,BOEING 787-8 Dreamliner,0
landing,JFK,04L,1780175069.27,2026-05-30T21:04:29Z,40.626313,-73.78226,29.6,507c59,UK-78706,B788,BOEING 787-8 Dreamliner,0
takeoff,JFK,04L,1780175069.27,2026-05-30T21:04:29Z,40.626313,-73.78226,29.6,507c59,UK-78706,B788,BOEING 787-8 Dreamliner,0
landing,LGA,31,1780175087.1,2026-05-30T21:04:47Z,40.778853,-73.871306,303.8,a07bef,N130HQ,E75L,EMBRAER ERJ-170-200 (long wing),0
takeoff,LGA,31,1780175087.1,2026-05-30T21:04:47Z,40.778853,-73.871306,303.8,a07bef,N130HQ,E75L,EMBRAER ERJ-170-200 (long wing),0
landing,LGA,31,1780175089.77,2026-05-30T21:04:49Z,40.779097,-73.871821,300.9,a07bef,N130HQ,E75L,EMBRAER ERJ-170-200 (long wing),0
takeoff,LGA,04,1780175100.5,2026-05-30T21:05:00Z,40.769932,-73.883514,30.9,a046f2,N117HQ,E75L,EMBRAER ERJ-170-200 (long wing),0
landing,JFK,04R,1780175149.9,2026-05-30T21:05:49Z,40.634125,-73.76358,30.9,a138b8,N178US,A321,AIRBUS A-321,0
landing,JFK,04L,1780175190.3,2026-05-30T21:06:30Z,40.632027,-73.777828,30.9,a65104,N506JB,A320,AIRBUS A-320,0
landing,LGA,31,1780175232.78,2026-05-30T21:07:12Z,40.779015,-73.871633,303.8,ab3d17,N823MD,E170,EMBRAER ERJ-170-100,0
landing,JFK,04R,1780175256.84,2026-05-30T21:07:36Z,40.635123,-73.762847,30.9,ab3d41,N823NW,A333,AIRBUS A-330-300,0
takeoff,LGA,04,1780175266.39,2026-05-30T21:07:46Z,40.771946,-73.881851,30.9,a35d79,N316DU,BCS3,AIRBUS A220-300,0
takeoff,LGA,04,1780175300.25,2026-05-30T21:08:20Z,40.770077,-73.883384,30.9,a1d0a3,N216JQ,E75L,EMBRAER ERJ-170-200 (long wing),0
takeoff,JFK,04L,1780175337.59,2026-05-30T21:08:57Z,40.625256,-73.783066,33.8,a35ab8,N315PQ,CRJ9,BOMBARDIER Regional Jet CRJ-900,0
takeoff,LGA,04,1780175344.79,2026-05-30T21:09:04Z,40.771683,-73.88208,30.9,a77b76,N581UW,A321,AIRBUS A-321,0
takeoff,JFK,04L,1780175398.0,2026-05-30T21:09:58Z,40.626034,-73.782455,30.9,a189f2,N199DN,B763,BOEING 767-300,0
landing,JFK,04R,1780175400.74,2026-05-30T21:10:00Z,40.636635,-73.761645,30.9,a389eb,N327SK,B38M,BOEING 737 MAX 8,0
takeoff,LGA,04,1780175401.73,2026-05-30T21:10:01Z,40.771992,-73.881821,30.9,a05b78,N122DN,A321,AIRBUS A-321,0
landing,LGA,31,1780175452.81,2026-05-30T21:10:52Z,40.778759,-73.871134,303.8,a2147c,N233JQ,E75L,EMBRAER ERJ-170-200 (long wing),0
takeoff,JFK,04L,1780175486.25,2026-05-30T21:11:26Z,40.626183,-73.782349,25.3,a148b9,N182GJ,CRJ9,BOMBARDIER Regional Jet CRJ-900,0
takeoff,LGA,04,1780175498.52,2026-05-30T21:11:38Z,40.771788,-73.88198,30.9,a44240,N3737C,B738,BOEING 737-800,0
landing,JFK,04R,1780175509.26,2026-05-30T21:11:49Z,40.633209,-73.764297,30.9,acddf8,N928XJ,CRJ9,BOMBARDIER Regional Jet CRJ-900,0
takeoff,JFK,04L,1780175545.46,2026-05-30T21:12:25Z,40.624893,-73.783368,30.9,a6cb48,N537JT,A320,AIRBUS A-320,0
landing,LGA,31,1780175568.1,2026-05-30T21:12:48Z,40.777634,-73.868744,303.8,abe892,N8668A,B738,BOEING 737-800,0
landing,JFK,04R,1780175578.32,2026-05-30T21:12:58Z,40.635181,-73.762769,30.9,ad7ece,N969NN,B738,BOEING 737-800,0
takeoff,LGA,04,1780175610.73,2026-05-30T21:13:30Z,40.771889,-73.881897,33.8,a086ce,N133EV,CRJ9,BOMBARDIER Regional Jet CRJ-900,0
takeoff,JFK,04L,1780175641.17,2026-05-30T21:14:01Z,40.625416,-73.782962,30.9,ac760d,N9016,A319,AIRBUS A-319,0
landing,JFK,04L,1780175642.79,2026-05-30T21:14:02Z,40.625999,-73.782516,30.9,ac760d,N9016,A319,AIRBUS A-319,0
takeoff,JFK,04L,1780175642.79,2026-05-30T21:14:02Z,40.625999,-73.782516,30.9,ac760d,N9016,A319,AIRBUS A-319,0
takeoff,LGA,04,1780175651.19,2026-05-30T21:14:11Z,40.77174,-73.882019,30.9,a336f0,N306PQ,CRJ9,BOMBARDIER Regional Jet CRJ-900,0
landing,JFK,04R,1780175659.23,2026-05-30T21:14:19Z,40.635693,-73.762329,30.9,ad9ac9,N976JT,A321,AIRBUS A-321,0
takeoff,LGA,04,1780175685.25,2026-05-30T21:14:45Z,40.769938,-73.883509,30.9,ada699,N979RP,E170,EMBRAER ERJ-170-100,0
takeoff,JFK,04L,1780175704.81,2026-05-30T21:15:04Z,40.624776,-73.783446,30.9,a19cc7,N2027J,A21N,AIRBUS A-321neo,0
landing,JFK,04R,1780175764.33,2026-05-30T21:16:04Z,40.635166,-73.762772,29.6,ab5fc9,N832AA,B789,BOEING 787-9 Dreamliner,0
landing,LGA,31,1780175779.07,2026-05-30T21:16:19Z,40.77887,-73.871368,303.8,a23bfb,N243JQ,E75L,EMBRAER ERJ-170-200 (long wing),0
takeoff,JFK,04L,1780175798.92,2026-05-30T21:16:38Z,40.62545,-73.782928,30.9,a04641,N117AN,A321,AIRBUS A-321,0
takeoff,LGA,04,1780175802.8,2026-05-30T21:16:42Z,40.771465,-73.882248,30.9,a39723,N330PQ,CRJ9,BOMBARDIER Regional Jet CRJ-900,0
takeoff,LGA,04,1780175850.57,2026-05-30T21:17:30Z,40.773243,-73.880794,30.9,a3ac77,N336DU,BCS3,AIRBUS A220-300,0
landing,JFK,04R,1780175873.46,2026-05-30T21:17:53Z,40.632683,-73.764725,30.9,4c0223,YU-ARD,A332,AIRBUS A-330-200,0
landing,LGA,31,1780175891.55,2026-05-30T21:18:11Z,40.776874,-73.867139,295.3,a07f60,N131EV,CRJ9,BOMBARDIER Regional Jet CRJ-900,0
landing,JFK,04L,1780175907.27,2026-05-30T21:18:27Z,40.629444,-73.779831,30.9,a7b057,N595DT,A21N,,0
takeoff,LGA,04,1780175931.93,2026-05-30T21:18:51Z,40.771671,-73.882065,30.9,a0b889,N14563,A21N,AIRBUS A-321neo,0
landing,LGA,31,1780175979.78,2026-05-30T21:19:39Z,40.77784,-73.869168,300.9,a39ada,N331PQ,CRJ9,BOMBARDIER Regional Jet CRJ-900,0
landing,JFK,04R,1780176007.36,2026-05-30T21:20:07Z,40.634949,-73.762909,30.9,ad4804,N955JB,A321,AIRBUS A-321,0
takeoff,LGA,04,1780176007.58,2026-05-30T21:20:07Z,40.76952,-73.88385,30.9,abc2e5,N857RW,E170,EMBRAER ERJ-170-100,0
takeoff,JFK,04L,1780176030.63,2026-05-30T21:20:30Z,40.625542,-73.782867,30.9,adabfe,N980JT,A321,AIRBUS A-321,0
landing,LGA,31,1780176082.48,2026-05-30T21:21:22Z,40.777956,-73.869386,303.8,ac390f,N887NN,B738,BOEING 737-800,0
landing,JFK,04R,1780176098.13,2026-05-30T21:21:38Z,40.639172,-73.759628,30.9,ab60e3,N832MH,B764,BOEING 767-400,0
takeoff,JFK,04L,1780176100.18,2026-05-30T21:21:40Z,40.625509,-73.782884,30.9,348351,EC-ONR,A21N,AIRBUS A-321neo,0
takeoff,LGA,04,1780176114.59,2026-05-30T21:21:54Z,40.770101,-73.883384,30.9,ac1951,N879RW,E170,EMBRAER ERJ-170-100,0
takeoff,JFK,04L,1780176168.23,2026-05-30T21:22:48Z,40.624788,-73.783446,30.9,a7a8ed,N593DX,A21N,,0
landing,LGA,31,1780176192.85,2026-05-30T21:23:12Z,40.777016,-73.867493,303.8,a34825,N310PQ,CRJ9,BOMBARDIER Regional Jet CRJ-900,0
takeoff,LGA,04,1780176228.85,2026-05-30T21:23:48Z,40.770103,-73.883362,33.8,a1f0b4,N224JQ,E75L,EMBRAER ERJ-170-200 (long wing),0
landing,JFK,04R,1780176234.02,2026-05-30T21:23:54Z,40.633563,-73.764017,28.1,ac8abe,N907SA,CRJ2,,0
takeoff,JFK,04L,1780176270.77,2026-05-30T21:24:30Z,40.626278,-73.782307,30.9,aaf968,N806NW,A333,AIRBUS A-330-300,0
landing,LGA,31,1780176295.36,2026-05-30T21:24:55Z,40.777405,-73.868286,303.8,aca3e6,N913XJ,CRJ9,BOMBARDIER Regional Jet CRJ-900,0
landing,JFK,04R,1780176394.4,2026-05-30T21:26:34Z,40.637497,-73.760943,29.6,3482d5,EC-OMB,B789,BOEING 787-9 Dreamliner,0
landing,JFK,04L,1780176398.69,2026-05-30T21:26:38Z,40.633412,-73.776736,30.9,a6a3c2,N527JL,A320,AIRBUS A-320,0
landing,LGA,31,1780176405.38,2026-05-30T21:26:45Z,40.778194,-73.869965,303.8,ab129a,N812UP,B38M,BOEING 737 MAX 8,0
takeoff,LGA,04,1780176433.95,2026-05-30T21:27:13Z,40.770412,-73.883118,30.9,a36994,N319PQ,CRJ9,BOMBARDIER Regional Jet CRJ-900,0
landing,JFK,22R,1780176442.37,2026-05-30T21:27:22Z,40.640808,-73.767563,210.9,acc040,N920XJ,CRJ9,BOMBARDIER Regional Jet CRJ-900,0
landing,LGA,31,1780176522.98,2026-05-30T21:28:42Z,40.779579,-73.872803,303.8,a03038,N111DC,A321,AIRBUS A-321,0
takeoff,JFK,04L,1780176533.89,2026-05-30T21:28:53Z,40.625323,-73.783025,30.9,4ca74e,EI-EAV,A333,AIRBUS A-330-300,0
takeoff,LGA,04,1780176545.44,2026-05-30T21:29:05Z,40.769932,-73.883514,30.9,ac159a,N878RW,E170,EMBRAER ERJ-170-100,0
takeoff,JFK,04L,1780176614.78,2026-05-30T21:30:14Z,40.626056,-73.782463,29.6,4ca8fc,EI-NEW,B789,BOEING 787-9 Dreamliner,0
landing,LGA,31,1780176651.57,2026-05-30T21:30:51Z,40.77926,-73.872086,303.8,a50900,N423YX,E75L,EMBRAER ERJ-170-200 (long wing),0
takeoff,LGA,22,1780176661.33,2026-05-30T21:31:01Z,40.769657,-73.882568,225.0,ac046e,N8734Q,B38M,BOEING 737 MAX 8,0
landing,JFK,04R,1780176673.73,2026-05-30T21:31:13Z,40.638614,-73.760069,28.1,a36825,N3189J,BCS3,AIRBUS A220-300,0
takeoff,LGA,04,1780176673.75,2026-05-30T21:31:13Z,40.769703,-73.883698,30.9,a36eae,N320DU,BCS3,AIRBUS A220-300,0
takeoff,JFK,04L,1780176724.12,2026-05-30T21:32:04Z,40.625587,-73.782806,30.9,a35854,N3142J,BCS3,AIRBUS A220-300,0
landing,LGA,31,1780176733.28,2026-05-30T21:32:13Z,40.776878,-73.867172,303.8,a426a5,N367DN,A321,AIRBUS A-321,0
takeoff,LGA,22,1780176748.16,2026-05-30T21:32:28Z,40.769577,-73.88266,227.8,a3dc5a,N348PQ,CRJ9,BOMBARDIER Regional Jet CRJ-900,0
landing,JFK,04R,1780176749.59,2026-05-30T21:32:29Z,40.635693,-73.762379,30.9,a5320b,N434AS,B739,BOEING 737-900,0
takeoff,JFK,04L,1780176781.97,2026-05-30T21:33:01Z,40.625072,-73.783234,30.9,4a91af,SE-DMO,A21N,AIRBUS A-321neo,0
takeoff,LGA,22,1780176798.36,2026-05-30T21:33:18Z,40.77102,-73.881106,210.9,a5255a,N430YX,E75L,EMBRAER ERJ-170-200 (long wing),0
takeoff,JFK,04L,1780176845.79,2026-05-30T21:34:05Z,40.625267,-73.783081,30.9,a486cc,N391DA,B738,BOEING 737-800,0
landing,JFK,04R,1780176851.74,2026-05-30T21:34:11Z,40.635132,-73.762802,30.9,ad2baa,N948JB,A321,AIRBUS A-321,0
takeoff,LGA,04,1780176885.22,2026-05-30T21:34:45Z,40.76968,-73.883713,30.9,a0634c,N124HQ,E75L,EMBRAER ERJ-170-200 (long wing),0
takeoff,JFK,04L,1780176908.49,2026-05-30T21:35:08Z,40.625015,-73.783249,30.9,a35efa,N316VD,B38M,BOEING 737 MAX 8,0
landing,LGA,31,1780176937.34,2026-05-30T21:35:37Z,40.777519,-73.868484,303.8,ac9ff2,N912UY,A321,AIRBUS A-321,0
takeoff,JFK,04L,1780176954.97,2026-05-30T21:35:54Z,40.622484,-73.785256,30.9,a1fbd9,N227JQ,E75L,EMBRAER ERJ-170-200 (long wing),0
landing,JFK,04R,1780176958.23,2026-05-30T21:35:58Z,40.634525,-73.763275,30.9,a6eacf,N545DE,A21N,AIRBUS A-321neo,0
takeoff,LGA,04,1780176991.6,2026-05-30T21:36:31Z,40.771992,-73.881805,30.9,ac2fc3,N8845L,B38M,BOEING 737 MAX 8,0
takeoff,JFK,04L,1780177024.71,2026-05-30T21:37:04Z,40.624912,-73.78334,30.9,a333ae,N305UG,B38M,BOEING 737 MAX 8,0
landing,LGA,31,1780177105.48,2026-05-30T21:38:25Z,40.778652,-73.870895,303.8,a3b79c,N339DU,,,0
landing,JFK,22R,1780177128.05,2026-05-30T21:38:48Z,40.644119,-73.771118,247.5,acaf0b,N916XJ,CRJ9,BOMBARDIER Regional Jet CRJ-900,0
takeoff,JFK,04L,1780177164.85,2026-05-30T21:39:24Z,40.625894,-73.782588,30.9,aacaa5,N795AN,B772,BOEING 777-200,0
takeoff,LGA,04,1780177212.69,2026-05-30T21:40:12Z,40.770298,-73.883224,33.8,a546c9,N439YX,E75L,EMBRAER ERJ-170-200 (long wing),0
takeoff,JFK,04L,1780177258.41,2026-05-30T21:40:58Z,40.625649,-73.782775,29.6,485e2e,PH-BKH,B78X,BOEING 787-10 Dreamliner,0
landing,JFK,04R,1780177290.01,2026-05-30T21:41:30Z,40.634022,-73.763641,30.9,a7851c,N584DN,A21N,,0
landing,LGA,31,1780177299.12,2026-05-30T21:41:39Z,40.777519,-73.868469,303.8,abf351,N8695D,B738,BOEING 737-800,0
takeoff,LGA,04,1780177339.7,2026-05-30T21:42:19Z,40.7715,-73.882202,33.8,a437da,N371DN,A321,AIRBUS A-321,0
takeoff,JFK,04L,1780177354.74,2026-05-30T21:42:34Z,40.624626,-73.783569,30.9,a793fd,N588DT,A21N,AIRBUS A-321neo,0
takeoff,JFK,04L,1780177422.97,2026-05-30T21:43:42Z,40.625107,-73.783203,30.9,ac7a33,N9029F,A319,AIRBUS A-319,0
landing,LGA,31,1780177437.08,2026-05-30T21:43:57Z,40.779039,-73.871711,306.6,a03bcd,N114HQ,E75L,EMBRAER ERJ-170-200 (long wing),0
landing,LGA,31,1780177438.15,2026-05-30T21:43:58Z,40.779156,-73.871964,303.8,a03bcd,N114HQ,E75L,EMBRAER ERJ-170-200 (long wing),0
takeoff,LGA,04,1780177465.43,2026-05-30T21:44:25Z,40.77123,-73.882432,30.9,a42e48,N369FR,A20N,AIRBUS A-320neo,0
takeoff,JFK,04L,1780177507.17,2026-05-30T21:45:07Z,40.625965,-73.782501,30.9,a6844d,N519QS,C68A,CESSNA 680 Citation Latitude,0
landing,JFK,13L,1780177521.1,2026-05-30T21:45:21Z,40.657597,-73.786987,123.8,780bb9,B-2098,B77L,BOEING 777-200LR,0
takeoff,LGA,04,1780177540.76,2026-05-30T21:45:40Z,40.771786,-73.881973,33.8,a145b7,N181PQ,CRJ9,BOMBARDIER Regional Jet CRJ-900,0
takeoff,JFK,04L,1780177573.08,2026-05-30T21:46:13Z,40.625323,-73.783009,30.9,ab53e4,N829SK,CRJ9,BOMBARDIER Regional Jet CRJ-900,0
landing,LGA,31,1780177603.52,2026-05-30T21:46:43Z,40.777267,-73.867996,303.8,a1e1d8,N220JQ,E75L,EMBRAER ERJ-170-200 (long wing),0
takeoff,LGA,04,1780177611.02,2026-05-30T21:46:51Z,40.769497,-73.88385,30.9,a4e538,N414YX,E75L,EMBRAER ERJ-170-200 (long wing),0
takeoff,JFK,04L,1780177638.07,2026-05-30T21:47:18Z,40.62505,-73.783249,30.9,a03235,N111ZM,A321,AIRBUS A-321,0
landing,JFK,04R,1780177698.3,2026-05-30T21:48:18Z,40.637524,-73.760925,30.9,4ba94b,TC-JJK,B77W,BOEING 777-300ER,0
takeoff,JFK,04L,1780177716.17,2026-05-30T21:48:36Z,40.62632,-73.782227,30.9,a37517,N3215J,BCS3,,0
landing,LGA,31,1780177740.82,2026-05-30T21:49:00Z,40.777223,-73.867919,303.8,a324ce,N301UC,B38M,BOEING 737 MAX 8,0
takeoff,JFK,04L,1780177773.96,2026-05-30T21:49:33Z,40.625084,-73.783218,30.9,a7b40e,N596DT,,,0
takeoff,LGA,04,1780177783.25,2026-05-30T21:49:43Z,40.771486,-73.882245,30.9,ad928e,N974AN,B738,BOEING 737-800,0
landing,LGA,31,1780177843.92,2026-05-30T21:50:43Z,40.777433,-73.868356,303.8,a39113,N329PQ,CRJ9,BOMBARDIER Regional Jet CRJ-900,0
takeoff,LGA,04,1780177871.53,2026-05-30T21:51:11Z,40.769897,-73.88356,33.8,ab0a73,N810MD,E170,EMBRAER ERJ-170-100,0
landing,JFK,04R,1780177884.07,2026-05-30T21:51:24Z,40.636826,-73.76149,28.1,ab6519,N833SK,CRJ9,BOMBARDIER Regional Jet CRJ-900,0
takeoff,JFK,04L,1780177915.83,2026-05-30T21:51:55Z,40.6253,-73.783056,30.9,3965b0,F-GZNQ,B77W,BOEING 777-300ER,0
takeoff,LGA,04,1780177948.24,2026-05-30T21:52:28Z,40.769926,-73.883525,30.9,abdb88,N863RW,E170,EMBRAER ERJ-170-100,0
landing,JFK,04R,1780177972.27,2026-05-30T21:52:52Z,40.634674,-73.763123,30.9,a6833b,N519DT,A21N,AIRBUS A-321neo,0
takeoff,JFK,04L,1780178003.27,2026-05-30T21:53:23Z,40.625072,-73.783218,30.9,a120fe,N172DZ,B763,BOEING 767-300,0
landing,LGA,31,1780178039.57,2026-05-30T21:53:59Z,40.778538,-73.870667,303.8,ac01d3,N873DN,B739,BOEING 737-900,0
takeoff,LGA,04,1780178084.44,2026-05-30T21:54:44Z,40.771602,-73.882136,33.8,acc7ae,N922XJ,CRJ9,BOMBARDIER Regional Jet CRJ-900,0
takeoff,LGA,22,1780178090.04,2026-05-30T21:54:50Z,40.769348,-73.883041,239.1,abd063,N860RW,E170,EMBRAER ERJ-170-100,0
takeoff,JFK,04L,1780178090.13,2026-05-30T21:54:50Z,40.62608,-73.78244,30.9,ad2f71,N949JT,A321,AIRBUS A-321,0
takeoff,JFK,04L,1780178149.48,2026-05-30T21:55:49Z,40.624555,-73.783618,33.8,ab4c76,N827SK,CRJ9,BOMBARDIER Regional Jet CRJ-900,0
landing,LGA,31,1780178205.94,2026-05-30T21:56:45Z,40.778445,-73.870479,303.8,a1d811,N218JQ,E75L,EMBRAER ERJ-170-200 (long wing),0
takeoff,JFK,04L,1780178226.48,2026-05-30T21:57:06Z,40.625679,-73.782745,30.9,3c6718,D-AIXX,A359,AIRBUS A-350-900,0
landing,JFK,04L,1780178227.57,2026-05-30T21:57:07Z,40.62587,-73.782604,30.9,3c6718,D-AIXX,A359,AIRBUS A-350-900,0
takeoff,JFK,04L,1780178227.57,2026-05-30T21:57:07Z,40.62587,-73.782604,30.9,3c6718,D-AIXX,A359,AIRBUS A-350-900,0
landing,JFK,04R,1780178295.61,2026-05-30T21:58:15Z,40.635647,-73.76239,30.9,76cce4,9V-SGD,A359,AIRBUS A-350-900,0
landing,LGA,31,1780178305.03,2026-05-30T21:58:25Z,40.779408,-73.872467,303.8,ab282b,N818MD,E170,EMBRAER ERJ-170-100,0
takeoff,LGA,04,1780178332.9,2026-05-30T21:58:52Z,40.769891,-73.88354,33.8,a1f822,N226JQ,E75L,EMBRAER ERJ-170-200 (long wing),0
takeoff,JFK,04L,1780178379.94,2026-05-30T21:59:39Z,40.625393,-73.782978,30.9,ad56e0,N959JB,A321,AIRBUS A-321,0
landing,JFK,04R,1780178392.38,2026-05-30T21:59:52Z,40.635041,-73.762847,30.9,40771a,G-VDOT,A35K,AIRBUS A-350-1000,0
takeoff,JFK,04L,1780178432.2,2026-05-30T22:00:32Z,40.625544,-73.782853,30.9,a11380,N169DZ,B763,BOEING 767-300,0
landing,LGA,31,1780178440.06,2026-05-30T22:00:40Z,40.777725,-73.868942,303.8,abece7,N868DN,B739,BOEING 737-900,0
takeoff,JFK,04L,1780178519.55,2026-05-30T22:01:59Z,40.625428,-73.782947,30.9,a7a1e8,N591JB,A320,AIRBUS A-320,0
landing,LGA,31,1780178533.29,2026-05-30T22:02:13Z,40.777943,-73.8694,303.8,a61949,N492UA,A320,AIRBUS A-320,0
takeoff,JFK,04L,1780178575.99,2026-05-30T22:02:55Z,40.625851,-73.782608,30.9,a0f4a2,N1604R,B763,BOEING 767-300,0
takeoff,LGA,04,1780178580.69,2026-05-30T22:03:00Z,40.771843,-73.881927,33.8,a43f3c,N373DA,B738,BOEING 737-800,0
landing,JFK,04R,1780178623.4,2026-05-30T22:03:43Z,40.638148,-73.760787,14.1,ab8031,N840DN,B739,BOEING 737-900,0
takeoff,LGA,04,1780178664.52,2026-05-30T22:04:24Z,40.771812,-73.88198,30.9,ab3d39,N823NN,B738,BOEING 737-800,0
landing,JFK,04R,1780178685.99,2026-05-30T22:04:45Z,40.635818,-73.762222,30.9,ab8fd0,N844MH,B764,BOEING 767-400,0
landing,JFK,22R,1780178697.67,2026-05-30T22:04:57Z,40.641289,-73.767181,210.9,a35592,N3139J,BCS3,AIRBUS A220-300,0
takeoff,JFK,04L,1780178698.27,2026-05-30T22:04:58Z,40.625067,-73.783259,30.9,a74679,N568UW,A321,AIRBUS A-321,0
takeoff,LGA,04,1780178710.58,2026-05-30T22:05:10Z,40.769531,-73.88382,22.5,c08852,C-GZQF,E295,EMBRAER ERJ-190-400,0
takeoff,JFK,04L,1780178760.23,2026-05-30T22:06:00Z,40.626278,-73.78226,30.9,a38ad5,N3271J,BCS3,,0
landing,LGA,31,1780178769.52,2026-05-30T22:06:09Z,40.779272,-73.872148,303.8,acbf63,N920NN,B738,BOEING 737-800,0
landing,JFK,04R,1780178803.29,2026-05-30T22:06:43Z,40.638125,-73.760444,30.9,abfa65,N871DN,B739,BOEING 737-900,0
takeoff,JFK,04L,1780178814.39,2026-05-30T22:06:54Z,40.625475,-73.7829,32.4,a4e0df,N413SK,C56X,CESSNA 560XL Citation XLS,8
landing,JFK,04R,1780178898.98,2026-05-30T22:08:18Z,40.636077,-73.762035,30.9,406b0a,G-STBK,B77W,BOEING 777-300ER,0
landing,LGA,04,1780178913.57,2026-05-30T22:08:33Z,40.775139,-73.879242,33.8,a8bbbc,N662AW,A320,AIRBUS A-320,0
landing,JFK,04L,1780178916.75,2026-05-30T22:08:36Z,40.63532,-73.775191,30.9,a46e35,N385DN,B738,BOEING 737-800,0
takeoff,JFK,04L,1780178964.25,2026-05-30T22:09:24Z,40.624626,-73.783585,30.9,780bb9,B-2098,B77L,BOEING 777-200LR,0
landing,LGA,04,1780179016.45,2026-05-30T22:10:16Z,40.775722,-73.878734,30.9,c07c7a,C-GVDP,BCS3,AIRBUS A220-300,0
landing,JFK,04R,1780179060.33,2026-05-30T22:11:00Z,40.634331,-73.763382,30.9,a6b470,N531DA,A21N,AIRBUS A-321neo,0
landing,JFK,04L,1780179084.67,2026-05-30T22:11:24Z,40.633319,-73.776767,30.9,a6bbef,N533DT,A21N,AIRBUS A-321neo,0
landing,JFK,04L,1780179085.1,2026-05-30T22:11:25Z,40.633505,-73.776627,30.9,a6bbef,N533DT,A21N,AIRBUS A-321neo,0
landing,JFK,04R,1780179148.86,2026-05-30T22:12:28Z,40.635786,-73.762301,30.9,a4076a,N359NB,A319,AIRBUS A-319,0
landing,LGA,04,1780179150.68,2026-05-30T22:12:30Z,40.776936,-73.877731,33.8,a339b1,N307DU,BCS3,AIRBUS A220-300,0
takeoff,LGA,13,1780179197.83,2026-05-30T22:13:17Z,40.780163,-73.874023,120.9,a3a0cc,N33286,B738,BOEING 737-800,0
takeoff,JFK,04L,1780179219.31,2026-05-30T22:13:39Z,40.626708,-73.781948,29.6,48ae03,SP-LRD,B788,BOEING 787-8 Dreamliner,0
landing,JFK,04R,1780179226.19,2026-05-30T22:13:46Z,40.635384,-73.762573,30.9,aaa02c,N784JB,A320,AIRBUS A-320,0
landing,LGA,04,1780179286.64,2026-05-30T22:14:46Z,40.776187,-73.878344,33.8,a08021,N131NN,A321,AIRBUS A-321,0
landing,JFK,04R,1780179312.97,2026-05-30T22:15:12Z,40.632534,-73.764832,30.9,347386,EC-NXC,A359,AIRBUS A-350-900,0
landing,JFK,04L,1780179337.59,2026-05-30T22:15:37Z,40.632122,-73.77771,30.9,ab58b2,N830DN,B739,BOEING 737-900,0
takeoff,LGA,13,1780179342.75,2026-05-30T22:15:42Z,40.781262,-73.876377,120.9,a97316,N708JH,GLF5,GULFSTREAM 5,0
takeoff,JFK,04L,1780179398.82,2026-05-30T22:16:38Z,40.626068,-73.782455,30.9,a688ff,N520AS,B738,BOEING 737-800,0
takeoff,JFK,04L,1780179456.27,2026-05-30T22:17:36Z,40.624844,-73.783386,30.9,ac8985,N907DN,B739,BOEING 737-900,0
landing,JFK,04R,1780179465.7,2026-05-30T22:17:45Z,40.635518,-73.762472,30.9,a3b50f,N338RS,B38M,BOEING 737 MAX 8,0
landing,LGA,04,1780179467.09,2026-05-30T22:17:47Z,40.781994,-73.873535,33.8,a448fc,N3752,B738,BOEING 737-800,0
takeoff,LGA,13,1780179512.35,2026-05-30T22:18:32Z,40.780014,-73.873734,120.9,abe892,N8668A,B738,BOEING 737-800,0
landing,JFK,04R,1780179555.41,2026-05-30T22:19:15Z,40.636822,-73.761411,30.9,461f56,OH-LWO,A359,AIRBUS A-350-900,0
landing,JFK,04L,1780179582.48,2026-05-30T22:19:42Z,40.633086,-73.776939,30.9,a6c358,N535DN,A21N,AIRBUS A-321neo,0
takeoff,JFK,04L,1780179640.95,2026-05-30T22:20:40Z,40.624706,-73.783508,30.9,aad5ca,N798AN,B772,BOEING 777-200,0
landing,LGA,04,1780179646.18,2026-05-30T22:20:46Z,40.776199,-73.878313,39.4,ab663f,N83329,E75L,EMBRAER ERJ-170-200 (long wing),0
landing,JFK,04R,1780179720.92,2026-05-30T22:22:00Z,40.633461,-73.764084,28.1,a2c93f,N279PQ,CRJ9,BOMBARDIER Regional Jet CRJ-900,0
takeoff,LGA,13,1780179748.79,2026-05-30T22:22:28Z,40.779957,-73.873596,120.9,a359c2,N315DU,BCS3,AIRBUS A220-300,0
takeoff,JFK,04L,1780179776.52,2026-05-30T22:22:56Z,40.624392,-73.783743,30.9,a0a30e,N140DU,BCS1,AIRBUS A220-100,0
landing,JFK,04R,1780179804.47,2026-05-30T22:23:24Z,40.634238,-73.763471,30.9,a033ae,N112AN,A321,AIRBUS A-321,0
landing,LGA,04,1780179821.19,2026-05-30T22:23:41Z,40.776409,-73.878159,30.9,a2b4ea,N27366,B38M,BOEING 737 MAX 8,0
takeoff,JFK,04L,1780179837.96,2026-05-30T22:23:57Z,40.626068,-73.782432,30.9,aac6ee,N794AN,B772,BOEING 777-200,0
takeoff,LGA,13,1780179880.44,2026-05-30T22:24:40Z,40.779934,-73.873581,120.9,a4794e,N388DA,B738,BOEING 737-800,0
landing,JFK,04L,1780179953.9,2026-05-30T22:25:53Z,40.626961,-73.781845,30.9,a4279d,N367PL,CL60,,0
takeoff,JFK,04L,1780180019.36,2026-05-30T22:26:59Z,40.624329,-73.783798,30.9,ab6851,N834MH,B764,BOEING 767-400,0
landing,JFK,04R,1780180026.47,2026-05-30T22:27:06Z,40.637299,-73.761083,26.8,02013f,CN-RGY,B789,BOEING 787-9 Dreamliner,0
landing,JFK,13R,1780180037.73,2026-05-30T22:27:17Z,40.640639,-73.795884,161.8,4075c2,G-CKWP,B789,BOEING 787-9 Dreamliner,0
takeoff,JFK,04L,1780180075.28,2026-05-30T22:27:55Z,40.625998,-73.782494,30.9,a12c23,N175DZ,B763,BOEING 767-300,0
landing,LGA,04,1780180077.57,2026-05-30T22:27:57Z,40.777049,-73.877626,33.8,a48a8f,N392DN,A321,AIRBUS A-321,0
takeoff,JFK,04L,1780180133.3,2026-05-30T22:28:53Z,40.62594,-73.782525,30.9,ab5d2c,N831MH,B764,BOEING 767-400,0
landing,JFK,04R,1780180159.54,2026-05-30T22:29:19Z,40.63425,-73.763471,30.9,a1bc92,N2105J,A21N,AIRBUS A-321neo,0
landing,JFK,04L,1780180253.96,2026-05-30T22:30:53Z,40.632294,-73.777579,30.9,a85ff5,N639JB,A320,AIRBUS A-320,0
landing,JFK,04R,1780180266.88,2026-05-30T22:31:06Z,40.635715,-73.762299,30.9,4caeb8,EI-TYB,A339,AIRBUS A-330-900,0
landing,JFK,31R,1780180316.77,2026-05-30T22:31:56Z,40.645363,-73.765686,300.9,a0433b,N116HQ,E75L,EMBRAER ERJ-170-200 (long wing),0
landing,LGA,04,1780180340.57,2026-05-30T22:32:20Z,40.777002,-73.877673,33.8,a8f9a3,N678CA,CRJ9,BOMBARDIER Regional Jet CRJ-900,0
takeoff,LGA,13,1780180381.02,2026-05-30T22:33:01Z,40.780656,-73.875051,120.9,a752ea,N571JB,A320,AIRBUS A-320,0
landing,JFK,04R,1780180424.08,2026-05-30T22:33:44Z,40.638893,-73.759819,30.9,a449e5,N3758Y,B738,BOEING 737-800,0
takeoff,JFK,04L,1780180430.96,2026-05-30T22:33:50Z,40.625977,-73.782501,30.9,a2228b,N237AK,B739,BOEING 737-900,0
landing,LGA,04,1780180436.79,2026-05-30T22:33:56Z,40.777508,-73.877213,33.8,abdf3f,N864RW,E170,EMBRAER ERJ-170-100,0
landing,JFK,22R,1780180476.49,2026-05-30T22:34:36Z,40.640236,-73.774139,250.3,aca79d,N914XJ,CRJ9,BOMBARDIER Regional Jet CRJ-900,0
takeoff,JFK,04L,1780180483.71,2026-05-30T22:34:43Z,40.624844,-73.783386,30.9,c0371f,C-FUWS,B737,BOEING 737-700,0
landing,JFK,04R,1780180516.9,2026-05-30T22:35:16Z,40.635623,-73.76241,30.9,394a09,F-GSQJ,B77W,BOEING 777-300ER,0
landing,LGA,04,1780180518.73,2026-05-30T22:35:18Z,40.776226,-73.878281,33.8,c05056,C-GEKZ,B38M,BOEING 737 MAX 8,0
takeoff,JFK,04L,1780180544.22,2026-05-30T22:35:44Z,40.624392,-73.783743,30.9,a64d16,N505FX,CL35,BOMBARDIER BD-100 Challenger 350,0
takeoff,LGA,13,1780180575.43,2026-05-30T22:36:15Z,40.780366,-73.874505,120.9,ab5c69,N831DN,B739,BOEING 737-900,0
landing,JFK,04L,1780180605.4,2026-05-30T22:36:45Z,40.631747,-73.778,30.9,a77dae,N582DN,A21N,,0
takeoff,JFK,04L,1780180664.67,2026-05-30T22:37:44Z,40.623578,-73.784383,29.6,ab9630,N846AN,B789,BOEING 787-9 Dreamliner,0
landing,LGA,04,1780180678.29,2026-05-30T22:37:58Z,40.77776,-73.877029,33.8,a3534a,N313PQ,CRJ9,BOMBARDIER Regional Jet CRJ-900,0
landing,JFK,04R,1780180684.51,2026-05-30T22:38:04Z,40.638622,-73.760681,8.4,a4b827,N403DX,A339,AIRBUS A-330-900,0
landing,LGA,04,1780180754.25,2026-05-30T22:39:14Z,40.777514,-73.877251,33.8,a45592,N379DN,A321,AIRBUS A-321,0
takeoff,JFK,04L,1780180772.88,2026-05-30T22:39:32Z,40.624159,-73.78393,30.9,a67bc8,N517DN,A21N,AIRBUS A-321neo,0
landing,JFK,04R,1780180805.56,2026-05-30T22:40:05Z,40.637913,-73.760574,30.9,ad935b,N974JT,A321,AIRBUS A-321,0
landing,LGA,04,1780180866.25,2026-05-30T22:41:06Z,40.776455,-73.87811,33.8,a037b9,N113DX,A321,AIRBUS A-321,0
landing,JFK,04L,1780180880.8,2026-05-30T22:41:20Z,40.634215,-73.776096,30.9,a3355e,N3058J,BCS3,AIRBUS A220-300,0
landing,JFK,04R,1780180953.75,2026-05-30T22:42:33Z,40.644287,-73.7556,30.9,896477,A6-EUM,A388,AIRBUS A-380-800,0
landing,LGA,04,1780180987.3,2026-05-30T22:43:07Z,40.777908,-73.876907,33.8,a07228,N128HQ,E75L,EMBRAER ERJ-170-200 (long wing),0
landing,JFK,04L,1780180994.29,2026-05-30T22:43:14Z,40.632088,-73.77771,30.9,a7b0c4,N595JB,A320,AIRBUS A-320,0
landing,JFK,04L,1780181077.47,2026-05-30T22:44:37Z,40.632853,-73.777126,30.9,aaf183,N804JB,A320,AIRBUS A-320,0
landing,JFK,04L,1780181078.08,2026-05-30T22:44:38Z,40.633074,-73.776954,30.9,aaf183,N804JB,A320,AIRBUS A-320,0
landing,LGA,04,1780181102.96,2026-05-30T22:45:02Z,40.777561,-73.877189,36.6,a1c935,N214JQ,E75L,EMBRAER ERJ-170-200 (long wing),0
takeoff,JFK,04L,1780181142.18,2026-05-30T22:45:42Z,40.625805,-73.782639,30.9,4077d3,G-VTEA,A35K,AIRBUS A-350-1000,0
takeoff,LGA,13,1780181143.59,2026-05-30T22:45:43Z,40.780133,-73.874005,120.9,a2b0ed,N27246,B738,BOEING 737-800,0
landing,JFK,04R,1780181154.89,2026-05-30T22:45:54Z,40.639217,-73.759598,30.9,a1dd2d,N219YX,E75L,EMBRAER ERJ-170-200 (long wing),0
landing,LGA,04,1780181199.92,2026-05-30T22:46:39Z,40.776226,-73.878311,33.8,c07d20,C-GVJZ,DH8D,DE HAVILLAND DHC-8-400 Dash 8,0
takeoff,LGA,13,1780181237.05,2026-05-30T22:47:17Z,40.781719,-73.877335,120.9,a07bef,N130HQ,E75L,EMBRAER ERJ-170-200 (long wing),0
landing,JFK,04R,1780181241.89,2026-05-30T22:47:21Z,40.63718,-73.7612,30.9,a38836,N3269J,BCS3,AIRBUS A220-300,0
takeoff,JFK,04L,1780181309.62,2026-05-30T22:48:29Z,40.625164,-73.783142,30.9,0d1139,XA-AMD,B38M,BOEING 737 MAX 8,0
landing,LGA,04,1780181320.6,2026-05-30T22:48:40Z,40.775883,-73.878571,33.8,a406c9,N359FR,A20N,AIRBUS A-320neo,0
landing,JFK,04L,1780181395.63,2026-05-30T22:49:55Z,40.633935,-73.776268,30.9,a39781,N330TJ,B38M,BOEING 737 MAX 8,0
landing,JFK,04R,1780181420.76,2026-05-30T22:50:20Z,40.635406,-73.762573,29.6,485e30,PH-BKK,B78X,BOEING 787-10 Dreamliner,0
landing,LGA,04,1780181424.15,2026-05-30T22:50:24Z,40.778057,-73.876785,33.8,a4e181,N413YX,E75L,EMBRAER ERJ-170-200 (long wing),0
landing,LGA,04,1780181427.5,2026-05-30T22:50:27Z,40.778527,-73.876393,33.8,a4e181,N413YX,E75L,EMBRAER ERJ-170-200 (long wing),0
takeoff,JFK,04L,1780181448.8,2026-05-30T22:50:48Z,40.6258,-73.78265,30.9,a362a9,N317UW,B38M,BOEING 737 MAX 8,0
landing,LGA,04,1780181483.51,2026-05-30T22:51:23Z,40.777898,-73.876939,33.8,a0acf8,N14230,B738,BOEING 737-800,0
takeoff,JFK,04L,1780181502.9,2026-05-30T22:51:42Z,40.625766,-73.782682,30.9,adbe91,N985JT,A321,AIRBUS A-321,0
takeoff,JFK,04L,1780181553.76,2026-05-30T22:52:33Z,40.626492,-73.782104,33.8,a5e02d,N478PX,CRJ9,BOMBARDIER Regional Jet CRJ-900,0
takeoff,JFK,04L,1780181601.87,2026-05-30T22:53:21Z,40.624191,-73.78389,30.9,acddf8,N928XJ,CRJ9,BOMBARDIER Regional Jet CRJ-900,0
takeoff,LGA,13,1780181655.26,2026-05-30T22:54:15Z,40.780435,-73.874598,120.9,ac9ff2,N912UY,A321,AIRBUS A-321,0
landing,JFK,04R,1780181690.94,2026-05-30T22:54:50Z,40.633118,-73.764359,30.9,a732d9,N563JB,A320,AIRBUS A-320,0
landing,LGA,04,1780181694.96,2026-05-30T22:54:54Z,40.778847,-73.87616,33.8,aaf1f2,N804NN,B738,BOEING 737-800,0
takeoff,LGA,13,1780181739.82,2026-05-30T22:55:39Z,40.77998,-73.873672,120.9,abf351,N8695D,B738,BOEING 737-800,0
takeoff,JFK,04L,1780181776.95,2026-05-30T22:56:16Z,40.62715,-73.781605,30.9,44ccc8,OO-SFH,A333,AIRBUS A-330-300,0
landing,JFK,04R,1780181826.87,2026-05-30T22:57:06Z,40.643455,-73.758165,11.2,4ca5c7,EI-DUZ,A333,AIRBUS A-330-300,0
takeoff,JFK,04L,1780181831.02,2026-05-30T22:57:11Z,40.626557,-73.782073,30.9,aafd1f,N807NW,A333,AIRBUS A-330-300,0
landing,LGA,04,1780181861.51,2026-05-30T22:57:41Z,40.777634,-73.87709,42.2,a8a490,N656RW,E170,EMBRAER ERJ-170-100,0
takeoff,JFK,04L,1780181892.89,2026-05-30T22:58:12Z,40.626984,-73.781723,29.6,4075c2,G-CKWP,B789,BOEING 787-9 Dreamliner,0
takeoff,LGA,13,1780181908.53,2026-05-30T22:58:28Z,40.780186,-73.874115,120.9,ac390f,N887NN,B738,BOEING 737-800,0
landing,JFK,04R,1780182010.19,2026-05-30T23:00:10Z,40.633551,-73.764017,30.9,a7e906,N609DN,A21N,AIRBUS A-321neo,0
landing,JFK,31R,1780182031.71,2026-05-30T23:00:31Z,40.646214,-73.767575,303.8,a01097,N103HQ,E75L,EMBRAER ERJ-170-200 (long wing),0
landing,JFK,04L,1780182034.66,2026-05-30T23:00:34Z,40.645706,-73.769867,0.0,acc31a,N921NN,B738,BOEING 737-800,0
landing,JFK,31L,1780182043.12,2026-05-30T23:00:43Z,40.641651,-73.796773,258.8,4005bc,G-VIID,B772,BOEING 777-200,0
takeoff,JFK,04L,1780182074.71,2026-05-30T23:01:14Z,40.625862,-73.782593,30.9,acb679,N918XJ,CRJ9,BOMBARDIER Regional Jet CRJ-900,0
landing,JFK,04R,1780182101.15,2026-05-30T23:01:41Z,40.632523,-73.764832,30.9,a752ea,N571JB,A320,AIRBUS A-320,0
takeoff,JFK,04L,1780182110.6,2026-05-30T23:01:50Z,40.623089,-73.784757,30.9,a02cf1,N110HQ,E75L,EMBRAER ERJ-170-200 (long wing),0
landing,JFK,31R,1780182140.34,2026-05-30T23:02:20Z,40.645434,-73.765828,300.9,a19d0d,N2029J,A21N,AIRBUS A-321neo,0
landing,LGA,04,1780182162.26,2026-05-30T23:02:42Z,40.778687,-73.876297,30.9,a37af8,N323RM,B38M,BOEING 737 MAX 8,0
takeoff,JFK,04L,1780182168.19,2026-05-30T23:02:48Z,40.625114,-73.783181,30.9,4ca9bb,EI-LRB,A21N,AIRBUS A-321neo,0
landing,JFK,04R,1780182191.52,2026-05-30T23:03:11Z,40.638908,-73.759842,30.9,a50725,N423DX,A339,AIRBUS A-330-900,0
takeoff,LGA,13,1780182226.27,2026-05-30T23:03:46Z,40.780083,-73.873886,120.9,a03038,N111DC,A321,AIRBUS A-321,0
takeoff,JFK,04L,1780182226.63,2026-05-30T23:03:46Z,40.625184,-73.783119,30.9,a654cb,N507JT,A320,AIRBUS A-320,0
takeoff,JFK,04L,1780182279.9,2026-05-30T23:04:39Z,40.626173,-73.782354,30.9,4006c0,G-VIIN,B772,BOEING 777-200,0
landing,JFK,04R,1780182321.17,2026-05-30T23:05:21Z,40.645351,-73.757904,351.6,406948,G-STBH,B77W,BOEING 777-300ER,0
takeoff,LGA,13,1780182328.15,2026-05-30T23:05:28Z,40.780197,-73.874115,120.9,a426a5,N367DN,A321,AIRBUS A-321,0
takeoff,JFK,04L,1780182367.33,2026-05-30T23:06:07Z,40.625816,-73.782623,30.9,394a0b,F-GSQL,B77W,BOEING 777-300ER,0
landing,JFK,04R,1780182403.35,2026-05-30T23:06:43Z,40.637171,-73.761224,28.1,ace81d,N93003,A319,AIRBUS A-319,0
landing,LGA,04,1780182417.31,2026-05-30T23:06:57Z,40.777439,-73.877304,33.8,a43f51,N373DX,A321,AIRBUS A-321,0
takeoff,JFK,04L,1780182436.58,2026-05-30T23:07:16Z,40.626126,-73.782416,30.9,abac50,N851NW,A332,AIRBUS A-330-200,0
takeoff,JFK,22R,1780182467.15,2026-05-30T23:07:47Z,40.622728,-73.786661,171.6,a138b8,N178US,A321,AIRBUS A-321,0
landing,JFK,04R,1780182505.51,2026-05-30T23:08:25Z,40.637489,-73.761017,22.5,a1a1b6,N204JQ,E75L,EMBRAER ERJ-170-200 (long wing),0
landing,JFK,04R,1780182581.45,2026-05-30T23:09:41Z,40.634843,-73.763003,30.9,a1aaae,N2060J,A21N,AIRBUS A-321neo,0
takeoff,JFK,04L,1780182581.75,2026-05-30T23:09:41Z,40.626068,-73.78244,30.9,a389eb,N327SK,B38M,BOEING 737 MAX 8,0
landing,JFK,04R,1780182668.23,2026-05-30T23:11:08Z,40.638657,-73.76001,30.9,4d012d,LX-KCL,B744,BOEING 747-400,0
landing,JFK,04L,1780182690.55,2026-05-30T23:11:30Z,40.632248,-73.777641,33.8,a5e3e4,N479PX,CRJ9,BOMBARDIER Regional Jet CRJ-900,0
landing,LGA,04,1780182733.1,2026-05-30T23:12:13Z,40.777735,-73.877064,33.8,ac56d9,N8942L,B38M,BOEING 737 MAX 8,0
landing,JFK,04R,1780182772.24,2026-05-30T23:12:52Z,40.636242,-73.761932,30.9,aa7ba7,N775AN,B772,BOEING 777-200,0
takeoff,LGA,13,1780182780.59,2026-05-30T23:13:00Z,40.780254,-73.874268,118.1,a1094c,N166PQ,CRJ9,BOMBARDIER Regional Jet CRJ-900,0
takeoff,JFK,04L,1780182809.54,2026-05-30T23:13:29Z,40.625882,-73.782588,30.9,a022c6,N108DQ,BCS1,AIRBUS A220-100,0
landing,JFK,04R,1780182848.54,2026-05-30T23:14:08Z,40.637089,-73.761307,26.8,c82439,ZK-NZL,B789,BOEING 787-9 Dreamliner,0
takeoff,JFK,04L,1780182854.42,2026-05-30T23:14:14Z,40.623275,-73.784632,30.9,a6e361,N543DE,A21N,AIRBUS A-321neo,0
takeoff,LGA,13,1780182859.84,2026-05-30T23:14:19Z,40.780254,-73.874252,120.9,aca3e6,N913XJ,CRJ9,BOMBARDIER Regional Jet CRJ-900,0
takeoff,JFK,04L,1780182918.47,2026-05-30T23:15:18Z,40.62452,-73.783649,30.9,a35fc2,N3162J,BCS3,AIRBUS A220-300,0
landing,LGA,04,1780182950.54,2026-05-30T23:15:50Z,40.776315,-73.878235,30.9,c08268,C-GXJZ,DH8D,DE HAVILLAND DHC-8-400 Dash 8,0
takeoff,JFK,04L,1780182974.62,2026-05-30T23:16:14Z,40.625649,-73.782775,30.9,ad734a,N966JT,A321,AIRBUS A-321,0
takeoff,LGA,13,1780183008.92,2026-05-30T23:16:48Z,40.780191,-73.874083,120.9,a8bbbc,N662AW,A320,AIRBUS A-320,0
landing,JFK,04L,1780183033.6,2026-05-30T23:17:13Z,40.632523,-73.777405,30.9,a35949,N3149J,BCS3,AIRBUS A220-300,0
landing,LGA,04,1780183122.2,2026-05-30T23:18:42Z,40.77699,-73.877688,30.9,c052e0,C-GFJZ,CRJ7,BOMBARDIER Regional Jet CRJ-700,0
landing,JFK,04R,1780183139.49,2026-05-30T23:18:59Z,40.643257,-73.758224,11.2,782189,B-226V,B77L,BOEING 777-200LR,0
takeoff,LGA,13,1780183167.01,2026-05-30T23:19:27Z,40.780197,-73.874146,120.9,a39113,N329PQ,CRJ9,BOMBARDIER Regional Jet CRJ-900,0
takeoff,JFK,04L,1780183195.75,2026-05-30T23:19:55Z,40.626231,-73.782307,30.9,a5320b,N434AS,B739,BOEING 737-900,0
landing,JFK,04R,1780183224.88,2026-05-30T23:20:24Z,40.635099,-73.762816,30.9,ad5269,N958AK,B39M,BOEING 737 MAX 9,0
takeoff,LGA,13,1780183231.09,2026-05-30T23:20:31Z,40.781822,-73.877533,120.9,ab3d17,N823MD,E170,EMBRAER ERJ-170-100,0
takeoff,JFK,04L,1780183258.77,2026-05-30T23:20:58Z,40.625633,-73.782791,30.9,ad7ece,N969NN,B738,BOEING 737-800,0
landing,JFK,04R,1780183312.07,2026-05-30T23:21:52Z,40.635887,-73.762222,30.9,a72f22,N562JB,A320,AIRBUS A-320,0
takeoff,LGA,13,1780183342.81,2026-05-30T23:22:22Z,40.780071,-73.873856,120.9,c07c7a,C-GVDP,BCS3,AIRBUS A220-300,0
landing,JFK,31L,1780183401.12,2026-05-30T23:23:21Z,40.641605,-73.79707,258.8,407992,G-STBM,B77W,BOEING 777-300ER,0
takeoff,LGA,13,1780183411.7,2026-05-30T23:23:31Z,40.781681,-73.877251,120.9,a1e1d8,N220JQ,E75L,EMBRAER ERJ-170-200 (long wing),0
landing,JFK,04R,1780183413.9,2026-05-30T23:23:33Z,40.634785,-73.76305,30.9,a7858e,N584JB,A320,AIRBUS A-320,0
landing,JFK,31R,1780183414.55,2026-05-30T23:23:34Z,40.646528,-73.768246,300.9,a05470,N120HQ,E75L,EMBRAER ERJ-170-200 (long wing),0
landing,LGA,04,1780183466.97,2026-05-30T23:24:26Z,40.778973,-73.876022,33.8,ac51b2,N893NN,B738,BOEING 737-800,0
takeoff,JFK,04L,1780183506.25,2026-05-30T23:25:06Z,40.625533,-73.782853,30.9,ade252,N994JL,A321,AIRBUS A-321,0
landing,JFK,04L,1780183517.96,2026-05-30T23:25:17Z,40.645434,-73.769854,0.0,a52cc8,N432YX,E75L,EMBRAER ERJ-170-200 (long wing),0
takeoff,LGA,13,1780183518.09,2026-05-30T23:25:18Z,40.780203,-73.87413,123.8,a34825,N310PQ,CRJ9,BOMBARDIER Regional Jet CRJ-900,0
landing,JFK,04R,1780183529.75,2026-05-30T23:25:29Z,40.637869,-73.760849,16.9,a062ec,N124DU,BCS1,AIRBUS A220-100,0
takeoff,JFK,04L,1780183566.72,2026-05-30T23:26:06Z,40.626929,-73.781761,30.9,478854,LN-RKS,A333,AIRBUS A-330-300,0
takeoff,JFK,04L,1780183626.41,2026-05-30T23:27:06Z,40.624409,-73.783722,30.9,aa781f,N774CK,B77L,BOEING 777-200LR,0
landing,LGA,04,1780183629.85,2026-05-30T23:27:09Z,40.775978,-73.880981,25.3,a2a484,N27DX,S76,SIKORSKY S-76 Spirit,0
landing,LGA,04,1780183665.67,2026-05-30T23:27:45Z,40.778446,-73.87648,33.8,a44570,N3743H,B738,BOEING 737-800,0
takeoff,JFK,04L,1780183701.89,2026-05-30T23:28:21Z,40.625847,-73.782604,30.9,4005bc,G-VIID,B772,BOEING 777-200,0
landing,JFK,22R,1780183737.19,2026-05-30T23:28:57Z,40.640814,-73.767544,210.9,a34bdc,N311PQ,CRJ9,BOMBARDIER Regional Jet CRJ-900,0
takeoff,LGA,13,1780183759.82,2026-05-30T23:29:19Z,40.780237,-73.874208,120.9,a61949,N492UA,A320,AIRBUS A-320,0
landing,JFK,04R,1780183767.85,2026-05-30T23:29:27Z,40.635578,-73.762451,30.9,4cc57c,TF-IAC,A21N,AIRBUS A-321neo,0
takeoff,JFK,04L,1780183795.76,2026-05-30T23:29:55Z,40.625172,-73.783134,30.9,a13af4,N179DN,B763,BOEING 767-300,0
landing,JFK,04R,1780183944.37,2026-05-30T23:32:24Z,40.634102,-73.76358,30.9,a91616,N685DA,B752,BOEING 757-200,0
takeoff,JFK,04L,1780183958.34,2026-05-30T23:32:38Z,40.625347,-73.783005,30.9,a4279d,N367PL,CL60,,0
takeoff,LGA,22,1780183978.55,2026-05-30T23:32:58Z,40.776094,-73.880934,208.1,a2a484,N27DX,S76,SIKORSKY S-76 Spirit,0
landing,LGA,04,1780183980.73,2026-05-30T23:33:00Z,40.778259,-73.876643,33.8,ad1c11,N944AN,B738,BOEING 737-800,0
takeoff,JFK,04L,1780183999.15,2026-05-30T23:33:19Z,40.623042,-73.784788,30.9,a22358,N237JQ,E75L,EMBRAER ERJ-170-200 (long wing),0
takeoff,JFK,04L,1780184067.96,2026-05-30T23:34:27Z,40.626366,-73.782211,30.9,aa2ca9,N755AN,B772,BOEING 777-200,0
takeoff,LGA,13,1780184080.42,2026-05-30T23:34:40Z,40.780083,-73.873886,120.9,ab129a,N812UP,B38M,BOEING 737 MAX 8,0
landing,JFK,22R,1780184160.52,2026-05-30T23:36:00Z,40.64035,-73.774109,241.9,a5e9f4,N480PX,CRJ9,BOMBARDIER Regional Jet CRJ-900,0
landing,JFK,31R,1780184164.12,2026-05-30T23:36:04Z,40.647171,-73.773666,300.9,a39243,N3291J,BCS3,AIRBUS A220-300,0
landing,LGA,04,1780184165.71,2026-05-30T23:36:05Z,40.777584,-73.877158,33.8,a810ba,N619FR,A21N,AIRBUS A-321neo,0
landing,JFK,04R,1780184211.35,2026-05-30T23:36:51Z,40.637927,-73.760631,30.9,4951ef,CS-TOO,A332,AIRBUS A-330-200,0
landing,LGA,04,1780184262.36,2026-05-30T23:37:42Z,40.778178,-73.87669,33.8,a44212,N37352,B38M,,0
takeoff,JFK,04L,1780184309.01,2026-05-30T23:38:29Z,40.624271,-73.783844,30.9,acc040,N920XJ,CRJ9,BOMBARDIER Regional Jet CRJ-900,0
landing,JFK,04R,1780184353.16,2026-05-30T23:39:13Z,40.637473,-73.760959,30.9,ad1cde,N944JT,A321,AIRBUS A-321,0
landing,LGA,04,1780184412.74,2026-05-30T23:40:12Z,40.776234,-73.878313,33.8,ac8cf1,N908AN,B738,BOEING 737-800,0
takeoff,JFK,04L,1780184420.15,2026-05-30T23:40:20Z,40.626652,-73.781982,30.9,acaf0b,N916XJ,CRJ9,BOMBARDIER Regional Jet CRJ-900,0
landing,JFK,04R,1780184432.23,2026-05-30T23:40:32Z,40.633392,-73.764114,30.9,a7f6f6,N612JB,A320,AIRBUS A-320,0
takeoff,LGA,13,1780184474.04,2026-05-30T23:41:14Z,40.779991,-73.873657,120.9,a08021,N131NN,A321,AIRBUS A-321,0
takeoff,JFK,04L,1780184496.85,2026-05-30T23:41:36Z,40.626354,-73.782211,30.9,4075b3,G-VLUX,A35K,AIRBUS A-350-1000,0
landing,JFK,04L,1780184498.35,2026-05-30T23:41:38Z,40.626743,-73.781906,30.9,4075b3,G-VLUX,A35K,AIRBUS A-350-1000,0
takeoff,JFK,04L,1780184498.35,2026-05-30T23:41:38Z,40.626743,-73.781906,30.9,4075b3,G-VLUX,A35K,AIRBUS A-350-1000,0
landing,JFK,22R,1780184517.68,2026-05-30T23:41:57Z,40.640694,-73.775208,213.8,a19a48,N202JQ,E75L,EMBRAER ERJ-170-200 (long wing),0
landing,LGA,04,1780184562.79,2026-05-30T23:42:42Z,40.777305,-73.877407,33.8,a4f7cb,N419YX,E75L,EMBRAER ERJ-170-200 (long wing),0
landing,JFK,22R,1780184592.56,2026-05-30T23:43:12Z,40.63425,-73.779092,230.6,acb2c2,N917XJ,CRJ9,BOMBARDIER Regional Jet CRJ-900,0
takeoff,LGA,13,1780184597.52,2026-05-30T23:43:17Z,40.781541,-73.876924,120.9,ab663f,N83329,E75L,EMBRAER ERJ-170-200 (long wing),0
takeoff,JFK,04L,1780184613.97,2026-05-30T23:43:33Z,40.62615,-73.782369,30.9,ad7e6f,N969JT,A321,AIRBUS A-321,0
landing,JFK,04L,1780184614.46,2026-05-30T23:43:34Z,40.626354,-73.782211,30.9,ad7e6f,N969JT,A321,AIRBUS A-321,0
takeoff,JFK,04L,1780184614.46,2026-05-30T23:43:34Z,40.626354,-73.782211,30.9,ad7e6f,N969JT,A321,AIRBUS A-321,0
takeoff,JFK,04L,1780184676.06,2026-05-30T23:44:36Z,40.627628,-73.78123,30.9,a3711a,N3203J,BCS3,AIRBUS A220-300,0
landing,LGA,04,1780184684.17,2026-05-30T23:44:44Z,40.780016,-73.875176,33.8,a44943,N3754A,B738,BOEING 737-800,0
landing,JFK,04R,1780184686.38,2026-05-30T23:44:46Z,40.643703,-73.758118,11.2,846098,JA11WJ,A35K,AIRBUS A-350-1000,0
takeoff,LGA,13,1780184710.63,2026-05-30T23:45:10Z,40.780354,-73.874442,118.1,c07d20,C-GVJZ,DH8D,DE HAVILLAND DHC-8-400 Dash 8,0
landing,JFK,04R,1780184768.39,2026-05-30T23:46:08Z,40.637215,-73.761215,28.1,a01fee,N107NN,A321,AIRBUS A-321,0
landing,JFK,04R,1780184854.15,2026-05-30T23:47:34Z,40.637823,-73.760896,21.2,44012f,OE-LPL,B789,BOEING 787-9 Dreamliner,0
landing,JFK,04L,1780184854.82,2026-05-30T23:47:34Z,40.645111,-73.770905,0.0,adcd6d,N989JT,A321,AIRBUS A-321,0
takeoff,JFK,04L,1780184899.19,2026-05-30T23:48:19Z,40.628792,-73.780304,30.9,407da5,G-VJAZ,A339,AIRBUS A-330-900,0
landing,JFK,04R,1780184938.05,2026-05-30T23:48:58Z,40.635761,-73.762283,30.9,7805aa,B-2075,B77L,BOEING 777-200LR,0
landing,LGA,04,1780184961.85,2026-05-30T23:49:21Z,40.775723,-73.878738,33.8,abb94f,N8545V,B738,BOEING 737-800,0
takeoff,JFK,04L,1780184978.19,2026-05-30T23:49:38Z,40.626173,-73.782369,29.6,ab9af3,N847MF,B789,BOEING 787-9 Dreamliner,0
landing,JFK,04R,1780185104.1,2026-05-30T23:51:44Z,40.635716,-73.762301,30.9,a7cb53,N601DT,A21N,AIRBUS A-321neo,0
landing,JFK,04L,1780185163.98,2026-05-30T23:52:43Z,40.637066,-73.774124,11.2,a54cd9,N440YX,E75L,EMBRAER ERJ-170-200 (long wing),0
landing,JFK,04R,1780185192.44,2026-05-30T23:53:12Z,40.638668,-73.760025,30.9,3c656c,D-AIKL,A333,AIRBUS A-330-300,0
takeoff,JFK,04L,1780185228.29,2026-05-30T23:53:48Z,40.629792,-73.779529,29.6,ab7fe6,N840AN,B789,BOEING 787-9 Dreamliner,0
takeoff,JFK,04L,1780185280.84,2026-05-30T23:54:40Z,40.624466,-73.783691,30.9,407992,G-STBM,B77W,BOEING 777-300ER,0
landing,LGA,04,1780185327.81,2026-05-30T23:55:27Z,40.776936,-73.877701,33.8,a52b19,N432FR,A20N,AIRBUS A-320neo,0
landing,JFK,04R,1780185340.25,2026-05-30T23:55:40Z,40.637066,-73.761276,30.9,a0428a,N116AN,A321,AIRBUS A-321,0
landing,JFK,04R,1780185419.84,2026-05-30T23:56:59Z,40.634674,-73.763153,30.9,3481d5,EC-OJL,B772,BOEING 777-200,0
takeoff,JFK,04L,1780185437.65,2026-05-30T23:57:17Z,40.625358,-73.782978,30.9,a7851c,N584DN,A21N,,0
takeoff,JFK,04L,1780185503.58,2026-05-30T23:58:23Z,40.626929,-73.781776,30.9,ab00d6,N808NW,A333,AIRBUS A-330-300,0
takeoff,LGA,13,1780185565.57,2026-05-30T23:59:25Z,40.78022,-73.87413,120.9,acbf63,N920NN,B738,BOEING 737-800,0
landing,JFK,04R,1780185582.68,2026-05-30T23:59:42Z,40.638311,-73.760303,30.9,a78c8f,N586DT,A21N,,0
