type,airport,runway,timestamp,timestamp_iso,lat,lon,track_deg,icao,registration,aircraft_type,description,db_flags
takeoff,JFK,22R,1782604856.59,2026-06-28T00:00:56Z,40.645643,-73.767154,209.6,ab3fc4,N824AN,B789,BOEING 787-9 Dreamliner,0
landing,LGA,13,1782604921.06,2026-06-28T00:02:01Z,40.772758,-73.859711,146.2,acd0ca,N925AN,B738,BOEING 737-800,0
landing,JFK,22L,1782604930.9,2026-06-28T00:02:10Z,40.633907,-73.763748,210.9,a0275c,N109NN,A321,AIRBUS A-321,0
takeoff,JFK,22R,1782604939.85,2026-06-28T00:02:19Z,40.645853,-73.767014,210.9,a4bbde,N404DX,A339,AIRBUS A-330-900,0
takeoff,JFK,22R,1782604941.88,2026-06-28T00:02:21Z,40.645111,-73.767578,210.9,a4bbde,N404DX,A339,AIRBUS A-330-900,0
takeoff,LGA,13,1782604946.19,2026-06-28T00:02:26Z,40.779877,-73.873459,123.8,a2c93f,N279PQ,CRJ9,BOMBARDIER Regional Jet CRJ-900,0
landing,JFK,22L,1782605014.08,2026-06-28T00:03:34Z,40.6367,-73.761551,210.9,a86605,N640JB,A320,AIRBUS A-320,0
takeoff,JFK,22R,1782605067.41,2026-06-28T00:04:27Z,40.64637,-73.766586,210.9,a641bf,N502DX,A21N,AIRBUS A-321neo,0
landing,JFK,22L,1782605099.85,2026-06-28T00:04:59Z,40.633759,-73.76384,210.9,8960ae,A6-MMM,B744,BOEING 747-400,8
landing,LGA,13,1782605102.87,2026-06-28T00:05:02Z,40.776592,-73.866592,120.9,ac26cf,N882RW,E170,EMBRAER ERJ-170-100,0
takeoff,JFK,22R,1782605126.6,2026-06-28T00:05:26Z,40.646187,-73.766724,210.9,a4b6b6,N4022J,A21N,AIRBUS A-321neo,0
takeoff,JFK,22R,1782605182.26,2026-06-28T00:06:22Z,40.646027,-73.766846,210.9,a4189f,N363NB,A319,AIRBUS A-319,0
landing,LGA,13,1782605232.03,2026-06-28T00:07:12Z,40.772777,-73.859711,149.1,a1a1b6,N204JQ,E75L,EMBRAER ERJ-170-200 (long wing),0
landing,JFK,22L,1782605234.66,2026-06-28T00:07:14Z,40.635844,-73.762207,210.9,789218,B-LXF,A35K,AIRBUS A-350-1000,0
takeoff,JFK,22R,1782605247.02,2026-06-28T00:07:27Z,40.645008,-73.767639,210.9,ab3d41,N823NW,A333,AIRBUS A-330-300,0
takeoff,LGA,13,1782605252.91,2026-06-28T00:07:32Z,40.780237,-73.874208,120.9,a45210,N378FR,A20N,AIRBUS A-320neo,0
landing,LGA,13,1782605310.9,2026-06-28T00:08:30Z,40.777611,-73.868698,120.9,a35af8,N315SD,B38M,BOEING 737 MAX 8,0
landing,JFK,22L,1782605354.98,2026-06-28T00:09:14Z,40.633842,-73.763768,210.9,ac7e60,N904DN,B739,BOEING 737-900,0
takeoff,JFK,22R,1782605357.72,2026-06-28T00:09:17Z,40.646736,-73.766296,210.9,a77dae,N582DN,A21N,,0
takeoff,LGA,13,1782605361.28,2026-06-28T00:09:21Z,40.779224,-73.87207,123.8,a1584a,N186PQ,CRJ9,BOMBARDIER Regional Jet CRJ-900,0
takeoff,LGA,13,1782605418.75,2026-06-28T00:10:18Z,40.781448,-73.876736,120.9,ab3d17,N823MD,E170,EMBRAER ERJ-170-100,0
takeoff,JFK,22R,1782605418.94,2026-06-28T00:10:18Z,40.645981,-73.766873,210.9,400773,G-VIIV,B772,BOEING 777-200,0
landing,JFK,22L,1782605445.96,2026-06-28T00:10:45Z,40.634785,-73.763065,209.6,407898,G-ZBLA,B78X,BOEING 787-10 Dreamliner,0
takeoff,JFK,22R,1782605486.94,2026-06-28T00:11:26Z,40.64583,-73.767014,209.6,7c806f,VH-ZNL,B789,BOEING 787-9 Dreamliner,0
landing,LGA,13,1782605526.15,2026-06-28T00:12:06Z,40.778343,-73.870239,123.8,c0850c,C-GYJZ,DH8D,DE HAVILLAND DHC-8-400 Dash 8,0
landing,JFK,22L,1782605586.4,2026-06-28T00:13:06Z,40.633854,-73.763783,210.9,a36b50,N3195J,BCS3,,0
takeoff,LGA,13,1782605592.94,2026-06-28T00:13:12Z,40.779632,-73.872929,120.9,acf2e4,N933XJ,CRJ9,BOMBARDIER Regional Jet CRJ-900,0
takeoff,LGA,13,1782605665.85,2026-06-28T00:14:25Z,40.779877,-73.873459,120.9,a49d16,N397DA,B738,BOEING 737-800,0
landing,JFK,22L,1782605669.55,2026-06-28T00:14:29Z,40.634029,-73.763658,210.9,3965b1,F-GZNR,B77W,BOEING 777-300ER,0
takeoff,JFK,22R,1782605711.36,2026-06-28T00:15:11Z,40.645958,-73.766876,210.9,ab4840,N826MH,B764,BOEING 767-400,0
landing,LGA,13,1782605747.92,2026-06-28T00:15:47Z,40.778091,-73.869705,120.9,a523ab,N430FR,,,0
takeoff,JFK,22R,1782605779.08,2026-06-28T00:16:19Z,40.646358,-73.766602,212.4,e80214,CC-BGA,B789,BOEING 787-9 Dreamliner,0
takeoff,JFK,22R,1782605781.7,2026-06-28T00:16:21Z,40.645432,-73.767334,212.4,e80214,CC-BGA,B789,BOEING 787-9 Dreamliner,0
landing,JFK,22L,1782605802.34,2026-06-28T00:16:42Z,40.635553,-73.762426,210.9,a0428a,N116AN,A321,AIRBUS A-321,0
landing,JFK,22L,1782605888.85,2026-06-28T00:18:08Z,40.633759,-73.763855,210.9,a9bd9a,N727AN,B77W,BOEING 777-300ER,0
takeoff,JFK,22R,1782605901.77,2026-06-28T00:18:21Z,40.649139,-73.764404,210.9,a19691,N201JQ,E75L,EMBRAER ERJ-170-200 (long wing),0
landing,LGA,13,1782605956.01,2026-06-28T00:19:16Z,40.777382,-73.86821,120.9,a3b79c,N339DU,,,0
takeoff,JFK,22R,1782605983.53,2026-06-28T00:19:43Z,40.644768,-73.767822,210.9,a39948,N3308J,BCS3,AIRBUS A220-300,0
takeoff,LGA,13,1782606005.76,2026-06-28T00:20:05Z,40.780121,-73.873974,120.9,a5d1b9,N474UA,A320,AIRBUS A-320,0
landing,JFK,22L,1782606031.23,2026-06-28T00:20:31Z,40.635063,-73.762833,210.9,a1a0c4,N2039J,A21N,AIRBUS A-321neo,0
takeoff,JFK,22R,1782606034.34,2026-06-28T00:20:34Z,40.646336,-73.766617,210.9,a69bcd,N525DA,A21N,AIRBUS A-321neo,0
landing,LGA,13,1782606077.52,2026-06-28T00:21:17Z,40.776066,-73.865494,123.8,a336df,N306NY,B738,BOEING 737-800,0
landing,JFK,22L,1782606098.27,2026-06-28T00:21:38Z,40.633415,-73.76413,210.9,acf5be,N934NN,B738,BOEING 737-800,0
takeoff,LGA,13,1782606118.38,2026-06-28T00:21:58Z,40.779453,-73.872559,120.9,a7dadc,N605LR,CRJ9,BOMBARDIER Regional Jet CRJ-900,0
takeoff,JFK,22R,1782606168.38,2026-06-28T00:22:48Z,40.645341,-73.767372,210.9,ab58b2,N830DN,B739,BOEING 737-900,0
landing,JFK,22L,1782606177.14,2026-06-28T00:22:57Z,40.634413,-73.763346,210.9,a35efa,N316VD,B38M,BOEING 737 MAX 8,0
landing,LGA,13,1782606194.68,2026-06-28T00:23:14Z,40.773988,-73.861162,126.6,ac3aa8,N8873S,B38M,BOEING 737 MAX 8,0
takeoff,JFK,22R,1782606230.22,2026-06-28T00:23:50Z,40.644666,-73.767903,210.9,a3871e,N3261J,BCS3,,0
landing,JFK,22L,1782606255.8,2026-06-28T00:24:15Z,40.632957,-73.764481,210.9,a99d89,N719AN,B77W,BOEING 777-300ER,0
landing,JFK,22R,1782606321.58,2026-06-28T00:25:21Z,40.633942,-73.776291,210.9,a924fc,N689DL,B752,BOEING 757-200,0
landing,LGA,13,1782606335.05,2026-06-28T00:25:35Z,40.777027,-73.867508,120.9,ab6101,N832NN,B738,BOEING 737-800,0
landing,JFK,22L,1782606402.45,2026-06-28T00:26:42Z,40.634457,-73.76329,210.9,a6bbef,N533DT,A21N,AIRBUS A-321neo,0
takeoff,JFK,22R,1782606409.63,2026-06-28T00:26:49Z,40.646484,-73.766495,210.9,a6aaba,N529DT,A21N,AIRBUS A-321neo,0
landing,LGA,13,1782606451.72,2026-06-28T00:27:31Z,40.777084,-73.86756,120.9,a33339,N305PQ,CRJ9,BOMBARDIER Regional Jet CRJ-900,0
landing,JFK,22L,1782606469.8,2026-06-28T00:27:49Z,40.635761,-73.762299,210.9,3481d5,EC-OJL,B772,BOEING 777-200,0
landing,JFK,22R,1782606494.48,2026-06-28T00:28:14Z,40.632122,-73.777695,210.9,a1e411,N2205J,A21N,AIRBUS A-321neo,0
landing,LGA,13,1782606521.91,2026-06-28T00:28:41Z,40.777233,-73.867905,120.9,ac541b,N8939Q,B38M,BOEING 737 MAX 8,0
landing,JFK,22L,1782606605.79,2026-06-28T00:30:05Z,40.635303,-73.76265,210.9,a64578,N503DZ,A21N,AIRBUS A-321neo,0
landing,LGA,13,1782606650.88,2026-06-28T00:30:50Z,40.777267,-73.867981,123.8,a449f1,N3759,B738,BOEING 737-800,0
landing,JFK,22R,1782606655.71,2026-06-28T00:30:55Z,40.63141,-73.778265,213.8,a00ce0,N102HQ,E75L,EMBRAER ERJ-170-200 (long wing),0
landing,JFK,22L,1782606680.42,2026-06-28T00:31:20Z,40.635251,-73.762675,210.9,aa4d77,N763JB,A320,AIRBUS A-320,0
takeoff,JFK,22R,1782606717.95,2026-06-28T00:31:57Z,40.644665,-73.767914,210.9,406814,G-VGEM,A333,AIRBUS A-330-300,0
landing,JFK,22L,1782606770.97,2026-06-28T00:32:50Z,40.632702,-73.764673,210.9,a026e1,N109HQ,E75L,EMBRAER ERJ-170-200 (long wing),0
landing,LGA,13,1782606805.56,2026-06-28T00:33:25Z,40.775838,-73.865048,123.8,a21833,N234JQ,E75L,EMBRAER ERJ-170-200 (long wing),0
landing,JFK,22L,1782606831.54,2026-06-28T00:33:51Z,40.634537,-73.763229,210.9,ade252,N994JL,A321,AIRBUS A-321,0
takeoff,JFK,22R,1782606845.63,2026-06-28T00:34:05Z,40.646347,-73.766602,208.1,ab6519,N833SK,CRJ9,BOMBARDIER Regional Jet CRJ-900,0
takeoff,JFK,04L,1782606861.05,2026-06-28T00:34:21Z,40.644138,-73.770279,348.8,a1e411,N2205J,A21N,AIRBUS A-321neo,0
landing,LGA,13,1782606895.34,2026-06-28T00:34:55Z,40.775654,-73.864609,120.9,a99e09,N719FR,A321,AIRBUS A-321,0
takeoff,JFK,22R,1782606909.01,2026-06-28T00:35:09Z,40.645899,-73.766936,210.9,ad2baa,N948JB,A321,AIRBUS A-321,0
landing,JFK,22L,1782606909.55,2026-06-28T00:35:09Z,40.636494,-73.761703,213.8,aca79d,N914XJ,CRJ9,BOMBARDIER Regional Jet CRJ-900,0
takeoff,LGA,13,1782606947.63,2026-06-28T00:35:47Z,40.7799,-73.873459,123.8,acf0da,N933AM,A321,AIRBUS A-321,0
landing,JFK,22L,1782606988.11,2026-06-28T00:36:28Z,40.635553,-73.762441,210.9,a03f24,N115DU,BCS1,AIRBUS A220-100,0
landing,LGA,13,1782607024.2,2026-06-28T00:37:04Z,40.776066,-73.865509,123.8,acb953,N919NN,B738,BOEING 737-800,0
landing,JFK,22R,1782607043.34,2026-06-28T00:37:23Z,40.631664,-73.778061,210.9,a54cd9,N440YX,E75L,EMBRAER ERJ-170-200 (long wing),0
landing,JFK,22L,1782607060.43,2026-06-28T00:37:40Z,40.632648,-73.764725,210.9,ade9c0,N996JL,A321,AIRBUS A-321,0
takeoff,JFK,22R,1782607132.91,2026-06-28T00:38:52Z,40.646155,-73.766733,210.9,406591,G-STBE,B77W,BOEING 777-300ER,0
landing,JFK,22L,1782607149.77,2026-06-28T00:39:09Z,40.635355,-73.762582,210.9,acb2c2,N917XJ,CRJ9,BOMBARDIER Regional Jet CRJ-900,0
landing,LGA,13,1782607180.39,2026-06-28T00:39:40Z,40.776665,-73.866718,120.9,a3eeb0,N35204,B738,BOEING 737-800,0
landing,JFK,22R,1782607217.27,2026-06-28T00:40:17Z,40.632214,-73.777634,210.9,ad5329,N958JB,A321,AIRBUS A-321,0
landing,JFK,22L,1782607227.73,2026-06-28T00:40:27Z,40.635239,-73.762706,210.9,4ba947,TC-JJG,B77W,BOEING 777-300ER,0
takeoff,JFK,22L,1782607264.4,2026-06-28T00:41:04Z,40.629583,-73.768293,210.9,4ba947,TC-JJG,B77W,BOEING 777-300ER,0
takeoff,JFK,22R,1782607328.24,2026-06-28T00:42:08Z,40.645111,-73.767578,210.9,4c0224,YU-ARE,A332,AIRBUS A-330-200,0
landing,JFK,22L,1782607346.93,2026-06-28T00:42:26Z,40.634657,-73.763159,210.9,89901f,B-18006,B77W,BOEING 777-300ER,0
takeoff,JFK,22R,1782607414.74,2026-06-28T00:43:34Z,40.645924,-73.766922,208.1,a5fc87,N485PX,CRJ9,BOMBARDIER Regional Jet CRJ-900,0
takeoff,JFK,22R,1782607475.57,2026-06-28T00:44:35Z,40.646109,-73.766764,210.9,a3f00a,N353AZ,B763,BOEING 767-300,0
takeoff,LGA,13,1782607524.4,2026-06-28T00:45:24Z,40.778841,-73.871274,120.9,c080db,C-GWUS,BCS3,AIRBUS A220-300,0
landing,JFK,22L,1782607532.75,2026-06-28T00:45:32Z,40.636379,-73.761786,213.8,a61173,N490PX,CRJ9,BOMBARDIER Regional Jet CRJ-900,0
takeoff,JFK,22R,1782607566.2,2026-06-28T00:46:06Z,40.645248,-73.767456,210.9,ab09b4,N810DN,B739,BOEING 737-900,0
landing,JFK,22L,1782607604.34,2026-06-28T00:46:44Z,40.6361,-73.76202,213.8,a6152a,N491PX,CRJ9,BOMBARDIER Regional Jet CRJ-900,0
takeoff,JFK,22R,1782607633.02,2026-06-28T00:47:13Z,40.645236,-73.767482,210.9,aaf5b1,N805NW,A333,AIRBUS A-330-300,0
landing,JFK,22L,1782607678.84,2026-06-28T00:47:58Z,40.635235,-73.76268,210.9,a35fc2,N3162J,BCS3,AIRBUS A220-300,0
landing,JFK,22R,1782607770.42,2026-06-28T00:49:30Z,40.632178,-73.777688,210.9,407699,G-VPRD,A35K,AIRBUS A-350-1000,0
landing,JFK,22L,1782607781.3,2026-06-28T00:49:41Z,40.634525,-73.763275,210.9,a353c8,N313UR,B38M,BOEING 737 MAX 8,0
takeoff,JFK,31R,1782607826.05,2026-06-28T00:50:26Z,40.647583,-73.774887,258.8,ad5329,N958JB,A321,AIRBUS A-321,0
landing,LGA,13,1782607832.79,2026-06-28T00:50:32Z,40.775699,-73.864751,126.6,c00b8a,C-FEJP,E75S,EMBRAER ERJ-170-200 (short wing),0
landing,JFK,22L,1782607857.32,2026-06-28T00:50:57Z,40.635169,-73.762753,210.9,acf54f,N934JB,A321,AIRBUS A-321,0
landing,JFK,22L,1782607938.66,2026-06-28T00:52:18Z,40.635646,-73.762332,210.9,a1b2a8,N2084J,A21N,AIRBUS A-321neo,0
takeoff,JFK,22R,1782607985.3,2026-06-28T00:53:05Z,40.64526,-73.767456,210.9,abac50,N851NW,A332,AIRBUS A-330-200,0
landing,JFK,22L,1782608026.53,2026-06-28T00:53:46Z,40.635841,-73.762207,210.9,a7faad,N613JB,A320,AIRBUS A-320,0
landing,LGA,13,1782608078.57,2026-06-28T00:54:38Z,40.777668,-73.86882,120.9,a69894,N524JB,A320,AIRBUS A-320,0
takeoff,JFK,22R,1782608082.66,2026-06-28T00:54:42Z,40.645422,-73.76731,210.9,a441c9,N3733Z,B738,BOEING 737-800,0
landing,JFK,22L,1782608106.79,2026-06-28T00:55:06Z,40.634762,-73.763081,210.9,71c011,HL8011,B77W,BOEING 777-300ER,0
takeoff,JFK,22R,1782608153.44,2026-06-28T00:55:53Z,40.644962,-73.767685,210.9,4b1886,HB-JHM,A333,AIRBUS A-330-300,0
landing,JFK,22L,1782608270.55,2026-06-28T00:57:50Z,40.636848,-73.761429,210.9,a1a435,N2047J,A21N,AIRBUS A-321neo,0
landing,LGA,13,1782608275.07,2026-06-28T00:57:55Z,40.776981,-73.867371,120.9,a39781,N330TJ,B38M,BOEING 737 MAX 8,0
takeoff,JFK,22R,1782608299.25,2026-06-28T00:58:19Z,40.645798,-73.767029,208.1,a7cc00,N601LR,CRJ9,BOMBARDIER Regional Jet CRJ-900,0
landing,JFK,22L,1782608359.46,2026-06-28T00:59:19Z,40.635487,-73.762497,210.9,a85c3e,N638JB,A320,AIRBUS A-320,0
takeoff,JFK,22R,1782608361.7,2026-06-28T00:59:21Z,40.645374,-73.767334,210.9,a779b0,N581AS,B738,BOEING 737-800,0
landing,LGA,13,1782608379.41,2026-06-28T00:59:39Z,40.777245,-73.867935,120.9,a008c5,N101DQ,A321,AIRBUS A-321,0
takeoff,JFK,22R,1782608424.37,2026-06-28T01:00:24Z,40.647011,-73.766083,210.9,a7dde1,N606DN,A21N,AIRBUS A-321neo,0
takeoff,LGA,13,1782608431.34,2026-06-28T01:00:31Z,40.781525,-73.876923,120.9,a1c935,N214JQ,E75L,EMBRAER ERJ-170-200 (long wing),0
takeoff,JFK,22R,1782608490.49,2026-06-28T01:01:30Z,40.645853,-73.766998,210.9,4cc587,TF-IAG,A21N,AIRBUS A-321neo,0
landing,JFK,22L,1782608511.45,2026-06-28T01:01:51Z,40.636589,-73.76163,210.9,aca02f,N912XJ,CRJ9,BOMBARDIER Regional Jet CRJ-900,0
landing,LGA,13,1782608550.8,2026-06-28T01:02:30Z,40.776548,-73.866515,120.9,a9d5e5,N73276,B738,BOEING 737-800,0
takeoff,JFK,22R,1782608556.65,2026-06-28T01:02:36Z,40.645003,-73.767653,209.6,e8046f,CC-BGT,B789,BOEING 787-9 Dreamliner,0
landing,JFK,22L,1782608590.47,2026-06-28T01:03:10Z,40.636505,-73.761688,210.9,a87898,N645JB,A320,AIRBUS A-320,0
takeoff,JFK,22R,1782608639.52,2026-06-28T01:03:59Z,40.645178,-73.767466,210.9,40771a,G-VDOT,A35K,AIRBUS A-350-1000,0
landing,JFK,22L,1782608675.51,2026-06-28T01:04:35Z,40.637135,-73.761215,210.9,a19cc7,N2027J,A21N,AIRBUS A-321neo,0
landing,JFK,22L,1782608769.58,2026-06-28T01:06:09Z,40.635944,-73.762131,210.9,a3514f,N3125J,BCS3,,0
takeoff,JFK,22R,1782608845.17,2026-06-28T01:07:25Z,40.645806,-73.767029,210.9,a67c3a,N517JB,A320,AIRBUS A-320,0
landing,JFK,22L,1782608872.66,2026-06-28T01:07:52Z,40.633842,-73.763783,210.9,acf849,N935AN,B738,BOEING 737-800,0
takeoff,JFK,22R,1782608968.95,2026-06-28T01:09:28Z,40.645294,-73.76741,210.9,a4e35f,N414DZ,A339,AIRBUS A-330-900,0
landing,JFK,22L,1782608989.02,2026-06-28T01:09:49Z,40.63283,-73.764595,210.9,a20d0e,N231JQ,E75L,EMBRAER ERJ-170-200 (long wing),0
takeoff,JFK,22R,1782609040.6,2026-06-28T01:10:40Z,40.644666,-73.767903,210.9,4ca5c7,EI-DUZ,A333,AIRBUS A-330-300,0
landing,LGA,13,1782609063.95,2026-06-28T01:11:03Z,40.777485,-73.868454,120.9,aa3994,N758US,A319,AIRBUS A-319,0
landing,JFK,22L,1782609099.2,2026-06-28T01:11:39Z,40.636065,-73.762051,210.9,a9a901,N721TW,B752,BOEING 757-200,0
takeoff,JFK,22R,1782609143.65,2026-06-28T01:12:23Z,40.648832,-73.764657,210.9,a537ed,N435YX,E75L,EMBRAER ERJ-170-200 (long wing),0
takeoff,JFK,22R,1782609252.2,2026-06-28T01:14:12Z,40.645096,-73.767575,210.9,a5124c,N426DZ,A339,AIRBUS A-330-900,0
landing,JFK,22L,1782609278.03,2026-06-28T01:14:38Z,40.634857,-73.763,210.9,acba30,N919XJ,CRJ9,BOMBARDIER Regional Jet CRJ-900,0
landing,LGA,13,1782609344.83,2026-06-28T01:15:44Z,40.774063,-73.861343,126.6,a3a65f,N334TL,B38M,BOEING 737 MAX 8,0
landing,JFK,22L,1782609362.35,2026-06-28T01:16:02Z,40.636837,-73.761429,210.9,ac79a3,N9025B,A319,AIRBUS A-319,0
takeoff,JFK,22R,1782609391.11,2026-06-28T01:16:31Z,40.645844,-73.766968,210.9,adde95,N993JE,A321,AIRBUS A-321,0
landing,JFK,22L,1782609431.58,2026-06-28T01:17:11Z,40.635075,-73.762817,210.9,a64ce6,N505DZ,A21N,AIRBUS A-321neo,0
takeoff,JFK,22R,1782609469.07,2026-06-28T01:17:49Z,40.646598,-73.766374,210.9,a70f11,N554JB,A320,AIRBUS A-320,0
landing,JFK,22L,1782609501.1,2026-06-28T01:18:21Z,40.635344,-73.762597,210.9,a0f46f,N1603,B763,BOEING 767-300,0
takeoff,JFK,22R,1782609545.77,2026-06-28T01:19:05Z,40.645237,-73.767471,210.9,ab5365,N829MH,B764,BOEING 767-400,0
landing,JFK,22L,1782609599.38,2026-06-28T01:19:59Z,40.633505,-73.764064,210.9,adbe91,N985JT,A321,AIRBUS A-321,0
takeoff,JFK,22R,1782609616.87,2026-06-28T01:20:16Z,40.645397,-73.767334,209.6,ab349f,N821AN,B789,BOEING 787-9 Dreamliner,0
landing,JFK,22L,1782609682.03,2026-06-28T01:21:22Z,40.633796,-73.763814,210.9,a3661f,N318SF,B38M,BOEING 737 MAX 8,0
takeoff,JFK,22R,1782609751.45,2026-06-28T01:22:31Z,40.648922,-73.764587,210.9,a20957,N230JQ,E75L,EMBRAER ERJ-170-200 (long wing),0
landing,JFK,22L,1782609753.53,2026-06-28T01:22:33Z,40.634743,-73.763077,210.9,adabfe,N980JT,A321,AIRBUS A-321,0
takeoff,LGA,13,1782609766.91,2026-06-28T01:22:46Z,40.779533,-73.872726,120.9,a35af8,N315SD,B38M,BOEING 737 MAX 8,0
takeoff,JFK,22R,1782609845.68,2026-06-28T01:24:05Z,40.644802,-73.767792,210.9,347388,EC-NXE,A359,AIRBUS A-350-900,0
landing,JFK,22L,1782609857.35,2026-06-28T01:24:17Z,40.632683,-73.764694,210.9,a50900,N423YX,E75L,EMBRAER ERJ-170-200 (long wing),0
takeoff,JFK,22R,1782609979.98,2026-06-28T01:26:19Z,40.645341,-73.767388,210.9,a009a4,N101NN,A321,AIRBUS A-321,0
landing,LGA,13,1782609989.32,2026-06-28T01:26:29Z,40.776211,-73.865781,120.9,abd010,N860NN,B738,BOEING 737-800,0
landing,JFK,22L,1782610000.98,2026-06-28T01:26:40Z,40.635227,-73.762691,210.9,4cc547,TF-ICR,B38M,BOEING 737 MAX 8,0
takeoff,LGA,13,1782610051.31,2026-06-28T01:27:31Z,40.779877,-73.873459,120.9,a336df,N306NY,B738,BOEING 737-800,0
takeoff,JFK,22R,1782610061.71,2026-06-28T01:27:41Z,40.645214,-73.767487,210.9,ab1122,N812DN,B739,BOEING 737-900,0
landing,JFK,22L,1782610110.51,2026-06-28T01:28:30Z,40.631957,-73.76525,210.9,781f4c,B-223N,B77L,BOEING 777-200LR,0
takeoff,JFK,22R,1782610141.85,2026-06-28T01:29:01Z,40.644945,-73.767669,210.9,76ceef,9V-SWO,B77W,BOEING 777-300ER,0
landing,JFK,22L,1782610265.5,2026-06-28T01:31:05Z,40.631794,-73.765391,210.9,a1ff90,N228JQ,E75L,EMBRAER ERJ-170-200 (long wing),0
takeoff,JFK,22R,1782610289.37,2026-06-28T01:31:29Z,40.645876,-73.766951,210.9,a3244c,N301NY,A21N,AIRBUS A-321neo,0
landing,JFK,22L,1782610321.59,2026-06-28T01:32:01Z,40.633563,-73.764002,210.9,acb4c1,N918DU,B739,BOEING 737-900,0
takeoff,JFK,22R,1782610357.57,2026-06-28T01:32:37Z,40.645603,-73.767181,210.9,a35b27,N315UA,B38M,BOEING 737 MAX 8,0
landing,LGA,13,1782610368.29,2026-06-28T01:32:48Z,40.777645,-73.868805,120.9,c03330,C-FTJZ,CRJ9,BOMBARDIER Regional Jet CRJ-900,0
landing,JFK,22L,1782610409.84,2026-06-28T01:33:29Z,40.634541,-73.763253,210.9,3475d4,EC-ODB,A332,AIRBUS A-330-200,0
takeoff,JFK,22R,1782610425.0,2026-06-28T01:33:45Z,40.645008,-73.767624,210.9,ab8862,N842MH,B764,BOEING 767-400,0
takeoff,LGA,13,1782610426.99,2026-06-28T01:33:46Z,40.779947,-73.873615,120.9,ac3aa8,N8873S,B38M,BOEING 737 MAX 8,0
landing,JFK,22L,1782610493.07,2026-06-28T01:34:53Z,40.633026,-73.764435,209.6,47ae38,LN-FNL,B789,BOEING 787-9 Dreamliner,0
takeoff,JFK,22R,1782610496.02,2026-06-28T01:34:56Z,40.645201,-73.767482,210.9,780c5c,B-2092,B77L,BOEING 777-200LR,0
landing,LGA,13,1782610537.29,2026-06-28T01:35:37Z,40.775677,-73.864685,120.9,ac259b,N882DN,B739,BOEING 737-900,0
landing,JFK,22L,1782610642.2,2026-06-28T01:37:22Z,40.636484,-73.761723,210.9,a38af8,N3272J,BCS3,AIRBUS A220-300,0
takeoff,JFK,22R,1782610644.11,2026-06-28T01:37:24Z,40.64526,-73.767456,210.9,a67883,N516JB,A320,AIRBUS A-320,0
takeoff,LGA,13,1782610654.35,2026-06-28T01:37:34Z,40.779739,-73.873169,120.9,ac541b,N8939Q,B38M,BOEING 737 MAX 8,0
takeoff,JFK,22R,1782610717.37,2026-06-28T01:38:37Z,40.6464,-73.766545,210.9,a4cd23,N4083J,A21N,AIRBUS A-321neo,0
landing,JFK,22L,1782610740.94,2026-06-28T01:39:00Z,40.638649,-73.760022,210.9,a984ea,N712QS,,,0
landing,LGA,13,1782610767.38,2026-06-28T01:39:27Z,40.778069,-73.869659,123.8,a36eae,N320DU,BCS3,AIRBUS A220-300,0
takeoff,JFK,22R,1782610787.33,2026-06-28T01:39:47Z,40.645085,-73.76756,209.6,02013d,CN-RGX,B789,BOEING 787-9 Dreamliner,0
takeoff,JFK,22R,1782610787.99,2026-06-28T01:39:47Z,40.644864,-73.767747,209.6,02013d,CN-RGX,B789,BOEING 787-9 Dreamliner,0
landing,JFK,22L,1782610806.5,2026-06-28T01:40:06Z,40.635544,-73.762451,210.9,3c70cb,D-ALFK,B77L,BOEING 777-200LR,0
takeoff,JFK,22R,1782610922.28,2026-06-28T01:42:02Z,40.645771,-73.76706,210.9,a8222c,N623JB,A320,AIRBUS A-320,0
takeoff,LGA,13,1782610936.18,2026-06-28T01:42:16Z,40.779935,-73.873568,120.9,a523ab,N430FR,,,0
landing,JFK,22L,1782610963.0,2026-06-28T01:42:43Z,40.638928,-73.759819,210.9,a53db2,N437FX,E545,EMBRAER EMB545 Praetor 500,0
takeoff,JFK,22R,1782611007.12,2026-06-28T01:43:27Z,40.645946,-73.766904,210.9,4005bd,G-VIIE,B772,BOEING 777-200,0
landing,JFK,22L,1782611060.56,2026-06-28T01:44:20Z,40.639664,-73.759201,212.4,a89f8c,,,,
landing,JFK,22L,1782611149.8,2026-06-28T01:45:49Z,40.633924,-73.763752,210.9,ad646e,N962JT,A321,AIRBUS A-321,0
takeoff,JFK,22R,1782611189.26,2026-06-28T01:46:29Z,40.64626,-73.766655,210.9,a1286c,N174DZ,B763,BOEING 767-300,0
landing,JFK,22L,1782611230.82,2026-06-28T01:47:10Z,40.632683,-73.764694,210.9,89902f,B-16726,B77W,BOEING 777-300ER,0
takeoff,JFK,22R,1782611299.77,2026-06-28T01:48:19Z,40.645748,-73.76706,210.9,a1d99b,N2180J,A21N,AIRBUS A-321neo,0
landing,JFK,22L,1782611363.97,2026-06-28T01:49:23Z,40.633278,-73.764236,210.9,adcca0,N989AN,B738,BOEING 737-800,0
takeoff,JFK,22R,1782611368.72,2026-06-28T01:49:28Z,40.644814,-73.767792,210.9,a36b50,N3195J,BCS3,,0
landing,LGA,13,1782611372.11,2026-06-28T01:49:32Z,40.776398,-73.866135,123.8,ade543,N995AN,A321,AIRBUS A-321,0
landing,JFK,22L,1782611413.01,2026-06-28T01:50:13Z,40.635155,-73.762756,210.9,4bb142,TC-LJB,B77W,BOEING 777-300ER,0
takeoff,JFK,22R,1782611436.47,2026-06-28T01:50:36Z,40.648739,-73.764694,210.9,a1f3c7,N225CA,PAY1,PIPER PA-31T1-500 Cheyenne 1,0
landing,LGA,13,1782611567.18,2026-06-28T01:52:47Z,40.776153,-73.865672,120.9,a06010,N123NN,A321,AIRBUS A-321,0
landing,JFK,22L,1782611570.0,2026-06-28T01:52:50Z,40.630502,-73.766389,210.9,0c203a,HP-1534CMP,B738,BOEING 737-800,0
takeoff,JFK,22R,1782611621.77,2026-06-28T01:53:41Z,40.645213,-73.767466,212.4,740826,JY-BAF,B788,BOEING 787-8 Dreamliner,0
takeoff,JFK,31R,1782611642.93,2026-06-28T01:54:02Z,40.648487,-73.77298,264.4,ad646e,N962JT,A321,AIRBUS A-321,0
landing,JFK,22L,1782611656.21,2026-06-28T01:54:16Z,40.636007,-73.762098,210.9,400683,G-VIIK,B772,BOEING 777-200,0
landing,JFK,22L,1782611777.72,2026-06-28T01:56:17Z,40.636276,-73.761887,210.9,a18b71,N199UW,A321,AIRBUS A-321,0
landing,JFK,22L,1782611857.39,2026-06-28T01:57:37Z,40.634727,-73.763128,210.9,a80d40,N618JB,A320,AIRBUS A-320,0
takeoff,JFK,22R,1782611895.69,2026-06-28T01:58:15Z,40.645214,-73.767471,209.6,485342,PH-BHH,B789,BOEING 787-9 Dreamliner,0
landing,JFK,22L,1782611943.31,2026-06-28T01:59:03Z,40.635076,-73.762831,210.9,4cae32,EI-XLU,A21N,AIRBUS A-321neo,0
takeoff,LGA,13,1782611993.49,2026-06-28T01:59:53Z,40.780231,-73.874207,120.9,a99e09,N719FR,A321,AIRBUS A-321,0
landing,JFK,22L,1782612033.15,2026-06-28T02:00:33Z,40.637031,-73.761286,210.9,acab54,N915XJ,CRJ9,BOMBARDIER Regional Jet CRJ-900,0
takeoff,JFK,22R,1782612044.02,2026-06-28T02:00:44Z,40.645748,-73.76706,210.9,a657f4,N508DA,A21N,AIRBUS A-321neo,0
landing,JFK,22L,1782612101.63,2026-06-28T02:01:41Z,40.635635,-73.762375,210.9,a74f33,N570JB,A320,AIRBUS A-320,0
takeoff,JFK,22R,1782612171.76,2026-06-28T02:02:51Z,40.644836,-73.767776,210.9,4cadfb,EI-HPB,A339,AIRBUS A-330-900,0
landing,JFK,22L,1782612189.97,2026-06-28T02:03:09Z,40.635418,-73.762527,210.9,39d2b0,F-HUVQ,A359,AIRBUS A-350-900,0
takeoff,JFK,22R,1782612278.85,2026-06-28T02:04:38Z,40.6493,-73.764282,210.9,a00ce0,N102HQ,E75L,EMBRAER ERJ-170-200 (long wing),0
landing,JFK,22L,1782612318.28,2026-06-28T02:05:18Z,40.632568,-73.764786,210.9,a32c3e,N303UE,B38M,,0
takeoff,JFK,22R,1782612377.78,2026-06-28T02:06:17Z,40.644794,-73.767794,210.9,781ebb,B-222V,B77L,BOEING 777-200LR,0
landing,JFK,22L,1782612408.94,2026-06-28T02:06:48Z,40.636263,-73.761879,212.4,4072ea,G-VWOO,B789,BOEING 787-9 Dreamliner,0
takeoff,JFK,22R,1782612547.26,2026-06-28T02:09:07Z,40.645935,-73.766922,210.9,a32095,N300NY,A21N,AIRBUS A-321neo,0
takeoff,JFK,22R,1782612621.3,2026-06-28T02:10:21Z,40.644456,-73.768059,210.9,a36b73,N3196J,BCS3,AIRBUS A220-300,0
takeoff,JFK,22R,1782612675.1,2026-06-28T02:11:15Z,40.645888,-73.766951,210.9,a0f44c,N1602,B763,BOEING 767-300,0
landing,JFK,22L,1782612705.11,2026-06-28T02:11:45Z,40.636173,-73.761963,210.9,a85119,N635JB,A320,AIRBUS A-320,0
takeoff,JFK,22R,1782612748.26,2026-06-28T02:12:28Z,40.645901,-73.766937,210.9,406948,G-STBH,B77W,BOEING 777-300ER,0
landing,JFK,22L,1782612800.82,2026-06-28T02:13:20Z,40.634411,-73.763367,210.9,780cb8,B-2487,B748,BOEING 747-8,0
takeoff,LGA,13,1782612821.55,2026-06-28T02:13:41Z,40.779551,-73.872773,120.9,aa3994,N758US,A319,AIRBUS A-319,0
takeoff,JFK,22R,1782612913.92,2026-06-28T02:15:13Z,40.644829,-73.767778,210.9,ac801e,N904XJ,CRJ9,BOMBARDIER Regional Jet CRJ-900,0
takeoff,JFK,22R,1782612971.14,2026-06-28T02:16:11Z,40.646049,-73.766815,213.8,a61173,N490PX,CRJ9,BOMBARDIER Regional Jet CRJ-900,0
landing,JFK,22L,1782612984.93,2026-06-28T02:16:24Z,40.632283,-73.765032,210.9,a1f46b,N225JQ,E75L,EMBRAER ERJ-170-200 (long wing),0
takeoff,LGA,13,1782612998.79,2026-06-28T02:16:38Z,40.779667,-73.873022,120.9,a69894,N524JB,A320,AIRBUS A-320,0
takeoff,JFK,22R,1782613044.54,2026-06-28T02:17:24Z,40.645434,-73.76731,210.9,3965b0,F-GZNQ,B77W,BOEING 777-300ER,0
landing,JFK,22L,1782613073.45,2026-06-28T02:17:53Z,40.635076,-73.7628,208.1,a5e9f4,N480PX,CRJ9,BOMBARDIER Regional Jet CRJ-900,0
landing,JFK,22L,1782613157.28,2026-06-28T02:19:17Z,40.636845,-73.761427,210.9,a967eb,N705JB,A320,AIRBUS A-320,0
takeoff,JFK,22R,1782613179.81,2026-06-28T02:19:39Z,40.644898,-73.767731,210.9,a36825,N3189J,BCS3,AIRBUS A220-300,0
takeoff,JFK,22R,1782613237.29,2026-06-28T02:20:37Z,40.645934,-73.76692,210.9,ad846f,N970JB,A321,AIRBUS A-321,0
landing,JFK,22L,1782613262.53,2026-06-28T02:21:02Z,40.635181,-73.762722,205.3,a30961,N295PQ,CRJ9,BOMBARDIER Regional Jet CRJ-900,0
takeoff,JFK,22R,1782613307.39,2026-06-28T02:21:47Z,40.64583,-73.766998,209.6,ab3c0d,N823AN,B789,BOEING 787-9 Dreamliner,0
landing,JFK,22L,1782613330.86,2026-06-28T02:22:10Z,40.635429,-73.762558,210.9,adcd6d,N989JT,A321,AIRBUS A-321,0
landing,JFK,22L,1782613437.56,2026-06-28T02:23:57Z,40.635169,-73.762738,210.9,71be26,HL7626,A388,AIRBUS A-380-800,0
takeoff,JFK,22R,1782613439.04,2026-06-28T02:23:59Z,40.646586,-73.766389,210.9,a6152a,N491PX,CRJ9,BOMBARDIER Regional Jet CRJ-900,0
takeoff,JFK,22R,1782613487.53,2026-06-28T02:24:47Z,40.648979,-73.764526,210.9,a54cd9,N440YX,E75L,EMBRAER ERJ-170-200 (long wing),0
takeoff,JFK,22R,1782613559.07,2026-06-28T02:25:59Z,40.645889,-73.766937,210.9,ac89f7,N907JB,A321,AIRBUS A-321,0
takeoff,JFK,22R,1782613602.44,2026-06-28T02:26:42Z,40.649105,-73.76445,210.9,a20d0e,N231JQ,E75L,EMBRAER ERJ-170-200 (long wing),0
landing,JFK,22L,1782613658.31,2026-06-28T02:27:38Z,40.634823,-73.763046,210.9,a06e71,N127HQ,E75L,EMBRAER ERJ-170-200 (long wing),0
takeoff,JFK,22R,1782613674.22,2026-06-28T02:27:54Z,40.645771,-73.767029,210.9,a7faad,N613JB,A320,AIRBUS A-320,0
takeoff,JFK,22R,1782613738.48,2026-06-28T02:28:58Z,40.645224,-73.767466,210.9,acb2c2,N917XJ,CRJ9,BOMBARDIER Regional Jet CRJ-900,0
landing,LGA,13,1782613742.02,2026-06-28T02:29:02Z,40.77634,-73.866058,120.9,ac2f5a,N8842L,B38M,BOEING 737 MAX 8,0
takeoff,JFK,22R,1782613803.02,2026-06-28T02:30:03Z,40.64583,-73.767014,210.9,a01c37,N106NN,A321,AIRBUS A-321,0
landing,JFK,22L,1782613844.41,2026-06-28T02:30:44Z,40.633907,-73.763733,210.9,4952a6,CS-TUF,A339,AIRBUS A-330-900,0
takeoff,JFK,22R,1782613874.28,2026-06-28T02:31:14Z,40.645992,-73.766861,210.9,ab84ab,N841MH,B764,BOEING 767-400,0
takeoff,JFK,22R,1782613952.76,2026-06-28T02:32:32Z,40.646353,-73.766608,210.9,aca79d,N914XJ,CRJ9,BOMBARDIER Regional Jet CRJ-900,0
landing,JFK,22L,1782614066.58,2026-06-28T02:34:26Z,40.635728,-73.762301,210.9,a398bc,N3304J,BCS3,AIRBUS A220-300,0
takeoff,JFK,22R,1782614128.58,2026-06-28T02:35:28Z,40.645911,-73.76692,210.9,a87c4f,N646JB,A320,AIRBUS A-320,0
landing,JFK,22L,1782614173.48,2026-06-28T02:36:13Z,40.634892,-73.762955,210.9,a349be,N3104J,BCS3,AIRBUS A220-300,0
takeoff,JFK,22R,1782614198.43,2026-06-28T02:36:38Z,40.645958,-73.766907,210.9,406b05,G-STBL,B77W,BOEING 777-300ER,0
takeoff,JFK,22R,1782614274.55,2026-06-28T02:37:54Z,40.645329,-73.76738,210.9,a54137,N438DX,A339,AIRBUS A-330-900,0
landing,JFK,22L,1782614314.41,2026-06-28T02:38:34Z,40.6367,-73.761551,210.9,acc040,N920XJ,CRJ9,BOMBARDIER Regional Jet CRJ-900,0
takeoff,JFK,22R,1782614419.58,2026-06-28T02:40:19Z,40.644653,-73.767914,210.9,a026e1,N109HQ,E75L,EMBRAER ERJ-170-200 (long wing),0
landing,JFK,22L,1782614424.51,2026-06-28T02:40:24Z,40.634494,-73.763299,210.9,86953e,JA794A,B77W,BOEING 777-300ER,0
landing,JFK,22L,1782614568.64,2026-06-28T02:42:48Z,40.635763,-73.762316,210.9,a3711a,N3203J,BCS3,AIRBUS A220-300,0
takeoff,JFK,22R,1782614607.8,2026-06-28T02:43:27Z,40.645992,-73.766873,210.9,06a2b6,A7-BER,B77W,BOEING 777-300ER,0
takeoff,JFK,22R,1782614681.52,2026-06-28T02:44:41Z,40.645027,-73.767607,212.4,346385,EC-NGN,B789,BOEING 787-9 Dreamliner,0
takeoff,JFK,22R,1782614682.01,2026-06-28T02:44:42Z,40.644805,-73.767794,212.4,346385,EC-NGN,B789,BOEING 787-9 Dreamliner,0
landing,JFK,22L,1782614700.5,2026-06-28T02:45:00Z,40.635902,-73.76216,210.9,ad935b,N974JT,A321,AIRBUS A-321,0
landing,LGA,13,1782614772.77,2026-06-28T02:46:12Z,40.776176,-73.865734,120.9,a48e7b,N393FR,A20N,,0
takeoff,JFK,22R,1782614797.6,2026-06-28T02:46:37Z,40.645806,-73.767014,210.9,aca02f,N912XJ,CRJ9,BOMBARDIER Regional Jet CRJ-900,0
takeoff,JFK,22R,1782614866.61,2026-06-28T02:47:46Z,40.644794,-73.767794,210.9,a3514f,N3125J,BCS3,,0
landing,JFK,22L,1782614901.11,2026-06-28T02:48:21Z,40.634017,-73.763643,210.9,0d0b04,XA-MAQ,B38M,BOEING 737 MAX 8,0
takeoff,JFK,22R,1782614926.5,2026-06-28T02:48:46Z,40.645155,-73.767513,210.9,a4dbef,N412DX,A339,AIRBUS A-330-900,0
landing,LGA,13,1782614974.92,2026-06-28T02:49:34Z,40.772415,-73.859421,149.1,a1226e,N172US,A321,AIRBUS A-321,0
takeoff,JFK,22R,1782615020.02,2026-06-28T02:50:20Z,40.644538,-73.767997,209.6,04004a,ET-AOT,B788,BOEING 787-8 Dreamliner,0
landing,LGA,13,1782615041.98,2026-06-28T02:50:41Z,40.777164,-73.867767,120.9,ac2b80,N8831L,B38M,BOEING 737 MAX 8,0
takeoff,JFK,22R,1782615093.66,2026-06-28T02:51:33Z,40.646221,-73.766678,209.6,440184,OE-LPM,B789,BOEING 787-9 Dreamliner,0
landing,JFK,22L,1782615097.35,2026-06-28T02:51:37Z,40.635437,-73.762519,213.8,a5e02d,N478PX,CRJ9,BOMBARDIER Regional Jet CRJ-900,0
landing,LGA,13,1782615149.41,2026-06-28T02:52:29Z,40.776234,-73.865828,123.8,c0653d,C-GMIU,B38M,BOEING 737 MAX 8,0
takeoff,JFK,22R,1782615202.13,2026-06-28T02:53:22Z,40.649071,-73.76445,210.9,a50900,N423YX,E75L,EMBRAER ERJ-170-200 (long wing),0
landing,JFK,22L,1782615206.06,2026-06-28T02:53:26Z,40.635972,-73.762113,208.1,a8f9a3,N678CA,CRJ9,BOMBARDIER Regional Jet CRJ-900,0
takeoff,JFK,22R,1782615284.25,2026-06-28T02:54:44Z,40.645213,-73.767482,210.9,76cce2,9V-SGB,A359,AIRBUS A-350-900,0
landing,LGA,13,1782615294.6,2026-06-28T02:54:54Z,40.776798,-73.867035,123.8,a6e89f,N544UW,A321,AIRBUS A-321,0
landing,JFK,22L,1782615308.55,2026-06-28T02:55:08Z,40.634343,-73.763424,210.9,aa6ccb,N771AN,B772,BOEING 777-200,0
takeoff,JFK,22R,1782615398.79,2026-06-28T02:56:38Z,40.646283,-73.766639,210.9,a64578,N503DZ,A21N,AIRBUS A-321neo,0
landing,LGA,13,1782615436.73,2026-06-28T02:57:16Z,40.777118,-73.86767,123.8,aa4c42,N76269,B738,BOEING 737-800,0
takeoff,JFK,22R,1782615460.93,2026-06-28T02:57:40Z,40.646167,-73.766717,210.9,aa4d77,N763JB,A320,AIRBUS A-320,0
landing,JFK,22L,1782615474.46,2026-06-28T02:57:54Z,40.635856,-73.762176,210.9,acaf0b,N916XJ,CRJ9,BOMBARDIER Regional Jet CRJ-900,0
takeoff,JFK,22R,1782615519.78,2026-06-28T02:58:39Z,40.646301,-73.766617,210.9,a1574e,N186DN,B763,BOEING 767-300,0
landing,JFK,22L,1782615564.38,2026-06-28T02:59:24Z,40.635309,-73.762628,210.9,abab67,N851DN,B739,BOEING 737-900,0
takeoff,JFK,22R,1782615632.29,2026-06-28T03:00:32Z,40.646307,-73.766623,210.9,a6c013,N534JB,A320,AIRBUS A-320,0
landing,JFK,22L,1782615649.33,2026-06-28T03:00:49Z,40.636228,-73.761911,210.9,aa1a1d,N750AV,A320,AIRBUS A-320,0
takeoff,JFK,22R,1782615692.08,2026-06-28T03:01:32Z,40.645329,-73.767388,210.9,a3549d,N3132J,BCS3,AIRBUS A220-300,0
takeoff,JFK,22R,1782615740.83,2026-06-28T03:02:20Z,40.648832,-73.764642,210.9,a1ff90,N228JQ,E75L,EMBRAER ERJ-170-200 (long wing),0
landing,JFK,22L,1782615762.46,2026-06-28T03:02:42Z,40.636624,-73.761614,210.9,a1a0a1,N2038J,A21N,AIRBUS A-321neo,0
landing,LGA,13,1782615777.18,2026-06-28T03:02:57Z,40.776958,-73.86734,123.8,adc2a7,N986NN,B738,BOEING 737-800,0
takeoff,JFK,22R,1782615819.13,2026-06-28T03:03:39Z,40.645958,-73.766967,210.9,8963f3,A6-EOV,A388,AIRBUS A-380-800,0
landing,JFK,22L,1782615833.08,2026-06-28T03:03:53Z,40.632053,-73.765213,210.9,aca99c,N915DU,B739,BOEING 737-900,0
landing,JFK,22L,1782615922.7,2026-06-28T03:05:22Z,40.634191,-73.763502,209.6,4075c1,G-CKWN,B789,BOEING 787-9 Dreamliner,0
takeoff,JFK,22R,1782615985.49,2026-06-28T03:06:25Z,40.646336,-73.766602,210.9,896596,A6-XWA,A35K,AIRBUS A-350-1000,0
takeoff,JFK,22R,1782616056.66,2026-06-28T03:07:36Z,40.645795,-73.767029,210.9,a50370,N422DZ,A339,AIRBUS A-330-900,0
landing,JFK,22L,1782616064.2,2026-06-28T03:07:44Z,40.636333,-73.761841,210.9,a3411f,N309DU,BCS3,AIRBUS A220-300,0
takeoff,JFK,22R,1782616125.15,2026-06-28T03:08:45Z,40.644817,-73.767778,210.9,3c6573,D-AIKS,A333,AIRBUS A-330-300,0
landing,LGA,13,1782616126.36,2026-06-28T03:08:46Z,40.772917,-73.859851,143.4,aa1ffc,N751YX,E75L,EMBRAER ERJ-170-200 (long wing),0
landing,JFK,22L,1782616163.13,2026-06-28T03:09:23Z,40.635181,-73.762722,210.9,acdd1b,N928NN,B738,BOEING 737-800,0
landing,LGA,13,1782616214.32,2026-06-28T03:10:14Z,40.777607,-73.868684,120.9,aa099e,N746JB,A320,AIRBUS A-320,0
takeoff,JFK,22R,1782616246.5,2026-06-28T03:10:46Z,40.646427,-73.766525,210.9,ab80f4,N840MH,B764,BOEING 767-400,0
landing,JFK,22L,1782616265.33,2026-06-28T03:11:05Z,40.636162,-73.761963,210.9,a1a832,N2059J,A21N,AIRBUS A-321neo,0
takeoff,JFK,22R,1782616355.34,2026-06-28T03:12:35Z,40.647145,-73.765968,210.9,acba30,N919XJ,CRJ9,BOMBARDIER Regional Jet CRJ-900,0
landing,JFK,22L,1782616366.16,2026-06-28T03:12:46Z,40.635933,-73.762131,210.9,0c6063,9Y-GRN,B38M,BOEING 737 MAX 8,0
takeoff,JFK,22R,1782616438.25,2026-06-28T03:13:58Z,40.645224,-73.767451,209.6,407898,G-ZBLA,B78X,BOEING 787-10 Dreamliner,0
landing,JFK,22R,1782616438.77,2026-06-28T03:13:58Z,40.645015,-73.767622,209.6,407898,G-ZBLA,B78X,BOEING 787-10 Dreamliner,0
takeoff,JFK,22R,1782616438.77,2026-06-28T03:13:58Z,40.645015,-73.767622,209.6,407898,G-ZBLA,B78X,BOEING 787-10 Dreamliner,0
landing,JFK,22L,1782616447.94,2026-06-28T03:14:07Z,40.635053,-73.762831,210.9,a35854,N3142J,BCS3,AIRBUS A220-300,0
landing,LGA,13,1782616451.28,2026-06-28T03:14:11Z,40.778015,-73.869558,120.9,ac379a,N8868L,B38M,BOEING 737 MAX 8,0
takeoff,JFK,22R,1782616505.75,2026-06-28T03:15:05Z,40.645203,-73.767471,210.9,461f06,OH-LTM,A333,AIRBUS A-330-300,0
landing,JFK,22L,1782616523.28,2026-06-28T03:15:23Z,40.635332,-73.762628,210.9,0c6061,9Y-TTO,B38M,BOEING 737 MAX 8,0
takeoff,JFK,22R,1782616657.42,2026-06-28T03:17:37Z,40.645876,-73.766951,210.9,acf54f,N934JB,A321,AIRBUS A-321,0
landing,JFK,22L,1782616661.35,2026-06-28T03:17:41Z,40.637169,-73.761185,210.9,ab2728,N818AV,A20N,AIRBUS A-320neo,0
landing,LGA,13,1782616661.41,2026-06-28T03:17:41Z,40.777561,-73.868606,120.9,a32367,N301DU,BCS3,AIRBUS A220-300,0
takeoff,JFK,22R,1782616724.81,2026-06-28T03:18:44Z,40.646656,-73.766343,210.9,a1d368,N2169J,A21N,AIRBUS A-321neo,0
landing,JFK,22L,1782616767.6,2026-06-28T03:19:27Z,40.635578,-73.762421,210.9,aca29a,N913JB,A321,AIRBUS A-321,0
takeoff,JFK,22R,1782616778.76,2026-06-28T03:19:38Z,40.646039,-73.766826,210.9,acab54,N915XJ,CRJ9,BOMBARDIER Regional Jet CRJ-900,0
takeoff,JFK,22R,1782616841.13,2026-06-28T03:20:41Z,40.645934,-73.76692,210.9,adabfe,N980JT,A321,AIRBUS A-321,0
landing,JFK,22L,1782616899.3,2026-06-28T03:21:39Z,40.636116,-73.762009,210.9,ac858a,N906AV,A20N,AIRBUS A-320neo,0
takeoff,JFK,22R,1782616959.96,2026-06-28T03:22:39Z,40.645667,-73.767107,210.9,3481d5,EC-OJL,B772,BOEING 777-200,0
landing,LGA,13,1782616992.23,2026-06-28T03:23:12Z,40.777514,-73.868543,123.8,a0ad1d,N14242,B738,BOEING 737-800,0
landing,JFK,22L,1782617020.77,2026-06-28T03:23:40Z,40.633873,-73.763763,210.9,a03235,N111ZM,A321,AIRBUS A-321,0
takeoff,JFK,13L,1782617087.4,2026-06-28T03:24:47Z,40.646795,-73.773412,160.3,a35854,N3142J,BCS3,AIRBUS A220-300,0
landing,LGA,13,1782617100.51,2026-06-28T03:25:00Z,40.776981,-73.867401,120.9,abae2c,N8515X,B738,BOEING 737-800,0
takeoff,JFK,13R,1782617113.21,2026-06-28T03:25:13Z,40.641735,-73.796082,78.8,a53db2,N437FX,E545,EMBRAER EMB545 Praetor 500,0
landing,JFK,22L,1782617124.77,2026-06-28T03:25:24Z,40.63472,-73.763077,210.9,acf4e8,N934DZ,B739,,0
takeoff,JFK,22R,1782617134.14,2026-06-28T03:25:34Z,40.645608,-73.76717,210.9,4cc547,TF-ICR,B38M,BOEING 737 MAX 8,0
takeoff,JFK,22R,1782617193.07,2026-06-28T03:26:33Z,40.645853,-73.766951,210.9,ade252,N994JL,A321,AIRBUS A-321,0
landing,LGA,13,1782617214.8,2026-06-28T03:26:54Z,40.777107,-73.867645,123.8,a3472f,N310DU,BCS3,AIRBUS A220-300,0
takeoff,JFK,22R,1782617305.3,2026-06-28T03:28:25Z,40.646152,-73.766739,210.9,a86605,N640JB,A320,AIRBUS A-320,0
landing,JFK,22L,1782617319.61,2026-06-28T03:28:39Z,40.635798,-73.762254,210.9,a3ca01,N343RY,B38M,BOEING 737 MAX 8,0
takeoff,JFK,22R,1782617368.52,2026-06-28T03:29:28Z,40.64647,-73.766483,210.9,a85119,N635JB,A320,AIRBUS A-320,0
landing,JFK,22L,1782617402.92,2026-06-28T03:30:02Z,40.636391,-73.761765,218.1,508341,UR-CNT,AN12,ANTONOV An-12,0
landing,JFK,13L,1782617410.78,2026-06-28T03:30:10Z,40.652664,-73.784485,78.8,a53db2,N437FX,E545,EMBRAER EMB545 Praetor 500,0
takeoff,JFK,22R,1782617482.18,2026-06-28T03:31:22Z,40.644922,-73.767716,210.9,8963ea,A6-EOM,A388,AIRBUS A-380-800,0
landing,JFK,22L,1782617522.98,2026-06-28T03:32:02Z,40.635166,-73.762756,210.9,a33843,N3062J,BCS3,AIRBUS A220-300,0
landing,JFK,22L,1782617614.6,2026-06-28T03:33:34Z,40.635926,-73.762129,210.9,aa600a,N768JB,A320,AIRBUS A-320,0
takeoff,JFK,22R,1782617800.58,2026-06-28T03:36:40Z,40.648968,-73.764542,210.9,a06e71,N127HQ,E75L,EMBRAER ERJ-170-200 (long wing),0
landing,JFK,22L,1782617834.33,2026-06-28T03:37:14Z,40.637601,-73.760849,210.9,e80463,CC-BHF,A20N,AIRBUS A-320neo,0
takeoff,JFK,22R,1782617857.82,2026-06-28T03:37:37Z,40.650077,-73.763658,208.1,a53db2,N437FX,E545,EMBRAER EMB545 Praetor 500,0
landing,JFK,22R,1782617864.56,2026-06-28T03:37:44Z,40.649357,-73.764236,208.1,a53db2,N437FX,E545,EMBRAER EMB545 Praetor 500,0
takeoff,JFK,22R,1782617873.08,2026-06-28T03:37:53Z,40.646842,-73.766202,208.1,a53db2,N437FX,E545,EMBRAER EMB545 Praetor 500,0
landing,JFK,22L,1782617912.9,2026-06-28T03:38:32Z,40.635541,-73.762472,210.9,758525,RP-C3501,A359,AIRBUS A-350-900,0
landing,LGA,13,1782617924.67,2026-06-28T03:38:44Z,40.777956,-73.869433,123.8,a6a3c2,N527JL,A320,AIRBUS A-320,0
landing,JFK,22R,1782617963.73,2026-06-28T03:39:23Z,40.631352,-73.778296,210.9,4067a3,G-DHLJ,B763,BOEING 767-300,0
landing,JFK,22L,1782618039.02,2026-06-28T03:40:39Z,40.63393,-73.763718,210.9,ac1e2d,N880DN,B739,BOEING 737-900,0
takeoff,JFK,22R,1782618095.07,2026-06-28T03:41:35Z,40.64455,-73.76799,210.9,4d0110,LX-RCV,B744,BOEING 747-400,0
landing,JFK,22L,1782618138.59,2026-06-28T03:42:18Z,40.63591,-73.762146,210.9,a13386,N177DN,B763,BOEING 767-300,0
takeoff,JFK,22R,1782618169.85,2026-06-28T03:42:49Z,40.645374,-73.767349,209.6,c8243a,ZK-NZM,B789,BOEING 787-9 Dreamliner,0
landing,LGA,13,1782618193.09,2026-06-28T03:43:13Z,40.778618,-73.87085,120.9,a03ce6,N114UW,A320,AIRBUS A-320,0
landing,JFK,22L,1782618323.26,2026-06-28T03:45:23Z,40.634587,-73.763206,210.9,a12861,N174DN,B763,BOEING 767-300,0
takeoff,JFK,22R,1782618382.05,2026-06-28T03:46:22Z,40.64569,-73.767123,210.9,a99d89,N719AN,B77W,BOEING 777-300ER,0
landing,LGA,13,1782618414.04,2026-06-28T03:46:54Z,40.776979,-73.867404,120.9,a466d2,N383DZ,A321,AIRBUS A-321,0
landing,JFK,22L,1782618441.4,2026-06-28T03:47:21Z,40.634366,-73.763377,210.9,a44d1c,N3765,B738,BOEING 737-800,0
takeoff,JFK,22R,1782618508.03,2026-06-28T03:48:28Z,40.645853,-73.767014,210.9,acc040,N920XJ,CRJ9,BOMBARDIER Regional Jet CRJ-900,0
landing,JFK,22L,1782618526.37,2026-06-28T03:48:46Z,40.635635,-73.762379,210.9,a7de53,N606JB,A320,AIRBUS A-320,0
landing,LGA,13,1782618535.49,2026-06-28T03:48:55Z,40.776535,-73.86644,120.9,abc012,N8560Z,B738,BOEING 737-800,0
takeoff,JFK,22R,1782618563.35,2026-06-28T03:49:23Z,40.645911,-73.766936,205.3,a30961,N295PQ,CRJ9,BOMBARDIER Regional Jet CRJ-900,0
takeoff,JFK,22R,1782618619.41,2026-06-28T03:50:19Z,40.645771,-73.767045,210.9,a1a435,N2047J,A21N,AIRBUS A-321neo,0
landing,JFK,22L,1782618621.53,2026-06-28T03:50:21Z,40.637638,-73.760834,210.9,a3c233,N341NB,A319,AIRBUS A-319,0
takeoff,JFK,22R,1782618692.35,2026-06-28T03:51:32Z,40.645889,-73.766968,210.9,3965b1,F-GZNR,B77W,BOEING 777-300ER,0
landing,JFK,22L,1782618701.46,2026-06-28T03:51:41Z,40.635544,-73.762466,210.9,a1aaae,N2060J,A21N,AIRBUS A-321neo,0
landing,JFK,22L,1782618783.24,2026-06-28T03:53:03Z,40.632946,-73.764485,210.9,a35ef1,N316UV,B38M,BOEING 737 MAX 8,0
takeoff,JFK,22R,1782618805.39,2026-06-28T03:53:25Z,40.645143,-73.767544,210.9,a35fc2,N3162J,BCS3,AIRBUS A220-300,0
landing,JFK,22L,1782618881.44,2026-06-28T03:54:41Z,40.634762,-73.763081,210.9,a1cf6b,N2157J,A21N,AIRBUS A-321neo,0
takeoff,JFK,22R,1782618887.17,2026-06-28T03:54:47Z,40.644825,-73.767792,210.9,a3711a,N3203J,BCS3,AIRBUS A220-300,0
takeoff,JFK,22R,1782618940.61,2026-06-28T03:55:40Z,40.64498,-73.767653,210.9,3475d4,EC-ODB,A332,AIRBUS A-330-200,0
landing,JFK,22L,1782618951.45,2026-06-28T03:55:51Z,40.634261,-73.763455,210.9,ab79d3,N839AK,B38M,BOEING 737 MAX 8,0
landing,JFK,22L,1782619044.38,2026-06-28T03:57:24Z,40.634925,-73.76294,210.9,acfbfd,N936AK,B39M,BOEING 737 MAX 9,0
takeoff,JFK,22R,1782619091.86,2026-06-28T03:58:11Z,40.645958,-73.766891,208.1,a8f9a3,N678CA,CRJ9,BOMBARDIER Regional Jet CRJ-900,0
landing,JFK,22L,1782619149.48,2026-06-28T03:59:09Z,40.634296,-73.763428,210.9,a7f684,N612DN,A21N,AIRBUS A-321neo,0
landing,JFK,22L,1782619274.47,2026-06-28T04:01:14Z,40.635784,-73.762268,210.9,a5ac14,N4649K,A333,,0
landing,JFK,22L,1782619395.82,2026-06-28T04:03:15Z,40.633842,-73.763799,210.9,71c043,HL8043,B77L,BOEING 777-200LR,0
takeoff,JFK,22R,1782619415.28,2026-06-28T04:03:35Z,40.644933,-73.7677,210.9,407699,G-VPRD,A35K,AIRBUS A-350-1000,0
takeoff,JFK,22R,1782619519.63,2026-06-28T04:05:19Z,40.645397,-73.767334,213.8,a5e02d,N478PX,CRJ9,BOMBARDIER Regional Jet CRJ-900,0
takeoff,JFK,22R,1782619584.37,2026-06-28T04:06:24Z,40.645775,-73.767044,210.9,acaf0b,N916XJ,CRJ9,BOMBARDIER Regional Jet CRJ-900,0
takeoff,JFK,22R,1782619640.24,2026-06-28T04:07:20Z,40.645864,-73.766967,210.9,a0f46f,N1603,B763,BOEING 767-300,0
landing,JFK,22L,1782619663.34,2026-06-28T04:07:43Z,40.633586,-73.764002,210.9,a97310,N708JB,A320,AIRBUS A-320,0
landing,LGA,13,1782619726.4,2026-06-28T04:08:46Z,40.777386,-73.868231,120.9,a1057a,N165NN,A321,AIRBUS A-321,0
takeoff,JFK,22R,1782619824.78,2026-06-28T04:10:24Z,40.645123,-73.767563,210.9,e8040c,CC-CXJ,B763,BOEING 767-300,0
landing,LGA,13,1782619856.83,2026-06-28T04:10:56Z,40.77729,-73.868027,120.9,a00c7a,N102DN,A321,AIRBUS A-321,0
landing,JFK,22L,1782619920.19,2026-06-28T04:12:00Z,40.633086,-73.764407,210.9,abe65a,N866NN,B738,BOEING 737-800,0
takeoff,JFK,22R,1782620035.48,2026-06-28T04:13:55Z,40.645085,-73.767591,210.9,738073,4X-ECC,B772,BOEING 777-200,0
landing,JFK,22L,1782620068.63,2026-06-28T04:14:28Z,40.633518,-73.764084,210.9,0d0939,XA-VAN,A320,AIRBUS A-320,0
takeoff,JFK,22R,1782620157.51,2026-06-28T04:15:57Z,40.645191,-73.767487,210.9,3c70cb,D-ALFK,B77L,BOEING 777-200LR,0
takeoff,JFK,22R,1782620307.04,2026-06-28T04:18:27Z,40.645878,-73.766953,210.9,4cae32,EI-XLU,A21N,AIRBUS A-321neo,0
landing,JFK,22L,1782620547.62,2026-06-28T04:22:27Z,40.633747,-73.763885,210.9,a73dfe,N566JB,A320,AIRBUS A-320,0
landing,JFK,22L,1782620645.37,2026-06-28T04:24:05Z,40.634738,-73.763097,210.9,a67452,N515DE,A21N,AIRBUS A-321neo,0
takeoff,JFK,22R,1782620860.36,2026-06-28T04:27:40Z,40.644782,-73.767809,210.9,a38af8,N3272J,BCS3,AIRBUS A220-300,0
takeoff,JFK,22R,1782620951.15,2026-06-28T04:29:11Z,40.645855,-73.766968,210.9,781f4c,B-223N,B77L,BOEING 777-200LR,0
takeoff,JFK,22R,1782621092.27,2026-06-28T04:31:32Z,40.645718,-73.76709,210.9,adcd6d,N989JT,A321,AIRBUS A-321,0
takeoff,JFK,22R,1782621183.12,2026-06-28T04:33:03Z,40.644933,-73.767716,209.6,47ae38,LN-FNL,B789,BOEING 787-9 Dreamliner,0
landing,JFK,22L,1782621551.55,2026-06-28T04:39:11Z,40.635052,-73.762833,210.9,ace063,N929JB,A321,AIRBUS A-321,0
landing,JFK,22L,1782621778.03,2026-06-28T04:42:58Z,40.633551,-73.764017,210.9,0c20c9,HP-1853CMP,B738,BOEING 737-800,0
landing,JFK,22L,1782622034.22,2026-06-28T04:47:14Z,40.635006,-73.762894,210.9,a6c781,N536JB,A320,AIRBUS A-320,0
landing,JFK,22L,1782622282.57,2026-06-28T04:51:22Z,40.633953,-73.763687,210.9,a3c291,N341RW,B38M,BOEING 737 MAX 8,0
landing,JFK,22L,1782622469.35,2026-06-28T04:54:29Z,40.634657,-73.763143,210.9,ad2f71,N949JT,A321,AIRBUS A-321,0
landing,JFK,22L,1782622604.28,2026-06-28T04:56:44Z,40.636974,-73.761307,210.9,aa7f65,N776AV,A20N,AIRBUS A-320neo,0
landing,JFK,22L,1782622700.54,2026-06-28T04:58:20Z,40.636906,-73.761383,210.9,a66ce0,N513DA,A21N,AIRBUS A-321neo,0
landing,JFK,22L,1782622828.66,2026-06-28T05:00:28Z,40.636391,-73.761786,210.9,ad1cde,N944JT,A321,AIRBUS A-321,0
takeoff,JFK,22R,1782622875.71,2026-06-28T05:01:15Z,40.646016,-73.766873,210.9,71c011,HL8011,B77W,BOEING 777-300ER,0
takeoff,JFK,22R,1782622979.9,2026-06-28T05:02:59Z,40.64512,-73.767544,210.9,ab44af,N825NW,A333,AIRBUS A-330-300,0
landing,JFK,22L,1782622992.64,2026-06-28T05:03:12Z,40.633118,-73.764359,210.9,ad1c18,N944AV,A320,AIRBUS A-320,0
takeoff,JFK,22R,1782623815.47,2026-06-28T05:16:55Z,40.64512,-73.76756,209.6,4075c1,G-CKWN,B789,BOEING 787-9 Dreamliner,0
landing,JFK,22L,1782623868.47,2026-06-28T05:17:48Z,40.638496,-73.760132,210.9,a4f2ee,N418MC,B744,BOEING 747-400,0
takeoff,JFK,22R,1782624109.8,2026-06-28T05:21:49Z,40.64583,-73.767014,210.9,aa1a1d,N750AV,A320,AIRBUS A-320,0
takeoff,JFK,22R,1782624397.2,2026-06-28T05:26:37Z,40.645947,-73.766937,210.9,ab2728,N818AV,A20N,AIRBUS A-320neo,0
takeoff,JFK,22R,1782624802.26,2026-06-28T05:33:22Z,40.644712,-73.767919,210.9,4952a6,CS-TUF,A339,AIRBUS A-330-900,0
takeoff,JFK,22R,1782624968.31,2026-06-28T05:36:08Z,40.645969,-73.766889,210.9,ac858a,N906AV,A20N,AIRBUS A-320neo,0
takeoff,JFK,22R,1782625095.58,2026-06-28T05:38:15Z,40.646609,-73.766405,210.9,e80463,CC-BHF,A20N,AIRBUS A-320neo,0
landing,JFK,22L,1782625374.28,2026-06-28T05:42:54Z,40.636448,-73.761749,210.9,a8bc71,N662JB,A320,AIRBUS A-320,0
landing,JFK,22L,1782625485.34,2026-06-28T05:44:45Z,40.638532,-73.760116,210.9,a8e2d6,N67171,B752,BOEING 757-200,0
takeoff,JFK,22R,1782625530.61,2026-06-28T05:45:30Z,40.645409,-73.767334,210.9,4bb142,TC-LJB,B77W,BOEING 777-300ER,0
landing,JFK,22L,1782625615.32,2026-06-28T05:46:55Z,40.635681,-73.762363,210.9,a92650,N689TA,A320,AIRBUS A-320,0
takeoff,JFK,22R,1782625642.92,2026-06-28T05:47:22Z,40.645042,-73.767609,210.9,39d2b0,F-HUVQ,A359,AIRBUS A-350-900,0
landing,JFK,22L,1782625715.42,2026-06-28T05:48:35Z,40.63662,-73.761612,210.9,ad8fa4,N973JT,A321,AIRBUS A-321,0
takeoff,JFK,22R,1782625744.11,2026-06-28T05:49:04Z,40.645821,-73.766983,210.9,a13386,N177DN,B763,BOEING 767-300,0
takeoff,JFK,22R,1782625857.43,2026-06-28T05:50:57Z,40.645683,-73.76712,210.9,8406d0,JA01WJ,A35K,AIRBUS A-350-1000,0
landing,JFK,22L,1782625919.6,2026-06-28T05:51:59Z,40.633736,-73.76387,210.9,ad0375,N938AV,A20N,AIRBUS A-320neo,0
takeoff,JFK,22R,1782626003.79,2026-06-28T05:53:23Z,40.645912,-73.766922,210.9,89901f,B-18006,B77W,BOEING 777-300ER,0
takeoff,JFK,22R,1782626126.86,2026-06-28T05:55:26Z,40.645638,-73.767151,210.9,a97310,N708JB,A320,AIRBUS A-320,0
takeoff,JFK,22R,1782626423.61,2026-06-28T06:00:23Z,40.646027,-73.766842,210.9,0c6063,9Y-GRN,B38M,BOEING 737 MAX 8,0
takeoff,JFK,22R,1782626695.6,2026-06-28T06:04:55Z,40.645259,-73.767451,210.9,789218,B-LXF,A35K,AIRBUS A-350-1000,0
takeoff,JFK,22R,1782626801.15,2026-06-28T06:06:41Z,40.645855,-73.766968,210.9,86953e,JA794A,B77W,BOEING 777-300ER,0
takeoff,JFK,22R,1782626970.58,2026-06-28T06:09:30Z,40.645702,-73.767123,210.9,0d0939,XA-VAN,A320,AIRBUS A-320,0
takeoff,JFK,22R,1782627067.72,2026-06-28T06:11:07Z,40.644962,-73.7677,210.9,4d206e,9H-ALC,A332,AIRBUS A-330-200,0
takeoff,JFK,22R,1782627205.32,2026-06-28T06:13:25Z,40.645718,-73.767059,210.9,4067a3,G-DHLJ,B763,BOEING 767-300,0
takeoff,JFK,22R,1782627376.3,2026-06-28T06:16:16Z,40.645237,-73.767471,210.9,aca29a,N913JB,A321,AIRBUS A-321,0
landing,JFK,22L,1782627394.74,2026-06-28T06:16:34Z,40.636837,-73.761444,210.9,a40654,N359AZ,B763,BOEING 767-300,0
takeoff,JFK,22R,1782627614.91,2026-06-28T06:20:14Z,40.644493,-73.768021,210.9,a5ac14,N4649K,A333,,0
landing,JFK,22L,1782627749.53,2026-06-28T06:22:29Z,40.635773,-73.762283,210.9,a52602,N4304,A320,AIRBUS A-320,0
takeoff,JFK,22R,1782627785.71,2026-06-28T06:23:05Z,40.645741,-73.767075,210.9,0c203a,HP-1534CMP,B738,BOEING 737-800,0
takeoff,JFK,22R,1782627962.28,2026-06-28T06:26:02Z,40.644676,-73.767899,210.9,780cb8,B-2487,B748,BOEING 747-8,0
takeoff,JFK,22R,1782628319.01,2026-06-28T06:31:59Z,40.644817,-73.767794,209.6,7380c5,4X-EDF,B789,BOEING 787-9 Dreamliner,0
landing,JFK,22R,1782628517.56,2026-06-28T06:35:17Z,40.6329,-73.777115,210.9,a19d0d,N2029J,A21N,AIRBUS A-321neo,0
takeoff,JFK,22R,1782628720.37,2026-06-28T06:38:40Z,40.645901,-73.766937,210.9,89902f,B-16726,B77W,BOEING 777-300ER,0
takeoff,JFK,22R,1782628851.88,2026-06-28T06:40:51Z,40.645111,-73.767563,210.9,71c043,HL8043,B77L,BOEING 777-200LR,0
landing,JFK,22L,1782629445.69,2026-06-28T06:50:45Z,40.631957,-73.765281,210.9,a4ba02,N403YX,E75L,EMBRAER ERJ-170-200 (long wing),0
takeoff,JFK,22R,1782629788.72,2026-06-28T06:56:28Z,40.645203,-73.767517,210.9,758525,RP-C3501,A359,AIRBUS A-350-900,0
takeoff,JFK,22R,1782630462.43,2026-06-28T07:07:42Z,40.644352,-73.7682,210.9,71be26,HL7626,A388,AIRBUS A-380-800,0
takeoff,JFK,22R,1782630682.74,2026-06-28T07:11:22Z,40.646865,-73.766202,210.9,aa7f65,N776AV,A20N,AIRBUS A-320neo,0
landing,JFK,22R,1782630683.53,2026-06-28T07:11:23Z,40.646598,-73.766405,210.9,aa7f65,N776AV,A20N,AIRBUS A-320neo,0
takeoff,JFK,22R,1782630683.53,2026-06-28T07:11:23Z,40.646598,-73.766405,210.9,aa7f65,N776AV,A20N,AIRBUS A-320neo,0
landing,JFK,22L,1782630745.88,2026-06-28T07:12:25Z,40.635239,-73.762722,210.9,a3556f,N3138J,BCS3,AIRBUS A220-300,0
takeoff,JFK,22R,1782631020.01,2026-06-28T07:17:00Z,40.644677,-73.767903,215.3,508341,UR-CNT,AN12,ANTONOV An-12,0
landing,JFK,22L,1782631136.47,2026-06-28T07:18:56Z,40.635658,-73.762379,210.9,a4e714,N415DX,A339,AIRBUS A-330-900,0
takeoff,JFK,22R,1782631956.71,2026-06-28T07:32:36Z,40.64548,-73.767294,210.9,a92650,N689TA,A320,AIRBUS A-320,0
takeoff,JFK,22R,1782632374.25,2026-06-28T07:39:34Z,40.645876,-73.766982,210.9,ad0375,N938AV,A20N,AIRBUS A-320neo,0
landing,JFK,22L,1782632421.41,2026-06-28T07:40:21Z,40.633965,-73.763718,210.9,0c2095,HP-1834CMP,B738,BOEING 737-800,0
takeoff,JFK,22R,1782632910.29,2026-06-28T07:48:30Z,40.647114,-73.766022,210.9,ad1c18,N944AV,A320,AIRBUS A-320,0
takeoff,JFK,22R,1782633186.17,2026-06-28T07:53:06Z,40.645832,-73.766983,210.9,a80d40,N618JB,A320,AIRBUS A-320,0
landing,JFK,22L,1782633654.77,2026-06-28T08:00:54Z,40.635274,-73.76266,210.9,a9fa0c,N742AV,A320,AIRBUS A-320,0
landing,JFK,22L,1782634515.88,2026-06-28T08:15:15Z,40.633761,-73.763861,210.9,405f32,G-DHLE,B763,BOEING 767-300,0
landing,JFK,22L,1782634711.19,2026-06-28T08:18:31Z,40.634762,-73.763081,210.9,4d24fe,9H-HFJ,A332,AIRBUS A-330-200,0
landing,JFK,22L,1782634911.28,2026-06-28T08:21:51Z,40.634262,-73.763458,210.9,ade609,N995JL,A321,AIRBUS A-321,0
takeoff,JFK,31R,1782635010.85,2026-06-28T08:23:30Z,40.651765,-73.779482,334.7,405f32,G-DHLE,B763,BOEING 767-300,0
landing,JFK,22L,1782635101.17,2026-06-28T08:25:01Z,40.63702,-73.761302,210.9,738075,4X-ECE,B772,BOEING 777-200,0
landing,JFK,22L,1782635283.25,2026-06-28T08:28:03Z,40.634343,-73.763377,210.9,a8021b,N615JB,A320,AIRBUS A-320,0
landing,JFK,31R,1782635391.38,2026-06-28T08:29:51Z,40.657139,-73.779572,258.8,405f32,G-DHLE,B763,BOEING 767-300,0
landing,JFK,22L,1782635541.6,2026-06-28T08:32:21Z,40.635727,-73.762314,210.9,ad1927,N943JT,A321,AIRBUS A-321,0
landing,JFK,22L,1782635699.52,2026-06-28T08:34:59Z,40.634823,-73.763016,210.9,ad9712,N975JT,A321,AIRBUS A-321,0
landing,JFK,22L,1782636009.45,2026-06-28T08:40:09Z,40.635064,-73.762831,210.9,ad7ab8,N968JT,A321,AIRBUS A-321,0
takeoff,JFK,22R,1782636262.59,2026-06-28T08:44:22Z,40.645911,-73.766936,210.9,a52602,N4304,A320,AIRBUS A-320,0
landing,JFK,22L,1782636265.34,2026-06-28T08:44:25Z,40.636173,-73.761978,210.9,a3298a,N3023J,BCS3,AIRBUS A220-300,0
landing,JFK,22L,1782636401.22,2026-06-28T08:46:41Z,40.636688,-73.761566,210.9,0c605f,9Y-ANT,B38M,BOEING 737 MAX 8,0
landing,JFK,22L,1782636582.81,2026-06-28T08:49:42Z,40.636368,-73.76181,210.9,4d24a9,9H-AKJ,B744,BOEING 747-400,0
landing,JFK,22L,1782636819.39,2026-06-28T08:53:39Z,40.636973,-73.761333,210.9,a66576,N511DE,A21N,AIRBUS A-321neo,0
landing,JFK,22L,1782636958.69,2026-06-28T08:55:58Z,40.63667,-73.761567,210.9,ad474e,N955AV,A320,AIRBUS A-320,0
landing,JFK,22L,1782637108.55,2026-06-28T08:58:28Z,40.637043,-73.761302,210.9,a874e1,N644JB,A320,AIRBUS A-320,0
landing,JFK,13L,1782637185.14,2026-06-28T08:59:45Z,40.647214,-73.775082,165.9,ad5329,N958JB,A321,AIRBUS A-321,0
landing,JFK,22L,1782637276.74,2026-06-28T09:01:16Z,40.634262,-73.763458,210.9,acffbe,N937AV,A20N,AIRBUS A-320neo,0
landing,JFK,22L,1782637689.48,2026-06-28T09:08:09Z,40.634777,-73.763062,210.9,a4f5f0,N419DX,A339,AIRBUS A-330-900,0
landing,JFK,22L,1782637867.26,2026-06-28T09:11:07Z,40.637066,-73.761276,210.9,a99b83,N718TW,B752,BOEING 757-200,0
takeoff,JFK,22R,1782637967.9,2026-06-28T09:12:47Z,40.645409,-73.767349,210.9,ad5329,N958JB,A321,AIRBUS A-321,0
landing,JFK,22L,1782638064.99,2026-06-28T09:14:24Z,40.635841,-73.762238,210.9,780ab9,B-LRN,A359,AIRBUS A-350-900,0
landing,JFK,22L,1782638302.54,2026-06-28T09:18:22Z,40.633842,-73.763799,210.9,a19910,N2017J,A21N,AIRBUS A-321neo,0
takeoff,JFK,22R,1782638413.35,2026-06-28T09:20:13Z,40.645201,-73.767497,210.9,a7de53,N606JB,A320,AIRBUS A-320,0
landing,JFK,22L,1782638484.56,2026-06-28T09:21:24Z,40.636173,-73.761963,210.9,a53d2c,N437AN,A21N,AIRBUS A-321neo,0
takeoff,JFK,22R,1782638550.95,2026-06-28T09:22:30Z,40.64542,-73.767303,210.9,0c6061,9Y-TTO,B38M,BOEING 737 MAX 8,0
landing,JFK,22L,1782638613.13,2026-06-28T09:23:33Z,40.635853,-73.762207,210.9,a387f0,N3267J,BCS3,,0
takeoff,JFK,22R,1782638613.96,2026-06-28T09:23:33Z,40.646873,-73.76619,210.9,a8bc71,N662JB,A320,AIRBUS A-320,0
takeoff,JFK,22R,1782638725.03,2026-06-28T09:25:25Z,40.645411,-73.76731,210.9,adf128,N998JE,A321,AIRBUS A-321,0
landing,JFK,22L,1782638882.53,2026-06-28T09:28:02Z,40.635029,-73.762847,210.9,a32bba,N303NY,A21N,AIRBUS A-321neo,0
landing,JFK,22L,1782639484.49,2026-06-28T09:38:04Z,40.635086,-73.762787,210.9,0ac9f2,HK-5368,A20N,AIRBUS A-320neo,0
landing,JFK,22L,1782639736.47,2026-06-28T09:42:16Z,40.63306,-73.764359,208.1,a01880,N105NN,A321,AIRBUS A-321,0
landing,JFK,22L,1782639850.42,2026-06-28T09:44:10Z,40.635285,-73.76266,210.9,738076,4X-ECF,B772,BOEING 777-200,0
takeoff,JFK,31L,1782639915.71,2026-06-28T09:45:15Z,40.63546,-73.780044,261.6,a03f24,N115DU,BCS1,AIRBUS A220-100,0
landing,JFK,22L,1782639984.61,2026-06-28T09:46:24Z,40.635728,-73.762301,210.9,a797b4,N589DT,A21N,AIRBUS A-321neo,0
landing,JFK,22L,1782640078.05,2026-06-28T09:47:58Z,40.632027,-73.765219,210.9,a35e9c,N316RK,B38M,BOEING 737 MAX 8,0
takeoff,JFK,22R,1782640087.93,2026-06-28T09:48:07Z,40.645386,-73.767319,210.9,acf5be,N934NN,B738,BOEING 737-800,0
landing,JFK,22L,1782640302.67,2026-06-28T09:51:42Z,40.633516,-73.764048,210.9,a38633,N326SJ,B38M,BOEING 737 MAX 8,0
takeoff,JFK,22R,1782640315.78,2026-06-28T09:51:55Z,40.645027,-73.767638,210.9,a73dfe,N566JB,A320,AIRBUS A-320,0
landing,JFK,22L,1782640443.39,2026-06-28T09:54:03Z,40.634811,-73.763031,210.9,a1775f,N194DN,B763,BOEING 767-300,0
takeoff,JFK,22R,1782640444.34,2026-06-28T09:54:04Z,40.644701,-73.767887,210.9,a349be,N3104J,BCS3,AIRBUS A220-300,0
takeoff,JFK,22R,1782640502.29,2026-06-28T09:55:02Z,40.645935,-73.766922,210.9,a19d0d,N2029J,A21N,AIRBUS A-321neo,0
landing,JFK,22L,1782640557.39,2026-06-28T09:55:57Z,40.637329,-73.761078,210.9,a7ac8f,N594DA,A21N,AIRBUS A-321neo,0
landing,JFK,31L,1782640596.41,2026-06-28T09:56:36Z,40.635448,-73.78006,261.6,a03f24,N115DU,BCS1,AIRBUS A220-100,0
takeoff,JFK,22R,1782640666.32,2026-06-28T09:57:46Z,40.645294,-73.767404,210.9,a9fa0c,N742AV,A320,AIRBUS A-320,0
landing,JFK,22L,1782640912.08,2026-06-28T10:01:52Z,40.634903,-73.762924,209.6,ab5867,N830AN,B789,BOEING 787-9 Dreamliner,0
takeoff,JFK,22R,1782640975.4,2026-06-28T10:02:55Z,40.646976,-73.766098,210.9,a8021b,N615JB,A320,AIRBUS A-320,0
takeoff,LGA,13,1782641084.93,2026-06-28T10:04:44Z,40.781479,-73.876816,120.9,aa1ffc,N751YX,E75L,EMBRAER ERJ-170-200 (long wing),0
landing,JFK,22L,1782641089.14,2026-06-28T10:04:49Z,40.633679,-73.763908,210.9,a35b39,N315UU,B38M,BOEING 737 MAX 8,0
takeoff,LGA,13,1782641170.53,2026-06-28T10:06:10Z,40.779957,-73.873642,120.9,a466d2,N383DZ,A321,AIRBUS A-321,0
landing,JFK,22L,1782641204.1,2026-06-28T10:06:44Z,40.63837,-73.760241,210.9,a650cd,N506FX,CL35,,0
takeoff,LGA,13,1782641255.33,2026-06-28T10:07:35Z,40.779671,-73.873062,120.9,a9d5e5,N73276,B738,BOEING 737-800,0
takeoff,JFK,22R,1782641282.4,2026-06-28T10:08:02Z,40.648844,-73.764642,210.9,a1f46b,N225JQ,E75L,EMBRAER ERJ-170-200 (long wing),0
takeoff,LGA,13,1782641382.77,2026-06-28T10:09:42Z,40.779911,-73.873535,120.9,acd0ca,N925AN,B738,BOEING 737-800,0
takeoff,JFK,22R,1782641422.19,2026-06-28T10:10:22Z,40.645763,-73.767044,210.9,a0275c,N109NN,A321,AIRBUS A-321,0
landing,JFK,22L,1782641446.2,2026-06-28T10:10:46Z,40.634832,-73.762972,210.9,4bb152,TC-LJR,B77L,BOEING 777-200LR,0
landing,JFK,13L,1782641477.77,2026-06-28T10:11:17Z,40.647285,-73.774246,165.9,ad646e,N962JT,A321,AIRBUS A-321,0
takeoff,JFK,22R,1782641488.12,2026-06-28T10:11:28Z,40.646365,-73.766592,210.9,a7b057,N595DT,A21N,,0
takeoff,JFK,22R,1782641557.53,2026-06-28T10:12:37Z,40.645958,-73.766904,210.9,a1aaae,N2060J,A21N,AIRBUS A-321neo,0
takeoff,LGA,13,1782641572.35,2026-06-28T10:12:52Z,40.780144,-73.874037,120.9,ac379a,N8868L,B38M,BOEING 737 MAX 8,0
takeoff,JFK,22R,1782641621.51,2026-06-28T10:13:41Z,40.646313,-73.766602,210.9,a8deb4,N6704Z,B752,BOEING 757-200,0
landing,JFK,22L,1782641640.9,2026-06-28T10:14:00Z,40.637409,-73.761017,210.9,acab54,N915XJ,CRJ9,BOMBARDIER Regional Jet CRJ-900,0
landing,JFK,22L,1782641710.89,2026-06-28T10:15:10Z,40.635075,-73.762802,210.9,a00d5b,N102NN,A321,AIRBUS A-321,0
takeoff,JFK,22R,1782641746.74,2026-06-28T10:15:46Z,40.645841,-73.766982,210.9,a03235,N111ZM,A321,AIRBUS A-321,0
landing,JFK,22L,1782641838.27,2026-06-28T10:17:18Z,40.635429,-73.762527,213.8,a5e02d,N478PX,CRJ9,BOMBARDIER Regional Jet CRJ-900,0
takeoff,JFK,22R,1782641864.48,2026-06-28T10:17:44Z,40.645911,-73.766936,210.9,adbe91,N985JT,A321,AIRBUS A-321,0
landing,LGA,13,1782641870.62,2026-06-28T10:17:50Z,40.778282,-73.870135,120.9,a8021b,N615JB,A320,AIRBUS A-320,0
takeoff,LGA,13,1782641930.81,2026-06-28T10:18:50Z,40.779691,-73.8731,120.9,a3eeb0,N35204,B738,BOEING 737-800,0
takeoff,JFK,22R,1782641956.24,2026-06-28T10:19:16Z,40.64502,-73.767624,210.9,a33843,N3062J,BCS3,AIRBUS A220-300,0
takeoff,LGA,13,1782641998.65,2026-06-28T10:19:58Z,40.780563,-73.874908,120.9,a00c7a,N102DN,A321,AIRBUS A-321,0
landing,JFK,22L,1782642027.62,2026-06-28T10:20:27Z,40.636717,-73.761552,210.9,ac7b1b,N903JB,A321,AIRBUS A-321,0
takeoff,JFK,22R,1782642056.56,2026-06-28T10:20:56Z,40.645992,-73.766873,210.9,0c20c9,HP-1853CMP,B738,BOEING 737-800,0
takeoff,LGA,13,1782642086.16,2026-06-28T10:21:26Z,40.779797,-73.873306,120.9,abe496,N8656B,B738,BOEING 737-800,0
landing,JFK,22L,1782642091.79,2026-06-28T10:21:31Z,40.635134,-73.762784,210.9,a35592,N3139J,BCS3,AIRBUS A220-300,0
takeoff,JFK,22R,1782642168.11,2026-06-28T10:22:48Z,40.645504,-73.767248,210.9,ad646e,N962JT,A321,AIRBUS A-321,0
landing,JFK,22L,1782642238.4,2026-06-28T10:23:58Z,40.635181,-73.762738,210.9,a35c97,N3156J,BCS3,AIRBUS A220-300,0
takeoff,LGA,31,1782642299.72,2026-06-28T10:24:59Z,40.772836,-73.858728,303.8,a08a1a,N134AN,A321,AIRBUS A-321,0
landing,JFK,22L,1782642582.24,2026-06-28T10:29:42Z,40.635064,-73.762831,210.9,a17b16,N195DN,B763,BOEING 767-300,0
takeoff,JFK,22R,1782642587.46,2026-06-28T10:29:47Z,40.645924,-73.766922,210.9,a40654,N359AZ,B763,BOEING 767-300,0
landing,JFK,22L,1782642684.18,2026-06-28T10:31:24Z,40.635143,-73.762756,210.9,a4347b,N370HA,A332,AIRBUS A-330-200,0
takeoff,LGA,13,1782642796.16,2026-06-28T10:33:16Z,40.77983,-73.87335,120.9,a48e7b,N393FR,A20N,,0
landing,JFK,22L,1782642864.29,2026-06-28T10:34:24Z,40.635818,-73.762238,210.9,a79dc4,N590DT,A21N,,0
takeoff,LGA,13,1782642941.16,2026-06-28T10:35:41Z,40.779528,-73.872741,120.9,c03330,C-FTJZ,CRJ9,BOMBARDIER Regional Jet CRJ-900,0
takeoff,LGA,13,1782643017.1,2026-06-28T10:36:57Z,40.779831,-73.873367,120.9,adc2a7,N986NN,B738,BOEING 737-800,0
landing,JFK,22L,1782643034.5,2026-06-28T10:37:14Z,40.631573,-73.765549,213.8,a06e71,N127HQ,E75L,EMBRAER ERJ-170-200 (long wing),0
landing,JFK,22R,1782643086.12,2026-06-28T10:38:06Z,40.633976,-73.776245,210.9,a85119,N635JB,A320,AIRBUS A-320,0
landing,JFK,22L,1782643123.98,2026-06-28T10:38:43Z,40.636729,-73.761536,210.9,a32814,N302PQ,CRJ9,BOMBARDIER Regional Jet CRJ-900,0
takeoff,LGA,13,1782643124.85,2026-06-28T10:38:44Z,40.779854,-73.873444,120.9,abc012,N8560Z,B738,BOEING 737-800,0
landing,JFK,22L,1782643215.13,2026-06-28T10:40:15Z,40.636093,-73.762024,210.9,a36799,N3185J,BCS3,AIRBUS A220-300,0
landing,JFK,22L,1782643304.57,2026-06-28T10:41:44Z,40.636116,-73.761993,210.9,a1bc29,N2102J,A21N,AIRBUS A-321neo,0
takeoff,LGA,13,1782643310.26,2026-06-28T10:41:50Z,40.779591,-73.872849,115.3,a32bcb,N303PQ,CRJ9,BOMBARDIER Regional Jet CRJ-900,0
takeoff,LGA,13,1782643393.83,2026-06-28T10:43:13Z,40.77976,-73.873194,120.9,aa099e,N746JB,A320,AIRBUS A-320,0
landing,JFK,22L,1782643402.27,2026-06-28T10:43:22Z,40.635052,-73.762833,210.9,a6cacb,N537DT,A21N,AIRBUS A-321neo,0
takeoff,JFK,22R,1782643408.27,2026-06-28T10:43:28Z,40.644596,-73.767944,210.9,a398bc,N3304J,BCS3,AIRBUS A220-300,0
landing,JFK,22L,1782643497.52,2026-06-28T10:44:57Z,40.635448,-73.762519,209.6,ab6afa,N835AN,B789,BOEING 787-9 Dreamliner,0
takeoff,JFK,22R,1782643513.8,2026-06-28T10:45:13Z,40.644386,-73.768122,210.9,a3556f,N3138J,BCS3,AIRBUS A220-300,0
landing,JFK,22L,1782643622.46,2026-06-28T10:47:02Z,40.634401,-73.763346,210.9,ada51e,N979AK,B39M,BOEING 737 MAX 9,0
landing,JFK,22L,1782643708.21,2026-06-28T10:48:28Z,40.634738,-73.763081,210.9,a36b73,N3196J,BCS3,AIRBUS A220-300,0
landing,JFK,22L,1782643790.13,2026-06-28T10:49:50Z,40.635728,-73.762347,210.9,ab10d4,N812AK,B38M,,0
takeoff,JFK,22R,1782643820.74,2026-06-28T10:50:20Z,40.648972,-73.764548,210.9,a4ba02,N403YX,E75L,EMBRAER ERJ-170-200 (long wing),0
landing,JFK,22L,1782643874.83,2026-06-28T10:51:14Z,40.63418,-73.763518,210.9,ad846f,N970JB,A321,AIRBUS A-321,0
landing,LGA,13,1782643928.89,2026-06-28T10:52:08Z,40.777016,-73.867447,115.3,a30961,N295PQ,CRJ9,BOMBARDIER Regional Jet CRJ-900,0
takeoff,JFK,22R,1782643938.26,2026-06-28T10:52:18Z,40.646358,-73.766571,210.9,ad2f71,N949JT,A321,AIRBUS A-321,0
landing,JFK,22L,1782643955.21,2026-06-28T10:52:35Z,40.633738,-73.763861,210.9,ad8bed,N972JT,A321,AIRBUS A-321,0
takeoff,JFK,22R,1782644007.65,2026-06-28T10:53:27Z,40.645844,-73.766968,210.9,a883bd,N648JB,A320,AIRBUS A-320,0
takeoff,JFK,22R,1782644103.34,2026-06-28T10:55:03Z,40.645626,-73.767136,210.9,a1cf6b,N2157J,A21N,AIRBUS A-321neo,0
takeoff,JFK,22R,1782644177.31,2026-06-28T10:56:17Z,40.645947,-73.766907,210.9,ac8289,N905JB,A321,AIRBUS A-321,0
landing,JFK,22L,1782644215.93,2026-06-28T10:56:55Z,40.633793,-73.763916,219.4,a01097,N103HQ,E75L,EMBRAER ERJ-170-200 (long wing),0
landing,LGA,13,1782644267.74,2026-06-28T10:57:47Z,40.775524,-73.864408,129.4,a2c93f,N279PQ,CRJ9,BOMBARDIER Regional Jet CRJ-900,0
takeoff,JFK,22R,1782644304.99,2026-06-28T10:58:24Z,40.645901,-73.766922,210.9,acffbe,N937AV,A20N,AIRBUS A-320neo,0
landing,JFK,22L,1782644312.92,2026-06-28T10:58:32Z,40.633484,-73.764267,225.0,a02cf1,N110HQ,E75L,EMBRAER ERJ-170-200 (long wing),0
landing,JFK,22L,1782644387.41,2026-06-28T10:59:47Z,40.635635,-73.76239,210.9,ab1122,N812DN,B739,BOEING 737-900,0
takeoff,LGA,13,1782644389.26,2026-06-28T10:59:49Z,40.779728,-73.873138,123.8,a6e89f,N544UW,A321,AIRBUS A-321,0
takeoff,JFK,22R,1782644399.53,2026-06-28T10:59:59Z,40.645806,-73.767014,210.9,a32c3e,N303UE,B38M,,0
landing,LGA,13,1782644478.98,2026-06-28T11:01:18Z,40.777885,-73.869263,115.3,a8f9a3,N678CA,CRJ9,BOMBARDIER Regional Jet CRJ-900,0
takeoff,JFK,22R,1782644491.58,2026-06-28T11:01:31Z,40.645725,-73.767092,210.9,a353c8,N313UR,B38M,BOEING 737 MAX 8,0
landing,JFK,22L,1782644497.19,2026-06-28T11:01:37Z,40.637226,-73.761124,210.9,a37fb0,N3241J,BCS3,AIRBUS A220-300,0
takeoff,JFK,22R,1782644559.35,2026-06-28T11:02:39Z,40.645969,-73.766891,210.9,a6c781,N536JB,A320,AIRBUS A-320,0
takeoff,LGA,13,1782644592.78,2026-06-28T11:03:12Z,40.780086,-73.873896,120.9,acb953,N919NN,B738,BOEING 737-800,0
landing,JFK,22L,1782644715.04,2026-06-28T11:05:15Z,40.636694,-73.761567,210.9,a35fc2,N3162J,BCS3,AIRBUS A220-300,0
landing,LGA,13,1782644756.33,2026-06-28T11:05:56Z,40.775814,-73.86499,123.8,a07fa6,N131HQ,E75L,EMBRAER ERJ-170-200 (long wing),0
takeoff,LGA,13,1782644885.75,2026-06-28T11:08:05Z,40.779682,-73.873047,120.9,c0653d,C-GMIU,B38M,BOEING 737 MAX 8,0
takeoff,JFK,22R,1782644943.2,2026-06-28T11:09:03Z,40.645958,-73.766891,210.9,a1a0a1,N2038J,A21N,AIRBUS A-321neo,0
takeoff,LGA,13,1782644951.01,2026-06-28T11:09:11Z,40.781525,-73.876892,120.9,a1a1b6,N204JQ,E75L,EMBRAER ERJ-170-200 (long wing),0
takeoff,LGA,13,1782645039.92,2026-06-28T11:10:39Z,40.780133,-73.87399,120.9,ac2f5a,N8842L,B38M,BOEING 737 MAX 8,0
takeoff,JFK,22R,1782645045.22,2026-06-28T11:10:45Z,40.64576,-73.76706,210.9,ad474e,N955AV,A320,AIRBUS A-320,0
landing,JFK,22L,1782645117.61,2026-06-28T11:11:57Z,40.636116,-73.761993,210.9,a91d8e,N687DL,B752,BOEING 757-200,0
landing,LGA,13,1782645159.53,2026-06-28T11:12:39Z,40.775551,-73.864548,126.6,a1b449,N209JQ,E75L,EMBRAER ERJ-170-200 (long wing),0
takeoff,JFK,22R,1782645172.34,2026-06-28T11:12:52Z,40.645585,-73.767185,210.9,a35ef1,N316UV,B38M,BOEING 737 MAX 8,0
landing,LGA,13,1782645231.21,2026-06-28T11:13:51Z,40.776958,-73.867325,120.9,c04d98,C-GDJZ,CRJ9,BOMBARDIER Regional Jet CRJ-900,0
takeoff,JFK,22R,1782645231.74,2026-06-28T11:13:51Z,40.646388,-73.766545,210.9,a8e2d6,N67171,B752,BOEING 757-200,0
landing,JFK,22L,1782645253.31,2026-06-28T11:14:13Z,40.63461,-73.76319,210.9,a1ccec,N215JQ,E75L,EMBRAER ERJ-170-200 (long wing),0
takeoff,LGA,13,1782645290.03,2026-06-28T11:14:50Z,40.779388,-73.872429,120.9,a36eae,N320DU,BCS3,AIRBUS A220-300,0
takeoff,JFK,22R,1782645303.73,2026-06-28T11:15:03Z,40.646015,-73.766861,210.9,a874e1,N644JB,A320,AIRBUS A-320,0
landing,LGA,13,1782645349.61,2026-06-28T11:15:49Z,40.776169,-73.865692,123.8,ab3d17,N823MD,E170,EMBRAER ERJ-170-100,0
takeoff,JFK,22R,1782645368.24,2026-06-28T11:16:08Z,40.646313,-73.766632,210.9,a66ce0,N513DA,A21N,AIRBUS A-321neo,0
takeoff,LGA,13,1782645397.02,2026-06-28T11:16:37Z,40.779602,-73.872879,120.9,a06010,N123NN,A321,AIRBUS A-321,0
landing,JFK,22L,1782645414.32,2026-06-28T11:16:54Z,40.634468,-73.76329,210.9,a3514f,N3125J,BCS3,,0
landing,LGA,13,1782645446.95,2026-06-28T11:17:26Z,40.775917,-73.865143,118.1,a320a6,N300PQ,CRJ9,BOMBARDIER Regional Jet CRJ-900,0
takeoff,LGA,13,1782645487.43,2026-06-28T11:18:07Z,40.779912,-73.873522,120.9,ac2f18,N8840Q,B38M,BOEING 737 MAX 8,0
takeoff,JFK,22R,1782645492.98,2026-06-28T11:18:12Z,40.646237,-73.766686,210.9,a7a532,N592DT,A21N,AIRBUS A-321neo,0
landing,JFK,22L,1782645538.28,2026-06-28T11:18:58Z,40.637512,-73.760925,210.9,a3dc5a,N348PQ,CRJ9,BOMBARDIER Regional Jet CRJ-900,0
takeoff,JFK,22R,1782645562.7,2026-06-28T11:19:22Z,40.644791,-73.767807,210.9,a3298a,N3023J,BCS3,AIRBUS A220-300,0
takeoff,LGA,13,1782645589.12,2026-06-28T11:19:49Z,40.780025,-73.873779,120.9,a44308,N374DX,A321,AIRBUS A-321,0
takeoff,JFK,22R,1782645623.8,2026-06-28T11:20:23Z,40.645853,-73.766982,210.9,acfbfd,N936AK,B39M,BOEING 737 MAX 9,0
landing,LGA,31,1782645624.13,2026-06-28T11:20:24Z,40.776867,-73.870865,300.9,a451cf,N378DA,B738,BOEING 737-800,0
landing,LGA,13,1782645638.8,2026-06-28T11:20:38Z,40.775687,-73.864673,123.8,acc7ae,N922XJ,CRJ9,BOMBARDIER Regional Jet CRJ-900,0
landing,JFK,22L,1782645656.03,2026-06-28T11:20:56Z,40.631504,-73.76564,213.8,a03bcd,N114HQ,E75L,EMBRAER ERJ-170-200 (long wing),0
takeoff,LGA,13,1782645671.41,2026-06-28T11:21:11Z,40.781467,-73.87677,120.9,a22358,N237JQ,E75L,EMBRAER ERJ-170-200 (long wing),0
landing,LGA,31,1782645692.39,2026-06-28T11:21:32Z,40.775373,-73.867794,312.2,a8996b,N653RW,E170,EMBRAER ERJ-170-100,0
takeoff,JFK,22R,1782645695.56,2026-06-28T11:21:35Z,40.64569,-73.767092,210.9,a38633,N326SJ,B38M,BOEING 737 MAX 8,0
landing,LGA,13,1782645720.67,2026-06-28T11:22:00Z,40.777468,-73.868403,118.1,a130cb,N176PQ,CRJ9,BOMBARDIER Regional Jet CRJ-900,0
takeoff,LGA,13,1782645774.1,2026-06-28T11:22:54Z,40.779877,-73.873489,120.9,a6a3c2,N527JL,A320,AIRBUS A-320,0
landing,JFK,22L,1782645788.47,2026-06-28T11:23:08Z,40.636906,-73.761368,210.9,aa4d77,N763JB,A320,AIRBUS A-320,0
takeoff,JFK,22R,1782645806.36,2026-06-28T11:23:26Z,40.645203,-73.767487,210.9,aca99c,N915DU,B739,BOEING 737-900,0
takeoff,JFK,22R,1782645875.43,2026-06-28T11:24:35Z,40.645934,-73.766904,210.9,a53d2c,N437AN,A21N,AIRBUS A-321neo,0
landing,LGA,13,1782645886.51,2026-06-28T11:24:46Z,40.777142,-73.867722,120.9,a39ada,N331PQ,CRJ9,BOMBARDIER Regional Jet CRJ-900,0
landing,JFK,22L,1782645913.42,2026-06-28T11:25:13Z,40.634378,-73.763377,210.9,ada227,N978JB,A321,AIRBUS A-321,0
takeoff,LGA,13,1782645944.3,2026-06-28T11:25:44Z,40.779691,-73.873069,120.9,ad38bf,N951DX,B739,BOEING 737-900,0
takeoff,JFK,22R,1782645978.35,2026-06-28T11:26:18Z,40.645864,-73.766982,210.9,acb4c1,N918DU,B739,BOEING 737-900,0
landing,LGA,13,1782646026.35,2026-06-28T11:27:06Z,40.775524,-73.864439,129.4,a1e58f,N221JQ,E75L,EMBRAER ERJ-170-200 (long wing),0
landing,JFK,22L,1782646060.99,2026-06-28T11:27:40Z,40.636298,-73.761879,210.9,acaf0b,N916XJ,CRJ9,BOMBARDIER Regional Jet CRJ-900,0
takeoff,JFK,22R,1782646062.03,2026-06-28T11:27:42Z,40.645752,-73.767059,210.9,ac7e60,N904DN,B739,BOEING 737-900,0
takeoff,LGA,13,1782646081.35,2026-06-28T11:28:01Z,40.779609,-73.872897,120.9,a364e7,N318DU,BCS3,,0
takeoff,JFK,22R,1782646130.88,2026-06-28T11:28:50Z,40.645351,-73.767365,210.9,a4e714,N415DX,A339,AIRBUS A-330-900,0
takeoff,LGA,13,1782646171.76,2026-06-28T11:29:31Z,40.781518,-73.876908,123.8,a01f73,N107HQ,E75L,EMBRAER ERJ-170-200 (long wing),0
takeoff,LGA,13,1782646217.74,2026-06-28T11:30:17Z,40.781413,-73.876674,120.9,ac0a75,N875RW,E170,EMBRAER ERJ-170-100,0
takeoff,JFK,22R,1782646262.08,2026-06-28T11:31:02Z,40.645189,-73.767497,210.9,ac79a3,N9025B,A319,AIRBUS A-319,0
takeoff,LGA,13,1782646273.86,2026-06-28T11:31:13Z,40.779774,-73.87323,120.9,a451cf,N378DA,B738,BOEING 737-800,0
landing,JFK,22L,1782646278.52,2026-06-28T11:31:18Z,40.634657,-73.763143,210.9,a72b6b,N561JB,A320,AIRBUS A-320,0
takeoff,JFK,22R,1782646336.47,2026-06-28T11:32:16Z,40.645821,-73.766998,210.9,a32bba,N303NY,A21N,AIRBUS A-321neo,0
landing,LGA,04,1782646384.44,2026-06-28T11:33:04Z,40.778137,-73.876724,30.9,a1ff90,N228JQ,E75L,EMBRAER ERJ-170-200 (long wing),0
landing,JFK,22L,1782646394.68,2026-06-28T11:33:14Z,40.634571,-73.763214,209.6,e80491,CC-BMB,B789,BOEING 787-9 Dreamliner,0
takeoff,JFK,22R,1782646412.06,2026-06-28T11:33:32Z,40.645775,-73.767029,210.9,405f32,G-DHLE,B763,BOEING 767-300,0
takeoff,JFK,22R,1782646478.99,2026-06-28T11:34:38Z,40.645844,-73.766983,210.9,a0b20e,N144FE,B763,BOEING 767-300,0
takeoff,LGA,13,1782646489.86,2026-06-28T11:34:49Z,40.779922,-73.87355,120.9,ac259b,N882DN,B739,BOEING 737-900,0
landing,JFK,22L,1782646543.58,2026-06-28T11:35:43Z,40.635297,-73.762644,212.4,04c15a,5Y-KZH,B788,BOEING 787-8 Dreamliner,0
takeoff,LGA,13,1782646548.38,2026-06-28T11:35:48Z,40.780051,-73.873834,120.9,a02c94,N110DX,A321,AIRBUS A-321,0
takeoff,JFK,22R,1782646597.2,2026-06-28T11:36:37Z,40.645821,-73.766998,210.9,a19cc7,N2027J,A21N,AIRBUS A-321neo,0
landing,LGA,04,1782646611.57,2026-06-28T11:36:51Z,40.777677,-73.877127,33.8,ada699,N979RP,E170,EMBRAER ERJ-170-100,0
takeoff,LGA,13,1782646648.11,2026-06-28T11:37:28Z,40.779504,-73.872679,118.1,a93d7c,N695CA,CRJ9,BOMBARDIER Regional Jet CRJ-900,0
takeoff,JFK,22R,1782646663.61,2026-06-28T11:37:43Z,40.645878,-73.766953,210.9,a35e9c,N316RK,B38M,BOEING 737 MAX 8,0
takeoff,JFK,22R,1782646731.3,2026-06-28T11:38:51Z,40.645574,-73.767185,210.9,ad734a,N966JT,A321,AIRBUS A-321,0
landing,JFK,22L,1782646741.15,2026-06-28T11:39:01Z,40.637203,-73.761154,210.9,a86605,N640JB,A320,AIRBUS A-320,0
takeoff,LGA,13,1782646755.1,2026-06-28T11:39:15Z,40.779785,-73.873291,120.9,a1226e,N172US,A321,AIRBUS A-321,0
landing,JFK,22L,1782646832.25,2026-06-28T11:40:32Z,40.634122,-73.763565,210.9,acf48f,N934AK,B39M,,0
landing,LGA,04,1782646854.01,2026-06-28T11:40:54Z,40.778114,-73.876724,33.8,a1f0b4,N224JQ,E75L,EMBRAER ERJ-170-200 (long wing),0
takeoff,JFK,22R,1782646854.18,2026-06-28T11:40:54Z,40.645155,-73.767529,210.9,a03f24,N115DU,BCS1,AIRBUS A220-100,0
takeoff,LGA,13,1782646896.05,2026-06-28T11:41:36Z,40.77976,-73.873241,120.9,aa4c42,N76269,B738,BOEING 737-800,0
takeoff,JFK,22R,1782646925.89,2026-06-28T11:42:05Z,40.645818,-73.766998,210.9,0c605f,9Y-ANT,B38M,BOEING 737 MAX 8,0
landing,JFK,22L,1782646930.52,2026-06-28T11:42:10Z,40.636135,-73.761989,210.9,acba30,N919XJ,CRJ9,BOMBARDIER Regional Jet CRJ-900,0
landing,LGA,04,1782646948.52,2026-06-28T11:42:28Z,40.778026,-73.87683,33.8,c05e8e,C-GJUZ,CRJ9,BOMBARDIER Regional Jet CRJ-900,0
takeoff,LGA,13,1782646973.83,2026-06-28T11:42:53Z,40.781937,-73.877766,120.9,a1a56d,N205JQ,E75L,EMBRAER ERJ-170-200 (long wing),0
landing,JFK,22L,1782647002.34,2026-06-28T11:43:22Z,40.633827,-73.763794,210.9,add376,N990JL,A321,AIRBUS A-321,0
takeoff,JFK,22R,1782647061.36,2026-06-28T11:44:21Z,40.645259,-73.767435,210.9,a5e9f4,N480PX,CRJ9,BOMBARDIER Regional Jet CRJ-900,0
landing,JFK,22L,1782647086.44,2026-06-28T11:44:46Z,40.635509,-73.762497,208.1,a35e6f,N316PQ,CRJ9,BOMBARDIER Regional Jet CRJ-900,0
landing,LGA,04,1782647101.84,2026-06-28T11:45:01Z,40.778119,-73.876752,30.9,a8a490,N656RW,E170,EMBRAER ERJ-170-100,0
takeoff,JFK,22R,1782647118.42,2026-06-28T11:45:18Z,40.64502,-73.767624,205.3,a92ea0,N691CA,CRJ9,BOMBARDIER Regional Jet CRJ-900,0
takeoff,LGA,13,1782647143.28,2026-06-28T11:45:43Z,40.779053,-73.871735,120.9,a3b79c,N339DU,,,0
landing,JFK,22L,1782647158.75,2026-06-28T11:45:58Z,40.635285,-73.762613,210.9,ad4f72,N957JB,A321,AIRBUS A-321,0
landing,LGA,04,1782647174.18,2026-06-28T11:46:14Z,40.777398,-73.877345,28.1,a1584a,N186PQ,CRJ9,BOMBARDIER Regional Jet CRJ-900,0
takeoff,LGA,13,1782647204.87,2026-06-28T11:46:44Z,40.781506,-73.876877,120.9,c00b8a,C-FEJP,E75S,EMBRAER ERJ-170-200 (short wing),0
landing,JFK,22L,1782647258.12,2026-06-28T11:47:38Z,40.636414,-73.76178,213.8,ab4c76,N827SK,CRJ9,BOMBARDIER Regional Jet CRJ-900,0
landing,LGA,04,1782647267.91,2026-06-28T11:47:47Z,40.779074,-73.875925,30.9,a1acdb,N207JQ,E75L,EMBRAER ERJ-170-200 (long wing),0
takeoff,JFK,22R,1782647272.9,2026-06-28T11:47:52Z,40.645741,-73.767059,210.9,ad9712,N975JT,A321,AIRBUS A-321,0
takeoff,LGA,13,1782647303.98,2026-06-28T11:48:23Z,40.780712,-73.875214,120.9,abae2c,N8515X,B738,BOEING 737-800,0
takeoff,JFK,22R,1782647329.4,2026-06-28T11:48:49Z,40.645969,-73.766873,210.9,a0428a,N116AN,A321,AIRBUS A-321,0
landing,JFK,22L,1782647340.38,2026-06-28T11:49:00Z,40.634708,-73.763138,210.9,ad2095,N945JT,A321,AIRBUS A-321,0
landing,LGA,04,1782647350.0,2026-06-28T11:49:10Z,40.777313,-73.877396,30.9,acf2e4,N933XJ,CRJ9,BOMBARDIER Regional Jet CRJ-900,0
takeoff,LGA,13,1782647396.27,2026-06-28T11:49:56Z,40.780168,-73.874099,120.9,adaee8,N981AN,B738,BOEING 737-800,0
landing,JFK,22L,1782647415.24,2026-06-28T11:50:15Z,40.635578,-73.762451,210.9,a8222c,N623JB,A320,AIRBUS A-320,0
takeoff,JFK,22R,1782647442.29,2026-06-28T11:50:42Z,40.645585,-73.767185,210.9,ad1927,N943JT,A321,AIRBUS A-321,0
takeoff,LGA,13,1782647455.29,2026-06-28T11:50:55Z,40.779749,-73.873225,120.9,adeca5,N997AA,A321,AIRBUS A-321,0
takeoff,JFK,22R,1782647498.1,2026-06-28T11:51:38Z,40.645626,-73.767151,210.9,a87898,N645JB,A320,AIRBUS A-320,0
landing,LGA,04,1782647536.79,2026-06-28T11:52:16Z,40.778149,-73.87674,28.1,a17c12,N195PQ,CRJ9,BOMBARDIER Regional Jet CRJ-900,0
takeoff,JFK,22R,1782647560.11,2026-06-28T11:52:40Z,40.645946,-73.766904,210.9,0ac9f2,HK-5368,A20N,AIRBUS A-320neo,0
takeoff,JFK,22R,1782647615.71,2026-06-28T11:53:35Z,40.645603,-73.767166,210.9,a9a901,N721TW,B752,BOEING 757-200,0
landing,JFK,22L,1782647636.6,2026-06-28T11:53:56Z,40.633528,-73.764017,210.9,a173a8,N193DN,B763,BOEING 767-300,0
landing,LGA,04,1782647703.59,2026-06-28T11:55:03Z,40.776535,-73.878052,33.8,abc2e5,N857RW,E170,EMBRAER ERJ-170-100,0
landing,JFK,22L,1782647720.58,2026-06-28T11:55:20Z,40.635134,-73.762784,210.9,a16ff1,N192DN,B763,BOEING 767-300,0
takeoff,JFK,22R,1782647727.86,2026-06-28T11:55:27Z,40.64612,-73.766764,210.9,a18b71,N199UW,A321,AIRBUS A-321,0
takeoff,LGA,13,1782647733.81,2026-06-28T11:55:33Z,40.781506,-73.876877,120.9,a50192,N421YX,E75L,EMBRAER ERJ-170-200 (long wing),0
takeoff,JFK,22R,1782647790.06,2026-06-28T11:56:30Z,40.645457,-73.767294,210.9,a3577d,N314UP,B763,BOEING 767-300,0
landing,LGA,04,1782647825.2,2026-06-28T11:57:05Z,40.779362,-73.875717,30.9,ace6e2,N930NN,B738,BOEING 737-800,0
landing,JFK,13L,1782647836.78,2026-06-28T11:57:16Z,40.646542,-73.773468,165.9,a35854,N3142J,BCS3,AIRBUS A220-300,0
takeoff,LGA,13,1782647861.42,2026-06-28T11:57:41Z,40.779465,-73.872574,120.9,a32367,N301DU,BCS3,AIRBUS A220-300,0
landing,JFK,22L,1782647893.96,2026-06-28T11:58:13Z,40.636082,-73.762024,210.9,acb2c2,N917XJ,CRJ9,BOMBARDIER Regional Jet CRJ-900,0
landing,LGA,04,1782647932.99,2026-06-28T11:58:52Z,40.778069,-73.87677,33.8,a0835d,N132HQ,E75L,EMBRAER ERJ-170-200 (long wing),0
takeoff,JFK,22R,1782647962.25,2026-06-28T11:59:22Z,40.645061,-73.767591,210.9,400683,G-VIIK,B772,BOEING 777-200,0
takeoff,LGA,13,1782647969.68,2026-06-28T11:59:29Z,40.779888,-73.873489,118.1,a35ab8,N315PQ,CRJ9,BOMBARDIER Regional Jet CRJ-900,0
landing,LGA,04,1782648060.59,2026-06-28T12:01:00Z,40.777514,-73.877251,33.8,ac2be9,N8834L,B38M,BOEING 737 MAX 8,0
landing,JFK,22L,1782648084.23,2026-06-28T12:01:24Z,40.635338,-73.762619,213.8,aca79d,N914XJ,CRJ9,BOMBARDIER Regional Jet CRJ-900,0
takeoff,JFK,22R,1782648091.16,2026-06-28T12:01:31Z,40.644802,-73.767807,210.9,a35c97,N3156J,BCS3,AIRBUS A220-300,0
takeoff,LGA,31,1782648107.04,2026-06-28T12:01:47Z,40.775431,-73.871306,300.9,abc2e5,N857RW,E170,EMBRAER ERJ-170-100,0
takeoff,LGA,13,1782648108.05,2026-06-28T12:01:48Z,40.779935,-73.8736,120.9,a449f1,N3759,B738,BOEING 737-800,0
takeoff,JFK,22R,1782648147.45,2026-06-28T12:02:27Z,40.646015,-73.766846,210.9,aa600a,N768JB,A320,AIRBUS A-320,0
landing,LGA,04,1782648184.11,2026-06-28T12:03:04Z,40.777096,-73.877594,33.8,ac159a,N878RW,E170,EMBRAER ERJ-170-100,0
takeoff,JFK,22R,1782648208.18,2026-06-28T12:03:28Z,40.646004,-73.766842,210.9,a66576,N511DE,A21N,AIRBUS A-321neo,0
takeoff,LGA,13,1782648211.15,2026-06-28T12:03:31Z,40.781506,-73.876877,120.9,a51f4a,N429YX,E75L,EMBRAER ERJ-170-200 (long wing),0
landing,JFK,22L,1782648218.51,2026-06-28T12:03:38Z,40.634846,-73.763,210.9,a36b50,N3195J,BCS3,,0
takeoff,JFK,22R,1782648272.71,2026-06-28T12:04:32Z,40.645889,-73.766953,210.9,a3661f,N318SF,B38M,BOEING 737 MAX 8,0
takeoff,JFK,22R,1782648348.29,2026-06-28T12:05:48Z,40.645752,-73.767059,210.9,a44d1c,N3765,B738,BOEING 737-800,0
landing,LGA,04,1782648358.9,2026-06-28T12:05:58Z,40.77832,-73.876572,30.9,a08317,N132EV,CRJ9,BOMBARDIER Regional Jet CRJ-900,0
takeoff,LGA,13,1782648396.57,2026-06-28T12:06:36Z,40.780133,-73.873974,120.9,a03ce6,N114UW,A320,AIRBUS A-320,0
takeoff,JFK,22R,1782648409.97,2026-06-28T12:06:49Z,40.646353,-73.766592,210.9,ad7ab8,N968JT,A321,AIRBUS A-321,0
landing,JFK,22L,1782648434.6,2026-06-28T12:07:14Z,40.63369,-73.763901,210.9,aca02f,N912XJ,CRJ9,BOMBARDIER Regional Jet CRJ-900,0
landing,LGA,04,1782648475.6,2026-06-28T12:07:55Z,40.778675,-73.876282,30.9,a6f98e,N549CA,CRJ9,BOMBARDIER Regional Jet CRJ-900,0
takeoff,LGA,13,1782648540.45,2026-06-28T12:09:00Z,40.779568,-73.872803,118.1,a7d725,N604LR,CRJ9,BOMBARDIER Regional Jet CRJ-900,0
takeoff,JFK,22R,1782648562.19,2026-06-28T12:09:22Z,40.645386,-73.767334,210.9,a01880,N105NN,A321,AIRBUS A-321,0
takeoff,LGA,13,1782648604.57,2026-06-28T12:10:04Z,40.779968,-73.873657,120.9,c0850c,C-GYJZ,DH8D,DE HAVILLAND DHC-8-400 Dash 8,0
takeoff,JFK,22R,1782648614.03,2026-06-28T12:10:14Z,40.645775,-73.767044,210.9,a35efa,N316VD,B38M,BOEING 737 MAX 8,0
landing,JFK,22L,1782648627.89,2026-06-28T12:10:27Z,40.635132,-73.762787,210.9,acc040,N920XJ,CRJ9,BOMBARDIER Regional Jet CRJ-900,0
landing,LGA,04,1782648666.92,2026-06-28T12:11:06Z,40.778515,-73.876404,33.8,a3245d,N301PQ,CRJ9,BOMBARDIER Regional Jet CRJ-900,0
takeoff,LGA,04,1782648714.62,2026-06-28T12:11:54Z,40.771648,-73.88208,30.9,a78945,N585JB,A320,AIRBUS A-320,0
landing,JFK,22L,1782648716.11,2026-06-28T12:11:56Z,40.634133,-73.763565,210.9,8964e3,A6-EVL,A388,AIRBUS A-380-800,0
takeoff,JFK,22R,1782648738.67,2026-06-28T12:12:18Z,40.644654,-73.767903,210.9,a35854,N3142J,BCS3,AIRBUS A220-300,0
takeoff,JFK,04L,1782648800.68,2026-06-28T12:13:20Z,40.637535,-73.776428,8.4,aca02f,N912XJ,CRJ9,BOMBARDIER Regional Jet CRJ-900,0
takeoff,JFK,22R,1782648801.83,2026-06-28T12:13:21Z,40.645695,-73.767105,210.9,ac1e2d,N880DN,B739,BOEING 737-900,0
landing,LGA,04,1782648826.18,2026-06-28T12:13:46Z,40.776489,-73.878098,33.8,a01f0d,N107DN,A321,AIRBUS A-321,0
landing,JFK,22L,1782648897.29,2026-06-28T12:14:57Z,40.634514,-73.763245,210.9,aaf53a,N805JB,A320,AIRBUS A-320,0
takeoff,JFK,22R,1782648905.16,2026-06-28T12:15:05Z,40.646267,-73.766647,210.9,ac7b1b,N903JB,A321,AIRBUS A-321,0
takeoff,LGA,13,1782648929.88,2026-06-28T12:15:29Z,40.779912,-73.873522,126.6,a2c93f,N279PQ,CRJ9,BOMBARDIER Regional Jet CRJ-900,0
takeoff,JFK,22R,1782648975.59,2026-06-28T12:16:15Z,40.645145,-73.767532,210.9,acf849,N935AN,B738,BOEING 737-800,0
landing,JFK,22L,1782648990.52,2026-06-28T12:16:30Z,40.635146,-73.762753,210.9,a422f7,N366DX,A321,AIRBUS A-321,0
landing,LGA,04,1782648994.65,2026-06-28T12:16:34Z,40.777526,-73.877236,28.1,a2000d,N228PQ,CRJ9,BOMBARDIER Regional Jet CRJ-900,0
takeoff,JFK,22R,1782649025.93,2026-06-28T12:17:05Z,40.646301,-73.766632,210.9,a32814,N302PQ,CRJ9,BOMBARDIER Regional Jet CRJ-900,0
takeoff,JFK,22R,1782649090.63,2026-06-28T12:18:10Z,40.646481,-73.766483,210.9,a99b83,N718TW,B752,BOEING 757-200,0
landing,JFK,22L,1782649118.15,2026-06-28T12:18:38Z,40.636105,-73.762009,210.9,acb679,N918XJ,CRJ9,BOMBARDIER Regional Jet CRJ-900,0
takeoff,LGA,13,1782649169.28,2026-06-28T12:19:29Z,40.779504,-73.872663,120.9,a3472f,N310DU,BCS3,AIRBUS A220-300,0
takeoff,JFK,22R,1782649233.07,2026-06-28T12:20:33Z,40.645702,-73.767092,210.9,a67452,N515DE,A21N,AIRBUS A-321neo,0
landing,JFK,22L,1782649255.8,2026-06-28T12:20:55Z,40.634171,-73.76355,210.9,a74923,N569JB,A320,AIRBUS A-320,0
takeoff,LGA,13,1782649261.34,2026-06-28T12:21:01Z,40.779539,-73.872757,120.9,a30961,N295PQ,CRJ9,BOMBARDIER Regional Jet CRJ-900,0
takeoff,JFK,22R,1782649326.97,2026-06-28T12:22:06Z,40.64566,-73.76712,210.9,a6bbef,N533DT,A21N,AIRBUS A-321neo,0
takeoff,JFK,22R,1782649373.12,2026-06-28T12:22:53Z,40.648925,-73.764579,210.9,a06e71,N127HQ,E75L,EMBRAER ERJ-170-200 (long wing),0
landing,JFK,22L,1782649379.32,2026-06-28T12:22:59Z,40.635169,-73.762738,210.9,ad2baa,N948JB,A321,AIRBUS A-321,0
takeoff,JFK,22R,1782649440.55,2026-06-28T12:24:00Z,40.645935,-73.766907,210.9,a3c291,N341RW,B38M,BOEING 737 MAX 8,0
landing,LGA,04,1782649446.37,2026-06-28T12:24:06Z,40.778585,-73.876346,30.9,ad2fd0,N949NN,B738,BOEING 737-800,0
takeoff,LGA,13,1782649486.78,2026-06-28T12:24:46Z,40.780289,-73.874298,120.9,a5cf1b,N47332,B38M,BOEING 737 MAX 8,0
takeoff,JFK,22R,1782649501.65,2026-06-28T12:25:01Z,40.645364,-73.767357,210.9,aa6ccb,N771AN,B772,BOEING 777-200,0
takeoff,LGA,13,1782649558.11,2026-06-28T12:25:58Z,40.781513,-73.876892,120.9,abd41a,N861RW,E170,EMBRAER ERJ-170-100,0
takeoff,LGA,13,1782649614.08,2026-06-28T12:26:54Z,40.781518,-73.876924,120.9,a23fb2,N244JQ,E75L,EMBRAER ERJ-170-200 (long wing),0
takeoff,JFK,22R,1782649624.45,2026-06-28T12:27:04Z,40.644711,-73.767883,210.9,a387f0,N3267J,BCS3,,0
landing,JFK,22L,1782649635.62,2026-06-28T12:27:15Z,40.634122,-73.763549,210.9,06a2b1,A7-BEM,B77W,BOEING 777-300ER,0
takeoff,JFK,22R,1782649690.15,2026-06-28T12:28:10Z,40.64583,-73.766998,210.9,abe65a,N866NN,B738,BOEING 737-800,0
takeoff,LGA,13,1782649699.09,2026-06-28T12:28:19Z,40.779419,-73.872498,115.3,a320a6,N300PQ,CRJ9,BOMBARDIER Regional Jet CRJ-900,0
takeoff,LGA,13,1782649748.02,2026-06-28T12:29:08Z,40.779808,-73.873337,120.9,ab6101,N832NN,B738,BOEING 737-800,0
takeoff,JFK,22R,1782649757.29,2026-06-28T12:29:17Z,40.645214,-73.767487,210.9,a85c3e,N638JB,A320,AIRBUS A-320,0
landing,JFK,22L,1782649794.86,2026-06-28T12:29:54Z,40.641483,-73.757797,208.1,a5376f,N435TW,PC12,PILATUS PC-12,0
takeoff,JFK,22R,1782649821.21,2026-06-28T12:30:21Z,40.646307,-73.766623,210.9,a19910,N2017J,A21N,AIRBUS A-321neo,0
landing,JFK,04L,1782649830.01,2026-06-28T12:30:30Z,40.64434,-73.770197,73.1,a1e411,N2205J,A21N,AIRBUS A-321neo,0
landing,LGA,04,1782649874.54,2026-06-28T12:31:14Z,40.777668,-73.877136,28.1,a33e5e,N308PQ,CRJ9,BOMBARDIER Regional Jet CRJ-900,0
landing,JFK,22L,1782649886.47,2026-06-28T12:31:26Z,40.63488,-73.76297,210.9,a67883,N516JB,A320,AIRBUS A-320,0
takeoff,JFK,22R,1782649891.92,2026-06-28T12:31:31Z,40.644276,-73.768204,210.9,4d24a9,9H-AKJ,B744,BOEING 747-400,0
takeoff,LGA,13,1782649914.88,2026-06-28T12:31:54Z,40.779476,-73.87262,118.1,a8f9a3,N678CA,CRJ9,BOMBARDIER Regional Jet CRJ-900,0
landing,JFK,22L,1782649985.58,2026-06-28T12:33:05Z,40.634537,-73.763229,210.9,a79821,N589JB,A320,AIRBUS A-320,0
landing,LGA,04,1782650011.17,2026-06-28T12:33:31Z,40.77791,-73.876939,33.8,a3e011,N349PQ,CRJ9,BOMBARDIER Regional Jet CRJ-900,0
takeoff,JFK,22R,1782650020.11,2026-06-28T12:33:40Z,40.645466,-73.767288,210.9,ad8fa4,N973JT,A321,AIRBUS A-321,0
landing,JFK,22L,1782650081.2,2026-06-28T12:34:41Z,40.635239,-73.762675,208.1,a3ad6d,N336PQ,CRJ9,BOMBARDIER Regional Jet CRJ-900,0
takeoff,JFK,22R,1782650083.64,2026-06-28T12:34:43Z,40.645131,-73.76756,210.9,abab67,N851DN,B739,BOEING 737-900,0
landing,LGA,04,1782650115.33,2026-06-28T12:35:15Z,40.779202,-73.875831,33.8,c08852,C-GZQF,E295,EMBRAER ERJ-190-400,0
takeoff,LGA,13,1782650143.75,2026-06-28T12:35:43Z,40.781483,-73.876799,120.9,ab3d17,N823MD,E170,EMBRAER ERJ-170-100,0
takeoff,JFK,22R,1782650150.43,2026-06-28T12:35:50Z,40.644573,-73.767981,209.6,4072ea,G-VWOO,B789,BOEING 787-9 Dreamliner,0
landing,JFK,22L,1782650186.36,2026-06-28T12:36:26Z,40.633656,-73.763916,210.9,ab6519,N833SK,CRJ9,BOMBARDIER Regional Jet CRJ-900,0
takeoff,LGA,13,1782650210.96,2026-06-28T12:36:50Z,40.781483,-73.876799,120.9,a8996b,N653RW,E170,EMBRAER ERJ-170-100,0
takeoff,JFK,22R,1782650258.23,2026-06-28T12:37:38Z,40.645946,-73.766904,210.9,a64ce6,N505DZ,A21N,AIRBUS A-321neo,0
landing,JFK,22L,1782650272.87,2026-06-28T12:37:52Z,40.634122,-73.763565,210.9,8966d5,A6-XWN,A35K,AIRBUS A-350-1000,0
landing,LGA,04,1782650273.78,2026-06-28T12:37:53Z,40.778457,-73.876471,33.8,a19f29,N203WN,B737,BOEING 737-700,0
takeoff,JFK,22R,1782650319.06,2026-06-28T12:38:39Z,40.645775,-73.767044,210.9,ad2445,N946JL,A321,AIRBUS A-321,0
takeoff,LGA,13,1782650320.69,2026-06-28T12:38:40Z,40.779476,-73.87262,120.9,acc7ae,N922XJ,CRJ9,BOMBARDIER Regional Jet CRJ-900,0
takeoff,JFK,22R,1782650361.15,2026-06-28T12:39:21Z,40.649139,-73.764404,210.9,a01097,N103HQ,E75L,EMBRAER ERJ-170-200 (long wing),0
takeoff,LGA,04,1782650402.37,2026-06-28T12:40:02Z,40.771843,-73.881927,33.8,a1057a,N165NN,A321,AIRBUS A-321,0
landing,JFK,22L,1782650431.79,2026-06-28T12:40:31Z,40.631457,-73.765749,216.6,a2270f,N238JQ,E75L,EMBRAER ERJ-170-200 (long wing),0
takeoff,JFK,22R,1782650433.11,2026-06-28T12:40:33Z,40.645958,-73.766907,210.9,a1e411,N2205J,A21N,AIRBUS A-321neo,0
takeoff,JFK,22R,1782650498.45,2026-06-28T12:41:38Z,40.644642,-73.767919,210.9,a38367,N3251J,BCS3,,0
landing,JFK,22L,1782650504.38,2026-06-28T12:41:44Z,40.63425,-73.763471,212.4,020122,CN-RGT,B788,BOEING 787-8 Dreamliner,0
landing,LGA,04,1782650621.49,2026-06-28T12:43:41Z,40.776936,-73.877701,30.9,a69894,N524JB,A320,AIRBUS A-320,0
landing,JFK,22L,1782650641.51,2026-06-28T12:44:01Z,40.634971,-73.762925,210.9,ac801e,N904XJ,CRJ9,BOMBARDIER Regional Jet CRJ-900,0
takeoff,JFK,22R,1782650647.44,2026-06-28T12:44:07Z,40.644436,-73.768066,210.9,a37fb0,N3241J,BCS3,AIRBUS A220-300,0
takeoff,LGA,13,1782650672.21,2026-06-28T12:44:32Z,40.779644,-73.872975,118.1,a130cb,N176PQ,CRJ9,BOMBARDIER Regional Jet CRJ-900,0
takeoff,JFK,22R,1782650712.56,2026-06-28T12:45:12Z,40.645632,-73.767154,210.9,acf4e8,N934DZ,B739,,0
landing,JFK,22L,1782650719.21,2026-06-28T12:45:19Z,40.634216,-73.763504,210.9,a8c028,N663JB,A320,AIRBUS A-320,0
landing,LGA,04,1782650731.44,2026-06-28T12:45:31Z,40.777991,-73.876846,33.8,a89d22,N654RW,E170,EMBRAER ERJ-170-100,0
takeoff,LGA,13,1782650756.26,2026-06-28T12:45:56Z,40.781494,-73.87683,120.9,a4bdb9,N404YX,E75L,EMBRAER ERJ-170-200 (long wing),0
takeoff,JFK,22R,1782650775.83,2026-06-28T12:46:15Z,40.64477,-73.767825,210.9,a35fc2,N3162J,BCS3,AIRBUS A220-300,0
landing,JFK,22L,1782650810.59,2026-06-28T12:46:50Z,40.636837,-73.761429,210.9,3c058b,D-ARCO,GLEX,BOMBARDIER BD-700 Global 6000/6500,8
landing,LGA,04,1782650849.15,2026-06-28T12:47:29Z,40.776443,-73.878141,36.6,a091f3,N136EV,CRJ9,BOMBARDIER Regional Jet CRJ-900,0
takeoff,LGA,13,1782650877.38,2026-06-28T12:47:57Z,40.781553,-73.876986,120.9,a1e58f,N221JQ,E75L,EMBRAER ERJ-170-200 (long wing),0
landing,JFK,22L,1782650897.93,2026-06-28T12:48:17Z,40.636059,-73.762009,210.9,a3549d,N3132J,BCS3,AIRBUS A220-300,0
takeoff,LGA,13,1782650949.68,2026-06-28T12:49:09Z,40.781657,-73.877189,120.9,a1b449,N209JQ,E75L,EMBRAER ERJ-170-200 (long wing),0
landing,JFK,22L,1782651018.26,2026-06-28T12:50:18Z,40.630657,-73.766266,210.9,e80242,CC-CXG,B763,BOEING 767-300,0
takeoff,LGA,13,1782651037.22,2026-06-28T12:50:37Z,40.779935,-73.873568,120.9,ac2b80,N8831L,B38M,BOEING 737 MAX 8,0
takeoff,JFK,22R,1782651055.49,2026-06-28T12:50:55Z,40.645306,-73.767404,210.9,a48315,N390DA,B738,BOEING 737-800,0
landing,LGA,04,1782651071.7,2026-06-28T12:51:11Z,40.774933,-73.879364,30.9,c07a7c,C-GUJZ,DH8D,DE HAVILLAND DHC-8-400 Dash 8,0
takeoff,JFK,22R,1782651109.39,2026-06-28T12:51:49Z,40.645866,-73.766968,210.9,a3c233,N341NB,A319,AIRBUS A-319,0
landing,JFK,22L,1782651133.55,2026-06-28T12:52:13Z,40.634079,-73.763596,210.9,ade252,N994JL,A321,AIRBUS A-321,0
takeoff,JFK,22R,1782651164.41,2026-06-28T12:52:44Z,40.646278,-73.766647,210.9,a797b4,N589DT,A21N,AIRBUS A-321neo,0
landing,LGA,04,1782651177.63,2026-06-28T12:52:57Z,40.778069,-73.87677,33.8,abdf3f,N864RW,E170,EMBRAER ERJ-170-100,0
takeoff,LGA,13,1782651206.86,2026-06-28T12:53:26Z,40.781593,-73.877029,120.9,ada699,N979RP,E170,EMBRAER ERJ-170-100,0
takeoff,JFK,22R,1782651222.67,2026-06-28T12:53:42Z,40.645981,-73.766889,210.9,a91d8e,N687DL,B752,BOEING 757-200,0
landing,JFK,22L,1782651243.89,2026-06-28T12:54:03Z,40.635623,-73.762379,210.9,ac7256,N9006,A319,AIRBUS A-319,0
takeoff,JFK,22R,1782651277.57,2026-06-28T12:54:37Z,40.646353,-73.766577,210.9,a7ac8f,N594DA,A21N,AIRBUS A-321neo,0
landing,LGA,04,1782651295.34,2026-06-28T12:54:55Z,40.776548,-73.878032,33.8,a0acf9,N14231,B738,BOEING 737-800,0
takeoff,JFK,22R,1782651332.92,2026-06-28T12:55:32Z,40.645585,-73.767185,210.9,a3411f,N309DU,BCS3,AIRBUS A220-300,0
landing,JFK,22L,1782651343.46,2026-06-28T12:55:43Z,40.634261,-73.763455,210.9,a22ac6,N239JQ,E75L,EMBRAER ERJ-170-200 (long wing),0
takeoff,LGA,13,1782651346.2,2026-06-28T12:55:46Z,40.779922,-73.87355,120.9,abd010,N860NN,B738,BOEING 737-800,0
takeoff,JFK,22R,1782651393.68,2026-06-28T12:56:33Z,40.645445,-73.767294,210.9,a1bc29,N2102J,A21N,AIRBUS A-321neo,0
landing,LGA,04,1782651411.63,2026-06-28T12:56:51Z,40.776134,-73.878372,33.8,ab678e,N834DN,B739,BOEING 737-900,0
takeoff,JFK,22R,1782651435.35,2026-06-28T12:57:15Z,40.649263,-73.764314,210.9,a1ccec,N215JQ,E75L,EMBRAER ERJ-170-200 (long wing),0
takeoff,LGA,13,1782651455.75,2026-06-28T12:57:35Z,40.779691,-73.873085,120.9,c04d98,C-GDJZ,CRJ9,BOMBARDIER Regional Jet CRJ-900,0
landing,LGA,04,1782651516.43,2026-06-28T12:58:36Z,40.777645,-73.877151,30.9,ab1d06,N815MD,E170,EMBRAER ERJ-170-100,0
takeoff,LGA,13,1782651554.49,2026-06-28T12:59:14Z,40.779656,-73.872991,120.9,c05e8e,C-GJUZ,CRJ9,BOMBARDIER Regional Jet CRJ-900,0
takeoff,JFK,04L,1782651579.61,2026-06-28T12:59:39Z,40.635088,-73.777282,348.8,e80242,CC-CXG,B763,BOEING 767-300,0
takeoff,JFK,22R,1782651587.01,2026-06-28T12:59:47Z,40.644951,-73.767685,210.9,acaf0b,N916XJ,CRJ9,BOMBARDIER Regional Jet CRJ-900,0
landing,LGA,04,1782651604.29,2026-06-28T13:00:04Z,40.776821,-73.877823,33.8,a35701,N314PQ,CRJ9,BOMBARDIER Regional Jet CRJ-900,0
landing,JFK,22L,1782651615.68,2026-06-28T13:00:15Z,40.632088,-73.765167,210.9,a4e538,N414YX,E75L,EMBRAER ERJ-170-200 (long wing),0
takeoff,LGA,13,1782651638.34,2026-06-28T13:00:38Z,40.781513,-73.876862,120.9,a8a490,N656RW,E170,EMBRAER ERJ-170-100,0
takeoff,JFK,22R,1782651652.33,2026-06-28T13:00:52Z,40.645466,-73.767273,210.9,ab1122,N812DN,B739,BOEING 737-900,0
landing,JFK,22L,1782651708.77,2026-06-28T13:01:48Z,40.634797,-73.763034,210.9,a3871e,N3261J,BCS3,,0
landing,LGA,04,1782651710.02,2026-06-28T13:01:50Z,40.777759,-73.877017,33.8,a866c7,N640RW,E170,EMBRAER ERJ-170-100,0
takeoff,JFK,22R,1782651711.55,2026-06-28T13:01:51Z,40.646016,-73.766857,210.9,a4c96c,N4073J,A21N,AIRBUS A-321neo,0
takeoff,JFK,22R,1782651772.43,2026-06-28T13:02:52Z,40.645592,-73.767166,210.9,ade609,N995JL,A321,AIRBUS A-321,0
landing,LGA,04,1782651786.56,2026-06-28T13:03:06Z,40.778423,-73.87648,30.9,a52911,N431YX,E75L,EMBRAER ERJ-170-200 (long wing),0
takeoff,LGA,04,1782651786.56,2026-06-28T13:03:06Z,40.778423,-73.87648,30.9,a52911,N431YX,E75L,EMBRAER ERJ-170-200 (long wing),0
landing,LGA,04,1782651787.82,2026-06-28T13:03:07Z,40.778666,-73.876268,33.8,a52911,N431YX,E75L,EMBRAER ERJ-170-200 (long wing),0
landing,JFK,22L,1782651820.42,2026-06-28T13:03:40Z,40.63464,-73.763168,210.9,71c362,HL8362,A359,AIRBUS A-350-900,0
landing,LGA,04,1782651876.6,2026-06-28T13:04:36Z,40.777267,-73.877472,33.8,abbb77,N855RW,E170,EMBRAER ERJ-170-100,0
takeoff,JFK,22R,1782651884.46,2026-06-28T13:04:44Z,40.645466,-73.767273,210.9,a1775f,N194DN,B763,BOEING 767-300,0
takeoff,LGA,13,1782651912.77,2026-06-28T13:05:12Z,40.779533,-73.872742,118.1,a33339,N305PQ,CRJ9,BOMBARDIER Regional Jet CRJ-900,0
landing,JFK,22L,1782651939.4,2026-06-28T13:05:39Z,40.63306,-73.764389,210.9,a707a3,N552JB,A320,AIRBUS A-320,0
landing,LGA,04,1782651947.01,2026-06-28T13:05:47Z,40.776627,-73.877991,30.9,a34215,N309PQ,CRJ9,BOMBARDIER Regional Jet CRJ-900,0
takeoff,JFK,22R,1782652016.11,2026-06-28T13:06:56Z,40.645958,-73.766873,213.8,a3dc5a,N348PQ,CRJ9,BOMBARDIER Regional Jet CRJ-900,0
landing,LGA,04,1782652030.98,2026-06-28T13:07:10Z,40.778038,-73.876814,33.8,a44db3,N3769L,B738,BOEING 737-800,0
takeoff,JFK,22R,1782652079.49,2026-06-28T13:07:59Z,40.645363,-73.767365,213.8,a5e02d,N478PX,CRJ9,BOMBARDIER Regional Jet CRJ-900,0
landing,JFK,22L,1782652138.91,2026-06-28T13:08:58Z,40.635111,-73.7628,210.9,ab53e4,N829SK,CRJ9,BOMBARDIER Regional Jet CRJ-900,0
takeoff,JFK,22R,1782652139.72,2026-06-28T13:08:59Z,40.645411,-73.767326,208.1,a35e6f,N316PQ,CRJ9,BOMBARDIER Regional Jet CRJ-900,0
landing,LGA,04,1782652157.7,2026-06-28T13:09:17Z,40.777096,-73.877579,33.8,ab282b,N818MD,E170,EMBRAER ERJ-170-100,0
takeoff,LGA,04,1782652157.7,2026-06-28T13:09:17Z,40.777096,-73.877579,33.8,ab282b,N818MD,E170,EMBRAER ERJ-170-100,0
landing,LGA,04,1782652158.33,2026-06-28T13:09:18Z,40.777222,-73.877472,33.8,ab282b,N818MD,E170,EMBRAER ERJ-170-100,0
takeoff,LGA,13,1782652201.32,2026-06-28T13:10:01Z,40.779339,-73.87233,120.9,a36130,N317DU,BCS3,AIRBUS A220-300,0
takeoff,JFK,22R,1782652204.79,2026-06-28T13:10:04Z,40.644882,-73.767746,210.9,acdd1b,N928NN,B738,BOEING 737-800,0
landing,JFK,22L,1782652216.43,2026-06-28T13:10:16Z,40.636047,-73.762054,210.9,a79e31,N590JB,A320,AIRBUS A-320,0
landing,LGA,04,1782652258.69,2026-06-28T13:10:58Z,40.778038,-73.876768,33.8,ac2bd9,N88335,E75L,EMBRAER ERJ-170-200 (long wing),0
takeoff,JFK,22R,1782652267.58,2026-06-28T13:11:07Z,40.644779,-73.767807,210.9,a3514f,N3125J,BCS3,,0
takeoff,LGA,13,1782652291.11,2026-06-28T13:11:31Z,40.779957,-73.873627,120.9,a39ada,N331PQ,CRJ9,BOMBARDIER Regional Jet CRJ-900,0
takeoff,JFK,22R,1782652327.74,2026-06-28T13:12:07Z,40.645422,-73.767326,210.9,aa4d77,N763JB,A320,AIRBUS A-320,0
landing,LGA,04,1782652341.63,2026-06-28T13:12:21Z,40.776363,-73.878189,30.9,ac83d5,N905XJ,CRJ9,BOMBARDIER Regional Jet CRJ-900,0
landing,JFK,22L,1782652368.6,2026-06-28T13:12:48Z,40.635212,-73.762726,210.9,801665,VT-JRI,A359,AIRBUS A-350-900,0
takeoff,LGA,13,1782652397.86,2026-06-28T13:13:17Z,40.780109,-73.873927,120.9,a3a0cf,N33289,B738,BOEING 737-800,0
landing,LGA,04,1782652489.23,2026-06-28T13:14:49Z,40.777782,-73.877017,33.8,ac1951,N879RW,E170,EMBRAER ERJ-170-100,0
takeoff,LGA,13,1782652515.23,2026-06-28T13:15:15Z,40.781529,-73.876908,120.9,a1acdb,N207JQ,E75L,EMBRAER ERJ-170-200 (long wing),0
takeoff,JFK,22R,1782652522.99,2026-06-28T13:15:22Z,40.645821,-73.767014,210.9,a7f684,N612DN,A21N,AIRBUS A-321neo,0
takeoff,LGA,13,1782652555.1,2026-06-28T13:15:55Z,40.781651,-73.877167,120.9,ac26cf,N882RW,E170,EMBRAER ERJ-170-100,0
landing,JFK,22L,1782652582.01,2026-06-28T13:16:22Z,40.633472,-73.764069,210.9,a38b84,N3276J,BCS3,AIRBUS A220-300,0
takeoff,JFK,22R,1782652594.45,2026-06-28T13:16:34Z,40.645201,-73.767497,210.9,ad8bed,N972JT,A321,AIRBUS A-321,0
takeoff,LGA,13,1782652607.47,2026-06-28T13:16:47Z,40.781593,-73.877014,123.8,a07fa6,N131HQ,E75L,EMBRAER ERJ-170-200 (long wing),0
takeoff,JFK,22R,1782652653.17,2026-06-28T13:17:33Z,40.645317,-73.767404,213.8,ab4c76,N827SK,CRJ9,BOMBARDIER Regional Jet CRJ-900,0
takeoff,LGA,04,1782652668.21,2026-06-28T13:17:48Z,40.771567,-73.882167,33.8,a8021b,N615JB,A320,AIRBUS A-320,0
takeoff,JFK,22R,1782652712.51,2026-06-28T13:18:32Z,40.645329,-73.767395,210.9,acab54,N915XJ,CRJ9,BOMBARDIER Regional Jet CRJ-900,0
takeoff,JFK,22R,1782652763.22,2026-06-28T13:19:23Z,40.648899,-73.764603,210.9,a02cf1,N110HQ,E75L,EMBRAER ERJ-170-200 (long wing),0
landing,LGA,04,1782652765.68,2026-06-28T13:19:25Z,40.775012,-73.879311,33.8,a335fa,N306DU,BCS3,AIRBUS A220-300,0
landing,JFK,22L,1782652783.94,2026-06-28T13:19:43Z,40.63147,-73.765656,213.8,a19691,N201JQ,E75L,EMBRAER ERJ-170-200 (long wing),0
landing,LGA,04,1782652886.99,2026-06-28T13:21:26Z,40.775539,-73.878891,33.8,a3183d,N299PQ,CRJ9,BOMBARDIER Regional Jet CRJ-900,0
takeoff,JFK,22R,1782652903.54,2026-06-28T13:21:43Z,40.645294,-73.767404,210.9,acba30,N919XJ,CRJ9,BOMBARDIER Regional Jet CRJ-900,0
landing,LGA,04,1782652960.6,2026-06-28T13:22:40Z,40.77706,-73.877626,33.8,a03f1e,N115DN,A321,AIRBUS A-321,0
landing,JFK,22L,1782652964.42,2026-06-28T13:22:44Z,40.635518,-73.762488,210.9,a83e86,N630JB,A320,AIRBUS A-320,0
takeoff,LGA,13,1782652988.98,2026-06-28T13:23:08Z,40.781696,-73.877258,120.9,a1ff90,N228JQ,E75L,EMBRAER ERJ-170-200 (long wing),0
takeoff,JFK,22R,1782653034.06,2026-06-28T13:23:54Z,40.645981,-73.766876,210.9,a5376f,N435TW,PC12,PILATUS PC-12,0
landing,LGA,04,1782653071.24,2026-06-28T13:24:31Z,40.77808,-73.876755,33.8,a1d0a3,N216JQ,E75L,EMBRAER ERJ-170-200 (long wing),0
landing,LGA,04,1782653141.63,2026-06-28T13:25:41Z,40.777631,-73.877173,33.8,c05d56,C-GJIZ,CRJ9,BOMBARDIER Regional Jet CRJ-900,0
takeoff,LGA,13,1782653150.46,2026-06-28T13:25:50Z,40.782166,-73.87825,120.9,a4b294,N401YX,E75L,EMBRAER ERJ-170-200 (long wing),0
takeoff,JFK,22R,1782653167.94,2026-06-28T13:26:07Z,40.644445,-73.768075,210.9,a4347b,N370HA,A332,AIRBUS A-330-200,0
landing,JFK,22L,1782653179.68,2026-06-28T13:26:19Z,40.635338,-73.762604,210.9,a43d09,N372UP,B763,BOEING 767-300,0
landing,LGA,04,1782653238.42,2026-06-28T13:27:18Z,40.776199,-73.878328,30.9,a5f162,N482PX,CRJ9,BOMBARDIER Regional Jet CRJ-900,0
takeoff,LGA,13,1782653274.5,2026-06-28T13:27:54Z,40.779819,-73.873334,120.9,acf2e4,N933XJ,CRJ9,BOMBARDIER Regional Jet CRJ-900,0
landing,LGA,04,1782653275.71,2026-06-28T13:27:55Z,40.778526,-73.879883,30.9,abc2e5,N857RW,E170,EMBRAER ERJ-170-100,0
landing,JFK,22L,1782653297.28,2026-06-28T13:28:17Z,40.635204,-73.762722,210.9,a198ed,N2016J,A21N,AIRBUS A-321neo,0
landing,LGA,04,1782653332.8,2026-06-28T13:28:52Z,40.77784,-73.876984,33.8,ac1f61,N880RW,E170,EMBRAER ERJ-170-100,0
takeoff,JFK,22R,1782653347.36,2026-06-28T13:29:07Z,40.645729,-73.76709,210.9,a86605,N640JB,A320,AIRBUS A-320,0
takeoff,LGA,13,1782653370.49,2026-06-28T13:29:30Z,40.779888,-73.87349,120.9,a17c12,N195PQ,CRJ9,BOMBARDIER Regional Jet CRJ-900,0
takeoff,JFK,31R,1782653395.32,2026-06-28T13:29:55Z,40.64818,-73.777126,261.6,a338ac,N3065J,BCS3,AIRBUS A220-300,0
landing,JFK,22L,1782653408.05,2026-06-28T13:30:08Z,40.634203,-73.763518,210.9,a64578,N503DZ,A21N,AIRBUS A-321neo,0
landing,LGA,04,1782653416.76,2026-06-28T13:30:16Z,40.777072,-73.87761,33.8,c066f0,C-GMZN,BCS3,AIRBUS A220-300,0
takeoff,LGA,13,1782653444.86,2026-06-28T13:30:44Z,40.781834,-73.877563,120.9,a1f0b4,N224JQ,E75L,EMBRAER ERJ-170-200 (long wing),0
takeoff,JFK,22R,1782653466.1,2026-06-28T13:31:06Z,40.645818,-73.766998,210.9,a72b6b,N561JB,A320,AIRBUS A-320,0
takeoff,LGA,13,1782653497.18,2026-06-28T13:31:37Z,40.780094,-73.873901,120.9,a49206,N394DX,A321,AIRBUS A-321,0
takeoff,JFK,22R,1782653509.57,2026-06-28T13:31:49Z,40.649025,-73.764511,210.9,a03bcd,N114HQ,E75L,EMBRAER ERJ-170-200 (long wing),0
landing,LGA,04,1782653542.17,2026-06-28T13:32:22Z,40.779488,-73.87561,33.8,a06a54,N126DN,A321,AIRBUS A-321,0
takeoff,LGA,13,1782653577.21,2026-06-28T13:32:57Z,40.779935,-73.873584,120.9,ac2be9,N8834L,B38M,BOEING 737 MAX 8,0
landing,LGA,04,1782653628.7,2026-06-28T13:33:48Z,40.777468,-73.877283,30.9,a1bf3a,N211WN,B737,BOEING 737-700,0
takeoff,JFK,22R,1782653660.75,2026-06-28T13:34:20Z,40.645969,-73.766889,210.9,ad846f,N970JB,A321,AIRBUS A-321,0
takeoff,LGA,13,1782653665.85,2026-06-28T13:34:25Z,40.779442,-73.872543,120.9,a1584a,N186PQ,CRJ9,BOMBARDIER Regional Jet CRJ-900,0
landing,JFK,22L,1782653685.94,2026-06-28T13:34:45Z,40.635235,-73.762711,210.9,aa7fa1,N776DE,B738,BOEING 737-800,0
takeoff,JFK,22R,1782653716.34,2026-06-28T13:35:16Z,40.646388,-73.766561,210.9,acb2c2,N917XJ,CRJ9,BOMBARDIER Regional Jet CRJ-900,0
landing,LGA,04,1782653728.14,2026-06-28T13:35:28Z,40.778794,-73.876175,33.8,a0144e,N104HQ,E75L,EMBRAER ERJ-170-200 (long wing),0
takeoff,LGA,13,1782653762.53,2026-06-28T13:36:02Z,40.779877,-73.873459,120.9,a0ad1d,N14242,B738,BOEING 737-800,0
takeoff,JFK,22R,1782653780.15,2026-06-28T13:36:20Z,40.645775,-73.767044,210.9,aca6c0,N914NN,B738,BOEING 737-800,0
landing,JFK,22L,1782653785.57,2026-06-28T13:36:25Z,40.636059,-73.762054,210.9,c04bf9,C-GCUA,B738,BOEING 737-800,0
takeoff,LGA,13,1782653831.11,2026-06-28T13:37:11Z,40.779522,-73.872696,120.9,a2000d,N228PQ,CRJ9,BOMBARDIER Regional Jet CRJ-900,0
takeoff,JFK,22R,1782653849.98,2026-06-28T13:37:29Z,40.64633,-73.766608,210.9,ad935b,N974JT,A321,AIRBUS A-321,0
landing,LGA,04,1782653878.79,2026-06-28T13:37:58Z,40.778606,-73.876343,33.8,a00929,N101HQ,E75L,EMBRAER ERJ-170-200 (long wing),0
takeoff,LGA,13,1782653903.23,2026-06-28T13:38:23Z,40.781822,-73.877518,120.9,abc2e5,N857RW,E170,EMBRAER ERJ-170-100,0
takeoff,JFK,22R,1782653949.51,2026-06-28T13:39:09Z,40.64637,-73.766571,210.9,acc040,N920XJ,CRJ9,BOMBARDIER Regional Jet CRJ-900,0
takeoff,LGA,13,1782653993.45,2026-06-28T13:39:53Z,40.781822,-73.877518,120.9,a04e60,N119HQ,E75L,EMBRAER ERJ-170-200 (long wing),0
landing,JFK,22L,1782654023.35,2026-06-28T13:40:23Z,40.634704,-73.763112,210.9,ab58b2,N830DN,B739,BOEING 737-900,0
landing,LGA,04,1782654054.31,2026-06-28T13:40:54Z,40.776339,-73.878203,30.9,ac0dd9,N876NN,B738,BOEING 737-800,0
takeoff,LGA,13,1782654090.88,2026-06-28T13:41:30Z,40.781913,-73.877704,123.8,ac159a,N878RW,E170,EMBRAER ERJ-170-100,0
takeoff,JFK,22R,1782654164.71,2026-06-28T13:42:44Z,40.646027,-73.766842,210.9,a924fc,N689DL,B752,BOEING 757-200,0
landing,JFK,22L,1782654169.46,2026-06-28T13:42:49Z,40.633541,-73.764023,210.9,ad4804,N955JB,A321,AIRBUS A-321,0
landing,LGA,04,1782654170.46,2026-06-28T13:42:50Z,40.777177,-73.877532,30.9,a03038,N111DC,A321,AIRBUS A-321,0
takeoff,LGA,13,1782654223.01,2026-06-28T13:43:43Z,40.780003,-73.873764,120.9,ace6e2,N930NN,B738,BOEING 737-800,0
takeoff,JFK,22R,1782654276.66,2026-06-28T13:44:36Z,40.646318,-73.766623,210.9,a9bd9a,N727AN,B77W,BOEING 777-300ER,0
landing,JFK,22L,1782654290.16,2026-06-28T13:44:50Z,40.636894,-73.761414,210.9,a5fc87,N485PX,CRJ9,BOMBARDIER Regional Jet CRJ-900,0
landing,LGA,04,1782654294.63,2026-06-28T13:44:54Z,40.778652,-73.876312,33.8,a5307f,N433YX,E75L,EMBRAER ERJ-170-200 (long wing),0
takeoff,LGA,13,1782654335.98,2026-06-28T13:45:35Z,40.779958,-73.873631,120.9,a08317,N132EV,CRJ9,BOMBARDIER Regional Jet CRJ-900,0
landing,JFK,22L,1782654387.25,2026-06-28T13:46:27Z,40.633736,-73.76387,210.9,a657f4,N508DA,A21N,AIRBUS A-321neo,0
takeoff,JFK,22R,1782654387.72,2026-06-28T13:46:27Z,40.645899,-73.766936,210.9,a35b39,N315UU,B38M,BOEING 737 MAX 8,0
landing,LGA,04,1782654392.55,2026-06-28T13:46:32Z,40.778957,-73.876065,33.8,ac4d1a,N892DN,B739,BOEING 737-900,0
takeoff,LGA,13,1782654410.61,2026-06-28T13:46:50Z,40.781834,-73.877533,123.8,a24369,N245JQ,E75L,EMBRAER ERJ-170-200 (long wing),0
takeoff,JFK,22R,1782654444.76,2026-06-28T13:47:24Z,40.647205,-73.765915,210.9,aca79d,N914XJ,CRJ9,BOMBARDIER Regional Jet CRJ-900,0
landing,JFK,22L,1782654504.82,2026-06-28T13:48:24Z,40.634913,-73.76294,210.9,a8e247,N6713Y,B752,BOEING 757-200,0
takeoff,JFK,22R,1782654504.98,2026-06-28T13:48:24Z,40.646049,-73.766815,209.6,a89f8c,,,,
landing,LGA,04,1782654511.76,2026-06-28T13:48:31Z,40.777945,-73.876892,33.8,abd063,N860RW,E170,EMBRAER ERJ-170-100,0
takeoff,LGA,13,1782654549.0,2026-06-28T13:49:09Z,40.779831,-73.873352,120.9,a44d3f,N3766,B738,BOEING 737-800,0
landing,LGA,04,1782654593.28,2026-06-28T13:49:53Z,40.778755,-73.876221,33.8,a4eca6,N416YX,E75L,EMBRAER ERJ-170-200 (long wing),0
landing,JFK,22L,1782654605.32,2026-06-28T13:50:05Z,40.634738,-73.763081,225.0,8940a1,A9C-FJ,B789,BOEING 787-9 Dreamliner,0
takeoff,LGA,13,1782654629.35,2026-06-28T13:50:29Z,40.780075,-73.873881,120.9,a008c5,N101DQ,A321,AIRBUS A-321,0
takeoff,JFK,22R,1782654664.97,2026-06-28T13:51:04Z,40.645855,-73.766983,210.9,a1b2a8,N2084J,A21N,AIRBUS A-321neo,0
takeoff,LGA,13,1782654700.17,2026-06-28T13:51:40Z,40.779725,-73.873131,120.9,a3245d,N301PQ,CRJ9,BOMBARDIER Regional Jet CRJ-900,0
takeoff,JFK,22R,1782654736.38,2026-06-28T13:52:16Z,40.645283,-73.767426,210.9,a173a8,N193DN,B763,BOEING 767-300,0
takeoff,LGA,13,1782654748.39,2026-06-28T13:52:28Z,40.779912,-73.873537,118.1,a3e011,N349PQ,CRJ9,BOMBARDIER Regional Jet CRJ-900,0
landing,JFK,22L,1782654763.66,2026-06-28T13:52:43Z,40.636997,-73.761322,210.9,a61173,N490PX,CRJ9,BOMBARDIER Regional Jet CRJ-900,0
takeoff,LGA,13,1782654801.85,2026-06-28T13:53:21Z,40.780412,-73.874598,120.9,a3776f,N322TH,B38M,BOEING 737 MAX 8,0
takeoff,LGA,04,1782654847.29,2026-06-28T13:54:07Z,40.773208,-73.880809,33.8,ade543,N995AN,A321,AIRBUS A-321,0
takeoff,JFK,22R,1782654872.07,2026-06-28T13:54:32Z,40.64647,-73.766499,210.9,0c2095,HP-1834CMP,B738,BOEING 737-800,0
landing,LGA,04,1782654918.68,2026-06-28T13:55:18Z,40.77805,-73.876814,30.9,abbdfa,N856DN,B739,BOEING 737-900,0
landing,JFK,22L,1782654927.21,2026-06-28T13:55:27Z,40.63354,-73.764017,210.9,ab09b4,N810DN,B739,BOEING 737-900,0
takeoff,JFK,22R,1782654934.65,2026-06-28T13:55:34Z,40.645876,-73.766951,210.9,0d0b04,XA-MAQ,B38M,BOEING 737 MAX 8,0
takeoff,LGA,13,1782654969.45,2026-06-28T13:56:09Z,40.781518,-73.876908,120.9,a0835d,N132HQ,E75L,EMBRAER ERJ-170-200 (long wing),0
takeoff,JFK,22R,1782654991.69,2026-06-28T13:56:31Z,40.645992,-73.766857,210.9,a967eb,N705JB,A320,AIRBUS A-320,0
landing,LGA,04,1782655030.28,2026-06-28T13:57:10Z,40.778655,-73.876315,33.8,a32bcb,N303PQ,CRJ9,BOMBARDIER Regional Jet CRJ-900,0
takeoff,JFK,22R,1782655056.52,2026-06-28T13:57:36Z,40.645387,-73.767341,210.9,a12861,N174DN,B763,BOEING 767-300,0
landing,JFK,22L,1782655069.96,2026-06-28T13:57:49Z,40.633713,-73.763885,212.4,0101de,SU-GEU,B789,BOEING 787-9 Dreamliner,0
takeoff,LGA,13,1782655076.51,2026-06-28T13:57:56Z,40.779842,-73.873383,123.8,a091f3,N136EV,CRJ9,BOMBARDIER Regional Jet CRJ-900,0
landing,LGA,04,1782655151.3,2026-06-28T13:59:11Z,40.778003,-73.876846,33.8,aca3e6,N913XJ,CRJ9,BOMBARDIER Regional Jet CRJ-900,0
takeoff,LGA,13,1782655184.73,2026-06-28T13:59:44Z,40.781502,-73.876846,120.9,a89d22,N654RW,E170,EMBRAER ERJ-170-100,0
takeoff,JFK,22R,1782655228.61,2026-06-28T14:00:28Z,40.645809,-73.766998,210.9,a85119,N635JB,A320,AIRBUS A-320,0
landing,JFK,22L,1782655234.58,2026-06-28T14:00:34Z,40.634548,-73.763229,210.9,a7b7c5,N597DT,A21N,AIRBUS A-321neo,0
landing,LGA,04,1782655249.68,2026-06-28T14:00:49Z,40.777247,-73.87747,30.9,a280fe,N260WN,B737,BOEING 737-700,0
takeoff,JFK,22R,1782655287.79,2026-06-28T14:01:27Z,40.646805,-73.766235,210.9,acb679,N918XJ,CRJ9,BOMBARDIER Regional Jet CRJ-900,0
takeoff,LGA,13,1782655291.59,2026-06-28T14:01:31Z,40.779716,-73.873123,123.8,a33e5e,N308PQ,CRJ9,BOMBARDIER Regional Jet CRJ-900,0
takeoff,JFK,22R,1782655353.59,2026-06-28T14:02:33Z,40.645672,-73.767136,208.1,ab10d4,N812AK,B38M,,0
landing,JFK,22L,1782655364.96,2026-06-28T14:02:44Z,40.63361,-73.763977,210.9,ac6445,N898NN,B738,BOEING 737-800,0
takeoff,JFK,22L,1782655364.96,2026-06-28T14:02:44Z,40.63361,-73.763977,210.9,ac6445,N898NN,B738,BOEING 737-800,0
landing,JFK,22L,1782655365.96,2026-06-28T14:02:45Z,40.633447,-73.764095,210.9,ac6445,N898NN,B738,BOEING 737-800,0
landing,LGA,04,1782655379.91,2026-06-28T14:02:59Z,40.778061,-73.876799,33.8,a046f2,N117HQ,E75L,EMBRAER ERJ-170-200 (long wing),0
takeoff,LGA,13,1782655415.99,2026-06-28T14:03:35Z,40.779911,-73.873535,120.9,a19f29,N203WN,B737,BOEING 737-700,0
takeoff,JFK,22R,1782655416.26,2026-06-28T14:03:36Z,40.645351,-73.767365,210.9,a8222c,N623JB,A320,AIRBUS A-320,0
landing,LGA,04,1782655452.09,2026-06-28T14:04:12Z,40.780563,-73.874723,33.8,aaa593,N78509,B738,BOEING 737-800,0
takeoff,LGA,13,1782655471.56,2026-06-28T14:04:31Z,40.781727,-73.877345,120.9,ab282b,N818MD,E170,EMBRAER ERJ-170-100,0
landing,JFK,22L,1782655476.17,2026-06-28T14:04:36Z,40.631526,-73.765625,213.8,a19a48,N202JQ,E75L,EMBRAER ERJ-170-200 (long wing),0
landing,LGA,04,1782655541.08,2026-06-28T14:05:41Z,40.776455,-73.878143,33.8,ab5f00,N8314L,B738,BOEING 737-800,0
takeoff,JFK,22R,1782655564.05,2026-06-28T14:06:04Z,40.645935,-73.766907,210.9,ad4f72,N957JB,A321,AIRBUS A-321,0
takeoff,LGA,13,1782655594.93,2026-06-28T14:06:34Z,40.779877,-73.873428,120.9,a39781,N330TJ,B38M,BOEING 737 MAX 8,0
takeoff,JFK,22R,1782655623.48,2026-06-28T14:07:03Z,40.645821,-73.766998,210.9,acf48f,N934AK,B39M,,0
takeoff,LGA,13,1782655627.75,2026-06-28T14:07:07Z,40.78157,-73.877029,120.9,a517dc,N427YX,E75L,EMBRAER ERJ-170-200 (long wing),0
takeoff,LGA,13,1782655678.83,2026-06-28T14:07:58Z,40.780622,-73.87502,120.9,ad2fd0,N949NN,B738,BOEING 737-800,0
takeoff,JFK,22R,1782655687.61,2026-06-28T14:08:07Z,40.644539,-73.768005,210.9,a3549d,N3132J,BCS3,AIRBUS A220-300,0
takeoff,JFK,22R,1782655738.46,2026-06-28T14:08:58Z,40.645748,-73.76706,210.9,ac801e,N904XJ,CRJ9,BOMBARDIER Regional Jet CRJ-900,0
landing,LGA,04,1782655769.33,2026-06-28T14:09:29Z,40.77656,-73.878032,28.1,a15795,N186GJ,CRJ9,BOMBARDIER Regional Jet CRJ-900,0
takeoff,JFK,22R,1782655796.02,2026-06-28T14:09:56Z,40.645924,-73.766922,210.9,ab6519,N833SK,CRJ9,BOMBARDIER Regional Jet CRJ-900,0
takeoff,LGA,13,1782655815.14,2026-06-28T14:10:15Z,40.780296,-73.874349,123.8,c07a7c,C-GUJZ,DH8D,DE HAVILLAND DHC-8-400 Dash 8,0
landing,LGA,04,1782655890.15,2026-06-28T14:11:30Z,40.778271,-73.876627,33.8,a2147c,N233JQ,E75L,EMBRAER ERJ-170-200 (long wing),0
takeoff,JFK,22R,1782655910.37,2026-06-28T14:11:50Z,40.645888,-73.766951,210.9,ada227,N978JB,A321,AIRBUS A-321,0
takeoff,LGA,13,1782655922.74,2026-06-28T14:12:02Z,40.780048,-73.87381,120.9,a01f0d,N107DN,A321,AIRBUS A-321,0
landing,JFK,22L,1782655950.6,2026-06-28T14:12:30Z,40.633342,-73.764158,212.4,507c55,UK-78705,B788,BOEING 787-8 Dreamliner,0
takeoff,JFK,22R,1782655971.96,2026-06-28T14:12:51Z,40.645853,-73.766982,210.9,a3ad6d,N336PQ,CRJ9,BOMBARDIER Regional Jet CRJ-900,0
landing,LGA,04,1782656004.83,2026-06-28T14:13:24Z,40.778201,-73.876658,33.8,a4d04c,N409YX,E75L,EMBRAER ERJ-170-200 (long wing),0
takeoff,LGA,13,1782656028.12,2026-06-28T14:13:48Z,40.781307,-73.876419,120.9,c08852,C-GZQF,E295,EMBRAER ERJ-190-400,0
takeoff,JFK,22R,1782656083.23,2026-06-28T14:14:43Z,40.645574,-73.767216,210.9,a74923,N569JB,A320,AIRBUS A-320,0
landing,LGA,04,1782656111.83,2026-06-28T14:15:11Z,40.777724,-73.87708,33.8,a6ab27,N529JB,A320,AIRBUS A-320,0
takeoff,JFK,22R,1782656145.72,2026-06-28T14:15:45Z,40.644939,-73.767685,210.9,a36b73,N3196J,BCS3,AIRBUS A220-300,0
takeoff,LGA,13,1782656152.67,2026-06-28T14:15:52Z,40.779923,-73.873553,120.9,a69894,N524JB,A320,AIRBUS A-320,0
landing,LGA,04,1782656190.4,2026-06-28T14:16:30Z,40.777409,-73.877345,33.8,a36fa4,N320PQ,CRJ9,BOMBARDIER Regional Jet CRJ-900,0
takeoff,JFK,22R,1782656199.37,2026-06-28T14:16:39Z,40.64621,-73.766693,210.9,a422f7,N366DX,A321,AIRBUS A-321,0
takeoff,LGA,13,1782656228.55,2026-06-28T14:17:08Z,40.779597,-73.872866,120.9,a6f98e,N549CA,CRJ9,BOMBARDIER Regional Jet CRJ-900,0
landing,JFK,22L,1782656228.56,2026-06-28T14:17:08Z,40.635041,-73.762847,210.9,ad6f93,N965JT,A321,AIRBUS A-321,0
takeoff,JFK,22R,1782656264.17,2026-06-28T14:17:44Z,40.645866,-73.766968,210.9,a6cacb,N537DT,A21N,AIRBUS A-321neo,0
landing,LGA,04,1782656279.77,2026-06-28T14:17:59Z,40.777293,-73.877423,33.8,a4a0d9,N398DN,A321,AIRBUS A-321,0
landing,JFK,22L,1782656343.36,2026-06-28T14:19:03Z,40.635891,-73.762207,210.9,a02c91,N110DU,BCS1,AIRBUS A220-100,0
landing,LGA,04,1782656386.02,2026-06-28T14:19:46Z,40.779237,-73.875722,39.4,a4e181,N413YX,E75L,EMBRAER ERJ-170-200 (long wing),0
takeoff,JFK,22R,1782656403.76,2026-06-28T14:20:03Z,40.645992,-73.766873,210.9,ac7256,N9006,A319,AIRBUS A-319,0
takeoff,LGA,13,1782656430.23,2026-06-28T14:20:30Z,40.779911,-73.87352,120.9,a1270a,N17321,B38M,BOEING 737 MAX 8,0
landing,JFK,22L,1782656464.59,2026-06-28T14:21:04Z,40.633086,-73.764392,209.6,e80493,CC-BMD,B789,BOEING 787-9 Dreamliner,0
takeoff,JFK,22R,1782656476.89,2026-06-28T14:21:16Z,40.645123,-73.767548,210.9,a36b50,N3195J,BCS3,,0
takeoff,LGA,13,1782656485.32,2026-06-28T14:21:25Z,40.781502,-73.876846,120.9,a52911,N431YX,E75L,EMBRAER ERJ-170-200 (long wing),0
landing,LGA,04,1782656540.32,2026-06-28T14:22:20Z,40.778597,-73.876346,33.8,a1e946,N222JQ,E75L,EMBRAER ERJ-170-200 (long wing),0
takeoff,JFK,22R,1782656541.17,2026-06-28T14:22:21Z,40.645844,-73.766998,210.9,780ab9,B-LRN,A359,AIRBUS A-350-900,0
landing,JFK,22R,1782656541.63,2026-06-28T14:22:21Z,40.645603,-73.767181,210.9,780ab9,B-LRN,A359,AIRBUS A-350-900,0
takeoff,JFK,22R,1782656541.63,2026-06-28T14:22:21Z,40.645603,-73.767181,210.9,780ab9,B-LRN,A359,AIRBUS A-350-900,0
landing,JFK,22L,1782656575.54,2026-06-28T14:22:55Z,40.633827,-73.763809,210.9,869582,JA796A,B77W,BOEING 777-300ER,0
takeoff,LGA,13,1782656579.01,2026-06-28T14:22:59Z,40.779586,-73.872882,120.9,a0acf9,N14231,B738,BOEING 737-800,0
takeoff,JFK,22R,1782656622.0,2026-06-28T14:23:42Z,40.646377,-73.766561,210.9,4bb152,TC-LJR,B77L,BOEING 777-200LR,0
landing,LGA,04,1782656628.98,2026-06-28T14:23:48Z,40.778755,-73.876221,33.8,a3761c,N322DU,BCS3,AIRBUS A220-300,0
takeoff,LGA,13,1782656653.68,2026-06-28T14:24:13Z,40.781483,-73.876814,120.9,ab1d06,N815MD,E170,EMBRAER ERJ-170-100,0
landing,JFK,22L,1782656686.14,2026-06-28T14:24:46Z,40.632679,-73.764704,210.9,84118c,JA04WJ,A35K,AIRBUS A-350-1000,0
landing,LGA,04,1782656749.49,2026-06-28T14:25:49Z,40.777622,-73.877151,30.9,ac0a75,N875RW,E170,EMBRAER ERJ-170-100,0
takeoff,JFK,22R,1782656769.12,2026-06-28T14:26:09Z,40.646074,-73.766795,210.9,ad2baa,N948JB,A321,AIRBUS A-321,0
takeoff,LGA,13,1782656779.09,2026-06-28T14:26:19Z,40.779934,-73.873596,120.9,a35701,N314PQ,CRJ9,BOMBARDIER Regional Jet CRJ-900,0
landing,LGA,04,1782656814.5,2026-06-28T14:26:54Z,40.777142,-73.877548,33.8,a0232a,N108HQ,E75L,EMBRAER ERJ-170-200 (long wing),0
takeoff,JFK,22R,1782656816.79,2026-06-28T14:26:56Z,40.649151,-73.764404,210.9,a4e538,N414YX,E75L,EMBRAER ERJ-170-200 (long wing),0
landing,JFK,22L,1782656835.4,2026-06-28T14:27:15Z,40.635646,-73.762363,213.8,a6152a,N491PX,CRJ9,BOMBARDIER Regional Jet CRJ-900,0
takeoff,LGA,13,1782656836.68,2026-06-28T14:27:16Z,40.781506,-73.876846,120.9,a1d0a3,N216JQ,E75L,EMBRAER ERJ-170-200 (long wing),0
landing,JFK,22L,1782656925.95,2026-06-28T14:28:45Z,40.635041,-73.762847,210.9,a3401a,N3085J,BCS3,AIRBUS A220-300,0
landing,LGA,04,1782656932.24,2026-06-28T14:28:52Z,40.778236,-73.876643,33.8,a4e8ef,N415YX,E75L,EMBRAER ERJ-170-200 (long wing),0
takeoff,LGA,13,1782656960.54,2026-06-28T14:29:20Z,40.779877,-73.873444,120.9,a34215,N309PQ,CRJ9,BOMBARDIER Regional Jet CRJ-900,0
takeoff,JFK,22R,1782656969.23,2026-06-28T14:29:29Z,40.646324,-73.766617,210.9,a79821,N589JB,A320,AIRBUS A-320,0
landing,LGA,04,1782657009.66,2026-06-28T14:30:09Z,40.778675,-73.876282,30.9,abf2c2,N8691A,B738,BOEING 737-800,0
landing,JFK,22L,1782657009.97,2026-06-28T14:30:09Z,40.633678,-73.763916,210.9,a40797,N359PX,B738,BOEING 737-800,0
takeoff,LGA,13,1782657039.64,2026-06-28T14:30:39Z,40.780357,-73.874451,120.9,a2cf8b,N280S,G280,GULFSTREAM G280,0
landing,JFK,22L,1782657121.79,2026-06-28T14:32:01Z,40.634548,-73.763245,210.9,76cef1,9V-SWQ,B77W,BOEING 777-300ER,0
landing,LGA,04,1782657126.91,2026-06-28T14:32:06Z,40.778643,-73.876331,30.9,c00b78,C-FEIX,E75S,EMBRAER ERJ-170-200 (short wing),0
takeoff,LGA,13,1782657160.5,2026-06-28T14:32:40Z,40.779423,-73.872492,120.9,ac83d5,N905XJ,CRJ9,BOMBARDIER Regional Jet CRJ-900,0
takeoff,JFK,22R,1782657184.3,2026-06-28T14:33:04Z,40.64562,-73.76717,210.9,ace063,N929JB,A321,AIRBUS A-321,0
landing,LGA,04,1782657206.67,2026-06-28T14:33:26Z,40.777037,-73.877642,30.9,a1094c,N166PQ,CRJ9,BOMBARDIER Regional Jet CRJ-900,0
takeoff,JFK,22R,1782657303.44,2026-06-28T14:35:03Z,40.645935,-73.766922,210.9,aaf53a,N805JB,A320,AIRBUS A-320,0
landing,LGA,04,1782657307.01,2026-06-28T14:35:07Z,40.775871,-73.878601,30.9,a037b9,N113DX,A321,AIRBUS A-321,0
takeoff,LGA,13,1782657348.32,2026-06-28T14:35:48Z,40.779819,-73.873337,120.9,a1bf3a,N211WN,B737,BOEING 737-700,0
takeoff,JFK,22R,1782657368.62,2026-06-28T14:36:08Z,40.649231,-73.764359,210.9,a19691,N201JQ,E75L,EMBRAER ERJ-170-200 (long wing),0
landing,JFK,22L,1782657414.0,2026-06-28T14:36:54Z,40.63532,-73.762644,210.9,4075b3,G-VLUX,A35K,AIRBUS A-350-1000,0
landing,LGA,04,1782657432.04,2026-06-28T14:37:12Z,40.776455,-73.878113,33.8,a3c259,N341PQ,CRJ9,BOMBARDIER Regional Jet CRJ-900,0
takeoff,JFK,22R,1782657445.02,2026-06-28T14:37:25Z,40.644848,-73.767761,210.9,a3871e,N3261J,BCS3,,0
takeoff,LGA,13,1782657461.6,2026-06-28T14:37:41Z,40.781548,-73.876968,120.9,a0144e,N104HQ,E75L,EMBRAER ERJ-170-200 (long wing),0
takeoff,JFK,22R,1782657505.8,2026-06-28T14:38:25Z,40.645562,-73.767216,210.9,a16ff1,N192DN,B763,BOEING 767-300,0
landing,JFK,22R,1782657507.47,2026-06-28T14:38:27Z,40.645283,-73.767435,210.9,a16ff1,N192DN,B763,BOEING 767-300,0
takeoff,JFK,22R,1782657507.47,2026-06-28T14:38:27Z,40.645283,-73.767435,210.9,a16ff1,N192DN,B763,BOEING 767-300,0
takeoff,LGA,13,1782657551.18,2026-06-28T14:39:11Z,40.779785,-73.87326,120.9,a335fa,N306DU,BCS3,AIRBUS A220-300,0
landing,LGA,04,1782657594.88,2026-06-28T14:39:54Z,40.778422,-73.876487,33.8,a01f73,N107HQ,E75L,EMBRAER ERJ-170-200 (long wing),0
takeoff,LGA,13,1782657627.8,2026-06-28T14:40:27Z,40.779923,-73.873553,120.9,a36994,N319PQ,CRJ9,BOMBARDIER Regional Jet CRJ-900,0
landing,JFK,22L,1782657651.6,2026-06-28T14:40:51Z,40.633854,-73.763783,210.9,ab19df,N814SY,B738,BOEING 737-800,0
takeoff,JFK,22R,1782657660.19,2026-06-28T14:41:00Z,40.64613,-73.766754,210.9,ade252,N994JL,A321,AIRBUS A-321,0
takeoff,LGA,13,1782657726.69,2026-06-28T14:42:06Z,40.781467,-73.876755,120.9,ac2bd9,N88335,E75L,EMBRAER ERJ-170-200 (long wing),0
takeoff,JFK,22R,1782657734.68,2026-06-28T14:42:14Z,40.645958,-73.766904,210.9,a00d5b,N102NN,A321,AIRBUS A-321,0
landing,LGA,04,1782657774.6,2026-06-28T14:42:54Z,40.776466,-73.878113,30.9,a46304,N382DA,B738,BOEING 737-800,0
landing,JFK,22L,1782657820.11,2026-06-28T14:43:40Z,40.634171,-73.763535,210.9,71be22,HL7622,A388,AIRBUS A-380-800,0
takeoff,LGA,13,1782657821.49,2026-06-28T14:43:41Z,40.779579,-73.872833,120.9,c05d56,C-GJIZ,CRJ9,BOMBARDIER Regional Jet CRJ-900,0
takeoff,JFK,22R,1782657846.92,2026-06-28T14:44:06Z,40.649042,-73.76447,210.9,a2270f,N238JQ,E75L,EMBRAER ERJ-170-200 (long wing),0
takeoff,LGA,13,1782657887.72,2026-06-28T14:44:47Z,40.781425,-73.87669,120.9,abdf3f,N864RW,E170,EMBRAER ERJ-170-100,0
takeoff,JFK,22R,1782657936.68,2026-06-28T14:45:36Z,40.645077,-73.767593,210.9,a36799,N3185J,BCS3,AIRBUS A220-300,0
landing,JFK,22L,1782657950.61,2026-06-28T14:45:50Z,40.634056,-73.763626,210.9,4ba950,TC-JJP,B77W,BOEING 777-300ER,0
landing,LGA,04,1782657996.49,2026-06-28T14:46:36Z,40.777725,-73.87706,30.9,a07f60,N131EV,CRJ9,BOMBARDIER Regional Jet CRJ-900,0
takeoff,JFK,22R,1782658013.08,2026-06-28T14:46:53Z,40.648239,-73.765125,210.9,a650cd,N506FX,CL35,,0
takeoff,LGA,13,1782658027.45,2026-06-28T14:47:07Z,40.781719,-73.877304,120.9,ac1951,N879RW,E170,EMBRAER ERJ-170-100,0
landing,JFK,22L,1782658117.0,2026-06-28T14:48:37Z,40.633965,-73.763718,210.9,a65c29,N509JB,A320,AIRBUS A-320,0
takeoff,JFK,22R,1782658140.95,2026-06-28T14:49:00Z,40.644939,-73.7677,210.9,a35592,N3139J,BCS3,AIRBUS A220-300,0
takeoff,LGA,13,1782658173.56,2026-06-28T14:49:33Z,40.781467,-73.87677,120.9,a4eca6,N416YX,E75L,EMBRAER ERJ-170-200 (long wing),0
takeoff,JFK,22R,1782658199.04,2026-06-28T14:49:59Z,40.646004,-73.766861,210.9,a8c028,N663JB,A320,AIRBUS A-320,0
landing,JFK,22L,1782658215.29,2026-06-28T14:50:15Z,40.631689,-73.765484,210.9,a05827,N121HQ,E75L,EMBRAER ERJ-170-200 (long wing),0
takeoff,LGA,13,1782658271.92,2026-06-28T14:51:11Z,40.779144,-73.87193,120.9,c066f0,C-GMZN,BCS3,AIRBUS A220-300,0
takeoff,JFK,22R,1782658280.03,2026-06-28T14:51:20Z,40.646074,-73.766811,209.6,ab5867,N830AN,B789,BOEING 787-9 Dreamliner,0
landing,JFK,22L,1782658284.79,2026-06-28T14:51:24Z,40.635262,-73.762675,210.9,a4bef6,N4048J,A21N,AIRBUS A-321neo,0
landing,LGA,04,1782658297.42,2026-06-28T14:51:37Z,40.776851,-73.877782,33.8,a44d85,N3768,B738,BOEING 737-800,0
takeoff,LGA,13,1782658347.37,2026-06-28T14:52:27Z,40.779499,-73.872665,118.1,a3183d,N299PQ,CRJ9,BOMBARDIER Regional Jet CRJ-900,0
takeoff,JFK,22R,1782658365.43,2026-06-28T14:52:45Z,40.645409,-73.767319,210.9,738076,4X-ECF,B772,BOEING 777-200,0
landing,LGA,04,1782658399.26,2026-06-28T14:53:19Z,40.776546,-73.878052,33.8,ace96d,N931AN,B738,BOEING 737-800,0
takeoff,LGA,13,1782658449.98,2026-06-28T14:54:09Z,40.779556,-73.872787,118.1,a5f162,N482PX,CRJ9,BOMBARDIER Regional Jet CRJ-900,0
landing,LGA,04,1782658511.62,2026-06-28T14:55:11Z,40.776572,-73.878032,33.8,a12750,N17341,B38M,,0
takeoff,JFK,22R,1782658530.22,2026-06-28T14:55:30Z,40.646221,-73.766693,210.9,ab53e4,N829SK,CRJ9,BOMBARDIER Regional Jet CRJ-900,0
takeoff,LGA,13,1782658557.93,2026-06-28T14:55:57Z,40.781494,-73.876861,120.9,a00929,N101HQ,E75L,EMBRAER ERJ-170-200 (long wing),0
takeoff,LGA,04,1782658592.09,2026-06-28T14:56:32Z,40.771812,-73.881964,30.9,ab678e,N834DN,B739,BOEING 737-900,0
takeoff,JFK,22R,1782658622.74,2026-06-28T14:57:02Z,40.646358,-73.766586,210.9,a95ca4,N702GT,B77L,BOEING 777-200LR,0
takeoff,JFK,22R,1782658801.84,2026-06-28T15:00:01Z,40.644802,-73.767776,210.9,a38b84,N3276J,BCS3,AIRBUS A220-300,0
landing,LGA,04,1782658852.58,2026-06-28T15:00:52Z,40.778399,-73.876502,33.8,a08acb,N134HQ,E75L,EMBRAER ERJ-170-200 (long wing),0
takeoff,LGA,04,1782658852.58,2026-06-28T15:00:52Z,40.778399,-73.876502,33.8,a08acb,N134HQ,E75L,EMBRAER ERJ-170-200 (long wing),0
landing,LGA,04,1782658854.55,2026-06-28T15:00:54Z,40.778631,-73.876299,33.8,a08acb,N134HQ,E75L,EMBRAER ERJ-170-200 (long wing),0
takeoff,JFK,22R,1782658870.82,2026-06-28T15:01:10Z,40.645876,-73.766967,210.9,a79e31,N590JB,A320,AIRBUS A-320,0
landing,JFK,22L,1782658871.47,2026-06-28T15:01:11Z,40.635063,-73.762833,210.9,a69bcd,N525DA,A21N,AIRBUS A-321neo,0
takeoff,JFK,22R,1782658956.67,2026-06-28T15:02:36Z,40.645271,-73.767419,210.9,a5fc87,N485PX,CRJ9,BOMBARDIER Regional Jet CRJ-900,0
landing,JFK,22L,1782658985.97,2026-06-28T15:03:05Z,40.635367,-73.762582,210.9,a35ab8,N315PQ,CRJ9,BOMBARDIER Regional Jet CRJ-900,0
landing,LGA,04,1782658993.0,2026-06-28T15:03:13Z,40.777002,-73.877657,33.8,a210c5,N232JQ,E75L,EMBRAER ERJ-170-200 (long wing),0
takeoff,JFK,22R,1782659059.51,2026-06-28T15:04:19Z,40.645888,-73.766951,210.9,a3b86c,N339NB,A319,AIRBUS A-319,0
landing,LGA,04,1782659160.12,2026-06-28T15:06:00Z,40.776118,-73.878422,33.8,a30657,N294WN,B737,BOEING 737-700,0
landing,JFK,22L,1782659171.83,2026-06-28T15:06:11Z,40.635052,-73.762833,210.9,a9607d,N703JB,A320,AIRBUS A-320,0
landing,LGA,04,1782659303.89,2026-06-28T15:08:23Z,40.778271,-73.876627,33.8,a3560b,N314DU,BCS3,AIRBUS A220-300,0
takeoff,JFK,22R,1782659325.39,2026-06-28T15:08:45Z,40.645374,-73.767349,210.9,a17b16,N195DN,B763,BOEING 767-300,0
takeoff,LGA,13,1782659340.5,2026-06-28T15:09:00Z,40.779957,-73.873627,120.9,a06a54,N126DN,A321,AIRBUS A-321,0
landing,LGA,04,1782659380.92,2026-06-28T15:09:40Z,40.777014,-73.877642,28.1,a2c93f,N279PQ,CRJ9,BOMBARDIER Regional Jet CRJ-900,0
takeoff,JFK,22R,1782659397.7,2026-06-28T15:09:57Z,40.646381,-73.766571,210.9,a43d09,N372UP,B763,BOEING 767-300,0
takeoff,JFK,22R,1782659474.77,2026-06-28T15:11:14Z,40.646097,-73.766779,210.9,ad2095,N945JT,A321,AIRBUS A-321,0
landing,LGA,04,1782659486.11,2026-06-28T15:11:26Z,40.778946,-73.876065,33.8,aa7e36,N77518,B738,BOEING 737-800,0
takeoff,LGA,13,1782659523.65,2026-06-28T15:12:03Z,40.780459,-73.874661,120.9,a03f1e,N115DN,A321,AIRBUS A-321,0
landing,LGA,04,1782659608.89,2026-06-28T15:13:28Z,40.777702,-73.877106,30.9,a34bdc,N311PQ,CRJ9,BOMBARDIER Regional Jet CRJ-900,0
takeoff,JFK,22R,1782659613.71,2026-06-28T15:13:33Z,40.645283,-73.767419,210.9,ab58b2,N830DN,B739,BOEING 737-900,0
takeoff,LGA,13,1782659660.64,2026-06-28T15:14:20Z,40.780226,-73.874193,120.9,ab5f00,N8314L,B738,BOEING 737-800,0
takeoff,LGA,13,1782659742.43,2026-06-28T15:15:42Z,40.781553,-73.87697,120.9,a21833,N234JQ,E75L,EMBRAER ERJ-170-200 (long wing),0
takeoff,JFK,22R,1782659749.79,2026-06-28T15:15:49Z,40.645911,-73.766936,210.9,adafb5,N981JT,A321,AIRBUS A-321,0
takeoff,LGA,13,1782659824.08,2026-06-28T15:17:04Z,40.781467,-73.876785,120.9,ac1f61,N880RW,E170,EMBRAER ERJ-170-100,0
takeoff,JFK,22R,1782659831.89,2026-06-28T15:17:11Z,40.6451,-73.767563,210.9,ab09b4,N810DN,B739,BOEING 737-900,0
takeoff,JFK,22R,1782659897.69,2026-06-28T15:18:17Z,40.645786,-73.767029,213.8,a61173,N490PX,CRJ9,BOMBARDIER Regional Jet CRJ-900,0
takeoff,LGA,13,1782659929.93,2026-06-28T15:18:49Z,40.779469,-73.872601,120.9,a32bcb,N303PQ,CRJ9,BOMBARDIER Regional Jet CRJ-900,0
takeoff,JFK,22R,1782659965.16,2026-06-28T15:19:25Z,40.644733,-73.767853,209.6,020122,CN-RGT,B788,BOEING 787-8 Dreamliner,0
landing,JFK,22L,1782659974.74,2026-06-28T15:19:34Z,40.634125,-73.76355,210.9,a7d2f1,N603FR,A21N,AIRBUS A-321neo,0
takeoff,LGA,13,1782659993.81,2026-06-28T15:19:53Z,40.781436,-73.876705,120.9,abd063,N860RW,E170,EMBRAER ERJ-170-100,0
landing,LGA,04,1782660041.74,2026-06-28T15:20:41Z,40.777462,-73.877289,30.9,a32814,N302PQ,CRJ9,BOMBARDIER Regional Jet CRJ-900,0
takeoff,JFK,22R,1782660063.47,2026-06-28T15:21:03Z,40.64518,-73.767517,210.9,aa7fa1,N776DE,B738,BOEING 737-800,0
takeoff,LGA,13,1782660075.49,2026-06-28T15:21:15Z,40.781157,-73.876128,120.9,a4e181,N413YX,E75L,EMBRAER ERJ-170-200 (long wing),0
landing,JFK,22L,1782660104.36,2026-06-28T15:21:44Z,40.633796,-73.76383,210.9,ad8836,N971JT,A321,AIRBUS A-321,0
takeoff,JFK,22R,1782660113.71,2026-06-28T15:21:53Z,40.648937,-73.764563,210.9,a19a48,N202JQ,E75L,EMBRAER ERJ-170-200 (long wing),0
landing,LGA,04,1782660137.89,2026-06-28T15:22:17Z,40.778469,-73.876465,30.9,a8a0d9,N655RW,E170,EMBRAER ERJ-170-100,0
landing,LGA,04,1782660196.77,2026-06-28T15:23:16Z,40.777247,-73.877454,33.8,ac5697,N8940Q,B38M,BOEING 737 MAX 8,0
takeoff,JFK,22R,1782660199.4,2026-06-28T15:23:19Z,40.646167,-73.766748,210.9,06a2b1,A7-BEM,B77W,BOEING 777-300ER,0
landing,JFK,22L,1782660215.73,2026-06-28T15:23:35Z,40.634113,-73.763596,210.9,a51425,N426YX,E75L,EMBRAER ERJ-170-200 (long wing),0
takeoff,LGA,13,1782660236.5,2026-06-28T15:23:56Z,40.779865,-73.873413,120.9,a280fe,N260WN,B737,BOEING 737-700,0
landing,LGA,04,1782660287.21,2026-06-28T15:24:47Z,40.775402,-73.878998,33.8,a43f51,N373DX,A321,AIRBUS A-321,0
landing,JFK,22L,1782660311.17,2026-06-28T15:25:11Z,40.632843,-73.764557,208.1,a377a2,N322VJ,B38M,BOEING 737 MAX 8,0
takeoff,LGA,13,1782660341.49,2026-06-28T15:25:41Z,40.780086,-73.873896,120.9,a03038,N111DC,A321,AIRBUS A-321,0
takeoff,JFK,22R,1782660364.25,2026-06-28T15:26:04Z,40.645924,-73.766937,210.9,a83e86,N630JB,A320,AIRBUS A-320,0
landing,LGA,04,1782660385.54,2026-06-28T15:26:25Z,40.777267,-73.877441,33.8,ac8b43,N907XJ,CRJ9,BOMBARDIER Regional Jet CRJ-900,0
landing,JFK,22L,1782660404.12,2026-06-28T15:26:44Z,40.633493,-73.764064,210.9,acb953,N919NN,B738,BOEING 737-800,0
takeoff,JFK,22R,1782660438.61,2026-06-28T15:27:18Z,40.644922,-73.7677,210.9,a338ac,N3065J,BCS3,AIRBUS A220-300,0
landing,LGA,04,1782660462.41,2026-06-28T15:27:42Z,40.778767,-73.876221,30.9,acc1ee,N921AN,B738,BOEING 737-800,0
takeoff,LGA,13,1782660502.98,2026-06-28T15:28:22Z,40.780243,-73.874237,120.9,a3a65f,N334TL,B38M,BOEING 737 MAX 8,0
takeoff,JFK,22R,1782660508.04,2026-06-28T15:28:28Z,40.645969,-73.766891,210.9,a977bb,N709TW,B752,BOEING 757-200,0
landing,JFK,22L,1782660523.67,2026-06-28T15:28:43Z,40.634808,-73.763003,202.5,a7e24a,N607LR,CRJ9,BOMBARDIER Regional Jet CRJ-900,0
landing,LGA,04,1782660571.36,2026-06-28T15:29:31Z,40.778652,-73.876297,33.8,a1a56d,N205JQ,E75L,EMBRAER ERJ-170-200 (long wing),0
takeoff,LGA,13,1782660602.9,2026-06-28T15:30:02Z,40.78149,-73.876846,120.9,a2147c,N233JQ,E75L,EMBRAER ERJ-170-200 (long wing),0
landing,LGA,04,1782660672.71,2026-06-28T15:31:12Z,40.776734,-73.877891,30.9,a30961,N295PQ,CRJ9,BOMBARDIER Regional Jet CRJ-900,0
takeoff,JFK,22R,1782660692.7,2026-06-28T15:31:32Z,40.645901,-73.766937,210.9,a1a0c4,N2039J,A21N,AIRBUS A-321neo,0
landing,JFK,22L,1782660709.43,2026-06-28T15:31:49Z,40.634424,-73.763331,210.9,a12fda,N176DZ,B763,BOEING 767-300,0
takeoff,LGA,13,1782660727.72,2026-06-28T15:32:07Z,40.780156,-73.874037,120.9,aaa593,N78509,B738,BOEING 737-800,0
takeoff,JFK,22R,1782660798.87,2026-06-28T15:33:18Z,40.64434,-73.768215,210.9,8964e3,A6-EVL,A388,AIRBUS A-380-800,0
landing,LGA,04,1782660799.99,2026-06-28T15:33:19Z,40.777073,-73.877594,28.1,a7c849,N600LR,CRJ9,BOMBARDIER Regional Jet CRJ-900,0
landing,JFK,22L,1782660840.21,2026-06-28T15:34:00Z,40.633919,-73.763718,210.9,0c6060,9Y-BAR,B38M,BOEING 737 MAX 8,0
takeoff,LGA,13,1782660847.4,2026-06-28T15:34:07Z,40.779551,-73.872757,120.9,a15795,N186GJ,CRJ9,BOMBARDIER Regional Jet CRJ-900,0
landing,LGA,04,1782660910.3,2026-06-28T15:35:10Z,40.777712,-73.877095,33.8,a04a4d,N118DY,A321,AIRBUS A-321,0
takeoff,JFK,22R,1782660955.1,2026-06-28T15:35:55Z,40.64626,-73.76667,210.9,a657f4,N508DA,A21N,AIRBUS A-321neo,0
landing,JFK,22L,1782660979.92,2026-06-28T15:36:19Z,40.635541,-73.762441,210.9,adc5ff,N987JT,A321,AIRBUS A-321,0
takeoff,LGA,04,1782660990.55,2026-06-28T15:36:30Z,40.771614,-73.88212,33.8,abbdfa,N856DN,B739,BOEING 737-900,0
takeoff,JFK,22R,1782661083.1,2026-06-28T15:38:03Z,40.64502,-73.767624,210.9,ade9c0,N996JL,A321,AIRBUS A-321,0
landing,JFK,22L,1782661085.89,2026-06-28T15:38:05Z,40.634171,-73.763535,210.9,400774,G-VIIW,B772,BOEING 777-200,0
takeoff,JFK,22R,1782661148.56,2026-06-28T15:39:08Z,40.645248,-73.767451,210.9,ac6445,N898NN,B738,BOEING 737-800,0
landing,LGA,04,1782661152.46,2026-06-28T15:39:12Z,40.77699,-73.877688,28.1,a93d7c,N695CA,CRJ9,BOMBARDIER Regional Jet CRJ-900,0
takeoff,JFK,22R,1782661214.18,2026-06-28T15:40:14Z,40.646295,-73.766623,210.9,a198ed,N2016J,A21N,AIRBUS A-321neo,0
landing,JFK,22L,1782661221.86,2026-06-28T15:40:21Z,40.633191,-73.764283,210.9,a358bd,N3145J,BCS3,AIRBUS A220-300,0
takeoff,LGA,13,1782661231.39,2026-06-28T15:40:31Z,40.780133,-73.874005,120.9,a44db3,N3769L,B738,BOEING 737-800,0
landing,JFK,22L,1782661308.33,2026-06-28T15:41:48Z,40.635006,-73.762847,210.9,a5e9f4,N480PX,CRJ9,BOMBARDIER Regional Jet CRJ-900,0
takeoff,LGA,13,1782661317.26,2026-06-28T15:41:57Z,40.779784,-73.873256,120.9,a36fa4,N320PQ,CRJ9,BOMBARDIER Regional Jet CRJ-900,0
takeoff,LGA,13,1782661379.93,2026-06-28T15:42:59Z,40.781459,-73.876752,120.9,a5307f,N433YX,E75L,EMBRAER ERJ-170-200 (long wing),0
takeoff,JFK,22R,1782661406.04,2026-06-28T15:43:26Z,40.645399,-73.767341,210.9,a02c91,N110DU,BCS1,AIRBUS A220-100,0
landing,JFK,22L,1782661414.61,2026-06-28T15:43:34Z,40.63056,-73.766343,210.9,899135,B-16789,B77L,BOEING 777-200LR,0
takeoff,JFK,22R,1782661461.36,2026-06-28T15:44:21Z,40.648762,-73.764704,210.9,ad1cde,N944JT,A321,AIRBUS A-321,0
landing,LGA,04,1782661491.01,2026-06-28T15:44:51Z,40.778585,-73.876362,33.8,a33b1e,N307UJ,B38M,,0
takeoff,JFK,22R,1782661532.41,2026-06-28T15:45:32Z,40.646358,-73.766586,210.9,a64578,N503DZ,A21N,AIRBUS A-321neo,0
landing,JFK,22L,1782661541.6,2026-06-28T15:45:41Z,40.633404,-73.764145,210.9,a976c7,N709JB,A320,AIRBUS A-320,0
landing,LGA,04,1782661595.33,2026-06-28T15:46:35Z,40.778046,-73.876816,33.8,abd41a,N861RW,E170,EMBRAER ERJ-170-100,0
takeoff,LGA,04,1782661645.22,2026-06-28T15:47:25Z,40.772684,-73.881246,30.9,ac4d1a,N892DN,B739,BOEING 737-900,0
landing,JFK,22L,1782661657.09,2026-06-28T15:47:37Z,40.631992,-73.765219,210.9,ab14d9,N813DN,B739,BOEING 737-900,0
takeoff,JFK,22R,1782661694.54,2026-06-28T15:48:14Z,40.645259,-73.767451,210.9,a707a3,N552JB,A320,AIRBUS A-320,0
landing,LGA,04,1782661701.13,2026-06-28T15:48:21Z,40.776734,-73.877938,33.8,a10bbc,N167AN,A321,AIRBUS A-321,0
landing,JFK,22L,1782661743.85,2026-06-28T15:49:03Z,40.63333,-73.764189,210.9,aca29a,N913JB,A321,AIRBUS A-321,0
takeoff,LGA,13,1782661750.09,2026-06-28T15:49:10Z,40.781657,-73.877189,120.9,a4d04c,N409YX,E75L,EMBRAER ERJ-170-200 (long wing),0
takeoff,JFK,22R,1782661755.75,2026-06-28T15:49:15Z,40.645795,-73.767045,210.9,ada51e,N979AK,B39M,BOEING 737 MAX 9,0
takeoff,JFK,22R,1782661831.01,2026-06-28T15:50:31Z,40.647194,-73.76593,210.9,a7b7c5,N597DT,A21N,AIRBUS A-321neo,0
landing,JFK,22L,1782661851.32,2026-06-28T15:50:51Z,40.635818,-73.762253,210.9,a4200d,N365NB,A319,AIRBUS A-319,0
landing,LGA,04,1782661886.77,2026-06-28T15:51:26Z,40.777966,-73.876892,33.8,a075df,N129HQ,E75L,EMBRAER ERJ-170-200 (long wing),0
takeoff,LGA,13,1782661905.07,2026-06-28T15:51:45Z,40.78182,-73.877532,118.1,ac0a75,N875RW,E170,EMBRAER ERJ-170-100,0
takeoff,JFK,22R,1782661911.85,2026-06-28T15:51:51Z,40.645958,-73.766904,210.9,a8e247,N6713Y,B752,BOEING 757-200,0
landing,JFK,22L,1782661915.44,2026-06-28T15:51:55Z,40.634033,-73.763641,210.9,a8ab3c,N658JB,A320,AIRBUS A-320,0
takeoff,JFK,22R,1782661977.1,2026-06-28T15:52:57Z,40.645191,-73.767487,210.9,adcca0,N989AN,B738,BOEING 737-800,0
landing,JFK,22L,1782661997.77,2026-06-28T15:53:17Z,40.631806,-73.765375,210.9,a16273,N189DN,B763,BOEING 767-300,0
landing,LGA,04,1782662001.36,2026-06-28T15:53:21Z,40.778435,-73.87648,33.8,a3eeb0,N35204,B738,BOEING 737-800,0
takeoff,LGA,04,1782662044.01,2026-06-28T15:54:04Z,40.769371,-73.883972,33.8,a046f2,N117HQ,E75L,EMBRAER ERJ-170-200 (long wing),0
takeoff,LGA,13,1782662047.86,2026-06-28T15:54:07Z,40.779591,-73.872849,120.9,a07f60,N131EV,CRJ9,BOMBARDIER Regional Jet CRJ-900,0
landing,JFK,22L,1782662116.83,2026-06-28T15:55:16Z,40.632477,-73.764862,210.9,a50549,N422YX,E75L,EMBRAER ERJ-170-200 (long wing),0
takeoff,JFK,22L,1782662116.83,2026-06-28T15:55:16Z,40.632477,-73.764862,210.9,a50549,N422YX,E75L,EMBRAER ERJ-170-200 (long wing),0
landing,JFK,22L,1782662118.14,2026-06-28T15:55:18Z,40.632225,-73.765063,210.9,a50549,N422YX,E75L,EMBRAER ERJ-170-200 (long wing),0
takeoff,JFK,22R,1782662130.24,2026-06-28T15:55:30Z,40.647297,-73.765854,210.9,3c058b,D-ARCO,GLEX,BOMBARDIER BD-700 Global 6000/6500,8
takeoff,LGA,13,1782662206.6,2026-06-28T15:56:46Z,40.781502,-73.876846,120.9,c00b78,C-FEIX,E75S,EMBRAER ERJ-170-200 (short wing),0
landing,JFK,22L,1782662215.02,2026-06-28T15:56:55Z,40.633714,-73.763877,210.9,aa4195,N760AN,B772,BOEING 777-200,0
takeoff,LGA,13,1782662276.95,2026-06-28T15:57:56Z,40.781582,-73.876999,120.9,a1e946,N222JQ,E75L,EMBRAER ERJ-170-200 (long wing),0
takeoff,JFK,22R,1782662306.85,2026-06-28T15:58:26Z,40.645283,-73.767441,210.9,a67883,N516JB,A320,AIRBUS A-320,0
landing,JFK,22L,1782662357.66,2026-06-28T15:59:17Z,40.632774,-73.76535,239.1,a1ccec,N215JQ,E75L,EMBRAER ERJ-170-200 (long wing),0
landing,LGA,04,1782662384.93,2026-06-28T15:59:44Z,40.778922,-73.876081,33.8,ac26cf,N882RW,E170,EMBRAER ERJ-170-100,0
landing,JFK,22L,1782662471.77,2026-06-28T16:01:11Z,40.633186,-73.764648,230.6,a06aba,N126HQ,E75L,EMBRAER ERJ-170-200 (long wing),0
takeoff,LGA,13,1782662493.91,2026-06-28T16:01:33Z,40.779539,-73.872741,120.9,a3761c,N322DU,BCS3,AIRBUS A220-300,0
landing,LGA,04,1782662552.2,2026-06-28T16:02:32Z,40.778011,-73.876862,30.9,a8a490,N656RW,E170,EMBRAER ERJ-170-100,0
takeoff,LGA,13,1782662597.17,2026-06-28T16:03:17Z,40.780312,-73.874374,120.9,abf2c2,N8691A,B738,BOEING 737-800,0
landing,JFK,22L,1782662607.12,2026-06-28T16:03:27Z,40.633342,-73.764173,210.9,a398bc,N3304J,BCS3,AIRBUS A220-300,0
takeoff,JFK,22R,1782662630.42,2026-06-28T16:03:50Z,40.645166,-73.767513,210.9,c04bf9,C-GCUA,B738,BOEING 737-800,0
takeoff,JFK,22R,1782662677.05,2026-06-28T16:04:37Z,40.648855,-73.764626,210.9,a05827,N121HQ,E75L,EMBRAER ERJ-170-200 (long wing),0
landing,LGA,04,1782662693.9,2026-06-28T16:04:53Z,40.780277,-73.874939,33.8,a51b93,N428YX,E75L,EMBRAER ERJ-170-200 (long wing),0
landing,JFK,22L,1782662695.38,2026-06-28T16:04:55Z,40.634262,-73.763458,210.9,a6aaba,N529DT,A21N,AIRBUS A-321neo,0
takeoff,LGA,13,1782662751.03,2026-06-28T16:05:51Z,40.780312,-73.874359,120.9,ace96d,N931AN,B738,BOEING 737-800,0
landing,JFK,22L,1782662796.47,2026-06-28T16:06:36Z,40.633347,-73.76416,210.9,ab2c0c,N819NW,A333,AIRBUS A-330-300,0
takeoff,LGA,31,1782662804.95,2026-06-28T16:06:44Z,40.780815,-73.878387,345.9,abdb88,N863RW,E170,EMBRAER ERJ-170-100,0
takeoff,LGA,13,1782662818.54,2026-06-28T16:06:58Z,40.781459,-73.876752,120.9,a4e8ef,N415YX,E75L,EMBRAER ERJ-170-200 (long wing),0
takeoff,JFK,22R,1782662864.61,2026-06-28T16:07:44Z,40.64498,-73.767653,210.9,a40797,N359PX,B738,BOEING 737-800,0
landing,LGA,04,1782662903.31,2026-06-28T16:08:23Z,40.778046,-73.876785,33.8,ada699,N979RP,E170,EMBRAER ERJ-170-100,0
landing,JFK,22L,1782662916.72,2026-06-28T16:08:36Z,40.633129,-73.764343,210.9,abf6ae,N870DN,B739,BOEING 737-900,0
takeoff,LGA,13,1782662939.25,2026-06-28T16:08:59Z,40.779469,-73.872601,118.1,a1094c,N166PQ,CRJ9,BOMBARDIER Regional Jet CRJ-900,0
landing,LGA,04,1782662978.83,2026-06-28T16:09:38Z,40.778631,-73.876315,30.9,a23bfb,N243JQ,E75L,EMBRAER ERJ-170-200 (long wing),0
takeoff,LGA,13,1782662998.69,2026-06-28T16:09:58Z,40.781494,-73.87683,120.9,abdb88,N863RW,E170,EMBRAER ERJ-170-100,0
landing,JFK,22L,1782663006.15,2026-06-28T16:10:06Z,40.63409,-73.763596,210.9,a0f4b5,N1605,B763,BOEING 767-300,0
takeoff,JFK,22R,1782663024.13,2026-06-28T16:10:24Z,40.649484,-73.764142,210.9,a22ac6,N239JQ,E75L,EMBRAER ERJ-170-200 (long wing),0
takeoff,LGA,13,1782663078.81,2026-06-28T16:11:18Z,40.779865,-73.873428,120.9,aca3e6,N913XJ,CRJ9,BOMBARDIER Regional Jet CRJ-900,0
takeoff,JFK,22R,1782663101.92,2026-06-28T16:11:41Z,40.645844,-73.766998,210.9,801665,VT-JRI,A359,AIRBUS A-350-900,0
landing,JFK,22L,1782663131.56,2026-06-28T16:12:11Z,40.634098,-73.763596,210.9,aca02f,N912XJ,CRJ9,BOMBARDIER Regional Jet CRJ-900,0
takeoff,LGA,13,1782663150.07,2026-06-28T16:12:30Z,40.780156,-73.874021,120.9,a4a0d9,N398DN,A321,AIRBUS A-321,0
landing,LGA,04,1782663216.0,2026-06-28T16:13:36Z,40.776569,-73.878036,33.8,a3472f,N310DU,BCS3,AIRBUS A220-300,0
takeoff,JFK,22R,1782663220.02,2026-06-28T16:13:40Z,40.646551,-73.766436,213.8,a6152a,N491PX,CRJ9,BOMBARDIER Regional Jet CRJ-900,0
landing,JFK,22L,1782663221.52,2026-06-28T16:13:41Z,40.634571,-73.763245,208.1,a3556f,N3138J,BCS3,AIRBUS A220-300,0
takeoff,LGA,13,1782663243.93,2026-06-28T16:14:03Z,40.781844,-73.877579,120.9,a210c5,N232JQ,E75L,EMBRAER ERJ-170-200 (long wing),0
takeoff,JFK,22R,1782663288.32,2026-06-28T16:14:48Z,40.644585,-73.76796,210.9,ab19df,N814SY,B738,BOEING 737-800,0
landing,JFK,22L,1782663296.49,2026-06-28T16:14:56Z,40.632748,-73.764642,210.9,ab5d2c,N831MH,B764,BOEING 767-400,0
landing,LGA,04,1782663301.48,2026-06-28T16:15:01Z,40.77841,-73.876502,33.8,a8996b,N653RW,E170,EMBRAER ERJ-170-100,0
takeoff,LGA,13,1782663325.17,2026-06-28T16:15:25Z,40.781541,-73.876939,120.9,abbb77,N855RW,E170,EMBRAER ERJ-170-100,0
landing,LGA,04,1782663364.98,2026-06-28T16:16:04Z,40.777496,-73.877274,33.8,a39289,N3293J,BCS3,AIRBUS A220-300,0
takeoff,LGA,13,1782663410.68,2026-06-28T16:16:50Z,40.779945,-73.873611,120.9,a6ab27,N529JB,A320,AIRBUS A-320,0
landing,JFK,22L,1782663433.84,2026-06-28T16:17:13Z,40.633214,-73.764283,210.9,0c2069,HP-1727CMP,B738,BOEING 737-800,0
landing,LGA,04,1782663441.7,2026-06-28T16:17:21Z,40.775617,-73.878828,30.9,ad9bc8,N976UY,A321,AIRBUS A-321,0
landing,JFK,31L,1782663470.56,2026-06-28T16:17:50Z,40.632981,-73.777766,286.9,aca971,N915CA,P212,TECNAM P-2012 Traveller,0
landing,JFK,22L,1782663518.02,2026-06-28T16:18:38Z,40.633994,-73.763658,210.9,394a18,F-GSQY,B77W,BOEING 777-300ER,0
takeoff,JFK,04L,1782663520.78,2026-06-28T16:18:40Z,40.641233,-73.77505,348.8,aca02f,N912XJ,CRJ9,BOMBARDIER Regional Jet CRJ-900,0
landing,LGA,04,1782663528.15,2026-06-28T16:18:48Z,40.776385,-73.878172,33.8,aa568f,N76503,B738,BOEING 737-800,0
takeoff,LGA,13,1782663578.41,2026-06-28T16:19:38Z,40.78006,-73.87384,120.9,a30657,N294WN,B737,BOEING 737-700,0
landing,JFK,22R,1782663593.45,2026-06-28T16:19:53Z,40.631767,-73.777969,210.9,a13391,N177DZ,B763,BOEING 767-300,0
landing,LGA,04,1782663637.14,2026-06-28T16:20:37Z,40.77879,-73.876175,33.8,a04aa9,N118HQ,E75L,EMBRAER ERJ-170-200 (long wing),0
landing,JFK,22L,1782663646.25,2026-06-28T16:20:46Z,40.634494,-73.763268,208.1,a71ded,N558JB,A320,AIRBUS A-320,0
landing,LGA,04,1782663700.02,2026-06-28T16:21:40Z,40.776215,-73.878311,30.9,abc49b,N8576Z,B738,BOEING 737-800,0
landing,JFK,22L,1782663741.86,2026-06-28T16:22:21Z,40.63546,-73.762535,210.9,a35ef1,N316UV,B38M,BOEING 737 MAX 8,0
takeoff,LGA,04,1782663747.11,2026-06-28T16:22:27Z,40.772884,-73.881073,30.9,a037b9,N113DX,A321,AIRBUS A-321,0
landing,LGA,04,1782663818.23,2026-06-28T16:23:38Z,40.776665,-73.877969,33.8,ace7bf,N930XJ,CRJ9,BOMBARDIER Regional Jet CRJ-900,0
takeoff,JFK,13R,1782663822.5,2026-06-28T16:23:42Z,40.646318,-73.81216,120.9,a35ab8,N315PQ,CRJ9,BOMBARDIER Regional Jet CRJ-900,0
landing,JFK,22L,1782663848.0,2026-06-28T16:24:08Z,40.635017,-73.762848,210.9,8990a0,B-18771,B77L,BOEING 777-200LR,0
takeoff,LGA,13,1782663855.1,2026-06-28T16:24:15Z,40.779945,-73.873581,120.9,a2c93f,N279PQ,CRJ9,BOMBARDIER Regional Jet CRJ-900,0
landing,LGA,04,1782663908.13,2026-06-28T16:25:08Z,40.778847,-73.87616,30.9,a1acdb,N207JQ,E75L,EMBRAER ERJ-170-200 (long wing),0
takeoff,JFK,13R,1782663925.25,2026-06-28T16:25:25Z,40.645515,-73.810397,120.9,ad6f93,N965JT,A321,AIRBUS A-321,0
landing,JFK,22L,1782663927.26,2026-06-28T16:25:27Z,40.633667,-73.763931,210.9,394a07,F-GSQH,B77W,BOEING 777-300ER,0
landing,LGA,04,1782663972.15,2026-06-28T16:26:12Z,40.777537,-73.877236,33.8,a46e35,N385DN,B738,BOEING 737-800,0
takeoff,LGA,13,1782664023.91,2026-06-28T16:27:03Z,40.779609,-73.872882,120.9,a34bdc,N311PQ,CRJ9,BOMBARDIER Regional Jet CRJ-900,0
landing,JFK,22L,1782664064.44,2026-06-28T16:27:44Z,40.637787,-73.760681,208.1,a37517,N3215J,BCS3,AIRBUS A220-300,0
takeoff,JFK,13R,1782664088.3,2026-06-28T16:28:08Z,40.645008,-73.809265,120.9,71c362,HL8362,A359,AIRBUS A-350-900,0
landing,LGA,13,1782664091.24,2026-06-28T16:28:11Z,40.779562,-73.875269,84.4,aca01a,N912WN,B737,BOEING 737-700,0
landing,JFK,13L,1782664126.08,2026-06-28T16:28:46Z,40.651268,-73.775894,120.9,a35c97,N3156J,BCS3,AIRBUS A220-300,0
landing,LGA,04,1782664157.74,2026-06-28T16:29:17Z,40.776257,-73.878281,33.8,a21142,N232PQ,CRJ9,BOMBARDIER Regional Jet CRJ-900,0
takeoff,LGA,13,1782664164.63,2026-06-28T16:29:24Z,40.776956,-73.869917,157.5,aca01a,N912WN,B737,BOEING 737-700,0
landing,JFK,22L,1782664186.0,2026-06-28T16:29:46Z,40.633563,-73.763986,210.9,4b187d,HB-JHD,A333,AIRBUS A-330-300,0
landing,JFK,13L,1782664187.64,2026-06-28T16:29:47Z,40.649798,-73.772616,120.9,acb2c2,N917XJ,CRJ9,BOMBARDIER Regional Jet CRJ-900,0
landing,LGA,04,1782664240.47,2026-06-28T16:30:40Z,40.772896,-73.881088,32.5,a56d7b,N449QS,E55P,EMBRAER EMB-505 Phenom 300,0
landing,JFK,13L,1782664261.78,2026-06-28T16:31:01Z,40.648407,-73.769577,123.8,0c21a3,HP-9801CMP,B38M,BOEING 737 MAX 8,0
landing,LGA,04,1782664326.71,2026-06-28T16:32:06Z,40.776936,-73.877731,30.9,a44308,N374DX,A321,AIRBUS A-321,0
landing,JFK,13L,1782664359.86,2026-06-28T16:32:39Z,40.650403,-73.773927,123.8,a35cba,N3157J,BCS3,AIRBUS A220-300,0
landing,LGA,04,1782664420.99,2026-06-28T16:33:40Z,40.777468,-73.877267,33.8,a37d8a,N324DU,BCS3,AIRBUS A220-300,0
takeoff,JFK,13R,1782664453.88,2026-06-28T16:34:13Z,40.645283,-73.809921,120.9,a9607d,N703JB,A320,AIRBUS A-320,0
landing,JFK,13L,1782664486.13,2026-06-28T16:34:46Z,40.650925,-73.775131,120.9,a04e00,N119DU,BCS1,AIRBUS A220-100,0
landing,LGA,04,1782664521.76,2026-06-28T16:35:21Z,40.778981,-73.87605,30.9,a310cf,N297PQ,CRJ9,BOMBARDIER Regional Jet CRJ-900,0
landing,LGA,04,1782664608.99,2026-06-28T16:36:48Z,40.778701,-73.876268,33.8,a1ba59,N210JQ,E75L,EMBRAER ERJ-170-200 (long wing),0
landing,JFK,13L,1782664649.56,2026-06-28T16:37:29Z,40.651417,-73.776169,123.8,a35c0b,N3152J,BCS3,AIRBUS A220-300,0
landing,LGA,04,1782664685.79,2026-06-28T16:38:05Z,40.777409,-73.877329,33.8,c08268,C-GXJZ,DH8D,DE HAVILLAND DHC-8-400 Dash 8,0
takeoff,JFK,13R,1782664741.83,2026-06-28T16:39:01Z,40.647482,-73.814751,120.9,a51425,N426YX,E75L,EMBRAER ERJ-170-200 (long wing),0
landing,LGA,04,1782664765.1,2026-06-28T16:39:25Z,40.779579,-73.875534,30.9,ac91d4,N909NN,B738,BOEING 737-800,0
landing,JFK,13L,1782664811.22,2026-06-28T16:40:11Z,40.650019,-73.773162,120.9,acc040,N920XJ,CRJ9,BOMBARDIER Regional Jet CRJ-900,0
takeoff,JFK,13R,1782664868.59,2026-06-28T16:41:08Z,40.645597,-73.810584,112.5,a7e24a,N607LR,CRJ9,BOMBARDIER Regional Jet CRJ-900,0
takeoff,LGA,13,1782664875.04,2026-06-28T16:41:15Z,40.779957,-73.873611,120.9,a44d85,N3768,B738,BOEING 737-800,0
landing,LGA,04,1782664918.41,2026-06-28T16:41:58Z,40.777596,-73.877111,42.2,a22358,N237JQ,E75L,EMBRAER ERJ-170-200 (long wing),0
landing,JFK,22L,1782664997.18,2026-06-28T16:43:17Z,40.634762,-73.76305,210.9,a4e35f,N414DZ,A339,AIRBUS A-330-900,0
landing,LGA,04,1782665043.25,2026-06-28T16:44:03Z,40.779579,-73.875366,61.9,a8f9a3,N678CA,CRJ9,BOMBARDIER Regional Jet CRJ-900,0
takeoff,LGA,13,1782665078.27,2026-06-28T16:44:38Z,40.779493,-73.872648,120.9,a32814,N302PQ,CRJ9,BOMBARDIER Regional Jet CRJ-900,0
landing,JFK,22L,1782665120.74,2026-06-28T16:45:20Z,40.633831,-73.763783,209.6,ab9383,N845MD,B789,BOEING 787-9 Dreamliner,0
landing,LGA,04,1782665137.61,2026-06-28T16:45:37Z,40.778503,-73.87644,33.8,a55f6c,N445YX,E75L,EMBRAER ERJ-170-200 (long wing),0
takeoff,LGA,13,1782665168.66,2026-06-28T16:46:08Z,40.781494,-73.876861,120.9,a0232a,N108HQ,E75L,EMBRAER ERJ-170-200 (long wing),0
landing,LGA,04,1782665282.6,2026-06-28T16:48:02Z,40.777302,-73.877457,33.8,a33339,N305PQ,CRJ9,BOMBARDIER Regional Jet CRJ-900,0
takeoff,JFK,13R,1782665299.71,2026-06-28T16:48:19Z,40.645527,-73.810444,120.9,acb953,N919NN,B738,BOEING 737-800,0
takeoff,LGA,13,1782665327.56,2026-06-28T16:48:47Z,40.779912,-73.873522,120.9,aa7e36,N77518,B738,BOEING 737-800,0
landing,LGA,04,1782665385.94,2026-06-28T16:49:45Z,40.779419,-73.875641,33.8,aa4c42,N76269,B738,BOEING 737-800,0
takeoff,JFK,13R,1782665398.88,2026-06-28T16:49:58Z,40.645469,-73.810303,120.9,a3401a,N3085J,BCS3,AIRBUS A220-300,0
landing,JFK,22L,1782665399.18,2026-06-28T16:49:59Z,40.636601,-73.76163,210.9,4ca5c7,EI-DUZ,A333,AIRBUS A-330-300,0
takeoff,LGA,13,1782665424.18,2026-06-28T16:50:24Z,40.78006,-73.87384,120.9,a12750,N17341,B38M,,0
takeoff,JFK,13R,1782665491.75,2026-06-28T16:51:31Z,40.647575,-73.815001,120.9,a06aba,N126HQ,E75L,EMBRAER ERJ-170-200 (long wing),0
landing,LGA,04,1782665524.37,2026-06-28T16:52:04Z,40.776758,-73.877876,33.8,abf29f,N8690A,B738,BOEING 737-800,0
takeoff,JFK,13R,1782665562.81,2026-06-28T16:52:42Z,40.646004,-73.811521,120.9,a65c29,N509JB,A320,AIRBUS A-320,0
takeoff,LGA,13,1782665573.71,2026-06-28T16:52:53Z,40.779797,-73.873291,120.9,a46304,N382DA,B738,BOEING 737-800,0
takeoff,JFK,13R,1782665631.41,2026-06-28T16:53:51Z,40.645763,-73.810959,120.9,a69bcd,N525DA,A21N,AIRBUS A-321neo,0
landing,LGA,04,1782665709.57,2026-06-28T16:55:09Z,40.778503,-73.87644,30.9,a320a6,N300PQ,CRJ9,BOMBARDIER Regional Jet CRJ-900,0
landing,JFK,22L,1782665713.83,2026-06-28T16:55:13Z,40.634594,-73.763199,210.9,a0f46f,N1603,B763,BOEING 767-300,0
takeoff,JFK,13R,1782665718.32,2026-06-28T16:55:18Z,40.645626,-73.810654,120.9,a5e9f4,N480PX,CRJ9,BOMBARDIER Regional Jet CRJ-900,0
takeoff,JFK,13R,1782665778.33,2026-06-28T16:56:18Z,40.645725,-73.81085,120.9,a377a2,N322VJ,B38M,BOEING 737 MAX 8,0
takeoff,LGA,13,1782665809.78,2026-06-28T16:56:49Z,40.780237,-73.874193,120.9,ac5697,N8940Q,B38M,BOEING 737 MAX 8,0
landing,JFK,22L,1782665879.44,2026-06-28T16:57:59Z,40.63694,-73.761368,210.9,a9490b,,,,
takeoff,LGA,13,1782665896.84,2026-06-28T16:58:16Z,40.779762,-73.87323,112.5,a7c849,N600LR,CRJ9,BOMBARDIER Regional Jet CRJ-900,0
landing,LGA,04,1782665966.29,2026-06-28T16:59:26Z,40.777142,-73.877563,33.8,a1d0a3,N216JQ,E75L,EMBRAER ERJ-170-200 (long wing),0
landing,JFK,22L,1782666012.88,2026-06-28T17:00:12Z,40.634113,-73.76358,210.9,a36b73,N3196J,BCS3,AIRBUS A220-300,0
landing,LGA,04,1782666094.62,2026-06-28T17:01:34Z,40.77713,-73.877548,30.9,a46a7e,N384DN,A321,AIRBUS A-321,0
takeoff,LGA,04,1782666094.62,2026-06-28T17:01:34Z,40.77713,-73.877548,30.9,a46a7e,N384DN,A321,AIRBUS A-321,0
landing,LGA,04,1782666096.88,2026-06-28T17:01:36Z,40.77784,-73.876984,33.8,a46a7e,N384DN,A321,AIRBUS A-321,0
takeoff,JFK,13R,1782666129.3,2026-06-28T17:02:09Z,40.644756,-73.808746,120.9,4ba950,TC-JJP,B77W,BOEING 777-300ER,0
takeoff,LGA,13,1782666131.13,2026-06-28T17:02:11Z,40.780761,-73.875301,118.1,a93d7c,N695CA,CRJ9,BOMBARDIER Regional Jet CRJ-900,0
landing,JFK,13L,1782666166.77,2026-06-28T17:02:46Z,40.6516,-73.776657,120.9,a0f4a2,N1604R,B763,BOEING 767-300,0
landing,LGA,04,1782666214.89,2026-06-28T17:03:34Z,40.778091,-73.876785,33.8,a1dd2d,N219YX,E75L,EMBRAER ERJ-170-200 (long wing),0
takeoff,LGA,13,1782666240.04,2026-06-28T17:04:00Z,40.781378,-73.876596,120.9,a8a0d9,N655RW,E170,EMBRAER ERJ-170-100,0
landing,JFK,13L,1782666267.03,2026-06-28T17:04:27Z,40.649769,-73.772568,120.9,acba30,N919XJ,CRJ9,BOMBARDIER Regional Jet CRJ-900,0
takeoff,JFK,13R,1782666280.99,2026-06-28T17:04:40Z,40.645351,-73.810059,119.6,507c55,UK-78705,B788,BOEING 787-8 Dreamliner,0
landing,JFK,13L,1782666318.25,2026-06-28T17:05:18Z,40.649998,-73.773087,120.9,a0ebab,N159AN,A321,AIRBUS A-321,0
landing,LGA,04,1782666340.62,2026-06-28T17:05:40Z,40.778759,-73.876221,33.8,a89d22,N654RW,E170,EMBRAER ERJ-170-100,0
takeoff,LGA,13,1782666371.37,2026-06-28T17:06:11Z,40.781529,-73.876908,120.9,ac26cf,N882RW,E170,EMBRAER ERJ-170-100,0
takeoff,JFK,13R,1782666385.34,2026-06-28T17:06:25Z,40.645725,-73.810881,120.9,a4200d,N365NB,A319,AIRBUS A-319,0
landing,JFK,13L,1782666416.4,2026-06-28T17:06:56Z,40.647125,-73.766769,120.9,a2f5b8,N290CM,B763,BOEING 767-300,0
takeoff,JFK,13R,1782666462.29,2026-06-28T17:07:42Z,40.645775,-73.810974,120.9,adc5ff,N987JT,A321,AIRBUS A-321,0
landing,JFK,22L,1782666469.84,2026-06-28T17:07:49Z,40.635902,-73.762176,210.9,a3244c,N301NY,A21N,AIRBUS A-321neo,0
takeoff,JFK,13R,1782666513.4,2026-06-28T17:08:33Z,40.647583,-73.814972,120.9,a50549,N422YX,E75L,EMBRAER ERJ-170-200 (long wing),0
takeoff,LGA,04,1782666530.5,2026-06-28T17:08:50Z,40.771812,-73.881949,33.8,acc1ee,N921AN,B738,BOEING 737-800,0
landing,JFK,13L,1782666534.36,2026-06-28T17:08:54Z,40.650558,-73.774292,123.8,ab6519,N833SK,CRJ9,BOMBARDIER Regional Jet CRJ-900,0
takeoff,JFK,31L,1782666608.05,2026-06-28T17:10:08Z,40.633884,-73.781952,300.9,aca971,N915CA,P212,TECNAM P-2012 Traveller,0
landing,LGA,04,1782666628.13,2026-06-28T17:10:28Z,40.77903,-73.875961,33.8,a51f4a,N429YX,E75L,EMBRAER ERJ-170-200 (long wing),0
landing,JFK,13L,1782666639.85,2026-06-28T17:10:39Z,40.649798,-73.772663,120.9,a20347,N229JQ,E75L,EMBRAER ERJ-170-200 (long wing),0
landing,JFK,22L,1782666648.7,2026-06-28T17:10:48Z,40.634773,-73.76305,210.9,aafd1f,N807NW,A333,AIRBUS A-330-300,0
takeoff,LGA,13,1782666658.38,2026-06-28T17:10:58Z,40.779737,-73.873163,120.9,ac8b43,N907XJ,CRJ9,BOMBARDIER Regional Jet CRJ-900,0
takeoff,JFK,13R,1782666698.46,2026-06-28T17:11:38Z,40.645632,-73.810647,120.9,ab79d3,N839AK,B38M,BOEING 737 MAX 8,0
landing,JFK,31L,1782666705.03,2026-06-28T17:11:45Z,40.640185,-73.795837,300.9,aca971,N915CA,P212,TECNAM P-2012 Traveller,0
takeoff,JFK,31L,1782666705.03,2026-06-28T17:11:45Z,40.640185,-73.795837,300.9,aca971,N915CA,P212,TECNAM P-2012 Traveller,0
landing,LGA,04,1782666712.34,2026-06-28T17:11:52Z,40.778503,-73.876404,33.8,a4f05d,N417YX,E75L,EMBRAER ERJ-170-200 (long wing),0
takeoff,LGA,13,1782666734.32,2026-06-28T17:12:14Z,40.781605,-73.877075,123.8,a01f73,N107HQ,E75L,EMBRAER ERJ-170-200 (long wing),0
landing,JFK,13L,1782666751.03,2026-06-28T17:12:31Z,40.650009,-73.773117,120.9,a4c02d,N405KZ,B744,BOEING 747-400,0
landing,LGA,04,1782666782.34,2026-06-28T17:13:02Z,40.777405,-73.877365,33.8,accb22,N923US,A321,AIRBUS A-321,0
takeoff,LGA,13,1782666820.11,2026-06-28T17:13:40Z,40.780168,-73.874052,120.9,a33b1e,N307UJ,B38M,,0
landing,JFK,22L,1782666853.28,2026-06-28T17:14:13Z,40.636088,-73.761973,210.9,ab35d3,N821NW,A333,AIRBUS A-330-300,0
landing,LGA,04,1782666867.39,2026-06-28T17:14:27Z,40.776993,-73.877686,33.8,ac98c1,N910XJ,CRJ9,BOMBARDIER Regional Jet CRJ-900,0
takeoff,LGA,13,1782666915.99,2026-06-28T17:15:15Z,40.779819,-73.873334,120.9,a3560b,N314DU,BCS3,AIRBUS A220-300,0
landing,JFK,13L,1782666947.31,2026-06-28T17:15:47Z,40.649437,-73.771851,120.9,a3298a,N3023J,BCS3,AIRBUS A220-300,0
landing,LGA,04,1782666951.25,2026-06-28T17:15:51Z,40.776537,-73.878063,30.9,a39ada,N331PQ,CRJ9,BOMBARDIER Regional Jet CRJ-900,0
takeoff,LGA,13,1782666953.44,2026-06-28T17:15:53Z,40.78203,-73.877954,115.3,a43f51,N373DX,A321,AIRBUS A-321,0
landing,JFK,13L,1782667015.36,2026-06-28T17:16:55Z,40.65192,-73.777267,120.9,a967eb,N705JB,A320,AIRBUS A-320,0
landing,LGA,04,1782667042.43,2026-06-28T17:17:22Z,40.777954,-73.876877,33.8,ab282b,N818MD,E170,EMBRAER ERJ-170-100,0
landing,JFK,13L,1782667092.78,2026-06-28T17:18:12Z,40.650787,-73.774832,120.9,a3311b,N3044J,BCS3,AIRBUS A220-300,0
landing,JFK,22L,1782667095.69,2026-06-28T17:18:15Z,40.636024,-73.762085,210.9,44ccd1,OO-SFQ,A333,AIRBUS A-330-300,0
landing,LGA,04,1782667109.86,2026-06-28T17:18:29Z,40.778352,-73.876549,30.9,adaee8,N981AN,B738,BOEING 737-800,0
takeoff,LGA,13,1782667138.08,2026-06-28T17:18:58Z,40.781739,-73.877361,120.9,a1a56d,N205JQ,E75L,EMBRAER ERJ-170-200 (long wing),0
takeoff,JFK,13R,1782667153.69,2026-06-28T17:19:13Z,40.646598,-73.812769,122.4,0101de,SU-GEU,B789,BOEING 787-9 Dreamliner,0
landing,LGA,04,1782667188.46,2026-06-28T17:19:48Z,40.776821,-73.877808,33.8,ab1d06,N815MD,E170,EMBRAER ERJ-170-100,0
landing,JFK,13L,1782667205.81,2026-06-28T17:20:05Z,40.650524,-73.774353,120.9,a874e1,N644JB,A320,AIRBUS A-320,0
takeoff,LGA,13,1782667209.56,2026-06-28T17:20:09Z,40.781822,-73.877533,120.9,a866c7,N640RW,E170,EMBRAER ERJ-170-100,0
landing,LGA,04,1782667267.71,2026-06-28T17:21:07Z,40.776867,-73.877777,33.8,ab3d17,N823MD,E170,EMBRAER ERJ-170-100,0
takeoff,JFK,13R,1782667277.62,2026-06-28T17:21:17Z,40.645718,-73.810883,120.9,a976c7,N709JB,A320,AIRBUS A-320,0
takeoff,LGA,13,1782667303.64,2026-06-28T17:21:43Z,40.779362,-73.87236,120.9,a067f8,N125TK,FA50,DASSAULT Falcon 50,8
landing,JFK,13L,1782667331.24,2026-06-28T17:22:11Z,40.649586,-73.772171,120.9,acb10a,N917DU,B739,BOEING 737-900,0
takeoff,LGA,13,1782667376.79,2026-06-28T17:22:56Z,40.78149,-73.876816,120.9,a51b93,N428YX,E75L,EMBRAER ERJ-170-200 (long wing),0
landing,JFK,22L,1782667399.76,2026-06-28T17:23:19Z,40.636088,-73.76202,210.9,4ca4b0,EI-TYH,A339,AIRBUS A-330-900,0
landing,JFK,13L,1782667411.23,2026-06-28T17:23:31Z,40.650985,-73.775269,120.9,a9605b,N703GT,B77L,BOEING 777-200LR,0
takeoff,JFK,13R,1782667418.86,2026-06-28T17:23:38Z,40.645923,-73.811318,120.9,a7d2f1,N603FR,A21N,AIRBUS A-321neo,0
landing,LGA,04,1782667433.98,2026-06-28T17:23:53Z,40.782623,-73.873032,33.8,ac259b,N882DN,B739,BOEING 737-900,0
takeoff,LGA,13,1782667459.61,2026-06-28T17:24:19Z,40.781483,-73.87683,120.9,a1acdb,N207JQ,E75L,EMBRAER ERJ-170-200 (long wing),0
landing,JFK,13L,1782667511.06,2026-06-28T17:25:11Z,40.648922,-73.770706,120.9,aac366,N793CK,B77L,BOEING 777-200LR,0
landing,LGA,04,1782667517.51,2026-06-28T17:25:17Z,40.778352,-73.876534,30.9,a33e5e,N308PQ,CRJ9,BOMBARDIER Regional Jet CRJ-900,0
takeoff,JFK,13R,1782667540.68,2026-06-28T17:25:40Z,40.647629,-73.815063,120.9,a1ccec,N215JQ,E75L,EMBRAER ERJ-170-200 (long wing),0
takeoff,LGA,13,1782667552.37,2026-06-28T17:25:52Z,40.781479,-73.876785,120.9,a8a490,N656RW,E170,EMBRAER ERJ-170-100,0
landing,JFK,22L,1782667575.45,2026-06-28T17:26:15Z,40.63468,-73.763128,210.9,a5106e,N425YX,E75L,EMBRAER ERJ-170-200 (long wing),0
landing,JFK,13L,1782667592.19,2026-06-28T17:26:32Z,40.650543,-73.774255,120.9,3c6518,D-AIHX,A346,AIRBUS A-340-600,0
landing,LGA,04,1782667618.46,2026-06-28T17:26:58Z,40.778641,-73.876297,33.8,a23fb2,N244JQ,E75L,EMBRAER ERJ-170-200 (long wing),0
landing,LGA,04,1782667679.31,2026-06-28T17:27:59Z,40.776513,-73.878063,33.8,a3b79c,N339DU,,,0
takeoff,LGA,13,1782667714.79,2026-06-28T17:28:34Z,40.781669,-73.877205,120.9,a8996b,N653RW,E170,EMBRAER ERJ-170-100,0
landing,JFK,13L,1782667735.91,2026-06-28T17:28:55Z,40.65052,-73.774223,120.9,0d0c02,XA-VIU,A20N,AIRBUS A-320neo,0
landing,JFK,22L,1782667758.94,2026-06-28T17:29:18Z,40.634274,-73.763458,210.9,ab4fd4,N828NW,A333,AIRBUS A-330-300,0
landing,LGA,04,1782667783.31,2026-06-28T17:29:43Z,40.780656,-73.874614,33.8,a4bdb9,N404YX,E75L,EMBRAER ERJ-170-200 (long wing),0
takeoff,JFK,13R,1782667786.5,2026-06-28T17:29:46Z,40.645855,-73.811157,120.9,ab14d9,N813DN,B739,BOEING 737-900,0
landing,JFK,13L,1782667801.86,2026-06-28T17:30:01Z,40.650357,-73.773896,120.9,a67bc8,N517DN,A21N,AIRBUS A-321neo,0
landing,LGA,04,1782667845.26,2026-06-28T17:30:45Z,40.778294,-73.876627,33.8,ad9811,N975UY,A321,AIRBUS A-321,0
landing,JFK,13L,1782667866.71,2026-06-28T17:31:06Z,40.649845,-73.772756,120.9,ac7e60,N904DN,B739,BOEING 737-900,0
landing,LGA,04,1782667925.22,2026-06-28T17:32:05Z,40.77943,-73.875656,33.8,a0267b,N109DN,A321,AIRBUS A-321,0
landing,JFK,22L,1782667934.81,2026-06-28T17:32:14Z,40.635281,-73.762665,210.9,ab4840,N826MH,B764,BOEING 767-400,0
takeoff,JFK,13R,1782667949.32,2026-06-28T17:32:29Z,40.645992,-73.811462,120.9,ad4804,N955JB,A321,AIRBUS A-321,0
landing,JFK,13L,1782667958.38,2026-06-28T17:32:38Z,40.651096,-73.775513,118.1,ab6162,N832SK,CRJ9,BOMBARDIER Regional Jet CRJ-900,0
landing,JFK,13L,1782668016.33,2026-06-28T17:33:36Z,40.651462,-73.776314,119.6,0d11ed,XA-AMQ,B789,BOEING 787-9 Dreamliner,0
landing,LGA,04,1782668017.6,2026-06-28T17:33:37Z,40.778375,-73.876518,30.9,a0835d,N132HQ,E75L,EMBRAER ERJ-170-200 (long wing),0
takeoff,JFK,13R,1782668031.07,2026-06-28T17:33:51Z,40.645031,-73.809235,120.9,71be22,HL7622,A388,AIRBUS A-380-800,0
takeoff,LGA,13,1782668050.69,2026-06-28T17:34:10Z,40.780121,-73.873959,123.8,a3eeb0,N35204,B738,BOEING 737-800,0
landing,LGA,04,1782668091.33,2026-06-28T17:34:51Z,40.778423,-73.876511,30.9,a0144e,N104HQ,E75L,EMBRAER ERJ-170-200 (long wing),0
takeoff,LGA,13,1782668127.15,2026-06-28T17:35:27Z,40.780168,-73.874068,120.9,c08268,C-GXJZ,DH8D,DE HAVILLAND DHC-8-400 Dash 8,0
landing,LGA,04,1782668173.83,2026-06-28T17:36:13Z,40.7784,-73.876511,33.8,acf2e4,N933XJ,CRJ9,BOMBARDIER Regional Jet CRJ-900,0
landing,JFK,13L,1782668188.74,2026-06-28T17:36:28Z,40.649551,-73.77211,123.8,a52911,N431YX,E75L,EMBRAER ERJ-170-200 (long wing),0
takeoff,JFK,13R,1782668222.18,2026-06-28T17:37:02Z,40.645399,-73.810147,120.9,869582,JA796A,B77W,BOEING 777-300ER,0
landing,JFK,13L,1782668247.47,2026-06-28T17:37:27Z,40.650055,-73.773163,120.9,acf849,N935AN,B738,BOEING 737-800,0
landing,LGA,04,1782668261.26,2026-06-28T17:37:41Z,40.777863,-73.876968,33.8,a426a5,N367DN,A321,AIRBUS A-321,0
landing,JFK,22L,1782668311.26,2026-06-28T17:38:31Z,40.636677,-73.761551,210.9,4006c4,G-VIIS,B772,BOEING 777-200,0
landing,JFK,22L,1782668313.07,2026-06-28T17:38:33Z,40.635995,-73.762082,210.9,4006c4,G-VIIS,B772,BOEING 777-200,0
takeoff,LGA,04,1782668327.81,2026-06-28T17:38:47Z,40.773193,-73.880829,33.8,a10bbc,N167AN,A321,AIRBUS A-321,0
landing,LGA,04,1782668368.49,2026-06-28T17:39:28Z,40.778435,-73.876495,33.8,a8e6f2,N673AW,A320,AIRBUS A-320,0
takeoff,JFK,13R,1782668381.46,2026-06-28T17:39:41Z,40.645283,-73.809898,120.9,a358bd,N3145J,BCS3,AIRBUS A220-300,0
landing,JFK,13L,1782668393.34,2026-06-28T17:39:53Z,40.650238,-73.773636,120.9,adf128,N998JE,A321,AIRBUS A-321,0
landing,LGA,04,1782668447.04,2026-06-28T17:40:47Z,40.775943,-73.878547,33.8,a35701,N314PQ,CRJ9,BOMBARDIER Regional Jet CRJ-900,0
landing,JFK,22L,1782668469.31,2026-06-28T17:41:09Z,40.633003,-73.76445,210.9,89647c,A6-EUR,A388,AIRBUS A-380-800,0
landing,JFK,13L,1782668490.55,2026-06-28T17:41:30Z,40.64922,-73.771362,123.8,a02cf1,N110HQ,E75L,EMBRAER ERJ-170-200 (long wing),0
takeoff,JFK,13L,1782668490.55,2026-06-28T17:41:30Z,40.64922,-73.771362,123.8,a02cf1,N110HQ,E75L,EMBRAER ERJ-170-200 (long wing),0
takeoff,JFK,13R,1782668490.99,2026-06-28T17:41:30Z,40.645649,-73.810699,120.9,aca29a,N913JB,A321,AIRBUS A-321,0
landing,JFK,13L,1782668491.79,2026-06-28T17:41:31Z,40.649088,-73.771071,123.8,a02cf1,N110HQ,E75L,EMBRAER ERJ-170-200 (long wing),0
landing,LGA,04,1782668536.87,2026-06-28T17:42:16Z,40.777542,-73.877167,33.8,a517dc,N427YX,E75L,EMBRAER ERJ-170-200 (long wing),0
landing,JFK,13L,1782668551.91,2026-06-28T17:42:31Z,40.649849,-73.77272,120.9,780f3d,B-7349,B77W,BOEING 777-300ER,0
takeoff,JFK,13R,1782668567.75,2026-06-28T17:42:47Z,40.645771,-73.810974,120.9,738075,4X-ECE,B772,BOEING 777-200,0
takeoff,LGA,13,1782668570.45,2026-06-28T17:42:50Z,40.780168,-73.874052,120.9,ac0dd9,N876NN,B738,BOEING 737-800,0
landing,LGA,04,1782668616.47,2026-06-28T17:43:36Z,40.77816,-73.876724,30.9,a34215,N309PQ,CRJ9,BOMBARDIER Regional Jet CRJ-900,0
takeoff,LGA,04,1782668668.23,2026-06-28T17:44:28Z,40.77182,-73.881958,33.8,a04a4d,N118DY,A321,AIRBUS A-321,0
landing,JFK,13L,1782668672.81,2026-06-28T17:44:32Z,40.650867,-73.774963,120.9,0c2188,HP-9927CMP,B39M,BOEING 737 MAX 9,0
takeoff,JFK,13R,1782668732.32,2026-06-28T17:45:32Z,40.646095,-73.811691,120.9,a398bc,N3304J,BCS3,AIRBUS A220-300,0
landing,LGA,04,1782668753.43,2026-06-28T17:45:53Z,40.778771,-73.876206,33.8,a1b449,N209JQ,E75L,EMBRAER ERJ-170-200 (long wing),0
landing,JFK,13L,1782668771.32,2026-06-28T17:46:11Z,40.649654,-73.772324,120.9,aca99c,N915DU,B739,BOEING 737-900,0
takeoff,LGA,13,1782668788.5,2026-06-28T17:46:28Z,40.7799,-73.87349,120.9,ace7bf,N930XJ,CRJ9,BOMBARDIER Regional Jet CRJ-900,0
landing,LGA,04,1782668798.27,2026-06-28T17:46:38Z,40.775986,-73.879898,351.6,aca01a,N912WN,B737,BOEING 737-700,0
landing,JFK,22L,1782668844.35,2026-06-28T17:47:24Z,40.634738,-73.763081,210.9,a1d99b,N2180J,A21N,AIRBUS A-321neo,0
landing,JFK,13L,1782668858.97,2026-06-28T17:47:38Z,40.650392,-73.773927,123.8,a3549d,N3132J,BCS3,AIRBUS A220-300,0
takeoff,JFK,13R,1782668864.73,2026-06-28T17:47:44Z,40.645806,-73.811052,120.9,a8ab3c,N658JB,A320,AIRBUS A-320,0
takeoff,LGA,13,1782668868.61,2026-06-28T17:47:48Z,40.779306,-73.872273,120.9,a39289,N3293J,BCS3,AIRBUS A220-300,0
landing,JFK,13L,1782668930.52,2026-06-28T17:48:50Z,40.651509,-73.776393,123.8,0aca5f,HK-5389,A20N,AIRBUS A-320neo,0
takeoff,LGA,13,1782668962.66,2026-06-28T17:49:22Z,40.7799,-73.873506,120.9,aca01a,N912WN,B737,BOEING 737-700,0
landing,JFK,22L,1782669000.66,2026-06-28T17:50:00Z,40.635292,-73.76265,210.9,a0f4f6,N16065,B763,BOEING 767-300,0
landing,JFK,13L,1782669027.98,2026-06-28T17:50:27Z,40.649975,-73.773026,120.9,aca79d,N914XJ,CRJ9,BOMBARDIER Regional Jet CRJ-900,0
takeoff,LGA,13,1782669028.53,2026-06-28T17:50:28Z,40.780769,-73.875305,120.9,abc49b,N8576Z,B738,BOEING 737-800,0
takeoff,JFK,13R,1782669082.16,2026-06-28T17:51:22Z,40.645434,-73.810225,120.9,84118c,JA04WJ,A35K,AIRBUS A-350-1000,0
takeoff,LGA,13,1782669116.15,2026-06-28T17:51:56Z,40.780528,-73.874786,120.9,ad9bc8,N976UY,A321,AIRBUS A-321,0
landing,JFK,22L,1782669184.57,2026-06-28T17:53:04Z,40.63306,-73.764374,210.9,abd018,N860NW,A332,AIRBUS A-330-200,0
landing,LGA,22,1782669186.37,2026-06-28T17:53:06Z,40.777421,-73.877345,210.9,c00899,C-FDGQ,A320,AIRBUS A-320,0
landing,JFK,13L,1782669190.81,2026-06-28T17:53:10Z,40.6497,-73.77243,123.8,a61173,N490PX,CRJ9,BOMBARDIER Regional Jet CRJ-900,0
takeoff,JFK,13R,1782669204.0,2026-06-28T17:53:24Z,40.645752,-73.810898,120.9,abf6ae,N870DN,B739,BOEING 737-900,0
takeoff,LGA,13,1782669209.33,2026-06-28T17:53:29Z,40.779488,-73.872635,120.9,a21142,N232PQ,CRJ9,BOMBARDIER Regional Jet CRJ-900,0
landing,LGA,22,1782669261.65,2026-06-28T17:54:21Z,40.776769,-73.877876,210.9,adeca5,N997AA,A321,AIRBUS A-321,0
takeoff,LGA,13,1782669283.2,2026-06-28T17:54:43Z,40.779702,-73.873069,123.8,a30961,N295PQ,CRJ9,BOMBARDIER Regional Jet CRJ-900,0
landing,JFK,22L,1782669322.5,2026-06-28T17:55:22Z,40.632248,-73.765032,210.9,aa1a16,N750AN,B772,BOEING 777-200,0
landing,LGA,22,1782669332.91,2026-06-28T17:55:32Z,40.775883,-73.878601,210.9,aa6f80,N7713A,B737,BOEING 737-700,0
landing,JFK,13L,1782669371.86,2026-06-28T17:56:11Z,40.647434,-73.767426,120.9,a01bbc,N106HQ,E75L,EMBRAER ERJ-170-200 (long wing),0
landing,LGA,22,1782669398.62,2026-06-28T17:56:38Z,40.774221,-73.879982,210.9,a451cf,N378DA,B738,BOEING 737-800,0
landing,JFK,13L,1782669471.11,2026-06-28T17:57:51Z,40.649088,-73.77104,123.8,a19691,N201JQ,E75L,EMBRAER ERJ-170-200 (long wing),0
landing,LGA,22,1782669476.31,2026-06-28T17:57:56Z,40.774442,-73.879795,210.9,a0855d,N13227,B738,BOEING 737-800,0
takeoff,LGA,13,1782669494.82,2026-06-28T17:58:14Z,40.779533,-73.872726,120.9,a8f9a3,N678CA,CRJ9,BOMBARDIER Regional Jet CRJ-900,0
landing,JFK,22L,1782669495.64,2026-06-28T17:58:15Z,40.636391,-73.761786,210.9,a11d47,N171DZ,B763,BOEING 767-300,0
landing,JFK,13L,1782669548.06,2026-06-28T17:59:08Z,40.648867,-73.770587,120.9,ad5329,N958JB,A321,AIRBUS A-321,0
takeoff,LGA,13,1782669623.74,2026-06-28T18:00:23Z,40.779842,-73.873366,120.9,a3472f,N310DU,BCS3,AIRBUS A220-300,0
landing,LGA,22,1782669623.88,2026-06-28T18:00:23Z,40.771637,-73.882065,210.9,abc2e5,N857RW,E170,EMBRAER ERJ-170-100,0
landing,JFK,13L,1782669633.49,2026-06-28T18:00:33Z,40.650467,-73.774094,123.8,a5e02d,N478PX,CRJ9,BOMBARDIER Regional Jet CRJ-900,0
landing,JFK,22L,1782669657.95,2026-06-28T18:00:57Z,40.635879,-73.762191,210.9,40621c,G-STBB,B77W,BOEING 777-300ER,0
takeoff,JFK,13R,1782669679.42,2026-06-28T18:01:19Z,40.645683,-73.81076,120.9,acb2c2,N917XJ,CRJ9,BOMBARDIER Regional Jet CRJ-900,0
landing,LGA,22,1782669701.69,2026-06-28T18:01:41Z,40.77166,-73.882089,210.9,a06703,N125HQ,E75L,EMBRAER ERJ-170-200 (long wing),0
landing,LGA,22,1782669784.78,2026-06-28T18:03:04Z,40.777016,-73.877655,210.9,a08317,N132EV,CRJ9,BOMBARDIER Regional Jet CRJ-900,0
takeoff,LGA,13,1782669801.89,2026-06-28T18:03:21Z,40.781483,-73.876799,120.9,a55f6c,N445YX,E75L,EMBRAER ERJ-170-200 (long wing),0
takeoff,JFK,13R,1782669802.31,2026-06-28T18:03:22Z,40.645411,-73.810179,120.9,a3556f,N3138J,BCS3,AIRBUS A220-300,0
landing,JFK,22R,1782669817.81,2026-06-28T18:03:37Z,40.637357,-73.779092,174.4,e80242,CC-CXG,B763,BOEING 767-300,0
landing,JFK,13L,1782669837.0,2026-06-28T18:03:57Z,40.651567,-73.776517,123.8,a3dc5a,N348PQ,CRJ9,BOMBARDIER Regional Jet CRJ-900,0
landing,LGA,22,1782669871.48,2026-06-28T18:04:31Z,40.774292,-73.879807,199.7,ac159a,N878RW,E170,EMBRAER ERJ-170-100,0
landing,JFK,13L,1782669925.3,2026-06-28T18:05:25Z,40.651073,-73.775482,120.9,a3c233,N341NB,A319,AIRBUS A-319,0
landing,LGA,22,1782669930.57,2026-06-28T18:05:30Z,40.775997,-73.87851,210.9,a32f82,N304PQ,CRJ9,BOMBARDIER Regional Jet CRJ-900,0
landing,JFK,22L,1782669948.98,2026-06-28T18:05:48Z,40.636082,-73.762054,210.9,48436a,PH-BQC,B772,BOEING 777-200,0
takeoff,LGA,13,1782669956.97,2026-06-28T18:05:56Z,40.779912,-73.873537,120.9,aa568f,N76503,B738,BOEING 737-800,0
takeoff,JFK,13R,1782669960.62,2026-06-28T18:06:00Z,40.645888,-73.811224,120.9,a35ef1,N316UV,B38M,BOEING 737 MAX 8,0
takeoff,JFK,13R,1782670017.31,2026-06-28T18:06:57Z,40.645585,-73.810553,120.9,a04e00,N119DU,BCS1,AIRBUS A220-100,0
landing,LGA,22,1782670018.14,2026-06-28T18:06:58Z,40.775093,-73.879227,210.9,abdf3f,N864RW,E170,EMBRAER ERJ-170-100,0
takeoff,JFK,31L,1782670020.69,2026-06-28T18:07:00Z,40.647652,-73.811249,300.9,acc040,N920XJ,CRJ9,BOMBARDIER Regional Jet CRJ-900,0
landing,LGA,22,1782670064.51,2026-06-28T18:07:44Z,40.774046,-73.880107,210.9,a382ca,N325VM,B38M,BOEING 737 MAX 8,0
takeoff,LGA,13,1782670078.13,2026-06-28T18:07:58Z,40.780214,-73.874161,120.9,a46e35,N385DN,B738,BOEING 737-800,0
takeoff,JFK,13R,1782670089.17,2026-06-28T18:08:09Z,40.645748,-73.810943,120.9,ab5d2c,N831MH,B764,BOEING 767-400,0
landing,JFK,13L,1782670143.0,2026-06-28T18:09:03Z,40.651154,-73.77565,120.9,a35854,N3142J,BCS3,AIRBUS A220-300,0
landing,LGA,22,1782670158.25,2026-06-28T18:09:18Z,40.772324,-73.881546,210.9,a1f46b,N225JQ,E75L,EMBRAER ERJ-170-200 (long wing),0
landing,JFK,22L,1782670181.75,2026-06-28T18:09:41Z,40.635269,-73.762665,210.9,71010f,HZ-AK37,B77W,BOEING 777-300ER,0
landing,LGA,22,1782670229.21,2026-06-28T18:10:29Z,40.774418,-73.879795,213.8,a32367,N301DU,BCS3,AIRBUS A220-300,0
takeoff,LGA,13,1782670252.91,2026-06-28T18:10:52Z,40.779923,-73.873537,120.9,a310cf,N297PQ,CRJ9,BOMBARDIER Regional Jet CRJ-900,0
landing,JFK,13L,1782670269.06,2026-06-28T18:11:09Z,40.649798,-73.772663,118.1,a3a9b6,N335PQ,CRJ9,BOMBARDIER Regional Jet CRJ-900,0
landing,JFK,22L,1782670284.76,2026-06-28T18:11:24Z,40.634399,-73.763351,210.9,aa253b,N753AN,B772,BOEING 777-200,0
landing,LGA,22,1782670303.64,2026-06-28T18:11:43Z,40.775396,-73.878984,208.1,a1584a,N186PQ,CRJ9,BOMBARDIER Regional Jet CRJ-900,0
takeoff,JFK,13R,1782670310.32,2026-06-28T18:11:50Z,40.645763,-73.810928,120.9,ad8836,N971JT,A321,AIRBUS A-321,0
takeoff,LGA,13,1782670316.33,2026-06-28T18:11:56Z,40.781559,-73.876968,120.9,a22358,N237JQ,E75L,EMBRAER ERJ-170-200 (long wing),0
landing,JFK,13L,1782670357.55,2026-06-28T18:12:37Z,40.650275,-73.773662,120.9,a1a435,N2047J,A21N,AIRBUS A-321neo,0
landing,LGA,22,1782670386.16,2026-06-28T18:13:06Z,40.77187,-73.881902,210.9,ac83d5,N905XJ,CRJ9,BOMBARDIER Regional Jet CRJ-900,0
takeoff,LGA,13,1782670400.19,2026-06-28T18:13:20Z,40.779819,-73.873334,120.9,a44308,N374DX,A321,AIRBUS A-321,0
landing,JFK,13L,1782670423.58,2026-06-28T18:13:43Z,40.649586,-73.772171,120.9,add734,N991JT,A321,AIRBUS A-321,0
landing,JFK,22L,1782670446.33,2026-06-28T18:14:06Z,40.634823,-73.763,210.9,3c7a45,D-ANRE,A339,AIRBUS A-330-900,0
landing,LGA,22,1782670450.97,2026-06-28T18:14:10Z,40.774523,-73.879733,210.9,aaa5ae,N78511,B738,BOEING 737-800,0
takeoff,JFK,13R,1782670462.12,2026-06-28T18:14:22Z,40.645294,-73.809929,122.5,04c15a,5Y-KZH,B788,BOEING 787-8 Dreamliner,0
landing,JFK,13R,1782670462.73,2026-06-28T18:14:22Z,40.64518,-73.809677,122.5,04c15a,5Y-KZH,B788,BOEING 787-8 Dreamliner,0
takeoff,JFK,13R,1782670462.73,2026-06-28T18:14:22Z,40.64518,-73.809677,122.5,04c15a,5Y-KZH,B788,BOEING 787-8 Dreamliner,0
takeoff,LGA,13,1782670481.24,2026-06-28T18:14:41Z,40.779545,-73.872757,120.9,a37d8a,N324DU,BCS3,AIRBUS A220-300,0
landing,JFK,13L,1782670509.56,2026-06-28T18:15:09Z,40.64986,-73.772766,120.9,ad38bf,N951DX,B739,BOEING 737-900,0
landing,LGA,22,1782670534.55,2026-06-28T18:15:34Z,40.77507,-73.879249,210.9,a04e60,N119HQ,E75L,EMBRAER ERJ-170-200 (long wing),0
takeoff,LGA,13,1782670539.24,2026-06-28T18:15:39Z,40.781616,-73.87709,120.9,ada699,N979RP,E170,EMBRAER ERJ-170-100,0
landing,JFK,13L,1782670576.55,2026-06-28T18:16:16Z,40.650227,-73.77356,120.9,ab7ae4,N839MH,B764,BOEING 767-400,0
landing,LGA,22,1782670602.51,2026-06-28T18:16:42Z,40.7723,-73.881559,210.9,a32bcb,N303PQ,CRJ9,BOMBARDIER Regional Jet CRJ-900,0
takeoff,LGA,13,1782670616.35,2026-06-28T18:16:56Z,40.779797,-73.873276,120.9,a320a6,N300PQ,CRJ9,BOMBARDIER Regional Jet CRJ-900,0
landing,JFK,22L,1782670618.17,2026-06-28T18:16:58Z,40.634576,-73.763221,210.9,abb775,N854NW,A332,AIRBUS A-330-200,0
takeoff,JFK,13R,1782670625.96,2026-06-28T18:17:05Z,40.646141,-73.811768,120.9,a74f33,N570JB,A320,AIRBUS A-320,0
landing,LGA,22,1782670671.56,2026-06-28T18:17:51Z,40.776851,-73.877798,210.9,a72ca2,N561WN,B737,BOEING 737-700,0
landing,JFK,13L,1782670677.44,2026-06-28T18:17:57Z,40.651623,-73.776703,120.9,a32095,N300NY,A21N,AIRBUS A-321neo,0
takeoff,JFK,13R,1782670688.88,2026-06-28T18:18:08Z,40.645574,-73.810553,120.9,e80242,CC-CXG,B763,BOEING 767-300,0
takeoff,LGA,13,1782670696.47,2026-06-28T18:18:16Z,40.781529,-73.876908,120.9,a23bfb,N243JQ,E75L,EMBRAER ERJ-170-200 (long wing),0
landing,LGA,22,1782670742.51,2026-06-28T18:19:02Z,40.776569,-73.878036,210.9,a02c94,N110DX,A321,AIRBUS A-321,0
takeoff,LGA,13,1782670762.46,2026-06-28T18:19:22Z,40.781708,-73.877274,120.9,ab282b,N818MD,E170,EMBRAER ERJ-170-100,0
landing,JFK,13L,1782670764.26,2026-06-28T18:19:24Z,40.649961,-73.77299,120.9,acb679,N918XJ,CRJ9,BOMBARDIER Regional Jet CRJ-900,0
takeoff,JFK,13R,1782670782.39,2026-06-28T18:19:42Z,40.645643,-73.810694,120.9,0c6060,9Y-BAR,B38M,BOEING 737 MAX 8,0
landing,LGA,22,1782670816.9,2026-06-28T18:20:16Z,40.775361,-73.87903,210.9,acb4c1,N918DU,B739,BOEING 737-900,0
takeoff,LGA,13,1782670830.68,2026-06-28T18:20:30Z,40.781639,-73.877151,120.9,a1ba59,N210JQ,E75L,EMBRAER ERJ-170-200 (long wing),0
landing,JFK,13L,1782670854.89,2026-06-28T18:20:54Z,40.649231,-73.771362,120.9,a4cc95,N408YX,E75L,EMBRAER ERJ-170-200 (long wing),0
takeoff,JFK,13R,1782670855.55,2026-06-28T18:20:55Z,40.645226,-73.809784,120.9,a35c97,N3156J,BCS3,AIRBUS A220-300,0
landing,JFK,22L,1782670870.46,2026-06-28T18:21:10Z,40.633965,-73.763718,216.6,a19a48,N202JQ,E75L,EMBRAER ERJ-170-200 (long wing),0
landing,LGA,22,1782670908.08,2026-06-28T18:21:48Z,40.771649,-73.882105,210.9,a4d04c,N409YX,E75L,EMBRAER ERJ-170-200 (long wing),0
landing,JFK,13L,1782670927.08,2026-06-28T18:22:07Z,40.650159,-73.773412,120.9,adde95,N993JE,A321,AIRBUS A-321,0
takeoff,JFK,13R,1782670970.24,2026-06-28T18:22:50Z,40.645626,-73.810684,120.9,a4f2ee,N418MC,B744,BOEING 747-400,0
landing,LGA,22,1782670996.67,2026-06-28T18:23:16Z,40.771442,-73.882248,210.9,ac1951,N879RW,E170,EMBRAER ERJ-170-100,0
landing,JFK,13L,1782671013.01,2026-06-28T18:23:33Z,40.648785,-73.770447,126.6,a0433b,N116HQ,E75L,EMBRAER ERJ-170-200 (long wing),0
landing,LGA,22,1782671042.04,2026-06-28T18:24:02Z,40.777596,-73.877205,210.9,a3479e,N310JE,CL35,BOMBARDIER BD-100 Challenger 350,0
landing,JFK,13L,1782671073.34,2026-06-28T18:24:33Z,40.649437,-73.771851,123.8,a349be,N3104J,BCS3,AIRBUS A220-300,0
landing,JFK,22L,1782671097.4,2026-06-28T18:24:57Z,40.635134,-73.762769,209.6,4ca8fc,EI-NEW,B789,BOEING 787-9 Dreamliner,0
takeoff,JFK,13R,1782671107.29,2026-06-28T18:25:07Z,40.645888,-73.81124,120.9,a35cba,N3157J,BCS3,AIRBUS A220-300,0
landing,LGA,22,1782671113.35,2026-06-28T18:25:13Z,40.776054,-73.878448,210.9,a475a3,N387DN,A321,AIRBUS A-321,0
landing,JFK,13L,1782671146.33,2026-06-28T18:25:46Z,40.650054,-73.773209,120.9,a01c37,N106NN,A321,AIRBUS A-321,0
landing,JFK,22L,1782671190.68,2026-06-28T18:26:30Z,40.633289,-73.764221,210.9,4b187a,HB-JHA,A333,AIRBUS A-330-300,0
landing,LGA,22,1782671196.04,2026-06-28T18:26:36Z,40.775757,-73.878703,210.9,c066f0,C-GMZN,BCS3,AIRBUS A220-300,0
takeoff,LGA,13,1782671212.1,2026-06-28T18:26:52Z,40.780121,-73.873959,120.9,a39ada,N331PQ,CRJ9,BOMBARDIER Regional Jet CRJ-900,0
landing,JFK,13L,1782671223.78,2026-06-28T18:27:03Z,40.650706,-73.774629,120.9,acf54f,N934JB,A321,AIRBUS A-321,0
landing,LGA,22,1782671310.68,2026-06-28T18:28:30Z,40.77166,-73.882065,210.9,a2147c,N233JQ,E75L,EMBRAER ERJ-170-200 (long wing),0
landing,JFK,13L,1782671313.77,2026-06-28T18:28:33Z,40.650558,-73.774338,120.9,a36eae,N320DU,BCS3,AIRBUS A220-300,0
landing,JFK,22L,1782671316.92,2026-06-28T18:28:36Z,40.633656,-73.763924,209.6,ab839d,N841AN,B789,BOEING 787-9 Dreamliner,0
takeoff,JFK,13R,1782671337.45,2026-06-28T18:28:57Z,40.646342,-73.812223,120.9,0c2069,HP-1727CMP,B738,BOEING 737-800,0
landing,LGA,22,1782671403.85,2026-06-28T18:30:03Z,40.775291,-73.879077,210.9,a50192,N421YX,E75L,EMBRAER ERJ-170-200 (long wing),0
takeoff,JFK,13R,1782671404.86,2026-06-28T18:30:04Z,40.645992,-73.811474,120.9,ab6519,N833SK,CRJ9,BOMBARDIER Regional Jet CRJ-900,0
takeoff,LGA,13,1782671410.21,2026-06-28T18:30:10Z,40.781662,-73.877182,120.9,a08acb,N134HQ,E75L,EMBRAER ERJ-170-200 (long wing),0
landing,LGA,22,1782671485.71,2026-06-28T18:31:25Z,40.779121,-73.8759,210.9,a1b12a,N208QS,CL60,BOMBARDIER CL-600 Challenger,0
takeoff,LGA,13,1782671502.97,2026-06-28T18:31:42Z,40.781605,-73.87709,120.9,a1d0a3,N216JQ,E75L,EMBRAER ERJ-170-200 (long wing),0
landing,JFK,22L,1782671522.45,2026-06-28T18:32:02Z,40.634692,-73.763112,210.9,a83e86,N630JB,A320,AIRBUS A-320,0
landing,LGA,22,1782671572.42,2026-06-28T18:32:52Z,40.776363,-73.878189,210.9,a36130,N317DU,BCS3,AIRBUS A220-300,0
takeoff,JFK,13R,1782671594.13,2026-06-28T18:33:14Z,40.647587,-73.815001,120.9,a5106e,N425YX,E75L,EMBRAER ERJ-170-200 (long wing),0
takeoff,LGA,13,1782671598.62,2026-06-28T18:33:18Z,40.782063,-73.878006,123.8,a075df,N129HQ,E75L,EMBRAER ERJ-170-200 (long wing),0
takeoff,JFK,13R,1782671660.59,2026-06-28T18:34:20Z,40.645678,-73.810772,120.9,acba30,N919XJ,CRJ9,BOMBARDIER Regional Jet CRJ-900,0
landing,JFK,13L,1782671685.42,2026-06-28T18:34:45Z,40.649705,-73.772444,120.9,a3d90a,N347TT,B38M,BOEING 737 MAX 8,0
landing,LGA,22,1782671702.73,2026-06-28T18:35:02Z,40.777153,-73.877548,210.9,aac3f4,N793JB,A320,AIRBUS A-320,0
takeoff,JFK,13R,1782671720.09,2026-06-28T18:35:20Z,40.646086,-73.811661,120.9,a6aaba,N529DT,A21N,AIRBUS A-321neo,0
takeoff,LGA,13,1782671720.13,2026-06-28T18:35:20Z,40.779739,-73.873169,123.8,a33339,N305PQ,CRJ9,BOMBARDIER Regional Jet CRJ-900,0
landing,JFK,13L,1782671762.31,2026-06-28T18:36:02Z,40.649577,-73.772179,120.9,ad6b0f,N964AN,B738,BOEING 737-800,0
landing,LGA,22,1782671804.42,2026-06-28T18:36:44Z,40.774967,-73.879318,210.9,a34825,N310PQ,CRJ9,BOMBARDIER Regional Jet CRJ-900,0
landing,JFK,13L,1782671851.55,2026-06-28T18:37:31Z,40.650683,-73.774613,120.9,a1ddbb,N2193J,A21N,AIRBUS A-321neo,0
landing,LGA,22,1782671871.85,2026-06-28T18:37:51Z,40.774104,-73.880045,210.9,a3a65f,N334TL,B38M,BOEING 737 MAX 8,0
takeoff,LGA,22,1782671918.87,2026-06-28T18:38:38Z,40.784008,-73.871883,210.9,a4f05d,N417YX,E75L,EMBRAER ERJ-170-200 (long wing),0
landing,JFK,13L,1782671927.25,2026-06-28T18:38:47Z,40.651257,-73.775864,120.9,acab54,N915XJ,CRJ9,BOMBARDIER Regional Jet CRJ-900,0
landing,LGA,22,1782672015.47,2026-06-28T18:40:15Z,40.779648,-73.875458,210.9,a749c8,N569QS,C68A,CESSNA 680 Citation Latitude,0
landing,JFK,13L,1782672024.46,2026-06-28T18:40:24Z,40.650427,-73.774067,120.9,a641bf,N502DX,A21N,AIRBUS A-321neo,0
landing,JFK,22L,1782672055.72,2026-06-28T18:40:55Z,40.632248,-73.765063,208.1,a1a924,N206JQ,E75L,EMBRAER ERJ-170-200 (long wing),0
takeoff,JFK,22L,1782672055.72,2026-06-28T18:40:55Z,40.632248,-73.765063,208.1,a1a924,N206JQ,E75L,EMBRAER ERJ-170-200 (long wing),0
takeoff,LGA,13,1782672056.51,2026-06-28T18:40:56Z,40.781716,-73.877298,123.8,a51f4a,N429YX,E75L,EMBRAER ERJ-170-200 (long wing),0
landing,JFK,22L,1782672056.73,2026-06-28T18:40:56Z,40.632085,-73.765172,208.1,a1a924,N206JQ,E75L,EMBRAER ERJ-170-200 (long wing),0
landing,LGA,22,1782672128.05,2026-06-28T18:42:08Z,40.775036,-73.879272,210.9,a78945,N585JB,A320,AIRBUS A-320,0
takeoff,JFK,13R,1782672132.37,2026-06-28T18:42:12Z,40.645363,-73.810089,120.9,ab6162,N832SK,CRJ9,BOMBARDIER Regional Jet CRJ-900,0
takeoff,LGA,13,1782672150.86,2026-06-28T18:42:30Z,40.779644,-73.872944,120.9,ac98c1,N910XJ,CRJ9,BOMBARDIER Regional Jet CRJ-900,0
landing,LGA,22,1782672227.2,2026-06-28T18:43:47Z,40.771923,-73.881866,210.9,a1ff90,N228JQ,E75L,EMBRAER ERJ-170-200 (long wing),0
landing,LGA,22,1782672297.58,2026-06-28T18:44:57Z,40.776031,-73.878464,213.8,ac72f0,N901AN,B738,BOEING 737-800,0
takeoff,LGA,13,1782672303.84,2026-06-28T18:45:03Z,40.781673,-73.877197,120.9,a1dd2d,N219YX,E75L,EMBRAER ERJ-170-200 (long wing),0
landing,JFK,22L,1782672309.37,2026-06-28T18:45:09Z,40.636517,-73.761688,210.9,a1574e,N186DN,B763,BOEING 767-300,0
landing,JFK,13L,1782672359.62,2026-06-28T18:45:59Z,40.650822,-73.774894,120.9,ac801e,N904XJ,CRJ9,BOMBARDIER Regional Jet CRJ-900,0
takeoff,JFK,13R,1782672375.32,2026-06-28T18:46:15Z,40.645615,-73.810623,120.9,acb10a,N917DU,B739,BOEING 737-900,0
landing,LGA,22,1782672383.71,2026-06-28T18:46:23Z,40.774919,-73.879343,210.9,abbb77,N855RW,E170,EMBRAER ERJ-170-100,0
takeoff,LGA,13,1782672394.95,2026-06-28T18:46:34Z,40.779728,-73.873184,120.9,aa4c42,N76269,B738,BOEING 737-800,0
landing,LGA,22,1782672435.09,2026-06-28T18:47:15Z,40.774555,-73.879654,210.9,aa7e99,N77542,B738,BOEING 737-800,0
takeoff,JFK,13R,1782672461.29,2026-06-28T18:47:41Z,40.646656,-73.812912,120.9,a9490b,,,,
landing,JFK,13L,1782672462.16,2026-06-28T18:47:42Z,40.650112,-73.773381,120.9,a4c98f,N4074J,A21N,AIRBUS A-321neo,0
landing,JFK,22L,1782672480.3,2026-06-28T18:48:00Z,40.638079,-73.760459,210.9,a51da1,N429FX,E545,EMBRAER EMB545 Praetor 500,0
takeoff,JFK,22L,1782672481.66,2026-06-28T18:48:01Z,40.63773,-73.760727,210.9,a51da1,N429FX,E545,EMBRAER EMB545 Praetor 500,0
landing,JFK,22L,1782672484.16,2026-06-28T18:48:04Z,40.636961,-73.761333,210.9,a51da1,N429FX,E545,EMBRAER EMB545 Praetor 500,0
takeoff,LGA,13,1782672492.14,2026-06-28T18:48:12Z,40.779922,-73.873581,120.9,ac91d4,N909NN,B738,BOEING 737-800,0
landing,LGA,22,1782672527.62,2026-06-28T18:48:47Z,40.776627,-73.877975,210.9,a44d1c,N3765,B738,BOEING 737-800,0
landing,JFK,13L,1782672544.85,2026-06-28T18:49:04Z,40.650194,-73.773537,120.9,ac8289,N905JB,A321,AIRBUS A-321,0
takeoff,LGA,13,1782672558.99,2026-06-28T18:49:18Z,40.781471,-73.876799,120.9,a04aa9,N118HQ,E75L,EMBRAER ERJ-170-200 (long wing),0
landing,JFK,22L,1782672595.25,2026-06-28T18:49:55Z,40.63488,-73.76297,210.9,a39338,N3298J,,,0
landing,LGA,22,1782672639.36,2026-06-28T18:50:39Z,40.775997,-73.878479,210.9,ab5bb1,N8307K,B738,BOEING 737-800,0
takeoff,LGA,13,1782672660.06,2026-06-28T18:51:00Z,40.780575,-73.874939,120.9,adaee8,N981AN,B738,BOEING 737-800,0
landing,JFK,13L,1782672661.08,2026-06-28T18:51:01Z,40.650227,-73.773651,120.9,ab5975,N830MH,B764,BOEING 767-400,0
landing,JFK,22L,1782672714.2,2026-06-28T18:51:54Z,40.633796,-73.763799,210.9,344305,EC-LUK,A333,AIRBUS A-330-300,0
takeoff,LGA,13,1782672728.31,2026-06-28T18:52:08Z,40.78038,-73.874512,120.9,a46a7e,N384DN,A321,AIRBUS A-321,0
takeoff,JFK,13R,1782672774.36,2026-06-28T18:52:54Z,40.645889,-73.811234,120.9,899135,B-16789,B77L,BOEING 777-200LR,0
takeoff,LGA,13,1782672798.71,2026-06-28T18:53:18Z,40.779877,-73.873459,118.1,a33e5e,N308PQ,CRJ9,BOMBARDIER Regional Jet CRJ-900,0
landing,LGA,22,1782672853.81,2026-06-28T18:54:13Z,40.773918,-73.880076,185.6,a4e8ef,N415YX,E75L,EMBRAER ERJ-170-200 (long wing),0
takeoff,JFK,13R,1782672866.13,2026-06-28T18:54:26Z,40.64764,-73.815109,120.9,a52911,N431YX,E75L,EMBRAER ERJ-170-200 (long wing),0
landing,JFK,13L,1782672958.51,2026-06-28T18:55:58Z,40.650927,-73.775144,120.9,780a3b,B-KQI,B77W,BOEING 777-300ER,0
landing,JFK,22L,1782673000.6,2026-06-28T18:56:40Z,40.635984,-73.762113,210.9,4005bd,G-VIIE,B772,BOEING 777-200,0
takeoff,JFK,13R,1782673004.69,2026-06-28T18:56:44Z,40.647564,-73.814938,123.8,a02cf1,N110HQ,E75L,EMBRAER ERJ-170-200 (long wing),0
takeoff,JFK,13R,1782673067.85,2026-06-28T18:57:47Z,40.645411,-73.810163,120.9,a96ba2,N706JB,A320,AIRBUS A-320,0
landing,LGA,22,1782673080.81,2026-06-28T18:58:00Z,40.77194,-73.881824,210.9,a9cd47,N730YX,E75L,EMBRAER ERJ-170-200 (long wing),0
takeoff,JFK,13R,1782673104.18,2026-06-28T18:58:24Z,40.649007,-73.810366,81.6,a51da1,N429FX,E545,EMBRAER EMB545 Praetor 500,0
landing,JFK,13L,1782673115.07,2026-06-28T18:58:35Z,40.64883,-73.770508,120.9,ac1e2d,N880DN,B739,BOEING 737-900,0
takeoff,LGA,22,1782673115.96,2026-06-28T18:58:35Z,40.78204,-73.873505,213.8,abf29f,N8690A,B738,BOEING 737-800,0
takeoff,JFK,13R,1782673137.16,2026-06-28T18:58:57Z,40.647785,-73.815422,120.9,a20347,N229JQ,E75L,EMBRAER ERJ-170-200 (long wing),0
landing,JFK,22L,1782673148.36,2026-06-28T18:59:08Z,40.640011,-73.758961,210.9,a71f1e,N558WG,C525,CESSNA 525 CitationJet,0
landing,LGA,22,1782673237.15,2026-06-28T19:00:37Z,40.77206,-73.88176,213.8,a07fa6,N131HQ,E75L,EMBRAER ERJ-170-200 (long wing),0
landing,JFK,22L,1782673238.63,2026-06-28T19:00:38Z,40.637123,-73.7612,210.9,738072,4X-ECB,B772,BOEING 777-200,0
takeoff,LGA,13,1782673270.06,2026-06-28T19:01:10Z,40.781564,-73.876986,120.9,ab3d17,N823MD,E170,EMBRAER ERJ-170-100,0
takeoff,JFK,13R,1782673300.57,2026-06-28T19:01:40Z,40.645469,-73.810288,120.9,acf849,N935AN,B738,BOEING 737-800,0
takeoff,LGA,13,1782673349.55,2026-06-28T19:02:29Z,40.780051,-73.873818,122.5,a56d7b,N449QS,E55P,EMBRAER EMB-505 Phenom 300,0
landing,JFK,22L,1782673374.61,2026-06-28T19:02:54Z,40.637846,-73.760662,210.9,a4cd23,N4083J,A21N,AIRBUS A-321neo,0
takeoff,LGA,13,1782673407.09,2026-06-28T19:03:27Z,40.781913,-73.877735,123.8,a0835d,N132HQ,E75L,EMBRAER ERJ-170-200 (long wing),0
landing,JFK,13L,1782673449.05,2026-06-28T19:04:09Z,40.650764,-73.774765,120.9,a35fc2,N3162J,BCS3,AIRBUS A220-300,0
landing,JFK,22L,1782673463.6,2026-06-28T19:04:23Z,40.634738,-73.763065,210.9,aaf5b1,N805NW,A333,AIRBUS A-330-300,0
takeoff,JFK,13R,1782673497.45,2026-06-28T19:04:57Z,40.645748,-73.810928,120.9,8990a0,B-18771,B77L,BOEING 777-200LR,0
landing,LGA,22,1782673571.33,2026-06-28T19:06:11Z,40.778399,-73.876518,210.9,a364e7,N318DU,BCS3,,0
takeoff,LGA,13,1782673590.12,2026-06-28T19:06:30Z,40.779648,-73.872971,123.8,a35701,N314PQ,CRJ9,BOMBARDIER Regional Jet CRJ-900,0
landing,JFK,22L,1782673613.28,2026-06-28T19:06:53Z,40.638463,-73.760178,208.1,ab5024,N828SA,PC12,PILATUS PC-12,0
landing,JFK,13L,1782673623.6,2026-06-28T19:07:03Z,40.649577,-73.772163,120.9,acd47e,N926AK,B39M,BOEING 737 MAX 9,0
landing,LGA,22,1782673662.64,2026-06-28T19:07:42Z,40.774933,-73.879349,210.9,a4eca6,N416YX,E75L,EMBRAER ERJ-170-200 (long wing),0
takeoff,LGA,13,1782673662.99,2026-06-28T19:07:42Z,40.781494,-73.876846,120.9,a0144e,N104HQ,E75L,EMBRAER ERJ-170-200 (long wing),0
landing,JFK,22L,1782673697.0,2026-06-28T19:08:17Z,40.63461,-73.76319,210.9,06a2af,A7-BEK,B77W,BOEING 777-300ER,0
takeoff,LGA,13,1782673711.32,2026-06-28T19:08:31Z,40.782154,-73.878235,123.8,a4bdb9,N404YX,E75L,EMBRAER ERJ-170-200 (long wing),0
landing,JFK,13L,1782673716.64,2026-06-28T19:08:36Z,40.649975,-73.773026,120.9,a70aa1,N553AS,B738,BOEING 737-800,0
takeoff,JFK,13R,1782673728.35,2026-06-28T19:08:48Z,40.645706,-73.810822,120.9,a37517,N3215J,BCS3,AIRBUS A220-300,0
landing,LGA,22,1782673746.2,2026-06-28T19:09:06Z,40.775291,-73.879077,210.9,a894f2,N652JB,A320,AIRBUS A-320,0
landing,JFK,22L,1782673814.93,2026-06-28T19:10:14Z,40.634846,-73.763,210.9,3c6717,D-AIXW,A359,AIRBUS A-350-900,0
landing,JFK,13L,1782673857.01,2026-06-28T19:10:57Z,40.651346,-73.776049,120.9,a35e6f,N316PQ,CRJ9,BOMBARDIER Regional Jet CRJ-900,0
takeoff,LGA,13,1782673876.64,2026-06-28T19:11:16Z,40.779934,-73.873581,120.9,aa6f80,N7713A,B737,BOEING 737-700,0
landing,JFK,22L,1782673892.4,2026-06-28T19:11:32Z,40.635285,-73.762644,209.6,48ae20,SP-LSA,B789,BOEING 787-9 Dreamliner,0
takeoff,JFK,13R,1782673911.65,2026-06-28T19:11:51Z,40.645981,-73.811432,123.8,a5e02d,N478PX,CRJ9,BOMBARDIER Regional Jet CRJ-900,0
landing,LGA,22,1782673917.73,2026-06-28T19:11:57Z,40.775288,-73.879074,210.9,acbffd,N920US,A321,AIRBUS A-321,0
takeoff,LGA,13,1782673950.33,2026-06-28T19:12:30Z,40.779533,-73.872742,120.9,a32f82,N304PQ,CRJ9,BOMBARDIER Regional Jet CRJ-900,0
landing,JFK,13L,1782673953.17,2026-06-28T19:12:33Z,40.650009,-73.773117,120.9,a14104,N180DN,B763,BOEING 767-300,0
landing,LGA,22,1782674012.07,2026-06-28T19:13:32Z,40.77564,-73.87875,210.9,acc7ae,N922XJ,CRJ9,BOMBARDIER Regional Jet CRJ-900,0
landing,JFK,22L,1782674020.62,2026-06-28T19:13:40Z,40.635448,-73.762535,210.9,89672f,A6-XWO,A35K,AIRBUS A-350-1000,0
takeoff,LGA,13,1782674023.53,2026-06-28T19:13:43Z,40.779947,-73.873631,120.9,c00899,C-FDGQ,A320,AIRBUS A-320,0
takeoff,JFK,13R,1782674033.89,2026-06-28T19:13:53Z,40.645924,-73.81131,120.9,aca79d,N914XJ,CRJ9,BOMBARDIER Regional Jet CRJ-900,0
landing,JFK,13L,1782674053.34,2026-06-28T19:14:13Z,40.649826,-73.772705,120.9,a1aaae,N2060J,A21N,AIRBUS A-321neo,0
takeoff,JFK,13R,1782674101.13,2026-06-28T19:15:01Z,40.646155,-73.811817,120.9,a967eb,N705JB,A320,AIRBUS A-320,0
landing,JFK,13L,1782674123.79,2026-06-28T19:15:23Z,40.650856,-73.774948,120.9,4a91b3,SE-DMS,A21N,AIRBUS A-321neo,0
takeoff,LGA,13,1782674134.9,2026-06-28T19:15:34Z,40.781797,-73.87747,120.9,a517dc,N427YX,E75L,EMBRAER ERJ-170-200 (long wing),0
landing,LGA,22,1782674135.84,2026-06-28T19:15:35Z,40.776157,-73.878342,210.9,a3245d,N301PQ,CRJ9,BOMBARDIER Regional Jet CRJ-900,0
takeoff,JFK,13R,1782674163.57,2026-06-28T19:16:03Z,40.645003,-73.809273,120.9,a3311b,N3044J,BCS3,AIRBUS A220-300,0
landing,JFK,13L,1782674219.54,2026-06-28T19:16:59Z,40.650146,-73.773407,120.9,a6833b,N519DT,A21N,AIRBUS A-321neo,0
landing,LGA,22,1782674229.45,2026-06-28T19:17:09Z,40.778236,-73.876643,210.9,a89fa3,N655DL,B752,BOEING 757-200,0
takeoff,LGA,13,1782674254.65,2026-06-28T19:17:34Z,40.780098,-73.873927,120.9,a08317,N132EV,CRJ9,BOMBARDIER Regional Jet CRJ-900,0
landing,JFK,22L,1782674271.51,2026-06-28T19:17:51Z,40.635251,-73.762675,210.9,a124b5,N173DZ,B763,BOEING 767-300,0
takeoff,JFK,13R,1782674277.09,2026-06-28T19:17:57Z,40.645329,-73.810013,120.9,ab2c0c,N819NW,A333,AIRBUS A-330-300,0
landing,JFK,13L,1782674295.48,2026-06-28T19:18:15Z,40.649872,-73.772766,120.9,a5fc87,N485PX,CRJ9,BOMBARDIER Regional Jet CRJ-900,0
landing,LGA,22,1782674312.51,2026-06-28T19:18:32Z,40.775105,-73.879233,210.9,a4a0cd,N398DA,B738,BOEING 737-800,0
takeoff,LGA,13,1782674329.08,2026-06-28T19:18:49Z,40.779865,-73.873444,120.9,a451cf,N378DA,B738,BOEING 737-800,0
landing,LGA,22,1782674386.66,2026-06-28T19:19:46Z,40.775931,-73.878531,210.9,a3e011,N349PQ,CRJ9,BOMBARDIER Regional Jet CRJ-900,0
landing,JFK,13L,1782674390.29,2026-06-28T19:19:50Z,40.649929,-73.772934,120.9,ad2f71,N949JT,A321,AIRBUS A-321,0
takeoff,LGA,13,1782674407.07,2026-06-28T19:20:07Z,40.781657,-73.877205,120.9,a1f46b,N225JQ,E75L,EMBRAER ERJ-170-200 (long wing),0
landing,JFK,22L,1782674412.9,2026-06-28T19:20:12Z,40.635262,-73.762675,209.6,4075c2,G-CKWP,B789,BOEING 787-9 Dreamliner,0
takeoff,JFK,13R,1782674431.24,2026-06-28T19:20:31Z,40.645387,-73.810116,126.6,a61173,N490PX,CRJ9,BOMBARDIER Regional Jet CRJ-900,0
landing,LGA,22,1782674456.9,2026-06-28T19:20:56Z,40.778352,-73.876565,210.9,a0b81e,N14531,A21N,AIRBUS A-321neo,0
landing,JFK,13L,1782674486.74,2026-06-28T19:21:26Z,40.649693,-73.772382,123.8,a37ec4,N324SH,B38M,BOEING 737 MAX 8,0
takeoff,LGA,13,1782674487.93,2026-06-28T19:21:27Z,40.780495,-73.874771,120.9,a72ca2,N561WN,B737,BOEING 737-700,0
takeoff,JFK,13R,1782674488.59,2026-06-28T19:21:28Z,40.645399,-73.810147,120.9,a0ebab,N159AN,A321,AIRBUS A-321,0
takeoff,JFK,13R,1782674547.92,2026-06-28T19:22:27Z,40.645725,-73.81085,120.9,a16273,N189DN,B763,BOEING 767-300,0
landing,JFK,13L,1782674567.19,2026-06-28T19:22:47Z,40.65031,-73.77374,120.9,acaf0b,N916XJ,CRJ9,BOMBARDIER Regional Jet CRJ-900,0
landing,LGA,22,1782674575.11,2026-06-28T19:22:55Z,40.776741,-73.877884,210.9,a5363e,N435FR,A20N,AIRBUS A-320neo,0
takeoff,LGA,13,1782674593.83,2026-06-28T19:23:13Z,40.779488,-73.872635,115.3,a34215,N309PQ,CRJ9,BOMBARDIER Regional Jet CRJ-900,0
takeoff,JFK,13R,1782674638.01,2026-06-28T19:23:58Z,40.64754,-73.814923,120.9,a19691,N201JQ,E75L,EMBRAER ERJ-170-200 (long wing),0
landing,LGA,22,1782674644.02,2026-06-28T19:24:04Z,40.776752,-73.877884,210.9,abfdf8,N872CB,B38M,BOEING 737 MAX 8,0
landing,JFK,13L,1782674680.61,2026-06-28T19:24:40Z,40.650501,-73.774216,120.9,a7dde1,N606DN,A21N,AIRBUS A-321neo,0
takeoff,JFK,13R,1782674711.71,2026-06-28T19:25:11Z,40.645806,-73.811084,120.9,0c21a3,HP-9801CMP,B38M,BOEING 737 MAX 8,0
landing,JFK,13L,1782674756.61,2026-06-28T19:25:56Z,40.650948,-73.775177,120.9,a353c8,N313UR,B38M,BOEING 737 MAX 8,0
takeoff,JFK,13R,1782674775.21,2026-06-28T19:26:15Z,40.645866,-73.811188,120.9,0d0c02,XA-VIU,A20N,AIRBUS A-320neo,0
landing,LGA,04,1782674782.3,2026-06-28T19:26:22Z,40.770869,-73.881231,33.8,a34bdc,N311PQ,CRJ9,BOMBARDIER Regional Jet CRJ-900,0
takeoff,LGA,22,1782674799.93,2026-06-28T19:26:39Z,40.781692,-73.873787,210.9,a8e6f2,N673AW,A320,AIRBUS A-320,0
landing,JFK,13L,1782674918.99,2026-06-28T19:28:38Z,40.649484,-73.771961,120.9,a445d9,N3746H,B738,BOEING 737-800,0
landing,LGA,22,1782674940.4,2026-06-28T19:29:00Z,40.774535,-73.879686,210.9,a0232a,N108HQ,E75L,EMBRAER ERJ-170-200 (long wing),0
takeoff,LGA,13,1782674951.84,2026-06-28T19:29:11Z,40.780518,-73.874786,120.9,adeca5,N997AA,A321,AIRBUS A-321,0
landing,LGA,22,1782675012.96,2026-06-28T19:30:12Z,40.773399,-73.88063,210.9,ac8583,N906AN,B738,BOEING 737-800,0
takeoff,LGA,13,1782675020.88,2026-06-28T19:30:20Z,40.780133,-73.87399,120.9,ac259b,N882DN,B739,BOEING 737-900,0
landing,LGA,22,1782675086.26,2026-06-28T19:31:26Z,40.776661,-73.877945,210.9,a48321,N390DN,A321,AIRBUS A-321,0
landing,JFK,22L,1782675099.12,2026-06-28T19:31:39Z,40.632539,-73.764798,210.9,3965a7,F-GZNH,B77W,BOEING 777-300ER,0
takeoff,LGA,13,1782675105.99,2026-06-28T19:31:45Z,40.780179,-73.874083,120.9,a0267b,N109DN,A321,AIRBUS A-321,0
takeoff,LGA,13,1782675213.82,2026-06-28T19:33:33Z,40.779568,-73.872787,120.9,ac83d5,N905XJ,CRJ9,BOMBARDIER Regional Jet CRJ-900,0
landing,JFK,13L,1782675233.58,2026-06-28T19:33:53Z,40.65073,-73.774673,120.9,a77dae,N582DN,A21N,,0
landing,JFK,22L,1782675239.67,2026-06-28T19:33:59Z,40.63475,-73.763065,210.9,a13386,N177DN,B763,BOEING 767-300,0
landing,LGA,22,1782675262.92,2026-06-28T19:34:22Z,40.774628,-73.879623,210.9,abe0df,N8646B,B738,BOEING 737-800,0
takeoff,JFK,13R,1782675272.49,2026-06-28T19:34:32Z,40.645466,-73.810257,122.4,8940a1,A9C-FJ,B789,BOEING 787-9 Dreamliner,0
takeoff,LGA,13,1782675279.93,2026-06-28T19:34:39Z,40.780307,-73.874333,120.9,a1b12a,N208QS,CL60,BOMBARDIER CL-600 Challenger,0
landing,JFK,13L,1782675323.59,2026-06-28T19:35:23Z,40.650473,-73.774145,120.9,a1a0a1,N2038J,A21N,AIRBUS A-321neo,0
landing,LGA,22,1782675367.98,2026-06-28T19:36:07Z,40.77166,-73.882058,213.8,a086ce,N133EV,CRJ9,BOMBARDIER Regional Jet CRJ-900,0
takeoff,LGA,13,1782675369.47,2026-06-28T19:36:09Z,40.779178,-73.871977,120.9,a749c8,N569QS,C68A,CESSNA 680 Citation Latitude,0
landing,JFK,13L,1782675412.49,2026-06-28T19:36:52Z,40.649059,-73.771027,120.9,a69424,N523AS,B738,BOEING 737-800,0
landing,JFK,22L,1782675423.36,2026-06-28T19:37:03Z,40.634331,-73.763377,210.9,ab3d41,N823NW,A333,AIRBUS A-330-300,0
landing,LGA,22,1782675438.8,2026-06-28T19:37:18Z,40.775885,-73.878593,210.9,a0540a,N120DN,A321,AIRBUS A-321,0
takeoff,JFK,13R,1782675440.05,2026-06-28T19:37:20Z,40.646072,-73.811676,120.9,a874e1,N644JB,A320,AIRBUS A-320,0
takeoff,LGA,13,1782675456.81,2026-06-28T19:37:36Z,40.780109,-73.873927,120.9,a0855d,N13227,B738,BOEING 737-800,0
takeoff,JFK,13R,1782675490.86,2026-06-28T19:38:10Z,40.64576,-73.810974,120.9,acb679,N918XJ,CRJ9,BOMBARDIER Regional Jet CRJ-900,0
landing,JFK,13L,1782675509.36,2026-06-28T19:38:29Z,40.651348,-73.776031,120.9,aae582,N8009T,A319,AIRBUS A-319,0
landing,LGA,22,1782675552.1,2026-06-28T19:39:12Z,40.776362,-73.878188,210.9,a3411f,N309DU,BCS3,AIRBUS A220-300,0
takeoff,LGA,13,1782675554.83,2026-06-28T19:39:14Z,40.781762,-73.877439,120.9,ab1d06,N815MD,E170,EMBRAER ERJ-170-100,0
landing,JFK,13L,1782675608.34,2026-06-28T19:40:08Z,40.649449,-73.771882,120.9,a3514f,N3125J,BCS3,,0
takeoff,JFK,13R,1782675623.22,2026-06-28T19:40:23Z,40.645935,-73.81134,120.9,ac7e60,N904DN,B739,BOEING 737-900,0
landing,LGA,22,1782675645.29,2026-06-28T19:40:45Z,40.776234,-73.878313,210.9,a437da,N371DN,A321,AIRBUS A-321,0
takeoff,LGA,13,1782675654.79,2026-06-28T19:40:54Z,40.782018,-73.877954,120.9,a04e60,N119HQ,E75L,EMBRAER ERJ-170-200 (long wing),0
landing,JFK,13L,1782675662.65,2026-06-28T19:41:02Z,40.651485,-73.776352,123.8,a35ab8,N315PQ,CRJ9,BOMBARDIER Regional Jet CRJ-900,0
takeoff,LGA,13,1782675721.62,2026-06-28T19:42:01Z,40.781914,-73.877731,123.8,abd41a,N861RW,E170,EMBRAER ERJ-170-100,0
landing,JFK,13L,1782675752.25,2026-06-28T19:42:32Z,40.651165,-73.775665,120.9,a88774,N649JB,A320,AIRBUS A-320,0
landing,JFK,22L,1782675753.39,2026-06-28T19:42:33Z,40.633935,-73.76369,210.9,4b1886,HB-JHM,A333,AIRBUS A-330-300,0
landing,LGA,22,1782675762.01,2026-06-28T19:42:42Z,40.774663,-73.879608,210.9,acbe37,N920AN,B738,BOEING 737-800,0
takeoff,JFK,13R,1782675771.28,2026-06-28T19:42:51Z,40.64569,-73.810772,120.9,a2f5b8,N290CM,B763,BOEING 767-300,0
takeoff,LGA,13,1782675800.65,2026-06-28T19:43:20Z,40.780197,-73.87413,120.9,a426a5,N367DN,A321,AIRBUS A-321,0
takeoff,JFK,13R,1782675829.51,2026-06-28T19:43:49Z,40.645608,-73.810631,120.9,a0f4b5,N1605,B763,BOEING 767-300,0
landing,JFK,13L,1782675840.36,2026-06-28T19:44:00Z,40.650284,-73.773697,123.8,acca19,N923JB,A321,AIRBUS A-321,0
takeoff,LGA,13,1782675859.41,2026-06-28T19:44:19Z,40.781776,-73.877426,120.9,ac159a,N878RW,E170,EMBRAER ERJ-170-100,0
takeoff,JFK,13R,1782675909.77,2026-06-28T19:45:09Z,40.647892,-73.815628,120.9,a0433b,N116HQ,E75L,EMBRAER ERJ-170-200 (long wing),0
landing,JFK,13L,1782675936.3,2026-06-28T19:45:36Z,40.649309,-73.771602,123.8,a22ac6,N239JQ,E75L,EMBRAER ERJ-170-200 (long wing),0
landing,LGA,22,1782675938.04,2026-06-28T19:45:38Z,40.774279,-73.879748,199.7,a1e946,N222JQ,E75L,EMBRAER ERJ-170-200 (long wing),0
takeoff,LGA,13,1782675954.3,2026-06-28T19:45:54Z,40.779877,-73.873474,123.8,a3b79c,N339DU,,,0
takeoff,JFK,13R,1782675991.28,2026-06-28T19:46:31Z,40.64558,-73.810547,120.9,a36b73,N3196J,BCS3,AIRBUS A220-300,0
landing,JFK,13L,1782676012.74,2026-06-28T19:46:52Z,40.650264,-73.773662,120.9,a6bbef,N533DT,A21N,AIRBUS A-321neo,0
landing,LGA,22,1782676023.49,2026-06-28T19:47:03Z,40.776269,-73.878266,208.1,a2000d,N228PQ,CRJ9,BOMBARDIER Regional Jet CRJ-900,0
takeoff,LGA,13,1782676039.11,2026-06-28T19:47:19Z,40.780063,-73.873818,123.8,a32bcb,N303PQ,CRJ9,BOMBARDIER Regional Jet CRJ-900,0
landing,JFK,13L,1782676097.65,2026-06-28T19:48:17Z,40.650501,-73.77417,123.8,abab67,N851DN,B739,BOEING 737-900,0
landing,JFK,22L,1782676110.77,2026-06-28T19:48:30Z,40.63624,-73.761911,210.9,406b05,G-STBL,B77W,BOEING 777-300ER,0
landing,LGA,22,1782676118.2,2026-06-28T19:48:38Z,40.774674,-73.879592,208.1,c00b78,C-FEIX,E75S,EMBRAER ERJ-170-200 (short wing),0
takeoff,LGA,13,1782676122.08,2026-06-28T19:48:42Z,40.779993,-73.873678,123.8,acf2e4,N933XJ,CRJ9,BOMBARDIER Regional Jet CRJ-900,0
takeoff,JFK,13R,1782676141.04,2026-06-28T19:49:01Z,40.64534,-73.810013,120.9,4ca4b0,EI-TYH,A339,AIRBUS A-330-900,0
landing,LGA,22,1782676173.77,2026-06-28T19:49:33Z,40.775265,-73.879074,210.9,a2c93f,N279PQ,CRJ9,BOMBARDIER Regional Jet CRJ-900,0
takeoff,LGA,13,1782676186.68,2026-06-28T19:49:46Z,40.779545,-73.872757,118.1,a1584a,N186PQ,CRJ9,BOMBARDIER Regional Jet CRJ-900,0
landing,LGA,22,1782676252.4,2026-06-28T19:50:52Z,40.775699,-73.87875,210.9,a0cdf3,N151AN,A321,AIRBUS A-321,0
takeoff,JFK,13R,1782676263.64,2026-06-28T19:51:03Z,40.645523,-73.81041,120.9,a35854,N3142J,BCS3,AIRBUS A220-300,0
takeoff,LGA,13,1782676272.48,2026-06-28T19:51:12Z,40.778721,-73.871033,120.9,a63805,N50EK,C56X,CESSNA 560XL Citation XLS,0
takeoff,JFK,13R,1782676297.0,2026-06-28T19:51:37Z,40.647526,-73.814835,120.9,a4cc95,N408YX,E75L,EMBRAER ERJ-170-200 (long wing),0
landing,JFK,13L,1782676300.15,2026-06-28T19:51:40Z,40.6496,-73.772179,120.9,a4e538,N414YX,E75L,EMBRAER ERJ-170-200 (long wing),0
landing,LGA,22,1782676325.72,2026-06-28T19:52:05Z,40.775997,-73.878494,210.9,ab62ad,N8324A,B738,BOEING 737-800,0
takeoff,LGA,13,1782676332.63,2026-06-28T19:52:12Z,40.781685,-73.877228,120.9,a4d04c,N409YX,E75L,EMBRAER ERJ-170-200 (long wing),0
landing,JFK,13L,1782676369.49,2026-06-28T19:52:49Z,40.649845,-73.772772,120.9,a19cc7,N2027J,A21N,AIRBUS A-321neo,0
landing,JFK,22L,1782676396.43,2026-06-28T19:53:16Z,40.636298,-73.761848,208.1,a5e9f4,N480PX,CRJ9,BOMBARDIER Regional Jet CRJ-900,0
takeoff,JFK,13R,1782676397.46,2026-06-28T19:53:17Z,40.645592,-73.810562,120.9,a3549d,N3132J,BCS3,AIRBUS A220-300,0
takeoff,LGA,13,1782676414.96,2026-06-28T19:53:34Z,40.780144,-73.874005,120.9,a34825,N310PQ,CRJ9,BOMBARDIER Regional Jet CRJ-900,0
landing,JFK,13L,1782676448.1,2026-06-28T19:54:08Z,40.650496,-73.774177,120.9,0d0e15,XA-DAJ,B38M,BOEING 737 MAX 8,0
landing,LGA,22,1782676469.06,2026-06-28T19:54:29Z,40.778584,-73.876373,210.9,c05ef7,C-GJZA,DH8D,DE HAVILLAND DHC-8-400 Dash 8,0
takeoff,LGA,13,1782676492.59,2026-06-28T19:54:52Z,40.780575,-73.874908,120.9,aaa5ae,N78511,B738,BOEING 737-800,0
landing,JFK,13L,1782676525.65,2026-06-28T19:55:25Z,40.649231,-73.771393,120.9,aa3b85,N759AN,B772,BOEING 777-200,0
landing,JFK,22L,1782676545.73,2026-06-28T19:55:45Z,40.631468,-73.76564,210.9,0c208d,HP-1830CMP,B738,BOEING 737-800,0
landing,LGA,22,1782676564.7,2026-06-28T19:56:04Z,40.776583,-73.878016,210.9,a6f98e,N549CA,CRJ9,BOMBARDIER Regional Jet CRJ-900,0
takeoff,LGA,13,1782676589.06,2026-06-28T19:56:29Z,40.779702,-73.873069,123.8,a32367,N301DU,BCS3,AIRBUS A220-300,0
takeoff,JFK,13R,1782676591.12,2026-06-28T19:56:31Z,40.645317,-73.809967,126.6,ab5024,N828SA,PC12,PILATUS PC-12,0
landing,JFK,13L,1782676652.22,2026-06-28T19:57:32Z,40.650077,-73.773256,120.9,ace60c,N930DZ,B739,BOEING 737-900,0
landing,LGA,22,1782676680.1,2026-06-28T19:58:00Z,40.774395,-73.879733,202.5,ac1f61,N880RW,E170,EMBRAER ERJ-170-100,0
takeoff,LGA,13,1782676683.76,2026-06-28T19:58:03Z,40.780689,-73.875153,123.8,a382ca,N325VM,B38M,BOEING 737 MAX 8,0
landing,JFK,13L,1782676746.3,2026-06-28T19:59:06Z,40.65102,-73.775347,120.9,a7a532,N592DT,A21N,AIRBUS A-321neo,0
landing,LGA,22,1782676746.45,2026-06-28T19:59:06Z,40.77562,-73.878784,210.9,aa56f8,N76533,B738,BOEING 737-800,0
takeoff,LGA,13,1782676761.01,2026-06-28T19:59:21Z,40.780655,-73.875046,120.9,a475a3,N387DN,A321,AIRBUS A-321,0
takeoff,JFK,13R,1782676766.44,2026-06-28T19:59:26Z,40.645695,-73.810791,120.9,aca99c,N915DU,B739,BOEING 737-900,0
landing,JFK,13L,1782676822.79,2026-06-28T20:00:22Z,40.649517,-73.772018,120.9,ad734a,N966JT,A321,AIRBUS A-321,0
landing,LGA,22,1782676823.46,2026-06-28T20:00:23Z,40.774498,-73.879654,202.5,a4e181,N413YX,E75L,EMBRAER ERJ-170-200 (long wing),0
takeoff,LGA,13,1782676833.04,2026-06-28T20:00:33Z,40.780243,-73.874207,120.9,acb4c1,N918DU,B739,BOEING 737-900,0
takeoff,JFK,13R,1782676854.17,2026-06-28T20:00:54Z,40.64548,-73.810335,120.9,ad6b0f,N964AN,B738,BOEING 737-800,0
landing,JFK,13L,1782676912.26,2026-06-28T20:01:52Z,40.650822,-73.774894,123.8,adbaca,N984JB,A321,AIRBUS A-321,0
landing,LGA,22,1782676914.49,2026-06-28T20:01:54Z,40.776606,-73.877985,210.9,a1094c,N166PQ,CRJ9,BOMBARDIER Regional Jet CRJ-900,0
takeoff,LGA,13,1782676924.9,2026-06-28T20:02:04Z,40.781657,-73.877189,120.9,a50192,N421YX,E75L,EMBRAER ERJ-170-200 (long wing),0
takeoff,JFK,13R,1782676965.36,2026-06-28T20:02:45Z,40.645969,-73.811396,118.1,a3dc5a,N348PQ,CRJ9,BOMBARDIER Regional Jet CRJ-900,0
takeoff,LGA,13,1782677013.3,2026-06-28T20:03:33Z,40.780028,-73.873771,120.9,a02c94,N110DX,A321,AIRBUS A-321,0
landing,JFK,13L,1782677013.98,2026-06-28T20:03:33Z,40.649666,-73.772415,120.9,a52cc8,N432YX,E75L,EMBRAER ERJ-170-200 (long wing),0
landing,LGA,22,1782677049.92,2026-06-28T20:04:09Z,40.777665,-73.877111,205.3,a17c12,N195PQ,CRJ9,BOMBARDIER Regional Jet CRJ-900,0
takeoff,JFK,13R,1782677052.6,2026-06-28T20:04:12Z,40.644951,-73.809174,120.9,3c6518,D-AIHX,A346,AIRBUS A-340-600,0
landing,JFK,13R,1782677053.18,2026-06-28T20:04:13Z,40.644814,-73.808868,120.9,3c6518,D-AIHX,A346,AIRBUS A-340-600,0
takeoff,JFK,13R,1782677053.18,2026-06-28T20:04:13Z,40.644814,-73.808868,120.9,3c6518,D-AIHX,A346,AIRBUS A-340-600,0
landing,JFK,13L,1782677081.82,2026-06-28T20:04:41Z,40.649986,-73.773056,120.9,a01fee,N107NN,A321,AIRBUS A-321,0
takeoff,LGA,13,1782677083.43,2026-06-28T20:04:43Z,40.779465,-73.872604,120.9,c066f0,C-GMZN,BCS3,AIRBUS A220-300,0
landing,LGA,22,1782677158.53,2026-06-28T20:05:58Z,40.776409,-73.878156,210.9,a32814,N302PQ,CRJ9,BOMBARDIER Regional Jet CRJ-900,0
landing,JFK,13L,1782677169.71,2026-06-28T20:06:09Z,40.648995,-73.770853,120.9,a35e9c,N316RK,B38M,BOEING 737 MAX 8,0
takeoff,JFK,13L,1782677169.71,2026-06-28T20:06:09Z,40.648995,-73.770853,120.9,a35e9c,N316RK,B38M,BOEING 737 MAX 8,0
landing,JFK,13L,1782677170.2,2026-06-28T20:06:10Z,40.648876,-73.770599,120.9,a35e9c,N316RK,B38M,BOEING 737 MAX 8,0
takeoff,LGA,13,1782677252.44,2026-06-28T20:07:32Z,40.781708,-73.877274,123.8,a23fb2,N244JQ,E75L,EMBRAER ERJ-170-200 (long wing),0
landing,JFK,13L,1782677282.57,2026-06-28T20:08:02Z,40.650421,-73.774017,123.8,ab53e4,N829SK,CRJ9,BOMBARDIER Regional Jet CRJ-900,0
landing,LGA,22,1782677290.23,2026-06-28T20:08:10Z,40.777759,-73.877033,210.9,a0b823,N14536,A21N,,0
takeoff,JFK,13R,1782677304.21,2026-06-28T20:08:24Z,40.645189,-73.809679,120.9,a35c0b,N3152J,BCS3,AIRBUS A220-300,0
landing,JFK,22L,1782677305.92,2026-06-28T20:08:25Z,40.630634,-73.766449,222.2,a1ccec,N215JQ,E75L,EMBRAER ERJ-170-200 (long wing),0
takeoff,LGA,13,1782677330.85,2026-06-28T20:08:50Z,40.781634,-73.877142,120.9,a9cd47,N730YX,E75L,EMBRAER ERJ-170-200 (long wing),0
takeoff,JFK,13R,1782677363.74,2026-06-28T20:09:23Z,40.645901,-73.811264,120.9,a32095,N300NY,A21N,AIRBUS A-321neo,0
takeoff,LGA,13,1782677409.12,2026-06-28T20:10:09Z,40.780354,-73.874427,120.9,a3479e,N310JE,CL35,BOMBARDIER BD-100 Challenger 350,0
landing,LGA,22,1782677465.78,2026-06-28T20:11:05Z,40.775163,-73.879155,210.9,abd063,N860RW,E170,EMBRAER ERJ-170-100,0
landing,JFK,13L,1782677474.51,2026-06-28T20:11:14Z,40.65095,-73.77516,120.9,a6eacf,N545DE,A21N,AIRBUS A-321neo,0
takeoff,LGA,13,1782677476.83,2026-06-28T20:11:16Z,40.781467,-73.876801,120.9,ab5bb1,N8307K,B738,BOEING 737-800,0
takeoff,JFK,13R,1782677502.24,2026-06-28T20:11:42Z,40.646027,-73.811539,120.9,0aca5f,HK-5389,A20N,AIRBUS A-320neo,0
takeoff,LGA,13,1782677557.45,2026-06-28T20:12:37Z,40.781669,-73.877205,120.9,abc2e5,N857RW,E170,EMBRAER ERJ-170-100,0
landing,LGA,22,1782677633.64,2026-06-28T20:13:53Z,40.77727,-73.877439,210.9,c035bf,C-FUJE,E75S,EMBRAER ERJ-170-200 (short wing),0
takeoff,LGA,13,1782677640.58,2026-06-28T20:14:00Z,40.781696,-73.877258,120.9,a1ff90,N228JQ,E75L,EMBRAER ERJ-170-200 (long wing),0
landing,JFK,22L,1782677640.84,2026-06-28T20:14:00Z,40.635495,-73.762488,209.6,740827,JY-BAG,B788,BOEING 787-8 Dreamliner,0
takeoff,JFK,13R,1782677672.9,2026-06-28T20:14:32Z,40.645504,-73.810381,120.9,8966d5,A6-XWN,A35K,AIRBUS A-350-1000,0
landing,LGA,22,1782677687.98,2026-06-28T20:14:47Z,40.782553,-73.873085,210.9,ab5024,N828SA,PC12,PILATUS PC-12,0
takeoff,LGA,13,1782677717.87,2026-06-28T20:15:17Z,40.780174,-73.874084,123.8,aac3f4,N793JB,A320,AIRBUS A-320,0
landing,LGA,22,1782677772.37,2026-06-28T20:16:12Z,40.777725,-73.87706,210.9,a422f7,N366DX,A321,AIRBUS A-321,0
takeoff,JFK,13R,1782677792.29,2026-06-28T20:16:32Z,40.645695,-73.810806,120.9,ad38bf,N951DX,B739,BOEING 737-900,0
takeoff,LGA,13,1782677795.1,2026-06-28T20:16:35Z,40.780586,-73.874939,120.9,a3a65f,N334TL,B38M,BOEING 737 MAX 8,0
landing,JFK,13L,1782677824.48,2026-06-28T20:17:04Z,40.651932,-73.777328,120.9,ac756c,N9011P,A319,AIRBUS A-319,0
takeoff,JFK,13R,1782677861.77,2026-06-28T20:17:41Z,40.645888,-73.811224,120.9,0c2188,HP-9927CMP,B39M,BOEING 737 MAX 9,0
takeoff,LGA,13,1782677874.27,2026-06-28T20:17:54Z,40.781716,-73.877283,123.8,a4e8ef,N415YX,E75L,EMBRAER ERJ-170-200 (long wing),0
landing,LGA,04,1782677898.75,2026-06-28T20:18:18Z,40.772999,-73.879532,61.9,a1a56d,N205JQ,E75L,EMBRAER ERJ-170-200 (long wing),0
landing,JFK,22L,1782677995.67,2026-06-28T20:19:55Z,40.636322,-73.761856,210.9,71000c,HZ-CMJ,A319,AIRBUS A-319,0
takeoff,JFK,13R,1782678016.38,2026-06-28T20:20:16Z,40.645592,-73.810577,120.9,a349be,N3104J,BCS3,AIRBUS A220-300,0
landing,LGA,22,1782678059.38,2026-06-28T20:20:59Z,40.775187,-73.879155,210.9,a336df,N306NY,B738,BOEING 737-800,0
takeoff,JFK,13R,1782678066.06,2026-06-28T20:21:06Z,40.646141,-73.811798,120.9,ad5329,N958JB,A321,AIRBUS A-321,0
takeoff,LGA,13,1782678066.75,2026-06-28T20:21:06Z,40.78054,-73.874847,120.9,a3245d,N301PQ,CRJ9,BOMBARDIER Regional Jet CRJ-900,0
takeoff,LGA,13,1782678131.33,2026-06-28T20:22:11Z,40.780598,-73.874954,123.8,ac72f0,N901AN,B738,BOEING 737-800,0
takeoff,JFK,13R,1782678136.5,2026-06-28T20:22:16Z,40.645748,-73.810896,120.9,a36eae,N320DU,BCS3,AIRBUS A220-300,0
landing,JFK,13L,1782678147.26,2026-06-28T20:22:27Z,40.650124,-73.773361,123.8,a387f0,N3267J,BCS3,,0
landing,LGA,22,1782678169.24,2026-06-28T20:22:49Z,40.777398,-73.877345,213.8,a36994,N319PQ,CRJ9,BOMBARDIER Regional Jet CRJ-900,0
takeoff,JFK,13R,1782678203.03,2026-06-28T20:23:23Z,40.64558,-73.810562,120.9,add734,N991JT,A321,AIRBUS A-321,0
landing,JFK,13L,1782678228.43,2026-06-28T20:23:48Z,40.650524,-73.774277,119.6,7c8069,VH-ZNF,B789,BOEING 787-9 Dreamliner,0
landing,LGA,22,1782678232.51,2026-06-28T20:23:52Z,40.776362,-73.878203,210.9,a9d626,N73291,B738,BOEING 737-800,0
takeoff,LGA,22,1782678232.51,2026-06-28T20:23:52Z,40.776362,-73.878203,210.9,a9d626,N73291,B738,BOEING 737-800,0
landing,LGA,22,1782678232.95,2026-06-28T20:23:52Z,40.776513,-73.878078,210.9,a9d626,N73291,B738,BOEING 737-800,0
landing,JFK,22L,1782678291.48,2026-06-28T20:24:51Z,40.63326,-73.764251,209.6,ab9630,N846AN,B789,BOEING 787-9 Dreamliner,0
landing,JFK,13L,1782678315.88,2026-06-28T20:25:15Z,40.65136,-73.776077,120.9,47c1c2,LN-RKU,A333,AIRBUS A-330-300,0
takeoff,JFK,13R,1782678328.94,2026-06-28T20:25:28Z,40.645157,-73.809647,120.9,a71f1e,N558WG,C525,CESSNA 525 CitationJet,0
landing,LGA,22,1782678353.35,2026-06-28T20:25:53Z,40.772003,-73.881775,210.9,a8a490,N656RW,E170,EMBRAER ERJ-170-100,0
takeoff,LGA,13,1782678377.55,2026-06-28T20:26:17Z,40.780109,-73.873943,126.6,a3e011,N349PQ,CRJ9,BOMBARDIER Regional Jet CRJ-900,0
landing,LGA,22,1782678428.07,2026-06-28T20:27:08Z,40.776512,-73.878082,213.8,a091f3,N136EV,CRJ9,BOMBARDIER Regional Jet CRJ-900,0
landing,JFK,13L,1782678472.85,2026-06-28T20:27:52Z,40.65089,-73.77504,120.9,a37c1c,N3232J,BCS3,,0
landing,LGA,22,1782678480.56,2026-06-28T20:28:00Z,40.777622,-73.877151,210.9,ab52a2,N829DN,B739,BOEING 737-900,0
landing,JFK,22L,1782678490.35,2026-06-28T20:28:10Z,40.635891,-73.762191,210.9,a398bc,N3304J,BCS3,AIRBUS A220-300,0
takeoff,JFK,13R,1782678521.81,2026-06-28T20:28:41Z,40.645736,-73.810881,120.9,acab54,N915XJ,CRJ9,BOMBARDIER Regional Jet CRJ-900,0
landing,JFK,13L,1782678537.86,2026-06-28T20:28:57Z,40.650146,-73.773407,120.9,a1314e,N176UW,A321,AIRBUS A-321,0
landing,JFK,13R,1782678547.26,2026-06-28T20:29:07Z,40.649185,-73.810776,104.1,a459a6,N38HF,S76,SIKORSKY S-76 Spirit,0
landing,LGA,22,1782678575.33,2026-06-28T20:29:35Z,40.777631,-73.877142,210.9,a15795,N186GJ,CRJ9,BOMBARDIER Regional Jet CRJ-900,0
takeoff,LGA,13,1782678591.72,2026-06-28T20:29:51Z,40.780086,-73.873896,120.9,acc7ae,N922XJ,CRJ9,BOMBARDIER Regional Jet CRJ-900,0
landing,JFK,13L,1782678622.0,2026-06-28T20:30:22Z,40.651171,-73.77569,120.9,a04a49,N118DU,BCS1,AIRBUS A220-100,0
landing,JFK,22L,1782678668.71,2026-06-28T20:31:08Z,40.635716,-73.762332,210.9,4cabd4,EI-LRH,A21N,AIRBUS A-321neo,0
takeoff,JFK,13R,1782678673.47,2026-06-28T20:31:13Z,40.647773,-73.815375,120.9,a19a48,N202JQ,E75L,EMBRAER ERJ-170-200 (long wing),0
landing,JFK,13L,1782678675.42,2026-06-28T20:31:15Z,40.650636,-73.774489,120.9,ac7b1b,N903JB,A321,AIRBUS A-321,0
landing,LGA,22,1782678686.34,2026-06-28T20:31:26Z,40.77507,-73.879249,213.8,a8996b,N653RW,E170,EMBRAER ERJ-170-100,0
takeoff,LGA,13,1782678696.84,2026-06-28T20:31:36Z,40.781529,-73.876892,123.8,a1b449,N209JQ,E75L,EMBRAER ERJ-170-200 (long wing),0
landing,JFK,13L,1782678746.99,2026-06-28T20:32:26Z,40.651602,-73.776627,120.9,c02655,C-FONK,B738,BOEING 737-800,0
takeoff,JFK,13R,1782678755.92,2026-06-28T20:32:35Z,40.64555,-73.810506,120.9,aaa326,N785AN,B772,BOEING 777-200,0
landing,LGA,22,1782678764.21,2026-06-28T20:32:44Z,40.774488,-73.879655,199.7,ac0a75,N875RW,E170,EMBRAER ERJ-170-100,0
landing,LGA,22,1782678823.13,2026-06-28T20:33:43Z,40.774791,-73.879499,210.9,c03330,C-FTJZ,CRJ9,BOMBARDIER Regional Jet CRJ-900,0
landing,JFK,13L,1782678845.35,2026-06-28T20:34:05Z,40.651055,-73.775441,120.9,a3871e,N3261J,BCS3,,0
takeoff,JFK,13R,1782678889.6,2026-06-28T20:34:49Z,40.645667,-73.81074,120.9,ac801e,N904XJ,CRJ9,BOMBARDIER Regional Jet CRJ-900,0
landing,JFK,22L,1782678893.59,2026-06-28T20:34:53Z,40.634145,-73.763549,210.9,ab84ab,N841MH,B764,BOEING 767-400,0
landing,JFK,13L,1782678907.57,2026-06-28T20:35:07Z,40.651125,-73.775565,123.8,a39243,N3291J,BCS3,AIRBUS A220-300,0
takeoff,LGA,13,1782678915.91,2026-06-28T20:35:15Z,40.780144,-73.874005,123.8,a44d1c,N3765,B738,BOEING 737-800,0
takeoff,JFK,13R,1782678948.98,2026-06-28T20:35:48Z,40.645752,-73.810928,120.9,a3c233,N341NB,A319,AIRBUS A-319,0
landing,JFK,13L,1782679008.21,2026-06-28T20:36:48Z,40.65033,-73.773773,120.9,a37fb0,N3241J,BCS3,AIRBUS A220-300,0
landing,LGA,22,1782679010.72,2026-06-28T20:36:50Z,40.775117,-73.879202,210.9,a4b294,N401YX,E75L,EMBRAER ERJ-170-200 (long wing),0
landing,JFK,22L,1782679068.82,2026-06-28T20:37:48Z,40.633319,-73.764189,208.1,ab4fae,N828MH,B764,BOEING 767-400,0
landing,LGA,22,1782679084.94,2026-06-28T20:38:04Z,40.775478,-73.878937,210.9,ab282b,N818MD,E170,EMBRAER ERJ-170-100,0
takeoff,JFK,13R,1782679089.07,2026-06-28T20:38:09Z,40.645806,-73.811037,120.9,a01c37,N106NN,A321,AIRBUS A-321,0
landing,JFK,13L,1782679135.2,2026-06-28T20:38:55Z,40.651062,-73.775421,120.9,a36b50,N3195J,BCS3,,0
landing,LGA,22,1782679139.25,2026-06-28T20:38:59Z,40.777281,-73.877407,213.8,adc531,N987AM,A321,AIRBUS A-321,0
landing,LGA,22,1782679220.88,2026-06-28T20:40:20Z,40.775459,-73.878952,210.9,ac8b43,N907XJ,CRJ9,BOMBARDIER Regional Jet CRJ-900,0
landing,JFK,22L,1782679225.91,2026-06-28T20:40:25Z,40.63512,-73.762787,210.9,ab6851,N834MH,B764,BOEING 767-400,0
takeoff,JFK,13R,1782679250.62,2026-06-28T20:40:50Z,40.645469,-73.810319,120.9,ab35d3,N821NW,A333,AIRBUS A-330-300,0
landing,LGA,22,1782679343.73,2026-06-28T20:42:23Z,40.775024,-73.879288,210.9,a1acdb,N207JQ,E75L,EMBRAER ERJ-170-200 (long wing),0
takeoff,LGA,13,1782679352.97,2026-06-28T20:42:32Z,40.780133,-73.87399,123.8,a4a0cd,N398DA,B738,BOEING 737-800,0
takeoff,JFK,13R,1782679358.95,2026-06-28T20:42:38Z,40.645832,-73.811096,120.9,a3d90a,N347TT,B38M,BOEING 737 MAX 8,0
takeoff,LGA,13,1782679423.9,2026-06-28T20:43:43Z,40.78061,-73.875004,120.9,abfdf8,N872CB,B38M,BOEING 737 MAX 8,0
landing,JFK,13L,1782679444.89,2026-06-28T20:44:04Z,40.651579,-73.776549,120.9,a67452,N515DE,A21N,AIRBUS A-321neo,0
takeoff,JFK,13R,1782679452.82,2026-06-28T20:44:12Z,40.646272,-73.812082,120.9,adde95,N993JE,A321,AIRBUS A-321,0
landing,LGA,22,1782679506.61,2026-06-28T20:45:06Z,40.776327,-73.878203,210.9,abf9d5,N8708Q,B38M,BOEING 737 MAX 8,0
takeoff,JFK,13R,1782679533.57,2026-06-28T20:45:33Z,40.646198,-73.811951,120.9,a1cb05,N2142J,A21N,AIRBUS A-321neo,0
takeoff,LGA,13,1782679537.4,2026-06-28T20:45:37Z,40.780277,-73.874283,120.9,aa7e99,N77542,B738,BOEING 737-800,0
landing,JFK,13L,1782679589.64,2026-06-28T20:46:29Z,40.650799,-73.774879,120.9,ab4c1d,N827NW,A333,AIRBUS A-330-300,0
takeoff,JFK,13R,1782679591.37,2026-06-28T20:46:31Z,40.647652,-73.815125,123.8,a01bbc,N106HQ,E75L,EMBRAER ERJ-170-200 (long wing),0
takeoff,LGA,13,1782679594.92,2026-06-28T20:46:34Z,40.781727,-73.877345,123.8,a0232a,N108HQ,E75L,EMBRAER ERJ-170-200 (long wing),0
landing,LGA,22,1782679672.79,2026-06-28T20:47:52Z,40.77507,-73.879264,210.9,a866c7,N640RW,E170,EMBRAER ERJ-170-100,0
takeoff,LGA,22,1782679715.44,2026-06-28T20:48:35Z,40.781536,-73.873932,210.9,a78945,N585JB,A320,AIRBUS A-320,0
takeoff,JFK,13R,1782679727.74,2026-06-28T20:48:47Z,40.645363,-73.810074,120.9,a3298a,N3023J,BCS3,AIRBUS A220-300,0
landing,JFK,13L,1782679738.98,2026-06-28T20:48:58Z,40.650673,-73.774597,120.9,ab80f4,N840MH,B764,BOEING 767-400,0
takeoff,JFK,13R,1782679789.59,2026-06-28T20:49:49Z,40.645741,-73.810928,120.9,adf128,N998JE,A321,AIRBUS A-321,0
takeoff,LGA,13,1782679873.48,2026-06-28T20:51:13Z,40.779591,-73.872864,123.8,a364e7,N318DU,BCS3,,0
landing,JFK,22L,1782679903.13,2026-06-28T20:51:43Z,40.63599,-73.762115,210.9,40683e,G-VUFO,A333,AIRBUS A-330-300,0
landing,JFK,13L,1782679916.64,2026-06-28T20:51:56Z,40.652081,-73.777679,120.9,a85c3e,N638JB,A320,AIRBUS A-320,0
takeoff,JFK,13R,1782679922.24,2026-06-28T20:52:02Z,40.645387,-73.810116,122.4,0d11ed,XA-AMQ,B789,BOEING 787-9 Dreamliner,0
landing,LGA,22,1782679951.37,2026-06-28T20:52:31Z,40.777689,-73.877111,210.9,ace7bf,N930XJ,CRJ9,BOMBARDIER Regional Jet CRJ-900,0
takeoff,LGA,13,1782679975.56,2026-06-28T20:52:55Z,40.780156,-73.874052,120.9,a3271e,N302DU,BCS3,AIRBUS A220-300,0
takeoff,JFK,13R,1782680021.4,2026-06-28T20:53:41Z,40.647652,-73.815125,120.9,a1a924,N206JQ,E75L,EMBRAER ERJ-170-200 (long wing),0
landing,LGA,22,1782680046.36,2026-06-28T20:54:06Z,40.777542,-73.877228,210.9,a0b826,N14539,A21N,,0
landing,JFK,13L,1782680047.3,2026-06-28T20:54:07Z,40.649589,-73.772163,120.9,acae2e,N916NN,B738,BOEING 737-800,0
takeoff,LGA,13,1782680058.06,2026-06-28T20:54:18Z,40.781529,-73.876924,123.8,c00b78,C-FEIX,E75S,EMBRAER ERJ-170-200 (short wing),0
takeoff,JFK,13R,1782680102.54,2026-06-28T20:55:02Z,40.643921,-73.806915,120.9,a70aa1,N553AS,B738,BOEING 737-800,0
landing,LGA,22,1782680125.69,2026-06-28T20:55:25Z,40.777223,-73.877485,210.9,a335fa,N306DU,BCS3,AIRBUS A220-300,0
takeoff,LGA,13,1782680155.72,2026-06-28T20:55:55Z,40.781972,-73.877829,123.8,a07fa6,N131HQ,E75L,EMBRAER ERJ-170-200 (long wing),0
landing,JFK,13L,1782680168.41,2026-06-28T20:56:08Z,40.649589,-73.772179,120.9,aca02f,N912XJ,CRJ9,BOMBARDIER Regional Jet CRJ-900,0
landing,LGA,22,1782680226.08,2026-06-28T20:57:06Z,40.774715,-73.879562,210.9,c0619f,C-GKZE,B738,BOEING 737-800,0
landing,LGA,22,1782680281.28,2026-06-28T20:58:01Z,40.777245,-73.877472,210.9,a06a54,N126DN,A321,AIRBUS A-321,0
landing,JFK,13L,1782680357.67,2026-06-28T20:59:17Z,40.650927,-73.775144,123.8,a6152a,N491PX,CRJ9,BOMBARDIER Regional Jet CRJ-900,0
takeoff,JFK,13R,1782680367.33,2026-06-28T20:59:27Z,40.645469,-73.810288,120.9,3c7a45,D-ANRE,A339,AIRBUS A-330-900,0
landing,LGA,22,1782680370.76,2026-06-28T20:59:30Z,40.775093,-73.879218,210.9,a2348d,N241JQ,E75L,EMBRAER ERJ-170-200 (long wing),0
takeoff,LGA,13,1782680381.28,2026-06-28T20:59:41Z,40.780518,-73.874802,123.8,a48321,N390DN,A321,AIRBUS A-321,0
landing,LGA,22,1782680432.15,2026-06-28T21:00:32Z,40.777084,-73.877609,210.9,abebbe,N8674B,B738,BOEING 737-800,0
takeoff,LGA,13,1782680462.72,2026-06-28T21:01:02Z,40.781685,-73.877228,123.8,a89d22,N654RW,E170,EMBRAER ERJ-170-100,0
landing,JFK,13L,1782680477.14,2026-06-28T21:01:17Z,40.650192,-73.773529,119.6,ab30e6,N820AL,B789,BOEING 787-9 Dreamliner,0
takeoff,JFK,13R,1782680487.95,2026-06-28T21:01:27Z,40.64583,-73.811099,120.9,a3244c,N301NY,A21N,AIRBUS A-321neo,0
landing,LGA,22,1782680523.76,2026-06-28T21:02:03Z,40.776112,-73.878403,210.9,a05c59,N122NN,A321,AIRBUS A-321,0
takeoff,JFK,13R,1782680542.73,2026-06-28T21:02:22Z,40.645992,-73.811474,120.9,a641bf,N502DX,A21N,AIRBUS A-321neo,0
takeoff,LGA,22,1782680561.69,2026-06-28T21:02:41Z,40.781994,-73.87355,210.9,a894f2,N652JB,A320,AIRBUS A-320,0
takeoff,JFK,13R,1782680605.2,2026-06-28T21:03:25Z,40.645713,-73.810834,120.9,394a07,F-GSQH,B77W,BOEING 777-300ER,0
landing,LGA,22,1782680644.21,2026-06-28T21:04:04Z,40.776048,-73.878453,210.9,acf975,N935NN,B738,BOEING 737-800,0
landing,JFK,13L,1782680657.09,2026-06-28T21:04:17Z,40.650982,-73.775269,120.9,a98539,N712TW,B752,BOEING 757-200,0
takeoff,JFK,13R,1782680684.52,2026-06-28T21:04:44Z,40.64548,-73.810335,120.9,aac366,N793CK,B77L,BOEING 777-200LR,0
landing,LGA,22,1782680731.94,2026-06-28T21:05:31Z,40.779656,-73.875504,212.4,ad1926,N943JS,C680,CESSNA 680 Citation Sovereign,0
takeoff,JFK,13R,1782680747.77,2026-06-28T21:05:47Z,40.645271,-73.809898,120.9,4ca5c7,EI-DUZ,A333,AIRBUS A-330-300,0
landing,JFK,13L,1782680753.14,2026-06-28T21:05:53Z,40.650478,-73.774155,120.9,a358bd,N3145J,BCS3,AIRBUS A220-300,0
takeoff,JFK,13R,1782680828.02,2026-06-28T21:07:08Z,40.6455,-73.810379,120.9,a1574e,N186DN,B763,BOEING 767-300,0
landing,JFK,13L,1782680848.62,2026-06-28T21:07:28Z,40.649996,-73.773131,120.9,ad8bed,N972JT,A321,AIRBUS A-321,0
landing,LGA,22,1782680870.89,2026-06-28T21:07:50Z,40.777336,-73.877396,210.9,a7bbe9,N598JB,A320,AIRBUS A-320,0
takeoff,LGA,13,1782680891.31,2026-06-28T21:08:11Z,40.780598,-73.874989,120.9,a5363e,N435FR,A20N,AIRBUS A-320neo,0
landing,JFK,22L,1782680909.4,2026-06-28T21:08:29Z,40.634789,-73.763046,210.9,a4dbef,N412DX,A339,AIRBUS A-330-900,0
takeoff,JFK,13R,1782680950.9,2026-06-28T21:09:10Z,40.644974,-73.809235,120.9,4b187a,HB-JHA,A333,AIRBUS A-330-300,0
landing,LGA,22,1782680951.66,2026-06-28T21:09:11Z,40.774109,-73.879868,194.1,a51425,N426YX,E75L,EMBRAER ERJ-170-200 (long wing),0
takeoff,LGA,13,1782680960.91,2026-06-28T21:09:20Z,40.779636,-73.87291,118.1,a6f98e,N549CA,CRJ9,BOMBARDIER Regional Jet CRJ-900,0
landing,LGA,22,1782681025.65,2026-06-28T21:10:25Z,40.774651,-73.879592,208.1,abdb88,N863RW,E170,EMBRAER ERJ-170-100,0
takeoff,LGA,13,1782681038.47,2026-06-28T21:10:38Z,40.780098,-73.873927,123.8,ac8583,N906AN,B738,BOEING 737-800,0
landing,LGA,22,1782681080.25,2026-06-28T21:11:20Z,40.777456,-73.877314,210.9,a449f1,N3759,B738,BOEING 737-800,0
landing,JFK,13L,1782681095.4,2026-06-28T21:11:35Z,40.650433,-73.774033,120.9,a36a19,N319UY,B38M,BOEING 737 MAX 8,0
landing,JFK,22L,1782681102.27,2026-06-28T21:11:42Z,40.638381,-73.760225,210.9,48436e,PH-BQG,B772,BOEING 777-200,0
takeoff,LGA,13,1782681109.44,2026-06-28T21:11:49Z,40.780609,-73.875,123.8,abe0df,N8646B,B738,BOEING 737-800,0
landing,LGA,13,1782681111.75,2026-06-28T21:11:51Z,40.780117,-73.873962,123.8,abe0df,N8646B,B738,BOEING 737-800,0
takeoff,LGA,13,1782681111.75,2026-06-28T21:11:51Z,40.780117,-73.873962,123.8,abe0df,N8646B,B738,BOEING 737-800,0
landing,LGA,13,1782681112.48,2026-06-28T21:11:52Z,40.779911,-73.873535,123.8,abe0df,N8646B,B738,BOEING 737-800,0
takeoff,LGA,13,1782681112.48,2026-06-28T21:11:52Z,40.779911,-73.873535,123.8,abe0df,N8646B,B738,BOEING 737-800,0
takeoff,JFK,13R,1782681128.25,2026-06-28T21:12:08Z,40.64764,-73.81514,120.9,a22ac6,N239JQ,E75L,EMBRAER ERJ-170-200 (long wing),0
landing,LGA,22,1782681170.74,2026-06-28T21:12:50Z,40.777496,-73.877258,210.9,ab678e,N834DN,B739,BOEING 737-900,0
takeoff,JFK,13R,1782681194.75,2026-06-28T21:13:14Z,40.645683,-73.810806,120.9,a13391,N177DZ,B763,BOEING 767-300,0
takeoff,LGA,22,1782681221.24,2026-06-28T21:13:41Z,40.782216,-73.87335,210.9,accb22,N923US,A321,AIRBUS A-321,0
landing,JFK,13L,1782681249.54,2026-06-28T21:14:09Z,40.650169,-73.773499,120.9,acdd1b,N928NN,B738,BOEING 737-800,0
takeoff,JFK,13R,1782681292.79,2026-06-28T21:14:52Z,40.645935,-73.811325,120.9,ac1e2d,N880DN,B739,BOEING 737-900,0
landing,LGA,22,1782681379.9,2026-06-28T21:16:19Z,40.77564,-73.878812,210.9,aaa593,N78509,B738,BOEING 737-800,0
takeoff,JFK,13R,1782681383.59,2026-06-28T21:16:23Z,40.645924,-73.81131,120.9,48436a,PH-BQC,B772,BOEING 777-200,0
takeoff,LGA,13,1782681390.93,2026-06-28T21:16:30Z,40.779609,-73.872882,123.8,a17c12,N195PQ,CRJ9,BOMBARDIER Regional Jet CRJ-900,0
landing,LGA,22,1782681475.64,2026-06-28T21:17:55Z,40.774779,-73.879452,208.1,abd7d1,N862RW,E170,EMBRAER ERJ-170-100,0
takeoff,LGA,13,1782681479.93,2026-06-28T21:17:59Z,40.77976,-73.873241,120.9,a2c93f,N279PQ,CRJ9,BOMBARDIER Regional Jet CRJ-900,0
landing,JFK,22L,1782681493.46,2026-06-28T21:18:13Z,40.634617,-73.763168,210.9,4c0224,YU-ARE,A332,AIRBUS A-330-200,0
takeoff,JFK,13R,1782681515.72,2026-06-28T21:18:35Z,40.645841,-73.811115,120.9,a9605b,N703GT,B77L,BOEING 777-200LR,0
landing,LGA,22,1782681536.25,2026-06-28T21:18:56Z,40.778026,-73.876814,210.9,a1fd03,N227WN,B737,BOEING 737-700,0
takeoff,LGA,13,1782681546.65,2026-06-28T21:19:06Z,40.781857,-73.877579,123.8,abbb77,N855RW,E170,EMBRAER ERJ-170-100,0
landing,LGA,22,1782681614.35,2026-06-28T21:20:14Z,40.775012,-73.879311,210.9,a01f73,N107HQ,E75L,EMBRAER ERJ-170-200 (long wing),0
takeoff,LGA,13,1782681628.3,2026-06-28T21:20:28Z,40.779785,-73.873245,120.9,a2000d,N228PQ,CRJ9,BOMBARDIER Regional Jet CRJ-900,0
takeoff,JFK,13R,1782681651.88,2026-06-28T21:20:51Z,40.646244,-73.812027,120.9,a71ded,N558JB,A320,AIRBUS A-320,0
landing,JFK,13L,1782681658.47,2026-06-28T21:20:58Z,40.650508,-73.774208,120.9,a797b4,N589DT,A21N,AIRBUS A-321neo,0
takeoff,JFK,13R,1782681695.25,2026-06-28T21:21:35Z,40.645786,-73.811005,120.9,a445d9,N3746H,B738,BOEING 737-800,0
takeoff,LGA,13,1782681698.44,2026-06-28T21:21:38Z,40.780622,-73.874989,123.8,a437da,N371DN,A321,AIRBUS A-321,0
takeoff,JFK,13R,1782681762.65,2026-06-28T21:22:42Z,40.64534,-73.809998,120.9,a4f5f0,N419DX,A339,AIRBUS A-330-900,0
landing,JFK,13L,1782681767.73,2026-06-28T21:22:47Z,40.649929,-73.772964,120.9,a64ce6,N505DZ,A21N,AIRBUS A-321neo,0
takeoff,LGA,13,1782681777.5,2026-06-28T21:22:57Z,40.780598,-73.874973,123.8,ab62ad,N8324A,B738,BOEING 737-800,0
takeoff,JFK,13R,1782681833.33,2026-06-28T21:23:53Z,40.645947,-73.811356,120.9,780a3b,B-KQI,B77W,BOEING 777-300ER,0
takeoff,LGA,13,1782681865.42,2026-06-28T21:24:25Z,40.779586,-73.872851,123.8,a3411f,N309DU,BCS3,AIRBUS A220-300,0
landing,JFK,13L,1782681882.07,2026-06-28T21:24:42Z,40.649833,-73.772725,120.9,a801a9,N615DN,A21N,AIRBUS A-321neo,0
takeoff,JFK,13R,1782681933.43,2026-06-28T21:25:33Z,40.645775,-73.810974,120.9,acd47e,N926AK,B39M,BOEING 737 MAX 9,0
landing,LGA,22,1782681966.17,2026-06-28T21:26:06Z,40.774967,-73.879333,210.9,ac26cf,N882RW,E170,EMBRAER ERJ-170-100,0
takeoff,LGA,13,1782681972.2,2026-06-28T21:26:12Z,40.78054,-73.874817,123.8,a0cdf3,N151AN,A321,AIRBUS A-321,0
takeoff,JFK,13R,1782681996.15,2026-06-28T21:26:36Z,40.645386,-73.810165,119.6,4ca8fc,EI-NEW,B789,BOEING 787-9 Dreamliner,0
takeoff,JFK,31L,1782682010.79,2026-06-28T21:26:50Z,40.649484,-73.811021,284.1,a459a6,N38HF,S76,SIKORSKY S-76 Spirit,0
landing,LGA,22,1782682045.63,2026-06-28T21:27:25Z,40.776546,-73.878052,210.9,a4a0d9,N398DN,A321,AIRBUS A-321,0
takeoff,LGA,13,1782682064.06,2026-06-28T21:27:44Z,40.779705,-73.873093,129.4,a32814,N302PQ,CRJ9,BOMBARDIER Regional Jet CRJ-900,0
takeoff,JFK,13R,1782682119.55,2026-06-28T21:28:39Z,40.645947,-73.811386,120.9,a67bc8,N517DN,A21N,AIRBUS A-321neo,0
takeoff,LGA,13,1782682127.75,2026-06-28T21:28:47Z,40.780342,-73.874411,123.8,a0b81e,N14531,A21N,AIRBUS A-321neo,0
takeoff,JFK,13R,1782682169.71,2026-06-28T21:29:29Z,40.645706,-73.810822,118.1,a35e6f,N316PQ,CRJ9,BOMBARDIER Regional Jet CRJ-900,0
landing,LGA,22,1782682178.62,2026-06-28T21:29:38Z,40.775152,-73.879186,208.1,a51b93,N428YX,E75L,EMBRAER ERJ-170-200 (long wing),0
takeoff,LGA,13,1782682194.66,2026-06-28T21:29:54Z,40.780051,-73.873834,123.8,a0540a,N120DN,A321,AIRBUS A-321,0
landing,JFK,13L,1782682202.81,2026-06-28T21:30:02Z,40.649624,-73.772273,120.9,a48315,N390DA,B738,BOEING 737-800,0
takeoff,JFK,13R,1782682217.15,2026-06-28T21:30:17Z,40.645678,-73.810787,123.8,a35ab8,N315PQ,CRJ9,BOMBARDIER Regional Jet CRJ-900,0
takeoff,LGA,13,1782682247.59,2026-06-28T21:30:47Z,40.781576,-73.877033,123.8,a4eca6,N416YX,E75L,EMBRAER ERJ-170-200 (long wing),0
takeoff,JFK,13R,1782682283.05,2026-06-28T21:31:23Z,40.64558,-73.810547,120.9,acaf0b,N916XJ,CRJ9,BOMBARDIER Regional Jet CRJ-900,0
landing,LGA,22,1782682294.48,2026-06-28T21:31:34Z,40.778881,-73.876114,210.9,a3560b,N314DU,BCS3,AIRBUS A220-300,0
takeoff,LGA,13,1782682327.11,2026-06-28T21:32:07Z,40.779819,-73.873334,120.9,a1094c,N166PQ,CRJ9,BOMBARDIER Regional Jet CRJ-900,0
landing,JFK,13L,1782682393.69,2026-06-28T21:33:13Z,40.650913,-73.775116,120.9,4ba94a,TC-JJJ,B77W,BOEING 777-300ER,0
takeoff,JFK,13R,1782682401.38,2026-06-28T21:33:21Z,40.646016,-73.811521,120.9,a6833b,N519DT,A21N,AIRBUS A-321neo,0
landing,JFK,22L,1782682404.5,2026-06-28T21:33:24Z,40.634846,-73.762985,210.9,a35cba,N3157J,BCS3,AIRBUS A220-300,0
takeoff,LGA,22,1782682404.85,2026-06-28T21:33:24Z,40.78236,-73.873245,210.9,acbffd,N920US,A321,AIRBUS A-321,0
takeoff,JFK,13R,1782682457.39,2026-06-28T21:34:17Z,40.645832,-73.811111,120.9,aae582,N8009T,A319,AIRBUS A-319,0
landing,LGA,22,1782682497.68,2026-06-28T21:34:57Z,40.774315,-73.879883,210.9,a44d3f,N3766,B738,BOEING 737-800,0
takeoff,LGA,13,1782682515.86,2026-06-28T21:35:15Z,40.782143,-73.878189,120.9,a34bdc,N311PQ,CRJ9,BOMBARDIER Regional Jet CRJ-900,0
landing,JFK,13L,1782682558.57,2026-06-28T21:35:58Z,40.651211,-73.775742,120.9,a3ad6d,N336PQ,CRJ9,BOMBARDIER Regional Jet CRJ-900,0
takeoff,JFK,13R,1782682560.66,2026-06-28T21:36:00Z,40.645969,-73.811411,120.9,ac8289,N905JB,A321,AIRBUS A-321,0
landing,JFK,22L,1782682577.05,2026-06-28T21:36:17Z,40.635086,-73.762802,210.9,acb2c2,N917XJ,CRJ9,BOMBARDIER Regional Jet CRJ-900,0
takeoff,JFK,13R,1782682612.77,2026-06-28T21:36:52Z,40.645763,-73.810959,120.9,a37ec4,N324SH,B38M,BOEING 737 MAX 8,0
takeoff,LGA,13,1782682632.5,2026-06-28T21:37:12Z,40.781445,-73.87674,123.8,a06703,N125HQ,E75L,EMBRAER ERJ-170-200 (long wing),0
takeoff,JFK,13R,1782682677.16,2026-06-28T21:37:57Z,40.645969,-73.811401,120.9,4a91b3,SE-DMS,A21N,AIRBUS A-321neo,0
landing,LGA,22,1782682679.04,2026-06-28T21:37:59Z,40.776548,-73.878047,208.1,a07f60,N131EV,CRJ9,BOMBARDIER Regional Jet CRJ-900,0
landing,JFK,13L,1782682696.04,2026-06-28T21:38:16Z,40.651234,-73.775803,120.9,a1863b,N198DN,B763,BOEING 767-300,0
takeoff,LGA,13,1782682707.66,2026-06-28T21:38:27Z,40.780237,-73.874208,123.8,acbe37,N920AN,B738,BOEING 737-800,0
takeoff,JFK,13R,1782682750.42,2026-06-28T21:39:10Z,40.645608,-73.810631,120.9,a14104,N180DN,B763,BOEING 767-300,0
landing,LGA,22,1782682770.35,2026-06-28T21:39:30Z,40.776512,-73.878067,210.9,a3776f,N322TH,B38M,BOEING 737 MAX 8,0
takeoff,LGA,13,1782682787.45,2026-06-28T21:39:47Z,40.779749,-73.873178,120.9,a091f3,N136EV,CRJ9,BOMBARDIER Regional Jet CRJ-900,0
takeoff,JFK,13R,1782682839.79,2026-06-28T21:40:39Z,40.645876,-73.811209,120.9,a77dae,N582DN,A21N,,0
takeoff,LGA,13,1782682844.22,2026-06-28T21:40:44Z,40.781646,-73.877158,123.8,a2147c,N233JQ,E75L,EMBRAER ERJ-170-200 (long wing),0
takeoff,JFK,13R,1782682897.99,2026-06-28T21:41:37Z,40.64613,-73.811783,120.9,acf54f,N934JB,A321,AIRBUS A-321,0
takeoff,LGA,13,1782682906.86,2026-06-28T21:41:46Z,40.781983,-73.877829,123.8,a1a56d,N205JQ,E75L,EMBRAER ERJ-170-200 (long wing),0
landing,JFK,13L,1782682919.72,2026-06-28T21:41:59Z,40.651102,-73.77555,120.9,a3d10f,N345NB,A319,AIRBUS A-319,0
takeoff,JFK,13R,1782682952.42,2026-06-28T21:42:32Z,40.646152,-73.811844,120.9,a88774,N649JB,A320,AIRBUS A-320,0
takeoff,LGA,13,1782682978.51,2026-06-28T21:42:58Z,40.781646,-73.877142,123.8,c035bf,C-FUJE,E75S,EMBRAER ERJ-170-200 (short wing),0
landing,JFK,13L,1782682983.24,2026-06-28T21:43:03Z,40.649277,-73.771484,120.9,acf4e8,N934DZ,B739,,0
takeoff,JFK,13R,1782683024.96,2026-06-28T21:43:44Z,40.645678,-73.810772,120.9,a69424,N523AS,B738,BOEING 737-800,0
landing,LGA,22,1782683054.41,2026-06-28T21:44:14Z,40.777451,-73.877289,210.9,a491f1,N394DA,B738,BOEING 737-800,0
takeoff,LGA,13,1782683073.27,2026-06-28T21:44:33Z,40.779797,-73.873291,120.9,c03330,C-FTJZ,CRJ9,BOMBARDIER Regional Jet CRJ-900,0
landing,JFK,13L,1782683074.31,2026-06-28T21:44:34Z,40.651646,-73.776688,120.9,a87898,N645JB,A320,AIRBUS A-320,0
takeoff,JFK,13R,1782683090.74,2026-06-28T21:44:50Z,40.64555,-73.810491,120.9,a39338,N3298J,,,0
takeoff,JFK,13R,1782683142.3,2026-06-28T21:45:42Z,40.645775,-73.810989,120.9,ac756c,N9011P,A319,AIRBUS A-319,0
takeoff,LGA,13,1782683145.85,2026-06-28T21:45:45Z,40.780179,-73.874083,120.9,a0b823,N14536,A21N,,0
landing,JFK,13L,1782683153.47,2026-06-28T21:45:53Z,40.649872,-73.772766,120.9,a65bbc,N509DT,A21N,AIRBUS A-321neo,0
takeoff,JFK,13R,1782683192.83,2026-06-28T21:46:32Z,40.645706,-73.810867,120.9,aa7ba7,N775AN,B772,BOEING 777-200,0
takeoff,LGA,13,1782683204.42,2026-06-28T21:46:44Z,40.781646,-73.877127,123.8,a4b294,N401YX,E75L,EMBRAER ERJ-170-200 (long wing),0
landing,LGA,22,1782683204.75,2026-06-28T21:46:44Z,40.77499,-73.879288,210.9,a046f2,N117HQ,E75L,EMBRAER ERJ-170-200 (long wing),0
takeoff,LGA,22,1782683204.75,2026-06-28T21:46:44Z,40.77499,-73.879288,210.9,a046f2,N117HQ,E75L,EMBRAER ERJ-170-200 (long wing),0
landing,LGA,22,1782683207.26,2026-06-28T21:46:47Z,40.774567,-73.879608,205.3,a046f2,N117HQ,E75L,EMBRAER ERJ-170-200 (long wing),0
landing,JFK,13L,1782683221.35,2026-06-28T21:47:01Z,40.650962,-73.775191,120.9,a70333,N551AS,B738,BOEING 737-800,0
landing,LGA,22,1782683280.31,2026-06-28T21:48:00Z,40.777526,-73.877236,210.9,a03f1e,N115DN,A321,AIRBUS A-321,0
takeoff,LGA,13,1782683310.56,2026-06-28T21:48:30Z,40.779853,-73.873412,123.8,a086ce,N133EV,CRJ9,BOMBARDIER Regional Jet CRJ-900,0
landing,JFK,22L,1782683314.45,2026-06-28T21:48:34Z,40.635332,-73.762582,210.9,a37517,N3215J,BCS3,AIRBUS A220-300,0
landing,JFK,13L,1782683328.7,2026-06-28T21:48:48Z,40.649998,-73.773071,120.9,ab5365,N829MH,B764,BOEING 767-400,0
takeoff,JFK,13R,1782683329.45,2026-06-28T21:48:49Z,40.645934,-73.811365,120.9,a7dde1,N606DN,A21N,AIRBUS A-321neo,0
takeoff,JFK,13R,1782683408.95,2026-06-28T21:50:08Z,40.645352,-73.810054,120.9,344305,EC-LUK,A333,AIRBUS A-330-300,0
landing,LGA,22,1782683411.22,2026-06-28T21:50:11Z,40.775036,-73.879242,210.9,a1d0a3,N216JQ,E75L,EMBRAER ERJ-170-200 (long wing),0
takeoff,LGA,13,1782683420.85,2026-06-28T21:50:20Z,40.780144,-73.873974,123.8,aa56f8,N76533,B738,BOEING 737-800,0
landing,LGA,22,1782683471.17,2026-06-28T21:51:11Z,40.775896,-73.878562,210.9,ac3688,N8860S,B38M,BOEING 737 MAX 8,0
takeoff,LGA,13,1782683481.85,2026-06-28T21:51:21Z,40.781605,-73.877045,123.8,abdf3f,N864RW,E170,EMBRAER ERJ-170-100,0
takeoff,JFK,13R,1782683515.03,2026-06-28T21:51:55Z,40.646109,-73.811724,120.9,71000c,HZ-CMJ,A319,AIRBUS A-319,0
landing,LGA,22,1782683560.94,2026-06-28T21:52:40Z,40.774965,-73.879343,213.8,ace96d,N931AN,B738,BOEING 737-800,0
takeoff,LGA,13,1782683565.04,2026-06-28T21:52:45Z,40.781541,-73.876924,123.8,ac1f61,N880RW,E170,EMBRAER ERJ-170-100,0
takeoff,JFK,13R,1782683575.74,2026-06-28T21:52:55Z,40.646118,-73.811737,120.9,a353c8,N313UR,B38M,BOEING 737 MAX 8,0
takeoff,JFK,13R,1782683631.5,2026-06-28T21:53:51Z,40.645775,-73.810989,120.9,a0f4a2,N1604R,B763,BOEING 767-300,0
takeoff,LGA,13,1782683641.33,2026-06-28T21:54:01Z,40.780209,-73.874146,120.9,a15795,N186GJ,CRJ9,BOMBARDIER Regional Jet CRJ-900,0
takeoff,JFK,13R,1782683702.95,2026-06-28T21:55:02Z,40.645783,-73.811021,120.9,ab5975,N830MH,B764,BOEING 767-400,0
landing,LGA,22,1782683729.76,2026-06-28T21:55:29Z,40.77862,-73.876331,210.9,c07b09,C-GUPK,BCS3,AIRBUS A220-300,0
takeoff,LGA,13,1782683737.44,2026-06-28T21:55:37Z,40.781692,-73.877236,123.8,abd063,N860RW,E170,EMBRAER ERJ-170-100,0
takeoff,JFK,13R,1782683769.83,2026-06-28T21:56:09Z,40.64562,-73.810631,120.9,a124b5,N173DZ,B763,BOEING 767-300,0
landing,LGA,22,1782683797.89,2026-06-28T21:56:37Z,40.778655,-73.876284,210.9,a41447,N362FR,A20N,AIRBUS A-320neo,0
takeoff,LGA,13,1782683807.38,2026-06-28T21:56:47Z,40.781716,-73.877283,120.9,ac0a75,N875RW,E170,EMBRAER ERJ-170-100,0
landing,JFK,13L,1782683818.56,2026-06-28T21:56:58Z,40.650902,-73.775085,120.9,ad3581,N950JT,A321,AIRBUS A-321,0
landing,LGA,22,1782683888.33,2026-06-28T21:58:08Z,40.776816,-73.877829,208.1,a7c849,N600LR,CRJ9,BOMBARDIER Regional Jet CRJ-900,0
landing,JFK,22L,1782683893.16,2026-06-28T21:58:13Z,40.63607,-73.762054,209.6,346384,EC-NGM,B789,BOEING 787-9 Dreamliner,0
takeoff,LGA,13,1782683905.74,2026-06-28T21:58:25Z,40.779551,-73.872773,123.8,ac8b43,N907XJ,CRJ9,BOMBARDIER Regional Jet CRJ-900,0
takeoff,JFK,13R,1782683912.1,2026-06-28T21:58:32Z,40.645748,-73.810912,120.9,a3514f,N3125J,BCS3,,0
landing,LGA,22,1782683972.19,2026-06-28T21:59:32Z,40.77507,-73.879227,210.9,a20347,N229JQ,E75L,EMBRAER ERJ-170-200 (long wing),0
landing,JFK,13L,1782684011.34,2026-06-28T22:00:11Z,40.649146,-73.771196,120.9,ad9712,N975JT,A321,AIRBUS A-321,0
landing,JFK,22L,1782684039.2,2026-06-28T22:00:39Z,40.634228,-73.763474,210.9,406591,G-STBE,B77W,BOEING 777-300ER,0
takeoff,JFK,13R,1782684071.74,2026-06-28T22:01:11Z,40.646152,-73.811813,120.9,a1a435,N2047J,A21N,AIRBUS A-321neo,0
takeoff,LGA,13,1782684076.35,2026-06-28T22:01:16Z,40.781467,-73.87677,123.8,a866c7,N640RW,E170,EMBRAER ERJ-170-100,0
landing,JFK,13L,1782684090.24,2026-06-28T22:01:30Z,40.65123,-73.775768,120.9,aca79d,N914XJ,CRJ9,BOMBARDIER Regional Jet CRJ-900,0
takeoff,JFK,13R,1782684124.41,2026-06-28T22:02:04Z,40.645806,-73.811052,120.9,a7a532,N592DT,A21N,AIRBUS A-321neo,0
takeoff,LGA,13,1782684160.4,2026-06-28T22:02:40Z,40.781506,-73.876861,123.8,4d0235,LX-ESO,GLF6,GULFSTREAM G650,8
takeoff,JFK,13R,1782684184.35,2026-06-28T22:03:04Z,40.645771,-73.810959,120.9,394a18,F-GSQY,B77W,BOEING 777-300ER,0
landing,JFK,13L,1782684188.69,2026-06-28T22:03:08Z,40.651234,-73.775818,120.9,a7b7c5,N597DT,A21N,AIRBUS A-321neo,0
landing,LGA,22,1782684198.17,2026-06-28T22:03:18Z,40.777462,-73.877289,210.9,a43ea6,N37277,B738,BOEING 737-800,0
takeoff,LGA,13,1782684241.26,2026-06-28T22:04:01Z,40.78061,-73.875004,120.9,a9d626,N73291,B738,BOEING 737-800,0
landing,JFK,13R,1782684276.7,2026-06-28T22:04:36Z,40.639766,-73.797725,120.9,ab09b4,N810DN,B739,BOEING 737-900,0
landing,LGA,22,1782684320.4,2026-06-28T22:05:20Z,40.775414,-73.878967,210.9,ac4d1a,N892DN,B739,BOEING 737-900,0
takeoff,JFK,13R,1782684343.7,2026-06-28T22:05:43Z,40.645608,-73.810616,120.9,ab53e4,N829SK,CRJ9,BOMBARDIER Regional Jet CRJ-900,0
landing,JFK,13L,1782684382.52,2026-06-28T22:06:22Z,40.650478,-73.774109,123.8,aa7fa1,N776DE,B738,BOEING 737-800,0
takeoff,JFK,13R,1782684401.68,2026-06-28T22:06:41Z,40.645853,-73.811162,120.9,a6bbef,N533DT,A21N,AIRBUS A-321neo,0
landing,LGA,22,1782684430.36,2026-06-28T22:07:10Z,40.776844,-73.877808,210.9,abbdfa,N856DN,B739,BOEING 737-900,0
takeoff,LGA,13,1782684466.98,2026-06-28T22:07:46Z,40.780284,-73.874318,120.9,ad9811,N975UY,A321,AIRBUS A-321,0
takeoff,JFK,13R,1782684484.37,2026-06-28T22:08:04Z,40.646307,-73.812192,120.9,a83e86,N630JB,A320,AIRBUS A-320,0
landing,JFK,13L,1782684487.3,2026-06-28T22:08:07Z,40.648704,-73.770213,120.9,a4bbde,N404DX,A339,AIRBUS A-330-900,0
landing,JFK,22L,1782684488.28,2026-06-28T22:08:08Z,40.636892,-73.76138,210.9,a17ecd,N196DN,B763,BOEING 767-300,0
takeoff,JFK,13R,1782684533.6,2026-06-28T22:08:53Z,40.645585,-73.810569,120.9,a5e9f4,N480PX,CRJ9,BOMBARDIER Regional Jet CRJ-900,0
takeoff,LGA,13,1782684576.67,2026-06-28T22:09:36Z,40.779648,-73.872986,120.9,ace7bf,N930XJ,CRJ9,BOMBARDIER Regional Jet CRJ-900,0
takeoff,JFK,13R,1782684586.23,2026-06-28T22:09:46Z,40.645958,-73.81138,120.9,ace60c,N930DZ,B739,BOEING 737-900,0
landing,JFK,13L,1782684598.47,2026-06-28T22:09:58Z,40.651348,-73.776062,120.9,adc9b6,N988JT,A321,AIRBUS A-321,0
takeoff,LGA,13,1782684634.02,2026-06-28T22:10:34Z,40.781657,-73.877158,123.8,a1e946,N222JQ,E75L,EMBRAER ERJ-170-200 (long wing),0
takeoff,JFK,13R,1782684661.67,2026-06-28T22:11:01Z,40.645821,-73.811066,120.9,aa4195,N760AN,B772,BOEING 777-200,0
landing,JFK,13L,1782684692.59,2026-06-28T22:11:32Z,40.651577,-73.776581,123.8,a5e02d,N478PX,CRJ9,BOMBARDIER Regional Jet CRJ-900,0
landing,LGA,22,1782684711.78,2026-06-28T22:11:51Z,40.777679,-73.877106,210.9,a310cf,N297PQ,CRJ9,BOMBARDIER Regional Jet CRJ-900,0
landing,JFK,22L,1782684726.18,2026-06-28T22:12:06Z,40.635181,-73.762738,210.9,407698,G-VJAM,A35K,AIRBUS A-350-1000,0
takeoff,JFK,13R,1782684737.14,2026-06-28T22:12:17Z,40.645946,-73.811333,120.9,aa1a16,N750AN,B772,BOEING 777-200,0
landing,JFK,13L,1782684788.3,2026-06-28T22:13:08Z,40.65116,-73.775628,120.9,a19910,N2017J,A21N,AIRBUS A-321neo,0
takeoff,JFK,13R,1782684797.03,2026-06-28T22:13:17Z,40.645203,-73.809708,120.9,aafd1f,N807NW,A333,AIRBUS A-330-300,0
landing,LGA,22,1782684799.13,2026-06-28T22:13:19Z,40.774864,-73.879425,210.9,a8a0d9,N655RW,E170,EMBRAER ERJ-170-100,0
takeoff,JFK,13R,1782684852.39,2026-06-28T22:14:12Z,40.64512,-73.809539,120.9,3c6717,D-AIXW,A359,AIRBUS A-350-900,0
landing,LGA,22,1782684894.8,2026-06-28T22:14:54Z,40.777348,-73.87738,210.9,a037b9,N113DX,A321,AIRBUS A-321,0
landing,JFK,13L,1782684902.93,2026-06-28T22:15:02Z,40.651028,-73.77536,120.9,a6f9b3,N549DN,A21N,AIRBUS A-321neo,0
takeoff,LGA,13,1782684902.93,2026-06-28T22:15:02Z,40.781762,-73.877423,123.8,a01f73,N107HQ,E75L,EMBRAER ERJ-170-200 (long wing),0
landing,JFK,22L,1782684938.43,2026-06-28T22:15:38Z,40.633761,-73.763846,210.9,3965b1,F-GZNR,B77W,BOEING 777-300ER,0
takeoff,JFK,13R,1782684970.04,2026-06-28T22:16:10Z,40.645806,-73.811052,120.9,abab67,N851DN,B739,BOEING 737-900,0
takeoff,LGA,13,1782684974.89,2026-06-28T22:16:14Z,40.781611,-73.877095,123.8,abdb88,N863RW,E170,EMBRAER ERJ-170-100,0
landing,JFK,13L,1782684997.59,2026-06-28T22:16:37Z,40.650261,-73.773651,120.9,a33328,N305NY,A21N,AIRBUS A-321neo,0
takeoff,JFK,13R,1782685006.23,2026-06-28T22:16:46Z,40.647572,-73.814941,120.9,a52cc8,N432YX,E75L,EMBRAER ERJ-170-200 (long wing),0
landing,LGA,22,1782685042.23,2026-06-28T22:17:22Z,40.777421,-73.877329,210.9,a38237,N325PQ,CRJ9,BOMBARDIER Regional Jet CRJ-900,0
takeoff,LGA,13,1782685061.65,2026-06-28T22:17:41Z,40.780598,-73.874954,123.8,a336df,N306NY,B738,BOEING 737-800,0
takeoff,JFK,13R,1782685063.51,2026-06-28T22:17:43Z,40.645911,-73.811287,120.9,adbaca,N984JB,A321,AIRBUS A-321,0
takeoff,JFK,13R,1782685119.85,2026-06-28T22:18:39Z,40.645597,-73.810569,120.9,a35fc2,N3162J,BCS3,AIRBUS A220-300,0
takeoff,LGA,13,1782685141.29,2026-06-28T22:19:01Z,40.779935,-73.873584,123.8,adc531,N987AM,A321,AIRBUS A-321,0
takeoff,JFK,13R,1782685155.16,2026-06-28T22:19:15Z,40.646621,-73.812816,120.9,a984ea,N712QS,,,0
landing,JFK,13L,1782685174.26,2026-06-28T22:19:34Z,40.650032,-73.773132,120.9,a66576,N511DE,A21N,AIRBUS A-321neo,0
takeoff,JFK,13R,1782685215.89,2026-06-28T22:20:15Z,40.645729,-73.810867,120.9,ad734a,N966JT,A321,AIRBUS A-321,0
takeoff,LGA,13,1782685218.29,2026-06-28T22:20:18Z,40.781716,-73.877298,123.8,ac1951,N879RW,E170,EMBRAER ERJ-170-100,0
landing,JFK,13L,1782685256.57,2026-06-28T22:20:56Z,40.650558,-73.774338,120.9,a1cf6b,N2157J,A21N,AIRBUS A-321neo,0
takeoff,JFK,13R,1782685279.29,2026-06-28T22:21:19Z,40.645597,-73.810569,120.9,a1aaae,N2060J,A21N,AIRBUS A-321neo,0
takeoff,LGA,13,1782685298.38,2026-06-28T22:21:38Z,40.780106,-73.873917,123.8,a422f7,N366DX,A321,AIRBUS A-321,0
landing,LGA,22,1782685336.9,2026-06-28T22:22:16Z,40.777247,-73.87747,210.9,aca3e6,N913XJ,CRJ9,BOMBARDIER Regional Jet CRJ-900,0
takeoff,JFK,13R,1782685343.08,2026-06-28T22:22:23Z,40.645539,-73.810459,120.9,a387f0,N3267J,BCS3,,0
takeoff,LGA,13,1782685374.73,2026-06-28T22:22:54Z,40.780323,-73.87439,123.8,abf9d5,N8708Q,B38M,BOEING 737 MAX 8,0
landing,JFK,13L,1782685377.53,2026-06-28T22:22:57Z,40.651623,-73.776627,120.9,a8bc71,N662JB,A320,AIRBUS A-320,0
landing,JFK,22L,1782685424.58,2026-06-28T22:23:44Z,40.636426,-73.761754,210.9,300a63,I-ITYE,A339,AIRBUS A-330-900,0
takeoff,JFK,13R,1782685437.61,2026-06-28T22:23:57Z,40.645294,-73.809898,122.4,48ae20,SP-LSA,B789,BOEING 787-9 Dreamliner,0
takeoff,LGA,13,1782685451.57,2026-06-28T22:24:11Z,40.779923,-73.873553,123.8,ab52a2,N829DN,B739,BOEING 737-900,0
landing,JFK,13L,1782685476.65,2026-06-28T22:24:36Z,40.650834,-73.774894,120.9,a6cacb,N537DT,A21N,AIRBUS A-321neo,0
takeoff,JFK,13R,1782685502.29,2026-06-28T22:25:02Z,40.645557,-73.810501,119.6,ab9383,N845MD,B789,BOEING 787-9 Dreamliner,0
landing,LGA,22,1782685504.68,2026-06-28T22:25:04Z,40.778629,-73.876297,213.8,a3a152,N333DU,BCS3,,0
takeoff,LGA,13,1782685532.23,2026-06-28T22:25:32Z,40.779362,-73.87236,123.8,ab5024,N828SA,PC12,PILATUS PC-12,0
landing,JFK,13L,1782685603.5,2026-06-28T22:26:43Z,40.651211,-73.775787,120.9,76cce5,9V-SGE,A359,AIRBUS A-350-900,0
takeoff,JFK,13R,1782685608.15,2026-06-28T22:26:48Z,40.645946,-73.811349,120.9,a35e9c,N316RK,B38M,BOEING 737 MAX 8,0
landing,LGA,04,1782685617.65,2026-06-28T22:26:57Z,40.772999,-73.87953,59.1,a5307f,N433YX,E75L,EMBRAER ERJ-170-200 (long wing),0
landing,LGA,22,1782685690.68,2026-06-28T22:28:10Z,40.775955,-73.878515,210.9,a21142,N232PQ,CRJ9,BOMBARDIER Regional Jet CRJ-900,0
takeoff,JFK,13R,1782685704.15,2026-06-28T22:28:24Z,40.645592,-73.810562,120.9,c02655,C-FONK,B738,BOEING 737-800,0
takeoff,LGA,13,1782685709.54,2026-06-28T22:28:29Z,40.780133,-73.87399,123.8,a1fd03,N227WN,B737,BOEING 737-700,0
landing,JFK,22L,1782685728.64,2026-06-28T22:28:48Z,40.639824,-73.759094,210.9,a65484,N507FX,CL35,,0
landing,JFK,13L,1782685741.91,2026-06-28T22:29:01Z,40.649837,-73.77272,120.9,a5106e,N425YX,E75L,EMBRAER ERJ-170-200 (long wing),0
takeoff,JFK,13R,1782685771.28,2026-06-28T22:29:31Z,40.645702,-73.810803,120.9,a01fee,N107NN,A321,AIRBUS A-321,0
takeoff,LGA,13,1782685780.41,2026-06-28T22:29:40Z,40.780289,-73.874313,123.8,abebbe,N8674B,B738,BOEING 737-800,0
landing,JFK,31L,1782685809.77,2026-06-28T22:30:09Z,40.649265,-73.810318,343.1,a51da1,N429FX,E545,EMBRAER EMB545 Praetor 500,0
landing,JFK,13L,1782685813.79,2026-06-28T22:30:13Z,40.65033,-73.773773,120.9,a0275c,N109NN,A321,AIRBUS A-321,0
takeoff,JFK,13R,1782685825.37,2026-06-28T22:30:25Z,40.645934,-73.811333,120.9,a79dc4,N590DT,A21N,,0
landing,LGA,22,1782685838.55,2026-06-28T22:30:38Z,40.774733,-73.879545,210.9,ad20f4,N945NN,B738,BOEING 737-800,0
takeoff,LGA,13,1782685859.5,2026-06-28T22:30:59Z,40.78022,-73.874176,123.8,acf975,N935NN,B738,BOEING 737-800,0
takeoff,JFK,13R,1782685878.95,2026-06-28T22:31:18Z,40.645317,-73.809937,120.9,a04a49,N118DU,BCS1,AIRBUS A220-100,0
landing,JFK,13L,1782685892.48,2026-06-28T22:31:32Z,40.649821,-73.772678,120.9,a28336,N261FE,B763,BOEING 767-300,0
takeoff,JFK,13R,1782685932.19,2026-06-28T22:32:12Z,40.645818,-73.811084,120.9,ab7ae4,N839MH,B764,BOEING 767-400,0
takeoff,LGA,13,1782685941.45,2026-06-28T22:32:21Z,40.780094,-73.873917,120.9,a06a54,N126DN,A321,AIRBUS A-321,0
landing,LGA,22,1782686005.66,2026-06-28T22:33:25Z,40.778194,-73.876663,210.9,c01bde,C-FKOJ,A320,AIRBUS A-320,0
landing,JFK,13L,1782686006.26,2026-06-28T22:33:26Z,40.649906,-73.772858,120.9,a4cc95,N408YX,E75L,EMBRAER ERJ-170-200 (long wing),0
takeoff,JFK,13R,1782686026.57,2026-06-28T22:33:46Z,40.645649,-73.810699,120.9,acae2e,N916NN,B738,BOEING 737-800,0
takeoff,LGA,13,1782686029.29,2026-06-28T22:33:49Z,40.780586,-73.874939,120.9,a7bbe9,N598JB,A320,AIRBUS A-320,0
landing,JFK,13L,1782686082.91,2026-06-28T22:34:42Z,40.650089,-73.77327,120.9,ad4f72,N957JB,A321,AIRBUS A-321,0
landing,LGA,22,1782686083.1,2026-06-28T22:34:43Z,40.776741,-73.877884,210.9,ac5ada,N8954Q,B38M,,0
takeoff,JFK,13R,1782686086.67,2026-06-28T22:34:46Z,40.645168,-73.809647,120.9,44ccd1,OO-SFQ,A333,AIRBUS A-330-300,0
takeoff,LGA,13,1782686101.76,2026-06-28T22:35:01Z,40.781708,-73.877274,123.8,a2348d,N241JQ,E75L,EMBRAER ERJ-170-200 (long wing),0
landing,JFK,13L,1782686165.6,2026-06-28T22:36:05Z,40.650478,-73.774139,120.9,ab6162,N832SK,CRJ9,BOMBARDIER Regional Jet CRJ-900,0
takeoff,JFK,13R,1782686179.87,2026-06-28T22:36:19Z,40.645729,-73.810883,120.9,a19cc7,N2027J,A21N,AIRBUS A-321neo,0
landing,LGA,22,1782686197.26,2026-06-28T22:36:37Z,40.77507,-73.879257,210.9,a4bdb9,N404YX,E75L,EMBRAER ERJ-170-200 (long wing),0
takeoff,LGA,13,1782686207.94,2026-06-28T22:36:47Z,40.779621,-73.872913,123.8,a335fa,N306DU,BCS3,AIRBUS A220-300,0
takeoff,JFK,13R,1782686233.22,2026-06-28T22:37:13Z,40.645889,-73.811249,120.9,4cabd4,EI-LRH,A21N,AIRBUS A-321neo,0
landing,LGA,22,1782686249.85,2026-06-28T22:37:29Z,40.777954,-73.876862,210.9,a126e8,N17312,B38M,BOEING 737 MAX 8,0
takeoff,LGA,13,1782686276.82,2026-06-28T22:37:56Z,40.780609,-73.875,120.9,a05c59,N122NN,A321,AIRBUS A-321,0
landing,JFK,13L,1782686280.59,2026-06-28T22:38:00Z,40.651765,-73.776986,118.1,a2fe3c,N292PQ,CRJ9,BOMBARDIER Regional Jet CRJ-900,0
takeoff,JFK,13R,1782686296.14,2026-06-28T22:38:16Z,40.645283,-73.809891,120.9,a398bc,N3304J,BCS3,AIRBUS A220-300,0
landing,LGA,22,1782686323.45,2026-06-28T22:38:43Z,40.775093,-73.879233,210.9,a08317,N132EV,CRJ9,BOMBARDIER Regional Jet CRJ-900,0
takeoff,LGA,13,1782686339.06,2026-06-28T22:38:59Z,40.781628,-73.877121,123.8,abe2f6,N865RW,E170,EMBRAER ERJ-170-100,0
takeoff,JFK,13R,1782686352.04,2026-06-28T22:39:12Z,40.645763,-73.810959,120.9,a11d47,N171DZ,B763,BOEING 767-300,0
landing,JFK,13L,1782686385.26,2026-06-28T22:39:45Z,40.64974,-73.772476,120.9,aae5f7,N801DZ,B739,BOEING 737-900,0
landing,LGA,22,1782686393.77,2026-06-28T22:39:53Z,40.776339,-73.878188,213.8,a8f9a3,N678CA,CRJ9,BOMBARDIER Regional Jet CRJ-900,0
takeoff,LGA,13,1782686408.46,2026-06-28T22:40:08Z,40.781529,-73.876924,123.8,a51425,N426YX,E75L,EMBRAER ERJ-170-200 (long wing),0
takeoff,JFK,13R,1782686514.77,2026-06-28T22:41:54Z,40.645649,-73.810684,120.9,aca02f,N912XJ,CRJ9,BOMBARDIER Regional Jet CRJ-900,0
landing,LGA,04,1782686514.78,2026-06-28T22:41:54Z,40.772987,-73.879608,75.9,a02cf1,N110HQ,E75L,EMBRAER ERJ-170-200 (long wing),0
landing,JFK,13L,1782686541.37,2026-06-28T22:42:21Z,40.650939,-73.775144,120.9,a3401a,N3085J,BCS3,AIRBUS A220-300,0
landing,LGA,22,1782686544.3,2026-06-28T22:42:24Z,40.777576,-73.877182,210.9,a3245d,N301PQ,CRJ9,BOMBARDIER Regional Jet CRJ-900,0
takeoff,LGA,13,1782686560.69,2026-06-28T22:42:40Z,40.781913,-73.877735,123.8,a4e181,N413YX,E75L,EMBRAER ERJ-170-200 (long wing),0
takeoff,JFK,13R,1782686564.93,2026-06-28T22:42:44Z,40.645574,-73.810522,120.9,acca19,N923JB,A321,AIRBUS A-321,0
landing,LGA,22,1782686614.71,2026-06-28T22:43:34Z,40.779062,-73.875956,210.9,a5a30a,N462WN,B737,BOEING 737-700,0
landing,JFK,13L,1782686629.54,2026-06-28T22:43:49Z,40.650421,-73.773987,120.9,a05f95,N123HQ,E75L,EMBRAER ERJ-170-200 (long wing),0
landing,JFK,22L,1782686637.41,2026-06-28T22:43:57Z,40.635658,-73.762379,210.9,a5124c,N426DZ,A339,AIRBUS A-330-900,0
takeoff,LGA,13,1782686647.33,2026-06-28T22:44:07Z,40.780312,-73.874344,132.2,c05ef7,C-GJZA,DH8D,DE HAVILLAND DHC-8-400 Dash 8,0
takeoff,JFK,13R,1782686669.64,2026-06-28T22:44:29Z,40.646016,-73.811489,120.9,ad2f71,N949JT,A321,AIRBUS A-321,0
landing,LGA,22,1782686698.36,2026-06-28T22:44:58Z,40.777393,-73.87735,208.1,a320a6,N300PQ,CRJ9,BOMBARDIER Regional Jet CRJ-900,0
landing,JFK,13L,1782686706.38,2026-06-28T22:45:06Z,40.648844,-73.770525,120.9,ab8c37,N843NN,B738,BOEING 737-800,0
takeoff,JFK,13R,1782686728.3,2026-06-28T22:45:28Z,40.645387,-73.810116,120.9,acdd1b,N928NN,B738,BOEING 737-800,0
takeoff,LGA,13,1782686739.34,2026-06-28T22:45:39Z,40.780307,-73.874364,123.8,a0b826,N14539,A21N,,0
takeoff,JFK,13R,1782686772.24,2026-06-28T22:46:12Z,40.646416,-73.812378,120.9,a51da1,N429FX,E545,EMBRAER EMB545 Praetor 500,0
landing,LGA,22,1782686791.57,2026-06-28T22:46:31Z,40.774933,-73.879379,208.1,ab1d06,N815MD,E170,EMBRAER ERJ-170-100,0
landing,JFK,22L,1782686873.75,2026-06-28T22:47:53Z,40.634239,-73.763474,210.9,8963f2,A6-EOU,A388,AIRBUS A-380-800,0
landing,JFK,22L,1782686874.1,2026-06-28T22:47:54Z,40.63411,-73.763565,210.9,8963f2,A6-EOU,A388,AIRBUS A-380-800,0
landing,LGA,22,1782686888.41,2026-06-28T22:48:08Z,40.776649,-73.877945,210.9,ac8efa,N908XJ,CRJ9,BOMBARDIER Regional Jet CRJ-900,0
takeoff,JFK,13R,1782686903.57,2026-06-28T22:48:23Z,40.64569,-73.810787,118.1,a6152a,N491PX,CRJ9,BOMBARDIER Regional Jet CRJ-900,0
takeoff,JFK,13R,1782686975.87,2026-06-28T22:49:35Z,40.645248,-73.80983,122.4,4075c2,G-CKWP,B789,BOEING 787-9 Dreamliner,0
landing,LGA,22,1782687004.8,2026-06-28T22:50:04Z,40.775116,-73.879242,210.9,a51f4a,N429YX,E75L,EMBRAER ERJ-170-200 (long wing),0
landing,JFK,13L,1782687011.29,2026-06-28T22:50:11Z,40.649449,-73.771882,120.9,781e8a,B-222N,B77L,BOEING 777-200LR,0
landing,JFK,22L,1782687052.96,2026-06-28T22:50:52Z,40.632516,-73.764829,209.6,485e30,PH-BKK,B78X,BOEING 787-10 Dreamliner,0
takeoff,JFK,13R,1782687114.37,2026-06-28T22:51:54Z,40.645702,-73.810818,120.9,a4c02d,N405KZ,B744,BOEING 747-400,0
takeoff,LGA,13,1782687147.94,2026-06-28T22:52:27Z,40.781622,-73.877111,123.8,ab282b,N818MD,E170,EMBRAER ERJ-170-100,0
landing,LGA,22,1782687150.43,2026-06-28T22:52:30Z,40.774773,-73.879501,208.1,a52911,N431YX,E75L,EMBRAER ERJ-170-200 (long wing),0
landing,JFK,13L,1782687160.12,2026-06-28T22:52:40Z,40.649682,-73.772382,120.9,a35efa,N316VD,B38M,BOEING 737 MAX 8,0
takeoff,LGA,13,1782687229.65,2026-06-28T22:53:49Z,40.779632,-73.87296,118.1,a07f60,N131EV,CRJ9,BOMBARDIER Regional Jet CRJ-900,0
landing,JFK,22L,1782687256.37,2026-06-28T22:54:16Z,40.634669,-73.763112,210.9,34510a,EC-MKJ,A332,AIRBUS A-330-200,0
landing,JFK,13L,1782687267.67,2026-06-28T22:54:27Z,40.651245,-73.775818,120.9,4cc587,TF-IAG,A21N,AIRBUS A-321neo,0
takeoff,JFK,13R,1782687277.77,2026-06-28T22:54:37Z,40.645351,-73.810059,120.9,4075b3,G-VLUX,A35K,AIRBUS A-350-1000,0
landing,LGA,22,1782687328.61,2026-06-28T22:55:28Z,40.777782,-73.877029,210.9,a03b67,N114DN,A321,AIRBUS A-321,0
landing,JFK,13L,1782687375.78,2026-06-28T22:56:15Z,40.649872,-73.772812,120.9,ad8fa4,N973JT,A321,AIRBUS A-321,0
takeoff,JFK,13R,1782687376.23,2026-06-28T22:56:16Z,40.645683,-73.810791,120.9,a3a9b6,N335PQ,CRJ9,BOMBARDIER Regional Jet CRJ-900,0
takeoff,JFK,13R,1782687427.73,2026-06-28T22:57:07Z,40.645702,-73.810803,120.9,a6eacf,N545DE,A21N,AIRBUS A-321neo,0
landing,LGA,22,1782687480.73,2026-06-28T22:58:00Z,40.774933,-73.879349,208.1,a1dd2d,N219YX,E75L,EMBRAER ERJ-170-200 (long wing),0
takeoff,LGA,13,1782687482.61,2026-06-28T22:58:02Z,40.780289,-73.874344,123.8,a89fa3,N655DL,B752,BOEING 757-200,0
landing,JFK,13L,1782687493.94,2026-06-28T22:58:13Z,40.651497,-73.776367,125.2,a99f92,N719XJ,C750,CESSNA 750 Citation 10,0
takeoff,LGA,13,1782687538.9,2026-06-28T22:58:58Z,40.781669,-73.877205,123.8,abd7d1,N862RW,E170,EMBRAER ERJ-170-100,0
landing,JFK,22L,1782687547.84,2026-06-28T22:59:07Z,40.634878,-73.762972,210.9,4ca74e,EI-EAV,A333,AIRBUS A-330-300,0
takeoff,JFK,13R,1782687558.42,2026-06-28T22:59:18Z,40.645306,-73.809952,120.9,ab4fd4,N828NW,A333,AIRBUS A-330-300,0
landing,JFK,13L,1782687634.62,2026-06-28T23:00:34Z,40.651382,-73.776077,120.9,a8222c,N623JB,A320,AIRBUS A-320,0
landing,LGA,22,1782687646.07,2026-06-28T23:00:46Z,40.771763,-73.882004,210.9,c0885e,C-GZQR,E295,EMBRAER ERJ-190-400,0
takeoff,LGA,13,1782687648.39,2026-06-28T23:00:48Z,40.780128,-73.873978,123.8,aaa593,N78509,B738,BOEING 737-800,0
takeoff,JFK,13R,1782687653.75,2026-06-28T23:00:53Z,40.645445,-73.810257,120.9,738072,4X-ECB,B772,BOEING 777-200,0
landing,LGA,22,1782687716.89,2026-06-28T23:01:56Z,40.77515,-73.879181,210.9,a23fb2,N244JQ,E75L,EMBRAER ERJ-170-200 (long wing),0
landing,LGA,22,1782687764.37,2026-06-28T23:02:44Z,40.776569,-73.878021,213.8,a3eeb0,N35204,B738,BOEING 737-800,0
landing,JFK,13L,1782687766.67,2026-06-28T23:02:46Z,40.650307,-73.773865,120.9,a03235,N111ZM,A321,AIRBUS A-321,0
takeoff,JFK,13R,1782687773.51,2026-06-28T23:02:53Z,40.645818,-73.811084,120.9,a12fda,N176DZ,B763,BOEING 767-300,0
landing,JFK,22L,1782687776.37,2026-06-28T23:02:56Z,40.631756,-73.765427,210.9,a537ed,N435YX,E75L,EMBRAER ERJ-170-200 (long wing),0
landing,LGA,22,1782687847.47,2026-06-28T23:04:07Z,40.776386,-73.878174,210.9,a33e5e,N308PQ,CRJ9,BOMBARDIER Regional Jet CRJ-900,0
takeoff,LGA,13,1782687860.71,2026-06-28T23:04:20Z,40.780121,-73.873974,123.8,a491f1,N394DA,B738,BOEING 737-800,0
landing,JFK,13L,1782687869.71,2026-06-28T23:04:29Z,40.649437,-73.771851,120.9,ad7701,N967JT,A321,AIRBUS A-321,0
landing,JFK,22L,1782687886.91,2026-06-28T23:04:46Z,40.634436,-73.763315,209.6,02013c,CN-RAM,B789,BOEING 787-9 Dreamliner,0
takeoff,JFK,13R,1782687904.18,2026-06-28T23:05:04Z,40.645888,-73.811224,120.9,40621c,G-STBB,B77W,BOEING 777-300ER,0
landing,LGA,22,1782687929.05,2026-06-28T23:05:29Z,40.774166,-73.879837,194.1,a23bfb,N243JQ,E75L,EMBRAER ERJ-170-200 (long wing),0
landing,LGA,22,1782687979.04,2026-06-28T23:06:19Z,40.777473,-73.877274,213.8,acab3f,N915WN,B737,BOEING 737-700,0
takeoff,LGA,13,1782687990.77,2026-06-28T23:06:30Z,40.781433,-73.876709,123.8,c0619f,C-GKZE,B738,BOEING 737-800,0
landing,JFK,13L,1782688009.88,2026-06-28T23:06:49Z,40.651119,-73.775558,120.9,a79e31,N590JB,A320,AIRBUS A-320,0
landing,LGA,22,1782688078.2,2026-06-28T23:07:58Z,40.775082,-73.879249,210.9,ada699,N979RP,E170,EMBRAER ERJ-170-100,0
landing,JFK,13L,1782688113.33,2026-06-28T23:08:33Z,40.648796,-73.770447,120.9,780231,B-LJA,B748,BOEING 747-8,0
takeoff,JFK,13R,1782688133.87,2026-06-28T23:08:53Z,40.645795,-73.811052,120.9,a1314e,N176UW,A321,AIRBUS A-321,0
landing,LGA,22,1782688160.35,2026-06-28T23:09:20Z,40.775128,-73.879171,210.9,a21fa1,N236JQ,E75L,EMBRAER ERJ-170-200 (long wing),0
takeoff,LGA,13,1782688198.7,2026-06-28T23:09:58Z,40.780272,-73.874318,123.8,ac3688,N8860S,B38M,BOEING 737 MAX 8,0
landing,LGA,13,1782688200.54,2026-06-28T23:10:00Z,40.779842,-73.873398,123.8,ac3688,N8860S,B38M,BOEING 737 MAX 8,0
takeoff,LGA,13,1782688200.54,2026-06-28T23:10:00Z,40.779842,-73.873398,123.8,ac3688,N8860S,B38M,BOEING 737 MAX 8,0
takeoff,JFK,13R,1782688208.26,2026-06-28T23:10:08Z,40.645786,-73.810989,120.9,a1a0a1,N2038J,A21N,AIRBUS A-321neo,0
landing,LGA,22,1782688257.99,2026-06-28T23:10:57Z,40.774887,-73.879379,208.1,a4e8ef,N415YX,E75L,EMBRAER ERJ-170-200 (long wing),0
landing,JFK,13L,1782688262.56,2026-06-28T23:11:02Z,40.65033,-73.773849,118.1,acc040,N920XJ,CRJ9,BOMBARDIER Regional Jet CRJ-900,0
takeoff,LGA,13,1782688280.82,2026-06-28T23:11:20Z,40.779667,-73.873007,123.8,a44d3f,N3766,B738,BOEING 737-800,0
landing,JFK,22R,1782688281.77,2026-06-28T23:11:21Z,40.636265,-73.776062,236.2,ab8260,N8401M,PA34,PIPER PA-34 Seneca,0
landing,JFK,22L,1782688298.78,2026-06-28T23:11:38Z,40.635532,-73.762466,210.9,461f09,OH-LTP,A333,AIRBUS A-330-300,0
takeoff,JFK,13R,1782688333.14,2026-06-28T23:12:13Z,40.645818,-73.811068,120.9,a0f46f,N1603,B763,BOEING 767-300,0
landing,JFK,13L,1782688352.45,2026-06-28T23:12:32Z,40.651051,-73.775375,120.9,a1b2a8,N2084J,A21N,AIRBUS A-321neo,0
takeoff,LGA,13,1782688371.26,2026-06-28T23:12:51Z,40.781971,-73.877838,123.8,a51b93,N428YX,E75L,EMBRAER ERJ-170-200 (long wing),0
landing,LGA,22,1782688378.36,2026-06-28T23:12:58Z,40.775116,-73.879227,210.9,abc2e5,N857RW,E170,EMBRAER ERJ-170-100,0
landing,JFK,13L,1782688439.61,2026-06-28T23:13:59Z,40.650846,-73.774941,120.9,4d0140,LX-OCV,B744,BOEING 747-400,0
takeoff,JFK,13R,1782688451.79,2026-06-28T23:14:11Z,40.645569,-73.810516,120.9,ac7b1b,N903JB,A321,AIRBUS A-321,0
landing,LGA,22,1782688456.65,2026-06-28T23:14:16Z,40.777039,-73.877625,210.9,ac7c67,N903XJ,CRJ9,BOMBARDIER Regional Jet CRJ-900,0
landing,LGA,22,1782688533.5,2026-06-28T23:15:33Z,40.776886,-73.877766,210.9,a44d85,N3768,B738,BOEING 737-800,0
takeoff,LGA,13,1782688556.82,2026-06-28T23:15:56Z,40.780163,-73.874069,123.8,a4a0d9,N398DN,A321,AIRBUS A-321,0
landing,LGA,13,1782688557.68,2026-06-28T23:15:57Z,40.779934,-73.873581,120.9,a4a0d9,N398DN,A321,AIRBUS A-321,0
takeoff,LGA,13,1782688557.68,2026-06-28T23:15:57Z,40.779934,-73.873581,120.9,a4a0d9,N398DN,A321,AIRBUS A-321,0
takeoff,JFK,13R,1782688573.6,2026-06-28T23:16:13Z,40.645821,-73.811096,120.9,3965a7,F-GZNH,B77W,BOEING 777-300ER,0
landing,JFK,22L,1782688576.27,2026-06-28T23:16:16Z,40.631491,-73.765656,210.9,a1c1c7,N212JQ,E75L,EMBRAER ERJ-170-200 (long wing),0
landing,JFK,13L,1782688583.64,2026-06-28T23:16:23Z,40.650915,-73.775113,120.9,ad7d9f,N969AK,B39M,BOEING 737 MAX 9,0
landing,LGA,22,1782688650.55,2026-06-28T23:17:30Z,40.774977,-73.879296,210.9,a0144e,N104HQ,E75L,EMBRAER ERJ-170-200 (long wing),0
takeoff,LGA,13,1782688665.49,2026-06-28T23:17:45Z,40.77926,-73.87218,120.9,a3560b,N314DU,BCS3,AIRBUS A220-300,0
landing,JFK,13L,1782688666.71,2026-06-28T23:17:46Z,40.649872,-73.772751,120.9,ab6519,N833SK,CRJ9,BOMBARDIER Regional Jet CRJ-900,0
takeoff,JFK,13R,1782688676.07,2026-06-28T23:17:56Z,40.645387,-73.810132,120.9,aaf5b1,N805NW,A333,AIRBUS A-330-300,0
landing,LGA,22,1782688725.5,2026-06-28T23:18:45Z,40.777885,-73.876923,210.9,a3e011,N349PQ,CRJ9,BOMBARDIER Regional Jet CRJ-900,0
takeoff,LGA,13,1782688738.05,2026-06-28T23:18:58Z,40.780214,-73.874161,123.8,ace96d,N931AN,B738,BOEING 737-800,0
landing,JFK,13L,1782688740.88,2026-06-28T23:19:00Z,40.649574,-73.772141,120.9,ade9c0,N996JL,A321,AIRBUS A-321,0
takeoff,JFK,13R,1782688782.14,2026-06-28T23:19:42Z,40.645748,-73.810959,120.9,4005bd,G-VIIE,B772,BOEING 777-200,0
landing,LGA,22,1782688795.35,2026-06-28T23:19:55Z,40.775803,-73.878677,210.9,ac6f8a,N900DU,B739,BOEING 737-900,0
takeoff,LGA,13,1782688821.06,2026-06-28T23:20:21Z,40.779469,-73.872585,123.8,c07b09,C-GUPK,BCS3,AIRBUS A220-300,0
landing,JFK,13L,1782688831.08,2026-06-28T23:20:31Z,40.64946,-73.771881,123.8,ade252,N994JL,A321,AIRBUS A-321,0
landing,JFK,13L,1782688922.87,2026-06-28T23:22:02Z,40.649712,-73.772461,120.9,a19a48,N202JQ,E75L,EMBRAER ERJ-170-200 (long wing),0
landing,LGA,22,1782688936.03,2026-06-28T23:22:16Z,40.777561,-73.877205,210.9,ac98c1,N910XJ,CRJ9,BOMBARDIER Regional Jet CRJ-900,0
takeoff,LGA,13,1782688949.85,2026-06-28T23:22:29Z,40.780575,-73.874911,123.8,a41447,N362FR,A20N,AIRBUS A-320neo,0
landing,JFK,13L,1782688983.79,2026-06-28T23:23:03Z,40.65057,-73.774338,120.9,840df8,JA03WJ,A35K,AIRBUS A-350-1000,0
landing,JFK,22L,1782688983.96,2026-06-28T23:23:03Z,40.636436,-73.761749,210.9,40621b,G-STBA,B77W,BOEING 777-300ER,0
takeoff,JFK,13R,1782689013.67,2026-06-28T23:23:33Z,40.645899,-73.811255,120.9,a36a19,N319UY,B38M,BOEING 737 MAX 8,0
landing,LGA,22,1782689073.31,2026-06-28T23:24:33Z,40.774658,-73.879578,208.1,a04e60,N119HQ,E75L,EMBRAER ERJ-170-200 (long wing),0
takeoff,JFK,13R,1782689081.29,2026-06-28T23:24:41Z,40.645855,-73.811157,120.9,aa3b85,N759AN,B772,BOEING 777-200,0
takeoff,LGA,13,1782689123.18,2026-06-28T23:25:23Z,40.779762,-73.873215,123.8,ab678e,N834DN,B739,BOEING 737-900,0
landing,JFK,13L,1782689125.25,2026-06-28T23:25:25Z,40.650272,-73.773697,120.9,a36799,N3185J,BCS3,AIRBUS A220-300,0
takeoff,JFK,13R,1782689186.74,2026-06-28T23:26:26Z,40.647675,-73.815186,120.9,a4e538,N414YX,E75L,EMBRAER ERJ-170-200 (long wing),0
takeoff,LGA,13,1782689187.25,2026-06-28T23:26:27Z,40.781739,-73.877329,123.8,a5307f,N433YX,E75L,EMBRAER ERJ-170-200 (long wing),0
landing,LGA,22,1782689193.38,2026-06-28T23:26:33Z,40.774733,-73.87953,210.9,a1f0b4,N224JQ,E75L,EMBRAER ERJ-170-200 (long wing),0
landing,JFK,13L,1782689197.79,2026-06-28T23:26:37Z,40.650341,-73.773819,120.9,aa8b40,N779JB,A320,AIRBUS A-320,0
landing,JFK,22L,1782689200.18,2026-06-28T23:26:40Z,40.634823,-73.763031,210.9,49526b,CS-TSK,A20N,AIRBUS A-320neo,0
landing,LGA,22,1782689271.76,2026-06-28T23:27:51Z,40.776947,-73.877716,210.9,ac2952,N883DN,B739,BOEING 737-900,0
landing,JFK,13L,1782689274.9,2026-06-28T23:27:54Z,40.650415,-73.77402,120.9,a3489f,N310UM,B38M,,0
takeoff,JFK,13R,1782689289.03,2026-06-28T23:28:09Z,40.645061,-73.80943,120.9,4d24fe,9H-HFJ,A332,AIRBUS A-330-200,0
landing,LGA,22,1782689337.53,2026-06-28T23:28:57Z,40.774933,-73.87941,210.9,acad02,N916AN,B738,BOEING 737-800,0
takeoff,LGA,13,1782689346.98,2026-06-28T23:29:06Z,40.779945,-73.873611,123.8,a310cf,N297PQ,CRJ9,BOMBARDIER Regional Jet CRJ-900,0
landing,JFK,13L,1782689371.01,2026-06-28T23:29:31Z,40.650696,-73.774658,120.9,a4e714,N415DX,A339,AIRBUS A-330-900,0
takeoff,JFK,13R,1782689395.71,2026-06-28T23:29:55Z,40.645649,-73.810715,120.9,0d0e15,XA-DAJ,B38M,BOEING 737 MAX 8,0
landing,LGA,22,1782689435.58,2026-06-28T23:30:35Z,40.776956,-73.877704,205.3,a17c12,N195PQ,CRJ9,BOMBARDIER Regional Jet CRJ-900,0
takeoff,LGA,13,1782689443.69,2026-06-28T23:30:43Z,40.781692,-73.877251,123.8,a8a0d9,N655RW,E170,EMBRAER ERJ-170-100,0
landing,JFK,22L,1782689474.28,2026-06-28T23:31:14Z,40.640127,-73.758899,210.9,a0e9b7,N158UP,A306,AIRBUS A-300-600,0
takeoff,LGA,13,1782689524.17,2026-06-28T23:32:04Z,40.779842,-73.873381,120.9,a7c849,N600LR,CRJ9,BOMBARDIER Regional Jet CRJ-900,0
landing,JFK,13L,1782689568.52,2026-06-28T23:32:48Z,40.653374,-73.780533,120.9,ac55ef,N894TX,H25B,HAWKER BEECHCRAFT Hawker 750/850,0
takeoff,LGA,13,1782689622.72,2026-06-28T23:33:42Z,40.781599,-73.877033,123.8,a4bdb9,N404YX,E75L,EMBRAER ERJ-170-200 (long wing),0
landing,LGA,22,1782689622.89,2026-06-28T23:33:42Z,40.774919,-73.879374,210.9,a4d04c,N409YX,E75L,EMBRAER ERJ-170-200 (long wing),0
takeoff,JFK,13R,1782689633.41,2026-06-28T23:33:53Z,40.645341,-73.810054,120.9,a358bd,N3145J,BCS3,AIRBUS A220-300,0
landing,JFK,13L,1782689669.09,2026-06-28T23:34:29Z,40.648925,-73.770712,120.9,a36b73,N3196J,BCS3,AIRBUS A220-300,0
takeoff,JFK,13R,1782689705.17,2026-06-28T23:35:05Z,40.645981,-73.811432,120.9,406b05,G-STBL,B77W,BOEING 777-300ER,0
landing,LGA,22,1782689715.95,2026-06-28T23:35:15Z,40.776397,-73.878172,208.1,a35701,N314PQ,CRJ9,BOMBARDIER Regional Jet CRJ-900,0
landing,LGA,22,1782689803.14,2026-06-28T23:36:43Z,40.775059,-73.87928,210.9,a210c5,N232JQ,E75L,EMBRAER ERJ-170-200 (long wing),0
takeoff,LGA,13,1782689816.57,2026-06-28T23:36:56Z,40.7799,-73.873489,123.8,a3776f,N322TH,B38M,BOEING 737 MAX 8,0
landing,JFK,22L,1782689823.1,2026-06-28T23:37:03Z,40.634102,-73.763611,210.9,aac337,N793AN,B772,BOEING 777-200,0
takeoff,JFK,13R,1782689841.45,2026-06-28T23:37:21Z,40.645615,-73.810654,120.9,a70333,N551AS,B738,BOEING 737-800,0
landing,LGA,22,1782689897.43,2026-06-28T23:38:17Z,40.775047,-73.879272,210.9,ab3d17,N823MD,E170,EMBRAER ERJ-170-100,0
takeoff,JFK,13R,1782689906.36,2026-06-28T23:38:26Z,40.646004,-73.811489,120.9,a98539,N712TW,B752,BOEING 757-200,0
takeoff,JFK,13R,1782689984.24,2026-06-28T23:39:44Z,40.645752,-73.810928,120.9,a85c3e,N638JB,A320,AIRBUS A-320,0
landing,LGA,22,1782690053.59,2026-06-28T23:40:53Z,40.775196,-73.87915,210.9,a55f6c,N445YX,E75L,EMBRAER ERJ-170-200 (long wing),0
takeoff,LGA,13,1782690059.91,2026-06-28T23:40:59Z,40.78014,-73.874008,123.8,a03f1e,N115DN,A321,AIRBUS A-321,0
landing,JFK,22L,1782690074.05,2026-06-28T23:41:14Z,40.635181,-73.762753,209.6,440184,OE-LPM,B789,BOEING 787-9 Dreamliner,0
takeoff,JFK,13R,1782690101.88,2026-06-28T23:41:41Z,40.645748,-73.810928,120.9,a48315,N390DA,B738,BOEING 737-800,0
landing,JFK,13L,1782690144.03,2026-06-28T23:42:24Z,40.650158,-73.773438,120.9,ad1927,N943JT,A321,AIRBUS A-321,0
landing,LGA,22,1782690150.46,2026-06-28T23:42:30Z,40.775047,-73.879257,210.9,a517dc,N427YX,E75L,EMBRAER ERJ-170-200 (long wing),0
takeoff,LGA,13,1782690162.99,2026-06-28T23:42:42Z,40.779625,-73.872925,118.1,a21142,N232PQ,CRJ9,BOMBARDIER Regional Jet CRJ-900,0
takeoff,JFK,13R,1782690193.46,2026-06-28T23:43:13Z,40.645683,-73.81076,122.4,ab9630,N846AN,B789,BOEING 787-9 Dreamliner,0
landing,LGA,22,1782690241.66,2026-06-28T23:44:01Z,40.776443,-73.878128,210.9,a33339,N305PQ,CRJ9,BOMBARDIER Regional Jet CRJ-900,0
takeoff,LGA,13,1782690248.51,2026-06-28T23:44:08Z,40.781611,-73.87708,123.8,a046f2,N117HQ,E75L,EMBRAER ERJ-170-200 (long wing),0
landing,JFK,13L,1782690309.7,2026-06-28T23:45:09Z,40.649693,-73.772413,123.8,ac6445,N898NN,B738,BOEING 737-800,0
landing,LGA,22,1782690330.24,2026-06-28T23:45:30Z,40.775082,-73.879272,213.8,ab1203,N812NN,B738,BOEING 737-800,0
landing,JFK,22L,1782690333.85,2026-06-28T23:45:33Z,40.634494,-73.763284,210.9,3c656e,D-AIKN,A333,AIRBUS A-330-300,0
takeoff,LGA,13,1782690344.03,2026-06-28T23:45:44Z,40.780563,-73.874895,123.8,a43ea6,N37277,B738,BOEING 737-800,0
takeoff,JFK,13R,1782690345.56,2026-06-28T23:45:45Z,40.645855,-73.811172,122.5,a99f92,N719XJ,C750,CESSNA 750 Citation 10,0
landing,LGA,22,1782690405.32,2026-06-28T23:46:45Z,40.778713,-73.876253,210.9,c0797b,C-GUAC,BCS3,AIRBUS A220-300,8
takeoff,LGA,13,1782690427.05,2026-06-28T23:47:07Z,40.779819,-73.873322,126.6,a38237,N325PQ,CRJ9,BOMBARDIER Regional Jet CRJ-900,0
takeoff,JFK,13R,1782690463.12,2026-06-28T23:47:43Z,40.645969,-73.811417,120.9,48436e,PH-BQG,B772,BOEING 777-200,0
landing,LGA,22,1782690477.13,2026-06-28T23:47:57Z,40.777095,-73.877579,210.9,a406c9,N359FR,A20N,AIRBUS A-320neo,0
landing,JFK,13L,1782690487.74,2026-06-28T23:48:07Z,40.650043,-73.773193,120.9,ad7ab8,N968JT,A321,AIRBUS A-321,0
takeoff,LGA,13,1782690491.45,2026-06-28T23:48:11Z,40.781564,-73.87697,123.8,a20347,N229JQ,E75L,EMBRAER ERJ-170-200 (long wing),0
landing,LGA,22,1782690557.35,2026-06-28T23:49:17Z,40.7745,-73.879733,210.9,adb3cb,N982NN,B738,BOEING 737-800,0
takeoff,LGA,13,1782690563.5,2026-06-28T23:49:23Z,40.781742,-73.87735,123.8,a1acdb,N207JQ,E75L,EMBRAER ERJ-170-200 (long wing),0
landing,JFK,22L,1782690607.1,2026-06-28T23:50:07Z,40.636036,-73.762085,209.6,407af1,G-ZBLF,B78X,BOEING 787-10 Dreamliner,0
landing,LGA,22,1782690617.53,2026-06-28T23:50:17Z,40.777576,-73.877197,210.9,a37d8a,N324DU,BCS3,AIRBUS A220-300,0
landing,JFK,13L,1782690631.45,2026-06-28T23:50:31Z,40.65184,-73.777115,120.9,ac72af,N9008U,A319,AIRBUS A-319,0
takeoff,JFK,13R,1782690633.81,2026-06-28T23:50:33Z,40.645841,-73.811131,120.9,a3ad6d,N336PQ,CRJ9,BOMBARDIER Regional Jet CRJ-900,0
takeoff,LGA,13,1782690654.11,2026-06-28T23:50:54Z,40.778922,-73.871462,116.8,ad1926,N943JS,C680,CESSNA 680 Citation Sovereign,0
takeoff,JFK,13R,1782690691.33,2026-06-28T23:51:31Z,40.646015,-73.811539,120.9,a0f4f6,N16065,B763,BOEING 767-300,0
landing,JFK,13L,1782690697.19,2026-06-28T23:51:37Z,40.651718,-73.776876,120.9,a38b84,N3276J,BCS3,AIRBUS A220-300,0
landing,LGA,22,1782690720.1,2026-06-28T23:52:00Z,40.775082,-73.879242,210.9,a1ff90,N228JQ,E75L,EMBRAER ERJ-170-200 (long wing),0
takeoff,LGA,13,1782690723.73,2026-06-28T23:52:03Z,40.780168,-73.874068,123.8,ac4d1a,N892DN,B739,BOEING 737-900,0
landing,JFK,13L,1782690788.75,2026-06-28T23:53:08Z,40.64946,-73.771896,123.8,a1a924,N206JQ,E75L,EMBRAER ERJ-170-200 (long wing),0
takeoff,JFK,13R,1782690805.05,2026-06-28T23:53:25Z,40.646423,-73.812395,120.9,aca79d,N914XJ,CRJ9,BOMBARDIER Regional Jet CRJ-900,0
landing,LGA,22,1782690812.15,2026-06-28T23:53:32Z,40.775093,-73.879218,210.9,a07bef,N130HQ,E75L,EMBRAER ERJ-170-200 (long wing),0
takeoff,LGA,13,1782690820.07,2026-06-28T23:53:40Z,40.779797,-73.873291,120.9,a3245d,N301PQ,CRJ9,BOMBARDIER Regional Jet CRJ-900,0
takeoff,JFK,13R,1782690867.8,2026-06-28T23:54:27Z,40.645783,-73.81099,120.9,a13386,N177DN,B763,BOEING 767-300,0
landing,JFK,13L,1782690870.47,2026-06-28T23:54:30Z,40.651176,-73.775726,120.9,a6ee8e,N546DN,A21N,AIRBUS A-321neo,0
landing,LGA,22,1782690879.6,2026-06-28T23:54:39Z,40.776793,-73.877813,213.8,a34825,N310PQ,CRJ9,BOMBARDIER Regional Jet CRJ-900,0
takeoff,LGA,13,1782690897.21,2026-06-28T23:54:57Z,40.779888,-73.873475,120.9,a8f9a3,N678CA,CRJ9,BOMBARDIER Regional Jet CRJ-900,0
takeoff,JFK,13R,1782690931.1,2026-06-28T23:55:31Z,40.646027,-73.811523,120.9,ab6851,N834MH,B764,BOEING 767-400,0
landing,JFK,13L,1782690958.98,2026-06-28T23:55:58Z,40.649632,-73.772324,123.8,a00ce0,N102HQ,E75L,EMBRAER ERJ-170-200 (long wing),0
landing,LGA,22,1782690980.77,2026-06-28T23:56:20Z,40.776134,-73.878372,213.8,a39ada,N331PQ,CRJ9,BOMBARDIER Regional Jet CRJ-900,0
takeoff,LGA,13,1782690993.9,2026-06-28T23:56:33Z,40.779865,-73.873413,123.8,ac8efa,N908XJ,CRJ9,BOMBARDIER Regional Jet CRJ-900,0
landing,JFK,13L,1782691017.23,2026-06-28T23:56:57Z,40.651439,-73.776252,123.8,a32bba,N303NY,A21N,AIRBUS A-321neo,0
takeoff,LGA,13,1782691071.18,2026-06-28T23:57:51Z,40.780289,-73.874329,123.8,c01bde,C-FKOJ,A320,AIRBUS A-320,0
takeoff,JFK,13R,1782691114.77,2026-06-28T23:58:34Z,40.645655,-73.810725,119.6,7c8069,VH-ZNF,B789,BOEING 787-9 Dreamliner,0
landing,JFK,13L,1782691117.39,2026-06-28T23:58:37Z,40.651218,-73.775784,123.8,a5e3e4,N479PX,CRJ9,BOMBARDIER Regional Jet CRJ-900,0
landing,LGA,22,1782691186.56,2026-06-28T23:59:46Z,40.775116,-73.879196,210.9,abd41a,N861RW,E170,EMBRAER ERJ-170-100,0
landing,JFK,13L,1782691186.99,2026-06-28T23:59:46Z,40.650959,-73.775223,120.9,a198ed,N2016J,A21N,AIRBUS A-321neo,0
