type,airport,runway,timestamp,timestamp_iso,lat,lon,track_deg,icao,registration,aircraft_type,description,db_flags
takeoff,JFK,13R,1779840080.81,2026-05-27T00:01:20Z,40.646427,-73.812424,120.9,a79821,N589JB,A320,AIRBUS A-320,0
landing,LGA,22,1779840089.18,2026-05-27T00:01:29Z,40.775908,-73.878593,210.9,a7178c,N556UW,A321,AIRBUS A-321,0
takeoff,JFK,13R,1779840184.54,2026-05-27T00:03:04Z,40.646152,-73.811829,120.9,a35592,N3139J,BCS3,AIRBUS A220-300,0
takeoff,JFK,13R,1779840236.47,2026-05-27T00:03:56Z,40.646667,-73.812956,120.9,a76c79,N578DN,A21N,AIRBUS A-321neo,0
landing,JFK,22R,1779840249.27,2026-05-27T00:04:09Z,40.645168,-73.770874,182.8,a8ded6,N6705Y,B752,BOEING 757-200,0
takeoff,LGA,13,1779840257.13,2026-05-27T00:04:17Z,40.78022,-73.874146,120.9,a71291,N555FX,CL30,BOMBARDIER BD-100 Challenger 300,0
landing,JFK,13L,1779840271.92,2026-05-27T00:04:31Z,40.649254,-73.771515,126.6,a5f162,N482PX,CRJ9,BOMBARDIER Regional Jet CRJ-900,0
takeoff,JFK,13R,1779840304.11,2026-05-27T00:05:04Z,40.646679,-73.812988,120.9,400683,G-VIIK,B772,BOEING 777-200,0
landing,LGA,22,1779840329.97,2026-05-27T00:05:29Z,40.777519,-73.877258,210.9,a442f3,N374DA,B738,BOEING 737-800,0
takeoff,LGA,13,1779840335.84,2026-05-27T00:05:35Z,40.781669,-73.877236,123.8,a8a490,N656RW,E170,EMBRAER ERJ-170-100,0
landing,LGA,04,1779840361.54,2026-05-27T00:06:01Z,40.776615,-73.875641,30.9,a34bdc,N311PQ,CRJ9,BOMBARDIER Regional Jet CRJ-900,0
landing,JFK,13L,1779840362.89,2026-05-27T00:06:02Z,40.649344,-73.771664,123.8,a091f3,N136EV,CRJ9,BOMBARDIER Regional Jet CRJ-900,0
takeoff,LGA,13,1779840414.25,2026-05-27T00:06:54Z,40.780051,-73.873818,118.1,a30961,N295PQ,CRJ9,BOMBARDIER Regional Jet CRJ-900,0
landing,JFK,22L,1779840435.42,2026-05-27T00:07:15Z,40.632655,-73.76472,209.6,406f78,G-ZBKL,B789,BOEING 787-9 Dreamliner,0
landing,LGA,22,1779840439.58,2026-05-27T00:07:19Z,40.778445,-73.876487,213.8,a43e5c,N37253,B738,BOEING 737-800,0
takeoff,JFK,13R,1779840448.14,2026-05-27T00:07:28Z,40.647052,-73.813783,120.9,a3a9ff,N335SN,B38M,BOEING 737 MAX 8,0
takeoff,JFK,13R,1779840471.75,2026-05-27T00:07:51Z,40.648146,-73.816187,132.2,a046f2,N117HQ,E75L,EMBRAER ERJ-170-200 (long wing),0
landing,JFK,13L,1779840478.29,2026-05-27T00:07:58Z,40.651311,-73.775956,120.9,a1775f,N194DN,B763,BOEING 767-300,0
takeoff,LGA,13,1779840496.24,2026-05-27T00:08:16Z,40.779621,-73.872913,123.8,acc3f7,N921XJ,CRJ9,BOMBARDIER Regional Jet CRJ-900,0
takeoff,LGA,13,1779840545.01,2026-05-27T00:09:05Z,40.781834,-73.877548,123.8,a2348d,N241JQ,E75L,EMBRAER ERJ-170-200 (long wing),0
takeoff,JFK,13R,1779840577.63,2026-05-27T00:09:37Z,40.64677,-73.813141,120.9,a1bc92,N2105J,A21N,AIRBUS A-321neo,0
takeoff,LGA,13,1779840610.05,2026-05-27T00:10:10Z,40.781809,-73.877485,123.8,ada699,N979RP,E170,EMBRAER ERJ-170-100,0
takeoff,JFK,13R,1779840645.13,2026-05-27T00:10:45Z,40.647034,-73.813736,119.6,ab8fcb,N844MC,B789,BOEING 787-9 Dreamliner,0
takeoff,LGA,13,1779840698.33,2026-05-27T00:11:38Z,40.779739,-73.873154,120.9,ab0a95,N810NN,B738,BOEING 737-800,0
landing,JFK,31R,1779840721.24,2026-05-27T00:12:01Z,40.647503,-73.774445,298.1,a7da9c,N605JB,A320,AIRBUS A-320,0
landing,JFK,13L,1779840739.01,2026-05-27T00:12:19Z,40.650421,-73.774002,120.9,a01112,N103NN,A321,AIRBUS A-321,0
takeoff,LGA,13,1779840755.17,2026-05-27T00:12:35Z,40.780622,-73.87502,123.8,a2c93f,N279PQ,CRJ9,BOMBARDIER Regional Jet CRJ-900,0
landing,JFK,22L,1779840779.0,2026-05-27T00:12:59Z,40.632236,-73.765045,210.9,3481d5,EC-OJL,B772,BOEING 777-200,0
takeoff,JFK,13R,1779840800.78,2026-05-27T00:13:20Z,40.645088,-73.809464,122.4,e8043a,CC-BBC,B788,BOEING 787-8 Dreamliner,0
landing,LGA,22,1779840860.72,2026-05-27T00:14:20Z,40.775454,-73.878984,210.9,ac7c67,N903XJ,CRJ9,BOMBARDIER Regional Jet CRJ-900,0
takeoff,LGA,13,1779840868.49,2026-05-27T00:14:28Z,40.78046,-73.87468,123.8,a43423,N370DN,A321,AIRBUS A-321,0
landing,JFK,13L,1779840871.23,2026-05-27T00:14:31Z,40.65187,-73.77722,120.9,adabfe,N980JT,A321,AIRBUS A-321,0
takeoff,JFK,13R,1779840914.05,2026-05-27T00:15:14Z,40.64518,-73.809647,120.9,a386fb,N3260J,BCS3,,0
takeoff,LGA,13,1779840921.46,2026-05-27T00:15:21Z,40.781857,-73.877579,123.8,a24720,N246JQ,E75L,EMBRAER ERJ-170-200 (long wing),0
landing,LGA,22,1779840939.21,2026-05-27T00:15:39Z,40.774509,-73.879669,205.3,a52cc8,N432YX,E75L,EMBRAER ERJ-170-200 (long wing),0
takeoff,JFK,13R,1779840967.78,2026-05-27T00:16:07Z,40.645683,-73.810745,120.9,a77dae,N582DN,A21N,,0
takeoff,JFK,31L,1779840981.32,2026-05-27T00:16:21Z,40.647703,-73.811365,300.9,acc040,N920XJ,CRJ9,BOMBARDIER Regional Jet CRJ-900,0
landing,LGA,22,1779841004.17,2026-05-27T00:16:44Z,40.777897,-73.876938,210.9,a475a3,N387DN,A321,AIRBUS A-321,0
takeoff,JFK,13R,1779841008.38,2026-05-27T00:16:48Z,40.64697,-73.813627,120.9,a40d7a,N360NB,A319,AIRBUS A-319,0
takeoff,JFK,13R,1779841070.03,2026-05-27T00:17:50Z,40.645409,-73.810165,120.9,a44d3f,N3766,B738,BOEING 737-800,0
takeoff,LGA,13,1779841083.18,2026-05-27T00:18:03Z,40.781739,-73.877345,123.8,a0835d,N132HQ,E75L,EMBRAER ERJ-170-200 (long wing),0
takeoff,JFK,13R,1779841101.04,2026-05-27T00:18:21Z,40.648121,-73.816147,120.9,a5255a,N430YX,E75L,EMBRAER ERJ-170-200 (long wing),0
landing,JFK,13L,1779841136.06,2026-05-27T00:18:56Z,40.649551,-73.772095,120.9,ac671b,N899DN,B739,BOEING 737-900,0
takeoff,JFK,13R,1779841171.66,2026-05-27T00:19:31Z,40.645935,-73.811325,120.9,4ba952,TC-JJR,B77W,BOEING 777-300ER,0
takeoff,LGA,13,1779841174.81,2026-05-27T00:19:34Z,40.781855,-73.877595,123.8,a1d45a,N217JQ,E75L,EMBRAER ERJ-170-200 (long wing),0
landing,LGA,22,1779841182.38,2026-05-27T00:19:42Z,40.775443,-73.878921,210.9,a1d0a3,N216JQ,E75L,EMBRAER ERJ-170-200 (long wing),0
takeoff,LGA,22,1779841182.38,2026-05-27T00:19:42Z,40.775443,-73.878921,210.9,a1d0a3,N216JQ,E75L,EMBRAER ERJ-170-200 (long wing),0
landing,LGA,22,1779841185.27,2026-05-27T00:19:45Z,40.774967,-73.879303,210.9,a1d0a3,N216JQ,E75L,EMBRAER ERJ-170-200 (long wing),0
landing,LGA,22,1779841275.01,2026-05-27T00:21:15Z,40.777679,-73.87709,208.1,a2fe3c,N292PQ,CRJ9,BOMBARDIER Regional Jet CRJ-900,0
takeoff,LGA,13,1779841281.27,2026-05-27T00:21:21Z,40.781622,-73.877095,123.8,a22358,N237JQ,E75L,EMBRAER ERJ-170-200 (long wing),0
landing,JFK,13L,1779841286.6,2026-05-27T00:21:26Z,40.650124,-73.773365,120.9,78926b,B-LXR,A35K,AIRBUS A-350-1000,0
takeoff,JFK,13R,1779841328.54,2026-05-27T00:22:08Z,40.646528,-73.812629,123.8,a6152a,N491PX,CRJ9,BOMBARDIER Regional Jet CRJ-900,0
takeoff,LGA,13,1779841366.27,2026-05-27T00:22:46Z,40.780483,-73.874725,123.8,ad6b0f,N964AN,B738,BOEING 737-800,0
landing,LGA,22,1779841374.14,2026-05-27T00:22:54Z,40.774498,-73.879684,205.3,a8996b,N653RW,E170,EMBRAER ERJ-170-100,0
takeoff,JFK,13R,1779841413.79,2026-05-27T00:23:33Z,40.645899,-73.811255,120.9,a6e720,N544DN,A21N,AIRBUS A-321neo,0
takeoff,LGA,13,1779841448.46,2026-05-27T00:24:08Z,40.781834,-73.877518,123.8,a0345f,N112HQ,E75L,EMBRAER ERJ-170-200 (long wing),0
landing,LGA,22,1779841461.5,2026-05-27T00:24:21Z,40.774395,-73.879733,205.3,c0619b,C-GKZA,E295,EMBRAER ERJ-190-400,0
landing,JFK,13L,1779841461.71,2026-05-27T00:24:21Z,40.64768,-73.768137,140.6,a36a21,N319VF,B38M,BOEING 737 MAX 8,0
takeoff,JFK,13R,1779841464.55,2026-05-27T00:24:24Z,40.6464,-73.812379,120.9,a6319f,N499AZ,B763,BOEING 767-300,0
landing,JFK,13L,1779841519.66,2026-05-27T00:25:19Z,40.650513,-73.774261,120.9,ad7e6f,N969JT,A321,AIRBUS A-321,0
landing,LGA,22,1779841551.08,2026-05-27T00:25:51Z,40.777771,-73.877029,210.9,a2536f,N249WN,B737,BOEING 737-700,0
takeoff,LGA,13,1779841552.35,2026-05-27T00:25:52Z,40.782134,-73.878156,123.8,a1a924,N206JQ,E75L,EMBRAER ERJ-170-200 (long wing),0
takeoff,JFK,13R,1779841583.85,2026-05-27T00:26:23Z,40.645527,-73.810459,120.9,a86605,N640JB,A320,AIRBUS A-320,0
landing,JFK,13L,1779841604.72,2026-05-27T00:26:44Z,40.650581,-73.774384,120.9,a7e5c1,N608JB,A320,AIRBUS A-320,0
takeoff,JFK,13R,1779841626.82,2026-05-27T00:27:06Z,40.648087,-73.816062,120.9,a66695,N511QS,C68A,CESSNA 680 Citation Latitude,0
takeoff,LGA,13,1779841685.3,2026-05-27T00:28:05Z,40.78061,-73.874989,123.8,a6e258,N54241,B738,BOEING 737-800,0
landing,LGA,22,1779841687.16,2026-05-27T00:28:07Z,40.77618,-73.878265,199.7,ab282b,N818MD,E170,EMBRAER ERJ-170-100,0
landing,JFK,13L,1779841714.84,2026-05-27T00:28:34Z,40.650764,-73.77478,120.9,ab6851,N834MH,B764,BOEING 767-400,0
takeoff,JFK,13R,1779841724.18,2026-05-27T00:28:44Z,40.64626,-73.812004,120.9,a44cda,N3763D,B738,BOEING 737-800,0
landing,LGA,22,1779841763.81,2026-05-27T00:29:23Z,40.778282,-73.876596,208.1,a8f235,N676CA,CRJ9,BOMBARDIER Regional Jet CRJ-900,0
takeoff,LGA,13,1779841774.31,2026-05-27T00:29:34Z,40.780575,-73.874926,123.8,a43e5b,N37252,B738,BOEING 737-800,0
takeoff,JFK,13R,1779841789.79,2026-05-27T00:29:49Z,40.645434,-73.810257,120.9,a4dbef,N412DX,A339,AIRBUS A-330-900,0
landing,JFK,13L,1779841804.51,2026-05-27T00:30:04Z,40.649837,-73.77269,120.9,a539c9,N436DX,A339,AIRBUS A-330-900,0
takeoff,JFK,31L,1779841808.93,2026-05-27T00:30:08Z,40.649448,-73.815613,258.8,a70aa1,N553AS,B738,BOEING 737-800,0
takeoff,JFK,13R,1779841859.87,2026-05-27T00:30:59Z,40.645411,-73.810163,120.9,abd3cf,N861NW,A332,AIRBUS A-330-200,0
takeoff,LGA,13,1779841863.06,2026-05-27T00:31:03Z,40.780284,-73.874318,120.9,a14c70,N183GJ,CRJ9,BOMBARDIER Regional Jet CRJ-900,0
landing,LGA,22,1779841865.68,2026-05-27T00:31:05Z,40.774128,-73.879842,194.1,abbb77,N855RW,E170,EMBRAER ERJ-170-100,0
landing,LGA,22,1779841937.23,2026-05-27T00:32:17Z,40.777037,-73.877626,213.8,a4423a,N37367,B38M,BOEING 737 MAX 8,0
takeoff,LGA,13,1779841963.74,2026-05-27T00:32:43Z,40.779705,-73.873093,123.8,a379d3,N323DU,BCS3,AIRBUS A220-300,0
landing,LGA,22,1779842034.87,2026-05-27T00:33:54Z,40.777875,-73.876955,210.9,aca3e6,N913XJ,CRJ9,BOMBARDIER Regional Jet CRJ-900,0
takeoff,JFK,13R,1779842043.88,2026-05-27T00:34:03Z,40.645399,-73.810147,120.9,406814,G-VGEM,A333,AIRBUS A-330-300,0
takeoff,LGA,13,1779842052.58,2026-05-27T00:34:12Z,40.780272,-73.874271,120.9,a33339,N305PQ,CRJ9,BOMBARDIER Regional Jet CRJ-900,0
takeoff,JFK,13R,1779842113.17,2026-05-27T00:35:13Z,40.646609,-73.812847,120.9,a5325b,N434DX,A339,AIRBUS A-330-900,0
landing,LGA,22,1779842116.56,2026-05-27T00:35:16Z,40.776627,-73.877975,210.9,a44308,N374DX,A321,AIRBUS A-321,0
takeoff,LGA,13,1779842123.13,2026-05-27T00:35:23Z,40.781651,-73.877167,123.8,a05827,N121HQ,E75L,EMBRAER ERJ-170-200 (long wing),0
landing,JFK,13L,1779842197.26,2026-05-27T00:36:37Z,40.65144,-73.776291,120.9,a198ed,N2016J,A21N,AIRBUS A-321neo,0
landing,LGA,22,1779842199.24,2026-05-27T00:36:39Z,40.778247,-73.876643,210.9,ac2be9,N8834L,B38M,BOEING 737 MAX 8,0
takeoff,JFK,13R,1779842216.69,2026-05-27T00:36:56Z,40.64704,-73.813783,120.9,ab6c08,N835MH,B764,BOEING 767-400,0
takeoff,LGA,13,1779842240.3,2026-05-27T00:37:20Z,40.781425,-73.876674,123.8,a4bdb9,N404YX,E75L,EMBRAER ERJ-170-200 (long wing),0
takeoff,JFK,13R,1779842298.57,2026-05-27T00:38:18Z,40.645088,-73.809494,122.4,740821,JY-BAA,B788,BOEING 787-8 Dreamliner,0
landing,LGA,22,1779842304.43,2026-05-27T00:38:24Z,40.778332,-73.876556,213.8,a37e80,N324PQ,CRJ9,BOMBARDIER Regional Jet CRJ-900,0
takeoff,JFK,31L,1779842308.44,2026-05-27T00:38:28Z,40.649519,-73.815625,261.6,ac259b,N882DN,B739,BOEING 737-900,0
takeoff,LGA,13,1779842312.74,2026-05-27T00:38:32Z,40.781765,-73.877396,123.8,a50900,N423YX,E75L,EMBRAER ERJ-170-200 (long wing),0
landing,LGA,22,1779842381.88,2026-05-27T00:39:41Z,40.776581,-73.878006,213.8,c00ba7,C-FEKS,E75S,EMBRAER ERJ-170-200 (short wing),0
takeoff,LGA,13,1779842391.86,2026-05-27T00:39:51Z,40.780098,-73.873912,123.8,ac81cc,N905AN,B738,BOEING 737-800,0
landing,JFK,13L,1779842392.51,2026-05-27T00:39:52Z,40.650403,-73.773958,120.9,a707a3,N552JB,A320,AIRBUS A-320,0
takeoff,JFK,13R,1779842407.4,2026-05-27T00:40:07Z,40.64534,-73.810013,123.8,a5e02d,N478PX,CRJ9,BOMBARDIER Regional Jet CRJ-900,0
landing,LGA,22,1779842457.01,2026-05-27T00:40:57Z,40.778275,-73.876617,210.9,a39723,N330PQ,CRJ9,BOMBARDIER Regional Jet CRJ-900,0
takeoff,LGA,13,1779842484.18,2026-05-27T00:41:24Z,40.779947,-73.873584,123.8,ac5b43,N8957Q,B38M,,0
landing,JFK,22R,1779842489.98,2026-05-27T00:41:29Z,40.639881,-73.77655,241.9,899019,B-18053,B77W,BOEING 777-300ER,0
landing,JFK,13L,1779842504.78,2026-05-27T00:41:44Z,40.650252,-73.773615,120.9,a009a4,N101NN,A321,AIRBUS A-321,0
landing,JFK,22R,1779842519.14,2026-05-27T00:41:59Z,40.642652,-73.772351,210.9,71c008,HL8008,B77W,BOEING 777-300ER,0
takeoff,JFK,13R,1779842534.2,2026-05-27T00:42:14Z,40.645236,-73.80982,120.9,ab15c2,N813NW,A333,AIRBUS A-330-300,0
landing,LGA,22,1779842537.32,2026-05-27T00:42:17Z,40.77706,-73.87761,205.3,a1584a,N186PQ,CRJ9,BOMBARDIER Regional Jet CRJ-900,0
takeoff,LGA,13,1779842552.55,2026-05-27T00:42:32Z,40.780678,-73.875122,123.8,a44aa2,N376FR,A20N,AIRBUS A-320neo,0
landing,JFK,13L,1779842596.05,2026-05-27T00:43:16Z,40.649589,-73.772195,123.8,a61173,N490PX,CRJ9,BOMBARDIER Regional Jet CRJ-900,0
takeoff,JFK,13R,1779842641.36,2026-05-27T00:44:01Z,40.646307,-73.812192,120.9,4cc570,TF-IAA,A21N,AIRBUS A-321neo,0
landing,LGA,22,1779842657.69,2026-05-27T00:44:17Z,40.775687,-73.878765,210.9,ac26cf,N882RW,E170,EMBRAER ERJ-170-100,0
takeoff,LGA,13,1779842668.88,2026-05-27T00:44:28Z,40.779609,-73.872866,123.8,c052e0,C-GFJZ,CRJ7,BOMBARDIER Regional Jet CRJ-700,0
landing,JFK,13L,1779842683.82,2026-05-27T00:44:43Z,40.651555,-73.776502,120.9,a08e3c,N135EV,CRJ9,BOMBARDIER Regional Jet CRJ-900,0
takeoff,JFK,13R,1779842720.74,2026-05-27T00:45:20Z,40.64576,-73.81099,120.9,a033ae,N112AN,A321,AIRBUS A-321,0
landing,LGA,22,1779842758.12,2026-05-27T00:45:58Z,40.774132,-73.879837,196.9,a03bcd,N114HQ,E75L,EMBRAER ERJ-170-200 (long wing),0
takeoff,LGA,13,1779842783.35,2026-05-27T00:46:23Z,40.779716,-73.873123,120.9,a15795,N186GJ,CRJ9,BOMBARDIER Regional Jet CRJ-900,0
landing,JFK,13L,1779842789.12,2026-05-27T00:46:29Z,40.648407,-73.769608,120.9,ad444d,N954JB,A321,AIRBUS A-321,0
takeoff,JFK,13R,1779842793.76,2026-05-27T00:46:33Z,40.645259,-73.809851,122.5,e8046c,CC-BGQ,B789,BOEING 787-9 Dreamliner,0
landing,LGA,22,1779842842.88,2026-05-27T00:47:22Z,40.777336,-73.87738,213.8,a79e31,N590JB,A320,AIRBUS A-320,0
takeoff,LGA,13,1779842866.49,2026-05-27T00:47:46Z,40.780609,-73.875015,123.8,c084b9,C-GYGU,A321,AIRBUS A-321,0
landing,JFK,13L,1779842888.86,2026-05-27T00:48:08Z,40.649507,-73.772007,120.9,aca309,N913NN,B738,BOEING 737-800,0
landing,LGA,22,1779842946.88,2026-05-27T00:49:06Z,40.777724,-73.87708,210.9,a77d89,N582CA,CRJ9,BOMBARDIER Regional Jet CRJ-900,0
landing,JFK,13L,1779842975.73,2026-05-27T00:49:35Z,40.651102,-73.775519,120.9,ad4f72,N957JB,A321,AIRBUS A-321,0
takeoff,JFK,13R,1779842982.78,2026-05-27T00:49:42Z,40.644864,-73.808993,120.9,4b1887,HB-JHN,A333,AIRBUS A-330-300,0
takeoff,JFK,13R,1779843050.6,2026-05-27T00:50:50Z,40.646599,-73.812805,120.9,406a34,G-STBI,B77W,BOEING 777-300ER,0
landing,JFK,13L,1779843092.05,2026-05-27T00:51:32Z,40.648876,-73.770676,123.8,a210c5,N232JQ,E75L,EMBRAER ERJ-170-200 (long wing),0
landing,LGA,22,1779843130.56,2026-05-27T00:52:10Z,40.776967,-73.877688,210.9,a93d7c,N695CA,CRJ9,BOMBARDIER Regional Jet CRJ-900,0
takeoff,LGA,13,1779843144.87,2026-05-27T00:52:24Z,40.780703,-73.875207,126.6,a336f0,N306PQ,CRJ9,BOMBARDIER Regional Jet CRJ-900,0
landing,JFK,13L,1779843163.11,2026-05-27T00:52:43Z,40.649065,-73.771055,120.9,aa6ccb,N771AN,B772,BOEING 777-200,0
landing,LGA,22,1779843225.07,2026-05-27T00:53:45Z,40.776944,-73.87772,210.9,a08317,N132EV,CRJ9,BOMBARDIER Regional Jet CRJ-900,0
takeoff,JFK,13R,1779843229.75,2026-05-27T00:53:49Z,40.646198,-73.811935,120.9,acca19,N923JB,A321,AIRBUS A-321,0
landing,LGA,22,1779843320.55,2026-05-27T00:55:20Z,40.773639,-73.880435,210.9,a0232a,N108HQ,E75L,EMBRAER ERJ-170-200 (long wing),0
takeoff,JFK,13R,1779843350.79,2026-05-27T00:55:50Z,40.645775,-73.810959,120.9,a67805,N516DA,A21N,AIRBUS A-321neo,0
landing,JFK,13L,1779843395.3,2026-05-27T00:56:35Z,40.649952,-73.772995,120.9,a87898,N645JB,A320,AIRBUS A-320,0
takeoff,JFK,13R,1779843416.44,2026-05-27T00:56:56Z,40.645992,-73.811474,120.9,a7650b,N576DN,A21N,AIRBUS A-321neo,0
takeoff,LGA,13,1779843416.89,2026-05-27T00:56:56Z,40.779339,-73.872314,120.9,a310cf,N297PQ,CRJ9,BOMBARDIER Regional Jet CRJ-900,0
takeoff,JFK,13R,1779843466.57,2026-05-27T00:57:46Z,40.646198,-73.81192,120.9,a3c5ea,N342NB,A319,AIRBUS A-319,0
landing,JFK,13L,1779843485.22,2026-05-27T00:58:05Z,40.648495,-73.769979,135.0,a37389,N321RL,B38M,BOEING 737 MAX 8,0
landing,LGA,22,1779843489.89,2026-05-27T00:58:09Z,40.77578,-73.878671,210.9,a21fa1,N236JQ,E75L,EMBRAER ERJ-170-200 (long wing),0
takeoff,LGA,13,1779843516.86,2026-05-27T00:58:36Z,40.781425,-73.87669,123.8,a1a56d,N205JQ,E75L,EMBRAER ERJ-170-200 (long wing),0
landing,JFK,13L,1779843566.69,2026-05-27T00:59:26Z,40.651039,-73.775375,120.9,a398bc,N3304J,,,0
landing,LGA,22,1779843577.46,2026-05-27T00:59:37Z,40.77483,-73.87944,210.9,a4c170,N405YX,E75L,EMBRAER ERJ-170-200 (long wing),0
landing,JFK,22L,1779843596.95,2026-05-27T00:59:56Z,40.63266,-73.764725,210.9,ab2855,N818NW,A333,AIRBUS A-330-300,0
takeoff,JFK,13R,1779843607.58,2026-05-27T01:00:07Z,40.646097,-73.811724,120.9,a03235,N111ZM,A321,AIRBUS A-321,0
landing,LGA,22,1779843634.69,2026-05-27T01:00:34Z,40.777004,-73.877655,208.1,a2000d,N228PQ,CRJ9,BOMBARDIER Regional Jet CRJ-900,0
takeoff,LGA,13,1779843654.27,2026-05-27T01:00:54Z,40.779842,-73.873412,123.8,a68d6f,N521JB,A320,AIRBUS A-320,0
landing,JFK,13L,1779843664.0,2026-05-27T01:01:04Z,40.649309,-73.77157,123.8,a4f414,N418YX,E75L,EMBRAER ERJ-170-200 (long wing),0
takeoff,JFK,13R,1779843670.57,2026-05-27T01:01:10Z,40.646702,-73.813034,119.6,ab6afa,N835AN,B789,BOEING 787-9 Dreamliner,0
landing,LGA,22,1779843724.23,2026-05-27T01:02:04Z,40.775585,-73.87883,210.9,a1ba59,N210JQ,E75L,EMBRAER ERJ-170-200 (long wing),0
takeoff,LGA,13,1779843729.18,2026-05-27T01:02:09Z,40.781467,-73.87677,123.8,a1d811,N218JQ,E75L,EMBRAER ERJ-170-200 (long wing),0
takeoff,JFK,13R,1779843746.65,2026-05-27T01:02:26Z,40.645981,-73.811462,120.9,ab35d3,N821NW,A333,AIRBUS A-330-300,0
landing,JFK,13L,1779843772.58,2026-05-27T01:02:52Z,40.651497,-73.776382,120.9,a7ac8f,N594DA,A21N,AIRBUS A-321neo,0
landing,LGA,22,1779843811.3,2026-05-27T01:03:31Z,40.777689,-73.877111,210.9,a4f7cb,N419YX,E75L,EMBRAER ERJ-170-200 (long wing),0
takeoff,JFK,31L,1779843814.76,2026-05-27T01:03:34Z,40.649402,-73.815641,260.3,02013c,CN-RAM,B789,BOEING 787-9 Dreamliner,0
takeoff,LGA,13,1779843818.47,2026-05-27T01:03:38Z,40.781681,-73.87722,123.8,a1e1d8,N220JQ,E75L,EMBRAER ERJ-170-200 (long wing),0
landing,JFK,13L,1779843834.48,2026-05-27T01:03:54Z,40.649589,-73.772163,123.8,a0faf3,N162UW,A321,AIRBUS A-321,0
takeoff,JFK,13R,1779843851.24,2026-05-27T01:04:11Z,40.646935,-73.813518,120.9,ab9387,N845MH,B764,BOEING 767-400,0
landing,LGA,22,1779843891.93,2026-05-27T01:04:51Z,40.77599,-73.878469,210.9,a09961,N138EV,CRJ9,BOMBARDIER Regional Jet CRJ-900,0
landing,LGA,22,1779843966.0,2026-05-27T01:06:06Z,40.776707,-73.877914,210.9,abafff,N852NN,B738,BOEING 737-800,0
takeoff,JFK,13R,1779844046.43,2026-05-27T01:07:26Z,40.64534,-73.810013,120.9,a38b61,N3275J,BCS3,,0
landing,JFK,13L,1779844049.86,2026-05-27T01:07:29Z,40.649309,-73.771602,120.9,a1ecfd,N223JQ,E75L,EMBRAER ERJ-170-200 (long wing),0
landing,LGA,22,1779844071.66,2026-05-27T01:07:51Z,40.774977,-73.879311,208.1,ac0a75,N875RW,E170,EMBRAER ERJ-170-100,0
takeoff,LGA,13,1779844075.8,2026-05-27T01:07:55Z,40.781559,-73.876953,123.8,ab1d06,N815MD,E170,EMBRAER ERJ-170-100,0
landing,JFK,13L,1779844126.64,2026-05-27T01:08:46Z,40.64954,-73.77211,120.9,a19910,N2017J,A21N,AIRBUS A-321neo,0
landing,LGA,22,1779844138.88,2026-05-27T01:08:58Z,40.778387,-73.876518,213.8,c0064c,C-FCJZ,CRJ7,BOMBARDIER Regional Jet CRJ-700,0
takeoff,JFK,13R,1779844200.05,2026-05-27T01:10:00Z,40.646109,-73.811724,120.9,ad4bcb,N956JT,A321,AIRBUS A-321,0
takeoff,JFK,13R,1779844219.98,2026-05-27T01:10:19Z,40.648087,-73.816077,120.9,a01805,N105HQ,E75L,EMBRAER ERJ-170-200 (long wing),0
landing,JFK,22L,1779844244.38,2026-05-27T01:10:44Z,40.630394,-73.766785,225.0,ab3d6f,N823QS,C700,CESSNA 700 Citation Longitude,0
takeoff,LGA,13,1779844258.13,2026-05-27T01:10:58Z,40.779935,-73.873568,123.8,acd68a,N926XJ,CRJ9,BOMBARDIER Regional Jet CRJ-900,0
landing,JFK,22R,1779844282.79,2026-05-27T01:11:22Z,40.646365,-73.768902,188.4,aca02f,N912XJ,CRJ9,BOMBARDIER Regional Jet CRJ-900,0
landing,LGA,22,1779844301.57,2026-05-27T01:11:41Z,40.776385,-73.878188,210.9,acce3f,N924NN,B738,BOEING 737-800,0
takeoff,LGA,13,1779844314.84,2026-05-27T01:11:54Z,40.780025,-73.873749,123.8,aceb76,N931XJ,CRJ9,BOMBARDIER Regional Jet CRJ-900,0
takeoff,JFK,13R,1779844317.57,2026-05-27T01:11:57Z,40.645741,-73.810928,120.9,a66239,N510JB,A320,AIRBUS A-320,0
landing,JFK,13L,1779844338.12,2026-05-27T01:12:18Z,40.651611,-73.776611,120.9,a3d4c6,N346NB,A319,AIRBUS A-319,0
takeoff,JFK,22R,1779844386.7,2026-05-27T01:13:06Z,40.640556,-73.773987,210.9,aca02f,N912XJ,CRJ9,BOMBARDIER Regional Jet CRJ-900,0
takeoff,JFK,13R,1779844395.98,2026-05-27T01:13:15Z,40.646214,-73.811973,120.9,4075b3,G-VLUX,A35K,AIRBUS A-350-1000,0
landing,JFK,13L,1779844421.29,2026-05-27T01:13:41Z,40.651119,-73.775543,120.9,a3401a,N3085J,BCS3,AIRBUS A220-300,0
landing,LGA,22,1779844429.45,2026-05-27T01:13:49Z,40.774709,-73.87953,213.8,a4da13,N411YX,E75L,EMBRAER ERJ-170-200 (long wing),0
landing,LGA,22,1779844501.73,2026-05-27T01:15:01Z,40.777576,-73.877197,210.9,abfcda,N8713M,B38M,BOEING 737 MAX 8,0
landing,JFK,13L,1779844508.95,2026-05-27T01:15:08Z,40.650333,-73.773818,120.9,a19d0d,N2029J,A21N,AIRBUS A-321neo,0
landing,JFK,22L,1779844559.98,2026-05-27T01:15:59Z,40.632717,-73.764679,209.6,7380ca,4X-EDL,B789,BOEING 787-9 Dreamliner,0
takeoff,JFK,13R,1779844576.32,2026-05-27T01:16:16Z,40.64633,-73.812223,120.9,4005c1,G-RAES,B772,BOEING 777-200,0
landing,JFK,13L,1779844603.43,2026-05-27T01:16:43Z,40.651195,-73.775721,120.9,a77645,N580DT,A21N,AIRBUS A-321neo,0
landing,LGA,22,1779844650.72,2026-05-27T01:17:30Z,40.776569,-73.878036,210.9,a486d8,N391DN,A321,AIRBUS A-321,0
takeoff,JFK,13R,1779844653.47,2026-05-27T01:17:33Z,40.645294,-73.809937,120.9,34659a,EC-NMZ,A359,AIRBUS A-350-900,0
takeoff,JFK,31L,1779844700.23,2026-05-27T01:18:20Z,40.649529,-73.815613,258.8,a33716,N306RC,B38M,BOEING 737 MAX 8,0
takeoff,JFK,13R,1779844751.3,2026-05-27T01:19:11Z,40.645236,-73.80982,120.9,76cef9,9V-SWY,B77W,BOEING 777-300ER,0
landing,JFK,13L,1779844785.32,2026-05-27T01:19:45Z,40.650846,-73.774926,120.9,ad6f93,N965JT,A321,AIRBUS A-321,0
takeoff,LGA,13,1779844828.1,2026-05-27T01:20:28Z,40.779842,-73.873322,123.8,ab039a,N809DC,GLEX,BOMBARDIER BD-700 Global 6000/6500,8
landing,JFK,13L,1779844905.71,2026-05-27T01:21:45Z,40.650089,-73.773303,120.9,ad1560,N942JB,A321,AIRBUS A-321,0
takeoff,LGA,13,1779844918.98,2026-05-27T01:21:58Z,40.779458,-73.87257,118.1,a2fe3c,N292PQ,CRJ9,BOMBARDIER Regional Jet CRJ-900,0
takeoff,JFK,13R,1779844957.03,2026-05-27T01:22:37Z,40.645853,-73.811162,120.9,a4c9f8,N4077J,A21N,AIRBUS A-321neo,0
takeoff,LGA,13,1779844998.73,2026-05-27T01:23:18Z,40.781739,-73.877329,123.8,a1d0a3,N216JQ,E75L,EMBRAER ERJ-170-200 (long wing),0
landing,LGA,22,1779845002.1,2026-05-27T01:23:22Z,40.774899,-73.879364,208.1,a04aa9,N118HQ,E75L,EMBRAER ERJ-170-200 (long wing),0
landing,JFK,13L,1779845003.87,2026-05-27T01:23:23Z,40.651657,-73.776718,120.9,a869bc,N641JB,A320,AIRBUS A-320,0
landing,JFK,22L,1779845101.55,2026-05-27T01:25:01Z,40.631573,-73.765609,209.6,40742e,G-CKOF,B789,BOEING 787-9 Dreamliner,0
takeoff,JFK,13R,1779845112.91,2026-05-27T01:25:12Z,40.646004,-73.811478,120.9,4ca5c7,EI-DUZ,A333,AIRBUS A-330-300,0
takeoff,LGA,13,1779845116.6,2026-05-27T01:25:16Z,40.780632,-73.875031,123.8,a45592,N379DN,A321,AIRBUS A-321,0
landing,LGA,22,1779845202.42,2026-05-27T01:26:42Z,40.777496,-73.877258,210.9,a12429,N17285,B38M,BOEING 737 MAX 8,0
takeoff,LGA,13,1779845210.04,2026-05-27T01:26:50Z,40.781811,-73.877487,123.8,a06703,N125HQ,E75L,EMBRAER ERJ-170-200 (long wing),0
landing,JFK,22L,1779845230.69,2026-05-27T01:27:10Z,40.632481,-73.764829,210.9,06a120,A7-AND,A35K,AIRBUS A-350-1000,0
takeoff,JFK,13R,1779845257.26,2026-05-27T01:27:37Z,40.6455,-73.81041,119.6,ab7268,N837AN,B789,BOEING 787-9 Dreamliner,0
takeoff,JFK,31L,1779845260.67,2026-05-27T01:27:40Z,40.649472,-73.815578,267.2,acaf0b,N916XJ,CRJ9,BOMBARDIER Regional Jet CRJ-900,0
landing,JFK,13L,1779845291.72,2026-05-27T01:28:11Z,40.650307,-73.773727,120.9,a3b8e1,N339SU,B38M,BOEING 737 MAX 8,0
takeoff,LGA,13,1779845295.89,2026-05-27T01:28:15Z,40.780186,-73.8741,123.8,a442f3,N374DA,B738,BOEING 737-800,0
takeoff,LGA,13,1779845359.88,2026-05-27T01:29:19Z,40.781506,-73.876846,123.8,c0619b,C-GKZA,E295,EMBRAER ERJ-190-400,0
landing,JFK,13L,1779845381.78,2026-05-27T01:29:41Z,40.650322,-73.773771,123.8,a35949,N3149J,BCS3,AIRBUS A220-300,0
landing,JFK,22L,1779845421.04,2026-05-27T01:30:21Z,40.633736,-73.763855,210.9,4cc52c,TF-ICN,B38M,BOEING 737 MAX 8,0
landing,LGA,22,1779845466.72,2026-05-27T01:31:06Z,40.777235,-73.877454,213.8,a34d98,N3115J,BCS3,AIRBUS A220-300,0
takeoff,LGA,13,1779845483.79,2026-05-27T01:31:23Z,40.780186,-73.8741,120.9,a2536f,N249WN,B737,BOEING 737-700,0
landing,LGA,22,1779845547.18,2026-05-27T01:32:27Z,40.776793,-73.877829,210.9,a9d5e4,N73275,B738,BOEING 737-800,0
takeoff,LGA,13,1779845553.92,2026-05-27T01:32:33Z,40.781513,-73.876892,123.8,a099a7,N138HQ,E75L,EMBRAER ERJ-170-200 (long wing),0
landing,JFK,13L,1779845556.02,2026-05-27T01:32:36Z,40.649448,-73.771896,120.9,a13af4,N179DN,B763,BOEING 767-300,0
takeoff,JFK,13R,1779845562.31,2026-05-27T01:32:42Z,40.64558,-73.810532,120.9,aded77,N997JL,A321,AIRBUS A-321,0
landing,JFK,22L,1779845596.39,2026-05-27T01:33:16Z,40.632748,-73.764642,210.9,a338ac,N3065J,BCS3,AIRBUS A220-300,0
landing,LGA,22,1779845654.89,2026-05-27T01:34:14Z,40.778595,-73.876343,210.9,a43b91,N372DN,A321,AIRBUS A-321,0
takeoff,LGA,13,1779845673.88,2026-05-27T01:34:33Z,40.78101,-73.875809,123.8,ac7c67,N903XJ,CRJ9,BOMBARDIER Regional Jet CRJ-900,0
takeoff,JFK,13R,1779845696.96,2026-05-27T01:34:56Z,40.645569,-73.810547,120.9,4cacb9,EI-TYG,A339,AIRBUS A-330-900,0
landing,JFK,22L,1779845725.0,2026-05-27T01:35:25Z,40.631713,-73.765469,210.9,34718d,EC-NRG,A332,AIRBUS A-330-200,0
landing,LGA,22,1779845792.24,2026-05-27T01:36:32Z,40.776246,-73.878297,205.3,a18380,N197PQ,CRJ9,BOMBARDIER Regional Jet CRJ-900,0
takeoff,LGA,13,1779845809.89,2026-05-27T01:36:49Z,40.779819,-73.873334,123.8,a45586,N379DA,B738,BOEING 737-800,0
landing,JFK,13L,1779845816.79,2026-05-27T01:36:56Z,40.647703,-73.769261,154.7,acb2c2,N917XJ,CRJ9,BOMBARDIER Regional Jet CRJ-900,0
takeoff,JFK,13R,1779845840.63,2026-05-27T01:37:20Z,40.646505,-73.812644,120.9,a383f3,N3255J,BCS3,,0
landing,JFK,22L,1779845870.81,2026-05-27T01:37:50Z,40.632841,-73.764563,212.4,4bb189,TC-LLI,B789,BOEING 787-9 Dreamliner,0
takeoff,LGA,13,1779845902.63,2026-05-27T01:38:22Z,40.781646,-73.877127,123.8,a52cc8,N432YX,E75L,EMBRAER ERJ-170-200 (long wing),0
landing,LGA,22,1779845921.24,2026-05-27T01:38:41Z,40.771294,-73.882294,208.1,a20347,N229JQ,E75L,EMBRAER ERJ-170-200 (long wing),0
landing,JFK,13L,1779845921.73,2026-05-27T01:38:41Z,40.650229,-73.773615,123.8,a78cfc,N586JB,A320,AIRBUS A-320,0
takeoff,JFK,13R,1779845979.52,2026-05-27T01:39:39Z,40.647045,-73.813812,120.9,aca79d,N914XJ,CRJ9,BOMBARDIER Regional Jet CRJ-900,0
landing,LGA,22,1779845992.7,2026-05-27T01:39:52Z,40.777572,-73.877189,210.9,aa4252,N760JB,A320,AIRBUS A-320,0
takeoff,LGA,13,1779846010.48,2026-05-27T01:40:10Z,40.779991,-73.873688,123.8,ac2be9,N8834L,B38M,BOEING 737 MAX 8,0
landing,JFK,13L,1779846014.78,2026-05-27T01:40:14Z,40.651817,-73.777054,118.1,a39113,N329PQ,CRJ9,BOMBARDIER Regional Jet CRJ-900,0
landing,JFK,22L,1779846027.61,2026-05-27T01:40:27Z,40.6307,-73.766421,219.4,a9d9f7,N734AR,B77W,BOEING 777-300ER,0
takeoff,JFK,13R,1779846052.89,2026-05-27T01:40:52Z,40.64669,-73.812988,119.6,485f85,PH-BKS,B78X,BOEING 787-10 Dreamliner,0
landing,LGA,22,1779846057.77,2026-05-27T01:40:57Z,40.775242,-73.879105,210.9,ac21e4,N881DN,B739,BOEING 737-900,0
takeoff,LGA,13,1779846083.8,2026-05-27T01:41:23Z,40.780174,-73.8741,123.8,a43e5c,N37253,B738,BOEING 737-800,0
landing,LGA,22,1779846134.2,2026-05-27T01:42:14Z,40.777828,-73.876986,210.9,abd19e,N8603F,B738,BOEING 737-800,0
takeoff,LGA,13,1779846144.47,2026-05-27T01:42:24Z,40.781529,-73.876908,123.8,a01097,N103HQ,E75L,EMBRAER ERJ-170-200 (long wing),0
landing,JFK,13L,1779846151.31,2026-05-27T01:42:31Z,40.650485,-73.774145,120.9,a85887,N637JB,A320,AIRBUS A-320,0
takeoff,JFK,13R,1779846159.52,2026-05-27T01:42:39Z,40.648121,-73.816147,120.9,a0634c,N124HQ,E75L,EMBRAER ERJ-170-200 (long wing),0
landing,LGA,22,1779846208.27,2026-05-27T01:43:28Z,40.777421,-73.877314,210.9,a4421d,N3736C,B738,BOEING 737-800,0
landing,JFK,22L,1779846216.34,2026-05-27T01:43:36Z,40.631081,-73.765976,213.8,408120,G-VEYR,A339,AIRBUS A-330-900,0
takeoff,LGA,13,1779846233.57,2026-05-27T01:43:53Z,40.780106,-73.873932,120.9,a475a3,N387DN,A321,AIRBUS A-321,0
takeoff,LGA,04,1779846241.14,2026-05-27T01:44:01Z,40.776059,-73.876752,64.7,abd19e,N8603F,B738,BOEING 737-800,0
takeoff,JFK,13R,1779846241.72,2026-05-27T01:44:01Z,40.645947,-73.811371,120.9,a16ff1,N192DN,B763,BOEING 767-300,0
landing,JFK,13L,1779846275.07,2026-05-27T01:44:35Z,40.648844,-73.770572,123.8,ab84c9,N841NN,B738,BOEING 737-800,0
takeoff,LGA,13,1779846294.94,2026-05-27T01:44:54Z,40.781593,-73.877029,123.8,abdb88,N863RW,E170,EMBRAER ERJ-170-100,0
takeoff,JFK,13R,1779846309.68,2026-05-27T01:45:09Z,40.648169,-73.81628,120.9,a4c8de,N407YX,E75L,EMBRAER ERJ-170-200 (long wing),0
takeoff,LGA,13,1779846376.5,2026-05-27T01:46:16Z,40.779877,-73.873459,123.8,aca3e6,N913XJ,CRJ9,BOMBARDIER Regional Jet CRJ-900,0
landing,JFK,13L,1779846390.01,2026-05-27T01:46:30Z,40.650581,-73.774353,120.9,a01fee,N107NN,A321,AIRBUS A-321,0
takeoff,JFK,13R,1779846403.89,2026-05-27T01:46:43Z,40.646244,-73.812012,120.9,ab53e4,N829SK,CRJ9,BOMBARDIER Regional Jet CRJ-900,0
takeoff,LGA,13,1779846442.91,2026-05-27T01:47:22Z,40.77997,-73.873646,120.9,a8f235,N676CA,CRJ9,BOMBARDIER Regional Jet CRJ-900,0
takeoff,JFK,13R,1779846483.43,2026-05-27T01:48:03Z,40.64626,-73.812036,120.9,a5f162,N482PX,CRJ9,BOMBARDIER Regional Jet CRJ-900,0
takeoff,LGA,13,1779846506.34,2026-05-27T01:48:26Z,40.781456,-73.87677,123.8,a03bcd,N114HQ,E75L,EMBRAER ERJ-170-200 (long wing),0
takeoff,JFK,13R,1779846568.5,2026-05-27T01:49:28Z,40.645469,-73.810335,120.9,3965a7,F-GZNH,B77W,BOEING 777-300ER,0
takeoff,LGA,13,1779846575.48,2026-05-27T01:49:35Z,40.781832,-73.877532,123.8,a0232a,N108HQ,E75L,EMBRAER ERJ-170-200 (long wing),0
takeoff,LGA,13,1779846657.81,2026-05-27T01:50:57Z,40.780144,-73.874037,120.9,a34bdc,N311PQ,CRJ9,BOMBARDIER Regional Jet CRJ-900,0
landing,JFK,22L,1779846704.51,2026-05-27T01:51:44Z,40.6312,-73.76589,213.8,39cf0c,F-HTYM,A359,AIRBUS A-350-900,0
takeoff,JFK,13R,1779846775.65,2026-05-27T01:52:55Z,40.645958,-73.811371,120.9,40621c,G-STBB,B77W,BOEING 777-300ER,0
takeoff,LGA,13,1779846777.34,2026-05-27T01:52:57Z,40.7799,-73.873506,123.8,a399e4,N331DU,BCS3,,0
landing,LGA,22,1779846901.12,2026-05-27T01:55:01Z,40.775606,-73.878812,210.9,a23fb2,N244JQ,E75L,EMBRAER ERJ-170-200 (long wing),0
takeoff,JFK,13R,1779846912.24,2026-05-27T01:55:12Z,40.645713,-73.810818,120.9,a32bba,N303NY,A21N,AIRBUS A-321neo,0
landing,JFK,13L,1779846929.65,2026-05-27T01:55:29Z,40.651749,-73.776978,120.9,aab2bf,N789JB,A320,AIRBUS A-320,0
landing,JFK,22L,1779846949.01,2026-05-27T01:55:49Z,40.631538,-73.765609,213.8,a1f46b,N225JQ,E75L,EMBRAER ERJ-170-200 (long wing),0
takeoff,JFK,13R,1779846968.83,2026-05-27T01:56:08Z,40.645574,-73.810538,120.9,adabfe,N980JT,A321,AIRBUS A-321,0
landing,LGA,22,1779847008.52,2026-05-27T01:56:48Z,40.777375,-73.877392,210.9,a10d82,N167US,A321,AIRBUS A-321,0
takeoff,JFK,13R,1779847029.38,2026-05-27T01:57:09Z,40.646272,-73.812082,120.9,ac671b,N899DN,B739,BOEING 737-900,0
landing,JFK,13L,1779847065.6,2026-05-27T01:57:45Z,40.650915,-73.775113,120.9,ab1c47,N815DN,B739,BOEING 737-900,0
takeoff,LGA,13,1779847145.1,2026-05-27T01:59:05Z,40.779694,-73.873062,118.1,a37e80,N324PQ,CRJ9,BOMBARDIER Regional Jet CRJ-900,0
takeoff,JFK,13R,1779847155.92,2026-05-27T01:59:15Z,40.645445,-73.810288,120.9,a009a4,N101NN,A321,AIRBUS A-321,0
takeoff,LGA,13,1779847244.96,2026-05-27T02:00:44Z,40.779807,-73.873303,120.9,a77d89,N582CA,CRJ9,BOMBARDIER Regional Jet CRJ-900,0
landing,JFK,22L,1779847257.29,2026-05-27T02:00:57Z,40.632574,-73.764782,210.9,4006c0,G-VIIN,B772,BOEING 777-200,0
takeoff,JFK,13R,1779847274.92,2026-05-27T02:01:14Z,40.645364,-73.810085,120.9,a1139f,N169FE,B763,BOEING 767-300,0
takeoff,LGA,13,1779847302.64,2026-05-27T02:01:42Z,40.781564,-73.876986,123.8,a1ba59,N210JQ,E75L,EMBRAER ERJ-170-200 (long wing),0
landing,JFK,13L,1779847355.36,2026-05-27T02:02:35Z,40.645585,-73.763892,163.1,8990e3,B-16721,B77W,BOEING 777-300ER,0
landing,JFK,22L,1779847406.98,2026-05-27T02:03:26Z,40.633272,-73.764205,210.9,71be35,HL7635,A388,AIRBUS A-380-800,0
takeoff,JFK,13R,1779847446.04,2026-05-27T02:04:06Z,40.645649,-73.810684,120.9,adbe91,N985JT,A321,AIRBUS A-321,0
landing,LGA,22,1779847543.56,2026-05-27T02:05:43Z,40.776043,-73.878479,210.9,a35e6f,N316PQ,CRJ9,BOMBARDIER Regional Jet CRJ-900,0
takeoff,LGA,13,1779847564.99,2026-05-27T02:06:04Z,40.779819,-73.873319,120.9,a1584a,N186PQ,CRJ9,BOMBARDIER Regional Jet CRJ-900,0
landing,JFK,13L,1779847605.74,2026-05-27T02:06:45Z,40.649174,-73.771286,120.9,c02e91,C-FRQM,E75S,EMBRAER ERJ-170-200 (short wing),0
takeoff,JFK,13R,1779847640.01,2026-05-27T02:07:20Z,40.645504,-73.810366,120.9,adbaca,N984JB,A321,AIRBUS A-321,0
takeoff,LGA,13,1779847650.1,2026-05-27T02:07:30Z,40.78149,-73.876831,120.9,ac0a75,N875RW,E170,EMBRAER ERJ-170-100,0
landing,JFK,13L,1779847771.06,2026-05-27T02:09:31Z,40.647594,-73.767776,120.9,abfa65,N871DN,B739,BOEING 737-900,0
takeoff,LGA,13,1779847772.58,2026-05-27T02:09:32Z,40.779365,-73.872398,118.1,a09961,N138EV,CRJ9,BOMBARDIER Regional Jet CRJ-900,0
takeoff,JFK,13R,1779847788.5,2026-05-27T02:09:48Z,40.647401,-73.814579,120.9,a210c5,N232JQ,E75L,EMBRAER ERJ-170-200 (long wing),0
landing,LGA,22,1779847885.41,2026-05-27T02:11:25Z,40.775384,-73.879015,210.9,aa56f7,N76532,B738,BOEING 737-800,0
takeoff,LGA,13,1779847898.77,2026-05-27T02:11:38Z,40.779888,-73.873444,120.9,a2000d,N228PQ,CRJ9,BOMBARDIER Regional Jet CRJ-900,0
takeoff,JFK,13R,1779847965.52,2026-05-27T02:12:45Z,40.645042,-73.809372,120.9,3c6571,D-AIKQ,A333,AIRBUS A-330-300,0
takeoff,LGA,13,1779847976.62,2026-05-27T02:12:56Z,40.779728,-73.873169,120.9,a08317,N132EV,CRJ9,BOMBARDIER Regional Jet CRJ-900,0
landing,JFK,13L,1779847979.19,2026-05-27T02:12:59Z,40.648751,-73.7704,126.6,0c208c,HP-1829CMP,B738,BOEING 737-800,0
takeoff,LGA,13,1779848054.28,2026-05-27T02:14:14Z,40.78004,-73.873803,120.9,a79e31,N590JB,A320,AIRBUS A-320,0
landing,JFK,13L,1779848088.25,2026-05-27T02:14:48Z,40.649574,-73.77211,120.9,abe930,N867DN,B739,BOEING 737-900,0
takeoff,JFK,13R,1779848089.71,2026-05-27T02:14:49Z,40.645706,-73.810837,120.9,a707a3,N552JB,A320,AIRBUS A-320,0
landing,LGA,22,1779848147.23,2026-05-27T02:15:47Z,40.776936,-73.877747,210.9,ac5b89,N8959Q,B38M,,0
takeoff,LGA,13,1779848169.81,2026-05-27T02:16:09Z,40.780284,-73.874318,120.9,abfcda,N8713M,B38M,BOEING 737 MAX 8,0
landing,JFK,13L,1779848248.79,2026-05-27T02:17:28Z,40.650501,-73.77417,120.9,a7816a,N583DT,A21N,,0
takeoff,JFK,13R,1779848262.39,2026-05-27T02:17:42Z,40.645329,-73.809991,120.9,ad7e6f,N969JT,A321,AIRBUS A-321,0
landing,JFK,13L,1779848391.08,2026-05-27T02:19:51Z,40.648968,-73.770813,120.9,ad5269,N958AK,B39M,BOEING 737 MAX 9,0
takeoff,JFK,13R,1779848420.28,2026-05-27T02:20:20Z,40.64518,-73.809662,120.9,a519b8,N428DX,A339,,0
landing,LGA,22,1779848434.62,2026-05-27T02:20:34Z,40.775256,-73.879093,210.9,a1e58f,N221JQ,E75L,EMBRAER ERJ-170-200 (long wing),0
takeoff,JFK,13R,1779848522.61,2026-05-27T02:22:02Z,40.645123,-73.80957,120.9,4d0110,LX-RCV,B744,BOEING 747-400,0
landing,LGA,22,1779848549.46,2026-05-27T02:22:29Z,40.779458,-73.875628,210.9,c007d8,C-FCZF,A320,AIRBUS A-320,0
landing,JFK,13L,1779848607.68,2026-05-27T02:23:27Z,40.649263,-73.771446,120.9,a01c37,N106NN,A321,AIRBUS A-321,0
takeoff,JFK,13R,1779848615.41,2026-05-27T02:23:35Z,40.645775,-73.811035,120.9,a523c6,N430GT,B744,BOEING 747-400,0
takeoff,JFK,13R,1779848708.49,2026-05-27T02:25:08Z,40.646782,-73.813232,120.9,780bb6,B-2095,B77L,BOEING 777-200LR,0
takeoff,JFK,13R,1779848831.85,2026-05-27T02:27:11Z,40.645073,-73.80943,120.9,a3401a,N3085J,BCS3,AIRBUS A220-300,0
landing,LGA,22,1779848851.82,2026-05-27T02:27:31Z,40.777281,-73.877423,210.9,a471ec,N386DN,A321,AIRBUS A-321,0
takeoff,JFK,13R,1779848896.82,2026-05-27T02:28:16Z,40.64669,-73.813034,120.9,a7ad0d,N594JB,A320,AIRBUS A-320,0
landing,LGA,22,1779848957.99,2026-05-27T02:29:17Z,40.776292,-73.878266,210.9,a017a8,N105DX,A321,AIRBUS A-321,0
takeoff,JFK,13R,1779848970.14,2026-05-27T02:29:30Z,40.646318,-73.812192,123.8,a61173,N490PX,CRJ9,BOMBARDIER Regional Jet CRJ-900,0
takeoff,JFK,13R,1779849062.1,2026-05-27T02:31:02Z,40.645574,-73.810553,120.9,06a2b7,A7-BES,B77W,BOEING 777-300ER,0
landing,LGA,22,1779849066.35,2026-05-27T02:31:06Z,40.776936,-73.877731,210.9,a7858e,N584JB,A320,AIRBUS A-320,0
landing,LGA,22,1779849165.76,2026-05-27T02:32:45Z,40.775826,-73.878632,210.9,a49206,N394DX,A321,AIRBUS A-321,0
landing,JFK,13L,1779849197.74,2026-05-27T02:33:17Z,40.652344,-73.778259,120.9,a1ddbb,N2193J,A21N,AIRBUS A-321neo,0
landing,LGA,22,1779849259.19,2026-05-27T02:34:19Z,40.777874,-73.876938,210.9,a98f2d,N715FR,A321,AIRBUS A-321,0
landing,JFK,22L,1779849294.7,2026-05-27T02:34:54Z,40.632729,-73.764664,212.4,407371,G-VNYL,B789,BOEING 787-9 Dreamliner,0
takeoff,JFK,13R,1779849324.15,2026-05-27T02:35:24Z,40.644905,-73.809036,122.4,346181,EC-NBX,B789,BOEING 787-9 Dreamliner,0
landing,LGA,22,1779849394.79,2026-05-27T02:36:34Z,40.777386,-73.877361,210.9,ac20a1,N8803L,B38M,BOEING 737 MAX 8,0
takeoff,JFK,13R,1779849407.87,2026-05-27T02:36:47Z,40.645457,-73.810319,120.9,76cce6,9V-SGF,A359,AIRBUS A-350-900,0
takeoff,JFK,13R,1779849485.31,2026-05-27T02:38:05Z,40.644992,-73.809258,120.9,ab048d,N809NW,A333,AIRBUS A-330-300,0
takeoff,JFK,13R,1779849519.76,2026-05-27T02:38:39Z,40.648169,-73.816265,120.9,a1ecfd,N223JQ,E75L,EMBRAER ERJ-170-200 (long wing),0
landing,JFK,22R,1779849569.0,2026-05-27T02:39:29Z,40.646179,-73.76667,210.9,8695c6,JA798A,B77W,BOEING 777-300ER,0
landing,LGA,22,1779849575.44,2026-05-27T02:39:35Z,40.775208,-73.879135,210.9,a146f1,N1811U,B38M,,0
landing,JFK,13L,1779849685.88,2026-05-27T02:41:25Z,40.650671,-73.774613,120.9,ab4ba6,N827JB,A320,AIRBUS A-320,0
takeoff,JFK,13R,1779849698.35,2026-05-27T02:41:38Z,40.646473,-73.812531,120.9,ab3d6f,N823QS,C700,CESSNA 700 Citation Longitude,0
takeoff,JFK,13R,1779849763.78,2026-05-27T02:42:43Z,40.645201,-73.809742,120.9,3481d5,EC-OJL,B772,BOEING 777-200,0
landing,LGA,22,1779849833.64,2026-05-27T02:43:53Z,40.77507,-73.879264,210.9,a4a0cd,N398DA,B738,BOEING 737-800,0
takeoff,JFK,13R,1779849897.23,2026-05-27T02:44:57Z,40.646507,-73.812622,120.9,a35949,N3149J,BCS3,AIRBUS A220-300,0
takeoff,JFK,13R,1779849949.37,2026-05-27T02:45:49Z,40.648121,-73.816116,120.9,a08e3c,N135EV,CRJ9,BOMBARDIER Regional Jet CRJ-900,0
landing,LGA,22,1779850001.59,2026-05-27T02:46:41Z,40.777514,-73.87722,210.9,a3a152,N333DU,BCS3,,0
takeoff,JFK,13R,1779850038.52,2026-05-27T02:47:18Z,40.645203,-73.809738,120.9,ab5d2c,N831MH,B764,BOEING 767-400,0
takeoff,JFK,13R,1779850109.84,2026-05-27T02:48:29Z,40.646295,-73.812176,119.6,8963ce,A6-BLA,B789,BOEING 787-9 Dreamliner,0
landing,LGA,22,1779850126.66,2026-05-27T02:48:46Z,40.77507,-73.879288,210.9,adf068,N998AN,A321,AIRBUS A-321,0
landing,LGA,22,1779850228.83,2026-05-27T02:50:28Z,40.777642,-73.877127,213.8,a89fda,N655FR,A21N,,0
landing,LGA,22,1779850304.45,2026-05-27T02:51:44Z,40.776269,-73.878281,210.9,a4995f,N396DA,B738,BOEING 737-800,0
landing,LGA,22,1779850425.81,2026-05-27T02:53:45Z,40.775815,-73.878656,210.9,ac3beb,N888DU,B739,BOEING 737-900,0
landing,JFK,13L,1779850435.55,2026-05-27T02:53:55Z,40.65052,-73.774223,120.9,a8c796,N665JB,A320,AIRBUS A-320,0
landing,LGA,22,1779850538.14,2026-05-27T02:55:38Z,40.776025,-73.878484,213.8,aa7e79,N77535,B738,BOEING 737-800,0
landing,JFK,13L,1779850558.36,2026-05-27T02:55:58Z,40.648995,-73.770884,120.9,abde0b,N864DN,B739,BOEING 737-900,0
landing,LGA,22,1779850660.37,2026-05-27T02:57:40Z,40.774876,-73.879425,210.9,aaba41,N790YX,E75L,EMBRAER ERJ-170-200 (long wing),0
landing,JFK,13L,1779850668.08,2026-05-27T02:57:48Z,40.649274,-73.77143,120.9,c00b7c,C-FEJB,E75S,EMBRAER ERJ-170-200 (short wing),0
takeoff,JFK,13R,1779850695.81,2026-05-27T02:58:15Z,40.645806,-73.811068,120.9,a7da9c,N605JB,A320,AIRBUS A-320,0
landing,LGA,22,1779850742.32,2026-05-27T02:59:02Z,40.775871,-73.878632,210.9,aa56da,N76528,B738,BOEING 737-800,0
landing,JFK,13L,1779850751.82,2026-05-27T02:59:11Z,40.649952,-73.772995,120.9,a78945,N585JB,A320,AIRBUS A-320,0
takeoff,JFK,13R,1779850760.47,2026-05-27T02:59:20Z,40.646411,-73.812379,120.9,a87898,N645JB,A320,AIRBUS A-320,0
landing,LGA,22,1779850830.8,2026-05-27T03:00:30Z,40.777619,-73.877142,213.8,a3472f,N310DU,BCS3,AIRBUS A220-300,0
takeoff,JFK,13R,1779850838.91,2026-05-27T03:00:38Z,40.645878,-73.811188,120.9,a398bc,N3304J,,,0
landing,JFK,13L,1779850849.87,2026-05-27T03:00:49Z,40.651772,-73.776993,120.9,a7a8ed,N593DX,A21N,,0
takeoff,JFK,13R,1779850906.95,2026-05-27T03:01:46Z,40.644802,-73.808868,119.6,406f78,G-ZBKL,B789,BOEING 787-9 Dreamliner,0
landing,LGA,22,1779850937.48,2026-05-27T03:02:17Z,40.776374,-73.878203,210.9,aced23,N932AM,A321,AIRBUS A-321,0
landing,JFK,13L,1779850953.59,2026-05-27T03:02:33Z,40.650959,-73.775208,120.9,0aca5f,HK-5389,A20N,AIRBUS A-320neo,0
takeoff,JFK,13R,1779850982.06,2026-05-27T03:03:02Z,40.646336,-73.81221,120.9,ab4866,N826NW,A333,AIRBUS A-330-300,0
landing,LGA,22,1779851037.24,2026-05-27T03:03:57Z,40.776604,-73.878006,210.9,a451cf,N378DA,B738,BOEING 737-800,0
landing,JFK,13L,1779851060.39,2026-05-27T03:04:20Z,40.651966,-73.777466,120.9,a08e1e,N135DQ,BCS1,AIRBUS A220-100,0
takeoff,JFK,13R,1779851086.01,2026-05-27T03:04:46Z,40.645626,-73.810638,120.9,a03b91,N114FE,B763,BOEING 767-300,0
landing,LGA,22,1779851124.42,2026-05-27T03:05:24Z,40.775494,-73.878891,213.8,a01bbc,N106HQ,E75L,EMBRAER ERJ-170-200 (long wing),0
landing,JFK,13L,1779851171.54,2026-05-27T03:06:11Z,40.649666,-73.772354,120.9,aba891,N850NN,B738,BOEING 737-800,0
takeoff,JFK,13R,1779851183.61,2026-05-27T03:06:23Z,40.641291,-73.801081,120.9,a0733a,N128UP,A306,AIRBUS A-300-600,0
takeoff,JFK,13R,1779851244.53,2026-05-27T03:07:24Z,40.646358,-73.812286,120.9,a24a82,N247FE,B762,BOEING 767-200,0
landing,LGA,22,1779851253.55,2026-05-27T03:07:33Z,40.77507,-73.879257,213.8,abb76d,N854NN,B738,BOEING 737-800,0
landing,JFK,13L,1779851301.67,2026-05-27T03:08:21Z,40.649048,-73.771011,120.9,a4414a,N3730B,B738,BOEING 737-800,0
takeoff,JFK,13R,1779851323.36,2026-05-27T03:08:43Z,40.645203,-73.809692,120.9,a5237f,N430DX,A339,,0
takeoff,LGA,04,1779851373.11,2026-05-27T03:09:33Z,40.775436,-73.873367,42.2,a7178c,N556UW,A321,AIRBUS A-321,0
landing,JFK,13L,1779851422.47,2026-05-27T03:10:22Z,40.650706,-73.77466,120.9,a6a6f6,N528DE,A21N,AIRBUS A-321neo,0
landing,LGA,22,1779851428.8,2026-05-27T03:10:28Z,40.777622,-73.877167,210.9,ac006d,N8722L,B38M,BOEING 737 MAX 8,0
takeoff,JFK,13R,1779851449.2,2026-05-27T03:10:49Z,40.645131,-73.80957,120.9,a338ac,N3065J,BCS3,AIRBUS A220-300,0
takeoff,JFK,13R,1779851515.74,2026-05-27T03:11:55Z,40.64555,-73.810491,120.9,a78cfc,N586JB,A320,AIRBUS A-320,0
landing,JFK,13L,1779851552.47,2026-05-27T03:12:32Z,40.650867,-73.774994,120.9,aa7bae,N775AV,A20N,AIRBUS A-320neo,0
landing,LGA,22,1779851596.75,2026-05-27T03:13:16Z,40.773994,-73.880157,213.8,adb656,N983AN,B738,BOEING 737-800,0
landing,LGA,22,1779851704.51,2026-05-27T03:15:04Z,40.776821,-73.877823,213.8,a07341,N128UW,A320,AIRBUS A-320,0
takeoff,JFK,13R,1779851726.93,2026-05-27T03:15:26Z,40.645718,-73.810852,120.9,a091f3,N136EV,CRJ9,BOMBARDIER Regional Jet CRJ-900,0
landing,JFK,13L,1779851737.97,2026-05-27T03:15:37Z,40.649265,-73.771484,120.9,adf128,N998JE,A321,AIRBUS A-321,0
landing,LGA,22,1779851829.14,2026-05-27T03:17:09Z,40.777531,-73.877228,210.9,abb579,N8534Z,B738,BOEING 737-800,0
takeoff,JFK,13R,1779851867.49,2026-05-27T03:17:47Z,40.644768,-73.808792,120.9,461f0c,OH-LTS,A333,AIRBUS A-330-300,0
landing,JFK,13L,1779851873.59,2026-05-27T03:17:53Z,40.650993,-73.775314,120.9,a11d47,N171DZ,B763,BOEING 767-300,0
landing,LGA,22,1779851940.1,2026-05-27T03:19:00Z,40.777049,-73.877626,210.9,a38a3a,N327VP,B38M,BOEING 737 MAX 8,0
takeoff,JFK,13R,1779851979.89,2026-05-27T03:19:39Z,40.645466,-73.810287,120.9,a008c9,N101DU,BCS1,AIRBUS A220-100,0
takeoff,JFK,13R,1779852053.5,2026-05-27T03:20:53Z,40.645155,-73.809664,120.9,710119,HZ-AK41,B77W,BOEING 777-300ER,0
landing,JFK,13L,1779852054.44,2026-05-27T03:20:54Z,40.64962,-73.772247,120.9,0c605d,9Y-BAH,B38M,BOEING 737 MAX 8,0
landing,LGA,22,1779852061.97,2026-05-27T03:21:01Z,40.77734,-73.877407,210.9,a98408,N712FR,A321,AIRBUS A-321,0
takeoff,LGA,13,1779852132.67,2026-05-27T03:22:12Z,40.776283,-73.869919,160.3,a38a3a,N327VP,B38M,BOEING 737 MAX 8,0
takeoff,JFK,13R,1779852152.14,2026-05-27T03:22:32Z,40.645911,-73.811302,120.9,a33eda,N308UP,B763,BOEING 767-300,0
landing,LGA,22,1779852186.18,2026-05-27T03:23:06Z,40.780529,-73.874756,213.8,a56050,N44550,A21N,AIRBUS A-321neo,0
takeoff,JFK,13R,1779852235.28,2026-05-27T03:23:55Z,40.645166,-73.809679,120.9,4cc52c,TF-ICN,B38M,BOEING 737 MAX 8,0
landing,JFK,13L,1779852247.35,2026-05-27T03:24:07Z,40.65059,-73.774333,120.9,a29908,N267AK,B739,BOEING 737-900,0
landing,LGA,22,1779852263.48,2026-05-27T03:24:23Z,40.777142,-73.877579,210.9,a44e24,N377DN,A321,AIRBUS A-321,0
takeoff,JFK,13R,1779852311.89,2026-05-27T03:25:11Z,40.64555,-73.810475,120.9,a17ecd,N196DN,B763,BOEING 767-300,0
landing,LGA,22,1779852369.22,2026-05-27T03:26:09Z,40.77491,-73.879364,210.9,a54cd9,N440YX,E75L,EMBRAER ERJ-170-200 (long wing),0
landing,JFK,13L,1779852389.45,2026-05-27T03:26:29Z,40.648914,-73.770868,132.2,a6dc00,N541DT,G280,,8
takeoff,JFK,13R,1779852392.49,2026-05-27T03:26:32Z,40.647191,-73.814096,120.9,acb2c2,N917XJ,CRJ9,BOMBARDIER Regional Jet CRJ-900,0
takeoff,JFK,13R,1779852484.95,2026-05-27T03:28:04Z,40.646896,-73.813446,120.9,aaa02c,N784JB,A320,AIRBUS A-320,0
landing,JFK,13L,1779852506.37,2026-05-27T03:28:26Z,40.648844,-73.77054,120.9,a79625,N5881K,A333,,0
landing,LGA,22,1779852560.91,2026-05-27T03:29:20Z,40.776981,-73.877686,213.8,ac0519,N8739L,B38M,BOEING 737 MAX 8,0
takeoff,JFK,13R,1779852570.15,2026-05-27T03:29:30Z,40.645329,-73.810028,120.9,a437c0,N371CM,B763,BOEING 767-300,0
landing,JFK,13L,1779852653.76,2026-05-27T03:30:53Z,40.649554,-73.772132,120.9,adc238,N986JB,A321,AIRBUS A-321,0
takeoff,JFK,13R,1779852666.9,2026-05-27T03:31:06Z,40.644905,-73.809082,120.9,8964b2,A6-EVD,A388,AIRBUS A-380-800,0
landing,JFK,13L,1779852790.05,2026-05-27T03:33:10Z,40.651165,-73.775665,120.9,a7dde1,N606DN,A21N,AIRBUS A-321neo,0
landing,JFK,13L,1779852901.97,2026-05-27T03:35:01Z,40.647594,-73.767761,120.9,abd2e6,N861DN,B739,BOEING 737-900,0
landing,JFK,13L,1779853004.71,2026-05-27T03:36:44Z,40.650307,-73.773773,120.9,ad6ff2,N965NN,B738,BOEING 737-800,0
landing,JFK,13L,1779853135.22,2026-05-27T03:38:55Z,40.650318,-73.773758,120.9,a32ad5,N303DU,BCS3,AIRBUS A220-300,0
landing,JFK,13L,1779853322.71,2026-05-27T03:42:02Z,40.651417,-73.776215,120.9,a1a0c4,N2039J,A21N,AIRBUS A-321neo,0
takeoff,JFK,13R,1779853345.53,2026-05-27T03:42:25Z,40.64512,-73.809554,120.9,ab2855,N818NW,A333,AIRBUS A-330-300,0
landing,JFK,13L,1779853439.25,2026-05-27T03:43:59Z,40.651171,-73.775675,120.9,a1aaae,N2060J,A21N,AIRBUS A-321neo,0
landing,LGA,22,1779853529.82,2026-05-27T03:45:29Z,40.777142,-73.877533,213.8,a39d9b,N332DU,BCS3,,0
landing,JFK,13L,1779853538.92,2026-05-27T03:45:38Z,40.651543,-73.776489,120.9,add376,N990JL,A321,AIRBUS A-321,0
landing,LGA,22,1779853599.97,2026-05-27T03:46:39Z,40.778057,-73.876785,216.6,a3534a,N313PQ,CRJ9,BOMBARDIER Regional Jet CRJ-900,0
landing,LGA,22,1779853697.75,2026-05-27T03:48:17Z,40.779259,-73.875778,213.8,a36eae,N320DU,BCS3,AIRBUS A220-300,0
landing,LGA,22,1779853768.92,2026-05-27T03:49:28Z,40.777107,-73.877594,213.8,a06a54,N126DN,A321,AIRBUS A-321,0
landing,LGA,22,1779853882.48,2026-05-27T03:51:22Z,40.775594,-73.878843,210.9,a062ef,N124DX,A321,AIRBUS A-321,0
takeoff,JFK,31L,1779853941.72,2026-05-27T03:52:21Z,40.630723,-73.777781,300.9,a18284,N197DN,B763,BOEING 767-300,0
landing,LGA,22,1779853998.2,2026-05-27T03:53:18Z,40.778759,-73.87619,213.8,a6c4d7,N535UW,A321,AIRBUS A-321,0
landing,JFK,31R,1779854030.13,2026-05-27T03:53:50Z,40.652556,-73.778749,300.9,0d121b,XA-OTC,B38M,BOEING 737 MAX 8,0
takeoff,JFK,31L,1779854142.48,2026-05-27T03:55:42Z,40.631771,-73.780107,300.9,a9c52e,N729CA,B744,BOEING 747-400,8
takeoff,LGA,13,1779854212.57,2026-05-27T03:56:52Z,40.779935,-73.8736,123.8,a98f2d,N715FR,A321,AIRBUS A-321,0
takeoff,JFK,31L,1779854259.12,2026-05-27T03:57:39Z,40.630898,-73.778152,300.9,a13af4,N179DN,B763,BOEING 767-300,0
landing,JFK,31R,1779854439.45,2026-05-27T04:00:39Z,40.650799,-73.774857,298.1,758487,RP-C3510,A35K,AIRBUS A-350-1000,0
takeoff,JFK,31L,1779854476.87,2026-05-27T04:01:16Z,40.630531,-73.777328,300.9,a8c796,N665JB,A320,AIRBUS A-320,0
takeoff,LGA,13,1779854495.38,2026-05-27T04:01:35Z,40.779853,-73.873428,123.8,a89fda,N655FR,A21N,,0
takeoff,JFK,31L,1779854688.67,2026-05-27T04:04:48Z,40.631305,-73.779077,300.9,408120,G-VEYR,A339,AIRBUS A-330-900,0
landing,LGA,22,1779854742.67,2026-05-27T04:05:42Z,40.778084,-73.876752,210.9,ac249e,N8815L,B38M,BOEING 737 MAX 8,0
takeoff,JFK,31L,1779854794.65,2026-05-27T04:06:34Z,40.631026,-73.778452,300.9,e80244,CC-CXH,B763,BOEING 767-300,0
takeoff,JFK,31L,1779854795.37,2026-05-27T04:06:35Z,40.631131,-73.778671,300.9,e80244,CC-CXH,B763,BOEING 767-300,0
takeoff,LGA,13,1779854970.62,2026-05-27T04:09:30Z,40.779714,-73.8731,123.8,ac5b89,N8959Q,B38M,,0
landing,JFK,31L,1779855030.42,2026-05-27T04:10:30Z,40.638359,-73.794632,300.9,a09cfe,N139DU,BCS1,AIRBUS A220-100,0
takeoff,JFK,31L,1779855110.11,2026-05-27T04:11:50Z,40.630816,-73.778,300.9,a1775f,N194DN,B763,BOEING 767-300,0
landing,JFK,31R,1779855229.29,2026-05-27T04:13:49Z,40.65102,-73.775316,298.1,e8045c,CC-BHA,A20N,AIRBUS A-320neo,0
takeoff,JFK,31L,1779855234.38,2026-05-27T04:13:54Z,40.62989,-73.775955,300.9,a6dc00,N541DT,G280,,8
takeoff,JFK,31L,1779855375.14,2026-05-27T04:16:15Z,40.631046,-73.778519,299.6,7380ca,4X-EDL,B789,BOEING 787-9 Dreamliner,0
landing,JFK,31R,1779855416.67,2026-05-27T04:16:56Z,40.652556,-73.778733,300.9,780654,B-2081,B77L,BOEING 777-200LR,0
landing,JFK,31L,1779855582.08,2026-05-27T04:19:42Z,40.638928,-73.795884,300.9,a65bbc,N509DT,A21N,AIRBUS A-321neo,0
landing,JFK,31R,1779855665.16,2026-05-27T04:21:05Z,40.650948,-73.775162,298.1,a69894,N524JB,A320,AIRBUS A-320,0
takeoff,JFK,31L,1779855672.86,2026-05-27T04:21:12Z,40.630537,-73.77736,300.9,a9d9f7,N734AR,B77W,BOEING 777-300ER,0
landing,JFK,31L,1779855818.71,2026-05-27T04:23:38Z,40.639801,-73.797806,300.9,a9704d,N707TW,B752,BOEING 757-200,0
landing,JFK,31R,1779856013.14,2026-05-27T04:26:53Z,40.651794,-73.7771,300.9,a33b1e,N307UJ,B38M,,0
takeoff,JFK,31L,1779856198.68,2026-05-27T04:29:58Z,40.631367,-73.77919,300.9,34718d,EC-NRG,A332,AIRBUS A-330-200,0
landing,JFK,31R,1779856311.0,2026-05-27T04:31:51Z,40.651602,-73.776611,300.9,ad7ab8,N968JT,A321,AIRBUS A-321,0
landing,JFK,31R,1779856439.67,2026-05-27T04:33:59Z,40.651788,-73.777032,300.9,ad56e0,N959JB,A321,AIRBUS A-321,0
landing,JFK,31R,1779856555.36,2026-05-27T04:35:55Z,40.652481,-73.778564,300.9,0c20ba,HP-1848CMP,B738,BOEING 737-800,0
landing,JFK,31L,1779856612.7,2026-05-27T04:36:52Z,40.638977,-73.796005,300.9,a6d83c,N540DE,A21N,AIRBUS A-321neo,0
takeoff,JFK,31L,1779856895.16,2026-05-27T04:41:35Z,40.631893,-73.78038,300.9,8963f3,A6-EOV,A388,AIRBUS A-380-800,0
landing,JFK,31R,1779857080.16,2026-05-27T04:44:40Z,40.650799,-73.774863,300.9,aa490a,N762AV,A20N,AIRBUS A-320neo,0
takeoff,JFK,31L,1779857162.63,2026-05-27T04:46:02Z,40.631149,-73.778748,299.6,40742e,G-CKOF,B789,BOEING 787-9 Dreamliner,0
landing,JFK,31R,1779857671.09,2026-05-27T04:54:31Z,40.652254,-73.778078,300.9,a560fb,N446AV,A320,AIRBUS A-320,0
takeoff,JFK,31L,1779858355.66,2026-05-27T05:05:55Z,40.634901,-73.786973,300.9,39cf0c,F-HTYM,A359,AIRBUS A-350-900,0
takeoff,JFK,31L,1779858494.62,2026-05-27T05:08:14Z,40.63056,-73.777344,300.9,71c008,HL8008,B77W,BOEING 777-300ER,0
takeoff,JFK,31L,1779858958.82,2026-05-27T05:15:58Z,40.630921,-73.778187,299.6,4bb189,TC-LLI,B789,BOEING 787-9 Dreamliner,0
takeoff,JFK,31L,1779859555.58,2026-05-27T05:25:55Z,40.630223,-73.776658,300.9,aa7bae,N775AV,A20N,AIRBUS A-320neo,0
takeoff,JFK,31L,1779860225.98,2026-05-27T05:37:05Z,40.630989,-73.778381,300.9,06a120,A7-AND,A35K,AIRBUS A-350-1000,0
landing,JFK,31L,1779860226.39,2026-05-27T05:37:06Z,40.631084,-73.778577,300.9,06a120,A7-AND,A35K,AIRBUS A-350-1000,0
takeoff,JFK,31L,1779860226.39,2026-05-27T05:37:06Z,40.631084,-73.778577,300.9,06a120,A7-AND,A35K,AIRBUS A-350-1000,0
takeoff,JFK,31L,1779860515.79,2026-05-27T05:41:55Z,40.630085,-73.776382,300.9,0aca5f,HK-5389,A20N,AIRBUS A-320neo,0
landing,JFK,31R,1779860887.75,2026-05-27T05:48:07Z,40.651691,-73.776779,300.9,adab38,N980AV,A320,AIRBUS A-320,0
takeoff,JFK,31L,1779861245.2,2026-05-27T05:54:05Z,40.631035,-73.778473,300.9,8406d0,JA01WJ,A35K,AIRBUS A-350-1000,0
takeoff,JFK,31L,1779861362.35,2026-05-27T05:56:02Z,40.62999,-73.776174,300.9,8990e3,B-16721,B77W,BOEING 777-300ER,0
landing,JFK,31R,1779861434.44,2026-05-27T05:57:14Z,40.652058,-73.777618,300.9,a73690,N564JB,A320,AIRBUS A-320,0
takeoff,JFK,31L,1779861733.86,2026-05-27T06:02:13Z,40.630723,-73.777766,300.9,71be35,HL7635,A388,AIRBUS A-380-800,0
takeoff,JFK,31L,1779861887.73,2026-05-27T06:04:47Z,40.629466,-73.774988,300.9,8695c6,JA798A,B77W,BOEING 777-300ER,0
landing,JFK,31R,1779861899.69,2026-05-27T06:04:59Z,40.65123,-73.775799,300.9,0aca8d,HK-5407,A320,AIRBUS A-320,0
takeoff,JFK,31L,1779862289.43,2026-05-27T06:11:29Z,40.630669,-73.777802,300.9,78926b,B-LXR,A35K,AIRBUS A-350-1000,0
takeoff,JFK,31L,1779862428.4,2026-05-27T06:13:48Z,40.630177,-73.776566,300.9,899019,B-18053,B77W,BOEING 777-300ER,0
takeoff,JFK,31L,1779862681.26,2026-05-27T06:18:01Z,40.634571,-73.786255,300.9,a79625,N5881K,A333,,0
takeoff,JFK,31L,1779862928.66,2026-05-27T06:22:08Z,40.630758,-73.777813,300.9,e8045c,CC-BHA,A20N,AIRBUS A-320neo,0
takeoff,JFK,31L,1779863296.75,2026-05-27T06:28:16Z,40.630737,-73.777786,300.9,aa490a,N762AV,A20N,AIRBUS A-320neo,0
landing,JFK,31L,1779863297.3,2026-05-27T06:28:17Z,40.630875,-73.778122,300.9,aa490a,N762AV,A20N,AIRBUS A-320neo,0
takeoff,JFK,31L,1779863297.3,2026-05-27T06:28:17Z,40.630875,-73.778122,300.9,aa490a,N762AV,A20N,AIRBUS A-320neo,0
landing,JFK,31L,1779863581.83,2026-05-27T06:33:01Z,40.63901,-73.79604,300.9,a3396b,N307AZ,B763,BOEING 767-300,0
takeoff,JFK,31L,1779864358.66,2026-05-27T06:45:58Z,40.635658,-73.788651,300.9,0c208c,HP-1829CMP,B738,BOEING 737-800,0
landing,JFK,31R,1779864573.83,2026-05-27T06:49:33Z,40.65263,-73.778885,300.9,71bc19,HL7419,B744,BOEING 747-400,0
takeoff,JFK,31L,1779865156.67,2026-05-27T06:59:16Z,40.630374,-73.777001,300.9,780654,B-2081,B77L,BOEING 777-200LR,0
landing,JFK,31R,1779865212.37,2026-05-27T07:00:12Z,40.651302,-73.775955,300.9,aa7f65,N776AV,A20N,AIRBUS A-320neo,0
takeoff,JFK,31L,1779865337.33,2026-05-27T07:02:17Z,40.631235,-73.778905,300.9,758487,RP-C3510,A35K,AIRBUS A-350-1000,0
takeoff,JFK,31L,1779865563.54,2026-05-27T07:06:03Z,40.630703,-73.77771,300.9,a560fb,N446AV,A320,AIRBUS A-320,0
landing,JFK,31R,1779866444.56,2026-05-27T07:20:44Z,40.652696,-73.778999,300.9,a7869b,N584UW,A321,AIRBUS A-321,0
landing,JFK,31R,1779866565.26,2026-05-27T07:22:45Z,40.653625,-73.781052,298.1,780233,B-LJC,B748,BOEING 747-8,0
landing,JFK,31R,1779866992.32,2026-05-27T07:29:52Z,40.652137,-73.777797,300.9,0c2166,HP-9918CMP,B39M,BOEING 737 MAX 9,0
takeoff,JFK,31L,1779867184.49,2026-05-27T07:33:04Z,40.630921,-73.778187,300.9,adab38,N980AV,A320,AIRBUS A-320,0
landing,JFK,31R,1779869040.88,2026-05-27T08:04:00Z,40.651211,-73.775742,299.6,738103,4X-ERD,B788,BOEING 787-8 Dreamliner,0
landing,JFK,31R,1779869581.31,2026-05-27T08:13:01Z,40.650915,-73.775144,300.9,a79821,N589JB,A320,AIRBUS A-320,0
landing,JFK,31R,1779869823.0,2026-05-27T08:17:03Z,40.650799,-73.774811,300.9,4067a4,G-DHLK,B763,BOEING 767-300,0
landing,JFK,31R,1779870953.6,2026-05-27T08:35:53Z,40.651649,-73.77672,298.1,a1ce99,N2151J,A21N,AIRBUS A-321neo,0
landing,JFK,31R,1779871077.59,2026-05-27T08:37:57Z,40.651543,-73.776474,298.1,0c6064,9Y-SUR,B38M,BOEING 737 MAX 8,0
landing,JFK,31R,1779871487.78,2026-05-27T08:44:47Z,40.654384,-73.78276,300.9,ad27f3,N947JB,A321,AIRBUS A-321,0
takeoff,JFK,31L,1779871594.82,2026-05-27T08:46:34Z,40.630211,-73.776688,300.9,0aca8d,HK-5407,A320,AIRBUS A-320,0
landing,JFK,31R,1779871977.66,2026-05-27T08:52:57Z,40.65123,-73.775831,302.4,7380c3,4X-EDD,B789,BOEING 787-9 Dreamliner,0
landing,JFK,31R,1779872192.57,2026-05-27T08:56:32Z,40.651008,-73.775331,298.1,ac7e1c,N904AV,A20N,,0
takeoff,JFK,31L,1779872407.2,2026-05-27T09:00:07Z,40.630735,-73.777813,300.9,aa7f65,N776AV,A20N,AIRBUS A-320neo,0
landing,JFK,31R,1779872836.39,2026-05-27T09:07:16Z,40.652079,-73.777657,300.9,a3866a,N326UP,B763,BOEING 767-300,0
landing,JFK,31R,1779872955.46,2026-05-27T09:09:15Z,40.651165,-73.775635,300.9,4d206e,9H-ALC,A332,AIRBUS A-330-200,0
landing,JFK,31R,1779873110.51,2026-05-27T09:11:50Z,40.651439,-73.776268,300.9,a386fb,N3260J,BCS3,,0
landing,JFK,31R,1779873224.46,2026-05-27T09:13:44Z,40.651222,-73.775803,300.9,0ac95d,HK-5320,A320,AIRBUS A-320,0
landing,JFK,31L,1779873275.93,2026-05-27T09:14:35Z,40.641233,-73.800971,300.9,a51601,N427DX,A339,AIRBUS A-330-900,0
landing,JFK,31R,1779873287.94,2026-05-27T09:14:47Z,40.652264,-73.778091,298.1,a37b5a,N323VK,B38M,BOEING 737 MAX 8,0
landing,JFK,31R,1779873505.25,2026-05-27T09:18:25Z,40.653173,-73.780138,300.9,a5c4de,N471AN,A21N,,0
landing,JFK,31R,1779873668.53,2026-05-27T09:21:08Z,40.653694,-73.78125,300.9,7802fd,B-2422,B744,BOEING 747-400,0
takeoff,JFK,31L,1779873693.13,2026-05-27T09:21:33Z,40.631023,-73.778488,300.9,0c605d,9Y-BAH,B38M,BOEING 737 MAX 8,0
takeoff,JFK,31L,1779873932.26,2026-05-27T09:25:32Z,40.631515,-73.779514,300.9,a781d7,N583JB,A320,AIRBUS A-320,0
landing,JFK,31R,1779874085.24,2026-05-27T09:28:05Z,40.652638,-73.778936,298.1,0ac9ee,HK-5367,A20N,AIRBUS A-320neo,0
landing,JFK,31R,1779874260.94,2026-05-27T09:31:00Z,40.652428,-73.778468,300.9,a392f2,N3296J,BCS3,AIRBUS A220-300,0
takeoff,JFK,31L,1779874663.82,2026-05-27T09:37:43Z,40.630211,-73.776658,300.9,ad1560,N942JB,A321,AIRBUS A-321,0
takeoff,JFK,31L,1779874789.98,2026-05-27T09:39:49Z,40.631084,-73.778608,300.9,71bc19,HL7419,B744,BOEING 747-400,0
takeoff,JFK,31L,1779874927.4,2026-05-27T09:42:07Z,40.631229,-73.778915,300.9,aba891,N850NN,B738,BOEING 737-800,0
landing,JFK,31R,1779875229.68,2026-05-27T09:47:09Z,40.651299,-73.775956,300.9,8990a4,B-18772,B77L,BOEING 777-200LR,0
landing,JFK,31R,1779875346.88,2026-05-27T09:49:06Z,40.651649,-73.776751,300.9,3c68cb,D-AJFK,A333,AIRBUS A-330-300,0
landing,JFK,31R,1779875554.46,2026-05-27T09:52:34Z,40.651043,-73.775394,300.9,a04641,N117AN,A321,AIRBUS A-321,0
landing,JFK,31R,1779875666.27,2026-05-27T09:54:26Z,40.652676,-73.779007,300.9,a00d5b,N102NN,A321,AIRBUS A-321,0
landing,JFK,31R,1779875802.95,2026-05-27T09:56:42Z,40.65258,-73.77878,300.9,a38e69,N3280J,BCS3,AIRBUS A220-300,0
takeoff,JFK,31L,1779876005.6,2026-05-27T10:00:05Z,40.631643,-73.779841,300.9,780233,B-LJC,B748,BOEING 747-8,0
landing,JFK,31R,1779876014.95,2026-05-27T10:00:14Z,40.651508,-73.776413,300.9,a2dd59,N284FE,B763,BOEING 767-300,0
landing,JFK,31R,1779876188.13,2026-05-27T10:03:08Z,40.650078,-73.77327,300.9,a358bd,N3145J,BCS3,AIRBUS A220-300,0
takeoff,LGA,31,1779876190.73,2026-05-27T10:03:10Z,40.774899,-73.863052,300.9,a36eae,N320DU,BCS3,AIRBUS A220-300,0
takeoff,LGA,31,1779876254.76,2026-05-27T10:04:14Z,40.773788,-73.860718,300.9,a062ef,N124DX,A321,AIRBUS A-321,0
landing,JFK,31L,1779876273.24,2026-05-27T10:04:33Z,40.638428,-73.79476,300.9,a76154,N575DN,A21N,AIRBUS A-321neo,0
landing,JFK,31R,1779876293.48,2026-05-27T10:04:53Z,40.652298,-73.778168,300.9,a353c6,N313UP,B763,BOEING 767-300,0
landing,LGA,04,1779876321.79,2026-05-27T10:05:21Z,40.776615,-73.87648,19.7,a7178c,N556UW,A321,AIRBUS A-321,0
takeoff,LGA,31,1779876330.32,2026-05-27T10:05:30Z,40.772777,-73.858603,300.9,a4423a,N37367,B38M,BOEING 737 MAX 8,0
landing,JFK,31L,1779876398.45,2026-05-27T10:06:38Z,40.637341,-73.792358,300.9,a988f0,N713TW,B752,BOEING 757-200,0
takeoff,LGA,31,1779876398.94,2026-05-27T10:06:38Z,40.772804,-73.858612,303.8,abbb77,N855RW,E170,EMBRAER ERJ-170-100,0
landing,JFK,31R,1779876416.43,2026-05-27T10:06:56Z,40.651783,-73.777023,300.9,a38682,N326VN,B38M,BOEING 737 MAX 8,0
takeoff,JFK,31L,1779876475.83,2026-05-27T10:07:55Z,40.630955,-73.77832,300.9,a01fee,N107NN,A321,AIRBUS A-321,0
takeoff,LGA,31,1779876480.45,2026-05-27T10:08:00Z,40.772724,-73.858505,300.9,adb656,N983AN,B738,BOEING 737-800,0
landing,JFK,31R,1779876526.35,2026-05-27T10:08:46Z,40.651427,-73.776221,300.9,a37517,N3215J,BCS3,,0
takeoff,LGA,31,1779876546.86,2026-05-27T10:09:06Z,40.772545,-73.858119,303.8,a06a54,N126DN,A321,AIRBUS A-321,0
takeoff,JFK,31L,1779876549.19,2026-05-27T10:09:09Z,40.630793,-73.777922,300.9,aab6ab,N79LE,F900,DASSAULT Falcon 900,8
takeoff,JFK,31L,1779876590.13,2026-05-27T10:09:50Z,40.628826,-73.773583,300.9,a1f46b,N225JQ,E75L,EMBRAER ERJ-170-200 (long wing),0
takeoff,LGA,31,1779876618.04,2026-05-27T10:10:18Z,40.772743,-73.858493,300.9,a44e24,N377DN,A321,AIRBUS A-321,0
takeoff,JFK,31L,1779876652.37,2026-05-27T10:10:52Z,40.630816,-73.778,300.9,0c2166,HP-9918CMP,B39M,BOEING 737 MAX 9,0
takeoff,LGA,31,1779876680.55,2026-05-27T10:11:20Z,40.772633,-73.858292,300.9,aaba41,N790YX,E75L,EMBRAER ERJ-170-200 (long wing),0
takeoff,JFK,31L,1779876725.8,2026-05-27T10:12:05Z,40.631224,-73.778889,300.9,ad9ac9,N976JT,A321,AIRBUS A-321,0
takeoff,LGA,31,1779876750.21,2026-05-27T10:12:30Z,40.77301,-73.859055,300.9,a7178c,N556UW,A321,AIRBUS A-321,0
takeoff,JFK,31L,1779876782.1,2026-05-27T10:13:02Z,40.630726,-73.777771,300.9,aa099e,N746JB,A320,AIRBUS A-320,0
takeoff,LGA,31,1779876812.64,2026-05-27T10:13:32Z,40.772461,-73.857895,300.9,a23fb2,N244JQ,E75L,EMBRAER ERJ-170-200 (long wing),0
takeoff,JFK,31L,1779876835.2,2026-05-27T10:13:55Z,40.630726,-73.777786,300.9,a7816a,N583DT,A21N,,0
landing,JFK,31R,1779876855.12,2026-05-27T10:14:15Z,40.650438,-73.774067,300.9,780abc,B-LRQ,A359,AIRBUS A-350-900,0
takeoff,LGA,31,1779876888.14,2026-05-27T10:14:48Z,40.772684,-73.858369,300.9,abb579,N8534Z,B738,BOEING 737-800,0
takeoff,JFK,31L,1779876908.53,2026-05-27T10:15:08Z,40.631115,-73.778641,300.9,a7e5c1,N608JB,A320,AIRBUS A-320,0
takeoff,LGA,31,1779876968.26,2026-05-27T10:16:08Z,40.774006,-73.86116,300.9,a12429,N17285,B38M,BOEING 737 MAX 8,0
takeoff,JFK,31L,1779876980.63,2026-05-27T10:16:20Z,40.6306,-73.777496,300.9,a19910,N2017J,A21N,AIRBUS A-321neo,0
takeoff,JFK,31L,1779877063.31,2026-05-27T10:17:43Z,40.630246,-73.776751,300.9,a7869b,N584UW,A321,AIRBUS A-321,0
landing,LGA,22,1779877101.51,2026-05-27T10:18:21Z,40.77784,-73.87697,210.9,a08317,N132EV,CRJ9,BOMBARDIER Regional Jet CRJ-900,0
landing,JFK,22L,1779877104.84,2026-05-27T10:18:24Z,40.632772,-73.76461,209.6,ab7fe6,N840AN,B789,BOEING 787-9 Dreamliner,0
takeoff,LGA,31,1779877113.94,2026-05-27T10:18:33Z,40.772498,-73.857994,303.8,a146f1,N1811U,B38M,,0
takeoff,JFK,22R,1779877227.96,2026-05-27T10:20:27Z,40.646622,-73.766373,210.9,ad56e0,N959JB,A321,AIRBUS A-321,0
takeoff,JFK,22R,1779877320.7,2026-05-27T10:22:00Z,40.647091,-73.766006,210.9,a08e1e,N135DQ,BCS1,AIRBUS A220-100,0
landing,JFK,22L,1779877386.82,2026-05-27T10:23:06Z,40.633831,-73.763799,213.8,a046f2,N117HQ,E75L,EMBRAER ERJ-170-200 (long wing),0
landing,JFK,22L,1779877492.14,2026-05-27T10:24:52Z,40.63282,-73.764587,210.9,a28e5b,N264FE,B763,BOEING 767-300,0
landing,LGA,22,1779877515.73,2026-05-27T10:25:15Z,40.778126,-73.87674,210.9,a77d89,N582CA,CRJ9,BOMBARDIER Regional Jet CRJ-900,0
takeoff,LGA,31,1779877565.21,2026-05-27T10:26:05Z,40.772655,-73.858322,300.9,a4da13,N411YX,E75L,EMBRAER ERJ-170-200 (long wing),0
landing,JFK,22L,1779877636.94,2026-05-27T10:27:16Z,40.633819,-73.763814,210.9,a373b7,N321TG,B38M,BOEING 737 MAX 8,0
takeoff,JFK,22R,1779877646.73,2026-05-27T10:27:26Z,40.646576,-73.766418,210.9,a1a0c4,N2039J,A21N,AIRBUS A-321neo,0
takeoff,JFK,22R,1779877740.08,2026-05-27T10:29:00Z,40.646877,-73.766186,210.9,a73690,N564JB,A320,AIRBUS A-320,0
landing,JFK,22L,1779877759.9,2026-05-27T10:29:19Z,40.632545,-73.764816,210.9,a9b62c,N725AN,B77W,BOEING 777-300ER,0
landing,LGA,22,1779877806.76,2026-05-27T10:30:06Z,40.775093,-73.879242,210.9,a50900,N423YX,E75L,EMBRAER ERJ-170-200 (long wing),0
landing,LGA,22,1779877918.12,2026-05-27T10:31:58Z,40.7772,-73.877501,213.8,a4cc95,N408YX,E75L,EMBRAER ERJ-170-200 (long wing),0
takeoff,LGA,31,1779877919.65,2026-05-27T10:31:59Z,40.77277,-73.858566,300.9,a4c170,N405YX,E75L,EMBRAER ERJ-170-200 (long wing),0
landing,JFK,22L,1779877933.7,2026-05-27T10:32:13Z,40.633691,-73.764002,216.6,a7da9c,N605JB,A320,AIRBUS A-320,0
landing,JFK,22L,1779877997.67,2026-05-27T10:33:17Z,40.641163,-73.758057,208.1,a0c238,N148UP,A306,AIRBUS A-300-600,0
landing,LGA,22,1779878016.26,2026-05-27T10:33:36Z,40.779419,-73.875671,210.9,a7869b,N584UW,A321,AIRBUS A-321,0
landing,LGA,22,1779878130.32,2026-05-27T10:35:30Z,40.77895,-73.876053,210.9,a08e1e,N135DQ,BCS1,AIRBUS A220-100,0
landing,JFK,22L,1779878132.31,2026-05-27T10:35:32Z,40.632923,-73.76511,239.1,a61173,N490PX,CRJ9,BOMBARDIER Regional Jet CRJ-900,0
takeoff,LGA,31,1779878155.22,2026-05-27T10:35:55Z,40.77436,-73.861895,300.9,c0064c,C-FCJZ,CRJ7,BOMBARDIER Regional Jet CRJ-700,0
landing,JFK,22L,1779878220.72,2026-05-27T10:37:00Z,40.636019,-73.762098,210.9,a67452,N515DE,A21N,AIRBUS A-321neo,0
takeoff,LGA,31,1779878322.5,2026-05-27T10:38:42Z,40.772724,-73.858505,300.9,abb76d,N854NN,B738,BOEING 737-800,0
landing,JFK,22L,1779878341.61,2026-05-27T10:39:01Z,40.632786,-73.764618,210.9,a37e80,N324PQ,CRJ9,BOMBARDIER Regional Jet CRJ-900,0
takeoff,LGA,31,1779878395.08,2026-05-27T10:39:55Z,40.772507,-73.858032,300.9,a3534a,N313PQ,CRJ9,BOMBARDIER Regional Jet CRJ-900,0
landing,JFK,22L,1779878415.26,2026-05-27T10:40:15Z,40.635192,-73.762738,210.9,a1de8d,N2199J,A21N,AIRBUS A-321neo,0
takeoff,LGA,31,1779878485.8,2026-05-27T10:41:25Z,40.772324,-73.857666,300.9,a98408,N712FR,A321,AIRBUS A-321,0
landing,JFK,22L,1779878513.15,2026-05-27T10:41:53Z,40.635143,-73.762756,210.9,a398bc,N3304J,,,0
landing,LGA,22,1779878572.61,2026-05-27T10:42:52Z,40.776569,-73.878021,208.1,a34215,N309PQ,CRJ9,BOMBARDIER Regional Jet CRJ-900,0
takeoff,JFK,22R,1779878596.12,2026-05-27T10:43:16Z,40.647622,-73.765593,210.9,a3396b,N307AZ,B763,BOEING 767-300,0
landing,LGA,22,1779878684.89,2026-05-27T10:44:44Z,40.7784,-73.876495,210.9,a08e3c,N135EV,CRJ9,BOMBARDIER Regional Jet CRJ-900,0
landing,JFK,22L,1779878687.89,2026-05-27T10:44:47Z,40.6334,-73.764158,210.9,a03765,N113AN,A321,AIRBUS A-321,0
takeoff,JFK,22R,1779878763.97,2026-05-27T10:46:03Z,40.647377,-73.765808,210.9,a37389,N321RL,B38M,BOEING 737 MAX 8,0
landing,JFK,22L,1779878787.12,2026-05-27T10:46:27Z,40.635448,-73.762535,210.9,a383f3,N3255J,BCS3,,0
landing,LGA,22,1779878815.31,2026-05-27T10:46:55Z,40.777363,-73.877361,213.8,aca3e6,N913XJ,CRJ9,BOMBARDIER Regional Jet CRJ-900,0
takeoff,LGA,31,1779878816.48,2026-05-27T10:46:56Z,40.772358,-73.857712,303.8,ac20a1,N8803L,B38M,BOEING 737 MAX 8,0
landing,JFK,22L,1779878862.17,2026-05-27T10:47:42Z,40.632283,-73.765016,210.9,ad734a,N966JT,A321,AIRBUS A-321,0
landing,JFK,22L,1779878941.21,2026-05-27T10:49:01Z,40.634308,-73.763424,210.9,a017c9,N105FE,B763,BOEING 767-300,0
takeoff,JFK,22R,1779878962.22,2026-05-27T10:49:22Z,40.646772,-73.766264,210.9,a7ac8f,N594DA,A21N,AIRBUS A-321neo,0
landing,LGA,22,1779878963.91,2026-05-27T10:49:23Z,40.775256,-73.879108,210.9,a8a490,N656RW,E170,EMBRAER ERJ-170-100,0
takeoff,LGA,31,1779878966.5,2026-05-27T10:49:26Z,40.772254,-73.857463,306.6,a01bbc,N106HQ,E75L,EMBRAER ERJ-170-200 (long wing),0
takeoff,LGA,31,1779879036.52,2026-05-27T10:50:36Z,40.772254,-73.857463,300.9,c00ba7,C-FEKS,E75S,EMBRAER ERJ-170-200 (short wing),0
takeoff,JFK,04L,1779879056.26,2026-05-27T10:50:56Z,40.651078,-73.765125,42.2,a19d0d,N2029J,A21N,AIRBUS A-321neo,0
landing,JFK,22L,1779879056.57,2026-05-27T10:50:56Z,40.635914,-73.76216,210.9,a35949,N3149J,BCS3,AIRBUS A220-300,0
landing,JFK,22L,1779879127.86,2026-05-27T10:52:07Z,40.635086,-73.762802,208.1,a6492f,N504DZ,A21N,AIRBUS A-321neo,0
takeoff,JFK,22R,1779879158.61,2026-05-27T10:52:38Z,40.648739,-73.764735,210.9,a869bc,N641JB,A320,AIRBUS A-320,0
takeoff,LGA,31,1779879190.61,2026-05-27T10:53:10Z,40.774104,-73.86138,300.9,a34d98,N3115J,BCS3,AIRBUS A220-300,0
landing,JFK,22L,1779879220.2,2026-05-27T10:53:40Z,40.633553,-73.76413,222.2,ad2445,N946JL,A321,AIRBUS A-321,0
takeoff,LGA,31,1779879244.76,2026-05-27T10:54:04Z,40.772265,-73.857557,303.8,ab2c04,N819NN,B738,BOEING 737-800,0
takeoff,JFK,22R,1779879279.14,2026-05-27T10:54:39Z,40.64917,-73.764392,210.9,ac89f7,N907JB,A321,AIRBUS A-321,0
landing,JFK,22L,1779879321.19,2026-05-27T10:55:21Z,40.633472,-73.764267,222.2,a008c9,N101DU,BCS1,AIRBUS A220-100,0
landing,JFK,22L,1779879369.74,2026-05-27T10:56:09Z,40.633098,-73.764376,209.6,ab436f,N825AA,B789,BOEING 787-9 Dreamliner,0
takeoff,JFK,22R,1779879421.93,2026-05-27T10:57:01Z,40.648809,-73.764657,210.9,ac7e1c,N904AV,A20N,,0
takeoff,JFK,22R,1779879492.12,2026-05-27T10:58:12Z,40.647668,-73.765562,210.9,a386fb,N3260J,BCS3,,0
landing,JFK,22L,1779879507.75,2026-05-27T10:58:27Z,40.632843,-73.764557,210.9,a12861,N174DN,B763,BOEING 767-300,0
landing,LGA,22,1779879541.06,2026-05-27T10:59:01Z,40.779156,-73.875885,210.9,a399e4,N331DU,BCS3,,0
takeoff,LGA,31,1779879548.98,2026-05-27T10:59:08Z,40.772335,-73.857666,303.8,a4f7cb,N419YX,E75L,EMBRAER ERJ-170-200 (long wing),0
takeoff,JFK,22R,1779879560.94,2026-05-27T10:59:20Z,40.648922,-73.764572,210.9,a85887,N637JB,A320,AIRBUS A-320,0
landing,JFK,22L,1779879608.07,2026-05-27T11:00:08Z,40.635315,-73.762604,210.9,a72b6b,N561JB,A320,AIRBUS A-320,0
landing,LGA,22,1779879646.09,2026-05-27T11:00:46Z,40.774727,-73.879501,208.1,a23bfb,N243JQ,E75L,EMBRAER ERJ-170-200 (long wing),0
takeoff,LGA,31,1779879672.33,2026-05-27T11:01:12Z,40.772719,-73.858462,300.9,a04aa9,N118HQ,E75L,EMBRAER ERJ-170-200 (long wing),0
takeoff,JFK,22R,1779879684.31,2026-05-27T11:01:24Z,40.648541,-73.764876,210.9,a1ce99,N2151J,A21N,AIRBUS A-321neo,0
landing,JFK,22L,1779879687.86,2026-05-27T11:01:27Z,40.633598,-73.763977,210.9,a30f85,N297AK,B739,BOEING 737-900,0
takeoff,JFK,22R,1779879747.95,2026-05-27T11:02:27Z,40.64772,-73.765518,210.9,a32861,N302SS,B38M,BOEING 737 MAX 8,0
takeoff,LGA,31,1779879753.59,2026-05-27T11:02:33Z,40.772615,-73.858244,300.9,ac006d,N8722L,B38M,BOEING 737 MAX 8,0
landing,LGA,22,1779879759.27,2026-05-27T11:02:39Z,40.774826,-73.879436,205.3,ac0a75,N875RW,E170,EMBRAER ERJ-170-100,0
landing,JFK,22L,1779879783.51,2026-05-27T11:03:03Z,40.632626,-73.76474,210.9,a455ea,N379HA,A332,AIRBUS A-330-200,0
takeoff,JFK,22R,1779879815.84,2026-05-27T11:03:35Z,40.64768,-73.765562,210.9,4067a4,G-DHLK,B763,BOEING 767-300,0
takeoff,LGA,31,1779879839.17,2026-05-27T11:03:59Z,40.772346,-73.857712,300.9,a49206,N394DX,A321,AIRBUS A-321,0
landing,JFK,22L,1779879861.51,2026-05-27T11:04:21Z,40.632667,-73.764704,210.9,80159f,VT-AEP,B77W,BOEING 777-300ER,0
landing,LGA,22,1779879882.43,2026-05-27T11:04:42Z,40.77528,-73.879077,210.9,a1ba59,N210JQ,E75L,EMBRAER ERJ-170-200 (long wing),0
takeoff,LGA,31,1779879940.76,2026-05-27T11:05:40Z,40.772232,-73.857407,300.9,a20347,N229JQ,E75L,EMBRAER ERJ-170-200 (long wing),0
takeoff,JFK,22R,1779879959.4,2026-05-27T11:05:59Z,40.646493,-73.766467,210.9,0ac95d,HK-5320,A320,AIRBUS A-320,0
takeoff,JFK,22R,1779880017.35,2026-05-27T11:06:57Z,40.64761,-73.765609,210.9,a01c37,N106NN,A321,AIRBUS A-321,0
takeoff,LGA,31,1779880025.21,2026-05-27T11:07:05Z,40.772277,-73.857588,306.6,ac21e4,N881DN,B739,BOEING 737-900,0
landing,JFK,22L,1779880036.52,2026-05-27T11:07:16Z,40.632946,-73.765,236.2,a4e538,N414YX,E75L,EMBRAER ERJ-170-200 (long wing),0
landing,LGA,22,1779880038.22,2026-05-27T11:07:18Z,40.776913,-73.877731,210.9,a1d811,N218JQ,E75L,EMBRAER ERJ-170-200 (long wing),0
takeoff,JFK,22R,1779880089.03,2026-05-27T11:08:09Z,40.647881,-73.765381,210.9,7802fd,B-2422,B744,BOEING 747-400,0
takeoff,LGA,31,1779880094.11,2026-05-27T11:08:14Z,40.772232,-73.857452,300.9,a54cd9,N440YX,E75L,EMBRAER ERJ-170-200 (long wing),0
landing,JFK,22L,1779880117.12,2026-05-27T11:08:37Z,40.635109,-73.762787,210.9,aacf19,N796JB,A320,AIRBUS A-320,0
landing,LGA,22,1779880197.26,2026-05-27T11:09:57Z,40.774803,-73.879436,208.1,a1a1b6,N204JQ,E75L,EMBRAER ERJ-170-200 (long wing),0
takeoff,LGA,31,1779880201.56,2026-05-27T11:10:01Z,40.772696,-73.858415,300.9,a38082,N3247J,BCS3,,0
takeoff,JFK,22R,1779880238.75,2026-05-27T11:10:38Z,40.646507,-73.766464,210.9,a36a21,N319VF,B38M,BOEING 737 MAX 8,0
landing,LGA,22,1779880278.79,2026-05-27T11:11:18Z,40.778003,-73.876861,213.8,acd68a,N926XJ,CRJ9,BOMBARDIER Regional Jet CRJ-900,0
takeoff,LGA,31,1779880283.64,2026-05-27T11:11:23Z,40.772827,-73.858704,300.9,a451cf,N378DA,B738,BOEING 737-800,0
takeoff,JFK,22R,1779880303.52,2026-05-27T11:11:43Z,40.64653,-73.766449,210.9,a1ddbb,N2193J,A21N,AIRBUS A-321neo,0
landing,LGA,22,1779880358.81,2026-05-27T11:12:38Z,40.77729,-73.877426,208.1,a1584a,N186PQ,CRJ9,BOMBARDIER Regional Jet CRJ-900,0
takeoff,JFK,22R,1779880366.9,2026-05-27T11:12:46Z,40.647446,-73.765717,210.9,a33b1e,N307UJ,B38M,,0
takeoff,JFK,22R,1779880442.72,2026-05-27T11:14:02Z,40.647629,-73.765579,210.9,a5c4de,N471AN,A21N,,0
takeoff,LGA,31,1779880456.38,2026-05-27T11:14:16Z,40.772289,-73.857574,300.9,a93d7c,N695CA,CRJ9,BOMBARDIER Regional Jet CRJ-900,0
landing,LGA,22,1779880473.42,2026-05-27T11:14:33Z,40.774907,-73.879405,210.9,a8a0d9,N655RW,E170,EMBRAER ERJ-170-100,0
takeoff,JFK,22R,1779880509.06,2026-05-27T11:15:09Z,40.646365,-73.766577,210.9,adf128,N998JE,A321,AIRBUS A-321,0
takeoff,JFK,04L,1779880524.43,2026-05-27T11:15:24Z,40.651005,-73.765121,59.1,c00b7c,C-FEJB,E75S,EMBRAER ERJ-170-200 (short wing),0
takeoff,LGA,31,1779880540.2,2026-05-27T11:15:40Z,40.772198,-73.857346,303.8,ac26cf,N882RW,E170,EMBRAER ERJ-170-100,0
landing,LGA,22,1779880558.64,2026-05-27T11:15:58Z,40.775338,-73.87903,213.8,a099a7,N138HQ,E75L,EMBRAER ERJ-170-200 (long wing),0
takeoff,JFK,22R,1779880567.5,2026-05-27T11:16:07Z,40.647913,-73.765375,210.9,abe930,N867DN,B739,BOEING 737-900,0
landing,JFK,22L,1779880576.8,2026-05-27T11:16:16Z,40.632329,-73.764938,208.1,a80d40,N618JB,A320,AIRBUS A-320,0
takeoff,LGA,13,1779880623.37,2026-05-27T11:17:03Z,40.774104,-73.865547,140.6,a1584a,N186PQ,CRJ9,BOMBARDIER Regional Jet CRJ-900,0
takeoff,LGA,31,1779880625.33,2026-05-27T11:17:05Z,40.772781,-73.858582,300.9,a6c4d7,N535UW,A321,AIRBUS A-321,0
landing,LGA,22,1779880632.76,2026-05-27T11:17:12Z,40.774601,-73.879593,208.1,a03bcd,N114HQ,E75L,EMBRAER ERJ-170-200 (long wing),0
landing,JFK,22L,1779880655.94,2026-05-27T11:17:35Z,40.6325,-73.764832,210.9,a69f88,N526DE,A21N,AIRBUS A-321neo,0
takeoff,JFK,22R,1779880720.84,2026-05-27T11:18:40Z,40.64851,-73.764908,210.9,a445f8,N3747D,B738,BOEING 737-800,0
landing,LGA,22,1779880730.81,2026-05-27T11:18:50Z,40.775268,-73.879077,210.9,a1a924,N206JQ,E75L,EMBRAER ERJ-170-200 (long wing),0
takeoff,LGA,31,1779880736.49,2026-05-27T11:18:56Z,40.772731,-73.858509,300.9,aa56da,N76528,B738,BOEING 737-800,0
landing,JFK,22L,1779880739.05,2026-05-27T11:18:59Z,40.632992,-73.764984,233.4,a1e946,N222JQ,E75L,EMBRAER ERJ-170-200 (long wing),0
takeoff,JFK,22R,1779880783.14,2026-05-27T11:19:43Z,40.647995,-73.765289,210.9,a11d47,N171DZ,B763,BOEING 767-300,0
landing,JFK,22L,1779880790.02,2026-05-27T11:19:50Z,40.632725,-73.764642,210.9,a13748,N178DZ,B763,BOEING 767-300,0
landing,JFK,22L,1779880876.92,2026-05-27T11:21:16Z,40.633098,-73.764361,213.8,a9cecd,N731AL,B39M,BOEING 737 MAX 9,0
takeoff,JFK,22R,1779880880.34,2026-05-27T11:21:20Z,40.648544,-73.764862,208.1,a07f60,N131EV,CRJ9,BOMBARDIER Regional Jet CRJ-900,0
takeoff,LGA,31,1779880905.61,2026-05-27T11:21:45Z,40.77412,-73.861404,300.9,a39d9b,N332DU,BCS3,,0
takeoff,JFK,22R,1779880936.9,2026-05-27T11:22:16Z,40.647657,-73.765562,210.9,a29908,N267AK,B739,BOEING 737-900,0
takeoff,JFK,22R,1779880991.38,2026-05-27T11:23:11Z,40.648922,-73.764587,210.9,a79046,N587DT,A21N,AIRBUS A-321neo,0
landing,LGA,22,1779881008.33,2026-05-27T11:23:28Z,40.774849,-73.879405,208.1,a4bdb9,N404YX,E75L,EMBRAER ERJ-170-200 (long wing),0
takeoff,LGA,31,1779881011.39,2026-05-27T11:23:31Z,40.773903,-73.860977,300.9,a017a8,N105DX,A321,AIRBUS A-321,0
takeoff,JFK,22R,1779881051.0,2026-05-27T11:24:11Z,40.64748,-73.765701,210.9,a11380,N169DZ,B763,BOEING 767-300,0
landing,JFK,22L,1779881061.72,2026-05-27T11:24:21Z,40.632376,-73.764922,212.4,04c11b,5Y-KZE,B788,BOEING 787-8 Dreamliner,0
takeoff,LGA,31,1779881082.14,2026-05-27T11:24:42Z,40.772633,-73.858307,300.9,acce3f,N924NN,B738,BOEING 737-800,0
takeoff,JFK,22R,1779881149.65,2026-05-27T11:25:49Z,40.649077,-73.764454,210.9,ab1c47,N815DN,B739,BOEING 737-900,0
landing,LGA,22,1779881163.36,2026-05-27T11:26:03Z,40.777027,-73.87764,210.9,abdb88,N863RW,E170,EMBRAER ERJ-170-100,0
takeoff,LGA,31,1779881173.75,2026-05-27T11:26:13Z,40.772661,-73.858337,303.8,a3472f,N310DU,BCS3,AIRBUS A220-300,0
landing,JFK,22L,1779881192.6,2026-05-27T11:26:32Z,40.635274,-73.76266,208.1,a86605,N640JB,A320,AIRBUS A-320,0
takeoff,JFK,22R,1779881213.01,2026-05-27T11:26:53Z,40.647936,-73.765344,210.9,a8ded6,N6705Y,B752,BOEING 757-200,0
takeoff,LGA,31,1779881264.06,2026-05-27T11:27:44Z,40.77261,-73.858231,300.9,c007d8,C-FCZF,A320,AIRBUS A-320,0
landing,LGA,22,1779881268.51,2026-05-27T11:27:48Z,40.775117,-73.879218,210.9,a05827,N121HQ,E75L,EMBRAER ERJ-170-200 (long wing),0
takeoff,JFK,22R,1779881280.67,2026-05-27T11:28:00Z,40.64768,-73.765547,210.9,0c6064,9Y-SUR,B38M,BOEING 737 MAX 8,0
takeoff,LGA,31,1779881333.25,2026-05-27T11:28:53Z,40.772487,-73.857963,300.9,a1e58f,N221JQ,E75L,EMBRAER ERJ-170-200 (long wing),0
landing,LGA,22,1779881333.98,2026-05-27T11:28:53Z,40.776901,-73.877762,210.9,a1ccec,N215JQ,E75L,EMBRAER ERJ-170-200 (long wing),0
landing,JFK,22L,1779881340.57,2026-05-27T11:29:00Z,40.633621,-73.763977,210.9,ad2095,N945JT,A321,AIRBUS A-321,0
takeoff,JFK,22R,1779881403.56,2026-05-27T11:30:03Z,40.647514,-73.765686,210.9,a9704d,N707TW,B752,BOEING 757-200,0
takeoff,LGA,31,1779881405.45,2026-05-27T11:30:05Z,40.772484,-73.857986,300.9,a39723,N330PQ,CRJ9,BOMBARDIER Regional Jet CRJ-900,0
landing,LGA,22,1779881407.31,2026-05-27T11:30:07Z,40.776421,-73.878143,210.9,c003a8,C-FBJZ,CRJ7,BOMBARDIER Regional Jet CRJ-700,0
landing,JFK,22L,1779881422.06,2026-05-27T11:30:22Z,40.635111,-73.7628,210.9,ac8289,N905JB,A321,AIRBUS A-321,0
takeoff,JFK,22R,1779881466.64,2026-05-27T11:31:06Z,40.647377,-73.765765,210.9,a77645,N580DT,A21N,AIRBUS A-321neo,0
landing,LGA,22,1779881471.65,2026-05-27T11:31:11Z,40.777416,-73.877335,210.9,a145b7,N181PQ,CRJ9,BOMBARDIER Regional Jet CRJ-900,0
takeoff,LGA,31,1779881493.71,2026-05-27T11:31:33Z,40.773903,-73.860931,300.9,a3a152,N333DU,BCS3,,0
landing,JFK,22L,1779881528.87,2026-05-27T11:32:08Z,40.63345,-73.764343,225.0,a08e82,N135HQ,E75L,EMBRAER ERJ-170-200 (long wing),0
takeoff,LGA,04,1779881532.46,2026-05-27T11:32:12Z,40.776083,-73.876643,75.9,c003a8,C-FBJZ,CRJ7,BOMBARDIER Regional Jet CRJ-700,0
takeoff,JFK,22R,1779881539.39,2026-05-27T11:32:19Z,40.646954,-73.766098,210.9,ac7968,N9023N,A319,AIRBUS A-319,0
takeoff,JFK,04L,1779881542.83,2026-05-27T11:32:22Z,40.651016,-73.765167,56.2,a4f414,N418YX,E75L,EMBRAER ERJ-170-200 (long wing),0
landing,LGA,22,1779881567.6,2026-05-27T11:32:47Z,40.775221,-73.879108,210.9,ab1d06,N815MD,E170,EMBRAER ERJ-170-100,0
takeoff,LGA,31,1779881568.94,2026-05-27T11:32:48Z,40.772507,-73.858017,300.9,ac249e,N8815L,B38M,BOEING 737 MAX 8,0
takeoff,LGA,31,1779881652.25,2026-05-27T11:34:12Z,40.772724,-73.858475,300.9,ac3beb,N888DU,B739,BOEING 737-900,0
takeoff,JFK,22R,1779881668.47,2026-05-27T11:34:28Z,40.648636,-73.764801,210.9,abde0b,N864DN,B739,BOEING 737-900,0
takeoff,LGA,31,1779881728.93,2026-05-27T11:35:28Z,40.772221,-73.857422,300.9,ab282b,N818MD,E170,EMBRAER ERJ-170-100,0
landing,JFK,22L,1779881743.2,2026-05-27T11:35:43Z,40.63345,-73.764267,219.4,a2000d,N228PQ,CRJ9,BOMBARDIER Regional Jet CRJ-900,0
takeoff,JFK,22R,1779881791.12,2026-05-27T11:36:31Z,40.6474,-73.765747,210.9,a09cfe,N139DU,BCS1,AIRBUS A220-100,0
takeoff,LGA,31,1779881805.53,2026-05-27T11:36:45Z,40.772427,-73.857864,300.9,a4a0cd,N398DA,B738,BOEING 737-800,0
landing,JFK,22L,1779881815.27,2026-05-27T11:36:55Z,40.634056,-73.763702,216.6,a0144e,N104HQ,E75L,EMBRAER ERJ-170-200 (long wing),0
takeoff,JFK,22R,1779881851.43,2026-05-27T11:37:31Z,40.648262,-73.765094,210.9,ad4f72,N957JB,A321,AIRBUS A-321,0
landing,JFK,22L,1779881911.1,2026-05-27T11:38:31Z,40.632408,-73.766266,244.7,aca79d,N914XJ,CRJ9,BOMBARDIER Regional Jet CRJ-900,0
takeoff,JFK,22R,1779881918.67,2026-05-27T11:38:38Z,40.647446,-73.765732,210.9,a3866a,N326UP,B763,BOEING 767-300,0
landing,LGA,22,1779881941.84,2026-05-27T11:39:01Z,40.775356,-73.879013,210.9,abc2e5,N857RW,E170,EMBRAER ERJ-170-100,0
takeoff,LGA,31,1779881946.79,2026-05-27T11:39:06Z,40.774086,-73.861359,300.9,adf068,N998AN,A321,AIRBUS A-321,0
landing,JFK,22L,1779881967.76,2026-05-27T11:39:27Z,40.63361,-73.764099,225.0,a5e02d,N478PX,CRJ9,BOMBARDIER Regional Jet CRJ-900,0
takeoff,LGA,31,1779881981.21,2026-05-27T11:39:41Z,40.772381,-73.857681,320.6,a471ec,N386DN,A321,AIRBUS A-321,0
takeoff,JFK,22R,1779882025.79,2026-05-27T11:40:25Z,40.647732,-73.765488,210.9,ad6ff2,N965NN,B738,BOEING 737-800,0
landing,LGA,22,1779882041.83,2026-05-27T11:40:41Z,40.778399,-73.876518,210.9,a14c70,N183GJ,CRJ9,BOMBARDIER Regional Jet CRJ-900,0
landing,JFK,22L,1779882063.23,2026-05-27T11:41:03Z,40.633186,-73.764648,227.8,acb2c2,N917XJ,CRJ9,BOMBARDIER Regional Jet CRJ-900,0
takeoff,JFK,22R,1779882093.24,2026-05-27T11:41:33Z,40.646411,-73.766545,210.9,a358bd,N3145J,BCS3,AIRBUS A220-300,0
landing,LGA,22,1779882126.52,2026-05-27T11:42:06Z,40.777187,-73.877533,210.9,acf2e4,N933XJ,CRJ9,BOMBARDIER Regional Jet CRJ-900,0
landing,JFK,22L,1779882137.47,2026-05-27T11:42:17Z,40.633284,-73.764236,210.9,a8df4b,N6709,B752,BOEING 757-200,0
takeoff,LGA,31,1779882140.85,2026-05-27T11:42:20Z,40.774116,-73.86138,295.3,a18380,N197PQ,CRJ9,BOMBARDIER Regional Jet CRJ-900,0
takeoff,JFK,22R,1779882159.13,2026-05-27T11:42:39Z,40.647633,-73.765562,210.9,0ac9ee,HK-5367,A20N,AIRBUS A-320neo,0
takeoff,LGA,31,1779882196.67,2026-05-27T11:43:16Z,40.7723,-73.857588,298.1,a08317,N132EV,CRJ9,BOMBARDIER Regional Jet CRJ-900,0
landing,JFK,22L,1779882211.06,2026-05-27T11:43:31Z,40.63258,-73.764771,210.9,ada227,N978JB,A321,AIRBUS A-321,0
landing,LGA,22,1779882213.17,2026-05-27T11:43:33Z,40.778189,-73.876674,210.9,a47d11,N389DN,A321,AIRBUS A-321,0
landing,JFK,22R,1779882279.22,2026-05-27T11:44:39Z,40.633505,-73.776595,210.9,a54eb1,N441DT,G280,GULFSTREAM G280,8
takeoff,LGA,31,1779882280.69,2026-05-27T11:44:40Z,40.772243,-73.857468,300.9,aa7e79,N77535,B738,BOEING 737-800,0
landing,JFK,22L,1779882318.22,2026-05-27T11:45:18Z,40.632557,-73.764771,212.4,e8046e,CC-BGS,B789,BOEING 787-9 Dreamliner,0
landing,LGA,22,1779882333.83,2026-05-27T11:45:33Z,40.775012,-73.879296,210.9,acddf8,N928XJ,CRJ9,BOMBARDIER Regional Jet CRJ-900,0
takeoff,JFK,22R,1779882388.49,2026-05-27T11:46:28Z,40.646152,-73.766754,210.9,a37517,N3215J,BCS3,,0
landing,LGA,22,1779882420.48,2026-05-27T11:47:00Z,40.775562,-73.87886,210.9,a22358,N237JQ,E75L,EMBRAER ERJ-170-200 (long wing),0
takeoff,LGA,31,1779882424.27,2026-05-27T11:47:04Z,40.77372,-73.86058,303.8,a35e6f,N316PQ,CRJ9,BOMBARDIER Regional Jet CRJ-900,0
takeoff,JFK,22R,1779882448.67,2026-05-27T11:47:28Z,40.646609,-73.766358,210.9,a00d5b,N102NN,A321,AIRBUS A-321,0
landing,JFK,22L,1779882479.69,2026-05-27T11:47:59Z,40.633551,-73.764173,219.4,a3a9b6,N335PQ,CRJ9,BOMBARDIER Regional Jet CRJ-900,0
takeoff,LGA,31,1779882501.71,2026-05-27T11:48:21Z,40.772393,-73.85776,300.9,ac0519,N8739L,B38M,BOEING 737 MAX 8,0
takeoff,JFK,22R,1779882514.89,2026-05-27T11:48:34Z,40.646598,-73.766374,210.9,a0faf3,N162UW,A321,AIRBUS A-321,0
landing,JFK,22L,1779882561.68,2026-05-27T11:49:21Z,40.635155,-73.762772,210.9,a78cfc,N586JB,A320,AIRBUS A-320,0
takeoff,JFK,22R,1779882570.39,2026-05-27T11:49:30Z,40.646179,-73.766717,210.9,ad27f3,N947JB,A321,AIRBUS A-321,0
takeoff,LGA,31,1779882572.03,2026-05-27T11:49:32Z,40.772495,-73.858002,303.8,a56050,N44550,A21N,AIRBUS A-321neo,0
takeoff,LGA,13,1779882611.21,2026-05-27T11:50:11Z,40.775414,-73.867859,126.6,acddf8,N928XJ,CRJ9,BOMBARDIER Regional Jet CRJ-900,0
takeoff,LGA,31,1779882628.98,2026-05-27T11:50:28Z,40.772278,-73.857513,300.9,a08e1e,N135DQ,BCS1,AIRBUS A220-100,0
landing,JFK,22L,1779882667.53,2026-05-27T11:51:07Z,40.633793,-73.763824,213.8,a36799,N3185J,BCS3,AIRBUS A220-300,0
takeoff,LGA,31,1779882692.23,2026-05-27T11:51:32Z,40.772278,-73.857559,300.9,aced23,N932AM,A321,AIRBUS A-321,0
takeoff,JFK,22R,1779882706.1,2026-05-27T11:51:46Z,40.647168,-73.765937,210.9,a04641,N117AN,A321,AIRBUS A-321,0
landing,JFK,22L,1779882737.53,2026-05-27T11:52:17Z,40.635704,-73.762314,210.9,aa600a,N768JB,A320,AIRBUS A-320,0
takeoff,JFK,22R,1779882800.32,2026-05-27T11:53:20Z,40.646358,-73.766556,210.9,a01112,N103NN,A321,AIRBUS A-321,0
takeoff,JFK,04L,1779882807.49,2026-05-27T11:53:27Z,40.651008,-73.765156,59.1,a046f2,N117HQ,E75L,EMBRAER ERJ-170-200 (long wing),0
landing,LGA,22,1779882811.64,2026-05-27T11:53:31Z,40.778212,-73.876658,210.9,a33339,N305PQ,CRJ9,BOMBARDIER Regional Jet CRJ-900,0
takeoff,LGA,31,1779882824.58,2026-05-27T11:53:44Z,40.772754,-73.858556,300.9,a4cc95,N408YX,E75L,EMBRAER ERJ-170-200 (long wing),0
landing,JFK,22L,1779882832.78,2026-05-27T11:53:52Z,40.635098,-73.762817,210.9,a3401a,N3085J,BCS3,AIRBUS A220-300,0
takeoff,JFK,22R,1779882894.98,2026-05-27T11:54:54Z,40.6464,-73.766545,210.9,a79821,N589JB,A320,AIRBUS A-320,0
landing,JFK,22L,1779882936.03,2026-05-27T11:55:36Z,40.633703,-73.763955,216.6,a37fb0,N3241J,BCS3,AIRBUS A220-300,0
takeoff,LGA,31,1779882950.63,2026-05-27T11:55:50Z,40.772324,-73.857635,303.8,a4421d,N3736C,B738,BOEING 737-800,0
landing,LGA,22,1779882962.54,2026-05-27T11:56:02Z,40.773857,-73.879959,180.0,ab3d17,N823MD,E170,EMBRAER ERJ-170-100,0
takeoff,LGA,31,1779883046.12,2026-05-27T11:57:26Z,40.772312,-73.857574,303.8,a10d82,N167US,A321,AIRBUS A-321,0
takeoff,JFK,22R,1779883047.41,2026-05-27T11:57:27Z,40.647389,-73.765781,208.1,a39113,N329PQ,CRJ9,BOMBARDIER Regional Jet CRJ-900,0
landing,LGA,22,1779883074.58,2026-05-27T11:57:54Z,40.775322,-73.879028,213.8,ada699,N979RP,E170,EMBRAER ERJ-170-100,0
takeoff,LGA,31,1779883139.35,2026-05-27T11:58:59Z,40.772804,-73.858643,300.9,a7858e,N584JB,A320,AIRBUS A-320,0
takeoff,JFK,22R,1779883141.7,2026-05-27T11:59:01Z,40.648099,-73.765219,213.8,a61173,N490PX,CRJ9,BOMBARDIER Regional Jet CRJ-900,0
takeoff,JFK,22R,1779883204.69,2026-05-27T12:00:04Z,40.648613,-73.764832,210.9,a6d83c,N540DE,A21N,AIRBUS A-321neo,0
landing,LGA,22,1779883209.87,2026-05-27T12:00:09Z,40.778469,-73.87644,210.9,a44d62,N3767,B738,BOEING 737-800,0
takeoff,LGA,31,1779883226.38,2026-05-27T12:00:26Z,40.774756,-73.862738,295.3,a77d89,N582CA,CRJ9,BOMBARDIER Regional Jet CRJ-900,0
takeoff,LGA,13,1779883269.57,2026-05-27T12:01:09Z,40.776421,-73.869919,143.4,abdb88,N863RW,E170,EMBRAER ERJ-170-100,0
landing,JFK,22L,1779883278.29,2026-05-27T12:01:18Z,40.632957,-73.764999,233.4,ab53e4,N829SK,CRJ9,BOMBARDIER Regional Jet CRJ-900,0
takeoff,LGA,31,1779883282.08,2026-05-27T12:01:22Z,40.772301,-73.85759,303.8,a07341,N128UW,A320,AIRBUS A-320,0
landing,LGA,22,1779883283.08,2026-05-27T12:01:23Z,40.776684,-73.87793,210.9,abaafe,N8509U,B738,BOEING 737-800,0
takeoff,JFK,22R,1779883283.4,2026-05-27T12:01:23Z,40.647926,-73.765335,210.9,ad2baa,N948JB,A321,AIRBUS A-321,0
takeoff,JFK,22R,1779883368.48,2026-05-27T12:02:48Z,40.647697,-73.765533,210.9,add376,N990JL,A321,AIRBUS A-321,0
takeoff,LGA,31,1779883380.33,2026-05-27T12:03:00Z,40.774155,-73.861481,300.9,a486d8,N391DN,A321,AIRBUS A-321,0
landing,JFK,22L,1779883427.9,2026-05-27T12:03:47Z,40.633458,-73.764095,210.9,a1286c,N174DZ,B763,BOEING 767-300,0
landing,LGA,22,1779883447.46,2026-05-27T12:04:07Z,40.776752,-73.877869,213.8,ac74f9,N901XJ,CRJ9,BOMBARDIER Regional Jet CRJ-900,0
takeoff,LGA,31,1779883458.1,2026-05-27T12:04:18Z,40.774258,-73.861694,300.9,aca3e6,N913XJ,CRJ9,BOMBARDIER Regional Jet CRJ-900,0
takeoff,LGA,31,1779883579.29,2026-05-27T12:06:19Z,40.772463,-73.857916,300.9,a21fa1,N236JQ,E75L,EMBRAER ERJ-170-200 (long wing),0
landing,LGA,22,1779883592.69,2026-05-27T12:06:32Z,40.774818,-73.879425,210.9,abd063,N860RW,E170,EMBRAER ERJ-170-100,0
landing,JFK,22L,1779883605.26,2026-05-27T12:06:45Z,40.631736,-73.765422,210.9,a66239,N510JB,A320,AIRBUS A-320,0
takeoff,JFK,22R,1779883648.32,2026-05-27T12:07:28Z,40.647297,-73.765839,210.9,a38e69,N3280J,BCS3,AIRBUS A220-300,0
landing,LGA,22,1779883663.49,2026-05-27T12:07:43Z,40.776546,-73.878036,210.9,ab0a95,N810NN,B738,BOEING 737-800,0
takeoff,LGA,31,1779883665.14,2026-05-27T12:07:45Z,40.772347,-73.857682,300.9,a43b91,N372DN,A321,AIRBUS A-321,0
landing,JFK,22L,1779883725.64,2026-05-27T12:08:45Z,40.633703,-73.764002,219.4,a35854,N3142J,BCS3,AIRBUS A220-300,0
takeoff,JFK,22R,1779883737.98,2026-05-27T12:08:57Z,40.646187,-73.766708,210.9,a38682,N326VN,B38M,BOEING 737 MAX 8,0
landing,LGA,22,1779883784.25,2026-05-27T12:09:44Z,40.776844,-73.877792,213.8,a53f5b,N437YX,E75L,EMBRAER ERJ-170-200 (long wing),0
takeoff,LGA,31,1779883790.31,2026-05-27T12:09:50Z,40.773891,-73.860931,300.9,a34215,N309PQ,CRJ9,BOMBARDIER Regional Jet CRJ-900,0
takeoff,JFK,22R,1779883795.17,2026-05-27T12:09:55Z,40.648373,-73.764999,210.9,a353c6,N313UP,B763,BOEING 767-300,0
takeoff,LGA,31,1779883839.52,2026-05-27T12:10:39Z,40.772289,-73.857559,300.9,a8996b,N653RW,E170,EMBRAER ERJ-170-100,0
landing,JFK,22L,1779883841.44,2026-05-27T12:10:41Z,40.636196,-73.761932,210.9,ad8836,N971JT,A321,AIRBUS A-321,0
takeoff,JFK,22R,1779883903.5,2026-05-27T12:11:43Z,40.647743,-73.765488,210.9,a8712a,N643JB,A320,AIRBUS A-320,0
takeoff,LGA,31,1779883910.11,2026-05-27T12:11:50Z,40.772507,-73.858017,303.8,a1d811,N218JQ,E75L,EMBRAER ERJ-170-200 (long wing),0
takeoff,LGA,31,1779883954.42,2026-05-27T12:12:34Z,40.772265,-73.85751,300.9,aa56f7,N76532,B738,BOEING 737-800,0
landing,JFK,22L,1779883956.59,2026-05-27T12:12:36Z,40.632248,-73.765032,210.9,8966cf,A6-XWH,A35K,AIRBUS A-350-1000,0
takeoff,JFK,22R,1779883960.92,2026-05-27T12:12:40Z,40.646516,-73.766467,210.9,aca29a,N913JB,A321,AIRBUS A-321,0
landing,LGA,22,1779884009.67,2026-05-27T12:13:29Z,40.778606,-73.876358,210.9,ac7c67,N903XJ,CRJ9,BOMBARDIER Regional Jet CRJ-900,0
takeoff,JFK,22R,1779884074.9,2026-05-27T12:14:34Z,40.647459,-73.765718,210.9,a78945,N585JB,A320,AIRBUS A-320,0
takeoff,LGA,31,1779884100.08,2026-05-27T12:15:00Z,40.772381,-73.857758,303.8,a08e3c,N135EV,CRJ9,BOMBARDIER Regional Jet CRJ-900,0
landing,LGA,22,1779884102.78,2026-05-27T12:15:02Z,40.775175,-73.879155,210.9,a0232a,N108HQ,E75L,EMBRAER ERJ-170-200 (long wing),0
landing,JFK,22L,1779884108.58,2026-05-27T12:15:08Z,40.635332,-73.762597,210.9,a446b6,N375DN,A321,AIRBUS A-321,0
takeoff,JFK,22R,1779884142.07,2026-05-27T12:15:42Z,40.648201,-73.765152,210.9,4006c0,G-VIIN,B772,BOEING 777-200,0
takeoff,LGA,31,1779884180.39,2026-05-27T12:16:20Z,40.772463,-73.857916,300.9,a1ba59,N210JQ,E75L,EMBRAER ERJ-170-200 (long wing),0
landing,LGA,22,1779884186.32,2026-05-27T12:16:26Z,40.774814,-73.879421,210.9,a89d22,N654RW,E170,EMBRAER ERJ-170-100,0
landing,JFK,22L,1779884208.3,2026-05-27T12:16:48Z,40.631012,-73.766022,213.8,4cc4f1,TF-ISP,B763,BOEING 767-300,0
takeoff,LGA,31,1779884238.31,2026-05-27T12:17:18Z,40.772359,-73.857698,300.9,aa4252,N760JB,A320,AIRBUS A-320,0
takeoff,LGA,13,1779884251.0,2026-05-27T12:17:31Z,40.773788,-73.866531,123.8,ac7c67,N903XJ,CRJ9,BOMBARDIER Regional Jet CRJ-900,0
takeoff,JFK,22R,1779884280.86,2026-05-27T12:18:00Z,40.64825,-73.765094,210.9,a37e80,N324PQ,CRJ9,BOMBARDIER Regional Jet CRJ-900,0
landing,JFK,22L,1779884340.09,2026-05-27T12:19:00Z,40.632717,-73.765518,239.1,adafb5,N981JT,A321,AIRBUS A-321,0
landing,LGA,22,1779884354.42,2026-05-27T12:19:14Z,40.773388,-73.880661,213.8,aa0ca5,N747BA,GA7C,GULFSTREAM G700,0
takeoff,LGA,31,1779884379.29,2026-05-27T12:19:39Z,40.772369,-73.857758,303.8,c0850c,C-GYJZ,DH8D,DE HAVILLAND DHC-8-400 Dash 8,0
takeoff,JFK,13R,1779884425.48,2026-05-27T12:20:25Z,40.64171,-73.79629,78.8,a54eb1,N441DT,G280,GULFSTREAM G280,8
takeoff,LGA,31,1779884436.17,2026-05-27T12:20:36Z,40.772198,-73.857391,323.4,a8a490,N656RW,E170,EMBRAER ERJ-170-100,0
landing,JFK,22L,1779884443.0,2026-05-27T12:20:43Z,40.633175,-73.764709,230.6,a5f162,N482PX,CRJ9,BOMBARDIER Regional Jet CRJ-900,0
takeoff,JFK,22R,1779884459.99,2026-05-27T12:20:59Z,40.647517,-73.765671,210.9,a69894,N524JB,A320,AIRBUS A-320,0
landing,LGA,22,1779884538.36,2026-05-27T12:22:18Z,40.774698,-73.879545,210.9,a08acb,N134HQ,E75L,EMBRAER ERJ-170-200 (long wing),0
takeoff,LGA,13,1779884545.4,2026-05-27T12:22:25Z,40.771474,-73.858072,84.4,ac0a75,N875RW,E170,EMBRAER ERJ-170-100,0
landing,JFK,22L,1779884560.18,2026-05-27T12:22:40Z,40.633854,-73.763861,216.6,a35592,N3139J,BCS3,AIRBUS A220-300,0
takeoff,JFK,22R,1779884579.29,2026-05-27T12:22:59Z,40.646896,-73.766159,210.9,abd2e6,N861DN,B739,BOEING 737-900,0
takeoff,JFK,22R,1779884636.51,2026-05-27T12:23:56Z,40.648297,-73.765063,210.9,a97dcb,N710TW,B752,BOEING 757-200,0
landing,JFK,22L,1779884651.4,2026-05-27T12:24:11Z,40.635763,-73.762285,210.9,acaf0b,N916XJ,CRJ9,BOMBARDIER Regional Jet CRJ-900,0
takeoff,JFK,22R,1779884720.28,2026-05-27T12:25:20Z,40.647892,-73.765366,210.9,0d121b,XA-OTC,B38M,BOEING 737 MAX 8,0
takeoff,LGA,31,1779884766.12,2026-05-27T12:26:06Z,40.772495,-73.857986,300.9,a13501,N177US,A321,AIRBUS A-321,0
landing,JFK,22L,1779884768.95,2026-05-27T12:26:08Z,40.634068,-73.763641,213.8,aa589c,N766JB,A320,AIRBUS A-320,0
landing,LGA,22,1779884779.06,2026-05-27T12:26:19Z,40.773464,-73.880591,213.8,abe2f6,N865RW,E170,EMBRAER ERJ-170-100,0
takeoff,JFK,22R,1779884782.61,2026-05-27T12:26:22Z,40.646295,-73.766623,210.9,aa6ccb,N771AN,B772,BOEING 777-200,0
landing,LGA,22,1779884857.7,2026-05-27T12:27:37Z,40.781902,-73.8736,213.8,ad4389,N954AF,PC12,PILATUS PC-12,0
takeoff,LGA,31,1779884873.02,2026-05-27T12:27:53Z,40.772242,-73.857463,303.8,a03bcd,N114HQ,E75L,EMBRAER ERJ-170-200 (long wing),0
landing,JFK,13L,1779884879.44,2026-05-27T12:27:59Z,40.653441,-73.777953,78.8,aca02f,N912XJ,CRJ9,BOMBARDIER Regional Jet CRJ-900,0
landing,JFK,22L,1779884879.86,2026-05-27T12:27:59Z,40.632442,-73.764877,210.9,aded77,N997JL,A321,AIRBUS A-321,0
takeoff,JFK,22R,1779884907.24,2026-05-27T12:28:27Z,40.64748,-73.765701,210.9,ab84c9,N841NN,B738,BOEING 737-800,0
landing,LGA,22,1779884975.43,2026-05-27T12:29:35Z,40.780109,-73.875082,212.4,a903b8,N680FD,C680,CESSNA 680 Citation Sovereign,8
takeoff,LGA,31,1779884987.05,2026-05-27T12:29:47Z,40.772472,-73.857941,300.9,a1a1b6,N204JQ,E75L,EMBRAER ERJ-170-200 (long wing),0
landing,JFK,22L,1779884995.07,2026-05-27T12:29:55Z,40.63489,-73.762972,210.9,a0f4a2,N1604R,B763,BOEING 767-300,0
takeoff,JFK,22R,1779885033.67,2026-05-27T12:30:33Z,40.646919,-73.766144,210.9,ad5329,N958JB,A321,AIRBUS A-321,0
landing,LGA,22,1779885086.73,2026-05-27T12:31:26Z,40.777188,-73.877532,210.9,c060be,C-GKQN,E295,EMBRAER ERJ-190-400,0
takeoff,JFK,22R,1779885099.04,2026-05-27T12:31:39Z,40.647709,-73.765518,210.9,3c68cb,D-AJFK,A333,AIRBUS A-330-300,0
takeoff,LGA,31,1779885140.38,2026-05-27T12:32:20Z,40.772186,-73.857376,303.8,a1ccec,N215JQ,E75L,EMBRAER ERJ-170-200 (long wing),0
landing,JFK,22L,1779885146.17,2026-05-27T12:32:26Z,40.633839,-73.763855,216.6,a3871e,N3261J,BCS3,,0
landing,LGA,22,1779885146.19,2026-05-27T12:32:26Z,40.776569,-73.878021,213.8,ac98c1,N910XJ,CRJ9,BOMBARDIER Regional Jet CRJ-900,0
takeoff,JFK,22R,1779885205.95,2026-05-27T12:33:25Z,40.648041,-73.765274,210.9,a2dd59,N284FE,B763,BOEING 767-300,0
takeoff,LGA,31,1779885251.03,2026-05-27T12:34:11Z,40.772568,-73.85815,300.9,ac90a8,N909AN,B738,BOEING 737-800,0
takeoff,JFK,22R,1779885313.43,2026-05-27T12:35:13Z,40.646795,-73.766233,210.9,a37b5a,N323VK,B38M,BOEING 737 MAX 8,0
takeoff,LGA,31,1779885326.04,2026-05-27T12:35:26Z,40.772475,-73.857978,303.8,a7869b,N584UW,A321,AIRBUS A-321,0
takeoff,LGA,13,1779885346.3,2026-05-27T12:35:46Z,40.772049,-73.861069,132.2,ac98c1,N910XJ,CRJ9,BOMBARDIER Regional Jet CRJ-900,0
takeoff,LGA,31,1779885391.14,2026-05-27T12:36:31Z,40.772198,-73.857391,303.8,a8a0d9,N655RW,E170,EMBRAER ERJ-170-100,0
takeoff,JFK,04L,1779885397.37,2026-05-27T12:36:37Z,40.650194,-73.76589,30.9,aca02f,N912XJ,CRJ9,BOMBARDIER Regional Jet CRJ-900,0
takeoff,JFK,22R,1779885397.97,2026-05-27T12:36:37Z,40.646988,-73.766068,210.9,ab0e4c,N811NN,B738,BOEING 737-800,0
landing,LGA,22,1779885408.07,2026-05-27T12:36:48Z,40.777107,-73.877595,210.9,a52cc8,N432YX,E75L,EMBRAER ERJ-170-200 (long wing),0
takeoff,JFK,22R,1779885458.27,2026-05-27T12:37:38Z,40.64621,-73.766693,209.6,407371,G-VNYL,B789,BOEING 787-9 Dreamliner,0
landing,JFK,22L,1779885462.25,2026-05-27T12:37:42Z,40.632818,-73.764595,210.9,a1d0a3,N216JQ,E75L,EMBRAER ERJ-170-200 (long wing),0
landing,LGA,22,1779885486.15,2026-05-27T12:38:06Z,40.778364,-73.876549,208.1,a2fe3c,N292PQ,CRJ9,BOMBARDIER Regional Jet CRJ-900,0
landing,LGA,22,1779885551.57,2026-05-27T12:39:11Z,40.775815,-73.87864,210.9,a15795,N186GJ,CRJ9,BOMBARDIER Regional Jet CRJ-900,0
takeoff,JFK,22R,1779885555.87,2026-05-27T12:39:15Z,40.648762,-73.764709,210.9,a198ed,N2016J,A21N,AIRBUS A-321neo,0
landing,JFK,22L,1779885580.72,2026-05-27T12:39:40Z,40.633884,-73.763809,216.6,a1f0b4,N224JQ,E75L,EMBRAER ERJ-170-200 (long wing),0
takeoff,LGA,31,1779885626.17,2026-05-27T12:40:26Z,40.772346,-73.857727,303.8,acd68a,N926XJ,CRJ9,BOMBARDIER Regional Jet CRJ-900,0
landing,LGA,22,1779885638.2,2026-05-27T12:40:38Z,40.77824,-73.876633,210.9,c07a7c,C-GUJZ,DH8D,DE HAVILLAND DHC-8-400 Dash 8,0
takeoff,LGA,31,1779885686.05,2026-05-27T12:41:26Z,40.77244,-73.857885,309.4,a23bfb,N243JQ,E75L,EMBRAER ERJ-170-200 (long wing),0
takeoff,JFK,22R,1779885686.22,2026-05-27T12:41:26Z,40.649071,-73.764481,210.9,a3b8e1,N339SU,B38M,BOEING 737 MAX 8,0
takeoff,LGA,13,1779885702.39,2026-05-27T12:41:42Z,40.775528,-73.868057,120.9,a2fe3c,N292PQ,CRJ9,BOMBARDIER Regional Jet CRJ-900,0
landing,LGA,22,1779885730.75,2026-05-27T12:42:10Z,40.77792,-73.876907,210.9,aceb76,N931XJ,CRJ9,BOMBARDIER Regional Jet CRJ-900,0
takeoff,LGA,04,1779885738.24,2026-05-27T12:42:18Z,40.776066,-73.876801,56.2,c07a7c,C-GUJZ,DH8D,DE HAVILLAND DHC-8-400 Dash 8,0
landing,JFK,22L,1779885767.78,2026-05-27T12:42:47Z,40.632751,-73.764633,210.9,e8021d,CC-CXF,B763,BOEING 767-300,0
landing,LGA,22,1779885790.75,2026-05-27T12:43:10Z,40.7767,-73.877922,210.9,a32893,N302US,B38M,BOEING 737 MAX 8,0
takeoff,LGA,13,1779885793.66,2026-05-27T12:43:13Z,40.775391,-73.867828,126.6,a15795,N186GJ,CRJ9,BOMBARDIER Regional Jet CRJ-900,0
takeoff,JFK,22R,1779885832.43,2026-05-27T12:43:52Z,40.64647,-73.766514,210.9,a35949,N3149J,BCS3,AIRBUS A220-300,0
landing,LGA,22,1779885888.27,2026-05-27T12:44:48Z,40.776455,-73.878094,210.9,ad9edf,N977NN,B738,BOEING 737-800,0
takeoff,JFK,22R,1779885890.86,2026-05-27T12:44:50Z,40.646761,-73.766264,210.9,a008c9,N101DU,BCS1,AIRBUS A220-100,0
takeoff,JFK,22R,1779885936.08,2026-05-27T12:45:36Z,40.648774,-73.764688,210.9,abfa65,N871DN,B739,BOEING 737-900,0
landing,LGA,22,1779885954.27,2026-05-27T12:45:54Z,40.776292,-73.878235,213.8,a43e5c,N37253,B738,BOEING 737-800,0
takeoff,JFK,22R,1779885998.4,2026-05-27T12:46:38Z,40.647366,-73.765793,210.9,a76154,N575DN,A21N,AIRBUS A-321neo,0
landing,JFK,22L,1779886051.21,2026-05-27T12:47:31Z,40.635052,-73.762833,210.9,a38b61,N3275J,BCS3,,0
takeoff,LGA,31,1779886070.04,2026-05-27T12:47:50Z,40.772277,-73.85751,300.9,abafff,N852NN,B738,BOEING 737-800,0
landing,LGA,22,1779886083.58,2026-05-27T12:48:03Z,40.779385,-73.875702,213.8,a3411f,N309DU,BCS3,AIRBUS A220-300,0
takeoff,JFK,22R,1779886131.72,2026-05-27T12:48:51Z,40.647503,-73.765686,210.9,a67452,N515DE,A21N,AIRBUS A-321neo,0
takeoff,LGA,13,1779886152.12,2026-05-27T12:49:12Z,40.771695,-73.863347,135.0,aceb76,N931XJ,CRJ9,BOMBARDIER Regional Jet CRJ-900,0
takeoff,LGA,31,1779886152.28,2026-05-27T12:49:12Z,40.772265,-73.857526,300.9,a50900,N423YX,E75L,EMBRAER ERJ-170-200 (long wing),0
takeoff,JFK,04L,1779886194.67,2026-05-27T12:49:54Z,40.651005,-73.765198,53.4,a4e538,N414YX,E75L,EMBRAER ERJ-170-200 (long wing),0
takeoff,JFK,22R,1779886201.94,2026-05-27T12:50:01Z,40.647514,-73.765656,210.9,aca309,N913NN,B738,BOEING 737-800,0
landing,LGA,22,1779886208.26,2026-05-27T12:50:08Z,40.774151,-73.879857,196.9,a1a56d,N205JQ,E75L,EMBRAER ERJ-170-200 (long wing),0
landing,LGA,22,1779886255.64,2026-05-27T12:50:55Z,40.778538,-73.876389,213.8,a79e31,N590JB,A320,AIRBUS A-320,0
takeoff,LGA,22,1779886255.64,2026-05-27T12:50:55Z,40.778538,-73.876389,213.8,a79e31,N590JB,A320,AIRBUS A-320,0
landing,LGA,22,1779886256.12,2026-05-27T12:50:56Z,40.778343,-73.876556,210.9,a79e31,N590JB,A320,AIRBUS A-320,0
takeoff,JFK,22R,1779886263.25,2026-05-27T12:51:03Z,40.648192,-73.765156,210.9,a6a6f6,N528DE,A21N,AIRBUS A-321neo,0
landing,JFK,22L,1779886282.83,2026-05-27T12:51:22Z,40.635864,-73.762192,210.9,ac801e,N904XJ,CRJ9,BOMBARDIER Regional Jet CRJ-900,0
takeoff,LGA,13,1779886294.04,2026-05-27T12:51:34Z,40.775466,-73.866577,123.8,a3411f,N309DU,BCS3,AIRBUS A220-300,0
takeoff,LGA,31,1779886308.78,2026-05-27T12:51:48Z,40.772346,-73.857666,295.3,a145b7,N181PQ,CRJ9,BOMBARDIER Regional Jet CRJ-900,0
takeoff,LGA,04,1779886367.79,2026-05-27T12:52:47Z,40.776106,-73.876643,73.1,a79e31,N590JB,A320,AIRBUS A-320,0
takeoff,LGA,13,1779886375.91,2026-05-27T12:52:55Z,40.775482,-73.866592,123.8,a1a56d,N205JQ,E75L,EMBRAER ERJ-170-200 (long wing),0
takeoff,JFK,22R,1779886389.64,2026-05-27T12:53:09Z,40.646198,-73.766708,210.9,a33843,N3062J,BCS3,AIRBUS A220-300,0
landing,JFK,22L,1779886395.39,2026-05-27T12:53:15Z,40.633272,-73.764407,227.8,aae582,N8009T,A319,AIRBUS A-319,0
takeoff,JFK,22R,1779886449.34,2026-05-27T12:54:09Z,40.647494,-73.765703,210.9,a383f3,N3255J,BCS3,,0
landing,JFK,22L,1779886482.11,2026-05-27T12:54:42Z,40.633507,-73.764206,227.8,ab4c76,N827SK,CRJ9,BOMBARDIER Regional Jet CRJ-900,0
landing,LGA,22,1779886487.62,2026-05-27T12:54:47Z,40.77727,-73.877454,213.8,ac4210,N8893L,B38M,BOEING 737 MAX 8,0
takeoff,JFK,22R,1779886509.86,2026-05-27T12:55:09Z,40.648448,-73.764954,210.9,8990a4,B-18772,B77L,BOEING 777-200LR,0
landing,JFK,22L,1779886561.15,2026-05-27T12:56:01Z,40.633726,-73.763892,210.9,ab0416,N809JB,A320,AIRBUS A-320,0
takeoff,LGA,31,1779886617.62,2026-05-27T12:56:57Z,40.772277,-73.857542,300.9,a4bdb9,N404YX,E75L,EMBRAER ERJ-170-200 (long wing),0
takeoff,LGA,13,1779886617.62,2026-05-27T12:56:57Z,40.771763,-73.85881,123.8,a53f5b,N437YX,E75L,EMBRAER ERJ-170-200 (long wing),0
landing,JFK,22L,1779886660.53,2026-05-27T12:57:40Z,40.63269,-73.764704,213.8,ab6162,N832SK,CRJ9,BOMBARDIER Regional Jet CRJ-900,0
takeoff,LGA,13,1779886667.78,2026-05-27T12:57:47Z,40.772231,-73.859789,123.8,acf2e4,N933XJ,CRJ9,BOMBARDIER Regional Jet CRJ-900,0
takeoff,JFK,22R,1779886680.39,2026-05-27T12:58:00Z,40.646516,-73.766452,210.9,ad6f93,N965JT,A321,AIRBUS A-321,0
takeoff,JFK,22R,1779886737.58,2026-05-27T12:58:57Z,40.647766,-73.765488,210.9,ab43c6,N825DN,B739,BOEING 737-900,0
landing,LGA,22,1779886754.96,2026-05-27T12:59:14Z,40.774372,-73.879745,199.7,a07fa6,N131HQ,E75L,EMBRAER ERJ-170-200 (long wing),0
landing,JFK,22L,1779886789.79,2026-05-27T12:59:49Z,40.633004,-73.764985,233.4,a22ac6,N239JQ,E75L,EMBRAER ERJ-170-200 (long wing),0
takeoff,JFK,22R,1779886795.2,2026-05-27T12:59:55Z,40.648201,-73.765152,210.9,a7a8ed,N593DX,A21N,,0
landing,LGA,22,1779886840.74,2026-05-27T13:00:40Z,40.775128,-73.879186,210.9,abbb77,N855RW,E170,EMBRAER ERJ-170-100,0
takeoff,JFK,22R,1779886865.6,2026-05-27T13:01:05Z,40.647675,-73.765549,210.9,a6492f,N504DZ,A21N,AIRBUS A-321neo,0
landing,LGA,22,1779886902.95,2026-05-27T13:01:42Z,40.777187,-73.877518,208.1,a21142,N232PQ,CRJ9,BOMBARDIER Regional Jet CRJ-900,0
landing,LGA,22,1779886974.11,2026-05-27T13:02:54Z,40.775431,-73.878968,210.9,ac671b,N899DN,B739,BOEING 737-900,0
takeoff,JFK,22R,1779886983.56,2026-05-27T13:03:03Z,40.647447,-73.765734,210.9,a32ad5,N303DU,BCS3,AIRBUS A220-300,0
takeoff,JFK,22R,1779887048.46,2026-05-27T13:04:08Z,40.646656,-73.766357,210.9,a1b2ee,N2086J,A21N,AIRBUS A-321neo,0
takeoff,LGA,31,1779887064.58,2026-05-27T13:04:24Z,40.772827,-73.858688,300.9,a399e4,N331DU,BCS3,,0
landing,LGA,22,1779887066.57,2026-05-27T13:04:26Z,40.773767,-73.880326,213.8,a23fb2,N244JQ,E75L,EMBRAER ERJ-170-200 (long wing),0
takeoff,JFK,22R,1779887094.13,2026-05-27T13:04:54Z,40.648853,-73.764633,205.3,a2000d,N228PQ,CRJ9,BOMBARDIER Regional Jet CRJ-900,0
takeoff,JFK,04L,1779887126.92,2026-05-27T13:05:26Z,40.650171,-73.765906,30.9,a1e946,N222JQ,E75L,EMBRAER ERJ-170-200 (long wing),0
takeoff,LGA,31,1779887129.04,2026-05-27T13:05:29Z,40.772472,-73.857956,300.9,a1a924,N206JQ,E75L,EMBRAER ERJ-170-200 (long wing),0
landing,LGA,22,1779887130.87,2026-05-27T13:05:30Z,40.774803,-73.879452,208.1,a50cb7,N424YX,E75L,EMBRAER ERJ-170-200 (long wing),0
takeoff,JFK,22R,1779887163.2,2026-05-27T13:06:03Z,40.646539,-73.766436,210.9,a7dde1,N606DN,A21N,AIRBUS A-321neo,0
landing,LGA,22,1779887205.04,2026-05-27T13:06:45Z,40.775814,-73.878662,210.9,c052e0,C-GFJZ,CRJ7,BOMBARDIER Regional Jet CRJ-700,0
takeoff,LGA,31,1779887212.44,2026-05-27T13:06:52Z,40.774093,-73.861318,300.9,a14c70,N183GJ,CRJ9,BOMBARDIER Regional Jet CRJ-900,0
takeoff,JFK,22R,1779887223.39,2026-05-27T13:07:03Z,40.6474,-73.765762,210.9,a69f88,N526DE,A21N,AIRBUS A-321neo,0
takeoff,LGA,13,1779887265.93,2026-05-27T13:07:45Z,40.771877,-73.860641,120.9,ac671b,N899DN,B739,BOEING 737-900,0
takeoff,LGA,31,1779887269.34,2026-05-27T13:07:49Z,40.772289,-73.857574,303.8,a22358,N237JQ,E75L,EMBRAER ERJ-170-200 (long wing),0
landing,LGA,22,1779887276.2,2026-05-27T13:07:56Z,40.775198,-73.879155,213.8,a05bde,N122HQ,E75L,EMBRAER ERJ-170-200 (long wing),0
takeoff,LGA,04,1779887297.34,2026-05-27T13:08:17Z,40.776077,-73.876602,75.9,c052e0,C-GFJZ,CRJ7,BOMBARDIER Regional Jet CRJ-700,0
landing,JFK,22L,1779887308.14,2026-05-27T13:08:28Z,40.633095,-73.764359,210.9,ae123f,04-4134,C17,Boeing C-17A Globemaster III,1
landing,LGA,22,1779887351.49,2026-05-27T13:09:11Z,40.778364,-73.876518,213.8,acc7ae,N922XJ,CRJ9,BOMBARDIER Regional Jet CRJ-900,0
takeoff,LGA,31,1779887362.02,2026-05-27T13:09:22Z,40.772731,-73.858478,300.9,abaafe,N8509U,B738,BOEING 737-800,0
takeoff,JFK,22R,1779887382.03,2026-05-27T13:09:42Z,40.647457,-73.765717,210.9,acb2c2,N917XJ,CRJ9,BOMBARDIER Regional Jet CRJ-900,0
landing,LGA,22,1779887426.04,2026-05-27T13:10:26Z,40.77562,-73.878815,210.9,a26fc9,N256WN,B737,BOEING 737-700,0
takeoff,LGA,31,1779887426.04,2026-05-27T13:10:26Z,40.772475,-73.857963,300.9,a0232a,N108HQ,E75L,EMBRAER ERJ-170-200 (long wing),0
takeoff,LGA,31,1779887488.67,2026-05-27T13:11:28Z,40.772278,-73.857544,300.9,a33339,N305PQ,CRJ9,BOMBARDIER Regional Jet CRJ-900,0
takeoff,JFK,22R,1779887489.83,2026-05-27T13:11:29Z,40.648808,-73.764664,213.8,a5e02d,N478PX,CRJ9,BOMBARDIER Regional Jet CRJ-900,0
landing,LGA,22,1779887532.24,2026-05-27T13:12:12Z,40.776967,-73.877704,210.9,a422f7,N366DX,A321,AIRBUS A-321,0
takeoff,LGA,04,1779887556.06,2026-05-27T13:12:36Z,40.775471,-73.877411,33.8,a26fc9,N256WN,B737,BOEING 737-700,0
takeoff,JFK,04L,1779887556.59,2026-05-27T13:12:36Z,40.650158,-73.765915,30.9,c02e91,C-FRQM,E75S,EMBRAER ERJ-170-200 (short wing),0
takeoff,JFK,22R,1779887569.52,2026-05-27T13:12:49Z,40.64647,-73.766467,210.9,a4c2ad,N4058J,A21N,AIRBUS A-321neo,0
landing,JFK,22L,1779887573.33,2026-05-27T13:12:53Z,40.633563,-73.763986,210.9,a39338,N3298J,,,0
takeoff,LGA,31,1779887594.87,2026-05-27T13:13:14Z,40.772254,-73.857495,300.9,ada699,N979RP,E170,EMBRAER ERJ-170-100,0
takeoff,JFK,22R,1779887621.7,2026-05-27T13:13:41Z,40.648098,-73.765228,210.9,aca79d,N914XJ,CRJ9,BOMBARDIER Regional Jet CRJ-900,0
takeoff,LGA,31,1779887676.3,2026-05-27T13:14:36Z,40.772312,-73.857573,300.9,a9d5e4,N73275,B738,BOEING 737-800,0
takeoff,JFK,04L,1779887679.52,2026-05-27T13:14:39Z,40.650204,-73.765869,30.9,a0144e,N104HQ,E75L,EMBRAER ERJ-170-200 (long wing),0
takeoff,JFK,22R,1779887689.51,2026-05-27T13:14:49Z,40.647412,-73.765749,210.9,a36799,N3185J,BCS3,AIRBUS A220-300,0
landing,JFK,22L,1779887693.72,2026-05-27T13:14:53Z,40.637357,-73.761068,210.9,a6dfaa,N542DE,A21N,AIRBUS A-321neo,0
takeoff,LGA,31,1779887732.25,2026-05-27T13:15:32Z,40.772219,-73.857417,303.8,a89d22,N654RW,E170,EMBRAER ERJ-170-100,0
takeoff,LGA,13,1779887751.1,2026-05-27T13:15:51Z,40.771695,-73.858696,120.9,ab3d17,N823MD,E170,EMBRAER ERJ-170-100,0
takeoff,JFK,22R,1779887804.55,2026-05-27T13:16:44Z,40.647652,-73.765564,210.9,ad734a,N966JT,A321,AIRBUS A-321,0
takeoff,LGA,31,1779887814.41,2026-05-27T13:16:54Z,40.772265,-73.857542,306.6,a44308,N374DX,A321,AIRBUS A-321,0
landing,LGA,04,1779887903.21,2026-05-27T13:18:23Z,40.771523,-73.880676,30.9,c00b71,C-FEIQ,E75S,EMBRAER ERJ-170-200 (short wing),0
landing,JFK,22L,1779887972.25,2026-05-27T13:19:32Z,40.63276,-73.76461,212.4,e8027b,CC-BBG,B788,BOEING 787-8 Dreamliner,0
takeoff,JFK,22R,1779887976.61,2026-05-27T13:19:36Z,40.64846,-73.764938,210.9,a4414a,N3730B,B738,BOEING 737-800,0
takeoff,JFK,22R,1779888035.29,2026-05-27T13:20:35Z,40.64922,-73.764343,210.9,a12861,N174DN,B763,BOEING 767-300,0
landing,LGA,04,1779888044.81,2026-05-27T13:20:44Z,40.774029,-73.878616,33.8,a02cf1,N110HQ,E75L,EMBRAER ERJ-170-200 (long wing),0
landing,LGA,22,1779888077.84,2026-05-27T13:21:17Z,40.776897,-73.877735,210.9,a01b56,N106DN,A321,AIRBUS A-321,0
takeoff,JFK,22R,1779888135.78,2026-05-27T13:22:15Z,40.647629,-73.765594,210.9,a80d40,N618JB,A320,AIRBUS A-320,0
takeoff,LGA,31,1779888199.19,2026-05-27T13:23:19Z,40.772254,-73.857479,300.9,abc2e5,N857RW,E170,EMBRAER ERJ-170-100,0
landing,LGA,22,1779888280.36,2026-05-27T13:24:40Z,40.775047,-73.879272,210.9,ac1951,N879RW,E170,EMBRAER ERJ-170-100,0
takeoff,JFK,22R,1779888308.54,2026-05-27T13:25:08Z,40.646702,-73.766311,210.9,aacf19,N796JB,A320,AIRBUS A-320,0
takeoff,JFK,22R,1779888383.25,2026-05-27T13:26:23Z,40.647866,-73.765406,210.9,a455ea,N379HA,A332,AIRBUS A-330-200,0
landing,JFK,22L,1779888420.44,2026-05-27T13:27:00Z,40.632626,-73.765778,241.9,a55f6c,N445YX,E75L,EMBRAER ERJ-170-200 (long wing),0
takeoff,LGA,13,1779888473.93,2026-05-27T13:27:53Z,40.775431,-73.867919,129.4,ac1951,N879RW,E170,EMBRAER ERJ-170-100,0
landing,JFK,22L,1779888487.36,2026-05-27T13:28:07Z,40.635099,-73.762816,210.9,a33ca9,N3077J,BCS3,AIRBUS A220-300,0
takeoff,JFK,22R,1779888488.11,2026-05-27T13:28:08Z,40.647913,-73.765359,208.1,a3a9b6,N335PQ,CRJ9,BOMBARDIER Regional Jet CRJ-900,0
takeoff,LGA,31,1779888501.24,2026-05-27T13:28:21Z,40.772521,-73.858025,303.8,ad4389,N954AF,PC12,PILATUS PC-12,0
takeoff,LGA,31,1779888538.89,2026-05-27T13:28:58Z,40.772232,-73.857452,303.8,abd063,N860RW,E170,EMBRAER ERJ-170-100,0
takeoff,JFK,22R,1779888539.92,2026-05-27T13:28:59Z,40.648624,-73.764801,210.9,a5f162,N482PX,CRJ9,BOMBARDIER Regional Jet CRJ-900,0
landing,JFK,22L,1779888571.78,2026-05-27T13:29:31Z,40.634811,-73.763016,210.9,ac259b,N882DN,B739,BOEING 737-900,0
takeoff,JFK,22R,1779888602.1,2026-05-27T13:30:02Z,40.647411,-73.765762,210.9,a72b6b,N561JB,A320,AIRBUS A-320,0
landing,LGA,22,1779888614.47,2026-05-27T13:30:14Z,40.777293,-73.877423,213.8,a43f51,N373DX,A321,AIRBUS A-321,0
landing,JFK,22L,1779888654.43,2026-05-27T13:30:54Z,40.635853,-73.762207,210.9,a48e3a,N393DA,B738,BOEING 737-800,0
landing,LGA,22,1779888732.69,2026-05-27T13:32:12Z,40.774487,-73.8797,205.3,ab40ce,N824MD,E170,EMBRAER ERJ-170-100,0
takeoff,JFK,22R,1779888779.21,2026-05-27T13:32:59Z,40.646862,-73.76619,210.9,a3d4c6,N346NB,A319,AIRBUS A-319,0
landing,LGA,22,1779888789.16,2026-05-27T13:33:09Z,40.775955,-73.878531,213.8,ab8031,N840DN,B739,BOEING 737-900,0
takeoff,LGA,13,1779888803.6,2026-05-27T13:33:23Z,40.772141,-73.859619,123.8,a44d62,N3767,B738,BOEING 737-800,0
landing,JFK,22L,1779888832.01,2026-05-27T13:33:52Z,40.633335,-73.764389,225.0,a5fc87,N485PX,CRJ9,BOMBARDIER Regional Jet CRJ-900,0
landing,LGA,22,1779888871.92,2026-05-27T13:34:31Z,40.778166,-73.87669,213.8,a35254,N313DU,BCS3,AIRBUS A220-300,0
takeoff,JFK,22R,1779888881.93,2026-05-27T13:34:41Z,40.648495,-73.764907,210.9,a1a435,N2047J,A21N,AIRBUS A-321neo,0
landing,JFK,22L,1779888926.38,2026-05-27T13:35:26Z,40.633551,-73.764033,210.9,a67805,N516DA,A21N,AIRBUS A-321neo,0
takeoff,JFK,22R,1779888959.13,2026-05-27T13:35:59Z,40.646074,-73.766795,210.9,a35854,N3142J,BCS3,AIRBUS A220-300,0
landing,LGA,22,1779888960.32,2026-05-27T13:36:00Z,40.776618,-73.877985,210.9,acb679,N918XJ,CRJ9,BOMBARDIER Regional Jet CRJ-900,0
takeoff,LGA,13,1779888992.32,2026-05-27T13:36:32Z,40.776502,-73.870104,120.9,ab8031,N840DN,B739,BOEING 737-900,0
takeoff,JFK,22R,1779889012.94,2026-05-27T13:36:52Z,40.646842,-73.766218,210.9,a78cfc,N586JB,A320,AIRBUS A-320,0
takeoff,LGA,13,1779889015.89,2026-05-27T13:36:55Z,40.77198,-73.859299,123.8,ad44f2,N954QS,C680,CESSNA 680 Citation Sovereign,0
takeoff,LGA,13,1779889015.89,2026-05-27T13:36:55Z,40.771416,-73.858259,123.8,ab0a95,N810NN,B738,BOEING 737-800,0
takeoff,JFK,22R,1779889167.24,2026-05-27T13:39:27Z,40.64761,-73.765593,210.9,a86605,N640JB,A320,AIRBUS A-320,0
takeoff,JFK,22R,1779889229.91,2026-05-27T13:40:29Z,40.64846,-73.764922,210.9,a34e01,N3118J,BCS3,AIRBUS A220-300,0
takeoff,LGA,13,1779889247.64,2026-05-27T13:40:47Z,40.775373,-73.867794,133.7,a25678,N25PP,C56X,CESSNA 560XL Citation XLS,0
landing,JFK,13R,1779889264.17,2026-05-27T13:41:04Z,40.64835,-73.810699,120.9,a4d849,N411EP,SR22,,0
landing,JFK,22L,1779889271.32,2026-05-27T13:41:11Z,40.635867,-73.762176,210.9,a2c93f,N279PQ,CRJ9,BOMBARDIER Regional Jet CRJ-900,0
landing,LGA,22,1779889289.07,2026-05-27T13:41:29Z,40.775803,-73.878647,210.9,a09961,N138EV,CRJ9,BOMBARDIER Regional Jet CRJ-900,0
takeoff,LGA,13,1779889305.52,2026-05-27T13:41:45Z,40.771497,-73.858306,123.8,ab1d06,N815MD,E170,EMBRAER ERJ-170-100,0
takeoff,JFK,22R,1779889310.36,2026-05-27T13:41:50Z,40.646016,-73.766842,210.9,a392f2,N3296J,BCS3,AIRBUS A220-300,0
takeoff,JFK,22R,1779889363.41,2026-05-27T13:42:43Z,40.64748,-73.765686,210.9,a03765,N113AN,A321,AIRBUS A-321,0
landing,LGA,22,1779889386.03,2026-05-27T13:43:06Z,40.774907,-73.879389,210.9,ac26cf,N882RW,E170,EMBRAER ERJ-170-100,0
takeoff,LGA,13,1779889444.57,2026-05-27T13:44:04Z,40.771637,-73.858566,120.9,a52cc8,N432YX,E75L,EMBRAER ERJ-170-200 (long wing),0
landing,LGA,22,1779889449.43,2026-05-27T13:44:09Z,40.777439,-73.877304,210.9,a35efa,N316VD,B38M,BOEING 737 MAX 8,0
landing,JFK,22L,1779889467.11,2026-05-27T13:44:27Z,40.633505,-73.764205,222.2,a4d65c,N410YX,E75L,EMBRAER ERJ-170-200 (long wing),0
takeoff,LGA,13,1779889485.65,2026-05-27T13:44:45Z,40.775315,-73.867701,126.6,a09961,N138EV,CRJ9,BOMBARDIER Regional Jet CRJ-900,0
takeoff,JFK,22R,1779889507.1,2026-05-27T13:45:07Z,40.647564,-73.765625,210.9,a373b7,N321TG,B38M,BOEING 737 MAX 8,0
landing,LGA,22,1779889530.25,2026-05-27T13:45:30Z,40.774803,-73.879467,210.9,adb014,N981NN,B738,BOEING 737-800,0
landing,JFK,22L,1779889598.84,2026-05-27T13:46:38Z,40.635452,-73.762527,210.9,abba43,N855DN,B739,BOEING 737-900,0
landing,LGA,22,1779889620.52,2026-05-27T13:47:00Z,40.774967,-73.879349,210.9,a45586,N379DA,B738,BOEING 737-800,0
takeoff,JFK,22R,1779889650.94,2026-05-27T13:47:30Z,40.646542,-73.766434,210.9,0c20ba,HP-1848CMP,B738,BOEING 737-800,0
takeoff,LGA,31,1779889697.27,2026-05-27T13:48:17Z,40.77237,-73.857729,300.9,a47d11,N389DN,A321,AIRBUS A-321,0
landing,LGA,22,1779889719.96,2026-05-27T13:48:39Z,40.777444,-73.877314,213.8,abbd47,N8557Q,B738,BOEING 737-800,0
landing,JFK,22L,1779889734.65,2026-05-27T13:48:54Z,40.633761,-73.763924,219.4,c00b8a,C-FEJP,E75S,EMBRAER ERJ-170-200 (short wing),0
takeoff,JFK,22R,1779889737.93,2026-05-27T13:48:57Z,40.632648,-73.777298,208.1,a4d849,N411EP,SR22,,0
landing,JFK,22L,1779889815.69,2026-05-27T13:50:15Z,40.632717,-73.764633,210.9,394a08,F-GSQI,B77W,BOEING 777-300ER,0
takeoff,LGA,13,1779889910.97,2026-05-27T13:51:50Z,40.774635,-73.866455,123.8,a3661f,N318SF,B38M,BOEING 737 MAX 8,0
landing,LGA,22,1779889920.15,2026-05-27T13:52:00Z,40.775299,-73.879074,210.9,a5255a,N430YX,E75L,EMBRAER ERJ-170-200 (long wing),0
takeoff,LGA,13,1779889928.99,2026-05-27T13:52:08Z,40.775322,-73.867752,132.2,a45586,N379DA,B738,BOEING 737-800,0
landing,JFK,22L,1779889957.36,2026-05-27T13:52:37Z,40.632795,-73.76461,210.9,010283,SU-GGE,A359,AIRBUS A-350-900,0
landing,LGA,22,1779889976.92,2026-05-27T13:52:56Z,40.775571,-73.878843,210.9,ac01d3,N873DN,B739,BOEING 737-900,0
takeoff,JFK,22R,1779890008.6,2026-05-27T13:53:28Z,40.647388,-73.765747,210.9,a9d286,N732AN,B77W,BOEING 777-300ER,0
landing,LGA,22,1779890116.03,2026-05-27T13:55:16Z,40.774407,-73.879733,205.3,a1fbd9,N227JQ,E75L,EMBRAER ERJ-170-200 (long wing),0
takeoff,JFK,22R,1779890171.02,2026-05-27T13:56:11Z,40.647401,-73.765749,210.9,a398bc,N3304J,,,0
landing,LGA,22,1779890194.47,2026-05-27T13:56:34Z,40.775539,-73.878876,208.1,a336f0,N306PQ,CRJ9,BOMBARDIER Regional Jet CRJ-900,0
landing,LGA,22,1779890247.78,2026-05-27T13:57:27Z,40.774612,-73.879608,210.9,a39fb7,N33209,B738,BOEING 737-800,0
landing,JFK,22L,1779890289.34,2026-05-27T13:58:09Z,40.634017,-73.763643,213.8,a19691,N201JQ,E75L,EMBRAER ERJ-170-200 (long wing),0
takeoff,LGA,13,1779890294.46,2026-05-27T13:58:14Z,40.775559,-73.868122,123.8,a1fbd9,N227JQ,E75L,EMBRAER ERJ-170-200 (long wing),0
landing,JFK,22L,1779890367.27,2026-05-27T13:59:27Z,40.633633,-73.763924,210.9,ac5920,N895NN,B738,BOEING 737-800,0
takeoff,JFK,22R,1779890375.38,2026-05-27T13:59:35Z,40.647503,-73.765686,210.9,aab2bf,N789JB,A320,AIRBUS A-320,0
takeoff,LGA,31,1779890419.06,2026-05-27T14:00:19Z,40.772487,-73.857994,300.9,abe2f6,N865RW,E170,EMBRAER ERJ-170-100,0
takeoff,JFK,22R,1779890429.73,2026-05-27T14:00:29Z,40.647984,-73.765305,210.9,acaf0b,N916XJ,CRJ9,BOMBARDIER Regional Jet CRJ-900,0
takeoff,JFK,22R,1779890500.68,2026-05-27T14:01:40Z,40.639731,-73.771758,210.9,ab53e4,N829SK,CRJ9,BOMBARDIER Regional Jet CRJ-900,0
landing,LGA,22,1779890522.01,2026-05-27T14:02:02Z,40.775978,-73.8785,210.9,ab0a73,N810MD,E170,EMBRAER ERJ-170-100,0
landing,JFK,22L,1779890572.22,2026-05-27T14:02:52Z,40.632591,-73.765839,241.9,adabfe,N980JT,A321,AIRBUS A-321,0
takeoff,LGA,31,1779890576.02,2026-05-27T14:02:56Z,40.772266,-73.857529,300.9,ac4210,N8893L,B38M,BOEING 737 MAX 8,0
takeoff,LGA,31,1779890663.57,2026-05-27T14:04:23Z,40.772255,-73.857529,309.4,c060be,C-GKQN,E295,EMBRAER ERJ-190-400,0
takeoff,JFK,22R,1779890689.3,2026-05-27T14:04:49Z,40.646365,-73.766577,210.9,ad8bed,N972JT,A321,AIRBUS A-321,0
landing,LGA,04,1779890712.56,2026-05-27T14:05:12Z,40.770671,-73.881434,47.8,a0345f,N112HQ,E75L,EMBRAER ERJ-170-200 (long wing),0
takeoff,LGA,31,1779890738.8,2026-05-27T14:05:38Z,40.772209,-73.857391,300.9,a07fa6,N131HQ,E75L,EMBRAER ERJ-170-200 (long wing),0
landing,JFK,22L,1779890744.78,2026-05-27T14:05:44Z,40.636833,-73.761442,210.9,a7a17b,N591DT,A21N,AIRBUS A-321neo,0
landing,LGA,22,1779890761.61,2026-05-27T14:06:01Z,40.774532,-73.879639,205.3,a4c170,N405YX,E75L,EMBRAER ERJ-170-200 (long wing),0
takeoff,JFK,04L,1779890775.54,2026-05-27T14:06:15Z,40.649265,-73.766602,36.6,ab6162,N832SK,CRJ9,BOMBARDIER Regional Jet CRJ-900,0
takeoff,LGA,04,1779890790.46,2026-05-27T14:06:30Z,40.775791,-73.877167,33.8,a0345f,N112HQ,E75L,EMBRAER ERJ-170-200 (long wing),0
takeoff,JFK,22R,1779890819.45,2026-05-27T14:06:59Z,40.646062,-73.766811,210.9,ad2445,N946JL,A321,AIRBUS A-321,0
landing,LGA,22,1779890828.57,2026-05-27T14:07:08Z,40.776339,-73.878188,210.9,ac81cc,N905AN,B738,BOEING 737-800,0
landing,LGA,22,1779890904.44,2026-05-27T14:08:24Z,40.776909,-73.877735,213.8,a46e40,N385DZ,A321,AIRBUS A-321,0
takeoff,JFK,22R,1779890909.68,2026-05-27T14:08:29Z,40.647114,-73.765991,210.9,ad2095,N945JT,A321,AIRBUS A-321,0
landing,JFK,22L,1779890940.86,2026-05-27T14:09:00Z,40.633095,-73.764374,210.9,4ba94e,TC-JJN,B77W,BOEING 777-300ER,0
landing,LGA,22,1779891001.47,2026-05-27T14:10:01Z,40.77429,-73.879701,199.7,abd7d1,N862RW,E170,EMBRAER ERJ-170-100,0
takeoff,JFK,22R,1779891024.75,2026-05-27T14:10:24Z,40.646749,-73.766264,210.9,a30f85,N297AK,B739,BOEING 737-900,0
takeoff,JFK,04L,1779891040.94,2026-05-27T14:10:40Z,40.65102,-73.765094,64.7,a1f0b4,N224JQ,E75L,EMBRAER ERJ-170-200 (long wing),0
landing,JFK,22L,1779891048.29,2026-05-27T14:10:48Z,40.630554,-73.766556,222.2,71c045,HL8045,B77L,BOEING 777-200LR,0
takeoff,LGA,13,1779891089.93,2026-05-27T14:11:29Z,40.771648,-73.858597,123.8,a05bde,N122HQ,E75L,EMBRAER ERJ-170-200 (long wing),0
landing,LGA,22,1779891090.82,2026-05-27T14:11:30Z,40.774326,-73.879776,196.9,a24720,N246JQ,E75L,EMBRAER ERJ-170-200 (long wing),0
landing,LGA,22,1779891134.36,2026-05-27T14:12:14Z,40.775139,-73.879181,210.9,a45f64,N381DZ,A321,AIRBUS A-321,0
landing,JFK,22L,1779891193.28,2026-05-27T14:13:13Z,40.630772,-73.766312,216.6,4075b4,G-VPOP,A35K,AIRBUS A-350-1000,0
landing,LGA,22,1779891222.93,2026-05-27T14:13:42Z,40.774954,-73.879327,210.9,a4fddb,N420YX,E75L,EMBRAER ERJ-170-200 (long wing),0
takeoff,JFK,04L,1779891275.85,2026-05-27T14:14:35Z,40.651008,-73.765125,59.1,a1d0a3,N216JQ,E75L,EMBRAER ERJ-170-200 (long wing),0
landing,JFK,22L,1779891300.6,2026-05-27T14:15:00Z,40.633015,-73.764435,210.9,ac85ce,N906DN,B739,BOEING 737-900,0
takeoff,LGA,31,1779891328.62,2026-05-27T14:15:28Z,40.772243,-73.857468,300.9,a23fb2,N244JQ,E75L,EMBRAER ERJ-170-200 (long wing),0
takeoff,JFK,22R,1779891375.09,2026-05-27T14:16:15Z,40.646553,-73.766434,210.9,a9cecd,N731AL,B39M,BOEING 737 MAX 9,0
landing,JFK,22L,1779891384.08,2026-05-27T14:16:24Z,40.63667,-73.761567,210.9,71c362,HL8362,A359,AIRBUS A-350-900,0
takeoff,LGA,31,1779891428.57,2026-05-27T14:17:08Z,40.772598,-73.858231,303.8,ad9edf,N977NN,B738,BOEING 737-800,0
takeoff,LGA,13,1779891459.61,2026-05-27T14:17:39Z,40.771889,-73.860687,123.8,a45f64,N381DZ,A321,AIRBUS A-321,0
takeoff,JFK,22R,1779891482.51,2026-05-27T14:18:02Z,40.647028,-73.766062,210.9,acad02,N916AN,B738,BOEING 737-800,0
takeoff,LGA,31,1779891484.79,2026-05-27T14:18:04Z,40.772207,-73.857401,303.8,a50cb7,N424YX,E75L,EMBRAER ERJ-170-200 (long wing),0
landing,LGA,22,1779891509.98,2026-05-27T14:18:29Z,40.774744,-73.879514,210.9,a1e1d8,N220JQ,E75L,EMBRAER ERJ-170-200 (long wing),0
landing,JFK,22L,1779891532.65,2026-05-27T14:18:52Z,40.63353,-73.764038,210.9,ade609,N995JL,A321,AIRBUS A-321,0
takeoff,JFK,22R,1779891548.48,2026-05-27T14:19:08Z,40.646336,-73.766602,210.9,a35592,N3139J,BCS3,AIRBUS A220-300,0
takeoff,LGA,31,1779891629.13,2026-05-27T14:20:29Z,40.772198,-73.857407,303.8,a05827,N121HQ,E75L,EMBRAER ERJ-170-200 (long wing),0
landing,JFK,22L,1779891645.12,2026-05-27T14:20:45Z,40.631538,-73.76561,213.8,a6152a,N491PX,CRJ9,BOMBARDIER Regional Jet CRJ-900,0
takeoff,JFK,22R,1779891663.44,2026-05-27T14:21:03Z,40.647949,-73.765335,210.9,ac8289,N905JB,A321,AIRBUS A-321,0
takeoff,JFK,04L,1779891671.57,2026-05-27T14:21:11Z,40.651016,-73.765121,61.9,a08e82,N135HQ,E75L,EMBRAER ERJ-170-200 (long wing),0
landing,LGA,22,1779891710.51,2026-05-27T14:21:50Z,40.77514,-73.879186,210.9,a1e58f,N221JQ,E75L,EMBRAER ERJ-170-200 (long wing),0
landing,JFK,22L,1779891721.4,2026-05-27T14:22:01Z,40.635853,-73.762207,210.9,acc040,N920XJ,CRJ9,BOMBARDIER Regional Jet CRJ-900,0
takeoff,JFK,22R,1779891765.8,2026-05-27T14:22:45Z,40.646586,-73.766389,210.9,a8df4b,N6709,B752,BOEING 757-200,0
takeoff,LGA,31,1779891779.4,2026-05-27T14:22:59Z,40.772603,-73.858213,300.9,a43e5c,N37253,B738,BOEING 737-800,0
takeoff,LGA,13,1779891787.45,2026-05-27T14:23:07Z,40.774841,-73.866867,123.8,a1e1d8,N220JQ,E75L,EMBRAER ERJ-170-200 (long wing),0
landing,JFK,22L,1779891848.36,2026-05-27T14:24:08Z,40.632353,-73.764922,210.9,ac22c5,N881NN,B738,BOEING 737-800,0
takeoff,JFK,22R,1779891943.57,2026-05-27T14:25:43Z,40.646187,-73.766724,210.9,780abc,B-LRQ,A359,AIRBUS A-350-900,0
landing,LGA,22,1779891972.88,2026-05-27T14:26:12Z,40.776718,-73.877899,210.9,a93d7c,N695CA,CRJ9,BOMBARDIER Regional Jet CRJ-900,0
takeoff,JFK,22R,1779892051.86,2026-05-27T14:27:31Z,40.649094,-73.764435,210.9,ac801e,N904XJ,CRJ9,BOMBARDIER Regional Jet CRJ-900,0
landing,LGA,22,1779892090.13,2026-05-27T14:28:10Z,40.773499,-73.88056,213.8,a05f95,N123HQ,E75L,EMBRAER ERJ-170-200 (long wing),0
takeoff,JFK,22R,1779892117.0,2026-05-27T14:28:37Z,40.646587,-73.766403,210.9,a13748,N178DZ,B763,BOEING 767-300,0
takeoff,LGA,13,1779892178.63,2026-05-27T14:29:38Z,40.775175,-73.867513,129.4,a93d7c,N695CA,CRJ9,BOMBARDIER Regional Jet CRJ-900,0
landing,LGA,22,1779892187.09,2026-05-27T14:29:47Z,40.775582,-73.878812,213.8,a8996b,N653RW,E170,EMBRAER ERJ-170-100,0
takeoff,JFK,22R,1779892255.08,2026-05-27T14:30:55Z,40.646152,-73.766739,210.9,aa589c,N766JB,A320,AIRBUS A-320,0
landing,JFK,22L,1779892274.73,2026-05-27T14:31:14Z,40.630898,-73.76614,213.8,4005bf,G-VIIG,B772,BOEING 777-200,0
landing,LGA,22,1779892280.85,2026-05-27T14:31:20Z,40.774429,-73.879791,213.8,a08714,N133HQ,E75L,EMBRAER ERJ-170-200 (long wing),0
takeoff,LGA,31,1779892281.05,2026-05-27T14:31:21Z,40.772266,-73.857498,300.9,c00b71,C-FEIQ,E75S,EMBRAER ERJ-170-200 (short wing),0
takeoff,JFK,22R,1779892307.51,2026-05-27T14:31:47Z,40.646539,-73.766436,210.9,aae582,N8009T,A319,AIRBUS A-319,0
takeoff,LGA,13,1779892312.56,2026-05-27T14:31:52Z,40.77182,-73.858948,120.9,a08acb,N134HQ,E75L,EMBRAER ERJ-170-200 (long wing),0
landing,LGA,22,1779892329.01,2026-05-27T14:32:09Z,40.776874,-73.877782,210.9,c007d0,C-FCYX,A320,AIRBUS A-320,0
takeoff,JFK,22R,1779892354.01,2026-05-27T14:32:34Z,40.648227,-73.76511,213.8,ab4c76,N827SK,CRJ9,BOMBARDIER Regional Jet CRJ-900,0
landing,LGA,22,1779892396.64,2026-05-27T14:33:16Z,40.777039,-73.877609,213.8,ac5eb4,N8956Q,B38M,BOEING 737 MAX 8,0
takeoff,LGA,13,1779892400.79,2026-05-27T14:33:20Z,40.771717,-73.858734,123.8,ac26cf,N882RW,E170,EMBRAER ERJ-170-100,0
takeoff,JFK,22R,1779892410.34,2026-05-27T14:33:30Z,40.647424,-73.765734,210.9,a1286c,N174DZ,B763,BOEING 767-300,0
landing,JFK,22L,1779892446.53,2026-05-27T14:34:06Z,40.633461,-73.764267,222.2,a0757f,N129DU,BCS1,AIRBUS A220-100,0
landing,LGA,22,1779892493.24,2026-05-27T14:34:53Z,40.77578,-73.878671,213.8,a39ada,N331PQ,CRJ9,BOMBARDIER Regional Jet CRJ-900,0
landing,JFK,22L,1779892520.78,2026-05-27T14:35:20Z,40.633404,-73.764313,225.0,a01bbc,N106HQ,E75L,EMBRAER ERJ-170-200 (long wing),0
takeoff,LGA,04,1779892584.45,2026-05-27T14:36:24Z,40.776192,-73.876709,64.7,a39ada,N331PQ,CRJ9,BOMBARDIER Regional Jet CRJ-900,0
takeoff,JFK,22R,1779892601.8,2026-05-27T14:36:41Z,40.646198,-73.766724,210.9,a3871e,N3261J,BCS3,,0
landing,LGA,22,1779892614.82,2026-05-27T14:36:54Z,40.771043,-73.882432,185.6,a866c7,N640RW,E170,EMBRAER ERJ-170-100,0
takeoff,LGA,31,1779892633.88,2026-05-27T14:37:13Z,40.772219,-73.857417,298.1,ab40ce,N824MD,E170,EMBRAER ERJ-170-100,0
landing,JFK,22L,1779892645.33,2026-05-27T14:37:25Z,40.632492,-73.76486,210.9,86951c,JA793A,B77W,BOEING 777-300ER,0
takeoff,JFK,22R,1779892661.17,2026-05-27T14:37:41Z,40.646819,-73.766218,210.9,ada227,N978JB,A321,AIRBUS A-321,0
landing,LGA,22,1779892712.08,2026-05-27T14:38:32Z,40.776684,-73.877945,210.9,a45592,N379DN,A321,AIRBUS A-321,0
landing,JFK,22L,1779892728.42,2026-05-27T14:38:48Z,40.63306,-73.764404,212.4,47b12e,LN-FNC,B789,BOEING 787-9 Dreamliner,0
takeoff,LGA,04,1779892749.04,2026-05-27T14:39:09Z,40.776083,-73.876674,73.1,a866c7,N640RW,E170,EMBRAER ERJ-170-100,0
takeoff,LGA,31,1779892758.86,2026-05-27T14:39:18Z,40.772254,-73.857479,300.9,abbb77,N855RW,E170,EMBRAER ERJ-170-100,0
takeoff,JFK,22R,1779892767.18,2026-05-27T14:39:27Z,40.646805,-73.766235,210.9,ad846f,N970JB,A321,AIRBUS A-321,0
takeoff,JFK,04L,1779892775.64,2026-05-27T14:39:35Z,40.651016,-73.765091,70.3,a55f6c,N445YX,E75L,EMBRAER ERJ-170-200 (long wing),0
takeoff,LGA,13,1779892777.27,2026-05-27T14:39:37Z,40.772415,-73.860199,123.8,a5255a,N430YX,E75L,EMBRAER ERJ-170-200 (long wing),0
landing,LGA,22,1779892800.12,2026-05-27T14:40:00Z,40.776257,-73.878281,210.9,ad7f96,N969WN,B737,BOEING 737-700,0
takeoff,JFK,22R,1779892824.41,2026-05-27T14:40:24Z,40.647901,-73.765375,210.9,a37fb0,N3241J,BCS3,AIRBUS A220-300,0
takeoff,LGA,31,1779892846.41,2026-05-27T14:40:46Z,40.772312,-73.857605,315.0,a35254,N313DU,BCS3,AIRBUS A220-300,0
landing,JFK,22L,1779892878.86,2026-05-27T14:41:18Z,40.635146,-73.762784,210.9,a4c96c,N4073J,A21N,AIRBUS A-321neo,0
takeoff,LGA,13,1779892925.5,2026-05-27T14:42:05Z,40.775396,-73.866421,123.8,a45592,N379DN,A321,AIRBUS A-321,0
landing,LGA,22,1779892985.91,2026-05-27T14:43:05Z,40.776752,-73.877853,210.9,a08317,N132EV,CRJ9,BOMBARDIER Regional Jet CRJ-900,0
takeoff,LGA,31,1779893046.35,2026-05-27T14:44:06Z,40.772289,-73.857574,303.8,acc7ae,N922XJ,CRJ9,BOMBARDIER Regional Jet CRJ-900,0
landing,LGA,22,1779893076.12,2026-05-27T14:44:36Z,40.776688,-73.877922,208.1,a17c12,N195PQ,CRJ9,BOMBARDIER Regional Jet CRJ-900,0
takeoff,JFK,22R,1779893095.04,2026-05-27T14:44:55Z,40.647692,-73.765531,210.9,ad8836,N971JT,A321,AIRBUS A-321,0
takeoff,LGA,31,1779893127.86,2026-05-27T14:45:27Z,40.772278,-73.857544,298.1,a21142,N232PQ,CRJ9,BOMBARDIER Regional Jet CRJ-900,0
takeoff,JFK,22R,1779893160.06,2026-05-27T14:46:00Z,40.647831,-73.765437,210.9,4cc4f1,TF-ISP,B763,BOEING 767-300,0
takeoff,LGA,31,1779893190.88,2026-05-27T14:46:30Z,40.772175,-73.857361,303.8,a02cf1,N110HQ,E75L,EMBRAER ERJ-170-200 (long wing),0
takeoff,LGA,13,1779893258.83,2026-05-27T14:47:38Z,40.775322,-73.866272,120.9,a08317,N132EV,CRJ9,BOMBARDIER Regional Jet CRJ-900,0
landing,JFK,22L,1779893274.06,2026-05-27T14:47:54Z,40.633701,-73.763885,210.9,76ceed,9V-SWM,B77W,BOEING 777-300ER,0
takeoff,JFK,22R,1779893286.73,2026-05-27T14:48:06Z,40.646249,-73.76667,210.9,ade252,N994JL,A321,AIRBUS A-321,0
takeoff,LGA,13,1779893311.87,2026-05-27T14:48:31Z,40.775654,-73.866974,123.8,ac74f9,N901XJ,CRJ9,BOMBARDIER Regional Jet CRJ-900,0
takeoff,JFK,22R,1779893350.24,2026-05-27T14:49:10Z,40.646919,-73.766144,210.9,a88774,N649JB,A320,AIRBUS A-320,0
landing,LGA,22,1779893395.68,2026-05-27T14:49:55Z,40.772906,-73.881418,247.5,a1cfdc,,,,
landing,JFK,22L,1779893419.27,2026-05-27T14:50:19Z,40.63512,-73.762787,210.9,a6cacb,N537DT,A21N,AIRBUS A-321neo,0
landing,LGA,22,1779893435.88,2026-05-27T14:50:35Z,40.77737,-73.87738,210.9,acc3f7,N921XJ,CRJ9,BOMBARDIER Regional Jet CRJ-900,0
takeoff,JFK,22R,1779893482.13,2026-05-27T14:51:22Z,40.646553,-73.766449,210.9,adafb5,N981JT,A321,AIRBUS A-321,0
landing,JFK,22L,1779893505.83,2026-05-27T14:51:45Z,40.632644,-73.76472,210.9,842370,JA09WJ,A35K,AIRBUS A-350-1000,0
landing,LGA,22,1779893533.24,2026-05-27T14:52:13Z,40.776684,-73.877914,213.8,ac83d5,N905XJ,CRJ9,BOMBARDIER Regional Jet CRJ-900,0
takeoff,LGA,13,1779893539.59,2026-05-27T14:52:19Z,40.775345,-73.866302,120.9,abbd47,N8557Q,B738,BOEING 737-800,0
takeoff,JFK,22R,1779893592.87,2026-05-27T14:53:12Z,40.648212,-73.765137,209.6,ab7fe6,N840AN,B789,BOEING 787-9 Dreamliner,0
takeoff,LGA,13,1779893636.19,2026-05-27T14:53:56Z,40.775443,-73.86653,120.9,acc3f7,N921XJ,CRJ9,BOMBARDIER Regional Jet CRJ-900,0
landing,LGA,22,1779893636.7,2026-05-27T14:53:56Z,40.774498,-73.879684,205.3,a21fa1,N236JQ,E75L,EMBRAER ERJ-170-200 (long wing),0
landing,JFK,22L,1779893709.33,2026-05-27T14:55:09Z,40.635157,-73.762769,210.9,a358bd,N3145J,BCS3,AIRBUS A220-300,0
takeoff,LGA,13,1779893732.38,2026-05-27T14:55:32Z,40.775489,-73.866624,123.8,ac83d5,N905XJ,CRJ9,BOMBARDIER Regional Jet CRJ-900,0
takeoff,JFK,22R,1779893769.84,2026-05-27T14:56:09Z,40.64875,-73.764709,210.9,a66239,N510JB,A320,AIRBUS A-320,0
landing,JFK,22L,1779893788.35,2026-05-27T14:56:28Z,40.633644,-73.763939,210.9,a37af8,N323RM,B38M,BOEING 737 MAX 8,0
takeoff,JFK,04L,1779893815.87,2026-05-27T14:56:55Z,40.6493,-73.766586,28.1,a2c93f,N279PQ,CRJ9,BOMBARDIER Regional Jet CRJ-900,0
landing,LGA,22,1779893831.53,2026-05-27T14:57:11Z,40.775242,-73.87912,210.9,ac0dd9,N876NN,B738,BOEING 737-800,0
takeoff,LGA,31,1779893863.61,2026-05-27T14:57:43Z,40.772266,-73.857544,306.6,acb679,N918XJ,CRJ9,BOMBARDIER Regional Jet CRJ-900,0
landing,JFK,22L,1779893874.23,2026-05-27T14:57:54Z,40.633919,-73.763718,210.9,a83108,N627JB,A320,AIRBUS A-320,0
landing,LGA,22,1779893978.63,2026-05-27T14:59:38Z,40.775196,-73.879166,213.8,a44e18,N377DA,B738,BOEING 737-800,0
takeoff,JFK,04L,1779894035.3,2026-05-27T15:00:35Z,40.650124,-73.765952,30.9,c00b8a,C-FEJP,E75S,EMBRAER ERJ-170-200 (short wing),0
takeoff,JFK,22R,1779894046.61,2026-05-27T15:00:46Z,40.647446,-73.765762,209.6,738103,4X-ERD,B788,BOEING 787-8 Dreamliner,0
landing,LGA,22,1779894065.51,2026-05-27T15:01:05Z,40.7767,-73.877922,210.9,abef98,N8685B,B738,BOEING 737-800,0
takeoff,JFK,22R,1779894152.27,2026-05-27T15:02:32Z,40.646493,-73.766499,210.9,a38b61,N3275J,BCS3,,0
takeoff,JFK,22R,1779894323.82,2026-05-27T15:05:23Z,40.646667,-73.766343,210.9,a446b6,N375DN,A321,AIRBUS A-321,0
takeoff,LGA,31,1779894328.94,2026-05-27T15:05:28Z,40.772346,-73.857712,306.6,a43f51,N373DX,A321,AIRBUS A-321,0
landing,JFK,22L,1779894380.51,2026-05-27T15:06:20Z,40.632889,-73.764542,210.9,a17b16,N195DN,B763,BOEING 767-300,0
landing,LGA,22,1779894395.35,2026-05-27T15:06:35Z,40.775419,-73.878968,213.8,a50900,N423YX,E75L,EMBRAER ERJ-170-200 (long wing),0
takeoff,LGA,13,1779894479.76,2026-05-27T15:07:59Z,40.771763,-73.858978,87.2,a24720,N246JQ,E75L,EMBRAER ERJ-170-200 (long wing),0
takeoff,JFK,22R,1779894570.28,2026-05-27T15:09:30Z,40.646109,-73.766779,210.9,aded77,N997JL,A321,AIRBUS A-321,0
landing,JFK,22L,1779894612.33,2026-05-27T15:10:12Z,40.632585,-73.764766,210.9,ab8862,N842MH,B764,BOEING 767-400,0
takeoff,JFK,22R,1779894626.47,2026-05-27T15:10:26Z,40.649228,-73.764345,210.9,a5fc87,N485PX,CRJ9,BOMBARDIER Regional Jet CRJ-900,0
takeoff,LGA,31,1779894636.44,2026-05-27T15:10:36Z,40.772207,-73.85737,300.9,a4fddb,N420YX,E75L,EMBRAER ERJ-170-200 (long wing),0
takeoff,JFK,22R,1779894688.82,2026-05-27T15:11:28Z,40.648602,-73.764832,210.9,a0f4a2,N1604R,B763,BOEING 767-300,0
takeoff,LGA,31,1779894711.32,2026-05-27T15:11:51Z,40.7723,-73.85762,303.8,a422f7,N366DX,A321,AIRBUS A-321,0
takeoff,JFK,04L,1779894781.65,2026-05-27T15:13:01Z,40.651016,-73.76506,73.1,a22ac6,N239JQ,E75L,EMBRAER ERJ-170-200 (long wing),0
landing,LGA,22,1779894892.96,2026-05-27T15:14:52Z,40.776546,-73.878052,210.9,ade543,N995AN,A321,AIRBUS A-321,0
takeoff,JFK,22R,1779894927.58,2026-05-27T15:15:27Z,40.647447,-73.765718,210.9,a48e3a,N393DA,B738,BOEING 737-800,0
takeoff,LGA,31,1779894954.79,2026-05-27T15:15:54Z,40.772242,-73.857432,331.9,a35efa,N316VD,B38M,BOEING 737 MAX 8,0
landing,LGA,04,1779895021.17,2026-05-27T15:17:01Z,40.770721,-73.881348,42.2,a4da13,N411YX,E75L,EMBRAER ERJ-170-200 (long wing),0
takeoff,JFK,22R,1779895022.88,2026-05-27T15:17:02Z,40.648338,-73.765045,210.9,ac259b,N882DN,B739,BOEING 737-900,0
landing,LGA,22,1779895061.28,2026-05-27T15:17:41Z,40.77571,-73.878734,210.9,a36994,N319PQ,CRJ9,BOMBARDIER Regional Jet CRJ-900,0
landing,LGA,22,1779895128.01,2026-05-27T15:18:48Z,40.77635,-73.878203,210.9,a475a3,N387DN,A321,AIRBUS A-321,0
landing,JFK,22L,1779895161.83,2026-05-27T15:19:21Z,40.632877,-73.764511,210.9,a5d87a,N476MC,B744,BOEING 747-400,0
landing,LGA,22,1779895203.92,2026-05-27T15:20:03Z,40.776164,-73.878375,210.9,a44cfd,N3764D,B738,BOEING 737-800,0
takeoff,LGA,31,1779895218.38,2026-05-27T15:20:18Z,40.772472,-73.857986,303.8,a01b56,N106DN,A321,AIRBUS A-321,0
landing,JFK,04L,1779895241.18,2026-05-27T15:20:41Z,40.641663,-73.7731,30.9,8963ea,A6-EOM,A388,AIRBUS A-380-800,0
takeoff,JFK,04L,1779895251.7,2026-05-27T15:20:51Z,40.649769,-73.76622,30.9,a6152a,N491PX,CRJ9,BOMBARDIER Regional Jet CRJ-900,0
takeoff,LGA,31,1779895282.63,2026-05-27T15:21:22Z,40.775035,-73.871462,326.2,a4da13,N411YX,E75L,EMBRAER ERJ-170-200 (long wing),0
takeoff,LGA,31,1779895293.31,2026-05-27T15:21:33Z,40.772209,-73.857422,303.8,a4c170,N405YX,E75L,EMBRAER ERJ-170-200 (long wing),0
landing,JFK,22L,1779895305.79,2026-05-27T15:21:45Z,40.632168,-73.765091,210.9,a4cc95,N408YX,E75L,EMBRAER ERJ-170-200 (long wing),0
landing,LGA,22,1779895318.32,2026-05-27T15:21:58Z,40.774931,-73.879389,208.1,a18380,N197PQ,CRJ9,BOMBARDIER Regional Jet CRJ-900,0
takeoff,JFK,22R,1779895319.65,2026-05-27T15:21:59Z,40.648774,-73.764688,210.9,80159f,VT-AEP,B77W,BOEING 777-300ER,0
takeoff,LGA,13,1779895355.65,2026-05-27T15:22:35Z,40.7715,-73.858276,120.9,a32893,N302US,B38M,BOEING 737 MAX 8,0
takeoff,LGA,31,1779895374.82,2026-05-27T15:22:54Z,40.772255,-73.857452,298.1,ab0a73,N810MD,E170,EMBRAER ERJ-170-100,0
takeoff,JFK,04L,1779895390.19,2026-05-27T15:23:10Z,40.649577,-73.766374,28.1,a4d65c,N410YX,E75L,EMBRAER ERJ-170-200 (long wing),0
landing,LGA,22,1779895393.21,2026-05-27T15:23:13Z,40.777025,-73.877657,210.9,a35e6f,N316PQ,CRJ9,BOMBARDIER Regional Jet CRJ-900,0
landing,LGA,22,1779895476.16,2026-05-27T15:24:36Z,40.776793,-73.877844,213.8,acf69b,N934XJ,CRJ9,BOMBARDIER Regional Jet CRJ-900,0
landing,JFK,22L,1779895522.05,2026-05-27T15:25:22Z,40.631012,-73.766068,216.6,ab7b02,N839NN,B738,BOEING 737-800,0
takeoff,JFK,22R,1779895535.77,2026-05-27T15:25:35Z,40.647274,-73.765854,210.9,ab9b13,N847NN,B738,BOEING 737-800,0
landing,LGA,22,1779895559.85,2026-05-27T15:25:59Z,40.777398,-73.877329,213.8,a12750,N17341,B38M,,0
takeoff,LGA,31,1779895569.57,2026-05-27T15:26:09Z,40.772472,-73.857971,303.8,adb014,N981NN,B738,BOEING 737-800,0
landing,JFK,22L,1779895587.18,2026-05-27T15:26:27Z,40.636205,-73.761926,210.9,a7d2f1,N603FR,A21N,AIRBUS A-321neo,0
takeoff,JFK,04L,1779895587.19,2026-05-27T15:26:27Z,40.649586,-73.766357,30.9,a19691,N201JQ,E75L,EMBRAER ERJ-170-200 (long wing),0
takeoff,JFK,22R,1779895595.84,2026-05-27T15:26:35Z,40.646551,-73.766436,210.9,adabfe,N980JT,A321,AIRBUS A-321,0
takeoff,LGA,31,1779895607.14,2026-05-27T15:26:47Z,40.772184,-73.857417,306.6,a39fb7,N33209,B738,BOEING 737-800,0
takeoff,LGA,13,1779895617.27,2026-05-27T15:26:57Z,40.775466,-73.866577,120.9,a35e6f,N316PQ,CRJ9,BOMBARDIER Regional Jet CRJ-900,0
takeoff,JFK,22R,1779895704.61,2026-05-27T15:28:24Z,40.647331,-73.765828,210.9,abba43,N855DN,B739,BOEING 737-900,0
landing,JFK,22L,1779895713.68,2026-05-27T15:28:33Z,40.633691,-73.764002,216.6,a2af3e,N272PQ,CRJ9,BOMBARDIER Regional Jet CRJ-900,0
takeoff,LGA,13,1779895734.67,2026-05-27T15:28:54Z,40.775431,-73.866499,120.9,acf69b,N934XJ,CRJ9,BOMBARDIER Regional Jet CRJ-900,0
landing,LGA,22,1779895741.73,2026-05-27T15:29:01Z,40.775322,-73.879028,213.8,a8a490,N656RW,E170,EMBRAER ERJ-170-100,0
landing,LGA,22,1779895788.17,2026-05-27T15:29:48Z,40.776164,-73.878359,210.9,a451db,N378DN,A321,AIRBUS A-321,0
landing,JFK,22L,1779895790.96,2026-05-27T15:29:50Z,40.63127,-73.765828,213.8,4c0221,YU-ARB,A332,AIRBUS A-330-200,0
takeoff,JFK,22R,1779895879.22,2026-05-27T15:31:19Z,40.648146,-73.765219,210.9,8963ea,A6-EOM,A388,AIRBUS A-380-800,0
landing,LGA,22,1779895883.92,2026-05-27T15:31:23Z,40.775185,-73.879181,210.9,a0e431,N157AA,A321,AIRBUS A-321,0
landing,JFK,22L,1779895971.57,2026-05-27T15:32:51Z,40.631035,-73.765961,210.9,71be22,HL7622,A388,AIRBUS A-380-800,0
takeoff,LGA,31,1779896052.38,2026-05-27T15:34:12Z,40.772301,-73.857574,298.1,a336f0,N306PQ,CRJ9,BOMBARDIER Regional Jet CRJ-900,0
landing,JFK,22R,1779896121.7,2026-05-27T15:35:21Z,40.633038,-73.776978,210.9,a37e80,N324PQ,CRJ9,BOMBARDIER Regional Jet CRJ-900,0
takeoff,JFK,22R,1779896190.63,2026-05-27T15:36:30Z,40.645969,-73.766891,210.9,a39338,N3298J,,,0
landing,JFK,22L,1779896200.36,2026-05-27T15:36:40Z,40.635281,-73.762665,210.9,a3ad47,N336NB,A319,AIRBUS A-319,0
takeoff,JFK,22R,1779896256.06,2026-05-27T15:37:36Z,40.647491,-73.765701,210.9,a67805,N516DA,A21N,AIRBUS A-321neo,0
landing,LGA,22,1779896293.28,2026-05-27T15:38:13Z,40.77805,-73.876799,210.9,a2b154,N27274,B38M,,0
takeoff,LGA,31,1779896301.69,2026-05-27T15:38:21Z,40.772255,-73.857513,303.8,ac5eb4,N8956Q,B38M,BOEING 737 MAX 8,0
takeoff,JFK,22R,1779896321.31,2026-05-27T15:38:41Z,40.64704,-73.766046,210.9,a6dfaa,N542DE,A21N,AIRBUS A-321neo,0
landing,JFK,22L,1779896352.33,2026-05-27T15:39:12Z,40.632108,-73.765125,210.9,aa6914,N770AN,B772,BOEING 777-200,0
takeoff,LGA,13,1779896361.76,2026-05-27T15:39:21Z,40.771963,-73.859227,120.9,ad7f96,N969WN,B737,BOEING 737-700,0
takeoff,JFK,22R,1779896384.15,2026-05-27T15:39:44Z,40.646086,-73.766811,210.9,ad444d,N954JB,A321,AIRBUS A-321,0
takeoff,JFK,04L,1779896388.69,2026-05-27T15:39:48Z,40.65102,-73.765063,61.9,acc040,N920XJ,CRJ9,BOMBARDIER Regional Jet CRJ-900,0
takeoff,JFK,22R,1779896447.14,2026-05-27T15:40:47Z,40.648029,-73.765259,210.9,a7da9c,N605JB,A320,AIRBUS A-320,0
landing,JFK,22L,1779896516.11,2026-05-27T15:41:56Z,40.633458,-73.764267,222.2,a07f60,N131EV,CRJ9,BOMBARDIER Regional Jet CRJ-900,0
takeoff,JFK,22R,1779896562.87,2026-05-27T15:42:42Z,40.648052,-73.765259,210.9,ae123f,04-4134,C17,Boeing C-17A Globemaster III,1
landing,JFK,22L,1779896626.83,2026-05-27T15:43:46Z,40.630508,-73.766647,225.0,a825e3,N624JB,A320,AIRBUS A-320,0
takeoff,LGA,31,1779896665.98,2026-05-27T15:44:25Z,40.772242,-73.857448,300.9,a05f95,N123HQ,E75L,EMBRAER ERJ-170-200 (long wing),0
takeoff,LGA,31,1779896725.11,2026-05-27T15:45:25Z,40.772312,-73.85762,303.8,c007d0,C-FCYX,A320,AIRBUS A-320,0
landing,LGA,22,1779896740.4,2026-05-27T15:45:40Z,40.780231,-73.874985,213.8,a60b77,N489QS,E55P,,0
takeoff,JFK,22R,1779896785.42,2026-05-27T15:46:25Z,40.647984,-73.76532,210.9,ac85ce,N906DN,B739,BOEING 737-900,0
takeoff,LGA,31,1779896824.64,2026-05-27T15:47:04Z,40.772243,-73.857452,303.8,a08714,N133HQ,E75L,EMBRAER ERJ-170-200 (long wing),0
takeoff,JFK,22R,1779896848.46,2026-05-27T15:47:28Z,40.646621,-73.766374,210.9,aa600a,N768JB,A320,AIRBUS A-320,0
takeoff,JFK,22R,1779896901.83,2026-05-27T15:48:21Z,40.646947,-73.766124,210.9,a7a17b,N591DT,A21N,AIRBUS A-321neo,0
landing,LGA,22,1779896958.39,2026-05-27T15:49:18Z,40.775361,-73.878999,210.9,a89d22,N654RW,E170,EMBRAER ERJ-170-100,0
takeoff,JFK,22R,1779896992.81,2026-05-27T15:49:52Z,40.646828,-73.76622,210.9,acbe34,N920AK,B39M,BOEING 737 MAX 9,0
landing,JFK,22L,1779897022.74,2026-05-27T15:50:22Z,40.630955,-73.766129,219.4,a4c8de,N407YX,E75L,EMBRAER ERJ-170-200 (long wing),0
takeoff,LGA,31,1779897048.15,2026-05-27T15:50:48Z,40.772289,-73.857574,303.8,ac01d3,N873DN,B739,BOEING 737-900,0
takeoff,JFK,22R,1779897049.5,2026-05-27T15:50:49Z,40.646656,-73.766358,210.9,ad5269,N958AK,B39M,BOEING 737 MAX 9,0
landing,LGA,22,1779897069.79,2026-05-27T15:51:09Z,40.776283,-73.878265,210.9,a0acf8,N14230,B738,BOEING 737-800,0
takeoff,JFK,22R,1779897191.21,2026-05-27T15:53:11Z,40.646519,-73.766464,210.9,ac5920,N895NN,B738,BOEING 737-800,0
landing,LGA,22,1779897198.96,2026-05-27T15:53:18Z,40.77528,-73.879093,210.9,a37eb0,N324RN,B38M,BOEING 737 MAX 8,0
landing,JFK,22L,1779897213.04,2026-05-27T15:53:33Z,40.633644,-73.763992,210.9,a869bc,N641JB,A320,AIRBUS A-320,0
landing,LGA,22,1779897307.46,2026-05-27T15:55:07Z,40.776339,-73.878203,213.8,a0232a,N108HQ,E75L,EMBRAER ERJ-170-200 (long wing),0
landing,JFK,22L,1779897354.26,2026-05-27T15:55:54Z,40.633563,-73.764017,210.9,a7cf10,N602DZ,A21N,AIRBUS A-321neo,0
takeoff,JFK,22R,1779897372.04,2026-05-27T15:56:12Z,40.64748,-73.765701,210.9,a8e1cc,N6710E,B752,BOEING 757-200,0
landing,LGA,22,1779897398.03,2026-05-27T15:56:38Z,40.777712,-73.87708,210.9,a091f3,N136EV,CRJ9,BOMBARDIER Regional Jet CRJ-900,0
takeoff,LGA,31,1779897402.49,2026-05-27T15:56:42Z,40.77258,-73.858181,300.9,a8996b,N653RW,E170,EMBRAER ERJ-170-100,0
landing,JFK,22L,1779897452.01,2026-05-27T15:57:32Z,40.635132,-73.762787,210.9,aaf183,N804JB,A320,AIRBUS A-320,0
takeoff,LGA,31,1779897458.81,2026-05-27T15:57:38Z,40.772289,-73.857559,300.9,abd7d1,N862RW,E170,EMBRAER ERJ-170-100,0
landing,LGA,22,1779897498.44,2026-05-27T15:58:18Z,40.773418,-73.879967,182.8,a1b449,N209JQ,E75L,EMBRAER ERJ-170-200 (long wing),0
takeoff,LGA,31,1779897540.32,2026-05-27T15:59:00Z,40.772301,-73.85759,303.8,a46e40,N385DZ,A321,AIRBUS A-321,0
landing,LGA,22,1779897577.25,2026-05-27T15:59:37Z,40.776192,-73.878326,210.9,aca3e6,N913XJ,CRJ9,BOMBARDIER Regional Jet CRJ-900,0
takeoff,JFK,22R,1779897670.15,2026-05-27T16:01:10Z,40.648979,-73.764526,210.9,a01bbc,N106HQ,E75L,EMBRAER ERJ-170-200 (long wing),0
takeoff,LGA,04,1779897673.96,2026-05-27T16:01:13Z,40.776059,-73.876643,73.1,aca3e6,N913XJ,CRJ9,BOMBARDIER Regional Jet CRJ-900,0
landing,LGA,22,1779897702.59,2026-05-27T16:01:42Z,40.77443,-73.879717,205.3,abdb88,N863RW,E170,EMBRAER ERJ-170-100,0
takeoff,JFK,22R,1779897730.5,2026-05-27T16:02:10Z,40.64645,-73.76651,210.9,ab0416,N809JB,A320,AIRBUS A-320,0
landing,LGA,22,1779897791.42,2026-05-27T16:03:11Z,40.774407,-73.879733,205.3,a03bcd,N114HQ,E75L,EMBRAER ERJ-170-200 (long wing),0
landing,JFK,22L,1779897794.29,2026-05-27T16:03:14Z,40.632411,-73.766264,244.7,aca79d,N914XJ,CRJ9,BOMBARDIER Regional Jet CRJ-900,0
landing,JFK,22L,1779897898.08,2026-05-27T16:04:58Z,40.631973,-73.765259,210.9,a4dbef,N412DX,A339,AIRBUS A-330-900,0
landing,LGA,22,1779897923.95,2026-05-27T16:05:23Z,40.774744,-73.879514,210.9,a8a0d9,N655RW,E170,EMBRAER ERJ-170-100,0
takeoff,LGA,13,1779897953.69,2026-05-27T16:05:53Z,40.772009,-73.859352,120.9,abef98,N8685B,B738,BOEING 737-800,0
takeoff,JFK,22R,1779897977.05,2026-05-27T16:06:17Z,40.648518,-73.764891,210.9,a0757f,N129DU,BCS1,AIRBUS A220-100,0
takeoff,JFK,04L,1779898025.89,2026-05-27T16:07:05Z,40.639836,-73.776658,59.1,aca79d,N914XJ,CRJ9,BOMBARDIER Regional Jet CRJ-900,0
takeoff,JFK,22R,1779898039.83,2026-05-27T16:07:19Z,40.648293,-73.76506,210.9,ac22c5,N881NN,B738,BOEING 737-800,0
landing,JFK,22L,1779898061.38,2026-05-27T16:07:41Z,40.631355,-73.765747,213.8,a0f4f6,N16065,B763,BOEING 767-300,0
takeoff,JFK,22R,1779898123.74,2026-05-27T16:08:43Z,40.648402,-73.764969,210.9,a65bbc,N509DT,A21N,AIRBUS A-321neo,0
takeoff,LGA,31,1779898179.29,2026-05-27T16:09:39Z,40.772265,-73.857542,303.8,ac81cc,N905AN,B738,BOEING 737-800,0
landing,JFK,22L,1779898246.96,2026-05-27T16:10:46Z,40.635367,-73.762582,210.9,a6e720,N544DN,A21N,AIRBUS A-321neo,0
landing,LGA,22,1779898275.34,2026-05-27T16:11:15Z,40.775368,-73.879013,210.9,ac3731,N8865L,B38M,BOEING 737 MAX 8,0
landing,JFK,22L,1779898365.12,2026-05-27T16:12:45Z,40.632729,-73.765549,241.9,a1e946,N222JQ,E75L,EMBRAER ERJ-170-200 (long wing),0
landing,LGA,22,1779898389.14,2026-05-27T16:13:09Z,40.77784,-73.876986,210.9,aafca8,N807JB,A320,AIRBUS A-320,0
takeoff,JFK,22R,1779898455.35,2026-05-27T16:14:15Z,40.646358,-73.766586,210.9,ab4ba6,N827JB,A320,AIRBUS A-320,0
takeoff,LGA,31,1779898456.02,2026-05-27T16:14:16Z,40.772266,-73.857513,303.8,a36994,N319PQ,CRJ9,BOMBARDIER Regional Jet CRJ-900,0
landing,JFK,22L,1779898473.21,2026-05-27T16:14:33Z,40.633999,-73.763657,210.9,a6189c,N492MC,B744,BOEING 747-400,0
landing,LGA,22,1779898475.39,2026-05-27T16:14:35Z,40.775396,-73.878984,210.9,a33339,N305PQ,CRJ9,BOMBARDIER Regional Jet CRJ-900,0
takeoff,LGA,31,1779898539.39,2026-05-27T16:15:39Z,40.772277,-73.857526,300.9,a50900,N423YX,E75L,EMBRAER ERJ-170-200 (long wing),0
landing,JFK,22L,1779898644.27,2026-05-27T16:17:24Z,40.63044,-73.766571,222.2,44ccc8,OO-SFH,A333,AIRBUS A-330-300,0
takeoff,LGA,31,1779898652.0,2026-05-27T16:17:32Z,40.772254,-73.85751,303.8,a21fa1,N236JQ,E75L,EMBRAER ERJ-170-200 (long wing),0
takeoff,LGA,31,1779898720.65,2026-05-27T16:18:40Z,40.772277,-73.857557,298.1,a17c12,N195PQ,CRJ9,BOMBARDIER Regional Jet CRJ-900,0
landing,LGA,22,1779898746.38,2026-05-27T16:19:06Z,40.774372,-73.879811,208.1,abc2e5,N857RW,E170,EMBRAER ERJ-170-100,0
takeoff,JFK,22R,1779898754.28,2026-05-27T16:19:14Z,40.647005,-73.766077,210.9,a33ca9,N3077J,BCS3,AIRBUS A220-300,0
landing,JFK,22L,1779898768.09,2026-05-27T16:19:28Z,40.636368,-73.761795,210.9,a383f3,N3255J,BCS3,,0
takeoff,LGA,31,1779898814.01,2026-05-27T16:20:14Z,40.772487,-73.857994,300.9,ac0dd9,N876NN,B738,BOEING 737-800,0
takeoff,JFK,22R,1779898818.43,2026-05-27T16:20:18Z,40.647436,-73.765718,210.9,a358bd,N3145J,BCS3,AIRBUS A220-300,0
takeoff,LGA,04,1779898820.61,2026-05-27T16:20:20Z,40.775402,-73.877426,53.4,abc2e5,N857RW,E170,EMBRAER ERJ-170-100,0
takeoff,JFK,22R,1779898939.33,2026-05-27T16:22:19Z,40.647785,-73.765469,210.9,71c045,HL8045,B77L,BOEING 777-200LR,0
landing,JFK,22L,1779898974.14,2026-05-27T16:22:54Z,40.63353,-73.764175,222.2,a4eca6,N416YX,E75L,EMBRAER ERJ-170-200 (long wing),0
takeoff,LGA,13,1779899033.49,2026-05-27T16:23:53Z,40.775466,-73.866562,120.9,a1e58f,N221JQ,E75L,EMBRAER ERJ-170-200 (long wing),0
landing,JFK,22L,1779899059.41,2026-05-27T16:24:19Z,40.633482,-73.76408,210.9,a33b1e,N307UJ,B38M,,0
landing,JFK,22L,1779899162.14,2026-05-27T16:26:02Z,40.630989,-73.766068,216.6,4b1881,HB-JHH,A333,AIRBUS A-330-300,0
landing,JFK,22L,1779899264.97,2026-05-27T16:27:44Z,40.632422,-73.764907,210.9,4005bd,G-VIIE,B772,BOEING 777-200,0
takeoff,JFK,04L,1779899275.01,2026-05-27T16:27:55Z,40.649162,-73.766693,28.1,a2af3e,N272PQ,CRJ9,BOMBARDIER Regional Jet CRJ-900,0
landing,LGA,22,1779899343.98,2026-05-27T16:29:03Z,40.777405,-73.877335,213.8,a042d5,N116DN,A321,AIRBUS A-321,0
takeoff,LGA,31,1779899402.31,2026-05-27T16:30:02Z,40.772335,-73.857682,300.9,ade543,N995AN,A321,AIRBUS A-321,0
landing,JFK,22L,1779899404.25,2026-05-27T16:30:04Z,40.633621,-73.763947,213.8,a37517,N3215J,BCS3,,0
takeoff,LGA,31,1779899476.03,2026-05-27T16:31:16Z,40.772255,-73.857498,306.6,a4995f,N396DA,B738,BOEING 737-800,0
landing,JFK,22L,1779899508.39,2026-05-27T16:31:48Z,40.632655,-73.76472,210.9,4cae80,EI-TYA,A339,AIRBUS A-330-900,0
landing,LGA,22,1779899515.35,2026-05-27T16:31:55Z,40.774521,-73.879654,208.1,a04aa9,N118HQ,E75L,EMBRAER ERJ-170-200 (long wing),0
landing,LGA,22,1779899551.29,2026-05-27T16:32:31Z,40.777188,-73.877501,213.8,a14ad1,N18220,B738,BOEING 737-800,0
takeoff,JFK,22R,1779899583.35,2026-05-27T16:33:03Z,40.649185,-73.764389,210.9,71c362,HL8362,A359,AIRBUS A-350-900,0
landing,LGA,22,1779899650.99,2026-05-27T16:34:10Z,40.775582,-73.878828,210.9,aba891,N850NN,B738,BOEING 737-800,0
landing,JFK,22L,1779899663.33,2026-05-27T16:34:23Z,40.637867,-73.760635,210.9,a07341,N128UW,A320,AIRBUS A-320,0
landing,LGA,22,1779899764.86,2026-05-27T16:36:04Z,40.779306,-73.875753,210.9,a8d360,N668QS,C68A,CESSNA 680 Citation Latitude,0
landing,JFK,22L,1779899814.89,2026-05-27T16:36:54Z,40.632446,-73.766171,241.9,a54eb1,N441DT,G280,GULFSTREAM G280,8
landing,LGA,22,1779899836.11,2026-05-27T16:37:16Z,40.77699,-73.877673,210.9,a34215,N309PQ,CRJ9,BOMBARDIER Regional Jet CRJ-900,0
takeoff,JFK,22R,1779899921.65,2026-05-27T16:38:41Z,40.648122,-73.765203,210.9,ab48cc,N826SY,B738,BOEING 737-800,0
landing,LGA,22,1779899930.5,2026-05-27T16:38:50Z,40.774738,-73.879501,210.9,a1c935,N214JQ,E75L,EMBRAER ERJ-170-200 (long wing),0
takeoff,JFK,04L,1779899949.0,2026-05-27T16:39:09Z,40.649162,-73.766693,30.9,a4cc95,N408YX,E75L,EMBRAER ERJ-170-200 (long wing),0
landing,LGA,22,1779899999.19,2026-05-27T16:39:59Z,40.774521,-73.879684,205.3,a4bdb9,N404YX,E75L,EMBRAER ERJ-170-200 (long wing),0
takeoff,LGA,13,1779900027.74,2026-05-27T16:40:27Z,40.775478,-73.866593,120.9,a34215,N309PQ,CRJ9,BOMBARDIER Regional Jet CRJ-900,0
landing,LGA,22,1779900069.87,2026-05-27T16:41:09Z,40.777645,-73.877136,210.9,a4a0b4,N398CA,CRJ7,BOMBARDIER Regional Jet CRJ-700,0
takeoff,JFK,22R,1779900113.5,2026-05-27T16:41:53Z,40.64875,-73.764725,210.9,ab7b02,N839NN,B738,BOEING 737-800,0
landing,LGA,22,1779900152.55,2026-05-27T16:42:32Z,40.778355,-73.876556,210.9,c07d20,C-GVJZ,DH8D,DE HAVILLAND DHC-8-400 Dash 8,0
takeoff,LGA,31,1779900160.89,2026-05-27T16:42:40Z,40.772231,-73.857479,303.8,a44e18,N377DA,B738,BOEING 737-800,0
landing,LGA,22,1779900218.85,2026-05-27T16:43:38Z,40.777281,-73.877439,210.9,ac5066,N8929S,B38M,,0
takeoff,LGA,13,1779900246.71,2026-05-27T16:44:06Z,40.776821,-73.8694,118.1,a4a0b4,N398CA,CRJ7,BOMBARDIER Regional Jet CRJ-700,0
takeoff,LGA,31,1779900298.68,2026-05-27T16:44:58Z,40.772278,-73.85759,306.6,a44cfd,N3764D,B738,BOEING 737-800,0
landing,LGA,22,1779900321.76,2026-05-27T16:45:21Z,40.77798,-73.876861,210.9,acf2e4,N933XJ,CRJ9,BOMBARDIER Regional Jet CRJ-900,0
takeoff,LGA,31,1779900393.27,2026-05-27T16:46:33Z,40.772255,-73.857513,303.8,a12750,N17341,B38M,,0
takeoff,JFK,22R,1779900421.79,2026-05-27T16:47:01Z,40.647434,-73.765747,210.9,a37af8,N323RM,B38M,BOEING 737 MAX 8,0
landing,LGA,22,1779900431.47,2026-05-27T16:47:11Z,40.775256,-73.879093,210.9,ab282b,N818MD,E170,EMBRAER ERJ-170-100,0
takeoff,LGA,31,1779900463.36,2026-05-27T16:47:43Z,40.772254,-73.857479,300.9,a8a490,N656RW,E170,EMBRAER ERJ-170-100,0
takeoff,JFK,22R,1779900470.53,2026-05-27T16:47:50Z,40.648087,-73.765228,205.3,a07f60,N131EV,CRJ9,BOMBARDIER Regional Jet CRJ-900,0
landing,JFK,22L,1779900491.42,2026-05-27T16:48:11Z,40.632818,-73.764595,209.6,ab8b0b,N843AN,B789,BOEING 787-9 Dreamliner,0
takeoff,LGA,13,1779900507.39,2026-05-27T16:48:27Z,40.776638,-73.869019,120.9,acf2e4,N933XJ,CRJ9,BOMBARDIER Regional Jet CRJ-900,0
takeoff,JFK,22R,1779900531.76,2026-05-27T16:48:51Z,40.647629,-73.765594,210.9,a988f0,N713TW,B752,BOEING 757-200,0
landing,JFK,22L,1779900603.18,2026-05-27T16:50:03Z,40.633773,-73.763908,216.6,ab1d30,N815NW,A333,AIRBUS A-330-300,0
landing,LGA,22,1779900697.39,2026-05-27T16:51:37Z,40.776199,-73.878313,213.8,a23fb2,N244JQ,E75L,EMBRAER ERJ-170-200 (long wing),0
landing,JFK,22L,1779900727.25,2026-05-27T16:52:07Z,40.632454,-73.764862,210.9,ab0a9d,N810NW,A333,AIRBUS A-330-300,0
landing,LGA,22,1779900758.09,2026-05-27T16:52:38Z,40.777977,-73.876862,210.9,ac48f2,N8909L,B38M,BOEING 737 MAX 8,0
takeoff,LGA,13,1779900827.2,2026-05-27T16:53:47Z,40.775448,-73.866531,123.8,abdb88,N863RW,E170,EMBRAER ERJ-170-100,0
takeoff,LGA,04,1779900845.98,2026-05-27T16:54:05Z,40.775368,-73.877457,47.8,ac48f2,N8909L,B38M,BOEING 737 MAX 8,0
landing,JFK,22L,1779900855.72,2026-05-27T16:54:15Z,40.635076,-73.7628,210.9,acaf0b,N916XJ,CRJ9,BOMBARDIER Regional Jet CRJ-900,0
landing,LGA,22,1779900866.44,2026-05-27T16:54:26Z,40.778143,-73.876705,213.8,ace7bf,N930XJ,CRJ9,BOMBARDIER Regional Jet CRJ-900,0
landing,JFK,22L,1779900948.15,2026-05-27T16:55:48Z,40.633461,-73.764191,222.2,ad495b,N955XV,A21N,,0
landing,LGA,22,1779900973.65,2026-05-27T16:56:13Z,40.774453,-73.879764,205.3,ab1d06,N815MD,E170,EMBRAER ERJ-170-100,0
landing,JFK,22L,1779901039.59,2026-05-27T16:57:19Z,40.633598,-73.764084,222.2,ab53e4,N829SK,CRJ9,BOMBARDIER Regional Jet CRJ-900,0
takeoff,LGA,13,1779901052.38,2026-05-27T16:57:32Z,40.775547,-73.868091,123.8,a23fb2,N244JQ,E75L,EMBRAER ERJ-170-200 (long wing),0
landing,LGA,22,1779901059.61,2026-05-27T16:57:39Z,40.774189,-73.879807,196.9,a1ba59,N210JQ,E75L,EMBRAER ERJ-170-200 (long wing),0
takeoff,LGA,31,1779901106.39,2026-05-27T16:58:26Z,40.772266,-73.857513,303.8,a2b154,N27274,B38M,,0
landing,JFK,22L,1779901119.88,2026-05-27T16:58:39Z,40.632763,-73.764648,210.9,a16273,N189DN,B763,BOEING 767-300,0
landing,LGA,22,1779901136.04,2026-05-27T16:58:56Z,40.774372,-73.879748,199.7,ac26cf,N882RW,E170,EMBRAER ERJ-170-100,0
takeoff,LGA,13,1779901181.53,2026-05-27T16:59:41Z,40.772929,-73.866312,90.0,ace7bf,N930XJ,CRJ9,BOMBARDIER Regional Jet CRJ-900,0
landing,LGA,22,1779901193.57,2026-05-27T16:59:53Z,40.777828,-73.876953,210.9,a34bdc,N311PQ,CRJ9,BOMBARDIER Regional Jet CRJ-900,0
landing,JFK,22L,1779901238.55,2026-05-27T17:00:38Z,40.632597,-73.764766,210.9,a3311b,N3044J,BCS3,AIRBUS A220-300,0
takeoff,LGA,13,1779901257.96,2026-05-27T17:00:57Z,40.775431,-73.866484,118.1,a18380,N197PQ,CRJ9,BOMBARDIER Regional Jet CRJ-900,0
landing,LGA,22,1779901299.06,2026-05-27T17:01:39Z,40.77475,-73.879501,208.1,abd063,N860RW,E170,EMBRAER ERJ-170-100,0
landing,JFK,22L,1779901333.13,2026-05-27T17:02:13Z,40.632551,-73.764798,210.9,780a61,B-KQM,B77W,BOEING 777-300ER,0
landing,LGA,22,1779901373.4,2026-05-27T17:02:53Z,40.774279,-73.879779,199.7,a23bfb,N243JQ,E75L,EMBRAER ERJ-170-200 (long wing),0
takeoff,LGA,31,1779901395.34,2026-05-27T17:03:15Z,40.772254,-73.857495,303.8,a60b77,N489QS,E55P,,0
takeoff,LGA,13,1779901433.19,2026-05-27T17:03:53Z,40.772106,-73.859558,118.1,a091f3,N136EV,CRJ9,BOMBARDIER Regional Jet CRJ-900,0
landing,LGA,22,1779901438.42,2026-05-27T17:03:58Z,40.776176,-73.878313,213.8,ab40f0,N824NN,B738,BOEING 737-800,0
landing,JFK,22L,1779901443.52,2026-05-27T17:04:03Z,40.636803,-73.761475,210.9,a52ea4,N433DX,A339,AIRBUS A-330-900,0
takeoff,LGA,13,1779901472.99,2026-05-27T17:04:32Z,40.775482,-73.866608,120.9,a34bdc,N311PQ,CRJ9,BOMBARDIER Regional Jet CRJ-900,0
takeoff,LGA,31,1779901527.32,2026-05-27T17:05:27Z,40.772324,-73.857666,306.6,a475a3,N387DN,A321,AIRBUS A-321,0
takeoff,JFK,22R,1779901533.25,2026-05-27T17:05:33Z,40.646198,-73.766708,210.9,a3ad47,N336NB,A319,AIRBUS A-319,0
landing,LGA,22,1779901558.25,2026-05-27T17:05:58Z,40.775082,-73.879242,210.9,a5255a,N430YX,E75L,EMBRAER ERJ-170-200 (long wing),0
landing,JFK,22L,1779901580.52,2026-05-27T17:06:20Z,40.633388,-73.764142,210.9,ac5bf6,N896DN,B739,BOEING 737-900,0
landing,LGA,22,1779901634.0,2026-05-27T17:07:14Z,40.774647,-73.879532,208.1,a08e82,N135HQ,E75L,EMBRAER ERJ-170-200 (long wing),0
takeoff,JFK,04L,1779901667.2,2026-05-27T17:07:47Z,40.651016,-73.765045,73.1,a1e946,N222JQ,E75L,EMBRAER ERJ-170-200 (long wing),0
landing,JFK,22L,1779901680.43,2026-05-27T17:08:00Z,40.633656,-73.763986,216.6,4ca5c7,EI-DUZ,A333,AIRBUS A-330-300,0
landing,LGA,22,1779901705.62,2026-05-27T17:08:25Z,40.774464,-73.879669,208.1,a53f5b,N437YX,E75L,EMBRAER ERJ-170-200 (long wing),0
takeoff,LGA,31,1779901728.71,2026-05-27T17:08:48Z,40.772175,-73.857361,326.2,a1b449,N209JQ,E75L,EMBRAER ERJ-170-200 (long wing),0
landing,LGA,22,1779901768.0,2026-05-27T17:09:28Z,40.778631,-73.876331,210.9,c00a0d,C-FDUY,BCS3,,0
landing,JFK,22L,1779901776.59,2026-05-27T17:09:36Z,40.63084,-73.766235,216.6,3965af,F-GZNP,B77W,BOEING 777-300ER,0
landing,LGA,22,1779901860.58,2026-05-27T17:11:00Z,40.773663,-73.879974,180.0,ac0a75,N875RW,E170,EMBRAER ERJ-170-100,0
landing,LGA,22,1779901908.83,2026-05-27T17:11:48Z,40.777316,-73.877376,213.8,aa56da,N76528,B738,BOEING 737-800,0
landing,JFK,22L,1779901919.97,2026-05-27T17:11:59Z,40.632774,-73.765381,239.1,a61173,N490PX,CRJ9,BOMBARDIER Regional Jet CRJ-900,0
landing,JFK,22R,1779901948.84,2026-05-27T17:12:28Z,40.632923,-73.777084,210.9,a6f2b7,N547JB,A320,AIRBUS A-320,0
landing,JFK,22L,1779902005.35,2026-05-27T17:13:25Z,40.632729,-73.764648,210.9,a13391,N177DZ,B763,BOEING 767-300,0
takeoff,JFK,22R,1779902009.18,2026-05-27T17:13:29Z,40.64782,-73.765437,210.9,a37e80,N324PQ,CRJ9,BOMBARDIER Regional Jet CRJ-900,0
landing,LGA,22,1779902009.35,2026-05-27T17:13:29Z,40.777817,-73.877002,210.9,a03ce6,N114UW,A320,AIRBUS A-320,0
takeoff,LGA,13,1779902017.4,2026-05-27T17:13:37Z,40.775448,-73.866547,123.8,c00a0d,C-FDUY,BCS3,,0
landing,LGA,22,1779902063.79,2026-05-27T17:14:23Z,40.777279,-73.877441,210.9,a017a8,N105DX,A321,AIRBUS A-321,0
takeoff,JFK,22R,1779902084.71,2026-05-27T17:14:44Z,40.6464,-73.766561,210.9,a6cacb,N537DT,A21N,AIRBUS A-321neo,0
landing,JFK,22L,1779902087.03,2026-05-27T17:14:47Z,40.632725,-73.764642,210.9,aaea8c,N802NW,A333,AIRBUS A-330-300,0
landing,LGA,22,1779902149.3,2026-05-27T17:15:49Z,40.776548,-73.878032,210.9,a145b7,N181PQ,CRJ9,BOMBARDIER Regional Jet CRJ-900,0
takeoff,LGA,13,1779902213.01,2026-05-27T17:16:53Z,40.771951,-73.859211,120.9,a451db,N378DN,A321,AIRBUS A-321,0
landing,JFK,22L,1779902234.03,2026-05-27T17:17:14Z,40.633435,-73.764298,227.8,a5f162,N482PX,CRJ9,BOMBARDIER Regional Jet CRJ-900,0
landing,JFK,22L,1779902312.04,2026-05-27T17:18:32Z,40.6334,-73.764127,210.9,896523,A6-EVM,A388,AIRBUS A-380-800,0
landing,JFK,22R,1779902367.09,2026-05-27T17:19:27Z,40.633109,-73.77697,213.8,a08e3c,N135EV,CRJ9,BOMBARDIER Regional Jet CRJ-900,0
takeoff,LGA,13,1779902370.69,2026-05-27T17:19:30Z,40.776501,-73.868744,120.9,a8d360,N668QS,C68A,CESSNA 680 Citation Latitude,0
takeoff,LGA,13,1779902383.76,2026-05-27T17:19:43Z,40.773136,-73.86171,120.9,a017a8,N105DX,A321,AIRBUS A-321,0
takeoff,LGA,13,1779902385.13,2026-05-27T17:19:45Z,40.775333,-73.866287,123.8,a0232a,N108HQ,E75L,EMBRAER ERJ-170-200 (long wing),0
landing,JFK,22L,1779902464.9,2026-05-27T17:21:04Z,40.635751,-73.762301,210.9,a1775f,N194DN,B763,BOEING 767-300,0
takeoff,JFK,04L,1779902473.04,2026-05-27T17:21:13Z,40.650264,-73.765843,30.9,ad7ab8,N968JT,A321,AIRBUS A-321,0
takeoff,LGA,13,1779902496.35,2026-05-27T17:21:36Z,40.771521,-73.858072,84.4,a89d22,N654RW,E170,EMBRAER ERJ-170-100,0
landing,JFK,22R,1779902499.8,2026-05-27T17:21:39Z,40.632783,-73.777188,210.9,ad049a,N938NN,B738,BOEING 737-800,0
landing,JFK,22L,1779902546.54,2026-05-27T17:22:26Z,40.632679,-73.764704,210.9,3c6518,D-AIHX,A346,AIRBUS A-340-600,0
landing,JFK,22R,1779902617.82,2026-05-27T17:23:37Z,40.634215,-73.77608,210.9,a7b7c5,N597DT,A21N,AIRBUS A-321neo,0
landing,LGA,22,1779902708.35,2026-05-27T17:25:08Z,40.777561,-73.87722,210.9,a05b78,N122DN,A321,AIRBUS A-321,0
landing,JFK,22L,1779902709.24,2026-05-27T17:25:09Z,40.631607,-73.765564,210.9,a173a8,N193DN,B763,BOEING 767-300,0
takeoff,JFK,04L,1779902779.29,2026-05-27T17:26:19Z,40.649565,-73.766374,30.9,a4c8de,N407YX,E75L,EMBRAER ERJ-170-200 (long wing),0
landing,JFK,22L,1779902785.37,2026-05-27T17:26:25Z,40.633873,-73.763763,210.9,ac21e4,N881DN,B739,BOEING 737-900,0
landing,LGA,22,1779902844.98,2026-05-27T17:27:24Z,40.774384,-73.879764,202.5,abe2f6,N865RW,E170,EMBRAER ERJ-170-100,0
landing,LGA,22,1779902896.26,2026-05-27T17:28:16Z,40.778096,-73.876768,213.8,a3b79c,N339DU,,,0
takeoff,LGA,31,1779902905.22,2026-05-27T17:28:25Z,40.772461,-73.857925,300.9,a37eb0,N324RN,B38M,BOEING 737 MAX 8,0
takeoff,LGA,31,1779902968.24,2026-05-27T17:29:28Z,40.772359,-73.857744,303.8,a0e431,N157AA,A321,AIRBUS A-321,0
landing,JFK,22L,1779902989.27,2026-05-27T17:29:49Z,40.632679,-73.764704,210.9,407dc5,G-VTOM,A339,AIRBUS A-330-900,0
takeoff,JFK,04L,1779902990.98,2026-05-27T17:29:50Z,40.648968,-73.766846,33.8,a54eb1,N441DT,G280,GULFSTREAM G280,8
landing,LGA,22,1779902993.06,2026-05-27T17:29:53Z,40.775127,-73.879211,210.9,ac03f2,N87306,E75L,EMBRAER ERJ-170-200 (long wing),0
landing,JFK,22R,1779903056.86,2026-05-27T17:30:56Z,40.633633,-73.776517,213.8,a07fa6,N131HQ,E75L,EMBRAER ERJ-170-200 (long wing),0
landing,LGA,22,1779903067.97,2026-05-27T17:31:07Z,40.774761,-73.879501,210.9,a1d811,N218JQ,E75L,EMBRAER ERJ-170-200 (long wing),0
landing,JFK,22L,1779903113.91,2026-05-27T17:31:53Z,40.637823,-73.760678,210.9,a79046,N587DT,A21N,AIRBUS A-321neo,0
takeoff,LGA,13,1779903128.23,2026-05-27T17:32:08Z,40.771637,-73.858556,123.8,a8a0d9,N655RW,E170,EMBRAER ERJ-170-100,0
landing,LGA,22,1779903138.97,2026-05-27T17:32:18Z,40.776707,-73.877899,210.9,a50cb7,N424YX,E75L,EMBRAER ERJ-170-200 (long wing),0
landing,JFK,22R,1779903141.66,2026-05-27T17:32:21Z,40.634389,-73.778874,225.0,a03816,N113HQ,E75L,EMBRAER ERJ-170-200 (long wing),0
landing,JFK,22R,1779903184.97,2026-05-27T17:33:04Z,40.631305,-73.778343,210.9,a0144e,N104HQ,E75L,EMBRAER ERJ-170-200 (long wing),0
landing,LGA,22,1779903197.01,2026-05-27T17:33:17Z,40.776752,-73.877869,210.9,a0540a,N120DN,A321,AIRBUS A-321,0
landing,JFK,22L,1779903209.37,2026-05-27T17:33:29Z,40.636253,-73.761917,210.9,a1d2dc,N2165J,A21N,AIRBUS A-321neo,0
takeoff,LGA,13,1779903241.34,2026-05-27T17:34:01Z,40.771963,-73.859258,109.7,a33339,N305PQ,CRJ9,BOMBARDIER Regional Jet CRJ-900,0
takeoff,LGA,13,1779903256.19,2026-05-27T17:34:16Z,40.775466,-73.86795,126.6,a1d811,N218JQ,E75L,EMBRAER ERJ-170-200 (long wing),0
landing,JFK,22R,1779903270.79,2026-05-27T17:34:30Z,40.632557,-73.777359,210.9,a781d7,N583JB,A320,AIRBUS A-320,0
landing,JFK,22L,1779903307.13,2026-05-27T17:35:07Z,40.632713,-73.764657,212.4,ab3856,N822AN,B789,BOEING 787-9 Dreamliner,0
takeoff,LGA,13,1779903329.16,2026-05-27T17:35:29Z,40.772198,-73.859726,123.8,a0acf8,N14230,B738,BOEING 737-800,0
landing,LGA,22,1779903371.47,2026-05-27T17:36:11Z,40.777966,-73.876877,210.9,a15795,N186GJ,CRJ9,BOMBARDIER Regional Jet CRJ-900,0
landing,JFK,22R,1779903378.29,2026-05-27T17:36:18Z,40.633307,-73.776783,205.3,a30961,N295PQ,CRJ9,BOMBARDIER Regional Jet CRJ-900,0
takeoff,JFK,04L,1779903448.38,2026-05-27T17:37:28Z,40.649494,-73.766449,30.9,a4eca6,N416YX,E75L,EMBRAER ERJ-170-200 (long wing),0
landing,LGA,22,1779903450.38,2026-05-27T17:37:30Z,40.777027,-73.87764,213.8,ab1c47,N815DN,B739,BOEING 737-900,0
landing,JFK,22L,1779903462.65,2026-05-27T17:37:42Z,40.63258,-73.764771,210.9,0c216d,HP-9922CMP,B39M,BOEING 737 MAX 9,0
takeoff,JFK,22R,1779903487.2,2026-05-27T17:38:07Z,40.646473,-73.766495,210.9,a83108,N627JB,A320,AIRBUS A-320,0
takeoff,JFK,04L,1779903521.12,2026-05-27T17:38:41Z,40.651005,-73.765182,42.2,a7d2f1,N603FR,A21N,AIRBUS A-321neo,0
takeoff,JFK,22R,1779903522.49,2026-05-27T17:38:42Z,40.649914,-73.763814,210.9,a825e3,N624JB,A320,AIRBUS A-320,0
landing,JFK,22L,1779903560.55,2026-05-27T17:39:20Z,40.633773,-73.763846,210.9,a98f6a,N715JB,A320,AIRBUS A-320,0
takeoff,LGA,13,1779903561.59,2026-05-27T17:39:21Z,40.771294,-73.859848,151.9,a0540a,N120DN,A321,AIRBUS A-321,0
landing,LGA,22,1779903563.94,2026-05-27T17:39:23Z,40.774465,-73.879701,208.1,a54cd9,N440YX,E75L,EMBRAER ERJ-170-200 (long wing),0
landing,JFK,22L,1779903646.43,2026-05-27T17:40:46Z,40.631195,-73.765915,216.6,0aca28,HK-5378,A20N,AIRBUS A-320neo,0
landing,LGA,22,1779903662.19,2026-05-27T17:41:02Z,40.775265,-73.879089,210.9,a05bde,N122HQ,E75L,EMBRAER ERJ-170-200 (long wing),0
landing,JFK,22R,1779903666.61,2026-05-27T17:41:06Z,40.632294,-73.77761,210.9,abe930,N867DN,B739,BOEING 737-900,0
takeoff,LGA,13,1779903671.4,2026-05-27T17:41:11Z,40.775528,-73.866699,123.8,ab1c47,N815DN,B739,BOEING 737-900,0
landing,LGA,22,1779903715.45,2026-05-27T17:41:55Z,40.777416,-73.877335,210.9,a387f0,N3267J,BCS3,,0
landing,JFK,22L,1779903727.52,2026-05-27T17:42:07Z,40.632725,-73.764688,210.9,4b187f,HB-JHF,A333,AIRBUS A-330-300,0
landing,JFK,22R,1779903781.22,2026-05-27T17:43:01Z,40.630956,-73.778624,210.9,a4f7cb,N419YX,E75L,EMBRAER ERJ-170-200 (long wing),0
landing,LGA,22,1779903805.67,2026-05-27T17:43:25Z,40.778721,-73.876236,210.9,a2452a,N24514,A21N,,0
landing,JFK,22L,1779903866.25,2026-05-27T17:44:26Z,40.635623,-73.762426,210.9,0d0ba3,XA-VIR,A20N,AIRBUS A-320neo,0
landing,LGA,22,1779903896.58,2026-05-27T17:44:56Z,40.7767,-73.877922,213.8,aced23,N932AM,A321,AIRBUS A-321,0
landing,JFK,22L,1779903936.28,2026-05-27T17:45:36Z,40.630531,-73.766602,222.2,ad4804,N955JB,A321,AIRBUS A-321,0
landing,JFK,22R,1779903978.83,2026-05-27T17:46:18Z,40.634354,-73.775955,210.9,a8712a,N643JB,A320,AIRBUS A-320,0
landing,LGA,22,1779904009.46,2026-05-27T17:46:49Z,40.774872,-73.879436,210.9,aac1af,N792YX,E75L,EMBRAER ERJ-170-200 (long wing),0
landing,JFK,22L,1779904027.16,2026-05-27T17:47:07Z,40.631744,-73.765442,210.9,4cadc6,EI-HJN,A339,AIRBUS A-330-900,0
takeoff,JFK,22R,1779904035.8,2026-05-27T17:47:15Z,40.648338,-73.76503,210.9,a7cf10,N602DZ,A21N,AIRBUS A-321neo,0
takeoff,LGA,31,1779904056.22,2026-05-27T17:47:36Z,40.772254,-73.857463,303.8,ab1d06,N815MD,E170,EMBRAER ERJ-170-100,0
landing,LGA,22,1779904062.29,2026-05-27T17:47:42Z,40.77515,-73.879166,210.9,a48321,N390DN,A321,AIRBUS A-321,0
landing,JFK,22L,1779904121.92,2026-05-27T17:48:41Z,40.630531,-73.766586,223.7,a540e2,N438AM,B789,BOEING 787-9 Dreamliner,0
landing,JFK,22R,1779904154.14,2026-05-27T17:49:14Z,40.631608,-73.778109,210.9,a6ab27,N529JB,A320,AIRBUS A-320,0
landing,LGA,22,1779904154.51,2026-05-27T17:49:14Z,40.776315,-73.87825,213.8,a3472f,N310DU,BCS3,AIRBUS A220-300,0
landing,LGA,22,1779904218.6,2026-05-27T17:50:18Z,40.775963,-73.878525,213.8,a445d9,N3746H,B738,BOEING 737-800,0
takeoff,LGA,31,1779904220.28,2026-05-27T17:50:20Z,40.772242,-73.857479,300.9,a099a7,N138HQ,E75L,EMBRAER ERJ-170-200 (long wing),0
landing,JFK,22L,1779904246.21,2026-05-27T17:50:46Z,40.632877,-73.765152,236.2,4005bc,G-VIID,B772,BOEING 777-200,0
landing,JFK,22R,1779904259.29,2026-05-27T17:50:59Z,40.633633,-73.776535,210.9,a1ecfd,N223JQ,E75L,EMBRAER ERJ-170-200 (long wing),0
takeoff,LGA,31,1779904308.95,2026-05-27T17:51:48Z,40.772521,-73.858041,303.8,c07d20,C-GVJZ,DH8D,DE HAVILLAND DHC-8-400 Dash 8,0
landing,LGA,22,1779904319.4,2026-05-27T17:51:59Z,40.781799,-73.873718,213.8,abdb6b,N863QS,C700,CESSNA 700 Citation Longitude,0
landing,JFK,22L,1779904342.92,2026-05-27T17:52:22Z,40.630805,-73.766249,216.6,abb775,N854NW,A332,AIRBUS A-330-200,0
takeoff,LGA,13,1779904353.07,2026-05-27T17:52:33Z,40.771614,-73.858525,123.8,ac3731,N8865L,B38M,BOEING 737 MAX 8,0
landing,JFK,22R,1779904354.5,2026-05-27T17:52:34Z,40.632191,-73.777649,210.9,aca02f,N912XJ,CRJ9,BOMBARDIER Regional Jet CRJ-900,0
takeoff,JFK,22R,1779904395.24,2026-05-27T17:53:15Z,40.646516,-73.766452,210.9,4ba94e,TC-JJN,B77W,BOEING 777-300ER,0
landing,LGA,22,1779904395.45,2026-05-27T17:53:15Z,40.776281,-73.87825,210.9,ada699,N979RP,E170,EMBRAER ERJ-170-100,0
landing,JFK,22L,1779904461.46,2026-05-27T17:54:21Z,40.633994,-73.76369,213.8,acb2c2,N917XJ,CRJ9,BOMBARDIER Regional Jet CRJ-900,0
landing,LGA,22,1779904461.99,2026-05-27T17:54:21Z,40.776548,-73.878063,210.9,a14c70,N183GJ,CRJ9,BOMBARDIER Regional Jet CRJ-900,0
landing,JFK,22R,1779904500.71,2026-05-27T17:55:00Z,40.630085,-73.779297,210.9,abf6ae,N870DN,B739,BOEING 737-900,0
landing,LGA,22,1779904529.79,2026-05-27T17:55:29Z,40.775768,-73.878677,210.9,a0ade2,N143AN,A321,AIRBUS A-321,0
landing,JFK,22L,1779904548.64,2026-05-27T17:55:48Z,40.633901,-73.763768,213.8,a32bba,N303NY,A21N,AIRBUS A-321neo,0
takeoff,JFK,22R,1779904575.06,2026-05-27T17:56:15Z,40.648029,-73.765281,210.9,86951c,JA793A,B77W,BOEING 777-300ER,0
landing,LGA,22,1779904594.0,2026-05-27T17:56:34Z,40.775582,-73.878812,210.9,a0fbfa,N16234,B738,BOEING 737-800,0
landing,JFK,22L,1779904651.47,2026-05-27T17:57:31Z,40.630374,-73.766811,225.0,3c7a4c,D-ANRL,A339,AIRBUS A-330-900,0
landing,LGA,22,1779904672.94,2026-05-27T17:57:52Z,40.774899,-73.879379,210.9,a24720,N246JQ,E75L,EMBRAER ERJ-170-200 (long wing),0
landing,JFK,22R,1779904695.25,2026-05-27T17:58:15Z,40.634331,-73.77597,210.9,a7e5c1,N608JB,A320,AIRBUS A-320,0
landing,LGA,22,1779904719.91,2026-05-27T17:58:39Z,40.776339,-73.878219,210.9,a14380,N1803U,B38M,,0
landing,JFK,22L,1779904764.94,2026-05-27T17:59:24Z,40.63583,-73.762253,210.9,348351,EC-ONR,A21N,AIRBUS A-321neo,0
landing,LGA,22,1779904799.6,2026-05-27T17:59:59Z,40.776467,-73.87811,213.8,a086ce,N133EV,CRJ9,BOMBARDIER Regional Jet CRJ-900,0
landing,JFK,22R,1779904855.68,2026-05-27T18:00:55Z,40.6334,-73.77672,210.9,a6a45e,N527QS,C68A,CESSNA 680 Citation Latitude,0
landing,LGA,22,1779904873.9,2026-05-27T18:01:13Z,40.777898,-73.876908,213.8,a23a28,N24224,B738,BOEING 737-800,0
landing,JFK,22L,1779904882.94,2026-05-27T18:01:22Z,40.632481,-73.766062,239.1,7103d8,HZ-AK42,B77W,BOEING 777-300ER,0
takeoff,LGA,31,1779904932.68,2026-05-27T18:02:12Z,40.772347,-73.857666,300.9,a4bdb9,N404YX,E75L,EMBRAER ERJ-170-200 (long wing),0
takeoff,JFK,22R,1779904937.79,2026-05-27T18:02:17Z,40.648212,-73.765121,210.9,a07341,N128UW,A320,AIRBUS A-320,0
takeoff,LGA,13,1779904939.65,2026-05-27T18:02:19Z,40.775368,-73.867767,126.6,a0fbfa,N16234,B738,BOEING 737-800,0
landing,LGA,22,1779904947.61,2026-05-27T18:02:27Z,40.770834,-73.882526,171.6,a445f8,N3747D,B738,BOEING 737-800,0
takeoff,LGA,31,1779904996.44,2026-05-27T18:03:16Z,40.772207,-73.85737,298.1,ab282b,N818MD,E170,EMBRAER ERJ-170-100,0
takeoff,JFK,22R,1779904999.13,2026-05-27T18:03:19Z,40.647971,-73.765313,209.6,7380c3,4X-EDD,B789,BOEING 787-9 Dreamliner,0
landing,LGA,22,1779905033.94,2026-05-27T18:03:53Z,40.775198,-73.879124,210.9,a1e1d8,N220JQ,E75L,EMBRAER ERJ-170-200 (long wing),0
takeoff,JFK,22R,1779905068.64,2026-05-27T18:04:28Z,40.646889,-73.766155,209.6,47b12e,LN-FNC,B789,BOEING 787-9 Dreamliner,0
landing,JFK,22L,1779905079.9,2026-05-27T18:04:39Z,40.635201,-73.762726,210.9,407e21,G-VLDY,A339,AIRBUS A-330-900,0
landing,LGA,22,1779905088.0,2026-05-27T18:04:48Z,40.775757,-73.878693,210.9,a471ec,N386DN,A321,AIRBUS A-321,0
takeoff,LGA,13,1779905098.06,2026-05-27T18:04:58Z,40.77464,-73.866452,120.9,a086ce,N133EV,CRJ9,BOMBARDIER Regional Jet CRJ-900,0
takeoff,JFK,22R,1779905120.56,2026-05-27T18:05:20Z,40.648879,-73.76461,212.4,04c11b,5Y-KZE,B788,BOEING 787-8 Dreamliner,0
landing,LGA,22,1779905154.76,2026-05-27T18:05:54Z,40.775528,-73.878891,210.9,abde0b,N864DN,B739,BOEING 737-900,0
landing,JFK,22L,1779905214.31,2026-05-27T18:06:54Z,40.633644,-73.763931,210.9,ac3beb,N888DU,B739,BOEING 737-900,0
landing,LGA,22,1779905238.65,2026-05-27T18:07:18Z,40.774921,-73.879395,210.9,ab40ce,N824MD,E170,EMBRAER ERJ-170-100,0
takeoff,JFK,22R,1779905242.47,2026-05-27T18:07:22Z,40.647411,-73.765762,210.9,a383f3,N3255J,BCS3,,0
takeoff,JFK,22R,1779905290.64,2026-05-27T18:08:10Z,40.648611,-73.764813,210.9,a869bc,N641JB,A320,AIRBUS A-320,0
landing,JFK,22L,1779905304.87,2026-05-27T18:08:24Z,40.633505,-73.764236,222.2,0c6060,9Y-BAR,B38M,BOEING 737 MAX 8,0
takeoff,LGA,31,1779905306.84,2026-05-27T18:08:26Z,40.772301,-73.85759,300.9,aafca8,N807JB,A320,AIRBUS A-320,0
takeoff,JFK,04L,1779905326.9,2026-05-27T18:08:46Z,40.650171,-73.765906,30.9,ab53e4,N829SK,CRJ9,BOMBARDIER Regional Jet CRJ-900,0
landing,LGA,22,1779905327.04,2026-05-27T18:08:47Z,40.775035,-73.879264,213.8,a05470,N120HQ,E75L,EMBRAER ERJ-170-200 (long wing),0
takeoff,LGA,31,1779905363.83,2026-05-27T18:09:23Z,40.772243,-73.857468,300.9,a1ba59,N210JQ,E75L,EMBRAER ERJ-170-200 (long wing),0
takeoff,JFK,22R,1779905367.17,2026-05-27T18:09:27Z,40.647599,-73.765609,210.9,842370,JA09WJ,A35K,AIRBUS A-350-1000,0
landing,JFK,22L,1779905395.57,2026-05-27T18:09:55Z,40.632911,-73.765141,236.2,a5fc87,N485PX,CRJ9,BOMBARDIER Regional Jet CRJ-900,0
landing,LGA,22,1779905411.03,2026-05-27T18:10:11Z,40.774209,-73.879826,196.9,a1a56d,N205JQ,E75L,EMBRAER ERJ-170-200 (long wing),0
takeoff,LGA,13,1779905433.24,2026-05-27T18:10:33Z,40.771969,-73.859283,120.9,a1cfdc,,,,
landing,JFK,22L,1779905456.17,2026-05-27T18:10:56Z,40.635876,-73.762192,210.9,a009a4,N101NN,A321,AIRBUS A-321,0
landing,LGA,22,1779905460.05,2026-05-27T18:11:00Z,40.775482,-73.878922,213.8,acc7ae,N922XJ,CRJ9,BOMBARDIER Regional Jet CRJ-900,0
takeoff,JFK,22R,1779905477.77,2026-05-27T18:11:17Z,40.649082,-73.76445,210.9,acaf0b,N916XJ,CRJ9,BOMBARDIER Regional Jet CRJ-900,0
takeoff,LGA,13,1779905489.74,2026-05-27T18:11:29Z,40.774658,-73.866455,123.8,a1e1d8,N220JQ,E75L,EMBRAER ERJ-170-200 (long wing),0
landing,LGA,22,1779905519.51,2026-05-27T18:11:59Z,40.774647,-73.879593,210.9,a3cde4,N344TS,B38M,BOEING 737 MAX 8,0
landing,JFK,22L,1779905575.29,2026-05-27T18:12:55Z,40.632562,-73.765874,241.9,a19691,N201JQ,E75L,EMBRAER ERJ-170-200 (long wing),0
landing,JFK,22R,1779905583.91,2026-05-27T18:13:03Z,40.631422,-73.77825,210.9,a34e01,N3118J,BCS3,AIRBUS A220-300,0
landing,JFK,22L,1779905624.88,2026-05-27T18:13:44Z,40.631653,-73.765503,209.6,486071,PH-BKL,B78X,BOEING 787-10 Dreamliner,0
landing,LGA,04,1779905676.22,2026-05-27T18:14:36Z,40.774097,-73.878555,30.9,abbb77,N855RW,E170,EMBRAER ERJ-170-100,0
landing,JFK,22R,1779905679.1,2026-05-27T18:14:39Z,40.633369,-73.776749,210.9,a35949,N3149J,BCS3,AIRBUS A220-300,0
landing,LGA,22,1779905688.32,2026-05-27T18:14:48Z,40.776618,-73.877954,208.1,a09961,N138EV,CRJ9,BOMBARDIER Regional Jet CRJ-900,0
takeoff,JFK,13R,1779905727.92,2026-05-27T18:15:27Z,40.641686,-73.792888,109.7,4cadc6,EI-HJN,A339,AIRBUS A-330-900,0
takeoff,LGA,31,1779905735.72,2026-05-27T18:15:35Z,40.772392,-73.857697,300.9,a042d5,N116DN,A321,AIRBUS A-321,0
takeoff,LGA,13,1779905750.06,2026-05-27T18:15:50Z,40.774837,-73.866858,123.8,a1a56d,N205JQ,E75L,EMBRAER ERJ-170-200 (long wing),0
landing,LGA,22,1779905759.0,2026-05-27T18:15:59Z,40.77642,-73.878156,210.9,a39113,N329PQ,CRJ9,BOMBARDIER Regional Jet CRJ-900,0
landing,JFK,22L,1779905778.83,2026-05-27T18:16:18Z,40.633086,-73.764392,210.9,a732d9,N563JB,A320,AIRBUS A-320,0
takeoff,JFK,22R,1779905812.28,2026-05-27T18:16:52Z,40.647761,-73.765484,210.9,010283,SU-GGE,A359,AIRBUS A-350-900,0
landing,LGA,22,1779905863.62,2026-05-27T18:17:43Z,40.778038,-73.876814,210.9,aceb76,N931XJ,CRJ9,BOMBARDIER Regional Jet CRJ-900,0
takeoff,JFK,22R,1779905926.03,2026-05-27T18:18:46Z,40.648922,-73.764572,210.9,a33b1e,N307UJ,B38M,,0
landing,JFK,22L,1779905952.54,2026-05-27T18:19:12Z,40.635281,-73.762665,210.9,a38e69,N3280J,BCS3,AIRBUS A220-300,0
landing,LGA,22,1779905984.57,2026-05-27T18:19:44Z,40.777375,-73.877361,210.9,a35e6f,N316PQ,CRJ9,BOMBARDIER Regional Jet CRJ-900,0
takeoff,LGA,04,1779905994.32,2026-05-27T18:19:54Z,40.775448,-73.877213,70.3,aceb76,N931XJ,CRJ9,BOMBARDIER Regional Jet CRJ-900,0
takeoff,JFK,22R,1779906013.13,2026-05-27T18:20:13Z,40.647549,-73.765656,210.9,e8021d,CC-CXF,B763,BOEING 767-300,0
takeoff,LGA,13,1779906024.11,2026-05-27T18:20:24Z,40.775361,-73.866327,123.8,ac5066,N8929S,B38M,,0
landing,JFK,22L,1779906039.6,2026-05-27T18:20:39Z,40.631058,-73.766037,216.6,ab15c2,N813NW,A333,AIRBUS A-330-300,0
landing,LGA,22,1779906065.11,2026-05-27T18:21:05Z,40.775734,-73.878723,213.8,acddf8,N928XJ,CRJ9,BOMBARDIER Regional Jet CRJ-900,0
landing,JFK,22R,1779906124.47,2026-05-27T18:22:04Z,40.634261,-73.779077,233.4,ac40b3,N889QS,C700,,0
takeoff,LGA,31,1779906130.41,2026-05-27T18:22:10Z,40.772243,-73.857468,303.8,a08e82,N135HQ,E75L,EMBRAER ERJ-170-200 (long wing),0
landing,JFK,22L,1779906143.64,2026-05-27T18:22:23Z,40.63269,-73.764657,210.9,a12fda,N176DZ,B763,BOEING 767-300,0
landing,LGA,22,1779906146.86,2026-05-27T18:22:26Z,40.777107,-73.877579,210.9,a3a152,N333DU,BCS3,,0
landing,JFK,22R,1779906183.94,2026-05-27T18:23:03Z,40.6329,-73.7771,205.3,a2000d,N228PQ,CRJ9,BOMBARDIER Regional Jet CRJ-900,0
takeoff,LGA,31,1779906205.83,2026-05-27T18:23:25Z,40.772242,-73.857479,300.9,ac26cf,N882RW,E170,EMBRAER ERJ-170-100,0
landing,LGA,22,1779906215.81,2026-05-27T18:23:35Z,40.775688,-73.878754,210.9,a7167f,N556JB,A320,AIRBUS A-320,0
landing,JFK,22L,1779906242.97,2026-05-27T18:24:02Z,40.630131,-73.767197,229.3,7380c7,4X-EDI,B789,BOEING 787-9 Dreamliner,0
takeoff,LGA,13,1779906281.32,2026-05-27T18:24:41Z,40.771969,-73.859268,120.9,a14ad1,N18220,B738,BOEING 737-800,0
landing,LGA,22,1779906303.06,2026-05-27T18:25:03Z,40.777531,-73.877243,210.9,a2fe3c,N292PQ,CRJ9,BOMBARDIER Regional Jet CRJ-900,0
takeoff,LGA,31,1779906306.24,2026-05-27T18:25:06Z,40.772766,-73.858556,300.9,aba891,N850NN,B738,BOEING 737-800,0
landing,JFK,22R,1779906306.54,2026-05-27T18:25:06Z,40.635379,-73.77516,210.9,a0428a,N116AN,A321,AIRBUS A-321,0
landing,JFK,22L,1779906360.58,2026-05-27T18:26:00Z,40.632992,-73.764908,233.4,a13386,N177DN,B763,BOEING 767-300,0
takeoff,JFK,04L,1779906364.27,2026-05-27T18:26:04Z,40.649728,-73.766264,28.1,a5f162,N482PX,CRJ9,BOMBARDIER Regional Jet CRJ-900,0
landing,LGA,22,1779906371.12,2026-05-27T18:26:11Z,40.777863,-73.876939,213.8,a35254,N313DU,BCS3,AIRBUS A220-300,0
takeoff,JFK,22R,1779906372.37,2026-05-27T18:26:12Z,40.647959,-73.765328,210.9,a539c9,N436DX,A339,AIRBUS A-330-900,0
landing,LGA,22,1779906455.98,2026-05-27T18:27:35Z,40.779087,-73.875946,210.9,a3280a,N302PE,CL30,BOMBARDIER BD-100 Challenger 300,0
landing,JFK,22L,1779906472.24,2026-05-27T18:27:52Z,40.633896,-73.763824,216.6,a1f0b4,N224JQ,E75L,EMBRAER ERJ-170-200 (long wing),0
takeoff,LGA,13,1779906480.17,2026-05-27T18:28:00Z,40.775299,-73.867722,126.6,a35e6f,N316PQ,CRJ9,BOMBARDIER Regional Jet CRJ-900,0
takeoff,JFK,22R,1779906510.27,2026-05-27T18:28:30Z,40.646481,-73.766483,210.9,a37517,N3215J,BCS3,,0
landing,JFK,22L,1779906529.16,2026-05-27T18:28:49Z,40.63354,-73.764048,210.9,a4bef6,N4048J,A21N,AIRBUS A-321neo,0
takeoff,JFK,22R,1779906559.47,2026-05-27T18:29:19Z,40.647855,-73.765422,210.9,4c0221,YU-ARB,A332,AIRBUS A-330-200,0
landing,LGA,22,1779906582.24,2026-05-27T18:29:42Z,40.776583,-73.878,210.9,ac0ff9,N8767M,B38M,BOEING 737 MAX 8,0
landing,JFK,22L,1779906666.41,2026-05-27T18:31:06Z,40.632786,-73.765366,239.1,a3c5ea,N342NB,A319,AIRBUS A-319,0
landing,JFK,22R,1779906668.25,2026-05-27T18:31:08Z,40.633004,-73.777017,210.9,adb723,N983JT,A321,AIRBUS A-321,0
landing,LGA,22,1779906680.84,2026-05-27T18:31:20Z,40.777039,-73.877625,210.9,a1ccec,N215JQ,E75L,EMBRAER ERJ-170-200 (long wing),0
takeoff,LGA,31,1779906701.6,2026-05-27T18:31:41Z,40.772163,-73.857346,345.9,a1c935,N214JQ,E75L,EMBRAER ERJ-170-200 (long wing),0
landing,JFK,22L,1779906732.1,2026-05-27T18:32:12Z,40.632912,-73.765106,233.4,a39d9b,N332DU,BCS3,,0
landing,LGA,22,1779906765.14,2026-05-27T18:32:45Z,40.774349,-73.879764,205.3,a08714,N133HQ,E75L,EMBRAER ERJ-170-200 (long wing),0
landing,JFK,22R,1779906785.57,2026-05-27T18:33:05Z,40.6334,-73.776705,216.6,ab4c76,N827SK,CRJ9,BOMBARDIER Regional Jet CRJ-900,0
landing,JFK,22L,1779906793.21,2026-05-27T18:33:13Z,40.633587,-73.764038,210.9,ad3c48,N952CA,B744,BOEING 747-400,8
landing,LGA,22,1779906819.96,2026-05-27T18:33:39Z,40.777348,-73.87738,213.8,a32893,N302US,B38M,BOEING 737 MAX 8,0
takeoff,LGA,13,1779906839.99,2026-05-27T18:33:59Z,40.771905,-73.859118,123.8,aa56da,N76528,B738,BOEING 737-800,0
takeoff,LGA,13,1779906899.38,2026-05-27T18:34:59Z,40.77253,-73.860428,120.9,a145b7,N181PQ,CRJ9,BOMBARDIER Regional Jet CRJ-900,0
takeoff,JFK,22R,1779906901.62,2026-05-27T18:35:01Z,40.646365,-73.766577,210.9,ade609,N995JL,A321,AIRBUS A-321,0
takeoff,LGA,13,1779906908.63,2026-05-27T18:35:08Z,40.775512,-73.866671,118.1,a2fe3c,N292PQ,CRJ9,BOMBARDIER Regional Jet CRJ-900,0
takeoff,LGA,31,1779906908.65,2026-05-27T18:35:08Z,40.772266,-73.857513,303.8,ac03f2,N87306,E75L,EMBRAER ERJ-170-200 (long wing),0
landing,LGA,22,1779906919.81,2026-05-27T18:35:19Z,40.774477,-73.879701,202.5,ac159a,N878RW,E170,EMBRAER ERJ-170-100,0
landing,JFK,22L,1779906923.25,2026-05-27T18:35:23Z,40.635134,-73.762769,210.9,a13af4,N179DN,B763,BOEING 767-300,0
landing,LGA,22,1779906959.82,2026-05-27T18:35:59Z,40.776164,-73.878344,210.9,acfd2c,N936NN,B738,BOEING 737-800,0
takeoff,LGA,31,1779907009.32,2026-05-27T18:36:49Z,40.772196,-73.85737,300.9,abe2f6,N865RW,E170,EMBRAER ERJ-170-100,0
landing,LGA,22,1779907033.88,2026-05-27T18:37:13Z,40.776397,-73.878156,210.9,a495bf,N395DZ,A321,AIRBUS A-321,0
landing,JFK,22L,1779907056.07,2026-05-27T18:37:36Z,40.632385,-73.766312,247.5,a1c57e,N213JQ,E75L,EMBRAER ERJ-170-200 (long wing),0
landing,JFK,22L,1779907099.39,2026-05-27T18:38:19Z,40.632259,-73.765015,210.9,a495b4,N395DN,B738,BOEING 737-800,0
takeoff,LGA,13,1779907105.17,2026-05-27T18:38:25Z,40.77535,-73.866327,120.9,ac159a,N878RW,E170,EMBRAER ERJ-170-100,0
landing,LGA,22,1779907114.12,2026-05-27T18:38:34Z,40.777313,-73.877441,210.9,aa6ba6,N7702A,B737,BOEING 737-700,0
takeoff,LGA,13,1779907116.72,2026-05-27T18:38:36Z,40.771893,-73.860678,120.9,a3a152,N333DU,BCS3,,0
takeoff,JFK,04L,1779907126.64,2026-05-27T18:38:46Z,40.647125,-73.76828,30.9,a08e3c,N135EV,CRJ9,BOMBARDIER Regional Jet CRJ-900,0
landing,LGA,22,1779907211.0,2026-05-27T18:40:11Z,40.774302,-73.879764,199.7,a02cf1,N110HQ,E75L,EMBRAER ERJ-170-200 (long wing),0
landing,JFK,22L,1779907212.08,2026-05-27T18:40:12Z,40.633678,-73.764038,219.4,a32bf3,N303RE,B38M,BOEING 737 MAX 8,0
landing,JFK,22R,1779907259.88,2026-05-27T18:40:59Z,40.633404,-73.776718,208.1,ac801e,N904XJ,CRJ9,BOMBARDIER Regional Jet CRJ-900,0
landing,LGA,22,1779907261.94,2026-05-27T18:41:01Z,40.776653,-73.877938,210.9,a0be05,N147PQ,CRJ9,BOMBARDIER Regional Jet CRJ-900,0
landing,JFK,22L,1779907323.5,2026-05-27T18:42:03Z,40.630491,-73.76667,219.4,3c6716,D-AIXV,A359,AIRBUS A-350-900,0
landing,LGA,22,1779907344.88,2026-05-27T18:42:24Z,40.776993,-73.877686,210.9,acc3f7,N921XJ,CRJ9,BOMBARDIER Regional Jet CRJ-900,0
takeoff,LGA,13,1779907387.84,2026-05-27T18:43:07Z,40.775396,-73.866437,120.9,aa6ba6,N7702A,B737,BOEING 737-700,0
takeoff,LGA,31,1779907390.96,2026-05-27T18:43:10Z,40.772243,-73.857468,300.9,abd063,N860RW,E170,EMBRAER ERJ-170-100,0
landing,JFK,22L,1779907439.15,2026-05-27T18:43:59Z,40.635123,-73.762784,210.9,a5e29a,N479AS,B739,BOEING 737-900,0
landing,LGA,22,1779907442.96,2026-05-27T18:44:02Z,40.779396,-73.875702,213.8,c0853f,C-GYLY,BCS3,,0
takeoff,JFK,04L,1779907468.07,2026-05-27T18:44:28Z,40.649551,-73.766388,30.9,a6e720,N544DN,A21N,AIRBUS A-321neo,0
landing,LGA,22,1779907516.88,2026-05-27T18:45:16Z,40.775642,-73.878815,213.8,a34d98,N3115J,BCS3,AIRBUS A220-300,0
takeoff,LGA,13,1779907534.18,2026-05-27T18:45:34Z,40.775494,-73.866638,123.8,acc3f7,N921XJ,CRJ9,BOMBARDIER Regional Jet CRJ-900,0
landing,JFK,22L,1779907556.63,2026-05-27T18:45:56Z,40.630002,-73.767372,233.4,a52cc8,N432YX,E75L,EMBRAER ERJ-170-200 (long wing),0
landing,LGA,22,1779907580.39,2026-05-27T18:46:20Z,40.775402,-73.878983,210.9,a7faad,N613JB,A320,AIRBUS A-320,0
landing,JFK,22L,1779907609.85,2026-05-27T18:46:49Z,40.632888,-73.764563,210.9,a17ecd,N196DN,B763,BOEING 767-300,0
takeoff,LGA,31,1779907643.35,2026-05-27T18:47:23Z,40.772186,-73.857361,303.8,a53f5b,N437YX,E75L,EMBRAER ERJ-170-200 (long wing),0
landing,LGA,22,1779907646.41,2026-05-27T18:47:26Z,40.777898,-73.876939,213.8,abd254,N8608N,B738,BOEING 737-800,0
takeoff,LGA,31,1779907693.95,2026-05-27T18:48:13Z,40.772232,-73.857452,306.6,a23bfb,N243JQ,E75L,EMBRAER ERJ-170-200 (long wing),0
landing,JFK,22L,1779907713.78,2026-05-27T18:48:33Z,40.633458,-73.764283,222.2,a76c79,N578DN,A21N,AIRBUS A-321neo,0
takeoff,LGA,13,1779907744.34,2026-05-27T18:49:04Z,40.771474,-73.858135,90.0,a04aa9,N118HQ,E75L,EMBRAER ERJ-170-200 (long wing),0
landing,JFK,22L,1779907771.44,2026-05-27T18:49:31Z,40.633759,-73.763855,210.9,a1e411,N2205J,A21N,AIRBUS A-321neo,0
landing,LGA,22,1779907772.5,2026-05-27T18:49:32Z,40.773499,-73.879951,182.8,a50900,N423YX,E75L,EMBRAER ERJ-170-200 (long wing),0
takeoff,JFK,22R,1779907802.78,2026-05-27T18:50:02Z,40.647789,-73.765457,210.9,71be22,HL7622,A388,AIRBUS A-380-800,0
landing,LGA,22,1779907826.8,2026-05-27T18:50:26Z,40.777199,-73.877518,210.9,a39723,N330PQ,CRJ9,BOMBARDIER Regional Jet CRJ-900,0
landing,JFK,22L,1779907856.38,2026-05-27T18:50:56Z,40.633541,-73.764191,222.2,c00b71,C-FEIQ,E75S,EMBRAER ERJ-170-200 (short wing),0
landing,LGA,22,1779907901.73,2026-05-27T18:51:41Z,40.772335,-73.881527,213.8,abedc8,N868NN,B738,BOEING 737-800,0
takeoff,LGA,13,1779907915.38,2026-05-27T18:51:55Z,40.77166,-73.85865,126.6,ab40f0,N824NN,B738,BOEING 737-800,0
landing,JFK,22L,1779907932.28,2026-05-27T18:52:12Z,40.633976,-73.763733,213.8,a19d0d,N2029J,A21N,AIRBUS A-321neo,0
takeoff,LGA,31,1779907934.09,2026-05-27T18:52:14Z,40.772289,-73.857401,331.9,a03ce6,N114UW,A320,AIRBUS A-320,0
takeoff,JFK,04L,1779907945.68,2026-05-27T18:52:25Z,40.649723,-73.766251,30.9,a0144e,N104HQ,E75L,EMBRAER ERJ-170-200 (long wing),0
takeoff,LGA,13,1779907952.85,2026-05-27T18:52:32Z,40.771672,-73.85865,123.8,a50cb7,N424YX,E75L,EMBRAER ERJ-170-200 (long wing),0
takeoff,JFK,22R,1779907974.49,2026-05-27T18:52:54Z,40.646342,-73.766608,210.9,ab8862,N842MH,B764,BOEING 767-400,0
landing,JFK,22L,1779907996.92,2026-05-27T18:53:16Z,40.635192,-73.762722,210.9,a56866,N448AS,B739,BOEING 737-900,0
landing,LGA,22,1779907997.14,2026-05-27T18:53:17Z,40.777712,-73.877064,213.8,ac98c1,N910XJ,CRJ9,BOMBARDIER Regional Jet CRJ-900,0
landing,LGA,22,1779908104.24,2026-05-27T18:55:04Z,40.774807,-73.879456,208.1,a1f46b,N225JQ,E75L,EMBRAER ERJ-170-200 (long wing),0
landing,LGA,22,1779908171.52,2026-05-27T18:56:11Z,40.776203,-73.878326,213.8,a399e4,N331DU,BCS3,,0
takeoff,LGA,13,1779908177.64,2026-05-27T18:56:17Z,40.775408,-73.867841,126.6,a39723,N330PQ,CRJ9,BOMBARDIER Regional Jet CRJ-900,0
takeoff,LGA,31,1779908217.7,2026-05-27T18:56:57Z,40.772324,-73.85762,298.1,a15795,N186GJ,CRJ9,BOMBARDIER Regional Jet CRJ-900,0
landing,JFK,22L,1779908219.39,2026-05-27T18:56:59Z,40.631104,-73.766083,213.8,ad56e0,N959JB,A321,AIRBUS A-321,0
landing,JFK,04L,1779908226.12,2026-05-27T18:57:06Z,40.636624,-73.775924,353.1,89640a,A6-BLE,B789,BOEING 787-9 Dreamliner,0
landing,JFK,22L,1779908308.29,2026-05-27T18:58:28Z,40.632539,-73.764798,210.9,a12c23,N175DZ,B763,BOEING 767-300,0
landing,JFK,22L,1779908387.84,2026-05-27T18:59:47Z,40.630793,-73.766296,219.4,780bb8,B-2097,B77L,BOEING 777-200LR,0
landing,JFK,22R,1779908417.78,2026-05-27T19:00:17Z,40.632958,-73.777064,210.9,a1a0c4,N2039J,A21N,AIRBUS A-321neo,0
takeoff,JFK,04L,1779908463.57,2026-05-27T19:01:03Z,40.649734,-73.766235,30.9,aca02f,N912XJ,CRJ9,BOMBARDIER Regional Jet CRJ-900,0
takeoff,LGA,31,1779908477.47,2026-05-27T19:01:17Z,40.772161,-73.857307,300.9,a05bde,N122HQ,E75L,EMBRAER ERJ-170-200 (long wing),0
landing,JFK,22L,1779908486.85,2026-05-27T19:01:26Z,40.631329,-73.765796,213.8,abbb2c,N855NW,A332,AIRBUS A-330-200,0
landing,LGA,22,1779908541.92,2026-05-27T19:02:21Z,40.774097,-73.880051,210.9,a866c7,N640RW,E170,EMBRAER ERJ-170-100,0
takeoff,LGA,13,1779908574.73,2026-05-27T19:02:54Z,40.775391,-73.867828,126.6,ac98c1,N910XJ,CRJ9,BOMBARDIER Regional Jet CRJ-900,0
landing,JFK,22L,1779908612.23,2026-05-27T19:03:32Z,40.633773,-73.763892,216.6,a033ae,N112AN,A321,AIRBUS A-321,0
landing,JFK,22R,1779908639.38,2026-05-27T19:03:59Z,40.633493,-73.776627,216.6,ab6162,N832SK,CRJ9,BOMBARDIER Regional Jet CRJ-900,0
landing,JFK,22L,1779908698.5,2026-05-27T19:04:58Z,40.633862,-73.763824,213.8,400774,G-VIIW,B772,BOEING 777-200,0
takeoff,LGA,31,1779908761.49,2026-05-27T19:06:01Z,40.772289,-73.857557,300.9,a14380,N1803U,B38M,,0
landing,JFK,22L,1779908769.42,2026-05-27T19:06:09Z,40.631771,-73.765406,210.9,780a3f,B-LJJ,B748,BOEING 747-8,0
takeoff,LGA,13,1779908794.91,2026-05-27T19:06:34Z,40.77642,-73.86859,123.8,a1f46b,N225JQ,E75L,EMBRAER ERJ-170-200 (long wing),0
landing,LGA,22,1779908834.16,2026-05-27T19:07:14Z,40.774303,-73.879791,199.7,a05827,N121HQ,E75L,EMBRAER ERJ-170-200 (long wing),0
takeoff,JFK,22R,1779908882.52,2026-05-27T19:08:02Z,40.649094,-73.76445,210.9,ad049a,N938NN,B738,BOEING 737-800,0
landing,JFK,22L,1779908898.72,2026-05-27T19:08:18Z,40.636974,-73.761322,210.9,a4c9f8,N4077J,A21N,AIRBUS A-321neo,0
landing,LGA,22,1779908920.87,2026-05-27T19:08:40Z,40.77507,-73.879233,213.8,a4e538,N414YX,E75L,EMBRAER ERJ-170-200 (long wing),0
takeoff,LGA,31,1779908923.27,2026-05-27T19:08:43Z,40.772427,-73.857864,303.8,a387f0,N3267J,BCS3,,0
landing,JFK,22L,1779908973.93,2026-05-27T19:09:33Z,40.633842,-73.763768,213.8,ab975c,N846NN,B738,BOEING 737-800,0
takeoff,LGA,31,1779908980.07,2026-05-27T19:09:40Z,40.772265,-73.857526,303.8,a3b79c,N339DU,,,0
landing,LGA,22,1779908993.62,2026-05-27T19:09:53Z,40.776501,-73.878082,210.9,acd68a,N926XJ,CRJ9,BOMBARDIER Regional Jet CRJ-900,0
takeoff,LGA,13,1779909018.36,2026-05-27T19:10:18Z,40.771579,-73.858447,120.9,ac0a75,N875RW,E170,EMBRAER ERJ-170-100,0
takeoff,LGA,31,1779909056.1,2026-05-27T19:10:56Z,40.772289,-73.857573,298.1,a14c70,N183GJ,CRJ9,BOMBARDIER Regional Jet CRJ-900,0
landing,JFK,22L,1779909068.28,2026-05-27T19:11:08Z,40.632725,-73.764642,210.9,394a18,F-GSQY,B77W,BOEING 777-300ER,0
landing,LGA,22,1779909075.25,2026-05-27T19:11:15Z,40.775723,-73.878723,210.9,adeca5,N997AA,A321,AIRBUS A-321,0
landing,JFK,22R,1779909143.77,2026-05-27T19:12:23Z,40.632492,-73.777438,208.1,a07f60,N131EV,CRJ9,BOMBARDIER Regional Jet CRJ-900,0
takeoff,LGA,13,1779909156.96,2026-05-27T19:12:36Z,40.771671,-73.858627,123.8,a03bcd,N114HQ,E75L,EMBRAER ERJ-170-200 (long wing),0
landing,JFK,22L,1779909164.74,2026-05-27T19:12:44Z,40.632725,-73.764688,210.9,aa1dcd,N751AN,B772,BOEING 777-200,0
takeoff,LGA,31,1779909195.15,2026-05-27T19:13:15Z,40.772255,-73.857513,300.9,a05b78,N122DN,A321,AIRBUS A-321,0
takeoff,JFK,22R,1779909238.48,2026-05-27T19:13:58Z,40.646237,-73.766686,213.8,a61173,N490PX,CRJ9,BOMBARDIER Regional Jet CRJ-900,0
takeoff,JFK,04L,1779909240.43,2026-05-27T19:14:00Z,40.633516,-73.778702,59.1,a07f60,N131EV,CRJ9,BOMBARDIER Regional Jet CRJ-900,0
landing,JFK,22L,1779909301.9,2026-05-27T19:15:01Z,40.635761,-73.762283,210.9,a6c358,N535DN,A21N,AIRBUS A-321neo,0
landing,LGA,22,1779909323.48,2026-05-27T19:15:23Z,40.778503,-73.876419,210.9,c00757,C-FCUG,A320,AIRBUS A-320,0
landing,JFK,22L,1779909385.38,2026-05-27T19:16:25Z,40.63266,-73.764725,210.9,a0f46f,N1603,B763,BOEING 767-300,0
landing,LGA,22,1779909414.18,2026-05-27T19:16:54Z,40.775448,-73.878952,210.9,a1e58f,N221JQ,E75L,EMBRAER ERJ-170-200 (long wing),0
takeoff,LGA,13,1779909441.39,2026-05-27T19:17:21Z,40.771765,-73.858821,123.8,a54cd9,N440YX,E75L,EMBRAER ERJ-170-200 (long wing),0
landing,JFK,22L,1779909477.45,2026-05-27T19:17:57Z,40.630444,-73.766717,225.0,aa1a16,N750AN,B772,BOEING 777-200,0
takeoff,JFK,22R,1779909490.02,2026-05-27T19:18:10Z,40.646965,-73.766113,210.9,ad495b,N955XV,A21N,,0
takeoff,JFK,04L,1779909523.77,2026-05-27T19:18:43Z,40.650135,-73.765945,30.9,a1ecfd,N223JQ,E75L,EMBRAER ERJ-170-200 (long wing),0
takeoff,JFK,22R,1779909561.74,2026-05-27T19:19:21Z,40.648669,-73.764782,210.9,a94156,N696DL,B752,BOEING 757-200,0
takeoff,LGA,31,1779909580.38,2026-05-27T19:19:40Z,40.772242,-73.857463,303.8,a5255a,N430YX,E75L,EMBRAER ERJ-170-200 (long wing),0
landing,JFK,22L,1779909606.07,2026-05-27T19:20:06Z,40.631294,-73.765749,210.9,adbe91,N985JT,A321,AIRBUS A-321,0
takeoff,LGA,13,1779909624.4,2026-05-27T19:20:24Z,40.775315,-73.867716,132.2,abdb6b,N863QS,C700,CESSNA 700 Citation Longitude,0
landing,LGA,22,1779909638.28,2026-05-27T19:20:38Z,40.774532,-73.879639,205.3,a0345f,N112HQ,E75L,EMBRAER ERJ-170-200 (long wing),0
landing,JFK,22L,1779909677.12,2026-05-27T19:21:17Z,40.635123,-73.762769,210.9,a33843,N3062J,BCS3,AIRBUS A220-300,0
takeoff,LGA,13,1779909687.7,2026-05-27T19:21:27Z,40.774704,-73.866577,118.1,a39113,N329PQ,CRJ9,BOMBARDIER Regional Jet CRJ-900,0
takeoff,LGA,31,1779909763.45,2026-05-27T19:22:43Z,40.772312,-73.857635,303.8,aced23,N932AM,A321,AIRBUS A-321,0
landing,LGA,22,1779909768.29,2026-05-27T19:22:48Z,40.777508,-73.877243,210.9,a0b86c,N14559,A21N,AIRBUS A-321neo,0
landing,JFK,22L,1779909786.04,2026-05-27T19:23:06Z,40.633226,-73.764501,225.0,a7b40e,N596DT,,,0
landing,JFK,22L,1779909840.15,2026-05-27T19:24:00Z,40.635541,-73.762457,210.9,a2919a,N265AK,B739,BOEING 737-900,0
takeoff,JFK,22R,1779909841.13,2026-05-27T19:24:01Z,40.646233,-73.766678,210.9,a3311b,N3044J,BCS3,AIRBUS A220-300,0
landing,LGA,22,1779909885.14,2026-05-27T19:24:45Z,40.781169,-73.874224,213.8,a7def8,N606QS,C68A,CESSNA 680 Citation Latitude,0
takeoff,JFK,22R,1779909926.37,2026-05-27T19:25:26Z,40.646388,-73.766561,210.9,a7b7c5,N597DT,A21N,AIRBUS A-321neo,0
landing,JFK,22L,1779909927.53,2026-05-27T19:25:27Z,40.632783,-73.764626,210.9,ab4bf7,N827MH,B764,BOEING 767-400,0
takeoff,LGA,31,1779909935.42,2026-05-27T19:25:35Z,40.772209,-73.857407,300.9,a05470,N120HQ,E75L,EMBRAER ERJ-170-200 (long wing),0
landing,LGA,22,1779909972.95,2026-05-27T19:26:12Z,40.774567,-73.879623,205.3,a1f822,N226JQ,E75L,EMBRAER ERJ-170-200 (long wing),0
takeoff,JFK,22R,1779910005.47,2026-05-27T19:26:45Z,40.646404,-73.766541,210.9,a17b16,N195DN,B763,BOEING 767-300,0
takeoff,JFK,04L,1779910010.93,2026-05-27T19:26:50Z,40.649426,-73.766499,30.9,ac5bf6,N896DN,B739,BOEING 737-900,0
takeoff,LGA,31,1779910033.39,2026-05-27T19:27:13Z,40.772254,-73.857495,303.8,a3472f,N310DU,BCS3,AIRBUS A220-300,0
landing,LGA,22,1779910043.4,2026-05-27T19:27:23Z,40.777491,-73.877251,213.8,a44a6d,N376DN,A321,AIRBUS A-321,0
landing,JFK,22L,1779910051.13,2026-05-27T19:27:31Z,40.632935,-73.76506,233.4,a2af3e,N272PQ,CRJ9,BOMBARDIER Regional Jet CRJ-900,0
takeoff,JFK,22R,1779910136.32,2026-05-27T19:28:56Z,40.647482,-73.765703,210.9,aaf183,N804JB,A320,AIRBUS A-320,0
landing,JFK,22L,1779910219.32,2026-05-27T19:30:19Z,40.63385,-73.76387,218.1,48ae00,SP-LRA,B788,BOEING 787-8 Dreamliner,0
landing,LGA,22,1779910221.37,2026-05-27T19:30:21Z,40.777336,-73.877396,210.9,a15c80,N187US,A321,AIRBUS A-321,0
takeoff,JFK,22R,1779910263.56,2026-05-27T19:31:03Z,40.647796,-73.765469,210.9,780a61,B-KQM,B77W,BOEING 777-300ER,0
takeoff,LGA,13,1779910273.14,2026-05-27T19:31:13Z,40.775408,-73.867888,126.6,a1f822,N226JQ,E75L,EMBRAER ERJ-170-200 (long wing),0
takeoff,LGA,31,1779910310.73,2026-05-27T19:31:50Z,40.772289,-73.85762,303.8,a445d9,N3746H,B738,BOEING 737-800,0
landing,LGA,22,1779910313.64,2026-05-27T19:31:53Z,40.777256,-73.877441,208.1,a34215,N309PQ,CRJ9,BOMBARDIER Regional Jet CRJ-900,0
landing,JFK,22L,1779910370.32,2026-05-27T19:32:50Z,40.633726,-73.763892,213.8,a358bd,N3145J,BCS3,AIRBUS A220-300,0
landing,JFK,22R,1779910389.79,2026-05-27T19:33:09Z,40.635285,-73.778094,210.9,ac760d,N9016,A319,AIRBUS A-319,0
landing,JFK,22L,1779910445.18,2026-05-27T19:34:05Z,40.633563,-73.764127,222.2,0d0e1d,XA-MLI,B38M,BOEING 737 MAX 8,0
takeoff,JFK,22R,1779910451.83,2026-05-27T19:34:11Z,40.646202,-73.766701,210.9,a6ab27,N529JB,A320,AIRBUS A-320,0
takeoff,LGA,31,1779910455.29,2026-05-27T19:34:15Z,40.772289,-73.857588,303.8,a445f8,N3747D,B738,BOEING 737-800,0
landing,LGA,22,1779910463.92,2026-05-27T19:34:23Z,40.777313,-73.877411,210.9,a5cc12,N47281,B38M,BOEING 737 MAX 8,0
takeoff,JFK,04L,1779910499.04,2026-05-27T19:34:59Z,40.649185,-73.766678,30.9,a19691,N201JQ,E75L,EMBRAER ERJ-170-200 (long wing),0
landing,LGA,22,1779910551.63,2026-05-27T19:35:51Z,40.778206,-73.876663,213.8,c0850c,C-GYJZ,DH8D,DE HAVILLAND DHC-8-400 Dash 8,0
takeoff,JFK,22R,1779910557.88,2026-05-27T19:35:57Z,40.647892,-73.765381,210.9,a6f2b7,N547JB,A320,AIRBUS A-320,0
landing,JFK,22L,1779910586.96,2026-05-27T19:36:26Z,40.633319,-73.76447,225.0,a6c393,N535FX,CL30,BOMBARDIER BD-100 Challenger 300,0
landing,LGA,22,1779910633.0,2026-05-27T19:37:13Z,40.775711,-73.878723,213.8,abe496,N8656B,B738,BOEING 737-800,0
takeoff,JFK,04L,1779910643.0,2026-05-27T19:37:23Z,40.6493,-73.766571,28.1,abf6ae,N870DN,B739,BOEING 737-900,0
takeoff,LGA,31,1779910681.31,2026-05-27T19:38:01Z,40.772277,-73.857495,298.1,abd41a,N861RW,E170,EMBRAER ERJ-170-100,0
takeoff,JFK,22R,1779910688.6,2026-05-27T19:38:08Z,40.647491,-73.765701,210.9,a4dbef,N412DX,A339,AIRBUS A-330-900,0
landing,LGA,22,1779910718.41,2026-05-27T19:38:38Z,40.77663,-73.877969,213.8,a3b124,N337PQ,CRJ9,BOMBARDIER Regional Jet CRJ-900,0
takeoff,LGA,31,1779910769.97,2026-05-27T19:39:29Z,40.772335,-73.857682,303.8,a23a28,N24224,B738,BOEING 737-800,0
takeoff,JFK,04L,1779910777.83,2026-05-27T19:39:37Z,40.648925,-73.766889,39.4,a03816,N113HQ,E75L,EMBRAER ERJ-170-200 (long wing),0
landing,JFK,22L,1779910787.6,2026-05-27T19:39:47Z,40.633827,-73.763824,216.6,a33ca9,N3077J,BCS3,AIRBUS A220-300,0
landing,LGA,22,1779910798.63,2026-05-27T19:39:58Z,40.774876,-73.879425,208.1,a17c12,N195PQ,CRJ9,BOMBARDIER Regional Jet CRJ-900,0
takeoff,LGA,13,1779910843.0,2026-05-27T19:40:43Z,40.775391,-73.866425,123.8,abbb77,N855RW,E170,EMBRAER ERJ-170-100,0
takeoff,LGA,31,1779910858.37,2026-05-27T19:40:58Z,40.772324,-73.857651,303.8,a2452a,N24514,A21N,,0
landing,LGA,22,1779910867.88,2026-05-27T19:41:07Z,40.776386,-73.878174,210.9,a3965c,N330FR,A20N,AIRBUS A-320neo,0
landing,JFK,22L,1779910895.18,2026-05-27T19:41:35Z,40.630096,-73.767197,230.6,406b0a,G-STBK,B77W,BOEING 777-300ER,0
takeoff,JFK,22R,1779910936.57,2026-05-27T19:42:16Z,40.647915,-73.765366,210.9,a009a4,N101NN,A321,AIRBUS A-321,0
landing,LGA,22,1779910988.2,2026-05-27T19:43:08Z,40.776512,-73.878082,210.9,a93d7c,N695CA,CRJ9,BOMBARDIER Regional Jet CRJ-900,0
takeoff,LGA,13,1779911006.49,2026-05-27T19:43:26Z,40.775443,-73.866499,123.8,a0ade2,N143AN,A321,AIRBUS A-321,0
landing,JFK,22L,1779911008.64,2026-05-27T19:43:28Z,40.632667,-73.765625,241.9,a36a21,N319VF,B38M,BOEING 737 MAX 8,0
takeoff,JFK,13L,1779911047.97,2026-05-27T19:44:07Z,40.649323,-73.768768,115.3,a30961,N295PQ,CRJ9,BOMBARDIER Regional Jet CRJ-900,0
takeoff,JFK,22R,1779911060.93,2026-05-27T19:44:20Z,40.648716,-73.764735,210.9,abe930,N867DN,B739,BOEING 737-900,0
landing,LGA,22,1779911071.79,2026-05-27T19:44:31Z,40.776798,-73.877823,210.9,ac379a,N8868L,B38M,BOEING 737 MAX 8,0
takeoff,JFK,04L,1779911074.33,2026-05-27T19:44:34Z,40.651016,-73.765045,73.1,a52cc8,N432YX,E75L,EMBRAER ERJ-170-200 (long wing),0
landing,JFK,22L,1779911117.84,2026-05-27T19:45:17Z,40.634052,-73.763674,213.8,4a91af,SE-DMO,A21N,AIRBUS A-321neo,0
landing,LGA,22,1779911206.01,2026-05-27T19:46:46Z,40.776758,-73.87786,210.9,a7de93,N606LR,CRJ9,BOMBARDIER Regional Jet CRJ-900,0
takeoff,LGA,13,1779911212.29,2026-05-27T19:46:52Z,40.775402,-73.867859,129.4,a3b124,N337PQ,CRJ9,BOMBARDIER Regional Jet CRJ-900,0
takeoff,LGA,31,1779911212.34,2026-05-27T19:46:52Z,40.772346,-73.857681,300.9,ac0ff9,N8767M,B38M,BOEING 737 MAX 8,0
landing,JFK,22L,1779911218.23,2026-05-27T19:46:58Z,40.631829,-73.765391,210.9,aac6ee,N794AN,B772,BOEING 777-200,0
takeoff,LGA,22,1779911260.99,2026-05-27T19:47:40Z,40.775574,-73.875427,210.9,a93d7c,N695CA,CRJ9,BOMBARDIER Regional Jet CRJ-900,0
takeoff,LGA,31,1779911275.25,2026-05-27T19:47:55Z,40.772242,-73.857463,303.8,ada699,N979RP,E170,EMBRAER ERJ-170-100,0
takeoff,JFK,22R,1779911294.19,2026-05-27T19:48:14Z,40.647308,-73.765839,210.9,a8712a,N643JB,A320,AIRBUS A-320,0
landing,JFK,22L,1779911341.69,2026-05-27T19:49:01Z,40.635075,-73.762833,210.9,adf128,N998JE,A321,AIRBUS A-321,0
landing,LGA,22,1779911398.86,2026-05-27T19:49:58Z,40.77776,-73.877045,210.9,a451cf,N378DA,B738,BOEING 737-800,0
landing,JFK,22R,1779911399.69,2026-05-27T19:49:59Z,40.633656,-73.776505,210.9,a7650b,N576DN,A21N,AIRBUS A-321neo,0
takeoff,LGA,31,1779911452.1,2026-05-27T19:50:52Z,40.772232,-73.857468,303.8,ab40ce,N824MD,E170,EMBRAER ERJ-170-100,0
landing,JFK,22L,1779911461.4,2026-05-27T19:51:01Z,40.632465,-73.766159,241.9,a15b05,N187DN,B763,BOEING 767-300,0
landing,JFK,22R,1779911500.49,2026-05-27T19:51:40Z,40.635518,-73.775066,210.9,a3d4c6,N346NB,A319,AIRBUS A-319,0
takeoff,JFK,04L,1779911530.82,2026-05-27T19:52:10Z,40.650264,-73.765843,30.9,0aca28,HK-5378,A20N,AIRBUS A-320neo,0
landing,JFK,22L,1779911540.75,2026-05-27T19:52:20Z,40.633679,-73.763924,210.9,ac4d1a,N892DN,B739,BOEING 737-900,0
takeoff,LGA,31,1779911584.36,2026-05-27T19:53:04Z,40.772266,-73.857513,300.9,acddf8,N928XJ,CRJ9,BOMBARDIER Regional Jet CRJ-900,0
takeoff,JFK,22R,1779911615.84,2026-05-27T19:53:35Z,40.648476,-73.764938,210.9,0d0ba3,XA-VIR,A20N,AIRBUS A-320neo,0
landing,JFK,22L,1779911631.36,2026-05-27T19:53:51Z,40.634022,-73.763672,216.6,ab43c6,N825DN,B739,BOEING 737-900,0
landing,JFK,22R,1779911709.14,2026-05-27T19:55:09Z,40.6329,-73.777115,210.9,4ca9cb,EI-LRD,A21N,AIRBUS A-321neo,0
landing,JFK,22L,1779911746.6,2026-05-27T19:55:46Z,40.635076,-73.762847,210.9,aae582,N8009T,A319,AIRBUS A-319,0
landing,JFK,22R,1779911796.84,2026-05-27T19:56:36Z,40.632772,-73.77722,210.9,ad6ff2,N965NN,B738,BOEING 737-800,0
landing,JFK,22L,1779911847.71,2026-05-27T19:57:27Z,40.630956,-73.76614,216.6,ab35d3,N821NW,A333,AIRBUS A-330-300,0
landing,LGA,22,1779911904.2,2026-05-27T19:58:24Z,40.779533,-73.87558,210.9,a539fb,N436FX,E545,EMBRAER EMB545 Praetor 500,0
landing,JFK,22L,1779911963.02,2026-05-27T19:59:23Z,40.633335,-73.76442,225.0,a30bce,N296AK,B739,BOEING 737-900,0
takeoff,JFK,04L,1779911991.93,2026-05-27T19:59:51Z,40.650192,-73.7659,30.9,acb2c2,N917XJ,CRJ9,BOMBARDIER Regional Jet CRJ-900,0
takeoff,JFK,22R,1779912004.32,2026-05-27T20:00:04Z,40.649151,-73.764404,210.9,adc238,N986JB,A321,AIRBUS A-321,0
landing,JFK,22L,1779912060.96,2026-05-27T20:01:00Z,40.631538,-73.765609,210.9,06a0f4,A7-ANT,A35K,AIRBUS A-350-1000,0
landing,LGA,22,1779912075.36,2026-05-27T20:01:15Z,40.775361,-73.879015,210.9,a1b449,N209JQ,E75L,EMBRAER ERJ-170-200 (long wing),0
landing,JFK,22R,1779912124.62,2026-05-27T20:02:04Z,40.631561,-73.778156,210.9,a1e946,N222JQ,E75L,EMBRAER ERJ-170-200 (long wing),0
landing,JFK,22L,1779912169.53,2026-05-27T20:02:49Z,40.632632,-73.764735,212.4,aba765,N850AN,B789,BOEING 787-9 Dreamliner,0
takeoff,JFK,04L,1779912202.8,2026-05-27T20:03:22Z,40.649426,-73.766495,30.9,c00b71,C-FEIQ,E75S,EMBRAER ERJ-170-200 (short wing),0
takeoff,JFK,22R,1779912203.98,2026-05-27T20:03:23Z,40.649174,-73.764374,210.9,a5fc87,N485PX,CRJ9,BOMBARDIER Regional Jet CRJ-900,0
takeoff,JFK,04L,1779912261.33,2026-05-27T20:04:21Z,40.649449,-73.766467,30.9,0c216d,HP-9922CMP,B39M,BOEING 737 MAX 9,0
takeoff,JFK,22R,1779912271.78,2026-05-27T20:04:31Z,40.648533,-73.764893,210.9,a34e01,N3118J,BCS3,AIRBUS A220-300,0
landing,JFK,22L,1779912311.04,2026-05-27T20:05:11Z,40.632772,-73.765406,239.1,c012bd,C-FHCM,B38M,BOEING 737 MAX 8,0
landing,LGA,22,1779912346.99,2026-05-27T20:05:46Z,40.778399,-73.876534,210.9,a34e9d,N312DU,BCS3,AIRBUS A220-300,0
takeoff,JFK,22R,1779912393.18,2026-05-27T20:06:33Z,40.646865,-73.766186,210.9,a16273,N189DN,B763,BOEING 767-300,0
landing,JFK,22L,1779912396.04,2026-05-27T20:06:36Z,40.633819,-73.763861,216.6,a066a3,N125DU,BCS1,AIRBUS A220-100,0
landing,LGA,22,1779912446.32,2026-05-27T20:07:26Z,40.77869,-73.876268,210.9,a46a7e,N384DN,A321,AIRBUS A-321,0
landing,JFK,22L,1779912462.34,2026-05-27T20:07:42Z,40.635292,-73.762665,210.9,a77645,N580DT,A21N,AIRBUS A-321neo,0
landing,LGA,22,1779912535.19,2026-05-27T20:08:55Z,40.776048,-73.878437,210.9,a21142,N232PQ,CRJ9,BOMBARDIER Regional Jet CRJ-900,0
landing,JFK,22L,1779912574.54,2026-05-27T20:09:34Z,40.632797,-73.765427,239.1,a55f6c,N445YX,E75L,EMBRAER ERJ-170-200 (long wing),0
landing,JFK,22R,1779912597.15,2026-05-27T20:09:57Z,40.631744,-73.778015,210.9,ad7e6f,N969JT,A321,AIRBUS A-321,0
landing,LGA,22,1779912632.32,2026-05-27T20:10:32Z,40.775431,-73.878952,210.9,a8996b,N653RW,E170,EMBRAER ERJ-170-100,0
landing,JFK,22L,1779912633.56,2026-05-27T20:10:33Z,40.633553,-73.764084,219.4,ab9387,N845MH,B764,BOEING 767-400,0
landing,LGA,22,1779912711.0,2026-05-27T20:11:51Z,40.776535,-73.878052,210.9,ac7c67,N903XJ,CRJ9,BOMBARDIER Regional Jet CRJ-900,0
takeoff,JFK,22R,1779912743.82,2026-05-27T20:12:23Z,40.64835,-73.765045,210.9,3c6518,D-AIHX,A346,AIRBUS A-340-600,0
landing,LGA,22,1779912789.78,2026-05-27T20:13:09Z,40.774663,-73.879545,205.3,ac1951,N879RW,E170,EMBRAER ERJ-170-100,0
takeoff,JFK,04L,1779912821.83,2026-05-27T20:13:41Z,40.649494,-73.766434,30.9,a1f0b4,N224JQ,E75L,EMBRAER ERJ-170-200 (long wing),0
landing,JFK,22L,1779912827.99,2026-05-27T20:13:47Z,40.635109,-73.762817,210.9,a32095,N300NY,A21N,AIRBUS A-321neo,0
takeoff,JFK,13L,1779912830.12,2026-05-27T20:13:50Z,40.648052,-73.768784,120.9,ac40b3,N889QS,C700,,0
takeoff,JFK,22R,1779912856.12,2026-05-27T20:14:16Z,40.64832,-73.765063,210.9,8966cf,A6-XWH,A35K,AIRBUS A-350-1000,0
landing,LGA,22,1779912866.31,2026-05-27T20:14:26Z,40.776409,-73.878189,213.8,ac7e15,N904AN,B738,BOEING 737-800,0
takeoff,LGA,13,1779912866.31,2026-05-27T20:14:26Z,40.776513,-73.868778,123.8,a451cf,N378DA,B738,BOEING 737-800,0
landing,JFK,22L,1779912919.42,2026-05-27T20:15:19Z,40.635166,-73.762741,210.9,a120fe,N172DZ,B763,BOEING 767-300,0
landing,LGA,22,1779912932.12,2026-05-27T20:15:32Z,40.77673,-73.877899,210.9,ac5ab7,N8953Q,B38M,,0
takeoff,JFK,04L,1779912969.66,2026-05-27T20:16:09Z,40.649712,-73.766266,30.9,adb723,N983JT,A321,AIRBUS A-321,0
landing,JFK,22L,1779913034.86,2026-05-27T20:17:14Z,40.633953,-73.763733,216.6,a6692d,N512DE,A21N,AIRBUS A-321neo,0
landing,LGA,22,1779913037.55,2026-05-27T20:17:17Z,40.777363,-73.877376,213.8,ace7bf,N930XJ,CRJ9,BOMBARDIER Regional Jet CRJ-900,0
takeoff,JFK,22R,1779913068.29,2026-05-27T20:17:48Z,40.647389,-73.765796,210.9,a35949,N3149J,BCS3,AIRBUS A220-300,0
landing,LGA,22,1779913100.21,2026-05-27T20:18:20Z,40.778091,-73.87677,210.9,a4421d,N3736C,B738,BOEING 737-800,0
landing,JFK,22L,1779913120.17,2026-05-27T20:18:40Z,40.633621,-73.764008,213.8,a3871e,N3261J,BCS3,,0
takeoff,JFK,22R,1779913126.8,2026-05-27T20:18:46Z,40.646493,-73.766467,210.9,ac801e,N904XJ,CRJ9,BOMBARDIER Regional Jet CRJ-900,0
landing,JFK,22L,1779913213.01,2026-05-27T20:20:13Z,40.63298,-73.764969,233.4,a037b2,N113DQ,BCS1,AIRBUS A220-100,0
takeoff,LGA,13,1779913221.99,2026-05-27T20:20:21Z,40.775459,-73.866547,123.8,a02cf1,N110HQ,E75L,EMBRAER ERJ-170-200 (long wing),0
landing,JFK,13R,1779913222.57,2026-05-27T20:20:22Z,40.641701,-73.792908,109.7,4cadc6,EI-HJN,A339,AIRBUS A-330-900,0
takeoff,LGA,13,1779913268.38,2026-05-27T20:21:08Z,40.775379,-73.867828,126.6,a32893,N302US,B38M,BOEING 737 MAX 8,0
landing,LGA,22,1779913271.12,2026-05-27T20:21:11Z,40.776421,-73.878128,210.9,a08317,N132EV,CRJ9,BOMBARDIER Regional Jet CRJ-900,0
landing,JFK,22L,1779913290.56,2026-05-27T20:21:30Z,40.633839,-73.763855,216.6,a790b3,N587JB,A320,AIRBUS A-320,0
landing,LGA,22,1779913364.63,2026-05-27T20:22:44Z,40.779353,-73.875722,213.8,c080db,C-GWUS,BCS3,AIRBUS A220-300,0
takeoff,JFK,22R,1779913379.53,2026-05-27T20:22:59Z,40.649053,-73.76447,210.9,a39d9b,N332DU,BCS3,,0
landing,JFK,22L,1779913396.7,2026-05-27T20:23:16Z,40.630543,-73.766632,222.2,4b1887,HB-JHN,A333,AIRBUS A-330-300,0
takeoff,LGA,13,1779913408.48,2026-05-27T20:23:28Z,40.777351,-73.870494,123.8,ace7bf,N930XJ,CRJ9,BOMBARDIER Regional Jet CRJ-900,0
takeoff,LGA,31,1779913423.31,2026-05-27T20:23:43Z,40.772324,-73.857651,303.8,a35254,N313DU,BCS3,AIRBUS A220-300,0
landing,LGA,22,1779913435.06,2026-05-27T20:23:55Z,40.778585,-73.876377,210.9,a32ad5,N303DU,BCS3,AIRBUS A220-300,0
takeoff,JFK,22R,1779913450.2,2026-05-27T20:24:10Z,40.646795,-73.766233,210.9,a98f6a,N715JB,A320,AIRBUS A-320,0
takeoff,LGA,13,1779913451.73,2026-05-27T20:24:11Z,40.776513,-73.87012,120.9,a08317,N132EV,CRJ9,BOMBARDIER Regional Jet CRJ-900,0
landing,JFK,22L,1779913541.02,2026-05-27T20:25:41Z,40.630531,-73.766617,222.2,a546c9,N439YX,E75L,EMBRAER ERJ-170-200 (long wing),0
landing,LGA,22,1779913546.7,2026-05-27T20:25:46Z,40.776592,-73.878021,213.8,ac74f9,N901XJ,CRJ9,BOMBARDIER Regional Jet CRJ-900,0
takeoff,JFK,22R,1779913551.64,2026-05-27T20:25:51Z,40.632065,-73.77771,210.9,a5d87a,N476MC,B744,BOEING 747-400,0
landing,JFK,22L,1779913624.04,2026-05-27T20:27:04Z,40.632374,-73.764938,210.9,a50725,N423DX,A339,AIRBUS A-330-900,0
takeoff,JFK,22R,1779913636.83,2026-05-27T20:27:16Z,40.649162,-73.764389,208.1,a2000d,N228PQ,CRJ9,BOMBARDIER Regional Jet CRJ-900,0
landing,LGA,22,1779913647.78,2026-05-27T20:27:27Z,40.775221,-73.879124,210.9,abdb88,N863RW,E170,EMBRAER ERJ-170-100,0
takeoff,LGA,31,1779913674.8,2026-05-27T20:27:54Z,40.772289,-73.85762,303.8,acfd2c,N936NN,B738,BOEING 737-800,0
landing,LGA,22,1779913689.27,2026-05-27T20:28:09Z,40.778069,-73.876801,210.9,abebe0,N8675A,B738,BOEING 737-800,0
takeoff,JFK,22R,1779913703.96,2026-05-27T20:28:23Z,40.647575,-73.765625,210.9,a56866,N448AS,B739,BOEING 737-900,0
landing,JFK,22L,1779913773.52,2026-05-27T20:29:33Z,40.631224,-73.76589,213.8,a03235,N111ZM,A321,AIRBUS A-321,0
landing,LGA,22,1779913785.88,2026-05-27T20:29:45Z,40.77642,-73.878156,210.9,ab0a73,N810MD,E170,EMBRAER ERJ-170-100,0
takeoff,JFK,22R,1779913817.97,2026-05-27T20:30:17Z,40.648471,-73.764938,210.9,ac3beb,N888DU,B739,BOEING 737-900,0
landing,JFK,22L,1779913852.77,2026-05-27T20:30:52Z,40.63353,-73.764191,219.4,a38b61,N3275J,BCS3,,0
landing,LGA,22,1779913865.12,2026-05-27T20:31:05Z,40.775128,-73.879202,213.8,a4cc95,N408YX,E75L,EMBRAER ERJ-170-200 (long wing),0
takeoff,JFK,22R,1779913881.15,2026-05-27T20:31:21Z,40.647389,-73.765781,210.9,a38e69,N3280J,BCS3,AIRBUS A220-300,0
landing,LGA,22,1779913954.71,2026-05-27T20:32:34Z,40.774715,-73.879547,210.9,c0619b,C-GKZA,E295,EMBRAER ERJ-190-400,0
landing,JFK,22R,1779913982.48,2026-05-27T20:33:02Z,40.633209,-73.776855,210.9,ad4f72,N957JB,A321,AIRBUS A-321,0
landing,LGA,22,1779914005.41,2026-05-27T20:33:25Z,40.778824,-73.87616,213.8,acf69b,N934XJ,CRJ9,BOMBARDIER Regional Jet CRJ-900,0
takeoff,LGA,13,1779914015.18,2026-05-27T20:33:35Z,40.772427,-73.861801,123.8,a32ad5,N303DU,BCS3,AIRBUS A220-300,0
takeoff,JFK,22R,1779914032.93,2026-05-27T20:33:52Z,40.647354,-73.765808,210.9,0c6060,9Y-BAR,B38M,BOEING 737 MAX 8,0
landing,LGA,22,1779914066.91,2026-05-27T20:34:26Z,40.777002,-73.877642,213.8,abe147,N8649A,B738,BOEING 737-800,0
landing,JFK,22L,1779914072.02,2026-05-27T20:34:32Z,40.630735,-73.766343,219.4,ab5d2c,N831MH,B764,BOEING 767-400,0
takeoff,LGA,04,1779914092.94,2026-05-27T20:34:52Z,40.775454,-73.877236,73.1,c0619b,C-GKZA,E295,EMBRAER ERJ-190-400,0
landing,JFK,22L,1779914186.5,2026-05-27T20:36:26Z,40.63077,-73.766311,219.4,899121,B-16781,B77L,BOEING 777-200LR,0
landing,LGA,22,1779914196.76,2026-05-27T20:36:36Z,40.775338,-73.87903,210.9,a2270f,N238JQ,E75L,EMBRAER ERJ-170-200 (long wing),0
takeoff,LGA,31,1779914228.66,2026-05-27T20:37:08Z,40.772231,-73.857463,303.8,abedc8,N868NN,B738,BOEING 737-800,0
takeoff,JFK,22R,1779914238.53,2026-05-27T20:37:18Z,40.648006,-73.765305,210.9,a5e29a,N479AS,B739,BOEING 737-900,0
takeoff,LGA,13,1779914247.61,2026-05-27T20:37:27Z,40.771591,-73.858475,123.8,a50900,N423YX,E75L,EMBRAER ERJ-170-200 (long wing),0
landing,JFK,22L,1779914327.67,2026-05-27T20:38:47Z,40.633667,-73.763931,210.9,a79821,N589JB,A320,AIRBUS A-320,0
landing,LGA,22,1779914337.41,2026-05-27T20:38:57Z,40.778108,-73.876752,210.9,a36994,N319PQ,CRJ9,BOMBARDIER Regional Jet CRJ-900,0
takeoff,JFK,22R,1779914378.73,2026-05-27T20:39:38Z,40.646539,-73.766436,210.9,3c7a4c,D-ANRL,A339,AIRBUS A-330-900,0
landing,JFK,22L,1779914412.3,2026-05-27T20:40:12Z,40.632748,-73.764642,210.9,a07b3e,N130AN,A321,AIRBUS A-321,0
landing,LGA,22,1779914443.5,2026-05-27T20:40:43Z,40.776513,-73.878078,210.9,ab1d06,N815MD,E170,EMBRAER ERJ-170-100,0
landing,JFK,13R,1779914445.13,2026-05-27T20:40:45Z,40.649414,-73.810974,109.7,a4d849,N411EP,SR22,,0
takeoff,LGA,31,1779914493.84,2026-05-27T20:41:33Z,40.772266,-73.857513,300.9,a3cde4,N344TS,B38M,BOEING 737 MAX 8,0
landing,JFK,22L,1779914510.46,2026-05-27T20:41:50Z,40.633237,-73.764579,230.6,a21bea,N235JQ,E75L,EMBRAER ERJ-170-200 (long wing),0
takeoff,JFK,22R,1779914526.8,2026-05-27T20:42:06Z,40.647446,-73.765732,210.9,a1de8d,N2199J,A21N,AIRBUS A-321neo,0
landing,LGA,22,1779914538.63,2026-05-27T20:42:18Z,40.778824,-73.876175,210.9,a426a5,N367DN,A321,AIRBUS A-321,0
landing,JFK,22L,1779914581.12,2026-05-27T20:43:01Z,40.632958,-73.765032,236.2,a6152a,N491PX,CRJ9,BOMBARDIER Regional Jet CRJ-900,0
takeoff,JFK,22R,1779914591.03,2026-05-27T20:43:11Z,40.646214,-73.766701,210.9,ad4804,N955JB,A321,AIRBUS A-321,0
landing,JFK,22L,1779914639.13,2026-05-27T20:43:59Z,40.634216,-73.763519,213.8,a36799,N3185J,BCS3,AIRBUS A220-300,0
takeoff,JFK,22R,1779914651.92,2026-05-27T20:44:11Z,40.647503,-73.765686,210.9,4b187f,HB-JHF,A333,AIRBUS A-330-300,0
takeoff,JFK,22R,1779914721.49,2026-05-27T20:45:21Z,40.648285,-73.765094,212.4,a540e2,N438AM,B789,BOEING 787-9 Dreamliner,0
landing,JFK,22L,1779914728.79,2026-05-27T20:45:28Z,40.632783,-73.765375,239.1,aa589c,N766JB,A320,AIRBUS A-320,0
landing,LGA,22,1779914731.62,2026-05-27T20:45:31Z,40.777549,-73.877189,213.8,a43e5b,N37252,B738,BOEING 737-800,0
takeoff,JFK,22R,1779914792.78,2026-05-27T20:46:32Z,40.648716,-73.76474,210.9,ab0a9d,N810NW,A333,AIRBUS A-330-300,0
landing,JFK,22L,1779914822.99,2026-05-27T20:47:02Z,40.633179,-73.764673,230.6,a324ce,N301UC,B38M,BOEING 737 MAX 8,0
landing,LGA,22,1779914824.51,2026-05-27T20:47:04Z,40.777462,-73.877289,213.8,a3411f,N309DU,BCS3,AIRBUS A220-300,0
takeoff,LGA,31,1779914832.15,2026-05-27T20:47:12Z,40.77237,-73.85776,300.9,a399e4,N331DU,BCS3,,0
takeoff,JFK,22R,1779914867.61,2026-05-27T20:47:47Z,40.647505,-73.765703,210.9,4cadc6,EI-HJN,A339,AIRBUS A-330-900,0
landing,JFK,22L,1779914933.44,2026-05-27T20:48:53Z,40.632442,-73.766235,244.7,acaf0b,N916XJ,CRJ9,BOMBARDIER Regional Jet CRJ-900,0
landing,LGA,22,1779914969.32,2026-05-27T20:49:29Z,40.778108,-73.876736,210.9,a30d18,N296PQ,CRJ9,BOMBARDIER Regional Jet CRJ-900,0
takeoff,JFK,22R,1779914992.62,2026-05-27T20:49:52Z,40.647377,-73.765793,210.9,a76c79,N578DN,A21N,AIRBUS A-321neo,0
landing,JFK,22L,1779914992.62,2026-05-27T20:49:52Z,40.633759,-73.763916,219.4,a9966f,N717DX,GLEX,BOMBARDIER BD-700 Global 6000/6500,8
landing,LGA,22,1779915038.19,2026-05-27T20:50:38Z,40.778073,-73.876768,213.8,a446b6,N375DN,A321,AIRBUS A-321,0
landing,JFK,22L,1779915047.76,2026-05-27T20:50:47Z,40.636208,-73.761932,210.9,ac89f7,N907JB,A321,AIRBUS A-321,0
takeoff,JFK,22R,1779915053.5,2026-05-27T20:50:53Z,40.647823,-73.765427,210.9,a32bba,N303NY,A21N,AIRBUS A-321neo,0
takeoff,JFK,04L,1779915070.38,2026-05-27T20:51:10Z,40.651039,-73.765091,59.1,a2919a,N265AK,B739,BOEING 737-900,0
takeoff,JFK,22R,1779915110.56,2026-05-27T20:51:50Z,40.648327,-73.76506,210.9,a781d7,N583JB,A320,AIRBUS A-320,0
landing,JFK,22L,1779915137.66,2026-05-27T20:52:17Z,40.63274,-73.764664,210.9,40683e,G-VUFO,A333,AIRBUS A-330-300,0
landing,LGA,22,1779915145.09,2026-05-27T20:52:25Z,40.779099,-73.875946,210.9,a3c163,N341DU,,,0
landing,LGA,22,1779915226.46,2026-05-27T20:53:46Z,40.776741,-73.877884,210.9,a37e80,N324PQ,CRJ9,BOMBARDIER Regional Jet CRJ-900,0
takeoff,LGA,13,1779915235.0,2026-05-27T20:53:55Z,40.772209,-73.859756,123.8,a426a5,N367DN,A321,AIRBUS A-321,0
takeoff,LGA,13,1779915266.46,2026-05-27T20:54:26Z,40.7719,-73.8591,123.8,a08714,N133HQ,E75L,EMBRAER ERJ-170-200 (long wing),0
landing,JFK,22L,1779915267.26,2026-05-27T20:54:27Z,40.636217,-73.761926,210.9,a38fa4,N3289J,,,0
takeoff,JFK,22R,1779915297.99,2026-05-27T20:54:57Z,40.647587,-73.765625,209.6,486071,PH-BKL,B78X,BOEING 787-10 Dreamliner,0
takeoff,JFK,13R,1779915317.49,2026-05-27T20:55:17Z,40.642967,-73.799005,135.0,a4d849,N411EP,SR22,,0
landing,LGA,22,1779915325.61,2026-05-27T20:55:25Z,40.77602,-73.878479,210.9,a123e0,N17262,B38M,BOEING 737 MAX 8,0
takeoff,JFK,04L,1779915330.32,2026-05-27T20:55:30Z,40.649448,-73.766479,30.9,ab6162,N832SK,CRJ9,BOMBARDIER Regional Jet CRJ-900,0
landing,JFK,22L,1779915337.31,2026-05-27T20:55:37Z,40.636127,-73.761993,210.9,a88774,N649JB,A320,AIRBUS A-320,0
landing,LGA,22,1779915433.4,2026-05-27T20:57:13Z,40.774104,-73.879842,194.1,a89d22,N654RW,E170,EMBRAER ERJ-170-100,0
takeoff,LGA,31,1779915465.12,2026-05-27T20:57:45Z,40.772335,-73.857697,303.8,abde0b,N864DN,B739,BOEING 737-900,0
landing,JFK,22L,1779915470.95,2026-05-27T20:57:50Z,40.633495,-73.764236,225.0,acc040,N920XJ,CRJ9,BOMBARDIER Regional Jet CRJ-900,0
takeoff,JFK,22L,1779915484.82,2026-05-27T20:58:04Z,40.632446,-73.766186,241.9,acc040,N920XJ,CRJ9,BOMBARDIER Regional Jet CRJ-900,0
landing,LGA,22,1779915494.75,2026-05-27T20:58:14Z,40.778736,-73.876237,213.8,aab5ff,N79DH,G280,GULFSTREAM G280,8
takeoff,JFK,22R,1779915513.67,2026-05-27T20:58:33Z,40.647668,-73.765578,210.9,394a08,F-GSQI,B77W,BOEING 777-300ER,0
takeoff,LGA,31,1779915554.02,2026-05-27T20:59:14Z,40.772278,-73.857483,329.1,a15c80,N187US,A321,AIRBUS A-321,0
landing,JFK,22L,1779915569.39,2026-05-27T20:59:29Z,40.632411,-73.766249,241.9,a1094c,N166PQ,CRJ9,BOMBARDIER Regional Jet CRJ-900,0
takeoff,JFK,22R,1779915636.26,2026-05-27T21:00:36Z,40.648453,-73.764954,210.9,a6c393,N535FX,CL30,BOMBARDIER BD-100 Challenger 300,0
landing,JFK,22L,1779915665.89,2026-05-27T21:01:05Z,40.632248,-73.765045,210.9,a6b470,N531DA,A21N,AIRBUS A-321neo,0
takeoff,LGA,13,1779915681.67,2026-05-27T21:01:21Z,40.775478,-73.866593,120.9,a7def8,N606QS,C68A,CESSNA 680 Citation Latitude,0
takeoff,JFK,04L,1779915685.39,2026-05-27T21:01:25Z,40.649333,-73.766561,28.1,a2af3e,N272PQ,CRJ9,BOMBARDIER Regional Jet CRJ-900,0
takeoff,LGA,31,1779915710.33,2026-05-27T21:01:50Z,40.772324,-73.857666,303.8,c0853f,C-GYLY,BCS3,,0
takeoff,JFK,22R,1779915767.78,2026-05-27T21:02:47Z,40.648384,-73.764999,210.9,348351,EC-ONR,A21N,AIRBUS A-321neo,0
landing,LGA,22,1779915784.49,2026-05-27T21:03:04Z,40.774244,-73.879842,199.7,abd7d1,N862RW,E170,EMBRAER ERJ-170-100,0
landing,JFK,22L,1779915814.59,2026-05-27T21:03:34Z,40.630634,-73.766495,222.2,aca29a,N913JB,A321,AIRBUS A-321,0
takeoff,LGA,31,1779915818.08,2026-05-27T21:03:38Z,40.772359,-73.857729,300.9,a48321,N390DN,A321,AIRBUS A-321,0
takeoff,JFK,04L,1779915820.52,2026-05-27T21:03:40Z,40.649391,-73.766514,30.9,780d9f,B-2023,B77W,BOEING 777-300ER,0
takeoff,LGA,13,1779915887.65,2026-05-27T21:04:47Z,40.77528,-73.869605,135.0,a5cc12,N47281,B38M,BOEING 737 MAX 8,0
landing,JFK,22L,1779915908.25,2026-05-27T21:05:08Z,40.635274,-73.76266,210.9,a7e54f,N608DN,A21N,AIRBUS A-321neo,0
takeoff,LGA,22,1779915979.98,2026-05-27T21:06:19Z,40.775894,-73.875961,171.6,abebe0,N8675A,B738,BOEING 737-800,0
landing,JFK,22L,1779915980.82,2026-05-27T21:06:20Z,40.633516,-73.764064,210.9,738c06,4X-ICA,B744,BOEING 747-400,0
landing,LGA,22,1779916015.18,2026-05-27T21:06:55Z,40.776009,-73.878464,210.9,a39fb7,N33209,B738,BOEING 737-800,0
takeoff,JFK,22R,1779916043.45,2026-05-27T21:07:23Z,40.647606,-73.76561,210.9,a12fda,N176DZ,B763,BOEING 767-300,0
landing,JFK,04L,1779916046.76,2026-05-27T21:07:26Z,40.644666,-73.769901,5.6,a336f0,N306PQ,CRJ9,BOMBARDIER Regional Jet CRJ-900,0
takeoff,LGA,31,1779916053.05,2026-05-27T21:07:33Z,40.772382,-73.85776,300.9,a471ec,N386DN,A321,AIRBUS A-321,0
takeoff,JFK,22R,1779916102.74,2026-05-27T21:08:22Z,40.646645,-73.766373,210.9,4ca5c7,EI-DUZ,A333,AIRBUS A-330-300,0
landing,JFK,22L,1779916111.47,2026-05-27T21:08:31Z,40.632783,-73.76461,210.9,48436b,PH-BQD,B772,BOEING 777-200,0
landing,LGA,22,1779916121.37,2026-05-27T21:08:41Z,40.778034,-73.876801,213.8,a79e31,N590JB,A320,AIRBUS A-320,0
takeoff,JFK,22R,1779916242.85,2026-05-27T21:10:42Z,40.646553,-73.766434,210.9,adbe91,N985JT,A321,AIRBUS A-321,0
landing,JFK,22L,1779916250.33,2026-05-27T21:10:50Z,40.635262,-73.762691,210.9,a4d7e4,N411AN,A21N,AIRBUS A-321neo,0
landing,LGA,22,1779916260.52,2026-05-27T21:11:00Z,40.774693,-73.879532,210.9,a4da13,N411YX,E75L,EMBRAER ERJ-170-200 (long wing),0
takeoff,JFK,22R,1779916304.0,2026-05-27T21:11:44Z,40.647549,-73.765656,210.9,aabf80,N792AN,B772,BOEING 777-200,0
takeoff,LGA,31,1779916311.57,2026-05-27T21:11:51Z,40.772254,-73.857495,300.9,a866c7,N640RW,E170,EMBRAER ERJ-170-100,0
landing,JFK,22L,1779916316.48,2026-05-27T21:11:56Z,40.635578,-73.762421,210.9,a86605,N640JB,A320,AIRBUS A-320,0
takeoff,JFK,04L,1779916405.43,2026-05-27T21:13:25Z,40.650997,-73.765172,56.2,a55f6c,N445YX,E75L,EMBRAER ERJ-170-200 (long wing),0
landing,JFK,22L,1779916436.83,2026-05-27T21:13:56Z,40.632597,-73.765828,241.9,a5e9f4,N480PX,CRJ9,BOMBARDIER Regional Jet CRJ-900,0
takeoff,JFK,22R,1779916437.52,2026-05-27T21:13:57Z,40.647622,-73.765593,210.9,ad56e0,N959JB,A321,AIRBUS A-321,0
landing,LGA,22,1779916446.78,2026-05-27T21:14:06Z,40.774395,-73.879764,205.3,a50192,N421YX,E75L,EMBRAER ERJ-170-200 (long wing),0
takeoff,LGA,13,1779916449.11,2026-05-27T21:14:09Z,40.775315,-73.866249,123.8,a495bf,N395DZ,A321,AIRBUS A-321,0
landing,JFK,22L,1779916487.51,2026-05-27T21:14:47Z,40.63345,-73.764099,210.9,adbaca,N984JB,A321,AIRBUS A-321,0
takeoff,JFK,04L,1779916675.13,2026-05-27T21:17:55Z,40.650997,-73.765156,59.1,a1c57e,N213JQ,E75L,EMBRAER ERJ-170-200 (long wing),0
landing,LGA,22,1779916698.4,2026-05-27T21:18:18Z,40.774487,-73.8797,202.5,a4c170,N405YX,E75L,EMBRAER ERJ-170-200 (long wing),0
takeoff,JFK,22R,1779916725.73,2026-05-27T21:18:45Z,40.647331,-73.765839,210.9,a7b40e,N596DT,,,0
takeoff,LGA,31,1779916740.82,2026-05-27T21:19:00Z,40.772266,-73.857498,303.8,aac1af,N792YX,E75L,EMBRAER ERJ-170-200 (long wing),0
landing,JFK,22L,1779916757.74,2026-05-27T21:19:17Z,40.633038,-73.76442,210.9,a76154,N575DN,A21N,AIRBUS A-321neo,0
takeoff,LGA,13,1779916787.21,2026-05-27T21:19:47Z,40.775396,-73.866437,123.8,abd254,N8608N,B738,BOEING 737-800,0
takeoff,LGA,31,1779916791.18,2026-05-27T21:19:51Z,40.772265,-73.85751,300.9,a24720,N246JQ,E75L,EMBRAER ERJ-170-200 (long wing),0
landing,JFK,22L,1779916816.27,2026-05-27T21:20:16Z,40.633691,-73.763908,210.9,aca309,N913NN,B738,BOEING 737-800,0
takeoff,JFK,22R,1779916836.49,2026-05-27T21:20:36Z,40.64756,-73.765656,210.9,a6c358,N535DN,A21N,AIRBUS A-321neo,0
takeoff,LGA,31,1779916879.82,2026-05-27T21:21:19Z,40.772219,-73.857432,303.8,a0345f,N112HQ,E75L,EMBRAER ERJ-170-200 (long wing),0
takeoff,LGA,13,1779916879.82,2026-05-27T21:21:19Z,40.771474,-73.858041,87.2,a34d98,N3115J,BCS3,AIRBUS A220-300,0
landing,LGA,22,1779916889.56,2026-05-27T21:21:29Z,40.776932,-73.877735,210.9,ac671b,N899DN,B739,BOEING 737-900,0
takeoff,JFK,22R,1779916891.01,2026-05-27T21:21:31Z,40.647411,-73.765762,210.9,a173a8,N193DN,B763,BOEING 767-300,0
landing,JFK,22L,1779916911.18,2026-05-27T21:21:51Z,40.636208,-73.761932,210.9,a6a6f6,N528DE,A21N,AIRBUS A-321neo,0
landing,JFK,13L,1779916946.29,2026-05-27T21:22:26Z,40.653019,-73.776947,120.9,aca79d,N914XJ,CRJ9,BOMBARDIER Regional Jet CRJ-900,0
landing,LGA,22,1779916982.99,2026-05-27T21:23:02Z,40.775175,-73.879171,210.9,aa7e7a,N77536,B738,BOEING 737-800,0
takeoff,JFK,22R,1779917003.92,2026-05-27T21:23:23Z,40.646564,-73.766434,210.9,a0428a,N116AN,A321,AIRBUS A-321,0
landing,JFK,22L,1779917005.42,2026-05-27T21:23:25Z,40.632748,-73.764642,210.9,4ba947,TC-JJG,B77W,BOEING 777-300ER,0
takeoff,LGA,22,1779917027.41,2026-05-27T21:23:47Z,40.778457,-73.877938,213.8,a05827,N121HQ,E75L,EMBRAER ERJ-170-200 (long wing),0
landing,LGA,22,1779917040.15,2026-05-27T21:24:00Z,40.778435,-73.87796,213.8,a05827,N121HQ,E75L,EMBRAER ERJ-170-200 (long wing),0
takeoff,JFK,22R,1779917062.11,2026-05-27T21:24:22Z,40.647938,-73.76535,210.9,aae582,N8009T,A319,AIRBUS A-319,0
landing,LGA,22,1779917085.01,2026-05-27T21:24:45Z,40.776572,-73.878032,213.8,a0267b,N109DN,A321,AIRBUS A-321,0
takeoff,JFK,22R,1779917115.67,2026-05-27T21:25:15Z,40.646586,-73.766405,210.9,ab1d30,N815NW,A333,AIRBUS A-330-300,0
landing,JFK,22L,1779917120.87,2026-05-27T21:25:20Z,40.635635,-73.76239,210.9,ad2aea,N948AK,B39M,BOEING 737 MAX 9,0
takeoff,LGA,31,1779917156.24,2026-05-27T21:25:56Z,40.772392,-73.857758,300.9,c00757,C-FCUG,A320,AIRBUS A-320,0
takeoff,JFK,04L,1779917160.49,2026-05-27T21:26:00Z,40.649519,-73.766421,30.9,aca79d,N914XJ,CRJ9,BOMBARDIER Regional Jet CRJ-900,0
takeoff,LGA,13,1779917178.14,2026-05-27T21:26:18Z,40.775478,-73.866608,122.4,a903b8,N680FD,C680,CESSNA 680 Citation Sovereign,8
landing,JFK,22L,1779917196.68,2026-05-27T21:26:36Z,40.632772,-73.764626,209.6,ab3fc4,N824AN,B789,BOEING 787-9 Dreamliner,0
takeoff,LGA,13,1779917231.36,2026-05-27T21:27:11Z,40.771544,-73.857932,78.8,a44a6d,N376DN,A321,AIRBUS A-321,0
takeoff,JFK,22R,1779917271.99,2026-05-27T21:27:51Z,40.645763,-73.767044,210.9,a33843,N3062J,BCS3,AIRBUS A220-300,0
takeoff,JFK,22R,1779917314.06,2026-05-27T21:28:34Z,40.648544,-73.764877,210.9,a13af4,N179DN,B763,BOEING 767-300,0
landing,JFK,22L,1779917335.1,2026-05-27T21:28:55Z,40.6306,-73.766434,216.6,ad5329,N958JB,A321,AIRBUS A-321,0
landing,LGA,22,1779917351.72,2026-05-27T21:29:11Z,40.775127,-73.879227,210.9,a3f500,N354PT,B738,BOEING 737-800,0
takeoff,LGA,31,1779917401.46,2026-05-27T21:30:01Z,40.772207,-73.857385,300.9,a4e538,N414YX,E75L,EMBRAER ERJ-170-200 (long wing),0
takeoff,JFK,22R,1779917432.26,2026-05-27T21:30:32Z,40.648258,-73.765106,210.9,a79046,N587DT,A21N,AIRBUS A-321neo,0
landing,JFK,22L,1779917446.7,2026-05-27T21:30:46Z,40.632557,-73.76593,241.9,a98219,N711ZX,B752,BOEING 757-200,0
landing,JFK,22L,1779917493.95,2026-05-27T21:31:33Z,40.633507,-73.764053,210.9,ad8836,N971JT,A321,AIRBUS A-321,0
takeoff,JFK,22R,1779917496.04,2026-05-27T21:31:36Z,40.648949,-73.764563,208.1,a336f0,N306PQ,CRJ9,BOMBARDIER Regional Jet CRJ-900,0
takeoff,LGA,31,1779917540.17,2026-05-27T21:32:20Z,40.772243,-73.857468,300.9,a1e58f,N221JQ,E75L,EMBRAER ERJ-170-200 (long wing),0
takeoff,JFK,22R,1779917557.41,2026-05-27T21:32:37Z,40.648448,-73.764954,210.9,ac21e4,N881DN,B739,BOEING 737-900,0
takeoff,LGA,31,1779917596.78,2026-05-27T21:33:16Z,40.7723,-73.857588,300.9,acc7ae,N922XJ,CRJ9,BOMBARDIER Regional Jet CRJ-900,0
takeoff,JFK,04L,1779917598.96,2026-05-27T21:33:18Z,40.651008,-73.765032,75.9,a1e946,N222JQ,E75L,EMBRAER ERJ-170-200 (long wing),0
landing,JFK,22L,1779917599.31,2026-05-27T21:33:19Z,40.632969,-73.765032,233.4,a008c9,N101DU,BCS1,AIRBUS A220-100,0
takeoff,LGA,13,1779917603.12,2026-05-27T21:33:23Z,40.77535,-73.866312,123.8,a05827,N121HQ,E75L,EMBRAER ERJ-170-200 (long wing),0
landing,JFK,22L,1779917665.3,2026-05-27T21:34:25Z,40.632912,-73.765091,236.2,a78945,N585JB,A320,AIRBUS A-320,0
takeoff,JFK,22R,1779917688.71,2026-05-27T21:34:48Z,40.646816,-73.766205,194.1,a19d0d,N2029J,A21N,AIRBUS A-321neo,0
landing,LGA,22,1779917743.83,2026-05-27T21:35:43Z,40.775928,-73.87854,213.8,ac81cc,N905AN,B738,BOEING 737-800,0
landing,JFK,22L,1779917769.04,2026-05-27T21:36:09Z,40.63269,-73.765578,239.1,a5f162,N482PX,CRJ9,BOMBARDIER Regional Jet CRJ-900,0
landing,JFK,22L,1779917813.4,2026-05-27T21:36:53Z,40.633724,-73.763885,210.9,a67452,N515DE,A21N,AIRBUS A-321neo,0
takeoff,LGA,13,1779917854.81,2026-05-27T21:37:34Z,40.77206,-73.859451,123.8,a7e1a1,N607DX,G280,GULFSTREAM G280,8
takeoff,LGA,31,1779917861.11,2026-05-27T21:37:41Z,40.772231,-73.857432,300.9,a1b449,N209JQ,E75L,EMBRAER ERJ-170-200 (long wing),0
landing,JFK,22L,1779917899.04,2026-05-27T21:38:19Z,40.631945,-73.765281,210.9,ab44af,N825NW,A333,AIRBUS A-330-300,0
landing,JFK,22R,1779917918.33,2026-05-27T21:38:38Z,40.630966,-73.778625,210.9,a6492f,N504DZ,A21N,AIRBUS A-321neo,0
landing,JFK,22L,1779917979.83,2026-05-27T21:39:39Z,40.637089,-73.761276,210.9,ab4866,N826NW,A333,AIRBUS A-330-300,0
takeoff,JFK,22R,1779918042.99,2026-05-27T21:40:42Z,40.645844,-73.766983,210.9,a33ca9,N3077J,BCS3,AIRBUS A220-300,0
takeoff,JFK,22R,1779918078.79,2026-05-27T21:41:18Z,40.649769,-73.763916,210.9,a7e5c1,N608JB,A320,AIRBUS A-320,0
landing,JFK,22L,1779918143.7,2026-05-27T21:42:23Z,40.633889,-73.763721,210.9,a69f88,N526DE,A21N,AIRBUS A-321neo,0
takeoff,JFK,22R,1779918154.75,2026-05-27T21:42:34Z,40.647389,-73.765781,210.9,a13391,N177DZ,B763,BOEING 767-300,0
takeoff,JFK,22R,1779918214.44,2026-05-27T21:43:34Z,40.647354,-73.765823,210.9,aa1dcd,N751AN,B772,BOEING 777-200,0
takeoff,JFK,13L,1779918233.42,2026-05-27T21:43:53Z,40.649158,-73.768449,118.1,a6a45e,N527QS,C68A,CESSNA 680 Citation Latitude,0
landing,JFK,22L,1779918255.68,2026-05-27T21:44:15Z,40.630108,-73.767242,230.6,ab2855,N818NW,A333,AIRBUS A-330-300,0
takeoff,LGA,31,1779918340.21,2026-05-27T21:45:40Z,40.772382,-73.85776,306.6,a34e9d,N312DU,BCS3,AIRBUS A220-300,0
takeoff,LGA,13,1779918340.37,2026-05-27T21:45:40Z,40.771797,-73.858917,123.8,ac379a,N8868L,B38M,BOEING 737 MAX 8,0
takeoff,JFK,22R,1779918352.53,2026-05-27T21:45:52Z,40.647901,-73.765391,210.9,a32bf3,N303RE,B38M,BOEING 737 MAX 8,0
landing,JFK,22L,1779918381.92,2026-05-27T21:46:21Z,40.633896,-73.763763,210.9,a35c97,N3156J,BCS3,AIRBUS A220-300,0
takeoff,JFK,22R,1779918413.25,2026-05-27T21:46:53Z,40.646255,-73.766678,209.6,7380c7,4X-EDI,B789,BOEING 787-9 Dreamliner,0
landing,LGA,22,1779918470.68,2026-05-27T21:47:50Z,40.774258,-73.879822,196.9,a099a7,N138HQ,E75L,EMBRAER ERJ-170-200 (long wing),0
landing,JFK,22L,1779918478.18,2026-05-27T21:47:58Z,40.632088,-73.765152,210.9,346057,EC-MYX,A359,AIRBUS A-350-900,0
landing,LGA,22,1779918542.55,2026-05-27T21:49:02Z,40.774488,-73.879764,210.9,a777bf,N580UW,A321,AIRBUS A-321,0
takeoff,JFK,22R,1779918558.8,2026-05-27T21:49:18Z,40.647273,-73.765874,210.9,a36a21,N319VF,B38M,BOEING 737 MAX 8,0
takeoff,LGA,13,1779918592.27,2026-05-27T21:49:52Z,40.771442,-73.858139,81.6,a4cc95,N408YX,E75L,EMBRAER ERJ-170-200 (long wing),0
takeoff,JFK,04L,1779918596.2,2026-05-27T21:49:56Z,40.649437,-73.766495,30.9,a9966f,N717DX,GLEX,BOMBARDIER BD-700 Global 6000/6500,8
takeoff,JFK,22R,1779918610.18,2026-05-27T21:50:10Z,40.648506,-73.764922,210.9,a7650b,N576DN,A21N,AIRBUS A-321neo,0
landing,JFK,22L,1779918623.63,2026-05-27T21:50:23Z,40.633667,-73.763962,216.6,a39e6b,N332NB,A319,AIRBUS A-319,0
landing,LGA,22,1779918664.04,2026-05-27T21:51:04Z,40.777256,-73.877441,213.8,a4995f,N396DA,B738,BOEING 737-800,0
landing,JFK,22L,1779918747.22,2026-05-27T21:52:27Z,40.633301,-73.764465,222.2,a33e5e,N308PQ,CRJ9,BOMBARDIER Regional Jet CRJ-900,0
landing,LGA,22,1779918792.0,2026-05-27T21:53:12Z,40.776851,-73.877798,210.9,aba281,N849NN,B738,BOEING 737-800,0
takeoff,JFK,22R,1779918816.97,2026-05-27T21:53:36Z,40.650112,-73.763643,213.8,ac760d,N9016,A319,AIRBUS A-319,0
takeoff,LGA,13,1779918825.57,2026-05-27T21:53:45Z,40.775414,-73.866455,123.8,a3280a,N302PE,CL30,BOMBARDIER BD-100 Challenger 300,0
takeoff,LGA,31,1779918836.26,2026-05-27T21:53:56Z,40.772324,-73.857635,300.9,a0b86c,N14559,A21N,AIRBUS A-321neo,0
landing,JFK,22L,1779918839.66,2026-05-27T21:53:59Z,40.630943,-73.766113,216.6,ad1560,N942JB,A321,AIRBUS A-321,0
takeoff,LGA,13,1779918845.02,2026-05-27T21:54:05Z,40.772587,-73.860535,123.8,ab0a73,N810MD,E170,EMBRAER ERJ-170-100,0
landing,LGA,22,1779918885.8,2026-05-27T21:54:45Z,40.778755,-73.876205,210.9,a4a0b4,N398CA,CRJ7,BOMBARDIER Regional Jet CRJ-700,0
landing,JFK,22L,1779918925.29,2026-05-27T21:55:25Z,40.630646,-73.766464,219.4,a3d568,N346UP,B763,BOEING 767-300,0
landing,LGA,22,1779918948.46,2026-05-27T21:55:48Z,40.776901,-73.877747,210.9,a04a4d,N118DY,A321,AIRBUS A-321,0
takeoff,LGA,31,1779918999.55,2026-05-27T21:56:39Z,40.772207,-73.857417,303.8,a539fb,N436FX,E545,EMBRAER EMB545 Praetor 500,0
takeoff,JFK,22R,1779918999.7,2026-05-27T21:56:39Z,40.648636,-73.764801,210.9,ac4d1a,N892DN,B739,BOEING 737-900,0
landing,LGA,22,1779919019.75,2026-05-27T21:56:59Z,40.775687,-73.87875,210.9,adb656,N983AN,B738,BOEING 737-800,0
landing,JFK,22L,1779919030.29,2026-05-27T21:57:10Z,40.631435,-73.765686,210.9,4cacb9,EI-TYG,A339,AIRBUS A-330-900,0
takeoff,JFK,22R,1779919069.37,2026-05-27T21:57:49Z,40.647552,-73.765656,210.9,4a91af,SE-DMO,A21N,AIRBUS A-321neo,0
landing,LGA,22,1779919123.45,2026-05-27T21:58:43Z,40.777537,-73.87722,210.9,a42e48,N369FR,A20N,AIRBUS A-320neo,0
landing,JFK,22L,1779919132.4,2026-05-27T21:58:52Z,40.632853,-73.764563,210.9,4065de,G-STBF,B77W,BOEING 777-300ER,0
takeoff,JFK,22R,1779919133.11,2026-05-27T21:58:53Z,40.647901,-73.765375,210.9,a033ae,N112AN,A321,AIRBUS A-321,0
landing,LGA,22,1779919228.03,2026-05-27T22:00:28Z,40.774465,-73.879655,205.3,ac26cf,N882RW,E170,EMBRAER ERJ-170-100,0
takeoff,LGA,31,1779919231.07,2026-05-27T22:00:31Z,40.772789,-73.85854,303.8,adeca5,N997AA,A321,AIRBUS A-321,0
landing,JFK,22L,1779919274.45,2026-05-27T22:01:14Z,40.633947,-73.76369,210.9,a06646,N125AA,A321,AIRBUS A-321,0
takeoff,JFK,22R,1779919282.39,2026-05-27T22:01:22Z,40.647971,-73.765344,210.9,ad3c48,N952CA,B744,BOEING 747-400,8
takeoff,LGA,13,1779919356.5,2026-05-27T22:02:36Z,40.771974,-73.859274,123.8,a89d22,N654RW,E170,EMBRAER ERJ-170-100,0
landing,LGA,22,1779919368.88,2026-05-27T22:02:48Z,40.775116,-73.879196,210.9,a4fddb,N420YX,E75L,EMBRAER ERJ-170-200 (long wing),0
landing,JFK,22L,1779919379.65,2026-05-27T22:02:59Z,40.636635,-73.761598,210.9,a7a17b,N591DT,A21N,AIRBUS A-321neo,0
takeoff,LGA,13,1779919393.76,2026-05-27T22:03:13Z,40.776956,-73.869683,123.8,abe496,N8656B,B738,BOEING 737-800,0
takeoff,JFK,22R,1779919439.32,2026-05-27T22:03:59Z,40.646761,-73.766264,210.9,a30bce,N296AK,B739,BOEING 737-900,0
landing,LGA,22,1779919449.33,2026-05-27T22:04:09Z,40.776913,-73.877731,210.9,a8a0d9,N655RW,E170,EMBRAER ERJ-170-100,0
takeoff,LGA,13,1779919472.28,2026-05-27T22:04:32Z,40.775512,-73.866655,120.9,a34215,N309PQ,CRJ9,BOMBARDIER Regional Jet CRJ-900,0
landing,JFK,22L,1779919496.29,2026-05-27T22:04:56Z,40.632667,-73.765671,241.9,abfa65,N871DN,B739,BOEING 737-900,0
takeoff,JFK,22R,1779919514.85,2026-05-27T22:05:14Z,40.647471,-73.765718,210.9,a1a0c4,N2039J,A21N,AIRBUS A-321neo,0
landing,LGA,22,1779919537.5,2026-05-27T22:05:37Z,40.774453,-73.879686,205.3,a1e1d8,N220JQ,E75L,EMBRAER ERJ-170-200 (long wing),0
takeoff,JFK,22R,1779919569.85,2026-05-27T22:06:09Z,40.647366,-73.765808,210.9,a1d2dc,N2165J,A21N,AIRBUS A-321neo,0
takeoff,JFK,04L,1779919602.78,2026-05-27T22:06:42Z,40.649105,-73.766739,28.1,a21bea,N235JQ,E75L,EMBRAER ERJ-170-200 (long wing),0
landing,LGA,22,1779919604.37,2026-05-27T22:06:44Z,40.77713,-73.877563,213.8,ab8031,N840DN,B739,BOEING 737-900,0
landing,JFK,22L,1779919609.15,2026-05-27T22:06:49Z,40.630634,-73.76651,222.2,aa600a,N768JB,A320,AIRBUS A-320,0
takeoff,JFK,22R,1779919653.14,2026-05-27T22:07:33Z,40.648693,-73.764771,210.9,ab975c,N846NN,B738,BOEING 737-800,0
landing,LGA,22,1779919681.41,2026-05-27T22:08:01Z,40.775047,-73.87928,210.9,ac01d3,N873DN,B739,BOEING 737-900,0
landing,JFK,22L,1779919702.04,2026-05-27T22:08:22Z,40.632818,-73.764595,210.9,abba43,N855DN,B739,BOEING 737-900,0
takeoff,JFK,22R,1779919722.28,2026-05-27T22:08:42Z,40.647663,-73.765533,210.9,a066a3,N125DU,BCS1,AIRBUS A220-100,0
landing,LGA,22,1779919825.09,2026-05-27T22:10:25Z,40.773546,-73.879936,185.6,a8a490,N656RW,E170,EMBRAER ERJ-170-100,0
landing,JFK,22L,1779919842.35,2026-05-27T22:10:42Z,40.633726,-73.763955,216.6,aca02f,N912XJ,CRJ9,BOMBARDIER Regional Jet CRJ-900,0
landing,LGA,22,1779919890.18,2026-05-27T22:11:30Z,40.776862,-73.877751,210.9,a32814,N302PQ,CRJ9,BOMBARDIER Regional Jet CRJ-900,0
takeoff,JFK,22R,1779919910.84,2026-05-27T22:11:50Z,40.648076,-73.76525,210.9,3965af,F-GZNP,B77W,BOEING 777-300ER,0
landing,JFK,22L,1779919936.78,2026-05-27T22:12:16Z,40.633714,-73.763877,210.9,a6d83c,N540DE,A21N,AIRBUS A-321neo,0
landing,LGA,22,1779919983.57,2026-05-27T22:13:03Z,40.775391,-73.878998,213.8,ac3f09,N8888M,B38M,BOEING 737 MAX 8,0
takeoff,JFK,22R,1779920039.87,2026-05-27T22:13:59Z,40.64633,-73.766608,210.9,780a3f,B-LJJ,B748,BOEING 747-8,0
landing,LGA,22,1779920078.75,2026-05-27T22:14:38Z,40.774803,-73.879483,210.9,a46e40,N385DZ,A321,AIRBUS A-321,0
landing,JFK,22L,1779920090.4,2026-05-27T22:14:50Z,40.629827,-73.76692,210.9,781ebc,B-222W,B77L,BOEING 777-200LR,0
landing,JFK,22R,1779920152.23,2026-05-27T22:15:52Z,40.63409,-73.776154,208.1,a3556f,N3138J,BCS3,AIRBUS A220-300,0
landing,LGA,22,1779920158.88,2026-05-27T22:15:58Z,40.775425,-73.878983,213.8,a01b56,N106DN,A321,AIRBUS A-321,0
takeoff,JFK,22R,1779920238.48,2026-05-27T22:17:18Z,40.648693,-73.764755,210.9,adf128,N998JE,A321,AIRBUS A-321,0
takeoff,JFK,22R,1779920296.13,2026-05-27T22:18:16Z,40.64835,-73.76503,210.9,4cae80,EI-TYA,A339,AIRBUS A-330-900,0
landing,JFK,22L,1779920315.93,2026-05-27T22:18:35Z,40.633295,-73.764517,227.8,a36165,N317FX,E545,EMBRAER EMB545 Praetor 500,0
landing,LGA,22,1779920328.15,2026-05-27T22:18:48Z,40.775117,-73.879202,208.1,a18380,N197PQ,CRJ9,BOMBARDIER Regional Jet CRJ-900,0
takeoff,JFK,22R,1779920378.75,2026-05-27T22:19:38Z,40.647505,-73.765687,210.9,a52ea4,N433DX,A339,AIRBUS A-330-900,0
landing,JFK,22L,1779920383.71,2026-05-27T22:19:43Z,40.630758,-73.76628,219.4,ab84ab,N841MH,B764,BOEING 767-400,0
takeoff,LGA,31,1779920465.43,2026-05-27T22:21:05Z,40.772289,-73.857557,303.8,a7faad,N613JB,A320,AIRBUS A-320,0
takeoff,JFK,22R,1779920475.62,2026-05-27T22:21:15Z,40.647514,-73.765686,210.9,ab6851,N834MH,B764,BOEING 767-400,0
landing,LGA,22,1779920507.9,2026-05-27T22:21:47Z,40.773445,-73.880585,210.9,abe2f6,N865RW,E170,EMBRAER ERJ-170-100,0
landing,JFK,22L,1779920539.07,2026-05-27T22:22:19Z,40.633598,-73.76408,216.6,a385ee,N326PQ,CRJ9,BOMBARDIER Regional Jet CRJ-900,0
takeoff,JFK,22R,1779920552.56,2026-05-27T22:22:32Z,40.646164,-73.766739,210.9,a17ecd,N196DN,B763,BOEING 767-300,0
landing,LGA,04,1779920642.3,2026-05-27T22:24:02Z,40.770822,-73.881262,30.9,ab3d17,N823MD,E170,EMBRAER ERJ-170-100,0
landing,JFK,22L,1779920655.6,2026-05-27T22:24:15Z,40.632465,-73.766266,247.5,a5dc8a,N477QS,E55P,,0
takeoff,JFK,22R,1779920658.71,2026-05-27T22:24:18Z,40.64637,-73.766571,210.9,a3d4c6,N346NB,A319,AIRBUS A-319,0
takeoff,LGA,31,1779920661.27,2026-05-27T22:24:21Z,40.772359,-73.857729,300.9,c080db,C-GWUS,BCS3,AIRBUS A220-300,0
landing,JFK,22L,1779920687.46,2026-05-27T22:24:47Z,40.635464,-73.762543,210.9,a7d32e,N603JB,A320,AIRBUS A-320,0
landing,LGA,22,1779920705.14,2026-05-27T22:25:05Z,40.775175,-73.879171,210.9,a1ba59,N210JQ,E75L,EMBRAER ERJ-170-200 (long wing),0
takeoff,JFK,22R,1779920717.74,2026-05-27T22:25:17Z,40.64613,-73.766769,210.9,aa1a16,N750AN,B772,BOEING 777-200,0
takeoff,JFK,04L,1779920754.54,2026-05-27T22:25:54Z,40.64962,-73.766342,30.9,780bb8,B-2097,B77L,BOEING 777-200LR,0
landing,JFK,22L,1779920782.19,2026-05-27T22:26:22Z,40.632341,-73.764969,210.9,478f47,LN-RKN,A333,AIRBUS A-330-300,0
landing,JFK,22R,1779920804.55,2026-05-27T22:26:44Z,40.633049,-73.776978,210.9,a4414a,N3730B,B738,BOEING 737-800,0
landing,LGA,22,1779920827.91,2026-05-27T22:27:07Z,40.774256,-73.879795,196.9,a20d0e,N231JQ,E75L,EMBRAER ERJ-170-200 (long wing),0
takeoff,JFK,22R,1779920881.29,2026-05-27T22:28:01Z,40.647447,-73.765734,210.9,ab4bf7,N827MH,B764,BOEING 767-400,0
landing,JFK,22L,1779920895.38,2026-05-27T22:28:15Z,40.632202,-73.765045,210.9,a48e3a,N393DA,B738,BOEING 737-800,0
takeoff,JFK,13L,1779920932.68,2026-05-27T22:28:52Z,40.648786,-73.767622,120.9,c012bd,C-FHCM,B38M,BOEING 737 MAX 8,0
landing,JFK,22L,1779920981.2,2026-05-27T22:29:41Z,40.63155,-73.765625,212.4,02013e,CN-RGZ,B789,BOEING 787-9 Dreamliner,0
landing,JFK,22R,1779921036.44,2026-05-27T22:30:36Z,40.635879,-73.774754,210.9,a1ddbb,N2193J,A21N,AIRBUS A-321neo,0
landing,LGA,22,1779921076.21,2026-05-27T22:31:16Z,40.775436,-73.878952,213.8,ac0bb9,N8753Q,B38M,BOEING 737 MAX 8,0
takeoff,JFK,22R,1779921079.6,2026-05-27T22:31:19Z,40.648785,-73.764679,210.9,3c6716,D-AIXV,A359,AIRBUS A-350-900,0
takeoff,JFK,04L,1779921092.85,2026-05-27T22:31:32Z,40.650229,-73.765874,30.9,a3871e,N3261J,BCS3,,0
takeoff,JFK,22R,1779921106.85,2026-05-27T22:31:46Z,40.650295,-73.763504,177.2,a6152a,N491PX,CRJ9,BOMBARDIER Regional Jet CRJ-900,0
landing,JFK,22L,1779921116.03,2026-05-27T22:31:56Z,40.633307,-73.764345,222.2,a5325b,N434DX,A339,AIRBUS A-330-900,0
landing,JFK,22L,1779921248.29,2026-05-27T22:34:08Z,40.632397,-73.766403,247.5,a21fa1,N236JQ,E75L,EMBRAER ERJ-170-200 (long wing),0
landing,JFK,22L,1779921299.07,2026-05-27T22:34:59Z,40.635018,-73.762831,210.9,a392f2,N3296J,BCS3,AIRBUS A220-300,0
landing,LGA,22,1779921307.45,2026-05-27T22:35:07Z,40.775608,-73.878815,210.9,a44308,N374DX,A321,AIRBUS A-321,0
takeoff,JFK,04L,1779921332.5,2026-05-27T22:35:32Z,40.650147,-73.765921,30.9,ad6ff2,N965NN,B738,BOEING 737-800,0
takeoff,JFK,22R,1779921346.67,2026-05-27T22:35:46Z,40.64922,-73.764343,210.9,a77645,N580DT,A21N,AIRBUS A-321neo,0
takeoff,LGA,31,1779921364.26,2026-05-27T22:36:04Z,40.772265,-73.857542,303.8,a43e5b,N37252,B738,BOEING 737-800,0
landing,JFK,22L,1779921414.12,2026-05-27T22:36:54Z,40.631962,-73.765274,210.9,408120,G-VEYR,A339,AIRBUS A-330-900,0
takeoff,LGA,13,1779921428.26,2026-05-27T22:37:08Z,40.771717,-73.858734,123.8,a3965c,N330FR,A20N,AIRBUS A-320neo,0
landing,JFK,22R,1779921445.89,2026-05-27T22:37:25Z,40.633427,-73.776703,210.9,addadb,N992JB,A321,AIRBUS A-321,0
takeoff,LGA,13,1779921451.53,2026-05-27T22:37:31Z,40.776386,-73.868423,146.2,acd68a,N926XJ,CRJ9,BOMBARDIER Regional Jet CRJ-900,0
landing,LGA,22,1779921523.1,2026-05-27T22:38:43Z,40.777677,-73.877127,210.9,ad5c33,N960AN,B738,BOEING 737-800,0
landing,JFK,22L,1779921533.21,2026-05-27T22:38:53Z,40.632748,-73.764642,210.9,a01fee,N107NN,A321,AIRBUS A-321,0
takeoff,JFK,22R,1779921539.75,2026-05-27T22:38:59Z,40.638657,-73.772583,210.9,ab43c6,N825DN,B739,BOEING 737-900,0
takeoff,JFK,22R,1779921571.01,2026-05-27T22:39:31Z,40.647446,-73.765732,210.9,a6692d,N512DE,A21N,AIRBUS A-321neo,0
landing,JFK,22L,1779921613.1,2026-05-27T22:40:13Z,40.632702,-73.764673,210.9,896196,A6-EEW,A388,AIRBUS A-380-800,0
landing,LGA,22,1779921643.15,2026-05-27T22:40:43Z,40.77689,-73.877762,210.9,a38a3a,N327VP,B38M,BOEING 737 MAX 8,0
takeoff,LGA,13,1779921655.57,2026-05-27T22:40:55Z,40.771488,-73.858063,104.1,a446b6,N375DN,A321,AIRBUS A-321,0
landing,JFK,22R,1779921670.01,2026-05-27T22:41:10Z,40.631573,-73.77814,213.8,a4eca6,N416YX,E75L,EMBRAER ERJ-170-200 (long wing),0
landing,LGA,22,1779921759.79,2026-05-27T22:42:39Z,40.775233,-73.879155,210.9,a6cffc,N538UW,A321,AIRBUS A-321,0
takeoff,LGA,31,1779921776.62,2026-05-27T22:42:56Z,40.772731,-73.858509,300.9,a4421d,N3736C,B738,BOEING 737-800,0
landing,JFK,22L,1779921811.45,2026-05-27T22:43:31Z,40.630417,-73.766754,222.2,76cce3,9V-SGC,A359,AIRBUS A-350-900,0
landing,JFK,22R,1779921813.54,2026-05-27T22:43:33Z,40.632362,-73.777527,210.9,ad2baa,N948JB,A321,AIRBUS A-321,0
landing,LGA,22,1779921878.77,2026-05-27T22:44:38Z,40.774807,-73.87944,210.9,a05bde,N122HQ,E75L,EMBRAER ERJ-170-200 (long wing),0
takeoff,JFK,22R,1779921893.04,2026-05-27T22:44:53Z,40.636826,-73.773987,210.9,4075b4,G-VPOP,A35K,AIRBUS A-350-1000,0
landing,JFK,22L,1779921893.27,2026-05-27T22:44:53Z,40.633121,-73.764345,210.9,407698,G-VJAM,A35K,AIRBUS A-350-1000,0
landing,JFK,22R,1779921945.06,2026-05-27T22:45:45Z,40.630531,-73.778946,210.9,ad79e8,N968AK,B39M,BOEING 737 MAX 9,0
landing,LGA,22,1779921976.03,2026-05-27T22:46:16Z,40.774498,-73.879669,202.5,ab282b,N818MD,E170,EMBRAER ERJ-170-100,0
landing,JFK,22L,1779922010.74,2026-05-27T22:46:50Z,40.6329,-73.764526,210.9,a53612,N435DX,A339,AIRBUS A-330-900,0
takeoff,JFK,22R,1779922023.71,2026-05-27T22:47:03Z,40.647913,-73.765375,210.9,a07b3e,N130AN,A321,AIRBUS A-321,0
landing,LGA,22,1779922052.27,2026-05-27T22:47:32Z,40.775059,-73.879272,210.9,a05f95,N123HQ,E75L,EMBRAER ERJ-170-200 (long wing),0
takeoff,JFK,22R,1779922092.43,2026-05-27T22:48:12Z,40.646155,-73.766748,212.4,ab8b0b,N843AN,B789,BOEING 787-9 Dreamliner,0
landing,LGA,22,1779922153.98,2026-05-27T22:49:13Z,40.777072,-73.877626,213.8,a14c70,N183GJ,CRJ9,BOMBARDIER Regional Jet CRJ-900,0
landing,JFK,22L,1779922176.61,2026-05-27T22:49:36Z,40.63077,-73.766327,219.4,a01c37,N106NN,A321,AIRBUS A-321,0
takeoff,LGA,31,1779922207.96,2026-05-27T22:50:07Z,40.772242,-73.857448,303.8,a1ccec,N215JQ,E75L,EMBRAER ERJ-170-200 (long wing),0
landing,JFK,22R,1779922221.77,2026-05-27T22:50:21Z,40.631126,-73.778473,210.9,aab2bf,N789JB,A320,AIRBUS A-320,0
takeoff,JFK,22R,1779922289.21,2026-05-27T22:51:29Z,40.647514,-73.765671,210.9,a12c23,N175DZ,B763,BOEING 767-300,0
landing,LGA,22,1779922319.39,2026-05-27T22:51:59Z,40.776409,-73.878159,210.9,abea11,N867NN,B738,BOEING 737-800,0
landing,JFK,22L,1779922361.48,2026-05-27T22:52:41Z,40.631491,-73.765625,210.9,4ca74e,EI-EAV,A333,AIRBUS A-330-300,0
takeoff,JFK,22R,1779922382.58,2026-05-27T22:53:02Z,40.647617,-73.765594,210.9,a037b2,N113DQ,BCS1,AIRBUS A220-100,0
takeoff,JFK,04L,1779922395.08,2026-05-27T22:53:15Z,40.651073,-73.765137,42.2,4ca9cb,EI-LRD,A21N,AIRBUS A-321neo,0
landing,LGA,22,1779922435.5,2026-05-27T22:53:55Z,40.775896,-73.878578,210.9,a44d62,N3767,B738,BOEING 737-800,0
takeoff,JFK,22R,1779922436.3,2026-05-27T22:53:56Z,40.646439,-73.766525,210.9,a3c5ea,N342NB,A319,AIRBUS A-319,0
landing,JFK,22L,1779922465.02,2026-05-27T22:54:25Z,40.633118,-73.764343,212.4,485b44,PH-BKD,B78X,BOEING 787-10 Dreamliner,0
landing,LGA,22,1779922532.16,2026-05-27T22:55:32Z,40.777433,-73.877298,213.8,a6f98e,N549CA,CRJ9,BOMBARDIER Regional Jet CRJ-900,0
landing,JFK,22R,1779922537.03,2026-05-27T22:55:37Z,40.632763,-73.777206,210.9,a5fc87,N485PX,CRJ9,BOMBARDIER Regional Jet CRJ-900,0
landing,LGA,22,1779922609.57,2026-05-27T22:56:49Z,40.77681,-73.877838,210.9,a15795,N186GJ,CRJ9,BOMBARDIER Regional Jet CRJ-900,0
landing,JFK,22L,1779922613.76,2026-05-27T22:56:53Z,40.633924,-73.763799,216.6,a08e3c,N135EV,CRJ9,BOMBARDIER Regional Jet CRJ-900,0
landing,JFK,22L,1779922699.17,2026-05-27T22:58:19Z,40.631166,-73.765921,216.6,a03f84,N115HQ,E75L,EMBRAER ERJ-170-200 (long wing),0
takeoff,JFK,22R,1779922707.6,2026-05-27T22:58:27Z,40.64764,-73.76561,210.9,ab15c2,N813NW,A333,AIRBUS A-330-300,0
landing,LGA,22,1779922714.62,2026-05-27T22:58:34Z,40.778023,-73.876816,213.8,a08e1e,N135DQ,BCS1,AIRBUS A220-100,0
landing,JFK,22L,1779922754.97,2026-05-27T22:59:14Z,40.632516,-73.76486,210.9,adab31,N980AN,B738,BOEING 737-800,0
takeoff,JFK,22R,1779922789.33,2026-05-27T22:59:49Z,40.648588,-73.764829,210.9,a0f44c,N1602,B763,BOEING 767-300,0
takeoff,JFK,22R,1779922846.54,2026-05-27T23:00:46Z,40.650077,-73.76369,208.1,acaf0b,N916XJ,CRJ9,BOMBARDIER Regional Jet CRJ-900,0
landing,LGA,04,1779922858.92,2026-05-27T23:00:58Z,40.773383,-73.879171,30.9,a34bdc,N311PQ,CRJ9,BOMBARDIER Regional Jet CRJ-900,0
landing,LGA,22,1779922871.5,2026-05-27T23:01:11Z,40.776432,-73.878143,210.9,a138b8,N178US,A321,AIRBUS A-321,0
landing,JFK,22L,1779922875.71,2026-05-27T23:01:15Z,40.632603,-73.765839,241.9,ab53e4,N829SK,CRJ9,BOMBARDIER Regional Jet CRJ-900,0
landing,JFK,22L,1779922935.24,2026-05-27T23:02:15Z,40.635123,-73.762816,210.9,a35592,N3139J,BCS3,AIRBUS A220-300,0
takeoff,JFK,22R,1779922965.71,2026-05-27T23:02:45Z,40.647766,-73.765503,210.9,44ccc8,OO-SFH,A333,AIRBUS A-330-300,0
takeoff,LGA,31,1779922991.19,2026-05-27T23:03:11Z,40.772184,-73.857417,309.4,a4da13,N411YX,E75L,EMBRAER ERJ-170-200 (long wing),0
landing,JFK,22L,1779923011.44,2026-05-27T23:03:31Z,40.632504,-73.764829,210.9,a0ec20,N159FE,B763,BOEING 767-300,0
landing,LGA,22,1779923042.3,2026-05-27T23:04:02Z,40.774477,-73.879686,205.3,a50cb7,N424YX,E75L,EMBRAER ERJ-170-200 (long wing),0
takeoff,JFK,22R,1779923100.67,2026-05-27T23:05:00Z,40.647617,-73.765594,210.9,a324ce,N301UC,B38M,BOEING 737 MAX 8,0
landing,JFK,22L,1779923123.21,2026-05-27T23:05:23Z,40.633461,-73.764267,222.2,a7f6f6,N612JB,A320,AIRBUS A-320,0
takeoff,JFK,22R,1779923165.67,2026-05-27T23:06:05Z,40.64754,-73.765671,210.9,a4d7e4,N411AN,A21N,AIRBUS A-321neo,0
landing,LGA,22,1779923170.9,2026-05-27T23:06:10Z,40.774704,-73.879547,210.9,a1ecfd,N223JQ,E75L,EMBRAER ERJ-170-200 (long wing),0
takeoff,LGA,13,1779923186.27,2026-05-27T23:06:26Z,40.771511,-73.858383,126.6,abdb88,N863RW,E170,EMBRAER ERJ-170-100,0
takeoff,LGA,31,1779923224.09,2026-05-27T23:07:04Z,40.772289,-73.857605,298.1,a17c12,N195PQ,CRJ9,BOMBARDIER Regional Jet CRJ-900,0
landing,JFK,22L,1779923228.24,2026-05-27T23:07:08Z,40.630421,-73.766764,225.0,a22ac6,N239JQ,E75L,EMBRAER ERJ-170-200 (long wing),0
takeoff,JFK,22R,1779923228.57,2026-05-27T23:07:08Z,40.647436,-73.765734,210.9,ad7e6f,N969JT,A321,AIRBUS A-321,0
landing,LGA,22,1779923266.41,2026-05-27T23:07:46Z,40.777456,-73.877298,210.9,a091f3,N136EV,CRJ9,BOMBARDIER Regional Jet CRJ-900,0
takeoff,JFK,22R,1779923291.35,2026-05-27T23:08:11Z,40.647168,-73.765952,210.9,407dc5,G-VTOM,A339,AIRBUS A-330-900,0
landing,JFK,22L,1779923300.87,2026-05-27T23:08:20Z,40.631001,-73.766098,216.6,ac8289,N905JB,A321,AIRBUS A-321,0
takeoff,JFK,22R,1779923367.4,2026-05-27T23:09:27Z,40.647785,-73.7655,212.4,48ae00,SP-LRA,B788,BOEING 787-8 Dreamliner,0
landing,LGA,22,1779923389.77,2026-05-27T23:09:49Z,40.774453,-73.87967,202.5,abd063,N860RW,E170,EMBRAER ERJ-170-100,0
landing,JFK,22L,1779923401.22,2026-05-27T23:10:01Z,40.63092,-73.766174,216.6,407995,G-STBP,B77W,BOEING 777-300ER,0
takeoff,LGA,13,1779923437.33,2026-05-27T23:10:37Z,40.775345,-73.866348,123.8,ac74f9,N901XJ,CRJ9,BOMBARDIER Regional Jet CRJ-900,0
landing,LGA,22,1779923443.68,2026-05-27T23:10:43Z,40.774372,-73.879857,210.9,a44e18,N377DA,B738,BOEING 737-800,0
takeoff,JFK,22R,1779923494.71,2026-05-27T23:11:34Z,40.646633,-73.766374,210.9,0d0e1d,XA-MLI,B38M,BOEING 737 MAX 8,0
landing,JFK,22L,1779923506.52,2026-05-27T23:11:46Z,40.633095,-73.764374,210.9,a3b8e1,N339SU,B38M,BOEING 737 MAX 8,0
landing,LGA,22,1779923544.62,2026-05-27T23:12:24Z,40.774965,-73.879327,210.9,aa5690,N76504,B738,BOEING 737-800,0
landing,JFK,22L,1779923600.53,2026-05-27T23:13:20Z,40.633163,-73.764679,230.6,acb2c2,N917XJ,CRJ9,BOMBARDIER Regional Jet CRJ-900,0
takeoff,LGA,31,1779923607.91,2026-05-27T23:13:27Z,40.772277,-73.857557,303.8,ac5ab7,N8953Q,B38M,,0
takeoff,JFK,13L,1779923612.23,2026-05-27T23:13:32Z,40.649123,-73.76834,118.1,a5e9f4,N480PX,CRJ9,BOMBARDIER Regional Jet CRJ-900,0
takeoff,JFK,22R,1779923612.61,2026-05-27T23:13:32Z,40.647505,-73.765687,210.9,a38b61,N3275J,BCS3,,0
takeoff,JFK,22R,1779923682.95,2026-05-27T23:14:42Z,40.646237,-73.766686,210.9,aa589c,N766JB,A320,AIRBUS A-320,0
landing,JFK,22L,1779923683.15,2026-05-27T23:14:43Z,40.631747,-73.765422,210.9,841c48,JA07WJ,A35K,AIRBUS A-350-1000,0
landing,LGA,22,1779923711.97,2026-05-27T23:15:11Z,40.777863,-73.876953,210.9,a0acf8,N14230,B738,BOEING 737-800,0
takeoff,JFK,22R,1779923739.65,2026-05-27T23:15:39Z,40.647994,-73.765313,210.9,4005bc,G-VIID,B772,BOEING 777-200,0
takeoff,LGA,31,1779923771.26,2026-05-27T23:16:11Z,40.772172,-73.857323,300.9,ac26cf,N882RW,E170,EMBRAER ERJ-170-100,0
landing,JFK,22L,1779923787.88,2026-05-27T23:16:27Z,40.632431,-73.764893,210.9,ab4489,N825MH,B764,BOEING 767-400,0
takeoff,JFK,22R,1779923812.11,2026-05-27T23:16:52Z,40.647675,-73.765549,210.9,abb775,N854NW,A332,AIRBUS A-330-200,0
landing,JFK,22L,1779923874.54,2026-05-27T23:17:54Z,40.632225,-73.765063,210.9,3965aa,F-GZNK,B77W,BOEING 777-300ER,0
takeoff,JFK,22R,1779923957.32,2026-05-27T23:19:17Z,40.646667,-73.766343,210.9,ad4f72,N957JB,A321,AIRBUS A-321,0
landing,JFK,22L,1779923960.11,2026-05-27T23:19:20Z,40.632076,-73.765167,212.4,7c8064,VH-ZNA,B789,BOEING 787-9 Dreamliner,0
takeoff,LGA,31,1779923966.83,2026-05-27T23:19:26Z,40.772163,-73.85733,345.9,ab1d06,N815MD,E170,EMBRAER ERJ-170-100,0
landing,LGA,04,1779923992.2,2026-05-27T23:19:52Z,40.771393,-73.880794,30.9,a210c5,N232JQ,E75L,EMBRAER ERJ-170-200 (long wing),0
takeoff,LGA,31,1779924048.56,2026-05-27T23:20:48Z,40.772324,-73.857681,303.8,a46a7e,N384DN,A321,AIRBUS A-321,0
takeoff,JFK,22R,1779924073.63,2026-05-27T23:21:13Z,40.647583,-73.765625,208.1,a1094c,N166PQ,CRJ9,BOMBARDIER Regional Jet CRJ-900,0
landing,LGA,22,1779924103.77,2026-05-27T23:21:43Z,40.770973,-73.882446,180.0,abc2e5,N857RW,E170,EMBRAER ERJ-170-100,0
landing,JFK,22L,1779924105.73,2026-05-27T23:21:45Z,40.633415,-73.764328,222.2,ade252,N994JL,A321,AIRBUS A-321,0
takeoff,JFK,22R,1779924130.74,2026-05-27T23:22:10Z,40.648544,-73.764877,210.9,ad2aea,N948AK,B39M,BOEING 737 MAX 9,0
takeoff,LGA,31,1779924136.54,2026-05-27T23:22:16Z,40.772301,-73.85759,298.1,a4a0b4,N398CA,CRJ7,BOMBARDIER Regional Jet CRJ-700,0
landing,JFK,22L,1779924191.49,2026-05-27T23:23:11Z,40.633839,-73.763763,213.8,4cc578,TF-IAB,A21N,AIRBUS A-321neo,0
takeoff,JFK,22R,1779924218.87,2026-05-27T23:23:38Z,40.637329,-73.773621,210.9,a13386,N177DN,B763,BOEING 767-300,0
landing,LGA,22,1779924248.33,2026-05-27T23:24:08Z,40.774523,-73.879717,210.9,aaf002,N80343,E75L,EMBRAER ERJ-170-200 (long wing),0
landing,JFK,22L,1779924273.78,2026-05-27T23:24:33Z,40.633854,-73.76383,216.6,a01bbc,N106HQ,E75L,EMBRAER ERJ-170-200 (long wing),0
takeoff,JFK,22R,1779924323.06,2026-05-27T23:25:23Z,40.647423,-73.765762,210.9,aca309,N913NN,B738,BOEING 737-800,0
landing,JFK,22L,1779924360.04,2026-05-27T23:26:00Z,40.631493,-73.765625,213.8,a11d47,N171DZ,B763,BOEING 767-300,0
takeoff,JFK,22R,1779924390.44,2026-05-27T23:26:30Z,40.64619,-73.766701,210.9,a36799,N3185J,BCS3,AIRBUS A220-300,0
landing,LGA,22,1779924400.98,2026-05-27T23:26:40Z,40.781181,-73.874237,210.9,ac0a58,N875QS,C700,,0
takeoff,LGA,31,1779924445.16,2026-05-27T23:27:25Z,40.772243,-73.857391,329.1,ac671b,N899DN,B739,BOEING 737-900,0
landing,JFK,22L,1779924445.18,2026-05-27T23:27:25Z,40.630772,-73.766296,219.4,461f0d,OH-LTT,A333,AIRBUS A-330-300,0
takeoff,JFK,22R,1779924448.34,2026-05-27T23:27:28Z,40.648564,-73.76486,210.9,adbaca,N984JB,A321,AIRBUS A-321,0
landing,LGA,22,1779924498.76,2026-05-27T23:28:18Z,40.776723,-73.877907,210.9,a33766,N306UH,B38M,BOEING 737 MAX 8,0
takeoff,JFK,22R,1779924513.35,2026-05-27T23:28:33Z,40.647343,-73.765808,210.9,394a18,F-GSQY,B77W,BOEING 777-300ER,0
landing,JFK,22L,1779924564.48,2026-05-27T23:29:24Z,40.635099,-73.762816,210.9,ad8bed,N972JT,A321,AIRBUS A-321,0
takeoff,LGA,13,1779924578.64,2026-05-27T23:29:38Z,40.771532,-73.858369,123.8,a50192,N421YX,E75L,EMBRAER ERJ-170-200 (long wing),0
landing,LGA,22,1779924597.67,2026-05-27T23:29:57Z,40.775803,-73.87864,210.9,ab93a5,N845NN,B738,BOEING 737-800,0
landing,LGA,22,1779924665.5,2026-05-27T23:31:05Z,40.776981,-73.877701,210.9,a2b135,N27268,B38M,BOEING 737 MAX 8,0
takeoff,JFK,22R,1779924671.62,2026-05-27T23:31:11Z,40.647459,-73.765718,210.9,a6b470,N531DA,A21N,AIRBUS A-321neo,0
landing,JFK,22L,1779924688.4,2026-05-27T23:31:28Z,40.633842,-73.763799,210.9,a33b1e,N307UJ,B38M,,0
takeoff,JFK,22R,1779924732.84,2026-05-27T23:32:12Z,40.648636,-73.764771,210.9,a6189c,N492MC,B744,BOEING 747-400,0
landing,LGA,22,1779924785.9,2026-05-27T23:33:05Z,40.774178,-73.879822,196.9,c0617a,C-GKXT,E295,EMBRAER ERJ-190-400,0
takeoff,JFK,22R,1779924813.51,2026-05-27T23:33:33Z,40.646947,-73.766108,210.9,aa6914,N770AN,B772,BOEING 777-200,0
landing,JFK,22L,1779924834.19,2026-05-27T23:33:54Z,40.632774,-73.764648,210.9,a00d5b,N102NN,A321,AIRBUS A-321,0
landing,LGA,22,1779924837.21,2026-05-27T23:33:57Z,40.774349,-73.879779,205.3,a53436,N434YX,E75L,EMBRAER ERJ-170-200 (long wing),0
takeoff,LGA,31,1779924875.79,2026-05-27T23:34:35Z,40.772324,-73.857651,303.8,ac7c67,N903XJ,CRJ9,BOMBARDIER Regional Jet CRJ-900,0
takeoff,JFK,22R,1779924888.64,2026-05-27T23:34:48Z,40.647703,-73.765547,210.9,ab35d3,N821NW,A333,AIRBUS A-330-300,0
landing,LGA,22,1779924944.62,2026-05-27T23:35:44Z,40.774407,-73.879764,208.1,a23bfb,N243JQ,E75L,EMBRAER ERJ-170-200 (long wing),0
takeoff,LGA,31,1779925002.0,2026-05-27T23:36:42Z,40.772324,-73.857666,303.8,a3c163,N341DU,,,0
landing,JFK,22L,1779925019.0,2026-05-27T23:36:59Z,40.63276,-73.764642,210.9,4952a5,CS-TUE,A339,AIRBUS A-330-900,0
takeoff,JFK,22R,1779925028.06,2026-05-27T23:37:08Z,40.647411,-73.765762,210.9,a98219,N711ZX,B752,BOEING 757-200,0
takeoff,JFK,04L,1779925057.16,2026-05-27T23:37:37Z,40.651016,-73.765045,73.1,a07fa6,N131HQ,E75L,EMBRAER ERJ-170-200 (long wing),0
takeoff,LGA,31,1779925078.02,2026-05-27T23:37:58Z,40.772277,-73.857526,300.9,a1e1d8,N220JQ,E75L,EMBRAER ERJ-170-200 (long wing),0
takeoff,JFK,22R,1779925100.46,2026-05-27T23:38:20Z,40.647657,-73.765578,210.9,407e21,G-VLDY,A339,AIRBUS A-330-900,0
landing,LGA,22,1779925102.98,2026-05-27T23:38:22Z,40.771408,-73.882263,210.9,a1f46b,N225JQ,E75L,EMBRAER ERJ-170-200 (long wing),0
landing,JFK,22L,1779925194.57,2026-05-27T23:39:54Z,40.630863,-73.76622,218.1,44012f,OE-LPL,B789,BOEING 787-9 Dreamliner,0
landing,LGA,22,1779925259.66,2026-05-27T23:40:59Z,40.77436,-73.879857,210.9,a0acdd,N14228,B738,BOEING 737-800,0
takeoff,JFK,22R,1779925282.52,2026-05-27T23:41:22Z,40.647675,-73.765564,208.1,a33e5e,N308PQ,CRJ9,BOMBARDIER Regional Jet CRJ-900,0
landing,JFK,22L,1779925323.38,2026-05-27T23:42:03Z,40.635796,-73.762253,210.9,ac79a3,N9025B,A319,AIRBUS A-319,0
takeoff,JFK,22R,1779925344.97,2026-05-27T23:42:24Z,40.648624,-73.764816,210.9,aca02f,N912XJ,CRJ9,BOMBARDIER Regional Jet CRJ-900,0
landing,LGA,22,1779925369.6,2026-05-27T23:42:49Z,40.777622,-73.877151,210.9,a48a8f,N392DN,A321,AIRBUS A-321,0
takeoff,LGA,31,1779925377.69,2026-05-27T23:42:57Z,40.772449,-73.857925,300.9,ac7e15,N904AN,B738,BOEING 737-800,0
landing,JFK,22L,1779925414.1,2026-05-27T23:43:34Z,40.635372,-73.762604,210.9,a5e3e4,N479PX,CRJ9,BOMBARDIER Regional Jet CRJ-900,0
takeoff,LGA,31,1779925421.79,2026-05-27T23:43:41Z,40.772186,-73.857376,303.8,aa7e7a,N77536,B738,BOEING 737-800,0
takeoff,JFK,22R,1779925425.14,2026-05-27T23:43:45Z,40.647709,-73.765518,210.9,a38fa4,N3289J,,,0
landing,LGA,22,1779925461.71,2026-05-27T23:44:21Z,40.778103,-73.876755,210.9,c084b9,C-GYGU,A321,AIRBUS A-321,0
takeoff,LGA,13,1779925465.72,2026-05-27T23:44:25Z,40.771534,-73.858368,120.9,aba281,N849NN,B738,BOEING 737-800,0
takeoff,JFK,22R,1779925506.16,2026-05-27T23:45:06Z,40.64647,-73.766499,210.9,a35c97,N3156J,BCS3,AIRBUS A220-300,0
landing,JFK,22L,1779925518.71,2026-05-27T23:45:18Z,40.632557,-73.764786,210.9,3481d5,EC-OJL,B772,BOEING 777-200,0
takeoff,JFK,22R,1779925571.95,2026-05-27T23:46:11Z,40.648476,-73.764938,210.9,4d206e,9H-ALC,A332,AIRBUS A-330-200,0
takeoff,LGA,31,1779925597.82,2026-05-27T23:46:37Z,40.772301,-73.857559,300.9,a37e80,N324PQ,CRJ9,BOMBARDIER Regional Jet CRJ-900,0
landing,LGA,22,1779925605.49,2026-05-27T23:46:45Z,40.780277,-73.874954,212.4,a38d77,N328QS,E55P,EMBRAER EMB-505 Phenom 300,0
landing,JFK,22L,1779925653.67,2026-05-27T23:47:33Z,40.629868,-73.767609,236.2,ad6f93,N965JT,A321,AIRBUS A-321,0
landing,LGA,22,1779925655.93,2026-05-27T23:47:35Z,40.776769,-73.87786,213.8,ac1a2c,N8790Q,B38M,,0
takeoff,JFK,22R,1779925692.09,2026-05-27T23:48:12Z,40.649265,-73.764328,210.9,a5f162,N482PX,CRJ9,BOMBARDIER Regional Jet CRJ-900,0
takeoff,LGA,31,1779925698.54,2026-05-27T23:48:18Z,40.772232,-73.857468,303.8,abd7d1,N862RW,E170,EMBRAER ERJ-170-100,0
landing,LGA,22,1779925739.1,2026-05-27T23:48:59Z,40.776641,-73.877969,210.9,acc5a5,N922AN,B738,BOEING 737-800,0
landing,JFK,22L,1779925742.34,2026-05-27T23:49:02Z,40.63044,-73.766769,225.0,ad27f3,N947JB,A321,AIRBUS A-321,0
takeoff,JFK,22R,1779925761.64,2026-05-27T23:49:21Z,40.648819,-73.764648,199.7,ad5329,N958JB,A321,AIRBUS A-321,0
takeoff,LGA,31,1779925818.24,2026-05-27T23:50:18Z,40.772564,-73.85817,300.9,a21142,N232PQ,CRJ9,BOMBARDIER Regional Jet CRJ-900,0
landing,LGA,22,1779925819.67,2026-05-27T23:50:19Z,40.775722,-73.87875,210.9,acb953,N919NN,B738,BOEING 737-800,0
takeoff,JFK,22R,1779925831.52,2026-05-27T23:50:31Z,40.646816,-73.76622,210.9,a06646,N125AA,A321,AIRBUS A-321,0
landing,JFK,22L,1779925832.55,2026-05-27T23:50:32Z,40.632481,-73.76486,209.6,406d7a,G-ZBKD,B789,BOEING 787-9 Dreamliner,0
takeoff,LGA,31,1779925856.02,2026-05-27T23:50:56Z,40.772219,-73.857401,343.1,a36994,N319PQ,CRJ9,BOMBARDIER Regional Jet CRJ-900,0
takeoff,JFK,22R,1779925897.62,2026-05-27T23:51:37Z,40.648201,-73.765137,210.9,a7e54f,N608DN,A21N,AIRBUS A-321neo,0
landing,LGA,22,1779925900.51,2026-05-27T23:51:40Z,40.775059,-73.87928,213.8,a49d16,N397DA,B738,BOEING 737-800,0
takeoff,JFK,04L,1779925930.27,2026-05-27T23:52:10Z,40.649792,-73.766205,30.9,899121,B-16781,B77L,BOEING 777-200LR,0
takeoff,JFK,22R,1779925943.01,2026-05-27T23:52:23Z,40.649682,-73.76397,208.1,aaea8c,N802NW,A333,AIRBUS A-330-300,0
takeoff,LGA,31,1779925945.01,2026-05-27T23:52:25Z,40.772278,-73.857559,303.8,a3f500,N354PT,B738,BOEING 737-800,0
landing,JFK,22L,1779925972.66,2026-05-27T23:52:52Z,40.633016,-73.764439,210.9,a7cf10,N602DZ,A21N,AIRBUS A-321neo,0
takeoff,JFK,22R,1779926047.9,2026-05-27T23:54:07Z,40.647401,-73.765765,210.9,48436b,PH-BQD,B772,BOEING 777-200,0
landing,JFK,22L,1779926049.36,2026-05-27T23:54:09Z,40.633668,-73.763924,210.9,a04641,N117AN,A321,AIRBUS A-321,0
landing,LGA,22,1779926079.35,2026-05-27T23:54:39Z,40.777462,-73.877289,210.9,a39113,N329PQ,CRJ9,BOMBARDIER Regional Jet CRJ-900,0
takeoff,LGA,31,1779926090.96,2026-05-27T23:54:50Z,40.772449,-73.85791,303.8,abe147,N8649A,B738,BOEING 737-800,0
landing,JFK,22L,1779926168.74,2026-05-27T23:56:08Z,40.63401,-73.763733,216.6,a37fd3,N3242J,BCS3,,0
landing,LGA,22,1779926216.17,2026-05-27T23:56:56Z,40.776752,-73.877869,210.9,a2c93f,N279PQ,CRJ9,BOMBARDIER Regional Jet CRJ-900,0
landing,JFK,22L,1779926249.99,2026-05-27T23:57:29Z,40.633679,-73.764017,219.4,a39338,N3298J,,,0
landing,JFK,22R,1779926288.84,2026-05-27T23:58:08Z,40.630096,-73.779297,210.9,adde95,N993JE,A321,AIRBUS A-321,0
landing,LGA,22,1779926334.68,2026-05-27T23:58:54Z,40.774509,-73.879684,205.3,a5255a,N430YX,E75L,EMBRAER ERJ-170-200 (long wing),0
landing,JFK,22L,1779926357.14,2026-05-27T23:59:17Z,40.632737,-73.765437,241.9,a11380,N169DZ,B763,BOEING 767-300,0
