type,airport,runway,timestamp,timestamp_iso,lat,lon,track_deg,icao,registration,aircraft_type,description,db_flags
takeoff,JFK,22L,1783036833.61,2026-07-03T00:00:33Z,40.635006,-73.762894,209.6,40797a,G-ZBLD,B78X,BOEING 787-10 Dreamliner,0
takeoff,LGA,22,1783036884.23,2026-07-03T00:01:24Z,40.784019,-73.871872,210.9,a537ed,N435YX,E75L,EMBRAER ERJ-170-200 (long wing),0
takeoff,JFK,22R,1783036905.98,2026-07-03T00:01:45Z,40.646519,-73.766464,210.9,ad734a,N966JT,A321,AIRBUS A-321,0
landing,JFK,22L,1783036970.61,2026-07-03T00:02:50Z,40.63418,-73.763534,210.9,a033ae,N112AN,A321,AIRBUS A-321,0
landing,LGA,22,1783036972.51,2026-07-03T00:02:52Z,40.775105,-73.879211,213.8,a5106e,N425YX,E75L,EMBRAER ERJ-170-200 (long wing),0
landing,JFK,22L,1783037043.79,2026-07-03T00:04:03Z,40.635285,-73.762691,209.6,44019a,OE-EAU,PC12,PILATUS PC-12,0
takeoff,JFK,22L,1783037043.79,2026-07-03T00:04:03Z,40.635285,-73.762691,209.6,44019a,OE-EAU,PC12,PILATUS PC-12,0
landing,JFK,22L,1783037044.12,2026-07-03T00:04:04Z,40.635098,-73.762833,209.6,44019a,OE-EAU,PC12,PILATUS PC-12,0
landing,LGA,22,1783037073.24,2026-07-03T00:04:33Z,40.779528,-73.87566,213.8,a1f751,N226AF,PC12,PILATUS PC-12,0
takeoff,JFK,22R,1783037085.82,2026-07-03T00:04:45Z,40.646336,-73.766602,210.9,ad7ab8,N968JT,A321,AIRBUS A-321,0
takeoff,LGA,13,1783037098.82,2026-07-03T00:04:58Z,40.779659,-73.873001,123.8,a33e5e,N308PQ,CRJ9,BOMBARDIER Regional Jet CRJ-900,0
takeoff,JFK,22R,1783037144.64,2026-07-03T00:05:44Z,40.646237,-73.76667,210.9,ad6040,N961DZ,B739,,0
landing,LGA,22,1783037161.45,2026-07-03T00:06:01Z,40.773399,-73.880646,213.8,a41722,N36272,B738,BOEING 737-800,0
takeoff,LGA,13,1783037170.94,2026-07-03T00:06:10Z,40.781483,-73.876799,120.9,a0835d,N132HQ,E75L,EMBRAER ERJ-170-200 (long wing),0
landing,JFK,22L,1783037175.93,2026-07-03T00:06:15Z,40.635521,-73.762482,210.9,a8ded6,N6705Y,B752,BOEING 757-200,0
landing,JFK,22R,1783037239.09,2026-07-03T00:07:19Z,40.634017,-73.776252,210.9,3c64f3,D-AIGS,A343,AIRBUS A-340-300,0
landing,LGA,22,1783037252.2,2026-07-03T00:07:32Z,40.774942,-73.879358,210.9,a4da13,N411YX,E75L,EMBRAER ERJ-170-200 (long wing),0
takeoff,LGA,13,1783037253.52,2026-07-03T00:07:33Z,40.781529,-73.876924,120.9,a0433b,N116HQ,E75L,EMBRAER ERJ-170-200 (long wing),0
landing,JFK,22L,1783037277.1,2026-07-03T00:07:57Z,40.636597,-73.761627,210.9,a64578,N503DZ,A21N,AIRBUS A-321neo,0
takeoff,LGA,13,1783037332.49,2026-07-03T00:08:52Z,40.781436,-73.876705,120.9,a24369,N245JQ,E75L,EMBRAER ERJ-170-200 (long wing),0
landing,LGA,22,1783037337.27,2026-07-03T00:08:57Z,40.774155,-73.879837,194.1,a22358,N237JQ,E75L,EMBRAER ERJ-170-200 (long wing),0
landing,JFK,22L,1783037353.64,2026-07-03T00:09:13Z,40.635169,-73.762738,210.9,789215,B-LXC,A35K,AIRBUS A-350-1000,0
takeoff,JFK,22R,1783037361.81,2026-07-03T00:09:21Z,40.64633,-73.766608,210.9,acc040,N920XJ,CRJ9,BOMBARDIER Regional Jet CRJ-900,0
landing,LGA,22,1783037414.81,2026-07-03T00:10:14Z,40.77673,-73.877899,210.9,a3ad6d,N336PQ,CRJ9,BOMBARDIER Regional Jet CRJ-900,0
takeoff,JFK,22R,1783037421.02,2026-07-03T00:10:21Z,40.647697,-73.765533,210.9,a40469,N358VJ,CL35,BOMBARDIER BD-100 Challenger 350,8
takeoff,LGA,13,1783037422.83,2026-07-03T00:10:22Z,40.781445,-73.87674,120.9,a03f84,N115HQ,E75L,EMBRAER ERJ-170-200 (long wing),0
takeoff,JFK,22R,1783037480.68,2026-07-03T00:11:20Z,40.645432,-73.767303,210.9,ab8fd0,N844MH,B764,BOEING 767-400,0
landing,JFK,22L,1783037482.97,2026-07-03T00:11:22Z,40.636047,-73.762054,210.9,a36799,N3185J,BCS3,AIRBUS A220-300,0
takeoff,LGA,13,1783037503.18,2026-07-03T00:11:43Z,40.781456,-73.87677,120.9,abdf3f,N864RW,E170,EMBRAER ERJ-170-100,0
landing,LGA,22,1783037506.51,2026-07-03T00:11:46Z,40.772603,-73.881309,210.9,a23a02,N24211,B738,BOEING 737-800,0
takeoff,JFK,22R,1783037544.38,2026-07-03T00:12:24Z,40.648099,-73.765203,210.9,a6692d,N512DE,A21N,AIRBUS A-321neo,0
landing,JFK,22L,1783037579.91,2026-07-03T00:12:59Z,40.637031,-73.761286,210.9,a01880,N105NN,A321,AIRBUS A-321,0
takeoff,JFK,22R,1783037603.77,2026-07-03T00:13:23Z,40.646931,-73.766144,210.9,a78a52,N585UW,A321,AIRBUS A-321,0
landing,LGA,22,1783037620.02,2026-07-03T00:13:40Z,40.771866,-73.881912,210.9,a866c7,N640RW,E170,EMBRAER ERJ-170-100,0
takeoff,LGA,13,1783037626.2,2026-07-03T00:13:46Z,40.779224,-73.872101,120.9,c01401,C-FHOY,BCS3,AIRBUS A220-300,0
landing,JFK,22L,1783037653.71,2026-07-03T00:14:13Z,40.636635,-73.761598,213.8,ab4c76,N827SK,CRJ9,BOMBARDIER Regional Jet CRJ-900,0
takeoff,LGA,13,1783037681.68,2026-07-03T00:14:41Z,40.781727,-73.877345,123.8,a21fa1,N236JQ,E75L,EMBRAER ERJ-170-200 (long wing),0
landing,JFK,22L,1783037723.0,2026-07-03T00:15:23Z,40.63631,-73.761879,210.9,ad1cde,N944JT,A321,AIRBUS A-321,0
takeoff,JFK,22R,1783037736.95,2026-07-03T00:15:36Z,40.647068,-73.766037,210.9,acb679,N918XJ,CRJ9,BOMBARDIER Regional Jet CRJ-900,0
takeoff,LGA,13,1783037766.64,2026-07-03T00:16:06Z,40.779644,-73.87296,120.9,a153de,N185GJ,CRJ9,BOMBARDIER Regional Jet CRJ-900,0
takeoff,JFK,22R,1783037801.34,2026-07-03T00:16:41Z,40.645725,-73.767092,209.6,40742e,G-CKOF,B789,BOEING 787-9 Dreamliner,0
landing,JFK,22L,1783037825.43,2026-07-03T00:17:05Z,40.635155,-73.762772,210.9,a7946a,N588JB,A320,AIRBUS A-320,0
takeoff,LGA,13,1783037843.87,2026-07-03T00:17:23Z,40.78006,-73.87384,123.8,c0850c,C-GYJZ,DH8D,DE HAVILLAND DHC-8-400 Dash 8,0
landing,LGA,22,1783037899.45,2026-07-03T00:18:19Z,40.771866,-73.881882,210.9,a50192,N421YX,E75L,EMBRAER ERJ-170-200 (long wing),0
takeoff,LGA,13,1783037934.99,2026-07-03T00:18:54Z,40.780144,-73.874005,120.9,ad8b20,N972AN,B738,BOEING 737-800,0
takeoff,JFK,22R,1783037941.15,2026-07-03T00:19:01Z,40.645702,-73.767092,210.9,a1cc1f,N215AK,B739,BOEING 737-900,0
takeoff,JFK,22R,1783038006.22,2026-07-03T00:20:06Z,40.64518,-73.767532,210.9,ab35d3,N821NW,A333,AIRBUS A-330-300,0
landing,LGA,22,1783038040.36,2026-07-03T00:20:40Z,40.775047,-73.879264,210.9,abbb77,N855RW,E170,EMBRAER ERJ-170-100,0
takeoff,LGA,13,1783038057.79,2026-07-03T00:20:57Z,40.780209,-73.874146,120.9,acfa52,N935XJ,CRJ9,BOMBARDIER Regional Jet CRJ-900,0
landing,JFK,22L,1783038086.23,2026-07-03T00:21:26Z,40.634995,-73.762894,210.9,acba30,N919XJ,CRJ9,BOMBARDIER Regional Jet CRJ-900,0
takeoff,JFK,22R,1783038089.34,2026-07-03T00:21:29Z,40.647249,-73.76589,210.9,a797b4,N589DT,A21N,AIRBUS A-321neo,0
takeoff,JFK,22R,1783038142.67,2026-07-03T00:22:22Z,40.646214,-73.766686,210.9,a539c9,N436DX,A339,AIRBUS A-330-900,0
landing,LGA,22,1783038189.04,2026-07-03T00:23:09Z,40.777095,-73.877595,213.8,a39d9b,N332DU,BCS3,,0
landing,JFK,22L,1783038191.8,2026-07-03T00:23:11Z,40.633713,-73.763901,210.9,a9c508,N729AN,B77W,BOEING 777-300ER,0
takeoff,LGA,13,1783038209.09,2026-07-03T00:23:29Z,40.779935,-73.873568,120.9,a34bdc,N311PQ,CRJ9,BOMBARDIER Regional Jet CRJ-900,0
takeoff,JFK,22R,1783038212.22,2026-07-03T00:23:32Z,40.645923,-73.766936,209.6,48ae20,SP-LSA,B789,BOEING 787-9 Dreamliner,0
landing,LGA,22,1783038301.94,2026-07-03T00:25:01Z,40.776769,-73.87786,213.8,aab146,N7885A,B737,BOEING 737-700,0
takeoff,LGA,13,1783038318.53,2026-07-03T00:25:18Z,40.781657,-73.877127,123.8,a53f5b,N437YX,E75L,EMBRAER ERJ-170-200 (long wing),0
landing,JFK,22L,1783038335.54,2026-07-03T00:25:35Z,40.636345,-73.761826,210.9,ab4f5d,N828JB,A320,AIRBUS A-320,0
takeoff,JFK,22R,1783038345.68,2026-07-03T00:25:45Z,40.64569,-73.767107,210.9,a3845c,N3258J,BCS3,,0
takeoff,JFK,22R,1783038389.74,2026-07-03T00:26:29Z,40.649402,-73.764189,210.9,a431af,N37CL,S22T,CIRRUS SR-22T Turbo,0
landing,LGA,22,1783038391.15,2026-07-03T00:26:31Z,40.774023,-73.880138,213.8,ad6884,N963NN,B738,BOEING 737-800,0
takeoff,LGA,13,1783038394.72,2026-07-03T00:26:34Z,40.781611,-73.87708,123.8,a01f73,N107HQ,E75L,EMBRAER ERJ-170-200 (long wing),0
landing,JFK,22L,1783038416.29,2026-07-03T00:26:56Z,40.63354,-73.764048,210.9,3481d5,EC-OJL,B772,BOEING 777-200,0
landing,LGA,22,1783038509.73,2026-07-03T00:28:29Z,40.776525,-73.878063,210.9,a44262,N3738B,B738,BOEING 737-800,0
takeoff,LGA,13,1783038525.08,2026-07-03T00:28:45Z,40.7799,-73.87352,120.9,accf1c,N924XJ,CRJ9,BOMBARDIER Regional Jet CRJ-900,0
landing,JFK,22L,1783038551.54,2026-07-03T00:29:11Z,40.636414,-73.761754,210.9,a83876,N629JB,A320,AIRBUS A-320,0
takeoff,JFK,22R,1783038551.7,2026-07-03T00:29:11Z,40.646313,-73.766632,210.9,a842e2,N631QS,C68A,CESSNA 680 Citation Latitude,0
landing,LGA,22,1783038621.15,2026-07-03T00:30:21Z,40.777302,-73.877426,210.9,ad5480,N958XV,A21N,,0
takeoff,LGA,13,1783038652.11,2026-07-03T00:30:52Z,40.781529,-73.876892,123.8,a4eca6,N416YX,E75L,EMBRAER ERJ-170-200 (long wing),0
landing,JFK,22L,1783038673.82,2026-07-03T00:31:13Z,40.633354,-73.764439,225.0,a4cc95,N408YX,E75L,EMBRAER ERJ-170-200 (long wing),0
takeoff,JFK,22R,1783038710.71,2026-07-03T00:31:50Z,40.645535,-73.767227,212.4,e8040f,CC-BBB,B788,BOEING 787-8 Dreamliner,0
takeoff,JFK,22R,1783038711.37,2026-07-03T00:31:51Z,40.645306,-73.76741,212.4,e8040f,CC-BBB,B788,BOEING 787-8 Dreamliner,0
landing,JFK,22L,1783038748.34,2026-07-03T00:32:28Z,40.63596,-73.762129,210.9,a19cc7,N2027J,A21N,AIRBUS A-321neo,0
landing,LGA,22,1783038785.82,2026-07-03T00:33:05Z,40.774849,-73.879452,210.9,ac7f41,N904NN,B738,BOEING 737-800,0
takeoff,JFK,22R,1783038791.02,2026-07-03T00:33:11Z,40.64548,-73.767263,210.9,4c0221,YU-ARB,A332,AIRBUS A-330-200,0
takeoff,LGA,13,1783038812.05,2026-07-03T00:33:32Z,40.780051,-73.873803,120.9,a9ab87,N722FR,A321,AIRBUS A-321,0
landing,LGA,04,1783038833.97,2026-07-03T00:33:53Z,40.77734,-73.875878,33.8,ac92b1,N909XJ,CRJ9,BOMBARDIER Regional Jet CRJ-900,0
landing,JFK,22L,1783038839.81,2026-07-03T00:33:59Z,40.633289,-73.764236,210.9,a04641,N117AN,A321,AIRBUS A-321,0
takeoff,JFK,22R,1783038875.72,2026-07-03T00:34:35Z,40.646358,-73.766602,209.6,7c806d,VH-ZNJ,B789,BOEING 787-9 Dreamliner,0
landing,LGA,22,1783038888.58,2026-07-03T00:34:48Z,40.777177,-73.877517,208.1,a1584a,N186PQ,CRJ9,BOMBARDIER Regional Jet CRJ-900,0
landing,JFK,22L,1783038932.8,2026-07-03T00:35:32Z,40.635281,-73.762634,210.9,aa589c,N766JB,A320,AIRBUS A-320,0
takeoff,LGA,13,1783038934.96,2026-07-03T00:35:34Z,40.779167,-73.871992,120.9,a3b02e,N337DU,BCS3,AIRBUS A220-300,0
takeoff,JFK,22R,1783038997.4,2026-07-03T00:36:37Z,40.649251,-73.764314,210.9,a21833,N234JQ,E75L,EMBRAER ERJ-170-200 (long wing),0
takeoff,LGA,13,1783038997.54,2026-07-03T00:36:37Z,40.780133,-73.87399,123.8,a30961,N295PQ,CRJ9,BOMBARDIER Regional Jet CRJ-900,0
landing,JFK,22L,1783039024.15,2026-07-03T00:37:04Z,40.633866,-73.763768,210.9,899019,B-18053,B77W,BOEING 777-300ER,0
landing,LGA,22,1783039057.38,2026-07-03T00:37:37Z,40.776157,-73.878357,210.9,a2af3e,N272PQ,CRJ9,BOMBARDIER Regional Jet CRJ-900,0
takeoff,JFK,22R,1783039068.14,2026-07-03T00:37:48Z,40.64633,-73.766608,210.9,a390ed,N329NB,A319,AIRBUS A-319,0
takeoff,LGA,13,1783039073.45,2026-07-03T00:37:53Z,40.779772,-73.873241,120.9,a3e011,N349PQ,CRJ9,BOMBARDIER Regional Jet CRJ-900,0
takeoff,JFK,22R,1783039136.7,2026-07-03T00:38:56Z,40.646539,-73.766467,210.9,a02c40,N110AN,A321,AIRBUS A-321,0
landing,LGA,22,1783039136.7,2026-07-03T00:38:56Z,40.775117,-73.879233,210.9,a07228,N128HQ,E75L,EMBRAER ERJ-170-200 (long wing),0
landing,JFK,22L,1783039160.01,2026-07-03T00:39:20Z,40.636288,-73.761841,210.9,a07f46,N131DU,BCS1,AIRBUS A220-100,0
takeoff,JFK,22R,1783039206.93,2026-07-03T00:40:06Z,40.645844,-73.766983,210.9,abca08,N859NW,A332,AIRBUS A-330-200,0
landing,LGA,22,1783039238.72,2026-07-03T00:40:38Z,40.775116,-73.879196,210.9,a8a490,N656RW,E170,EMBRAER ERJ-170-100,0
takeoff,LGA,13,1783039240.84,2026-07-03T00:40:40Z,40.781479,-73.876801,120.9,a50900,N423YX,E75L,EMBRAER ERJ-170-200 (long wing),0
landing,JFK,22L,1783039251.47,2026-07-03T00:40:51Z,40.636147,-73.761989,210.9,ab6162,N832SK,CRJ9,BOMBARDIER Regional Jet CRJ-900,0
landing,LGA,22,1783039328.03,2026-07-03T00:42:08Z,40.775012,-73.879296,210.9,ab3d17,N823MD,E170,EMBRAER ERJ-170-100,0
takeoff,LGA,13,1783039330.91,2026-07-03T00:42:10Z,40.781467,-73.876785,120.9,a50cb7,N424YX,E75L,EMBRAER ERJ-170-200 (long wing),0
landing,JFK,22L,1783039346.27,2026-07-03T00:42:26Z,40.635704,-73.762344,210.9,ac72af,N9008U,A319,AIRBUS A-319,0
takeoff,JFK,22R,1783039347.75,2026-07-03T00:42:27Z,40.646388,-73.766561,210.9,ac89f7,N907JB,A321,AIRBUS A-321,0
takeoff,JFK,22R,1783039405.75,2026-07-03T00:43:25Z,40.646622,-73.766388,210.9,a65bbc,N509DT,A21N,AIRBUS A-321neo,0
landing,LGA,22,1783039407.58,2026-07-03T00:43:27Z,40.777689,-73.877095,213.8,a752ea,N571JB,A320,AIRBUS A-320,0
takeoff,LGA,13,1783039425.17,2026-07-03T00:43:45Z,40.78149,-73.876846,120.9,ab40ce,N824MD,E170,EMBRAER ERJ-170-100,0
takeoff,JFK,22R,1783039463.23,2026-07-03T00:44:23Z,40.646919,-73.766159,210.9,a233ce,N241AZ,B763,BOEING 767-300,0
landing,JFK,22L,1783039465.82,2026-07-03T00:44:25Z,40.633796,-73.763814,210.9,71c010,HL8010,B77W,BOEING 777-300ER,0
takeoff,LGA,13,1783039492.19,2026-07-03T00:44:52Z,40.779912,-73.87349,120.9,a1f751,N226AF,PC12,PILATUS PC-12,0
takeoff,LGA,04,1783039512.51,2026-07-03T00:45:12Z,40.77699,-73.87619,30.9,a752ea,N571JB,A320,AIRBUS A-320,0
landing,LGA,22,1783039525.92,2026-07-03T00:45:25Z,40.775734,-73.878708,213.8,ad1142,N941DZ,B739,,0
landing,LGA,04,1783039539.71,2026-07-03T00:45:39Z,40.777027,-73.876175,30.9,a752ea,N571JB,A320,AIRBUS A-320,0
takeoff,JFK,22R,1783039556.19,2026-07-03T00:45:56Z,40.646947,-73.766124,210.9,a66576,N511DE,A21N,AIRBUS A-321neo,0
takeoff,JFK,22R,1783039556.96,2026-07-03T00:45:56Z,40.646702,-73.766312,210.9,a66576,N511DE,A21N,AIRBUS A-321neo,0
landing,JFK,22L,1783039585.54,2026-07-03T00:46:25Z,40.634148,-73.763565,210.9,ade609,N995JL,A321,AIRBUS A-321,0
takeoff,JFK,22R,1783039618.33,2026-07-03T00:46:58Z,40.646015,-73.766861,210.9,4bb143,TC-LJC,B77W,BOEING 777-300ER,0
takeoff,LGA,13,1783039632.73,2026-07-03T00:47:12Z,40.779476,-73.87262,120.9,a7dadc,N605LR,CRJ9,BOMBARDIER Regional Jet CRJ-900,0
landing,JFK,22L,1783039670.92,2026-07-03T00:47:50Z,40.6367,-73.761551,210.9,a387f0,N3267J,BCS3,,0
takeoff,LGA,13,1783039689.05,2026-07-03T00:48:09Z,40.781399,-73.876663,120.9,ac26cf,N882RW,E170,EMBRAER ERJ-170-100,0
landing,JFK,22L,1783039742.33,2026-07-03T00:49:02Z,40.635429,-73.762527,210.9,a360b7,N3169J,BCS3,AIRBUS A220-300,0
landing,LGA,22,1783039776.84,2026-07-03T00:49:36Z,40.775082,-73.879249,213.8,a4b294,N401YX,E75L,EMBRAER ERJ-170-200 (long wing),0
takeoff,LGA,13,1783039777.5,2026-07-03T00:49:37Z,40.781448,-73.876721,123.8,ada699,N979RP,E170,EMBRAER ERJ-170-100,0
takeoff,JFK,22R,1783039787.33,2026-07-03T00:49:47Z,40.64962,-73.764023,210.9,a1f0b4,N224JQ,E75L,EMBRAER ERJ-170-200 (long wing),0
landing,JFK,22L,1783039840.31,2026-07-03T00:50:40Z,40.634846,-73.763016,210.9,a0275c,N109NN,A321,AIRBUS A-321,0
landing,LGA,22,1783039846.1,2026-07-03T00:50:46Z,40.774197,-73.879982,210.9,a448ba,N3750D,B738,BOEING 737-800,0
takeoff,JFK,22R,1783039860.87,2026-07-03T00:51:00Z,40.649517,-73.764114,210.9,a4f7cb,N419YX,E75L,EMBRAER ERJ-170-200 (long wing),0
landing,JFK,22L,1783039921.84,2026-07-03T00:52:01Z,40.635796,-73.762268,210.9,a5f162,N482PX,CRJ9,BOMBARDIER Regional Jet CRJ-900,0
takeoff,JFK,22R,1783039939.27,2026-07-03T00:52:19Z,40.645923,-73.766936,210.9,a03235,N111ZM,A321,AIRBUS A-321,0
landing,JFK,22L,1783039986.1,2026-07-03T00:53:06Z,40.635565,-73.762441,210.9,a437c0,N371CM,B763,BOEING 767-300,0
takeoff,JFK,22R,1783040104.21,2026-07-03T00:55:04Z,40.646935,-73.766155,210.9,4cc578,TF-IAB,A21N,AIRBUS A-321neo,0
takeoff,JFK,22R,1783040178.85,2026-07-03T00:56:18Z,40.645969,-73.766907,210.9,acf849,N935AN,B738,BOEING 737-800,0
landing,JFK,22L,1783040185.25,2026-07-03T00:56:25Z,40.63624,-73.761911,210.9,acaf0b,N916XJ,CRJ9,BOMBARDIER Regional Jet CRJ-900,0
landing,LGA,22,1783040237.44,2026-07-03T00:57:17Z,40.777039,-73.877655,208.1,a8f235,N676CA,CRJ9,BOMBARDIER Regional Jet CRJ-900,0
takeoff,LGA,13,1783040261.81,2026-07-03T00:57:41Z,40.779516,-73.87271,120.9,a34825,N310PQ,CRJ9,BOMBARDIER Regional Jet CRJ-900,0
landing,JFK,22L,1783040263.56,2026-07-03T00:57:43Z,40.634995,-73.762878,210.9,ad8fa4,N973JT,A321,AIRBUS A-321,0
takeoff,JFK,22R,1783040315.06,2026-07-03T00:58:35Z,40.645992,-73.766876,210.9,406b0a,G-STBK,B77W,BOEING 777-300ER,0
landing,JFK,22L,1783040362.47,2026-07-03T00:59:22Z,40.634628,-73.763184,210.9,ad7701,N967JT,A321,AIRBUS A-321,0
landing,LGA,22,1783040382.6,2026-07-03T00:59:42Z,40.777118,-73.877563,213.8,a0e086,N156AN,A321,AIRBUS A-321,0
landing,JFK,22L,1783040458.4,2026-07-03T01:00:58Z,40.633896,-73.763733,213.8,a145b7,N181PQ,CRJ9,BOMBARDIER Regional Jet CRJ-900,0
takeoff,JFK,22R,1783040479.09,2026-07-03T01:01:19Z,40.645134,-73.767548,210.9,4b1882,HB-JHI,A333,AIRBUS A-330-300,0
takeoff,LGA,13,1783040496.08,2026-07-03T01:01:36Z,40.779465,-73.872604,120.9,c04af4,C-GCJZ,CRJ9,BOMBARDIER Regional Jet CRJ-900,0
landing,JFK,22L,1783040535.21,2026-07-03T01:02:15Z,40.63269,-73.764704,210.9,a55f6c,N445YX,E75L,EMBRAER ERJ-170-200 (long wing),0
landing,LGA,22,1783040576.74,2026-07-03T01:02:56Z,40.775117,-73.879218,210.9,ad70ba,N965WN,B737,BOEING 737-700,0
takeoff,LGA,13,1783040596.75,2026-07-03T01:03:16Z,40.779636,-73.872986,120.9,a98f6a,N715JB,A320,AIRBUS A-320,0
takeoff,JFK,22R,1783040601.26,2026-07-03T01:03:21Z,40.646164,-73.766739,210.9,aded77,N997JL,A321,AIRBUS A-321,0
landing,JFK,22L,1783040610.41,2026-07-03T01:03:30Z,40.634494,-73.763284,210.9,4077d4,G-VRNB,A35K,AIRBUS A-350-1000,0
takeoff,JFK,22R,1783040665.68,2026-07-03T01:04:25Z,40.645981,-73.766876,213.8,a61173,N490PX,CRJ9,BOMBARDIER Regional Jet CRJ-900,0
takeoff,LGA,13,1783040677.67,2026-07-03T01:04:37Z,40.781273,-73.876377,123.8,a4da13,N411YX,E75L,EMBRAER ERJ-170-200 (long wing),0
landing,JFK,22L,1783040719.64,2026-07-03T01:05:19Z,40.633118,-73.764359,210.9,a38633,N326SJ,B38M,BOEING 737 MAX 8,0
takeoff,LGA,13,1783040755.54,2026-07-03T01:05:55Z,40.781471,-73.876768,123.8,a05f95,N123HQ,E75L,EMBRAER ERJ-170-200 (long wing),0
takeoff,JFK,22R,1783040804.86,2026-07-03T01:06:44Z,40.646038,-73.766846,209.6,ab7613,N838AA,B789,BOEING 787-9 Dreamliner,0
landing,JFK,22L,1783040815.13,2026-07-03T01:06:55Z,40.634903,-73.76297,210.9,a3556f,N3138J,BCS3,AIRBUS A220-300,0
landing,LGA,22,1783040828.94,2026-07-03T01:07:08Z,40.775196,-73.879166,213.8,aa56d5,N76523,B738,BOEING 737-800,0
takeoff,LGA,13,1783040841.13,2026-07-03T01:07:21Z,40.781459,-73.876752,120.9,a866c7,N640RW,E170,EMBRAER ERJ-170-100,0
landing,JFK,22L,1783040890.99,2026-07-03T01:08:10Z,40.632143,-73.765125,210.9,a16ff1,N192DN,B763,BOEING 767-300,0
takeoff,JFK,22R,1783040983.37,2026-07-03T01:09:43Z,40.646027,-73.766842,210.9,a768c2,N577DN,A21N,AIRBUS A-321neo,0
landing,JFK,22L,1783040985.01,2026-07-03T01:09:45Z,40.635763,-73.762285,212.4,740825,JY-BAE,B788,BOEING 787-8 Dreamliner,0
takeoff,JFK,22R,1783041049.26,2026-07-03T01:10:49Z,40.646074,-73.766811,210.9,a19910,N2017J,A21N,AIRBUS A-321neo,0
landing,LGA,22,1783041068.29,2026-07-03T01:11:08Z,40.776397,-73.878203,210.9,a8c796,N665JB,A320,AIRBUS A-320,0
takeoff,LGA,13,1783041088.58,2026-07-03T01:11:28Z,40.779556,-73.872772,120.9,a445d9,N3746H,B738,BOEING 737-800,0
takeoff,JFK,22R,1783041108.37,2026-07-03T01:11:48Z,40.64629,-73.766632,210.9,ad27f3,N947JB,A321,AIRBUS A-321,0
landing,JFK,22L,1783041146.09,2026-07-03T01:12:26Z,40.635739,-73.762301,210.9,a8de10,N6700,B752,BOEING 757-200,0
takeoff,LGA,13,1783041153.44,2026-07-03T01:12:33Z,40.779316,-73.872269,118.1,a6f98e,N549CA,CRJ9,BOMBARDIER Regional Jet CRJ-900,0
takeoff,JFK,22R,1783041170.65,2026-07-03T01:12:50Z,40.645702,-73.767092,210.9,400685,G-VIIM,B772,BOEING 777-200,0
landing,LGA,22,1783041186.25,2026-07-03T01:13:06Z,40.77808,-73.876785,210.9,a7b40e,N596DT,,,0
takeoff,LGA,13,1783041211.81,2026-07-03T01:13:31Z,40.781559,-73.876907,123.8,c06193,C-GKYS,E295,EMBRAER ERJ-190-400,0
takeoff,JFK,22R,1783041243.8,2026-07-03T01:14:03Z,40.646004,-73.766873,209.6,ab7fe6,N840AN,B789,BOEING 787-9 Dreamliner,0
takeoff,JFK,22R,1783041244.8,2026-07-03T01:14:04Z,40.645683,-73.76712,209.6,ab7fe6,N840AN,B789,BOEING 787-9 Dreamliner,0
landing,JFK,22L,1783041250.42,2026-07-03T01:14:10Z,40.633796,-73.763814,210.9,a3915a,N329SL,B38M,BOEING 737 MAX 8,0
takeoff,LGA,13,1783041284.14,2026-07-03T01:14:44Z,40.781657,-73.877189,120.9,a89d22,N654RW,E170,EMBRAER ERJ-170-100,0
takeoff,JFK,22R,1783041320.46,2026-07-03T01:15:20Z,40.646049,-73.76683,212.4,e8046f,CC-BGT,B789,BOEING 787-9 Dreamliner,0
landing,LGA,22,1783041329.23,2026-07-03T01:15:29Z,40.777702,-73.87709,213.8,ac33e2,N8858K,B38M,BOEING 737 MAX 8,0
takeoff,LGA,13,1783041366.13,2026-07-03T01:16:06Z,40.779935,-73.873568,123.8,ab38a1,N822DN,B739,BOEING 737-900,0
takeoff,LGA,13,1783041367.28,2026-07-03T01:16:07Z,40.779714,-73.873116,123.8,ab38a1,N822DN,B739,BOEING 737-900,0
landing,JFK,22L,1783041367.43,2026-07-03T01:16:07Z,40.633749,-73.763892,210.9,a1c935,N214JQ,E75L,EMBRAER ERJ-170-200 (long wing),0
landing,LGA,22,1783041432.13,2026-07-03T01:17:12Z,40.777153,-73.877518,213.8,a2107b,N232FR,A320,AIRBUS A-320,0
takeoff,JFK,22R,1783041450.56,2026-07-03T01:17:30Z,40.645387,-73.767357,210.9,4b187e,HB-JHE,A333,AIRBUS A-330-300,0
landing,JFK,22L,1783041457.58,2026-07-03T01:17:37Z,40.636391,-73.761801,210.9,a7081a,N552NW,B752,BOEING 757-200,0
takeoff,LGA,13,1783041471.39,2026-07-03T01:17:51Z,40.779625,-73.87294,120.9,ab9de9,N848DN,B739,BOEING 737-900,0
landing,JFK,22L,1783041541.73,2026-07-03T01:19:01Z,40.634205,-73.763489,210.9,a6aaba,N529DT,A21N,AIRBUS A-321neo,0
takeoff,JFK,22R,1783041551.18,2026-07-03T01:19:11Z,40.645775,-73.767044,210.9,ab7ae4,N839MH,B764,BOEING 767-400,0
landing,LGA,22,1783041563.78,2026-07-03T01:19:23Z,40.775425,-73.878967,213.8,a00ce0,N102HQ,E75L,EMBRAER ERJ-170-200 (long wing),0
takeoff,LGA,13,1783041570.14,2026-07-03T01:19:30Z,40.781216,-73.876266,123.8,a4e181,N413YX,E75L,EMBRAER ERJ-170-200 (long wing),0
landing,JFK,22L,1783041617.59,2026-07-03T01:20:17Z,40.634102,-73.763596,210.9,a21bea,N235JQ,E75L,EMBRAER ERJ-170-200 (long wing),0
takeoff,LGA,13,1783041640.66,2026-07-03T01:20:40Z,40.781087,-73.875987,123.8,ac159a,N878RW,E170,EMBRAER ERJ-170-100,0
landing,LGA,22,1783041678.74,2026-07-03T01:21:18Z,40.777398,-73.877329,213.8,a3b124,N337PQ,CRJ9,BOMBARDIER Regional Jet CRJ-900,0
landing,JFK,22L,1783041702.19,2026-07-03T01:21:42Z,40.635258,-73.762695,210.9,3475d4,EC-ODB,A332,AIRBUS A-330-200,0
takeoff,JFK,22R,1783041755.76,2026-07-03T01:22:35Z,40.645608,-73.767154,210.9,ac3beb,N888DU,B739,BOEING 737-900,0
landing,LGA,22,1783041776.27,2026-07-03T01:22:56Z,40.774235,-73.879929,213.8,aaf1f2,N804NN,B738,BOEING 737-800,0
takeoff,JFK,22R,1783041822.59,2026-07-03T01:23:42Z,40.64633,-73.766608,210.9,a3c662,N342SX,B38M,BOEING 737 MAX 8,0
landing,JFK,22L,1783041868.81,2026-07-03T01:24:28Z,40.63409,-73.763611,210.9,adb782,N983NN,B738,BOEING 737-800,0
landing,LGA,22,1783041870.53,2026-07-03T01:24:30Z,40.774663,-73.879561,208.1,a52911,N431YX,E75L,EMBRAER ERJ-170-200 (long wing),0
takeoff,JFK,22R,1783041883.64,2026-07-03T01:24:43Z,40.645935,-73.766922,210.9,a1d99b,N2180J,A21N,AIRBUS A-321neo,0
takeoff,JFK,22R,1783041943.36,2026-07-03T01:25:43Z,40.645818,-73.766998,210.9,aca29a,N913JB,A321,AIRBUS A-321,0
landing,LGA,22,1783041972.73,2026-07-03T01:26:12Z,40.776421,-73.878143,213.8,ab1d06,N815MD,E170,EMBRAER ERJ-170-100,0
landing,JFK,22L,1783041998.39,2026-07-03T01:26:38Z,40.633701,-73.763885,210.9,add376,N990JL,A321,AIRBUS A-321,0
takeoff,JFK,22R,1783042002.98,2026-07-03T01:26:42Z,40.646622,-73.766388,210.9,a793fd,N588DT,A21N,AIRBUS A-321neo,0
landing,LGA,22,1783042042.02,2026-07-03T01:27:22Z,40.77689,-73.877747,213.8,a00c7a,N102DN,A321,AIRBUS A-321,0
landing,JFK,22L,1783042119.82,2026-07-03T01:28:39Z,40.634448,-73.763299,210.9,a1bc29,N2102J,A21N,AIRBUS A-321neo,0
takeoff,JFK,22R,1783042165.68,2026-07-03T01:29:25Z,40.64576,-73.76706,210.9,76cef6,9V-SWV,B77W,BOEING 777-300ER,0
landing,JFK,22L,1783042197.37,2026-07-03T01:29:57Z,40.634754,-73.763077,209.6,7380c5,4X-EDF,B789,BOEING 787-9 Dreamliner,0
landing,LGA,22,1783042241.29,2026-07-03T01:30:41Z,40.777473,-73.877289,210.9,a126e7,N17311,B38M,BOEING 737 MAX 8,0
takeoff,LGA,13,1783042248.87,2026-07-03T01:30:48Z,40.781459,-73.876768,123.8,a22358,N237JQ,E75L,EMBRAER ERJ-170-200 (long wing),0
takeoff,JFK,22R,1783042251.35,2026-07-03T01:30:51Z,40.645469,-73.767263,210.9,ab4fae,N828MH,B764,BOEING 767-400,0
landing,JFK,22L,1783042349.44,2026-07-03T01:32:29Z,40.636768,-73.76149,210.9,a7e20a,N607JB,A320,AIRBUS A-320,0
landing,LGA,22,1783042363.71,2026-07-03T01:32:43Z,40.777874,-73.876953,210.9,a1b449,N209JQ,E75L,EMBRAER ERJ-170-200 (long wing),0
takeoff,JFK,22R,1783042368.61,2026-07-03T01:32:48Z,40.645912,-73.766922,210.9,a7ac54,N594AS,B738,BOEING 737-800,0
takeoff,LGA,13,1783042376.72,2026-07-03T01:32:56Z,40.781239,-73.876312,123.8,a50192,N421YX,E75L,EMBRAER ERJ-170-200 (long wing),0
takeoff,JFK,22R,1783042430.53,2026-07-03T01:33:50Z,40.645844,-73.766998,210.9,ad4804,N955JB,A321,AIRBUS A-321,0
landing,JFK,22L,1783042439.99,2026-07-03T01:33:59Z,40.635157,-73.762753,210.9,a7a59f,N592JB,A320,AIRBUS A-320,0
takeoff,LGA,13,1783042464.89,2026-07-03T01:34:24Z,40.779945,-73.873581,123.8,a3ad6d,N336PQ,CRJ9,BOMBARDIER Regional Jet CRJ-900,0
takeoff,JFK,22R,1783042503.14,2026-07-03T01:35:03Z,40.645946,-73.766889,210.9,acba30,N919XJ,CRJ9,BOMBARDIER Regional Jet CRJ-900,0
landing,JFK,22L,1783042521.42,2026-07-03T01:35:21Z,40.63496,-73.762909,210.9,a825e3,N624JB,A320,AIRBUS A-320,0
landing,LGA,22,1783042526.4,2026-07-03T01:35:26Z,40.776546,-73.878052,210.9,adc17b,N986AN,A321,AIRBUS A-321,0
takeoff,LGA,13,1783042548.14,2026-07-03T01:35:48Z,40.779772,-73.873241,120.9,aab146,N7885A,B737,BOEING 737-700,0
takeoff,JFK,22R,1783042565.58,2026-07-03T01:36:05Z,40.645364,-73.767372,210.9,a086ce,N133EV,CRJ9,BOMBARDIER Regional Jet CRJ-900,0
takeoff,JFK,22R,1783042632.72,2026-07-03T01:37:12Z,40.645608,-73.767154,210.9,346419,EC-NIS,A359,AIRBUS A-350-900,0
landing,JFK,22L,1783042647.85,2026-07-03T01:37:27Z,40.634866,-73.762987,210.9,aaffed,N808DN,B739,BOEING 737-900,0
landing,LGA,22,1783042668.22,2026-07-03T01:37:48Z,40.777348,-73.877411,210.9,ac83d5,N905XJ,CRJ9,BOMBARDIER Regional Jet CRJ-900,0
takeoff,LGA,13,1783042689.81,2026-07-03T01:38:09Z,40.779877,-73.873459,120.9,a23a02,N24211,B738,BOEING 737-800,0
landing,LGA,22,1783042773.25,2026-07-03T01:39:33Z,40.777119,-73.877579,213.8,c01a5a,C-FJZL,CRJ9,BOMBARDIER Regional Jet CRJ-900,0
landing,JFK,22L,1783042776.2,2026-07-03T01:39:36Z,40.636659,-73.761567,210.9,acb2c2,N917XJ,CRJ9,BOMBARDIER Regional Jet CRJ-900,0
takeoff,JFK,22R,1783042789.0,2026-07-03T01:39:49Z,40.646027,-73.766846,210.9,aca5e5,N914DU,B739,BOEING 737-900,0
takeoff,LGA,13,1783042793.94,2026-07-03T01:39:53Z,40.779458,-73.87257,123.8,ac92b1,N909XJ,CRJ9,BOMBARDIER Regional Jet CRJ-900,0
takeoff,JFK,22R,1783042849.81,2026-07-03T01:40:49Z,40.645608,-73.767154,210.9,a4b6b6,N4022J,A21N,AIRBUS A-321neo,0
takeoff,LGA,13,1783042861.71,2026-07-03T01:41:01Z,40.781433,-73.876709,120.9,a07228,N128HQ,E75L,EMBRAER ERJ-170-200 (long wing),0
landing,JFK,22L,1783042868.55,2026-07-03T01:41:08Z,40.635246,-73.76268,210.9,a3871e,N3261J,BCS3,,0
takeoff,JFK,22R,1783042903.88,2026-07-03T01:41:43Z,40.646062,-73.766811,210.9,a44291,N3739P,B738,BOEING 737-800,0
landing,LGA,22,1783042931.48,2026-07-03T01:42:11Z,40.776443,-73.878143,210.9,aa7e2e,N77510,B738,BOEING 737-800,0
takeoff,JFK,22R,1783042965.56,2026-07-03T01:42:45Z,40.645809,-73.767014,210.9,a1d368,N2169J,A21N,AIRBUS A-321neo,0
landing,JFK,22L,1783042975.34,2026-07-03T01:42:55Z,40.638032,-73.760506,210.9,a7da9c,N605JB,A320,AIRBUS A-320,0
takeoff,JFK,22R,1783043026.35,2026-07-03T01:43:46Z,40.645574,-73.767201,210.9,a845f4,N632JB,A320,AIRBUS A-320,0
landing,JFK,22L,1783043056.23,2026-07-03T01:44:16Z,40.63681,-73.761458,210.9,a770a2,N579JB,A320,AIRBUS A-320,0
takeoff,JFK,22R,1783043088.59,2026-07-03T01:44:48Z,40.644759,-73.767841,210.9,40641d,G-VLUV,A333,AIRBUS A-330-300,0
landing,LGA,22,1783043131.23,2026-07-03T01:45:31Z,40.775827,-73.87864,210.9,a01097,N103HQ,E75L,EMBRAER ERJ-170-200 (long wing),0
landing,JFK,22L,1783043161.69,2026-07-03T01:46:01Z,40.637398,-73.761017,210.9,a3dc34,N348NB,A319,AIRBUS A-319,0
takeoff,JFK,22R,1783043167.71,2026-07-03T01:46:07Z,40.645236,-73.767466,210.9,ab4fd4,N828NW,A333,AIRBUS A-330-300,0
landing,LGA,22,1783043200.73,2026-07-03T01:46:40Z,40.777456,-73.877314,210.9,aa56d4,N76522,B738,BOEING 737-800,0
takeoff,LGA,22,1783043200.73,2026-07-03T01:46:40Z,40.777456,-73.877314,210.9,aa56d4,N76522,B738,BOEING 737-800,0
landing,LGA,22,1783043201.82,2026-07-03T01:46:41Z,40.777118,-73.877595,210.9,aa56d4,N76522,B738,BOEING 737-800,0
landing,JFK,22L,1783043238.83,2026-07-03T01:47:18Z,40.63464,-73.763168,210.9,a34d98,N3115J,BCS3,AIRBUS A220-300,0
takeoff,JFK,22R,1783043251.14,2026-07-03T01:47:31Z,40.645409,-73.767334,209.6,02013d,CN-RGX,B789,BOEING 787-9 Dreamliner,0
landing,LGA,22,1783043329.92,2026-07-03T01:48:49Z,40.776618,-73.877985,210.9,ac8efa,N908XJ,CRJ9,BOMBARDIER Regional Jet CRJ-900,0
landing,JFK,22L,1783043341.2,2026-07-03T01:49:01Z,40.635326,-73.762619,210.9,a6bfa6,N534DT,A21N,AIRBUS A-321neo,0
takeoff,JFK,22R,1783043380.69,2026-07-03T01:49:40Z,40.645352,-73.767341,210.9,a33ca9,N3077J,BCS3,AIRBUS A220-300,0
landing,LGA,22,1783043413.57,2026-07-03T01:50:13Z,40.777679,-73.87709,213.8,abc4d8,N8578Q,B738,BOEING 737-800,0
landing,JFK,22L,1783043421.97,2026-07-03T01:50:21Z,40.635693,-73.762375,210.9,a38082,N3247J,BCS3,,0
landing,LGA,22,1783043488.26,2026-07-03T01:51:28Z,40.775175,-73.879171,213.8,a2615e,N25201,B738,BOEING 737-800,0
landing,JFK,22L,1783043500.26,2026-07-03T01:51:40Z,40.635784,-73.762268,210.9,4cc547,TF-ICR,B38M,BOEING 737 MAX 8,0
takeoff,LGA,13,1783043513.09,2026-07-03T01:51:53Z,40.779609,-73.872882,120.9,ad6884,N963NN,B738,BOEING 737-800,0
landing,JFK,22R,1783043546.19,2026-07-03T01:52:26Z,40.630595,-73.778905,210.9,3c70cb,D-ALFK,B77L,BOEING 777-200LR,0
takeoff,LGA,13,1783043587.62,2026-07-03T01:53:07Z,40.779737,-73.873163,123.8,a41722,N36272,B738,BOEING 737-800,0
landing,JFK,22L,1783043609.35,2026-07-03T01:53:29Z,40.63607,-73.762039,210.9,a5e9f4,N480PX,CRJ9,BOMBARDIER Regional Jet CRJ-900,0
landing,LGA,22,1783043618.7,2026-07-03T01:53:38Z,40.776958,-73.877701,208.1,a18380,N197PQ,CRJ9,BOMBARDIER Regional Jet CRJ-900,0
takeoff,JFK,22R,1783043619.55,2026-07-03T01:53:39Z,40.644724,-73.767856,210.9,a38b84,N3276J,BCS3,AIRBUS A220-300,0
takeoff,LGA,13,1783043645.79,2026-07-03T01:54:05Z,40.781471,-73.876768,123.8,a1e58f,N221JQ,E75L,EMBRAER ERJ-170-200 (long wing),0
landing,JFK,22R,1783043679.37,2026-07-03T01:54:39Z,40.631676,-73.778046,210.9,4005bb,G-VIIC,B772,BOEING 777-200,0
landing,JFK,22L,1783043698.84,2026-07-03T01:54:58Z,40.633889,-73.763768,210.9,a3e658,N350RV,B38M,BOEING 737 MAX 8,0
landing,LGA,22,1783043717.45,2026-07-03T01:55:17Z,40.776094,-73.878422,210.9,a45f59,N381DN,B738,BOEING 737-800,0
landing,JFK,22L,1783043799.33,2026-07-03T01:56:39Z,40.637558,-73.760849,210.9,a55218,N442AN,A21N,AIRBUS A-321neo,0
landing,LGA,22,1783043839.51,2026-07-03T01:57:19Z,40.776752,-73.877869,210.9,ac28be,N8828L,B38M,BOEING 737 MAX 8,0
landing,JFK,22R,1783043843.68,2026-07-03T01:57:23Z,40.630966,-73.77861,209.6,47c968,LN-LNO,B789,BOEING 787-9 Dreamliner,0
takeoff,LGA,13,1783043860.29,2026-07-03T01:57:40Z,40.781273,-73.876377,123.8,a22ac6,N239JQ,E75L,EMBRAER ERJ-170-200 (long wing),0
landing,JFK,22L,1783043903.75,2026-07-03T01:58:23Z,40.634052,-73.763596,210.9,71be40,HL7640,A388,AIRBUS A-380-800,0
takeoff,JFK,22R,1783043914.03,2026-07-03T01:58:34Z,40.645031,-73.767609,210.9,a5124c,N426DZ,A339,AIRBUS A-330-900,0
landing,LGA,22,1783043953.98,2026-07-03T01:59:13Z,40.776304,-73.878235,213.8,abbedb,N856NN,B738,BOEING 737-800,0
takeoff,LGA,13,1783043977.14,2026-07-03T01:59:37Z,40.779632,-73.872929,120.9,ad1142,N941DZ,B739,,0
landing,JFK,22R,1783044024.59,2026-07-03T02:00:24Z,40.629245,-73.779951,210.9,a075df,N129HQ,E75L,EMBRAER ERJ-170-200 (long wing),0
landing,LGA,22,1783044042.02,2026-07-03T02:00:42Z,40.778212,-73.876674,210.9,a43bc6,N372FR,A20N,AIRBUS A-320neo,0
landing,JFK,22L,1783044057.59,2026-07-03T02:00:57Z,40.633095,-73.76442,210.9,780cb1,B-2008,B77W,BOEING 777-300ER,0
landing,JFK,22L,1783044058.09,2026-07-03T02:00:58Z,40.632946,-73.764526,210.9,780cb1,B-2008,B77W,BOEING 777-300ER,0
takeoff,JFK,22R,1783044109.53,2026-07-03T02:01:49Z,40.641781,-73.770187,210.9,3965af,F-GZNP,B77W,BOEING 777-300ER,0
landing,JFK,22L,1783044200.63,2026-07-03T02:03:20Z,40.635588,-73.762441,208.1,a15027,N184GJ,CRJ9,BOMBARDIER Regional Jet CRJ-900,0
takeoff,JFK,22R,1783044208.33,2026-07-03T02:03:28Z,40.646528,-73.766452,210.9,ace063,N929JB,A321,AIRBUS A-321,0
takeoff,JFK,22R,1783044269.78,2026-07-03T02:04:29Z,40.646062,-73.766811,210.9,a81abe,N621JB,A320,AIRBUS A-320,0
landing,JFK,22L,1783044300.79,2026-07-03T02:05:00Z,40.634171,-73.763519,210.9,a009a4,N101NN,A321,AIRBUS A-321,0
landing,LGA,22,1783044338.64,2026-07-03T02:05:38Z,40.777956,-73.876877,213.8,abe40a,N8652B,B738,BOEING 737-800,0
landing,JFK,22R,1783044380.17,2026-07-03T02:06:20Z,40.636763,-73.774114,210.9,a62063,N494QS,E55P,EMBRAER EMB-505 Phenom 300,0
landing,JFK,22L,1783044429.19,2026-07-03T02:07:09Z,40.63489,-73.762956,210.9,a1a458,N2048J,A21N,AIRBUS A-321neo,0
landing,LGA,22,1783044457.24,2026-07-03T02:07:37Z,40.775803,-73.878662,210.9,a42a5c,N368DN,A321,AIRBUS A-321,0
takeoff,LGA,13,1783044522.61,2026-07-03T02:08:42Z,40.779259,-73.872162,120.9,a1584a,N186PQ,CRJ9,BOMBARDIER Regional Jet CRJ-900,0
landing,JFK,22L,1783044537.02,2026-07-03T02:08:57Z,40.63617,-73.761973,210.9,aca79d,N914XJ,CRJ9,BOMBARDIER Regional Jet CRJ-900,0
takeoff,LGA,13,1783044598.98,2026-07-03T02:09:58Z,40.779819,-73.873306,123.8,ad5480,N958XV,A21N,,0
landing,JFK,22L,1783044644.58,2026-07-03T02:10:44Z,40.635178,-73.762741,210.9,ace7bf,N930XJ,CRJ9,BOMBARDIER Regional Jet CRJ-900,0
takeoff,LGA,13,1783044673.81,2026-07-03T02:11:13Z,40.78149,-73.876831,123.8,a8a490,N656RW,E170,EMBRAER ERJ-170-100,0
landing,JFK,22L,1783044734.51,2026-07-03T02:12:14Z,40.634261,-73.763424,210.9,a87898,N645JB,A320,AIRBUS A-320,0
landing,JFK,22L,1783044847.5,2026-07-03T02:14:07Z,40.635111,-73.7628,210.9,a39289,N3293J,BCS3,AIRBUS A220-300,0
landing,JFK,22L,1783044937.42,2026-07-03T02:15:37Z,40.633621,-73.763962,210.9,8990e2,B-16720,B77W,BOEING 777-300ER,0
landing,JFK,22R,1783045030.11,2026-07-03T02:17:10Z,40.631759,-73.778,210.9,39d2b2,F-HUVS,A359,AIRBUS A-350-900,0
landing,JFK,22L,1783045082.47,2026-07-03T02:18:02Z,40.636482,-73.761734,210.9,a3d10f,N345NB,A319,AIRBUS A-319,0
takeoff,JFK,22R,1783045135.19,2026-07-03T02:18:55Z,40.646318,-73.766608,210.9,a4c592,N4062J,A21N,AIRBUS A-321neo,0
landing,JFK,22L,1783045175.63,2026-07-03T02:19:35Z,40.63397,-73.763705,210.9,a13af4,N179DN,B763,BOEING 767-300,0
takeoff,LGA,31,1783045177.26,2026-07-03T02:19:37Z,40.772824,-73.858681,300.9,a44262,N3738B,B738,BOEING 737-800,0
landing,JFK,22R,1783045224.58,2026-07-03T02:20:24Z,40.629673,-73.779633,210.9,4ba94a,TC-JJJ,B77W,BOEING 777-300ER,0
landing,JFK,22L,1783045290.55,2026-07-03T02:21:30Z,40.633919,-73.763702,210.9,ad8836,N971JT,A321,AIRBUS A-321,0
landing,LGA,22,1783045307.66,2026-07-03T02:21:47Z,40.778573,-73.876362,213.8,a364e7,N318DU,BCS3,,0
takeoff,LGA,31,1783045320.87,2026-07-03T02:22:00Z,40.772781,-73.858582,300.9,ad70ba,N965WN,B737,BOEING 737-700,0
takeoff,JFK,22R,1783045323.02,2026-07-03T02:22:03Z,40.645015,-73.767622,210.9,407dc5,G-VTOM,A339,AIRBUS A-330-900,0
landing,JFK,22L,1783045393.54,2026-07-03T02:23:13Z,40.633003,-73.764435,210.9,a37fb0,N3241J,BCS3,AIRBUS A220-300,0
landing,LGA,22,1783045402.49,2026-07-03T02:23:22Z,40.776525,-73.878063,210.9,a3411f,N309DU,BCS3,AIRBUS A220-300,0
landing,JFK,22R,1783045463.38,2026-07-03T02:24:23Z,40.631259,-73.77839,210.9,a24720,N246JQ,E75L,EMBRAER ERJ-170-200 (long wing),0
landing,JFK,22L,1783045492.84,2026-07-03T02:24:52Z,40.63681,-73.761458,210.9,aca02f,N912XJ,CRJ9,BOMBARDIER Regional Jet CRJ-900,0
landing,JFK,22R,1783045561.74,2026-07-03T02:26:01Z,40.632568,-73.77739,210.9,a33843,N3062J,BCS3,AIRBUS A220-300,0
landing,JFK,22L,1783045598.61,2026-07-03T02:26:38Z,40.633877,-73.763736,210.9,a358bd,N3145J,BCS3,AIRBUS A220-300,0
takeoff,JFK,22R,1783045646.52,2026-07-03T02:27:26Z,40.646318,-73.766608,212.4,485b44,PH-BKD,B78X,BOEING 787-10 Dreamliner,0
takeoff,LGA,31,1783045651.25,2026-07-03T02:27:31Z,40.772812,-73.85865,300.9,a8c796,N665JB,A320,AIRBUS A-320,0
landing,JFK,22L,1783045680.9,2026-07-03T02:28:00Z,40.634168,-73.763518,210.9,8691cc,JA785A,B77W,BOEING 777-300ER,0
landing,LGA,22,1783045772.19,2026-07-03T02:29:32Z,40.772044,-73.881761,210.9,a1f46b,N225JQ,E75L,EMBRAER ERJ-170-200 (long wing),0
takeoff,JFK,22R,1783045772.38,2026-07-03T02:29:32Z,40.649344,-73.764236,213.8,abd7d1,N862RW,E170,EMBRAER ERJ-170-100,0
takeoff,JFK,22R,1783045773.2,2026-07-03T02:29:33Z,40.649193,-73.764361,213.8,abd7d1,N862RW,E170,EMBRAER ERJ-170-100,0
takeoff,LGA,31,1783045786.05,2026-07-03T02:29:46Z,40.772667,-73.858353,300.9,a3b124,N337PQ,CRJ9,BOMBARDIER Regional Jet CRJ-900,0
landing,JFK,22L,1783045807.88,2026-07-03T02:30:07Z,40.636002,-73.7621,210.9,acab54,N915XJ,CRJ9,BOMBARDIER Regional Jet CRJ-900,0
takeoff,JFK,22R,1783045829.13,2026-07-03T02:30:29Z,40.645923,-73.76692,210.9,a7946a,N588JB,A320,AIRBUS A-320,0
landing,LGA,22,1783045859.64,2026-07-03T02:30:59Z,40.777016,-73.877655,213.8,a359c2,N315DU,BCS3,AIRBUS A220-300,0
takeoff,JFK,22R,1783045879.16,2026-07-03T02:31:19Z,40.646097,-73.766795,210.9,a99b83,N718TW,B752,BOEING 757-200,0
landing,JFK,22L,1783045934.61,2026-07-03T02:32:14Z,40.634541,-73.763237,210.9,06a0ea,A7-AMK,A359,AIRBUS A-350-900,0
landing,LGA,22,1783045957.22,2026-07-03T02:32:37Z,40.776237,-73.878296,210.9,a2000d,N228PQ,CRJ9,BOMBARDIER Regional Jet CRJ-900,0
takeoff,JFK,22R,1783045989.93,2026-07-03T02:33:09Z,40.6451,-73.767563,210.9,a36799,N3185J,BCS3,AIRBUS A220-300,0
takeoff,JFK,22R,1783046041.59,2026-07-03T02:34:01Z,40.646097,-73.766779,210.9,a335fa,N306DU,BCS3,AIRBUS A220-300,0
takeoff,LGA,31,1783046043.1,2026-07-03T02:34:03Z,40.774907,-73.86305,295.3,a8f235,N676CA,CRJ9,BOMBARDIER Regional Jet CRJ-900,0
landing,JFK,22L,1783046072.78,2026-07-03T02:34:32Z,40.634846,-73.763016,210.9,a7650b,N576DN,A21N,AIRBUS A-321neo,0
takeoff,JFK,22R,1783046090.29,2026-07-03T02:34:50Z,40.646049,-73.76683,210.9,a173a8,N193DN,B763,BOEING 767-300,0
takeoff,JFK,22R,1783046161.89,2026-07-03T02:36:01Z,40.645841,-73.766982,210.9,a2f9b3,N291FE,B763,BOEING 767-300,0
landing,JFK,22L,1783046168.57,2026-07-03T02:36:08Z,40.632166,-73.765094,210.9,780cb8,B-2487,B748,BOEING 747-8,0
takeoff,LGA,31,1783046184.66,2026-07-03T02:36:24Z,40.772312,-73.857604,312.2,a0e086,N156AN,A321,AIRBUS A-321,0
takeoff,LGA,31,1783046260.33,2026-07-03T02:37:40Z,40.772346,-73.857651,300.9,a35e6f,N316PQ,CRJ9,BOMBARDIER Regional Jet CRJ-900,0
landing,LGA,22,1783046273.63,2026-07-03T02:37:53Z,40.773988,-73.880154,213.8,a43e5e,N37255,B738,BOEING 737-800,0
takeoff,JFK,22R,1783046293.28,2026-07-03T02:38:13Z,40.645445,-73.76731,210.9,a033ae,N112AN,A321,AIRBUS A-321,0
takeoff,JFK,22R,1783046351.81,2026-07-03T02:39:11Z,40.646027,-73.766842,210.9,a01880,N105NN,A321,AIRBUS A-321,0
landing,LGA,22,1783046363.09,2026-07-03T02:39:23Z,40.776707,-73.877899,213.8,a422f7,N366DX,A321,AIRBUS A-321,0
landing,JFK,22L,1783046408.03,2026-07-03T02:40:08Z,40.633423,-73.764142,210.9,a45316,N378SC,B38M,BOEING 737 MAX 8,0
takeoff,JFK,22R,1783046414.73,2026-07-03T02:40:14Z,40.645901,-73.766953,210.9,aac3f4,N793JB,A320,AIRBUS A-320,0
landing,LGA,22,1783046460.48,2026-07-03T02:41:00Z,40.77697,-73.877686,213.8,a36fa4,N320PQ,CRJ9,BOMBARDIER Regional Jet CRJ-900,0
takeoff,JFK,22R,1783046482.8,2026-07-03T02:41:22Z,40.645672,-73.76712,210.9,a67883,N516JB,A320,AIRBUS A-320,0
takeoff,JFK,22R,1783046483.75,2026-07-03T02:41:23Z,40.645294,-73.767419,210.9,a67883,N516JB,A320,AIRBUS A-320,0
landing,JFK,22L,1783046499.56,2026-07-03T02:41:39Z,40.635738,-73.762299,210.9,4cae34,EI-XLW,A21N,AIRBUS A-321neo,0
takeoff,JFK,22R,1783046530.8,2026-07-03T02:42:10Z,40.645866,-73.766968,208.1,a145b7,N181PQ,CRJ9,BOMBARDIER Regional Jet CRJ-900,0
landing,LGA,22,1783046545.48,2026-07-03T02:42:25Z,40.775571,-73.878859,210.9,a0f73c,N161UW,A321,AIRBUS A-321,0
takeoff,JFK,22R,1783046584.08,2026-07-03T02:43:04Z,40.645844,-73.766983,210.9,a64578,N503DZ,A21N,AIRBUS A-321neo,0
landing,JFK,22L,1783046602.09,2026-07-03T02:43:22Z,40.63448,-73.76329,210.9,ada5ee,N979JT,A321,AIRBUS A-321,0
landing,LGA,22,1783046617.13,2026-07-03T02:43:37Z,40.776249,-73.878281,213.8,ac538f,N8935Q,B38M,,0
takeoff,JFK,22R,1783046634.04,2026-07-03T02:43:54Z,40.646283,-73.766639,210.9,acaf0b,N916XJ,CRJ9,BOMBARDIER Regional Jet CRJ-900,0
landing,JFK,22L,1783046687.38,2026-07-03T02:44:47Z,40.636906,-73.761429,208.1,a71ded,N558JB,A320,AIRBUS A-320,0
landing,LGA,22,1783046724.52,2026-07-03T02:45:24Z,40.775152,-73.879186,210.9,c00b78,C-FEIX,E75S,EMBRAER ERJ-170-200 (short wing),0
landing,LGA,22,1783046761.95,2026-07-03T02:46:01Z,40.777584,-73.877173,213.8,ac5f42,N8969S,B38M,BOEING 737 MAX 8,0
takeoff,JFK,22R,1783046770.5,2026-07-03T02:46:10Z,40.645203,-73.767502,212.4,3482d6,EC-OMC,B789,BOEING 787-9 Dreamliner,0
takeoff,JFK,22R,1783046771.15,2026-07-03T02:46:11Z,40.644985,-73.76767,212.4,3482d6,EC-OMC,B789,BOEING 787-9 Dreamliner,0
landing,JFK,22L,1783046783.93,2026-07-03T02:46:23Z,40.632166,-73.765094,210.9,abf6ae,N870DN,B739,BOEING 737-900,0
landing,JFK,22L,1783046880.55,2026-07-03T02:48:00Z,40.633959,-73.76369,210.9,ad3cdf,N952JB,A321,AIRBUS A-321,0
takeoff,JFK,22R,1783046919.21,2026-07-03T02:48:39Z,40.646416,-73.76651,210.9,40621c,G-STBB,B77W,BOEING 777-300ER,0
landing,JFK,22L,1783046977.53,2026-07-03T02:49:37Z,40.635132,-73.762802,210.9,a442f3,N374DA,B738,BOEING 737-800,0
takeoff,JFK,22R,1783046987.86,2026-07-03T02:49:47Z,40.644882,-73.767731,210.9,780aa8,B-LJN,B748,BOEING 747-8,0
landing,LGA,22,1783047019.07,2026-07-03T02:50:19Z,40.778538,-73.876377,213.8,c0440e,C-FZUB,A320,AIRBUS A-320,0
takeoff,JFK,22R,1783047059.13,2026-07-03T02:50:59Z,40.645947,-73.766891,212.4,c82258,ZK-NZH,B789,BOEING 787-9 Dreamliner,0
landing,JFK,22L,1783047085.68,2026-07-03T02:51:25Z,40.633324,-73.764191,210.9,acfc56,N936DZ,B739,,0
landing,LGA,22,1783047128.25,2026-07-03T02:52:08Z,40.775185,-73.879135,213.8,acfd2c,N936NN,B738,BOEING 737-800,0
takeoff,JFK,22R,1783047139.64,2026-07-03T02:52:19Z,40.646097,-73.766779,210.9,06a069,A7-BAE,B77W,BOEING 777-300ER,0
takeoff,JFK,22R,1783047308.76,2026-07-03T02:55:08Z,40.646272,-73.766639,210.9,a17ecd,N196DN,B763,BOEING 767-300,0
landing,LGA,22,1783047358.39,2026-07-03T02:55:58Z,40.776281,-73.878266,213.8,a70f11,N554JB,A320,AIRBUS A-320,0
takeoff,JFK,22R,1783047372.77,2026-07-03T02:56:12Z,40.649071,-73.76445,210.9,a55f6c,N445YX,E75L,EMBRAER ERJ-170-200 (long wing),0
takeoff,LGA,31,1783047417.76,2026-07-03T02:56:57Z,40.772564,-73.858185,303.8,a7b40e,N596DT,,,0
takeoff,JFK,22R,1783047433.59,2026-07-03T02:57:13Z,40.646144,-73.766748,210.9,ad1cde,N944JT,A321,AIRBUS A-321,0
landing,JFK,22L,1783047458.49,2026-07-03T02:57:38Z,40.635349,-73.762619,210.9,a56866,N448AS,B739,BOEING 737-900,0
takeoff,JFK,22R,1783047488.65,2026-07-03T02:58:08Z,40.645729,-73.767075,210.9,a387f0,N3267J,BCS3,,0
landing,LGA,22,1783047531.34,2026-07-03T02:58:51Z,40.77507,-73.879249,210.9,aa3646,N757YX,E75L,EMBRAER ERJ-170-200 (long wing),0
takeoff,JFK,22R,1783047540.49,2026-07-03T02:59:00Z,40.64534,-73.76738,210.9,76cce7,9V-SGG,A359,AIRBUS A-350-900,0
landing,JFK,22L,1783047586.2,2026-07-03T02:59:46Z,40.633656,-73.763924,210.9,a74e7a,N570AS,B738,BOEING 737-800,0
takeoff,JFK,22R,1783047728.36,2026-07-03T03:02:08Z,40.644817,-73.767763,210.9,4cadc7,EI-HJO,A339,AIRBUS A-330-900,0
landing,LGA,22,1783047733.3,2026-07-03T03:02:13Z,40.773537,-73.880539,213.8,a10d82,N167US,A321,AIRBUS A-321,0
takeoff,LGA,31,1783047739.83,2026-07-03T03:02:19Z,40.774166,-73.861511,298.1,a18380,N197PQ,CRJ9,BOMBARDIER Regional Jet CRJ-900,0
landing,JFK,22L,1783047779.73,2026-07-03T03:02:59Z,40.635763,-73.762269,209.6,407131,G-VBOW,B789,BOEING 787-9 Dreamliner,0
takeoff,JFK,22R,1783047790.62,2026-07-03T03:03:10Z,40.646015,-73.766846,209.6,44019a,OE-EAU,PC12,PILATUS PC-12,0
landing,LGA,22,1783047853.87,2026-07-03T03:04:13Z,40.7772,-73.877501,213.8,a55fe9,N44522,A21N,,0
takeoff,LGA,31,1783047872.24,2026-07-03T03:04:32Z,40.773278,-73.859633,300.9,a2107b,N232FR,A320,AIRBUS A-320,0
takeoff,JFK,22R,1783047878.04,2026-07-03T03:04:38Z,40.645649,-73.767136,210.9,a0f44c,N1602,B763,BOEING 767-300,0
takeoff,JFK,22R,1783047938.9,2026-07-03T03:05:38Z,40.641472,-73.77037,213.8,a08826,N133UP,A306,AIRBUS A-300-600,0
landing,JFK,22L,1783047945.59,2026-07-03T03:05:45Z,40.633175,-73.764313,210.9,a9672c,N705AL,B39M,,0
takeoff,JFK,22R,1783048068.2,2026-07-03T03:07:48Z,40.646004,-73.766861,210.9,a83876,N629JB,A320,AIRBUS A-320,0
landing,JFK,22L,1783048072.97,2026-07-03T03:07:52Z,40.632923,-73.764532,210.9,ac5cd7,N896NN,B738,BOEING 737-800,0
landing,LGA,22,1783048076.42,2026-07-03T03:07:56Z,40.775093,-73.879202,210.9,a1acdb,N207JQ,E75L,EMBRAER ERJ-170-200 (long wing),0
takeoff,LGA,31,1783048087.42,2026-07-03T03:08:07Z,40.772507,-73.858002,303.8,a43bc6,N372FR,A20N,AIRBUS A-320neo,0
takeoff,JFK,22R,1783048130.21,2026-07-03T03:08:50Z,40.645108,-73.76756,210.9,a360b7,N3169J,BCS3,AIRBUS A220-300,0
takeoff,JFK,22R,1783048176.36,2026-07-03T03:09:36Z,40.646393,-73.766541,210.9,ab6162,N832SK,CRJ9,BOMBARDIER Regional Jet CRJ-900,0
landing,JFK,22L,1783048182.36,2026-07-03T03:09:42Z,40.634797,-73.76305,212.4,aaa6e4,N786AV,B788,BOEING 787-8 Dreamliner,0
landing,LGA,22,1783048188.72,2026-07-03T03:09:48Z,40.776548,-73.878047,210.9,a3b4d6,N338PK,B738,BOEING 737-800,0
takeoff,JFK,22R,1783048218.3,2026-07-03T03:10:18Z,40.649025,-73.764496,210.9,a1c935,N214JQ,E75L,EMBRAER ERJ-170-200 (long wing),0
takeoff,JFK,22R,1783048279.85,2026-07-03T03:11:19Z,40.646283,-73.766639,210.9,a5f162,N482PX,CRJ9,BOMBARDIER Regional Jet CRJ-900,0
landing,LGA,22,1783048325.3,2026-07-03T03:12:05Z,40.776281,-73.878266,213.8,a8e6f2,N673AW,A320,AIRBUS A-320,0
takeoff,JFK,22R,1783048339.0,2026-07-03T03:12:19Z,40.644905,-73.767715,210.9,a3556f,N3138J,BCS3,AIRBUS A220-300,0
landing,JFK,22L,1783048341.89,2026-07-03T03:12:21Z,40.635647,-73.76236,210.9,a69bcd,N525DA,A21N,AIRBUS A-321neo,0
takeoff,JFK,22R,1783048389.9,2026-07-03T03:13:09Z,40.645294,-73.767395,210.9,a1775f,N194DN,B763,BOEING 767-300,0
landing,LGA,22,1783048409.85,2026-07-03T03:13:29Z,40.778618,-73.876328,213.8,a34ae6,N311DU,BCS3,AIRBUS A220-300,0
takeoff,JFK,22R,1783048451.83,2026-07-03T03:14:11Z,40.648879,-73.76461,210.9,a4cc95,N408YX,E75L,EMBRAER ERJ-170-200 (long wing),0
takeoff,JFK,22R,1783048518.29,2026-07-03T03:15:18Z,40.645201,-73.767497,210.9,a4d483,N410DZ,A339,AIRBUS A-330-900,0
landing,LGA,22,1783048553.26,2026-07-03T03:15:53Z,40.776798,-73.877838,213.8,a44591,N3744F,B738,BOEING 737-800,0
takeoff,JFK,22R,1783048604.06,2026-07-03T03:16:44Z,40.644747,-73.767872,210.9,896477,A6-EUM,A388,AIRBUS A-380-800,0
takeoff,LGA,31,1783048604.7,2026-07-03T03:16:44Z,40.77713,-73.867737,300.9,abc4d8,N8578Q,B738,BOEING 737-800,0
landing,JFK,22L,1783048630.5,2026-07-03T03:17:10Z,40.631458,-73.76564,210.9,738c0b,4X-ICK,B744,BOEING 747-400,0
landing,LGA,22,1783048775.24,2026-07-03T03:19:35Z,40.776684,-73.87793,213.8,a75966,N57286,B38M,,0
takeoff,JFK,22R,1783048808.18,2026-07-03T03:20:08Z,40.645504,-73.767248,210.9,a0bd33,N147FE,B763,BOEING 767-300,0
landing,JFK,22L,1783048813.78,2026-07-03T03:20:13Z,40.631282,-73.765812,213.8,ac671b,N899DN,B739,BOEING 737-900,0
takeoff,JFK,22R,1783048893.27,2026-07-03T03:21:33Z,40.645189,-73.767497,210.9,ab84ab,N841MH,B764,BOEING 767-400,0
landing,LGA,22,1783048908.97,2026-07-03T03:21:48Z,40.776043,-73.878433,213.8,a8222c,N623JB,A320,AIRBUS A-320,0
landing,JFK,22L,1783048930.24,2026-07-03T03:22:10Z,40.633244,-73.764236,210.9,a120fe,N172DZ,B763,BOEING 767-300,0
takeoff,JFK,22R,1783048965.15,2026-07-03T03:22:45Z,40.645818,-73.767014,210.9,a1211d,N172FE,B763,BOEING 767-300,0
landing,JFK,22L,1783049038.16,2026-07-03T03:23:58Z,40.633255,-73.764267,210.9,0c6063,9Y-GRN,B38M,BOEING 737 MAX 8,0
takeoff,JFK,22R,1783049044.42,2026-07-03T03:24:04Z,40.648681,-73.764751,210.9,a21bea,N235JQ,E75L,EMBRAER ERJ-170-200 (long wing),0
landing,LGA,22,1783049046.38,2026-07-03T03:24:06Z,40.776385,-73.878172,213.8,a3b79c,N339DU,,,0
takeoff,JFK,22R,1783049099.62,2026-07-03T03:24:59Z,40.646862,-73.76619,210.9,a4009e,N357UP,B763,BOEING 767-300,0
landing,JFK,22L,1783049165.74,2026-07-03T03:26:05Z,40.636705,-73.761567,210.9,0c605e,9Y-CAL,B38M,BOEING 737 MAX 8,0
landing,LGA,22,1783049188.84,2026-07-03T03:26:28Z,40.771946,-73.881821,210.9,a4d04c,N409YX,E75L,EMBRAER ERJ-170-200 (long wing),0
takeoff,JFK,22R,1783049191.54,2026-07-03T03:26:31Z,40.643956,-73.76848,210.9,3c64f3,D-AIGS,A343,AIRBUS A-340-300,0
takeoff,JFK,22R,1783049262.16,2026-07-03T03:27:42Z,40.645821,-73.767014,210.9,8966cf,A6-XWH,A35K,AIRBUS A-350-1000,0
landing,JFK,22L,1783049268.54,2026-07-03T03:27:48Z,40.635029,-73.762848,210.9,a33328,N305NY,A21N,AIRBUS A-321neo,0
landing,LGA,22,1783049271.53,2026-07-03T03:27:51Z,40.777153,-73.877548,210.9,a74f33,N570JB,A320,AIRBUS A-320,0
takeoff,LGA,31,1783049300.25,2026-07-03T03:28:20Z,40.772777,-73.858603,300.9,abe40a,N8652B,B738,BOEING 737-800,0
takeoff,JFK,22R,1783049339.49,2026-07-03T03:28:59Z,40.645374,-73.767365,210.9,a4b470,N402DX,A339,AIRBUS A-330-900,0
landing,JFK,22L,1783049397.3,2026-07-03T03:29:57Z,40.636288,-73.761902,210.9,aa7f65,N776AV,A20N,AIRBUS A-320neo,0
takeoff,JFK,22R,1783049409.67,2026-07-03T03:30:09Z,40.645108,-73.767575,212.4,40797a,G-ZBLD,B78X,BOEING 787-10 Dreamliner,0
landing,JFK,22L,1783049477.8,2026-07-03T03:31:17Z,40.634342,-73.763397,210.9,a33766,N306UH,B38M,BOEING 737 MAX 8,0
landing,LGA,22,1783049534.18,2026-07-03T03:32:14Z,40.772568,-73.881324,213.8,a3e07a,N349TV,B38M,BOEING 737 MAX 8,0
takeoff,JFK,22R,1783049578.67,2026-07-03T03:32:58Z,40.64477,-73.767809,210.9,a3871e,N3261J,BCS3,,0
takeoff,JFK,22R,1783049637.18,2026-07-03T03:33:57Z,40.645866,-73.766968,210.9,aa589c,N766JB,A320,AIRBUS A-320,0
landing,JFK,22L,1783049682.74,2026-07-03T03:34:42Z,40.633679,-73.763924,210.9,a37265,N321DU,BCS3,AIRBUS A220-300,0
takeoff,JFK,22R,1783049689.34,2026-07-03T03:34:49Z,40.646301,-73.766617,210.9,aa600a,N768JB,A320,AIRBUS A-320,0
takeoff,JFK,22R,1783049756.16,2026-07-03T03:35:56Z,40.644928,-73.767715,210.9,461f0c,OH-LTS,A333,AIRBUS A-330-300,0
landing,JFK,22L,1783049778.31,2026-07-03T03:36:18Z,40.635212,-73.762726,210.9,a85887,N637JB,A320,AIRBUS A-320,0
landing,JFK,22L,1783049871.95,2026-07-03T03:37:51Z,40.634125,-73.763565,210.9,a85c3e,N638JB,A320,AIRBUS A-320,0
takeoff,JFK,22R,1783049913.29,2026-07-03T03:38:33Z,40.646805,-73.766235,210.9,acb2c2,N917XJ,CRJ9,BOMBARDIER Regional Jet CRJ-900,0
landing,LGA,22,1783049921.61,2026-07-03T03:38:41Z,40.772312,-73.881546,213.8,ac0941,N875DN,B739,BOEING 737-900,0
landing,JFK,22L,1783049966.89,2026-07-03T03:39:26Z,40.632585,-73.764766,210.9,0d113b,XA-AMP,B38M,BOEING 737 MAX 8,0
takeoff,JFK,22R,1783049967.22,2026-07-03T03:39:27Z,40.646039,-73.766842,210.9,a7a956,N593JB,A320,AIRBUS A-320,0
takeoff,LGA,31,1783049983.73,2026-07-03T03:39:43Z,40.774899,-73.863052,298.1,a2000d,N228PQ,CRJ9,BOMBARDIER Regional Jet CRJ-900,0
takeoff,JFK,22R,1783050026.58,2026-07-03T03:40:26Z,40.645399,-73.767341,213.8,a38082,N3247J,BCS3,,0
landing,JFK,22L,1783050058.04,2026-07-03T03:40:58Z,40.633415,-73.764114,210.9,ac9e77,N912DU,B739,BOEING 737-900,0
landing,LGA,22,1783050088.35,2026-07-03T03:41:28Z,40.777359,-73.87738,213.8,ac289f,N8827Q,B38M,BOEING 737 MAX 8,0
takeoff,JFK,22R,1783050089.74,2026-07-03T03:41:29Z,40.644666,-73.767934,210.9,4952a4,CS-TUD,A339,AIRBUS A-330-900,0
landing,JFK,22L,1783050153.75,2026-07-03T03:42:33Z,40.634261,-73.763455,210.9,a1a3a9,N2043J,A21N,AIRBUS A-321neo,0
takeoff,JFK,22R,1783050181.24,2026-07-03T03:43:01Z,40.645469,-73.767294,210.9,ab5365,N829MH,B764,BOEING 767-400,0
takeoff,LGA,31,1783050267.56,2026-07-03T03:44:27Z,40.772859,-73.85879,300.9,a359c2,N315DU,BCS3,AIRBUS A220-300,0
landing,JFK,22L,1783050275.43,2026-07-03T03:44:35Z,40.63738,-73.761005,210.9,a335fa,N306DU,BCS3,AIRBUS A220-300,0
takeoff,JFK,22R,1783050281.41,2026-07-03T03:44:41Z,40.645841,-73.767014,210.9,adb782,N983NN,B738,BOEING 737-800,0
landing,JFK,22L,1783050349.62,2026-07-03T03:45:49Z,40.635134,-73.762784,210.9,a79386,N5879K,A333,AIRBUS A-330-300,0
takeoff,JFK,22R,1783050460.51,2026-07-03T03:47:40Z,40.644957,-73.767638,210.9,8964b6,A6-EVH,A388,AIRBUS A-380-800,0
landing,LGA,22,1783050462.82,2026-07-03T03:47:42Z,40.777491,-73.877251,213.8,ac429b,N8897K,B38M,BOEING 737 MAX 8,0
landing,JFK,22L,1783050499.48,2026-07-03T03:48:19Z,40.635379,-73.76255,210.9,a7dde1,N606DN,A21N,AIRBUS A-321neo,0
takeoff,JFK,22R,1783050586.79,2026-07-03T03:49:46Z,40.645409,-73.767334,210.9,3481d5,EC-OJL,B772,BOEING 777-200,0
landing,JFK,22L,1783050601.12,2026-07-03T03:50:01Z,40.635099,-73.762816,210.9,758487,RP-C3510,A35K,AIRBUS A-350-1000,0
landing,LGA,22,1783050625.5,2026-07-03T03:50:25Z,40.774965,-73.879358,213.8,ac769b,N902AA,A321,AIRBUS A-321,0
takeoff,JFK,22R,1783050647.5,2026-07-03T03:50:47Z,40.646388,-73.766577,210.9,a9c508,N729AN,B77W,BOEING 777-300ER,0
landing,LGA,22,1783050714.52,2026-07-03T03:51:54Z,40.776295,-73.87825,213.8,ac210e,N8806Q,B38M,BOEING 737 MAX 8,0
takeoff,JFK,22R,1783050800.39,2026-07-03T03:53:20Z,40.646132,-73.766764,210.9,aca79d,N914XJ,CRJ9,BOMBARDIER Regional Jet CRJ-900,0
landing,JFK,22L,1783050808.32,2026-07-03T03:53:28Z,40.636135,-73.762004,210.9,e80461,CC-BHD,A20N,AIRBUS A-320neo,0
takeoff,JFK,22R,1783050868.43,2026-07-03T03:54:28Z,40.645031,-73.767624,210.9,4cc547,TF-ICR,B38M,BOEING 737 MAX 8,0
landing,LGA,22,1783050868.82,2026-07-03T03:54:28Z,40.775116,-73.879227,210.9,a53f5b,N437YX,E75L,EMBRAER ERJ-170-200 (long wing),0
landing,JFK,22L,1783050907.23,2026-07-03T03:55:07Z,40.63404,-73.763658,210.9,0acabf,HK-5423,A320,AIRBUS A-320,0
takeoff,JFK,22R,1783050932.95,2026-07-03T03:55:32Z,40.64704,-73.766046,208.1,a5e9f4,N480PX,CRJ9,BOMBARDIER Regional Jet CRJ-900,0
takeoff,LGA,31,1783050994.87,2026-07-03T03:56:34Z,40.772278,-73.857529,309.4,a33d9d,N308FX,E55P,,0
takeoff,JFK,22R,1783050995.78,2026-07-03T03:56:35Z,40.646842,-73.766202,210.9,a6e361,N543DE,A21N,AIRBUS A-321neo,0
takeoff,JFK,22R,1783051057.19,2026-07-03T03:57:37Z,40.646427,-73.766525,208.1,a15027,N184GJ,CRJ9,BOMBARDIER Regional Jet CRJ-900,0
landing,JFK,22L,1783051065.57,2026-07-03T03:57:45Z,40.634634,-73.763159,210.9,a38019,N3244J,BCS3,,0
landing,LGA,22,1783051111.46,2026-07-03T03:58:31Z,40.774709,-73.879592,210.9,acad53,N916DU,B739,BOEING 737-900,0
takeoff,LGA,22,1783051111.46,2026-07-03T03:58:31Z,40.774709,-73.879592,210.9,acad53,N916DU,B739,BOEING 737-900,0
landing,LGA,22,1783051126.56,2026-07-03T03:58:46Z,40.772079,-73.88173,213.8,acad53,N916DU,B739,BOEING 737-900,0
takeoff,JFK,22R,1783051221.69,2026-07-03T04:00:21Z,40.645878,-73.766968,212.4,740825,JY-BAE,B788,BOEING 787-8 Dreamliner,0
landing,JFK,22L,1783051278.96,2026-07-03T04:01:18Z,40.633528,-73.764017,210.9,a398bc,N3304J,BCS3,AIRBUS A220-300,0
takeoff,JFK,22R,1783051322.89,2026-07-03T04:02:02Z,40.645535,-73.767227,210.9,a437c0,N371CM,B763,BOEING 767-300,0
landing,JFK,22L,1783051380.78,2026-07-03T04:03:00Z,40.633312,-73.764221,210.9,ac4a44,N891NN,B738,BOEING 737-800,0
takeoff,JFK,22R,1783051431.19,2026-07-03T04:03:51Z,40.645912,-73.766937,210.9,a1bc29,N2102J,A21N,AIRBUS A-321neo,0
landing,LGA,22,1783051483.74,2026-07-03T04:04:43Z,40.776967,-73.87772,210.9,a08021,N131NN,A321,AIRBUS A-321,0
takeoff,JFK,22R,1783051491.05,2026-07-03T04:04:51Z,40.646313,-73.766617,210.9,acab54,N915XJ,CRJ9,BOMBARDIER Regional Jet CRJ-900,0
landing,JFK,22L,1783051548.11,2026-07-03T04:05:48Z,40.637123,-73.76123,210.9,a6d234,N539DN,A21N,,0
takeoff,JFK,22R,1783051555.46,2026-07-03T04:05:55Z,40.645178,-73.767497,210.9,a37fb0,N3241J,BCS3,AIRBUS A220-300,0
takeoff,JFK,22R,1783051624.76,2026-07-03T04:07:04Z,40.645569,-73.767212,210.9,4077d4,G-VRNB,A35K,AIRBUS A-350-1000,0
landing,JFK,22L,1783051681.16,2026-07-03T04:08:01Z,40.634669,-73.763143,210.9,0d0ff3,XA-SRI,B38M,BOEING 737 MAX 8,0
takeoff,JFK,22R,1783051801.71,2026-07-03T04:10:01Z,40.645901,-73.766937,210.9,ace7bf,N930XJ,CRJ9,BOMBARDIER Regional Jet CRJ-900,0
takeoff,JFK,22R,1783051865.45,2026-07-03T04:11:05Z,40.645924,-73.766922,210.9,aca02f,N912XJ,CRJ9,BOMBARDIER Regional Jet CRJ-900,0
landing,JFK,22L,1783051910.07,2026-07-03T04:11:50Z,40.633678,-73.763901,210.9,a6a6f6,N528DE,A21N,AIRBUS A-321neo,0
takeoff,JFK,22R,1783051979.13,2026-07-03T04:12:59Z,40.645131,-73.767529,210.9,3475d4,EC-ODB,A332,AIRBUS A-330-200,0
landing,JFK,22R,1783051979.78,2026-07-03T04:12:59Z,40.644951,-73.76767,210.9,3475d4,EC-ODB,A332,AIRBUS A-330-200,0
takeoff,JFK,22R,1783051979.78,2026-07-03T04:12:59Z,40.644951,-73.76767,210.9,3475d4,EC-ODB,A332,AIRBUS A-330-200,0
landing,JFK,22L,1783052121.23,2026-07-03T04:15:21Z,40.634948,-73.762925,210.9,a9704d,N707TW,B752,BOEING 757-200,0
landing,JFK,22L,1783052234.33,2026-07-03T04:17:14Z,40.637329,-73.761108,210.9,71000c,HZ-CMJ,A319,AIRBUS A-319,0
landing,JFK,22L,1783052360.82,2026-07-03T04:19:20Z,40.633472,-73.764114,210.9,a01112,N103NN,A321,AIRBUS A-321,0
landing,JFK,22L,1783052505.33,2026-07-03T04:21:45Z,40.636322,-73.761871,210.9,a1a832,N2059J,A21N,AIRBUS A-321neo,0
takeoff,JFK,22R,1783052509.2,2026-07-03T04:21:49Z,40.64542,-73.767303,210.9,a39289,N3293J,BCS3,AIRBUS A220-300,0
landing,JFK,22L,1783052628.89,2026-07-03T04:23:48Z,40.635157,-73.762769,210.9,a3c9c5,N343PN,B738,BOEING 737-800,0
takeoff,JFK,22R,1783052648.28,2026-07-03T04:24:08Z,40.64542,-73.767319,210.9,a16ff1,N192DN,B763,BOEING 767-300,0
landing,LGA,22,1783052686.1,2026-07-03T04:24:46Z,40.777247,-73.877454,213.8,acc3f7,N921XJ,CRJ9,BOMBARDIER Regional Jet CRJ-900,0
takeoff,JFK,22R,1783052707.34,2026-07-03T04:25:07Z,40.645399,-73.767357,212.4,7380c5,4X-EDF,B789,BOEING 787-9 Dreamliner,0
landing,JFK,22L,1783052776.21,2026-07-03T04:26:16Z,40.632408,-73.764938,210.9,adea26,N996NN,B738,BOEING 737-800,0
takeoff,JFK,22R,1783052817.9,2026-07-03T04:26:57Z,40.645294,-73.767435,210.9,e80242,CC-CXG,B763,BOEING 767-300,0
landing,JFK,22L,1783053007.4,2026-07-03T04:30:07Z,40.635635,-73.76239,210.9,ab2728,N818AV,A20N,AIRBUS A-320neo,0
landing,LGA,22,1783053301.41,2026-07-03T04:35:01Z,40.777199,-73.877533,213.8,a66346,N510UW,A321,AIRBUS A-321,0
takeoff,JFK,22R,1783053311.66,2026-07-03T04:35:11Z,40.645702,-73.767107,210.9,a13af4,N179DN,B763,BOEING 767-300,0
landing,JFK,22L,1783053400.28,2026-07-03T04:36:40Z,40.63496,-73.762909,210.9,abba43,N855DN,B739,BOEING 737-900,0
takeoff,JFK,22R,1783053557.54,2026-07-03T04:39:17Z,40.646307,-73.766623,210.9,a770a2,N579JB,A320,AIRBUS A-320,0
landing,JFK,22L,1783053574.11,2026-07-03T04:39:34Z,40.633095,-73.764389,210.9,0c20a5,HP-1837CMP,B738,BOEING 737-800,0
landing,JFK,22L,1783053721.35,2026-07-03T04:42:01Z,40.634378,-73.763346,210.9,ac8289,N905JB,A321,AIRBUS A-321,0
takeoff,JFK,22R,1783053744.0,2026-07-03T04:42:24Z,40.645795,-73.767029,210.9,4cae34,EI-XLW,A21N,AIRBUS A-321neo,0
landing,LGA,22,1783053974.17,2026-07-03T04:46:14Z,40.775803,-73.878671,213.8,acced9,N924US,A321,AIRBUS A-321,0
landing,LGA,22,1783054311.29,2026-07-03T04:51:51Z,40.776979,-73.877673,210.9,a336f0,N306PQ,CRJ9,BOMBARDIER Regional Jet CRJ-900,0
takeoff,JFK,22R,1783054393.69,2026-07-03T04:53:13Z,40.645445,-73.767326,212.4,47c968,LN-LNO,B789,BOEING 787-9 Dreamliner,0
landing,JFK,22R,1783054394.06,2026-07-03T04:53:14Z,40.645271,-73.767456,212.4,47c968,LN-LNO,B789,BOEING 787-9 Dreamliner,0
takeoff,JFK,22R,1783054394.06,2026-07-03T04:53:14Z,40.645271,-73.767456,212.4,47c968,LN-LNO,B789,BOEING 787-9 Dreamliner,0
landing,JFK,22L,1783054470.27,2026-07-03T04:54:30Z,40.634491,-73.76329,210.9,a91b2b,N686TA,A320,AIRBUS A-320,0
landing,JFK,22L,1783054572.86,2026-07-03T04:56:12Z,40.635995,-73.762113,210.9,a35cba,N3157J,BCS3,AIRBUS A220-300,0
takeoff,JFK,22R,1783054845.24,2026-07-03T05:00:45Z,40.64583,-73.767029,210.9,71c010,HL8010,B77W,BOEING 777-300ER,0
landing,JFK,22L,1783054846.94,2026-07-03T05:00:46Z,40.636345,-73.761841,210.9,3c00af,D-APGS,A319,AIRBUS A-319,8
takeoff,JFK,22R,1783055448.46,2026-07-03T05:10:48Z,40.645351,-73.76741,210.9,4ba94a,TC-JJJ,B77W,BOEING 777-300ER,0
takeoff,JFK,22R,1783055891.51,2026-07-03T05:18:11Z,40.6451,-73.767578,210.9,39d2b2,F-HUVS,A359,AIRBUS A-350-900,0
takeoff,JFK,22R,1783056179.82,2026-07-03T05:22:59Z,40.645855,-73.766983,210.9,3c70cb,D-ALFK,B77L,BOEING 777-200LR,0
takeoff,JFK,22R,1783056350.67,2026-07-03T05:25:50Z,40.64637,-73.766586,210.9,aa7f65,N776AV,A20N,AIRBUS A-320neo,0
landing,JFK,22L,1783056361.28,2026-07-03T05:26:01Z,40.635532,-73.762451,210.9,a78945,N585JB,A320,AIRBUS A-320,0
takeoff,JFK,22R,1783056453.04,2026-07-03T05:27:33Z,40.645143,-73.767529,210.9,06a0ea,A7-AMK,A359,AIRBUS A-350-900,0
landing,JFK,22L,1783056528.0,2026-07-03T05:28:48Z,40.634033,-73.763641,210.9,ac7e1c,N904AV,A20N,,0
landing,JFK,22L,1783057350.65,2026-07-03T05:42:30Z,40.632992,-73.76445,210.9,a35388,N313SB,B38M,BOEING 737 MAX 8,0
landing,JFK,22L,1783057351.12,2026-07-03T05:42:31Z,40.632877,-73.764526,213.8,a35388,N313SB,B38M,BOEING 737 MAX 8,0
takeoff,JFK,22R,1783057627.65,2026-07-03T05:47:07Z,40.645923,-73.766936,210.9,899019,B-18053,B77W,BOEING 777-300ER,0
takeoff,JFK,22R,1783058002.02,2026-07-03T05:53:22Z,40.645317,-73.767404,210.9,846098,JA11WJ,A35K,AIRBUS A-350-1000,0
takeoff,JFK,22R,1783058116.81,2026-07-03T05:55:16Z,40.644665,-73.767914,212.4,aaa6e4,N786AV,B788,BOEING 787-8 Dreamliner,0
takeoff,JFK,22R,1783058251.23,2026-07-03T05:57:31Z,40.645741,-73.767075,210.9,0acabf,HK-5423,A320,AIRBUS A-320,0
takeoff,JFK,22R,1783058338.28,2026-07-03T05:58:58Z,40.645947,-73.766922,210.9,71000c,HZ-CMJ,A319,AIRBUS A-319,0
landing,JFK,22R,1783058338.77,2026-07-03T05:58:58Z,40.645809,-73.767029,210.9,71000c,HZ-CMJ,A319,AIRBUS A-319,0
takeoff,JFK,22R,1783058339.1,2026-07-03T05:58:59Z,40.645638,-73.767166,210.9,71000c,HZ-CMJ,A319,AIRBUS A-319,0
takeoff,JFK,22R,1783058415.91,2026-07-03T06:00:15Z,40.645134,-73.767532,213.8,0c605e,9Y-CAL,B38M,BOEING 737 MAX 8,0
takeoff,JFK,22R,1783058783.13,2026-07-03T06:06:23Z,40.644939,-73.7677,210.9,789215,B-LXC,A35K,AIRBUS A-350-1000,0
takeoff,JFK,22R,1783059020.84,2026-07-03T06:10:20Z,40.645899,-73.766936,210.9,8691cc,JA785A,B77W,BOEING 777-300ER,0
takeoff,JFK,22R,1783059223.15,2026-07-03T06:13:43Z,40.646896,-73.766159,210.9,8990e2,B-16720,B77W,BOEING 777-300ER,0
landing,JFK,22L,1783059473.47,2026-07-03T06:17:53Z,40.633738,-73.763877,210.9,0aca28,HK-5378,A20N,AIRBUS A-320neo,0
takeoff,JFK,22R,1783059490.19,2026-07-03T06:18:10Z,40.643991,-73.768434,210.9,a79386,N5879K,A333,AIRBUS A-330-300,0
landing,JFK,22L,1783059776.69,2026-07-03T06:22:56Z,40.633976,-73.763687,210.9,a25b4d,N251AZ,B763,BOEING 767-300,0
takeoff,JFK,22R,1783059981.48,2026-07-03T06:26:21Z,40.645736,-73.767092,210.9,ab2728,N818AV,A20N,AIRBUS A-320neo,0
takeoff,JFK,22R,1783060191.26,2026-07-03T06:29:51Z,40.645386,-73.767349,210.9,e80461,CC-BHD,A20N,AIRBUS A-320neo,0
takeoff,JFK,22R,1783060469.38,2026-07-03T06:34:29Z,40.645054,-73.767624,210.9,0c20b9,HP-1847CMP,B738,BOEING 737-800,0
takeoff,JFK,31L,1783060868.51,2026-07-03T06:41:08Z,40.630723,-73.777797,300.9,758487,RP-C3510,A35K,AIRBUS A-350-1000,0
takeoff,JFK,31L,1783060968.78,2026-07-03T06:42:48Z,40.630898,-73.77814,300.9,a53612,N435DX,A339,AIRBUS A-330-900,0
takeoff,JFK,31L,1783061119.33,2026-07-03T06:45:19Z,40.631189,-73.778811,300.9,780cb8,B-2487,B748,BOEING 747-8,0
takeoff,JFK,31L,1783061243.22,2026-07-03T06:47:23Z,40.631305,-73.778999,300.9,71be40,HL7640,A388,AIRBUS A-380-800,0
takeoff,JFK,31L,1783062432.39,2026-07-03T07:07:12Z,40.631038,-73.778499,300.9,738c0b,4X-ICK,B744,BOEING 747-400,0
takeoff,JFK,31L,1783062580.8,2026-07-03T07:09:40Z,40.630514,-73.77736,300.9,a91b2b,N686TA,A320,AIRBUS A-320,0
landing,JFK,31R,1783062880.21,2026-07-03T07:14:40Z,40.651348,-73.776047,300.9,a511fd,N426AV,A320,AIRBUS A-320,0
takeoff,JFK,31L,1783063514.8,2026-07-03T07:25:14Z,40.630211,-73.776642,300.9,ac7e1c,N904AV,A20N,,0
landing,JFK,31R,1783063526.82,2026-07-03T07:25:26Z,40.651337,-73.776062,300.9,aa7bae,N775AV,A20N,AIRBUS A-320neo,0
landing,JFK,31R,1783064597.74,2026-07-03T07:43:17Z,40.651669,-73.776794,300.9,0c20bd,HP-1851CMP,B738,BOEING 737-800,0
landing,JFK,31R,1783066300.36,2026-07-03T08:11:40Z,40.650742,-73.774689,300.9,ad56e0,N959JB,A321,AIRBUS A-321,0
takeoff,JFK,31L,1783066920.15,2026-07-03T08:22:00Z,40.630669,-73.777664,300.9,0c20a5,HP-1837CMP,B738,BOEING 737-800,0
landing,JFK,31R,1783067068.06,2026-07-03T08:24:28Z,40.650936,-73.775177,300.9,0c6062,9Y-JAM,B38M,BOEING 737 MAX 8,0
landing,JFK,31R,1783067261.41,2026-07-03T08:27:41Z,40.650904,-73.775082,302.4,4bb194,TC-LLT,B789,BOEING 787-9 Dreamliner,0
takeoff,JFK,31R,1783067261.41,2026-07-03T08:27:41Z,40.650904,-73.775082,302.4,4bb194,TC-LLT,B789,BOEING 787-9 Dreamliner,0
landing,JFK,31R,1783067261.86,2026-07-03T08:27:41Z,40.650985,-73.775269,302.4,4bb194,TC-LLT,B789,BOEING 787-9 Dreamliner,0
landing,JFK,31R,1783067407.0,2026-07-03T08:30:07Z,40.650742,-73.77475,300.9,adabfe,N980JT,A321,AIRBUS A-321,0
landing,JFK,31R,1783068027.88,2026-07-03T08:40:27Z,40.650939,-73.77516,300.9,ad5329,N958JB,A321,AIRBUS A-321,0
takeoff,JFK,31L,1783068037.73,2026-07-03T08:40:37Z,40.630432,-73.777126,300.9,0aca28,HK-5378,A20N,AIRBUS A-320neo,0
landing,JFK,31R,1783068243.47,2026-07-03T08:44:03Z,40.651852,-73.777161,299.6,7380c2,4X-EDC,B789,BOEING 787-9 Dreamliner,0
landing,JFK,31R,1783068244.14,2026-07-03T08:44:04Z,40.651989,-73.777466,299.6,7380c2,4X-EDC,B789,BOEING 787-9 Dreamliner,0
landing,JFK,31R,1783068520.26,2026-07-03T08:48:40Z,40.651102,-73.775487,300.9,4067a4,G-DHLK,B763,BOEING 767-300,0
landing,JFK,31R,1783068982.43,2026-07-03T08:56:22Z,40.651291,-73.775909,300.9,a4359b,N370UP,B763,BOEING 767-300,0
landing,JFK,31R,1783069086.11,2026-07-03T08:58:06Z,40.651669,-73.776779,300.9,adafb5,N981JT,A321,AIRBUS A-321,0
landing,JFK,31R,1783069212.6,2026-07-03T09:00:12Z,40.652358,-73.778281,300.9,ad0375,N938AV,A20N,AIRBUS A-320neo,0
landing,JFK,31R,1783069340.37,2026-07-03T09:02:20Z,40.651543,-73.776505,300.9,a38ad5,N3271J,BCS3,,0
takeoff,JFK,31L,1783069360.79,2026-07-03T09:02:40Z,40.63063,-73.777625,300.9,a511fd,N426AV,A320,AIRBUS A-320,0
landing,JFK,31L,1783069628.12,2026-07-03T09:07:08Z,40.639515,-73.797165,300.9,a4b0bb,N401DZ,A339,AIRBUS A-330-900,0
takeoff,JFK,31L,1783069745.89,2026-07-03T09:09:05Z,40.630909,-73.778198,300.9,a7a59f,N592JB,A320,AIRBUS A-320,0
takeoff,JFK,31L,1783069834.63,2026-07-03T09:10:34Z,40.630257,-73.776749,300.9,0c6063,9Y-GRN,B38M,BOEING 737 MAX 8,0
landing,JFK,31R,1783070078.05,2026-07-03T09:14:38Z,40.65081,-73.774902,300.9,ad562a,N959AV,A320,,0
takeoff,JFK,31L,1783070103.67,2026-07-03T09:15:03Z,40.630316,-73.776876,300.9,aa7bae,N775AV,A20N,AIRBUS A-320neo,0
landing,JFK,31L,1783070104.95,2026-07-03T09:15:04Z,40.630549,-73.777391,300.9,aa7bae,N775AV,A20N,AIRBUS A-320neo,0
takeoff,JFK,31L,1783070104.95,2026-07-03T09:15:04Z,40.630549,-73.777391,300.9,aa7bae,N775AV,A20N,AIRBUS A-320neo,0
landing,JFK,31R,1783070195.82,2026-07-03T09:16:35Z,40.650077,-73.773271,300.9,ad34bb,N950AV,A320,AIRBUS A-320,8
takeoff,JFK,31L,1783070231.21,2026-07-03T09:17:11Z,40.631161,-73.778717,300.9,ad8bed,N972JT,A321,AIRBUS A-321,0
landing,JFK,31R,1783070298.77,2026-07-03T09:18:18Z,40.650205,-73.773552,300.9,a1de8d,N2199J,A21N,AIRBUS A-321neo,0
landing,JFK,31R,1783070418.04,2026-07-03T09:20:18Z,40.651119,-73.775513,300.9,a1a0a1,N2038J,A21N,AIRBUS A-321neo,0
landing,JFK,31R,1783070508.36,2026-07-03T09:21:48Z,40.650776,-73.774796,300.9,a53207,N434AN,A21N,AIRBUS A-321neo,0
landing,JFK,31L,1783070564.56,2026-07-03T09:22:44Z,40.638719,-73.7954,300.9,a9a901,N721TW,B752,BOEING 757-200,0
takeoff,JFK,31L,1783070651.98,2026-07-03T09:24:11Z,40.630735,-73.777813,300.9,a825e3,N624JB,A320,AIRBUS A-320,0
landing,JFK,31R,1783070705.43,2026-07-03T09:25:05Z,40.651125,-73.775565,300.9,a441fb,N3735D,B738,BOEING 737-800,0
landing,JFK,31R,1783070853.9,2026-07-03T09:27:33Z,40.651462,-73.776314,300.9,4d206e,9H-ALC,A332,AIRBUS A-330-200,0
landing,JFK,31R,1783071031.8,2026-07-03T09:30:31Z,40.650205,-73.773505,299.6,7380c3,4X-EDD,B789,BOEING 787-9 Dreamliner,0
landing,JFK,31R,1783071032.46,2026-07-03T09:30:32Z,40.650333,-73.773802,299.6,7380c3,4X-EDD,B789,BOEING 787-9 Dreamliner,0
landing,JFK,31R,1783071234.2,2026-07-03T09:33:54Z,40.65095,-73.775206,300.9,ad6b16,N964AV,A20N,AIRBUS A-320neo,0
takeoff,JFK,31L,1783071279.99,2026-07-03T09:34:39Z,40.631061,-73.77853,300.9,a350c3,N3121J,BCS3,AIRBUS A220-300,0
landing,JFK,31R,1783071401.37,2026-07-03T09:36:41Z,40.650159,-73.773443,300.9,780abb,B-LRP,A359,AIRBUS A-350-900,0
landing,JFK,31R,1783071538.26,2026-07-03T09:38:58Z,40.651893,-73.777282,300.9,a3514f,N3125J,BCS3,,0
landing,JFK,31R,1783071639.98,2026-07-03T09:40:39Z,40.651311,-73.776002,299.6,ab5c12,N831AA,B789,BOEING 787-9 Dreamliner,0
landing,JFK,31R,1783071933.3,2026-07-03T09:45:33Z,40.650613,-73.774411,300.9,a46fad,N385UP,B763,BOEING 767-300,0
takeoff,JFK,31L,1783072154.56,2026-07-03T09:49:14Z,40.631184,-73.778778,300.9,a87898,N645JB,A320,AIRBUS A-320,0
landing,JFK,31R,1783072180.32,2026-07-03T09:49:40Z,40.651096,-73.775513,300.9,a4b7d7,N403AS,B739,BOEING 737-900,0
landing,JFK,31L,1783072284.98,2026-07-03T09:51:24Z,40.638233,-73.794342,300.9,a7b7c5,N597DT,A21N,AIRBUS A-321neo,0
landing,JFK,31L,1783072396.11,2026-07-03T09:53:16Z,40.637833,-73.793457,300.9,a11d47,N171DZ,B763,BOEING 767-300,0
takeoff,JFK,31L,1783072474.35,2026-07-03T09:54:34Z,40.630642,-73.777594,300.9,a19cc7,N2027J,A21N,AIRBUS A-321neo,0
landing,JFK,31R,1783072492.36,2026-07-03T09:54:52Z,40.652521,-73.778624,300.9,a01f37,N107FE,B763,BOEING 767-300,0
landing,JFK,31R,1783072634.44,2026-07-03T09:57:14Z,40.647075,-73.766686,300.9,a0cbff,N150UP,A306,AIRBUS A-300-600,0
takeoff,JFK,31L,1783072685.54,2026-07-03T09:58:05Z,40.630669,-73.777664,300.9,a96ba2,N706JB,A320,AIRBUS A-320,0
landing,JFK,31R,1783072761.99,2026-07-03T09:59:21Z,40.651611,-73.776627,300.9,a3b50f,N338RS,B38M,BOEING 737 MAX 8,0
landing,JFK,31R,1783072873.24,2026-07-03T10:01:13Z,40.65095,-73.775191,300.9,a0b20e,N144FE,B763,BOEING 767-300,0
takeoff,LGA,04,1783072980.32,2026-07-03T10:03:00Z,40.770184,-73.883316,33.8,a8996b,N653RW,E170,EMBRAER ERJ-170-100,0
landing,JFK,31R,1783073001.69,2026-07-03T10:03:21Z,40.650444,-73.774063,300.9,8990ef,B-18777,B77L,BOEING 777-200LR,0
takeoff,LGA,22,1783073013.42,2026-07-03T10:03:33Z,40.770115,-73.881973,222.2,a53f5b,N437YX,E75L,EMBRAER ERJ-170-200 (long wing),0
landing,JFK,31L,1783073099.23,2026-07-03T10:04:59Z,40.639173,-73.79643,300.9,a7d673,N604DN,A21N,AIRBUS A-321neo,0
landing,JFK,31R,1783073125.69,2026-07-03T10:05:25Z,40.649949,-73.772975,300.9,71c005,HL8005,B77L,BOEING 777-200LR,0
takeoff,JFK,31L,1783073174.67,2026-07-03T10:06:14Z,40.63056,-73.777422,300.9,ac5cd7,N896NN,B738,BOEING 737-800,0
landing,JFK,31L,1783073278.7,2026-07-03T10:07:58Z,40.638882,-73.795775,300.9,a6f9b3,N549DN,A21N,AIRBUS A-321neo,0
landing,JFK,31R,1783073286.39,2026-07-03T10:08:06Z,40.649723,-73.772476,300.9,adbaca,N984JB,A321,AIRBUS A-321,0
takeoff,LGA,04,1783073342.05,2026-07-03T10:09:02Z,40.773388,-73.880661,30.9,acfd2c,N936NN,B738,BOEING 737-800,0
takeoff,JFK,31L,1783073363.26,2026-07-03T10:09:23Z,40.63084,-73.778046,300.9,add376,N990JL,A321,AIRBUS A-321,0
landing,JFK,31R,1783073395.63,2026-07-03T10:09:55Z,40.650078,-73.77327,300.9,a3298a,N3023J,BCS3,AIRBUS A220-300,0
takeoff,JFK,31L,1783073434.47,2026-07-03T10:10:34Z,40.630806,-73.777939,300.9,a1a458,N2048J,A21N,AIRBUS A-321neo,0
takeoff,LGA,04,1783073489.97,2026-07-03T10:11:29Z,40.773491,-73.880569,30.9,ac769b,N902AA,A321,AIRBUS A-321,0
takeoff,JFK,31L,1783073507.21,2026-07-03T10:11:47Z,40.630371,-73.777008,300.9,a04641,N117AN,A321,AIRBUS A-321,0
takeoff,LGA,04,1783073525.91,2026-07-03T10:12:05Z,40.77052,-73.883041,33.8,a2270f,N238JQ,E75L,EMBRAER ERJ-170-200 (long wing),0
takeoff,LGA,04,1783073577.86,2026-07-03T10:12:57Z,40.770515,-73.883026,30.9,ab3d17,N823MD,E170,EMBRAER ERJ-170-100,0
landing,JFK,31R,1783073579.28,2026-07-03T10:12:59Z,40.651637,-73.77672,300.9,a46368,N382HA,A332,AIRBUS A-330-200,0
takeoff,JFK,31L,1783073605.99,2026-07-03T10:13:25Z,40.630677,-73.777657,300.9,a8de10,N6700,B752,BOEING 757-200,0
takeoff,LGA,04,1783073652.08,2026-07-03T10:14:12Z,40.770275,-73.883228,30.9,aa3646,N757YX,E75L,EMBRAER ERJ-170-200 (long wing),0
takeoff,JFK,31L,1783073682.96,2026-07-03T10:14:42Z,40.630595,-73.777516,300.9,ade609,N995JL,A321,AIRBUS A-321,0
landing,JFK,31L,1783073683.57,2026-07-03T10:14:43Z,40.63076,-73.777893,300.9,ade609,N995JL,A321,AIRBUS A-321,0
takeoff,JFK,31L,1783073683.57,2026-07-03T10:14:43Z,40.63076,-73.777893,300.9,ade609,N995JL,A321,AIRBUS A-321,0
takeoff,LGA,04,1783073730.19,2026-07-03T10:15:30Z,40.771823,-73.881949,30.9,a336f0,N306PQ,CRJ9,BOMBARDIER Regional Jet CRJ-900,0
takeoff,LGA,04,1783073804.88,2026-07-03T10:16:44Z,40.772498,-73.881402,30.9,ac429b,N8897K,B38M,BOEING 737 MAX 8,0
landing,JFK,31L,1783073825.43,2026-07-03T10:17:05Z,40.637684,-73.793121,300.9,a8e262,N6714Q,B752,BOEING 757-200,0
takeoff,LGA,04,1783073866.89,2026-07-03T10:17:46Z,40.770538,-73.883011,30.9,a52911,N431YX,E75L,EMBRAER ERJ-170-200 (long wing),0
takeoff,JFK,31L,1783073902.51,2026-07-03T10:18:22Z,40.630337,-73.776932,300.9,a7dde1,N606DN,A21N,AIRBUS A-321neo,0
landing,JFK,31R,1783073965.48,2026-07-03T10:19:25Z,40.650948,-73.775192,300.9,ad4804,N955JB,A321,AIRBUS A-321,0
takeoff,LGA,04,1783073985.93,2026-07-03T10:19:45Z,40.771928,-73.881871,30.9,a013e8,N104DN,A321,AIRBUS A-321,0
takeoff,JFK,31L,1783073995.49,2026-07-03T10:19:55Z,40.630374,-73.776986,300.9,a33328,N305NY,A21N,AIRBUS A-321neo,0
landing,LGA,31,1783074062.53,2026-07-03T10:21:02Z,40.777061,-73.867554,298.1,a18380,N197PQ,CRJ9,BOMBARDIER Regional Jet CRJ-900,0
takeoff,JFK,31L,1783074068.83,2026-07-03T10:21:08Z,40.630405,-73.777054,300.9,a1a3a9,N2043J,A21N,AIRBUS A-321neo,0
takeoff,LGA,04,1783074106.4,2026-07-03T10:21:46Z,40.772626,-73.881293,30.9,ac289f,N8827Q,B38M,BOEING 737 MAX 8,0
landing,JFK,31R,1783074172.06,2026-07-03T10:22:52Z,40.651486,-73.776393,300.9,aca79d,N914XJ,CRJ9,BOMBARDIER Regional Jet CRJ-900,0
landing,JFK,31L,1783074237.51,2026-07-03T10:23:57Z,40.638371,-73.794647,300.9,a64ce6,N505DZ,A21N,AIRBUS A-321neo,0
landing,LGA,31,1783074250.01,2026-07-03T10:24:10Z,40.778572,-73.870728,303.8,a50900,N423YX,E75L,EMBRAER ERJ-170-200 (long wing),0
landing,JFK,31R,1783074295.4,2026-07-03T10:24:55Z,40.651334,-73.776034,300.9,a9d9f7,N734AR,B77W,BOEING 777-300ER,0
takeoff,JFK,31L,1783074309.75,2026-07-03T10:25:09Z,40.630525,-73.777329,300.9,a25b4d,N251AZ,B763,BOEING 767-300,0
takeoff,LGA,04,1783074321.91,2026-07-03T10:25:21Z,40.772564,-73.881332,30.9,a75966,N57286,B38M,,0
takeoff,LGA,04,1783074426.81,2026-07-03T10:27:06Z,40.772615,-73.881293,30.9,aa7e2e,N77510,B738,BOEING 737-800,0
landing,JFK,31R,1783074461.72,2026-07-03T10:27:41Z,40.650159,-73.773427,300.9,a1b2a8,N2084J,A21N,AIRBUS A-321neo,0
takeoff,JFK,31L,1783074474.92,2026-07-03T10:27:54Z,40.628687,-73.773303,300.9,a24720,N246JQ,E75L,EMBRAER ERJ-170-200 (long wing),0
takeoff,LGA,04,1783074485.94,2026-07-03T10:28:05Z,40.771694,-73.88205,30.9,abbedb,N856NN,B738,BOEING 737-800,0
landing,JFK,31R,1783074593.23,2026-07-03T10:29:53Z,40.650694,-73.774613,300.9,a36a21,N319VF,B38M,BOEING 737 MAX 8,0
landing,JFK,31L,1783074652.33,2026-07-03T10:30:52Z,40.637636,-73.793028,298.1,a5e9f4,N480PX,CRJ9,BOMBARDIER Regional Jet CRJ-900,0
takeoff,JFK,31L,1783074759.64,2026-07-03T10:32:39Z,40.6306,-73.777512,300.9,a85887,N637JB,A320,AIRBUS A-320,0
landing,JFK,31R,1783074760.46,2026-07-03T10:32:40Z,40.650341,-73.773834,302.4,a144e5,N181FE,B763,BOEING 767-300,0
landing,JFK,31R,1783074924.99,2026-07-03T10:35:24Z,40.650558,-73.774338,298.1,a8f235,N676CA,CRJ9,BOMBARDIER Regional Jet CRJ-900,0
takeoff,LGA,04,1783074987.37,2026-07-03T10:36:27Z,40.771992,-73.881821,30.9,a66346,N510UW,A321,AIRBUS A-321,0
landing,JFK,31R,1783075030.39,2026-07-03T10:37:10Z,40.651543,-73.776474,300.9,a387f0,N3267J,BCS3,,0
takeoff,LGA,04,1783075041.47,2026-07-03T10:37:21Z,40.771969,-73.881821,30.9,c01a5a,C-FJZL,CRJ9,BOMBARDIER Regional Jet CRJ-900,0
landing,JFK,31L,1783075059.88,2026-07-03T10:37:39Z,40.637627,-73.793015,300.9,a7a8ed,N593DX,A21N,,0
takeoff,LGA,04,1783075099.11,2026-07-03T10:38:19Z,40.770607,-73.88295,30.9,a5106e,N425YX,E75L,EMBRAER ERJ-170-200 (long wing),0
landing,JFK,31R,1783075128.09,2026-07-03T10:38:48Z,40.64946,-73.771881,300.9,a770a2,N579JB,A320,AIRBUS A-320,0
landing,JFK,31R,1783075240.08,2026-07-03T10:40:40Z,40.650776,-73.77477,300.9,a3845c,N3258J,BCS3,,0
landing,JFK,31R,1783075335.56,2026-07-03T10:42:15Z,40.652591,-73.778796,299.6,ab7268,N837AN,B789,BOEING 787-9 Dreamliner,0
takeoff,JFK,31L,1783075335.81,2026-07-03T10:42:15Z,40.629106,-73.774208,300.9,a075df,N129HQ,E75L,EMBRAER ERJ-170-200 (long wing),0
landing,LGA,31,1783075463.56,2026-07-03T10:44:23Z,40.777519,-73.868546,300.9,a1f822,N226JQ,E75L,EMBRAER ERJ-170-200 (long wing),0
landing,JFK,31R,1783075490.78,2026-07-03T10:44:50Z,40.650543,-73.774333,300.9,a3871e,N3261J,BCS3,,0
takeoff,LGA,04,1783075507.32,2026-07-03T10:45:07Z,40.77356,-73.880508,30.9,a70f11,N554JB,A320,AIRBUS A-320,0
landing,JFK,31R,1783075573.82,2026-07-03T10:46:13Z,40.651171,-73.775659,300.9,a36799,N3185J,BCS3,AIRBUS A220-300,0
takeoff,LGA,04,1783075579.35,2026-07-03T10:46:19Z,40.771614,-73.882126,30.9,ac28be,N8828L,B38M,BOEING 737 MAX 8,0
takeoff,JFK,31L,1783075592.42,2026-07-03T10:46:32Z,40.630805,-73.777969,300.9,a78945,N585JB,A320,AIRBUS A-320,0
landing,JFK,31R,1783075682.31,2026-07-03T10:48:02Z,40.651051,-73.775436,302.4,04c15b,5Y-KZJ,B788,BOEING 787-8 Dreamliner,0
takeoff,JFK,31L,1783075711.77,2026-07-03T10:48:31Z,40.631329,-73.779108,300.9,a38019,N3244J,BCS3,,0
takeoff,JFK,31L,1783075796.67,2026-07-03T10:49:56Z,40.630258,-73.776751,300.9,ad7701,N967JT,A321,AIRBUS A-321,0
landing,LGA,31,1783075802.58,2026-07-03T10:50:02Z,40.777316,-73.868091,300.9,ab282b,N818MD,E170,EMBRAER ERJ-170-100,0
takeoff,LGA,04,1783075821.52,2026-07-03T10:50:21Z,40.770147,-73.883338,33.8,a4b294,N401YX,E75L,EMBRAER ERJ-170-200 (long wing),0
landing,JFK,31R,1783075856.88,2026-07-03T10:50:56Z,40.651497,-73.776367,300.9,a0428a,N116AN,A321,AIRBUS A-321,0
landing,JFK,31L,1783075943.4,2026-07-03T10:52:23Z,40.638963,-73.795931,300.9,a1373d,N178DN,B763,BOEING 767-300,0
landing,JFK,31R,1783075959.93,2026-07-03T10:52:39Z,40.649426,-73.771805,303.8,aa589c,N766JB,A320,AIRBUS A-320,0
landing,JFK,31R,1783076028.1,2026-07-03T10:53:48Z,40.649792,-73.772675,300.9,ad6f93,N965JT,A321,AIRBUS A-321,0
landing,LGA,31,1783076032.18,2026-07-03T10:53:52Z,40.776909,-73.867279,300.9,a15027,N184GJ,CRJ9,BOMBARDIER Regional Jet CRJ-900,0
takeoff,JFK,31L,1783076046.21,2026-07-03T10:54:06Z,40.630898,-73.77814,300.9,ad8836,N971JT,A321,AIRBUS A-321,0
takeoff,JFK,31L,1783076136.62,2026-07-03T10:55:36Z,40.63068,-73.777695,300.9,adafb5,N981JT,A321,AIRBUS A-321,0
landing,LGA,31,1783076148.82,2026-07-03T10:55:48Z,40.779053,-73.871765,298.1,a546c9,N439YX,E75L,EMBRAER ERJ-170-200 (long wing),0
landing,JFK,31R,1783076166.21,2026-07-03T10:56:06Z,40.651932,-73.777435,298.1,a4e181,N413YX,E75L,EMBRAER ERJ-170-200 (long wing),0
takeoff,JFK,31L,1783076222.48,2026-07-03T10:57:02Z,40.630543,-73.777374,300.9,ad56e0,N959JB,A321,AIRBUS A-321,0
landing,JFK,31R,1783076256.55,2026-07-03T10:57:36Z,40.653068,-73.78045,281.2,a06e71,N127HQ,E75L,EMBRAER ERJ-170-200 (long wing),0
takeoff,LGA,04,1783076330.54,2026-07-03T10:58:50Z,40.772404,-73.88147,30.9,c0440e,C-FZUB,A320,AIRBUS A-320,0
takeoff,JFK,31L,1783076351.22,2026-07-03T10:59:11Z,40.631184,-73.778809,300.9,a35cba,N3157J,BCS3,AIRBUS A220-300,0
landing,JFK,31R,1783076372.77,2026-07-03T10:59:32Z,40.652103,-73.777832,295.3,a21bea,N235JQ,E75L,EMBRAER ERJ-170-200 (long wing),0
takeoff,JFK,31L,1783076442.69,2026-07-03T11:00:42Z,40.63091,-73.778172,300.9,a398bc,N3304J,BCS3,AIRBUS A220-300,0
landing,LGA,31,1783076443.17,2026-07-03T11:00:43Z,40.776525,-73.866468,303.8,ace7bf,N930XJ,CRJ9,BOMBARDIER Regional Jet CRJ-900,0
takeoff,LGA,04,1783076507.43,2026-07-03T11:01:47Z,40.7719,-73.881882,30.9,acc3f7,N921XJ,CRJ9,BOMBARDIER Regional Jet CRJ-900,0
takeoff,LGA,04,1783076526.6,2026-07-03T11:02:06Z,40.769405,-73.883942,28.1,a4d04c,N409YX,E75L,EMBRAER ERJ-170-200 (long wing),0
takeoff,JFK,31L,1783076534.46,2026-07-03T11:02:14Z,40.630943,-73.778244,300.9,ad8fa4,N973JT,A321,AIRBUS A-321,0
landing,JFK,31R,1783076619.26,2026-07-03T11:03:39Z,40.649929,-73.772919,300.9,aca5e5,N914DU,B739,BOEING 737-900,0
takeoff,JFK,31L,1783076651.24,2026-07-03T11:04:11Z,40.630665,-73.777672,300.9,ad0375,N938AV,A20N,AIRBUS A-320neo,0
landing,JFK,31R,1783076756.01,2026-07-03T11:05:56Z,40.651485,-73.776428,300.9,a360b7,N3169J,BCS3,AIRBUS A220-300,0
takeoff,JFK,31L,1783076757.49,2026-07-03T11:05:57Z,40.630328,-73.776907,300.9,ad562a,N959AV,A320,,0
landing,LGA,31,1783076816.3,2026-07-03T11:06:56Z,40.777508,-73.868484,303.8,a4c170,N405YX,E75L,EMBRAER ERJ-170-200 (long wing),0
takeoff,JFK,31L,1783076850.42,2026-07-03T11:07:30Z,40.630508,-73.777267,300.9,4067a4,G-DHLK,B763,BOEING 767-300,0
takeoff,LGA,04,1783076881.55,2026-07-03T11:08:01Z,40.77244,-73.881449,30.9,a10d82,N167US,A321,AIRBUS A-321,0
landing,JFK,31R,1783076896.43,2026-07-03T11:08:16Z,40.650962,-73.775238,300.9,a05614,N1200K,B763,BOEING 767-300,0
landing,LGA,31,1783076970.9,2026-07-03T11:09:30Z,40.777014,-73.867451,300.9,a2fe3c,N292PQ,CRJ9,BOMBARDIER Regional Jet CRJ-900,0
landing,JFK,31L,1783076992.93,2026-07-03T11:09:52Z,40.63894,-73.795884,300.9,a13391,N177DZ,B763,BOEING 767-300,0
takeoff,LGA,04,1783077000.83,2026-07-03T11:10:00Z,40.771786,-73.881989,30.9,a42a5c,N368DN,A321,AIRBUS A-321,0
landing,JFK,31R,1783077046.45,2026-07-03T11:10:46Z,40.649677,-73.772385,300.9,a7a956,N593JB,A320,AIRBUS A-320,0
takeoff,JFK,31L,1783077075.45,2026-07-03T11:11:15Z,40.63036,-73.776993,300.9,ad34bb,N950AV,A320,AIRBUS A-320,8
landing,LGA,31,1783077078.36,2026-07-03T11:11:18Z,40.778783,-73.87115,300.9,a1ff90,N228JQ,E75L,EMBRAER ERJ-170-200 (long wing),0
landing,LGA,31,1783077126.04,2026-07-03T11:12:06Z,40.777281,-73.868013,300.9,a30961,N295PQ,CRJ9,BOMBARDIER Regional Jet CRJ-900,0
landing,JFK,31R,1783077152.3,2026-07-03T11:12:32Z,40.650299,-73.773724,300.9,ab79d3,N839AK,B38M,BOEING 737 MAX 8,0
takeoff,LGA,04,1783077155.1,2026-07-03T11:12:35Z,40.770344,-73.883194,30.9,abbb77,N855RW,E170,EMBRAER ERJ-170-100,0
takeoff,JFK,31L,1783077172.84,2026-07-03T11:12:52Z,40.630316,-73.776892,300.9,a120fe,N172DZ,B763,BOEING 767-300,0
landing,LGA,31,1783077212.46,2026-07-03T11:13:32Z,40.777281,-73.868013,303.8,a32814,N302PQ,CRJ9,BOMBARDIER Regional Jet CRJ-900,0
takeoff,LGA,04,1783077256.23,2026-07-03T11:14:16Z,40.772254,-73.881605,30.9,a74f33,N570JB,A320,AIRBUS A-320,0
landing,JFK,31R,1783077265.47,2026-07-03T11:14:25Z,40.650845,-73.774948,300.9,aca29a,N913JB,A321,AIRBUS A-321,0
takeoff,JFK,31L,1783077277.79,2026-07-03T11:14:37Z,40.630463,-73.777206,300.9,a6d234,N539DN,A21N,,0
landing,LGA,31,1783077335.18,2026-07-03T11:15:35Z,40.779155,-73.872008,295.3,a1e58f,N221JQ,E75L,EMBRAER ERJ-170-200 (long wing),0
landing,JFK,31R,1783077385.01,2026-07-03T11:16:25Z,40.649986,-73.773056,300.9,acab54,N915XJ,CRJ9,BOMBARDIER Regional Jet CRJ-900,0
takeoff,JFK,31L,1783077446.22,2026-07-03T11:17:26Z,40.630245,-73.776733,300.9,a33766,N306UH,B38M,BOEING 737 MAX 8,0
takeoff,LGA,04,1783077448.56,2026-07-03T11:17:28Z,40.77388,-73.880249,30.9,a39d9b,N332DU,BCS3,,0
landing,JFK,31R,1783077473.41,2026-07-03T11:17:53Z,40.65144,-73.77626,300.9,a33afd,N307TA,B38M,BOEING 737 MAX 8,0
takeoff,JFK,31L,1783077542.78,2026-07-03T11:19:02Z,40.630304,-73.776845,300.9,a3e658,N350RV,B38M,BOEING 737 MAX 8,0
landing,LGA,31,1783077552.8,2026-07-03T11:19:12Z,40.776746,-73.86692,300.9,c080db,C-GWUS,BCS3,AIRBUS A220-300,0
landing,JFK,31R,1783077583.34,2026-07-03T11:19:43Z,40.650124,-73.773381,300.9,ad935b,N974JT,A321,AIRBUS A-321,0
takeoff,JFK,31L,1783077624.53,2026-07-03T11:20:24Z,40.6307,-73.777719,300.9,a7e20a,N607JB,A320,AIRBUS A-320,0
landing,LGA,31,1783077661.99,2026-07-03T11:21:01Z,40.779109,-73.87193,292.5,a05f95,N123HQ,E75L,EMBRAER ERJ-170-200 (long wing),0
landing,JFK,31R,1783077697.8,2026-07-03T11:21:37Z,40.650593,-73.774384,300.9,a01fee,N107NN,A321,AIRBUS A-321,0
takeoff,JFK,31L,1783077711.14,2026-07-03T11:21:51Z,40.630348,-73.776932,300.9,a38633,N326SJ,B38M,BOEING 737 MAX 8,0
landing,JFK,31L,1783077712.47,2026-07-03T11:21:52Z,40.630467,-73.777173,300.9,a38633,N326SJ,B38M,BOEING 737 MAX 8,0
takeoff,JFK,31L,1783077712.47,2026-07-03T11:21:52Z,40.630467,-73.777173,300.9,a38633,N326SJ,B38M,BOEING 737 MAX 8,0
landing,LGA,31,1783077733.86,2026-07-03T11:22:13Z,40.777747,-73.869136,295.3,a22358,N237JQ,E75L,EMBRAER ERJ-170-200 (long wing),0
landing,JFK,31R,1783077782.31,2026-07-03T11:23:02Z,40.650461,-73.774098,300.9,a2c087,N277AK,B739,BOEING 737-900,0
landing,LGA,31,1783077787.15,2026-07-03T11:23:07Z,40.77689,-73.867172,295.3,a17c12,N195PQ,CRJ9,BOMBARDIER Regional Jet CRJ-900,0
takeoff,JFK,31L,1783077807.11,2026-07-03T11:23:27Z,40.630726,-73.777786,300.9,a442f3,N374DA,B738,BOEING 737-800,0
landing,LGA,31,1783077858.84,2026-07-03T11:24:18Z,40.775654,-73.864624,300.9,a359c2,N315DU,BCS3,AIRBUS A220-300,0
takeoff,JFK,31L,1783077885.99,2026-07-03T11:24:45Z,40.630714,-73.777771,300.9,abf6ae,N870DN,B739,BOEING 737-900,0
takeoff,LGA,04,1783077901.46,2026-07-03T11:25:01Z,40.771545,-73.882172,30.9,ac5f42,N8969S,B38M,BOEING 737 MAX 8,0
landing,JFK,31R,1783077904.89,2026-07-03T11:25:04Z,40.651611,-73.776642,300.9,aa4ce9,N763CK,B763,BOEING 767-300,0
landing,LGA,31,1783077988.25,2026-07-03T11:26:28Z,40.777817,-73.869141,300.9,abdf3f,N864RW,E170,EMBRAER ERJ-170-100,0
takeoff,JFK,31L,1783077991.96,2026-07-03T11:26:31Z,40.630421,-73.777095,300.9,acf0db,N933AN,B738,BOEING 737-800,0
landing,LGA,31,1783078036.16,2026-07-03T11:27:16Z,40.778422,-73.870401,295.3,a7dadc,N605LR,CRJ9,BOMBARDIER Regional Jet CRJ-900,0
takeoff,JFK,13L,1783078054.76,2026-07-03T11:27:34Z,40.653671,-73.778061,84.4,aa4ce9,N763CK,B763,BOEING 767-300,0
landing,JFK,31R,1783078060.37,2026-07-03T11:27:40Z,40.649391,-73.771742,298.1,a39ada,N331PQ,CRJ9,BOMBARDIER Regional Jet CRJ-900,0
takeoff,JFK,31L,1783078078.19,2026-07-03T11:27:58Z,40.630421,-73.77711,300.9,a7e198,N607DN,A21N,AIRBUS A-321neo,0
landing,LGA,31,1783078111.32,2026-07-03T11:28:31Z,40.778767,-73.871109,300.9,a0433b,N116HQ,E75L,EMBRAER ERJ-170-200 (long wing),0
landing,JFK,31R,1783078129.82,2026-07-03T11:28:49Z,40.650352,-73.773926,300.9,a38082,N3247J,BCS3,,0
takeoff,LGA,04,1783078135.93,2026-07-03T11:28:55Z,40.771832,-73.881943,30.9,acc23f,N921DU,B739,BOEING 737-900,0
takeoff,JFK,31L,1783078154.23,2026-07-03T11:29:14Z,40.630222,-73.776688,300.9,ac72af,N9008U,A319,AIRBUS A-319,0
landing,LGA,31,1783078178.34,2026-07-03T11:29:38Z,40.776967,-73.867373,295.3,a1584a,N186PQ,CRJ9,BOMBARDIER Regional Jet CRJ-900,0
takeoff,LGA,04,1783078211.82,2026-07-03T11:30:11Z,40.771672,-73.882073,30.9,a422f7,N366DX,A321,AIRBUS A-321,0
landing,JFK,31R,1783078226.6,2026-07-03T11:30:26Z,40.65024,-73.773599,300.9,a67883,N516JB,A320,AIRBUS A-320,0
takeoff,JFK,31L,1783078234.94,2026-07-03T11:30:34Z,40.630456,-73.77722,300.9,a01112,N103NN,A321,AIRBUS A-321,0
landing,LGA,31,1783078261.37,2026-07-03T11:31:01Z,40.777095,-73.867638,303.8,a21142,N232PQ,CRJ9,BOMBARDIER Regional Jet CRJ-900,0
takeoff,LGA,04,1783078294.93,2026-07-03T11:31:34Z,40.772545,-73.88134,30.9,ac83d5,N905XJ,CRJ9,BOMBARDIER Regional Jet CRJ-900,0
landing,JFK,31R,1783078324.46,2026-07-03T11:32:04Z,40.650159,-73.773443,298.1,a5f162,N482PX,CRJ9,BOMBARDIER Regional Jet CRJ-900,0
takeoff,JFK,31L,1783078340.64,2026-07-03T11:32:20Z,40.630543,-73.777374,302.4,4bb194,TC-LLT,B789,BOEING 787-9 Dreamliner,0
landing,JFK,31L,1783078341.9,2026-07-03T11:32:21Z,40.630851,-73.778062,302.4,4bb194,TC-LLT,B789,BOEING 787-9 Dreamliner,0
takeoff,JFK,31L,1783078341.9,2026-07-03T11:32:21Z,40.630851,-73.778062,302.4,4bb194,TC-LLT,B789,BOEING 787-9 Dreamliner,0
landing,LGA,31,1783078347.03,2026-07-03T11:32:27Z,40.777096,-73.867645,298.1,a93d7c,N695CA,CRJ9,BOMBARDIER Regional Jet CRJ-900,0
takeoff,LGA,04,1783078369.24,2026-07-03T11:32:49Z,40.7715,-73.882187,30.9,acad53,N916DU,B739,BOEING 737-900,0
landing,JFK,31R,1783078410.37,2026-07-03T11:33:30Z,40.64922,-73.771393,300.9,aca02f,N912XJ,CRJ9,BOMBARDIER Regional Jet CRJ-900,0
landing,LGA,31,1783078433.67,2026-07-03T11:33:53Z,40.777735,-73.869012,298.1,a2000d,N228PQ,CRJ9,BOMBARDIER Regional Jet CRJ-900,0
takeoff,JFK,31L,1783078466.83,2026-07-03T11:34:26Z,40.63052,-73.777328,300.9,0c6062,9Y-JAM,B38M,BOEING 737 MAX 8,0
takeoff,LGA,04,1783078467.96,2026-07-03T11:34:27Z,40.770322,-73.883181,30.9,ab1d06,N815MD,E170,EMBRAER ERJ-170-100,0
landing,JFK,31R,1783078517.96,2026-07-03T11:35:17Z,40.650252,-73.77363,298.1,a35e6f,N316PQ,CRJ9,BOMBARDIER Regional Jet CRJ-900,0
takeoff,JFK,31L,1783078532.29,2026-07-03T11:35:32Z,40.630291,-73.776825,300.9,a53207,N434AN,A21N,AIRBUS A-321neo,0
landing,LGA,31,1783078564.03,2026-07-03T11:36:04Z,40.777828,-73.869355,292.5,a866c7,N640RW,E170,EMBRAER ERJ-170-100,0
takeoff,LGA,04,1783078583.89,2026-07-03T11:36:23Z,40.771905,-73.881886,30.9,a44591,N3744F,B738,BOEING 737-800,0
takeoff,JFK,31L,1783078591.23,2026-07-03T11:36:31Z,40.63063,-73.777579,300.9,a07f46,N131DU,BCS1,AIRBUS A220-100,0
landing,LGA,31,1783078641.84,2026-07-03T11:37:21Z,40.777416,-73.868332,303.8,ac159a,N878RW,E170,EMBRAER ERJ-170-100,0
landing,JFK,31R,1783078650.07,2026-07-03T11:37:30Z,40.650227,-73.77359,300.9,aa600a,N768JB,A320,AIRBUS A-320,0
takeoff,JFK,31L,1783078657.85,2026-07-03T11:37:37Z,40.630783,-73.777908,300.9,a34d98,N3115J,BCS3,AIRBUS A220-300,0
takeoff,LGA,04,1783078670.43,2026-07-03T11:37:50Z,40.771462,-73.882245,30.9,ac7f41,N904NN,B738,BOEING 737-800,0
landing,LGA,31,1783078715.83,2026-07-03T11:38:35Z,40.776524,-73.866409,298.1,a15795,N186GJ,CRJ9,BOMBARDIER Regional Jet CRJ-900,0
takeoff,JFK,31L,1783078716.56,2026-07-03T11:38:36Z,40.630083,-73.776377,300.9,a7650b,N576DN,A21N,AIRBUS A-321neo,0
takeoff,LGA,04,1783078734.05,2026-07-03T11:38:54Z,40.769371,-73.883972,30.9,a1b449,N209JQ,E75L,EMBRAER ERJ-170-200 (long wing),0
landing,JFK,31R,1783078756.17,2026-07-03T11:39:16Z,40.651113,-73.77555,299.6,e80468,CC-BGP,B789,BOEING 787-9 Dreamliner,0
takeoff,JFK,31L,1783078774.6,2026-07-03T11:39:34Z,40.630783,-73.777908,300.9,a9672c,N705AL,B39M,,0
takeoff,LGA,04,1783078812.0,2026-07-03T11:40:12Z,40.770508,-73.883041,30.9,a01097,N103HQ,E75L,EMBRAER ERJ-170-200 (long wing),0
takeoff,LGA,04,1783078856.3,2026-07-03T11:40:56Z,40.770147,-73.883322,30.9,a1acdb,N207JQ,E75L,EMBRAER ERJ-170-200 (long wing),0
takeoff,JFK,31L,1783078901.48,2026-07-03T11:41:41Z,40.630432,-73.777142,300.9,a8ded6,N6705Y,B752,BOEING 757-200,0
landing,JFK,31R,1783078906.94,2026-07-03T11:41:46Z,40.651165,-73.775681,300.9,ad60b7,N961JT,A321,AIRBUS A-321,0
takeoff,LGA,04,1783078909.42,2026-07-03T11:41:49Z,40.771195,-73.882464,30.9,ac10af,N877DN,B739,BOEING 737-900,0
takeoff,JFK,31L,1783078972.89,2026-07-03T11:42:52Z,40.630549,-73.777391,300.9,ad5329,N958JB,A321,AIRBUS A-321,0
landing,LGA,31,1783079014.38,2026-07-03T11:43:34Z,40.775631,-73.864563,303.8,a445b0,N3745B,B738,BOEING 737-800,0
landing,JFK,31R,1783079087.93,2026-07-03T11:44:47Z,40.650707,-73.774643,300.9,a3556f,N3138J,BCS3,AIRBUS A220-300,0
landing,LGA,31,1783079109.73,2026-07-03T11:45:09Z,40.778748,-73.871103,300.9,a230d6,N240JQ,E75L,EMBRAER ERJ-170-200 (long wing),0
takeoff,JFK,31L,1783079117.69,2026-07-03T11:45:17Z,40.631014,-73.778421,300.9,a4b0bb,N401DZ,A339,AIRBUS A-330-900,0
takeoff,LGA,04,1783079142.15,2026-07-03T11:45:42Z,40.772649,-73.881262,30.9,a43e5e,N37255,B738,BOEING 737-800,0
takeoff,LGA,04,1783079186.65,2026-07-03T11:46:26Z,40.772301,-73.881577,30.9,a01f0d,N107DN,A321,AIRBUS A-321,0
takeoff,JFK,31L,1783079212.76,2026-07-03T11:46:52Z,40.630749,-73.777832,300.9,ac8b43,N907XJ,CRJ9,BOMBARDIER Regional Jet CRJ-900,0
landing,LGA,31,1783079241.31,2026-07-03T11:47:21Z,40.777668,-73.868912,300.9,a4eca6,N416YX,E75L,EMBRAER ERJ-170-200 (long wing),0
takeoff,JFK,31L,1783079270.07,2026-07-03T11:47:50Z,40.630537,-73.777391,300.9,a5e9f4,N480PX,CRJ9,BOMBARDIER Regional Jet CRJ-900,0
takeoff,LGA,04,1783079273.94,2026-07-03T11:47:53Z,40.773336,-73.8807,30.9,a3b79c,N339DU,,,0
takeoff,JFK,31L,1783079335.45,2026-07-03T11:48:55Z,40.630537,-73.77736,300.9,ac671b,N899DN,B739,BOEING 737-900,0
landing,LGA,31,1783079339.94,2026-07-03T11:48:59Z,40.777737,-73.869019,300.9,c02e92,C-FRQN,E75S,EMBRAER ERJ-170-200 (short wing),0
takeoff,LGA,04,1783079371.54,2026-07-03T11:49:31Z,40.772587,-73.881317,30.9,a8222c,N623JB,A320,AIRBUS A-320,0
landing,LGA,31,1783079418.9,2026-07-03T11:50:18Z,40.776833,-73.867126,300.9,a46310,N382DN,A321,AIRBUS A-321,0
takeoff,LGA,31,1783079422.81,2026-07-03T11:50:22Z,40.777565,-73.868683,303.8,a46310,N382DN,A321,AIRBUS A-321,0
landing,LGA,31,1783079430.63,2026-07-03T11:50:30Z,40.778606,-73.870819,303.8,a46310,N382DN,A321,AIRBUS A-321,0
takeoff,JFK,31L,1783079435.51,2026-07-03T11:50:35Z,40.63063,-73.777563,300.9,acfc56,N936DZ,B739,,0
takeoff,LGA,04,1783079452.13,2026-07-03T11:50:52Z,40.770218,-73.88327,30.9,a448ba,N3750D,B738,BOEING 737-800,0
takeoff,JFK,31L,1783079493.56,2026-07-03T11:51:33Z,40.630737,-73.777802,300.9,ade9c0,N996JL,A321,AIRBUS A-321,0
takeoff,LGA,04,1783079501.94,2026-07-03T11:51:41Z,40.771328,-73.882355,30.9,a3e07a,N349TV,B38M,BOEING 737 MAX 8,0
takeoff,JFK,31L,1783079550.94,2026-07-03T11:52:30Z,40.630316,-73.776892,300.9,ab4c76,N827SK,CRJ9,BOMBARDIER Regional Jet CRJ-900,0
landing,JFK,31R,1783079554.56,2026-07-03T11:52:34Z,40.650054,-73.773193,300.9,a7167f,N556JB,A320,AIRBUS A-320,0
landing,LGA,31,1783079586.61,2026-07-03T11:53:06Z,40.779167,-73.872208,286.9,a19a48,N202JQ,E75L,EMBRAER ERJ-170-200 (long wing),0
takeoff,JFK,31L,1783079618.5,2026-07-03T11:53:38Z,40.630374,-73.777001,300.9,a198ed,N2016J,A21N,AIRBUS A-321neo,0
landing,LGA,31,1783079649.69,2026-07-03T11:54:09Z,40.779015,-73.871665,303.8,ab0a73,N810MD,E170,EMBRAER ERJ-170-100,0
landing,JFK,31R,1783079655.01,2026-07-03T11:54:15Z,40.650508,-73.774192,308.1,508341,UR-CNT,AN12,ANTONOV An-12,0
takeoff,JFK,31L,1783079673.93,2026-07-03T11:54:33Z,40.630421,-73.77711,300.9,a55218,N442AN,A21N,AIRBUS A-321neo,0
landing,LGA,31,1783079693.65,2026-07-03T11:54:53Z,40.777073,-73.867615,298.1,a33e5e,N308PQ,CRJ9,BOMBARDIER Regional Jet CRJ-900,0
landing,LGA,31,1783079759.19,2026-07-03T11:55:59Z,40.776947,-73.867325,300.9,abe075,N8643A,B738,BOEING 737-800,0
landing,JFK,31R,1783079774.05,2026-07-03T11:56:14Z,40.650856,-73.774994,300.9,a81abe,N621JB,A320,AIRBUS A-320,0
takeoff,JFK,31L,1783079784.49,2026-07-03T11:56:24Z,40.630782,-73.777891,300.9,a7da9c,N605JB,A320,AIRBUS A-320,0
takeoff,LGA,04,1783079798.51,2026-07-03T11:56:38Z,40.772804,-73.881134,25.3,a18380,N197PQ,CRJ9,BOMBARDIER Regional Jet CRJ-900,0
takeoff,JFK,31L,1783079842.67,2026-07-03T11:57:22Z,40.630421,-73.777079,300.9,a3915a,N329SL,B38M,BOEING 737 MAX 8,0
landing,JFK,31R,1783079865.63,2026-07-03T11:57:45Z,40.651043,-73.775378,300.9,ad734a,N966JT,A321,AIRBUS A-321,0
landing,LGA,31,1783079881.06,2026-07-03T11:58:01Z,40.777519,-73.868576,300.9,a8a490,N656RW,E170,EMBRAER ERJ-170-100,0
takeoff,JFK,31L,1783079902.48,2026-07-03T11:58:22Z,40.630514,-73.777344,300.9,ad6b16,N964AV,A20N,AIRBUS A-320neo,0
landing,LGA,31,1783079957.32,2026-07-03T11:59:17Z,40.778887,-73.871368,303.8,a5307f,N433YX,E75L,EMBRAER ERJ-170-200 (long wing),0
takeoff,JFK,31L,1783079960.83,2026-07-03T11:59:20Z,40.630444,-73.777173,300.9,a3b50f,N338RS,B38M,BOEING 737 MAX 8,0
landing,JFK,31R,1783079972.47,2026-07-03T11:59:32Z,40.650055,-73.773224,300.9,aac3f4,N793JB,A320,AIRBUS A-320,0
takeoff,LGA,04,1783079988.72,2026-07-03T11:59:48Z,40.771557,-73.882172,30.9,a752ea,N571JB,A320,AIRBUS A-320,0
takeoff,JFK,31L,1783080026.86,2026-07-03T12:00:26Z,40.630692,-73.777695,300.9,a1a0c4,N2039J,A21N,AIRBUS A-321neo,0
landing,LGA,31,1783080087.16,2026-07-03T12:01:27Z,40.77805,-73.870322,286.9,a8a0d9,N655RW,E170,EMBRAER ERJ-170-100,0
landing,JFK,31R,1783080088.65,2026-07-03T12:01:28Z,40.65144,-73.776337,300.9,ab6162,N832SK,CRJ9,BOMBARDIER Regional Jet CRJ-900,0
takeoff,JFK,31L,1783080105.65,2026-07-03T12:01:45Z,40.63084,-73.778031,300.9,a358bd,N3145J,BCS3,AIRBUS A220-300,0
takeoff,LGA,04,1783080117.53,2026-07-03T12:01:57Z,40.773399,-73.880661,30.9,a364e7,N318DU,BCS3,,0
takeoff,JFK,31L,1783080181.22,2026-07-03T12:03:01Z,40.630852,-73.778046,300.9,ada5ee,N979JT,A321,AIRBUS A-321,0
takeoff,LGA,04,1783080183.95,2026-07-03T12:03:03Z,40.7718,-73.88198,30.9,a08021,N131NN,A321,AIRBUS A-321,0
landing,JFK,31R,1783080191.87,2026-07-03T12:03:11Z,40.65088,-73.775066,300.9,a39289,N3293J,BCS3,AIRBUS A220-300,0
takeoff,JFK,31L,1783080242.07,2026-07-03T12:04:02Z,40.630188,-73.776611,300.9,a6f9b3,N549DN,A21N,AIRBUS A-321neo,0
takeoff,LGA,04,1783080280.82,2026-07-03T12:04:40Z,40.771271,-73.882401,30.9,aa56d4,N76522,B738,BOEING 737-800,0
landing,JFK,31R,1783080308.7,2026-07-03T12:05:08Z,40.649986,-73.773117,300.9,acb2c2,N917XJ,CRJ9,BOMBARDIER Regional Jet CRJ-900,0
takeoff,LGA,22,1783080321.59,2026-07-03T12:05:21Z,40.770035,-73.882065,225.0,a50900,N423YX,E75L,EMBRAER ERJ-170-200 (long wing),0
takeoff,JFK,31L,1783080325.78,2026-07-03T12:05:25Z,40.631184,-73.778809,300.9,a3514f,N3125J,BCS3,,0
landing,LGA,31,1783080385.45,2026-07-03T12:06:25Z,40.77791,-73.869386,303.8,a33339,N305PQ,CRJ9,BOMBARDIER Regional Jet CRJ-900,0
takeoff,JFK,31L,1783080391.35,2026-07-03T12:06:31Z,40.630692,-73.777695,300.9,a9704d,N707TW,B752,BOEING 757-200,0
landing,JFK,31R,1783080408.0,2026-07-03T12:06:48Z,40.65184,-73.777145,300.9,ad9ac9,N976JT,A321,AIRBUS A-321,0
takeoff,JFK,31L,1783080461.35,2026-07-03T12:07:41Z,40.630013,-73.776252,300.9,a8e262,N6714Q,B752,BOEING 757-200,0
takeoff,LGA,04,1783080468.23,2026-07-03T12:07:48Z,40.771912,-73.881866,30.9,ac8efa,N908XJ,CRJ9,BOMBARDIER Regional Jet CRJ-900,0
takeoff,JFK,31L,1783080530.53,2026-07-03T12:08:50Z,40.630383,-73.777023,300.9,4005bb,G-VIIC,B772,BOEING 777-200,0
landing,LGA,31,1783080530.66,2026-07-03T12:08:50Z,40.778038,-73.869605,300.9,ada699,N979RP,E170,EMBRAER ERJ-170-100,0
landing,JFK,31R,1783080560.68,2026-07-03T12:09:20Z,40.65095,-73.775144,298.1,a732d9,N563JB,A320,AIRBUS A-320,0
takeoff,JFK,31L,1783080622.33,2026-07-03T12:10:22Z,40.630223,-73.776689,300.9,a4359b,N370UP,B763,BOEING 767-300,0
landing,LGA,31,1783080646.77,2026-07-03T12:10:46Z,40.778375,-73.870338,303.8,ab40ce,N824MD,E170,EMBRAER ERJ-170-100,0
takeoff,JFK,31L,1783080706.88,2026-07-03T12:11:46Z,40.628563,-73.77298,300.9,a06e71,N127HQ,E75L,EMBRAER ERJ-170-200 (long wing),0
landing,JFK,31R,1783080717.81,2026-07-03T12:11:57Z,40.650811,-73.774879,300.9,a145b7,N181PQ,CRJ9,BOMBARDIER Regional Jet CRJ-900,0
landing,LGA,31,1783080719.6,2026-07-03T12:11:59Z,40.7772,-73.867841,298.1,a148b9,N182GJ,CRJ9,BOMBARDIER Regional Jet CRJ-900,0
takeoff,LGA,04,1783080758.59,2026-07-03T12:12:38Z,40.770985,-73.882645,30.9,c00b78,C-FEIX,E75S,EMBRAER ERJ-170-200 (short wing),0
takeoff,JFK,31L,1783080773.01,2026-07-03T12:12:53Z,40.630514,-73.777313,300.9,a770a2,N579JB,A320,AIRBUS A-320,0
landing,LGA,31,1783080829.79,2026-07-03T12:13:49Z,40.776878,-73.867188,300.9,a3e011,N349PQ,CRJ9,BOMBARDIER Regional Jet CRJ-900,0
landing,JFK,31R,1783080829.89,2026-07-03T12:13:49Z,40.6516,-73.776627,300.9,a1574e,N186DN,B763,BOEING 767-300,0
takeoff,JFK,31L,1783080843.52,2026-07-03T12:14:03Z,40.630863,-73.778107,300.9,adbaca,N984JB,A321,AIRBUS A-321,0
landing,LGA,31,1783080916.43,2026-07-03T12:15:16Z,40.777496,-73.86853,300.9,abd7d1,N862RW,E170,EMBRAER ERJ-170-100,0
landing,JFK,31R,1783080972.21,2026-07-03T12:16:12Z,40.651302,-73.775986,300.9,acaf0b,N916XJ,CRJ9,BOMBARDIER Regional Jet CRJ-900,0
landing,LGA,31,1783080986.66,2026-07-03T12:16:26Z,40.778137,-73.869812,303.8,ad1c11,N944AN,B738,BOEING 737-800,0
takeoff,JFK,31L,1783081022.43,2026-07-03T12:17:02Z,40.630657,-73.777649,298.1,a8f235,N676CA,CRJ9,BOMBARDIER Regional Jet CRJ-900,0
takeoff,LGA,04,1783081026.36,2026-07-03T12:17:06Z,40.77244,-73.881449,30.9,ac538f,N8935Q,B38M,,0
takeoff,JFK,31L,1783081075.92,2026-07-03T12:17:55Z,40.62992,-73.776018,300.9,a46fad,N385UP,B763,BOEING 767-300,0
landing,JFK,31R,1783081087.49,2026-07-03T12:18:07Z,40.651311,-73.775987,300.9,a4a0d9,N398DN,A321,AIRBUS A-321,0
landing,LGA,31,1783081090.05,2026-07-03T12:18:10Z,40.777351,-73.868153,300.9,a32bcb,N303PQ,CRJ9,BOMBARDIER Regional Jet CRJ-900,0
takeoff,LGA,04,1783081129.32,2026-07-03T12:18:49Z,40.771786,-73.881989,30.9,a45f59,N381DN,B738,BOEING 737-800,0
takeoff,JFK,31L,1783081178.28,2026-07-03T12:19:38Z,40.630497,-73.777283,300.9,ad4804,N955JB,A321,AIRBUS A-321,0
landing,LGA,31,1783081201.62,2026-07-03T12:20:01Z,40.776967,-73.867326,303.8,a44a6d,N376DN,A321,AIRBUS A-321,0
takeoff,LGA,04,1783081250.47,2026-07-03T12:20:50Z,40.771076,-73.882568,30.9,ac210e,N8806Q,B38M,BOEING 737 MAX 8,0
takeoff,JFK,31L,1783081255.89,2026-07-03T12:20:55Z,40.631177,-73.77878,300.9,a36a21,N319VF,B38M,BOEING 737 MAX 8,0
takeoff,LGA,04,1783081323.26,2026-07-03T12:22:03Z,40.771358,-73.882339,30.9,a55fe9,N44522,A21N,,0
landing,JFK,31R,1783081323.96,2026-07-03T12:22:03Z,40.651299,-73.77594,300.9,89659b,A6-XWE,A35K,AIRBUS A-350-1000,0
takeoff,LGA,22,1783081331.35,2026-07-03T12:22:11Z,40.769472,-73.882823,227.8,a46304,N382DA,B738,BOEING 737-800,0
takeoff,JFK,31L,1783081334.37,2026-07-03T12:22:14Z,40.631119,-73.778671,300.9,a3871e,N3261J,BCS3,,0
takeoff,LGA,22,1783081384.87,2026-07-03T12:23:04Z,40.770275,-73.881793,222.2,a8e6f2,N673AW,A320,AIRBUS A-320,0
landing,LGA,31,1783081395.49,2026-07-03T12:23:15Z,40.776707,-73.866806,303.8,a33ef5,N308VR,B38M,BOEING 737 MAX 8,0
takeoff,JFK,31L,1783081397.34,2026-07-03T12:23:17Z,40.629604,-73.775314,300.9,a3298a,N3023J,BCS3,AIRBUS A220-300,0
takeoff,JFK,31L,1783081459.52,2026-07-03T12:24:19Z,40.630246,-73.776705,300.9,ac4a44,N891NN,B738,BOEING 737-800,0
landing,JFK,31L,1783081461.59,2026-07-03T12:24:21Z,40.630337,-73.776917,300.9,ac4a44,N891NN,B738,BOEING 737-800,0
takeoff,JFK,31L,1783081461.59,2026-07-03T12:24:21Z,40.630337,-73.776917,300.9,ac4a44,N891NN,B738,BOEING 737-800,0
takeoff,LGA,04,1783081486.05,2026-07-03T12:24:46Z,40.772015,-73.88179,30.9,a36fa4,N320PQ,CRJ9,BOMBARDIER Regional Jet CRJ-900,0
takeoff,LGA,22,1783081519.93,2026-07-03T12:25:19Z,40.7696,-73.882651,225.0,a00c7a,N102DN,A321,AIRBUS A-321,0
takeoff,JFK,31L,1783081526.94,2026-07-03T12:25:26Z,40.630577,-73.777451,300.9,aca79d,N914XJ,CRJ9,BOMBARDIER Regional Jet CRJ-900,0
takeoff,LGA,22,1783081531.62,2026-07-03T12:25:31Z,40.77024,-73.881824,225.0,a4c170,N405YX,E75L,EMBRAER ERJ-170-200 (long wing),0
landing,JFK,31R,1783081539.58,2026-07-03T12:25:39Z,40.651358,-73.776096,300.9,a9acb8,N722TW,B752,BOEING 757-200,0
takeoff,JFK,31L,1783081598.86,2026-07-03T12:26:38Z,40.630537,-73.77736,300.9,a69bcd,N525DA,A21N,AIRBUS A-321neo,0
landing,JFK,31R,1783081631.94,2026-07-03T12:27:11Z,40.651566,-73.776566,300.9,a61173,N490PX,CRJ9,BOMBARDIER Regional Jet CRJ-900,0
landing,JFK,31R,1783081729.51,2026-07-03T12:28:49Z,40.651067,-73.775487,300.9,ad7ab8,N968JT,A321,AIRBUS A-321,0
landing,LGA,31,1783081782.73,2026-07-03T12:29:42Z,40.777176,-73.867813,300.9,a6f98e,N549CA,CRJ9,BOMBARDIER Regional Jet CRJ-900,0
takeoff,LGA,04,1783081807.98,2026-07-03T12:30:07Z,40.770229,-73.883275,33.8,a1e58f,N221JQ,E75L,EMBRAER ERJ-170-200 (long wing),0
takeoff,JFK,31L,1783081855.96,2026-07-03T12:30:55Z,40.630737,-73.777786,302.4,407131,G-VBOW,B789,BOEING 787-9 Dreamliner,0
landing,JFK,31R,1783081862.66,2026-07-03T12:31:02Z,40.651113,-73.77555,300.9,a6152a,N491PX,CRJ9,BOMBARDIER Regional Jet CRJ-900,0
landing,LGA,31,1783081868.86,2026-07-03T12:31:08Z,40.777375,-73.868231,303.8,a091f3,N136EV,CRJ9,BOMBARDIER Regional Jet CRJ-900,0
takeoff,LGA,04,1783081904.4,2026-07-03T12:31:44Z,40.76992,-73.883514,33.8,a546c9,N439YX,E75L,EMBRAER ERJ-170-200 (long wing),0
landing,JFK,31R,1783081959.04,2026-07-03T12:32:39Z,40.651337,-73.776047,300.9,ac756c,N9011P,A319,AIRBUS A-319,0
takeoff,JFK,31L,1783081973.21,2026-07-03T12:32:53Z,40.63068,-73.77771,300.9,a45316,N378SC,B38M,BOEING 737 MAX 8,0
landing,LGA,31,1783081978.17,2026-07-03T12:32:58Z,40.776981,-73.867432,303.8,a7faad,N613JB,A320,AIRBUS A-320,0
takeoff,LGA,04,1783082018.65,2026-07-03T12:33:38Z,40.771777,-73.88198,33.8,ace7bf,N930XJ,CRJ9,BOMBARDIER Regional Jet CRJ-900,0
takeoff,JFK,31L,1783082031.54,2026-07-03T12:33:51Z,40.630642,-73.777594,300.9,ac9e77,N912DU,B739,BOEING 737-900,0
landing,JFK,31R,1783082044.89,2026-07-03T12:34:04Z,40.651646,-73.776749,300.9,ac89f7,N907JB,A321,AIRBUS A-321,0
landing,LGA,31,1783082120.95,2026-07-03T12:35:20Z,40.777735,-73.869027,298.1,a89d22,N654RW,E170,EMBRAER ERJ-170-100,0
takeoff,LGA,04,1783082144.55,2026-07-03T12:35:44Z,40.770103,-73.883377,30.9,ab282b,N818MD,E170,EMBRAER ERJ-170-100,0
landing,JFK,31L,1783082149.39,2026-07-03T12:35:49Z,40.638622,-73.795197,300.9,acc040,N920XJ,CRJ9,BOMBARDIER Regional Jet CRJ-900,0
landing,JFK,31R,1783082163.11,2026-07-03T12:36:03Z,40.651195,-73.775753,300.9,ac7c67,N903XJ,CRJ9,BOMBARDIER Regional Jet CRJ-900,0
takeoff,JFK,31L,1783082214.04,2026-07-03T12:36:54Z,40.631195,-73.778839,300.9,a3845c,N3258J,BCS3,,0
landing,LGA,31,1783082218.84,2026-07-03T12:36:58Z,40.77777,-73.868965,300.9,ac1951,N879RW,E170,EMBRAER ERJ-170-100,0
landing,JFK,31R,1783082249.26,2026-07-03T12:37:29Z,40.651323,-73.776002,300.9,a79e31,N590JB,A320,AIRBUS A-320,0
takeoff,LGA,04,1783082250.45,2026-07-03T12:37:30Z,40.77251,-73.881387,30.9,a2615e,N25201,B738,BOEING 737-800,0
takeoff,JFK,31L,1783082272.75,2026-07-03T12:37:52Z,40.6306,-73.777527,300.9,ad6f93,N965JT,A321,AIRBUS A-321,0
takeoff,LGA,04,1783082309.04,2026-07-03T12:38:29Z,40.77103,-73.882599,30.9,aaf1f2,N804NN,B738,BOEING 737-800,0
landing,JFK,31R,1783082328.47,2026-07-03T12:38:48Z,40.650927,-73.775128,300.9,a7946a,N588JB,A320,AIRBUS A-320,0
takeoff,JFK,31L,1783082341.65,2026-07-03T12:39:01Z,40.630474,-73.777222,300.9,a9a901,N721TW,B752,BOEING 757-200,0
landing,LGA,31,1783082381.93,2026-07-03T12:39:41Z,40.77855,-73.870728,303.8,a4cc95,N408YX,E75L,EMBRAER ERJ-170-200 (long wing),0
landing,LGA,31,1783082440.36,2026-07-03T12:40:40Z,40.776913,-73.867264,300.9,a24493,N245WN,B737,BOEING 737-700,0
landing,JFK,31L,1783082455.64,2026-07-03T12:40:55Z,40.639561,-73.797241,300.9,a1c935,N214JQ,E75L,EMBRAER ERJ-170-200 (long wing),0
takeoff,LGA,04,1783082489.36,2026-07-03T12:41:29Z,40.771065,-73.882568,30.9,a2fe3c,N292PQ,CRJ9,BOMBARDIER Regional Jet CRJ-900,0
takeoff,JFK,31L,1783082507.23,2026-07-03T12:41:47Z,40.630165,-73.776549,300.9,a3d10f,N345NB,A319,AIRBUS A-319,0
takeoff,JFK,31L,1783082567.28,2026-07-03T12:42:47Z,40.630316,-73.776876,300.9,a6a6f6,N528DE,A21N,AIRBUS A-321neo,0
landing,LGA,31,1783082588.22,2026-07-03T12:43:08Z,40.778229,-73.86998,303.8,c06197,C-GKYW,E295,EMBRAER ERJ-190-400,0
takeoff,LGA,04,1783082607.49,2026-07-03T12:43:27Z,40.771591,-73.882141,30.9,a15027,N184GJ,CRJ9,BOMBARDIER Regional Jet CRJ-900,0
takeoff,JFK,31L,1783082632.72,2026-07-03T12:43:52Z,40.630955,-73.778275,300.9,ab5d4a,N831NN,B738,BOEING 737-800,0
landing,LGA,31,1783082682.22,2026-07-03T12:44:42Z,40.779076,-73.871857,295.3,abe2f6,N865RW,E170,EMBRAER ERJ-170-100,0
landing,JFK,31R,1783082692.41,2026-07-03T12:44:52Z,40.652289,-73.778218,288.4,aab340,N789PF,C172,CESSNA 172 Skyhawk,0
landing,LGA,31,1783082739.67,2026-07-03T12:45:39Z,40.778904,-73.87146,300.9,ab3d17,N823MD,E170,EMBRAER ERJ-170-100,0
takeoff,LGA,04,1783082757.1,2026-07-03T12:45:57Z,40.770126,-73.883347,33.8,a00ce0,N102HQ,E75L,EMBRAER ERJ-170-200 (long wing),0
landing,JFK,31L,1783082758.39,2026-07-03T12:45:58Z,40.639626,-73.797429,300.9,a1f0b4,N224JQ,E75L,EMBRAER ERJ-170-200 (long wing),0
landing,JFK,31R,1783082796.22,2026-07-03T12:46:36Z,40.652596,-73.778732,300.9,06a1c0,A7-BEJ,B77W,BOEING 777-300ER,0
takeoff,JFK,31L,1783082815.62,2026-07-03T12:46:55Z,40.630642,-73.777594,300.9,a7a8ed,N593DX,A21N,,0
landing,LGA,31,1783082849.2,2026-07-03T12:47:29Z,40.778003,-73.869542,303.8,acf207,N933NN,B738,BOEING 737-800,0
takeoff,JFK,31L,1783082875.58,2026-07-03T12:47:55Z,40.630397,-73.777079,300.9,a7d673,N604DN,A21N,AIRBUS A-321neo,0
takeoff,LGA,04,1783082887.67,2026-07-03T12:48:07Z,40.771854,-73.881927,30.9,a0f73c,N161UW,A321,AIRBUS A-321,0
landing,JFK,31R,1783082924.97,2026-07-03T12:48:44Z,40.650558,-73.774323,300.9,a7b0c4,N595JB,A320,AIRBUS A-320,0
takeoff,LGA,22,1783082926.95,2026-07-03T12:48:46Z,40.771156,-73.880997,210.9,a1f822,N226JQ,E75L,EMBRAER ERJ-170-200 (long wing),0
landing,LGA,22,1783082938.49,2026-07-03T12:48:58Z,40.771145,-73.881012,213.8,a1f822,N226JQ,E75L,EMBRAER ERJ-170-200 (long wing),0
landing,LGA,31,1783082944.99,2026-07-03T12:49:04Z,40.776397,-73.866187,300.9,c07a7c,C-GUJZ,DH8D,DE HAVILLAND DHC-8-400 Dash 8,0
takeoff,JFK,31L,1783082945.76,2026-07-03T12:49:05Z,40.630735,-73.777781,300.9,a0275c,N109NN,A321,AIRBUS A-321,0
takeoff,LGA,04,1783082971.29,2026-07-03T12:49:31Z,40.770493,-73.883041,33.8,abdf3f,N864RW,E170,EMBRAER ERJ-170-100,0
landing,LGA,31,1783083043.59,2026-07-03T12:50:43Z,40.77919,-73.87207,300.9,a07228,N128HQ,E75L,EMBRAER ERJ-170-200 (long wing),0
landing,JFK,31R,1783083057.8,2026-07-03T12:50:57Z,40.651794,-73.777039,300.9,89655b,A6-EVO,A388,AIRBUS A-380-800,0
takeoff,LGA,04,1783083074.82,2026-07-03T12:51:14Z,40.771683,-73.882065,30.9,a3411f,N309DU,BCS3,AIRBUS A220-300,0
landing,JFK,31L,1783083076.28,2026-07-03T12:51:16Z,40.636054,-73.789564,300.9,a793b2,N588AT,GLF5,GULFSTREAM 5,8
landing,LGA,31,1783083140.86,2026-07-03T12:52:20Z,40.777393,-73.868256,300.9,a22ac6,N239JQ,E75L,EMBRAER ERJ-170-200 (long wing),0
takeoff,JFK,31L,1783083164.14,2026-07-03T12:52:44Z,40.630394,-73.777054,300.9,a6aaba,N529DT,A21N,AIRBUS A-321neo,0
takeoff,LGA,04,1783083165.74,2026-07-03T12:52:45Z,40.771113,-73.882542,28.1,a2000d,N228PQ,CRJ9,BOMBARDIER Regional Jet CRJ-900,0
takeoff,LGA,22,1783083183.89,2026-07-03T12:53:03Z,40.770218,-73.881805,222.2,a1ff90,N228JQ,E75L,EMBRAER ERJ-170-200 (long wing),0
takeoff,LGA,04,1783083236.57,2026-07-03T12:53:56Z,40.771614,-73.882126,33.8,a32814,N302PQ,CRJ9,BOMBARDIER Regional Jet CRJ-900,0
takeoff,JFK,31L,1783083251.93,2026-07-03T12:54:11Z,40.630758,-73.777859,300.9,a1a0a1,N2038J,A21N,AIRBUS A-321neo,0
landing,JFK,31R,1783083295.72,2026-07-03T12:54:55Z,40.651119,-73.775558,300.9,a35c97,N3156J,BCS3,AIRBUS A220-300,0
takeoff,LGA,04,1783083303.15,2026-07-03T12:55:03Z,40.769938,-73.883494,30.9,a1f822,N226JQ,E75L,EMBRAER ERJ-170-200 (long wing),0
takeoff,JFK,31L,1783083330.69,2026-07-03T12:55:30Z,40.631142,-73.778718,300.9,a360b7,N3169J,BCS3,AIRBUS A220-300,0
landing,LGA,31,1783083363.48,2026-07-03T12:56:03Z,40.776956,-73.867342,303.8,a4423a,N37367,B38M,BOEING 737 MAX 8,0
takeoff,JFK,31L,1783083377.2,2026-07-03T12:56:17Z,40.6287,-73.773331,300.9,a4e181,N413YX,E75L,EMBRAER ERJ-170-200 (long wing),0
takeoff,JFK,04L,1783083448.61,2026-07-03T12:57:28Z,40.630269,-73.776783,5.6,a01f37,N107FE,B763,BOEING 767-300,0
takeoff,LGA,04,1783083462.58,2026-07-03T12:57:42Z,40.771928,-73.881855,30.9,a2af3e,N272PQ,CRJ9,BOMBARDIER Regional Jet CRJ-900,0
takeoff,JFK,31L,1783083543.66,2026-07-03T12:59:03Z,40.630405,-73.777069,300.9,a6bfa6,N534DT,A21N,AIRBUS A-321neo,0
landing,JFK,31R,1783083548.44,2026-07-03T12:59:08Z,40.652789,-73.77928,298.1,a05827,N121HQ,E75L,EMBRAER ERJ-170-200 (long wing),0
landing,LGA,31,1783083550.86,2026-07-03T12:59:10Z,40.777714,-73.868927,300.9,a03f84,N115HQ,E75L,EMBRAER ERJ-170-200 (long wing),0
takeoff,JFK,31L,1783083616.74,2026-07-03T13:00:16Z,40.631177,-73.77878,300.9,a36799,N3185J,BCS3,AIRBUS A220-300,0
landing,LGA,31,1783083632.75,2026-07-03T13:00:32Z,40.777714,-73.868988,300.9,a4d65c,N410YX,E75L,EMBRAER ERJ-170-200 (long wing),0
landing,JFK,31R,1783083664.03,2026-07-03T13:01:04Z,40.650659,-73.774551,300.9,a37fd3,N3242J,BCS3,,0
takeoff,LGA,04,1783083664.79,2026-07-03T13:01:04Z,40.771474,-73.88223,30.9,a3b4d6,N338PK,B738,BOEING 737-800,0
takeoff,JFK,31L,1783083680.81,2026-07-03T13:01:20Z,40.630806,-73.777954,300.9,abba43,N855DN,B739,BOEING 737-900,0
landing,LGA,31,1783083746.7,2026-07-03T13:02:26Z,40.779087,-73.871796,300.9,a2270f,N238JQ,E75L,EMBRAER ERJ-170-200 (long wing),0
takeoff,JFK,31L,1783083751.03,2026-07-03T13:02:31Z,40.630991,-73.778359,300.9,71c005,HL8005,B77L,BOEING 777-200LR,0
landing,JFK,31R,1783083782.67,2026-07-03T13:03:02Z,40.650627,-73.77446,300.9,a02c40,N110AN,A321,AIRBUS A-321,0
takeoff,LGA,04,1783083837.74,2026-07-03T13:03:57Z,40.770103,-73.883362,30.9,a05f95,N123HQ,E75L,EMBRAER ERJ-170-200 (long wing),0
takeoff,JFK,31L,1783083858.19,2026-07-03T13:04:18Z,40.630619,-73.7775,300.9,a009a4,N101NN,A321,AIRBUS A-321,0
landing,JFK,31R,1783083874.29,2026-07-03T13:04:34Z,40.651073,-73.775452,300.9,aaf53a,N805JB,A320,AIRBUS A-320,0
landing,LGA,31,1783083921.92,2026-07-03T13:05:21Z,40.777748,-73.869125,295.3,a8996b,N653RW,E170,EMBRAER ERJ-170-100,0
takeoff,JFK,31L,1783083936.53,2026-07-03T13:05:36Z,40.630726,-73.777802,300.9,8990ef,B-18777,B77L,BOEING 777-200LR,0
takeoff,LGA,04,1783083942.96,2026-07-03T13:05:42Z,40.771065,-73.882584,30.9,ac33e2,N8858K,B38M,BOEING 737 MAX 8,0
landing,JFK,31R,1783083993.62,2026-07-03T13:06:33Z,40.65173,-73.776923,300.9,a21833,N234JQ,E75L,EMBRAER ERJ-170-200 (long wing),0
landing,LGA,31,1783084008.68,2026-07-03T13:06:48Z,40.777943,-73.869644,289.7,a04e60,N119HQ,E75L,EMBRAER ERJ-170-200 (long wing),0
takeoff,LGA,04,1783084034.31,2026-07-03T13:07:14Z,40.771555,-73.882167,30.9,acced9,N924US,A321,AIRBUS A-321,0
takeoff,JFK,31L,1783084056.92,2026-07-03T13:07:36Z,40.630549,-73.777454,300.9,a387f0,N3267J,BCS3,,0
landing,JFK,31R,1783084083.25,2026-07-03T13:08:03Z,40.651148,-73.775612,300.9,801659,VT-JRF,A359,AIRBUS A-350-900,0
landing,LGA,31,1783084106.61,2026-07-03T13:08:26Z,40.777622,-73.868744,303.8,ac98c1,N910XJ,CRJ9,BOMBARDIER Regional Jet CRJ-900,0
takeoff,JFK,31L,1783084117.67,2026-07-03T13:08:37Z,40.63044,-73.777176,300.9,acab54,N915XJ,CRJ9,BOMBARDIER Regional Jet CRJ-900,0
landing,LGA,31,1783084193.85,2026-07-03T13:09:53Z,40.776793,-73.867045,303.8,a2c27e,N277WN,B737,BOEING 737-700,0
takeoff,JFK,31L,1783084220.32,2026-07-03T13:10:20Z,40.631458,-73.779388,300.9,a11d47,N171DZ,B763,BOEING 767-300,0
takeoff,LGA,04,1783084228.28,2026-07-03T13:10:28Z,40.771362,-73.882324,25.3,a1584a,N186PQ,CRJ9,BOMBARDIER Regional Jet CRJ-900,0
landing,JFK,31R,1783084230.76,2026-07-03T13:10:30Z,40.651817,-73.77713,300.9,acb679,N918XJ,CRJ9,BOMBARDIER Regional Jet CRJ-900,0
takeoff,LGA,04,1783084292.66,2026-07-03T13:11:32Z,40.770332,-73.883179,30.9,a0433b,N116HQ,E75L,EMBRAER ERJ-170-200 (long wing),0
takeoff,JFK,31L,1783084320.5,2026-07-03T13:12:00Z,40.630508,-73.777283,300.9,a4c2ad,N4058J,A21N,AIRBUS A-321neo,0
landing,JFK,31R,1783084320.71,2026-07-03T13:12:00Z,40.651783,-73.777054,300.9,ade252,N994JL,A321,AIRBUS A-321,0
landing,LGA,31,1783084359.56,2026-07-03T13:12:39Z,40.777943,-73.869614,289.7,abb59e,N85351,E75L,EMBRAER ERJ-170-200 (long wing),0
takeoff,LGA,04,1783084382.47,2026-07-03T13:13:02Z,40.771602,-73.88212,28.1,a7dadc,N605LR,CRJ9,BOMBARDIER Regional Jet CRJ-900,0
takeoff,JFK,31L,1783084394.0,2026-07-03T13:13:14Z,40.629862,-73.775893,300.9,0d113b,XA-AMP,B38M,BOEING 737 MAX 8,0
landing,JFK,31R,1783084421.19,2026-07-03T13:13:41Z,40.650776,-73.774801,300.9,a19910,N2017J,A21N,AIRBUS A-321neo,0
takeoff,JFK,31L,1783084462.61,2026-07-03T13:14:22Z,40.630714,-73.777786,300.9,a39ada,N331PQ,CRJ9,BOMBARDIER Regional Jet CRJ-900,0
landing,LGA,31,1783084481.56,2026-07-03T13:14:41Z,40.777554,-73.868591,303.8,a0669d,N125DN,A321,AIRBUS A-321,0
landing,JFK,31R,1783084507.24,2026-07-03T13:15:07Z,40.650169,-73.773438,299.6,020121,CN-RGS,B788,BOEING 787-8 Dreamliner,0
takeoff,LGA,04,1783084515.58,2026-07-03T13:15:15Z,40.769938,-73.883494,30.9,a22358,N237JQ,E75L,EMBRAER ERJ-170-200 (long wing),0
takeoff,JFK,31L,1783084526.27,2026-07-03T13:15:26Z,40.630339,-73.776907,300.9,a35e6f,N316PQ,CRJ9,BOMBARDIER Regional Jet CRJ-900,0
takeoff,JFK,31L,1783084595.27,2026-07-03T13:16:35Z,40.631069,-73.778549,300.9,aaffed,N808DN,B739,BOEING 737-900,0
takeoff,LGA,04,1783084602.42,2026-07-03T13:16:42Z,40.771649,-73.882089,28.1,a30961,N295PQ,CRJ9,BOMBARDIER Regional Jet CRJ-900,0
takeoff,LGA,04,1783084652.76,2026-07-03T13:17:32Z,40.7715,-73.882233,30.9,ab8880,N842NN,B738,BOEING 737-800,0
takeoff,JFK,31L,1783084658.95,2026-07-03T13:17:38Z,40.630572,-73.777454,300.9,a64ce6,N505DZ,A21N,AIRBUS A-321neo,0
landing,JFK,31R,1783084661.36,2026-07-03T13:17:41Z,40.649949,-73.77299,300.9,a64578,N503DZ,A21N,AIRBUS A-321neo,0
takeoff,LGA,04,1783084690.67,2026-07-03T13:18:10Z,40.770172,-73.883301,30.9,a8a0d9,N655RW,E170,EMBRAER ERJ-170-100,0
takeoff,JFK,31L,1783084717.97,2026-07-03T13:18:37Z,40.63052,-73.777344,300.9,a37265,N321DU,BCS3,AIRBUS A220-300,0
takeoff,LGA,04,1783084741.99,2026-07-03T13:19:01Z,40.771889,-73.881882,30.9,a21142,N232PQ,CRJ9,BOMBARDIER Regional Jet CRJ-900,0
takeoff,JFK,31L,1783084784.15,2026-07-03T13:19:44Z,40.630829,-73.778,300.9,ad935b,N974JT,A321,AIRBUS A-321,0
landing,JFK,31R,1783084786.37,2026-07-03T13:19:46Z,40.65049,-73.774185,300.9,71c359,HL8359,A359,AIRBUS A-350-900,0
landing,LGA,31,1783084807.05,2026-07-03T13:20:07Z,40.777714,-73.868927,300.9,ad6ec6,N965AN,B738,BOEING 737-800,0
takeoff,LGA,31,1783084807.05,2026-07-03T13:20:07Z,40.777714,-73.868927,300.9,ad6ec6,N965AN,B738,BOEING 737-800,0
landing,LGA,31,1783084808.67,2026-07-03T13:20:08Z,40.77792,-73.869339,300.9,ad6ec6,N965AN,B738,BOEING 737-800,0
landing,LGA,31,1783084893.06,2026-07-03T13:21:33Z,40.776967,-73.867326,300.9,a44e24,N377DN,A321,AIRBUS A-321,0
takeoff,JFK,31L,1783084897.86,2026-07-03T13:21:37Z,40.631607,-73.779709,309.4,a62063,N494QS,E55P,EMBRAER EMB-505 Phenom 300,0
landing,JFK,31R,1783084919.5,2026-07-03T13:21:59Z,40.651989,-73.777466,300.9,aded77,N997JL,A321,AIRBUS A-321,0
takeoff,LGA,04,1783084929.22,2026-07-03T13:22:09Z,40.771416,-73.882276,28.1,a93d7c,N695CA,CRJ9,BOMBARDIER Regional Jet CRJ-900,0
takeoff,LGA,04,1783084971.27,2026-07-03T13:22:51Z,40.770415,-73.883103,30.9,a230d6,N240JQ,E75L,EMBRAER ERJ-170-200 (long wing),0
takeoff,JFK,31L,1783084972.83,2026-07-03T13:22:52Z,40.630688,-73.77775,300.9,a7a956,N593JB,A320,AIRBUS A-320,0
takeoff,JFK,31L,1783085033.9,2026-07-03T13:23:53Z,40.630502,-73.777282,300.9,a1de8d,N2199J,A21N,AIRBUS A-321neo,0
landing,LGA,31,1783085045.08,2026-07-03T13:24:05Z,40.776958,-73.86734,303.8,ab38a1,N822DN,B739,BOEING 737-900,0
takeoff,LGA,04,1783085076.89,2026-07-03T13:24:36Z,40.770206,-73.883286,30.9,ac159a,N878RW,E170,EMBRAER ERJ-170-100,0
takeoff,JFK,31L,1783085092.74,2026-07-03T13:24:52Z,40.630595,-73.777485,300.9,a5f162,N482PX,CRJ9,BOMBARDIER Regional Jet CRJ-900,0
landing,LGA,31,1783085151.16,2026-07-03T13:25:51Z,40.778038,-73.869636,298.1,a1be10,N211JQ,E75L,EMBRAER ERJ-170-200 (long wing),0
takeoff,JFK,31L,1783085165.73,2026-07-03T13:26:05Z,40.63084,-73.77803,300.9,a441fb,N3735D,B738,BOEING 737-800,0
takeoff,LGA,22,1783085166.43,2026-07-03T13:26:06Z,40.777004,-73.87616,213.8,abd7d1,N862RW,E170,EMBRAER ERJ-170-100,0
landing,LGA,22,1783085171.89,2026-07-03T13:26:11Z,40.777002,-73.876175,213.8,abd7d1,N862RW,E170,EMBRAER ERJ-170-100,0
landing,JFK,31R,1783085175.38,2026-07-03T13:26:15Z,40.651486,-73.776424,300.9,a73dfe,N566JB,A320,AIRBUS A-320,0
takeoff,LGA,04,1783085186.5,2026-07-03T13:26:26Z,40.773453,-73.880607,30.9,a359c2,N315DU,BCS3,AIRBUS A220-300,0
takeoff,JFK,31L,1783085228.7,2026-07-03T13:27:08Z,40.630772,-73.777878,300.9,a67883,N516JB,A320,AIRBUS A-320,0
landing,LGA,31,1783085228.76,2026-07-03T13:27:08Z,40.776409,-73.866226,303.8,c01505,C-FHYY,C172,CESSNA 172 Skyhawk,0
takeoff,LGA,04,1783085253.82,2026-07-03T13:27:33Z,40.770368,-73.88315,30.9,c05ef7,C-GJZA,DH8D,DE HAVILLAND DHC-8-400 Dash 8,0
landing,JFK,31R,1783085281.11,2026-07-03T13:28:01Z,40.64967,-73.772382,300.9,a8021b,N615JB,A320,AIRBUS A-320,0
takeoff,JFK,31L,1783085296.07,2026-07-03T13:28:16Z,40.630314,-73.776886,300.9,aca5e5,N914DU,B739,BOEING 737-900,0
landing,LGA,31,1783085305.2,2026-07-03T13:28:25Z,40.777375,-73.868216,303.8,a45592,N379DN,A321,AIRBUS A-321,0
takeoff,LGA,04,1783085344.82,2026-07-03T13:29:04Z,40.772701,-73.881226,28.1,a17c12,N195PQ,CRJ9,BOMBARDIER Regional Jet CRJ-900,0
takeoff,JFK,31L,1783085355.3,2026-07-03T13:29:15Z,40.630654,-73.77761,300.9,aca02f,N912XJ,CRJ9,BOMBARDIER Regional Jet CRJ-900,0
landing,JFK,31R,1783085359.75,2026-07-03T13:29:19Z,40.651113,-73.77555,300.9,ac3beb,N888DU,B739,BOEING 737-900,0
landing,LGA,31,1783085415.89,2026-07-03T13:30:15Z,40.777956,-73.869573,289.7,a4da13,N411YX,E75L,EMBRAER ERJ-170-200 (long wing),0
takeoff,JFK,31L,1783085427.61,2026-07-03T13:30:27Z,40.63076,-73.777847,300.9,aa589c,N766JB,A320,AIRBUS A-320,0
landing,JFK,31R,1783085461.29,2026-07-03T13:31:01Z,40.653406,-73.780559,300.9,e80212,CC-CXC,B763,BOEING 767-300,0
landing,LGA,31,1783085480.98,2026-07-03T13:31:20Z,40.777302,-73.868073,303.8,a4df52,N413AN,A21N,AIRBUS A-321neo,0
takeoff,JFK,31L,1783085501.49,2026-07-03T13:31:41Z,40.630886,-73.778172,300.9,acb2c2,N917XJ,CRJ9,BOMBARDIER Regional Jet CRJ-900,0
takeoff,LGA,04,1783085515.33,2026-07-03T13:31:55Z,40.771625,-73.88212,30.9,c080db,C-GWUS,BCS3,AIRBUS A220-300,0
landing,LGA,31,1783085567.93,2026-07-03T13:32:47Z,40.777599,-73.868683,303.8,ad1142,N941DZ,B739,,0
takeoff,LGA,31,1783085567.93,2026-07-03T13:32:47Z,40.777599,-73.868683,303.8,ad1142,N941DZ,B739,,0
landing,LGA,31,1783085569.89,2026-07-03T13:32:49Z,40.777968,-73.869449,303.8,ad1142,N941DZ,B739,,0
takeoff,JFK,31L,1783085570.05,2026-07-03T13:32:50Z,40.63134,-73.779155,300.9,a3556f,N3138J,BCS3,AIRBUS A220-300,0
landing,JFK,31R,1783085571.79,2026-07-03T13:32:51Z,40.651794,-73.777008,302.4,e8027a,CC-BBF,B788,BOEING 787-8 Dreamliner,0
takeoff,LGA,04,1783085604.86,2026-07-03T13:33:24Z,40.771683,-73.882065,30.9,ad5d95,N960QS,C68A,,0
takeoff,JFK,31L,1783085623.92,2026-07-03T13:33:43Z,40.6302,-73.776627,300.9,acaf0b,N916XJ,CRJ9,BOMBARDIER Regional Jet CRJ-900,0
landing,LGA,31,1783085686.39,2026-07-03T13:34:46Z,40.776572,-73.86653,306.6,a39723,N330PQ,CRJ9,BOMBARDIER Regional Jet CRJ-900,0
takeoff,JFK,31L,1783085686.76,2026-07-03T13:34:46Z,40.630072,-73.776346,300.9,a7b7c5,N597DT,A21N,AIRBUS A-321neo,0
takeoff,LGA,04,1783085711.7,2026-07-03T13:35:11Z,40.770462,-73.883072,30.9,a866c7,N640RW,E170,EMBRAER ERJ-170-100,0
landing,JFK,31R,1783085721.51,2026-07-03T13:35:21Z,40.651649,-73.77672,300.9,a66576,N511DE,A21N,AIRBUS A-321neo,0
takeoff,JFK,31L,1783085749.31,2026-07-03T13:35:49Z,40.630886,-73.77814,300.9,aa600a,N768JB,A320,AIRBUS A-320,0
landing,LGA,31,1783085801.99,2026-07-03T13:36:41Z,40.777002,-73.867451,295.3,a7e24a,N607LR,CRJ9,BOMBARDIER Regional Jet CRJ-900,0
takeoff,LGA,04,1783085827.33,2026-07-03T13:37:07Z,40.771137,-73.882526,28.1,a15795,N186GJ,CRJ9,BOMBARDIER Regional Jet CRJ-900,0
takeoff,JFK,31L,1783085831.32,2026-07-03T13:37:11Z,40.631131,-73.778687,300.9,a46368,N382HA,A332,AIRBUS A-330-200,0
takeoff,LGA,04,1783085871.12,2026-07-03T13:37:51Z,40.770527,-73.883011,30.9,a19a48,N202JQ,E75L,EMBRAER ERJ-170-200 (long wing),0
takeoff,LGA,22,1783085878.7,2026-07-03T13:37:58Z,40.770019,-73.882089,225.0,a5307f,N433YX,E75L,EMBRAER ERJ-170-200 (long wing),0
landing,JFK,31R,1783085911.65,2026-07-03T13:38:31Z,40.651497,-73.776382,300.9,a4503d,N37700,B738,BOEING 737-800,0
takeoff,LGA,04,1783085917.64,2026-07-03T13:38:37Z,40.770538,-73.883026,30.9,ab0a73,N810MD,E170,EMBRAER ERJ-170-100,0
takeoff,JFK,31L,1783085937.24,2026-07-03T13:38:57Z,40.63076,-73.777863,300.9,a7167f,N556JB,A320,AIRBUS A-320,0
takeoff,LGA,04,1783085963.0,2026-07-03T13:39:23Z,40.770573,-73.88298,30.9,a60a9b,N489FX,GLF4,,0
takeoff,JFK,31L,1783085996.61,2026-07-03T13:39:56Z,40.630072,-73.776314,300.9,a01fee,N107NN,A321,AIRBUS A-321,0
takeoff,LGA,04,1783086053.58,2026-07-03T13:40:53Z,40.770334,-73.883181,30.9,c02e92,C-FRQN,E75S,EMBRAER ERJ-170-200 (short wing),0
takeoff,JFK,31L,1783086057.85,2026-07-03T13:40:57Z,40.630714,-73.777771,298.1,a145b7,N181PQ,CRJ9,BOMBARDIER Regional Jet CRJ-900,0
landing,JFK,31R,1783086059.68,2026-07-03T13:40:59Z,40.65045,-73.774083,300.9,a70f88,N554NW,B752,BOEING 757-200,0
takeoff,LGA,22,1783086065.4,2026-07-03T13:41:05Z,40.769852,-73.882309,225.0,ada699,N979RP,E170,EMBRAER ERJ-170-100,0
takeoff,LGA,04,1783086096.84,2026-07-03T13:41:36Z,40.771521,-73.882198,30.9,a33339,N305PQ,CRJ9,BOMBARDIER Regional Jet CRJ-900,0
takeoff,JFK,31L,1783086135.86,2026-07-03T13:42:15Z,40.631526,-73.77956,300.9,a38082,N3247J,BCS3,,0
landing,LGA,31,1783086143.88,2026-07-03T13:42:23Z,40.777281,-73.868044,300.9,a336f0,N306PQ,CRJ9,BOMBARDIER Regional Jet CRJ-900,0
takeoff,JFK,31L,1783086199.63,2026-07-03T13:43:19Z,40.630657,-73.777664,300.9,0c20bd,HP-1851CMP,B738,BOEING 737-800,0
takeoff,LGA,04,1783086226.36,2026-07-03T13:43:46Z,40.771969,-73.881821,30.9,a33e5e,N308PQ,CRJ9,BOMBARDIER Regional Jet CRJ-900,0
landing,JFK,31R,1783086229.01,2026-07-03T13:43:49Z,40.6518,-73.777079,300.9,ad38bf,N951DX,B739,BOEING 737-900,0
takeoff,JFK,31L,1783086271.68,2026-07-03T13:44:31Z,40.630875,-73.778125,300.9,a05614,N1200K,B763,BOEING 767-300,0
landing,LGA,31,1783086329.9,2026-07-03T13:45:29Z,40.777096,-73.86763,303.8,aa7e99,N77542,B738,BOEING 737-800,0
landing,JFK,31R,1783086331.72,2026-07-03T13:45:31Z,40.651234,-73.775833,300.9,ab4515,N825SY,B738,BOEING 737-800,0
takeoff,JFK,31L,1783086354.72,2026-07-03T13:45:54Z,40.630851,-73.778062,300.9,a1a435,N2047J,A21N,AIRBUS A-321neo,0
takeoff,LGA,04,1783086367.75,2026-07-03T13:46:07Z,40.771416,-73.882276,30.9,abe075,N8643A,B738,BOEING 737-800,0
takeoff,JFK,31L,1783086423.24,2026-07-03T13:47:03Z,40.630595,-73.7775,300.9,aca29a,N913JB,A321,AIRBUS A-321,0
takeoff,LGA,04,1783086427.49,2026-07-03T13:47:07Z,40.770229,-73.883244,30.9,abd7d1,N862RW,E170,EMBRAER ERJ-170-100,0
landing,JFK,31R,1783086455.19,2026-07-03T13:47:35Z,40.651016,-73.77533,302.4,507c54,UK-78704,B788,BOEING 787-8 Dreamliner,0
takeoff,LGA,04,1783086476.99,2026-07-03T13:47:56Z,40.77182,-73.881943,30.9,aa56d5,N76523,B738,BOEING 737-800,0
takeoff,JFK,31L,1783086488.28,2026-07-03T13:48:08Z,40.630772,-73.777893,298.1,ab6162,N832SK,CRJ9,BOMBARDIER Regional Jet CRJ-900,0
takeoff,LGA,04,1783086515.85,2026-07-03T13:48:35Z,40.772003,-73.881805,30.9,a148b9,N182GJ,CRJ9,BOMBARDIER Regional Jet CRJ-900,0
takeoff,LGA,04,1783086548.47,2026-07-03T13:49:08Z,40.769693,-73.883728,33.8,a4eca6,N416YX,E75L,EMBRAER ERJ-170-200 (long wing),0
takeoff,JFK,31L,1783086562.29,2026-07-03T13:49:22Z,40.631026,-73.778468,300.9,a39289,N3293J,BCS3,AIRBUS A220-300,0
landing,JFK,31R,1783086610.93,2026-07-03T13:50:10Z,40.650834,-73.77491,300.9,a7f2d2,N611DT,A21N,AIRBUS A-321neo,0
takeoff,JFK,31L,1783086622.03,2026-07-03T13:50:22Z,40.630943,-73.778275,300.9,a1373d,N178DN,B763,BOEING 767-300,0
landing,LGA,31,1783086629.93,2026-07-03T13:50:29Z,40.777931,-73.86969,292.5,a23bfb,N243JQ,E75L,EMBRAER ERJ-170-200 (long wing),0
takeoff,LGA,04,1783086660.4,2026-07-03T13:51:00Z,40.772003,-73.881805,30.9,a34ae6,N311DU,BCS3,AIRBUS A220-300,0
takeoff,JFK,31L,1783086699.61,2026-07-03T13:51:39Z,40.630572,-73.777454,300.9,a9d9f7,N734AR,B77W,BOEING 777-300ER,0
landing,LGA,31,1783086767.67,2026-07-03T13:52:47Z,40.778744,-73.871078,303.8,ac4d1a,N892DN,B739,BOEING 737-900,0
takeoff,LGA,22,1783086792.74,2026-07-03T13:53:12Z,40.770275,-73.881761,222.2,abe2f6,N865RW,E170,EMBRAER ERJ-170-100,0
takeoff,LGA,04,1783086798.17,2026-07-03T13:53:18Z,40.771078,-73.882573,30.9,ad1c11,N944AN,B738,BOEING 737-800,0
takeoff,JFK,31L,1783086809.94,2026-07-03T13:53:29Z,40.630817,-73.777969,300.9,ab79d3,N839AK,B38M,BOEING 737 MAX 8,0
landing,LGA,31,1783086860.22,2026-07-03T13:54:20Z,40.778664,-73.870941,300.9,a4e8ef,N415YX,E75L,EMBRAER ERJ-170-200 (long wing),0
takeoff,LGA,04,1783086890.57,2026-07-03T13:54:50Z,40.771454,-73.882263,30.9,adc17b,N986AN,A321,AIRBUS A-321,0
landing,LGA,31,1783086972.24,2026-07-03T13:56:12Z,40.779522,-73.872681,300.9,a441d6,N3734B,B738,BOEING 737-800,0
landing,JFK,31R,1783087086.7,2026-07-03T13:58:06Z,40.650936,-73.775177,303.8,a5e3e4,N479PX,CRJ9,BOMBARDIER Regional Jet CRJ-900,0
landing,LGA,31,1783087089.09,2026-07-03T13:58:09Z,40.778899,-73.871415,300.9,ac0a75,N875RW,E170,EMBRAER ERJ-170-100,0
takeoff,LGA,04,1783087098.85,2026-07-03T13:58:18Z,40.769612,-73.883774,30.9,ab40ce,N824MD,E170,EMBRAER ERJ-170-100,0
takeoff,JFK,22R,1783087167.03,2026-07-03T13:59:27Z,40.645736,-73.76706,210.9,a1a832,N2059J,A21N,AIRBUS A-321neo,0
landing,LGA,31,1783087229.79,2026-07-03T14:00:29Z,40.777468,-73.868419,300.9,a35efa,N316VD,B38M,BOEING 737 MAX 8,0
takeoff,JFK,22R,1783087235.61,2026-07-03T14:00:35Z,40.645096,-73.767591,210.9,aac3f4,N793JB,A320,AIRBUS A-320,0
takeoff,LGA,04,1783087263.36,2026-07-03T14:01:03Z,40.771523,-73.882202,30.9,a46310,N382DN,A321,AIRBUS A-321,0
takeoff,LGA,22,1783087300.49,2026-07-03T14:01:40Z,40.769154,-73.883606,255.9,a24493,N245WN,B737,BOEING 737-700,0
takeoff,JFK,22R,1783087313.78,2026-07-03T14:01:53Z,40.645376,-73.767341,210.9,a7081a,N552NW,B752,BOEING 757-200,0
landing,LGA,31,1783087336.16,2026-07-03T14:02:16Z,40.777037,-73.867529,303.8,a34825,N310PQ,CRJ9,BOMBARDIER Regional Jet CRJ-900,0
landing,JFK,22L,1783087388.18,2026-07-03T14:03:08Z,40.634686,-73.763138,212.4,0101de,SU-GEU,B789,BOEING 787-9 Dreamliner,0
takeoff,JFK,22R,1783087460.5,2026-07-03T14:04:20Z,40.645798,-73.767029,210.9,0d0ff3,XA-SRI,B38M,BOEING 737 MAX 8,0
landing,LGA,31,1783087485.87,2026-07-03T14:04:45Z,40.776638,-73.866684,300.9,a8c028,N663JB,A320,AIRBUS A-320,0
takeoff,JFK,22R,1783087518.2,2026-07-03T14:05:18Z,40.64633,-73.766592,213.8,a6152a,N491PX,CRJ9,BOMBARDIER Regional Jet CRJ-900,0
landing,LGA,31,1783087598.39,2026-07-03T14:06:38Z,40.779293,-73.872223,300.9,a537ed,N435YX,E75L,EMBRAER ERJ-170-200 (long wing),0
takeoff,JFK,22R,1783087614.11,2026-07-03T14:06:54Z,40.647045,-73.766052,210.9,acc040,N920XJ,CRJ9,BOMBARDIER Regional Jet CRJ-900,0
takeoff,LGA,04,1783087620.05,2026-07-03T14:07:00Z,40.770504,-73.883026,30.9,a8a490,N656RW,E170,EMBRAER ERJ-170-100,0
takeoff,JFK,22R,1783087661.83,2026-07-03T14:07:41Z,40.648922,-73.764572,213.8,a1f0b4,N224JQ,E75L,EMBRAER ERJ-170-200 (long wing),0
takeoff,LGA,04,1783087666.86,2026-07-03T14:07:46Z,40.770752,-73.882838,33.8,a4cc95,N408YX,E75L,EMBRAER ERJ-170-200 (long wing),0
takeoff,JFK,22R,1783087732.93,2026-07-03T14:08:52Z,40.645969,-73.766876,210.9,a81abe,N621JB,A320,AIRBUS A-320,0
landing,LGA,31,1783087750.7,2026-07-03T14:09:10Z,40.77895,-73.87149,300.9,a5106e,N425YX,E75L,EMBRAER ERJ-170-200 (long wing),0
takeoff,LGA,04,1783087773.57,2026-07-03T14:09:33Z,40.771912,-73.881866,30.9,a3e011,N349PQ,CRJ9,BOMBARDIER Regional Jet CRJ-900,0
landing,JFK,31R,1783087829.72,2026-07-03T14:10:29Z,40.657413,-73.780701,258.8,aa4ce9,N763CK,B763,BOEING 767-300,0
landing,LGA,31,1783087848.16,2026-07-03T14:10:48Z,40.777771,-73.869141,295.3,a20d0e,N231JQ,E75L,EMBRAER ERJ-170-200 (long wing),0
takeoff,JFK,22R,1783087899.94,2026-07-03T14:11:39Z,40.645841,-73.766982,210.9,a2c087,N277AK,B739,BOEING 737-900,0
landing,LGA,31,1783087926.15,2026-07-03T14:12:06Z,40.779237,-73.872133,300.9,a517dc,N427YX,E75L,EMBRAER ERJ-170-200 (long wing),0
takeoff,LGA,04,1783087956.96,2026-07-03T14:12:36Z,40.771881,-73.881886,30.9,a091f3,N136EV,CRJ9,BOMBARDIER Regional Jet CRJ-900,0
takeoff,JFK,22R,1783087960.77,2026-07-03T14:12:40Z,40.645638,-73.767136,210.9,ad734a,N966JT,A321,AIRBUS A-321,0
takeoff,LGA,04,1783087993.11,2026-07-03T14:13:13Z,40.770543,-73.88301,30.9,ac1951,N879RW,E170,EMBRAER ERJ-170-100,0
takeoff,JFK,22R,1783088036.07,2026-07-03T14:13:56Z,40.645489,-73.767273,210.9,ac756c,N9011P,A319,AIRBUS A-319,0
landing,LGA,31,1783088047.71,2026-07-03T14:14:07Z,40.776112,-73.865585,303.8,a5ce40,N473WN,B737,BOEING 737-700,0
takeoff,LGA,04,1783088082.85,2026-07-03T14:14:42Z,40.771102,-73.882542,33.8,a32bcb,N303PQ,CRJ9,BOMBARDIER Regional Jet CRJ-900,0
takeoff,JFK,22R,1783088096.78,2026-07-03T14:14:56Z,40.645864,-73.766951,210.9,ac7c67,N903XJ,CRJ9,BOMBARDIER Regional Jet CRJ-900,0
takeoff,LGA,04,1783088130.75,2026-07-03T14:15:30Z,40.774143,-73.880035,33.8,a6f98e,N549CA,CRJ9,BOMBARDIER Regional Jet CRJ-900,0
landing,JFK,22L,1783088152.42,2026-07-03T14:15:52Z,40.634634,-73.763175,210.9,acba30,N919XJ,CRJ9,BOMBARDIER Regional Jet CRJ-900,0
takeoff,JFK,22R,1783088152.63,2026-07-03T14:15:52Z,40.645924,-73.766922,210.9,a4a0d9,N398DN,A321,AIRBUS A-321,0
landing,LGA,31,1783088169.5,2026-07-03T14:16:09Z,40.777988,-73.869537,303.8,ac801e,N904XJ,CRJ9,BOMBARDIER Regional Jet CRJ-900,0
takeoff,LGA,04,1783088199.83,2026-07-03T14:16:39Z,40.769382,-73.883957,33.8,a89d22,N654RW,E170,EMBRAER ERJ-170-100,0
landing,JFK,22L,1783088265.92,2026-07-03T14:17:45Z,40.631329,-73.765765,216.6,a1fbd9,N227JQ,E75L,EMBRAER ERJ-170-200 (long wing),0
takeoff,JFK,22R,1783088337.76,2026-07-03T14:18:57Z,40.645806,-73.767014,210.9,ad7ab8,N968JT,A321,AIRBUS A-321,0
landing,LGA,31,1783088343.44,2026-07-03T14:19:03Z,40.776932,-73.867326,303.8,a302a0,N293WN,B737,BOEING 737-700,0
takeoff,LGA,04,1783088378.96,2026-07-03T14:19:38Z,40.771626,-73.882111,30.9,a32c3e,N303UE,B38M,,0
takeoff,JFK,22R,1783088399.95,2026-07-03T14:19:59Z,40.645924,-73.766937,210.9,780abb,B-LRP,A359,AIRBUS A-350-900,0
takeoff,LGA,04,1783088424.04,2026-07-03T14:20:24Z,40.771195,-73.882464,30.9,a33ef5,N308VR,B38M,BOEING 737 MAX 8,0
takeoff,LGA,04,1783088462.1,2026-07-03T14:21:02Z,40.770744,-73.882828,30.9,c06197,C-GKYW,E295,EMBRAER ERJ-190-400,0
landing,JFK,22L,1783088483.24,2026-07-03T14:21:23Z,40.632854,-73.764557,210.9,ad7701,N967JT,A321,AIRBUS A-321,0
landing,LGA,31,1783088533.78,2026-07-03T14:22:13Z,40.778137,-73.869827,303.8,ae152c,166378,GLF5,Gulfstream Aerospace C-37B,1
takeoff,JFK,22R,1783088556.21,2026-07-03T14:22:36Z,40.645911,-73.766936,210.9,a33843,N3062J,BCS3,AIRBUS A220-300,0
takeoff,LGA,04,1783088582.58,2026-07-03T14:23:02Z,40.771486,-73.88223,30.9,a44a6d,N376DN,A321,AIRBUS A-321,0
landing,JFK,22L,1783088615.42,2026-07-03T14:23:35Z,40.631782,-73.765406,210.9,3965a2,F-GZNC,B77W,BOEING 777-300ER,0
landing,LGA,31,1783088649.7,2026-07-03T14:24:09Z,40.77777,-73.869136,295.3,a34bdc,N311PQ,CRJ9,BOMBARDIER Regional Jet CRJ-900,0
takeoff,LGA,22,1783088658.17,2026-07-03T14:24:18Z,40.770043,-73.882058,225.0,a4d65c,N410YX,E75L,EMBRAER ERJ-170-200 (long wing),0
takeoff,JFK,22R,1783088659.72,2026-07-03T14:24:19Z,40.650066,-73.763674,212.4,aab340,N789PF,C172,CESSNA 172 Skyhawk,0
takeoff,LGA,04,1783088668.98,2026-07-03T14:24:28Z,40.769647,-73.883728,30.9,a22ac6,N239JQ,E75L,EMBRAER ERJ-170-200 (long wing),0
takeoff,LGA,04,1783088726.17,2026-07-03T14:25:26Z,40.77159,-73.882152,30.9,a7faad,N613JB,A320,AIRBUS A-320,0
landing,JFK,22L,1783088761.47,2026-07-03T14:26:01Z,40.633912,-73.763721,210.9,a0aa7c,N142DU,BCS1,AIRBUS A220-100,0
landing,LGA,22,1783088856.54,2026-07-03T14:27:36Z,40.777943,-73.871445,191.2,ab1d06,N815MD,E170,EMBRAER ERJ-170-100,0
takeoff,LGA,04,1783088860.92,2026-07-03T14:27:40Z,40.769973,-73.883462,30.9,a07228,N128HQ,E75L,EMBRAER ERJ-170-200 (long wing),0
landing,JFK,22L,1783088871.49,2026-07-03T14:27:51Z,40.632667,-73.764704,210.9,addf01,N993NN,B738,BOEING 737-800,0
takeoff,LGA,04,1783088898.08,2026-07-03T14:28:18Z,40.769978,-73.883469,30.9,c07a7c,C-GUJZ,DH8D,DE HAVILLAND DHC-8-400 Dash 8,0
landing,LGA,31,1783088986.69,2026-07-03T14:29:46Z,40.77903,-73.871704,300.9,abdb88,N863RW,E170,EMBRAER ERJ-170-100,0
takeoff,JFK,22R,1783088992.53,2026-07-03T14:29:52Z,40.646225,-73.766686,213.8,a61173,N490PX,CRJ9,BOMBARDIER Regional Jet CRJ-900,0
takeoff,JFK,22R,1783089036.58,2026-07-03T14:30:36Z,40.64953,-73.764111,210.9,a1c935,N214JQ,E75L,EMBRAER ERJ-170-200 (long wing),0
takeoff,JFK,22R,1783089130.51,2026-07-03T14:32:10Z,40.64645,-73.76651,210.9,ac89f7,N907JB,A321,AIRBUS A-321,0
landing,LGA,31,1783089137.75,2026-07-03T14:32:17Z,40.775688,-73.864716,303.8,a379d3,N323DU,BCS3,AIRBUS A220-300,0
landing,JFK,22L,1783089144.44,2026-07-03T14:32:24Z,40.636974,-73.761353,210.9,ab355c,N821JB,A320,AIRBUS A-320,0
takeoff,JFK,22R,1783089197.8,2026-07-03T14:33:17Z,40.649065,-73.76447,210.9,a05827,N121HQ,E75L,EMBRAER ERJ-170-200 (long wing),0
landing,LGA,31,1783089214.24,2026-07-03T14:33:34Z,40.778108,-73.869745,300.9,ac86af,N906NN,B738,BOEING 737-800,0
takeoff,LGA,04,1783089250.57,2026-07-03T14:34:10Z,40.772324,-73.881559,30.9,a2b10c,N27252,B38M,BOEING 737 MAX 8,0
landing,JFK,22L,1783089255.8,2026-07-03T14:34:15Z,40.635204,-73.762722,210.9,8695a4,JA797A,B77W,BOEING 777-300ER,0
takeoff,JFK,22R,1783089293.15,2026-07-03T14:34:53Z,40.645924,-73.766922,210.9,a1b2a8,N2084J,A21N,AIRBUS A-321neo,0
takeoff,LGA,04,1783089346.88,2026-07-03T14:35:46Z,40.770555,-73.882994,30.9,a1f46b,N225JQ,E75L,EMBRAER ERJ-170-200 (long wing),0
takeoff,JFK,22R,1783089358.69,2026-07-03T14:35:58Z,40.648945,-73.764557,210.9,a793b2,N588AT,GLF5,GULFSTREAM 5,8
landing,LGA,31,1783089398.99,2026-07-03T14:36:38Z,40.776257,-73.865875,300.9,a486d8,N391DN,A321,AIRBUS A-321,0
landing,JFK,22L,1783089449.88,2026-07-03T14:37:29Z,40.633942,-73.763702,210.9,a8c796,N665JB,A320,AIRBUS A-320,0
landing,LGA,31,1783089475.46,2026-07-03T14:37:55Z,40.776764,-73.866928,303.8,a451db,N378DN,A321,AIRBUS A-321,0
takeoff,LGA,04,1783089509.66,2026-07-03T14:38:29Z,40.770496,-73.883041,30.9,a03f84,N115HQ,E75L,EMBRAER ERJ-170-200 (long wing),0
takeoff,JFK,22R,1783089512.2,2026-07-03T14:38:32Z,40.647145,-73.765984,210.9,a732d9,N563JB,A320,AIRBUS A-320,0
landing,JFK,22L,1783089536.15,2026-07-03T14:38:56Z,40.633551,-73.764033,210.9,a392f2,N3296J,BCS3,AIRBUS A220-300,0
landing,LGA,31,1783089581.51,2026-07-03T14:39:41Z,40.777095,-73.867638,303.8,ab6519,N833SK,CRJ9,BOMBARDIER Regional Jet CRJ-900,0
takeoff,LGA,04,1783089614.74,2026-07-03T14:40:14Z,40.77159,-73.882136,30.9,a4423a,N37367,B38M,BOEING 737 MAX 8,0
takeoff,JFK,22R,1783089619.81,2026-07-03T14:40:19Z,40.646851,-73.766205,210.9,a33afd,N307TA,B38M,BOEING 737 MAX 8,0
takeoff,LGA,22,1783089633.58,2026-07-03T14:40:33Z,40.769852,-73.882324,225.0,ab3d17,N823MD,E170,EMBRAER ERJ-170-100,0
landing,JFK,22L,1783089653.35,2026-07-03T14:40:53Z,40.631172,-73.765884,216.6,a4b294,N401YX,E75L,EMBRAER ERJ-170-200 (long wing),0
landing,LGA,31,1783089693.99,2026-07-03T14:41:33Z,40.777531,-73.868637,298.1,abd063,N860RW,E170,EMBRAER ERJ-170-100,0
takeoff,JFK,22R,1783089724.01,2026-07-03T14:42:04Z,40.648192,-73.765156,210.9,aa4ce9,N763CK,B763,BOEING 767-300,0
landing,JFK,22L,1783089738.89,2026-07-03T14:42:18Z,40.630421,-73.766764,225.0,a4f7cb,N419YX,E75L,EMBRAER ERJ-170-200 (long wing),0
landing,LGA,31,1783089746.57,2026-07-03T14:42:26Z,40.777027,-73.867493,303.8,acf69b,N934XJ,CRJ9,BOMBARDIER Regional Jet CRJ-900,0
takeoff,LGA,04,1783089778.22,2026-07-03T14:42:58Z,40.77123,-73.882448,30.9,a126e7,N17311,B38M,BOEING 737 MAX 8,0
landing,JFK,22L,1783089795.14,2026-07-03T14:43:15Z,40.634378,-73.763362,210.9,400683,G-VIIK,B772,BOEING 777-200,0
landing,LGA,31,1783089837.83,2026-07-03T14:43:57Z,40.776932,-73.867295,303.8,ac83d5,N905XJ,CRJ9,BOMBARDIER Regional Jet CRJ-900,0
takeoff,JFK,22R,1783089840.92,2026-07-03T14:44:00Z,40.646049,-73.766815,210.9,a3dc34,N348NB,A319,AIRBUS A-319,0
takeoff,LGA,22,1783089857.4,2026-07-03T14:44:17Z,40.769966,-73.882172,225.0,abc2e5,N857RW,E170,EMBRAER ERJ-170-100,0
landing,JFK,22L,1783089903.11,2026-07-03T14:45:03Z,40.633987,-73.763687,210.9,76cee2,9V-SWB,B77W,BOEING 777-300ER,0
landing,LGA,31,1783089932.58,2026-07-03T14:45:32Z,40.77734,-73.868122,303.8,ad0851,N939NN,B738,BOEING 737-800,0
takeoff,JFK,22R,1783089962.93,2026-07-03T14:46:02Z,40.646109,-73.766779,210.9,a35c97,N3156J,BCS3,AIRBUS A220-300,0
takeoff,JFK,31L,1783089966.79,2026-07-03T14:46:06Z,40.640988,-73.79604,345.9,a4b294,N401YX,E75L,EMBRAER ERJ-170-200 (long wing),0
landing,JFK,22L,1783090024.55,2026-07-03T14:47:04Z,40.634482,-73.763284,210.9,ab214d,N816SY,B738,BOEING 737-800,0
takeoff,JFK,22L,1783090024.55,2026-07-03T14:47:04Z,40.634482,-73.763284,210.9,ab214d,N816SY,B738,BOEING 737-800,0
landing,JFK,22L,1783090025.19,2026-07-03T14:47:05Z,40.634285,-73.76344,210.9,ab214d,N816SY,B738,BOEING 737-800,0
landing,LGA,31,1783090034.88,2026-07-03T14:47:14Z,40.778389,-73.870331,303.8,abbb77,N855RW,E170,EMBRAER ERJ-170-100,0
takeoff,JFK,22R,1783090040.39,2026-07-03T14:47:20Z,40.646586,-73.766405,210.9,ad60b7,N961JT,A321,AIRBUS A-321,0
landing,JFK,22L,1783090125.53,2026-07-03T14:48:45Z,40.633438,-73.764099,210.9,ad6b0f,N964AN,B738,BOEING 737-800,0
landing,LGA,31,1783090127.33,2026-07-03T14:48:47Z,40.776886,-73.867233,303.8,aceb76,N931XJ,CRJ9,BOMBARDIER Regional Jet CRJ-900,0
takeoff,LGA,04,1783090164.5,2026-07-03T14:49:24Z,40.772591,-73.881324,30.9,a46e40,N385DZ,A321,AIRBUS A-321,0
takeoff,JFK,22R,1783090189.61,2026-07-03T14:49:49Z,40.645969,-73.766873,210.9,a34e01,N3118J,BCS3,AIRBUS A220-300,0
landing,LGA,31,1783090224.21,2026-07-03T14:50:24Z,40.77729,-73.868057,303.8,aa7bea,N775DE,B738,BOEING 737-800,0
landing,JFK,22L,1783090259.48,2026-07-03T14:50:59Z,40.633976,-73.763672,210.9,4ba946,TC-JJF,B77W,BOEING 777-300ER,0
takeoff,LGA,04,1783090264.69,2026-07-03T14:51:04Z,40.771486,-73.88223,30.9,ac98c1,N910XJ,CRJ9,BOMBARDIER Regional Jet CRJ-900,0
takeoff,JFK,22R,1783090315.83,2026-07-03T14:51:55Z,40.646885,-73.766174,210.9,a7b0c4,N595JB,A320,AIRBUS A-320,0
landing,LGA,31,1783090326.4,2026-07-03T14:52:06Z,40.777142,-73.867722,303.8,c05d56,C-GJIZ,CRJ9,BOMBARDIER Regional Jet CRJ-900,0
takeoff,LGA,04,1783090365.78,2026-07-03T14:52:45Z,40.771523,-73.882202,30.9,a2c27e,N277WN,B737,BOEING 737-700,0
takeoff,LGA,04,1783090420.85,2026-07-03T14:53:40Z,40.77158,-73.882141,30.9,c02004,C-FMDF,PC24,PILATUS PC-24,8
takeoff,JFK,22R,1783090429.01,2026-07-03T14:53:49Z,40.646358,-73.766586,210.9,acb679,N918XJ,CRJ9,BOMBARDIER Regional Jet CRJ-900,0
landing,JFK,22L,1783090443.67,2026-07-03T14:54:03Z,40.634832,-73.763019,209.6,89409f,A9C-FH,B789,BOEING 787-9 Dreamliner,0
takeoff,JFK,22L,1783090443.67,2026-07-03T14:54:03Z,40.634832,-73.763019,209.6,89409f,A9C-FH,B789,BOEING 787-9 Dreamliner,0
landing,JFK,22L,1783090445.08,2026-07-03T14:54:05Z,40.63461,-73.76319,209.6,89409f,A9C-FH,B789,BOEING 787-9 Dreamliner,0
takeoff,LGA,04,1783090470.95,2026-07-03T14:54:30Z,40.771439,-73.882261,30.9,ad6ec6,N965AN,B738,BOEING 737-800,0
takeoff,LGA,04,1783090526.03,2026-07-03T14:55:26Z,40.771729,-73.882019,30.9,c01505,C-FHYY,C172,CESSNA 172 Skyhawk,0
takeoff,JFK,22R,1783090531.57,2026-07-03T14:55:31Z,40.64566,-73.767136,210.9,a37fd3,N3242J,BCS3,,0
landing,JFK,22L,1783090583.42,2026-07-03T14:56:23Z,40.635384,-73.762589,210.9,a65086,N506DA,A21N,AIRBUS A-321neo,0
landing,LGA,31,1783090610.14,2026-07-03T14:56:50Z,40.778687,-73.870987,303.8,abd41a,N861RW,E170,EMBRAER ERJ-170-100,0
takeoff,JFK,22R,1783090660.22,2026-07-03T14:57:40Z,40.645946,-73.766904,210.9,a7946a,N588JB,A320,AIRBUS A-320,0
landing,JFK,22L,1783090679.43,2026-07-03T14:57:59Z,40.635425,-73.76255,210.9,8418b4,JA06WJ,A35K,AIRBUS A-350-1000,0
takeoff,JFK,22R,1783090740.18,2026-07-03T14:59:00Z,40.646039,-73.766826,209.6,ab5c12,N831AA,B789,BOEING 787-9 Dreamliner,0
takeoff,LGA,04,1783090758.81,2026-07-03T14:59:18Z,40.77052,-73.883057,33.8,a4da13,N411YX,E75L,EMBRAER ERJ-170-200 (long wing),0
takeoff,LGA,22,1783090761.56,2026-07-03T14:59:21Z,40.77047,-73.881577,213.8,a1be10,N211JQ,E75L,EMBRAER ERJ-170-200 (long wing),0
landing,LGA,22,1783090775.16,2026-07-03T14:59:35Z,40.77047,-73.881561,213.8,a1be10,N211JQ,E75L,EMBRAER ERJ-170-200 (long wing),0
takeoff,LGA,04,1783090838.86,2026-07-03T15:00:38Z,40.771893,-73.881886,30.9,ab38a1,N822DN,B739,BOEING 737-900,0
landing,JFK,22L,1783090847.26,2026-07-03T15:00:47Z,40.633051,-73.764407,210.9,408120,G-VEYR,A339,AIRBUS A-330-900,0
landing,LGA,31,1783090886.74,2026-07-03T15:01:26Z,40.776592,-73.866592,303.8,ac5746,N8945Q,B38M,BOEING 737 MAX 8,0
takeoff,LGA,04,1783090924.33,2026-07-03T15:02:04Z,40.770218,-73.883255,30.9,a04e60,N119HQ,E75L,EMBRAER ERJ-170-200 (long wing),0
takeoff,LGA,04,1783090980.56,2026-07-03T15:03:00Z,40.771835,-73.881933,30.9,a39723,N330PQ,CRJ9,BOMBARDIER Regional Jet CRJ-900,0
landing,JFK,22L,1783090986.64,2026-07-03T15:03:06Z,40.632434,-73.764876,210.9,a35e66,N316PF,B738,BOEING 737-800,0
takeoff,JFK,22R,1783091017.98,2026-07-03T15:03:37Z,40.646586,-73.766405,210.9,aaf53a,N805JB,A320,AIRBUS A-320,0
takeoff,LGA,04,1783091046.99,2026-07-03T15:04:06Z,40.770124,-73.883353,30.9,a1be10,N211JQ,E75L,EMBRAER ERJ-170-200 (long wing),0
landing,JFK,22L,1783091063.77,2026-07-03T15:04:23Z,40.633679,-73.763939,210.9,71be19,HL7619,A388,AIRBUS A-380-800,0
takeoff,LGA,04,1783091123.51,2026-07-03T15:05:23Z,40.771454,-73.882248,25.3,a7e24a,N607LR,CRJ9,BOMBARDIER Regional Jet CRJ-900,0
takeoff,JFK,22R,1783091142.21,2026-07-03T15:05:42Z,40.646301,-73.766632,210.9,a1574e,N186DN,B763,BOEING 767-300,0
landing,LGA,31,1783091169.28,2026-07-03T15:06:09Z,40.777421,-73.868325,303.8,a43e60,N37257,B38M,BOEING 737 MAX 8,0
takeoff,LGA,04,1783091216.87,2026-07-03T15:06:56Z,40.770641,-73.882935,33.8,a537ed,N435YX,E75L,EMBRAER ERJ-170-200 (long wing),0
landing,JFK,22L,1783091235.86,2026-07-03T15:07:15Z,40.631504,-73.76564,213.8,ad3581,N950JT,A321,AIRBUS A-321,0
takeoff,JFK,22R,1783091289.56,2026-07-03T15:08:09Z,40.645741,-73.767075,210.9,ad9ac9,N976JT,A321,AIRBUS A-321,0
landing,JFK,22L,1783091315.13,2026-07-03T15:08:35Z,40.633621,-73.763962,210.9,a37389,N321RL,B38M,BOEING 737 MAX 8,0
landing,LGA,31,1783091336.75,2026-07-03T15:08:56Z,40.778061,-73.870229,284.1,a1acdb,N207JQ,E75L,EMBRAER ERJ-170-200 (long wing),0
landing,LGA,31,1783091399.2,2026-07-03T15:09:59Z,40.776397,-73.866156,303.8,a3271e,N302DU,BCS3,AIRBUS A220-300,0
landing,JFK,22L,1783091401.26,2026-07-03T15:10:01Z,40.633121,-73.764345,212.4,47ae38,LN-FNL,B789,BOEING 787-9 Dreamliner,0
takeoff,JFK,22R,1783091414.81,2026-07-03T15:10:14Z,40.645111,-73.767548,210.9,ab4515,N825SY,B738,BOEING 737-800,0
landing,LGA,31,1783091467.57,2026-07-03T15:11:07Z,40.776944,-73.867342,303.8,a44166,N37305,B38M,BOEING 737 MAX 8,0
takeoff,JFK,22R,1783091492.6,2026-07-03T15:11:32Z,40.645876,-73.766967,210.9,a8021b,N615JB,A320,AIRBUS A-320,0
landing,JFK,22R,1783091494.03,2026-07-03T15:11:34Z,40.645283,-73.767441,210.9,a8021b,N615JB,A320,AIRBUS A-320,0
takeoff,JFK,22R,1783091494.03,2026-07-03T15:11:34Z,40.645283,-73.767441,210.9,a8021b,N615JB,A320,AIRBUS A-320,0
takeoff,LGA,04,1783091499.86,2026-07-03T15:11:39Z,40.77158,-73.882126,30.9,a336f0,N306PQ,CRJ9,BOMBARDIER Regional Jet CRJ-900,0
landing,JFK,22L,1783091545.29,2026-07-03T15:12:25Z,40.633415,-73.76413,210.9,a1e411,N2205J,A21N,AIRBUS A-321neo,0
landing,LGA,31,1783091562.77,2026-07-03T15:12:42Z,40.777473,-73.868423,303.8,a4462e,N3748Y,B738,BOEING 737-800,0
takeoff,LGA,04,1783091602.41,2026-07-03T15:13:22Z,40.771591,-73.882141,33.8,a34825,N310PQ,CRJ9,BOMBARDIER Regional Jet CRJ-900,0
takeoff,JFK,22R,1783091645.64,2026-07-03T15:14:05Z,40.646633,-73.766358,210.9,06a1c0,A7-BEJ,B77W,BOEING 777-300ER,0
landing,LGA,31,1783091680.45,2026-07-03T15:14:40Z,40.777634,-73.868805,298.1,abdf3f,N864RW,E170,EMBRAER ERJ-170-100,0
takeoff,LGA,04,1783091705.25,2026-07-03T15:15:05Z,40.773434,-73.88063,30.9,a0669d,N125DN,A321,AIRBUS A-321,0
landing,JFK,22L,1783091729.49,2026-07-03T15:15:29Z,40.633226,-73.764298,208.1,a36fa4,N320PQ,CRJ9,BOMBARDIER Regional Jet CRJ-900,0
landing,LGA,31,1783091753.09,2026-07-03T15:15:53Z,40.776862,-73.867139,300.9,a3ad6d,N336PQ,CRJ9,BOMBARDIER Regional Jet CRJ-900,0
takeoff,LGA,04,1783091788.78,2026-07-03T15:16:28Z,40.771397,-73.882309,30.9,a44e24,N377DN,A321,AIRBUS A-321,0
landing,LGA,31,1783091835.69,2026-07-03T15:17:15Z,40.777363,-73.8682,300.9,a098f6,N138AN,A321,AIRBUS A-321,0
takeoff,JFK,22R,1783091855.34,2026-07-03T15:17:35Z,40.645795,-73.767029,210.9,a02c40,N110AN,A321,AIRBUS A-321,0
takeoff,LGA,04,1783091867.9,2026-07-03T15:17:47Z,40.770392,-73.883119,30.9,ae152c,166378,GLF5,Gulfstream Aerospace C-37B,1
landing,LGA,31,1783091932.31,2026-07-03T15:18:52Z,40.777316,-73.868075,298.1,a18380,N197PQ,CRJ9,BOMBARDIER Regional Jet CRJ-900,0
takeoff,LGA,04,1783091970.41,2026-07-03T15:19:30Z,40.773445,-73.880615,30.9,ac801e,N904XJ,CRJ9,BOMBARDIER Regional Jet CRJ-900,0
takeoff,JFK,22R,1783091979.71,2026-07-03T15:19:39Z,40.645899,-73.766936,210.9,a19910,N2017J,A21N,AIRBUS A-321neo,0
landing,JFK,22L,1783091986.05,2026-07-03T15:19:46Z,40.63472,-73.763123,210.9,a8496e,N633FR,A21N,AIRBUS A-321neo,0
landing,LGA,31,1783092023.11,2026-07-03T15:20:23Z,40.777462,-73.868408,298.1,a8f235,N676CA,CRJ9,BOMBARDIER Regional Jet CRJ-900,0
takeoff,JFK,22R,1783092056.36,2026-07-03T15:20:56Z,40.646004,-73.766873,210.9,a13391,N177DZ,B763,BOEING 767-300,0
landing,JFK,22L,1783092085.83,2026-07-03T15:21:25Z,40.633423,-73.764111,210.9,ad846f,N970JB,A321,AIRBUS A-321,0
landing,LGA,31,1783092106.39,2026-07-03T15:21:46Z,40.777531,-73.86853,300.9,acc3f7,N921XJ,CRJ9,BOMBARDIER Regional Jet CRJ-900,0
takeoff,LGA,04,1783092155.46,2026-07-03T15:22:35Z,40.771729,-73.882019,30.9,a4df52,N413AN,A21N,AIRBUS A-321neo,0
takeoff,JFK,22R,1783092155.89,2026-07-03T15:22:35Z,40.645203,-73.767502,210.9,a79e31,N590JB,A320,AIRBUS A-320,0
takeoff,LGA,04,1783092223.28,2026-07-03T15:23:43Z,40.769961,-73.883478,30.9,a23bfb,N243JQ,E75L,EMBRAER ERJ-170-200 (long wing),0
takeoff,JFK,22R,1783092266.65,2026-07-03T15:24:26Z,40.645729,-73.767075,210.9,a73dfe,N566JB,A320,AIRBUS A-320,0
landing,JFK,22L,1783092292.51,2026-07-03T15:24:52Z,40.638893,-73.759819,210.9,acdd2e,N928PG,PC12,PILATUS PC-12,0
landing,LGA,31,1783092341.09,2026-07-03T15:25:41Z,40.77869,-73.870994,303.8,a52911,N431YX,E75L,EMBRAER ERJ-170-200 (long wing),0
takeoff,LGA,22,1783092361.21,2026-07-03T15:26:01Z,40.770136,-73.881949,225.0,a4e8ef,N415YX,E75L,EMBRAER ERJ-170-200 (long wing),0
takeoff,LGA,04,1783092377.64,2026-07-03T15:26:17Z,40.773371,-73.880669,30.9,ad1142,N941DZ,B739,,0
takeoff,JFK,22R,1783092386.89,2026-07-03T15:26:26Z,40.64562,-73.767185,210.9,a4503d,N37700,B738,BOEING 737-800,0
landing,JFK,22L,1783092389.48,2026-07-03T15:26:29Z,40.633175,-73.764343,210.9,ab8862,N842MH,B764,BOEING 767-400,0
takeoff,JFK,22R,1783092472.75,2026-07-03T15:27:52Z,40.645386,-73.767349,210.9,a9acb8,N722TW,B752,BOEING 757-200,0
takeoff,LGA,04,1783092475.02,2026-07-03T15:27:55Z,40.773468,-73.8806,30.9,a45592,N379DN,A321,AIRBUS A-321,0
takeoff,JFK,22R,1783092595.76,2026-07-03T15:29:55Z,40.648842,-73.764648,210.9,a21833,N234JQ,E75L,EMBRAER ERJ-170-200 (long wing),0
takeoff,LGA,04,1783092621.8,2026-07-03T15:30:21Z,40.773418,-73.880622,30.9,a35efa,N316VD,B38M,BOEING 737 MAX 8,0
takeoff,LGA,04,1783092674.49,2026-07-03T15:31:14Z,40.770427,-73.883103,33.8,a5ce40,N473WN,B737,BOEING 737-700,0
takeoff,JFK,22R,1783092720.44,2026-07-03T15:32:00Z,40.64612,-73.766779,210.9,ac3beb,N888DU,B739,BOEING 737-900,0
landing,LGA,31,1783092767.08,2026-07-03T15:32:47Z,40.777313,-73.868134,303.8,abe0df,N8646B,B738,BOEING 737-800,0
takeoff,JFK,22R,1783092789.65,2026-07-03T15:33:09Z,40.645958,-73.766889,208.1,a5e3e4,N479PX,CRJ9,BOMBARDIER Regional Jet CRJ-900,0
takeoff,LGA,04,1783092884.95,2026-07-03T15:34:44Z,40.771076,-73.882568,30.9,a302a0,N293WN,B737,BOEING 737-700,0
takeoff,JFK,22R,1783092893.51,2026-07-03T15:34:53Z,40.644665,-73.767899,212.5,508341,UR-CNT,AN12,ANTONOV An-12,0
landing,LGA,31,1783092950.33,2026-07-03T15:35:50Z,40.777258,-73.867982,300.9,a15027,N184GJ,CRJ9,BOMBARDIER Regional Jet CRJ-900,0
takeoff,LGA,04,1783092994.88,2026-07-03T15:36:34Z,40.771717,-73.882019,33.8,aa7e99,N77542,B738,BOEING 737-800,0
takeoff,JFK,22R,1783093022.9,2026-07-03T15:37:02Z,40.64502,-73.767624,210.9,aded77,N997JL,A321,AIRBUS A-321,0
landing,LGA,31,1783093052.98,2026-07-03T15:37:32Z,40.777508,-73.868484,298.1,a6ce58,N538CA,CRJ9,BOMBARDIER Regional Jet CRJ-900,0
takeoff,LGA,04,1783093083.76,2026-07-03T15:38:03Z,40.771462,-73.882245,30.9,ac4d1a,N892DN,B739,BOEING 737-900,0
takeoff,LGA,22,1783093105.96,2026-07-03T15:38:25Z,40.77109,-73.881044,213.8,a2270f,N238JQ,E75L,EMBRAER ERJ-170-200 (long wing),0
landing,LGA,22,1783093110.45,2026-07-03T15:38:30Z,40.77109,-73.881044,213.8,a2270f,N238JQ,E75L,EMBRAER ERJ-170-200 (long wing),0
takeoff,JFK,22R,1783093152.13,2026-07-03T15:39:12Z,40.645492,-73.767279,210.9,ade252,N994JL,A321,AIRBUS A-321,0
takeoff,LGA,04,1783093199.32,2026-07-03T15:39:59Z,40.771236,-73.882416,30.9,acf207,N933NN,B738,BOEING 737-800,0
takeoff,LGA,04,1783093241.47,2026-07-03T15:40:41Z,40.770787,-73.882807,30.9,a5106e,N425YX,E75L,EMBRAER ERJ-170-200 (long wing),0
takeoff,JFK,22R,1783093241.47,2026-07-03T15:40:41Z,40.645934,-73.766904,210.9,a64578,N503DZ,A21N,AIRBUS A-321neo,0
landing,JFK,22L,1783093285.0,2026-07-03T15:41:25Z,40.633656,-73.763939,208.1,a7de93,N606LR,CRJ9,BOMBARDIER Regional Jet CRJ-900,0
takeoff,LGA,04,1783093291.27,2026-07-03T15:41:31Z,40.771431,-73.882263,28.1,a34bdc,N311PQ,CRJ9,BOMBARDIER Regional Jet CRJ-900,0
takeoff,JFK,22R,1783093327.3,2026-07-03T15:42:07Z,40.646347,-73.766602,210.9,a70f88,N554NW,B752,BOEING 757-200,0
takeoff,LGA,04,1783093332.44,2026-07-03T15:42:12Z,40.770822,-73.88276,30.9,a2270f,N238JQ,E75L,EMBRAER ERJ-170-200 (long wing),0
landing,JFK,22L,1783093357.27,2026-07-03T15:42:37Z,40.633761,-73.763846,210.9,aacf19,N796JB,A320,AIRBUS A-320,0
takeoff,LGA,22,1783093411.12,2026-07-03T15:43:31Z,40.770035,-73.882065,225.0,a517dc,N427YX,E75L,EMBRAER ERJ-170-200 (long wing),0
takeoff,LGA,04,1783093428.09,2026-07-03T15:43:48Z,40.771923,-73.881866,30.9,a441d6,N3734B,B738,BOEING 737-800,0
takeoff,JFK,22R,1783093430.22,2026-07-03T15:43:50Z,40.645096,-73.767575,210.9,a0aa7c,N142DU,BCS1,AIRBUS A220-100,0
landing,JFK,22R,1783093432.28,2026-07-03T15:43:52Z,40.645096,-73.767575,210.9,a0aa7c,N142DU,BCS1,AIRBUS A220-100,0
takeoff,JFK,22R,1783093432.28,2026-07-03T15:43:52Z,40.645096,-73.767575,210.9,a0aa7c,N142DU,BCS1,AIRBUS A220-100,0
landing,JFK,22L,1783093434.82,2026-07-03T15:43:54Z,40.632841,-73.764595,210.9,a14104,N180DN,B763,BOEING 767-300,0
takeoff,JFK,22R,1783093496.64,2026-07-03T15:44:56Z,40.645912,-73.766937,210.9,a56866,N448AS,B739,BOEING 737-900,0
landing,LGA,31,1783093526.72,2026-07-03T15:45:26Z,40.776897,-73.867233,300.9,a2af3e,N272PQ,CRJ9,BOMBARDIER Regional Jet CRJ-900,0
takeoff,LGA,04,1783093600.77,2026-07-03T15:46:40Z,40.770322,-73.883181,33.8,abd063,N860RW,E170,EMBRAER ERJ-170-100,0
takeoff,LGA,22,1783093617.06,2026-07-03T15:46:57Z,40.770035,-73.882065,225.0,abdb88,N863RW,E170,EMBRAER ERJ-170-100,0
takeoff,JFK,22R,1783093638.57,2026-07-03T15:47:18Z,40.646198,-73.766663,210.9,89655b,A6-EVO,A388,AIRBUS A-380-800,0
landing,JFK,22L,1783093673.11,2026-07-03T15:47:53Z,40.633039,-73.764407,210.9,a38af8,N3272J,BCS3,AIRBUS A220-300,0
landing,LGA,31,1783093697.66,2026-07-03T15:48:17Z,40.777118,-73.867685,303.8,a022c4,N108DN,A321,AIRBUS A-321,0
landing,JFK,22L,1783093765.09,2026-07-03T15:49:25Z,40.633738,-73.763846,213.8,ab4c76,N827SK,CRJ9,BOMBARDIER Regional Jet CRJ-900,0
takeoff,JFK,22R,1783093776.89,2026-07-03T15:49:36Z,40.647959,-73.765344,210.9,acba30,N919XJ,CRJ9,BOMBARDIER Regional Jet CRJ-900,0
takeoff,LGA,04,1783093797.64,2026-07-03T15:49:57Z,40.771019,-73.882614,30.9,abb59e,N85351,E75L,EMBRAER ERJ-170-200 (long wing),0
takeoff,JFK,22R,1783093856.92,2026-07-03T15:50:56Z,40.645178,-73.767497,210.9,ad38bf,N951DX,B739,BOEING 737-900,0
landing,JFK,22L,1783093868.33,2026-07-03T15:51:08Z,40.633167,-73.764298,210.9,ab4eeb,N828DN,B739,BOEING 737-900,0
takeoff,JFK,22R,1783093906.15,2026-07-03T15:51:46Z,40.648832,-73.764642,210.9,a4f7cb,N419YX,E75L,EMBRAER ERJ-170-200 (long wing),0
takeoff,JFK,22R,1783093977.51,2026-07-03T15:52:57Z,40.645876,-73.766967,210.9,a7f2d2,N611DT,A21N,AIRBUS A-321neo,0
takeoff,LGA,04,1783093988.48,2026-07-03T15:53:08Z,40.769554,-73.883821,33.8,a20d0e,N231JQ,E75L,EMBRAER ERJ-170-200 (long wing),0
landing,JFK,22L,1783094013.6,2026-07-03T15:53:33Z,40.633773,-73.763861,210.9,aa7082,N772AN,B772,BOEING 777-200,0
landing,LGA,31,1783094055.14,2026-07-03T15:54:15Z,40.77862,-73.870837,303.8,a1ccec,N215JQ,E75L,EMBRAER ERJ-170-200 (long wing),0
takeoff,JFK,22R,1783094100.2,2026-07-03T15:55:00Z,40.645632,-73.767185,210.9,addf01,N993NN,B738,BOEING 737-800,0
landing,LGA,31,1783094125.74,2026-07-03T15:55:25Z,40.777293,-73.86806,303.8,a05e02,N12238,B738,BOEING 737-800,0
takeoff,JFK,22R,1783094163.79,2026-07-03T15:56:03Z,40.64613,-73.766769,210.9,a66576,N511DE,A21N,AIRBUS A-321neo,0
landing,JFK,22L,1783094183.37,2026-07-03T15:56:23Z,40.633724,-73.76387,210.9,a398bc,N3304J,BCS3,AIRBUS A220-300,0
landing,LGA,31,1783094238.65,2026-07-03T15:57:18Z,40.778678,-73.870978,303.8,ada699,N979RP,E170,EMBRAER ERJ-170-100,0
takeoff,LGA,04,1783094267.94,2026-07-03T15:57:47Z,40.770939,-73.882682,30.9,c05d56,C-GJIZ,CRJ9,BOMBARDIER Regional Jet CRJ-900,0
landing,JFK,22L,1783094303.11,2026-07-03T15:58:23Z,40.631218,-73.765839,210.9,a546c9,N439YX,E75L,EMBRAER ERJ-170-200 (long wing),0
takeoff,JFK,22L,1783094303.11,2026-07-03T15:58:23Z,40.631218,-73.765839,210.9,a546c9,N439YX,E75L,EMBRAER ERJ-170-200 (long wing),0
landing,JFK,22L,1783094307.4,2026-07-03T15:58:27Z,40.630572,-73.766499,225.0,a546c9,N439YX,E75L,EMBRAER ERJ-170-200 (long wing),0
landing,LGA,31,1783094352.28,2026-07-03T15:59:12Z,40.779076,-73.871765,300.9,a4ddca,N412YX,E75L,EMBRAER ERJ-170-200 (long wing),0
takeoff,JFK,22R,1783094360.67,2026-07-03T15:59:20Z,40.645454,-73.767303,210.9,adf4e9,N999JQ,A321,AIRBUS A-321,0
landing,LGA,13,1783094459.31,2026-07-03T16:00:59Z,40.778503,-73.872929,132.2,ac8efa,N908XJ,CRJ9,BOMBARDIER Regional Jet CRJ-900,0
takeoff,LGA,22,1783094484.68,2026-07-03T16:01:24Z,40.7696,-73.882645,222.2,ac0a75,N875RW,E170,EMBRAER ERJ-170-100,0
takeoff,JFK,22R,1783094527.28,2026-07-03T16:02:07Z,40.645888,-73.766967,210.9,ad7701,N967JT,A321,AIRBUS A-321,0
landing,LGA,31,1783094535.6,2026-07-03T16:02:15Z,40.778957,-73.871587,298.1,a1ff90,N228JQ,E75L,EMBRAER ERJ-170-200 (long wing),0
landing,JFK,22L,1783094555.24,2026-07-03T16:02:35Z,40.631138,-73.765961,216.6,a51f4a,N429YX,E75L,EMBRAER ERJ-170-200 (long wing),0
landing,LGA,31,1783094575.8,2026-07-03T16:02:55Z,40.77713,-73.867716,303.8,a0b8fb,N146AA,A321,AIRBUS A-321,0
takeoff,JFK,22R,1783094609.16,2026-07-03T16:03:29Z,40.645866,-73.766953,210.9,801659,VT-JRF,A359,AIRBUS A-350-900,0
takeoff,LGA,04,1783094614.84,2026-07-03T16:03:34Z,40.771497,-73.88223,33.8,a379d3,N323DU,BCS3,AIRBUS A220-300,0
landing,JFK,22L,1783094661.96,2026-07-03T16:04:21Z,40.634797,-73.763034,210.9,a539c9,N436DX,A339,AIRBUS A-330-900,0
landing,LGA,31,1783094672.64,2026-07-03T16:04:32Z,40.777398,-73.868231,300.9,a320a6,N300PQ,CRJ9,BOMBARDIER Regional Jet CRJ-900,0
takeoff,JFK,22R,1783094700.84,2026-07-03T16:05:00Z,40.645608,-73.76717,212.4,020121,CN-RGS,B788,BOEING 787-8 Dreamliner,0
takeoff,JFK,22R,1783094810.05,2026-07-03T16:06:50Z,40.645294,-73.76741,210.9,a4b7d7,N403AS,B739,BOEING 737-900,0
landing,LGA,31,1783094819.46,2026-07-03T16:06:59Z,40.777875,-73.869495,292.5,a8a0d9,N655RW,E170,EMBRAER ERJ-170-100,0
takeoff,JFK,22R,1783094870.93,2026-07-03T16:07:50Z,40.646793,-73.766251,210.9,ad3cdf,N952JB,A321,AIRBUS A-321,0
landing,LGA,31,1783094873.13,2026-07-03T16:07:53Z,40.778984,-73.871582,303.8,acf849,N935AN,B738,BOEING 737-800,0
takeoff,LGA,04,1783094902.85,2026-07-03T16:08:22Z,40.770664,-73.882904,33.8,a8996b,N653RW,E170,EMBRAER ERJ-170-100,0
takeoff,JFK,22R,1783094943.64,2026-07-03T16:09:03Z,40.644413,-73.768112,210.9,a392f2,N3296J,BCS3,AIRBUS A220-300,0
landing,JFK,22L,1783094985.06,2026-07-03T16:09:45Z,40.632832,-73.764587,209.6,7812bd,B-1357,B789,BOEING 787-9 Dreamliner,0
takeoff,JFK,22L,1783094985.47,2026-07-03T16:09:45Z,40.632667,-73.764704,209.6,7812bd,B-1357,B789,BOEING 787-9 Dreamliner,0
landing,JFK,22L,1783094987.22,2026-07-03T16:09:47Z,40.632832,-73.764587,209.6,7812bd,B-1357,B789,BOEING 787-9 Dreamliner,0
takeoff,LGA,04,1783095007.78,2026-07-03T16:10:07Z,40.771122,-73.882538,30.9,ad0851,N939NN,B738,BOEING 737-800,0
landing,JFK,22L,1783095129.33,2026-07-03T16:12:09Z,40.63147,-73.76564,210.9,ac058a,N874DN,B739,BOEING 737-900,0
landing,LGA,31,1783095152.12,2026-07-03T16:12:32Z,40.778961,-73.871536,298.1,a4c170,N405YX,E75L,EMBRAER ERJ-170-200 (long wing),0
takeoff,JFK,22R,1783095167.99,2026-07-03T16:12:47Z,40.645947,-73.766907,210.9,71c359,HL8359,A359,AIRBUS A-350-900,0
takeoff,LGA,04,1783095176.04,2026-07-03T16:12:56Z,40.771602,-73.882136,30.9,a8c028,N663JB,A320,AIRBUS A-320,0
takeoff,LGA,04,1783095268.86,2026-07-03T16:14:28Z,40.770802,-73.882797,30.9,aceb76,N931XJ,CRJ9,BOMBARDIER Regional Jet CRJ-900,0
landing,JFK,22L,1783095277.9,2026-07-03T16:14:37Z,40.635402,-73.762582,210.9,acaf0b,N916XJ,CRJ9,BOMBARDIER Regional Jet CRJ-900,0
takeoff,LGA,04,1783095338.03,2026-07-03T16:15:38Z,40.772232,-73.881607,30.9,acf69b,N934XJ,CRJ9,BOMBARDIER Regional Jet CRJ-900,0
takeoff,LGA,04,1783095377.56,2026-07-03T16:16:17Z,40.770836,-73.882767,30.9,abbb77,N855RW,E170,EMBRAER ERJ-170-100,0
landing,LGA,31,1783095431.96,2026-07-03T16:17:11Z,40.776979,-73.867389,298.1,a21142,N232PQ,CRJ9,BOMBARDIER Regional Jet CRJ-900,0
landing,JFK,22L,1783095433.72,2026-07-03T16:17:13Z,40.634029,-73.763627,210.9,a12c23,N175DZ,B763,BOEING 767-300,0
takeoff,LGA,22,1783095460.44,2026-07-03T16:17:40Z,40.770171,-73.881902,225.0,abd41a,N861RW,E170,EMBRAER ERJ-170-100,0
takeoff,LGA,04,1783095465.72,2026-07-03T16:17:45Z,40.7719,-73.881882,30.9,a486d8,N391DN,A321,AIRBUS A-321,0
landing,JFK,22L,1783095527.23,2026-07-03T16:18:47Z,40.633987,-73.763687,210.9,a7ad0d,N594JB,A320,AIRBUS A-320,0
landing,LGA,31,1783095554.65,2026-07-03T16:19:14Z,40.778984,-73.871613,298.1,abd7d1,N862RW,E170,EMBRAER ERJ-170-100,0
takeoff,LGA,04,1783095581.85,2026-07-03T16:19:41Z,40.771241,-73.882432,30.9,aa7bea,N775DE,B738,BOEING 737-800,0
takeoff,JFK,22R,1783095615.0,2026-07-03T16:20:15Z,40.645969,-73.766876,210.9,ad6b0f,N964AN,B738,BOEING 737-800,0
landing,JFK,22L,1783095620.93,2026-07-03T16:20:20Z,40.634971,-73.76294,210.9,aafd1f,N807NW,A333,AIRBUS A-330-300,0
takeoff,LGA,04,1783095665.49,2026-07-03T16:21:05Z,40.771625,-73.882105,30.9,ac5746,N8945Q,B38M,BOEING 737 MAX 8,0
takeoff,JFK,22R,1783095682.03,2026-07-03T16:21:22Z,40.645947,-73.766907,210.9,ab214d,N816SY,B738,BOEING 737-800,0
landing,LGA,31,1783095716.79,2026-07-03T16:21:56Z,40.776967,-73.867357,303.8,a8904d,N6509,GLEX,BOMBARDIER BD-700 Global 6000/6500,0
takeoff,LGA,04,1783095753.52,2026-07-03T16:22:33Z,40.772009,-73.881793,30.9,a451db,N378DN,A321,AIRBUS A-321,0
landing,JFK,22L,1783095761.3,2026-07-03T16:22:41Z,40.636566,-73.761645,210.9,a65bbc,N509DT,A21N,AIRBUS A-321neo,0
landing,LGA,31,1783095813.11,2026-07-03T16:23:33Z,40.777293,-73.868044,303.8,ad01c0,N937XJ,CRJ9,BOMBARDIER Regional Jet CRJ-900,0
landing,JFK,22L,1783095830.43,2026-07-03T16:23:50Z,40.634785,-73.76305,210.9,a124b5,N173DZ,B763,BOEING 767-300,0
takeoff,LGA,04,1783095850.24,2026-07-03T16:24:10Z,40.771241,-73.882432,30.9,a3ad6d,N336PQ,CRJ9,BOMBARDIER Regional Jet CRJ-900,0
landing,JFK,22L,1783095928.41,2026-07-03T16:25:28Z,40.636298,-73.761848,210.9,a360b7,N3169J,BCS3,AIRBUS A220-300,0
takeoff,LGA,04,1783095930.9,2026-07-03T16:25:30Z,40.770624,-73.882916,30.9,ac86af,N906NN,B738,BOEING 737-800,0
landing,LGA,31,1783095980.0,2026-07-03T16:26:20Z,40.777037,-73.867513,303.8,a41722,N36272,B738,BOEING 737-800,0
landing,JFK,22L,1783096003.69,2026-07-03T16:26:43Z,40.636635,-73.761598,210.9,a3dfeb,N349NB,A319,AIRBUS A-319,0
takeoff,JFK,22R,1783096015.53,2026-07-03T16:26:55Z,40.646553,-73.766434,210.9,a8c796,N665JB,A320,AIRBUS A-320,0
takeoff,JFK,22R,1783096078.57,2026-07-03T16:27:58Z,40.646633,-73.766374,210.9,ab355c,N821JB,A320,AIRBUS A-320,0
landing,LGA,31,1783096094.57,2026-07-03T16:28:14Z,40.777503,-73.868481,300.9,a1b449,N209JQ,E75L,EMBRAER ERJ-170-200 (long wing),0
landing,JFK,22L,1783096102.68,2026-07-03T16:28:22Z,40.632841,-73.764563,210.9,a3e658,N350RV,B38M,BOEING 737 MAX 8,0
takeoff,JFK,22R,1783096134.87,2026-07-03T16:28:54Z,40.646679,-73.766312,210.9,a36fa4,N320PQ,CRJ9,BOMBARDIER Regional Jet CRJ-900,0
landing,LGA,31,1783096174.9,2026-07-03T16:29:34Z,40.777153,-73.867722,300.9,a42a5c,N368DN,A321,AIRBUS A-321,0
landing,JFK,22L,1783096205.74,2026-07-03T16:30:05Z,40.634445,-73.763321,210.9,a358bd,N3145J,BCS3,AIRBUS A220-300,0
landing,LGA,31,1783096241.91,2026-07-03T16:30:41Z,40.777142,-73.867748,303.8,a386fb,N3260J,BCS3,,0
takeoff,LGA,04,1783096280.06,2026-07-03T16:31:20Z,40.772673,-73.881246,30.9,ac83d5,N905XJ,CRJ9,BOMBARDIER Regional Jet CRJ-900,0
landing,LGA,31,1783096347.57,2026-07-03T16:32:27Z,40.777061,-73.867584,303.8,a086ce,N133EV,CRJ9,BOMBARDIER Regional Jet CRJ-900,0
landing,JFK,22L,1783096353.27,2026-07-03T16:32:33Z,40.633507,-73.764053,210.9,394a0a,F-GSQK,B77W,BOEING 777-300ER,0
landing,LGA,31,1783096413.8,2026-07-03T16:33:33Z,40.776936,-73.86731,303.8,a3411f,N309DU,BCS3,AIRBUS A220-300,0
takeoff,LGA,04,1783096452.13,2026-07-03T16:34:12Z,40.773651,-73.880432,28.1,a18380,N197PQ,CRJ9,BOMBARDIER Regional Jet CRJ-900,0
landing,JFK,22L,1783096516.95,2026-07-03T16:35:16Z,40.635274,-73.76266,208.1,a145b7,N181PQ,CRJ9,BOMBARDIER Regional Jet CRJ-900,0
landing,LGA,31,1783096524.4,2026-07-03T16:35:24Z,40.777933,-73.869667,289.7,a01097,N103HQ,E75L,EMBRAER ERJ-170-200 (long wing),0
landing,LGA,31,1783096593.69,2026-07-03T16:36:33Z,40.779007,-73.871658,300.9,a4eca6,N416YX,E75L,EMBRAER ERJ-170-200 (long wing),0
landing,JFK,22L,1783096625.34,2026-07-03T16:37:05Z,40.63472,-73.763107,210.9,a71efa,N558UW,A321,AIRBUS A-321,0
landing,LGA,31,1783096635.36,2026-07-03T16:37:15Z,40.776752,-73.866928,300.9,a3c60d,N342PM,B738,BOEING 737-800,0
takeoff,LGA,04,1783096674.32,2026-07-03T16:37:54Z,40.771317,-73.88237,30.9,a44166,N37305,B38M,BOEING 737 MAX 8,0
landing,JFK,22L,1783096741.12,2026-07-03T16:39:01Z,40.634926,-73.762924,210.9,a7e20a,N607JB,A320,AIRBUS A-320,0
landing,LGA,31,1783096810.54,2026-07-03T16:40:10Z,40.777725,-73.868958,303.8,ace7bf,N930XJ,CRJ9,BOMBARDIER Regional Jet CRJ-900,0
takeoff,LGA,04,1783096842.49,2026-07-03T16:40:42Z,40.771877,-73.881912,30.9,acc3f7,N921XJ,CRJ9,BOMBARDIER Regional Jet CRJ-900,0
landing,LGA,31,1783096891.71,2026-07-03T16:41:31Z,40.776672,-73.86676,303.8,a36130,N317DU,BCS3,AIRBUS A220-300,0
takeoff,LGA,04,1783096937.38,2026-07-03T16:42:17Z,40.771488,-73.882217,30.9,a3271e,N302DU,BCS3,AIRBUS A220-300,0
landing,JFK,22L,1783096944.57,2026-07-03T16:42:24Z,40.635098,-73.762802,210.9,a35854,N3142J,BCS3,AIRBUS A220-300,0
landing,LGA,31,1783096999.44,2026-07-03T16:43:19Z,40.778721,-73.871033,303.8,a00ce0,N102HQ,E75L,EMBRAER ERJ-170-200 (long wing),0
takeoff,JFK,22R,1783097033.9,2026-07-03T16:43:53Z,40.647936,-73.765344,210.9,a65086,N506DA,A21N,AIRBUS A-321neo,0
landing,LGA,31,1783097067.45,2026-07-03T16:44:27Z,40.778806,-73.871212,300.9,a0433b,N116HQ,E75L,EMBRAER ERJ-170-200 (long wing),0
takeoff,JFK,22R,1783097095.64,2026-07-03T16:44:55Z,40.647273,-73.765859,210.9,a37389,N321RL,B38M,BOEING 737 MAX 8,0
landing,LGA,22,1783097115.28,2026-07-03T16:45:15Z,40.776077,-73.88092,213.8,aa4682,N761NY,S76,SIKORSKY S-76 Spirit,0
landing,LGA,31,1783097152.35,2026-07-03T16:45:52Z,40.778759,-73.871103,303.8,ac1951,N879RW,E170,EMBRAER ERJ-170-100,0
landing,LGA,31,1783097186.7,2026-07-03T16:46:26Z,40.778131,-73.869823,303.8,ad8935,N971UY,A321,AIRBUS A-321,0
takeoff,JFK,22R,1783097190.6,2026-07-03T16:46:30Z,40.649597,-73.764038,213.8,a21bea,N235JQ,E75L,EMBRAER ERJ-170-200 (long wing),0
landing,JFK,22L,1783097196.37,2026-07-03T16:46:36Z,40.638508,-73.760376,244.7,ade569,N995CA,P212,TECNAM P-2012 Traveller,0
takeoff,LGA,22,1783097221.2,2026-07-03T16:47:01Z,40.776031,-73.88092,213.8,aa4682,N761NY,S76,SIKORSKY S-76 Spirit,0
takeoff,LGA,04,1783097225.84,2026-07-03T16:47:05Z,40.77055,-73.882996,30.9,a52911,N431YX,E75L,EMBRAER ERJ-170-200 (long wing),0
landing,JFK,22L,1783097254.96,2026-07-03T16:47:34Z,40.636665,-73.761566,210.9,4b1887,HB-JHN,A333,AIRBUS A-330-300,0
takeoff,JFK,22R,1783097281.43,2026-07-03T16:48:01Z,40.646301,-73.766617,205.3,a7de93,N606LR,CRJ9,BOMBARDIER Regional Jet CRJ-900,0
landing,LGA,31,1783097308.45,2026-07-03T16:48:28Z,40.779132,-73.871914,300.9,a866c7,N640RW,E170,EMBRAER ERJ-170-100,0
landing,JFK,22L,1783097334.43,2026-07-03T16:48:54Z,40.633912,-73.763721,209.6,ab9630,N846AN,B789,BOEING 787-9 Dreamliner,0
landing,LGA,31,1783097358.85,2026-07-03T16:49:18Z,40.776897,-73.867233,303.8,ad0f29,N940WN,B737,BOEING 737-700,0
landing,LGA,31,1783097437.02,2026-07-03T16:50:37Z,40.777164,-73.867783,300.9,ac3ee9,N8887Q,B38M,BOEING 737 MAX 8,0
takeoff,LGA,04,1783097476.85,2026-07-03T16:51:16Z,40.771946,-73.881851,30.9,a15027,N184GJ,CRJ9,BOMBARDIER Regional Jet CRJ-900,0
landing,JFK,22L,1783097477.86,2026-07-03T16:51:17Z,40.635914,-73.762176,210.9,a34d98,N3115J,BCS3,AIRBUS A220-300,0
takeoff,LGA,04,1783097554.24,2026-07-03T16:52:34Z,40.771591,-73.882126,30.9,a4462e,N3748Y,B738,BOEING 737-800,0
takeoff,JFK,22R,1783097558.75,2026-07-03T16:52:38Z,40.646805,-73.766235,213.8,ab4c76,N827SK,CRJ9,BOMBARDIER Regional Jet CRJ-900,0
landing,JFK,22L,1783097558.75,2026-07-03T16:52:38Z,40.635355,-73.762597,210.9,a32bba,N303NY,A21N,AIRBUS A-321neo,0
landing,JFK,22L,1783097635.49,2026-07-03T16:53:55Z,40.638622,-73.760056,208.1,a02c91,N110DU,BCS1,AIRBUS A220-100,0
takeoff,LGA,31,1783097649.89,2026-07-03T16:54:09Z,40.772587,-73.8582,300.9,a43e60,N37257,B38M,BOEING 737 MAX 8,0
landing,JFK,22L,1783097713.74,2026-07-03T16:55:13Z,40.636286,-73.761879,210.9,44ccd0,OO-SFP,A333,AIRBUS A-330-300,0
takeoff,LGA,31,1783097720.49,2026-07-03T16:55:20Z,40.772917,-73.858884,300.9,abe0df,N8646B,B738,BOEING 737-800,0
takeoff,JFK,22R,1783097734.91,2026-07-03T16:55:34Z,40.646714,-73.766311,210.9,ab4f5d,N828JB,A320,AIRBUS A-320,0
takeoff,LGA,31,1783097783.8,2026-07-03T16:56:23Z,40.772301,-73.85759,303.8,abdf3f,N864RW,E170,EMBRAER ERJ-170-100,0
landing,JFK,22L,1783097822.98,2026-07-03T16:57:02Z,40.637272,-73.761108,210.9,4a2d24,YR-KID,A332,AIRBUS A-330-200,0
takeoff,LGA,31,1783097859.07,2026-07-03T16:57:39Z,40.772484,-73.858002,300.9,a8f235,N676CA,CRJ9,BOMBARDIER Regional Jet CRJ-900,0
landing,LGA,22,1783097867.75,2026-07-03T16:57:47Z,40.772649,-73.881262,213.8,a20957,N230JQ,E75L,EMBRAER ERJ-170-200 (long wing),0
landing,LGA,22,1783097925.72,2026-07-03T16:58:45Z,40.778847,-73.876129,210.9,c05f04,C-GJZN,DH8D,DE HAVILLAND DHC-8-400 Dash 8,0
landing,JFK,22L,1783097944.57,2026-07-03T16:59:04Z,40.636112,-73.762004,210.9,a16ff1,N192DN,B763,BOEING 767-300,0
takeoff,LGA,31,1783097947.84,2026-07-03T16:59:07Z,40.773937,-73.861023,298.1,a6ce58,N538CA,CRJ9,BOMBARDIER Regional Jet CRJ-900,0
landing,LGA,22,1783098001.03,2026-07-03T17:00:01Z,40.777016,-73.877655,213.8,a3c259,N341PQ,CRJ9,BOMBARDIER Regional Jet CRJ-900,0
takeoff,LGA,31,1783098018.98,2026-07-03T17:00:18Z,40.776129,-73.865578,300.9,a4ddca,N412YX,E75L,EMBRAER ERJ-170-200 (long wing),0
landing,LGA,22,1783098076.36,2026-07-03T17:01:16Z,40.774395,-73.879822,210.9,a35e6f,N316PQ,CRJ9,BOMBARDIER Regional Jet CRJ-900,0
landing,LGA,22,1783098163.54,2026-07-03T17:02:43Z,40.774779,-73.879483,213.8,a8a490,N656RW,E170,EMBRAER ERJ-170-100,0
landing,LGA,22,1783098204.51,2026-07-03T17:03:24Z,40.77776,-73.877029,213.8,ac210e,N8806Q,B38M,BOEING 737 MAX 8,0
takeoff,JFK,22R,1783098211.6,2026-07-03T17:03:31Z,40.646221,-73.766693,210.9,ad3581,N950JT,A321,AIRBUS A-321,0
takeoff,LGA,31,1783098213.95,2026-07-03T17:03:33Z,40.772633,-73.858292,300.9,ada699,N979RP,E170,EMBRAER ERJ-170-100,0
takeoff,LGA,31,1783098269.14,2026-07-03T17:04:29Z,40.772277,-73.857573,306.6,ac8efa,N908XJ,CRJ9,BOMBARDIER Regional Jet CRJ-900,0
landing,JFK,22L,1783098288.17,2026-07-03T17:04:48Z,40.636368,-73.761801,210.9,a5e9f4,N480PX,CRJ9,BOMBARDIER Regional Jet CRJ-900,0
landing,LGA,22,1783098302.71,2026-07-03T17:05:02Z,40.775035,-73.87928,213.8,a4fddb,N420YX,E75L,EMBRAER ERJ-170-200 (long wing),0
landing,LGA,22,1783098364.5,2026-07-03T17:06:04Z,40.774896,-73.879405,213.8,a422f7,N366DX,A321,AIRBUS A-321,0
landing,JFK,22L,1783098394.54,2026-07-03T17:06:34Z,40.6356,-73.76241,210.9,a35cba,N3157J,BCS3,AIRBUS A220-300,0
takeoff,JFK,22R,1783098406.84,2026-07-03T17:06:46Z,40.646255,-73.766647,210.9,a85c3e,N638JB,A320,AIRBUS A-320,0
landing,LGA,22,1783098447.74,2026-07-03T17:07:27Z,40.77602,-73.878464,213.8,a32814,N302PQ,CRJ9,BOMBARDIER Regional Jet CRJ-900,0
takeoff,LGA,31,1783098449.09,2026-07-03T17:07:29Z,40.772449,-73.85788,303.8,a1ff90,N228JQ,E75L,EMBRAER ERJ-170-200 (long wing),0
takeoff,JFK,22R,1783098504.2,2026-07-03T17:08:24Z,40.649357,-73.764221,210.9,a51f4a,N429YX,E75L,EMBRAER ERJ-170-200 (long wing),0
takeoff,LGA,31,1783098517.54,2026-07-03T17:08:37Z,40.772655,-73.858322,303.8,a8a0d9,N655RW,E170,EMBRAER ERJ-170-100,0
takeoff,JFK,22R,1783098561.83,2026-07-03T17:09:21Z,40.649277,-73.764297,213.8,a546c9,N439YX,E75L,EMBRAER ERJ-170-200 (long wing),0
takeoff,LGA,31,1783098579.25,2026-07-03T17:09:39Z,40.772359,-73.857713,300.9,ab6519,N833SK,CRJ9,BOMBARDIER Regional Jet CRJ-900,0
landing,LGA,22,1783098591.64,2026-07-03T17:09:51Z,40.771637,-73.882073,210.9,a15795,N186GJ,CRJ9,BOMBARDIER Regional Jet CRJ-900,0
takeoff,JFK,22R,1783098637.35,2026-07-03T17:10:37Z,40.646027,-73.766842,209.6,507c54,UK-78704,B788,BOEING 787-8 Dreamliner,0
landing,JFK,22L,1783098655.97,2026-07-03T17:10:55Z,40.635818,-73.762253,210.9,ab8fd0,N844MH,B764,BOEING 767-400,0
landing,LGA,22,1783098667.66,2026-07-03T17:11:07Z,40.778023,-73.876816,213.8,a79821,N589JB,A320,AIRBUS A-320,0
landing,LGA,22,1783098733.01,2026-07-03T17:12:13Z,40.777039,-73.87767,213.8,a6f98e,N549CA,CRJ9,BOMBARDIER Regional Jet CRJ-900,0
takeoff,LGA,31,1783098737.68,2026-07-03T17:12:17Z,40.772812,-73.858681,300.9,a022c4,N108DN,A321,AIRBUS A-321,0
takeoff,JFK,22R,1783098753.26,2026-07-03T17:12:33Z,40.646365,-73.766577,210.9,ad846f,N970JB,A321,AIRBUS A-321,0
landing,JFK,22L,1783098770.09,2026-07-03T17:12:50Z,40.63212,-73.765141,210.9,ab7394,N837NN,B738,BOEING 737-800,0
takeoff,JFK,22R,1783098805.21,2026-07-03T17:13:25Z,40.64946,-73.764145,210.9,a8496e,N633FR,A21N,AIRBUS A-321neo,0
landing,LGA,22,1783098814.71,2026-07-03T17:13:34Z,40.775436,-73.878967,210.9,a05dba,N12216,B738,BOEING 737-800,0
takeoff,LGA,31,1783098815.16,2026-07-03T17:13:35Z,40.772232,-73.857468,303.8,a1acdb,N207JQ,E75L,EMBRAER ERJ-170-200 (long wing),0
landing,JFK,22L,1783098859.51,2026-07-03T17:14:19Z,40.635018,-73.762878,210.9,a5f162,N482PX,CRJ9,BOMBARDIER Regional Jet CRJ-900,0
landing,LGA,22,1783098925.04,2026-07-03T17:15:25Z,40.776558,-73.878006,213.8,a89d22,N654RW,E170,EMBRAER ERJ-170-100,0
landing,JFK,22L,1783098934.68,2026-07-03T17:15:34Z,40.633827,-73.763794,210.9,a1863b,N198DN,B763,BOEING 767-300,0
landing,LGA,22,1783098974.08,2026-07-03T17:16:14Z,40.777107,-73.877777,213.8,c010e4,C-FGKH,A320,AIRBUS A-320,0
takeoff,JFK,22R,1783098986.41,2026-07-03T17:16:26Z,40.645888,-73.766951,210.9,4ba946,TC-JJF,B77W,BOEING 777-300ER,0
landing,LGA,22,1783099042.47,2026-07-03T17:17:22Z,40.778469,-73.87645,213.8,a3fcd6,N356TX,B38M,,0
landing,JFK,22L,1783099049.01,2026-07-03T17:17:29Z,40.633896,-73.763794,216.6,a2348d,N241JQ,E75L,EMBRAER ERJ-170-200 (long wing),0
landing,JFK,22L,1783099100.26,2026-07-03T17:18:20Z,40.632923,-73.764511,210.9,acd4d7,N926DZ,B739,BOEING 737-900,0
landing,LGA,22,1783099127.86,2026-07-03T17:18:47Z,40.776572,-73.878032,213.8,a87f51,N647AW,A320,AIRBUS A-320,0
landing,JFK,22L,1783099198.83,2026-07-03T17:19:58Z,40.635867,-73.762207,210.9,a33843,N3062J,BCS3,AIRBUS A220-300,0
takeoff,JFK,22R,1783099218.25,2026-07-03T17:20:18Z,40.645992,-73.766861,210.9,ab4eeb,N828DN,B739,BOEING 737-900,0
landing,LGA,22,1783099239.83,2026-07-03T17:20:39Z,40.77635,-73.878219,208.1,a7c849,N600LR,CRJ9,BOMBARDIER Regional Jet CRJ-900,0
takeoff,LGA,31,1783099256.57,2026-07-03T17:20:56Z,40.773788,-73.860703,300.9,ad01c0,N937XJ,CRJ9,BOMBARDIER Regional Jet CRJ-900,0
landing,JFK,22L,1783099281.11,2026-07-03T17:21:21Z,40.636723,-73.761551,210.9,a7e198,N607DN,A21N,AIRBUS A-321neo,0
takeoff,JFK,22R,1783099281.61,2026-07-03T17:21:21Z,40.64583,-73.766998,210.9,a38af8,N3272J,BCS3,AIRBUS A220-300,0
takeoff,LGA,31,1783099307.67,2026-07-03T17:21:47Z,40.772277,-73.857526,300.9,ab1d06,N815MD,E170,EMBRAER ERJ-170-100,0
takeoff,JFK,22R,1783099326.08,2026-07-03T17:22:06Z,40.649414,-73.764191,210.9,a1fbd9,N227JQ,E75L,EMBRAER ERJ-170-200 (long wing),0
landing,JFK,22L,1783099362.48,2026-07-03T17:22:42Z,40.635611,-73.762394,210.9,4ca74e,EI-EAV,A333,AIRBUS A-330-300,0
takeoff,LGA,31,1783099456.86,2026-07-03T17:24:16Z,40.772919,-73.858856,298.1,a320a6,N300PQ,CRJ9,BOMBARDIER Regional Jet CRJ-900,0
landing,LGA,22,1783099458.39,2026-07-03T17:24:18Z,40.774761,-73.879517,210.9,a1f46b,N225JQ,E75L,EMBRAER ERJ-170-200 (long wing),0
landing,JFK,22L,1783099506.33,2026-07-03T17:25:06Z,40.635332,-73.762628,210.9,a61173,N490PX,CRJ9,BOMBARDIER Regional Jet CRJ-900,0
landing,LGA,22,1783099524.97,2026-07-03T17:25:24Z,40.777619,-73.877158,213.8,abc49b,N8576Z,B738,BOEING 737-800,0
takeoff,LGA,31,1783099525.13,2026-07-03T17:25:25Z,40.772335,-73.857651,303.8,a098f6,N138AN,A321,AIRBUS A-321,0
takeoff,JFK,22R,1783099560.89,2026-07-03T17:26:00Z,40.646574,-73.766421,210.9,a74e7a,N570AS,B738,BOEING 737-800,0
landing,LGA,22,1783099597.89,2026-07-03T17:26:37Z,40.776913,-73.877747,213.8,a388af,N327DU,BCS3,,0
takeoff,LGA,31,1783099597.93,2026-07-03T17:26:37Z,40.772358,-73.857712,303.8,a0b8fb,N146AA,A321,AIRBUS A-321,0
landing,JFK,22L,1783099625.99,2026-07-03T17:27:05Z,40.635006,-73.762925,210.9,aa944a,N781AN,B772,BOEING 777-200,0
landing,LGA,22,1783099700.34,2026-07-03T17:28:20Z,40.775047,-73.87928,213.8,a04e60,N119HQ,E75L,EMBRAER ERJ-170-200 (long wing),0
takeoff,LGA,22,1783099700.34,2026-07-03T17:28:20Z,40.775047,-73.87928,213.8,a04e60,N119HQ,E75L,EMBRAER ERJ-170-200 (long wing),0
takeoff,JFK,22R,1783099736.04,2026-07-03T17:28:56Z,40.646132,-73.766764,210.9,a398bc,N3304J,BCS3,AIRBUS A220-300,0
landing,LGA,22,1783099738.64,2026-07-03T17:28:58Z,40.774942,-73.879358,213.8,a442f3,N374DA,B738,BOEING 737-800,0
landing,JFK,22L,1783099768.68,2026-07-03T17:29:28Z,40.635204,-73.762738,210.9,aca79d,N914XJ,CRJ9,BOMBARDIER Regional Jet CRJ-900,0
landing,LGA,04,1783099768.95,2026-07-03T17:29:28Z,40.774837,-73.877954,33.8,a04e60,N119HQ,E75L,EMBRAER ERJ-170-200 (long wing),0
landing,LGA,22,1783099822.97,2026-07-03T17:30:22Z,40.775391,-73.879028,210.9,a48a8f,N392DN,A321,AIRBUS A-321,0
takeoff,LGA,31,1783099827.46,2026-07-03T17:30:27Z,40.772766,-73.858556,303.8,acf849,N935AN,B738,BOEING 737-800,0
landing,JFK,22L,1783099831.38,2026-07-03T17:30:31Z,40.634657,-73.763159,210.9,3c651a,D-AIHZ,A346,AIRBUS A-340-600,0
landing,LGA,22,1783099907.73,2026-07-03T17:31:47Z,40.772049,-73.88176,213.8,acad53,N916DU,B739,BOEING 737-900,0
landing,JFK,22L,1783099966.67,2026-07-03T17:32:46Z,40.63681,-73.761489,210.9,aca02f,N912XJ,CRJ9,BOMBARDIER Regional Jet CRJ-900,0
landing,LGA,22,1783099994.39,2026-07-03T17:33:14Z,40.771905,-73.881855,213.8,a4d65c,N410YX,E75L,EMBRAER ERJ-170-200 (long wing),0
takeoff,JFK,22R,1783100001.9,2026-07-03T17:33:21Z,40.646564,-73.766434,209.7,47ae38,LN-FNL,B789,BOEING 787-9 Dreamliner,0
landing,LGA,22,1783100035.99,2026-07-03T17:33:55Z,40.776649,-73.87796,213.8,a471ec,N386DN,A321,AIRBUS A-321,0
takeoff,LGA,31,1783100044.73,2026-07-03T17:34:04Z,40.772449,-73.857925,300.9,a1ccec,N215JQ,E75L,EMBRAER ERJ-170-200 (long wing),0
landing,JFK,22L,1783100052.11,2026-07-03T17:34:12Z,40.634983,-73.762894,210.9,0c210e,HP-9913CMP,B39M,BOEING 737 MAX 9,0
landing,JFK,22L,1783100156.32,2026-07-03T17:35:56Z,40.634459,-73.763284,210.9,a3795a,N3229J,BCS3,AIRBUS A220-300,0
landing,LGA,22,1783100166.75,2026-07-03T17:36:06Z,40.774686,-73.87953,210.9,ab3d17,N823MD,E170,EMBRAER ERJ-170-100,0
landing,LGA,22,1783100214.13,2026-07-03T17:36:54Z,40.775152,-73.879186,213.8,a46a72,N384DA,B738,BOEING 737-800,0
takeoff,LGA,31,1783100221.85,2026-07-03T17:37:01Z,40.772793,-73.858627,300.9,a4eca6,N416YX,E75L,EMBRAER ERJ-170-200 (long wing),0
landing,JFK,22L,1783100250.86,2026-07-03T17:37:30Z,40.634216,-73.763519,210.9,a07228,N128HQ,E75L,EMBRAER ERJ-170-200 (long wing),0
takeoff,JFK,22R,1783100273.74,2026-07-03T17:37:53Z,40.646679,-73.766342,212.4,0101de,SU-GEU,B789,BOEING 787-9 Dreamliner,0
landing,JFK,22L,1783100321.38,2026-07-03T17:38:41Z,40.633109,-73.764392,210.9,ad8fa4,N973JT,A321,AIRBUS A-321,0
landing,LGA,22,1783100325.66,2026-07-03T17:38:45Z,40.777302,-73.877426,213.8,a327cc,N302LT,CL30,BOMBARDIER BD-100 Challenger 300,0
takeoff,LGA,31,1783100334.14,2026-07-03T17:38:54Z,40.772766,-73.858556,300.9,a00ce0,N102HQ,E75L,EMBRAER ERJ-170-200 (long wing),0
landing,JFK,22L,1783100402.01,2026-07-03T17:40:02Z,40.635041,-73.762862,210.9,a0f4a2,N1604R,B763,BOEING 767-300,0
takeoff,JFK,22R,1783100412.69,2026-07-03T17:40:12Z,40.646633,-73.766357,210.9,aacf19,N796JB,A320,AIRBUS A-320,0
takeoff,LGA,31,1783100424.15,2026-07-03T17:40:24Z,40.772438,-73.857849,300.9,abd7d1,N862RW,E170,EMBRAER ERJ-170-100,0
landing,LGA,22,1783100431.78,2026-07-03T17:40:31Z,40.774733,-73.879545,213.8,a4d04c,N409YX,E75L,EMBRAER ERJ-170-200 (long wing),0
takeoff,JFK,22R,1783100483.28,2026-07-03T17:41:23Z,40.647686,-73.765564,210.9,8695a4,JA797A,B77W,BOEING 777-300ER,0
landing,LGA,22,1783100518.39,2026-07-03T17:41:58Z,40.774942,-73.879358,213.8,a1f822,N226JQ,E75L,EMBRAER ERJ-170-200 (long wing),0
landing,JFK,22L,1783100532.76,2026-07-03T17:42:12Z,40.631352,-73.765765,213.8,a05bde,N122HQ,E75L,EMBRAER ERJ-170-200 (long wing),0
takeoff,LGA,31,1783100533.09,2026-07-03T17:42:13Z,40.774139,-73.861443,295.3,a21142,N232PQ,CRJ9,BOMBARDIER Regional Jet CRJ-900,0
landing,JFK,22L,1783100574.8,2026-07-03T17:42:54Z,40.634168,-73.763549,210.9,a1d99b,N2180J,A21N,AIRBUS A-321neo,0
takeoff,LGA,31,1783100593.22,2026-07-03T17:43:13Z,40.77277,-73.858597,300.9,a8904d,N6509,GLEX,BOMBARDIER BD-700 Global 6000/6500,0
takeoff,JFK,22R,1783100613.58,2026-07-03T17:43:33Z,40.646381,-73.766571,210.9,acaf0b,N916XJ,CRJ9,BOMBARDIER Regional Jet CRJ-900,0
landing,LGA,22,1783100673.51,2026-07-03T17:44:33Z,40.773273,-73.879913,180.0,a22358,N237JQ,E75L,EMBRAER ERJ-170-200 (long wing),0
takeoff,JFK,22R,1783100675.06,2026-07-03T17:44:35Z,40.646324,-73.766602,210.9,a7ad0d,N594JB,A320,AIRBUS A-320,0
landing,JFK,22L,1783100680.79,2026-07-03T17:44:40Z,40.634168,-73.763549,210.9,ac671b,N899DN,B739,BOEING 737-900,0
landing,LGA,22,1783100735.33,2026-07-03T17:45:35Z,40.773605,-73.879929,185.6,ac159a,N878RW,E170,EMBRAER ERJ-170-100,0
landing,JFK,22L,1783100757.29,2026-07-03T17:45:57Z,40.636612,-73.76163,210.9,ab2c0c,N819NW,A333,AIRBUS A-330-300,0
landing,LGA,22,1783100802.82,2026-07-03T17:46:42Z,40.775792,-73.878656,213.8,a34825,N310PQ,CRJ9,BOMBARDIER Regional Jet CRJ-900,0
takeoff,JFK,22R,1783100808.95,2026-07-03T17:46:48Z,40.646807,-73.766233,210.9,8418b4,JA06WJ,A35K,AIRBUS A-350-1000,0
landing,LGA,22,1783100856.78,2026-07-03T17:47:36Z,40.77507,-73.87928,213.8,a187ba,N198UW,A321,AIRBUS A-321,0
takeoff,LGA,31,1783100885.32,2026-07-03T17:48:05Z,40.776443,-73.866333,300.9,a386fb,N3260J,BCS3,,0
landing,LGA,22,1783100929.44,2026-07-03T17:48:49Z,40.775396,-73.878999,213.8,a24591,N24542,A21N,,0
landing,JFK,22L,1783100930.82,2026-07-03T17:48:50Z,40.633015,-73.764969,233.4,a4c8de,N407YX,E75L,EMBRAER ERJ-170-200 (long wing),0
takeoff,JFK,22L,1783100930.82,2026-07-03T17:48:50Z,40.633015,-73.764969,233.4,a4c8de,N407YX,E75L,EMBRAER ERJ-170-200 (long wing),0
landing,JFK,22L,1783100931.61,2026-07-03T17:48:51Z,40.632923,-73.765152,236.2,a4c8de,N407YX,E75L,EMBRAER ERJ-170-200 (long wing),0
takeoff,JFK,22R,1783100936.93,2026-07-03T17:48:56Z,40.64669,-73.766327,210.9,ac058a,N874DN,B739,BOEING 737-900,0
takeoff,LGA,31,1783100988.08,2026-07-03T17:49:48Z,40.772598,-73.858215,300.9,a866c7,N640RW,E170,EMBRAER ERJ-170-100,0
landing,JFK,22L,1783100997.2,2026-07-03T17:49:57Z,40.634226,-73.763487,213.8,a03bcd,N114HQ,E75L,EMBRAER ERJ-170-200 (long wing),0
landing,JFK,22R,1783101048.46,2026-07-03T17:50:48Z,40.633324,-73.776764,210.9,a12861,N174DN,B763,BOEING 767-300,0
takeoff,LGA,31,1783101061.57,2026-07-03T17:51:01Z,40.772667,-73.858337,303.8,a01097,N103HQ,E75L,EMBRAER ERJ-170-200 (long wing),0
landing,LGA,22,1783101067.74,2026-07-03T17:51:07Z,40.774292,-73.879791,199.7,abc2e5,N857RW,E170,EMBRAER ERJ-170-100,0
landing,JFK,22L,1783101069.35,2026-07-03T17:51:09Z,40.638462,-73.760193,210.9,a6e361,N543DE,A21N,AIRBUS A-321neo,0
takeoff,JFK,22R,1783101102.17,2026-07-03T17:51:42Z,40.649682,-73.76397,210.9,ade569,N995CA,P212,TECNAM P-2012 Traveller,0
landing,LGA,22,1783101114.73,2026-07-03T17:51:54Z,40.777677,-73.877127,210.9,aa7e7a,N77536,B738,BOEING 737-800,0
takeoff,LGA,31,1783101121.91,2026-07-03T17:52:01Z,40.772438,-73.85791,300.9,ace7bf,N930XJ,CRJ9,BOMBARDIER Regional Jet CRJ-900,0
landing,JFK,22L,1783101155.39,2026-07-03T17:52:35Z,40.635541,-73.762457,210.9,ad1861,N943AV,A20N,AIRBUS A-320neo,0
landing,JFK,22R,1783101221.91,2026-07-03T17:53:41Z,40.633484,-73.776627,210.9,a11380,N169DZ,B763,BOEING 767-300,0
landing,LGA,22,1783101226.03,2026-07-03T17:53:46Z,40.776031,-73.878479,210.9,a08021,N131NN,A321,AIRBUS A-321,0
takeoff,LGA,31,1783101236.79,2026-07-03T17:53:56Z,40.772801,-73.858618,300.9,ac1951,N879RW,E170,EMBRAER ERJ-170-100,0
landing,JFK,22L,1783101270.54,2026-07-03T17:54:30Z,40.635818,-73.762238,210.9,ab6162,N832SK,CRJ9,BOMBARDIER Regional Jet CRJ-900,0
takeoff,JFK,22R,1783101297.85,2026-07-03T17:54:57Z,40.646854,-73.766202,208.1,a145b7,N181PQ,CRJ9,BOMBARDIER Regional Jet CRJ-900,0
landing,LGA,22,1783101298.79,2026-07-03T17:54:58Z,40.776123,-73.878403,213.8,a3b79c,N339DU,,,0
takeoff,LGA,31,1783101312.81,2026-07-03T17:55:12Z,40.772836,-73.858696,300.9,a36130,N317DU,BCS3,AIRBUS A220-300,0
landing,JFK,22L,1783101347.98,2026-07-03T17:55:47Z,40.634995,-73.762878,210.9,0c6061,9Y-TTO,B38M,BOEING 737 MAX 8,0
landing,JFK,22R,1783101412.79,2026-07-03T17:56:52Z,40.633447,-73.776673,210.9,ab0a9d,N810NW,A333,AIRBUS A-330-300,0
landing,LGA,22,1783101420.8,2026-07-03T17:57:00Z,40.777665,-73.877111,210.9,a148b9,N182GJ,CRJ9,BOMBARDIER Regional Jet CRJ-900,0
takeoff,LGA,31,1783101438.7,2026-07-03T17:57:18Z,40.77251,-73.858025,303.8,a4c170,N405YX,E75L,EMBRAER ERJ-170-200 (long wing),0
landing,JFK,22L,1783101441.53,2026-07-03T17:57:21Z,40.638079,-73.760459,210.9,adea8d,N996SR,CL60,BOMBARDIER CL-600 Challenger,8
landing,LGA,22,1783101533.32,2026-07-03T17:58:53Z,40.775117,-73.879186,213.8,a1be10,N211JQ,E75L,EMBRAER ERJ-170-200 (long wing),0
takeoff,LGA,31,1783101533.97,2026-07-03T17:58:53Z,40.772906,-73.858868,300.9,a2af3e,N272PQ,CRJ9,BOMBARDIER Regional Jet CRJ-900,0
takeoff,JFK,22R,1783101537.08,2026-07-03T17:58:57Z,40.646393,-73.766556,210.9,a3dfeb,N349NB,A319,AIRBUS A-319,0
takeoff,LGA,13,1783101566.41,2026-07-03T17:59:26Z,40.772312,-73.866196,132.2,a388af,N327DU,BCS3,,0
landing,JFK,22L,1783101586.89,2026-07-03T17:59:46Z,40.636906,-73.761398,210.9,0d0a77,XA-VAW,A320,AIRBUS A-320,0
takeoff,LGA,31,1783101615.78,2026-07-03T18:00:15Z,40.772816,-73.858673,300.9,a3411f,N309DU,BCS3,AIRBUS A220-300,0
landing,LGA,22,1783101617.83,2026-07-03T18:00:17Z,40.775402,-73.878967,213.8,a1f0b4,N224JQ,E75L,EMBRAER ERJ-170-200 (long wing),0
landing,JFK,22R,1783101627.51,2026-07-03T18:00:27Z,40.632248,-73.777618,210.9,40771a,G-VDOT,A35K,AIRBUS A-350-1000,0
takeoff,JFK,22R,1783101627.51,2026-07-03T18:00:27Z,40.632248,-73.777618,210.9,40771a,G-VDOT,A35K,AIRBUS A-350-1000,0
landing,JFK,22R,1783101629.28,2026-07-03T18:00:29Z,40.632027,-73.777797,210.9,40771a,G-VDOT,A35K,AIRBUS A-350-1000,0
landing,JFK,22L,1783101650.51,2026-07-03T18:00:50Z,40.633831,-73.763814,210.9,ad8bed,N972JT,A321,AIRBUS A-321,0
landing,LGA,22,1783101695.57,2026-07-03T18:01:35Z,40.777316,-73.877439,213.8,a448ba,N3750D,B738,BOEING 737-800,0
takeoff,JFK,22R,1783101720.99,2026-07-03T18:02:00Z,40.646004,-73.766876,210.9,71be19,HL7619,A388,AIRBUS A-380-800,0
landing,JFK,22L,1783101734.83,2026-07-03T18:02:14Z,40.637112,-73.761246,210.9,780a3b,B-KQI,B77W,BOEING 777-300ER,0
landing,LGA,22,1783101811.71,2026-07-03T18:03:31Z,40.774235,-73.879852,196.9,abe2f6,N865RW,E170,EMBRAER ERJ-170-100,0
landing,JFK,22R,1783101822.64,2026-07-03T18:03:42Z,40.631138,-73.778488,209.6,ab4e94,N828AA,B789,BOEING 787-9 Dreamliner,0
landing,JFK,22L,1783101831.29,2026-07-03T18:03:51Z,40.635844,-73.762207,212.4,0d085d,XA-AMR,B788,BOEING 787-8 Dreamliner,0
landing,LGA,22,1783101860.21,2026-07-03T18:04:20Z,40.77777,-73.877033,213.8,a1ea70,N222WN,B737,BOEING 737-700,0
takeoff,LGA,31,1783101863.84,2026-07-03T18:04:23Z,40.772463,-73.857916,300.9,a0433b,N116HQ,E75L,EMBRAER ERJ-170-200 (long wing),0
takeoff,JFK,22R,1783101926.76,2026-07-03T18:05:26Z,40.646435,-73.766514,210.9,a35854,N3142J,BCS3,AIRBUS A220-300,0
landing,LGA,22,1783101951.77,2026-07-03T18:05:51Z,40.774512,-73.879655,208.1,a517dc,N427YX,E75L,EMBRAER ERJ-170-200 (long wing),0
landing,JFK,22L,1783101965.26,2026-07-03T18:06:05Z,40.637962,-73.760568,210.9,a3d10f,N345NB,A319,AIRBUS A-319,0
landing,LGA,22,1783101986.12,2026-07-03T18:06:26Z,40.776176,-73.878344,210.9,aa7426,N77295,B738,BOEING 737-800,0
takeoff,LGA,31,1783101996.03,2026-07-03T18:06:36Z,40.772789,-73.858603,300.9,4d22a1,9H-AMO,GLF4,GULFSTREAM 4,8
landing,JFK,22R,1783102014.82,2026-07-03T18:06:54Z,40.635384,-73.775162,210.9,ab599b,N830NW,A333,AIRBUS A-330-300,0
landing,JFK,22L,1783102052.52,2026-07-03T18:07:32Z,40.635926,-73.762145,210.9,a39338,N3298J,,,0
takeoff,LGA,31,1783102086.36,2026-07-03T18:08:06Z,40.772405,-73.857791,300.9,a3c259,N341PQ,CRJ9,BOMBARDIER Regional Jet CRJ-900,0
takeoff,JFK,22R,1783102091.9,2026-07-03T18:08:11Z,40.646272,-73.766655,210.9,ab8862,N842MH,B764,BOEING 767-400,0
landing,LGA,22,1783102096.32,2026-07-03T18:08:16Z,40.775139,-73.879211,210.9,a05f95,N123HQ,E75L,EMBRAER ERJ-170-200 (long wing),0
landing,JFK,22L,1783102141.38,2026-07-03T18:09:01Z,40.637409,-73.761002,210.9,acab54,N915XJ,CRJ9,BOMBARDIER Regional Jet CRJ-900,0
takeoff,JFK,22R,1783102184.96,2026-07-03T18:09:44Z,40.647091,-73.766022,210.9,a360b7,N3169J,BCS3,AIRBUS A220-300,0
takeoff,LGA,31,1783102189.57,2026-07-03T18:09:49Z,40.772335,-73.857666,300.9,a086ce,N133EV,CRJ9,BOMBARDIER Regional Jet CRJ-900,0
landing,LGA,22,1783102201.8,2026-07-03T18:10:01Z,40.775082,-73.879242,213.8,a03f84,N115HQ,E75L,EMBRAER ERJ-170-200 (long wing),0
landing,JFK,22L,1783102224.84,2026-07-03T18:10:24Z,40.635063,-73.762848,210.9,ace063,N929JB,A321,AIRBUS A-321,0
landing,LGA,22,1783102275.6,2026-07-03T18:11:15Z,40.776169,-73.878342,210.9,a33339,N305PQ,CRJ9,BOMBARDIER Regional Jet CRJ-900,0
landing,JFK,22R,1783102282.58,2026-07-03T18:11:22Z,40.636798,-73.774067,210.9,a3298a,N3023J,BCS3,AIRBUS A220-300,0
landing,LGA,22,1783102340.12,2026-07-03T18:12:20Z,40.777805,-73.877017,210.9,a38237,N325PQ,CRJ9,BOMBARDIER Regional Jet CRJ-900,0
landing,JFK,22L,1783102345.69,2026-07-03T18:12:25Z,40.635681,-73.762347,210.9,acf2e4,N933XJ,CRJ9,BOMBARDIER Regional Jet CRJ-900,0
takeoff,LGA,31,1783102347.09,2026-07-03T18:12:27Z,40.772621,-73.858261,303.8,a41722,N36272,B738,BOEING 737-800,0
landing,JFK,22L,1783102426.56,2026-07-03T18:13:46Z,40.633831,-73.763814,210.9,ac10af,N877DN,B739,BOEING 737-900,0
takeoff,LGA,31,1783102430.34,2026-07-03T18:13:50Z,40.772472,-73.857956,300.9,a1b449,N209JQ,E75L,EMBRAER ERJ-170-200 (long wing),0
landing,LGA,22,1783102441.2,2026-07-03T18:14:01Z,40.775082,-73.879242,210.9,ab40ce,N824MD,E170,EMBRAER ERJ-170-100,0
landing,LGA,22,1783102511.94,2026-07-03T18:15:11Z,40.778057,-73.876785,210.9,a336f0,N306PQ,CRJ9,BOMBARDIER Regional Jet CRJ-900,0
landing,JFK,22L,1783102551.37,2026-07-03T18:15:51Z,40.634191,-73.763534,213.8,a06e71,N127HQ,E75L,EMBRAER ERJ-170-200 (long wing),0
takeoff,LGA,31,1783102603.93,2026-07-03T18:16:43Z,40.772545,-73.858166,303.8,ad8935,N971UY,A321,AIRBUS A-321,0
landing,JFK,22L,1783102616.68,2026-07-03T18:16:56Z,40.6367,-73.761551,210.9,a01880,N105NN,A321,AIRBUS A-321,0
landing,JFK,22R,1783102617.7,2026-07-03T18:16:57Z,40.633587,-73.776566,210.9,abbee3,N856NW,A332,AIRBUS A-330-200,0
landing,LGA,22,1783102625.68,2026-07-03T18:17:05Z,40.771649,-73.882058,213.8,a5307f,N433YX,E75L,EMBRAER ERJ-170-200 (long wing),0
takeoff,JFK,22R,1783102700.67,2026-07-03T18:18:20Z,40.646958,-73.766108,210.9,e80212,CC-CXC,B763,BOEING 767-300,0
takeoff,LGA,31,1783102701.06,2026-07-03T18:18:21Z,40.772475,-73.857947,300.9,a4fddb,N420YX,E75L,EMBRAER ERJ-170-200 (long wing),0
landing,LGA,22,1783102715.25,2026-07-03T18:18:35Z,40.774337,-73.879811,208.1,aaa19e,N784YX,E75L,,0
landing,JFK,22L,1783102750.82,2026-07-03T18:19:10Z,40.637171,-73.761177,208.1,a39ada,N331PQ,CRJ9,BOMBARDIER Regional Jet CRJ-900,0
landing,LGA,22,1783102818.66,2026-07-03T18:20:18Z,40.776746,-73.877876,210.9,a091f3,N136EV,CRJ9,BOMBARDIER Regional Jet CRJ-900,0
takeoff,LGA,31,1783102827.05,2026-07-03T18:20:27Z,40.772777,-73.858587,300.9,ac3ee9,N8887Q,B38M,BOEING 737 MAX 8,0
landing,JFK,22R,1783102849.65,2026-07-03T18:20:49Z,40.633598,-73.776549,208.1,a1eddd,N223TP,BE20,BEECH 200 Super King Air,0
landing,JFK,22L,1783102892.32,2026-07-03T18:21:32Z,40.635029,-73.762863,210.9,a1bc29,N2102J,A21N,AIRBUS A-321neo,0
landing,LGA,22,1783102916.22,2026-07-03T18:21:56Z,40.775931,-73.878562,213.8,a4cc95,N408YX,E75L,EMBRAER ERJ-170-200 (long wing),0
landing,JFK,22R,1783102935.03,2026-07-03T18:22:15Z,40.631887,-73.777906,210.9,7100c8,HZ-AK36,B77W,BOEING 777-300ER,0
landing,JFK,22L,1783102985.7,2026-07-03T18:23:05Z,40.637959,-73.76059,210.9,ab6fbf,N836MH,B764,BOEING 767-400,0
landing,LGA,22,1783103008.07,2026-07-03T18:23:28Z,40.7761,-73.878418,210.9,a3e011,N349PQ,CRJ9,BOMBARDIER Regional Jet CRJ-900,0
takeoff,JFK,22R,1783103010.84,2026-07-03T18:23:30Z,40.646049,-73.76683,212.4,04c15b,5Y-KZJ,B788,BOEING 787-8 Dreamliner,0
landing,LGA,22,1783103099.36,2026-07-03T18:24:59Z,40.77681,-73.877823,210.9,a93d7c,N695CA,CRJ9,BOMBARDIER Regional Jet CRJ-900,0
landing,JFK,22R,1783103100.52,2026-07-03T18:25:00Z,40.630688,-73.778811,209.6,485e2e,PH-BKH,B78X,BOEING 787-10 Dreamliner,0
landing,JFK,22L,1783103143.65,2026-07-03T18:25:43Z,40.635761,-73.762299,210.9,ade609,N995JL,A321,AIRBUS A-321,0
landing,LGA,22,1783103183.52,2026-07-03T18:26:23Z,40.771706,-73.88205,210.9,a359c2,N315DU,BCS3,AIRBUS A220-300,0
landing,JFK,22R,1783103247.32,2026-07-03T18:27:27Z,40.632603,-73.777328,210.9,4b1882,HB-JHI,A333,AIRBUS A-330-300,0
landing,JFK,22L,1783103260.3,2026-07-03T18:27:40Z,40.633761,-73.763846,210.9,abf6ae,N870DN,B739,BOEING 737-900,0
landing,LGA,22,1783103270.38,2026-07-03T18:27:50Z,40.77491,-73.87941,210.9,a35efa,N316VD,B38M,BOEING 737 MAX 8,0
takeoff,JFK,22R,1783103331.68,2026-07-03T18:28:51Z,40.645981,-73.766857,208.1,a34d98,N3115J,BCS3,AIRBUS A220-300,0
landing,JFK,22L,1783103379.99,2026-07-03T18:29:39Z,40.633873,-73.763824,216.6,a1c935,N214JQ,E75L,EMBRAER ERJ-170-200 (long wing),0
takeoff,LGA,31,1783103382.68,2026-07-03T18:29:42Z,40.772575,-73.85817,300.9,a1f46b,N225JQ,E75L,EMBRAER ERJ-170-200 (long wing),0
takeoff,JFK,22R,1783103390.55,2026-07-03T18:29:50Z,40.646347,-73.766571,210.9,adea26,N996NN,B738,BOEING 737-800,0
landing,LGA,22,1783103392.84,2026-07-03T18:29:52Z,40.771637,-73.88208,213.8,a4e8ef,N415YX,E75L,EMBRAER ERJ-170-200 (long wing),0
takeoff,JFK,22R,1783103444.35,2026-07-03T18:30:44Z,40.646233,-73.766663,210.9,a71efa,N558UW,A321,AIRBUS A-321,0
landing,JFK,22L,1783103444.82,2026-07-03T18:30:44Z,40.635425,-73.76255,210.9,ad1cde,N944JT,A321,AIRBUS A-321,0
takeoff,LGA,31,1783103476.35,2026-07-03T18:31:16Z,40.772747,-73.858521,300.9,ac210e,N8806Q,B38M,BOEING 737 MAX 8,0
landing,LGA,22,1783103477.27,2026-07-03T18:31:17Z,40.775093,-73.879233,213.8,abbb77,N855RW,E170,EMBRAER ERJ-170-100,0
landing,JFK,22R,1783103532.86,2026-07-03T18:32:12Z,40.633819,-73.776377,210.9,4caa6d,EI-EJO,A332,AIRBUS A-330-200,0
landing,LGA,22,1783103586.69,2026-07-03T18:33:06Z,40.774006,-73.880157,213.8,acfc56,N936DZ,B739,,0
takeoff,LGA,31,1783103601.92,2026-07-03T18:33:21Z,40.772463,-73.857932,300.9,a42a5c,N368DN,A321,AIRBUS A-321,0
landing,JFK,22L,1783103685.57,2026-07-03T18:34:45Z,40.632523,-73.764832,210.9,a3c649,N342RX,B38M,BOEING 737 MAX 8,0
landing,LGA,22,1783103691.83,2026-07-03T18:34:51Z,40.776502,-73.878063,210.9,a310cf,N297PQ,CRJ9,BOMBARDIER Regional Jet CRJ-900,0
takeoff,LGA,31,1783103696.55,2026-07-03T18:34:56Z,40.772518,-73.858032,303.8,a422f7,N366DX,A321,AIRBUS A-321,0
landing,JFK,22R,1783103706.15,2026-07-03T18:35:06Z,40.632935,-73.777095,210.9,a1775f,N194DN,B763,BOEING 767-300,0
landing,JFK,22L,1783103766.95,2026-07-03T18:36:06Z,40.634482,-73.763284,210.9,a364e7,N318DU,BCS3,,0
takeoff,LGA,31,1783103786.34,2026-07-03T18:36:26Z,40.772265,-73.857542,306.6,a04e60,N119HQ,E75L,EMBRAER ERJ-170-200 (long wing),0
landing,LGA,22,1783103789.91,2026-07-03T18:36:29Z,40.774721,-73.87953,210.9,ab282b,N818MD,E170,EMBRAER ERJ-170-100,0
takeoff,JFK,22R,1783103797.75,2026-07-03T18:36:37Z,40.646782,-73.766251,210.9,a65bbc,N509DT,A21N,AIRBUS A-321neo,0
landing,JFK,22L,1783103857.39,2026-07-03T18:37:37Z,40.635578,-73.762436,210.9,a3845c,N3258J,BCS3,,0
takeoff,JFK,22R,1783103910.25,2026-07-03T18:38:30Z,40.647098,-73.765999,210.9,a5f162,N482PX,CRJ9,BOMBARDIER Regional Jet CRJ-900,0
landing,LGA,22,1783103920.44,2026-07-03T18:38:40Z,40.778108,-73.876736,213.8,c08537,C-GYLQ,BCS3,AIRBUS A220-300,0
landing,JFK,22L,1783103936.34,2026-07-03T18:38:56Z,40.637249,-73.761124,210.9,ad27f3,N947JB,A321,AIRBUS A-321,0
takeoff,LGA,31,1783103937.89,2026-07-03T18:38:57Z,40.77475,-73.862701,303.8,a15795,N186GJ,CRJ9,BOMBARDIER Regional Jet CRJ-900,0
landing,JFK,22L,1783104012.79,2026-07-03T18:40:12Z,40.636597,-73.761612,213.8,a6152a,N491PX,CRJ9,BOMBARDIER Regional Jet CRJ-900,0
landing,LGA,22,1783104017.91,2026-07-03T18:40:17Z,40.777061,-73.877609,208.1,a7dadc,N605LR,CRJ9,BOMBARDIER Regional Jet CRJ-900,0
takeoff,LGA,31,1783104068.5,2026-07-03T18:41:08Z,40.772324,-73.857651,303.8,a327cc,N302LT,CL30,BOMBARDIER BD-100 Challenger 300,0
landing,LGA,22,1783104073.72,2026-07-03T18:41:13Z,40.775997,-73.878494,210.9,a3b4d6,N338PK,B738,BOEING 737-800,0
landing,JFK,22R,1783104081.32,2026-07-03T18:41:21Z,40.632143,-73.777657,210.9,8963ea,A6-EOM,A388,AIRBUS A-380-800,0
landing,JFK,22L,1783104119.05,2026-07-03T18:41:59Z,40.630444,-73.766717,225.0,a50900,N423YX,E75L,EMBRAER ERJ-170-200 (long wing),0
takeoff,JFK,22L,1783104119.65,2026-07-03T18:41:59Z,40.630371,-73.766815,227.8,a50900,N423YX,E75L,EMBRAER ERJ-170-200 (long wing),0
landing,JFK,22L,1783104121.53,2026-07-03T18:42:01Z,40.630131,-73.767181,230.6,a50900,N423YX,E75L,EMBRAER ERJ-170-200 (long wing),0
landing,LGA,22,1783104148.16,2026-07-03T18:42:28Z,40.778069,-73.876785,210.9,a01f0d,N107DN,A321,AIRBUS A-321,0
takeoff,LGA,31,1783104174.07,2026-07-03T18:42:54Z,40.775478,-73.86433,298.1,a7c849,N600LR,CRJ9,BOMBARDIER Regional Jet CRJ-900,0
takeoff,LGA,13,1783104175.54,2026-07-03T18:42:55Z,40.771579,-73.858462,120.9,ab3d17,N823MD,E170,EMBRAER ERJ-170-100,0
landing,JFK,22L,1783104184.6,2026-07-03T18:43:04Z,40.634482,-73.763268,210.9,a3556f,N3138J,BCS3,AIRBUS A220-300,0
takeoff,LGA,31,1783104195.88,2026-07-03T18:43:15Z,40.772393,-73.857791,300.9,a6f98e,N549CA,CRJ9,BOMBARDIER Regional Jet CRJ-900,0
landing,LGA,22,1783104265.19,2026-07-03T18:44:25Z,40.778286,-73.876617,213.8,aaa5ff,N7854B,B737,BOEING 737-700,0
landing,JFK,22R,1783104266.08,2026-07-03T18:44:26Z,40.633633,-73.776517,210.9,abca08,N859NW,A332,AIRBUS A-330-200,0
takeoff,LGA,13,1783104276.62,2026-07-03T18:44:36Z,40.771717,-73.858734,123.8,a3fcd6,N356TX,B38M,,0
landing,JFK,22L,1783104285.62,2026-07-03T18:44:45Z,40.634285,-73.763471,210.9,a46304,N382DA,B738,BOEING 737-800,0
takeoff,JFK,22R,1783104341.1,2026-07-03T18:45:41Z,40.646249,-73.76667,210.9,a02c91,N110DU,BCS1,AIRBUS A220-100,0
landing,JFK,22L,1783104362.42,2026-07-03T18:46:02Z,40.633621,-73.763947,210.9,a1d2dc,N2165J,A21N,AIRBUS A-321neo,0
landing,LGA,22,1783104376.45,2026-07-03T18:46:16Z,40.776478,-73.878113,213.8,a06a54,N126DN,A321,AIRBUS A-321,0
takeoff,JFK,22R,1783104396.45,2026-07-03T18:46:36Z,40.646702,-73.766311,210.9,a5e9f4,N480PX,CRJ9,BOMBARDIER Regional Jet CRJ-900,0
landing,JFK,22L,1783104441.44,2026-07-03T18:47:21Z,40.63448,-73.763275,210.9,a033ae,N112AN,A321,AIRBUS A-321,0
landing,JFK,22R,1783104497.06,2026-07-03T18:48:17Z,40.632818,-73.777157,210.9,ac7a5e,N903AN,B738,BOEING 737-800,0
takeoff,LGA,31,1783104525.88,2026-07-03T18:48:45Z,40.772277,-73.857542,300.9,a87f51,N647AW,A320,AIRBUS A-320,0
landing,JFK,22L,1783104529.28,2026-07-03T18:48:49Z,40.635402,-73.76255,210.9,3c6713,D-AIXS,A359,AIRBUS A-350-900,0
landing,LGA,22,1783104539.85,2026-07-03T18:48:59Z,40.775402,-73.878983,213.8,ac390f,N887NN,B738,BOEING 737-800,0
takeoff,JFK,22R,1783104589.77,2026-07-03T18:49:49Z,40.649323,-73.764267,210.9,a07228,N128HQ,E75L,EMBRAER ERJ-170-200 (long wing),0
takeoff,LGA,31,1783104613.02,2026-07-03T18:50:13Z,40.772777,-73.858759,303.8,c010e4,C-FGKH,A320,AIRBUS A-320,0
landing,JFK,22L,1783104622.94,2026-07-03T18:50:22Z,40.638451,-73.760194,210.9,ab4fd4,N828NW,A333,AIRBUS A-330-300,0
takeoff,JFK,22R,1783104656.77,2026-07-03T18:50:56Z,40.646563,-73.766421,213.8,a61173,N490PX,CRJ9,BOMBARDIER Regional Jet CRJ-900,0
landing,LGA,22,1783104721.51,2026-07-03T18:52:01Z,40.776572,-73.878016,210.9,a2000d,N228PQ,CRJ9,BOMBARDIER Regional Jet CRJ-900,0
takeoff,JFK,22R,1783104722.12,2026-07-03T18:52:02Z,40.646493,-73.766467,210.9,acd4d7,N926DZ,B739,BOEING 737-900,0
landing,JFK,22L,1783104724.29,2026-07-03T18:52:04Z,40.632958,-73.76447,213.8,a13af4,N179DN,B763,BOEING 767-300,0
takeoff,LGA,31,1783104729.84,2026-07-03T18:52:09Z,40.772598,-73.8582,300.9,abc49b,N8576Z,B738,BOEING 737-800,0
takeoff,JFK,22R,1783104784.16,2026-07-03T18:53:04Z,40.646237,-73.766686,210.9,aca79d,N914XJ,CRJ9,BOMBARDIER Regional Jet CRJ-900,0
takeoff,LGA,31,1783104790.61,2026-07-03T18:53:10Z,40.772289,-73.857573,303.8,a32814,N302PQ,CRJ9,BOMBARDIER Regional Jet CRJ-900,0
landing,LGA,22,1783104808.05,2026-07-03T18:53:28Z,40.773418,-73.880622,213.8,acf0db,N933AN,B738,BOEING 737-800,0
landing,JFK,22L,1783104815.1,2026-07-03T18:53:35Z,40.635818,-73.762253,210.9,acc040,N920XJ,CRJ9,BOMBARDIER Regional Jet CRJ-900,0
takeoff,JFK,22R,1783104833.19,2026-07-03T18:53:53Z,40.649193,-73.764376,210.9,a4c8de,N407YX,E75L,EMBRAER ERJ-170-200 (long wing),0
landing,JFK,22L,1783104879.04,2026-07-03T18:54:39Z,40.634576,-73.763221,210.9,a6692d,N512DE,A21N,AIRBUS A-321neo,0
takeoff,JFK,22R,1783104906.22,2026-07-03T18:55:06Z,40.645992,-73.766861,210.9,ab7394,N837NN,B738,BOEING 737-800,0
takeoff,LGA,31,1783104918.23,2026-07-03T18:55:18Z,40.772255,-73.857498,303.8,a4d65c,N410YX,E75L,EMBRAER ERJ-170-200 (long wing),0
landing,LGA,22,1783104932.11,2026-07-03T18:55:32Z,40.774956,-73.879333,210.9,a4da13,N411YX,E75L,EMBRAER ERJ-170-200 (long wing),0
takeoff,JFK,22R,1783104954.81,2026-07-03T18:55:54Z,40.649658,-73.764017,210.9,a2348d,N241JQ,E75L,EMBRAER ERJ-170-200 (long wing),0
landing,JFK,22L,1783104973.2,2026-07-03T18:56:13Z,40.634399,-73.763367,210.9,a21833,N234JQ,E75L,EMBRAER ERJ-170-200 (long wing),0
landing,JFK,22L,1783105027.82,2026-07-03T18:57:07Z,40.636585,-73.761642,208.1,acb2c2,N917XJ,CRJ9,BOMBARDIER Regional Jet CRJ-900,0
landing,LGA,22,1783105058.46,2026-07-03T18:57:38Z,40.775524,-73.87889,213.8,a44591,N3744F,B738,BOEING 737-800,0
takeoff,LGA,31,1783105063.13,2026-07-03T18:57:43Z,40.772438,-73.85788,300.9,ac159a,N878RW,E170,EMBRAER ERJ-170-100,0
landing,JFK,13R,1783105070.57,2026-07-03T18:57:50Z,40.649632,-73.810608,87.2,aae374,N800SG,S76,SIKORSKY S-76 Spirit,8
takeoff,JFK,13R,1783105070.57,2026-07-03T18:57:50Z,40.649632,-73.810608,87.2,aae374,N800SG,S76,SIKORSKY S-76 Spirit,8
landing,JFK,22L,1783105091.66,2026-07-03T18:58:11Z,40.63607,-73.762024,210.9,a4b6b6,N4022J,A21N,AIRBUS A-321neo,0
takeoff,JFK,22R,1783105123.69,2026-07-03T18:58:43Z,40.647005,-73.766077,210.9,a7e20a,N607JB,A320,AIRBUS A-320,0
takeoff,LGA,31,1783105138.89,2026-07-03T18:58:58Z,40.772836,-73.858696,303.8,a46a72,N384DA,B738,BOEING 737-800,0
landing,LGA,22,1783105139.43,2026-07-03T18:58:59Z,40.776123,-73.878387,213.8,a3c847,N34282,B738,BOEING 737-800,0
landing,JFK,22L,1783105186.36,2026-07-03T18:59:46Z,40.636519,-73.761708,208.1,a5e3e4,N479PX,CRJ9,BOMBARDIER Regional Jet CRJ-900,0
takeoff,JFK,22R,1783105200.73,2026-07-03T19:00:00Z,40.645981,-73.766857,210.9,a358bd,N3145J,BCS3,AIRBUS A220-300,0
landing,LGA,22,1783105254.16,2026-07-03T19:00:54Z,40.777247,-73.87747,213.8,a3b8f5,N339TP,B38M,BOEING 737 MAX 8,0
takeoff,JFK,22R,1783105263.61,2026-07-03T19:01:03Z,40.645981,-73.766889,210.9,aca02f,N912XJ,CRJ9,BOMBARDIER Regional Jet CRJ-900,0
landing,JFK,22L,1783105274.4,2026-07-03T19:01:14Z,40.640888,-73.75827,210.9,a6844d,N519QS,C68A,CESSNA 680 Citation Latitude,0
landing,LGA,22,1783105324.21,2026-07-03T19:02:04Z,40.776979,-73.877688,213.8,a39d9b,N332DU,BCS3,,0
takeoff,LGA,31,1783105340.31,2026-07-03T19:02:20Z,40.772758,-73.858536,303.8,a79821,N589JB,A320,AIRBUS A-320,0
landing,JFK,22L,1783105365.33,2026-07-03T19:02:45Z,40.635495,-73.762488,210.9,a6ffc3,N550DN,A21N,AIRBUS A-321neo,0
landing,LGA,22,1783105408.15,2026-07-03T19:03:28Z,40.775265,-73.879089,213.8,abf8e0,N8701Q,B38M,BOEING 737 MAX 8,0
takeoff,LGA,31,1783105410.9,2026-07-03T19:03:30Z,40.7723,-73.857573,300.9,a148b9,N182GJ,CRJ9,BOMBARDIER Regional Jet CRJ-900,0
landing,JFK,22L,1783105469.66,2026-07-03T19:04:29Z,40.64022,-73.758789,210.9,a99456,N716WL,BE20,BEECH 200 Super King Air,8
takeoff,JFK,22R,1783105503.58,2026-07-03T19:05:03Z,40.649345,-73.764236,210.9,a05bde,N122HQ,E75L,EMBRAER ERJ-170-200 (long wing),0
landing,LGA,22,1783105518.79,2026-07-03T19:05:18Z,40.777479,-73.877267,210.9,ac92b1,N909XJ,CRJ9,BOMBARDIER Regional Jet CRJ-900,0
takeoff,LGA,31,1783105520.07,2026-07-03T19:05:20Z,40.772404,-73.857834,303.8,a20957,N230JQ,E75L,EMBRAER ERJ-170-200 (long wing),0
landing,JFK,22L,1783105548.61,2026-07-03T19:05:48Z,40.635891,-73.762191,210.9,06a071,A7-BAG,B77W,BOEING 777-300ER,0
takeoff,JFK,22R,1783105575.73,2026-07-03T19:06:15Z,40.646342,-73.766592,210.9,a14104,N180DN,B763,BOEING 767-300,0
landing,LGA,22,1783105611.3,2026-07-03T19:06:51Z,40.776501,-73.878067,210.9,a1584a,N186PQ,CRJ9,BOMBARDIER Regional Jet CRJ-900,0
takeoff,LGA,31,1783105628.73,2026-07-03T19:07:08Z,40.773972,-73.861008,300.9,a187ba,N198UW,A321,AIRBUS A-321,0
landing,JFK,22L,1783105640.99,2026-07-03T19:07:20Z,40.635715,-73.762329,210.9,4065de,G-STBF,B77W,BOEING 777-300ER,0
takeoff,LGA,31,1783105690.16,2026-07-03T19:08:10Z,40.772438,-73.857864,303.8,a1f822,N226JQ,E75L,EMBRAER ERJ-170-200 (long wing),0
landing,JFK,22L,1783105773.57,2026-07-03T19:09:33Z,40.636013,-73.7621,210.9,a5fc87,N485PX,CRJ9,BOMBARDIER Regional Jet CRJ-900,0
landing,JFK,22L,1783105850.38,2026-07-03T19:10:50Z,40.635715,-73.762314,210.9,ab5975,N830MH,B764,BOEING 767-400,0
landing,LGA,22,1783105901.63,2026-07-03T19:11:41Z,40.779691,-73.875441,213.8,a3c906,N343FX,E545,EMBRAER EMB545 Praetor 500,0
takeoff,LGA,31,1783105918.04,2026-07-03T19:11:58Z,40.772812,-73.85865,300.9,a08021,N131NN,A321,AIRBUS A-321,0
takeoff,JFK,22R,1783105943.03,2026-07-03T19:12:23Z,40.646435,-73.766514,210.9,acdd2e,N928PG,PC12,PILATUS PC-12,0
landing,JFK,22L,1783105946.47,2026-07-03T19:12:26Z,40.634834,-73.763,210.9,aa86cc,N778AN,B772,BOEING 777-200,0
landing,LGA,22,1783106004.12,2026-07-03T19:13:24Z,40.771637,-73.882089,213.8,abdb88,N863RW,E170,EMBRAER ERJ-170-100,0
takeoff,LGA,31,1783106007.42,2026-07-03T19:13:27Z,40.772824,-73.858696,300.9,acad53,N916DU,B739,BOEING 737-900,0
landing,JFK,22L,1783106068.6,2026-07-03T19:14:28Z,40.63615,-73.761978,210.9,3c7a4c,D-ANRL,A339,AIRBUS A-330-900,0
landing,LGA,22,1783106078.99,2026-07-03T19:14:38Z,40.776269,-73.878266,213.8,aab2bf,N789JB,A320,AIRBUS A-320,0
takeoff,JFK,22R,1783106124.15,2026-07-03T19:15:24Z,40.645832,-73.767014,210.9,4a2d24,YR-KID,A332,AIRBUS A-330-200,0
takeoff,LGA,31,1783106125.08,2026-07-03T19:15:25Z,40.776306,-73.865967,300.9,a4d04c,N409YX,E75L,EMBRAER ERJ-170-200 (long wing),0
landing,JFK,22L,1783106186.3,2026-07-03T19:16:26Z,40.636484,-73.761708,210.9,ad7d9f,N969AK,B39M,BOEING 737 MAX 9,0
landing,LGA,22,1783106211.53,2026-07-03T19:16:51Z,40.775002,-73.879318,210.9,abd41a,N861RW,E170,EMBRAER ERJ-170-100,0
takeoff,JFK,22R,1783106243.34,2026-07-03T19:17:23Z,40.64962,-73.764038,210.9,a03bcd,N114HQ,E75L,EMBRAER ERJ-170-200 (long wing),0
landing,JFK,22L,1783106270.26,2026-07-03T19:17:50Z,40.636871,-73.761414,210.9,406948,G-STBH,B77W,BOEING 777-300ER,0
landing,LGA,22,1783106273.25,2026-07-03T19:17:53Z,40.777279,-73.877441,213.8,a3df4a,N349FR,A20N,AIRBUS A-320neo,0
takeoff,JFK,22R,1783106317.65,2026-07-03T19:18:37Z,40.64827,-73.765076,210.9,adea8d,N996SR,CL60,BOMBARDIER CL-600 Challenger,8
landing,LGA,22,1783106382.23,2026-07-03T19:19:42Z,40.777677,-73.877095,210.9,a33e5e,N308PQ,CRJ9,BOMBARDIER Regional Jet CRJ-900,0
takeoff,JFK,22R,1783106384.4,2026-07-03T19:19:44Z,40.6464,-73.766545,210.9,a7e198,N607DN,A21N,AIRBUS A-321neo,0
landing,JFK,22L,1783106416.86,2026-07-03T19:20:16Z,40.637287,-73.761083,210.9,a1a3a9,N2043J,A21N,AIRBUS A-321neo,0
takeoff,JFK,22R,1783106456.71,2026-07-03T19:20:56Z,40.645134,-73.767517,210.9,a33843,N3062J,BCS3,AIRBUS A220-300,0
landing,LGA,22,1783106466.38,2026-07-03T19:21:06Z,40.78006,-73.875137,213.8,a73659,N564FX,CL35,BOMBARDIER BD-100 Challenger 350,0
landing,JFK,22L,1783106473.8,2026-07-03T19:21:13Z,40.634651,-73.763138,210.9,a6bf5a,N534AS,B738,BOEING 737-800,0
takeoff,LGA,31,1783106493.01,2026-07-03T19:21:33Z,40.772731,-73.858509,300.9,a471ec,N386DN,A321,AIRBUS A-321,0
landing,JFK,22R,1783106534.61,2026-07-03T19:22:14Z,40.632516,-73.777407,209.6,48ae06,SP-LRG,B788,BOEING 787-8 Dreamliner,0
takeoff,JFK,22R,1783106534.61,2026-07-03T19:22:14Z,40.632516,-73.777407,209.6,48ae06,SP-LRG,B788,BOEING 787-8 Dreamliner,0
landing,JFK,22R,1783106534.8,2026-07-03T19:22:14Z,40.632339,-73.777542,209.6,48ae06,SP-LRG,B788,BOEING 787-8 Dreamliner,0
landing,LGA,22,1783106553.44,2026-07-03T19:22:33Z,40.775827,-73.878625,213.8,a32bcb,N303PQ,CRJ9,BOMBARDIER Regional Jet CRJ-900,0
landing,JFK,22L,1783106582.01,2026-07-03T19:23:02Z,40.633621,-73.764114,222.2,a21bea,N235JQ,E75L,EMBRAER ERJ-170-200 (long wing),0
takeoff,JFK,22L,1783106582.47,2026-07-03T19:23:02Z,40.633564,-73.764191,222.2,a21bea,N235JQ,E75L,EMBRAER ERJ-170-200 (long wing),0
landing,JFK,22L,1783106583.3,2026-07-03T19:23:03Z,40.633438,-73.764328,225.0,a21bea,N235JQ,E75L,EMBRAER ERJ-170-200 (long wing),0
landing,LGA,22,1783106646.7,2026-07-03T19:24:06Z,40.774269,-73.879898,213.8,aaf1f2,N804NN,B738,BOEING 737-800,0
takeoff,LGA,31,1783106651.37,2026-07-03T19:24:11Z,40.772801,-73.85865,300.9,a448ba,N3750D,B738,BOEING 737-800,0
landing,JFK,22L,1783106654.61,2026-07-03T19:24:14Z,40.63694,-73.761368,210.9,a797b4,N589DT,A21N,AIRBUS A-321neo,0
landing,JFK,22R,1783106686.52,2026-07-03T19:24:46Z,40.634273,-73.776018,210.9,4a91b3,SE-DMS,A21N,AIRBUS A-321neo,0
landing,JFK,22L,1783106734.76,2026-07-03T19:25:34Z,40.63599,-73.762115,210.9,a4bbde,N404DX,A339,AIRBUS A-330-900,0
takeoff,LGA,31,1783106736.65,2026-07-03T19:25:36Z,40.772392,-73.857773,300.9,a34825,N310PQ,CRJ9,BOMBARDIER Regional Jet CRJ-900,0
takeoff,JFK,22R,1783106739.74,2026-07-03T19:25:39Z,40.646784,-73.766249,210.9,acab54,N915XJ,CRJ9,BOMBARDIER Regional Jet CRJ-900,0
landing,LGA,22,1783106742.87,2026-07-03T19:25:42Z,40.774942,-73.879343,210.9,abdf3f,N864RW,E170,EMBRAER ERJ-170-100,0
takeoff,LGA,13,1783106751.23,2026-07-03T19:25:51Z,40.772438,-73.860214,120.9,a33339,N305PQ,CRJ9,BOMBARDIER Regional Jet CRJ-900,0
landing,LGA,22,1783106804.1,2026-07-03T19:26:44Z,40.774919,-73.879374,213.8,a026e1,N109HQ,E75L,EMBRAER ERJ-170-200 (long wing),0
takeoff,JFK,22R,1783106809.31,2026-07-03T19:26:49Z,40.645934,-73.766904,210.9,aafd1f,N807NW,A333,AIRBUS A-330-300,0
landing,JFK,22L,1783106863.67,2026-07-03T19:27:43Z,40.634029,-73.763627,210.9,a03235,N111ZM,A321,AIRBUS A-321,0
landing,LGA,22,1783106871.78,2026-07-03T19:27:51Z,40.776787,-73.877838,213.8,a44a6d,N376DN,A321,AIRBUS A-321,0
takeoff,JFK,22R,1783106924.16,2026-07-03T19:28:44Z,40.646795,-73.766233,210.9,a32bba,N303NY,A21N,AIRBUS A-321neo,0
landing,JFK,22L,1783106947.9,2026-07-03T19:29:07Z,40.637283,-73.761093,210.9,ac72af,N9008U,A319,AIRBUS A-319,0
takeoff,LGA,31,1783106948.35,2026-07-03T19:29:08Z,40.772278,-73.857529,303.8,aaa19e,N784YX,E75L,,0
landing,JFK,22L,1783107021.95,2026-07-03T19:30:21Z,40.634704,-73.763112,210.9,8966ce,A6-XWG,A35K,AIRBUS A-350-1000,0
landing,JFK,22L,1783107022.11,2026-07-03T19:30:22Z,40.634605,-73.763184,210.9,8966ce,A6-XWG,A35K,AIRBUS A-350-1000,0
takeoff,LGA,31,1783107044.85,2026-07-03T19:30:44Z,40.772277,-73.857557,303.8,abc2e5,N857RW,E170,EMBRAER ERJ-170-100,0
takeoff,JFK,22R,1783107044.86,2026-07-03T19:30:44Z,40.646633,-73.766374,210.9,a16ff1,N192DN,B763,BOEING 767-300,0
landing,LGA,22,1783107049.42,2026-07-03T19:30:49Z,40.774756,-73.87953,213.8,a24526,N24510,A21N,AIRBUS A-321neo,0
landing,JFK,22L,1783107169.6,2026-07-03T19:32:49Z,40.634434,-73.763321,210.9,a793fd,N588DT,A21N,AIRBUS A-321neo,0
takeoff,JFK,22L,1783107169.6,2026-07-03T19:32:49Z,40.634434,-73.763321,210.9,a793fd,N588DT,A21N,AIRBUS A-321neo,0
landing,JFK,22L,1783107170.58,2026-07-03T19:32:50Z,40.634079,-73.76358,210.9,a793fd,N588DT,A21N,AIRBUS A-321neo,0
takeoff,LGA,31,1783107173.98,2026-07-03T19:32:53Z,40.772498,-73.857994,300.9,a05f95,N123HQ,E75L,EMBRAER ERJ-170-200 (long wing),0
landing,LGA,22,1783107178.93,2026-07-03T19:32:58Z,40.775105,-73.879211,210.9,a20d0e,N231JQ,E75L,EMBRAER ERJ-170-200 (long wing),0
landing,JFK,22R,1783107211.97,2026-07-03T19:33:31Z,40.63242,-73.777466,210.9,a0f4b5,N1605,B763,BOEING 767-300,0
landing,JFK,22L,1783107243.59,2026-07-03T19:34:03Z,40.636333,-73.761841,208.1,ad56e0,N959JB,A321,AIRBUS A-321,0
landing,LGA,22,1783107258.32,2026-07-03T19:34:18Z,40.776821,-73.877823,213.8,a37265,N321DU,BCS3,AIRBUS A220-300,0
takeoff,LGA,31,1783107258.93,2026-07-03T19:34:18Z,40.77244,-73.857869,298.1,a091f3,N136EV,CRJ9,BOMBARDIER Regional Jet CRJ-900,0
takeoff,JFK,22R,1783107292.95,2026-07-03T19:34:52Z,40.646807,-73.766233,210.9,a3298a,N3023J,BCS3,AIRBUS A220-300,0
landing,LGA,22,1783107328.76,2026-07-03T19:35:28Z,40.775524,-73.878921,213.8,aaa929,N7860A,B737,BOEING 737-700,0
takeoff,LGA,31,1783107330.44,2026-07-03T19:35:30Z,40.772498,-73.85801,303.8,a48a8f,N392DN,A321,AIRBUS A-321,0
landing,JFK,22L,1783107334.94,2026-07-03T19:35:34Z,40.633884,-73.763748,208.1,ada227,N978JB,A321,AIRBUS A-321,0
landing,JFK,13R,1783107346.59,2026-07-03T19:35:46Z,40.649494,-73.810959,137.8,a1300a,N176FX,S76,SIKORSKY S-76 Spirit,0
landing,JFK,22R,1783107376.84,2026-07-03T19:36:16Z,40.631177,-73.778452,210.9,a33766,N306UH,B38M,BOEING 737 MAX 8,0
landing,LGA,22,1783107404.88,2026-07-03T19:36:44Z,40.776572,-73.878047,213.8,a057cc,N121DZ,A321,AIRBUS A-321,0
takeoff,LGA,31,1783107404.92,2026-07-03T19:36:44Z,40.772324,-73.857666,306.6,a24591,N24542,A21N,,0
landing,JFK,22L,1783107431.99,2026-07-03T19:37:11Z,40.633691,-73.764017,219.4,a22ac6,N239JQ,E75L,EMBRAER ERJ-170-200 (long wing),0
takeoff,JFK,22L,1783107431.99,2026-07-03T19:37:11Z,40.633691,-73.764017,219.4,a22ac6,N239JQ,E75L,EMBRAER ERJ-170-200 (long wing),0
landing,JFK,22L,1783107432.99,2026-07-03T19:37:12Z,40.633553,-73.764175,222.2,a22ac6,N239JQ,E75L,EMBRAER ERJ-170-200 (long wing),0
takeoff,LGA,31,1783107471.42,2026-07-03T19:37:51Z,40.772417,-73.857854,300.9,abe2f6,N865RW,E170,EMBRAER ERJ-170-100,0
landing,JFK,22L,1783107500.5,2026-07-03T19:38:20Z,40.635623,-73.762379,210.9,ab35d3,N821NW,A333,AIRBUS A-330-300,0
takeoff,JFK,22R,1783107516.55,2026-07-03T19:38:36Z,40.646609,-73.766389,210.9,ac671b,N899DN,B739,BOEING 737-900,0
landing,LGA,22,1783107544.8,2026-07-03T19:39:04Z,40.77649,-73.878094,210.9,a3245d,N301PQ,CRJ9,BOMBARDIER Regional Jet CRJ-900,0
takeoff,LGA,31,1783107550.62,2026-07-03T19:39:10Z,40.77258,-73.858181,300.9,a1ea70,N222WN,B737,BOEING 737-700,0
takeoff,JFK,22R,1783107583.68,2026-07-03T19:39:43Z,40.647434,-73.765732,210.9,ad8fa4,N973JT,A321,AIRBUS A-321,0
takeoff,LGA,31,1783107611.09,2026-07-03T19:40:11Z,40.772495,-73.857986,300.9,a4cc95,N408YX,E75L,EMBRAER ERJ-170-200 (long wing),0
landing,JFK,22L,1783107635.15,2026-07-03T19:40:35Z,40.635624,-73.76239,210.9,a36799,N3185J,BCS3,AIRBUS A220-300,0
takeoff,JFK,22R,1783107654.1,2026-07-03T19:40:54Z,40.646839,-73.766205,210.9,0c210e,HP-9913CMP,B39M,BOEING 737 MAX 9,0
takeoff,JFK,31L,1783107672.42,2026-07-03T19:41:12Z,40.649344,-73.810491,340.3,a1300a,N176FX,S76,SIKORSKY S-76 Spirit,0
takeoff,LGA,31,1783107693.25,2026-07-03T19:41:33Z,40.774011,-73.861193,298.1,a336f0,N306PQ,CRJ9,BOMBARDIER Regional Jet CRJ-900,0
landing,JFK,22L,1783107713.35,2026-07-03T19:41:53Z,40.634354,-73.763393,210.9,ac9e77,N912DU,B739,BOEING 737-900,0
landing,LGA,22,1783107740.3,2026-07-03T19:42:20Z,40.775047,-73.87928,210.9,a3ad6d,N336PQ,CRJ9,BOMBARDIER Regional Jet CRJ-900,0
takeoff,JFK,22R,1783107748.47,2026-07-03T19:42:28Z,40.645795,-73.767014,210.9,a39338,N3298J,,,0
landing,LGA,22,1783107787.84,2026-07-03T19:43:07Z,40.774727,-73.879562,213.8,ac011d,N8727M,B38M,BOEING 737 MAX 8,0
takeoff,LGA,31,1783107795.81,2026-07-03T19:43:15Z,40.772591,-73.858197,300.9,a517dc,N427YX,E75L,EMBRAER ERJ-170-200 (long wing),0
landing,JFK,22L,1783107802.89,2026-07-03T19:43:22Z,40.634102,-73.763596,210.9,a38b84,N3276J,BCS3,AIRBUS A220-300,0
takeoff,JFK,22R,1783107815.36,2026-07-03T19:43:35Z,40.646313,-73.766617,209.6,89409f,A9C-FH,B789,BOEING 787-9 Dreamliner,0
takeoff,LGA,31,1783107854.53,2026-07-03T19:44:14Z,40.772312,-73.857635,298.1,a38237,N325PQ,CRJ9,BOMBARDIER Regional Jet CRJ-900,0
landing,JFK,22L,1783107874.93,2026-07-03T19:44:34Z,40.635143,-73.762787,210.9,aa28f2,N754AN,B772,BOEING 777-200,0
takeoff,JFK,22R,1783107942.98,2026-07-03T19:45:42Z,40.649357,-73.764236,210.9,a06e71,N127HQ,E75L,EMBRAER ERJ-170-200 (long wing),0
takeoff,LGA,31,1783107950.42,2026-07-03T19:45:50Z,40.776123,-73.865723,300.9,a3b79c,N339DU,,,0
takeoff,LGA,31,1783107993.49,2026-07-03T19:46:33Z,40.772463,-73.857932,300.9,ab282b,N818MD,E170,EMBRAER ERJ-170-100,0
landing,JFK,22L,1783108005.84,2026-07-03T19:46:45Z,40.633761,-73.763846,210.9,0d0e2c,XA-MFN,B38M,BOEING 737 MAX 8,0
takeoff,JFK,22R,1783108026.69,2026-07-03T19:47:06Z,40.649471,-73.764145,210.9,a50900,N423YX,E75L,EMBRAER ERJ-170-200 (long wing),0
takeoff,LGA,31,1783108062.85,2026-07-03T19:47:42Z,40.773883,-73.860912,298.1,a35e6f,N316PQ,CRJ9,BOMBARDIER Regional Jet CRJ-900,0
landing,JFK,22L,1783108095.38,2026-07-03T19:48:15Z,40.636711,-73.761536,210.9,a36fa4,N320PQ,CRJ9,BOMBARDIER Regional Jet CRJ-900,0
takeoff,LGA,31,1783108111.89,2026-07-03T19:48:31Z,40.772475,-73.857978,300.9,a3e011,N349PQ,CRJ9,BOMBARDIER Regional Jet CRJ-900,0
landing,JFK,22L,1783108164.31,2026-07-03T19:49:24Z,40.635704,-73.762316,210.9,ad8836,N971JT,A321,AIRBUS A-321,0
takeoff,LGA,31,1783108174.85,2026-07-03T19:49:34Z,40.772404,-73.857819,298.1,a310cf,N297PQ,CRJ9,BOMBARDIER Regional Jet CRJ-900,0
landing,JFK,22L,1783108250.87,2026-07-03T19:50:50Z,40.634005,-73.763674,210.9,a17b16,N195DN,B763,BOEING 767-300,0
landing,LGA,22,1783108294.26,2026-07-03T19:51:34Z,40.775361,-73.87903,210.9,ac83d5,N905XJ,CRJ9,BOMBARDIER Regional Jet CRJ-900,0
takeoff,LGA,31,1783108300.74,2026-07-03T19:51:40Z,40.772836,-73.858728,300.9,aa7426,N77295,B738,BOEING 737-800,0
landing,JFK,22L,1783108338.68,2026-07-03T19:52:18Z,40.634576,-73.763221,210.9,abba43,N855DN,B739,BOEING 737-900,0
takeoff,LGA,31,1783108363.58,2026-07-03T19:52:43Z,40.772219,-73.857432,303.8,ab40ce,N824MD,E170,EMBRAER ERJ-170-100,0
landing,LGA,22,1783108367.84,2026-07-03T19:52:47Z,40.775974,-73.878494,210.9,acf69b,N934XJ,CRJ9,BOMBARDIER Regional Jet CRJ-900,0
takeoff,JFK,22R,1783108369.29,2026-07-03T19:52:49Z,40.645821,-73.767014,210.9,a3795a,N3229J,BCS3,AIRBUS A220-300,0
landing,JFK,22L,1783108411.95,2026-07-03T19:53:31Z,40.633738,-73.763861,210.9,a69b92,N525AS,B738,BOEING 737-800,0
takeoff,LGA,31,1783108477.35,2026-07-03T19:54:37Z,40.772475,-73.857978,300.9,a4e8ef,N415YX,E75L,EMBRAER ERJ-170-200 (long wing),0
landing,LGA,22,1783108481.46,2026-07-03T19:54:41Z,40.771957,-73.881821,210.9,a230d6,N240JQ,E75L,EMBRAER ERJ-170-200 (long wing),0
landing,JFK,22L,1783108490.7,2026-07-03T19:54:50Z,40.6348,-73.763031,209.6,4075c1,G-CKWN,B789,BOEING 787-9 Dreamliner,0
landing,LGA,22,1783108551.09,2026-07-03T19:55:51Z,40.772463,-73.881402,210.9,a6ce58,N538CA,CRJ9,BOMBARDIER Regional Jet CRJ-900,0
takeoff,JFK,22R,1783108560.45,2026-07-03T19:56:00Z,40.64716,-73.765961,210.9,ad1861,N943AV,A20N,AIRBUS A-320neo,0
takeoff,JFK,22R,1783108623.26,2026-07-03T19:57:03Z,40.646737,-73.766264,210.9,adabfe,N980JT,A321,AIRBUS A-321,0
landing,JFK,22L,1783108625.95,2026-07-03T19:57:05Z,40.633987,-73.763672,210.9,ad5329,N958JB,A321,AIRBUS A-321,0
landing,LGA,22,1783108633.67,2026-07-03T19:57:13Z,40.774209,-73.879795,196.9,abd063,N860RW,E170,EMBRAER ERJ-170-100,0
takeoff,JFK,22R,1783108705.66,2026-07-03T19:58:25Z,40.649803,-73.763885,208.1,a1eddd,N223TP,BE20,BEECH 200 Super King Air,0
landing,LGA,22,1783108713.89,2026-07-03T19:58:33Z,40.776641,-73.877954,213.8,ac5041,N8928Q,B38M,,0
landing,JFK,22L,1783108719.16,2026-07-03T19:58:39Z,40.637578,-73.760865,210.9,400774,G-VIIW,B772,BOEING 777-200,0
takeoff,LGA,31,1783108719.81,2026-07-03T19:58:39Z,40.77258,-73.858197,300.9,abbb77,N855RW,E170,EMBRAER ERJ-170-100,0
landing,JFK,22L,1783108798.91,2026-07-03T19:59:58Z,40.635239,-73.762691,210.9,3965a3,F-GZND,B77W,BOEING 777-300ER,0
landing,LGA,22,1783108825.2,2026-07-03T20:00:25Z,40.776272,-73.878281,213.8,acb9ed,N919US,A321,AIRBUS A-321,0
takeoff,LGA,31,1783108835.17,2026-07-03T20:00:35Z,40.77261,-73.858231,300.9,aaa5ff,N7854B,B737,BOEING 737-700,0
landing,JFK,22L,1783108952.65,2026-07-03T20:02:32Z,40.636973,-73.761333,210.9,a7650b,N576DN,A21N,AIRBUS A-321neo,0
takeoff,LGA,31,1783108988.69,2026-07-03T20:03:08Z,40.772452,-73.8579,300.9,a5307f,N433YX,E75L,EMBRAER ERJ-170-200 (long wing),0
landing,LGA,22,1783109002.29,2026-07-03T20:03:22Z,40.771637,-73.882156,213.8,a39723,N330PQ,CRJ9,BOMBARDIER Regional Jet CRJ-900,0
landing,JFK,22L,1783109024.5,2026-07-03T20:03:44Z,40.636368,-73.761801,213.8,ab4c76,N827SK,CRJ9,BOMBARDIER Regional Jet CRJ-900,0
takeoff,JFK,22R,1783109033.43,2026-07-03T20:03:53Z,40.646587,-73.766403,210.9,ace063,N929JB,A321,AIRBUS A-321,0
landing,LGA,22,1783109087.93,2026-07-03T20:04:47Z,40.778584,-73.876389,210.9,c05ef7,C-GJZA,DH8D,DE HAVILLAND DHC-8-400 Dash 8,0
landing,JFK,22L,1783109103.88,2026-07-03T20:05:03Z,40.633633,-73.763931,210.9,adea26,N996NN,B738,BOEING 737-800,0
takeoff,JFK,22R,1783109109.71,2026-07-03T20:05:09Z,40.64633,-73.766608,210.9,a6844d,N519QS,C68A,CESSNA 680 Citation Latitude,0
takeoff,LGA,31,1783109129.47,2026-07-03T20:05:29Z,40.772358,-73.857666,303.8,a01f0d,N107DN,A321,AIRBUS A-321,0
takeoff,JFK,22R,1783109159.43,2026-07-03T20:05:59Z,40.649321,-73.764267,210.9,a1c935,N214JQ,E75L,EMBRAER ERJ-170-200 (long wing),0
landing,LGA,22,1783109177.17,2026-07-03T20:06:17Z,40.774721,-73.87953,208.1,a23bfb,N243JQ,E75L,EMBRAER ERJ-170-200 (long wing),0
landing,JFK,22L,1783109209.75,2026-07-03T20:06:49Z,40.637043,-73.761276,210.9,a7da9c,N605JB,A320,AIRBUS A-320,0
landing,LGA,22,1783109273.36,2026-07-03T20:07:53Z,40.775082,-73.879233,208.1,a5106e,N425YX,E75L,EMBRAER ERJ-170-200 (long wing),0
landing,JFK,22L,1783109291.88,2026-07-03T20:08:11Z,40.634855,-73.762987,210.9,a3915a,N329SL,B38M,BOEING 737 MAX 8,0
takeoff,LGA,31,1783109324.74,2026-07-03T20:08:44Z,40.772461,-73.857956,298.1,a7dadc,N605LR,CRJ9,BOMBARDIER Regional Jet CRJ-900,0
landing,LGA,22,1783109325.5,2026-07-03T20:08:45Z,40.776246,-73.878281,213.8,a4a0d9,N398DN,A321,AIRBUS A-321,0
takeoff,JFK,22R,1783109411.48,2026-07-03T20:10:11Z,40.646896,-73.766174,210.9,0d0a77,XA-VAW,A320,AIRBUS A-320,0
landing,JFK,22R,1783109412.53,2026-07-03T20:10:12Z,40.646493,-73.766483,210.9,0d0a77,XA-VAW,A320,AIRBUS A-320,0
takeoff,JFK,22R,1783109412.53,2026-07-03T20:10:12Z,40.646493,-73.766483,210.9,0d0a77,XA-VAW,A320,AIRBUS A-320,0
takeoff,LGA,31,1783109425.7,2026-07-03T20:10:25Z,40.77244,-73.857885,300.9,a03f84,N115HQ,E75L,EMBRAER ERJ-170-200 (long wing),0
landing,LGA,22,1783109428.51,2026-07-03T20:10:28Z,40.776385,-73.878172,213.8,a1a1b6,N204JQ,E75L,EMBRAER ERJ-170-200 (long wing),0
takeoff,JFK,22R,1783109478.0,2026-07-03T20:11:18Z,40.64768,-73.765562,210.9,89659b,A6-XWE,A35K,AIRBUS A-350-1000,0
landing,JFK,22L,1783109484.23,2026-07-03T20:11:24Z,40.633827,-73.76384,216.6,a1fbd9,N227JQ,E75L,EMBRAER ERJ-170-200 (long wing),0
takeoff,LGA,31,1783109511.97,2026-07-03T20:11:51Z,40.772615,-73.858259,300.9,a35efa,N316VD,B38M,BOEING 737 MAX 8,0
landing,JFK,22L,1783109544.79,2026-07-03T20:12:24Z,40.635784,-73.762268,210.9,a1a458,N2048J,A21N,AIRBUS A-321neo,0
landing,LGA,22,1783109597.29,2026-07-03T20:13:17Z,40.776595,-73.878,213.8,a8a0d9,N655RW,E170,EMBRAER ERJ-170-100,0
takeoff,LGA,31,1783109610.22,2026-07-03T20:13:30Z,40.772836,-73.858728,298.1,a2000d,N228PQ,CRJ9,BOMBARDIER Regional Jet CRJ-900,0
landing,JFK,22L,1783109631.09,2026-07-03T20:13:51Z,40.634743,-73.763077,210.9,aba281,N849NN,B738,BOEING 737-800,0
takeoff,LGA,31,1783109673.21,2026-07-03T20:14:33Z,40.772266,-73.857544,303.8,a1f0b4,N224JQ,E75L,EMBRAER ERJ-170-200 (long wing),0
landing,JFK,22L,1783109712.46,2026-07-03T20:15:12Z,40.634901,-73.76294,210.9,a3b50f,N338RS,B38M,BOEING 737 MAX 8,0
takeoff,LGA,31,1783109767.01,2026-07-03T20:16:07Z,40.77261,-73.858246,300.9,a4da13,N411YX,E75L,EMBRAER ERJ-170-200 (long wing),0
takeoff,JFK,22R,1783109801.41,2026-07-03T20:16:41Z,40.64647,-73.766499,210.9,a46304,N382DA,B738,BOEING 737-800,0
landing,JFK,22L,1783109809.82,2026-07-03T20:16:49Z,40.637601,-73.760849,210.9,aaf53a,N805JB,A320,AIRBUS A-320,0
takeoff,LGA,31,1783109876.35,2026-07-03T20:17:56Z,40.772461,-73.857925,300.9,acfc56,N936DZ,B739,,0
landing,JFK,22L,1783109888.45,2026-07-03T20:18:08Z,40.634777,-73.763046,210.9,a38082,N3247J,BCS3,,0
landing,JFK,22L,1783109960.9,2026-07-03T20:19:20Z,40.636694,-73.761536,210.9,a770a2,N579JB,A320,AIRBUS A-320,0
takeoff,JFK,22R,1783109985.81,2026-07-03T20:19:45Z,40.64626,-73.766655,210.9,a3845c,N3258J,BCS3,,0
landing,LGA,22,1783110024.04,2026-07-03T20:20:24Z,40.774209,-73.879811,196.9,ac1951,N879RW,E170,EMBRAER ERJ-170-100,0
landing,JFK,22L,1783110045.27,2026-07-03T20:20:45Z,40.635933,-73.762131,210.9,a3514f,N3125J,BCS3,,0
landing,LGA,22,1783110066.36,2026-07-03T20:21:06Z,40.777479,-73.877251,213.8,aceb76,N931XJ,CRJ9,BOMBARDIER Regional Jet CRJ-900,0
takeoff,JFK,22R,1783110067.87,2026-07-03T20:21:07Z,40.645065,-73.767593,210.9,3c651a,D-AIHZ,A346,AIRBUS A-340-600,0
takeoff,LGA,31,1783110072.32,2026-07-03T20:21:12Z,40.772789,-73.858603,300.9,abd41a,N861RW,E170,EMBRAER ERJ-170-100,0
landing,JFK,22L,1783110114.37,2026-07-03T20:21:54Z,40.634029,-73.763627,209.6,aba155,N849AN,B789,BOEING 787-9 Dreamliner,0
takeoff,JFK,22L,1783110114.37,2026-07-03T20:21:54Z,40.634029,-73.763627,209.6,aba155,N849AN,B789,BOEING 787-9 Dreamliner,0
landing,JFK,22L,1783110114.85,2026-07-03T20:21:54Z,40.63385,-73.763779,209.6,aba155,N849AN,B789,BOEING 787-9 Dreamliner,0
landing,LGA,22,1783110143.15,2026-07-03T20:22:23Z,40.776199,-73.878328,213.8,ac5488,N894DN,B739,BOEING 737-900,0
takeoff,LGA,31,1783110160.09,2026-07-03T20:22:40Z,40.772568,-73.858213,303.8,a3b4d6,N338PK,B738,BOEING 737-800,0
takeoff,JFK,22R,1783110190.62,2026-07-03T20:23:10Z,40.646484,-73.766479,210.9,780a3b,B-KQI,B77W,BOEING 777-300ER,0
landing,LGA,22,1783110249.71,2026-07-03T20:24:09Z,40.776466,-73.878113,208.1,a7de93,N606LR,CRJ9,BOMBARDIER Regional Jet CRJ-900,0
landing,JFK,22L,1783110255.35,2026-07-03T20:24:15Z,40.634892,-73.76297,208.1,c052d5,C-GFJO,B38M,BOEING 737 MAX 8,0
landing,LGA,22,1783110312.8,2026-07-03T20:25:12Z,40.776211,-73.878297,210.9,a31216,N29717,B737,BOEING 737-700,0
takeoff,JFK,22R,1783110321.62,2026-07-03T20:25:21Z,40.647274,-73.765854,210.9,a3d10f,N345NB,A319,AIRBUS A-319,0
takeoff,LGA,31,1783110325.89,2026-07-03T20:25:25Z,40.772801,-73.858665,300.9,c08537,C-GYLQ,BCS3,AIRBUS A220-300,0
landing,JFK,22L,1783110352.58,2026-07-03T20:25:52Z,40.635967,-73.762131,210.9,a36b50,N3195J,BCS3,,0
takeoff,JFK,22R,1783110380.79,2026-07-03T20:26:20Z,40.647191,-73.765921,210.9,ad27f3,N947JB,A321,AIRBUS A-321,0
takeoff,LGA,31,1783110400.45,2026-07-03T20:26:40Z,40.772417,-73.857838,300.9,a3c906,N343FX,E545,EMBRAER EMB545 Praetor 500,0
landing,JFK,22L,1783110423.96,2026-07-03T20:27:03Z,40.636065,-73.762035,210.9,a0f46f,N1603,B763,BOEING 767-300,0
takeoff,JFK,22R,1783110439.86,2026-07-03T20:27:19Z,40.647133,-73.765968,210.9,a3c649,N342RX,B38M,BOEING 737 MAX 8,0
takeoff,JFK,22R,1783110490.23,2026-07-03T20:28:10Z,40.649414,-73.764175,210.9,a21833,N234JQ,E75L,EMBRAER ERJ-170-200 (long wing),0
landing,LGA,22,1783110490.72,2026-07-03T20:28:10Z,40.775047,-73.879242,210.9,a4ddca,N412YX,E75L,EMBRAER ERJ-170-200 (long wing),0
takeoff,LGA,31,1783110491.07,2026-07-03T20:28:11Z,40.772839,-73.858704,300.9,a3b8f5,N339TP,B38M,BOEING 737 MAX 8,0
landing,JFK,22L,1783110519.54,2026-07-03T20:28:39Z,40.635223,-73.762726,210.9,ade9c0,N996JL,A321,AIRBUS A-321,0
takeoff,JFK,22R,1783110564.42,2026-07-03T20:29:24Z,40.646272,-73.766655,209.6,7812bd,B-1357,B789,BOEING 787-9 Dreamliner,0
landing,JFK,22L,1783110604.46,2026-07-03T20:30:04Z,40.637217,-73.761146,210.9,4ca9cb,EI-LRD,A21N,AIRBUS A-321neo,0
takeoff,LGA,31,1783110642.47,2026-07-03T20:30:42Z,40.772731,-73.858509,300.9,abf8e0,N8701Q,B38M,BOEING 737 MAX 8,0
landing,LGA,22,1783110645.45,2026-07-03T20:30:45Z,40.774864,-73.879425,210.9,ac0a75,N875RW,E170,EMBRAER ERJ-170-100,0
landing,JFK,22L,1783110674.88,2026-07-03T20:31:14Z,40.636093,-73.762039,210.9,a39289,N3293J,BCS3,AIRBUS A220-300,0
takeoff,JFK,22R,1783110692.42,2026-07-03T20:31:32Z,40.646633,-73.766358,210.9,ac7a5e,N903AN,B738,BOEING 737-800,0
takeoff,LGA,31,1783110754.39,2026-07-03T20:32:34Z,40.772484,-73.857986,298.1,a1584a,N186PQ,CRJ9,BOMBARDIER Regional Jet CRJ-900,0
landing,JFK,22L,1783110764.7,2026-07-03T20:32:44Z,40.634878,-73.762987,210.9,a37245,N321CM,B763,BOEING 767-300,0
landing,LGA,22,1783110764.88,2026-07-03T20:32:44Z,40.775047,-73.879249,208.1,abd7d1,N862RW,E170,EMBRAER ERJ-170-100,0
landing,JFK,22R,1783110781.87,2026-07-03T20:33:01Z,40.635235,-73.775284,208.1,a387f0,N3267J,BCS3,,0
takeoff,JFK,22R,1783110838.81,2026-07-03T20:33:58Z,40.64661,-73.766388,210.9,aa7082,N772AN,B772,BOEING 777-200,0
landing,LGA,22,1783110850.07,2026-07-03T20:34:10Z,40.774733,-73.879514,210.9,a08e82,N135HQ,E75L,EMBRAER ERJ-170-200 (long wing),0
takeoff,LGA,31,1783110851.1,2026-07-03T20:34:11Z,40.772824,-73.858681,300.9,a44591,N3744F,B738,BOEING 737-800,0
landing,JFK,22L,1783110857.65,2026-07-03T20:34:17Z,40.634663,-73.763168,210.9,acf906,N935JB,A321,AIRBUS A-321,0
landing,JFK,22L,1783110939.21,2026-07-03T20:35:39Z,40.633976,-73.763687,210.9,ab4fae,N828MH,B764,BOEING 767-400,0
takeoff,LGA,31,1783110941.93,2026-07-03T20:35:41Z,40.774109,-73.861389,300.9,aab2bf,N789JB,A320,AIRBUS A-320,0
takeoff,JFK,22R,1783110961.39,2026-07-03T20:36:01Z,40.646307,-73.766639,210.9,a0428a,N116AN,A321,AIRBUS A-321,0
takeoff,JFK,22R,1783111011.48,2026-07-03T20:36:51Z,40.64704,-73.766046,210.9,a6e361,N543DE,A21N,AIRBUS A-321neo,0
takeoff,LGA,31,1783111014.32,2026-07-03T20:36:54Z,40.772724,-73.858475,303.8,a026e1,N109HQ,E75L,EMBRAER ERJ-170-200 (long wing),0
landing,JFK,22L,1783111044.36,2026-07-03T20:37:24Z,40.635441,-73.762512,213.8,a4cd23,N4083J,A21N,AIRBUS A-321neo,0
landing,JFK,22R,1783111102.57,2026-07-03T20:38:22Z,40.631172,-73.778442,210.9,a075df,N129HQ,E75L,EMBRAER ERJ-170-200 (long wing),0
landing,JFK,22L,1783111133.66,2026-07-03T20:38:53Z,40.63688,-73.761411,210.9,a66cf7,N513DZ,A359,AIRBUS A-350-900,0
takeoff,LGA,31,1783111134.85,2026-07-03T20:38:54Z,40.772847,-73.858759,303.8,a39d9b,N332DU,BCS3,,0
takeoff,JFK,22R,1783111147.27,2026-07-03T20:39:07Z,40.646423,-73.76653,210.9,a01880,N105NN,A321,AIRBUS A-321,0
takeoff,LGA,31,1783111200.64,2026-07-03T20:40:00Z,40.772278,-73.857559,300.9,a33e5e,N308PQ,CRJ9,BOMBARDIER Regional Jet CRJ-900,0
landing,JFK,22L,1783111213.18,2026-07-03T20:40:13Z,40.634434,-73.763336,210.9,478d42,LN-RKR,A333,AIRBUS A-330-300,0
takeoff,JFK,22R,1783111215.77,2026-07-03T20:40:15Z,40.647457,-73.765732,210.9,3c00af,D-APGS,A319,AIRBUS A-319,8
landing,LGA,22,1783111266.78,2026-07-03T20:41:06Z,40.777328,-73.877423,213.8,abb624,N8539V,B738,BOEING 737-800,0
takeoff,JFK,22R,1783111285.14,2026-07-03T20:41:25Z,40.646318,-73.766608,210.9,a364e7,N318DU,BCS3,,0
landing,JFK,22L,1783111338.83,2026-07-03T20:42:18Z,40.636608,-73.761627,210.9,a398bc,N3304J,BCS3,AIRBUS A220-300,0
takeoff,LGA,31,1783111381.76,2026-07-03T20:43:01Z,40.772591,-73.858228,300.9,aaf1f2,N804NN,B738,BOEING 737-800,0
landing,LGA,22,1783111386.72,2026-07-03T20:43:06Z,40.774933,-73.879349,210.9,a1acdb,N207JQ,E75L,EMBRAER ERJ-170-200 (long wing),0
landing,JFK,22L,1783111431.39,2026-07-03T20:43:51Z,40.635544,-73.762451,210.9,a35c97,N3156J,BCS3,AIRBUS A220-300,0
landing,LGA,22,1783111447.2,2026-07-03T20:44:07Z,40.77585,-73.878625,210.9,acb636,N918US,A321,AIRBUS A-321,0
takeoff,JFK,22R,1783111463.18,2026-07-03T20:44:23Z,40.647249,-73.76589,208.1,a39ada,N331PQ,CRJ9,BOMBARDIER Regional Jet CRJ-900,0
landing,JFK,22L,1783111496.17,2026-07-03T20:44:56Z,40.637753,-73.76074,210.9,a35854,N3142J,BCS3,AIRBUS A220-300,0
takeoff,JFK,22R,1783111539.63,2026-07-03T20:45:39Z,40.644107,-73.768324,210.9,a99456,N716WL,BE20,BEECH 200 Super King Air,8
landing,LGA,22,1783111556.6,2026-07-03T20:45:56Z,40.776306,-73.878281,205.3,a7e24a,N607LR,CRJ9,BOMBARDIER Regional Jet CRJ-900,0
landing,JFK,22L,1783111592.61,2026-07-03T20:46:32Z,40.634422,-73.763321,210.9,a00d5b,N102NN,A321,AIRBUS A-321,0
landing,JFK,22L,1783111666.78,2026-07-03T20:47:46Z,40.634773,-73.763065,210.9,a69bcd,N525DA,A21N,AIRBUS A-321neo,0
landing,LGA,22,1783111676.45,2026-07-03T20:47:56Z,40.775105,-73.879233,213.8,a52911,N431YX,E75L,EMBRAER ERJ-170-200 (long wing),0
takeoff,LGA,31,1783111698.15,2026-07-03T20:48:18Z,40.77261,-73.858215,303.8,a3c60d,N342PM,B738,BOEING 737-800,0
landing,JFK,22L,1783111760.11,2026-07-03T20:49:20Z,40.636002,-73.76207,210.9,346045,EC-MYA,A332,AIRBUS A-330-200,0
takeoff,JFK,22R,1783111769.94,2026-07-03T20:49:29Z,40.646435,-73.76653,210.9,a6152a,N491PX,CRJ9,BOMBARDIER Regional Jet CRJ-900,0
landing,LGA,22,1783111810.68,2026-07-03T20:50:10Z,40.774384,-73.879811,210.9,c00b71,C-FEIQ,E75S,EMBRAER ERJ-170-200 (short wing),0
takeoff,LGA,31,1783111819.42,2026-07-03T20:50:19Z,40.772929,-73.858915,300.9,aaa929,N7860A,B737,BOEING 737-700,0
takeoff,JFK,22R,1783111833.89,2026-07-03T20:50:33Z,40.646782,-73.766266,210.9,0c6061,9Y-TTO,B38M,BOEING 737 MAX 8,0
landing,JFK,22L,1783111891.15,2026-07-03T20:51:31Z,40.634029,-73.763658,210.9,ad2f71,N949JT,A321,AIRBUS A-321,0
takeoff,JFK,22R,1783111895.25,2026-07-03T20:51:35Z,40.646772,-73.766249,210.9,acb2c2,N917XJ,CRJ9,BOMBARDIER Regional Jet CRJ-900,0
landing,LGA,22,1783111927.92,2026-07-03T20:52:07Z,40.777514,-73.877251,213.8,a74923,N569JB,A320,AIRBUS A-320,0
landing,JFK,22L,1783111962.46,2026-07-03T20:52:42Z,40.634251,-73.763474,210.9,4851b3,PH-BVP,B77W,BOEING 777-300ER,0
takeoff,JFK,22R,1783111967.11,2026-07-03T20:52:47Z,40.645888,-73.766951,210.9,a3556f,N3138J,BCS3,AIRBUS A220-300,0
takeoff,LGA,31,1783111969.71,2026-07-03T20:52:49Z,40.775482,-73.864197,300.9,a89d22,N654RW,E170,EMBRAER ERJ-170-100,0
landing,LGA,22,1783112028.88,2026-07-03T20:53:48Z,40.776237,-73.878311,208.1,a21142,N232PQ,CRJ9,BOMBARDIER Regional Jet CRJ-900,0
takeoff,JFK,22R,1783112039.83,2026-07-03T20:53:59Z,40.64612,-73.766764,210.9,a9b62c,N725AN,B77W,BOEING 777-300ER,0
landing,JFK,22L,1783112102.07,2026-07-03T20:55:02Z,40.634855,-73.762987,208.1,acaf0b,N916XJ,CRJ9,BOMBARDIER Regional Jet CRJ-900,0
landing,LGA,22,1783112105.26,2026-07-03T20:55:05Z,40.776398,-73.878174,210.9,a2ded8,N284WN,B737,BOEING 737-700,0
takeoff,JFK,22R,1783112152.24,2026-07-03T20:55:52Z,40.646749,-73.76628,208.1,a5e3e4,N479PX,CRJ9,BOMBARDIER Regional Jet CRJ-900,0
landing,JFK,22L,1783112184.27,2026-07-03T20:56:24Z,40.637089,-73.761246,210.9,4b187b,HB-JHB,A333,AIRBUS A-330-300,0
landing,LGA,22,1783112201.33,2026-07-03T20:56:41Z,40.77784,-73.87697,213.8,a34ae6,N311DU,BCS3,AIRBUS A220-300,0
takeoff,JFK,22R,1783112225.62,2026-07-03T20:57:05Z,40.646505,-73.766452,210.9,a033ae,N112AN,A321,AIRBUS A-321,0
landing,JFK,22L,1783112266.24,2026-07-03T20:57:46Z,40.634892,-73.76297,210.9,a9605b,N703GT,B77L,BOEING 777-200LR,0
takeoff,LGA,31,1783112282.52,2026-07-03T20:58:02Z,40.772312,-73.857635,300.9,a93d7c,N695CA,CRJ9,BOMBARDIER Regional Jet CRJ-900,0
takeoff,JFK,22R,1783112292.97,2026-07-03T20:58:12Z,40.646411,-73.76653,210.9,ad8bed,N972JT,A321,AIRBUS A-321,0
landing,LGA,22,1783112303.93,2026-07-03T20:58:23Z,40.77515,-73.879166,210.9,a1a924,N206JQ,E75L,EMBRAER ERJ-170-200 (long wing),0
takeoff,JFK,22R,1783112353.38,2026-07-03T20:59:13Z,40.64542,-73.767319,209.6,0d085d,XA-AMR,B788,BOEING 787-8 Dreamliner,0
landing,LGA,22,1783112368.0,2026-07-03T20:59:28Z,40.776524,-73.878052,210.9,a08317,N132EV,CRJ9,BOMBARDIER Regional Jet CRJ-900,0
takeoff,LGA,31,1783112379.48,2026-07-03T20:59:39Z,40.772859,-73.858774,300.9,a3df4a,N349FR,A20N,AIRBUS A-320neo,0
landing,JFK,22L,1783112404.65,2026-07-03T21:00:04Z,40.633152,-73.764328,210.9,a3a647,N334SM,B38M,BOEING 737 MAX 8,0
takeoff,LGA,31,1783112422.24,2026-07-03T21:00:22Z,40.772277,-73.857526,300.9,abdf3f,N864RW,E170,EMBRAER ERJ-170-100,0
landing,LGA,22,1783112444.93,2026-07-03T21:00:44Z,40.776352,-73.87822,210.9,a15027,N184GJ,CRJ9,BOMBARDIER Regional Jet CRJ-900,0
landing,JFK,22R,1783112456.41,2026-07-03T21:00:56Z,40.63567,-73.774957,210.9,a99b83,N718TW,B752,BOEING 757-200,0
landing,JFK,22L,1783112504.8,2026-07-03T21:01:44Z,40.633896,-73.763748,210.9,ab5365,N829MH,B764,BOEING 767-400,0
landing,LGA,22,1783112517.13,2026-07-03T21:01:57Z,40.777817,-73.877014,213.8,ad5460,N958WN,B737,BOEING 737-700,0
landing,JFK,22L,1783112587.08,2026-07-03T21:03:07Z,40.634995,-73.762878,210.9,ab84ab,N841MH,B764,BOEING 767-400,0
takeoff,JFK,22R,1783112588.68,2026-07-03T21:03:08Z,40.646622,-73.766373,210.9,abf6ae,N870DN,B739,BOEING 737-900,0
takeoff,LGA,31,1783112597.57,2026-07-03T21:03:17Z,40.772461,-73.857925,300.9,a3ad6d,N336PQ,CRJ9,BOMBARDIER Regional Jet CRJ-900,0
landing,LGA,22,1783112601.99,2026-07-03T21:03:21Z,40.774733,-73.879514,210.9,c06189,C-GKYI,E295,,0
takeoff,JFK,22R,1783112669.16,2026-07-03T21:04:29Z,40.64629,-73.766632,210.9,ade609,N995JL,A321,AIRBUS A-321,0
landing,JFK,22L,1783112674.7,2026-07-03T21:04:34Z,40.634599,-73.763206,210.9,ad6f93,N965JT,A321,AIRBUS A-321,0
landing,LGA,22,1783112680.31,2026-07-03T21:04:40Z,40.775528,-73.878891,210.9,a7946a,N588JB,A320,AIRBUS A-320,0
takeoff,LGA,31,1783112680.77,2026-07-03T21:04:40Z,40.772472,-73.857956,298.1,a3245d,N301PQ,CRJ9,BOMBARDIER Regional Jet CRJ-900,0
takeoff,JFK,22R,1783112729.51,2026-07-03T21:05:29Z,40.647075,-73.766015,210.9,a6692d,N512DE,A21N,AIRBUS A-321neo,0
landing,LGA,22,1783112760.45,2026-07-03T21:06:00Z,40.776501,-73.878082,213.8,a78a52,N585UW,A321,AIRBUS A-321,0
takeoff,LGA,22,1783112760.45,2026-07-03T21:06:00Z,40.776501,-73.878082,213.8,a78a52,N585UW,A321,AIRBUS A-321,0
landing,LGA,22,1783112761.28,2026-07-03T21:06:01Z,40.776129,-73.878391,213.8,a78a52,N585UW,A321,AIRBUS A-321,0
takeoff,LGA,31,1783112768.96,2026-07-03T21:06:08Z,40.772812,-73.858665,300.9,ac011d,N8727M,B38M,BOEING 737 MAX 8,0
landing,JFK,22L,1783112777.5,2026-07-03T21:06:17Z,40.633484,-73.764069,210.9,a38af8,N3272J,BCS3,AIRBUS A220-300,0
takeoff,JFK,22R,1783112790.15,2026-07-03T21:06:30Z,40.645946,-73.766904,210.9,4ca74e,EI-EAV,A333,AIRBUS A-330-300,0
landing,JFK,22L,1783112849.85,2026-07-03T21:07:29Z,40.635344,-73.762613,210.9,a6aaba,N529DT,A21N,AIRBUS A-321neo,0
takeoff,LGA,31,1783112874.31,2026-07-03T21:07:54Z,40.77244,-73.8579,303.8,a22358,N237JQ,E75L,EMBRAER ERJ-170-200 (long wing),0
landing,LGA,22,1783112877.12,2026-07-03T21:07:57Z,40.773628,-73.880432,210.9,aa568e,N76502,B738,BOEING 737-800,0
takeoff,JFK,22R,1783112883.19,2026-07-03T21:08:03Z,40.645329,-73.767388,210.9,4b1882,HB-JHI,A333,AIRBUS A-330-300,0
landing,JFK,22L,1783112955.27,2026-07-03T21:09:15Z,40.635258,-73.76268,210.9,ad935b,N974JT,A321,AIRBUS A-321,0
landing,LGA,22,1783112983.94,2026-07-03T21:09:43Z,40.775471,-73.878937,210.9,a2af3e,N272PQ,CRJ9,BOMBARDIER Regional Jet CRJ-900,0
takeoff,LGA,31,1783112991.11,2026-07-03T21:09:51Z,40.774109,-73.861404,300.9,acb9ed,N919US,A321,AIRBUS A-321,0
takeoff,JFK,22R,1783113017.25,2026-07-03T21:10:17Z,40.64645,-73.76651,210.9,a5fc87,N485PX,CRJ9,BOMBARDIER Regional Jet CRJ-900,0
landing,LGA,22,1783113059.86,2026-07-03T21:10:59Z,40.775862,-73.878609,210.9,a34bdc,N311PQ,CRJ9,BOMBARDIER Regional Jet CRJ-900,0
takeoff,JFK,22R,1783113071.46,2026-07-03T21:11:11Z,40.646342,-73.766608,210.9,a6bf5a,N534AS,B738,BOEING 737-800,0
takeoff,LGA,31,1783113082.79,2026-07-03T21:11:22Z,40.772615,-73.858244,300.9,ad0f29,N940WN,B737,BOEING 737-700,0
takeoff,LGA,31,1783113189.16,2026-07-03T21:13:09Z,40.773883,-73.860912,298.1,a32bcb,N303PQ,CRJ9,BOMBARDIER Regional Jet CRJ-900,0
landing,LGA,22,1783113195.88,2026-07-03T21:13:15Z,40.771928,-73.881855,213.8,a4eca6,N416YX,E75L,EMBRAER ERJ-170-200 (long wing),0
landing,JFK,22L,1783113204.21,2026-07-03T21:13:24Z,40.635495,-73.762488,210.9,acba30,N919XJ,CRJ9,BOMBARDIER Regional Jet CRJ-900,0
takeoff,JFK,22R,1783113206.8,2026-07-03T21:13:26Z,40.646999,-73.766068,210.9,3965a2,F-GZNC,B77W,BOEING 777-300ER,0
takeoff,JFK,22R,1783113281.66,2026-07-03T21:14:41Z,40.646947,-73.76614,210.9,a12861,N174DN,B763,BOEING 767-300,0
landing,LGA,22,1783113305.84,2026-07-03T21:15:05Z,40.774944,-73.879318,210.9,a866c7,N640RW,E170,EMBRAER ERJ-170-100,0
takeoff,LGA,31,1783113383.85,2026-07-03T21:16:23Z,40.772587,-73.8582,303.8,a05e02,N12238,B738,BOEING 737-800,0
landing,JFK,22L,1783113387.91,2026-07-03T21:16:27Z,40.636414,-73.76177,210.9,a7a8ed,N593DX,A21N,,0
takeoff,LGA,31,1783113442.43,2026-07-03T21:17:22Z,40.772816,-73.858658,303.8,a057cc,N121DZ,A321,AIRBUS A-321,0
takeoff,LGA,31,1783113504.59,2026-07-03T21:18:24Z,40.77258,-73.858181,300.9,a1a1b6,N204JQ,E75L,EMBRAER ERJ-170-200 (long wing),0
takeoff,JFK,22R,1783113518.97,2026-07-03T21:18:38Z,40.649333,-73.764251,210.9,a21bea,N235JQ,E75L,EMBRAER ERJ-170-200 (long wing),0
landing,JFK,22L,1783113521.26,2026-07-03T21:18:41Z,40.63401,-73.763657,209.6,34635a,EC-NGS,B789,BOEING 787-9 Dreamliner,0
takeoff,LGA,31,1783113566.08,2026-07-03T21:19:26Z,40.772484,-73.857986,303.8,ac83d5,N905XJ,CRJ9,BOMBARDIER Regional Jet CRJ-900,0
takeoff,JFK,22R,1783113596.79,2026-07-03T21:19:56Z,40.646622,-73.766388,209.6,485e2e,PH-BKH,B78X,BOEING 787-10 Dreamliner,0
takeoff,LGA,31,1783113644.04,2026-07-03T21:20:44Z,40.772587,-73.85817,300.9,abdb88,N863RW,E170,EMBRAER ERJ-170-100,0
landing,JFK,22L,1783113649.03,2026-07-03T21:20:49Z,40.634133,-73.763549,210.9,ab9387,N845MH,B764,BOEING 767-400,0
landing,LGA,22,1783113663.95,2026-07-03T21:21:03Z,40.771717,-73.88205,210.9,a51f4a,N429YX,E75L,EMBRAER ERJ-170-200 (long wing),0
takeoff,JFK,22R,1783113691.32,2026-07-03T21:21:31Z,40.646772,-73.766249,210.9,ac10af,N877DN,B739,BOEING 737-900,0
takeoff,LGA,31,1783113722.9,2026-07-03T21:22:02Z,40.772793,-73.858566,300.9,acf0db,N933AN,B738,BOEING 737-800,0
takeoff,JFK,22R,1783113745.37,2026-07-03T21:22:25Z,40.646551,-73.766436,210.9,acf2e4,N933XJ,CRJ9,BOMBARDIER Regional Jet CRJ-900,0
landing,JFK,22L,1783113758.35,2026-07-03T21:22:38Z,40.634459,-73.763315,210.9,ad10e9,N941AK,B39M,BOEING 737 MAX 9,0
takeoff,JFK,22R,1783113806.67,2026-07-03T21:23:26Z,40.646679,-73.766342,210.9,ad1cde,N944JT,A321,AIRBUS A-321,0
landing,LGA,22,1783113824.51,2026-07-03T21:23:44Z,40.775245,-73.879108,213.8,a00ce0,N102HQ,E75L,EMBRAER ERJ-170-200 (long wing),0
landing,JFK,22L,1783113869.94,2026-07-03T21:24:29Z,40.637322,-73.761083,210.9,a19d0d,N2029J,A21N,AIRBUS A-321neo,0
takeoff,JFK,22R,1783113882.26,2026-07-03T21:24:42Z,40.646714,-73.766311,210.9,a3e658,N350RV,B38M,BOEING 737 MAX 8,0
landing,LGA,22,1783113917.4,2026-07-03T21:25:17Z,40.774704,-73.879593,213.8,a1f46b,N225JQ,E75L,EMBRAER ERJ-170-200 (long wing),0
takeoff,LGA,31,1783113918.56,2026-07-03T21:25:18Z,40.772827,-73.858673,300.9,ac390f,N887NN,B738,BOEING 737-800,0
takeoff,JFK,22R,1783113937.28,2026-07-03T21:25:37Z,40.6469,-73.766155,210.9,a33766,N306UH,B38M,BOEING 737 MAX 8,0
landing,LGA,22,1783113990.51,2026-07-03T21:26:30Z,40.77521,-73.879155,213.8,a3271e,N302DU,BCS3,AIRBUS A220-300,0
landing,JFK,22L,1783114000.36,2026-07-03T21:26:40Z,40.636507,-73.761692,210.9,40641d,G-VLUV,A333,AIRBUS A-330-300,0
takeoff,LGA,31,1783114001.11,2026-07-03T21:26:41Z,40.773926,-73.861008,300.9,acf69b,N934XJ,CRJ9,BOMBARDIER Regional Jet CRJ-900,0
takeoff,JFK,22R,1783114003.42,2026-07-03T21:26:43Z,40.64629,-73.766632,210.9,a1bc29,N2102J,A21N,AIRBUS A-321neo,0
takeoff,JFK,22R,1783114055.98,2026-07-03T21:27:35Z,40.647434,-73.765747,210.9,a6ffc3,N550DN,A21N,AIRBUS A-321neo,0
landing,LGA,22,1783114089.69,2026-07-03T21:28:09Z,40.775356,-73.879028,213.8,a45f59,N381DN,B738,BOEING 737-800,0
takeoff,LGA,31,1783114098.8,2026-07-03T21:28:18Z,40.772801,-73.858618,300.9,ac5041,N8928Q,B38M,,0
takeoff,JFK,22R,1783114119.86,2026-07-03T21:28:39Z,40.646027,-73.766842,210.9,a124b5,N173DZ,B763,BOEING 767-300,0
landing,JFK,22L,1783114137.47,2026-07-03T21:28:57Z,40.635413,-73.762535,210.9,ac7c67,N903XJ,CRJ9,BOMBARDIER Regional Jet CRJ-900,0
takeoff,LGA,31,1783114154.54,2026-07-03T21:29:14Z,40.772598,-73.858185,300.9,a20d0e,N231JQ,E75L,EMBRAER ERJ-170-200 (long wing),0
takeoff,JFK,22R,1783114189.87,2026-07-03T21:29:49Z,40.646702,-73.766312,208.1,acc040,N920XJ,CRJ9,BOMBARDIER Regional Jet CRJ-900,0
landing,JFK,22L,1783114247.13,2026-07-03T21:30:47Z,40.63575,-73.762283,210.9,a6a6f6,N528DE,A21N,AIRBUS A-321neo,0
takeoff,LGA,31,1783114248.67,2026-07-03T21:30:48Z,40.772463,-73.857932,300.9,abd063,N860RW,E170,EMBRAER ERJ-170-100,0
takeoff,LGA,31,1783114332.17,2026-07-03T21:32:12Z,40.77277,-73.858597,300.9,a5106e,N425YX,E75L,EMBRAER ERJ-170-200 (long wing),0
landing,LGA,22,1783114334.25,2026-07-03T21:32:14Z,40.775606,-73.878843,213.8,ab1d06,N815MD,E170,EMBRAER ERJ-170-100,0
landing,JFK,22L,1783114334.68,2026-07-03T21:32:14Z,40.635292,-73.762665,209.6,ab5867,N830AN,B789,BOEING 787-9 Dreamliner,0
landing,JFK,22L,1783114335.17,2026-07-03T21:32:15Z,40.635111,-73.7628,209.6,ab5867,N830AN,B789,BOEING 787-9 Dreamliner,0
takeoff,JFK,22R,1783114384.26,2026-07-03T21:33:04Z,40.646795,-73.766249,210.9,ac72af,N9008U,A319,AIRBUS A-319,0
takeoff,LGA,31,1783114401.93,2026-07-03T21:33:21Z,40.772598,-73.858185,300.9,a442f3,N374DA,B738,BOEING 737-800,0
takeoff,JFK,22R,1783114428.09,2026-07-03T21:33:48Z,40.649437,-73.764173,210.9,a22ac6,N239JQ,E75L,EMBRAER ERJ-170-200 (long wing),0
landing,JFK,22L,1783114436.45,2026-07-03T21:33:56Z,40.635739,-73.762316,210.9,4c0224,YU-ARE,A332,AIRBUS A-330-200,0
takeoff,LGA,31,1783114461.87,2026-07-03T21:34:21Z,40.772487,-73.857947,300.9,c05ef7,C-GJZA,DH8D,DE HAVILLAND DHC-8-400 Dash 8,0
takeoff,JFK,22R,1783114493.88,2026-07-03T21:34:53Z,40.647098,-73.766015,210.9,a03235,N111ZM,A321,AIRBUS A-321,0
takeoff,LGA,31,1783114524.22,2026-07-03T21:35:24Z,40.772198,-73.857407,303.8,a8a490,N656RW,E170,EMBRAER ERJ-170-100,0
takeoff,JFK,22R,1783114561.87,2026-07-03T21:36:01Z,40.646347,-73.766586,210.9,aa944a,N781AN,B772,BOEING 777-200,0
landing,JFK,22L,1783114587.41,2026-07-03T21:36:27Z,40.637392,-73.761021,210.9,a7e906,N609DN,A21N,AIRBUS A-321neo,0
takeoff,LGA,31,1783114593.66,2026-07-03T21:36:33Z,40.772461,-73.857925,300.9,a1be10,N211JQ,E75L,EMBRAER ERJ-170-200 (long wing),0
takeoff,JFK,22R,1783114645.45,2026-07-03T21:37:25Z,40.646393,-73.766556,210.9,ab6c08,N835MH,B764,BOEING 767-400,0
landing,JFK,22L,1783114663.64,2026-07-03T21:37:43Z,40.636631,-73.761612,208.1,a145b7,N181PQ,CRJ9,BOMBARDIER Regional Jet CRJ-900,0
takeoff,LGA,31,1783114704.66,2026-07-03T21:38:24Z,40.772487,-73.857994,300.9,a6ce58,N538CA,CRJ9,BOMBARDIER Regional Jet CRJ-900,0
takeoff,JFK,22R,1783114712.39,2026-07-03T21:38:32Z,40.645934,-73.766904,210.9,4caa6d,EI-EJO,A332,AIRBUS A-330-200,0
landing,LGA,22,1783114713.11,2026-07-03T21:38:33Z,40.773411,-73.88063,213.8,ad0851,N939NN,B738,BOEING 737-800,0
landing,JFK,22L,1783114734.26,2026-07-03T21:38:54Z,40.637217,-73.76113,210.9,aaef60,N8030F,A319,AIRBUS A-319,0
takeoff,LGA,31,1783114767.09,2026-07-03T21:39:27Z,40.77261,-73.858246,300.9,a23bfb,N243JQ,E75L,EMBRAER ERJ-170-200 (long wing),0
landing,JFK,22L,1783114820.25,2026-07-03T21:40:20Z,40.634948,-73.762925,210.9,ab129a,N812UP,B38M,BOEING 737 MAX 8,0
takeoff,JFK,22R,1783114860.52,2026-07-03T21:41:00Z,40.645702,-73.767107,210.9,a38b84,N3276J,BCS3,AIRBUS A220-300,0
landing,LGA,22,1783114885.33,2026-07-03T21:41:25Z,40.777375,-73.877361,210.9,a320a6,N300PQ,CRJ9,BOMBARDIER Regional Jet CRJ-900,0
landing,JFK,22L,1783114906.42,2026-07-03T21:41:46Z,40.634855,-73.762987,210.9,a173a8,N193DN,B763,BOEING 767-300,0
takeoff,JFK,22R,1783114926.77,2026-07-03T21:42:06Z,40.645853,-73.766967,210.9,ab44af,N825NW,A333,AIRBUS A-330-300,0
landing,LGA,22,1783114993.27,2026-07-03T21:43:13Z,40.775722,-73.87875,210.9,a0669d,N125DN,A321,AIRBUS A-321,0
landing,JFK,22L,1783115035.56,2026-07-03T21:43:55Z,40.635029,-73.762847,210.9,a198ed,N2016J,A21N,AIRBUS A-321neo,0
takeoff,JFK,22R,1783115044.41,2026-07-03T21:44:04Z,40.64697,-73.766108,210.9,a797b4,N589DT,A21N,AIRBUS A-321neo,0
takeoff,JFK,22R,1783115098.57,2026-07-03T21:44:58Z,40.646519,-73.766464,208.1,ab6162,N832SK,CRJ9,BOMBARDIER Regional Jet CRJ-900,0
takeoff,JFK,22R,1783115159.29,2026-07-03T21:45:59Z,40.6464,-73.766561,210.9,ad7d9f,N969AK,B39M,BOEING 737 MAX 9,0
landing,JFK,22L,1783115166.17,2026-07-03T21:46:06Z,40.635807,-73.762253,210.9,a6bfa6,N534DT,A21N,AIRBUS A-321neo,0
takeoff,LGA,31,1783115212.24,2026-07-03T21:46:52Z,40.773127,-73.859352,300.9,a05dba,N12216,B738,BOEING 737-800,0
takeoff,JFK,22R,1783115213.06,2026-07-03T21:46:53Z,40.646633,-73.766373,213.8,ab4c76,N827SK,CRJ9,BOMBARDIER Regional Jet CRJ-900,0
takeoff,JFK,22R,1783115283.55,2026-07-03T21:48:03Z,40.645771,-73.767029,210.9,a36799,N3185J,BCS3,AIRBUS A220-300,0
landing,JFK,22L,1783115320.1,2026-07-03T21:48:40Z,40.634422,-73.763336,210.9,781e2a,B-222H,B77L,BOEING 777-200LR,0
takeoff,JFK,22R,1783115348.4,2026-07-03T21:49:08Z,40.646587,-73.766403,210.9,a1a3a9,N2043J,A21N,AIRBUS A-321neo,0
landing,LGA,22,1783115380.28,2026-07-03T21:49:40Z,40.77594,-73.87854,213.8,ab38a1,N822DN,B739,BOEING 737-900,0
takeoff,JFK,22R,1783115476.21,2026-07-03T21:51:16Z,40.647217,-73.765915,210.9,a69b92,N525AS,B738,BOEING 737-800,0
landing,JFK,22L,1783115487.54,2026-07-03T21:51:27Z,40.634045,-73.763626,210.9,a64ce6,N505DZ,A21N,AIRBUS A-321neo,0
landing,LGA,22,1783115523.92,2026-07-03T21:52:03Z,40.771625,-73.88212,213.8,ab20df,N816NN,B738,BOEING 737-800,0
takeoff,JFK,22R,1783115541.31,2026-07-03T21:52:21Z,40.645818,-73.766982,210.9,a38082,N3247J,BCS3,,0
landing,JFK,22L,1783115569.98,2026-07-03T21:52:49Z,40.634797,-73.763034,209.6,7c806e,VH-ZNK,B789,BOEING 787-9 Dreamliner,0
takeoff,JFK,22R,1783115593.39,2026-07-03T21:53:13Z,40.646862,-73.76619,210.9,a793fd,N588DT,A21N,AIRBUS A-321neo,0
landing,LGA,22,1783115613.87,2026-07-03T21:53:33Z,40.775722,-73.878718,213.8,a4c8de,N407YX,E75L,EMBRAER ERJ-170-200 (long wing),0
takeoff,JFK,22R,1783115655.51,2026-07-03T21:54:15Z,40.645876,-73.766951,210.9,a1775f,N194DN,B763,BOEING 767-300,0
landing,LGA,22,1783115687.59,2026-07-03T21:54:47Z,40.774441,-73.879669,202.5,a537ed,N435YX,E75L,EMBRAER ERJ-170-200 (long wing),0
landing,JFK,22L,1783115720.07,2026-07-03T21:55:20Z,40.63306,-73.764755,233.4,a01805,N105HQ,E75L,EMBRAER ERJ-170-200 (long wing),0
landing,LGA,22,1783115764.08,2026-07-03T21:56:04Z,40.771992,-73.881805,213.8,a1b449,N209JQ,E75L,EMBRAER ERJ-170-200 (long wing),0
takeoff,JFK,22R,1783115776.5,2026-07-03T21:56:16Z,40.646493,-73.766483,210.9,aba281,N849NN,B738,BOEING 737-800,0
landing,JFK,22L,1783115785.48,2026-07-03T21:56:25Z,40.634576,-73.763221,210.9,a441fb,N3735D,B738,BOEING 737-800,0
landing,LGA,22,1783115808.57,2026-07-03T21:56:48Z,40.774407,-73.879811,210.9,ac31a1,N885NN,B738,BOEING 737-800,0
takeoff,LGA,31,1783115823.83,2026-07-03T21:57:03Z,40.772615,-73.858244,300.9,aa7e7a,N77536,B738,BOEING 737-800,0
takeoff,JFK,22R,1783115838.37,2026-07-03T21:57:18Z,40.646725,-73.766296,210.9,4a91b3,SE-DMS,A21N,AIRBUS A-321neo,0
landing,JFK,22L,1783115881.96,2026-07-03T21:58:01Z,40.636694,-73.761567,210.9,a61173,N490PX,CRJ9,BOMBARDIER Regional Jet CRJ-900,0
takeoff,JFK,22R,1783115889.5,2026-07-03T21:58:09Z,40.647079,-73.766006,208.1,a36fa4,N320PQ,CRJ9,BOMBARDIER Regional Jet CRJ-900,0
landing,LGA,22,1783115904.66,2026-07-03T21:58:24Z,40.77578,-73.878687,213.8,aa7e7c,N77538,B738,BOEING 737-800,0
takeoff,JFK,22R,1783115952.16,2026-07-03T21:59:12Z,40.646167,-73.766733,210.9,a770a2,N579JB,A320,AIRBUS A-320,0
landing,JFK,22L,1783115956.87,2026-07-03T21:59:16Z,40.635658,-73.762363,210.9,aca29a,N913JB,A321,AIRBUS A-321,0
landing,LGA,22,1783116021.57,2026-07-03T22:00:21Z,40.777313,-73.877411,213.8,c00700,C-FCQX,A320,AIRBUS A-320,0
takeoff,JFK,22R,1783116023.35,2026-07-03T22:00:23Z,40.649494,-73.76413,210.9,a075df,N129HQ,E75L,EMBRAER ERJ-170-200 (long wing),0
takeoff,LGA,31,1783116024.34,2026-07-03T22:00:24Z,40.772449,-73.85791,303.8,a39723,N330PQ,CRJ9,BOMBARDIER Regional Jet CRJ-900,0
landing,JFK,22L,1783116043.48,2026-07-03T22:00:43Z,40.635018,-73.762862,210.9,acb679,N918XJ,CRJ9,BOMBARDIER Regional Jet CRJ-900,0
takeoff,LGA,31,1783116082.88,2026-07-03T22:01:22Z,40.772221,-73.857437,303.8,a8a0d9,N655RW,E170,EMBRAER ERJ-170-100,0
landing,JFK,22L,1783116120.73,2026-07-03T22:02:00Z,40.635967,-73.762115,210.9,a7f2d2,N611DT,A21N,AIRBUS A-321neo,0
landing,LGA,22,1783116123.67,2026-07-03T22:02:03Z,40.776769,-73.877844,210.9,a44e24,N377DN,A321,AIRBUS A-321,0
takeoff,JFK,22R,1783116166.99,2026-07-03T22:02:46Z,40.64633,-73.766592,210.9,a11380,N169DZ,B763,BOEING 767-300,0
landing,LGA,22,1783116205.54,2026-07-03T22:03:25Z,40.775928,-73.87854,213.8,ab5383,N829NN,B738,BOEING 737-800,0
landing,JFK,22L,1783116234.22,2026-07-03T22:03:54Z,40.637229,-73.761146,210.9,a37335,N321NB,A319,AIRBUS A-319,0
takeoff,JFK,22R,1783116237.22,2026-07-03T22:03:57Z,40.645713,-73.767092,210.9,3c6713,D-AIXS,A359,AIRBUS A-350-900,0
takeoff,LGA,31,1783116279.43,2026-07-03T22:04:39Z,40.772472,-73.857971,300.9,c00b71,C-FEIQ,E75S,EMBRAER ERJ-170-200 (short wing),0
landing,LGA,22,1783116284.68,2026-07-03T22:04:44Z,40.775408,-73.878968,210.9,ac4d1a,N892DN,B739,BOEING 737-900,0
takeoff,JFK,22R,1783116306.93,2026-07-03T22:05:06Z,40.645409,-73.767303,210.9,3c7a4c,D-ANRL,A339,AIRBUS A-330-900,0
landing,JFK,22L,1783116350.82,2026-07-03T22:05:50Z,40.63489,-73.762956,210.9,a35eeb,N316UP,B763,BOEING 767-300,0
takeoff,JFK,22R,1783116372.41,2026-07-03T22:06:12Z,40.647514,-73.765686,210.9,394a0a,F-GSQK,B77W,BOEING 777-300ER,0
landing,LGA,22,1783116388.14,2026-07-03T22:06:28Z,40.776758,-73.877891,213.8,a4df52,N413AN,A21N,AIRBUS A-321neo,0
takeoff,LGA,31,1783116409.42,2026-07-03T22:06:49Z,40.776169,-73.865723,303.8,a4a0d9,N398DN,A321,AIRBUS A-321,0
landing,JFK,22L,1783116444.96,2026-07-03T22:07:24Z,40.636551,-73.761658,210.9,aaffed,N808DN,B739,BOEING 737-900,0
landing,LGA,22,1783116552.12,2026-07-03T22:09:12Z,40.775384,-73.87903,210.9,a33ef5,N308VR,B38M,BOEING 737 MAX 8,0
takeoff,JFK,22R,1783116556.33,2026-07-03T22:09:16Z,40.645201,-73.767466,210.9,a387f0,N3267J,BCS3,,0
landing,JFK,22L,1783116576.63,2026-07-03T22:09:36Z,40.637032,-73.761292,210.9,a3298a,N3023J,BCS3,AIRBUS A220-300,0
takeoff,JFK,22R,1783116608.87,2026-07-03T22:10:08Z,40.646301,-73.766632,210.9,a3b50f,N338RS,B38M,BOEING 737 MAX 8,0
takeoff,LGA,31,1783116624.38,2026-07-03T22:10:24Z,40.773871,-73.860881,300.9,aceb76,N931XJ,CRJ9,BOMBARDIER Regional Jet CRJ-900,0
landing,JFK,22L,1783116638.34,2026-07-03T22:10:38Z,40.635123,-73.762769,210.9,a4503d,N37700,B738,BOEING 737-800,0
takeoff,LGA,31,1783116660.12,2026-07-03T22:11:00Z,40.772347,-73.857698,303.8,a24526,N24510,A21N,AIRBUS A-321neo,0
takeoff,JFK,22R,1783116663.78,2026-07-03T22:11:03Z,40.646819,-73.766202,210.9,a7650b,N576DN,A21N,AIRBUS A-321neo,0
takeoff,JFK,22R,1783116723.86,2026-07-03T22:12:03Z,40.646342,-73.766592,210.9,a12c23,N175DZ,B763,BOEING 767-300,0
landing,JFK,22L,1783116725.38,2026-07-03T22:12:05Z,40.63678,-73.761475,210.9,a01037,N103DU,BCS1,AIRBUS A220-100,0
landing,LGA,22,1783116732.18,2026-07-03T22:12:12Z,40.775791,-73.878662,213.8,aa56d8,N76526,B738,BOEING 737-800,0
takeoff,JFK,22R,1783116784.26,2026-07-03T22:13:04Z,40.645946,-73.766904,210.9,aa86cc,N778AN,B772,BOEING 777-200,0
landing,JFK,22L,1783116801.81,2026-07-03T22:13:21Z,40.635483,-73.762519,210.9,407992,G-STBM,B77W,BOEING 777-300ER,0
landing,LGA,22,1783116816.79,2026-07-03T22:13:36Z,40.776455,-73.87811,210.9,a486d8,N391DN,A321,AIRBUS A-321,0
takeoff,LGA,31,1783116817.38,2026-07-03T22:13:37Z,40.772487,-73.857994,300.9,a7de93,N606LR,CRJ9,BOMBARDIER Regional Jet CRJ-900,0
takeoff,JFK,22R,1783116849.85,2026-07-03T22:14:09Z,40.645306,-73.767404,210.9,ab599b,N830NW,A333,AIRBUS A-330-300,0
takeoff,LGA,31,1783116892.34,2026-07-03T22:14:52Z,40.772673,-73.858384,298.1,ac0a75,N875RW,E170,EMBRAER ERJ-170-100,0
landing,JFK,22L,1783116949.71,2026-07-03T22:15:49Z,40.636105,-73.762024,210.9,aca79d,N914XJ,CRJ9,BOMBARDIER Regional Jet CRJ-900,0
takeoff,LGA,31,1783116959.16,2026-07-03T22:15:59Z,40.772655,-73.858337,295.3,a7e24a,N607LR,CRJ9,BOMBARDIER Regional Jet CRJ-900,0
landing,JFK,22L,1783117015.6,2026-07-03T22:16:55Z,40.635565,-73.762457,210.9,acf54f,N934JB,A321,AIRBUS A-321,0
takeoff,JFK,22R,1783117019.95,2026-07-03T22:16:59Z,40.646221,-73.766693,210.9,c052d5,C-GFJO,B38M,BOEING 737 MAX 8,0
takeoff,LGA,31,1783117037.86,2026-07-03T22:17:17Z,40.772812,-73.858681,303.8,a2ded8,N284WN,B737,BOEING 737-700,0
landing,JFK,22L,1783117090.8,2026-07-03T22:18:10Z,40.63599,-73.7621,210.9,a73dfe,N566JB,A320,AIRBUS A-320,0
takeoff,JFK,22R,1783117097.93,2026-07-03T22:18:17Z,40.645889,-73.766953,210.9,aaf53a,N805JB,A320,AIRBUS A-320,0
takeoff,LGA,31,1783117104.45,2026-07-03T22:18:24Z,40.772289,-73.85759,303.8,a52911,N431YX,E75L,EMBRAER ERJ-170-200 (long wing),0
landing,LGA,22,1783117119.29,2026-07-03T22:18:39Z,40.775082,-73.879242,213.8,ad1142,N941DZ,B739,,0
takeoff,JFK,22R,1783117152.87,2026-07-03T22:19:12Z,40.64637,-73.766571,210.9,a7da9c,N605JB,A320,AIRBUS A-320,0
landing,JFK,22L,1783117165.51,2026-07-03T22:19:25Z,40.634262,-73.763443,210.9,ad38bf,N951DX,B739,BOEING 737-900,0
takeoff,LGA,31,1783117196.89,2026-07-03T22:19:56Z,40.772463,-73.8579,303.8,acb636,N918US,A321,AIRBUS A-321,0
takeoff,JFK,22R,1783117212.1,2026-07-03T22:20:12Z,40.645352,-73.767372,209.6,48ae06,SP-LRG,B788,BOEING 787-8 Dreamliner,0
landing,JFK,22L,1783117251.64,2026-07-03T22:20:51Z,40.635646,-73.762363,210.9,a6f9b3,N549DN,A21N,AIRBUS A-321neo,0
takeoff,LGA,31,1783117281.87,2026-07-03T22:21:21Z,40.772667,-73.858368,300.9,a31216,N29717,B737,BOEING 737-700,0
landing,JFK,22L,1783117339.57,2026-07-03T22:22:19Z,40.635372,-73.762589,210.9,3475c7,EC-OCR,A359,AIRBUS A-350-900,0
takeoff,LGA,31,1783117346.8,2026-07-03T22:22:26Z,40.772487,-73.857963,300.9,abd7d1,N862RW,E170,EMBRAER ERJ-170-100,0
landing,JFK,22R,1783117397.62,2026-07-03T22:23:17Z,40.63496,-73.775487,210.9,a1a0c4,N2039J,A21N,AIRBUS A-321neo,0
landing,LGA,22,1783117428.71,2026-07-03T22:23:48Z,40.77521,-73.879124,210.9,ace7bf,N930XJ,CRJ9,BOMBARDIER Regional Jet CRJ-900,0
takeoff,LGA,31,1783117433.67,2026-07-03T22:23:53Z,40.772472,-73.857986,303.8,a230d6,N240JQ,E75L,EMBRAER ERJ-170-200 (long wing),0
landing,JFK,22L,1783117464.33,2026-07-03T22:24:24Z,40.634537,-73.763245,210.9,ab23b5,N817DN,B739,BOEING 737-900,0
takeoff,JFK,22R,1783117474.16,2026-07-03T22:24:34Z,40.646353,-73.766577,210.9,ad56e0,N959JB,A321,AIRBUS A-321,0
takeoff,LGA,31,1783117495.54,2026-07-03T22:24:55Z,40.772265,-73.857526,300.9,a08e82,N135HQ,E75L,EMBRAER ERJ-170-200 (long wing),0
landing,JFK,22L,1783117550.08,2026-07-03T22:25:50Z,40.634029,-73.763643,210.9,780d8f,B-2094,B77L,BOEING 777-200LR,0
landing,LGA,22,1783117614.24,2026-07-03T22:26:54Z,40.776043,-73.878464,213.8,a33243,N305DU,BCS3,AIRBUS A220-300,0
takeoff,LGA,31,1783117617.91,2026-07-03T22:26:57Z,40.772708,-73.858462,303.8,a1a924,N206JQ,E75L,EMBRAER ERJ-170-200 (long wing),0
landing,JFK,22R,1783117629.54,2026-07-03T22:27:09Z,40.631049,-73.778546,210.9,4cadfa,EI-HPA,A339,AIRBUS A-330-900,0
takeoff,LGA,31,1783117708.67,2026-07-03T22:28:28Z,40.772847,-73.858759,300.9,a3c847,N34282,B738,BOEING 737-800,0
takeoff,JFK,22R,1783117715.96,2026-07-03T22:28:35Z,40.64569,-73.767123,208.1,a1d99b,N2180J,A21N,AIRBUS A-321neo,0
landing,JFK,22L,1783117764.27,2026-07-03T22:29:24Z,40.636665,-73.761581,210.9,a1a832,N2059J,A21N,AIRBUS A-321neo,0
landing,LGA,22,1783117790.07,2026-07-03T22:29:50Z,40.776641,-73.877969,210.9,acc3f7,N921XJ,CRJ9,BOMBARDIER Regional Jet CRJ-900,0
takeoff,LGA,31,1783117798.74,2026-07-03T22:29:58Z,40.772801,-73.858681,303.8,ad5460,N958WN,B737,BOEING 737-700,0
landing,JFK,22R,1783117808.88,2026-07-03T22:30:08Z,40.630634,-73.778885,210.9,4ba953,TC-JJS,B77W,BOEING 777-300ER,0
landing,JFK,22L,1783117850.34,2026-07-03T22:30:50Z,40.634743,-73.763062,210.9,a350c3,N3121J,BCS3,AIRBUS A220-300,0
takeoff,LGA,31,1783117906.79,2026-07-03T22:31:46Z,40.77412,-73.86142,298.1,a34bdc,N311PQ,CRJ9,BOMBARDIER Regional Jet CRJ-900,0
landing,LGA,22,1783117910.13,2026-07-03T22:31:50Z,40.775268,-73.879077,213.8,ada699,N979RP,E170,EMBRAER ERJ-170-100,0
landing,JFK,22L,1783117931.71,2026-07-03T22:32:11Z,40.63475,-73.763065,210.9,adafb5,N981JT,A321,AIRBUS A-321,0
takeoff,JFK,22R,1783117959.13,2026-07-03T22:32:39Z,40.645992,-73.766857,210.9,4ca9cb,EI-LRD,A21N,AIRBUS A-321neo,0
takeoff,LGA,31,1783117967.49,2026-07-03T22:32:47Z,40.772661,-73.858353,300.9,a21142,N232PQ,CRJ9,BOMBARDIER Regional Jet CRJ-900,0
landing,JFK,22L,1783118016.05,2026-07-03T22:33:36Z,40.633831,-73.763799,210.9,3965aa,F-GZNK,B77W,BOEING 777-300ER,0
takeoff,JFK,22R,1783118033.32,2026-07-03T22:33:53Z,40.646278,-73.766647,210.9,ad8836,N971JT,A321,AIRBUS A-321,0
takeoff,LGA,31,1783118040.31,2026-07-03T22:34:00Z,40.772724,-73.858475,300.9,a4eca6,N416YX,E75L,EMBRAER ERJ-170-200 (long wing),0
takeoff,JFK,22R,1783118100.6,2026-07-03T22:35:00Z,40.645853,-73.766982,210.9,40771a,G-VDOT,A35K,AIRBUS A-350-1000,0
takeoff,LGA,31,1783118128.29,2026-07-03T22:35:28Z,40.776595,-73.866577,300.9,ac5488,N894DN,B739,BOEING 737-900,0
landing,JFK,22L,1783118152.52,2026-07-03T22:35:52Z,40.634971,-73.762894,210.9,a81abe,N621JB,A320,AIRBUS A-320,0
takeoff,LGA,31,1783118178.75,2026-07-03T22:36:18Z,40.772484,-73.857986,303.8,a7946a,N588JB,A320,AIRBUS A-320,0
landing,JFK,22L,1783118230.59,2026-07-03T22:37:10Z,40.634926,-73.762955,210.9,a33328,N305NY,A21N,AIRBUS A-321neo,0
takeoff,LGA,31,1783118255.09,2026-07-03T22:37:35Z,40.772793,-73.858627,300.9,a34ae6,N311DU,BCS3,AIRBUS A220-300,0
takeoff,JFK,22R,1783118284.95,2026-07-03T22:38:04Z,40.646283,-73.766639,210.9,a00d5b,N102NN,A321,AIRBUS A-321,0
landing,JFK,22L,1783118319.53,2026-07-03T22:38:39Z,40.635612,-73.76239,210.9,a7bbe9,N598JB,A320,AIRBUS A-320,0
takeoff,LGA,31,1783118325.29,2026-07-03T22:38:45Z,40.77277,-73.858612,303.8,aa568e,N76502,B738,BOEING 737-800,0
takeoff,JFK,22R,1783118340.66,2026-07-03T22:39:00Z,40.645783,-73.767029,210.9,a3514f,N3125J,BCS3,,0
takeoff,LGA,31,1783118389.08,2026-07-03T22:39:49Z,40.772324,-73.857666,300.9,a74923,N569JB,A320,AIRBUS A-320,0
takeoff,JFK,22R,1783118389.57,2026-07-03T22:39:49Z,40.646564,-73.766434,210.9,acf906,N935JB,A321,AIRBUS A-321,0
landing,JFK,22L,1783118425.59,2026-07-03T22:40:25Z,40.633738,-73.763955,222.2,a2348d,N241JQ,E75L,EMBRAER ERJ-170-200 (long wing),0
takeoff,JFK,22R,1783118447.72,2026-07-03T22:40:47Z,40.645946,-73.766904,212.4,ab9630,N846AN,B789,BOEING 787-9 Dreamliner,0
landing,LGA,22,1783118477.52,2026-07-03T22:41:17Z,40.775894,-73.878586,213.8,a451db,N378DN,A321,AIRBUS A-321,0
takeoff,LGA,31,1783118487.79,2026-07-03T22:41:27Z,40.772754,-73.85854,300.9,c06189,C-GKYI,E295,,0
takeoff,JFK,22R,1783118523.78,2026-07-03T22:42:03Z,40.645981,-73.766876,210.9,ab6fbf,N836MH,B764,BOEING 767-400,0
landing,JFK,22L,1783118536.56,2026-07-03T22:42:16Z,40.636275,-73.761895,210.9,76cce5,9V-SGE,A359,AIRBUS A-350-900,0
takeoff,JFK,22R,1783118592.38,2026-07-03T22:43:12Z,40.645376,-73.767357,210.9,44ccd0,OO-SFP,A333,AIRBUS A-330-300,0
landing,JFK,22L,1783118665.61,2026-07-03T22:44:25Z,40.635134,-73.762769,210.9,a36a21,N319VF,B38M,BOEING 737 MAX 8,0
takeoff,JFK,22R,1783118734.61,2026-07-03T22:45:34Z,40.645574,-73.767201,210.9,a398bc,N3304J,BCS3,AIRBUS A220-300,0
landing,JFK,22L,1783118754.63,2026-07-03T22:45:54Z,40.636036,-73.762039,210.9,a392f2,N3296J,BCS3,AIRBUS A220-300,0
takeoff,LGA,31,1783118787.91,2026-07-03T22:46:27Z,40.773857,-73.86087,300.9,a2af3e,N272PQ,CRJ9,BOMBARDIER Regional Jet CRJ-900,0
takeoff,JFK,22R,1783118796.05,2026-07-03T22:46:36Z,40.645924,-73.766922,210.9,a38af8,N3272J,BCS3,AIRBUS A220-300,0
landing,LGA,22,1783118841.17,2026-07-03T22:47:21Z,40.774826,-73.879467,210.9,a126e7,N17311,B38M,BOEING 737 MAX 8,0
landing,JFK,22L,1783118863.34,2026-07-03T22:47:43Z,40.633307,-73.764205,210.9,ad4804,N955JB,A321,AIRBUS A-321,0
takeoff,JFK,22R,1783118915.42,2026-07-03T22:48:35Z,40.646074,-73.766811,210.9,0d0e2c,XA-MFN,B38M,BOEING 737 MAX 8,0
landing,JFK,22L,1783118974.24,2026-07-03T22:49:34Z,40.633266,-73.764511,230.6,a06e71,N127HQ,E75L,EMBRAER ERJ-170-200 (long wing),0
takeoff,JFK,22R,1783118978.0,2026-07-03T22:49:38Z,40.64534,-73.76738,210.9,ab35d3,N821NW,A333,AIRBUS A-330-300,0
landing,JFK,22L,1783119040.89,2026-07-03T22:50:40Z,40.636906,-73.761414,210.9,a73690,N564JB,A320,AIRBUS A-320,0
takeoff,JFK,22R,1783119117.84,2026-07-03T22:51:57Z,40.646423,-73.76653,210.9,a69bcd,N525DA,A21N,AIRBUS A-321neo,0
landing,JFK,22L,1783119123.97,2026-07-03T22:52:03Z,40.635704,-73.762316,210.9,4cc570,TF-IAA,A21N,AIRBUS A-321neo,0
takeoff,LGA,31,1783119153.77,2026-07-03T22:52:33Z,40.772346,-73.857697,331.9,a78a52,N585UW,A321,AIRBUS A-321,0
takeoff,JFK,22R,1783119179.58,2026-07-03T22:52:59Z,40.646342,-73.766592,210.9,ad2f71,N949JT,A321,AIRBUS A-321,0
landing,JFK,22L,1783119214.26,2026-07-03T22:53:34Z,40.633358,-73.764191,210.9,ac89f7,N907JB,A321,AIRBUS A-321,0
takeoff,LGA,31,1783119232.69,2026-07-03T22:53:52Z,40.772827,-73.858719,300.9,ad0851,N939NN,B738,BOEING 737-800,0
takeoff,JFK,22R,1783119289.43,2026-07-03T22:54:49Z,40.646225,-73.766686,210.9,acba30,N919XJ,CRJ9,BOMBARDIER Regional Jet CRJ-900,0
landing,JFK,22L,1783119295.99,2026-07-03T22:54:55Z,40.634191,-73.763518,209.6,485e2d,PH-BKG,B78X,BOEING 787-10 Dreamliner,0
takeoff,LGA,31,1783119342.54,2026-07-03T22:55:42Z,40.772449,-73.85791,298.1,a15027,N184GJ,CRJ9,BOMBARDIER Regional Jet CRJ-900,0
landing,LGA,22,1783119351.74,2026-07-03T22:55:51Z,40.774452,-73.879776,213.8,ab0a73,N810MD,E170,EMBRAER ERJ-170-100,0
takeoff,JFK,22R,1783119366.71,2026-07-03T22:56:06Z,40.645947,-73.766907,209.6,4075c1,G-CKWN,B789,BOEING 787-9 Dreamliner,0
takeoff,LGA,31,1783119405.24,2026-07-03T22:56:45Z,40.772472,-73.857956,303.8,a51f4a,N429YX,E75L,EMBRAER ERJ-170-200 (long wing),0
landing,JFK,22L,1783119430.42,2026-07-03T22:57:10Z,40.636127,-73.762009,210.9,ad4bcb,N956JT,A321,AIRBUS A-321,0
takeoff,JFK,22R,1783119493.08,2026-07-03T22:58:13Z,40.645876,-73.766951,210.9,ada227,N978JB,A321,AIRBUS A-321,0
landing,LGA,22,1783119518.22,2026-07-03T22:58:38Z,40.774931,-73.879405,213.8,a75b65,N573UW,A321,AIRBUS A-321,0
landing,JFK,22L,1783119522.29,2026-07-03T22:58:42Z,40.63559,-73.762405,208.1,a8299a,N625JB,A320,AIRBUS A-320,0
takeoff,JFK,22R,1783119571.66,2026-07-03T22:59:31Z,40.646365,-73.766592,210.9,4065de,G-STBF,B77W,BOEING 777-300ER,0
landing,JFK,22L,1783119611.44,2026-07-03T23:00:11Z,40.636275,-73.761942,210.9,aded77,N997JL,A321,AIRBUS A-321,0
takeoff,LGA,31,1783119644.36,2026-07-03T23:00:44Z,40.772713,-73.858444,303.8,a1acdb,N207JQ,E75L,EMBRAER ERJ-170-200 (long wing),0
landing,LGA,22,1783119644.37,2026-07-03T23:00:44Z,40.776649,-73.87796,210.9,a2000d,N228PQ,CRJ9,BOMBARDIER Regional Jet CRJ-900,0
landing,JFK,22L,1783119714.33,2026-07-03T23:01:54Z,40.633976,-73.763687,210.9,4ca5c7,EI-DUZ,A333,AIRBUS A-330-300,0
takeoff,JFK,22R,1783119739.55,2026-07-03T23:02:19Z,40.645844,-73.766968,210.9,a3a647,N334SM,B38M,BOEING 737 MAX 8,0
takeoff,JFK,22R,1783119782.87,2026-07-03T23:03:02Z,40.649228,-73.764329,210.9,a1fbd9,N227JQ,E75L,EMBRAER ERJ-170-200 (long wing),0
takeoff,LGA,31,1783119791.52,2026-07-03T23:03:11Z,40.772265,-73.85751,300.9,ac1951,N879RW,E170,EMBRAER ERJ-170-100,0
landing,LGA,22,1783119805.77,2026-07-03T23:03:25Z,40.771916,-73.881902,213.8,abdc96,N86316,E75L,EMBRAER ERJ-170-200 (long wing),0
landing,JFK,22L,1783119821.13,2026-07-03T23:03:41Z,40.634296,-73.763443,210.9,a5124c,N426DZ,A339,AIRBUS A-330-900,0
takeoff,JFK,22R,1783119849.99,2026-07-03T23:04:09Z,40.646004,-73.766889,210.9,aaef60,N8030F,A319,AIRBUS A-319,0
takeoff,JFK,22R,1783119903.08,2026-07-03T23:05:03Z,40.646313,-73.766617,210.9,acaf0b,N916XJ,CRJ9,BOMBARDIER Regional Jet CRJ-900,0
landing,JFK,22L,1783119948.29,2026-07-03T23:05:48Z,40.635111,-73.7628,210.9,840df8,JA03WJ,A35K,AIRBUS A-350-1000,0
takeoff,LGA,31,1783119959.78,2026-07-03T23:05:59Z,40.772507,-73.858032,303.8,a1f46b,N225JQ,E75L,EMBRAER ERJ-170-200 (long wing),0
takeoff,JFK,22R,1783119975.3,2026-07-03T23:06:15Z,40.646505,-73.766483,210.9,3965a3,F-GZND,B77W,BOEING 777-300ER,0
landing,JFK,22L,1783120048.1,2026-07-03T23:07:28Z,40.635239,-73.762706,210.9,a52ea4,N433DX,A339,AIRBUS A-330-900,0
landing,LGA,22,1783120055.94,2026-07-03T23:07:35Z,40.777468,-73.877283,213.8,a41090,N361FR,A20N,AIRBUS A-320neo,0
takeoff,LGA,31,1783120076.43,2026-07-03T23:07:56Z,40.774075,-73.861313,300.9,a320a6,N300PQ,CRJ9,BOMBARDIER Regional Jet CRJ-900,0
takeoff,JFK,22R,1783120098.34,2026-07-03T23:08:18Z,40.64647,-73.766483,210.9,a0f4b5,N1605,B763,BOEING 767-300,0
landing,JFK,22L,1783120180.71,2026-07-03T23:09:40Z,40.63401,-73.763657,210.9,ab4eeb,N828DN,B739,BOEING 737-900,0
takeoff,JFK,22R,1783120186.28,2026-07-03T23:09:46Z,40.644933,-73.7677,210.9,a35c97,N3156J,BCS3,AIRBUS A220-300,0
takeoff,LGA,31,1783120236.15,2026-07-03T23:10:36Z,40.772301,-73.85759,300.9,a4c8de,N407YX,E75L,EMBRAER ERJ-170-200 (long wing),0
takeoff,JFK,22R,1783120243.39,2026-07-03T23:10:43Z,40.64566,-73.76712,210.9,a13af4,N179DN,B763,BOEING 767-300,0
landing,LGA,22,1783120245.63,2026-07-03T23:10:45Z,40.774956,-73.879349,213.8,a1ecfd,N223JQ,E75L,EMBRAER ERJ-170-200 (long wing),0
landing,JFK,22L,1783120290.38,2026-07-03T23:11:30Z,40.634029,-73.763658,213.8,a4b294,N401YX,E75L,EMBRAER ERJ-170-200 (long wing),0
takeoff,JFK,22R,1783120296.4,2026-07-03T23:11:36Z,40.646942,-73.766129,210.9,406948,G-STBH,B77W,BOEING 777-300ER,0
landing,JFK,22L,1783120353.39,2026-07-03T23:12:33Z,40.635867,-73.762191,210.9,a9a901,N721TW,B752,BOEING 757-200,0
landing,LGA,22,1783120370.62,2026-07-03T23:12:50Z,40.777619,-73.877127,213.8,a3e011,N349PQ,CRJ9,BOMBARDIER Regional Jet CRJ-900,0
takeoff,LGA,31,1783120415.89,2026-07-03T23:13:35Z,40.772638,-73.858291,300.9,a537ed,N435YX,E75L,EMBRAER ERJ-170-200 (long wing),0
takeoff,JFK,22R,1783120425.21,2026-07-03T23:13:45Z,40.646086,-73.766779,210.9,a3915a,N329SL,B38M,BOEING 737 MAX 8,0
landing,JFK,22L,1783120429.64,2026-07-03T23:13:49Z,40.634669,-73.763143,209.6,02013d,CN-RGX,B789,BOEING 787-9 Dreamliner,0
takeoff,JFK,22R,1783120469.83,2026-07-03T23:14:29Z,40.649239,-73.764329,210.9,a01805,N105HQ,E75L,EMBRAER ERJ-170-200 (long wing),0
takeoff,LGA,31,1783120510.85,2026-07-03T23:15:10Z,40.772789,-73.858603,300.9,abb624,N8539V,B738,BOEING 737-800,0
landing,JFK,22L,1783120557.64,2026-07-03T23:15:57Z,40.634343,-73.763409,210.9,a8021b,N615JB,A320,AIRBUS A-320,0
takeoff,LGA,31,1783120588.72,2026-07-03T23:16:28Z,40.772836,-73.858712,300.9,ac31a1,N885NN,B738,BOEING 737-800,0
landing,JFK,22R,1783120611.55,2026-07-03T23:16:51Z,40.633747,-73.776443,210.9,a5e9f4,N480PX,CRJ9,BOMBARDIER Regional Jet CRJ-900,0
takeoff,LGA,31,1783120650.48,2026-07-03T23:17:30Z,40.772472,-73.857925,300.9,c05f04,C-GJZN,DH8D,DE HAVILLAND DHC-8-400 Dash 8,0
landing,JFK,22L,1783120657.29,2026-07-03T23:17:37Z,40.633935,-73.763721,210.9,8963f4,A6-EOW,A388,AIRBUS A-380-800,0
landing,JFK,22R,1783120730.87,2026-07-03T23:18:50Z,40.630817,-73.778732,210.9,a3c662,N342SX,B38M,BOEING 737 MAX 8,0
landing,LGA,22,1783120756.42,2026-07-03T23:19:16Z,40.775116,-73.879196,213.8,ab3d17,N823MD,E170,EMBRAER ERJ-170-100,0
takeoff,LGA,31,1783120756.95,2026-07-03T23:19:16Z,40.772789,-73.858603,300.9,ab1d06,N815MD,E170,EMBRAER ERJ-170-100,0
landing,JFK,22L,1783120778.84,2026-07-03T23:19:38Z,40.635429,-73.762527,210.9,40621b,G-STBA,B77W,BOEING 777-300ER,0
takeoff,JFK,22R,1783120793.8,2026-07-03T23:19:53Z,40.645248,-73.767456,210.9,a145b7,N181PQ,CRJ9,BOMBARDIER Regional Jet CRJ-900,0
takeoff,JFK,22R,1783120853.93,2026-07-03T23:20:53Z,40.64621,-73.766693,210.9,abba43,N855DN,B739,BOEING 737-900,0
landing,JFK,22L,1783120886.75,2026-07-03T23:21:26Z,40.631957,-73.765266,210.9,71bc23,HL7423,B744,BOEING 747-400,0
landing,LGA,22,1783120938.12,2026-07-03T23:22:18Z,40.778166,-73.876705,213.8,a3411f,N309DU,BCS3,AIRBUS A220-300,0
landing,JFK,22R,1783120956.34,2026-07-03T23:22:36Z,40.633679,-73.776486,210.9,49526d,CS-TSM,A20N,AIRBUS A-320neo,0
landing,JFK,22L,1783121010.62,2026-07-03T23:23:30Z,40.636276,-73.761887,210.9,a8b8ba,N661JB,A320,AIRBUS A-320,0
takeoff,JFK,22R,1783121076.76,2026-07-03T23:24:36Z,40.645876,-73.766967,210.9,a17b16,N195DN,B763,BOEING 767-300,0
landing,JFK,22L,1783121104.76,2026-07-03T23:25:04Z,40.634855,-73.763003,210.9,a01112,N103NN,A321,AIRBUS A-321,0
takeoff,JFK,22R,1783121137.1,2026-07-03T23:25:37Z,40.645178,-73.767497,210.9,408120,G-VEYR,A339,AIRBUS A-330-900,0
landing,LGA,22,1783121141.37,2026-07-03T23:25:41Z,40.775013,-73.879288,213.8,a4d65c,N410YX,E75L,EMBRAER ERJ-170-200 (long wing),0
landing,JFK,22L,1783121189.33,2026-07-03T23:26:29Z,40.634529,-73.763284,210.9,aa6ccb,N771AN,B772,BOEING 777-200,0
landing,LGA,22,1783121189.76,2026-07-03T23:26:29Z,40.775035,-73.87928,213.8,abc455,N8574Z,B738,BOEING 737-800,0
takeoff,JFK,22R,1783121238.58,2026-07-03T23:27:18Z,40.645844,-73.766998,210.9,ade9c0,N996JL,A321,AIRBUS A-321,0
landing,LGA,22,1783121273.52,2026-07-03T23:27:53Z,40.775883,-73.878586,208.1,a15795,N186GJ,CRJ9,BOMBARDIER Regional Jet CRJ-900,0
takeoff,JFK,22R,1783121326.13,2026-07-03T23:28:46Z,40.645667,-73.767138,210.9,aa28f2,N754AN,B772,BOEING 777-200,0
landing,JFK,22L,1783121342.85,2026-07-03T23:29:02Z,40.630497,-73.766647,225.0,a20957,N230JQ,E75L,EMBRAER ERJ-170-200 (long wing),0
landing,LGA,22,1783121367.21,2026-07-03T23:29:27Z,40.776257,-73.878281,210.9,a7c849,N600LR,CRJ9,BOMBARDIER Regional Jet CRJ-900,0
landing,JFK,22L,1783121406.63,2026-07-03T23:30:06Z,40.634052,-73.763643,210.9,3f7dc1,15+01,A319,AIRBUS A-319,1
landing,LGA,22,1783121453.15,2026-07-03T23:30:53Z,40.777805,-73.877002,208.1,a8f235,N676CA,CRJ9,BOMBARDIER Regional Jet CRJ-900,0
landing,JFK,22L,1783121487.8,2026-07-03T23:31:27Z,40.63345,-73.764114,210.9,4952b3,CS-TUS,A339,AIRBUS A-330-900,0
takeoff,JFK,22R,1783121514.18,2026-07-03T23:31:54Z,40.645168,-73.767532,210.9,346045,EC-MYA,A332,AIRBUS A-330-200,0
takeoff,LGA,31,1783121538.79,2026-07-03T23:32:18Z,40.772827,-73.858688,300.9,ab38a1,N822DN,B739,BOEING 737-900,0
landing,LGA,22,1783121548.22,2026-07-03T23:32:28Z,40.773399,-73.880692,213.8,a4f414,N418YX,E75L,EMBRAER ERJ-170-200 (long wing),0
landing,LGA,22,1783121618.43,2026-07-03T23:33:38Z,40.778736,-73.876253,213.8,a66239,N510JB,A320,AIRBUS A-320,0
takeoff,JFK,22R,1783121620.84,2026-07-03T23:33:40Z,40.645667,-73.767123,210.9,ad10e9,N941AK,B39M,BOEING 737 MAX 9,0
landing,JFK,22L,1783121639.24,2026-07-03T23:33:59Z,40.636833,-73.761442,210.9,a3556f,N3138J,BCS3,AIRBUS A220-300,0
takeoff,JFK,22R,1783121668.57,2026-07-03T23:34:28Z,40.6469,-73.766171,210.9,ac7c67,N903XJ,CRJ9,BOMBARDIER Regional Jet CRJ-900,0
takeoff,LGA,31,1783121702.66,2026-07-03T23:35:02Z,40.77261,-73.858231,300.9,a866c7,N640RW,E170,EMBRAER ERJ-170-100,0
landing,LGA,22,1783121702.89,2026-07-03T23:35:02Z,40.775745,-73.878703,210.9,ab282b,N818MD,E170,EMBRAER ERJ-170-100,0
landing,JFK,22L,1783121732.74,2026-07-03T23:35:32Z,40.636517,-73.761749,210.9,a7a956,N593JB,A320,AIRBUS A-320,0
takeoff,JFK,22R,1783121744.3,2026-07-03T23:35:44Z,40.644585,-73.76799,210.9,478d42,LN-RKR,A333,AIRBUS A-330-300,0
takeoff,LGA,31,1783121791.26,2026-07-03T23:36:31Z,40.772789,-73.858587,300.9,c00700,C-FCQX,A320,AIRBUS A-320,0
landing,LGA,22,1783121796.21,2026-07-03T23:36:36Z,40.775082,-73.879211,213.8,abc2e5,N857RW,E170,EMBRAER ERJ-170-100,0
takeoff,JFK,22R,1783121866.91,2026-07-03T23:37:46Z,40.645981,-73.766876,210.9,ab129a,N812UP,B38M,BOEING 737 MAX 8,0
landing,LGA,22,1783121871.04,2026-07-03T23:37:51Z,40.776077,-73.878433,213.8,ac8efa,N908XJ,CRJ9,BOMBARDIER Regional Jet CRJ-900,0
landing,JFK,22L,1783121915.48,2026-07-03T23:38:35Z,40.63504,-73.762863,210.9,a34d98,N3115J,BCS3,AIRBUS A220-300,0
takeoff,JFK,22R,1783121935.34,2026-07-03T23:38:55Z,40.645655,-73.767123,210.9,400774,G-VIIW,B772,BOEING 777-200,0
landing,LGA,22,1783121961.84,2026-07-03T23:39:21Z,40.774967,-73.879318,210.9,a4e8ef,N415YX,E75L,EMBRAER ERJ-170-200 (long wing),0
landing,JFK,22L,1783122020.31,2026-07-03T23:40:20Z,40.63631,-73.761848,210.9,a1a0a1,N2038J,A21N,AIRBUS A-321neo,0
takeoff,JFK,22R,1783122040.38,2026-07-03T23:40:40Z,40.644875,-73.767731,210.9,a36b50,N3195J,BCS3,,0
landing,LGA,22,1783122041.81,2026-07-03T23:40:41Z,40.77562,-73.878784,210.9,a8a490,N656RW,E170,EMBRAER ERJ-170-100,0
landing,LGA,22,1783122105.27,2026-07-03T23:41:45Z,40.774977,-73.879327,210.9,abe2f6,N865RW,E170,EMBRAER ERJ-170-100,0
takeoff,JFK,22R,1783122110.45,2026-07-03T23:41:50Z,40.645969,-73.766889,210.9,acb679,N918XJ,CRJ9,BOMBARDIER Regional Jet CRJ-900,0
landing,LGA,22,1783122183.12,2026-07-03T23:43:03Z,40.775082,-73.879249,213.8,abdf3f,N864RW,E170,EMBRAER ERJ-170-100,0
takeoff,JFK,22R,1783122190.21,2026-07-03T23:43:10Z,40.643085,-73.76918,210.9,abca08,N859NW,A332,AIRBUS A-330-200,0
landing,LGA,22,1783122248.11,2026-07-03T23:44:08Z,40.775047,-73.879303,210.9,aaea84,N802NN,B738,BOEING 737-800,0
takeoff,LGA,31,1783122269.9,2026-07-03T23:44:29Z,40.772827,-73.858688,300.9,ab20df,N816NN,B738,BOEING 737-800,0
landing,JFK,22L,1783122280.95,2026-07-03T23:44:40Z,40.635914,-73.762176,210.9,a02c91,N110DU,BCS1,AIRBUS A220-100,0
takeoff,LGA,31,1783122351.93,2026-07-03T23:45:51Z,40.772638,-73.858275,300.9,a0669d,N125DN,A321,AIRBUS A-321,0
landing,LGA,22,1783122352.32,2026-07-03T23:45:52Z,40.774919,-73.879358,213.8,a4bdb9,N404YX,E75L,EMBRAER ERJ-170-200 (long wing),0
takeoff,JFK,22R,1783122369.58,2026-07-03T23:46:09Z,40.645632,-73.767154,209.6,aba155,N849AN,B789,BOEING 787-9 Dreamliner,0
landing,JFK,22L,1783122402.17,2026-07-03T23:46:42Z,40.63583,-73.762268,210.9,a7167f,N556JB,A320,AIRBUS A-320,0
landing,LGA,22,1783122422.69,2026-07-03T23:47:02Z,40.775059,-73.879264,210.9,a4cc95,N408YX,E75L,EMBRAER ERJ-170-200 (long wing),0
takeoff,LGA,31,1783122430.82,2026-07-03T23:47:10Z,40.772461,-73.85791,300.9,a4ddca,N412YX,E75L,EMBRAER ERJ-170-200 (long wing),0
takeoff,JFK,22R,1783122496.18,2026-07-03T23:48:16Z,40.645935,-73.766922,213.8,a61173,N490PX,CRJ9,BOMBARDIER Regional Jet CRJ-900,0
landing,JFK,22L,1783122499.92,2026-07-03T23:48:19Z,40.634892,-73.762985,210.9,ac791d,N9021H,A319,AIRBUS A-319,0
takeoff,LGA,31,1783122529.23,2026-07-03T23:48:49Z,40.772484,-73.857971,300.9,ada699,N979RP,E170,EMBRAER ERJ-170-100,0
takeoff,JFK,22R,1783122554.02,2026-07-03T23:49:14Z,40.645294,-73.76741,210.9,a3183d,N299PQ,CRJ9,BOMBARDIER Regional Jet CRJ-900,0
landing,JFK,22L,1783122650.39,2026-07-03T23:50:50Z,40.633621,-73.763947,210.9,ad846f,N970JB,A321,AIRBUS A-321,0
takeoff,JFK,22R,1783122665.37,2026-07-03T23:51:05Z,40.645168,-73.767532,210.9,ab4fd4,N828NW,A333,AIRBUS A-330-300,0
takeoff,LGA,31,1783122695.42,2026-07-03T23:51:35Z,40.772484,-73.857986,300.9,a06a54,N126DN,A321,AIRBUS A-321,0
landing,LGA,22,1783122720.38,2026-07-03T23:52:00Z,40.773502,-73.87999,171.6,abbb77,N855RW,E170,EMBRAER ERJ-170-100,0
takeoff,LGA,31,1783122771.61,2026-07-03T23:52:51Z,40.772484,-73.858002,303.8,ace7bf,N930XJ,CRJ9,BOMBARDIER Regional Jet CRJ-900,0
takeoff,JFK,22R,1783122785.07,2026-07-03T23:53:05Z,40.646049,-73.766846,210.9,a35e66,N316PF,B738,BOEING 737-800,0
landing,JFK,22L,1783122825.96,2026-07-03T23:53:45Z,40.633354,-73.764158,210.9,ab53e4,N829SK,CRJ9,BOMBARDIER Regional Jet CRJ-900,0
takeoff,JFK,22R,1783122860.73,2026-07-03T23:54:20Z,40.643875,-73.768524,210.9,ab5365,N829MH,B764,BOEING 767-400,0
landing,LGA,22,1783122863.62,2026-07-03T23:54:23Z,40.777657,-73.877136,210.9,a336f0,N306PQ,CRJ9,BOMBARDIER Regional Jet CRJ-900,0
landing,LGA,22,1783122952.38,2026-07-03T23:55:52Z,40.774693,-73.879593,213.8,ac7b8a,N903NN,B738,BOEING 737-800,0
takeoff,LGA,31,1783122957.7,2026-07-03T23:55:57Z,40.77269,-73.858444,300.9,a44a6d,N376DN,A321,AIRBUS A-321,0
landing,JFK,22R,1783122993.48,2026-07-03T23:56:33Z,40.633226,-73.776845,210.9,a37fd3,N3242J,BCS3,,0
landing,JFK,22L,1783123030.52,2026-07-03T23:57:10Z,40.634079,-73.763596,210.9,a39338,N3298J,,,0
takeoff,LGA,31,1783123052.24,2026-07-03T23:57:32Z,40.77277,-73.858597,300.9,a359c2,N315DU,BCS3,AIRBUS A220-300,0
takeoff,JFK,22R,1783123067.38,2026-07-03T23:57:47Z,40.646965,-73.766113,210.9,4851b3,PH-BVP,B77W,BOEING 777-300ER,0
landing,JFK,22L,1783123179.21,2026-07-03T23:59:39Z,40.635856,-73.762191,210.9,a732d9,N563JB,A320,AIRBUS A-320,0
